codpro,prod,tipo,cantidad,unidades,total,fecdoc,sucursal,mes,estacion
110128,AMOXICILINA 500MG CAP. CJAX100UND,MS PHARMA,0.0,20.0,5.6,2026-01-11 16:55:39,6,1,Verano
110128,AMOXICILINA 500MG CAP. CJAX100UND,MS PHARMA,0.0,20.0,5.6,2026-01-13 13:00:58,6,1,Verano
110128,AMOXICILINA 500MG CAP. CJAX100UND,MS PHARMA,0.0,10.0,2.8,2026-01-13 17:50:19,6,1,Verano
110128,AMOXICILINA 500MG CAP. CJAX100UND,MS PHARMA,0.0,20.0,5.6,2026-01-14 13:57:18,2,1,Verano
110128,AMOXICILINA 500MG CAP. CJAX100UND,MS PHARMA,0.0,10.0,2.8,2026-01-14 21:35:13,6,1,Verano
110128,AMOXICILINA 500MG CAP. CJAX100UND,MS PHARMA,0.0,20.0,5.6,2026-01-15 07:42:05,9,1,Verano
110128,AMOXICILINA 500MG CAP. CJAX100UND,MS PHARMA,0.0,10.0,2.8,2026-01-15 08:58:59,6,1,Verano
110128,AMOXICILINA 500MG CAP. CJAX100UND,MS PHARMA,0.0,10.0,2.8,2026-01-15 19:33:22,8,1,Verano
110128,AMOXICILINA 500MG CAP. CJAX100UND,MS PHARMA,0.0,10.0,2.8,2026-01-15 21:58:19,4,1,Verano
110128,AMOXICILINA 500MG CAP. CJAX100UND,MS PHARMA,0.0,-10.0,-2.8,2026-01-15 22:06:27,4,1,Verano
110128,AMOXICILINA 500MG CAP. CJAX100UND,MS PHARMA,0.0,2.0,0.56,2026-01-16 16:01:18,4,1,Verano
110128,AMOXICILINA 500MG CAP. CJAX100UND,MS PHARMA,0.0,10.0,2.8,2026-01-16 19:47:36,6,1,Verano
110128,AMOXICILINA 500MG CAP. CJAX100UND,MS PHARMA,0.0,10.0,2.8,2026-01-16 20:11:23,4,1,Verano
110128,AMOXICILINA 500MG CAP. CJAX100UND,MS PHARMA,0.0,10.0,2.8,2026-01-17 18:02:13,11,1,Verano
110128,AMOXICILINA 500MG CAP. CJAX100UND,MS PHARMA,0.0,10.0,2.8,2026-01-17 20:36:22,11,1,Verano
110128,AMOXICILINA 500MG CAP. CJAX100UND,MS PHARMA,0.0,10.0,2.8,2026-01-17 21:05:26,16,1,Verano
110128,AMOXICILINA 500MG CAP. CJAX100UND,MS PHARMA,0.0,10.0,2.8,2026-01-18 08:36:24,5,1,Verano
110128,AMOXICILINA 500MG CAP. CJAX100UND,MS PHARMA,0.0,30.0,8.4,2026-01-18 10:17:59,1,1,Verano
110128,AMOXICILINA 500MG CAP. CJAX100UND,MS PHARMA,0.0,10.0,2.8,2026-01-18 10:37:28,11,1,Verano
110128,AMOXICILINA 500MG CAP. CJAX100UND,MS PHARMA,0.0,40.0,11.2,2026-01-18 11:44:54,11,1,Verano
110128,AMOXICILINA 500MG CAP. CJAX100UND,MS PHARMA,0.0,10.0,2.8,2026-01-18 19:17:31,2,1,Verano
110128,AMOXICILINA 500MG CAP. CJAX100UND,MS PHARMA,0.0,20.0,5.6,2026-01-18 21:02:11,4,1,Verano
110128,AMOXICILINA 500MG CAP. CJAX100UND,MS PHARMA,0.0,10.0,2.8,2026-01-19 09:00:21,4,1,Verano
110128,AMOXICILINA 500MG CAP. CJAX100UND,MS PHARMA,0.0,20.0,5.6,2026-01-19 11:42:43,8,1,Verano
110128,AMOXICILINA 500MG CAP. CJAX100UND,MS PHARMA,0.0,20.0,5.6,2026-01-19 20:01:56,8,1,Verano
110128,AMOXICILINA 500MG CAP. CJAX100UND,MS PHARMA,0.0,10.0,2.8,2026-01-19 20:03:34,8,1,Verano
110128,AMOXICILINA 500MG CAP. CJAX100UND,MS PHARMA,0.0,10.0,2.8,2026-01-19 20:52:20,2,1,Verano
110128,AMOXICILINA 500MG CAP. CJAX100UND,MS PHARMA,0.0,10.0,2.8,2026-01-19 20:54:05,16,1,Verano
110128,AMOXICILINA 500MG CAP. CJAX100UND,MS PHARMA,0.0,9.0,2.52,2026-01-20 16:53:28,4,1,Verano
110128,AMOXICILINA 500MG CAP. CJAX100UND,MS PHARMA,0.0,2.0,0.56,2026-01-20 19:09:31,2,1,Verano
110128,AMOXICILINA 500MG CAP. CJAX100UND,MS PHARMA,0.0,10.0,2.8,2026-01-20 19:32:06,11,1,Verano
110128,AMOXICILINA 500MG CAP. CJAX100UND,MS PHARMA,0.0,10.0,2.8,2026-01-20 20:47:12,1,1,Verano
110128,AMOXICILINA 500MG CAP. CJAX100UND,MS PHARMA,0.0,10.0,2.66,2026-01-20 20:56:46,6,1,Verano
110128,AMOXICILINA 500MG CAP. CJAX100UND,MS PHARMA,0.0,10.0,2.8,2026-01-20 21:04:58,1,1,Verano
110128,AMOXICILINA 500MG CAP. CJAX100UND,MS PHARMA,0.0,10.0,2.8,2026-01-21 09:34:51,5,1,Verano
110128,AMOXICILINA 500MG CAP. CJAX100UND,MS PHARMA,0.0,10.0,2.8,2026-01-21 16:19:24,1,1,Verano
110128,AMOXICILINA 500MG CAP. CJAX100UND,MS PHARMA,0.0,10.0,2.8,2026-01-21 18:50:12,9,1,Verano
110128,AMOXICILINA 500MG CAP. CJAX100UND,MS PHARMA,0.0,10.0,2.8,2026-01-21 20:50:45,4,1,Verano
110128,AMOXICILINA 500MG CAP. CJAX100UND,MS PHARMA,0.0,10.0,2.8,2026-01-21 21:36:06,6,1,Verano
110128,AMOXICILINA 500MG CAP. CJAX100UND,MS PHARMA,0.0,10.0,2.8,2026-01-22 07:41:29,13,1,Verano
110128,AMOXICILINA 500MG CAP. CJAX100UND,MS PHARMA,0.0,20.0,5.6,2026-01-22 08:15:14,4,1,Verano
110128,AMOXICILINA 500MG CAP. CJAX100UND,MS PHARMA,0.0,10.0,2.8,2026-01-22 11:50:21,18,1,Verano
110128,AMOXICILINA 500MG CAP. CJAX100UND,MS PHARMA,0.0,1.0,0.28,2026-01-22 13:08:30,12,1,Verano
110128,AMOXICILINA 500MG CAP. CJAX100UND,MS PHARMA,0.0,10.0,2.8,2026-01-22 17:47:45,5,1,Verano
110128,AMOXICILINA 500MG CAP. CJAX100UND,MS PHARMA,0.0,10.0,2.8,2026-01-22 19:00:26,2,1,Verano
110128,AMOXICILINA 500MG CAP. CJAX100UND,MS PHARMA,0.0,10.0,2.8,2026-01-22 19:15:18,11,1,Verano
110128,AMOXICILINA 500MG CAP. CJAX100UND,MS PHARMA,0.0,10.0,2.8,2026-01-22 21:44:33,2,1,Verano
110128,AMOXICILINA 500MG CAP. CJAX100UND,MS PHARMA,0.0,10.0,2.8,2026-01-23 07:49:58,15,1,Verano
110128,AMOXICILINA 500MG CAP. CJAX100UND,MS PHARMA,0.0,20.0,5.6,2026-01-23 12:21:29,1,1,Verano
110128,AMOXICILINA 500MG CAP. CJAX100UND,MS PHARMA,0.0,10.0,2.8,2026-01-23 12:31:39,9,1,Verano
110128,AMOXICILINA 500MG CAP. CJAX100UND,MS PHARMA,0.0,10.0,2.8,2026-01-23 12:37:08,5,1,Verano
110128,AMOXICILINA 500MG CAP. CJAX100UND,MS PHARMA,0.0,15.0,4.2,2026-01-23 12:50:22,9,1,Verano
110128,AMOXICILINA 500MG CAP. CJAX100UND,MS PHARMA,0.0,10.0,2.8,2026-01-23 12:54:35,18,1,Verano
110128,AMOXICILINA 500MG CAP. CJAX100UND,MS PHARMA,0.0,10.0,2.8,2026-01-23 20:07:28,8,1,Verano
110128,AMOXICILINA 500MG CAP. CJAX100UND,MS PHARMA,0.0,10.0,2.8,2026-01-23 20:16:36,13,1,Verano
110128,AMOXICILINA 500MG CAP. CJAX100UND,MS PHARMA,0.0,10.0,2.8,2026-01-23 20:31:05,13,1,Verano
110128,AMOXICILINA 500MG CAP. CJAX100UND,MS PHARMA,0.0,10.0,2.8,2026-01-23 20:34:01,12,1,Verano
110128,AMOXICILINA 500MG CAP. CJAX100UND,MS PHARMA,0.0,15.0,4.2,2026-01-24 08:38:11,11,1,Verano
110128,AMOXICILINA 500MG CAP. CJAX100UND,MS PHARMA,0.0,10.0,2.8,2026-01-24 10:41:52,13,1,Verano
110128,AMOXICILINA 500MG CAP. CJAX100UND,MS PHARMA,0.0,10.0,2.8,2026-01-24 10:44:32,12,1,Verano
110128,AMOXICILINA 500MG CAP. CJAX100UND,MS PHARMA,0.0,20.0,5.6,2026-01-24 12:50:58,1,1,Verano
110128,AMOXICILINA 500MG CAP. CJAX100UND,MS PHARMA,0.0,10.0,2.8,2026-01-24 16:33:28,1,1,Verano
110128,AMOXICILINA 500MG CAP. CJAX100UND,MS PHARMA,0.0,10.0,2.8,2026-01-24 17:15:36,1,1,Verano
110128,AMOXICILINA 500MG CAP. CJAX100UND,MS PHARMA,0.0,10.0,2.8,2026-01-24 18:20:47,12,1,Verano
110128,AMOXICILINA 500MG CAP. CJAX100UND,MS PHARMA,0.0,10.0,2.8,2026-01-24 18:55:19,9,1,Verano
110128,AMOXICILINA 500MG CAP. CJAX100UND,MS PHARMA,0.0,10.0,2.8,2026-01-24 18:56:12,2,1,Verano
110128,AMOXICILINA 500MG CAP. CJAX100UND,MS PHARMA,0.0,10.0,2.8,2026-01-25 16:35:06,7,1,Verano
110128,AMOXICILINA 500MG CAP. CJAX100UND,MS PHARMA,0.0,10.0,2.8,2026-01-25 19:31:44,6,1,Verano
110128,AMOXICILINA 500MG CAP. CJAX100UND,MS PHARMA,0.0,10.0,2.8,2026-01-25 20:38:33,1,1,Verano
110128,AMOXICILINA 500MG CAP. CJAX100UND,MS PHARMA,0.0,10.0,2.8,2026-01-26 07:29:10,13,1,Verano
110128,AMOXICILINA 500MG CAP. CJAX100UND,MS PHARMA,0.0,10.0,2.8,2026-01-26 08:07:03,9,1,Verano
110128,AMOXICILINA 500MG CAP. CJAX100UND,MS PHARMA,0.0,10.0,2.8,2026-01-26 11:14:14,1,1,Verano
110128,AMOXICILINA 500MG CAP. CJAX100UND,MS PHARMA,0.0,20.0,5.6,2026-01-26 13:55:09,11,1,Verano
110128,AMOXICILINA 500MG CAP. CJAX100UND,MS PHARMA,0.0,10.0,2.8,2026-01-26 16:49:41,9,1,Verano
110128,AMOXICILINA 500MG CAP. CJAX100UND,MS PHARMA,0.0,7.0,1.96,2026-01-26 16:51:24,1,1,Verano
110128,AMOXICILINA 500MG CAP. CJAX100UND,MS PHARMA,0.0,3.0,0.84,2026-01-26 17:04:35,2,1,Verano
110128,AMOXICILINA 500MG CAP. CJAX100UND,MS PHARMA,0.0,10.0,2.8,2026-01-26 17:52:13,18,1,Verano
110128,AMOXICILINA 500MG CAP. CJAX100UND,MS PHARMA,0.0,10.0,2.8,2026-01-26 19:56:29,17,1,Verano
110128,AMOXICILINA 500MG CAP. CJAX100UND,MS PHARMA,0.0,10.0,2.8,2026-01-27 09:11:43,3,1,Verano
110128,AMOXICILINA 500MG CAP. CJAX100UND,MS PHARMA,0.0,20.0,5.6,2026-01-27 09:20:54,8,1,Verano
110128,AMOXICILINA 500MG CAP. CJAX100UND,MS PHARMA,0.0,10.0,2.8,2026-01-27 10:08:55,8,1,Verano
110128,AMOXICILINA 500MG CAP. CJAX100UND,MS PHARMA,0.0,10.0,2.8,2026-01-27 10:19:52,13,1,Verano
110128,AMOXICILINA 500MG CAP. CJAX100UND,MS PHARMA,0.0,10.0,2.8,2026-01-27 12:15:37,6,1,Verano
110128,AMOXICILINA 500MG CAP. CJAX100UND,MS PHARMA,0.0,10.0,2.8,2026-01-27 12:48:15,4,1,Verano
110128,AMOXICILINA 500MG CAP. CJAX100UND,MS PHARMA,0.0,10.0,2.8,2026-01-27 16:00:03,2,1,Verano
110128,AMOXICILINA 500MG CAP. CJAX100UND,MS PHARMA,0.0,20.0,5.6,2026-01-27 16:48:31,13,1,Verano
110128,AMOXICILINA 500MG CAP. CJAX100UND,MS PHARMA,0.0,20.0,5.6,2026-01-27 17:30:40,1,1,Verano
110128,AMOXICILINA 500MG CAP. CJAX100UND,MS PHARMA,0.0,10.0,2.8,2026-01-27 18:23:02,8,1,Verano
110128,AMOXICILINA 500MG CAP. CJAX100UND,MS PHARMA,0.0,10.0,2.8,2026-01-27 20:06:56,12,1,Verano
110128,AMOXICILINA 500MG CAP. CJAX100UND,MS PHARMA,0.0,10.0,2.8,2026-01-27 20:19:35,9,1,Verano
110128,AMOXICILINA 500MG CAP. CJAX100UND,MS PHARMA,0.0,10.0,2.8,2026-01-27 20:24:54,1,1,Verano
110128,AMOXICILINA 500MG CAP. CJAX100UND,MS PHARMA,0.0,10.0,2.66,2026-01-27 21:19:38,1,1,Verano
110128,AMOXICILINA 500MG CAP. CJAX100UND,MS PHARMA,0.0,10.0,2.8,2026-01-27 21:56:28,7,1,Verano
110128,AMOXICILINA 500MG CAP. CJAX100UND,MS PHARMA,0.0,10.0,2.8,2026-01-28 11:54:07,18,1,Verano
110128,AMOXICILINA 500MG CAP. CJAX100UND,MS PHARMA,0.0,10.0,2.8,2026-01-28 16:23:36,8,1,Verano
110128,AMOXICILINA 500MG CAP. CJAX100UND,MS PHARMA,0.0,10.0,2.8,2026-01-28 16:58:17,5,1,Verano
110128,AMOXICILINA 500MG CAP. CJAX100UND,MS PHARMA,0.0,40.0,11.2,2026-01-28 18:20:15,2,1,Verano
110128,AMOXICILINA 500MG CAP. CJAX100UND,MS PHARMA,0.0,10.0,2.8,2026-01-28 19:17:06,7,1,Verano
110128,AMOXICILINA 500MG CAP. CJAX100UND,MS PHARMA,0.0,8.0,2.24,2026-01-28 21:34:00,17,1,Verano
110128,AMOXICILINA 500MG CAP. CJAX100UND,MS PHARMA,0.0,10.0,2.8,2026-01-28 22:05:27,12,1,Verano
110128,AMOXICILINA 500MG CAP. CJAX100UND,MS PHARMA,0.0,10.0,2.8,2026-01-29 10:33:48,7,1,Verano
110128,AMOXICILINA 500MG CAP. CJAX100UND,MS PHARMA,0.0,10.0,2.8,2026-01-29 11:12:35,18,1,Verano
110128,AMOXICILINA 500MG CAP. CJAX100UND,MS PHARMA,0.0,10.0,2.8,2026-01-29 11:49:35,1,1,Verano
110128,AMOXICILINA 500MG CAP. CJAX100UND,MS PHARMA,0.0,10.0,2.8,2026-01-29 12:31:49,6,1,Verano
110128,AMOXICILINA 500MG CAP. CJAX100UND,MS PHARMA,0.0,5.0,1.4,2026-01-29 12:36:38,8,1,Verano
110128,AMOXICILINA 500MG CAP. CJAX100UND,MS PHARMA,0.0,10.0,2.8,2026-01-29 13:45:06,15,1,Verano
110128,AMOXICILINA 500MG CAP. CJAX100UND,MS PHARMA,0.0,10.0,2.8,2026-01-29 13:46:40,2,1,Verano
110128,AMOXICILINA 500MG CAP. CJAX100UND,MS PHARMA,0.0,20.0,5.6,2026-01-29 15:14:18,5,1,Verano
110128,AMOXICILINA 500MG CAP. CJAX100UND,MS PHARMA,0.0,20.0,5.6,2026-01-29 18:39:41,6,1,Verano
110128,AMOXICILINA 500MG CAP. CJAX100UND,MS PHARMA,0.0,10.0,2.8,2026-01-29 18:55:09,11,1,Verano
110128,AMOXICILINA 500MG CAP. CJAX100UND,MS PHARMA,0.0,10.0,2.8,2026-01-29 19:30:00,12,1,Verano
110128,AMOXICILINA 500MG CAP. CJAX100UND,MS PHARMA,0.0,10.0,2.8,2026-01-29 20:02:23,11,1,Verano
110128,AMOXICILINA 500MG CAP. CJAX100UND,MS PHARMA,0.0,20.0,5.6,2026-01-29 20:10:00,8,1,Verano
110128,AMOXICILINA 500MG CAP. CJAX100UND,MS PHARMA,0.0,10.0,2.8,2026-01-29 22:45:52,15,1,Verano
110128,AMOXICILINA 500MG CAP. CJAX100UND,MS PHARMA,0.0,10.0,2.8,2026-01-30 08:50:07,5,1,Verano
110128,AMOXICILINA 500MG CAP. CJAX100UND,MS PHARMA,0.0,10.0,2.8,2026-01-30 09:24:56,3,1,Verano
110128,AMOXICILINA 500MG CAP. CJAX100UND,MS PHARMA,0.0,10.0,2.8,2026-01-30 11:03:52,13,1,Verano
110128,AMOXICILINA 500MG CAP. CJAX100UND,MS PHARMA,0.0,10.0,2.8,2026-01-30 12:45:35,12,1,Verano
110128,AMOXICILINA 500MG CAP. CJAX100UND,MS PHARMA,0.0,-10.0,-2.8,2026-01-30 13:55:18,5,1,Verano
110128,AMOXICILINA 500MG CAP. CJAX100UND,MS PHARMA,0.0,10.0,2.8,2026-01-30 16:16:14,11,1,Verano
110128,AMOXICILINA 500MG CAP. CJAX100UND,MS PHARMA,0.0,10.0,2.8,2026-01-30 17:47:26,2,1,Verano
110128,AMOXICILINA 500MG CAP. CJAX100UND,MS PHARMA,0.0,10.0,2.8,2026-01-30 17:49:20,2,1,Verano
110128,AMOXICILINA 500MG CAP. CJAX100UND,MS PHARMA,0.0,10.0,2.8,2026-01-30 19:00:54,5,1,Verano
110128,AMOXICILINA 500MG CAP. CJAX100UND,MS PHARMA,0.0,10.0,2.8,2026-01-30 19:02:00,9,1,Verano
110128,AMOXICILINA 500MG CAP. CJAX100UND,MS PHARMA,0.0,10.0,2.8,2026-01-31 07:26:03,11,1,Verano
110128,AMOXICILINA 500MG CAP. CJAX100UND,MS PHARMA,0.0,10.0,2.8,2026-01-31 10:25:09,7,1,Verano
110128,AMOXICILINA 500MG CAP. CJAX100UND,MS PHARMA,0.0,10.0,2.8,2026-01-31 12:58:14,11,1,Verano
110128,AMOXICILINA 500MG CAP. CJAX100UND,MS PHARMA,0.0,15.0,4.2,2026-01-31 17:59:29,4,1,Verano
110128,AMOXICILINA 500MG CAP. CJAX100UND,MS PHARMA,0.0,10.0,2.8,2026-02-01 17:04:09,10,2,Verano
110128,AMOXICILINA 500MG CAP. CJAX100UND,MS PHARMA,0.0,20.0,5.6,2026-02-01 20:49:58,8,2,Verano
110128,AMOXICILINA 500MG CAP. CJAX100UND,MS PHARMA,0.0,2.0,0.56,2026-02-01 21:09:44,5,2,Verano
110128,AMOXICILINA 500MG CAP. CJAX100UND,MS PHARMA,0.0,10.0,2.8,2026-02-02 10:02:53,2,2,Verano
110128,AMOXICILINA 500MG CAP. CJAX100UND,MS PHARMA,0.0,20.0,5.6,2026-02-02 11:06:41,2,2,Verano
110128,AMOXICILINA 500MG CAP. CJAX100UND,MS PHARMA,0.0,10.0,2.8,2026-02-02 15:37:47,2,2,Verano
110128,AMOXICILINA 500MG CAP. CJAX100UND,MS PHARMA,0.0,7.0,1.96,2026-02-02 16:21:37,7,2,Verano
110128,AMOXICILINA 500MG CAP. CJAX100UND,MS PHARMA,0.0,3.0,0.84,2026-02-02 16:46:12,3,2,Verano
110128,AMOXICILINA 500MG CAP. CJAX100UND,MS PHARMA,0.0,10.0,2.8,2026-02-02 18:38:21,2,2,Verano
110128,AMOXICILINA 500MG CAP. CJAX100UND,MS PHARMA,0.0,5.0,1.4,2026-02-02 19:40:32,9,2,Verano
110128,AMOXICILINA 500MG CAP. CJAX100UND,MS PHARMA,0.0,10.0,2.8,2026-02-02 20:08:59,1,2,Verano
110128,AMOXICILINA 500MG CAP. CJAX100UND,MS PHARMA,0.0,10.0,2.8,2026-02-03 09:24:47,18,2,Verano
110128,AMOXICILINA 500MG CAP. CJAX100UND,MS PHARMA,0.0,10.0,2.8,2026-02-03 09:43:15,17,2,Verano
110128,AMOXICILINA 500MG CAP. CJAX100UND,MS PHARMA,0.0,10.0,2.8,2026-02-03 18:35:16,9,2,Verano
110128,AMOXICILINA 500MG CAP. CJAX100UND,MS PHARMA,0.0,20.0,5.6,2026-02-04 09:40:35,13,2,Verano
110128,AMOXICILINA 500MG CAP. CJAX100UND,MS PHARMA,0.0,10.0,2.8,2026-02-04 15:17:09,1,2,Verano
110128,AMOXICILINA 500MG CAP. CJAX100UND,MS PHARMA,0.0,10.0,2.8,2026-02-04 15:40:11,6,2,Verano
110128,AMOXICILINA 500MG CAP. CJAX100UND,MS PHARMA,0.0,20.0,5.6,2026-02-04 17:45:43,17,2,Verano
110128,AMOXICILINA 500MG CAP. CJAX100UND,MS PHARMA,0.0,-20.0,-5.6,2026-02-04 17:51:26,17,2,Verano
110128,AMOXICILINA 500MG CAP. CJAX100UND,MS PHARMA,0.0,20.0,5.6,2026-02-04 17:52:43,17,2,Verano
110128,AMOXICILINA 500MG CAP. CJAX100UND,MS PHARMA,0.0,10.0,2.8,2026-02-04 19:29:13,9,2,Verano
110128,AMOXICILINA 500MG CAP. CJAX100UND,MS PHARMA,0.0,10.0,2.8,2026-02-04 19:50:27,11,2,Verano
110128,AMOXICILINA 500MG CAP. CJAX100UND,MS PHARMA,0.0,10.0,2.8,2026-02-05 12:38:09,1,2,Verano
110128,AMOXICILINA 500MG CAP. CJAX100UND,MS PHARMA,0.0,10.0,2.8,2026-02-05 16:41:19,3,2,Verano
110128,AMOXICILINA 500MG CAP. CJAX100UND,MS PHARMA,0.0,10.0,2.8,2026-02-05 19:16:12,12,2,Verano
110128,AMOXICILINA 500MG CAP. CJAX100UND,MS PHARMA,0.0,10.0,2.8,2026-02-05 20:40:28,11,2,Verano
110128,AMOXICILINA 500MG CAP. CJAX100UND,MS PHARMA,0.0,10.0,2.8,2026-02-06 09:37:00,2,2,Verano
110128,AMOXICILINA 500MG CAP. CJAX100UND,MS PHARMA,0.0,10.0,2.8,2026-02-06 11:07:03,5,2,Verano
110128,AMOXICILINA 500MG CAP. CJAX100UND,MS PHARMA,0.0,10.0,2.8,2026-02-06 14:24:09,1,2,Verano
110128,AMOXICILINA 500MG CAP. CJAX100UND,MS PHARMA,0.0,10.0,2.8,2026-02-06 15:38:28,17,2,Verano
110128,AMOXICILINA 500MG CAP. CJAX100UND,MS PHARMA,0.0,10.0,2.8,2026-02-06 16:37:52,9,2,Verano
110128,AMOXICILINA 500MG CAP. CJAX100UND,MS PHARMA,0.0,5.0,1.4,2026-02-06 17:45:13,9,2,Verano
110128,AMOXICILINA 500MG CAP. CJAX100UND,MS PHARMA,0.0,20.0,5.6,2026-02-06 18:04:55,12,2,Verano
110128,AMOXICILINA 500MG CAP. CJAX100UND,MS PHARMA,0.0,10.0,2.8,2026-02-06 19:34:28,9,2,Verano
110128,AMOXICILINA 500MG CAP. CJAX100UND,MS PHARMA,0.0,20.0,5.6,2026-02-07 10:52:16,9,2,Verano
110128,AMOXICILINA 500MG CAP. CJAX100UND,MS PHARMA,0.0,10.0,2.8,2026-02-07 15:55:51,15,2,Verano
110128,AMOXICILINA 500MG CAP. CJAX100UND,MS PHARMA,0.0,20.0,5.6,2026-02-07 16:52:39,9,2,Verano
110128,AMOXICILINA 500MG CAP. CJAX100UND,MS PHARMA,0.0,20.0,5.6,2026-02-07 16:55:10,12,2,Verano
110128,AMOXICILINA 500MG CAP. CJAX100UND,MS PHARMA,0.0,10.0,2.8,2026-02-07 20:26:28,7,2,Verano
110128,AMOXICILINA 500MG CAP. CJAX100UND,MS PHARMA,0.0,10.0,2.8,2026-02-08 09:55:18,9,2,Verano
110128,AMOXICILINA 500MG CAP. CJAX100UND,MS PHARMA,0.0,20.0,5.6,2026-02-08 13:10:23,3,2,Verano
110128,AMOXICILINA 500MG CAP. CJAX100UND,MS PHARMA,0.0,10.0,2.8,2026-02-08 21:06:55,3,2,Verano
110128,AMOXICILINA 500MG CAP. CJAX100UND,MS PHARMA,0.0,10.0,2.8,2026-02-09 08:11:23,18,2,Verano
110128,AMOXICILINA 500MG CAP. CJAX100UND,MS PHARMA,0.0,10.0,2.8,2026-02-09 09:26:09,2,2,Verano
110128,AMOXICILINA 500MG CAP. CJAX100UND,MS PHARMA,0.0,10.0,2.8,2026-02-09 11:11:08,5,2,Verano
110128,AMOXICILINA 500MG CAP. CJAX100UND,MS PHARMA,0.0,10.0,2.8,2026-02-09 20:12:33,3,2,Verano
110128,AMOXICILINA 500MG CAP. CJAX100UND,MS PHARMA,0.0,20.0,5.6,2026-02-09 20:21:18,15,2,Verano
110128,AMOXICILINA 500MG CAP. CJAX100UND,MS PHARMA,0.0,2.0,0.56,2026-02-09 20:25:07,9,2,Verano
110128,AMOXICILINA 500MG CAP. CJAX100UND,MS PHARMA,0.0,30.0,8.4,2026-02-10 07:38:56,13,2,Verano
110128,AMOXICILINA 500MG CAP. CJAX100UND,MS PHARMA,0.0,10.0,2.8,2026-02-10 10:44:39,2,2,Verano
110128,AMOXICILINA 500MG CAP. CJAX100UND,MS PHARMA,0.0,1.0,0.28,2026-02-10 10:48:58,9,2,Verano
110128,AMOXICILINA 500MG CAP. CJAX100UND,MS PHARMA,0.0,10.0,2.8,2026-02-10 11:04:03,18,2,Verano
110128,AMOXICILINA 500MG CAP. CJAX100UND,MS PHARMA,0.0,10.0,2.8,2026-02-10 11:23:19,5,2,Verano
110128,AMOXICILINA 500MG CAP. CJAX100UND,MS PHARMA,0.0,10.0,2.8,2026-02-10 13:07:11,6,2,Verano
110128,AMOXICILINA 500MG CAP. CJAX100UND,MS PHARMA,0.0,10.0,2.8,2026-02-11 16:43:33,6,2,Verano
110128,AMOXICILINA 500MG CAP. CJAX100UND,MS PHARMA,0.0,10.0,2.8,2026-02-11 16:55:37,6,2,Verano
110128,AMOXICILINA 500MG CAP. CJAX100UND,MS PHARMA,0.0,10.0,2.8,2026-02-11 18:48:54,8,2,Verano
110128,AMOXICILINA 500MG CAP. CJAX100UND,MS PHARMA,0.0,10.0,2.8,2026-02-11 18:56:37,8,2,Verano
110128,AMOXICILINA 500MG CAP. CJAX100UND,MS PHARMA,0.0,10.0,2.8,2026-02-11 19:36:01,7,2,Verano
110128,AMOXICILINA 500MG CAP. CJAX100UND,MS PHARMA,0.0,10.0,2.8,2026-02-11 21:01:29,8,2,Verano
110128,AMOXICILINA 500MG CAP. CJAX100UND,MS PHARMA,0.0,10.0,2.8,2026-02-11 21:36:14,2,2,Verano
110128,AMOXICILINA 500MG CAP. CJAX100UND,MS PHARMA,0.0,10.0,2.8,2026-02-11 21:45:26,18,2,Verano
110128,AMOXICILINA 500MG CAP. CJAX100UND,MS PHARMA,0.0,5.0,1.4,2026-02-12 08:15:13,8,2,Verano
110128,AMOXICILINA 500MG CAP. CJAX100UND,MS PHARMA,0.0,20.0,5.6,2026-02-12 08:51:10,4,2,Verano
110128,AMOXICILINA 500MG CAP. CJAX100UND,MS PHARMA,0.0,10.0,2.8,2026-02-12 09:07:52,8,2,Verano
110128,AMOXICILINA 500MG CAP. CJAX100UND,MS PHARMA,0.0,10.0,2.8,2026-02-12 10:42:06,6,2,Verano
110128,AMOXICILINA 500MG CAP. CJAX100UND,MS PHARMA,0.0,20.0,5.6,2026-02-12 16:33:17,2,2,Verano
110128,AMOXICILINA 500MG CAP. CJAX100UND,MS PHARMA,0.0,10.0,2.8,2026-02-12 17:42:28,7,2,Verano
110128,AMOXICILINA 500MG CAP. CJAX100UND,MS PHARMA,0.0,2.0,0.56,2026-02-12 18:17:23,17,2,Verano
110128,AMOXICILINA 500MG CAP. CJAX100UND,MS PHARMA,0.0,10.0,2.8,2026-02-12 18:20:00,9,2,Verano
110128,AMOXICILINA 500MG CAP. CJAX100UND,MS PHARMA,0.0,10.0,2.8,2026-02-12 20:07:11,2,2,Verano
110128,AMOXICILINA 500MG CAP. CJAX100UND,MS PHARMA,0.0,10.0,2.8,2026-02-12 20:51:57,12,2,Verano
110128,AMOXICILINA 500MG CAP. CJAX100UND,MS PHARMA,0.0,30.0,8.4,2026-02-12 21:05:47,10,2,Verano
110128,AMOXICILINA 500MG CAP. CJAX100UND,MS PHARMA,0.0,20.0,5.6,2026-02-12 22:37:18,2,2,Verano
110128,AMOXICILINA 500MG CAP. CJAX100UND,MS PHARMA,0.0,2.0,0.56,2026-02-13 08:11:26,9,2,Verano
110128,AMOXICILINA 500MG CAP. CJAX100UND,MS PHARMA,0.0,10.0,2.8,2026-02-13 13:56:33,5,2,Verano
110128,AMOXICILINA 500MG CAP. CJAX100UND,MS PHARMA,0.0,1.0,0.28,2026-02-13 15:27:23,17,2,Verano
110128,AMOXICILINA 500MG CAP. CJAX100UND,MS PHARMA,0.0,10.0,2.8,2026-02-13 17:06:24,2,2,Verano
110128,AMOXICILINA 500MG CAP. CJAX100UND,MS PHARMA,0.0,2.0,0.56,2026-02-13 18:08:45,9,2,Verano
110128,AMOXICILINA 500MG CAP. CJAX100UND,MS PHARMA,0.0,10.0,2.8,2026-02-13 20:54:53,16,2,Verano
110128,AMOXICILINA 500MG CAP. CJAX100UND,MS PHARMA,0.0,10.0,2.8,2026-02-13 21:58:47,15,2,Verano
110128,AMOXICILINA 500MG CAP. CJAX100UND,MS PHARMA,0.0,2.0,0.56,2026-02-13 22:11:50,17,2,Verano
110128,AMOXICILINA 500MG CAP. CJAX100UND,MS PHARMA,0.0,10.0,2.8,2026-02-13 22:52:01,16,2,Verano
110128,AMOXICILINA 500MG CAP. CJAX100UND,MS PHARMA,0.0,10.0,2.8,2026-02-14 09:19:39,4,2,Verano
110128,AMOXICILINA 500MG CAP. CJAX100UND,MS PHARMA,0.0,5.0,1.4,2026-02-14 10:47:06,5,2,Verano
110128,AMOXICILINA 500MG CAP. CJAX100UND,MS PHARMA,0.0,10.0,2.8,2026-02-14 12:47:05,12,2,Verano
110128,AMOXICILINA 500MG CAP. CJAX100UND,MS PHARMA,0.0,10.0,2.8,2026-02-14 15:26:46,9,2,Verano
110128,AMOXICILINA 500MG CAP. CJAX100UND,MS PHARMA,0.0,10.0,2.8,2026-02-14 19:47:56,5,2,Verano
110128,AMOXICILINA 500MG CAP. CJAX100UND,MS PHARMA,0.0,10.0,2.8,2026-02-14 21:02:57,5,2,Verano
110128,AMOXICILINA 500MG CAP. CJAX100UND,MS PHARMA,0.0,10.0,2.8,2026-02-15 10:53:26,18,2,Verano
110128,AMOXICILINA 500MG CAP. CJAX100UND,MS PHARMA,0.0,20.0,5.6,2026-02-15 16:22:08,7,2,Verano
110128,AMOXICILINA 500MG CAP. CJAX100UND,MS PHARMA,0.0,10.0,2.8,2026-02-15 18:14:12,3,2,Verano
110128,AMOXICILINA 500MG CAP. CJAX100UND,MS PHARMA,0.0,2.0,0.56,2026-02-16 09:22:08,17,2,Verano
110128,AMOXICILINA 500MG CAP. CJAX100UND,MS PHARMA,0.0,10.0,2.8,2026-02-16 11:44:30,3,2,Verano
110128,AMOXICILINA 500MG CAP. CJAX100UND,MS PHARMA,0.0,10.0,2.8,2026-02-16 17:51:00,15,2,Verano
110128,AMOXICILINA 500MG CAP. CJAX100UND,MS PHARMA,0.0,10.0,2.8,2026-02-16 18:43:53,15,2,Verano
110128,AMOXICILINA 500MG CAP. CJAX100UND,MS PHARMA,0.0,4.0,1.12,2026-02-16 18:52:59,18,2,Verano
110128,AMOXICILINA 500MG CAP. CJAX100UND,MS PHARMA,0.0,10.0,2.8,2026-02-16 21:27:32,17,2,Verano
110128,AMOXICILINA 500MG CAP. CJAX100UND,MS PHARMA,0.0,20.0,5.6,2026-02-17 15:05:55,1,2,Verano
110128,AMOXICILINA 500MG CAP. CJAX100UND,MS PHARMA,0.0,10.0,2.8,2026-02-17 16:25:53,2,2,Verano
110128,AMOXICILINA 500MG CAP. CJAX100UND,MS PHARMA,0.0,10.0,2.8,2026-02-17 16:45:20,3,2,Verano
110128,AMOXICILINA 500MG CAP. CJAX100UND,MS PHARMA,0.0,3.0,0.84,2026-02-17 19:41:18,17,2,Verano
110128,AMOXICILINA 500MG CAP. CJAX100UND,MS PHARMA,0.0,10.0,2.8,2026-02-17 19:55:27,16,2,Verano
110128,AMOXICILINA 500MG CAP. CJAX100UND,MS PHARMA,0.0,10.0,2.8,2026-02-17 21:12:06,2,2,Verano
110128,AMOXICILINA 500MG CAP. CJAX100UND,MS PHARMA,0.0,10.0,2.8,2026-02-18 11:33:58,7,2,Verano
110128,AMOXICILINA 500MG CAP. CJAX100UND,MS PHARMA,0.0,10.0,2.8,2026-02-18 16:19:59,15,2,Verano
110128,AMOXICILINA 500MG CAP. CJAX100UND,MS PHARMA,0.0,10.0,2.8,2026-02-18 17:28:28,1,2,Verano
110128,AMOXICILINA 500MG CAP. CJAX100UND,MS PHARMA,0.0,10.0,2.8,2026-02-18 19:21:17,2,2,Verano
110128,AMOXICILINA 500MG CAP. CJAX100UND,MS PHARMA,0.0,10.0,2.8,2026-02-18 19:32:38,2,2,Verano
110128,AMOXICILINA 500MG CAP. CJAX100UND,MS PHARMA,0.0,20.0,5.6,2026-02-18 20:14:26,5,2,Verano
110128,AMOXICILINA 500MG CAP. CJAX100UND,MS PHARMA,0.0,10.0,2.8,2026-02-18 20:19:39,13,2,Verano
110128,AMOXICILINA 500MG CAP. CJAX100UND,MS PHARMA,0.0,10.0,2.8,2026-02-19 09:10:29,12,2,Verano
110128,AMOXICILINA 500MG CAP. CJAX100UND,MS PHARMA,0.0,10.0,2.8,2026-02-19 09:11:11,5,2,Verano
110128,AMOXICILINA 500MG CAP. CJAX100UND,MS PHARMA,0.0,10.0,2.8,2026-02-19 13:46:11,4,2,Verano
110128,AMOXICILINA 500MG CAP. CJAX100UND,MS PHARMA,0.0,10.0,2.8,2026-02-19 20:37:05,8,2,Verano
110128,AMOXICILINA 500MG CAP. CJAX100UND,MS PHARMA,0.0,10.0,2.8,2026-02-19 20:52:03,5,2,Verano
110128,AMOXICILINA 500MG CAP. CJAX100UND,MS PHARMA,0.0,10.0,2.8,2026-02-19 21:40:33,1,2,Verano
110128,AMOXICILINA 500MG CAP. CJAX100UND,MS PHARMA,0.0,10.0,2.8,2026-02-20 14:52:19,3,2,Verano
110128,AMOXICILINA 500MG CAP. CJAX100UND,MS PHARMA,0.0,10.0,2.8,2026-02-20 18:47:01,2,2,Verano
110128,AMOXICILINA 500MG CAP. CJAX100UND,MS PHARMA,0.0,15.0,4.2,2026-02-20 19:42:13,7,2,Verano
110128,AMOXICILINA 500MG CAP. CJAX100UND,MS PHARMA,0.0,4.0,1.12,2026-02-20 21:34:36,5,2,Verano
110128,AMOXICILINA 500MG CAP. CJAX100UND,MS PHARMA,0.0,10.0,2.8,2026-02-20 21:59:54,16,2,Verano
110128,AMOXICILINA 500MG CAP. CJAX100UND,MS PHARMA,0.0,10.0,2.8,2026-02-21 19:01:22,2,2,Verano
110128,AMOXICILINA 500MG CAP. CJAX100UND,MS PHARMA,0.0,10.0,2.8,2026-02-21 22:41:22,2,2,Verano
110128,AMOXICILINA 500MG CAP. CJAX100UND,MS PHARMA,0.0,10.0,2.8,2026-02-22 15:35:59,15,2,Verano
110128,AMOXICILINA 500MG CAP. CJAX100UND,MS PHARMA,0.0,10.0,2.8,2026-02-22 16:07:20,3,2,Verano
110128,AMOXICILINA 500MG CAP. CJAX100UND,MS PHARMA,0.0,10.0,2.8,2026-02-22 19:04:51,19,2,Verano
110128,AMOXICILINA 500MG CAP. CJAX100UND,MS PHARMA,0.0,10.0,2.8,2026-02-22 21:16:11,2,2,Verano
110128,AMOXICILINA 500MG CAP. CJAX100UND,MS PHARMA,0.0,20.0,5.6,2026-02-23 11:16:42,2,2,Verano
110128,AMOXICILINA 500MG CAP. CJAX100UND,MS PHARMA,0.0,20.0,5.6,2026-02-23 12:14:58,5,2,Verano
110128,AMOXICILINA 500MG CAP. CJAX100UND,MS PHARMA,0.0,10.0,2.8,2026-02-23 16:30:53,18,2,Verano
110128,AMOXICILINA 500MG CAP. CJAX100UND,MS PHARMA,0.0,10.0,2.8,2026-02-23 17:19:46,17,2,Verano
110128,AMOXICILINA 500MG CAP. CJAX100UND,MS PHARMA,0.0,10.0,2.8,2026-02-23 17:40:42,6,2,Verano
110128,AMOXICILINA 500MG CAP. CJAX100UND,MS PHARMA,0.0,10.0,2.8,2026-02-23 18:52:22,1,2,Verano
110128,AMOXICILINA 500MG CAP. CJAX100UND,MS PHARMA,0.0,10.0,2.8,2026-02-23 21:15:35,2,2,Verano
110128,AMOXICILINA 500MG CAP. CJAX100UND,MS PHARMA,0.0,10.0,2.8,2026-02-24 07:21:13,18,2,Verano
110128,AMOXICILINA 500MG CAP. CJAX100UND,MS PHARMA,0.0,10.0,2.8,2026-02-24 08:59:25,19,2,Verano
110128,AMOXICILINA 500MG CAP. CJAX100UND,MS PHARMA,0.0,10.0,2.8,2026-02-24 10:00:41,11,2,Verano
110128,AMOXICILINA 500MG CAP. CJAX100UND,MS PHARMA,0.0,10.0,2.8,2026-02-24 11:46:51,17,2,Verano
110128,AMOXICILINA 500MG CAP. CJAX100UND,MS PHARMA,0.0,10.0,2.8,2026-02-24 14:06:03,4,2,Verano
110128,AMOXICILINA 500MG CAP. CJAX100UND,MS PHARMA,0.0,10.0,2.8,2026-02-24 18:04:57,16,2,Verano
110128,AMOXICILINA 500MG CAP. CJAX100UND,MS PHARMA,0.0,10.0,2.8,2026-02-24 18:12:35,2,2,Verano
110128,AMOXICILINA 500MG CAP. CJAX100UND,MS PHARMA,0.0,10.0,2.8,2026-02-24 18:13:24,2,2,Verano
110128,AMOXICILINA 500MG CAP. CJAX100UND,MS PHARMA,0.0,10.0,2.8,2026-02-24 18:54:11,8,2,Verano
110128,AMOXICILINA 500MG CAP. CJAX100UND,MS PHARMA,0.0,10.0,2.8,2026-02-24 20:18:21,16,2,Verano
110128,AMOXICILINA 500MG CAP. CJAX100UND,MS PHARMA,0.0,10.0,2.8,2026-02-24 22:22:36,1,2,Verano
110128,AMOXICILINA 500MG CAP. CJAX100UND,MS PHARMA,0.0,-10.0,-2.8,2026-02-24 22:34:54,2,2,Verano
110128,AMOXICILINA 500MG CAP. CJAX100UND,MS PHARMA,0.0,10.0,2.8,2026-02-25 08:56:11,17,2,Verano
110128,AMOXICILINA 500MG CAP. CJAX100UND,MS PHARMA,0.0,10.0,2.8,2026-02-25 09:34:35,17,2,Verano
110128,AMOXICILINA 500MG CAP. CJAX100UND,MS PHARMA,0.0,10.0,2.8,2026-02-25 10:13:38,4,2,Verano
110128,AMOXICILINA 500MG CAP. CJAX100UND,MS PHARMA,0.0,15.0,4.2,2026-02-25 10:27:45,18,2,Verano
110128,AMOXICILINA 500MG CAP. CJAX100UND,MS PHARMA,0.0,10.0,2.8,2026-02-25 10:56:37,9,2,Verano
110128,AMOXICILINA 500MG CAP. CJAX100UND,MS PHARMA,0.0,15.0,4.2,2026-02-25 11:35:54,10,2,Verano
110128,AMOXICILINA 500MG CAP. CJAX100UND,MS PHARMA,0.0,10.0,2.8,2026-02-25 12:40:02,13,2,Verano
110128,AMOXICILINA 500MG CAP. CJAX100UND,MS PHARMA,0.0,10.0,2.66,2026-02-25 18:11:55,12,2,Verano
110128,AMOXICILINA 500MG CAP. CJAX100UND,MS PHARMA,0.0,40.0,11.2,2026-02-25 18:42:49,18,2,Verano
110128,AMOXICILINA 500MG CAP. CJAX100UND,MS PHARMA,0.0,10.0,2.8,2026-02-25 19:45:48,3,2,Verano
110128,AMOXICILINA 500MG CAP. CJAX100UND,MS PHARMA,0.0,10.0,2.8,2026-02-25 21:18:10,19,2,Verano
110128,AMOXICILINA 500MG CAP. CJAX100UND,MS PHARMA,0.0,10.0,2.8,2026-02-26 08:41:09,17,2,Verano
110128,AMOXICILINA 500MG CAP. CJAX100UND,MS PHARMA,0.0,20.0,5.6,2026-02-26 08:58:27,13,2,Verano
110128,AMOXICILINA 500MG CAP. CJAX100UND,MS PHARMA,0.0,4.0,1.12,2026-02-26 12:30:02,3,2,Verano
110128,AMOXICILINA 500MG CAP. CJAX100UND,MS PHARMA,0.0,10.0,2.8,2026-02-26 12:37:33,17,2,Verano
110128,AMOXICILINA 500MG CAP. CJAX100UND,MS PHARMA,0.0,10.0,2.8,2026-02-26 16:10:33,2,2,Verano
110128,AMOXICILINA 500MG CAP. CJAX100UND,MS PHARMA,0.0,9.0,2.52,2026-02-26 18:50:47,13,2,Verano
110128,AMOXICILINA 500MG CAP. CJAX100UND,MS PHARMA,0.0,20.0,5.6,2026-02-26 19:44:49,2,2,Verano
110128,AMOXICILINA 500MG CAP. CJAX100UND,MS PHARMA,0.0,7.0,1.96,2026-02-26 20:34:45,11,2,Verano
110128,AMOXICILINA 500MG CAP. CJAX100UND,MS PHARMA,0.0,10.0,2.8,2026-02-27 12:28:11,4,2,Verano
110128,AMOXICILINA 500MG CAP. CJAX100UND,MS PHARMA,0.0,5.0,1.4,2026-02-27 18:38:41,9,2,Verano
110128,AMOXICILINA 500MG CAP. CJAX100UND,MS PHARMA,0.0,10.0,2.8,2026-02-27 18:58:51,9,2,Verano
110128,AMOXICILINA 500MG CAP. CJAX100UND,MS PHARMA,0.0,10.0,2.8,2026-02-27 20:34:19,2,2,Verano
110128,AMOXICILINA 500MG CAP. CJAX100UND,MS PHARMA,0.0,10.0,2.8,2026-02-27 21:58:36,1,2,Verano
110128,AMOXICILINA 500MG CAP. CJAX100UND,MS PHARMA,0.0,10.0,2.8,2026-02-28 10:12:30,18,2,Verano
110128,AMOXICILINA 500MG CAP. CJAX100UND,MS PHARMA,0.0,10.0,2.8,2026-02-28 12:52:57,17,2,Verano
110128,AMOXICILINA 500MG CAP. CJAX100UND,MS PHARMA,0.0,20.0,5.6,2026-02-28 17:39:35,12,2,Verano
110128,AMOXICILINA 500MG CAP. CJAX100UND,MS PHARMA,0.0,10.0,2.8,2026-02-28 20:33:18,2,2,Verano
110128,AMOXICILINA 500MG CAP. CJAX100UND,MS PHARMA,0.0,10.0,2.8,2026-03-01 17:25:42,8,3,Otoño
110128,AMOXICILINA 500MG CAP. CJAX100UND,MS PHARMA,0.0,10.0,2.8,2026-03-01 19:23:07,3,3,Otoño
110128,AMOXICILINA 500MG CAP. CJAX100UND,MS PHARMA,0.0,10.0,2.8,2026-03-01 20:59:02,18,3,Otoño
110128,AMOXICILINA 500MG CAP. CJAX100UND,MS PHARMA,0.0,10.0,2.66,2026-03-01 22:29:41,10,3,Otoño
110128,AMOXICILINA 500MG CAP. CJAX100UND,MS PHARMA,0.0,-10.0,-2.66,2026-03-01 22:32:58,10,3,Otoño
110128,AMOXICILINA 500MG CAP. CJAX100UND,MS PHARMA,0.0,10.0,2.66,2026-03-01 22:34:45,10,3,Otoño
110128,AMOXICILINA 500MG CAP. CJAX100UND,MS PHARMA,0.0,10.0,2.8,2026-03-02 10:20:56,9,3,Otoño
110128,AMOXICILINA 500MG CAP. CJAX100UND,MS PHARMA,0.0,10.0,2.8,2026-03-02 10:53:10,4,3,Otoño
110128,AMOXICILINA 500MG CAP. CJAX100UND,MS PHARMA,0.0,30.0,7.98,2026-03-02 13:40:18,17,3,Otoño
110128,AMOXICILINA 500MG CAP. CJAX100UND,MS PHARMA,0.0,10.0,2.8,2026-03-02 13:57:42,18,3,Otoño
110128,AMOXICILINA 500MG CAP. CJAX100UND,MS PHARMA,0.0,10.0,2.8,2026-03-02 14:33:28,19,3,Otoño
110128,AMOXICILINA 500MG CAP. CJAX100UND,MS PHARMA,0.0,10.0,2.66,2026-03-02 15:32:32,9,3,Otoño
110128,AMOXICILINA 500MG CAP. CJAX100UND,MS PHARMA,0.0,2.0,0.56,2026-03-02 18:39:13,2,3,Otoño
110128,AMOXICILINA 500MG CAP. CJAX100UND,MS PHARMA,0.0,10.0,2.8,2026-03-02 18:56:58,2,3,Otoño
110128,AMOXICILINA 500MG CAP. CJAX100UND,MS PHARMA,0.0,10.0,2.8,2026-03-02 19:19:23,8,3,Otoño
110128,AMOXICILINA 500MG CAP. CJAX100UND,MS PHARMA,0.0,10.0,2.8,2026-03-02 19:32:31,13,3,Otoño
110128,AMOXICILINA 500MG CAP. CJAX100UND,MS PHARMA,0.0,20.0,5.6,2026-03-02 19:47:38,12,3,Otoño
110128,AMOXICILINA 500MG CAP. CJAX100UND,MS PHARMA,0.0,3.0,0.84,2026-03-02 21:07:37,2,3,Otoño
110128,AMOXICILINA 500MG CAP. CJAX100UND,MS PHARMA,0.0,10.0,2.8,2026-03-02 21:43:23,19,3,Otoño
110128,AMOXICILINA 500MG CAP. CJAX100UND,MS PHARMA,0.0,10.0,2.8,2026-03-02 22:12:58,5,3,Otoño
110128,AMOXICILINA 500MG CAP. CJAX100UND,MS PHARMA,0.0,20.0,5.6,2026-03-03 11:55:37,18,3,Otoño
110128,AMOXICILINA 500MG CAP. CJAX100UND,MS PHARMA,0.0,10.0,2.8,2026-03-03 15:18:06,2,3,Otoño
110128,AMOXICILINA 500MG CAP. CJAX100UND,MS PHARMA,0.0,10.0,2.8,2026-03-03 17:34:16,3,3,Otoño
110128,AMOXICILINA 500MG CAP. CJAX100UND,MS PHARMA,0.0,10.0,2.8,2026-03-03 18:54:18,9,3,Otoño
110128,AMOXICILINA 500MG CAP. CJAX100UND,MS PHARMA,0.0,9.0,2.52,2026-03-03 19:18:14,2,3,Otoño
110128,AMOXICILINA 500MG CAP. CJAX100UND,MS PHARMA,0.0,10.0,2.8,2026-03-03 19:34:22,7,3,Otoño
110128,AMOXICILINA 500MG CAP. CJAX100UND,MS PHARMA,0.0,10.0,2.8,2026-03-03 20:24:44,18,3,Otoño
110128,AMOXICILINA 500MG CAP. CJAX100UND,MS PHARMA,0.0,10.0,2.8,2026-03-03 21:24:00,17,3,Otoño
110128,AMOXICILINA 500MG CAP. CJAX100UND,MS PHARMA,0.0,10.0,2.8,2026-03-04 15:23:51,9,3,Otoño
110128,AMOXICILINA 500MG CAP. CJAX100UND,MS PHARMA,0.0,10.0,2.8,2026-03-04 17:01:09,1,3,Otoño
110128,AMOXICILINA 500MG CAP. CJAX100UND,MS PHARMA,0.0,10.0,2.8,2026-03-04 18:52:04,3,3,Otoño
110128,AMOXICILINA 500MG CAP. CJAX100UND,MS PHARMA,0.0,10.0,2.67,2026-03-04 21:11:03,19,3,Otoño
110128,AMOXICILINA 500MG CAP. CJAX100UND,MS PHARMA,0.0,20.0,5.6,2026-03-04 22:27:54,12,3,Otoño
110128,AMOXICILINA 500MG CAP. CJAX100UND,MS PHARMA,0.0,10.0,2.8,2026-03-05 11:20:11,9,3,Otoño
110128,AMOXICILINA 500MG CAP. CJAX100UND,MS PHARMA,0.0,10.0,2.8,2026-03-05 14:12:31,17,3,Otoño
110128,AMOXICILINA 500MG CAP. CJAX100UND,MS PHARMA,0.0,10.0,2.8,2026-03-05 19:07:17,11,3,Otoño
110128,AMOXICILINA 500MG CAP. CJAX100UND,MS PHARMA,0.0,10.0,2.8,2026-03-05 20:14:24,17,3,Otoño
110128,AMOXICILINA 500MG CAP. CJAX100UND,MS PHARMA,0.0,12.0,3.36,2026-03-05 20:20:57,13,3,Otoño
110128,AMOXICILINA 500MG CAP. CJAX100UND,MS PHARMA,0.0,10.0,2.8,2026-03-05 21:51:29,3,3,Otoño
110128,AMOXICILINA 500MG CAP. CJAX100UND,MS PHARMA,0.0,10.0,2.8,2026-03-05 21:58:11,19,3,Otoño
110128,AMOXICILINA 500MG CAP. CJAX100UND,MS PHARMA,0.0,20.0,5.6,2026-03-05 22:34:27,1,3,Otoño
110128,AMOXICILINA 500MG CAP. CJAX100UND,MS PHARMA,0.0,30.0,8.4,2026-03-06 09:36:24,14,3,Otoño
110128,AMOXICILINA 500MG CAP. CJAX100UND,MS PHARMA,0.0,10.0,2.8,2026-03-06 09:42:02,6,3,Otoño
110128,AMOXICILINA 500MG CAP. CJAX100UND,MS PHARMA,0.0,20.0,5.6,2026-03-06 13:47:21,1,3,Otoño
110128,AMOXICILINA 500MG CAP. CJAX100UND,MS PHARMA,2.0,0.0,56.0,2026-03-06 14:24:18,11,3,Otoño
110128,AMOXICILINA 500MG CAP. CJAX100UND,MS PHARMA,0.0,52.0,14.56,2026-03-06 19:16:23,4,3,Otoño
110128,AMOXICILINA 500MG CAP. CJAX100UND,MS PHARMA,0.0,10.0,2.8,2026-03-06 20:03:42,11,3,Otoño
110128,AMOXICILINA 500MG CAP. CJAX100UND,MS PHARMA,0.0,1.0,0.28,2026-03-07 08:39:10,13,3,Otoño
110128,AMOXICILINA 500MG CAP. CJAX100UND,MS PHARMA,0.0,10.0,2.8,2026-03-07 09:29:31,9,3,Otoño
110128,AMOXICILINA 500MG CAP. CJAX100UND,MS PHARMA,0.0,10.0,2.8,2026-03-07 09:50:01,3,3,Otoño
110128,AMOXICILINA 500MG CAP. CJAX100UND,MS PHARMA,0.0,10.0,2.8,2026-03-07 09:55:36,11,3,Otoño
110128,AMOXICILINA 500MG CAP. CJAX100UND,MS PHARMA,0.0,10.0,2.8,2026-03-07 12:29:20,1,3,Otoño
110128,AMOXICILINA 500MG CAP. CJAX100UND,MS PHARMA,0.0,10.0,2.8,2026-03-07 15:57:43,1,3,Otoño
110128,AMOXICILINA 500MG CAP. CJAX100UND,MS PHARMA,0.0,10.0,2.8,2026-03-07 18:41:38,5,3,Otoño
110128,AMOXICILINA 500MG CAP. CJAX100UND,MS PHARMA,0.0,10.0,2.8,2026-03-07 19:23:35,4,3,Otoño
110128,AMOXICILINA 500MG CAP. CJAX100UND,MS PHARMA,0.0,10.0,2.8,2026-03-07 20:18:45,17,3,Otoño
110128,AMOXICILINA 500MG CAP. CJAX100UND,MS PHARMA,0.0,10.0,2.8,2026-03-07 20:55:08,5,3,Otoño
110128,AMOXICILINA 500MG CAP. CJAX100UND,MS PHARMA,0.0,2.0,0.56,2026-03-07 21:14:26,2,3,Otoño
110128,AMOXICILINA 500MG CAP. CJAX100UND,MS PHARMA,0.0,2.0,0.56,2026-03-07 21:18:30,2,3,Otoño
110128,AMOXICILINA 500MG CAP. CJAX100UND,MS PHARMA,0.0,1.0,0.28,2026-03-07 21:23:58,2,3,Otoño
110128,AMOXICILINA 500MG CAP. CJAX100UND,MS PHARMA,0.0,10.0,2.8,2026-03-08 11:52:17,9,3,Otoño
110128,AMOXICILINA 500MG CAP. CJAX100UND,MS PHARMA,0.0,10.0,2.8,2026-03-08 12:18:35,9,3,Otoño
110128,AMOXICILINA 500MG CAP. CJAX100UND,MS PHARMA,0.0,10.0,2.8,2026-03-08 12:48:03,17,3,Otoño
110128,AMOXICILINA 500MG CAP. CJAX100UND,MS PHARMA,0.0,10.0,2.8,2026-03-08 15:35:33,5,3,Otoño
110128,AMOXICILINA 500MG CAP. CJAX100UND,MS PHARMA,0.0,5.0,1.4,2026-03-08 17:05:43,17,3,Otoño
110128,AMOXICILINA 500MG CAP. CJAX100UND,MS PHARMA,0.0,10.0,2.8,2026-03-09 08:51:16,17,3,Otoño
110128,AMOXICILINA 500MG CAP. CJAX100UND,MS PHARMA,0.0,10.0,2.8,2026-03-09 09:50:26,11,3,Otoño
110128,AMOXICILINA 500MG CAP. CJAX100UND,MS PHARMA,0.0,10.0,2.8,2026-03-09 10:27:50,9,3,Otoño
110128,AMOXICILINA 500MG CAP. CJAX100UND,MS PHARMA,0.0,56.0,15.68,2026-03-09 13:24:37,15,3,Otoño
110128,AMOXICILINA 500MG CAP. CJAX100UND,MS PHARMA,0.0,10.0,2.8,2026-03-09 17:22:26,5,3,Otoño
110128,AMOXICILINA 500MG CAP. CJAX100UND,MS PHARMA,0.0,10.0,2.8,2026-03-09 17:31:18,1,3,Otoño
110128,AMOXICILINA 500MG CAP. CJAX100UND,MS PHARMA,0.0,10.0,2.8,2026-03-09 18:35:36,7,3,Otoño
110128,AMOXICILINA 500MG CAP. CJAX100UND,MS PHARMA,0.0,10.0,2.8,2026-03-09 22:19:13,7,3,Otoño
110128,AMOXICILINA 500MG CAP. CJAX100UND,MS PHARMA,0.0,10.0,2.8,2026-03-10 11:46:41,5,3,Otoño
110128,AMOXICILINA 500MG CAP. CJAX100UND,MS PHARMA,0.0,1.0,0.28,2026-03-10 18:42:19,2,3,Otoño
110128,AMOXICILINA 500MG CAP. CJAX100UND,MS PHARMA,0.0,10.0,2.8,2026-03-10 19:28:15,1,3,Otoño
110128,AMOXICILINA 500MG CAP. CJAX100UND,MS PHARMA,0.0,10.0,2.8,2026-03-10 20:24:15,10,3,Otoño
110128,AMOXICILINA 500MG CAP. CJAX100UND,MS PHARMA,0.0,10.0,2.8,2026-03-10 21:43:52,18,3,Otoño
110128,AMOXICILINA 500MG CAP. CJAX100UND,MS PHARMA,0.0,10.0,2.8,2026-03-11 08:00:53,3,3,Otoño
110128,AMOXICILINA 500MG CAP. CJAX100UND,MS PHARMA,0.0,10.0,2.8,2026-03-11 08:37:45,9,3,Otoño
110128,AMOXICILINA 500MG CAP. CJAX100UND,MS PHARMA,0.0,10.0,2.8,2026-03-11 11:11:46,3,3,Otoño
110128,AMOXICILINA 500MG CAP. CJAX100UND,MS PHARMA,0.0,10.0,2.8,2026-03-11 17:46:33,18,3,Otoño
110128,AMOXICILINA 500MG CAP. CJAX100UND,MS PHARMA,0.0,20.0,5.6,2026-03-11 21:11:18,2,3,Otoño
110128,AMOXICILINA 500MG CAP. CJAX100UND,MS PHARMA,0.0,10.0,2.8,2026-03-11 21:14:51,6,3,Otoño
110128,AMOXICILINA 500MG CAP. CJAX100UND,MS PHARMA,0.0,10.0,2.8,2026-03-12 10:23:12,2,3,Otoño
110128,AMOXICILINA 500MG CAP. CJAX100UND,MS PHARMA,0.0,10.0,2.8,2026-03-12 11:02:43,12,3,Otoño
110128,AMOXICILINA 500MG CAP. CJAX100UND,MS PHARMA,0.0,5.0,1.4,2026-03-12 15:00:31,18,3,Otoño
110128,AMOXICILINA 500MG CAP. CJAX100UND,MS PHARMA,0.0,10.0,2.8,2026-03-12 15:16:55,9,3,Otoño
110128,AMOXICILINA 500MG CAP. CJAX100UND,MS PHARMA,0.0,10.0,2.8,2026-03-12 19:04:45,1,3,Otoño
110128,AMOXICILINA 500MG CAP. CJAX100UND,MS PHARMA,0.0,3.0,0.84,2026-03-12 19:14:45,9,3,Otoño
110128,AMOXICILINA 500MG CAP. CJAX100UND,MS PHARMA,0.0,10.0,2.8,2026-03-12 19:25:18,9,3,Otoño
110128,AMOXICILINA 500MG CAP. CJAX100UND,MS PHARMA,0.0,20.0,5.6,2026-03-13 10:01:57,2,3,Otoño
110128,AMOXICILINA 500MG CAP. CJAX100UND,MS PHARMA,0.0,10.0,2.8,2026-03-13 11:18:19,1,3,Otoño
110128,AMOXICILINA 500MG CAP. CJAX100UND,MS PHARMA,0.0,20.0,5.6,2026-03-13 11:44:48,3,3,Otoño
110128,AMOXICILINA 500MG CAP. CJAX100UND,MS PHARMA,0.0,10.0,2.8,2026-03-13 12:06:48,6,3,Otoño
110128,AMOXICILINA 500MG CAP. CJAX100UND,MS PHARMA,0.0,10.0,2.8,2026-03-13 12:08:03,19,3,Otoño
110128,AMOXICILINA 500MG CAP. CJAX100UND,MS PHARMA,1.0,0.0,28.0,2026-03-13 12:15:31,4,3,Otoño
110128,AMOXICILINA 500MG CAP. CJAX100UND,MS PHARMA,0.0,10.0,2.8,2026-03-13 13:29:13,17,3,Otoño
110128,AMOXICILINA 500MG CAP. CJAX100UND,MS PHARMA,0.0,10.0,2.8,2026-03-13 14:22:14,10,3,Otoño
110128,AMOXICILINA 500MG CAP. CJAX100UND,MS PHARMA,0.0,10.0,2.8,2026-03-13 16:22:55,7,3,Otoño
110128,AMOXICILINA 500MG CAP. CJAX100UND,MS PHARMA,0.0,10.0,2.8,2026-03-13 17:59:48,3,3,Otoño
110128,AMOXICILINA 500MG CAP. CJAX100UND,MS PHARMA,0.0,10.0,2.8,2026-03-13 20:01:00,2,3,Otoño
110128,AMOXICILINA 500MG CAP. CJAX100UND,MS PHARMA,0.0,10.0,2.8,2026-03-13 21:07:21,16,3,Otoño
110128,AMOXICILINA 500MG CAP. CJAX100UND,MS PHARMA,0.0,10.0,2.8,2026-03-13 21:12:13,9,3,Otoño
110128,AMOXICILINA 500MG CAP. CJAX100UND,MS PHARMA,0.0,10.0,2.8,2026-03-14 09:08:40,3,3,Otoño
110128,AMOXICILINA 500MG CAP. CJAX100UND,MS PHARMA,0.0,10.0,2.8,2026-03-14 09:32:33,8,3,Otoño
110128,AMOXICILINA 500MG CAP. CJAX100UND,MS PHARMA,0.0,10.0,2.8,2026-03-14 15:28:57,9,3,Otoño
110128,AMOXICILINA 500MG CAP. CJAX100UND,MS PHARMA,0.0,10.0,2.8,2026-03-14 16:15:56,3,3,Otoño
110128,AMOXICILINA 500MG CAP. CJAX100UND,MS PHARMA,0.0,9.0,2.52,2026-03-14 17:25:08,18,3,Otoño
110128,AMOXICILINA 500MG CAP. CJAX100UND,MS PHARMA,0.0,10.0,2.8,2026-03-14 17:39:12,9,3,Otoño
110128,AMOXICILINA 500MG CAP. CJAX100UND,MS PHARMA,0.0,10.0,2.8,2026-03-14 18:56:33,5,3,Otoño
110128,AMOXICILINA 500MG CAP. CJAX100UND,MS PHARMA,0.0,10.0,2.8,2026-03-14 22:59:11,5,3,Otoño
110128,AMOXICILINA 500MG CAP. CJAX100UND,MS PHARMA,0.0,10.0,2.8,2026-03-15 07:55:29,7,3,Otoño
110128,AMOXICILINA 500MG CAP. CJAX100UND,MS PHARMA,0.0,20.0,5.6,2026-03-15 13:57:56,5,3,Otoño
110128,AMOXICILINA 500MG CAP. CJAX100UND,MS PHARMA,0.0,20.0,5.6,2026-03-15 20:03:45,1,3,Otoño
110128,AMOXICILINA 500MG CAP. CJAX100UND,MS PHARMA,0.0,6.0,1.68,2026-03-16 09:02:52,18,3,Otoño
110128,AMOXICILINA 500MG CAP. CJAX100UND,MS PHARMA,0.0,20.0,5.6,2026-03-16 12:56:59,9,3,Otoño
110128,AMOXICILINA 500MG CAP. CJAX100UND,MS PHARMA,0.0,10.0,2.8,2026-03-16 13:55:51,9,3,Otoño
110128,AMOXICILINA 500MG CAP. CJAX100UND,MS PHARMA,0.0,10.0,2.8,2026-03-16 16:12:54,17,3,Otoño
110128,AMOXICILINA 500MG CAP. CJAX100UND,MS PHARMA,0.0,10.0,2.8,2026-03-16 18:28:13,1,3,Otoño
110128,AMOXICILINA 500MG CAP. CJAX100UND,MS PHARMA,0.0,10.0,2.8,2026-03-16 21:02:53,2,3,Otoño
110128,AMOXICILINA 500MG CAP. CJAX100UND,MS PHARMA,0.0,10.0,2.8,2026-03-16 21:49:11,3,3,Otoño
110128,AMOXICILINA 500MG CAP. CJAX100UND,MS PHARMA,0.0,10.0,2.8,2026-03-17 08:07:26,1,3,Otoño
110128,AMOXICILINA 500MG CAP. CJAX100UND,MS PHARMA,0.0,10.0,2.8,2026-03-17 11:27:15,19,3,Otoño
110128,AMOXICILINA 500MG CAP. CJAX100UND,MS PHARMA,0.0,-10.0,-2.8,2026-03-17 11:28:50,19,3,Otoño
110128,AMOXICILINA 500MG CAP. CJAX100UND,MS PHARMA,0.0,10.0,2.8,2026-03-17 11:29:54,19,3,Otoño
110128,AMOXICILINA 500MG CAP. CJAX100UND,MS PHARMA,0.0,20.0,5.6,2026-03-17 13:29:04,16,3,Otoño
110128,AMOXICILINA 500MG CAP. CJAX100UND,MS PHARMA,0.0,20.0,5.6,2026-03-17 13:40:31,17,3,Otoño
110128,AMOXICILINA 500MG CAP. CJAX100UND,MS PHARMA,0.0,10.0,2.8,2026-03-18 08:24:03,4,3,Otoño
110128,AMOXICILINA 500MG CAP. CJAX100UND,MS PHARMA,0.0,20.0,5.6,2026-03-18 12:09:24,5,3,Otoño
110128,AMOXICILINA 500MG CAP. CJAX100UND,MS PHARMA,0.0,10.0,2.8,2026-03-18 12:24:55,2,3,Otoño
110128,AMOXICILINA 500MG CAP. CJAX100UND,MS PHARMA,0.0,6.0,1.68,2026-03-18 12:48:34,9,3,Otoño
110128,AMOXICILINA 500MG CAP. CJAX100UND,MS PHARMA,0.0,10.0,2.8,2026-03-18 14:13:32,5,3,Otoño
110128,AMOXICILINA 500MG CAP. CJAX100UND,MS PHARMA,0.0,10.0,2.8,2026-03-18 14:38:27,12,3,Otoño
110128,AMOXICILINA 500MG CAP. CJAX100UND,MS PHARMA,0.0,10.0,2.8,2026-03-18 17:17:37,9,3,Otoño
110128,AMOXICILINA 500MG CAP. CJAX100UND,MS PHARMA,0.0,10.0,2.8,2026-03-18 19:31:32,1,3,Otoño
110128,AMOXICILINA 500MG CAP. CJAX100UND,MS PHARMA,0.0,10.0,2.8,2026-03-18 21:14:00,1,3,Otoño
110128,AMOXICILINA 500MG CAP. CJAX100UND,MS PHARMA,0.0,10.0,2.8,2026-03-18 22:36:05,6,3,Otoño
110128,AMOXICILINA 500MG CAP. CJAX100UND,MS PHARMA,0.0,20.0,5.6,2026-03-19 11:23:34,14,3,Otoño
110128,AMOXICILINA 500MG CAP. CJAX100UND,MS PHARMA,0.0,30.0,8.4,2026-03-19 13:44:47,7,3,Otoño
110128,AMOXICILINA 500MG CAP. CJAX100UND,MS PHARMA,0.0,10.0,2.8,2026-03-19 14:18:13,7,3,Otoño
110128,AMOXICILINA 500MG CAP. CJAX100UND,MS PHARMA,0.0,10.0,2.8,2026-03-19 16:15:20,1,3,Otoño
110128,AMOXICILINA 500MG CAP. CJAX100UND,MS PHARMA,0.0,10.0,2.8,2026-03-19 16:57:28,11,3,Otoño
110128,AMOXICILINA 500MG CAP. CJAX100UND,MS PHARMA,0.0,10.0,2.8,2026-03-19 17:06:22,13,3,Otoño
110128,AMOXICILINA 500MG CAP. CJAX100UND,MS PHARMA,0.0,15.0,4.2,2026-03-19 18:01:58,14,3,Otoño
110128,AMOXICILINA 500MG CAP. CJAX100UND,MS PHARMA,0.0,5.0,1.4,2026-03-19 18:14:27,14,3,Otoño
110128,AMOXICILINA 500MG CAP. CJAX100UND,MS PHARMA,0.0,10.0,2.8,2026-03-19 19:58:04,3,3,Otoño
110128,AMOXICILINA 500MG CAP. CJAX100UND,MS PHARMA,0.0,10.0,2.8,2026-03-19 22:28:57,10,3,Otoño
110128,AMOXICILINA 500MG CAP. CJAX100UND,MS PHARMA,0.0,10.0,2.8,2026-03-19 22:58:40,7,3,Otoño
110128,AMOXICILINA 500MG CAP. CJAX100UND,MS PHARMA,0.0,20.0,5.6,2026-03-20 14:56:31,2,3,Otoño
110128,AMOXICILINA 500MG CAP. CJAX100UND,MS PHARMA,0.0,10.0,2.8,2026-03-20 22:30:26,18,3,Otoño
110128,AMOXICILINA 500MG CAP. CJAX100UND,MS PHARMA,0.0,10.0,2.8,2026-03-21 11:33:22,5,3,Otoño
110128,AMOXICILINA 500MG CAP. CJAX100UND,MS PHARMA,0.0,10.0,2.8,2026-03-21 11:56:12,19,3,Otoño
110128,AMOXICILINA 500MG CAP. CJAX100UND,MS PHARMA,0.0,10.0,2.8,2026-03-21 15:07:52,9,3,Otoño
110128,AMOXICILINA 500MG CAP. CJAX100UND,MS PHARMA,0.0,10.0,2.8,2026-03-21 17:03:14,6,3,Otoño
110128,AMOXICILINA 500MG CAP. CJAX100UND,MS PHARMA,0.0,10.0,2.8,2026-03-21 18:22:15,9,3,Otoño
110128,AMOXICILINA 500MG CAP. CJAX100UND,MS PHARMA,0.0,10.0,2.8,2026-03-21 20:17:15,16,3,Otoño
110128,AMOXICILINA 500MG CAP. CJAX100UND,MS PHARMA,0.0,10.0,2.8,2026-03-22 07:49:20,4,3,Otoño
110128,AMOXICILINA 500MG CAP. CJAX100UND,MS PHARMA,0.0,5.0,1.4,2026-03-22 12:44:21,17,3,Otoño
110128,AMOXICILINA 500MG CAP. CJAX100UND,MS PHARMA,0.0,10.0,2.8,2026-03-22 18:42:54,9,3,Otoño
110128,AMOXICILINA 500MG CAP. CJAX100UND,MS PHARMA,0.0,10.0,2.8,2026-03-22 19:02:47,16,3,Otoño
110128,AMOXICILINA 500MG CAP. CJAX100UND,MS PHARMA,0.0,10.0,2.8,2026-03-22 21:12:26,9,3,Otoño
110128,AMOXICILINA 500MG CAP. CJAX100UND,MS PHARMA,0.0,10.0,2.8,2026-03-23 07:03:28,9,3,Otoño
110128,AMOXICILINA 500MG CAP. CJAX100UND,MS PHARMA,0.0,10.0,2.8,2026-03-23 07:39:05,6,3,Otoño
110128,AMOXICILINA 500MG CAP. CJAX100UND,MS PHARMA,0.0,10.0,2.8,2026-03-23 09:14:40,3,3,Otoño
110128,AMOXICILINA 500MG CAP. CJAX100UND,MS PHARMA,0.0,20.0,5.6,2026-03-23 12:13:34,2,3,Otoño
110128,AMOXICILINA 500MG CAP. CJAX100UND,MS PHARMA,0.0,10.0,2.8,2026-03-23 17:41:54,2,3,Otoño
110128,AMOXICILINA 500MG CAP. CJAX100UND,MS PHARMA,0.0,20.0,5.6,2026-03-23 18:08:39,8,3,Otoño
110128,AMOXICILINA 500MG CAP. CJAX100UND,MS PHARMA,0.0,10.0,2.8,2026-03-23 19:06:14,3,3,Otoño
110128,AMOXICILINA 500MG CAP. CJAX100UND,MS PHARMA,0.0,10.0,2.8,2026-03-23 19:27:31,2,3,Otoño
110128,AMOXICILINA 500MG CAP. CJAX100UND,MS PHARMA,0.0,10.0,2.8,2026-03-23 19:37:36,3,3,Otoño
110128,AMOXICILINA 500MG CAP. CJAX100UND,MS PHARMA,0.0,10.0,2.8,2026-03-23 19:45:54,1,3,Otoño
110128,AMOXICILINA 500MG CAP. CJAX100UND,MS PHARMA,0.0,10.0,2.8,2026-03-23 20:56:18,2,3,Otoño
110128,AMOXICILINA 500MG CAP. CJAX100UND,MS PHARMA,0.0,10.0,2.8,2026-03-23 21:24:32,5,3,Otoño
110128,AMOXICILINA 500MG CAP. CJAX100UND,MS PHARMA,0.0,10.0,2.8,2026-03-24 10:05:24,2,3,Otoño
110128,AMOXICILINA 500MG CAP. CJAX100UND,MS PHARMA,0.0,7.0,1.96,2026-03-24 13:21:51,1,3,Otoño
110128,AMOXICILINA 500MG CAP. CJAX100UND,MS PHARMA,0.0,10.0,2.8,2026-03-24 13:44:08,9,3,Otoño
110128,AMOXICILINA 500MG CAP. CJAX100UND,MS PHARMA,0.0,2.0,0.56,2026-03-24 14:50:11,2,3,Otoño
110128,AMOXICILINA 500MG CAP. CJAX100UND,MS PHARMA,0.0,20.0,5.6,2026-03-24 15:56:27,12,3,Otoño
110128,AMOXICILINA 500MG CAP. CJAX100UND,MS PHARMA,0.0,10.0,2.8,2026-03-24 16:25:03,3,3,Otoño
110128,AMOXICILINA 500MG CAP. CJAX100UND,MS PHARMA,0.0,10.0,2.8,2026-03-24 18:58:06,5,3,Otoño
110128,AMOXICILINA 500MG CAP. CJAX100UND,MS PHARMA,0.0,10.0,2.8,2026-03-24 19:06:20,2,3,Otoño
110128,AMOXICILINA 500MG CAP. CJAX100UND,MS PHARMA,0.0,5.0,1.4,2026-03-25 16:44:34,2,3,Otoño
110128,AMOXICILINA 500MG CAP. CJAX100UND,MS PHARMA,0.0,5.0,1.4,2026-03-25 17:14:46,9,3,Otoño
110128,AMOXICILINA 500MG CAP. CJAX100UND,MS PHARMA,0.0,10.0,2.8,2026-03-25 20:41:48,2,3,Otoño
110128,AMOXICILINA 500MG CAP. CJAX100UND,MS PHARMA,0.0,10.0,2.8,2026-03-25 21:08:58,5,3,Otoño
110128,AMOXICILINA 500MG CAP. CJAX100UND,MS PHARMA,0.0,10.0,2.8,2026-03-25 21:26:55,7,3,Otoño
110128,AMOXICILINA 500MG CAP. CJAX100UND,MS PHARMA,0.0,10.0,2.8,2026-03-25 22:11:38,7,3,Otoño
110128,AMOXICILINA 500MG CAP. CJAX100UND,MS PHARMA,0.0,2.0,0.56,2026-03-25 22:20:14,18,3,Otoño
110128,AMOXICILINA 500MG CAP. CJAX100UND,MS PHARMA,0.0,2.0,0.56,2026-03-26 07:53:18,7,3,Otoño
110128,AMOXICILINA 500MG CAP. CJAX100UND,MS PHARMA,0.0,10.0,2.8,2026-03-26 14:14:52,8,3,Otoño
110128,AMOXICILINA 500MG CAP. CJAX100UND,MS PHARMA,1.0,0.0,28.0,2026-03-26 18:12:03,3,3,Otoño
110128,AMOXICILINA 500MG CAP. CJAX100UND,MS PHARMA,0.0,10.0,2.8,2026-03-26 18:33:20,2,3,Otoño
110128,AMOXICILINA 500MG CAP. CJAX100UND,MS PHARMA,0.0,10.0,2.8,2026-03-26 19:00:03,1,3,Otoño
110128,AMOXICILINA 500MG CAP. CJAX100UND,MS PHARMA,0.0,10.0,2.8,2026-03-26 20:06:28,4,3,Otoño
110128,AMOXICILINA 500MG CAP. CJAX100UND,MS PHARMA,0.0,10.0,2.8,2026-03-26 20:13:06,9,3,Otoño
110128,AMOXICILINA 500MG CAP. CJAX100UND,MS PHARMA,0.0,10.0,2.8,2026-03-26 20:37:22,18,3,Otoño
110128,AMOXICILINA 500MG CAP. CJAX100UND,MS PHARMA,0.0,10.0,2.8,2026-03-26 21:14:17,9,3,Otoño
110128,AMOXICILINA 500MG CAP. CJAX100UND,MS PHARMA,0.0,10.0,2.8,2026-03-26 22:12:41,2,3,Otoño
110128,AMOXICILINA 500MG CAP. CJAX100UND,MS PHARMA,0.0,20.0,5.6,2026-03-27 08:24:37,5,3,Otoño
110128,AMOXICILINA 500MG CAP. CJAX100UND,MS PHARMA,0.0,10.0,2.8,2026-03-27 10:13:01,16,3,Otoño
110128,AMOXICILINA 500MG CAP. CJAX100UND,MS PHARMA,0.0,10.0,2.8,2026-03-27 10:27:33,3,3,Otoño
110128,AMOXICILINA 500MG CAP. CJAX100UND,MS PHARMA,0.0,10.0,2.8,2026-03-27 12:58:54,9,3,Otoño
110128,AMOXICILINA 500MG CAP. CJAX100UND,MS PHARMA,0.0,10.0,2.8,2026-03-27 14:31:33,2,3,Otoño
110128,AMOXICILINA 500MG CAP. CJAX100UND,MS PHARMA,0.0,10.0,2.8,2026-03-27 17:52:23,2,3,Otoño
110128,AMOXICILINA 500MG CAP. CJAX100UND,MS PHARMA,0.0,20.0,5.6,2026-03-27 18:31:44,1,3,Otoño
110128,AMOXICILINA 500MG CAP. CJAX100UND,MS PHARMA,0.0,10.0,2.8,2026-03-27 20:12:06,8,3,Otoño
110128,AMOXICILINA 500MG CAP. CJAX100UND,MS PHARMA,0.0,16.0,4.48,2026-03-27 21:27:01,9,3,Otoño
110128,AMOXICILINA 500MG CAP. CJAX100UND,MS PHARMA,0.0,10.0,2.8,2026-03-27 21:49:13,9,3,Otoño
110128,AMOXICILINA 500MG CAP. CJAX100UND,MS PHARMA,0.0,20.0,5.6,2026-03-27 23:26:14,5,3,Otoño
110128,AMOXICILINA 500MG CAP. CJAX100UND,MS PHARMA,0.0,10.0,2.8,2026-03-28 08:55:26,6,3,Otoño
110128,AMOXICILINA 500MG CAP. CJAX100UND,MS PHARMA,0.0,10.0,2.8,2026-03-28 10:01:59,9,3,Otoño
110128,AMOXICILINA 500MG CAP. CJAX100UND,MS PHARMA,0.0,10.0,2.8,2026-03-28 10:43:36,18,3,Otoño
110128,AMOXICILINA 500MG CAP. CJAX100UND,MS PHARMA,0.0,10.0,2.8,2026-03-28 10:48:44,6,3,Otoño
110128,AMOXICILINA 500MG CAP. CJAX100UND,MS PHARMA,0.0,10.0,2.8,2026-03-28 12:59:31,6,3,Otoño
110128,AMOXICILINA 500MG CAP. CJAX100UND,MS PHARMA,0.0,10.0,2.8,2026-03-28 16:21:24,16,3,Otoño
110128,AMOXICILINA 500MG CAP. CJAX100UND,MS PHARMA,0.0,3.0,0.84,2026-03-28 17:43:04,19,3,Otoño
110128,AMOXICILINA 500MG CAP. CJAX100UND,MS PHARMA,0.0,10.0,2.8,2026-03-28 17:59:40,8,3,Otoño
110128,AMOXICILINA 500MG CAP. CJAX100UND,MS PHARMA,0.0,10.0,2.8,2026-03-28 20:11:30,8,3,Otoño
110128,AMOXICILINA 500MG CAP. CJAX100UND,MS PHARMA,0.0,10.0,2.8,2026-03-28 20:45:36,2,3,Otoño
110128,AMOXICILINA 500MG CAP. CJAX100UND,MS PHARMA,0.0,10.0,2.8,2026-03-28 21:47:47,16,3,Otoño
110128,AMOXICILINA 500MG CAP. CJAX100UND,MS PHARMA,0.0,10.0,2.8,2026-03-29 08:06:11,19,3,Otoño
110128,AMOXICILINA 500MG CAP. CJAX100UND,MS PHARMA,0.0,10.0,2.8,2026-03-29 10:34:50,2,3,Otoño
110128,AMOXICILINA 500MG CAP. CJAX100UND,MS PHARMA,0.0,10.0,2.8,2026-03-29 12:42:50,9,3,Otoño
110128,AMOXICILINA 500MG CAP. CJAX100UND,MS PHARMA,0.0,20.0,5.6,2026-03-29 14:03:45,7,3,Otoño
110128,AMOXICILINA 500MG CAP. CJAX100UND,MS PHARMA,0.0,5.0,1.4,2026-03-29 15:17:21,19,3,Otoño
110128,AMOXICILINA 500MG CAP. CJAX100UND,MS PHARMA,0.0,10.0,2.8,2026-03-29 19:50:45,3,3,Otoño
110128,AMOXICILINA 500MG CAP. CJAX100UND,MS PHARMA,0.0,10.0,2.8,2026-03-29 19:56:30,15,3,Otoño
110128,AMOXICILINA 500MG CAP. CJAX100UND,MS PHARMA,0.0,20.0,5.6,2026-03-29 21:05:41,16,3,Otoño
110128,AMOXICILINA 500MG CAP. CJAX100UND,MS PHARMA,0.0,20.0,5.6,2026-03-30 08:20:27,2,3,Otoño
110128,AMOXICILINA 500MG CAP. CJAX100UND,MS PHARMA,0.0,10.0,2.8,2026-03-30 08:39:35,11,3,Otoño
110128,AMOXICILINA 500MG CAP. CJAX100UND,MS PHARMA,0.0,10.0,2.8,2026-03-30 08:41:46,11,3,Otoño
110128,AMOXICILINA 500MG CAP. CJAX100UND,MS PHARMA,0.0,10.0,2.8,2026-03-30 09:22:09,14,3,Otoño
110128,AMOXICILINA 500MG CAP. CJAX100UND,MS PHARMA,0.0,10.0,2.8,2026-03-30 09:41:21,6,3,Otoño
110128,AMOXICILINA 500MG CAP. CJAX100UND,MS PHARMA,0.0,20.0,5.6,2026-03-30 09:47:12,3,3,Otoño
110128,AMOXICILINA 500MG CAP. CJAX100UND,MS PHARMA,0.0,10.0,2.8,2026-03-30 13:30:33,9,3,Otoño
110128,AMOXICILINA 500MG CAP. CJAX100UND,MS PHARMA,0.0,10.0,2.8,2026-03-30 18:10:56,12,3,Otoño
110128,AMOXICILINA 500MG CAP. CJAX100UND,MS PHARMA,0.0,40.0,11.2,2026-03-30 18:54:25,18,3,Otoño
110128,AMOXICILINA 500MG CAP. CJAX100UND,MS PHARMA,0.0,10.0,2.8,2026-03-30 20:18:45,1,3,Otoño
110128,AMOXICILINA 500MG CAP. CJAX100UND,MS PHARMA,0.0,10.0,2.8,2026-03-30 20:25:16,5,3,Otoño
110128,AMOXICILINA 500MG CAP. CJAX100UND,MS PHARMA,0.0,10.0,2.8,2026-03-30 20:42:50,19,3,Otoño
110128,AMOXICILINA 500MG CAP. CJAX100UND,MS PHARMA,0.0,10.0,2.8,2026-03-30 21:19:39,12,3,Otoño
110128,AMOXICILINA 500MG CAP. CJAX100UND,MS PHARMA,0.0,30.0,8.4,2026-03-30 23:31:00,16,3,Otoño
110128,AMOXICILINA 500MG CAP. CJAX100UND,MS PHARMA,0.0,10.0,2.8,2026-03-31 09:23:20,4,3,Otoño
110128,AMOXICILINA 500MG CAP. CJAX100UND,MS PHARMA,0.0,10.0,2.8,2026-03-31 09:30:32,19,3,Otoño
110128,AMOXICILINA 500MG CAP. CJAX100UND,MS PHARMA,0.0,10.0,2.8,2026-03-31 10:08:26,2,3,Otoño
110128,AMOXICILINA 500MG CAP. CJAX100UND,MS PHARMA,0.0,20.0,5.32,2026-03-31 16:30:31,17,3,Otoño
110128,AMOXICILINA 500MG CAP. CJAX100UND,MS PHARMA,0.0,10.0,2.8,2026-03-31 18:42:16,2,3,Otoño
110128,AMOXICILINA 500MG CAP. CJAX100UND,MS PHARMA,0.0,2.0,0.56,2026-03-31 19:53:06,17,3,Otoño
110128,AMOXICILINA 500MG CAP. CJAX100UND,MS PHARMA,0.0,10.0,2.8,2026-03-31 20:35:58,13,3,Otoño
110128,AMOXICILINA 500MG CAP. CJAX100UND,MS PHARMA,0.0,10.0,2.8,2026-03-31 21:37:05,17,3,Otoño
110128,AMOXICILINA 500MG CAP. CJAX100UND,MS PHARMA,0.0,10.0,2.8,2026-03-31 21:43:17,9,3,Otoño
110128,AMOXICILINA 500MG CAP. CJAX100UND,MS PHARMA,0.0,30.0,8.4,2026-04-01 09:36:52,2,4,Otoño
110128,AMOXICILINA 500MG CAP. CJAX100UND,MS PHARMA,0.0,10.0,2.8,2026-04-01 09:46:51,5,4,Otoño
110128,AMOXICILINA 500MG CAP. CJAX100UND,MS PHARMA,0.0,20.0,5.6,2026-04-01 10:00:23,1,4,Otoño
110128,AMOXICILINA 500MG CAP. CJAX100UND,MS PHARMA,0.0,10.0,2.8,2026-04-01 13:05:53,10,4,Otoño
110128,AMOXICILINA 500MG CAP. CJAX100UND,MS PHARMA,0.0,10.0,2.8,2026-04-01 14:32:24,3,4,Otoño
110128,AMOXICILINA 500MG CAP. CJAX100UND,MS PHARMA,0.0,10.0,2.8,2026-04-01 15:24:26,8,4,Otoño
110128,AMOXICILINA 500MG CAP. CJAX100UND,MS PHARMA,0.0,30.0,8.4,2026-04-01 17:01:23,2,4,Otoño
110128,AMOXICILINA 500MG CAP. CJAX100UND,MS PHARMA,0.0,10.0,2.8,2026-04-01 17:10:08,2,4,Otoño
110128,AMOXICILINA 500MG CAP. CJAX100UND,MS PHARMA,0.0,10.0,2.8,2026-04-01 18:13:26,2,4,Otoño
110128,AMOXICILINA 500MG CAP. CJAX100UND,MS PHARMA,0.0,10.0,2.8,2026-04-01 18:22:02,8,4,Otoño
110128,AMOXICILINA 500MG CAP. CJAX100UND,MS PHARMA,0.0,20.0,5.6,2026-04-01 18:46:43,2,4,Otoño
110128,AMOXICILINA 500MG CAP. CJAX100UND,MS PHARMA,0.0,10.0,2.8,2026-04-01 19:05:19,8,4,Otoño
110128,AMOXICILINA 500MG CAP. CJAX100UND,MS PHARMA,0.0,10.0,2.8,2026-04-01 20:47:13,1,4,Otoño
110128,AMOXICILINA 500MG CAP. CJAX100UND,MS PHARMA,0.0,10.0,2.8,2026-04-01 21:17:45,5,4,Otoño
110128,AMOXICILINA 500MG CAP. CJAX100UND,MS PHARMA,0.0,10.0,2.8,2026-04-02 09:11:20,5,4,Otoño
110128,AMOXICILINA 500MG CAP. CJAX100UND,MS PHARMA,0.0,20.0,5.6,2026-04-02 09:35:39,3,4,Otoño
110128,AMOXICILINA 500MG CAP. CJAX100UND,MS PHARMA,0.0,20.0,5.6,2026-04-02 09:37:59,3,4,Otoño
110128,AMOXICILINA 500MG CAP. CJAX100UND,MS PHARMA,0.0,10.0,2.8,2026-04-02 10:38:20,6,4,Otoño
110128,AMOXICILINA 500MG CAP. CJAX100UND,MS PHARMA,0.0,10.0,2.8,2026-04-02 11:29:03,13,4,Otoño
110128,AMOXICILINA 500MG CAP. CJAX100UND,MS PHARMA,0.0,10.0,2.8,2026-04-02 12:51:09,8,4,Otoño
110128,AMOXICILINA 500MG CAP. CJAX100UND,MS PHARMA,0.0,10.0,2.8,2026-04-02 19:50:40,2,4,Otoño
110128,AMOXICILINA 500MG CAP. CJAX100UND,MS PHARMA,0.0,10.0,2.8,2026-04-02 21:02:56,12,4,Otoño
110128,AMOXICILINA 500MG CAP. CJAX100UND,MS PHARMA,0.0,10.0,2.8,2026-04-03 07:08:05,19,4,Otoño
110128,AMOXICILINA 500MG CAP. CJAX100UND,MS PHARMA,0.0,10.0,2.8,2026-04-03 12:25:29,7,4,Otoño
110128,AMOXICILINA 500MG CAP. CJAX100UND,MS PHARMA,0.0,10.0,2.8,2026-04-03 12:32:21,1,4,Otoño
110128,AMOXICILINA 500MG CAP. CJAX100UND,MS PHARMA,0.0,20.0,5.6,2026-04-03 16:36:57,1,4,Otoño
110128,AMOXICILINA 500MG CAP. CJAX100UND,MS PHARMA,0.0,10.0,2.8,2026-04-03 17:18:54,3,4,Otoño
110128,AMOXICILINA 500MG CAP. CJAX100UND,MS PHARMA,0.0,20.0,5.6,2026-04-03 19:17:37,8,4,Otoño
110128,AMOXICILINA 500MG CAP. CJAX100UND,MS PHARMA,0.0,10.0,2.8,2026-04-03 19:25:49,19,4,Otoño
110128,AMOXICILINA 500MG CAP. CJAX100UND,MS PHARMA,0.0,10.0,2.8,2026-04-03 19:56:29,6,4,Otoño
110128,AMOXICILINA 500MG CAP. CJAX100UND,MS PHARMA,0.0,20.0,5.6,2026-04-03 21:19:35,16,4,Otoño
110128,AMOXICILINA 500MG CAP. CJAX100UND,MS PHARMA,0.0,10.0,2.8,2026-04-03 21:30:48,18,4,Otoño
110128,AMOXICILINA 500MG CAP. CJAX100UND,MS PHARMA,0.0,10.0,2.8,2026-04-04 10:22:11,2,4,Otoño
110128,AMOXICILINA 500MG CAP. CJAX100UND,MS PHARMA,0.0,10.0,2.8,2026-04-04 10:40:13,1,4,Otoño
110128,AMOXICILINA 500MG CAP. CJAX100UND,MS PHARMA,0.0,10.0,2.8,2026-04-04 12:04:20,8,4,Otoño
110128,AMOXICILINA 500MG CAP. CJAX100UND,MS PHARMA,0.0,10.0,2.8,2026-04-04 13:01:00,3,4,Otoño
110128,AMOXICILINA 500MG CAP. CJAX100UND,MS PHARMA,0.0,10.0,2.8,2026-04-04 14:00:46,9,4,Otoño
110128,AMOXICILINA 500MG CAP. CJAX100UND,MS PHARMA,0.0,10.0,2.8,2026-04-04 16:20:45,17,4,Otoño
110128,AMOXICILINA 500MG CAP. CJAX100UND,MS PHARMA,0.0,10.0,2.8,2026-04-04 16:40:48,2,4,Otoño
110128,AMOXICILINA 500MG CAP. CJAX100UND,MS PHARMA,0.0,15.0,4.2,2026-04-04 17:00:33,9,4,Otoño
110128,AMOXICILINA 500MG CAP. CJAX100UND,MS PHARMA,0.0,20.0,5.6,2026-04-04 18:25:56,9,4,Otoño
110128,AMOXICILINA 500MG CAP. CJAX100UND,MS PHARMA,0.0,5.0,1.4,2026-04-04 18:53:37,12,4,Otoño
110128,AMOXICILINA 500MG CAP. CJAX100UND,MS PHARMA,0.0,10.0,2.8,2026-04-04 19:44:09,9,4,Otoño
110128,AMOXICILINA 500MG CAP. CJAX100UND,MS PHARMA,0.0,5.0,1.4,2026-04-04 20:52:59,19,4,Otoño
110128,AMOXICILINA 500MG CAP. CJAX100UND,MS PHARMA,0.0,10.0,2.8,2026-04-04 23:22:10,5,4,Otoño
110128,AMOXICILINA 500MG CAP. CJAX100UND,MS PHARMA,0.0,10.0,2.8,2026-04-05 08:34:28,1,4,Otoño
110128,AMOXICILINA 500MG CAP. CJAX100UND,MS PHARMA,0.0,4.0,1.12,2026-04-05 09:13:13,18,4,Otoño
110128,AMOXICILINA 500MG CAP. CJAX100UND,MS PHARMA,0.0,5.0,1.4,2026-04-05 12:07:45,9,4,Otoño
110128,AMOXICILINA 500MG CAP. CJAX100UND,MS PHARMA,0.0,10.0,2.8,2026-04-05 12:10:12,2,4,Otoño
110128,AMOXICILINA 500MG CAP. CJAX100UND,MS PHARMA,0.0,10.0,2.8,2026-04-05 12:33:24,5,4,Otoño
110128,AMOXICILINA 500MG CAP. CJAX100UND,MS PHARMA,0.0,10.0,2.8,2026-04-05 12:55:06,9,4,Otoño
110128,AMOXICILINA 500MG CAP. CJAX100UND,MS PHARMA,0.0,10.0,2.8,2026-04-05 14:02:35,12,4,Otoño
110128,AMOXICILINA 500MG CAP. CJAX100UND,MS PHARMA,0.0,10.0,2.8,2026-04-05 14:51:45,8,4,Otoño
110128,AMOXICILINA 500MG CAP. CJAX100UND,MS PHARMA,0.0,20.0,5.6,2026-04-05 15:43:39,11,4,Otoño
110128,AMOXICILINA 500MG CAP. CJAX100UND,MS PHARMA,0.0,10.0,2.8,2026-04-05 17:51:45,1,4,Otoño
110128,AMOXICILINA 500MG CAP. CJAX100UND,MS PHARMA,0.0,10.0,2.8,2026-04-05 18:01:01,2,4,Otoño
110128,AMOXICILINA 500MG CAP. CJAX100UND,MS PHARMA,0.0,10.0,2.8,2026-04-05 18:12:20,2,4,Otoño
110128,AMOXICILINA 500MG CAP. CJAX100UND,MS PHARMA,0.0,5.0,1.4,2026-04-05 18:48:43,12,4,Otoño
110128,AMOXICILINA 500MG CAP. CJAX100UND,MS PHARMA,0.0,50.0,14.0,2026-04-05 19:24:07,1,4,Otoño
110128,AMOXICILINA 500MG CAP. CJAX100UND,MS PHARMA,0.0,10.0,2.8,2026-04-05 19:35:44,12,4,Otoño
110128,AMOXICILINA 500MG CAP. CJAX100UND,MS PHARMA,0.0,10.0,2.8,2026-04-05 20:26:54,3,4,Otoño
110128,AMOXICILINA 500MG CAP. CJAX100UND,MS PHARMA,0.0,-10.0,-2.8,2026-04-05 20:48:05,3,4,Otoño
110128,AMOXICILINA 500MG CAP. CJAX100UND,MS PHARMA,0.0,10.0,2.8,2026-04-05 21:47:38,5,4,Otoño
110128,AMOXICILINA 500MG CAP. CJAX100UND,MS PHARMA,0.0,3.0,0.84,2026-04-05 21:55:24,3,4,Otoño
110128,AMOXICILINA 500MG CAP. CJAX100UND,MS PHARMA,0.0,10.0,2.8,2026-04-05 22:01:55,16,4,Otoño
110128,AMOXICILINA 500MG CAP. CJAX100UND,MS PHARMA,0.0,20.0,5.6,2026-04-05 22:10:35,14,4,Otoño
110128,AMOXICILINA 500MG CAP. CJAX100UND,MS PHARMA,0.0,10.0,2.8,2026-04-05 22:34:48,18,4,Otoño
110128,AMOXICILINA 500MG CAP. CJAX100UND,MS PHARMA,0.0,10.0,2.8,2026-04-05 22:57:36,16,4,Otoño
110128,AMOXICILINA 500MG CAP. CJAX100UND,MS PHARMA,0.0,10.0,2.8,2026-04-06 07:36:35,6,4,Otoño
110128,AMOXICILINA 500MG CAP. CJAX100UND,MS PHARMA,0.0,10.0,2.8,2026-04-06 08:38:43,5,4,Otoño
110128,AMOXICILINA 500MG CAP. CJAX100UND,MS PHARMA,0.0,10.0,2.8,2026-04-06 09:19:40,9,4,Otoño
110128,AMOXICILINA 500MG CAP. CJAX100UND,MS PHARMA,0.0,10.0,2.8,2026-04-06 09:28:12,19,4,Otoño
110128,AMOXICILINA 500MG CAP. CJAX100UND,MS PHARMA,0.0,10.0,2.8,2026-04-06 10:52:25,6,4,Otoño
110128,AMOXICILINA 500MG CAP. CJAX100UND,MS PHARMA,0.0,10.0,2.8,2026-04-06 11:02:09,5,4,Otoño
110128,AMOXICILINA 500MG CAP. CJAX100UND,MS PHARMA,0.0,10.0,2.8,2026-04-06 11:17:40,12,4,Otoño
110128,AMOXICILINA 500MG CAP. CJAX100UND,MS PHARMA,0.0,10.0,2.8,2026-04-06 11:25:25,9,4,Otoño
110128,AMOXICILINA 500MG CAP. CJAX100UND,MS PHARMA,0.0,10.0,2.8,2026-04-06 11:25:48,5,4,Otoño
110128,AMOXICILINA 500MG CAP. CJAX100UND,MS PHARMA,0.0,10.0,2.8,2026-04-06 13:06:28,7,4,Otoño
110128,AMOXICILINA 500MG CAP. CJAX100UND,MS PHARMA,0.0,-10.0,-2.8,2026-04-06 13:10:07,7,4,Otoño
110128,AMOXICILINA 500MG CAP. CJAX100UND,MS PHARMA,0.0,10.0,2.8,2026-04-06 13:11:16,7,4,Otoño
110128,AMOXICILINA 500MG CAP. CJAX100UND,MS PHARMA,0.0,15.0,4.2,2026-04-06 14:56:33,8,4,Otoño
110128,AMOXICILINA 500MG CAP. CJAX100UND,MS PHARMA,0.0,10.0,2.8,2026-04-06 16:19:51,17,4,Otoño
110128,AMOXICILINA 500MG CAP. CJAX100UND,MS PHARMA,1.0,0.0,28.0,2026-04-06 16:46:38,3,4,Otoño
110128,AMOXICILINA 500MG CAP. CJAX100UND,MS PHARMA,0.0,10.0,2.8,2026-04-06 17:47:27,5,4,Otoño
110128,AMOXICILINA 500MG CAP. CJAX100UND,MS PHARMA,0.0,10.0,2.8,2026-04-06 18:04:39,6,4,Otoño
110128,AMOXICILINA 500MG CAP. CJAX100UND,MS PHARMA,0.0,10.0,2.8,2026-04-06 18:59:45,4,4,Otoño
110128,AMOXICILINA 500MG CAP. CJAX100UND,MS PHARMA,0.0,10.0,2.8,2026-04-06 19:57:17,2,4,Otoño
110128,AMOXICILINA 500MG CAP. CJAX100UND,MS PHARMA,0.0,10.0,2.8,2026-04-06 20:37:59,3,4,Otoño
110128,AMOXICILINA 500MG CAP. CJAX100UND,MS PHARMA,0.0,10.0,2.8,2026-04-06 20:50:34,2,4,Otoño
110128,AMOXICILINA 500MG CAP. CJAX100UND,MS PHARMA,0.0,3.0,0.84,2026-04-06 21:45:32,3,4,Otoño
110128,AMOXICILINA 500MG CAP. CJAX100UND,MS PHARMA,0.0,10.0,2.8,2026-04-07 08:43:52,5,4,Otoño
110128,AMOXICILINA 500MG CAP. CJAX100UND,MS PHARMA,0.0,20.0,5.6,2026-04-07 14:33:19,9,4,Otoño
110128,AMOXICILINA 500MG CAP. CJAX100UND,MS PHARMA,0.0,20.0,5.6,2026-04-07 16:30:29,12,4,Otoño
110128,AMOXICILINA 500MG CAP. CJAX100UND,MS PHARMA,0.0,10.0,2.8,2026-04-07 16:45:41,3,4,Otoño
110128,AMOXICILINA 500MG CAP. CJAX100UND,MS PHARMA,0.0,10.0,2.8,2026-04-07 17:46:44,3,4,Otoño
110128,AMOXICILINA 500MG CAP. CJAX100UND,MS PHARMA,0.0,40.0,11.2,2026-04-07 18:51:40,8,4,Otoño
110128,AMOXICILINA 500MG CAP. CJAX100UND,MS PHARMA,0.0,10.0,2.8,2026-04-07 19:03:17,5,4,Otoño
110128,AMOXICILINA 500MG CAP. CJAX100UND,MS PHARMA,0.0,10.0,2.8,2026-04-07 19:11:54,7,4,Otoño
110128,AMOXICILINA 500MG CAP. CJAX100UND,MS PHARMA,0.0,10.0,2.8,2026-04-07 19:45:26,8,4,Otoño
110128,AMOXICILINA 500MG CAP. CJAX100UND,MS PHARMA,0.0,10.0,2.8,2026-04-07 21:12:02,3,4,Otoño
110128,AMOXICILINA 500MG CAP. CJAX100UND,MS PHARMA,0.0,10.0,2.8,2026-04-07 21:43:30,15,4,Otoño
110128,AMOXICILINA 500MG CAP. CJAX100UND,MS PHARMA,0.0,20.0,5.6,2026-04-08 08:49:48,1,4,Otoño
110128,AMOXICILINA 500MG CAP. CJAX100UND,MS PHARMA,0.0,10.0,2.8,2026-04-08 09:30:59,19,4,Otoño
110128,AMOXICILINA 500MG CAP. CJAX100UND,MS PHARMA,0.0,20.0,5.6,2026-04-08 13:56:10,1,4,Otoño
110128,AMOXICILINA 500MG CAP. CJAX100UND,MS PHARMA,0.0,10.0,2.8,2026-04-08 16:14:31,6,4,Otoño
110128,AMOXICILINA 500MG CAP. CJAX100UND,MS PHARMA,0.0,13.0,3.64,2026-04-08 17:44:11,13,4,Otoño
110128,AMOXICILINA 500MG CAP. CJAX100UND,MS PHARMA,0.0,10.0,2.8,2026-04-08 18:09:48,9,4,Otoño
110128,AMOXICILINA 500MG CAP. CJAX100UND,MS PHARMA,0.0,10.0,2.8,2026-04-08 18:53:14,3,4,Otoño
110128,AMOXICILINA 500MG CAP. CJAX100UND,MS PHARMA,0.0,10.0,2.8,2026-04-08 19:02:44,11,4,Otoño
110128,AMOXICILINA 500MG CAP. CJAX100UND,MS PHARMA,0.0,2.0,0.56,2026-04-08 20:39:38,17,4,Otoño
110128,AMOXICILINA 500MG CAP. CJAX100UND,MS PHARMA,0.0,20.0,5.6,2026-04-08 20:44:55,7,4,Otoño
110128,AMOXICILINA 500MG CAP. CJAX100UND,MS PHARMA,0.0,10.0,2.8,2026-04-08 21:16:08,9,4,Otoño
110128,AMOXICILINA 500MG CAP. CJAX100UND,MS PHARMA,0.0,10.0,2.8,2026-04-08 21:20:38,3,4,Otoño
110128,AMOXICILINA 500MG CAP. CJAX100UND,MS PHARMA,0.0,10.0,2.8,2026-04-08 21:23:46,3,4,Otoño
110128,AMOXICILINA 500MG CAP. CJAX100UND,MS PHARMA,0.0,10.0,2.8,2026-04-09 07:51:30,9,4,Otoño
110128,AMOXICILINA 500MG CAP. CJAX100UND,MS PHARMA,0.0,10.0,2.8,2026-04-09 10:32:29,11,4,Otoño
110128,AMOXICILINA 500MG CAP. CJAX100UND,MS PHARMA,0.0,15.0,4.2,2026-04-09 11:41:14,1,4,Otoño
110128,AMOXICILINA 500MG CAP. CJAX100UND,MS PHARMA,0.0,10.0,2.8,2026-04-09 16:43:57,7,4,Otoño
110128,AMOXICILINA 500MG CAP. CJAX100UND,MS PHARMA,0.0,10.0,2.8,2026-04-09 18:10:41,2,4,Otoño
110128,AMOXICILINA 500MG CAP. CJAX100UND,MS PHARMA,0.0,10.0,2.8,2026-04-09 18:16:38,2,4,Otoño
110128,AMOXICILINA 500MG CAP. CJAX100UND,MS PHARMA,0.0,10.0,2.8,2026-04-09 18:41:54,7,4,Otoño
110128,AMOXICILINA 500MG CAP. CJAX100UND,MS PHARMA,0.0,10.0,2.8,2026-04-09 19:12:12,16,4,Otoño
110128,AMOXICILINA 500MG CAP. CJAX100UND,MS PHARMA,0.0,10.0,2.8,2026-04-09 19:35:40,8,4,Otoño
110128,AMOXICILINA 500MG CAP. CJAX100UND,MS PHARMA,0.0,3.0,0.84,2026-04-09 20:16:11,11,4,Otoño
110128,AMOXICILINA 500MG CAP. CJAX100UND,MS PHARMA,0.0,10.0,2.8,2026-04-09 21:07:23,17,4,Otoño
110128,AMOXICILINA 500MG CAP. CJAX100UND,MS PHARMA,0.0,10.0,2.8,2026-04-09 21:18:53,9,4,Otoño
110128,AMOXICILINA 500MG CAP. CJAX100UND,MS PHARMA,0.0,10.0,2.8,2026-04-09 22:06:15,5,4,Otoño
110128,AMOXICILINA 500MG CAP. CJAX100UND,MS PHARMA,0.0,10.0,2.8,2026-04-09 23:16:24,5,4,Otoño
110128,AMOXICILINA 500MG CAP. CJAX100UND,MS PHARMA,0.0,10.0,2.8,2026-04-10 09:36:57,18,4,Otoño
110128,AMOXICILINA 500MG CAP. CJAX100UND,MS PHARMA,0.0,10.0,2.8,2026-04-10 10:54:45,8,4,Otoño
110128,AMOXICILINA 500MG CAP. CJAX100UND,MS PHARMA,0.0,10.0,2.8,2026-04-10 11:16:52,1,4,Otoño
110128,AMOXICILINA 500MG CAP. CJAX100UND,MS PHARMA,0.0,10.0,2.8,2026-04-10 11:19:33,17,4,Otoño
110128,AMOXICILINA 500MG CAP. CJAX100UND,MS PHARMA,0.0,10.0,2.8,2026-04-10 13:02:40,9,4,Otoño
110128,AMOXICILINA 500MG CAP. CJAX100UND,MS PHARMA,0.0,10.0,2.8,2026-04-10 13:11:43,17,4,Otoño
110128,AMOXICILINA 500MG CAP. CJAX100UND,MS PHARMA,0.0,10.0,2.8,2026-04-10 16:44:00,7,4,Otoño
110128,AMOXICILINA 500MG CAP. CJAX100UND,MS PHARMA,0.0,5.0,1.4,2026-04-10 17:32:02,9,4,Otoño
110128,AMOXICILINA 500MG CAP. CJAX100UND,MS PHARMA,0.0,10.0,2.8,2026-04-10 17:56:45,16,4,Otoño
110128,AMOXICILINA 500MG CAP. CJAX100UND,MS PHARMA,0.0,1.0,0.28,2026-04-10 18:15:50,3,4,Otoño
110128,AMOXICILINA 500MG CAP. CJAX100UND,MS PHARMA,0.0,10.0,2.8,2026-04-10 18:49:04,5,4,Otoño
110128,AMOXICILINA 500MG CAP. CJAX100UND,MS PHARMA,0.0,10.0,2.8,2026-04-10 19:18:37,11,4,Otoño
110128,AMOXICILINA 500MG CAP. CJAX100UND,MS PHARMA,0.0,10.0,2.8,2026-04-10 19:24:33,12,4,Otoño
110128,AMOXICILINA 500MG CAP. CJAX100UND,MS PHARMA,0.0,10.0,2.8,2026-04-10 20:17:33,9,4,Otoño
110128,AMOXICILINA 500MG CAP. CJAX100UND,MS PHARMA,0.0,10.0,2.8,2026-04-11 07:41:12,2,4,Otoño
110128,AMOXICILINA 500MG CAP. CJAX100UND,MS PHARMA,0.0,10.0,2.8,2026-04-11 14:59:18,1,4,Otoño
110128,AMOXICILINA 500MG CAP. CJAX100UND,MS PHARMA,0.0,10.0,2.8,2026-04-11 15:27:19,2,4,Otoño
110128,AMOXICILINA 500MG CAP. CJAX100UND,MS PHARMA,0.0,10.0,2.8,2026-04-11 18:13:55,2,4,Otoño
110128,AMOXICILINA 500MG CAP. CJAX100UND,MS PHARMA,0.0,10.0,2.8,2026-04-11 19:05:22,14,4,Otoño
110128,AMOXICILINA 500MG CAP. CJAX100UND,MS PHARMA,0.0,10.0,2.8,2026-04-11 19:27:32,9,4,Otoño
110128,AMOXICILINA 500MG CAP. CJAX100UND,MS PHARMA,0.0,10.0,2.8,2026-04-11 20:48:03,9,4,Otoño
110128,AMOXICILINA 500MG CAP. CJAX100UND,MS PHARMA,0.0,10.0,2.8,2026-04-11 21:14:52,4,4,Otoño
110128,AMOXICILINA 500MG CAP. CJAX100UND,MS PHARMA,0.0,10.0,2.8,2026-04-11 21:16:18,17,4,Otoño
110128,AMOXICILINA 500MG CAP. CJAX100UND,MS PHARMA,0.0,10.0,2.8,2026-04-11 21:18:54,7,4,Otoño
110128,AMOXICILINA 500MG CAP. CJAX100UND,MS PHARMA,0.0,20.0,5.6,2026-04-11 22:54:55,6,4,Otoño
110128,AMOXICILINA 500MG CAP. CJAX100UND,MS PHARMA,0.0,10.0,2.8,2026-04-12 08:27:41,5,4,Otoño
110128,AMOXICILINA 500MG CAP. CJAX100UND,MS PHARMA,0.0,10.0,2.8,2026-04-12 09:05:55,7,4,Otoño
110128,AMOXICILINA 500MG CAP. CJAX100UND,MS PHARMA,0.0,10.0,2.8,2026-04-12 09:23:46,9,4,Otoño
110128,AMOXICILINA 500MG CAP. CJAX100UND,MS PHARMA,0.0,10.0,2.8,2026-04-12 11:11:59,12,4,Otoño
110128,AMOXICILINA 500MG CAP. CJAX100UND,MS PHARMA,0.0,10.0,2.8,2026-04-12 13:12:55,12,4,Otoño
110128,AMOXICILINA 500MG CAP. CJAX100UND,MS PHARMA,0.0,1.0,0.28,2026-04-12 13:13:59,18,4,Otoño
110128,AMOXICILINA 500MG CAP. CJAX100UND,MS PHARMA,0.0,10.0,2.8,2026-04-12 14:18:20,17,4,Otoño
110128,AMOXICILINA 500MG CAP. CJAX100UND,MS PHARMA,0.0,10.0,2.8,2026-04-12 15:43:25,12,4,Otoño
110128,AMOXICILINA 500MG CAP. CJAX100UND,MS PHARMA,0.0,10.0,2.8,2026-04-12 16:48:48,5,4,Otoño
110128,AMOXICILINA 500MG CAP. CJAX100UND,MS PHARMA,0.0,10.0,2.8,2026-04-12 16:54:40,9,4,Otoño
110128,AMOXICILINA 500MG CAP. CJAX100UND,MS PHARMA,0.0,5.0,1.4,2026-04-12 18:13:29,7,4,Otoño
110128,AMOXICILINA 500MG CAP. CJAX100UND,MS PHARMA,0.0,10.0,2.8,2026-04-12 18:17:38,7,4,Otoño
110128,AMOXICILINA 500MG CAP. CJAX100UND,MS PHARMA,0.0,10.0,2.8,2026-04-12 18:31:34,2,4,Otoño
110128,AMOXICILINA 500MG CAP. CJAX100UND,MS PHARMA,0.0,20.0,5.6,2026-04-12 18:36:18,2,4,Otoño
110128,AMOXICILINA 500MG CAP. CJAX100UND,MS PHARMA,0.0,10.0,2.8,2026-04-12 18:40:51,6,4,Otoño
110128,AMOXICILINA 500MG CAP. CJAX100UND,MS PHARMA,0.0,10.0,2.8,2026-04-12 21:17:31,19,4,Otoño
110128,AMOXICILINA 500MG CAP. CJAX100UND,MS PHARMA,0.0,20.0,5.6,2026-04-12 21:19:24,2,4,Otoño
110128,AMOXICILINA 500MG CAP. CJAX100UND,MS PHARMA,0.0,10.0,2.8,2026-04-12 22:10:42,4,4,Otoño
110128,AMOXICILINA 500MG CAP. CJAX100UND,MS PHARMA,0.0,10.0,2.8,2026-04-13 07:32:31,13,4,Otoño
110128,AMOXICILINA 500MG CAP. CJAX100UND,MS PHARMA,0.0,10.0,2.8,2026-04-13 08:43:15,9,4,Otoño
110128,AMOXICILINA 500MG CAP. CJAX100UND,MS PHARMA,0.0,20.0,5.6,2026-04-13 11:15:52,2,4,Otoño
110128,AMOXICILINA 500MG CAP. CJAX100UND,MS PHARMA,0.0,10.0,2.8,2026-04-13 14:13:54,8,4,Otoño
110128,AMOXICILINA 500MG CAP. CJAX100UND,MS PHARMA,0.0,10.0,2.8,2026-04-13 19:07:50,12,4,Otoño
110128,AMOXICILINA 500MG CAP. CJAX100UND,MS PHARMA,0.0,10.0,2.8,2026-04-13 21:13:31,9,4,Otoño
110128,AMOXICILINA 500MG CAP. CJAX100UND,MS PHARMA,0.0,10.0,2.8,2026-04-14 09:05:20,17,4,Otoño
110128,AMOXICILINA 500MG CAP. CJAX100UND,MS PHARMA,0.0,10.0,2.8,2026-04-14 09:20:10,9,4,Otoño
110128,AMOXICILINA 500MG CAP. CJAX100UND,MS PHARMA,0.0,10.0,2.8,2026-04-14 10:00:33,7,4,Otoño
110128,AMOXICILINA 500MG CAP. CJAX100UND,MS PHARMA,0.0,2.0,0.56,2026-04-14 10:15:16,18,4,Otoño
110128,AMOXICILINA 500MG CAP. CJAX100UND,MS PHARMA,0.0,2.0,0.56,2026-04-14 15:07:49,18,4,Otoño
110128,AMOXICILINA 500MG CAP. CJAX100UND,MS PHARMA,0.0,10.0,2.8,2026-04-14 15:34:50,8,4,Otoño
110128,AMOXICILINA 500MG CAP. CJAX100UND,MS PHARMA,0.0,10.0,2.8,2026-04-14 16:26:58,2,4,Otoño
110128,AMOXICILINA 500MG CAP. CJAX100UND,MS PHARMA,0.0,20.0,5.6,2026-04-14 17:22:00,19,4,Otoño
110128,AMOXICILINA 500MG CAP. CJAX100UND,MS PHARMA,0.0,10.0,2.8,2026-04-14 19:08:38,5,4,Otoño
110128,AMOXICILINA 500MG CAP. CJAX100UND,MS PHARMA,0.0,10.0,2.8,2026-04-14 19:11:46,6,4,Otoño
110128,AMOXICILINA 500MG CAP. CJAX100UND,MS PHARMA,0.0,10.0,2.8,2026-04-14 19:32:30,8,4,Otoño
110128,AMOXICILINA 500MG CAP. CJAX100UND,MS PHARMA,0.0,10.0,2.8,2026-04-14 19:32:38,15,4,Otoño
110128,AMOXICILINA 500MG CAP. CJAX100UND,MS PHARMA,0.0,10.0,2.8,2026-04-14 19:49:40,9,4,Otoño
110128,AMOXICILINA 500MG CAP. CJAX100UND,MS PHARMA,0.0,4.0,1.12,2026-04-14 20:44:11,18,4,Otoño
110128,AMOXICILINA 500MG CAP. CJAX100UND,MS PHARMA,0.0,10.0,2.8,2026-04-14 20:44:28,1,4,Otoño
110128,AMOXICILINA 500MG CAP. CJAX100UND,MS PHARMA,0.0,10.0,2.8,2026-04-14 20:51:08,2,4,Otoño
110128,AMOXICILINA 500MG CAP. CJAX100UND,MS PHARMA,0.0,10.0,2.8,2026-04-14 21:15:37,17,4,Otoño
110128,AMOXICILINA 500MG CAP. CJAX100UND,MS PHARMA,0.0,10.0,2.8,2026-04-14 21:16:23,11,4,Otoño
110128,AMOXICILINA 500MG CAP. CJAX100UND,MS PHARMA,0.0,10.0,2.8,2026-04-15 08:09:48,12,4,Otoño
110128,AMOXICILINA 500MG CAP. CJAX100UND,MS PHARMA,0.0,10.0,2.8,2026-04-15 11:33:03,17,4,Otoño
110128,AMOXICILINA 500MG CAP. CJAX100UND,MS PHARMA,0.0,15.0,4.2,2026-04-15 11:37:33,11,4,Otoño
110128,AMOXICILINA 500MG CAP. CJAX100UND,MS PHARMA,0.0,10.0,2.8,2026-04-15 16:38:06,9,4,Otoño
110128,AMOXICILINA 500MG CAP. CJAX100UND,MS PHARMA,0.0,20.0,5.6,2026-04-15 17:45:24,2,4,Otoño
110128,AMOXICILINA 500MG CAP. CJAX100UND,MS PHARMA,0.0,10.0,2.8,2026-04-15 18:13:06,2,4,Otoño
110128,AMOXICILINA 500MG CAP. CJAX100UND,MS PHARMA,0.0,10.0,2.8,2026-04-15 19:08:18,9,4,Otoño
110128,AMOXICILINA 500MG CAP. CJAX100UND,MS PHARMA,0.0,20.0,5.6,2026-04-15 19:21:05,4,4,Otoño
110128,AMOXICILINA 500MG CAP. CJAX100UND,MS PHARMA,0.0,10.0,2.8,2026-04-15 22:55:41,12,4,Otoño
110128,AMOXICILINA 500MG CAP. CJAX100UND,MS PHARMA,0.0,10.0,2.8,2026-04-16 11:07:39,11,4,Otoño
110128,AMOXICILINA 500MG CAP. CJAX100UND,MS PHARMA,0.0,10.0,2.8,2026-04-16 12:19:10,18,4,Otoño
110128,AMOXICILINA 500MG CAP. CJAX100UND,MS PHARMA,0.0,10.0,2.8,2026-04-16 13:18:37,10,4,Otoño
110128,AMOXICILINA 500MG CAP. CJAX100UND,MS PHARMA,0.0,10.0,2.8,2026-04-16 18:09:40,11,4,Otoño
110128,AMOXICILINA 500MG CAP. CJAX100UND,MS PHARMA,0.0,10.0,2.8,2026-04-16 18:34:19,4,4,Otoño
110128,AMOXICILINA 500MG CAP. CJAX100UND,MS PHARMA,0.0,10.0,2.8,2026-04-16 19:00:53,7,4,Otoño
110128,AMOXICILINA 500MG CAP. CJAX100UND,MS PHARMA,0.0,6.0,1.68,2026-04-16 19:35:57,12,4,Otoño
110128,AMOXICILINA 500MG CAP. CJAX100UND,MS PHARMA,0.0,10.0,2.8,2026-04-16 20:24:03,17,4,Otoño
110128,AMOXICILINA 500MG CAP. CJAX100UND,MS PHARMA,0.0,10.0,2.8,2026-04-16 20:52:41,1,4,Otoño
110128,AMOXICILINA 500MG CAP. CJAX100UND,MS PHARMA,0.0,10.0,2.8,2026-04-16 21:12:14,11,4,Otoño
110128,AMOXICILINA 500MG CAP. CJAX100UND,MS PHARMA,0.0,10.0,2.8,2026-04-16 21:52:37,3,4,Otoño
110128,AMOXICILINA 500MG CAP. CJAX100UND,MS PHARMA,0.0,20.0,5.32,2026-04-16 23:43:42,16,4,Otoño
110128,AMOXICILINA 500MG CAP. CJAX100UND,MS PHARMA,0.0,10.0,2.8,2026-04-17 16:13:35,1,4,Otoño
110128,AMOXICILINA 500MG CAP. CJAX100UND,MS PHARMA,0.0,10.0,2.8,2026-04-17 16:47:15,2,4,Otoño
110128,AMOXICILINA 500MG CAP. CJAX100UND,MS PHARMA,0.0,10.0,2.8,2026-04-17 18:08:49,11,4,Otoño
110128,AMOXICILINA 500MG CAP. CJAX100UND,MS PHARMA,0.0,10.0,2.8,2026-04-17 18:13:21,1,4,Otoño
110128,AMOXICILINA 500MG CAP. CJAX100UND,MS PHARMA,0.0,10.0,2.8,2026-04-17 19:21:34,14,4,Otoño
110128,AMOXICILINA 500MG CAP. CJAX100UND,MS PHARMA,0.0,15.0,4.2,2026-04-17 19:27:28,9,4,Otoño
110128,AMOXICILINA 500MG CAP. CJAX100UND,MS PHARMA,0.0,10.0,2.8,2026-04-17 20:27:51,3,4,Otoño
110128,AMOXICILINA 500MG CAP. CJAX100UND,MS PHARMA,0.0,10.0,2.8,2026-04-17 20:28:24,7,4,Otoño
110128,AMOXICILINA 500MG CAP. CJAX100UND,MS PHARMA,0.0,10.0,2.8,2026-04-17 21:12:12,3,4,Otoño
110128,AMOXICILINA 500MG CAP. CJAX100UND,MS PHARMA,0.0,10.0,2.8,2026-04-17 21:29:19,17,4,Otoño
110128,AMOXICILINA 500MG CAP. CJAX100UND,MS PHARMA,0.0,10.0,2.8,2026-04-17 21:54:03,7,4,Otoño
110128,AMOXICILINA 500MG CAP. CJAX100UND,MS PHARMA,0.0,2.0,0.56,2026-04-17 22:45:56,2,4,Otoño
110128,AMOXICILINA 500MG CAP. CJAX100UND,MS PHARMA,0.0,10.0,2.8,2026-04-17 22:55:44,17,4,Otoño
110128,AMOXICILINA 500MG CAP. CJAX100UND,MS PHARMA,0.0,22.0,6.16,2026-04-18 11:03:52,15,4,Otoño
110128,AMOXICILINA 500MG CAP. CJAX100UND,MS PHARMA,0.0,10.0,2.8,2026-04-18 12:12:21,13,4,Otoño
110128,AMOXICILINA 500MG CAP. CJAX100UND,MS PHARMA,0.0,10.0,2.8,2026-04-18 12:21:21,1,4,Otoño
110128,AMOXICILINA 500MG CAP. CJAX100UND,MS PHARMA,0.0,15.0,4.2,2026-04-18 17:40:29,17,4,Otoño
110128,AMOXICILINA 500MG CAP. CJAX100UND,MS PHARMA,0.0,20.0,5.6,2026-04-18 17:52:50,9,4,Otoño
110128,AMOXICILINA 500MG CAP. CJAX100UND,MS PHARMA,0.0,-20.0,-5.6,2026-04-18 18:04:34,9,4,Otoño
110128,AMOXICILINA 500MG CAP. CJAX100UND,MS PHARMA,0.0,20.0,5.6,2026-04-18 18:05:48,9,4,Otoño
110128,AMOXICILINA 500MG CAP. CJAX100UND,MS PHARMA,0.0,10.0,2.8,2026-04-18 19:21:25,9,4,Otoño
110128,AMOXICILINA 500MG CAP. CJAX100UND,MS PHARMA,0.0,15.0,4.2,2026-04-18 19:45:41,16,4,Otoño
110128,AMOXICILINA 500MG CAP. CJAX100UND,MS PHARMA,0.0,10.0,2.8,2026-04-18 21:12:29,2,4,Otoño
110128,AMOXICILINA 500MG CAP. CJAX100UND,MS PHARMA,0.0,10.0,2.8,2026-04-18 21:19:05,5,4,Otoño
110128,AMOXICILINA 500MG CAP. CJAX100UND,MS PHARMA,0.0,10.0,2.8,2026-04-19 08:52:38,2,4,Otoño
110128,AMOXICILINA 500MG CAP. CJAX100UND,MS PHARMA,0.0,10.0,2.8,2026-04-19 10:05:51,6,4,Otoño
110128,AMOXICILINA 500MG CAP. CJAX100UND,MS PHARMA,0.0,1.0,0.28,2026-04-19 15:12:00,12,4,Otoño
110128,AMOXICILINA 500MG CAP. CJAX100UND,MS PHARMA,0.0,5.0,1.4,2026-04-19 16:16:56,9,4,Otoño
110128,AMOXICILINA 500MG CAP. CJAX100UND,MS PHARMA,0.0,10.0,2.8,2026-04-19 17:28:17,9,4,Otoño
110128,AMOXICILINA 500MG CAP. CJAX100UND,MS PHARMA,0.0,3.0,0.84,2026-04-19 19:53:04,1,4,Otoño
110128,AMOXICILINA 500MG CAP. CJAX100UND,MS PHARMA,0.0,10.0,2.8,2026-04-19 21:57:28,13,4,Otoño
110128,AMOXICILINA 500MG CAP. CJAX100UND,MS PHARMA,0.0,20.0,5.6,2026-04-20 08:02:48,13,4,Otoño
110128,AMOXICILINA 500MG CAP. CJAX100UND,MS PHARMA,0.0,1.0,0.28,2026-04-20 08:39:10,9,4,Otoño
110128,AMOXICILINA 500MG CAP. CJAX100UND,MS PHARMA,0.0,10.0,2.8,2026-04-20 08:57:24,11,4,Otoño
110128,AMOXICILINA 500MG CAP. CJAX100UND,MS PHARMA,0.0,10.0,2.8,2026-04-20 09:20:39,6,4,Otoño
110128,AMOXICILINA 500MG CAP. CJAX100UND,MS PHARMA,0.0,10.0,2.8,2026-04-20 11:43:07,4,4,Otoño
110128,AMOXICILINA 500MG CAP. CJAX100UND,MS PHARMA,0.0,56.0,15.68,2026-04-20 13:44:03,17,4,Otoño
110128,AMOXICILINA 500MG CAP. CJAX100UND,MS PHARMA,0.0,10.0,2.8,2026-04-20 17:15:19,16,4,Otoño
110128,AMOXICILINA 500MG CAP. CJAX100UND,MS PHARMA,0.0,10.0,2.8,2026-04-20 19:20:02,2,4,Otoño
110128,AMOXICILINA 500MG CAP. CJAX100UND,MS PHARMA,0.0,20.0,5.6,2026-04-20 20:40:50,7,4,Otoño
110128,AMOXICILINA 500MG CAP. CJAX100UND,MS PHARMA,0.0,10.0,2.8,2026-04-20 21:42:24,2,4,Otoño
110128,AMOXICILINA 500MG CAP. CJAX100UND,MS PHARMA,0.0,10.0,2.8,2026-04-21 13:27:27,12,4,Otoño
110128,AMOXICILINA 500MG CAP. CJAX100UND,MS PHARMA,0.0,20.0,5.6,2026-04-21 18:03:47,1,4,Otoño
110128,AMOXICILINA 500MG CAP. CJAX100UND,MS PHARMA,0.0,10.0,2.8,2026-04-21 18:12:09,2,4,Otoño
110128,AMOXICILINA 500MG CAP. CJAX100UND,MS PHARMA,0.0,10.0,2.8,2026-04-21 18:36:41,2,4,Otoño
110128,AMOXICILINA 500MG CAP. CJAX100UND,MS PHARMA,0.0,10.0,2.8,2026-04-22 08:09:45,5,4,Otoño
110128,AMOXICILINA 500MG CAP. CJAX100UND,MS PHARMA,0.0,10.0,2.8,2026-04-22 08:25:06,17,4,Otoño
110128,AMOXICILINA 500MG CAP. CJAX100UND,MS PHARMA,0.0,10.0,2.8,2026-04-22 11:04:16,3,4,Otoño
110128,AMOXICILINA 500MG CAP. CJAX100UND,MS PHARMA,0.0,10.0,2.8,2026-04-22 11:31:17,18,4,Otoño
110128,AMOXICILINA 500MG CAP. CJAX100UND,MS PHARMA,0.0,10.0,2.8,2026-04-22 11:41:16,4,4,Otoño
110128,AMOXICILINA 500MG CAP. CJAX100UND,MS PHARMA,0.0,10.0,2.8,2026-04-22 12:08:55,3,4,Otoño
110128,AMOXICILINA 500MG CAP. CJAX100UND,MS PHARMA,0.0,10.0,2.8,2026-04-22 12:27:05,12,4,Otoño
110128,AMOXICILINA 500MG CAP. CJAX100UND,MS PHARMA,0.0,10.0,2.8,2026-04-22 13:03:51,12,4,Otoño
110128,AMOXICILINA 500MG CAP. CJAX100UND,MS PHARMA,0.0,10.0,2.8,2026-04-22 13:27:42,9,4,Otoño
110128,AMOXICILINA 500MG CAP. CJAX100UND,MS PHARMA,0.0,10.0,2.8,2026-04-22 17:44:14,11,4,Otoño
110128,AMOXICILINA 500MG CAP. CJAX100UND,MS PHARMA,0.0,10.0,2.8,2026-04-22 19:02:43,11,4,Otoño
110128,AMOXICILINA 500MG CAP. CJAX100UND,MS PHARMA,0.0,20.0,5.6,2026-04-22 19:27:59,13,4,Otoño
110128,AMOXICILINA 500MG CAP. CJAX100UND,MS PHARMA,0.0,10.0,2.8,2026-04-22 21:05:01,5,4,Otoño
110128,AMOXICILINA 500MG CAP. CJAX100UND,MS PHARMA,0.0,20.0,5.6,2026-04-22 22:06:14,4,4,Otoño
110128,AMOXICILINA 500MG CAP. CJAX100UND,MS PHARMA,0.0,10.0,2.8,2026-04-23 15:15:26,7,4,Otoño
110128,AMOXICILINA 500MG CAP. CJAX100UND,MS PHARMA,0.0,10.0,2.8,2026-04-23 17:54:16,15,4,Otoño
110128,AMOXICILINA 500MG CAP. CJAX100UND,MS PHARMA,0.0,10.0,2.8,2026-04-23 18:24:43,3,4,Otoño
110128,AMOXICILINA 500MG CAP. CJAX100UND,MS PHARMA,0.0,20.0,5.6,2026-04-23 19:57:39,1,4,Otoño
110128,AMOXICILINA 500MG CAP. CJAX100UND,MS PHARMA,0.0,21.0,5.88,2026-04-23 19:57:46,4,4,Otoño
110128,AMOXICILINA 500MG CAP. CJAX100UND,MS PHARMA,0.0,10.0,2.8,2026-04-23 20:41:49,9,4,Otoño
110128,AMOXICILINA 500MG CAP. CJAX100UND,MS PHARMA,0.0,10.0,2.8,2026-04-23 22:56:21,4,4,Otoño
110128,AMOXICILINA 500MG CAP. CJAX100UND,MS PHARMA,0.0,10.0,2.8,2026-04-24 08:28:06,19,4,Otoño
110128,AMOXICILINA 500MG CAP. CJAX100UND,MS PHARMA,0.0,10.0,2.8,2026-04-24 11:46:28,17,4,Otoño
110128,AMOXICILINA 500MG CAP. CJAX100UND,MS PHARMA,0.0,10.0,2.8,2026-04-24 12:02:03,2,4,Otoño
110128,AMOXICILINA 500MG CAP. CJAX100UND,MS PHARMA,0.0,1.0,0.28,2026-04-24 12:38:52,13,4,Otoño
110128,AMOXICILINA 500MG CAP. CJAX100UND,MS PHARMA,0.0,10.0,2.8,2026-04-24 14:36:01,2,4,Otoño
110128,AMOXICILINA 500MG CAP. CJAX100UND,MS PHARMA,0.0,10.0,2.8,2026-04-24 16:13:06,17,4,Otoño
110128,AMOXICILINA 500MG CAP. CJAX100UND,MS PHARMA,0.0,10.0,2.8,2026-04-24 17:51:41,18,4,Otoño
110128,AMOXICILINA 500MG CAP. CJAX100UND,MS PHARMA,0.0,20.0,5.6,2026-04-24 17:57:32,16,4,Otoño
110128,AMOXICILINA 500MG CAP. CJAX100UND,MS PHARMA,0.0,10.0,2.8,2026-04-24 18:37:16,14,4,Otoño
110128,AMOXICILINA 500MG CAP. CJAX100UND,MS PHARMA,0.0,10.0,2.8,2026-04-24 18:48:02,1,4,Otoño
110128,AMOXICILINA 500MG CAP. CJAX100UND,MS PHARMA,0.0,10.0,2.8,2026-04-24 18:59:59,2,4,Otoño
110128,AMOXICILINA 500MG CAP. CJAX100UND,MS PHARMA,0.0,15.0,4.2,2026-04-24 19:29:20,9,4,Otoño
110128,AMOXICILINA 500MG CAP. CJAX100UND,MS PHARMA,0.0,10.0,2.8,2026-04-24 20:59:03,2,4,Otoño
110128,AMOXICILINA 500MG CAP. CJAX100UND,MS PHARMA,0.0,-10.0,-2.8,2026-04-24 21:25:32,2,4,Otoño
110128,AMOXICILINA 500MG CAP. CJAX100UND,MS PHARMA,0.0,10.0,2.8,2026-04-24 21:30:28,2,4,Otoño
110128,AMOXICILINA 500MG CAP. CJAX100UND,MS PHARMA,0.0,10.0,2.8,2026-04-24 21:34:36,11,4,Otoño
110128,AMOXICILINA 500MG CAP. CJAX100UND,MS PHARMA,0.0,10.0,2.8,2026-04-25 07:58:11,19,4,Otoño
110128,AMOXICILINA 500MG CAP. CJAX100UND,MS PHARMA,0.0,10.0,2.8,2026-04-25 09:02:44,15,4,Otoño
110128,AMOXICILINA 500MG CAP. CJAX100UND,MS PHARMA,0.0,20.0,5.6,2026-04-25 12:14:23,3,4,Otoño
110128,AMOXICILINA 500MG CAP. CJAX100UND,MS PHARMA,0.0,10.0,2.8,2026-04-25 14:45:11,2,4,Otoño
110128,AMOXICILINA 500MG CAP. CJAX100UND,MS PHARMA,0.0,10.0,2.8,2026-04-25 16:04:08,18,4,Otoño
110128,AMOXICILINA 500MG CAP. CJAX100UND,MS PHARMA,0.0,-10.0,-2.8,2026-04-25 18:00:42,18,4,Otoño
110128,AMOXICILINA 500MG CAP. CJAX100UND,MS PHARMA,0.0,10.0,2.8,2026-04-25 20:02:49,5,4,Otoño
110128,AMOXICILINA 500MG CAP. CJAX100UND,MS PHARMA,0.0,10.0,2.8,2026-04-26 08:57:59,1,4,Otoño
110128,AMOXICILINA 500MG CAP. CJAX100UND,MS PHARMA,0.0,10.0,2.8,2026-04-26 09:29:31,3,4,Otoño
110128,AMOXICILINA 500MG CAP. CJAX100UND,MS PHARMA,0.0,2.0,0.56,2026-04-26 09:44:37,13,4,Otoño
110128,AMOXICILINA 500MG CAP. CJAX100UND,MS PHARMA,0.0,10.0,2.8,2026-04-26 12:54:27,8,4,Otoño
110128,AMOXICILINA 500MG CAP. CJAX100UND,MS PHARMA,0.0,10.0,2.8,2026-04-26 12:58:06,5,4,Otoño
110128,AMOXICILINA 500MG CAP. CJAX100UND,MS PHARMA,0.0,10.0,2.8,2026-04-26 15:02:51,9,4,Otoño
110128,AMOXICILINA 500MG CAP. CJAX100UND,MS PHARMA,0.0,5.0,1.4,2026-04-26 15:38:46,5,4,Otoño
110128,AMOXICILINA 500MG CAP. CJAX100UND,MS PHARMA,0.0,10.0,2.8,2026-04-26 18:04:20,15,4,Otoño
110128,AMOXICILINA 500MG CAP. CJAX100UND,MS PHARMA,0.0,40.0,11.2,2026-04-26 18:59:29,7,4,Otoño
110128,AMOXICILINA 500MG CAP. CJAX100UND,MS PHARMA,0.0,5.0,1.4,2026-04-26 20:37:43,9,4,Otoño
110128,AMOXICILINA 500MG CAP. CJAX100UND,MS PHARMA,0.0,10.0,2.8,2026-04-27 07:53:16,2,4,Otoño
110128,AMOXICILINA 500MG CAP. CJAX100UND,MS PHARMA,0.0,10.0,2.8,2026-04-27 10:58:18,16,4,Otoño
110128,AMOXICILINA 500MG CAP. CJAX100UND,MS PHARMA,0.0,10.0,2.8,2026-04-27 11:45:24,9,4,Otoño
110128,AMOXICILINA 500MG CAP. CJAX100UND,MS PHARMA,0.0,1.0,0.28,2026-04-27 12:29:37,9,4,Otoño
110128,AMOXICILINA 500MG CAP. CJAX100UND,MS PHARMA,0.0,10.0,2.8,2026-04-27 14:07:15,12,4,Otoño
110128,AMOXICILINA 500MG CAP. CJAX100UND,MS PHARMA,0.0,10.0,2.8,2026-04-27 16:30:54,6,4,Otoño
110128,AMOXICILINA 500MG CAP. CJAX100UND,MS PHARMA,0.0,20.0,5.6,2026-04-27 17:04:15,8,4,Otoño
110128,AMOXICILINA 500MG CAP. CJAX100UND,MS PHARMA,0.0,10.0,2.8,2026-04-27 17:27:07,1,4,Otoño
110128,AMOXICILINA 500MG CAP. CJAX100UND,MS PHARMA,0.0,10.0,2.8,2026-04-27 18:56:17,3,4,Otoño
110128,AMOXICILINA 500MG CAP. CJAX100UND,MS PHARMA,0.0,15.0,4.2,2026-04-27 20:11:26,17,4,Otoño
110128,AMOXICILINA 500MG CAP. CJAX100UND,MS PHARMA,0.0,20.0,5.6,2026-04-27 20:22:29,9,4,Otoño
110128,AMOXICILINA 500MG CAP. CJAX100UND,MS PHARMA,0.0,10.0,2.8,2026-04-27 21:35:09,9,4,Otoño
110128,AMOXICILINA 500MG CAP. CJAX100UND,MS PHARMA,0.0,10.0,2.8,2026-04-27 21:50:02,3,4,Otoño
110128,AMOXICILINA 500MG CAP. CJAX100UND,MS PHARMA,0.0,10.0,2.8,2026-04-27 22:04:51,6,4,Otoño
110128,AMOXICILINA 500MG CAP. CJAX100UND,MS PHARMA,0.0,10.0,2.8,2026-04-27 22:32:36,7,4,Otoño
110128,AMOXICILINA 500MG CAP. CJAX100UND,MS PHARMA,0.0,10.0,2.8,2026-04-27 22:40:56,18,4,Otoño
110128,AMOXICILINA 500MG CAP. CJAX100UND,MS PHARMA,0.0,5.0,1.4,2026-04-28 11:39:44,9,4,Otoño
110128,AMOXICILINA 500MG CAP. CJAX100UND,MS PHARMA,0.0,10.0,2.8,2026-04-28 12:14:52,12,4,Otoño
110128,AMOXICILINA 500MG CAP. CJAX100UND,MS PHARMA,0.0,2.0,0.56,2026-04-28 15:09:29,7,4,Otoño
110128,AMOXICILINA 500MG CAP. CJAX100UND,MS PHARMA,0.0,10.0,2.8,2026-04-28 17:35:30,9,4,Otoño
110128,AMOXICILINA 500MG CAP. CJAX100UND,MS PHARMA,0.0,10.0,2.8,2026-04-28 17:46:48,17,4,Otoño
110128,AMOXICILINA 500MG CAP. CJAX100UND,MS PHARMA,0.0,10.0,2.8,2026-04-28 21:39:36,9,4,Otoño
110128,AMOXICILINA 500MG CAP. CJAX100UND,MS PHARMA,0.0,20.0,5.6,2026-04-28 22:41:31,2,4,Otoño
110128,AMOXICILINA 500MG CAP. CJAX100UND,MS PHARMA,0.0,20.0,5.6,2026-04-29 07:23:00,13,4,Otoño
110128,AMOXICILINA 500MG CAP. CJAX100UND,MS PHARMA,0.0,10.0,2.8,2026-04-29 07:47:31,9,4,Otoño
110128,AMOXICILINA 500MG CAP. CJAX100UND,MS PHARMA,0.0,3.0,0.84,2026-04-29 11:17:12,17,4,Otoño
110128,AMOXICILINA 500MG CAP. CJAX100UND,MS PHARMA,0.0,2.0,0.56,2026-04-29 13:06:37,13,4,Otoño
110128,AMOXICILINA 500MG CAP. CJAX100UND,MS PHARMA,0.0,10.0,2.8,2026-04-29 13:35:19,12,4,Otoño
110128,AMOXICILINA 500MG CAP. CJAX100UND,MS PHARMA,0.0,3.0,0.84,2026-04-29 14:16:09,9,4,Otoño
110128,AMOXICILINA 500MG CAP. CJAX100UND,MS PHARMA,0.0,10.0,2.8,2026-04-29 14:24:21,12,4,Otoño
110128,AMOXICILINA 500MG CAP. CJAX100UND,MS PHARMA,0.0,10.0,2.8,2026-04-29 15:26:46,7,4,Otoño
110128,AMOXICILINA 500MG CAP. CJAX100UND,MS PHARMA,0.0,10.0,2.8,2026-04-29 17:44:45,7,4,Otoño
110128,AMOXICILINA 500MG CAP. CJAX100UND,MS PHARMA,0.0,5.0,1.4,2026-04-29 17:59:28,14,4,Otoño
110128,AMOXICILINA 500MG CAP. CJAX100UND,MS PHARMA,0.0,10.0,2.8,2026-04-29 18:33:30,15,4,Otoño
110128,AMOXICILINA 500MG CAP. CJAX100UND,MS PHARMA,0.0,20.0,5.6,2026-04-29 19:27:50,19,4,Otoño
110128,AMOXICILINA 500MG CAP. CJAX100UND,MS PHARMA,0.0,10.0,2.8,2026-04-29 20:03:34,5,4,Otoño
110128,AMOXICILINA 500MG CAP. CJAX100UND,MS PHARMA,0.0,10.0,2.8,2026-04-29 20:19:37,7,4,Otoño
110128,AMOXICILINA 500MG CAP. CJAX100UND,MS PHARMA,0.0,10.0,2.8,2026-04-29 20:28:47,5,4,Otoño
110128,AMOXICILINA 500MG CAP. CJAX100UND,MS PHARMA,0.0,10.0,2.8,2026-04-29 21:33:29,4,4,Otoño
110128,AMOXICILINA 500MG CAP. CJAX100UND,MS PHARMA,0.0,3.0,0.84,2026-04-30 08:19:54,9,4,Otoño
110128,AMOXICILINA 500MG CAP. CJAX100UND,MS PHARMA,0.0,10.0,2.8,2026-04-30 09:51:38,3,4,Otoño
110128,AMOXICILINA 500MG CAP. CJAX100UND,MS PHARMA,0.0,10.0,2.8,2026-04-30 10:46:11,12,4,Otoño
110128,AMOXICILINA 500MG CAP. CJAX100UND,MS PHARMA,0.0,5.0,1.4,2026-04-30 11:07:48,9,4,Otoño
110128,AMOXICILINA 500MG CAP. CJAX100UND,MS PHARMA,0.0,5.0,1.4,2026-04-30 11:27:36,9,4,Otoño
110128,AMOXICILINA 500MG CAP. CJAX100UND,MS PHARMA,0.0,10.0,2.8,2026-04-30 13:43:46,7,4,Otoño
110128,AMOXICILINA 500MG CAP. CJAX100UND,MS PHARMA,0.0,20.0,5.6,2026-04-30 14:06:22,2,4,Otoño
110128,AMOXICILINA 500MG CAP. CJAX100UND,MS PHARMA,0.0,10.0,2.8,2026-04-30 18:00:26,3,4,Otoño
110128,AMOXICILINA 500MG CAP. CJAX100UND,MS PHARMA,0.0,10.0,2.8,2026-04-30 18:41:23,17,4,Otoño
110128,AMOXICILINA 500MG CAP. CJAX100UND,MS PHARMA,0.0,20.0,5.6,2026-04-30 19:39:07,2,4,Otoño
110128,AMOXICILINA 500MG CAP. CJAX100UND,MS PHARMA,0.0,10.0,2.8,2026-04-30 20:41:40,5,4,Otoño
110128,AMOXICILINA 500MG CAP. CJAX100UND,MS PHARMA,0.0,10.0,2.8,2026-04-30 21:00:14,13,4,Otoño
110128,AMOXICILINA 500MG CAP. CJAX100UND,MS PHARMA,0.0,10.0,2.8,2026-05-01 08:14:49,9,5,Otoño
110128,AMOXICILINA 500MG CAP. CJAX100UND,MS PHARMA,0.0,10.0,2.8,2026-05-01 09:05:33,2,5,Otoño
110128,AMOXICILINA 500MG CAP. CJAX100UND,MS PHARMA,0.0,20.0,5.6,2026-05-01 10:56:31,6,5,Otoño
110128,AMOXICILINA 500MG CAP. CJAX100UND,MS PHARMA,0.0,10.0,2.8,2026-05-01 12:50:05,7,5,Otoño
110128,AMOXICILINA 500MG CAP. CJAX100UND,MS PHARMA,0.0,10.0,2.8,2026-05-01 14:40:40,9,5,Otoño
110128,AMOXICILINA 500MG CAP. CJAX100UND,MS PHARMA,0.0,10.0,2.8,2026-05-01 17:10:26,9,5,Otoño
110128,AMOXICILINA 500MG CAP. CJAX100UND,MS PHARMA,0.0,10.0,2.8,2026-05-01 18:14:16,2,5,Otoño
110128,AMOXICILINA 500MG CAP. CJAX100UND,MS PHARMA,0.0,10.0,2.8,2026-05-01 20:26:33,15,5,Otoño
110128,AMOXICILINA 500MG CAP. CJAX100UND,MS PHARMA,0.0,10.0,2.8,2026-05-01 21:29:47,9,5,Otoño
110128,AMOXICILINA 500MG CAP. CJAX100UND,MS PHARMA,0.0,10.0,2.8,2026-05-02 11:38:25,9,5,Otoño
110128,AMOXICILINA 500MG CAP. CJAX100UND,MS PHARMA,0.0,10.0,2.8,2026-05-02 15:45:25,2,5,Otoño
110128,AMOXICILINA 500MG CAP. CJAX100UND,MS PHARMA,0.0,10.0,2.8,2026-05-02 16:09:12,9,5,Otoño
110128,AMOXICILINA 500MG CAP. CJAX100UND,MS PHARMA,0.0,15.0,4.2,2026-05-02 16:47:26,9,5,Otoño
110128,AMOXICILINA 500MG CAP. CJAX100UND,MS PHARMA,0.0,10.0,2.8,2026-05-02 18:13:52,8,5,Otoño
110128,AMOXICILINA 500MG CAP. CJAX100UND,MS PHARMA,0.0,10.0,2.8,2026-05-02 19:05:45,17,5,Otoño
110128,AMOXICILINA 500MG CAP. CJAX100UND,MS PHARMA,0.0,10.0,2.8,2026-05-02 19:14:35,18,5,Otoño
110128,AMOXICILINA 500MG CAP. CJAX100UND,MS PHARMA,0.0,10.0,2.8,2026-05-02 22:30:48,18,5,Otoño
110128,AMOXICILINA 500MG CAP. CJAX100UND,MS PHARMA,0.0,15.0,4.2,2026-05-03 13:16:17,9,5,Otoño
110128,AMOXICILINA 500MG CAP. CJAX100UND,MS PHARMA,0.0,21.0,5.88,2026-05-03 17:15:39,17,5,Otoño
110128,AMOXICILINA 500MG CAP. CJAX100UND,MS PHARMA,0.0,10.0,2.8,2026-05-03 20:37:49,6,5,Otoño
110128,AMOXICILINA 500MG CAP. CJAX100UND,MS PHARMA,0.0,10.0,2.8,2026-05-04 07:52:41,16,5,Otoño
110128,AMOXICILINA 500MG CAP. CJAX100UND,MS PHARMA,0.0,10.0,2.8,2026-05-04 10:08:01,4,5,Otoño
110128,AMOXICILINA 500MG CAP. CJAX100UND,MS PHARMA,0.0,15.0,4.2,2026-05-04 10:59:17,1,5,Otoño
110128,AMOXICILINA 500MG CAP. CJAX100UND,MS PHARMA,0.0,10.0,2.8,2026-05-04 11:53:01,9,5,Otoño
110128,AMOXICILINA 500MG CAP. CJAX100UND,MS PHARMA,0.0,5.0,1.4,2026-05-04 13:18:15,9,5,Otoño
110128,AMOXICILINA 500MG CAP. CJAX100UND,MS PHARMA,0.0,10.0,2.66,2026-05-04 13:55:41,13,5,Otoño
110128,AMOXICILINA 500MG CAP. CJAX100UND,MS PHARMA,0.0,10.0,2.8,2026-05-04 14:12:40,10,5,Otoño
110128,AMOXICILINA 500MG CAP. CJAX100UND,MS PHARMA,0.0,10.0,2.8,2026-05-04 17:05:31,2,5,Otoño
110128,AMOXICILINA 500MG CAP. CJAX100UND,MS PHARMA,0.0,10.0,2.8,2026-05-04 17:58:15,13,5,Otoño
110128,AMOXICILINA 500MG CAP. CJAX100UND,MS PHARMA,0.0,10.0,2.8,2026-05-04 18:32:13,12,5,Otoño
110128,AMOXICILINA 500MG CAP. CJAX100UND,MS PHARMA,0.0,2.0,0.56,2026-05-04 20:55:07,17,5,Otoño
110128,AMOXICILINA 500MG CAP. CJAX100UND,MS PHARMA,0.0,10.0,2.8,2026-05-04 21:01:12,14,5,Otoño
110128,AMOXICILINA 500MG CAP. CJAX100UND,MS PHARMA,0.0,10.0,2.8,2026-05-04 21:45:36,11,5,Otoño
110128,AMOXICILINA 500MG CAP. CJAX100UND,MS PHARMA,0.0,10.0,2.8,2026-05-04 22:06:05,3,5,Otoño
110128,AMOXICILINA 500MG CAP. CJAX100UND,MS PHARMA,0.0,3.0,0.84,2026-05-05 09:33:27,13,5,Otoño
110128,AMOXICILINA 500MG CAP. CJAX100UND,MS PHARMA,0.0,3.0,0.84,2026-05-05 09:58:24,13,5,Otoño
110128,AMOXICILINA 500MG CAP. CJAX100UND,MS PHARMA,0.0,9.0,2.52,2026-05-05 10:13:36,13,5,Otoño
110128,AMOXICILINA 500MG CAP. CJAX100UND,MS PHARMA,0.0,30.0,8.4,2026-05-05 11:19:04,13,5,Otoño
110128,AMOXICILINA 500MG CAP. CJAX100UND,MS PHARMA,0.0,20.0,5.6,2026-05-05 13:21:50,7,5,Otoño
110128,AMOXICILINA 500MG CAP. CJAX100UND,MS PHARMA,0.0,10.0,2.8,2026-05-05 13:56:35,11,5,Otoño
110128,AMOXICILINA 500MG CAP. CJAX100UND,MS PHARMA,0.0,20.0,5.6,2026-05-05 16:32:56,12,5,Otoño
110128,AMOXICILINA 500MG CAP. CJAX100UND,MS PHARMA,0.0,5.0,1.4,2026-05-05 18:51:38,9,5,Otoño
110128,AMOXICILINA 500MG CAP. CJAX100UND,MS PHARMA,0.0,10.0,2.8,2026-05-05 20:35:11,1,5,Otoño
110128,AMOXICILINA 500MG CAP. CJAX100UND,MS PHARMA,0.0,10.0,2.8,2026-05-05 21:47:01,7,5,Otoño
110128,AMOXICILINA 500MG CAP. CJAX100UND,MS PHARMA,0.0,10.0,2.8,2026-05-05 21:51:34,3,5,Otoño
110128,AMOXICILINA 500MG CAP. CJAX100UND,MS PHARMA,0.0,10.0,2.8,2026-05-05 21:59:07,9,5,Otoño
110128,AMOXICILINA 500MG CAP. CJAX100UND,MS PHARMA,0.0,10.0,2.8,2026-05-05 22:08:01,12,5,Otoño
110128,AMOXICILINA 500MG CAP. CJAX100UND,MS PHARMA,0.0,10.0,2.8,2026-05-06 10:26:49,2,5,Otoño
110128,AMOXICILINA 500MG CAP. CJAX100UND,MS PHARMA,0.0,10.0,2.8,2026-05-06 10:37:27,9,5,Otoño
110128,AMOXICILINA 500MG CAP. CJAX100UND,MS PHARMA,0.0,10.0,2.8,2026-05-06 19:00:00,7,5,Otoño
110128,AMOXICILINA 500MG CAP. CJAX100UND,MS PHARMA,0.0,20.0,5.6,2026-05-06 19:55:32,13,5,Otoño
110128,AMOXICILINA 500MG CAP. CJAX100UND,MS PHARMA,0.0,20.0,5.6,2026-05-06 20:16:18,14,5,Otoño
110128,AMOXICILINA 500MG CAP. CJAX100UND,MS PHARMA,0.0,10.0,2.8,2026-05-06 21:45:27,7,5,Otoño
110128,AMOXICILINA 500MG CAP. CJAX100UND,MS PHARMA,0.0,30.0,8.4,2026-05-06 22:16:32,4,5,Otoño
110128,AMOXICILINA 500MG CAP. CJAX100UND,MS PHARMA,0.0,10.0,2.8,2026-05-07 09:07:47,18,5,Otoño
110128,AMOXICILINA 500MG CAP. CJAX100UND,MS PHARMA,0.0,-10.0,-2.8,2026-05-07 09:10:27,18,5,Otoño
110128,AMOXICILINA 500MG CAP. CJAX100UND,MS PHARMA,0.0,10.0,2.8,2026-05-07 09:11:01,18,5,Otoño
110128,AMOXICILINA 500MG CAP. CJAX100UND,MS PHARMA,0.0,1.0,0.28,2026-05-07 11:40:52,9,5,Otoño
110128,AMOXICILINA 500MG CAP. CJAX100UND,MS PHARMA,0.0,10.0,2.8,2026-05-07 15:57:01,3,5,Otoño
110128,AMOXICILINA 500MG CAP. CJAX100UND,MS PHARMA,0.0,5.0,1.4,2026-05-07 17:47:06,9,5,Otoño
110128,AMOXICILINA 500MG CAP. CJAX100UND,MS PHARMA,0.0,10.0,2.8,2026-05-07 19:56:16,11,5,Otoño
110128,AMOXICILINA 500MG CAP. CJAX100UND,MS PHARMA,0.0,10.0,2.8,2026-05-07 20:28:36,5,5,Otoño
110128,AMOXICILINA 500MG CAP. CJAX100UND,MS PHARMA,0.0,20.0,5.6,2026-05-07 20:48:22,2,5,Otoño
110128,AMOXICILINA 500MG CAP. CJAX100UND,MS PHARMA,0.0,1.0,0.28,2026-05-07 23:03:32,12,5,Otoño
110128,AMOXICILINA 500MG CAP. CJAX100UND,MS PHARMA,0.0,10.0,2.8,2026-05-08 10:25:04,7,5,Otoño
110128,AMOXICILINA 500MG CAP. CJAX100UND,MS PHARMA,0.0,1.0,0.28,2026-05-08 10:58:52,12,5,Otoño
110128,AMOXICILINA 500MG CAP. CJAX100UND,MS PHARMA,0.0,10.0,2.8,2026-05-08 11:45:04,7,5,Otoño
110128,AMOXICILINA 500MG CAP. CJAX100UND,MS PHARMA,0.0,10.0,2.8,2026-05-08 12:51:06,14,5,Otoño
110128,AMOXICILINA 500MG CAP. CJAX100UND,MS PHARMA,0.0,5.0,1.4,2026-05-08 12:55:49,9,5,Otoño
110128,AMOXICILINA 500MG CAP. CJAX100UND,MS PHARMA,0.0,10.0,2.8,2026-05-08 16:49:39,2,5,Otoño
110128,AMOXICILINA 500MG CAP. CJAX100UND,MS PHARMA,0.0,20.0,5.6,2026-05-08 18:44:14,8,5,Otoño
110128,AMOXICILINA 500MG CAP. CJAX100UND,MS PHARMA,0.0,2.0,0.56,2026-05-08 19:03:38,18,5,Otoño
110128,AMOXICILINA 500MG CAP. CJAX100UND,MS PHARMA,0.0,10.0,2.8,2026-05-08 21:33:10,11,5,Otoño
110128,AMOXICILINA 500MG CAP. CJAX100UND,MS PHARMA,0.0,10.0,2.8,2026-05-08 22:07:57,17,5,Otoño
110128,AMOXICILINA 500MG CAP. CJAX100UND,MS PHARMA,0.0,10.0,2.8,2026-05-09 11:28:36,4,5,Otoño
110128,AMOXICILINA 500MG CAP. CJAX100UND,MS PHARMA,0.0,10.0,2.8,2026-05-09 17:51:02,2,5,Otoño
110128,AMOXICILINA 500MG CAP. CJAX100UND,MS PHARMA,0.0,5.0,1.4,2026-05-09 21:01:40,17,5,Otoño
110128,AMOXICILINA 500MG CAP. CJAX100UND,MS PHARMA,0.0,10.0,2.8,2026-05-10 08:06:42,17,5,Otoño
110128,AMOXICILINA 500MG CAP. CJAX100UND,MS PHARMA,0.0,10.0,2.8,2026-05-10 13:24:01,1,5,Otoño
110128,AMOXICILINA 500MG CAP. CJAX100UND,MS PHARMA,0.0,10.0,2.8,2026-05-10 14:43:07,16,5,Otoño
110128,AMOXICILINA 500MG CAP. CJAX100UND,MS PHARMA,0.0,20.0,5.6,2026-05-10 15:10:35,2,5,Otoño
110128,AMOXICILINA 500MG CAP. CJAX100UND,MS PHARMA,0.0,10.0,2.8,2026-05-10 17:32:49,18,5,Otoño
110128,AMOXICILINA 500MG CAP. CJAX100UND,MS PHARMA,0.0,10.0,2.8,2026-05-10 18:49:47,8,5,Otoño
110128,AMOXICILINA 500MG CAP. CJAX100UND,MS PHARMA,0.0,10.0,2.8,2026-05-10 20:45:07,17,5,Otoño
110128,AMOXICILINA 500MG CAP. CJAX100UND,MS PHARMA,0.0,1.0,0.28,2026-05-11 12:45:46,2,5,Otoño
110128,AMOXICILINA 500MG CAP. CJAX100UND,MS PHARMA,0.0,10.0,2.8,2026-05-11 12:45:46,2,5,Otoño
110128,AMOXICILINA 500MG CAP. CJAX100UND,MS PHARMA,0.0,10.0,2.8,2026-05-11 14:19:54,19,5,Otoño
110128,AMOXICILINA 500MG CAP. CJAX100UND,MS PHARMA,0.0,10.0,2.8,2026-05-11 16:48:42,9,5,Otoño
110128,AMOXICILINA 500MG CAP. CJAX100UND,MS PHARMA,0.0,10.0,2.8,2026-05-11 19:50:01,8,5,Otoño
110128,AMOXICILINA 500MG CAP. CJAX100UND,MS PHARMA,0.0,10.0,2.8,2026-05-11 21:07:45,13,5,Otoño
110128,AMOXICILINA 500MG CAP. CJAX100UND,MS PHARMA,0.0,10.0,2.8,2026-05-12 09:05:47,15,5,Otoño
110128,AMOXICILINA 500MG CAP. CJAX100UND,MS PHARMA,0.0,10.0,2.8,2026-05-12 09:46:13,16,5,Otoño
110128,AMOXICILINA 500MG CAP. CJAX100UND,MS PHARMA,0.0,10.0,2.8,2026-05-12 11:29:01,16,5,Otoño
110128,AMOXICILINA 500MG CAP. CJAX100UND,MS PHARMA,0.0,10.0,2.8,2026-05-12 12:37:03,11,5,Otoño
110128,AMOXICILINA 500MG CAP. CJAX100UND,MS PHARMA,0.0,10.0,2.8,2026-05-12 13:23:11,9,5,Otoño
110128,AMOXICILINA 500MG CAP. CJAX100UND,MS PHARMA,0.0,10.0,2.8,2026-05-12 14:35:46,7,5,Otoño
110128,AMOXICILINA 500MG CAP. CJAX100UND,MS PHARMA,0.0,10.0,2.8,2026-05-12 16:11:12,2,5,Otoño
110128,AMOXICILINA 500MG CAP. CJAX100UND,MS PHARMA,0.0,10.0,2.8,2026-05-12 17:31:10,17,5,Otoño
110128,AMOXICILINA 500MG CAP. CJAX100UND,MS PHARMA,0.0,15.0,4.2,2026-05-12 17:49:18,7,5,Otoño
110128,AMOXICILINA 500MG CAP. CJAX100UND,MS PHARMA,0.0,10.0,2.8,2026-05-12 23:29:04,7,5,Otoño
110128,AMOXICILINA 500MG CAP. CJAX100UND,MS PHARMA,0.0,5.0,1.4,2026-05-13 08:12:27,13,5,Otoño
110128,AMOXICILINA 500MG CAP. CJAX100UND,MS PHARMA,0.0,1.0,0.28,2026-05-13 08:46:10,13,5,Otoño
110128,AMOXICILINA 500MG CAP. CJAX100UND,MS PHARMA,0.0,4.0,1.12,2026-05-13 09:53:55,4,5,Otoño
110128,AMOXICILINA 500MG CAP. CJAX100UND,MS PHARMA,0.0,10.0,2.8,2026-05-13 17:30:09,2,5,Otoño
110128,AMOXICILINA 500MG CAP. CJAX100UND,MS PHARMA,0.0,10.0,2.8,2026-05-13 18:08:48,1,5,Otoño
110128,AMOXICILINA 500MG CAP. CJAX100UND,MS PHARMA,0.0,20.0,5.6,2026-05-13 18:13:06,19,5,Otoño
110128,AMOXICILINA 500MG CAP. CJAX100UND,MS PHARMA,0.0,10.0,2.8,2026-05-13 18:16:56,8,5,Otoño
110128,AMOXICILINA 500MG CAP. CJAX100UND,MS PHARMA,0.0,10.0,2.8,2026-05-13 20:45:56,18,5,Otoño
110128,AMOXICILINA 500MG CAP. CJAX100UND,MS PHARMA,0.0,10.0,2.8,2026-05-13 21:00:12,14,5,Otoño
110128,AMOXICILINA 500MG CAP. CJAX100UND,MS PHARMA,0.0,20.0,5.6,2026-05-14 11:17:34,8,5,Otoño
110128,AMOXICILINA 500MG CAP. CJAX100UND,MS PHARMA,0.0,10.0,2.8,2026-05-14 11:52:00,19,5,Otoño
110128,AMOXICILINA 500MG CAP. CJAX100UND,MS PHARMA,0.0,2.0,0.56,2026-05-14 11:56:16,13,5,Otoño
110128,AMOXICILINA 500MG CAP. CJAX100UND,MS PHARMA,0.0,10.0,2.8,2026-05-14 13:13:47,9,5,Otoño
110128,AMOXICILINA 500MG CAP. CJAX100UND,MS PHARMA,0.0,10.0,2.8,2026-05-14 17:26:20,2,5,Otoño
110128,AMOXICILINA 500MG CAP. CJAX100UND,MS PHARMA,0.0,10.0,2.8,2026-05-14 17:47:58,1,5,Otoño
110128,AMOXICILINA 500MG CAP. CJAX100UND,MS PHARMA,0.0,10.0,2.8,2026-05-14 18:23:13,10,5,Otoño
110128,AMOXICILINA 500MG CAP. CJAX100UND,MS PHARMA,0.0,10.0,2.8,2026-05-14 18:48:10,5,5,Otoño
110128,AMOXICILINA 500MG CAP. CJAX100UND,MS PHARMA,0.0,10.0,2.8,2026-05-14 20:02:36,11,5,Otoño
110128,AMOXICILINA 500MG CAP. CJAX100UND,MS PHARMA,0.0,20.0,5.6,2026-05-14 21:24:00,16,5,Otoño
110128,AMOXICILINA 500MG CAP. CJAX100UND,MS PHARMA,0.0,20.0,5.6,2026-05-14 21:25:45,1,5,Otoño
110128,AMOXICILINA 500MG CAP. CJAX100UND,MS PHARMA,0.0,10.0,2.8,2026-05-14 22:08:06,16,5,Otoño
110128,AMOXICILINA 500MG CAP. CJAX100UND,MS PHARMA,0.0,10.0,2.8,2026-05-14 22:47:49,18,5,Otoño
110128,AMOXICILINA 500MG CAP. CJAX100UND,MS PHARMA,0.0,10.0,2.8,2026-05-15 09:26:13,1,5,Otoño
110128,AMOXICILINA 500MG CAP. CJAX100UND,MS PHARMA,0.0,10.0,2.8,2026-05-15 11:59:18,17,5,Otoño
110128,AMOXICILINA 500MG CAP. CJAX100UND,MS PHARMA,0.0,20.0,5.6,2026-05-15 12:05:01,14,5,Otoño
110128,AMOXICILINA 500MG CAP. CJAX100UND,MS PHARMA,0.0,10.0,2.8,2026-05-15 13:08:58,8,5,Otoño
110128,AMOXICILINA 500MG CAP. CJAX100UND,MS PHARMA,0.0,3.0,0.84,2026-05-15 15:48:57,17,5,Otoño
110128,AMOXICILINA 500MG CAP. CJAX100UND,MS PHARMA,0.0,10.0,2.8,2026-05-15 15:57:19,5,5,Otoño
110128,AMOXICILINA 500MG CAP. CJAX100UND,MS PHARMA,0.0,10.0,2.8,2026-05-15 16:21:53,8,5,Otoño
110128,AMOXICILINA 500MG CAP. CJAX100UND,MS PHARMA,0.0,10.0,2.8,2026-05-15 16:48:27,5,5,Otoño
110128,AMOXICILINA 500MG CAP. CJAX100UND,MS PHARMA,0.0,10.0,2.8,2026-05-15 18:05:08,2,5,Otoño
110128,AMOXICILINA 500MG CAP. CJAX100UND,MS PHARMA,0.0,5.0,1.4,2026-05-15 18:57:46,8,5,Otoño
110128,AMOXICILINA 500MG CAP. CJAX100UND,MS PHARMA,0.0,10.0,2.8,2026-05-15 20:40:41,9,5,Otoño
110128,AMOXICILINA 500MG CAP. CJAX100UND,MS PHARMA,0.0,10.0,2.8,2026-05-15 21:31:13,9,5,Otoño
110128,AMOXICILINA 500MG CAP. CJAX100UND,MS PHARMA,0.0,10.0,2.8,2026-05-16 09:20:17,9,5,Otoño
110128,AMOXICILINA 500MG CAP. CJAX100UND,MS PHARMA,0.0,9.0,2.52,2026-05-16 10:25:25,13,5,Otoño
110128,AMOXICILINA 500MG CAP. CJAX100UND,MS PHARMA,0.0,10.0,2.8,2026-05-16 11:58:17,2,5,Otoño
110128,AMOXICILINA 500MG CAP. CJAX100UND,MS PHARMA,0.0,10.0,2.8,2026-05-16 12:26:36,16,5,Otoño
110128,AMOXICILINA 500MG CAP. CJAX100UND,MS PHARMA,0.0,10.0,2.8,2026-05-16 17:35:31,5,5,Otoño
110128,AMOXICILINA 500MG CAP. CJAX100UND,MS PHARMA,0.0,10.0,2.8,2026-05-16 18:17:59,9,5,Otoño
110128,AMOXICILINA 500MG CAP. CJAX100UND,MS PHARMA,0.0,10.0,2.8,2026-05-16 19:04:38,17,5,Otoño
110128,AMOXICILINA 500MG CAP. CJAX100UND,MS PHARMA,0.0,10.0,2.8,2026-05-16 19:59:44,2,5,Otoño
110128,AMOXICILINA 500MG CAP. CJAX100UND,MS PHARMA,0.0,10.0,2.8,2026-05-16 20:13:56,7,5,Otoño
110128,AMOXICILINA 500MG CAP. CJAX100UND,MS PHARMA,0.0,3.0,0.84,2026-05-16 21:15:54,2,5,Otoño
110128,AMOXICILINA 500MG CAP. CJAX100UND,MS PHARMA,0.0,10.0,2.8,2026-05-17 11:09:17,17,5,Otoño
110128,AMOXICILINA 500MG CAP. CJAX100UND,MS PHARMA,0.0,10.0,2.8,2026-05-17 11:47:58,13,5,Otoño
110128,AMOXICILINA 500MG CAP. CJAX100UND,MS PHARMA,0.0,10.0,2.8,2026-05-17 12:36:06,17,5,Otoño
110128,AMOXICILINA 500MG CAP. CJAX100UND,MS PHARMA,0.0,1.0,0.28,2026-05-17 21:56:16,18,5,Otoño
110128,AMOXICILINA 500MG CAP. CJAX100UND,MS PHARMA,0.0,10.0,2.8,2026-05-18 08:37:39,19,5,Otoño
110128,AMOXICILINA 500MG CAP. CJAX100UND,MS PHARMA,0.0,10.0,2.8,2026-05-18 14:32:11,12,5,Otoño
110128,AMOXICILINA 500MG CAP. CJAX100UND,MS PHARMA,0.0,20.0,5.6,2026-05-18 16:40:53,4,5,Otoño
110128,AMOXICILINA 500MG CAP. CJAX100UND,MS PHARMA,0.0,10.0,2.8,2026-05-18 17:24:18,3,5,Otoño
110128,AMOXICILINA 500MG CAP. CJAX100UND,MS PHARMA,0.0,10.0,2.8,2026-05-18 18:10:04,3,5,Otoño
110128,AMOXICILINA 500MG CAP. CJAX100UND,MS PHARMA,0.0,10.0,2.8,2026-05-18 20:15:22,6,5,Otoño
110128,AMOXICILINA 500MG CAP. CJAX100UND,MS PHARMA,0.0,10.0,2.8,2026-05-18 21:22:18,3,5,Otoño
110128,AMOXICILINA 500MG CAP. CJAX100UND,MS PHARMA,0.0,10.0,2.8,2026-05-19 08:34:03,5,5,Otoño
110128,AMOXICILINA 500MG CAP. CJAX100UND,MS PHARMA,0.0,20.0,5.6,2026-05-19 11:00:06,4,5,Otoño
110128,AMOXICILINA 500MG CAP. CJAX100UND,MS PHARMA,0.0,5.0,1.4,2026-05-19 11:59:26,17,5,Otoño
110128,AMOXICILINA 500MG CAP. CJAX100UND,MS PHARMA,0.0,20.0,5.6,2026-05-19 14:27:08,12,5,Otoño
110128,AMOXICILINA 500MG CAP. CJAX100UND,MS PHARMA,0.0,10.0,2.8,2026-05-19 18:07:10,15,5,Otoño
110128,AMOXICILINA 500MG CAP. CJAX100UND,MS PHARMA,0.0,10.0,2.8,2026-05-19 19:57:40,6,5,Otoño
110128,AMOXICILINA 500MG CAP. CJAX100UND,MS PHARMA,0.0,10.0,2.8,2026-05-19 21:09:20,9,5,Otoño
110128,AMOXICILINA 500MG CAP. CJAX100UND,MS PHARMA,0.0,10.0,2.8,2026-05-20 09:44:45,4,5,Otoño
110128,AMOXICILINA 500MG CAP. CJAX100UND,MS PHARMA,0.0,10.0,2.8,2026-05-20 10:08:35,9,5,Otoño
110128,AMOXICILINA 500MG CAP. CJAX100UND,MS PHARMA,0.0,10.0,2.8,2026-05-20 10:59:55,5,5,Otoño
110128,AMOXICILINA 500MG CAP. CJAX100UND,MS PHARMA,0.0,10.0,2.8,2026-05-20 11:43:26,9,5,Otoño
110128,AMOXICILINA 500MG CAP. CJAX100UND,MS PHARMA,0.0,5.0,1.4,2026-05-20 11:52:45,3,5,Otoño
110128,AMOXICILINA 500MG CAP. CJAX100UND,MS PHARMA,0.0,10.0,2.8,2026-05-20 11:55:53,3,5,Otoño
110128,AMOXICILINA 500MG CAP. CJAX100UND,MS PHARMA,0.0,2.0,0.56,2026-05-20 15:48:52,3,5,Otoño
110128,AMOXICILINA 500MG CAP. CJAX100UND,MS PHARMA,0.0,15.0,4.2,2026-05-20 15:56:24,19,5,Otoño
110128,AMOXICILINA 500MG CAP. CJAX100UND,MS PHARMA,0.0,10.0,2.8,2026-05-20 19:21:18,1,5,Otoño
110128,AMOXICILINA 500MG CAP. CJAX100UND,MS PHARMA,0.0,10.0,2.8,2026-05-20 20:01:10,2,5,Otoño
110128,AMOXICILINA 500MG CAP. CJAX100UND,MS PHARMA,0.0,18.0,5.04,2026-05-20 20:33:54,4,5,Otoño
110128,AMOXICILINA 500MG CAP. CJAX100UND,MS PHARMA,0.0,10.0,2.8,2026-05-20 20:48:35,14,5,Otoño
110128,AMOXICILINA 500MG CAP. CJAX100UND,MS PHARMA,0.0,10.0,2.8,2026-05-20 23:43:25,4,5,Otoño
110128,AMOXICILINA 500MG CAP. CJAX100UND,MS PHARMA,0.0,10.0,2.8,2026-05-21 11:56:26,2,5,Otoño
110128,AMOXICILINA 500MG CAP. CJAX100UND,MS PHARMA,0.0,10.0,2.8,2026-05-21 13:42:44,14,5,Otoño
110128,AMOXICILINA 500MG CAP. CJAX100UND,MS PHARMA,0.0,10.0,2.8,2026-05-21 14:17:58,9,5,Otoño
110128,AMOXICILINA 500MG CAP. CJAX100UND,MS PHARMA,0.0,20.0,5.6,2026-05-21 14:36:01,3,5,Otoño
110128,AMOXICILINA 500MG CAP. CJAX100UND,MS PHARMA,0.0,1.0,0.28,2026-05-21 18:19:59,9,5,Otoño
110128,AMOXICILINA 500MG CAP. CJAX100UND,MS PHARMA,0.0,6.0,1.68,2026-05-21 18:22:39,15,5,Otoño
110128,AMOXICILINA 500MG CAP. CJAX100UND,MS PHARMA,0.0,2.0,0.56,2026-05-21 18:37:13,9,5,Otoño
110128,AMOXICILINA 500MG CAP. CJAX100UND,MS PHARMA,0.0,20.0,5.6,2026-05-21 19:45:25,13,5,Otoño
110128,AMOXICILINA 500MG CAP. CJAX100UND,MS PHARMA,0.0,10.0,2.8,2026-05-21 20:21:11,1,5,Otoño
110128,AMOXICILINA 500MG CAP. CJAX100UND,MS PHARMA,0.0,10.0,2.8,2026-05-21 20:52:16,7,5,Otoño
110128,AMOXICILINA 500MG CAP. CJAX100UND,MS PHARMA,0.0,10.0,2.8,2026-05-21 21:28:01,7,5,Otoño
110128,AMOXICILINA 500MG CAP. CJAX100UND,MS PHARMA,0.0,10.0,2.8,2026-05-21 21:39:31,13,5,Otoño
110128,AMOXICILINA 500MG CAP. CJAX100UND,MS PHARMA,0.0,10.0,2.8,2026-05-22 08:33:15,1,5,Otoño
110128,AMOXICILINA 500MG CAP. CJAX100UND,MS PHARMA,0.0,10.0,2.8,2026-05-22 09:22:25,9,5,Otoño
110128,AMOXICILINA 500MG CAP. CJAX100UND,MS PHARMA,0.0,10.0,2.8,2026-05-22 12:24:42,5,5,Otoño
110128,AMOXICILINA 500MG CAP. CJAX100UND,MS PHARMA,0.0,10.0,2.8,2026-05-22 14:03:31,2,5,Otoño
110128,AMOXICILINA 500MG CAP. CJAX100UND,MS PHARMA,0.0,10.0,2.8,2026-05-22 15:05:16,3,5,Otoño
110128,AMOXICILINA 500MG CAP. CJAX100UND,MS PHARMA,0.0,10.0,2.8,2026-05-22 18:33:50,18,5,Otoño
110128,AMOXICILINA 500MG CAP. CJAX100UND,MS PHARMA,0.0,1.0,0.28,2026-05-22 19:10:33,9,5,Otoño
110128,AMOXICILINA 500MG CAP. CJAX100UND,MS PHARMA,0.0,30.0,8.4,2026-05-22 20:01:56,4,5,Otoño
110128,AMOXICILINA 500MG CAP. CJAX100UND,MS PHARMA,0.0,20.0,5.6,2026-05-22 20:39:35,7,5,Otoño
110128,AMOXICILINA 500MG CAP. CJAX100UND,MS PHARMA,0.0,10.0,2.8,2026-05-23 08:57:47,8,5,Otoño
110128,AMOXICILINA 500MG CAP. CJAX100UND,MS PHARMA,0.0,10.0,2.8,2026-05-23 09:13:06,19,5,Otoño
110128,AMOXICILINA 500MG CAP. CJAX100UND,MS PHARMA,0.0,10.0,2.8,2026-05-23 10:18:29,11,5,Otoño
110128,AMOXICILINA 500MG CAP. CJAX100UND,MS PHARMA,0.0,20.0,5.6,2026-05-23 10:36:05,9,5,Otoño
110128,AMOXICILINA 500MG CAP. CJAX100UND,MS PHARMA,0.0,20.0,5.6,2026-05-23 10:59:19,16,5,Otoño
110128,AMOXICILINA 500MG CAP. CJAX100UND,MS PHARMA,0.0,10.0,2.8,2026-05-23 15:47:37,2,5,Otoño
110128,AMOXICILINA 500MG CAP. CJAX100UND,MS PHARMA,0.0,10.0,2.8,2026-05-23 19:31:16,1,5,Otoño
110128,AMOXICILINA 500MG CAP. CJAX100UND,MS PHARMA,0.0,10.0,2.8,2026-05-23 21:39:56,7,5,Otoño
110128,AMOXICILINA 500MG CAP. CJAX100UND,MS PHARMA,0.0,10.0,2.8,2026-05-23 21:57:18,9,5,Otoño
110128,AMOXICILINA 500MG CAP. CJAX100UND,MS PHARMA,0.0,5.0,1.4,2026-05-24 12:11:52,8,5,Otoño
110128,AMOXICILINA 500MG CAP. CJAX100UND,MS PHARMA,0.0,10.0,2.8,2026-05-24 13:07:50,2,5,Otoño
110128,AMOXICILINA 500MG CAP. CJAX100UND,MS PHARMA,0.0,10.0,2.8,2026-05-24 16:20:03,11,5,Otoño
110128,AMOXICILINA 500MG CAP. CJAX100UND,MS PHARMA,0.0,10.0,2.8,2026-05-24 18:15:42,7,5,Otoño
110128,AMOXICILINA 500MG CAP. CJAX100UND,MS PHARMA,0.0,10.0,2.8,2026-05-24 21:24:29,3,5,Otoño
110128,AMOXICILINA 500MG CAP. CJAX100UND,MS PHARMA,0.0,10.0,2.8,2026-05-25 09:42:04,13,5,Otoño
110128,AMOXICILINA 500MG CAP. CJAX100UND,MS PHARMA,0.0,10.0,2.8,2026-05-25 11:33:30,6,5,Otoño
110128,AMOXICILINA 500MG CAP. CJAX100UND,MS PHARMA,0.0,10.0,2.8,2026-05-25 15:25:55,6,5,Otoño
110128,AMOXICILINA 500MG CAP. CJAX100UND,MS PHARMA,0.0,1.0,0.28,2026-05-25 17:16:24,8,5,Otoño
110128,AMOXICILINA 500MG CAP. CJAX100UND,MS PHARMA,0.0,20.0,5.6,2026-05-25 18:40:57,18,5,Otoño
110128,AMOXICILINA 500MG CAP. CJAX100UND,MS PHARMA,0.0,10.0,2.8,2026-05-25 20:31:47,13,5,Otoño
110128,AMOXICILINA 500MG CAP. CJAX100UND,MS PHARMA,0.0,10.0,2.8,2026-05-25 22:09:27,5,5,Otoño
110128,AMOXICILINA 500MG CAP. CJAX100UND,MS PHARMA,0.0,1.0,0.28,2026-05-25 22:58:25,18,5,Otoño
110128,AMOXICILINA 500MG CAP. CJAX100UND,MS PHARMA,0.0,10.0,2.8,2026-05-26 08:53:08,1,5,Otoño
110128,AMOXICILINA 500MG CAP. CJAX100UND,MS PHARMA,0.0,10.0,2.8,2026-05-26 13:36:52,1,5,Otoño
110128,AMOXICILINA 500MG CAP. CJAX100UND,MS PHARMA,0.0,10.0,2.8,2026-05-26 13:47:42,7,5,Otoño
110128,AMOXICILINA 500MG CAP. CJAX100UND,MS PHARMA,0.0,10.0,2.8,2026-05-26 15:34:30,17,5,Otoño
110128,AMOXICILINA 500MG CAP. CJAX100UND,MS PHARMA,0.0,10.0,2.8,2026-05-26 17:20:39,9,5,Otoño
110128,AMOXICILINA 500MG CAP. CJAX100UND,MS PHARMA,0.0,10.0,2.8,2026-05-26 17:32:58,2,5,Otoño
110128,AMOXICILINA 500MG CAP. CJAX100UND,MS PHARMA,0.0,10.0,2.8,2026-05-26 18:08:46,9,5,Otoño
110128,AMOXICILINA 500MG CAP. CJAX100UND,MS PHARMA,0.0,10.0,2.8,2026-05-26 18:26:05,1,5,Otoño
110128,AMOXICILINA 500MG CAP. CJAX100UND,MS PHARMA,0.0,10.0,2.8,2026-05-26 18:35:10,3,5,Otoño
110128,AMOXICILINA 500MG CAP. CJAX100UND,MS PHARMA,0.0,1.0,0.28,2026-05-26 19:02:46,9,5,Otoño
110128,AMOXICILINA 500MG CAP. CJAX100UND,MS PHARMA,0.0,10.0,2.8,2026-05-26 19:13:54,17,5,Otoño
110128,AMOXICILINA 500MG CAP. CJAX100UND,MS PHARMA,0.0,10.0,2.8,2026-05-26 20:18:13,15,5,Otoño
110128,AMOXICILINA 500MG CAP. CJAX100UND,MS PHARMA,0.0,20.0,5.6,2026-05-26 21:46:49,4,5,Otoño
110128,AMOXICILINA 500MG CAP. CJAX100UND,MS PHARMA,0.0,10.0,2.8,2026-05-27 10:01:27,11,5,Otoño
110128,AMOXICILINA 500MG CAP. CJAX100UND,MS PHARMA,0.0,5.0,1.4,2026-05-27 11:28:22,18,5,Otoño
110128,AMOXICILINA 500MG CAP. CJAX100UND,MS PHARMA,0.0,10.0,2.8,2026-05-27 14:02:42,3,5,Otoño
110128,AMOXICILINA 500MG CAP. CJAX100UND,MS PHARMA,0.0,10.0,2.8,2026-05-27 14:03:47,3,5,Otoño
110128,AMOXICILINA 500MG CAP. CJAX100UND,MS PHARMA,0.0,10.0,2.8,2026-05-27 14:10:30,16,5,Otoño
110128,AMOXICILINA 500MG CAP. CJAX100UND,MS PHARMA,0.0,10.0,2.8,2026-05-27 17:10:38,9,5,Otoño
110128,AMOXICILINA 500MG CAP. CJAX100UND,MS PHARMA,0.0,10.0,2.8,2026-05-27 17:32:26,6,5,Otoño
110128,AMOXICILINA 500MG CAP. CJAX100UND,MS PHARMA,0.0,10.0,2.8,2026-05-27 18:10:43,7,5,Otoño
110128,AMOXICILINA 500MG CAP. CJAX100UND,MS PHARMA,0.0,10.0,2.8,2026-05-27 20:07:50,3,5,Otoño
110128,AMOXICILINA 500MG CAP. CJAX100UND,MS PHARMA,0.0,10.0,2.8,2026-05-27 20:09:39,1,5,Otoño
110128,AMOXICILINA 500MG CAP. CJAX100UND,MS PHARMA,0.0,10.0,2.8,2026-05-27 20:48:56,2,5,Otoño
110128,AMOXICILINA 500MG CAP. CJAX100UND,MS PHARMA,0.0,10.0,2.8,2026-05-27 22:52:01,5,5,Otoño
110128,AMOXICILINA 500MG CAP. CJAX100UND,MS PHARMA,0.0,10.0,2.8,2026-05-28 08:16:28,4,5,Otoño
110128,AMOXICILINA 500MG CAP. CJAX100UND,MS PHARMA,0.0,10.0,2.8,2026-05-28 13:17:52,2,5,Otoño
110128,AMOXICILINA 500MG CAP. CJAX100UND,MS PHARMA,0.0,10.0,2.8,2026-05-28 19:04:11,19,5,Otoño
110128,AMOXICILINA 500MG CAP. CJAX100UND,MS PHARMA,0.0,10.0,2.8,2026-05-28 19:16:30,4,5,Otoño
110128,AMOXICILINA 500MG CAP. CJAX100UND,MS PHARMA,0.0,1.0,0.28,2026-05-28 20:03:58,19,5,Otoño
110128,AMOXICILINA 500MG CAP. CJAX100UND,MS PHARMA,0.0,10.0,2.8,2026-05-28 22:56:21,5,5,Otoño
110128,AMOXICILINA 500MG CAP. CJAX100UND,MS PHARMA,0.0,10.0,2.8,2026-05-28 23:22:36,4,5,Otoño
110128,AMOXICILINA 500MG CAP. CJAX100UND,MS PHARMA,0.0,10.0,2.8,2026-05-29 10:30:23,3,5,Otoño
110128,AMOXICILINA 500MG CAP. CJAX100UND,MS PHARMA,0.0,10.0,2.8,2026-05-29 11:45:36,4,5,Otoño
110128,AMOXICILINA 500MG CAP. CJAX100UND,MS PHARMA,0.0,10.0,2.8,2026-05-29 11:54:33,7,5,Otoño
110128,AMOXICILINA 500MG CAP. CJAX100UND,MS PHARMA,0.0,20.0,5.6,2026-05-29 13:07:52,9,5,Otoño
110128,AMOXICILINA 500MG CAP. CJAX100UND,MS PHARMA,0.0,10.0,2.8,2026-05-29 14:05:36,2,5,Otoño
110128,AMOXICILINA 500MG CAP. CJAX100UND,MS PHARMA,0.0,10.0,2.8,2026-05-29 17:40:18,3,5,Otoño
110128,AMOXICILINA 500MG CAP. CJAX100UND,MS PHARMA,0.0,10.0,2.8,2026-05-29 18:42:42,5,5,Otoño
110128,AMOXICILINA 500MG CAP. CJAX100UND,MS PHARMA,0.0,5.0,1.4,2026-05-29 18:45:10,17,5,Otoño
110128,AMOXICILINA 500MG CAP. CJAX100UND,MS PHARMA,0.0,10.0,2.8,2026-05-29 20:28:41,14,5,Otoño
110128,AMOXICILINA 500MG CAP. CJAX100UND,MS PHARMA,0.0,10.0,2.8,2026-05-29 22:47:45,17,5,Otoño
110128,AMOXICILINA 500MG CAP. CJAX100UND,MS PHARMA,0.0,10.0,2.8,2026-05-30 09:20:21,16,5,Otoño
110128,AMOXICILINA 500MG CAP. CJAX100UND,MS PHARMA,0.0,20.0,5.6,2026-05-30 10:04:50,9,5,Otoño
110128,AMOXICILINA 500MG CAP. CJAX100UND,MS PHARMA,0.0,2.0,0.56,2026-05-30 10:27:51,4,5,Otoño
110128,AMOXICILINA 500MG CAP. CJAX100UND,MS PHARMA,0.0,10.0,2.8,2026-05-30 12:19:11,3,5,Otoño
110128,AMOXICILINA 500MG CAP. CJAX100UND,MS PHARMA,0.0,7.0,1.96,2026-05-30 12:19:56,3,5,Otoño
110128,AMOXICILINA 500MG CAP. CJAX100UND,MS PHARMA,0.0,10.0,2.8,2026-05-30 13:24:56,9,5,Otoño
110128,AMOXICILINA 500MG CAP. CJAX100UND,MS PHARMA,0.0,10.0,2.8,2026-05-30 13:46:48,1,5,Otoño
110128,AMOXICILINA 500MG CAP. CJAX100UND,MS PHARMA,0.0,20.0,5.6,2026-05-30 15:33:12,16,5,Otoño
110128,AMOXICILINA 500MG CAP. CJAX100UND,MS PHARMA,0.0,10.0,2.8,2026-05-30 17:54:49,5,5,Otoño
110128,AMOXICILINA 500MG CAP. CJAX100UND,MS PHARMA,0.0,10.0,2.8,2026-05-30 18:36:24,1,5,Otoño
110128,AMOXICILINA 500MG CAP. CJAX100UND,MS PHARMA,0.0,10.0,2.8,2026-05-30 20:28:04,3,5,Otoño
110128,AMOXICILINA 500MG CAP. CJAX100UND,MS PHARMA,0.0,10.0,2.8,2026-05-30 21:35:22,6,5,Otoño
110128,AMOXICILINA 500MG CAP. CJAX100UND,MS PHARMA,0.0,10.0,2.8,2026-05-30 22:13:05,7,5,Otoño
110128,AMOXICILINA 500MG CAP. CJAX100UND,MS PHARMA,0.0,10.0,2.8,2026-05-31 08:36:33,17,5,Otoño
110128,AMOXICILINA 500MG CAP. CJAX100UND,MS PHARMA,0.0,2.0,0.56,2026-05-31 10:04:22,17,5,Otoño
110128,AMOXICILINA 500MG CAP. CJAX100UND,MS PHARMA,0.0,10.0,2.8,2026-05-31 10:32:03,6,5,Otoño
110128,AMOXICILINA 500MG CAP. CJAX100UND,MS PHARMA,0.0,10.0,2.8,2026-05-31 10:40:18,7,5,Otoño
110128,AMOXICILINA 500MG CAP. CJAX100UND,MS PHARMA,0.0,10.0,2.8,2026-05-31 13:10:26,17,5,Otoño
110128,AMOXICILINA 500MG CAP. CJAX100UND,MS PHARMA,0.0,10.0,2.8,2026-05-31 13:16:57,18,5,Otoño
110128,AMOXICILINA 500MG CAP. CJAX100UND,MS PHARMA,0.0,5.0,1.4,2026-05-31 16:09:38,17,5,Otoño
110128,AMOXICILINA 500MG CAP. CJAX100UND,MS PHARMA,0.0,10.0,2.8,2026-05-31 16:56:20,7,5,Otoño
110128,AMOXICILINA 500MG CAP. CJAX100UND,MS PHARMA,0.0,20.0,5.6,2026-05-31 17:59:34,12,5,Otoño
110128,AMOXICILINA 500MG CAP. CJAX100UND,MS PHARMA,0.0,10.0,2.8,2026-05-31 19:04:21,8,5,Otoño
110128,AMOXICILINA 500MG CAP. CJAX100UND,MS PHARMA,0.0,10.0,2.8,2026-05-31 20:33:17,7,5,Otoño
110128,AMOXICILINA 500MG CAP. CJAX100UND,MS PHARMA,0.0,10.0,2.8,2026-05-31 20:58:35,5,5,Otoño
110128,AMOXICILINA 500MG CAP. CJAX100UND,MS PHARMA,0.0,30.0,8.4,2026-06-01 08:39:59,13,6,Invierno
110128,AMOXICILINA 500MG CAP. CJAX100UND,MS PHARMA,0.0,10.0,2.8,2026-06-01 09:05:25,2,6,Invierno
110128,AMOXICILINA 500MG CAP. CJAX100UND,MS PHARMA,0.0,10.0,2.8,2026-06-01 12:36:16,2,6,Invierno
110128,AMOXICILINA 500MG CAP. CJAX100UND,MS PHARMA,0.0,10.0,2.8,2026-06-01 14:25:49,1,6,Invierno
110128,AMOXICILINA 500MG CAP. CJAX100UND,MS PHARMA,0.0,50.0,14.0,2026-06-01 14:33:34,6,6,Invierno
110128,AMOXICILINA 500MG CAP. CJAX100UND,MS PHARMA,0.0,10.0,2.8,2026-06-01 16:38:30,2,6,Invierno
110128,AMOXICILINA 500MG CAP. CJAX100UND,MS PHARMA,0.0,10.0,2.8,2026-06-01 17:52:14,9,6,Invierno
110128,AMOXICILINA 500MG CAP. CJAX100UND,MS PHARMA,0.0,5.0,1.4,2026-06-01 19:38:43,12,6,Invierno
110128,AMOXICILINA 500MG CAP. CJAX100UND,MS PHARMA,0.0,5.0,1.4,2026-06-01 19:41:31,12,6,Invierno
110128,AMOXICILINA 500MG CAP. CJAX100UND,MS PHARMA,0.0,10.0,2.8,2026-06-02 10:08:18,6,6,Invierno
110128,AMOXICILINA 500MG CAP. CJAX100UND,MS PHARMA,0.0,10.0,2.8,2026-06-02 11:08:26,3,6,Invierno
110128,AMOXICILINA 500MG CAP. CJAX100UND,MS PHARMA,0.0,10.0,2.8,2026-06-02 11:40:16,3,6,Invierno
110128,AMOXICILINA 500MG CAP. CJAX100UND,MS PHARMA,0.0,10.0,2.8,2026-06-02 12:12:24,17,6,Invierno
110128,AMOXICILINA 500MG CAP. CJAX100UND,MS PHARMA,0.0,10.0,2.8,2026-06-02 12:44:47,19,6,Invierno
110128,AMOXICILINA 500MG CAP. CJAX100UND,MS PHARMA,0.0,10.0,2.8,2026-06-02 12:47:38,9,6,Invierno
110128,AMOXICILINA 500MG CAP. CJAX100UND,MS PHARMA,0.0,10.0,2.8,2026-06-02 12:59:16,11,6,Invierno
110128,AMOXICILINA 500MG CAP. CJAX100UND,MS PHARMA,0.0,10.0,2.8,2026-06-02 13:34:06,9,6,Invierno
110128,AMOXICILINA 500MG CAP. CJAX100UND,MS PHARMA,0.0,10.0,2.8,2026-06-02 14:38:35,9,6,Invierno
110128,AMOXICILINA 500MG CAP. CJAX100UND,MS PHARMA,0.0,10.0,2.8,2026-06-02 20:17:33,4,6,Invierno
110128,AMOXICILINA 500MG CAP. CJAX100UND,MS PHARMA,0.0,10.0,2.8,2026-06-02 20:43:52,7,6,Invierno
110128,AMOXICILINA 500MG CAP. CJAX100UND,MS PHARMA,0.0,20.0,5.6,2026-06-03 08:42:08,4,6,Invierno
110128,AMOXICILINA 500MG CAP. CJAX100UND,MS PHARMA,0.0,10.0,2.8,2026-06-03 09:23:00,9,6,Invierno
110128,AMOXICILINA 500MG CAP. CJAX100UND,MS PHARMA,0.0,5.0,1.4,2026-06-03 12:58:14,9,6,Invierno
110128,AMOXICILINA 500MG CAP. CJAX100UND,MS PHARMA,0.0,10.0,2.8,2026-06-03 16:18:00,4,6,Invierno
110128,AMOXICILINA 500MG CAP. CJAX100UND,MS PHARMA,0.0,10.0,2.8,2026-06-03 16:25:55,9,6,Invierno
110128,AMOXICILINA 500MG CAP. CJAX100UND,MS PHARMA,0.0,10.0,2.8,2026-06-03 16:50:30,9,6,Invierno
110128,AMOXICILINA 500MG CAP. CJAX100UND,MS PHARMA,0.0,10.0,2.8,2026-06-03 17:07:34,7,6,Invierno
110128,AMOXICILINA 500MG CAP. CJAX100UND,MS PHARMA,0.0,20.0,5.6,2026-06-03 17:49:11,2,6,Invierno
110128,AMOXICILINA 500MG CAP. CJAX100UND,MS PHARMA,0.0,20.0,5.6,2026-06-03 18:42:04,3,6,Invierno
110128,AMOXICILINA 500MG CAP. CJAX100UND,MS PHARMA,0.0,10.0,2.8,2026-06-03 19:46:29,3,6,Invierno
110128,AMOXICILINA 500MG CAP. CJAX100UND,MS PHARMA,0.0,5.0,1.4,2026-06-03 21:23:53,4,6,Invierno
110128,AMOXICILINA 500MG CAP. CJAX100UND,MS PHARMA,0.0,10.0,2.8,2026-06-03 21:28:57,2,6,Invierno
110128,AMOXICILINA 500MG CAP. CJAX100UND,MS PHARMA,0.0,10.0,2.8,2026-06-03 21:29:52,19,6,Invierno
110128,AMOXICILINA 500MG CAP. CJAX100UND,MS PHARMA,0.0,10.0,2.8,2026-06-04 08:42:52,17,6,Invierno
110128,AMOXICILINA 500MG CAP. CJAX100UND,MS PHARMA,0.0,10.0,2.8,2026-06-04 09:32:52,17,6,Invierno
110128,AMOXICILINA 500MG CAP. CJAX100UND,MS PHARMA,0.0,10.0,2.8,2026-06-04 11:29:55,3,6,Invierno
110128,AMOXICILINA 500MG CAP. CJAX100UND,MS PHARMA,0.0,10.0,2.8,2026-06-04 11:35:30,11,6,Invierno
110128,AMOXICILINA 500MG CAP. CJAX100UND,MS PHARMA,0.0,10.0,2.8,2026-06-04 14:45:04,6,6,Invierno
110128,AMOXICILINA 500MG CAP. CJAX100UND,MS PHARMA,0.0,10.0,2.8,2026-06-04 16:16:10,5,6,Invierno
110128,AMOXICILINA 500MG CAP. CJAX100UND,MS PHARMA,0.0,10.0,2.8,2026-06-04 18:27:50,5,6,Invierno
110128,AMOXICILINA 500MG CAP. CJAX100UND,MS PHARMA,0.0,10.0,2.8,2026-06-04 18:28:54,5,6,Invierno
110128,AMOXICILINA 500MG CAP. CJAX100UND,MS PHARMA,0.0,10.0,2.8,2026-06-04 18:40:46,2,6,Invierno
110128,AMOXICILINA 500MG CAP. CJAX100UND,MS PHARMA,0.0,20.0,5.6,2026-06-04 18:48:02,8,6,Invierno
110128,AMOXICILINA 500MG CAP. CJAX100UND,MS PHARMA,0.0,10.0,2.8,2026-06-04 19:30:10,7,6,Invierno
110128,AMOXICILINA 500MG CAP. CJAX100UND,MS PHARMA,0.0,10.0,2.8,2026-06-04 20:02:38,6,6,Invierno
110128,AMOXICILINA 500MG CAP. CJAX100UND,MS PHARMA,0.0,10.0,2.8,2026-06-04 21:31:29,4,6,Invierno
110128,AMOXICILINA 500MG CAP. CJAX100UND,MS PHARMA,0.0,10.0,2.8,2026-06-04 21:32:08,17,6,Invierno
110128,AMOXICILINA 500MG CAP. CJAX100UND,MS PHARMA,0.0,30.0,8.4,2026-06-04 22:22:28,5,6,Invierno
110128,AMOXICILINA 500MG CAP. CJAX100UND,MS PHARMA,0.0,10.0,2.8,2026-06-04 22:42:37,4,6,Invierno
110128,AMOXICILINA 500MG CAP. CJAX100UND,MS PHARMA,0.0,10.0,2.8,2026-06-05 07:39:04,14,6,Invierno
110128,AMOXICILINA 500MG CAP. CJAX100UND,MS PHARMA,0.0,10.0,2.8,2026-06-05 09:04:20,12,6,Invierno
110128,AMOXICILINA 500MG CAP. CJAX100UND,MS PHARMA,0.0,20.0,5.6,2026-06-05 09:30:58,16,6,Invierno
110128,AMOXICILINA 500MG CAP. CJAX100UND,MS PHARMA,0.0,10.0,2.8,2026-06-05 09:43:33,17,6,Invierno
110128,AMOXICILINA 500MG CAP. CJAX100UND,MS PHARMA,0.0,10.0,2.8,2026-06-05 10:48:21,12,6,Invierno
110128,AMOXICILINA 500MG CAP. CJAX100UND,MS PHARMA,0.0,10.0,2.8,2026-06-05 11:09:54,18,6,Invierno
110128,AMOXICILINA 500MG CAP. CJAX100UND,MS PHARMA,0.0,20.0,5.6,2026-06-05 11:37:15,14,6,Invierno
110128,AMOXICILINA 500MG CAP. CJAX100UND,MS PHARMA,0.0,10.0,2.8,2026-06-05 13:18:28,11,6,Invierno
110128,AMOXICILINA 500MG CAP. CJAX100UND,MS PHARMA,0.0,10.0,2.8,2026-06-05 13:48:20,11,6,Invierno
110128,AMOXICILINA 500MG CAP. CJAX100UND,MS PHARMA,0.0,10.0,2.8,2026-06-05 13:50:30,17,6,Invierno
110128,AMOXICILINA 500MG CAP. CJAX100UND,MS PHARMA,0.0,10.0,2.8,2026-06-05 16:07:00,11,6,Invierno
110128,AMOXICILINA 500MG CAP. CJAX100UND,MS PHARMA,0.0,10.0,2.8,2026-06-05 17:13:41,2,6,Invierno
110128,AMOXICILINA 500MG CAP. CJAX100UND,MS PHARMA,0.0,5.0,1.4,2026-06-05 17:19:01,7,6,Invierno
110128,AMOXICILINA 500MG CAP. CJAX100UND,MS PHARMA,0.0,20.0,5.6,2026-06-05 17:48:39,11,6,Invierno
110128,AMOXICILINA 500MG CAP. CJAX100UND,MS PHARMA,0.0,10.0,2.8,2026-06-05 18:54:10,14,6,Invierno
110128,AMOXICILINA 500MG CAP. CJAX100UND,MS PHARMA,0.0,80.0,22.4,2026-06-05 19:36:11,1,6,Invierno
110128,AMOXICILINA 500MG CAP. CJAX100UND,MS PHARMA,0.0,10.0,2.8,2026-06-05 20:15:33,3,6,Invierno
110128,AMOXICILINA 500MG CAP. CJAX100UND,MS PHARMA,0.0,10.0,2.8,2026-06-05 20:41:48,3,6,Invierno
110128,AMOXICILINA 500MG CAP. CJAX100UND,MS PHARMA,0.0,5.0,1.4,2026-06-05 21:39:08,2,6,Invierno
110128,AMOXICILINA 500MG CAP. CJAX100UND,MS PHARMA,0.0,10.0,2.8,2026-06-05 21:49:13,11,6,Invierno
110128,AMOXICILINA 500MG CAP. CJAX100UND,MS PHARMA,0.0,10.0,2.8,2026-06-05 21:49:49,4,6,Invierno
110128,AMOXICILINA 500MG CAP. CJAX100UND,MS PHARMA,0.0,10.0,2.8,2026-06-06 09:29:45,9,6,Invierno
110128,AMOXICILINA 500MG CAP. CJAX100UND,MS PHARMA,0.0,10.0,2.66,2026-06-06 11:30:57,11,6,Invierno
110128,AMOXICILINA 500MG CAP. CJAX100UND,MS PHARMA,0.0,10.0,2.8,2026-06-06 14:21:46,8,6,Invierno
110128,AMOXICILINA 500MG CAP. CJAX100UND,MS PHARMA,0.0,10.0,2.8,2026-06-06 15:12:59,17,6,Invierno
110128,AMOXICILINA 500MG CAP. CJAX100UND,MS PHARMA,0.0,10.0,2.8,2026-06-06 17:21:51,14,6,Invierno
110128,AMOXICILINA 500MG CAP. CJAX100UND,MS PHARMA,0.0,10.0,2.8,2026-06-06 18:12:31,7,6,Invierno
110128,AMOXICILINA 500MG CAP. CJAX100UND,MS PHARMA,0.0,5.0,1.4,2026-06-06 18:35:11,8,6,Invierno
110128,AMOXICILINA 500MG CAP. CJAX100UND,MS PHARMA,0.0,10.0,2.8,2026-06-06 19:17:58,2,6,Invierno
110128,AMOXICILINA 500MG CAP. CJAX100UND,MS PHARMA,0.0,10.0,2.8,2026-06-06 19:18:58,2,6,Invierno
110128,AMOXICILINA 500MG CAP. CJAX100UND,MS PHARMA,0.0,10.0,2.8,2026-06-06 20:04:49,1,6,Invierno
110128,AMOXICILINA 500MG CAP. CJAX100UND,MS PHARMA,0.0,15.0,4.2,2026-06-06 21:00:35,5,6,Invierno
110128,AMOXICILINA 500MG CAP. CJAX100UND,MS PHARMA,0.0,20.0,5.6,2026-06-06 22:03:44,2,6,Invierno
110128,AMOXICILINA 500MG CAP. CJAX100UND,MS PHARMA,0.0,10.0,2.8,2026-06-06 22:59:03,12,6,Invierno
110128,AMOXICILINA 500MG CAP. CJAX100UND,MS PHARMA,0.0,10.0,2.8,2026-06-07 07:11:04,6,6,Invierno
110128,AMOXICILINA 500MG CAP. CJAX100UND,MS PHARMA,0.0,10.0,2.8,2026-06-07 09:14:13,2,6,Invierno
110128,AMOXICILINA 500MG CAP. CJAX100UND,MS PHARMA,0.0,1.0,0.28,2026-06-07 12:05:33,17,6,Invierno
110128,AMOXICILINA 500MG CAP. CJAX100UND,MS PHARMA,0.0,10.0,2.8,2026-06-07 12:35:24,5,6,Invierno
110128,AMOXICILINA 500MG CAP. CJAX100UND,MS PHARMA,0.0,10.0,2.8,2026-06-07 12:44:39,5,6,Invierno
110128,AMOXICILINA 500MG CAP. CJAX100UND,MS PHARMA,0.0,20.0,5.6,2026-06-07 13:30:40,10,6,Invierno
110128,AMOXICILINA 500MG CAP. CJAX100UND,MS PHARMA,0.0,10.0,2.8,2026-06-07 14:31:30,17,6,Invierno
110128,AMOXICILINA 500MG CAP. CJAX100UND,MS PHARMA,0.0,10.0,2.8,2026-06-07 14:37:59,9,6,Invierno
110128,AMOXICILINA 500MG CAP. CJAX100UND,MS PHARMA,0.0,-10.0,-2.8,2026-06-07 14:40:19,17,6,Invierno
110128,AMOXICILINA 500MG CAP. CJAX100UND,MS PHARMA,0.0,20.0,5.6,2026-06-07 15:44:45,5,6,Invierno
110128,AMOXICILINA 500MG CAP. CJAX100UND,MS PHARMA,0.0,10.0,2.8,2026-06-07 19:34:07,7,6,Invierno
110128,AMOXICILINA 500MG CAP. CJAX100UND,MS PHARMA,0.0,10.0,2.8,2026-06-07 19:50:13,12,6,Invierno
110128,AMOXICILINA 500MG CAP. CJAX100UND,MS PHARMA,0.0,10.0,2.8,2026-06-07 22:37:28,5,6,Invierno
110128,AMOXICILINA 500MG CAP. CJAX100UND,MS PHARMA,0.0,10.0,2.8,2026-06-08 11:02:38,6,6,Invierno
110128,AMOXICILINA 500MG CAP. CJAX100UND,MS PHARMA,0.0,10.0,2.8,2026-06-08 16:43:14,4,6,Invierno
110128,AMOXICILINA 500MG CAP. CJAX100UND,MS PHARMA,0.0,10.0,2.8,2026-06-08 19:04:26,4,6,Invierno
110128,AMOXICILINA 500MG CAP. CJAX100UND,MS PHARMA,0.0,10.0,2.8,2026-06-08 19:33:41,9,6,Invierno
110128,AMOXICILINA 500MG CAP. CJAX100UND,MS PHARMA,0.0,7.0,1.96,2026-06-08 20:30:19,6,6,Invierno
110128,AMOXICILINA 500MG CAP. CJAX100UND,MS PHARMA,0.0,10.0,2.8,2026-06-08 21:49:21,6,6,Invierno
110128,AMOXICILINA 500MG CAP. CJAX100UND,MS PHARMA,0.0,10.0,2.8,2026-06-08 21:57:50,5,6,Invierno
110128,AMOXICILINA 500MG CAP. CJAX100UND,MS PHARMA,0.0,10.0,2.8,2026-06-09 08:41:41,17,6,Invierno
110128,AMOXICILINA 500MG CAP. CJAX100UND,MS PHARMA,0.0,10.0,2.8,2026-06-09 09:02:46,13,6,Invierno
110128,AMOXICILINA 500MG CAP. CJAX100UND,MS PHARMA,0.0,10.0,2.8,2026-06-09 10:49:07,6,6,Invierno
110128,AMOXICILINA 500MG CAP. CJAX100UND,MS PHARMA,0.0,10.0,2.8,2026-06-09 10:58:46,2,6,Invierno
110128,AMOXICILINA 500MG CAP. CJAX100UND,MS PHARMA,0.0,5.0,1.4,2026-06-09 11:03:37,6,6,Invierno
110128,AMOXICILINA 500MG CAP. CJAX100UND,MS PHARMA,0.0,10.0,2.8,2026-06-09 11:46:01,17,6,Invierno
110128,AMOXICILINA 500MG CAP. CJAX100UND,MS PHARMA,0.0,10.0,2.8,2026-06-09 13:11:42,2,6,Invierno
110128,AMOXICILINA 500MG CAP. CJAX100UND,MS PHARMA,0.0,10.0,2.8,2026-06-09 13:19:03,2,6,Invierno
110128,AMOXICILINA 500MG CAP. CJAX100UND,MS PHARMA,0.0,10.0,2.8,2026-06-09 13:46:11,11,6,Invierno
110128,AMOXICILINA 500MG CAP. CJAX100UND,MS PHARMA,0.0,10.0,2.8,2026-06-09 14:20:20,2,6,Invierno
110128,AMOXICILINA 500MG CAP. CJAX100UND,MS PHARMA,0.0,28.0,7.84,2026-06-09 14:26:45,6,6,Invierno
110128,AMOXICILINA 500MG CAP. CJAX100UND,MS PHARMA,0.0,10.0,2.8,2026-06-09 15:25:01,1,6,Invierno
110128,AMOXICILINA 500MG CAP. CJAX100UND,MS PHARMA,0.0,10.0,2.8,2026-06-09 17:10:09,12,6,Invierno
110128,AMOXICILINA 500MG CAP. CJAX100UND,MS PHARMA,0.0,10.0,2.8,2026-06-09 17:28:52,6,6,Invierno
110128,AMOXICILINA 500MG CAP. CJAX100UND,MS PHARMA,0.0,10.0,2.8,2026-06-09 17:45:56,9,6,Invierno
110128,AMOXICILINA 500MG CAP. CJAX100UND,MS PHARMA,0.0,10.0,2.8,2026-06-09 18:43:42,17,6,Invierno
110128,AMOXICILINA 500MG CAP. CJAX100UND,MS PHARMA,0.0,10.0,2.8,2026-06-09 18:46:29,5,6,Invierno
110128,AMOXICILINA 500MG CAP. CJAX100UND,MS PHARMA,0.0,10.0,2.8,2026-06-09 21:45:57,14,6,Invierno
110128,AMOXICILINA 500MG CAP. CJAX100UND,MS PHARMA,0.0,10.0,2.8,2026-06-10 10:18:59,18,6,Invierno
110128,AMOXICILINA 500MG CAP. CJAX100UND,MS PHARMA,0.0,10.0,2.8,2026-06-10 16:43:53,5,6,Invierno
110128,AMOXICILINA 500MG CAP. CJAX100UND,MS PHARMA,0.0,10.0,2.8,2026-06-10 17:08:58,1,6,Invierno
110128,AMOXICILINA 500MG CAP. CJAX100UND,MS PHARMA,0.0,10.0,2.8,2026-06-10 17:19:59,1,6,Invierno
110128,AMOXICILINA 500MG CAP. CJAX100UND,MS PHARMA,0.0,10.0,2.8,2026-06-10 18:09:32,9,6,Invierno
110128,AMOXICILINA 500MG CAP. CJAX100UND,MS PHARMA,0.0,10.0,2.8,2026-06-10 19:15:59,7,6,Invierno
110128,AMOXICILINA 500MG CAP. CJAX100UND,MS PHARMA,0.0,10.0,2.8,2026-06-11 07:18:50,1,6,Invierno
110128,AMOXICILINA 500MG CAP. CJAX100UND,MS PHARMA,0.0,10.0,2.8,2026-06-11 08:11:36,18,6,Invierno
110128,AMOXICILINA 500MG CAP. CJAX100UND,MS PHARMA,0.0,10.0,2.8,2026-06-11 10:56:18,3,6,Invierno
110128,AMOXICILINA 500MG CAP. CJAX100UND,MS PHARMA,0.0,10.0,2.8,2026-06-11 15:46:44,11,6,Invierno
110128,AMOXICILINA 500MG CAP. CJAX100UND,MS PHARMA,0.0,10.0,2.8,2026-06-11 17:52:44,19,6,Invierno
110128,AMOXICILINA 500MG CAP. CJAX100UND,MS PHARMA,0.0,5.0,1.4,2026-06-11 18:04:55,5,6,Invierno
110128,AMOXICILINA 500MG CAP. CJAX100UND,MS PHARMA,0.0,10.0,2.8,2026-06-11 18:42:59,8,6,Invierno
110128,AMOXICILINA 500MG CAP. CJAX100UND,MS PHARMA,0.0,10.0,2.8,2026-06-12 09:04:06,16,6,Invierno
110128,AMOXICILINA 500MG CAP. CJAX100UND,MS PHARMA,0.0,20.0,5.6,2026-06-12 11:07:43,8,6,Invierno
110128,AMOXICILINA 500MG CAP. CJAX100UND,MS PHARMA,0.0,10.0,2.8,2026-06-12 11:12:57,12,6,Invierno
110128,AMOXICILINA 500MG CAP. CJAX100UND,MS PHARMA,0.0,10.0,2.8,2026-06-12 12:59:48,3,6,Invierno
110128,AMOXICILINA 500MG CAP. CJAX100UND,MS PHARMA,0.0,12.0,3.36,2026-06-12 13:33:16,9,6,Invierno
110128,AMOXICILINA 500MG CAP. CJAX100UND,MS PHARMA,0.0,10.0,2.8,2026-06-12 16:26:08,1,6,Invierno
110128,AMOXICILINA 500MG CAP. CJAX100UND,MS PHARMA,0.0,20.0,5.6,2026-06-12 17:51:23,11,6,Invierno
110128,AMOXICILINA 500MG CAP. CJAX100UND,MS PHARMA,0.0,10.0,2.8,2026-06-12 18:28:25,14,6,Invierno
110128,AMOXICILINA 500MG CAP. CJAX100UND,MS PHARMA,0.0,10.0,2.8,2026-06-12 18:34:52,17,6,Invierno
110128,AMOXICILINA 500MG CAP. CJAX100UND,MS PHARMA,0.0,10.0,2.8,2026-06-12 19:37:02,3,6,Invierno
110128,AMOXICILINA 500MG CAP. CJAX100UND,MS PHARMA,0.0,10.0,2.8,2026-06-12 20:02:39,2,6,Invierno
110128,AMOXICILINA 500MG CAP. CJAX100UND,MS PHARMA,0.0,10.0,2.8,2026-06-12 20:09:20,7,6,Invierno
110128,AMOXICILINA 500MG CAP. CJAX100UND,MS PHARMA,0.0,10.0,2.8,2026-06-12 20:18:16,7,6,Invierno
110128,AMOXICILINA 500MG CAP. CJAX100UND,MS PHARMA,0.0,10.0,2.8,2026-06-12 20:49:37,9,6,Invierno
110128,AMOXICILINA 500MG CAP. CJAX100UND,MS PHARMA,0.0,10.0,2.8,2026-06-12 20:52:50,3,6,Invierno
110128,AMOXICILINA 500MG CAP. CJAX100UND,MS PHARMA,0.0,20.0,5.6,2026-06-12 22:49:55,16,6,Invierno
110128,AMOXICILINA 500MG CAP. CJAX100UND,MS PHARMA,0.0,10.0,2.8,2026-06-13 08:58:52,8,6,Invierno
110128,AMOXICILINA 500MG CAP. CJAX100UND,MS PHARMA,0.0,10.0,2.8,2026-06-13 11:58:22,11,6,Invierno
110128,AMOXICILINA 500MG CAP. CJAX100UND,MS PHARMA,0.0,20.0,5.6,2026-06-13 12:01:35,4,6,Invierno
110128,AMOXICILINA 500MG CAP. CJAX100UND,MS PHARMA,0.0,10.0,2.8,2026-06-13 17:14:36,1,6,Invierno
110128,AMOXICILINA 500MG CAP. CJAX100UND,MS PHARMA,0.0,15.0,4.2,2026-06-13 18:18:56,7,6,Invierno
110128,AMOXICILINA 500MG CAP. CJAX100UND,MS PHARMA,0.0,10.0,2.8,2026-06-13 22:22:50,13,6,Invierno
110128,AMOXICILINA 500MG CAP. CJAX100UND,MS PHARMA,0.0,10.0,2.8,2026-06-14 13:14:36,9,6,Invierno
110128,AMOXICILINA 500MG CAP. CJAX100UND,MS PHARMA,0.0,6.0,1.68,2026-06-14 17:40:41,18,6,Invierno
110128,AMOXICILINA 500MG CAP. CJAX100UND,MS PHARMA,0.0,10.0,2.8,2026-06-14 19:37:55,1,6,Invierno
110128,AMOXICILINA 500MG CAP. CJAX100UND,MS PHARMA,0.0,10.0,2.8,2026-06-14 21:06:26,7,6,Invierno
110128,AMOXICILINA 500MG CAP. CJAX100UND,MS PHARMA,0.0,10.0,2.8,2026-06-15 09:15:20,2,6,Invierno
110128,AMOXICILINA 500MG CAP. CJAX100UND,MS PHARMA,0.0,10.0,2.8,2026-06-15 11:23:36,9,6,Invierno
110128,AMOXICILINA 500MG CAP. CJAX100UND,MS PHARMA,0.0,10.0,2.8,2026-06-15 11:25:33,13,6,Invierno
110128,AMOXICILINA 500MG CAP. CJAX100UND,MS PHARMA,0.0,10.0,2.8,2026-06-15 11:36:18,9,6,Invierno
110128,AMOXICILINA 500MG CAP. CJAX100UND,MS PHARMA,0.0,10.0,2.8,2026-06-15 12:34:42,18,6,Invierno
110128,AMOXICILINA 500MG CAP. CJAX100UND,MS PHARMA,0.0,10.0,2.8,2026-06-15 12:57:36,9,6,Invierno
110128,AMOXICILINA 500MG CAP. CJAX100UND,MS PHARMA,0.0,15.0,4.2,2026-06-15 13:16:05,9,6,Invierno
110128,AMOXICILINA 500MG CAP. CJAX100UND,MS PHARMA,0.0,21.0,5.88,2026-06-15 14:31:48,17,6,Invierno
110128,AMOXICILINA 500MG CAP. CJAX100UND,MS PHARMA,0.0,10.0,2.8,2026-06-15 16:50:10,8,6,Invierno
110128,AMOXICILINA 500MG CAP. CJAX100UND,MS PHARMA,0.0,10.0,2.8,2026-06-15 17:23:11,4,6,Invierno
110128,AMOXICILINA 500MG CAP. CJAX100UND,MS PHARMA,0.0,5.0,1.4,2026-06-15 19:18:12,9,6,Invierno
110128,AMOXICILINA 500MG CAP. CJAX100UND,MS PHARMA,0.0,10.0,2.8,2026-06-15 20:20:34,8,6,Invierno
110128,AMOXICILINA 500MG CAP. CJAX100UND,MS PHARMA,0.0,10.0,2.8,2026-06-15 20:39:48,8,6,Invierno
110128,AMOXICILINA 500MG CAP. CJAX100UND,MS PHARMA,0.0,10.0,2.8,2026-06-15 21:25:11,7,6,Invierno
110128,AMOXICILINA 500MG CAP. CJAX100UND,MS PHARMA,0.0,5.0,1.4,2026-06-15 21:49:59,8,6,Invierno
110128,AMOXICILINA 500MG CAP. CJAX100UND,MS PHARMA,0.0,10.0,2.8,2026-06-15 22:17:17,4,6,Invierno
110128,AMOXICILINA 500MG CAP. CJAX100UND,MS PHARMA,0.0,10.0,2.8,2026-06-16 10:15:20,5,6,Invierno
110128,AMOXICILINA 500MG CAP. CJAX100UND,MS PHARMA,0.0,10.0,2.8,2026-06-16 10:26:02,8,6,Invierno
110128,AMOXICILINA 500MG CAP. CJAX100UND,MS PHARMA,0.0,20.0,5.6,2026-06-16 11:12:19,2,6,Invierno
110128,AMOXICILINA 500MG CAP. CJAX100UND,MS PHARMA,0.0,10.0,2.8,2026-06-16 11:33:04,19,6,Invierno
110128,AMOXICILINA 500MG CAP. CJAX100UND,MS PHARMA,0.0,10.0,2.8,2026-06-16 13:14:27,4,6,Invierno
110128,AMOXICILINA 500MG CAP. CJAX100UND,MS PHARMA,0.0,20.0,5.6,2026-06-16 15:41:12,2,6,Invierno
110128,AMOXICILINA 500MG CAP. CJAX100UND,MS PHARMA,0.0,10.0,2.66,2026-06-16 15:54:11,9,6,Invierno
110128,AMOXICILINA 500MG CAP. CJAX100UND,MS PHARMA,0.0,15.0,4.2,2026-06-16 15:58:22,5,6,Invierno
110128,AMOXICILINA 500MG CAP. CJAX100UND,MS PHARMA,0.0,10.0,2.8,2026-06-16 16:35:43,12,6,Invierno
110128,AMOXICILINA 500MG CAP. CJAX100UND,MS PHARMA,0.0,10.0,2.8,2026-06-16 18:14:36,17,6,Invierno
110128,AMOXICILINA 500MG CAP. CJAX100UND,MS PHARMA,0.0,10.0,2.8,2026-06-16 19:07:27,18,6,Invierno
110128,AMOXICILINA 500MG CAP. CJAX100UND,MS PHARMA,0.0,10.0,2.8,2026-06-16 20:11:56,12,6,Invierno
110128,AMOXICILINA 500MG CAP. CJAX100UND,MS PHARMA,0.0,10.0,2.8,2026-06-16 23:40:51,7,6,Invierno
110128,AMOXICILINA 500MG CAP. CJAX100UND,MS PHARMA,0.0,10.0,2.8,2026-06-17 07:18:56,9,6,Invierno
110128,AMOXICILINA 500MG CAP. CJAX100UND,MS PHARMA,0.0,10.0,2.8,2026-06-17 07:45:58,9,6,Invierno
110128,AMOXICILINA 500MG CAP. CJAX100UND,MS PHARMA,0.0,10.0,2.8,2026-06-17 10:12:15,3,6,Invierno
110128,AMOXICILINA 500MG CAP. CJAX100UND,MS PHARMA,0.0,15.0,4.2,2026-06-17 11:57:58,2,6,Invierno
110128,AMOXICILINA 500MG CAP. CJAX100UND,MS PHARMA,0.0,10.0,2.8,2026-06-17 14:03:06,6,6,Invierno
110128,AMOXICILINA 500MG CAP. CJAX100UND,MS PHARMA,0.0,10.0,2.8,2026-06-17 17:49:41,9,6,Invierno
110128,AMOXICILINA 500MG CAP. CJAX100UND,MS PHARMA,0.0,10.0,2.8,2026-06-17 18:12:45,1,6,Invierno
110128,AMOXICILINA 500MG CAP. CJAX100UND,MS PHARMA,0.0,10.0,2.8,2026-06-17 20:58:48,6,6,Invierno
110128,AMOXICILINA 500MG CAP. CJAX100UND,MS PHARMA,0.0,20.0,5.6,2026-06-17 21:11:54,7,6,Invierno
110128,AMOXICILINA 500MG CAP. CJAX100UND,MS PHARMA,0.0,10.0,2.26,2026-06-18 07:34:02,2,6,Invierno
110128,AMOXICILINA 500MG CAP. CJAX100UND,MS PHARMA,0.0,20.0,5.6,2026-06-18 13:36:26,14,6,Invierno
110128,AMOXICILINA 500MG CAP. CJAX100UND,MS PHARMA,0.0,10.0,2.8,2026-06-18 14:44:30,18,6,Invierno
110128,AMOXICILINA 500MG CAP. CJAX100UND,MS PHARMA,0.0,10.0,2.8,2026-06-18 16:49:37,1,6,Invierno
110128,AMOXICILINA 500MG CAP. CJAX100UND,MS PHARMA,0.0,20.0,5.6,2026-06-18 19:32:49,9,6,Invierno
110128,AMOXICILINA 500MG CAP. CJAX100UND,MS PHARMA,0.0,2.0,0.56,2026-06-18 20:51:22,9,6,Invierno
110128,AMOXICILINA 500MG CAP. CJAX100UND,MS PHARMA,0.0,10.0,2.8,2026-06-18 22:13:25,7,6,Invierno
110128,AMOXICILINA 500MG CAP. CJAX100UND,MS PHARMA,0.0,10.0,2.8,2026-06-19 08:49:30,4,6,Invierno
110128,AMOXICILINA 500MG CAP. CJAX100UND,MS PHARMA,0.0,10.0,2.8,2026-06-19 08:51:32,5,6,Invierno
110128,AMOXICILINA 500MG CAP. CJAX100UND,MS PHARMA,0.0,10.0,2.8,2026-06-19 18:50:06,2,6,Invierno
110128,AMOXICILINA 500MG CAP. CJAX100UND,MS PHARMA,0.0,20.0,5.6,2026-06-19 19:30:40,2,6,Invierno
110128,AMOXICILINA 500MG CAP. CJAX100UND,MS PHARMA,0.0,10.0,2.8,2026-06-19 21:19:14,8,6,Invierno
110128,AMOXICILINA 500MG CAP. CJAX100UND,MS PHARMA,0.0,10.0,2.8,2026-06-20 14:30:18,11,6,Invierno
110128,AMOXICILINA 500MG CAP. CJAX100UND,MS PHARMA,0.0,10.0,2.8,2026-06-20 18:11:23,6,6,Invierno
110128,AMOXICILINA 500MG CAP. CJAX100UND,MS PHARMA,0.0,20.0,5.6,2026-06-20 18:43:55,2,6,Invierno
110128,AMOXICILINA 500MG CAP. CJAX100UND,MS PHARMA,0.0,10.0,2.8,2026-06-20 19:43:54,3,6,Invierno
110128,AMOXICILINA 500MG CAP. CJAX100UND,MS PHARMA,0.0,10.0,2.8,2026-06-20 23:28:21,4,6,Invierno
110128,AMOXICILINA 500MG CAP. CJAX100UND,MS PHARMA,0.0,10.0,2.8,2026-06-21 07:08:25,6,6,Invierno
110128,AMOXICILINA 500MG CAP. CJAX100UND,MS PHARMA,0.0,10.0,2.8,2026-06-21 09:55:46,16,6,Invierno
110128,AMOXICILINA 500MG CAP. CJAX100UND,MS PHARMA,0.0,5.0,1.4,2026-06-21 10:56:07,5,6,Invierno
110128,AMOXICILINA 500MG CAP. CJAX100UND,MS PHARMA,0.0,10.0,2.8,2026-06-21 17:30:46,5,6,Invierno
110128,AMOXICILINA 500MG CAP. CJAX100UND,MS PHARMA,0.0,10.0,2.8,2026-06-21 19:55:25,8,6,Invierno
110128,AMOXICILINA 500MG CAP. CJAX100UND,MS PHARMA,0.0,6.0,1.68,2026-06-22 11:38:51,4,6,Invierno
110128,AMOXICILINA 500MG CAP. CJAX100UND,MS PHARMA,0.0,10.0,2.8,2026-06-22 13:53:51,9,6,Invierno
110128,AMOXICILINA 500MG CAP. CJAX100UND,MS PHARMA,0.0,10.0,2.8,2026-06-22 15:20:35,16,6,Invierno
110128,AMOXICILINA 500MG CAP. CJAX100UND,MS PHARMA,0.0,20.0,5.6,2026-06-22 15:25:58,11,6,Invierno
110128,AMOXICILINA 500MG CAP. CJAX100UND,MS PHARMA,0.0,10.0,2.8,2026-06-22 16:16:51,6,6,Invierno
110128,AMOXICILINA 500MG CAP. CJAX100UND,MS PHARMA,0.0,10.0,2.8,2026-06-22 16:24:23,8,6,Invierno
110128,AMOXICILINA 500MG CAP. CJAX100UND,MS PHARMA,0.0,20.0,5.6,2026-06-22 18:10:57,9,6,Invierno
110128,AMOXICILINA 500MG CAP. CJAX100UND,MS PHARMA,0.0,10.0,2.8,2026-06-22 18:14:13,1,6,Invierno
110128,AMOXICILINA 500MG CAP. CJAX100UND,MS PHARMA,0.0,10.0,2.8,2026-06-22 18:45:48,8,6,Invierno
110128,AMOXICILINA 500MG CAP. CJAX100UND,MS PHARMA,0.0,10.0,2.8,2026-06-22 19:36:42,3,6,Invierno
110128,AMOXICILINA 500MG CAP. CJAX100UND,MS PHARMA,0.0,10.0,2.8,2026-06-22 20:16:24,9,6,Invierno
110128,AMOXICILINA 500MG CAP. CJAX100UND,MS PHARMA,0.0,10.0,2.8,2026-06-22 22:13:28,5,6,Invierno
110128,AMOXICILINA 500MG CAP. CJAX100UND,MS PHARMA,0.0,10.0,2.8,2026-06-22 22:44:56,4,6,Invierno
110128,AMOXICILINA 500MG CAP. CJAX100UND,MS PHARMA,0.0,10.0,2.8,2026-06-23 08:12:24,6,6,Invierno
110128,AMOXICILINA 500MG CAP. CJAX100UND,MS PHARMA,0.0,10.0,2.8,2026-06-23 09:10:02,17,6,Invierno
110128,AMOXICILINA 500MG CAP. CJAX100UND,MS PHARMA,0.0,10.0,2.8,2026-06-23 10:02:27,9,6,Invierno
110128,AMOXICILINA 500MG CAP. CJAX100UND,MS PHARMA,0.0,10.0,2.8,2026-06-23 10:36:38,15,6,Invierno
110128,AMOXICILINA 500MG CAP. CJAX100UND,MS PHARMA,0.0,10.0,2.8,2026-06-23 10:40:19,9,6,Invierno
110128,AMOXICILINA 500MG CAP. CJAX100UND,MS PHARMA,0.0,2.0,0.56,2026-06-23 11:06:57,16,6,Invierno
110128,AMOXICILINA 500MG CAP. CJAX100UND,MS PHARMA,0.0,10.0,2.8,2026-06-23 16:25:59,3,6,Invierno
110128,AMOXICILINA 500MG CAP. CJAX100UND,MS PHARMA,0.0,30.0,8.4,2026-06-23 18:35:30,9,6,Invierno
110128,AMOXICILINA 500MG CAP. CJAX100UND,MS PHARMA,0.0,10.0,2.8,2026-06-23 19:41:48,1,6,Invierno
110128,AMOXICILINA 500MG CAP. CJAX100UND,MS PHARMA,0.0,10.0,2.8,2026-06-23 20:46:00,7,6,Invierno
110128,AMOXICILINA 500MG CAP. CJAX100UND,MS PHARMA,0.0,10.0,2.8,2026-06-23 20:56:07,12,6,Invierno
110128,AMOXICILINA 500MG CAP. CJAX100UND,MS PHARMA,0.0,10.0,2.8,2026-06-23 21:11:12,4,6,Invierno
110128,AMOXICILINA 500MG CAP. CJAX100UND,MS PHARMA,0.0,10.0,2.8,2026-06-23 21:23:25,7,6,Invierno
110128,AMOXICILINA 500MG CAP. CJAX100UND,MS PHARMA,0.0,10.0,2.8,2026-06-23 22:03:00,3,6,Invierno
110128,AMOXICILINA 500MG CAP. CJAX100UND,MS PHARMA,0.0,10.0,2.8,2026-06-24 09:48:17,18,6,Invierno
110128,AMOXICILINA 500MG CAP. CJAX100UND,MS PHARMA,0.0,20.0,5.6,2026-06-24 09:56:35,16,6,Invierno
110128,AMOXICILINA 500MG CAP. CJAX100UND,MS PHARMA,0.0,20.0,5.6,2026-06-24 11:39:12,18,6,Invierno
110128,AMOXICILINA 500MG CAP. CJAX100UND,MS PHARMA,0.0,10.0,2.8,2026-06-24 12:40:52,9,6,Invierno
110128,AMOXICILINA 500MG CAP. CJAX100UND,MS PHARMA,0.0,10.0,2.8,2026-06-24 13:48:31,16,6,Invierno
110128,AMOXICILINA 500MG CAP. CJAX100UND,MS PHARMA,0.0,10.0,2.8,2026-06-24 15:09:05,17,6,Invierno
110128,AMOXICILINA 500MG CAP. CJAX100UND,MS PHARMA,0.0,2.0,0.56,2026-06-24 17:53:54,1,6,Invierno
110128,AMOXICILINA 500MG CAP. CJAX100UND,MS PHARMA,0.0,10.0,2.8,2026-06-24 19:15:54,12,6,Invierno
110128,AMOXICILINA 500MG CAP. CJAX100UND,MS PHARMA,0.0,10.0,2.8,2026-06-24 19:26:54,2,6,Invierno
110128,AMOXICILINA 500MG CAP. CJAX100UND,MS PHARMA,0.0,15.0,4.2,2026-06-24 19:41:50,16,6,Invierno
110128,AMOXICILINA 500MG CAP. CJAX100UND,MS PHARMA,0.0,10.0,2.8,2026-06-24 20:27:59,8,6,Invierno
110128,AMOXICILINA 500MG CAP. CJAX100UND,MS PHARMA,0.0,10.0,2.8,2026-06-24 22:55:24,2,6,Invierno
110128,AMOXICILINA 500MG CAP. CJAX100UND,MS PHARMA,0.0,10.0,2.8,2026-06-25 12:49:09,6,6,Invierno
110128,AMOXICILINA 500MG CAP. CJAX100UND,MS PHARMA,0.0,10.0,2.8,2026-06-25 13:00:26,6,6,Invierno
110128,AMOXICILINA 500MG CAP. CJAX100UND,MS PHARMA,0.0,20.0,5.6,2026-06-25 13:33:36,16,6,Invierno
110128,AMOXICILINA 500MG CAP. CJAX100UND,MS PHARMA,0.0,-10.0,-2.8,2026-06-25 14:08:28,6,6,Invierno
110128,AMOXICILINA 500MG CAP. CJAX100UND,MS PHARMA,0.0,2.0,0.56,2026-06-25 17:09:48,12,6,Invierno
110128,AMOXICILINA 500MG CAP. CJAX100UND,MS PHARMA,0.0,2.0,0.56,2026-06-25 20:10:54,5,6,Invierno
110128,AMOXICILINA 500MG CAP. CJAX100UND,MS PHARMA,0.0,10.0,2.8,2026-06-25 20:35:13,1,6,Invierno
110128,AMOXICILINA 500MG CAP. CJAX100UND,MS PHARMA,0.0,15.0,4.2,2026-06-25 20:46:07,4,6,Invierno
110128,AMOXICILINA 500MG CAP. CJAX100UND,MS PHARMA,0.0,10.0,2.8,2026-06-25 21:28:11,5,6,Invierno
110128,AMOXICILINA 500MG CAP. CJAX100UND,MS PHARMA,0.0,10.0,2.8,2026-06-26 07:14:04,16,6,Invierno
110128,AMOXICILINA 500MG CAP. CJAX100UND,MS PHARMA,0.0,10.0,2.8,2026-06-26 09:54:15,5,6,Invierno
110128,AMOXICILINA 500MG CAP. CJAX100UND,MS PHARMA,0.0,10.0,2.8,2026-06-26 11:48:11,11,6,Invierno
110128,AMOXICILINA 500MG CAP. CJAX100UND,MS PHARMA,0.0,10.0,2.8,2026-06-26 13:38:43,17,6,Invierno
110128,AMOXICILINA 500MG CAP. CJAX100UND,MS PHARMA,0.0,10.0,2.8,2026-06-26 16:25:13,7,6,Invierno
110128,AMOXICILINA 500MG CAP. CJAX100UND,MS PHARMA,0.0,10.0,2.8,2026-06-26 19:24:37,2,6,Invierno
110128,AMOXICILINA 500MG CAP. CJAX100UND,MS PHARMA,0.0,10.0,2.8,2026-06-26 19:32:20,9,6,Invierno
110128,AMOXICILINA 500MG CAP. CJAX100UND,MS PHARMA,0.0,10.0,2.8,2026-06-26 20:01:31,1,6,Invierno
110128,AMOXICILINA 500MG CAP. CJAX100UND,MS PHARMA,0.0,110.0,30.8,2026-06-26 20:21:52,11,6,Invierno
110128,AMOXICILINA 500MG CAP. CJAX100UND,MS PHARMA,0.0,10.0,2.8,2026-06-26 21:34:15,9,6,Invierno
110128,AMOXICILINA 500MG CAP. CJAX100UND,MS PHARMA,0.0,10.0,2.8,2026-06-26 21:35:46,9,6,Invierno
110128,AMOXICILINA 500MG CAP. CJAX100UND,MS PHARMA,0.0,10.0,2.8,2026-06-27 09:57:05,8,6,Invierno
110128,AMOXICILINA 500MG CAP. CJAX100UND,MS PHARMA,0.0,10.0,2.8,2026-06-27 10:28:04,17,6,Invierno
110128,AMOXICILINA 500MG CAP. CJAX100UND,MS PHARMA,0.0,10.0,2.8,2026-06-27 11:05:18,3,6,Invierno
110128,AMOXICILINA 500MG CAP. CJAX100UND,MS PHARMA,0.0,10.0,2.8,2026-06-27 11:45:16,6,6,Invierno
110128,AMOXICILINA 500MG CAP. CJAX100UND,MS PHARMA,0.0,-10.0,-2.8,2026-06-27 11:49:33,6,6,Invierno
110128,AMOXICILINA 500MG CAP. CJAX100UND,MS PHARMA,0.0,10.0,2.8,2026-06-27 11:51:28,6,6,Invierno
110128,AMOXICILINA 500MG CAP. CJAX100UND,MS PHARMA,0.0,10.0,2.8,2026-06-27 14:05:04,18,6,Invierno
110128,AMOXICILINA 500MG CAP. CJAX100UND,MS PHARMA,0.0,-10.0,-2.8,2026-06-27 14:12:18,18,6,Invierno
110128,AMOXICILINA 500MG CAP. CJAX100UND,MS PHARMA,0.0,10.0,2.8,2026-06-27 14:13:10,18,6,Invierno
110128,AMOXICILINA 500MG CAP. CJAX100UND,MS PHARMA,0.0,10.0,2.8,2026-06-27 14:22:48,17,6,Invierno
110128,AMOXICILINA 500MG CAP. CJAX100UND,MS PHARMA,0.0,10.0,2.8,2026-06-27 17:17:59,7,6,Invierno
110128,AMOXICILINA 500MG CAP. CJAX100UND,MS PHARMA,0.0,20.0,5.6,2026-06-27 18:06:26,2,6,Invierno
110128,AMOXICILINA 500MG CAP. CJAX100UND,MS PHARMA,0.0,10.0,2.8,2026-06-27 18:09:14,9,6,Invierno
110128,AMOXICILINA 500MG CAP. CJAX100UND,MS PHARMA,0.0,10.0,2.8,2026-06-27 18:34:52,7,6,Invierno
110128,AMOXICILINA 500MG CAP. CJAX100UND,MS PHARMA,0.0,10.0,2.8,2026-06-27 21:10:56,13,6,Invierno
110128,AMOXICILINA 500MG CAP. CJAX100UND,MS PHARMA,0.0,10.0,2.8,2026-06-27 21:50:46,8,6,Invierno
110128,AMOXICILINA 500MG CAP. CJAX100UND,MS PHARMA,0.0,-10.0,-2.8,2026-06-27 21:52:44,8,6,Invierno
110128,AMOXICILINA 500MG CAP. CJAX100UND,MS PHARMA,0.0,10.0,2.8,2026-06-27 21:53:51,8,6,Invierno
110128,AMOXICILINA 500MG CAP. CJAX100UND,MS PHARMA,0.0,10.0,2.8,2026-06-28 12:10:35,6,6,Invierno
110128,AMOXICILINA 500MG CAP. CJAX100UND,MS PHARMA,0.0,10.0,2.8,2026-06-28 17:44:31,9,6,Invierno
110128,AMOXICILINA 500MG CAP. CJAX100UND,MS PHARMA,0.0,10.0,2.8,2026-06-28 18:42:15,17,6,Invierno
110128,AMOXICILINA 500MG CAP. CJAX100UND,MS PHARMA,0.0,10.0,2.8,2026-06-28 19:17:57,5,6,Invierno
110128,AMOXICILINA 500MG CAP. CJAX100UND,MS PHARMA,0.0,3.0,0.84,2026-06-28 20:39:49,17,6,Invierno
110128,AMOXICILINA 500MG CAP. CJAX100UND,MS PHARMA,0.0,10.0,2.8,2026-06-28 21:55:54,7,6,Invierno
110128,AMOXICILINA 500MG CAP. CJAX100UND,MS PHARMA,0.0,10.0,2.8,2026-06-29 11:13:57,5,6,Invierno
110128,AMOXICILINA 500MG CAP. CJAX100UND,MS PHARMA,0.0,10.0,2.8,2026-06-29 12:15:10,1,6,Invierno
110128,AMOXICILINA 500MG CAP. CJAX100UND,MS PHARMA,0.0,20.0,5.6,2026-06-29 13:00:18,8,6,Invierno
110128,AMOXICILINA 500MG CAP. CJAX100UND,MS PHARMA,0.0,4.0,1.12,2026-06-29 14:38:36,17,6,Invierno
110128,AMOXICILINA 500MG CAP. CJAX100UND,MS PHARMA,0.0,5.0,1.4,2026-06-29 18:10:06,5,6,Invierno
110128,AMOXICILINA 500MG CAP. CJAX100UND,MS PHARMA,0.0,30.0,8.4,2026-06-29 19:45:46,9,6,Invierno
110128,AMOXICILINA 500MG CAP. CJAX100UND,MS PHARMA,0.0,10.0,2.8,2026-06-29 20:01:22,2,6,Invierno
110128,AMOXICILINA 500MG CAP. CJAX100UND,MS PHARMA,0.0,4.0,1.12,2026-06-29 20:47:54,17,6,Invierno
110128,AMOXICILINA 500MG CAP. CJAX100UND,MS PHARMA,0.0,10.0,2.8,2026-06-30 10:24:00,3,6,Invierno
110128,AMOXICILINA 500MG CAP. CJAX100UND,MS PHARMA,0.0,10.0,2.8,2026-06-30 11:47:27,7,6,Invierno
110128,AMOXICILINA 500MG CAP. CJAX100UND,MS PHARMA,0.0,10.0,2.8,2026-06-30 16:18:38,11,6,Invierno
110128,AMOXICILINA 500MG CAP. CJAX100UND,MS PHARMA,0.0,20.0,5.6,2026-06-30 16:37:55,9,6,Invierno
110128,AMOXICILINA 500MG CAP. CJAX100UND,MS PHARMA,0.0,10.0,2.8,2026-06-30 17:26:23,1,6,Invierno
110128,AMOXICILINA 500MG CAP. CJAX100UND,MS PHARMA,0.0,10.0,2.8,2026-06-30 17:58:45,17,6,Invierno
110128,AMOXICILINA 500MG CAP. CJAX100UND,MS PHARMA,0.0,5.0,1.4,2026-06-30 18:33:29,5,6,Invierno
110128,AMOXICILINA 500MG CAP. CJAX100UND,MS PHARMA,0.0,10.0,2.8,2026-06-30 18:54:53,1,6,Invierno
110128,AMOXICILINA 500MG CAP. CJAX100UND,MS PHARMA,0.0,10.0,2.8,2026-06-30 18:58:54,2,6,Invierno
110128,AMOXICILINA 500MG CAP. CJAX100UND,MS PHARMA,0.0,10.0,2.8,2026-06-30 20:18:28,1,6,Invierno
110128,AMOXICILINA 500MG CAP. CJAX100UND,MS PHARMA,0.0,10.0,2.8,2026-06-30 21:59:10,7,6,Invierno
110128,AMOXICILINA 500MG CAP. CJAX100UND,MS PHARMA,0.0,10.0,2.8,2026-07-01 08:13:00,14,7,Invierno
110128,AMOXICILINA 500MG CAP. CJAX100UND,MS PHARMA,0.0,10.0,2.8,2026-07-01 10:16:46,19,7,Invierno
110128,AMOXICILINA 500MG CAP. CJAX100UND,MS PHARMA,0.0,10.0,2.8,2026-07-01 10:41:55,11,7,Invierno
110128,AMOXICILINA 500MG CAP. CJAX100UND,MS PHARMA,0.0,10.0,2.8,2026-07-01 15:27:11,5,7,Invierno
110128,AMOXICILINA 500MG CAP. CJAX100UND,MS PHARMA,0.0,10.0,2.8,2026-07-01 17:09:17,8,7,Invierno
110128,AMOXICILINA 500MG CAP. CJAX100UND,MS PHARMA,0.0,10.0,2.8,2026-07-01 18:07:13,9,7,Invierno
110128,AMOXICILINA 500MG CAP. CJAX100UND,MS PHARMA,0.0,10.0,2.8,2026-07-01 19:01:27,16,7,Invierno
110128,AMOXICILINA 500MG CAP. CJAX100UND,MS PHARMA,0.0,10.0,2.8,2026-07-01 21:10:03,1,7,Invierno
110128,AMOXICILINA 500MG CAP. CJAX100UND,MS PHARMA,0.0,10.0,2.66,2026-07-01 23:25:24,7,7,Invierno
110128,AMOXICILINA 500MG CAP. CJAX100UND,MS PHARMA,0.0,10.0,2.8,2026-07-02 12:31:14,10,7,Invierno
110128,AMOXICILINA 500MG CAP. CJAX100UND,MS PHARMA,0.0,10.0,2.8,2026-07-02 15:39:22,19,7,Invierno
110128,AMOXICILINA 500MG CAP. CJAX100UND,MS PHARMA,0.0,20.0,5.6,2026-07-02 15:57:37,11,7,Invierno
110128,AMOXICILINA 500MG CAP. CJAX100UND,MS PHARMA,0.0,10.0,2.8,2026-07-02 16:11:40,6,7,Invierno
110128,AMOXICILINA 500MG CAP. CJAX100UND,MS PHARMA,0.0,10.0,2.8,2026-07-02 16:35:54,9,7,Invierno
110128,AMOXICILINA 500MG CAP. CJAX100UND,MS PHARMA,0.0,50.0,14.0,2026-07-02 16:43:42,12,7,Invierno
110128,AMOXICILINA 500MG CAP. CJAX100UND,MS PHARMA,0.0,10.0,2.8,2026-07-02 16:59:13,16,7,Invierno
110128,AMOXICILINA 500MG CAP. CJAX100UND,MS PHARMA,0.0,10.0,2.8,2026-07-02 17:39:35,8,7,Invierno
110128,AMOXICILINA 500MG CAP. CJAX100UND,MS PHARMA,0.0,9.0,2.52,2026-07-02 20:13:38,19,7,Invierno
110128,AMOXICILINA 500MG CAP. CJAX100UND,MS PHARMA,0.0,10.0,2.8,2026-07-02 20:42:53,1,7,Invierno
110128,AMOXICILINA 500MG CAP. CJAX100UND,MS PHARMA,0.0,10.0,2.8,2026-07-02 20:48:33,1,7,Invierno
110128,AMOXICILINA 500MG CAP. CJAX100UND,MS PHARMA,0.0,10.0,2.8,2026-07-02 21:02:24,11,7,Invierno
110128,AMOXICILINA 500MG CAP. CJAX100UND,MS PHARMA,0.0,10.0,2.8,2026-07-03 10:07:05,3,7,Invierno
110128,AMOXICILINA 500MG CAP. CJAX100UND,MS PHARMA,0.0,4.0,1.12,2026-07-03 10:21:18,16,7,Invierno
110128,AMOXICILINA 500MG CAP. CJAX100UND,MS PHARMA,0.0,10.0,2.8,2026-07-03 10:41:58,7,7,Invierno
110128,AMOXICILINA 500MG CAP. CJAX100UND,MS PHARMA,0.0,20.0,5.6,2026-07-03 11:31:08,14,7,Invierno
110128,AMOXICILINA 500MG CAP. CJAX100UND,MS PHARMA,0.0,10.0,2.8,2026-07-03 11:46:16,4,7,Invierno
110128,AMOXICILINA 500MG CAP. CJAX100UND,MS PHARMA,0.0,10.0,2.8,2026-07-03 13:46:24,2,7,Invierno
110128,AMOXICILINA 500MG CAP. CJAX100UND,MS PHARMA,0.0,20.0,5.6,2026-07-03 14:48:33,11,7,Invierno
110128,AMOXICILINA 500MG CAP. CJAX100UND,MS PHARMA,0.0,10.0,2.8,2026-07-03 17:20:54,16,7,Invierno
110128,AMOXICILINA 500MG CAP. CJAX100UND,MS PHARMA,0.0,10.0,2.8,2026-07-03 17:58:47,6,7,Invierno
110128,AMOXICILINA 500MG CAP. CJAX100UND,MS PHARMA,0.0,10.0,2.8,2026-07-03 18:58:58,18,7,Invierno
110128,AMOXICILINA 500MG CAP. CJAX100UND,MS PHARMA,0.0,10.0,2.8,2026-07-03 20:06:57,5,7,Invierno
110128,AMOXICILINA 500MG CAP. CJAX100UND,MS PHARMA,0.0,10.0,2.8,2026-07-03 20:23:13,19,7,Invierno
110128,AMOXICILINA 500MG CAP. CJAX100UND,MS PHARMA,0.0,10.0,2.8,2026-07-03 20:35:51,10,7,Invierno
110128,AMOXICILINA 500MG CAP. CJAX100UND,MS PHARMA,0.0,10.0,2.8,2026-07-04 09:19:23,4,7,Invierno
110128,AMOXICILINA 500MG CAP. CJAX100UND,MS PHARMA,0.0,10.0,2.8,2026-07-04 11:22:48,9,7,Invierno
110128,AMOXICILINA 500MG CAP. CJAX100UND,MS PHARMA,0.0,10.0,2.8,2026-07-04 12:11:10,18,7,Invierno
110128,AMOXICILINA 500MG CAP. CJAX100UND,MS PHARMA,0.0,10.0,2.8,2026-07-04 16:45:35,13,7,Invierno
110128,AMOXICILINA 500MG CAP. CJAX100UND,MS PHARMA,0.0,10.0,2.8,2026-07-04 17:51:40,8,7,Invierno
110128,AMOXICILINA 500MG CAP. CJAX100UND,MS PHARMA,0.0,10.0,2.8,2026-07-04 18:05:45,19,7,Invierno
110128,AMOXICILINA 500MG CAP. CJAX100UND,MS PHARMA,0.0,10.0,2.8,2026-07-04 18:38:27,7,7,Invierno
110128,AMOXICILINA 500MG CAP. CJAX100UND,MS PHARMA,0.0,50.0,14.0,2026-07-04 18:59:29,7,7,Invierno
110128,AMOXICILINA 500MG CAP. CJAX100UND,MS PHARMA,0.0,10.0,2.8,2026-07-04 20:57:38,7,7,Invierno
110128,AMOXICILINA 500MG CAP. CJAX100UND,MS PHARMA,0.0,10.0,2.8,2026-07-05 09:56:39,9,7,Invierno
110128,AMOXICILINA 500MG CAP. CJAX100UND,MS PHARMA,0.0,10.0,2.8,2026-07-05 10:26:01,4,7,Invierno
110128,AMOXICILINA 500MG CAP. CJAX100UND,MS PHARMA,0.0,30.0,8.4,2026-07-05 13:30:41,2,7,Invierno
110128,AMOXICILINA 500MG CAP. CJAX100UND,MS PHARMA,0.0,30.0,8.4,2026-07-05 15:42:45,7,7,Invierno
110128,AMOXICILINA 500MG CAP. CJAX100UND,MS PHARMA,0.0,10.0,2.8,2026-07-05 15:43:23,18,7,Invierno
110128,AMOXICILINA 500MG CAP. CJAX100UND,MS PHARMA,0.0,10.0,2.8,2026-07-05 17:14:23,18,7,Invierno
110128,AMOXICILINA 500MG CAP. CJAX100UND,MS PHARMA,0.0,4.0,1.12,2026-07-05 17:24:23,9,7,Invierno
110128,AMOXICILINA 500MG CAP. CJAX100UND,MS PHARMA,0.0,10.0,2.8,2026-07-05 18:07:10,3,7,Invierno
110128,AMOXICILINA 500MG CAP. CJAX100UND,MS PHARMA,0.0,10.0,2.8,2026-07-05 20:02:08,18,7,Invierno
110128,AMOXICILINA 500MG CAP. CJAX100UND,MS PHARMA,0.0,2.0,0.56,2026-07-05 21:05:26,18,7,Invierno
110128,AMOXICILINA 500MG CAP. CJAX100UND,MS PHARMA,0.0,10.0,2.8,2026-07-06 07:54:53,11,7,Invierno
110128,AMOXICILINA 500MG CAP. CJAX100UND,MS PHARMA,0.0,-10.0,-2.8,2026-07-06 07:58:58,11,7,Invierno
110128,AMOXICILINA 500MG CAP. CJAX100UND,MS PHARMA,0.0,10.0,2.8,2026-07-06 08:00:17,11,7,Invierno
110128,AMOXICILINA 500MG CAP. CJAX100UND,MS PHARMA,0.0,10.0,2.8,2026-07-06 08:06:50,6,7,Invierno
110128,AMOXICILINA 500MG CAP. CJAX100UND,MS PHARMA,0.0,10.0,2.8,2026-07-06 11:16:06,9,7,Invierno
110128,AMOXICILINA 500MG CAP. CJAX100UND,MS PHARMA,0.0,10.0,2.8,2026-07-06 11:35:17,2,7,Invierno
110128,AMOXICILINA 500MG CAP. CJAX100UND,MS PHARMA,0.0,-10.0,-2.8,2026-07-06 11:35:32,2,7,Invierno
110128,AMOXICILINA 500MG CAP. CJAX100UND,MS PHARMA,0.0,10.0,2.8,2026-07-06 11:36:24,2,7,Invierno
110128,AMOXICILINA 500MG CAP. CJAX100UND,MS PHARMA,0.0,10.0,2.8,2026-07-06 15:58:57,17,7,Invierno
110128,AMOXICILINA 500MG CAP. CJAX100UND,MS PHARMA,0.0,10.0,2.8,2026-07-06 18:51:34,19,7,Invierno
110128,AMOXICILINA 500MG CAP. CJAX100UND,MS PHARMA,0.0,10.0,2.8,2026-07-06 19:29:35,8,7,Invierno
110128,AMOXICILINA 500MG CAP. CJAX100UND,MS PHARMA,0.0,12.0,3.36,2026-07-06 19:48:35,2,7,Invierno
110128,AMOXICILINA 500MG CAP. CJAX100UND,MS PHARMA,0.0,10.0,2.8,2026-07-06 20:08:20,12,7,Invierno
110128,AMOXICILINA 500MG CAP. CJAX100UND,MS PHARMA,0.0,10.0,2.8,2026-07-06 20:12:55,7,7,Invierno
110128,AMOXICILINA 500MG CAP. CJAX100UND,MS PHARMA,0.0,10.0,2.8,2026-07-06 21:09:45,7,7,Invierno
110128,AMOXICILINA 500MG CAP. CJAX100UND,MS PHARMA,0.0,5.0,1.4,2026-07-07 12:54:43,15,7,Invierno
110128,AMOXICILINA 500MG CAP. CJAX100UND,MS PHARMA,0.0,10.0,2.8,2026-07-07 15:30:42,5,7,Invierno
110128,AMOXICILINA 500MG CAP. CJAX100UND,MS PHARMA,0.0,10.0,2.8,2026-07-07 18:04:07,3,7,Invierno
110128,AMOXICILINA 500MG CAP. CJAX100UND,MS PHARMA,0.0,10.0,2.8,2026-07-07 18:44:38,16,7,Invierno
110128,AMOXICILINA 500MG CAP. CJAX100UND,MS PHARMA,0.0,10.0,2.8,2026-07-07 21:13:19,18,7,Invierno
110128,AMOXICILINA 500MG CAP. CJAX100UND,MS PHARMA,0.0,10.0,2.8,2026-07-07 21:32:28,1,7,Invierno
110128,AMOXICILINA 500MG CAP. CJAX100UND,MS PHARMA,0.0,10.0,2.8,2026-07-08 07:31:07,14,7,Invierno
110128,AMOXICILINA 500MG CAP. CJAX100UND,MS PHARMA,0.0,10.0,2.8,2026-07-08 10:51:09,3,7,Invierno
110128,AMOXICILINA 500MG CAP. CJAX100UND,MS PHARMA,0.0,10.0,2.8,2026-07-08 13:20:16,1,7,Invierno
110128,AMOXICILINA 500MG CAP. CJAX100UND,MS PHARMA,0.0,10.0,2.8,2026-07-08 14:52:50,15,7,Invierno
110128,AMOXICILINA 500MG CAP. CJAX100UND,MS PHARMA,0.0,10.0,2.8,2026-07-08 17:30:30,13,7,Invierno
110128,AMOXICILINA 500MG CAP. CJAX100UND,MS PHARMA,0.0,1.0,0.28,2026-07-08 19:42:12,2,7,Invierno
110128,AMOXICILINA 500MG CAP. CJAX100UND,MS PHARMA,0.0,10.0,2.8,2026-07-09 12:55:54,5,7,Invierno
110128,AMOXICILINA 500MG CAP. CJAX100UND,MS PHARMA,0.0,20.0,5.6,2026-07-09 17:18:13,6,7,Invierno
110128,AMOXICILINA 500MG CAP. CJAX100UND,MS PHARMA,0.0,10.0,2.8,2026-07-09 18:12:16,6,7,Invierno
110128,AMOXICILINA 500MG CAP. CJAX100UND,MS PHARMA,0.0,20.0,5.6,2026-07-09 18:13:06,1,7,Invierno
110128,AMOXICILINA 500MG CAP. CJAX100UND,MS PHARMA,0.0,10.0,2.8,2026-07-09 18:42:17,7,7,Invierno
110128,AMOXICILINA 500MG CAP. CJAX100UND,MS PHARMA,0.0,10.0,2.8,2026-07-09 18:54:00,9,7,Invierno
110128,AMOXICILINA 500MG CAP. CJAX100UND,MS PHARMA,0.0,10.0,2.8,2026-07-09 19:39:07,2,7,Invierno
110128,AMOXICILINA 500MG CAP. CJAX100UND,MS PHARMA,0.0,10.0,2.8,2026-07-09 19:54:09,5,7,Invierno
110128,AMOXICILINA 500MG CAP. CJAX100UND,MS PHARMA,0.0,10.0,2.8,2026-07-09 21:47:34,18,7,Invierno
110128,AMOXICILINA 500MG CAP. CJAX100UND,MS PHARMA,0.0,10.0,2.8,2026-07-10 09:43:11,5,7,Invierno
110128,AMOXICILINA 500MG CAP. CJAX100UND,MS PHARMA,0.0,10.0,2.8,2026-07-10 10:14:42,8,7,Invierno
110128,AMOXICILINA 500MG CAP. CJAX100UND,MS PHARMA,0.0,30.0,8.4,2026-07-10 10:29:41,11,7,Invierno
110128,AMOXICILINA 500MG CAP. CJAX100UND,MS PHARMA,0.0,10.0,2.8,2026-07-10 13:54:42,5,7,Invierno
110128,AMOXICILINA 500MG CAP. CJAX100UND,MS PHARMA,0.0,20.0,5.6,2026-07-10 14:12:57,9,7,Invierno
110128,AMOXICILINA 500MG CAP. CJAX100UND,MS PHARMA,0.0,10.0,2.8,2026-07-10 14:25:57,16,7,Invierno
110128,AMOXICILINA 500MG CAP. CJAX100UND,MS PHARMA,0.0,20.0,5.6,2026-07-10 17:08:29,1,7,Invierno
110128,AMOXICILINA 500MG CAP. CJAX100UND,MS PHARMA,0.0,10.0,2.8,2026-07-10 18:10:38,7,7,Invierno
110128,AMOXICILINA 500MG CAP. CJAX100UND,MS PHARMA,0.0,5.0,1.4,2026-07-10 18:46:43,12,7,Invierno
110128,AMOXICILINA 500MG CAP. CJAX100UND,MS PHARMA,0.0,10.0,2.8,2026-07-10 19:35:57,7,7,Invierno
110128,AMOXICILINA 500MG CAP. CJAX100UND,MS PHARMA,0.0,10.0,2.8,2026-07-10 20:04:09,2,7,Invierno
110128,AMOXICILINA 500MG CAP. CJAX100UND,MS PHARMA,0.0,10.0,2.8,2026-07-10 20:28:44,18,7,Invierno
110128,AMOXICILINA 500MG CAP. CJAX100UND,MS PHARMA,0.0,10.0,2.8,2026-07-10 21:14:40,5,7,Invierno
110128,AMOXICILINA 500MG CAP. CJAX100UND,MS PHARMA,0.0,5.0,1.4,2026-07-11 09:00:18,6,7,Invierno
110128,AMOXICILINA 500MG CAP. CJAX100UND,MS PHARMA,1.0,0.0,28.0,2026-07-11 12:48:48,9,7,Invierno
110128,AMOXICILINA 500MG CAP. CJAX100UND,MS PHARMA,0.0,10.0,2.8,2026-07-11 12:52:29,19,7,Invierno
110128,AMOXICILINA 500MG CAP. CJAX100UND,MS PHARMA,0.0,10.0,2.8,2026-07-11 14:16:16,13,7,Invierno
110128,AMOXICILINA 500MG CAP. CJAX100UND,MS PHARMA,0.0,10.0,2.8,2026-07-11 16:30:40,13,7,Invierno
110128,AMOXICILINA 500MG CAP. CJAX100UND,MS PHARMA,0.0,10.0,2.8,2026-07-11 20:10:12,18,7,Invierno
110128,AMOXICILINA 500MG CAP. CJAX100UND,MS PHARMA,0.0,10.0,2.8,2026-07-11 20:59:10,2,7,Invierno
110128,AMOXICILINA 500MG CAP. CJAX100UND,MS PHARMA,0.0,10.0,2.8,2026-07-12 08:00:10,16,7,Invierno
110128,AMOXICILINA 500MG CAP. CJAX100UND,MS PHARMA,0.0,10.0,2.8,2026-07-12 12:26:36,5,7,Invierno
110128,AMOXICILINA 500MG CAP. CJAX100UND,MS PHARMA,0.0,20.0,5.6,2026-07-12 13:38:26,3,7,Invierno
110128,AMOXICILINA 500MG CAP. CJAX100UND,MS PHARMA,0.0,5.0,1.4,2026-07-12 14:26:13,5,7,Invierno
110128,AMOXICILINA 500MG CAP. CJAX100UND,MS PHARMA,0.0,10.0,2.8,2026-07-12 15:49:02,19,7,Invierno
110128,AMOXICILINA 500MG CAP. CJAX100UND,MS PHARMA,0.0,10.0,2.8,2026-07-12 15:54:46,5,7,Invierno
110128,AMOXICILINA 500MG CAP. CJAX100UND,MS PHARMA,0.0,10.0,2.8,2026-07-12 16:39:05,18,7,Invierno
110128,AMOXICILINA 500MG CAP. CJAX100UND,MS PHARMA,0.0,20.0,5.6,2026-07-12 16:57:17,3,7,Invierno
110128,AMOXICILINA 500MG CAP. CJAX100UND,MS PHARMA,0.0,10.0,2.8,2026-07-12 20:56:08,2,7,Invierno
110128,AMOXICILINA 500MG CAP. CJAX100UND,MS PHARMA,0.0,10.0,2.8,2026-07-12 21:33:53,1,7,Invierno
110128,AMOXICILINA 500MG CAP. CJAX100UND,MS PHARMA,0.0,10.0,2.8,2026-07-12 22:24:22,7,7,Invierno
110128,AMOXICILINA 500MG CAP. CJAX100UND,MS PHARMA,0.0,10.0,2.8,2026-07-13 07:40:48,18,7,Invierno
110128,AMOXICILINA 500MG CAP. CJAX100UND,MS PHARMA,0.0,10.0,2.8,2026-07-13 17:08:45,9,7,Invierno
110128,AMOXICILINA 500MG CAP. CJAX100UND,MS PHARMA,0.0,10.0,2.8,2026-07-13 19:12:20,5,7,Invierno
110128,AMOXICILINA 500MG CAP. CJAX100UND,MS PHARMA,0.0,10.0,2.8,2026-07-13 19:23:34,1,7,Invierno
110128,AMOXICILINA 500MG CAP. CJAX100UND,MS PHARMA,0.0,10.0,2.8,2026-07-13 19:38:14,15,7,Invierno
110128,AMOXICILINA 500MG CAP. CJAX100UND,MS PHARMA,0.0,10.0,2.8,2026-07-13 19:39:32,5,7,Invierno
110128,AMOXICILINA 500MG CAP. CJAX100UND,MS PHARMA,0.0,10.0,2.8,2026-07-13 21:19:58,2,7,Invierno
110128,AMOXICILINA 500MG CAP. CJAX100UND,MS PHARMA,0.0,10.0,2.8,2026-07-13 21:35:20,1,7,Invierno
110128,AMOXICILINA 500MG CAP. CJAX100UND,MS PHARMA,0.0,10.0,2.8,2026-07-13 22:05:12,1,7,Invierno
110128,AMOXICILINA 500MG CAP. CJAX100UND,MS PHARMA,0.0,5.0,1.4,2026-07-13 22:36:24,18,7,Invierno
110128,AMOXICILINA 500MG CAP. CJAX100UND,MS PHARMA,0.0,10.0,2.8,2026-07-14 10:17:04,17,7,Invierno
110128,AMOXICILINA 500MG CAP. CJAX100UND,MS PHARMA,0.0,30.0,8.4,2026-07-14 15:58:15,11,7,Invierno
110128,AMOXICILINA 500MG CAP. CJAX100UND,MS PHARMA,0.0,4.0,1.12,2026-07-14 19:00:07,2,7,Invierno
110128,AMOXICILINA 500MG CAP. CJAX100UND,MS PHARMA,0.0,10.0,2.8,2026-07-14 19:04:11,18,7,Invierno
110128,AMOXICILINA 500MG CAP. CJAX100UND,MS PHARMA,0.0,10.0,2.8,2026-07-14 20:17:37,2,7,Invierno
110128,AMOXICILINA 500MG CAP. CJAX100UND,MS PHARMA,0.0,10.0,2.8,2026-07-14 22:21:39,18,7,Invierno
110128,AMOXICILINA 500MG CAP. CJAX100UND,MS PHARMA,0.0,10.0,2.8,2026-07-15 10:07:21,17,7,Invierno
110128,AMOXICILINA 500MG CAP. CJAX100UND,MS PHARMA,0.0,10.0,2.8,2026-07-15 12:22:21,11,7,Invierno
110128,AMOXICILINA 500MG CAP. CJAX100UND,MS PHARMA,0.0,10.0,2.8,2026-07-15 15:12:42,6,7,Invierno
110128,AMOXICILINA 500MG CAP. CJAX100UND,MS PHARMA,0.0,10.0,2.8,2026-07-15 16:49:20,19,7,Invierno
110128,AMOXICILINA 500MG CAP. CJAX100UND,MS PHARMA,0.0,20.0,5.6,2026-07-15 18:28:51,2,7,Invierno
110128,AMOXICILINA 500MG CAP. CJAX100UND,MS PHARMA,0.0,10.0,2.8,2026-07-15 18:48:51,6,7,Invierno
110128,AMOXICILINA 500MG CAP. CJAX100UND,MS PHARMA,0.0,10.0,2.8,2026-07-15 19:16:29,9,7,Invierno
110128,AMOXICILINA 500MG CAP. CJAX100UND,MS PHARMA,0.0,10.0,2.8,2026-07-15 20:03:04,3,7,Invierno
110128,AMOXICILINA 500MG CAP. CJAX100UND,MS PHARMA,0.0,10.0,2.8,2026-07-15 22:02:54,5,7,Invierno
110128,AMOXICILINA 500MG CAP. CJAX100UND,MS PHARMA,0.0,10.0,2.8,2026-07-16 07:16:39,17,7,Invierno
110128,AMOXICILINA 500MG CAP. CJAX100UND,MS PHARMA,0.0,10.0,2.8,2026-07-16 08:35:42,4,7,Invierno
110128,AMOXICILINA 500MG CAP. CJAX100UND,MS PHARMA,0.0,10.0,2.8,2026-07-16 10:09:05,4,7,Invierno
110128,AMOXICILINA 500MG CAP. CJAX100UND,MS PHARMA,0.0,10.0,2.8,2026-07-16 12:24:11,5,7,Invierno
110128,AMOXICILINA 500MG CAP. CJAX100UND,MS PHARMA,0.0,10.0,2.8,2026-07-16 14:11:48,15,7,Invierno
110128,AMOXICILINA 500MG CAP. CJAX100UND,MS PHARMA,0.0,10.0,2.8,2026-07-16 17:52:47,8,7,Invierno
110128,AMOXICILINA 500MG CAP. CJAX100UND,MS PHARMA,0.0,10.0,2.8,2026-07-16 18:22:44,2,7,Invierno
110128,AMOXICILINA 500MG CAP. CJAX100UND,MS PHARMA,0.0,10.0,2.8,2026-07-16 18:30:56,5,7,Invierno
110128,AMOXICILINA 500MG CAP. CJAX100UND,MS PHARMA,0.0,10.0,2.8,2026-07-16 19:24:18,19,7,Invierno
110128,AMOXICILINA 500MG CAP. CJAX100UND,MS PHARMA,0.0,10.0,2.8,2026-07-16 20:23:18,6,7,Invierno
110128,AMOXICILINA 500MG CAP. CJAX100UND,MS PHARMA,0.0,10.0,2.8,2026-07-16 20:49:28,2,7,Invierno
110128,AMOXICILINA 500MG CAP. CJAX100UND,MS PHARMA,0.0,10.0,2.8,2026-07-16 21:14:09,15,7,Invierno
110128,AMOXICILINA 500MG CAP. CJAX100UND,MS PHARMA,0.0,10.0,2.8,2026-07-16 21:46:13,7,7,Invierno
110128,AMOXICILINA 500MG CAP. CJAX100UND,MS PHARMA,0.0,10.0,2.8,2026-07-16 22:57:46,2,7,Invierno
110128,AMOXICILINA 500MG CAP. CJAX100UND,MS PHARMA,0.0,10.0,2.8,2026-07-17 10:36:02,11,7,Invierno
110128,AMOXICILINA 500MG CAP. CJAX100UND,MS PHARMA,0.0,20.0,5.6,2026-07-17 13:19:15,4,7,Invierno
110128,AMOXICILINA 500MG CAP. CJAX100UND,MS PHARMA,0.0,15.0,4.2,2026-07-17 21:18:20,2,7,Invierno
110128,AMOXICILINA 500MG CAP. CJAX100UND,MS PHARMA,0.0,5.0,1.4,2026-07-18 09:52:32,13,7,Invierno
110128,AMOXICILINA 500MG CAP. CJAX100UND,MS PHARMA,0.0,20.0,5.6,2026-07-18 10:50:55,7,7,Invierno
110128,AMOXICILINA 500MG CAP. CJAX100UND,MS PHARMA,0.0,20.0,5.6,2026-07-18 15:46:53,12,7,Invierno
110128,AMOXICILINA 500MG CAP. CJAX100UND,MS PHARMA,0.0,40.0,11.2,2026-07-18 17:06:51,11,7,Invierno
110128,AMOXICILINA 500MG CAP. CJAX100UND,MS PHARMA,0.0,5.0,1.4,2026-07-18 18:13:53,8,7,Invierno
110128,AMOXICILINA 500MG CAP. CJAX100UND,MS PHARMA,0.0,10.0,2.8,2026-07-18 18:16:40,14,7,Invierno
110128,AMOXICILINA 500MG CAP. CJAX100UND,MS PHARMA,0.0,10.0,2.8,2026-07-18 18:35:36,2,7,Invierno
110128,AMOXICILINA 500MG CAP. CJAX100UND,MS PHARMA,0.0,10.0,2.8,2026-07-18 19:32:25,5,7,Invierno
110128,AMOXICILINA 500MG CAP. CJAX100UND,MS PHARMA,0.0,10.0,2.8,2026-07-18 19:59:35,9,7,Invierno
110128,AMOXICILINA 500MG CAP. CJAX100UND,MS PHARMA,0.0,10.0,2.8,2026-07-18 21:02:45,5,7,Invierno
110128,AMOXICILINA 500MG CAP. CJAX100UND,MS PHARMA,0.0,10.0,2.8,2026-07-18 21:48:00,7,7,Invierno
110128,AMOXICILINA 500MG CAP. CJAX100UND,MS PHARMA,0.0,10.0,2.8,2026-07-18 22:44:39,5,7,Invierno
110128,AMOXICILINA 500MG CAP. CJAX100UND,MS PHARMA,0.0,40.0,11.2,2026-07-19 08:45:18,1,7,Invierno
110128,AMOXICILINA 500MG CAP. CJAX100UND,MS PHARMA,0.0,10.0,2.8,2026-07-19 09:49:59,13,7,Invierno
110128,AMOXICILINA 500MG CAP. CJAX100UND,MS PHARMA,0.0,10.0,2.8,2026-07-19 10:21:59,16,7,Invierno
110128,AMOXICILINA 500MG CAP. CJAX100UND,MS PHARMA,0.0,12.0,3.36,2026-07-19 10:37:03,11,7,Invierno
110128,AMOXICILINA 500MG CAP. CJAX100UND,MS PHARMA,0.0,10.0,2.8,2026-07-19 11:23:40,5,7,Invierno
110128,AMOXICILINA 500MG CAP. CJAX100UND,MS PHARMA,0.0,10.0,2.8,2026-07-19 12:27:23,2,7,Invierno
110128,AMOXICILINA 500MG CAP. CJAX100UND,MS PHARMA,0.0,10.0,2.8,2026-07-19 13:26:18,5,7,Invierno
110128,AMOXICILINA 500MG CAP. CJAX100UND,MS PHARMA,0.0,10.0,2.8,2026-07-19 18:02:42,7,7,Invierno
110128,AMOXICILINA 500MG CAP. CJAX100UND,MS PHARMA,0.0,10.0,2.8,2026-07-19 19:45:52,15,7,Invierno
110128,AMOXICILINA 500MG CAP. CJAX100UND,MS PHARMA,0.0,10.0,2.8,2026-07-19 21:27:44,5,7,Invierno
110128,AMOXICILINA 500MG CAP. CJAX100UND,MS PHARMA,0.0,10.0,2.8,2026-07-20 12:56:58,1,7,Invierno
110128,AMOXICILINA 500MG CAP. CJAX100UND,MS PHARMA,0.0,10.0,2.8,2026-07-20 16:01:20,9,7,Invierno
110128,AMOXICILINA 500MG CAP. CJAX100UND,MS PHARMA,0.0,10.0,2.8,2026-07-20 18:29:11,12,7,Invierno
110128,AMOXICILINA 500MG CAP. CJAX100UND,MS PHARMA,0.0,10.0,2.8,2026-07-20 19:13:26,2,7,Invierno
110128,AMOXICILINA 500MG CAP. CJAX100UND,MS PHARMA,0.0,10.0,2.8,2026-07-20 19:47:14,11,7,Invierno
110128,AMOXICILINA 500MG CAP. CJAX100UND,MS PHARMA,0.0,10.0,2.8,2026-07-20 20:09:10,8,7,Invierno
110128,AMOXICILINA 500MG CAP. CJAX100UND,MS PHARMA,0.0,10.0,2.8,2026-07-20 20:39:19,11,7,Invierno
110128,AMOXICILINA 500MG CAP. CJAX100UND,MS PHARMA,0.0,10.0,2.8,2026-07-20 20:47:31,9,7,Invierno
110128,AMOXICILINA 500MG CAP. CJAX100UND,MS PHARMA,0.0,20.0,5.6,2026-07-20 21:09:44,7,7,Invierno
110128,AMOXICILINA 500MG CAP. CJAX100UND,MS PHARMA,0.0,10.0,2.8,2026-07-20 21:25:46,7,7,Invierno
110128,AMOXICILINA 500MG CAP. CJAX100UND,MS PHARMA,0.0,10.0,2.8,2026-07-20 22:08:00,3,7,Invierno
110128,AMOXICILINA 500MG CAP. CJAX100UND,MS PHARMA,0.0,10.0,2.8,2026-07-20 22:16:53,7,7,Invierno
110128,AMOXICILINA 500MG CAP. CJAX100UND,MS PHARMA,0.0,20.0,5.6,2026-07-21 11:56:51,1,7,Invierno
110128,AMOXICILINA 500MG CAP. CJAX100UND,MS PHARMA,0.0,10.0,2.8,2026-07-21 14:30:27,12,7,Invierno
110128,AMOXICILINA 500MG CAP. CJAX100UND,MS PHARMA,0.0,10.0,2.8,2026-07-21 15:45:08,2,7,Invierno
110128,AMOXICILINA 500MG CAP. CJAX100UND,MS PHARMA,0.0,10.0,2.8,2026-07-21 17:35:09,6,7,Invierno
110128,AMOXICILINA 500MG CAP. CJAX100UND,MS PHARMA,0.0,2.0,0.56,2026-07-21 18:18:08,14,7,Invierno
110128,AMOXICILINA 500MG CAP. CJAX100UND,MS PHARMA,0.0,10.0,2.8,2026-07-21 18:25:37,2,7,Invierno
110128,AMOXICILINA 500MG CAP. CJAX100UND,MS PHARMA,0.0,10.0,2.8,2026-07-21 18:48:46,13,7,Invierno
110128,AMOXICILINA 500MG CAP. CJAX100UND,MS PHARMA,0.0,21.0,5.88,2026-07-21 19:14:40,6,7,Invierno
110128,AMOXICILINA 500MG CAP. CJAX100UND,MS PHARMA,0.0,10.0,2.8,2026-07-21 19:25:30,5,7,Invierno
110128,AMOXICILINA 500MG CAP. CJAX100UND,MS PHARMA,4.0,0.0,112.0,2026-07-21 19:30:19,16,7,Invierno
110128,AMOXICILINA 500MG CAP. CJAX100UND,MS PHARMA,0.0,20.0,5.6,2026-07-21 19:36:58,2,7,Invierno
110128,AMOXICILINA 500MG CAP. CJAX100UND,MS PHARMA,0.0,10.0,2.8,2026-07-21 21:18:39,12,7,Invierno
110128,AMOXICILINA 500MG CAP. CJAX100UND,MS PHARMA,0.0,10.0,2.8,2026-07-21 22:59:46,5,7,Invierno
110128,AMOXICILINA 500MG CAP. CJAX100UND,MS PHARMA,0.0,30.0,8.4,2026-07-22 09:21:27,3,7,Invierno
110128,AMOXICILINA 500MG CAP. CJAX100UND,MS PHARMA,0.0,10.0,2.8,2026-07-22 10:07:21,1,7,Invierno
110128,AMOXICILINA 500MG CAP. CJAX100UND,MS PHARMA,0.0,10.0,2.8,2026-07-22 10:31:55,7,7,Invierno
110128,AMOXICILINA 500MG CAP. CJAX100UND,MS PHARMA,0.0,10.0,2.8,2026-07-22 18:33:06,11,7,Invierno
110128,AMOXICILINA 500MG CAP. CJAX100UND,MS PHARMA,0.0,10.0,2.8,2026-07-22 19:28:41,2,7,Invierno
110128,AMOXICILINA 500MG CAP. CJAX100UND,MS PHARMA,0.0,10.0,2.8,2026-07-22 20:28:30,12,7,Invierno
110128,AMOXICILINA 500MG CAP. CJAX100UND,MS PHARMA,0.0,20.0,5.6,2026-07-22 21:08:21,13,7,Invierno
110128,AMOXICILINA 500MG CAP. CJAX100UND,MS PHARMA,0.0,10.0,2.8,2026-07-22 21:27:21,14,7,Invierno
110128,AMOXICILINA 500MG CAP. CJAX100UND,MS PHARMA,0.0,10.0,2.8,2026-07-22 21:50:51,11,7,Invierno
110128,AMOXICILINA 500MG CAP. CJAX100UND,MS PHARMA,0.0,10.0,2.8,2026-07-23 12:20:57,2,7,Invierno
110128,AMOXICILINA 500MG CAP. CJAX100UND,MS PHARMA,0.0,10.0,2.8,2026-07-23 13:38:42,4,7,Invierno
110128,AMOXICILINA 500MG CAP. CJAX100UND,MS PHARMA,0.0,10.0,2.8,2026-07-23 15:03:00,8,7,Invierno
110128,AMOXICILINA 500MG CAP. CJAX100UND,MS PHARMA,0.0,10.0,2.8,2026-07-23 16:21:45,1,7,Invierno
110128,AMOXICILINA 500MG CAP. CJAX100UND,MS PHARMA,0.0,10.0,2.8,2026-07-23 19:23:16,7,7,Invierno
110128,AMOXICILINA 500MG CAP. CJAX100UND,MS PHARMA,0.0,10.0,2.8,2026-07-23 21:08:46,4,7,Invierno
110128,AMOXICILINA 500MG CAP. CJAX100UND,MS PHARMA,0.0,10.0,2.8,2026-07-24 11:53:06,3,7,Invierno
110128,AMOXICILINA 500MG CAP. CJAX100UND,MS PHARMA,0.0,20.0,5.6,2026-07-24 12:45:39,5,7,Invierno
110128,AMOXICILINA 500MG CAP. CJAX100UND,MS PHARMA,0.0,2.0,0.56,2026-07-24 14:26:41,13,7,Invierno
110128,AMOXICILINA 500MG CAP. CJAX100UND,MS PHARMA,0.0,10.0,2.8,2026-07-24 16:43:33,5,7,Invierno
110128,AMOXICILINA 500MG CAP. CJAX100UND,MS PHARMA,0.0,10.0,2.8,2026-07-24 18:10:51,5,7,Invierno
110128,AMOXICILINA 500MG CAP. CJAX100UND,MS PHARMA,0.0,1.0,0.28,2026-07-24 21:38:03,10,7,Invierno
110128,AMOXICILINA 500MG CAP. CJAX100UND,MS PHARMA,0.0,5.0,1.4,2026-07-24 21:46:28,7,7,Invierno
110128,AMOXICILINA 500MG CAP. CJAX100UND,MS PHARMA,0.0,10.0,2.8,2026-07-24 22:24:32,14,7,Invierno
110128,AMOXICILINA 500MG CAP. CJAX100UND,MS PHARMA,0.0,10.0,2.8,2026-07-24 22:54:15,7,7,Invierno
110128,AMOXICILINA 500MG CAP. CJAX100UND,MS PHARMA,0.0,10.0,2.8,2026-07-25 07:33:19,6,7,Invierno
110128,AMOXICILINA 500MG CAP. CJAX100UND,MS PHARMA,0.0,10.0,2.8,2026-07-25 09:11:32,9,7,Invierno
110128,AMOXICILINA 500MG CAP. CJAX100UND,MS PHARMA,0.0,10.0,2.8,2026-07-25 11:22:49,13,7,Invierno
110128,AMOXICILINA 500MG CAP. CJAX100UND,MS PHARMA,0.0,10.0,2.8,2026-07-25 11:29:23,16,7,Invierno
110128,AMOXICILINA 500MG CAP. CJAX100UND,MS PHARMA,0.0,20.0,5.6,2026-07-25 15:46:41,9,7,Invierno
110128,AMOXICILINA 500MG CAP. CJAX100UND,MS PHARMA,0.0,10.0,2.8,2026-07-25 20:42:26,5,7,Invierno
110128,AMOXICILINA 500MG CAP. CJAX100UND,MS PHARMA,0.0,10.0,2.8,2026-07-25 20:44:29,5,7,Invierno
110128,AMOXICILINA 500MG CAP. CJAX100UND,MS PHARMA,0.0,10.0,2.8,2026-07-25 20:56:16,1,7,Invierno
110128,AMOXICILINA 500MG CAP. CJAX100UND,MS PHARMA,0.0,10.0,2.8,2026-07-25 21:39:38,4,7,Invierno
110128,AMOXICILINA 500MG CAP. CJAX100UND,MS PHARMA,0.0,10.0,2.8,2026-07-25 22:02:28,14,7,Invierno
110128,AMOXICILINA 500MG CAP. CJAX100UND,MS PHARMA,0.0,10.0,2.8,2026-07-25 22:12:54,14,7,Invierno
110128,AMOXICILINA 500MG CAP. CJAX100UND,MS PHARMA,0.0,40.0,11.2,2026-07-25 23:05:05,4,7,Invierno
110128,AMOXICILINA 500MG CAP. CJAX100UND,MS PHARMA,0.0,40.0,11.2,2026-07-26 10:04:35,4,7,Invierno
110128,AMOXICILINA 500MG CAP. CJAX100UND,MS PHARMA,0.0,10.0,2.8,2026-07-26 10:47:12,7,7,Invierno
110128,AMOXICILINA 500MG CAP. CJAX100UND,MS PHARMA,0.0,10.0,2.8,2026-07-26 13:29:47,7,7,Invierno
110128,AMOXICILINA 500MG CAP. CJAX100UND,MS PHARMA,0.0,10.0,2.8,2026-07-26 13:34:42,8,7,Invierno
110128,AMOXICILINA 500MG CAP. CJAX100UND,MS PHARMA,0.0,5.0,1.4,2026-07-26 14:37:51,7,7,Invierno
110128,AMOXICILINA 500MG CAP. CJAX100UND,MS PHARMA,0.0,10.0,2.8,2026-07-26 16:53:53,16,7,Invierno
110128,AMOXICILINA 500MG CAP. CJAX100UND,MS PHARMA,0.0,10.0,2.8,2026-07-26 17:45:53,11,7,Invierno
110128,AMOXICILINA 500MG CAP. CJAX100UND,MS PHARMA,0.0,10.0,2.8,2026-07-26 18:28:47,1,7,Invierno
110128,AMOXICILINA 500MG CAP. CJAX100UND,MS PHARMA,0.0,10.0,2.8,2026-07-26 18:42:33,3,7,Invierno
110128,AMOXICILINA 500MG CAP. CJAX100UND,MS PHARMA,0.0,10.0,2.8,2026-07-26 18:57:37,16,7,Invierno
110128,AMOXICILINA 500MG CAP. CJAX100UND,MS PHARMA,0.0,5.0,1.4,2026-07-26 19:49:43,7,7,Invierno
110128,AMOXICILINA 500MG CAP. CJAX100UND,MS PHARMA,0.0,10.0,2.8,2026-07-26 19:50:36,9,7,Invierno
110128,AMOXICILINA 500MG CAP. CJAX100UND,MS PHARMA,0.0,10.0,2.8,2026-07-26 20:11:23,2,7,Invierno
110128,AMOXICILINA 500MG CAP. CJAX100UND,MS PHARMA,0.0,10.0,2.8,2026-07-26 20:19:12,14,7,Invierno
110128,AMOXICILINA 500MG CAP. CJAX100UND,MS PHARMA,0.0,10.0,2.8,2026-07-26 21:14:23,13,7,Invierno
110128,AMOXICILINA 500MG CAP. CJAX100UND,MS PHARMA,0.0,10.0,2.8,2026-07-26 21:22:27,7,7,Invierno
110128,AMOXICILINA 500MG CAP. CJAX100UND,MS PHARMA,0.0,50.0,14.0,2026-07-27 09:00:04,1,7,Invierno
110128,AMOXICILINA 500MG CAP. CJAX100UND,MS PHARMA,0.0,20.0,5.6,2026-07-27 11:01:20,2,7,Invierno
110128,AMOXICILINA 500MG CAP. CJAX100UND,MS PHARMA,0.0,10.0,2.8,2026-07-27 15:41:52,9,7,Invierno
110128,AMOXICILINA 500MG CAP. CJAX100UND,MS PHARMA,0.0,10.0,2.8,2026-07-27 20:05:36,15,7,Invierno
110128,AMOXICILINA 500MG CAP. CJAX100UND,MS PHARMA,0.0,10.0,2.8,2026-07-27 21:20:11,8,7,Invierno
110128,AMOXICILINA 500MG CAP. CJAX100UND,MS PHARMA,0.0,10.0,2.8,2026-07-27 21:37:46,7,7,Invierno
110128,AMOXICILINA 500MG CAP. CJAX100UND,MS PHARMA,0.0,10.0,2.8,2026-07-27 21:49:17,14,7,Invierno
110128,AMOXICILINA 500MG CAP. CJAX100UND,MS PHARMA,0.0,10.0,2.8,2026-07-28 16:17:38,11,7,Invierno
110128,AMOXICILINA 500MG CAP. CJAX100UND,MS PHARMA,0.0,10.0,2.8,2026-07-28 17:21:44,6,7,Invierno
110128,AMOXICILINA 500MG CAP. CJAX100UND,MS PHARMA,0.0,10.0,2.8,2026-07-28 18:25:25,9,7,Invierno
110128,AMOXICILINA 500MG CAP. CJAX100UND,MS PHARMA,0.0,10.0,2.8,2026-07-28 18:55:03,13,7,Invierno
110128,AMOXICILINA 500MG CAP. CJAX100UND,MS PHARMA,0.0,10.0,2.8,2026-07-28 21:05:31,7,7,Invierno
110128,AMOXICILINA 500MG CAP. CJAX100UND,MS PHARMA,0.0,10.0,2.8,2026-07-29 09:56:54,2,7,Invierno
110128,AMOXICILINA 500MG CAP. CJAX100UND,MS PHARMA,0.0,20.0,5.6,2026-07-29 11:19:14,1,7,Invierno
110128,AMOXICILINA 500MG CAP. CJAX100UND,MS PHARMA,0.0,10.0,2.8,2026-07-29 12:02:56,17,7,Invierno
110128,AMOXICILINA 500MG CAP. CJAX100UND,MS PHARMA,0.0,10.0,2.8,2026-07-29 16:09:37,8,7,Invierno
110128,AMOXICILINA 500MG CAP. CJAX100UND,MS PHARMA,0.0,10.0,2.8,2026-07-29 16:10:25,4,7,Invierno
110128,AMOXICILINA 500MG CAP. CJAX100UND,MS PHARMA,0.0,10.0,2.8,2026-07-29 17:05:32,7,7,Invierno
110128,AMOXICILINA 500MG CAP. CJAX100UND,MS PHARMA,0.0,10.0,2.8,2026-07-29 17:36:25,5,7,Invierno
110128,AMOXICILINA 500MG CAP. CJAX100UND,MS PHARMA,0.0,10.0,2.8,2026-07-29 18:21:02,3,7,Invierno
110128,AMOXICILINA 500MG CAP. CJAX100UND,MS PHARMA,0.0,10.0,2.8,2026-07-29 18:50:57,13,7,Invierno
110128,AMOXICILINA 500MG CAP. CJAX100UND,MS PHARMA,0.0,5.0,1.4,2026-07-30 12:10:40,13,7,Invierno
110128,AMOXICILINA 500MG CAP. CJAX100UND,MS PHARMA,0.0,10.0,2.8,2026-07-30 12:35:37,9,7,Invierno
110128,AMOXICILINA 500MG CAP. CJAX100UND,MS PHARMA,0.0,10.0,2.8,2026-07-30 13:03:18,9,7,Invierno
110128,AMOXICILINA 500MG CAP. CJAX100UND,MS PHARMA,0.0,10.0,2.8,2026-07-30 16:03:44,6,7,Invierno
110128,AMOXICILINA 500MG CAP. CJAX100UND,MS PHARMA,0.0,20.0,5.6,2026-07-30 16:06:05,5,7,Invierno
110128,AMOXICILINA 500MG CAP. CJAX100UND,MS PHARMA,0.0,10.0,2.8,2026-07-30 17:19:59,2,7,Invierno
110128,AMOXICILINA 500MG CAP. CJAX100UND,MS PHARMA,0.0,15.0,4.2,2026-07-30 18:19:41,9,7,Invierno
110128,AMOXICILINA 500MG CAP. CJAX100UND,MS PHARMA,0.0,40.0,11.2,2026-07-30 18:36:49,4,7,Invierno
110128,AMOXICILINA 500MG CAP. CJAX100UND,MS PHARMA,0.0,10.0,2.8,2026-07-30 19:22:14,12,7,Invierno
110128,AMOXICILINA 500MG CAP. CJAX100UND,MS PHARMA,0.0,20.0,5.6,2026-07-30 21:47:43,2,7,Invierno
110128,AMOXICILINA 500MG CAP. CJAX100UND,MS PHARMA,0.0,10.0,2.8,2026-07-30 22:14:03,12,7,Invierno
110128,AMOXICILINA 500MG CAP. CJAX100UND,MS PHARMA,0.0,20.0,5.6,2026-07-30 22:17:39,3,7,Invierno
110128,AMOXICILINA 500MG CAP. CJAX100UND,MS PHARMA,0.0,10.0,2.8,2026-07-30 23:41:07,7,7,Invierno
110128,AMOXICILINA 500MG CAP. CJAX100UND,MS PHARMA,0.0,10.0,2.8,2026-07-31 08:26:23,2,7,Invierno
110128,AMOXICILINA 500MG CAP. CJAX100UND,MS PHARMA,0.0,10.0,2.8,2026-07-31 09:31:14,17,7,Invierno
110128,AMOXICILINA 500MG CAP. CJAX100UND,MS PHARMA,0.0,56.0,15.68,2026-07-31 09:49:18,6,7,Invierno
110128,AMOXICILINA 500MG CAP. CJAX100UND,MS PHARMA,0.0,10.0,2.8,2026-07-31 11:30:15,15,7,Invierno
110128,AMOXICILINA 500MG CAP. CJAX100UND,MS PHARMA,0.0,10.0,2.8,2026-07-31 17:18:05,2,7,Invierno
110128,AMOXICILINA 500MG CAP. CJAX100UND,MS PHARMA,0.0,10.0,2.8,2026-07-31 17:23:39,19,7,Invierno
110128,AMOXICILINA 500MG CAP. CJAX100UND,MS PHARMA,0.0,10.0,2.8,2026-07-31 18:23:38,5,7,Invierno
110128,AMOXICILINA 500MG CAP. CJAX100UND,MS PHARMA,0.0,1.0,0.28,2026-07-31 19:28:35,17,7,Invierno
110128,AMOXICILINA 500MG CAP. CJAX100UND,MS PHARMA,0.0,10.0,2.8,2026-07-31 19:46:58,17,7,Invierno
110128,AMOXICILINA 500MG CAP. CJAX100UND,MS PHARMA,0.0,10.0,2.8,2026-07-31 19:48:50,6,7,Invierno
110128,AMOXICILINA 500MG CAP. CJAX100UND,MS PHARMA,0.0,10.0,2.8,2026-07-31 20:06:16,18,7,Invierno
110128,AMOXICILINA 500MG CAP. CJAX100UND,MS PHARMA,0.0,10.0,2.8,2026-07-31 21:07:50,8,7,Invierno
110128,AMOXICILINA 500MG CAP. CJAX100UND,MS PHARMA,0.0,10.0,2.8,2026-07-31 21:45:34,11,7,Invierno
110128,AMOXICILINA 500MG CAP. CJAX100UND,MS PHARMA,0.0,10.0,2.8,2026-08-01 11:35:50,18,8,Invierno
110128,AMOXICILINA 500MG CAP. CJAX100UND,MS PHARMA,0.0,2.0,0.56,2026-08-01 13:29:38,13,8,Invierno
110128,AMOXICILINA 500MG CAP. CJAX100UND,MS PHARMA,0.0,10.0,2.8,2026-08-01 14:11:05,18,8,Invierno
110128,AMOXICILINA 500MG CAP. CJAX100UND,MS PHARMA,0.0,10.0,2.8,2026-08-01 15:35:18,12,8,Invierno
110128,AMOXICILINA 500MG CAP. CJAX100UND,MS PHARMA,0.0,10.0,2.8,2026-08-01 18:05:04,9,8,Invierno
110128,AMOXICILINA 500MG CAP. CJAX100UND,MS PHARMA,0.0,15.0,4.2,2026-08-01 18:41:41,11,8,Invierno
110128,AMOXICILINA 500MG CAP. CJAX100UND,MS PHARMA,0.0,10.0,2.8,2026-08-01 18:52:49,16,8,Invierno
110128,AMOXICILINA 500MG CAP. CJAX100UND,MS PHARMA,0.0,2.0,0.56,2026-08-01 19:36:01,17,8,Invierno
110128,AMOXICILINA 500MG CAP. CJAX100UND,MS PHARMA,0.0,10.0,2.8,2026-08-02 00:47:33,15,8,Invierno
110128,AMOXICILINA 500MG CAP. CJAX100UND,MS PHARMA,0.0,10.0,2.8,2026-08-02 10:32:19,8,8,Invierno
110128,AMOXICILINA 500MG CAP. CJAX100UND,MS PHARMA,0.0,10.0,2.8,2026-08-02 11:06:39,6,8,Invierno
110128,AMOXICILINA 500MG CAP. CJAX100UND,MS PHARMA,0.0,10.0,2.8,2026-08-02 13:32:37,12,8,Invierno
110128,AMOXICILINA 500MG CAP. CJAX100UND,MS PHARMA,0.0,10.0,2.8,2026-08-02 14:31:40,5,8,Invierno
110128,AMOXICILINA 500MG CAP. CJAX100UND,MS PHARMA,0.0,10.0,2.8,2026-08-02 15:41:35,6,8,Invierno
110128,AMOXICILINA 500MG CAP. CJAX100UND,MS PHARMA,0.0,10.0,2.8,2026-08-02 17:48:20,17,8,Invierno
110128,AMOXICILINA 500MG CAP. CJAX100UND,MS PHARMA,0.0,10.0,2.8,2026-08-02 22:24:11,13,8,Invierno
110128,AMOXICILINA 500MG CAP. CJAX100UND,MS PHARMA,0.0,10.0,2.8,2026-08-03 08:12:34,4,8,Invierno
110128,AMOXICILINA 500MG CAP. CJAX100UND,MS PHARMA,0.0,10.0,2.8,2026-08-03 08:34:16,6,8,Invierno
110128,AMOXICILINA 500MG CAP. CJAX100UND,MS PHARMA,0.0,10.0,2.8,2026-08-03 08:56:55,3,8,Invierno
110128,AMOXICILINA 500MG CAP. CJAX100UND,MS PHARMA,0.0,20.0,5.6,2026-08-03 10:22:43,4,8,Invierno
110128,AMOXICILINA 500MG CAP. CJAX100UND,MS PHARMA,0.0,10.0,2.8,2026-08-03 10:34:06,3,8,Invierno
110128,AMOXICILINA 500MG CAP. CJAX100UND,MS PHARMA,0.0,10.0,2.8,2026-08-03 13:44:55,18,8,Invierno
110128,AMOXICILINA 500MG CAP. CJAX100UND,MS PHARMA,0.0,10.0,2.8,2026-08-03 16:01:39,6,8,Invierno
110128,AMOXICILINA 500MG CAP. CJAX100UND,MS PHARMA,0.0,10.0,2.8,2026-08-03 16:40:49,5,8,Invierno
110128,AMOXICILINA 500MG CAP. CJAX100UND,MS PHARMA,0.0,10.0,2.8,2026-08-03 17:35:52,9,8,Invierno
110128,AMOXICILINA 500MG CAP. CJAX100UND,MS PHARMA,0.0,2.0,0.56,2026-08-03 18:24:31,5,8,Invierno
110128,AMOXICILINA 500MG CAP. CJAX100UND,MS PHARMA,0.0,10.0,2.8,2026-08-03 18:49:02,7,8,Invierno
110128,AMOXICILINA 500MG CAP. CJAX100UND,MS PHARMA,0.0,10.0,2.8,2026-08-03 21:30:32,11,8,Invierno
110128,AMOXICILINA 500MG CAP. CJAX100UND,MS PHARMA,0.0,10.0,2.8,2026-08-03 21:38:40,9,8,Invierno
110128,AMOXICILINA 500MG CAP. CJAX100UND,MS PHARMA,0.0,10.0,2.8,2026-08-03 21:54:28,7,8,Invierno
110128,AMOXICILINA 500MG CAP. CJAX100UND,MS PHARMA,0.0,10.0,2.8,2026-08-03 22:49:12,4,8,Invierno
110128,AMOXICILINA 500MG CAP. CJAX100UND,MS PHARMA,0.0,10.0,2.8,2026-08-04 16:06:15,7,8,Invierno
110128,AMOXICILINA 500MG CAP. CJAX100UND,MS PHARMA,0.0,10.0,2.8,2026-08-04 17:57:43,1,8,Invierno
110128,AMOXICILINA 500MG CAP. CJAX100UND,MS PHARMA,0.0,10.0,2.8,2026-08-04 18:15:03,13,8,Invierno
110128,AMOXICILINA 500MG CAP. CJAX100UND,MS PHARMA,0.0,10.0,2.8,2026-08-04 18:18:08,9,8,Invierno
110128,AMOXICILINA 500MG CAP. CJAX100UND,MS PHARMA,0.0,2.0,0.56,2026-08-04 18:55:24,13,8,Invierno
110128,AMOXICILINA 500MG CAP. CJAX100UND,MS PHARMA,0.0,10.0,2.8,2026-08-04 18:59:56,8,8,Invierno
110128,AMOXICILINA 500MG CAP. CJAX100UND,MS PHARMA,0.0,10.0,2.8,2026-08-04 19:40:32,5,8,Invierno
