codpro,prod,tipo,cantidad,unidades,total,fecdoc,sucursal,mes,estacion
108176,AMOXICILINA 500MG CAP CJAX100UND,PHARMA GENERICOS,0.0,10.0,3.0,2025-01-01 16:12:53,12,1,Verano
108176,AMOXICILINA 500MG CAP CJAX100UND,PHARMA GENERICOS,0.0,10.0,3.0,2025-01-01 18:48:20,5,1,Verano
108176,AMOXICILINA 500MG CAP CJAX100UND,PHARMA GENERICOS,0.0,10.0,3.0,2025-01-01 18:50:15,1,1,Verano
108176,AMOXICILINA 500MG CAP CJAX100UND,PHARMA GENERICOS,0.0,10.0,3.0,2025-01-01 19:21:03,6,1,Verano
108176,AMOXICILINA 500MG CAP CJAX100UND,PHARMA GENERICOS,0.0,10.0,3.0,2025-01-01 19:33:35,6,1,Verano
108176,AMOXICILINA 500MG CAP CJAX100UND,PHARMA GENERICOS,0.0,-10.0,-3.0,2025-01-02 12:00:00,4,1,Verano
108176,AMOXICILINA 500MG CAP CJAX100UND,PHARMA GENERICOS,0.0,10.0,3.0,2025-01-02 12:09:14,6,1,Verano
108176,AMOXICILINA 500MG CAP CJAX100UND,PHARMA GENERICOS,0.0,5.0,1.5,2025-01-02 16:46:41,7,1,Verano
108176,AMOXICILINA 500MG CAP CJAX100UND,PHARMA GENERICOS,0.0,10.0,3.0,2025-01-02 16:51:45,11,1,Verano
108176,AMOXICILINA 500MG CAP CJAX100UND,PHARMA GENERICOS,0.0,10.0,3.0,2025-01-02 17:22:43,3,1,Verano
108176,AMOXICILINA 500MG CAP CJAX100UND,PHARMA GENERICOS,0.0,10.0,3.0,2025-01-02 20:22:47,10,1,Verano
108176,AMOXICILINA 500MG CAP CJAX100UND,PHARMA GENERICOS,0.0,10.0,3.0,2025-01-02 22:27:36,4,1,Verano
108176,AMOXICILINA 500MG CAP CJAX100UND,PHARMA GENERICOS,0.0,10.0,3.0,2025-01-02 22:35:31,4,1,Verano
108176,AMOXICILINA 500MG CAP CJAX100UND,PHARMA GENERICOS,0.0,15.0,4.2,2025-01-03 10:56:19,9,1,Verano
108176,AMOXICILINA 500MG CAP CJAX100UND,PHARMA GENERICOS,0.0,20.0,6.0,2025-01-03 11:36:32,6,1,Verano
108176,AMOXICILINA 500MG CAP CJAX100UND,PHARMA GENERICOS,0.0,10.0,3.0,2025-01-03 12:01:51,9,1,Verano
108176,AMOXICILINA 500MG CAP CJAX100UND,PHARMA GENERICOS,1.0,0.0,30.0,2025-01-03 13:53:03,9,1,Verano
108176,AMOXICILINA 500MG CAP CJAX100UND,PHARMA GENERICOS,0.0,10.0,3.0,2025-01-03 15:43:37,9,1,Verano
108176,AMOXICILINA 500MG CAP CJAX100UND,PHARMA GENERICOS,0.0,10.0,3.0,2025-01-03 16:23:54,9,1,Verano
108176,AMOXICILINA 500MG CAP CJAX100UND,PHARMA GENERICOS,0.0,20.0,6.0,2025-01-03 17:41:56,1,1,Verano
108176,AMOXICILINA 500MG CAP CJAX100UND,PHARMA GENERICOS,0.0,10.0,3.0,2025-01-03 18:00:21,12,1,Verano
108176,AMOXICILINA 500MG CAP CJAX100UND,PHARMA GENERICOS,0.0,20.0,5.6,2025-01-03 19:00:41,4,1,Verano
108176,AMOXICILINA 500MG CAP CJAX100UND,PHARMA GENERICOS,0.0,10.0,3.0,2025-01-03 19:11:30,14,1,Verano
108176,AMOXICILINA 500MG CAP CJAX100UND,PHARMA GENERICOS,0.0,15.0,4.5,2025-01-03 21:45:30,5,1,Verano
108176,AMOXICILINA 500MG CAP CJAX100UND,PHARMA GENERICOS,0.0,10.0,3.0,2025-01-04 08:46:14,5,1,Verano
108176,AMOXICILINA 500MG CAP CJAX100UND,PHARMA GENERICOS,0.0,10.0,3.0,2025-01-04 09:33:47,5,1,Verano
108176,AMOXICILINA 500MG CAP CJAX100UND,PHARMA GENERICOS,0.0,10.0,3.0,2025-01-04 14:19:33,4,1,Verano
108176,AMOXICILINA 500MG CAP CJAX100UND,PHARMA GENERICOS,0.0,10.0,3.0,2025-01-04 16:21:24,11,1,Verano
108176,AMOXICILINA 500MG CAP CJAX100UND,PHARMA GENERICOS,0.0,10.0,3.0,2025-01-04 20:25:37,9,1,Verano
108176,AMOXICILINA 500MG CAP CJAX100UND,PHARMA GENERICOS,0.0,10.0,3.0,2025-01-05 08:06:57,13,1,Verano
108176,AMOXICILINA 500MG CAP CJAX100UND,PHARMA GENERICOS,0.0,10.0,3.0,2025-01-05 10:52:07,3,1,Verano
108176,AMOXICILINA 500MG CAP CJAX100UND,PHARMA GENERICOS,0.0,10.0,3.0,2025-01-05 15:04:59,9,1,Verano
108176,AMOXICILINA 500MG CAP CJAX100UND,PHARMA GENERICOS,0.0,21.0,6.3,2025-01-05 18:07:39,5,1,Verano
108176,AMOXICILINA 500MG CAP CJAX100UND,PHARMA GENERICOS,0.0,10.0,3.0,2025-01-05 18:23:37,12,1,Verano
108176,AMOXICILINA 500MG CAP CJAX100UND,PHARMA GENERICOS,0.0,10.0,3.0,2025-01-05 19:14:13,5,1,Verano
108176,AMOXICILINA 500MG CAP CJAX100UND,PHARMA GENERICOS,0.0,10.0,3.0,2025-01-05 20:17:16,1,1,Verano
108176,AMOXICILINA 500MG CAP CJAX100UND,PHARMA GENERICOS,0.0,10.0,3.0,2025-01-05 20:46:11,5,1,Verano
108176,AMOXICILINA 500MG CAP CJAX100UND,PHARMA GENERICOS,0.0,10.0,3.0,2025-01-06 09:55:09,9,1,Verano
108176,AMOXICILINA 500MG CAP CJAX100UND,PHARMA GENERICOS,0.0,10.0,3.0,2025-01-06 10:51:40,6,1,Verano
108176,AMOXICILINA 500MG CAP CJAX100UND,PHARMA GENERICOS,0.0,10.0,3.0,2025-01-06 11:22:31,9,1,Verano
108176,AMOXICILINA 500MG CAP CJAX100UND,PHARMA GENERICOS,0.0,10.0,3.0,2025-01-06 11:32:22,8,1,Verano
108176,AMOXICILINA 500MG CAP CJAX100UND,PHARMA GENERICOS,0.0,10.0,3.0,2025-01-06 12:03:20,1,1,Verano
108176,AMOXICILINA 500MG CAP CJAX100UND,PHARMA GENERICOS,0.0,-10.0,-3.0,2025-01-06 14:21:00,1,1,Verano
108176,AMOXICILINA 500MG CAP CJAX100UND,PHARMA GENERICOS,0.0,5.0,1.5,2025-01-06 15:31:18,13,1,Verano
108176,AMOXICILINA 500MG CAP CJAX100UND,PHARMA GENERICOS,0.0,10.0,3.0,2025-01-06 16:04:06,15,1,Verano
108176,AMOXICILINA 500MG CAP CJAX100UND,PHARMA GENERICOS,0.0,20.0,6.0,2025-01-06 18:44:52,11,1,Verano
108176,AMOXICILINA 500MG CAP CJAX100UND,PHARMA GENERICOS,0.0,10.0,3.0,2025-01-06 18:55:16,1,1,Verano
108176,AMOXICILINA 500MG CAP CJAX100UND,PHARMA GENERICOS,0.0,20.0,6.0,2025-01-06 21:07:54,1,1,Verano
108176,AMOXICILINA 500MG CAP CJAX100UND,PHARMA GENERICOS,0.0,10.0,3.0,2025-01-06 22:28:20,15,1,Verano
108176,AMOXICILINA 500MG CAP CJAX100UND,PHARMA GENERICOS,0.0,10.0,3.0,2025-01-06 22:29:34,5,1,Verano
108176,AMOXICILINA 500MG CAP CJAX100UND,PHARMA GENERICOS,0.0,10.0,3.0,2025-01-07 12:41:06,9,1,Verano
108176,AMOXICILINA 500MG CAP CJAX100UND,PHARMA GENERICOS,0.0,10.0,3.0,2025-01-07 18:03:40,15,1,Verano
108176,AMOXICILINA 500MG CAP CJAX100UND,PHARMA GENERICOS,0.0,2.0,0.6,2025-01-07 18:45:03,7,1,Verano
108176,AMOXICILINA 500MG CAP CJAX100UND,PHARMA GENERICOS,0.0,2.0,0.6,2025-01-07 20:49:13,1,1,Verano
108176,AMOXICILINA 500MG CAP CJAX100UND,PHARMA GENERICOS,0.0,10.0,3.0,2025-01-07 21:20:28,4,1,Verano
108176,AMOXICILINA 500MG CAP CJAX100UND,PHARMA GENERICOS,0.0,10.0,3.0,2025-01-08 11:02:46,15,1,Verano
108176,AMOXICILINA 500MG CAP CJAX100UND,PHARMA GENERICOS,0.0,10.0,3.0,2025-01-08 11:23:50,9,1,Verano
108176,AMOXICILINA 500MG CAP CJAX100UND,PHARMA GENERICOS,0.0,2.0,0.6,2025-01-08 20:52:08,1,1,Verano
108176,AMOXICILINA 500MG CAP CJAX100UND,PHARMA GENERICOS,0.0,10.0,3.0,2025-01-08 21:41:40,1,1,Verano
108176,AMOXICILINA 500MG CAP CJAX100UND,PHARMA GENERICOS,0.0,10.0,3.0,2025-01-08 22:33:14,6,1,Verano
108176,AMOXICILINA 500MG CAP CJAX100UND,PHARMA GENERICOS,0.0,30.0,9.0,2025-01-09 11:03:41,1,1,Verano
108176,AMOXICILINA 500MG CAP CJAX100UND,PHARMA GENERICOS,0.0,10.0,3.0,2025-01-09 16:42:32,9,1,Verano
108176,AMOXICILINA 500MG CAP CJAX100UND,PHARMA GENERICOS,0.0,10.0,3.0,2025-01-09 20:29:30,15,1,Verano
108176,AMOXICILINA 500MG CAP CJAX100UND,PHARMA GENERICOS,0.0,10.0,3.0,2025-01-09 20:51:58,14,1,Verano
108176,AMOXICILINA 500MG CAP CJAX100UND,PHARMA GENERICOS,0.0,10.0,3.0,2025-01-10 08:02:07,6,1,Verano
108176,AMOXICILINA 500MG CAP CJAX100UND,PHARMA GENERICOS,0.0,20.0,6.0,2025-01-10 08:51:21,4,1,Verano
108176,AMOXICILINA 500MG CAP CJAX100UND,PHARMA GENERICOS,0.0,10.0,3.0,2025-01-10 13:04:19,9,1,Verano
108176,AMOXICILINA 500MG CAP CJAX100UND,PHARMA GENERICOS,0.0,20.0,6.0,2025-01-10 16:06:04,9,1,Verano
108176,AMOXICILINA 500MG CAP CJAX100UND,PHARMA GENERICOS,0.0,10.0,3.0,2025-01-10 18:27:01,9,1,Verano
108176,AMOXICILINA 500MG CAP CJAX100UND,PHARMA GENERICOS,0.0,10.0,3.0,2025-01-10 19:31:00,9,1,Verano
108176,AMOXICILINA 500MG CAP CJAX100UND,PHARMA GENERICOS,0.0,10.0,3.0,2025-01-11 08:24:05,13,1,Verano
108176,AMOXICILINA 500MG CAP CJAX100UND,PHARMA GENERICOS,0.0,5.0,1.5,2025-01-11 14:57:42,5,1,Verano
108176,AMOXICILINA 500MG CAP CJAX100UND,PHARMA GENERICOS,0.0,10.0,3.0,2025-01-11 19:10:45,13,1,Verano
108176,AMOXICILINA 500MG CAP CJAX100UND,PHARMA GENERICOS,0.0,10.0,3.0,2025-01-12 11:22:56,13,1,Verano
108176,AMOXICILINA 500MG CAP CJAX100UND,PHARMA GENERICOS,0.0,2.0,0.6,2025-01-12 20:49:27,3,1,Verano
108176,AMOXICILINA 500MG CAP CJAX100UND,PHARMA GENERICOS,0.0,10.0,3.0,2025-01-12 20:56:26,11,1,Verano
108176,AMOXICILINA 500MG CAP CJAX100UND,PHARMA GENERICOS,0.0,10.0,3.0,2025-01-13 08:52:14,3,1,Verano
108176,AMOXICILINA 500MG CAP CJAX100UND,PHARMA GENERICOS,0.0,20.0,6.0,2025-01-13 09:57:00,1,1,Verano
108176,AMOXICILINA 500MG CAP CJAX100UND,PHARMA GENERICOS,0.0,20.0,6.0,2025-01-13 10:27:23,10,1,Verano
108176,AMOXICILINA 500MG CAP CJAX100UND,PHARMA GENERICOS,0.0,3.0,0.9,2025-01-13 11:23:58,6,1,Verano
108176,AMOXICILINA 500MG CAP CJAX100UND,PHARMA GENERICOS,0.0,5.0,1.5,2025-01-13 20:02:18,3,1,Verano
108176,AMOXICILINA 500MG CAP CJAX100UND,PHARMA GENERICOS,0.0,10.0,3.0,2025-01-13 20:20:47,9,1,Verano
108176,AMOXICILINA 500MG CAP CJAX100UND,PHARMA GENERICOS,0.0,10.0,3.0,2025-01-13 20:23:07,3,1,Verano
108176,AMOXICILINA 500MG CAP CJAX100UND,PHARMA GENERICOS,0.0,10.0,3.0,2025-01-13 21:13:54,5,1,Verano
108176,AMOXICILINA 500MG CAP CJAX100UND,PHARMA GENERICOS,0.0,10.0,3.0,2025-01-14 10:51:30,9,1,Verano
108176,AMOXICILINA 500MG CAP CJAX100UND,PHARMA GENERICOS,0.0,10.0,3.0,2025-01-14 11:48:23,6,1,Verano
108176,AMOXICILINA 500MG CAP CJAX100UND,PHARMA GENERICOS,0.0,10.0,3.0,2025-01-14 14:53:43,7,1,Verano
108176,AMOXICILINA 500MG CAP CJAX100UND,PHARMA GENERICOS,0.0,10.0,3.0,2025-01-14 18:16:08,6,1,Verano
108176,AMOXICILINA 500MG CAP CJAX100UND,PHARMA GENERICOS,0.0,10.0,3.0,2025-01-14 20:17:57,5,1,Verano
108176,AMOXICILINA 500MG CAP CJAX100UND,PHARMA GENERICOS,0.0,10.0,3.0,2025-01-15 11:15:11,6,1,Verano
108176,AMOXICILINA 500MG CAP CJAX100UND,PHARMA GENERICOS,0.0,10.0,3.0,2025-01-15 12:55:19,5,1,Verano
108176,AMOXICILINA 500MG CAP CJAX100UND,PHARMA GENERICOS,0.0,10.0,3.0,2025-01-15 19:50:35,8,1,Verano
108176,AMOXICILINA 500MG CAP CJAX100UND,PHARMA GENERICOS,0.0,10.0,3.0,2025-01-15 20:25:51,7,1,Verano
108176,AMOXICILINA 500MG CAP CJAX100UND,PHARMA GENERICOS,0.0,10.0,3.0,2025-01-15 20:44:51,13,1,Verano
108176,AMOXICILINA 500MG CAP CJAX100UND,PHARMA GENERICOS,0.0,10.0,3.0,2025-01-15 21:08:06,8,1,Verano
108176,AMOXICILINA 500MG CAP CJAX100UND,PHARMA GENERICOS,0.0,10.0,3.0,2025-01-16 11:11:08,8,1,Verano
108176,AMOXICILINA 500MG CAP CJAX100UND,PHARMA GENERICOS,0.0,10.0,3.0,2025-01-16 14:53:00,6,1,Verano
108176,AMOXICILINA 500MG CAP CJAX100UND,PHARMA GENERICOS,0.0,10.0,3.0,2025-01-16 18:56:03,6,1,Verano
108176,AMOXICILINA 500MG CAP CJAX100UND,PHARMA GENERICOS,0.0,5.0,1.5,2025-01-16 20:05:29,3,1,Verano
108176,AMOXICILINA 500MG CAP CJAX100UND,PHARMA GENERICOS,0.0,10.0,3.0,2025-01-16 21:07:06,3,1,Verano
108176,AMOXICILINA 500MG CAP CJAX100UND,PHARMA GENERICOS,0.0,10.0,3.0,2025-01-17 08:47:41,3,1,Verano
108176,AMOXICILINA 500MG CAP CJAX100UND,PHARMA GENERICOS,0.0,10.0,3.0,2025-01-17 13:35:52,9,1,Verano
108176,AMOXICILINA 500MG CAP CJAX100UND,PHARMA GENERICOS,0.0,10.0,3.0,2025-01-17 18:14:47,4,1,Verano
108176,AMOXICILINA 500MG CAP CJAX100UND,PHARMA GENERICOS,0.0,10.0,3.0,2025-01-17 20:09:20,11,1,Verano
108176,AMOXICILINA 500MG CAP CJAX100UND,PHARMA GENERICOS,0.0,10.0,3.0,2025-01-18 11:23:28,9,1,Verano
108176,AMOXICILINA 500MG CAP CJAX100UND,PHARMA GENERICOS,0.0,1.0,0.3,2025-01-18 22:29:08,8,1,Verano
108176,AMOXICILINA 500MG CAP CJAX100UND,PHARMA GENERICOS,0.0,10.0,3.0,2025-01-18 22:35:30,12,1,Verano
108176,AMOXICILINA 500MG CAP CJAX100UND,PHARMA GENERICOS,0.0,20.0,6.0,2025-01-19 20:09:31,15,1,Verano
108176,AMOXICILINA 500MG CAP CJAX100UND,PHARMA GENERICOS,0.0,10.0,3.0,2025-01-20 09:34:46,13,1,Verano
108176,AMOXICILINA 500MG CAP CJAX100UND,PHARMA GENERICOS,0.0,10.0,3.0,2025-01-20 09:51:00,6,1,Verano
108176,AMOXICILINA 500MG CAP CJAX100UND,PHARMA GENERICOS,0.0,10.0,3.0,2025-01-20 19:37:16,13,1,Verano
108176,AMOXICILINA 500MG CAP CJAX100UND,PHARMA GENERICOS,0.0,10.0,3.0,2025-01-21 16:03:53,11,1,Verano
108176,AMOXICILINA 500MG CAP CJAX100UND,PHARMA GENERICOS,0.0,10.0,3.0,2025-01-21 17:07:58,6,1,Verano
108176,AMOXICILINA 500MG CAP CJAX100UND,PHARMA GENERICOS,0.0,10.0,3.0,2025-01-21 21:12:42,4,1,Verano
108176,AMOXICILINA 500MG CAP CJAX100UND,PHARMA GENERICOS,0.0,10.0,3.0,2025-01-22 17:28:06,11,1,Verano
108176,AMOXICILINA 500MG CAP CJAX100UND,PHARMA GENERICOS,0.0,10.0,3.0,2025-01-22 19:38:06,4,1,Verano
108176,AMOXICILINA 500MG CAP CJAX100UND,PHARMA GENERICOS,0.0,10.0,3.0,2025-01-22 21:33:20,1,1,Verano
108176,AMOXICILINA 500MG CAP CJAX100UND,PHARMA GENERICOS,0.0,10.0,3.0,2025-01-22 22:21:01,13,1,Verano
108176,AMOXICILINA 500MG CAP CJAX100UND,PHARMA GENERICOS,0.0,20.0,6.0,2025-01-23 11:59:35,4,1,Verano
108176,AMOXICILINA 500MG CAP CJAX100UND,PHARMA GENERICOS,0.0,10.0,3.0,2025-01-23 13:57:14,10,1,Verano
108176,AMOXICILINA 500MG CAP CJAX100UND,PHARMA GENERICOS,0.0,10.0,3.0,2025-01-24 07:32:26,10,1,Verano
108176,AMOXICILINA 500MG CAP CJAX100UND,PHARMA GENERICOS,0.0,10.0,3.0,2025-01-24 12:25:30,12,1,Verano
108176,AMOXICILINA 500MG CAP CJAX100UND,PHARMA GENERICOS,0.0,10.0,3.0,2025-01-24 15:55:50,3,1,Verano
108176,AMOXICILINA 500MG CAP CJAX100UND,PHARMA GENERICOS,0.0,10.0,3.0,2025-01-24 21:33:48,6,1,Verano
108176,AMOXICILINA 500MG CAP CJAX100UND,PHARMA GENERICOS,0.0,5.0,1.5,2025-01-25 08:31:15,8,1,Verano
108176,AMOXICILINA 500MG CAP CJAX100UND,PHARMA GENERICOS,0.0,10.0,3.0,2025-01-25 12:23:44,6,1,Verano
108176,AMOXICILINA 500MG CAP CJAX100UND,PHARMA GENERICOS,0.0,20.0,6.0,2025-01-25 15:32:10,8,1,Verano
108176,AMOXICILINA 500MG CAP CJAX100UND,PHARMA GENERICOS,0.0,10.0,3.0,2025-01-25 21:25:16,10,1,Verano
108176,AMOXICILINA 500MG CAP CJAX100UND,PHARMA GENERICOS,0.0,10.0,3.0,2025-01-25 21:45:22,8,1,Verano
108176,AMOXICILINA 500MG CAP CJAX100UND,PHARMA GENERICOS,0.0,10.0,3.0,2025-01-27 07:40:26,6,1,Verano
108176,AMOXICILINA 500MG CAP CJAX100UND,PHARMA GENERICOS,0.0,10.0,3.0,2025-01-27 07:46:05,6,1,Verano
108176,AMOXICILINA 500MG CAP CJAX100UND,PHARMA GENERICOS,0.0,-10.0,-3.0,2025-01-27 12:00:00,6,1,Verano
108176,AMOXICILINA 500MG CAP CJAX100UND,PHARMA GENERICOS,0.0,10.0,3.0,2025-01-27 15:24:45,6,1,Verano
108176,AMOXICILINA 500MG CAP CJAX100UND,PHARMA GENERICOS,0.0,10.0,3.0,2025-01-27 15:56:13,6,1,Verano
108176,AMOXICILINA 500MG CAP CJAX100UND,PHARMA GENERICOS,0.0,10.0,3.0,2025-01-28 09:40:36,4,1,Verano
108176,AMOXICILINA 500MG CAP CJAX100UND,PHARMA GENERICOS,0.0,10.0,3.0,2025-01-28 15:25:08,9,1,Verano
108176,AMOXICILINA 500MG CAP CJAX100UND,PHARMA GENERICOS,0.0,10.0,3.0,2025-01-28 20:20:07,9,1,Verano
108176,AMOXICILINA 500MG CAP CJAX100UND,PHARMA GENERICOS,0.0,10.0,3.0,2025-01-29 15:14:50,1,1,Verano
108176,AMOXICILINA 500MG CAP CJAX100UND,PHARMA GENERICOS,0.0,50.0,15.0,2025-01-29 22:11:13,10,1,Verano
108176,AMOXICILINA 500MG CAP CJAX100UND,PHARMA GENERICOS,0.0,10.0,3.0,2025-01-29 22:24:19,7,1,Verano
108176,AMOXICILINA 500MG CAP CJAX100UND,PHARMA GENERICOS,0.0,10.0,3.0,2025-01-30 10:52:58,9,1,Verano
108176,AMOXICILINA 500MG CAP CJAX100UND,PHARMA GENERICOS,0.0,10.0,3.0,2025-01-30 18:17:21,1,1,Verano
108176,AMOXICILINA 500MG CAP CJAX100UND,PHARMA GENERICOS,0.0,9.0,2.7,2025-01-30 18:21:19,10,1,Verano
108176,AMOXICILINA 500MG CAP CJAX100UND,PHARMA GENERICOS,0.0,10.0,3.0,2025-01-30 18:23:32,6,1,Verano
108176,AMOXICILINA 500MG CAP CJAX100UND,PHARMA GENERICOS,0.0,10.0,3.0,2025-01-30 20:33:25,6,1,Verano
108176,AMOXICILINA 500MG CAP CJAX100UND,PHARMA GENERICOS,0.0,10.0,3.0,2025-01-31 09:49:09,5,1,Verano
108176,AMOXICILINA 500MG CAP CJAX100UND,PHARMA GENERICOS,0.0,10.0,3.0,2025-01-31 20:33:00,14,1,Verano
108176,AMOXICILINA 500MG CAP CJAX100UND,PHARMA GENERICOS,0.0,9.0,2.7,2025-01-31 20:59:17,8,1,Verano
108176,AMOXICILINA 500MG CAP CJAX100UND,PHARMA GENERICOS,0.0,5.0,1.5,2025-01-31 21:18:57,13,1,Verano
108176,AMOXICILINA 500MG CAP CJAX100UND,PHARMA GENERICOS,0.0,10.0,3.0,2025-01-31 22:28:01,15,1,Verano
108176,AMOXICILINA 500MG CAP CJAX100UND,PHARMA GENERICOS,0.0,10.0,3.0,2025-01-31 22:29:04,12,1,Verano
108176,AMOXICILINA 500MG CAP CJAX100UND,PHARMA GENERICOS,0.0,10.0,3.0,2025-02-01 18:12:45,9,2,Verano
108176,AMOXICILINA 500MG CAP CJAX100UND,PHARMA GENERICOS,0.0,10.0,3.0,2025-02-01 20:06:15,12,2,Verano
108176,AMOXICILINA 500MG CAP CJAX100UND,PHARMA GENERICOS,0.0,10.0,3.0,2025-02-01 21:31:36,7,2,Verano
108176,AMOXICILINA 500MG CAP CJAX100UND,PHARMA GENERICOS,0.0,10.0,3.0,2025-02-02 07:22:21,6,2,Verano
108176,AMOXICILINA 500MG CAP CJAX100UND,PHARMA GENERICOS,0.0,10.0,3.0,2025-02-02 15:23:34,12,2,Verano
108176,AMOXICILINA 500MG CAP CJAX100UND,PHARMA GENERICOS,0.0,20.0,6.0,2025-02-03 08:36:13,9,2,Verano
108176,AMOXICILINA 500MG CAP CJAX100UND,PHARMA GENERICOS,0.0,10.0,3.0,2025-02-03 09:40:10,6,2,Verano
108176,AMOXICILINA 500MG CAP CJAX100UND,PHARMA GENERICOS,0.0,10.0,3.0,2025-02-03 12:28:31,5,2,Verano
108176,AMOXICILINA 500MG CAP CJAX100UND,PHARMA GENERICOS,0.0,10.0,3.0,2025-02-03 12:34:40,5,2,Verano
108176,AMOXICILINA 500MG CAP CJAX100UND,PHARMA GENERICOS,0.0,10.0,3.0,2025-02-03 12:44:16,9,2,Verano
108176,AMOXICILINA 500MG CAP CJAX100UND,PHARMA GENERICOS,0.0,10.0,3.0,2025-02-03 17:05:51,7,2,Verano
108176,AMOXICILINA 500MG CAP CJAX100UND,PHARMA GENERICOS,0.0,10.0,3.0,2025-02-03 19:30:54,4,2,Verano
108176,AMOXICILINA 500MG CAP CJAX100UND,PHARMA GENERICOS,0.0,10.0,3.0,2025-02-03 20:14:44,1,2,Verano
108176,AMOXICILINA 500MG CAP CJAX100UND,PHARMA GENERICOS,0.0,10.0,3.0,2025-02-04 08:23:54,4,2,Verano
108176,AMOXICILINA 500MG CAP CJAX100UND,PHARMA GENERICOS,0.0,10.0,3.0,2025-02-04 10:39:40,1,2,Verano
108176,AMOXICILINA 500MG CAP CJAX100UND,PHARMA GENERICOS,0.0,10.0,3.0,2025-02-04 10:54:15,1,2,Verano
108176,AMOXICILINA 500MG CAP CJAX100UND,PHARMA GENERICOS,0.0,20.0,6.0,2025-02-04 19:42:10,4,2,Verano
108176,AMOXICILINA 500MG CAP CJAX100UND,PHARMA GENERICOS,0.0,10.0,3.0,2025-02-05 12:05:49,6,2,Verano
108176,AMOXICILINA 500MG CAP CJAX100UND,PHARMA GENERICOS,0.0,10.0,3.0,2025-02-05 17:33:46,5,2,Verano
108176,AMOXICILINA 500MG CAP CJAX100UND,PHARMA GENERICOS,0.0,10.0,3.0,2025-02-05 20:35:04,11,2,Verano
108176,AMOXICILINA 500MG CAP CJAX100UND,PHARMA GENERICOS,0.0,10.0,3.0,2025-02-05 21:21:54,5,2,Verano
108176,AMOXICILINA 500MG CAP CJAX100UND,PHARMA GENERICOS,0.0,10.0,3.0,2025-02-06 07:58:09,12,2,Verano
108176,AMOXICILINA 500MG CAP CJAX100UND,PHARMA GENERICOS,0.0,10.0,3.0,2025-02-06 21:58:47,11,2,Verano
108176,AMOXICILINA 500MG CAP CJAX100UND,PHARMA GENERICOS,0.0,10.0,3.0,2025-02-07 11:40:07,13,2,Verano
108176,AMOXICILINA 500MG CAP CJAX100UND,PHARMA GENERICOS,0.0,10.0,3.0,2025-02-07 12:56:25,10,2,Verano
108176,AMOXICILINA 500MG CAP CJAX100UND,PHARMA GENERICOS,0.0,2.0,0.6,2025-02-07 15:02:37,6,2,Verano
108176,AMOXICILINA 500MG CAP CJAX100UND,PHARMA GENERICOS,0.0,10.0,3.0,2025-02-07 20:22:12,9,2,Verano
108176,AMOXICILINA 500MG CAP CJAX100UND,PHARMA GENERICOS,0.0,10.0,3.0,2025-02-08 16:44:46,6,2,Verano
108176,AMOXICILINA 500MG CAP CJAX100UND,PHARMA GENERICOS,0.0,10.0,3.0,2025-02-08 21:54:45,6,2,Verano
108176,AMOXICILINA 500MG CAP CJAX100UND,PHARMA GENERICOS,0.0,10.0,3.0,2025-02-09 11:18:17,12,2,Verano
108176,AMOXICILINA 500MG CAP CJAX100UND,PHARMA GENERICOS,0.0,10.0,3.0,2025-02-10 11:41:47,12,2,Verano
108176,AMOXICILINA 500MG CAP CJAX100UND,PHARMA GENERICOS,0.0,10.0,3.0,2025-02-10 18:14:52,3,2,Verano
108176,AMOXICILINA 500MG CAP CJAX100UND,PHARMA GENERICOS,0.0,15.0,4.5,2025-02-11 20:08:00,15,2,Verano
108176,AMOXICILINA 500MG CAP CJAX100UND,PHARMA GENERICOS,0.0,10.0,3.0,2025-02-12 09:22:25,12,2,Verano
108176,AMOXICILINA 500MG CAP CJAX100UND,PHARMA GENERICOS,0.0,30.0,9.0,2025-02-13 12:36:37,12,2,Verano
108176,AMOXICILINA 500MG CAP CJAX100UND,PHARMA GENERICOS,0.0,5.0,1.5,2025-02-13 20:44:38,5,2,Verano
108176,AMOXICILINA 500MG CAP CJAX100UND,PHARMA GENERICOS,0.0,3.0,0.9,2025-02-15 11:36:34,13,2,Verano
108176,AMOXICILINA 500MG CAP CJAX100UND,PHARMA GENERICOS,0.0,10.0,3.0,2025-02-16 14:55:26,3,2,Verano
108176,AMOXICILINA 500MG CAP CJAX100UND,PHARMA GENERICOS,0.0,10.0,3.0,2025-02-16 20:25:06,9,2,Verano
108176,AMOXICILINA 500MG CAP CJAX100UND,PHARMA GENERICOS,0.0,10.0,3.0,2025-02-17 20:31:06,3,2,Verano
108176,AMOXICILINA 500MG CAP CJAX100UND,PHARMA GENERICOS,0.0,10.0,3.0,2025-02-17 22:37:14,12,2,Verano
108176,AMOXICILINA 500MG CAP CJAX100UND,PHARMA GENERICOS,0.0,10.0,3.0,2025-02-18 17:12:21,13,2,Verano
108176,AMOXICILINA 500MG CAP CJAX100UND,PHARMA GENERICOS,0.0,4.0,1.2,2025-02-18 19:29:08,3,2,Verano
108176,AMOXICILINA 500MG CAP CJAX100UND,PHARMA GENERICOS,0.0,10.0,3.0,2025-02-19 12:58:31,5,2,Verano
108176,AMOXICILINA 500MG CAP CJAX100UND,PHARMA GENERICOS,0.0,10.0,3.0,2025-02-19 20:04:42,10,2,Verano
108176,AMOXICILINA 500MG CAP CJAX100UND,PHARMA GENERICOS,0.0,10.0,3.0,2025-02-20 14:00:18,12,2,Verano
108176,AMOXICILINA 500MG CAP CJAX100UND,PHARMA GENERICOS,0.0,10.0,3.0,2025-02-20 15:19:28,13,2,Verano
108176,AMOXICILINA 500MG CAP CJAX100UND,PHARMA GENERICOS,0.0,3.0,0.9,2025-02-21 15:42:11,12,2,Verano
108176,AMOXICILINA 500MG CAP CJAX100UND,PHARMA GENERICOS,0.0,10.0,3.0,2025-02-21 19:01:37,5,2,Verano
108176,AMOXICILINA 500MG CAP CJAX100UND,PHARMA GENERICOS,0.0,10.0,3.0,2025-02-22 18:58:46,3,2,Verano
108176,AMOXICILINA 500MG CAP CJAX100UND,PHARMA GENERICOS,0.0,10.0,3.0,2025-02-22 19:05:25,13,2,Verano
108176,AMOXICILINA 500MG CAP CJAX100UND,PHARMA GENERICOS,0.0,10.0,3.0,2025-02-22 21:25:21,4,2,Verano
108176,AMOXICILINA 500MG CAP CJAX100UND,PHARMA GENERICOS,0.0,10.0,3.0,2025-02-23 09:54:51,10,2,Verano
108176,AMOXICILINA 500MG CAP CJAX100UND,PHARMA GENERICOS,0.0,10.0,3.0,2025-02-23 20:21:04,12,2,Verano
108176,AMOXICILINA 500MG CAP CJAX100UND,PHARMA GENERICOS,0.0,5.0,1.5,2025-02-23 21:58:35,4,2,Verano
108176,AMOXICILINA 500MG CAP CJAX100UND,PHARMA GENERICOS,0.0,10.0,3.0,2025-02-24 18:20:18,15,2,Verano
108176,AMOXICILINA 500MG CAP CJAX100UND,PHARMA GENERICOS,0.0,10.0,3.0,2025-02-24 19:39:18,3,2,Verano
108176,AMOXICILINA 500MG CAP CJAX100UND,PHARMA GENERICOS,0.0,20.0,6.0,2025-02-25 19:53:03,5,2,Verano
108176,AMOXICILINA 500MG CAP CJAX100UND,PHARMA GENERICOS,0.0,10.0,3.0,2025-02-25 21:09:21,5,2,Verano
108176,AMOXICILINA 500MG CAP CJAX100UND,PHARMA GENERICOS,0.0,5.0,1.5,2025-02-26 10:11:19,5,2,Verano
108176,AMOXICILINA 500MG CAP CJAX100UND,PHARMA GENERICOS,0.0,10.0,3.0,2025-02-26 15:09:29,12,2,Verano
108176,AMOXICILINA 500MG CAP CJAX100UND,PHARMA GENERICOS,0.0,10.0,3.0,2025-02-27 08:46:34,13,2,Verano
108176,AMOXICILINA 500MG CAP CJAX100UND,PHARMA GENERICOS,0.0,10.0,3.0,2025-02-27 10:53:29,10,2,Verano
108176,AMOXICILINA 500MG CAP CJAX100UND,PHARMA GENERICOS,0.0,10.0,3.0,2025-02-27 20:38:51,8,2,Verano
108176,AMOXICILINA 500MG CAP CJAX100UND,PHARMA GENERICOS,0.0,10.0,3.0,2025-02-28 19:09:56,3,2,Verano
108176,AMOXICILINA 500MG CAP CJAX100UND,PHARMA GENERICOS,0.0,10.0,3.0,2025-02-28 19:33:52,1,2,Verano
108176,AMOXICILINA 500MG CAP CJAX100UND,PHARMA GENERICOS,0.0,20.0,6.0,2025-02-28 19:44:01,10,2,Verano
108176,AMOXICILINA 500MG CAP CJAX100UND,PHARMA GENERICOS,0.0,10.0,3.0,2025-03-01 09:55:26,4,3,Otoño
108176,AMOXICILINA 500MG CAP CJAX100UND,PHARMA GENERICOS,0.0,10.0,3.0,2025-03-01 13:14:55,12,3,Otoño
108176,AMOXICILINA 500MG CAP CJAX100UND,PHARMA GENERICOS,0.0,10.0,3.0,2025-03-01 20:07:02,5,3,Otoño
108176,AMOXICILINA 500MG CAP CJAX100UND,PHARMA GENERICOS,0.0,10.0,3.0,2025-03-01 20:07:55,5,3,Otoño
108176,AMOXICILINA 500MG CAP CJAX100UND,PHARMA GENERICOS,0.0,10.0,3.0,2025-03-02 10:36:41,5,3,Otoño
108176,AMOXICILINA 500MG CAP CJAX100UND,PHARMA GENERICOS,0.0,10.0,3.0,2025-03-02 20:07:57,5,3,Otoño
108176,AMOXICILINA 500MG CAP CJAX100UND,PHARMA GENERICOS,0.0,20.0,6.0,2025-03-03 18:10:03,5,3,Otoño
108176,AMOXICILINA 500MG CAP CJAX100UND,PHARMA GENERICOS,0.0,10.0,3.0,2025-03-03 18:50:29,9,3,Otoño
108176,AMOXICILINA 500MG CAP CJAX100UND,PHARMA GENERICOS,0.0,10.0,3.0,2025-03-03 20:31:27,5,3,Otoño
108176,AMOXICILINA 500MG CAP CJAX100UND,PHARMA GENERICOS,0.0,5.0,1.5,2025-03-04 16:56:08,9,3,Otoño
108176,AMOXICILINA 500MG CAP CJAX100UND,PHARMA GENERICOS,0.0,10.0,3.0,2025-03-05 19:38:20,4,3,Otoño
108176,AMOXICILINA 500MG CAP CJAX100UND,PHARMA GENERICOS,0.0,-50.0,-15.0,2025-03-06 12:00:00,5,3,Otoño
108176,AMOXICILINA 500MG CAP CJAX100UND,PHARMA GENERICOS,0.0,10.0,3.0,2025-03-06 13:18:37,8,3,Otoño
108176,AMOXICILINA 500MG CAP CJAX100UND,PHARMA GENERICOS,0.0,50.0,15.0,2025-03-06 16:18:32,5,3,Otoño
108176,AMOXICILINA 500MG CAP CJAX100UND,PHARMA GENERICOS,0.0,50.0,15.0,2025-03-06 16:24:15,5,3,Otoño
108176,AMOXICILINA 500MG CAP CJAX100UND,PHARMA GENERICOS,0.0,5.0,1.5,2025-03-07 17:33:05,5,3,Otoño
108176,AMOXICILINA 500MG CAP CJAX100UND,PHARMA GENERICOS,0.0,5.0,1.5,2025-03-07 18:36:26,13,3,Otoño
108176,AMOXICILINA 500MG CAP CJAX100UND,PHARMA GENERICOS,1.0,0.0,30.0,2025-03-08 11:35:44,10,3,Otoño
108176,AMOXICILINA 500MG CAP CJAX100UND,PHARMA GENERICOS,0.0,1.0,0.3,2025-03-08 19:26:17,10,3,Otoño
108176,AMOXICILINA 500MG CAP CJAX100UND,PHARMA GENERICOS,0.0,10.0,3.0,2025-03-09 08:53:32,5,3,Otoño
108176,AMOXICILINA 500MG CAP CJAX100UND,PHARMA GENERICOS,0.0,10.0,3.0,2025-03-10 10:10:18,8,3,Otoño
108176,AMOXICILINA 500MG CAP CJAX100UND,PHARMA GENERICOS,0.0,10.0,3.0,2025-03-10 11:43:41,8,3,Otoño
108176,AMOXICILINA 500MG CAP CJAX100UND,PHARMA GENERICOS,0.0,4.0,1.2,2025-03-10 15:14:39,10,3,Otoño
108176,AMOXICILINA 500MG CAP CJAX100UND,PHARMA GENERICOS,0.0,5.0,1.5,2025-03-11 12:58:34,5,3,Otoño
108176,AMOXICILINA 500MG CAP CJAX100UND,PHARMA GENERICOS,0.0,8.0,2.4,2025-03-11 16:23:26,11,3,Otoño
108176,AMOXICILINA 500MG CAP CJAX100UND,PHARMA GENERICOS,0.0,4.0,1.2,2025-03-11 19:47:22,13,3,Otoño
108176,AMOXICILINA 500MG CAP CJAX100UND,PHARMA GENERICOS,0.0,10.0,3.0,2025-03-12 03:29:49,4,3,Otoño
108176,AMOXICILINA 500MG CAP CJAX100UND,PHARMA GENERICOS,0.0,10.0,3.0,2025-03-12 14:17:17,8,3,Otoño
108176,AMOXICILINA 500MG CAP CJAX100UND,PHARMA GENERICOS,0.0,10.0,3.0,2025-03-12 21:33:42,12,3,Otoño
108176,AMOXICILINA 500MG CAP CJAX100UND,PHARMA GENERICOS,0.0,10.0,3.0,2025-03-14 19:19:05,5,3,Otoño
108176,AMOXICILINA 500MG CAP CJAX100UND,PHARMA GENERICOS,0.0,10.0,3.0,2025-03-14 20:56:21,8,3,Otoño
108176,AMOXICILINA 500MG CAP CJAX100UND,PHARMA GENERICOS,0.0,10.0,3.0,2025-03-15 09:55:59,8,3,Otoño
108176,AMOXICILINA 500MG CAP CJAX100UND,PHARMA GENERICOS,0.0,10.0,3.0,2025-03-15 11:11:41,4,3,Otoño
108176,AMOXICILINA 500MG CAP CJAX100UND,PHARMA GENERICOS,0.0,10.0,3.0,2025-03-15 13:08:31,1,3,Otoño
108176,AMOXICILINA 500MG CAP CJAX100UND,PHARMA GENERICOS,0.0,10.0,3.0,2025-03-16 21:03:49,13,3,Otoño
108176,AMOXICILINA 500MG CAP CJAX100UND,PHARMA GENERICOS,0.0,10.0,3.0,2025-03-17 22:58:20,4,3,Otoño
108176,AMOXICILINA 500MG CAP CJAX100UND,PHARMA GENERICOS,0.0,10.0,3.0,2025-03-17 22:59:32,4,3,Otoño
108176,AMOXICILINA 500MG CAP CJAX100UND,PHARMA GENERICOS,0.0,10.0,3.0,2025-03-18 08:47:01,4,3,Otoño
108176,AMOXICILINA 500MG CAP CJAX100UND,PHARMA GENERICOS,0.0,10.0,3.0,2025-03-18 18:25:36,13,3,Otoño
108176,AMOXICILINA 500MG CAP CJAX100UND,PHARMA GENERICOS,0.0,6.0,1.8,2025-03-19 13:10:38,5,3,Otoño
108176,AMOXICILINA 500MG CAP CJAX100UND,PHARMA GENERICOS,0.0,30.0,9.0,2025-03-20 20:28:32,1,3,Otoño
108176,AMOXICILINA 500MG CAP CJAX100UND,PHARMA GENERICOS,0.0,10.0,3.0,2025-03-21 11:27:27,8,3,Otoño
108176,AMOXICILINA 500MG CAP CJAX100UND,PHARMA GENERICOS,0.0,10.0,3.0,2025-03-22 10:20:37,8,3,Otoño
108176,AMOXICILINA 500MG CAP CJAX100UND,PHARMA GENERICOS,0.0,10.0,3.0,2025-03-22 12:27:04,13,3,Otoño
108176,AMOXICILINA 500MG CAP CJAX100UND,PHARMA GENERICOS,0.0,10.0,3.0,2025-03-23 19:19:00,13,3,Otoño
108176,AMOXICILINA 500MG CAP CJAX100UND,PHARMA GENERICOS,0.0,20.0,6.0,2025-03-24 17:42:49,13,3,Otoño
108176,AMOXICILINA 500MG CAP CJAX100UND,PHARMA GENERICOS,0.0,20.0,6.0,2025-03-26 20:23:27,8,3,Otoño
108176,AMOXICILINA 500MG CAP CJAX100UND,PHARMA GENERICOS,0.0,10.0,3.0,2025-03-27 10:10:12,8,3,Otoño
108176,AMOXICILINA 500MG CAP CJAX100UND,PHARMA GENERICOS,0.0,10.0,3.0,2025-03-27 13:45:24,1,3,Otoño
108176,AMOXICILINA 500MG CAP CJAX100UND,PHARMA GENERICOS,0.0,10.0,3.0,2025-03-28 17:12:49,8,3,Otoño
108176,AMOXICILINA 500MG CAP CJAX100UND,PHARMA GENERICOS,0.0,10.0,3.0,2025-03-31 20:03:20,8,3,Otoño
108176,AMOXICILINA 500MG CAP CJAX100UND,PHARMA GENERICOS,0.0,5.0,1.5,2025-04-03 19:13:06,10,4,Otoño
108176,AMOXICILINA 500MG CAP CJAX100UND,PHARMA GENERICOS,0.0,6.0,1.8,2025-04-03 20:58:07,3,4,Otoño
108176,AMOXICILINA 500MG CAP CJAX100UND,PHARMA GENERICOS,0.0,10.0,3.0,2025-04-05 09:42:26,4,4,Otoño
108176,AMOXICILINA 500MG CAP CJAX100UND,PHARMA GENERICOS,0.0,15.0,4.5,2025-04-05 10:14:59,1,4,Otoño
108176,AMOXICILINA 500MG CAP CJAX100UND,PHARMA GENERICOS,0.0,5.0,1.5,2025-04-05 21:27:34,14,4,Otoño
108176,AMOXICILINA 500MG CAP CJAX100UND,PHARMA GENERICOS,0.0,5.0,1.5,2025-04-08 09:08:48,15,4,Otoño
108176,AMOXICILINA 500MG CAP CJAX100UND,PHARMA GENERICOS,0.0,10.0,3.0,2025-04-08 14:24:28,13,4,Otoño
108176,AMOXICILINA 500MG CAP CJAX100UND,PHARMA GENERICOS,0.0,10.0,3.0,2025-04-09 18:49:59,14,4,Otoño
108176,AMOXICILINA 500MG CAP CJAX100UND,PHARMA GENERICOS,0.0,10.0,3.0,2025-04-10 14:24:12,14,4,Otoño
108176,AMOXICILINA 500MG CAP CJAX100UND,PHARMA GENERICOS,0.0,10.0,3.0,2025-04-10 15:58:51,4,4,Otoño
108176,AMOXICILINA 500MG CAP CJAX100UND,PHARMA GENERICOS,0.0,10.0,3.0,2025-04-13 10:10:02,13,4,Otoño
108176,AMOXICILINA 500MG CAP CJAX100UND,PHARMA GENERICOS,0.0,10.0,3.0,2025-04-14 11:12:13,13,4,Otoño
108176,AMOXICILINA 500MG CAP CJAX100UND,PHARMA GENERICOS,0.0,3.0,0.9,2025-04-16 17:57:30,13,4,Otoño
108176,AMOXICILINA 500MG CAP CJAX100UND,PHARMA GENERICOS,0.0,10.0,3.0,2025-04-17 12:33:46,14,4,Otoño
108176,AMOXICILINA 500MG CAP CJAX100UND,PHARMA GENERICOS,0.0,10.0,3.0,2025-04-18 19:43:48,14,4,Otoño
108176,AMOXICILINA 500MG CAP CJAX100UND,PHARMA GENERICOS,0.0,7.0,2.1,2025-04-19 18:33:06,13,4,Otoño
108176,AMOXICILINA 500MG CAP CJAX100UND,PHARMA GENERICOS,0.0,2.0,0.6,2025-04-21 07:08:33,13,4,Otoño
108176,AMOXICILINA 500MG CAP CJAX100UND,PHARMA GENERICOS,0.0,7.0,2.1,2025-04-21 10:14:48,13,4,Otoño
108176,AMOXICILINA 500MG CAP CJAX100UND,PHARMA GENERICOS,0.0,10.0,3.0,2025-04-23 09:01:52,3,4,Otoño
108176,AMOXICILINA 500MG CAP CJAX100UND,PHARMA GENERICOS,0.0,10.0,3.0,2025-04-23 17:23:33,4,4,Otoño
108176,AMOXICILINA 500MG CAP CJAX100UND,PHARMA GENERICOS,0.0,10.0,3.0,2025-04-24 10:19:13,3,4,Otoño
108176,AMOXICILINA 500MG CAP CJAX100UND,PHARMA GENERICOS,0.0,10.0,3.0,2025-04-24 12:54:56,3,4,Otoño
108176,AMOXICILINA 500MG CAP CJAX100UND,PHARMA GENERICOS,0.0,10.0,3.0,2025-04-25 14:13:56,3,4,Otoño
108176,AMOXICILINA 500MG CAP CJAX100UND,PHARMA GENERICOS,0.0,20.0,6.0,2025-04-29 13:09:08,1,4,Otoño
108176,AMOXICILINA 500MG CAP CJAX100UND,PHARMA GENERICOS,0.0,10.0,2.8,2025-04-30 21:18:18,15,4,Otoño
108176,AMOXICILINA 500MG CAP CJAX100UND,PHARMA GENERICOS,0.0,10.0,3.0,2025-05-01 19:19:16,3,5,Otoño
108176,AMOXICILINA 500MG CAP CJAX100UND,PHARMA GENERICOS,0.0,2.0,0.6,2025-05-02 12:10:22,1,5,Otoño
108176,AMOXICILINA 500MG CAP CJAX100UND,PHARMA GENERICOS,0.0,10.0,3.0,2025-05-02 17:40:07,3,5,Otoño
108176,AMOXICILINA 500MG CAP CJAX100UND,PHARMA GENERICOS,0.0,10.0,3.0,2025-05-03 13:18:32,8,5,Otoño
108176,AMOXICILINA 500MG CAP CJAX100UND,PHARMA GENERICOS,0.0,10.0,3.0,2025-05-08 08:07:03,3,5,Otoño
108176,AMOXICILINA 500MG CAP CJAX100UND,PHARMA GENERICOS,0.0,10.0,3.0,2025-05-08 20:15:20,8,5,Otoño
108176,AMOXICILINA 500MG CAP CJAX100UND,PHARMA GENERICOS,0.0,5.0,1.5,2025-05-08 21:46:56,3,5,Otoño
108176,AMOXICILINA 500MG CAP CJAX100UND,PHARMA GENERICOS,0.0,3.0,0.9,2025-05-09 09:45:45,3,5,Otoño
108176,AMOXICILINA 500MG CAP CJAX100UND,PHARMA GENERICOS,0.0,10.0,3.0,2025-05-09 19:39:49,3,5,Otoño
108176,AMOXICILINA 500MG CAP CJAX100UND,PHARMA GENERICOS,0.0,10.0,3.0,2025-05-12 09:39:08,3,5,Otoño
108176,AMOXICILINA 500MG CAP CJAX100UND,PHARMA GENERICOS,0.0,10.0,3.0,2025-05-12 16:42:31,3,5,Otoño
108176,AMOXICILINA 500MG CAP CJAX100UND,PHARMA GENERICOS,0.0,20.0,6.0,2025-05-14 19:35:44,15,5,Otoño
108176,AMOXICILINA 500MG CAP CJAX100UND,PHARMA GENERICOS,0.0,2.0,0.6,2025-05-16 21:45:55,3,5,Otoño
108176,AMOXICILINA 500MG CAP CJAX100UND,PHARMA GENERICOS,0.0,10.0,3.0,2025-06-05 17:11:04,12,6,Invierno
108176,AMOXICILINA 500MG CAP CJAX100UND,PHARMA GENERICOS,0.0,10.0,3.0,2025-06-11 16:20:08,8,6,Invierno
108176,AMOXICILINA 500MG CAP CJAX100UND,PHARMA GENERICOS,0.0,1.0,0.28,2025-06-23 14:37:27,6,6,Invierno
108176,AMOXICILINA 500MG CAP CJAX100UND,PHARMA GENERICOS,0.0,5.0,1.5,2025-07-09 09:47:00,14,7,Invierno
108176,AMOXICILINA 500MG CAP CJAX100UND,PHARMA GENERICOS,0.0,2.0,0.6,2025-07-11 23:23:42,4,7,Invierno
108176,AMOXICILINA 500MG CAP CJAX100UND,PHARMA GENERICOS,0.0,10.0,3.0,2025-08-26 15:45:27,16,8,Invierno
108176,AMOXICILINA 500MG CAP CJAX100UND,PHARMA GENERICOS,0.0,10.0,3.0,2025-08-26 19:40:38,11,8,Invierno
108176,AMOXICILINA 500MG CAP CJAX100UND,PHARMA GENERICOS,0.0,10.0,3.0,2025-08-26 20:44:22,11,8,Invierno
108176,AMOXICILINA 500MG CAP CJAX100UND,PHARMA GENERICOS,0.0,10.0,3.0,2025-08-27 15:19:20,2,8,Invierno
108176,AMOXICILINA 500MG CAP CJAX100UND,PHARMA GENERICOS,0.0,10.0,3.0,2025-08-27 15:39:01,11,8,Invierno
108176,AMOXICILINA 500MG CAP CJAX100UND,PHARMA GENERICOS,0.0,10.0,3.0,2025-08-27 21:25:45,2,8,Invierno
108176,AMOXICILINA 500MG CAP CJAX100UND,PHARMA GENERICOS,0.0,10.0,2.5,2025-08-29 19:15:27,11,8,Invierno
108176,AMOXICILINA 500MG CAP CJAX100UND,PHARMA GENERICOS,0.0,10.0,2.5,2025-08-29 19:42:59,2,8,Invierno
108176,AMOXICILINA 500MG CAP CJAX100UND,PHARMA GENERICOS,0.0,10.0,2.5,2025-08-30 12:12:27,2,8,Invierno
108176,AMOXICILINA 500MG CAP CJAX100UND,PHARMA GENERICOS,0.0,5.0,1.25,2025-08-30 13:30:18,2,8,Invierno
108176,AMOXICILINA 500MG CAP CJAX100UND,PHARMA GENERICOS,0.0,20.0,5.0,2025-08-30 18:48:05,11,8,Invierno
108176,AMOXICILINA 500MG CAP CJAX100UND,PHARMA GENERICOS,0.0,10.0,2.5,2025-08-30 20:21:29,2,8,Invierno
108176,AMOXICILINA 500MG CAP CJAX100UND,PHARMA GENERICOS,0.0,10.0,2.5,2025-08-31 20:46:34,11,8,Invierno
108176,AMOXICILINA 500MG CAP CJAX100UND,PHARMA GENERICOS,0.0,10.0,2.5,2025-09-01 11:52:33,11,9,Primavera
108176,AMOXICILINA 500MG CAP CJAX100UND,PHARMA GENERICOS,0.0,50.0,12.5,2025-09-01 13:56:25,11,9,Primavera
108176,AMOXICILINA 500MG CAP CJAX100UND,PHARMA GENERICOS,0.0,10.0,2.5,2025-09-01 19:24:48,2,9,Primavera
108176,AMOXICILINA 500MG CAP CJAX100UND,PHARMA GENERICOS,0.0,10.0,2.5,2025-09-01 19:29:39,2,9,Primavera
108176,AMOXICILINA 500MG CAP CJAX100UND,PHARMA GENERICOS,0.0,10.0,2.5,2025-09-02 18:52:41,16,9,Primavera
108176,AMOXICILINA 500MG CAP CJAX100UND,PHARMA GENERICOS,0.0,5.0,1.25,2025-09-03 14:18:23,2,9,Primavera
108176,AMOXICILINA 500MG CAP CJAX100UND,PHARMA GENERICOS,0.0,20.0,5.0,2025-09-06 11:17:18,11,9,Primavera
108176,AMOXICILINA 500MG CAP CJAX100UND,PHARMA GENERICOS,0.0,10.0,2.5,2025-09-09 19:55:40,16,9,Primavera
108176,AMOXICILINA 500MG CAP CJAX100UND,PHARMA GENERICOS,0.0,10.0,2.5,2025-09-09 21:13:24,2,9,Primavera
108176,AMOXICILINA 500MG CAP CJAX100UND,PHARMA GENERICOS,0.0,10.0,2.5,2025-09-10 11:39:42,2,9,Primavera
108176,AMOXICILINA 500MG CAP CJAX100UND,PHARMA GENERICOS,0.0,10.0,2.5,2025-09-11 18:53:42,2,9,Primavera
108176,AMOXICILINA 500MG CAP CJAX100UND,PHARMA GENERICOS,0.0,10.0,2.5,2025-09-12 09:01:16,2,9,Primavera
108176,AMOXICILINA 500MG CAP CJAX100UND,PHARMA GENERICOS,0.0,10.0,2.5,2025-09-12 19:44:06,11,9,Primavera
108176,AMOXICILINA 500MG CAP CJAX100UND,PHARMA GENERICOS,0.0,10.0,2.5,2025-09-13 21:36:28,2,9,Primavera
108176,AMOXICILINA 500MG CAP CJAX100UND,PHARMA GENERICOS,0.0,10.0,2.5,2025-09-13 22:27:17,2,9,Primavera
108176,AMOXICILINA 500MG CAP CJAX100UND,PHARMA GENERICOS,0.0,10.0,2.5,2025-09-14 19:05:03,2,9,Primavera
108176,AMOXICILINA 500MG CAP CJAX100UND,PHARMA GENERICOS,0.0,10.0,2.5,2025-09-14 20:18:22,2,9,Primavera
108176,AMOXICILINA 500MG CAP CJAX100UND,PHARMA GENERICOS,0.0,100.0,25.0,2025-09-15 18:08:13,2,9,Primavera
108176,AMOXICILINA 500MG CAP CJAX100UND,PHARMA GENERICOS,0.0,20.0,5.0,2025-09-15 20:23:34,2,9,Primavera
108176,AMOXICILINA 500MG CAP CJAX100UND,PHARMA GENERICOS,0.0,10.0,2.5,2025-09-15 20:51:20,11,9,Primavera
108176,AMOXICILINA 500MG CAP CJAX100UND,PHARMA GENERICOS,0.0,10.0,2.5,2025-09-16 08:45:06,8,9,Primavera
108176,AMOXICILINA 500MG CAP CJAX100UND,PHARMA GENERICOS,0.0,10.0,2.5,2025-09-17 07:19:44,2,9,Primavera
108176,AMOXICILINA 500MG CAP CJAX100UND,PHARMA GENERICOS,0.0,10.0,2.5,2025-09-17 10:04:44,11,9,Primavera
108176,AMOXICILINA 500MG CAP CJAX100UND,PHARMA GENERICOS,0.0,10.0,2.5,2025-09-17 17:54:09,2,9,Primavera
108176,AMOXICILINA 500MG CAP CJAX100UND,PHARMA GENERICOS,0.0,10.0,2.5,2025-09-17 19:24:22,2,9,Primavera
108176,AMOXICILINA 500MG CAP CJAX100UND,PHARMA GENERICOS,0.0,20.0,5.0,2025-09-17 21:21:51,1,9,Primavera
108176,AMOXICILINA 500MG CAP CJAX100UND,PHARMA GENERICOS,0.0,10.0,2.5,2025-09-18 09:51:59,1,9,Primavera
108176,AMOXICILINA 500MG CAP CJAX100UND,PHARMA GENERICOS,0.0,20.0,5.0,2025-09-20 22:18:56,2,9,Primavera
108176,AMOXICILINA 500MG CAP CJAX100UND,PHARMA GENERICOS,0.0,10.0,2.5,2025-09-22 13:41:59,2,9,Primavera
108176,AMOXICILINA 500MG CAP CJAX100UND,PHARMA GENERICOS,0.0,10.0,2.5,2025-09-23 09:23:56,10,9,Primavera
108176,AMOXICILINA 500MG CAP CJAX100UND,PHARMA GENERICOS,0.0,10.0,2.5,2025-09-23 18:17:32,2,9,Primavera
108176,AMOXICILINA 500MG CAP CJAX100UND,PHARMA GENERICOS,0.0,3.0,0.75,2025-09-25 12:34:56,7,9,Primavera
108176,AMOXICILINA 500MG CAP CJAX100UND,PHARMA GENERICOS,0.0,10.0,2.5,2025-09-25 14:47:51,11,9,Primavera
108176,AMOXICILINA 500MG CAP CJAX100UND,PHARMA GENERICOS,0.0,10.0,2.5,2025-09-25 17:08:25,2,9,Primavera
108176,AMOXICILINA 500MG CAP CJAX100UND,PHARMA GENERICOS,0.0,10.0,2.5,2025-09-25 18:50:55,1,9,Primavera
108176,AMOXICILINA 500MG CAP CJAX100UND,PHARMA GENERICOS,0.0,10.0,2.5,2025-09-25 18:59:28,1,9,Primavera
108176,AMOXICILINA 500MG CAP CJAX100UND,PHARMA GENERICOS,0.0,10.0,2.5,2025-09-26 15:03:14,2,9,Primavera
108176,AMOXICILINA 500MG CAP CJAX100UND,PHARMA GENERICOS,0.0,10.0,2.5,2025-09-26 17:59:38,1,9,Primavera
108176,AMOXICILINA 500MG CAP CJAX100UND,PHARMA GENERICOS,0.0,10.0,2.5,2025-09-27 14:33:49,1,9,Primavera
108176,AMOXICILINA 500MG CAP CJAX100UND,PHARMA GENERICOS,0.0,5.0,1.25,2025-09-27 19:45:25,2,9,Primavera
108176,AMOXICILINA 500MG CAP CJAX100UND,PHARMA GENERICOS,0.0,10.0,2.5,2025-09-27 19:50:26,2,9,Primavera
108176,AMOXICILINA 500MG CAP CJAX100UND,PHARMA GENERICOS,0.0,10.0,2.5,2025-09-28 22:52:44,7,9,Primavera
108176,AMOXICILINA 500MG CAP CJAX100UND,PHARMA GENERICOS,0.0,20.0,5.0,2025-09-29 11:06:57,2,9,Primavera
108176,AMOXICILINA 500MG CAP CJAX100UND,PHARMA GENERICOS,0.0,10.0,2.5,2025-09-29 21:08:32,6,9,Primavera
108176,AMOXICILINA 500MG CAP CJAX100UND,PHARMA GENERICOS,0.0,10.0,2.5,2025-10-01 08:00:55,2,10,Primavera
108176,AMOXICILINA 500MG CAP CJAX100UND,PHARMA GENERICOS,0.0,1.0,0.25,2025-10-01 15:01:55,10,10,Primavera
108176,AMOXICILINA 500MG CAP CJAX100UND,PHARMA GENERICOS,0.0,10.0,2.5,2025-10-01 20:41:59,2,10,Primavera
108176,AMOXICILINA 500MG CAP CJAX100UND,PHARMA GENERICOS,0.0,9.0,2.25,2025-10-02 08:27:56,12,10,Primavera
108176,AMOXICILINA 500MG CAP CJAX100UND,PHARMA GENERICOS,0.0,20.0,5.0,2025-10-02 09:55:53,10,10,Primavera
108176,AMOXICILINA 500MG CAP CJAX100UND,PHARMA GENERICOS,0.0,10.0,2.5,2025-10-02 11:28:00,5,10,Primavera
108176,AMOXICILINA 500MG CAP CJAX100UND,PHARMA GENERICOS,0.0,10.0,2.5,2025-10-02 11:42:10,6,10,Primavera
108176,AMOXICILINA 500MG CAP CJAX100UND,PHARMA GENERICOS,1.0,0.0,25.0,2025-10-02 17:34:04,7,10,Primavera
108176,AMOXICILINA 500MG CAP CJAX100UND,PHARMA GENERICOS,0.0,10.0,2.5,2025-10-03 10:32:16,1,10,Primavera
108176,AMOXICILINA 500MG CAP CJAX100UND,PHARMA GENERICOS,0.0,5.0,1.25,2025-10-03 10:53:36,10,10,Primavera
108176,AMOXICILINA 500MG CAP CJAX100UND,PHARMA GENERICOS,0.0,10.0,2.5,2025-10-03 15:49:13,1,10,Primavera
108176,AMOXICILINA 500MG CAP CJAX100UND,PHARMA GENERICOS,0.0,10.0,2.5,2025-10-03 16:29:22,5,10,Primavera
108176,AMOXICILINA 500MG CAP CJAX100UND,PHARMA GENERICOS,0.0,10.0,2.5,2025-10-03 16:51:04,8,10,Primavera
108176,AMOXICILINA 500MG CAP CJAX100UND,PHARMA GENERICOS,0.0,10.0,2.5,2025-10-03 17:38:19,10,10,Primavera
108176,AMOXICILINA 500MG CAP CJAX100UND,PHARMA GENERICOS,0.0,10.0,2.5,2025-10-04 08:10:51,7,10,Primavera
108176,AMOXICILINA 500MG CAP CJAX100UND,PHARMA GENERICOS,0.0,10.0,2.5,2025-10-04 09:30:42,2,10,Primavera
108176,AMOXICILINA 500MG CAP CJAX100UND,PHARMA GENERICOS,0.0,10.0,2.5,2025-10-04 15:03:54,2,10,Primavera
108176,AMOXICILINA 500MG CAP CJAX100UND,PHARMA GENERICOS,0.0,20.0,5.0,2025-10-04 15:39:58,16,10,Primavera
108176,AMOXICILINA 500MG CAP CJAX100UND,PHARMA GENERICOS,0.0,10.0,2.5,2025-10-05 09:17:18,2,10,Primavera
108176,AMOXICILINA 500MG CAP CJAX100UND,PHARMA GENERICOS,0.0,10.0,2.5,2025-10-05 13:30:48,11,10,Primavera
108176,AMOXICILINA 500MG CAP CJAX100UND,PHARMA GENERICOS,0.0,10.0,2.5,2025-10-05 18:19:09,6,10,Primavera
108176,AMOXICILINA 500MG CAP CJAX100UND,PHARMA GENERICOS,0.0,10.0,2.5,2025-10-05 19:35:32,7,10,Primavera
108176,AMOXICILINA 500MG CAP CJAX100UND,PHARMA GENERICOS,0.0,10.0,2.5,2025-10-05 20:50:24,7,10,Primavera
108176,AMOXICILINA 500MG CAP CJAX100UND,PHARMA GENERICOS,0.0,10.0,2.5,2025-10-06 14:08:05,5,10,Primavera
108176,AMOXICILINA 500MG CAP CJAX100UND,PHARMA GENERICOS,0.0,10.0,2.5,2025-10-06 21:23:54,11,10,Primavera
108176,AMOXICILINA 500MG CAP CJAX100UND,PHARMA GENERICOS,0.0,10.0,2.5,2025-10-07 07:22:57,5,10,Primavera
108176,AMOXICILINA 500MG CAP CJAX100UND,PHARMA GENERICOS,0.0,10.0,2.5,2025-10-07 12:24:44,1,10,Primavera
108176,AMOXICILINA 500MG CAP CJAX100UND,PHARMA GENERICOS,0.0,10.0,2.5,2025-10-07 13:11:33,2,10,Primavera
108176,AMOXICILINA 500MG CAP CJAX100UND,PHARMA GENERICOS,0.0,10.0,2.5,2025-10-07 17:53:15,7,10,Primavera
108176,AMOXICILINA 500MG CAP CJAX100UND,PHARMA GENERICOS,0.0,10.0,2.5,2025-10-07 18:20:34,1,10,Primavera
108176,AMOXICILINA 500MG CAP CJAX100UND,PHARMA GENERICOS,0.0,10.0,2.5,2025-10-07 18:28:07,1,10,Primavera
108176,AMOXICILINA 500MG CAP CJAX100UND,PHARMA GENERICOS,0.0,10.0,2.5,2025-10-07 18:53:16,1,10,Primavera
108176,AMOXICILINA 500MG CAP CJAX100UND,PHARMA GENERICOS,0.0,10.0,2.5,2025-10-07 20:07:35,2,10,Primavera
108176,AMOXICILINA 500MG CAP CJAX100UND,PHARMA GENERICOS,2.0,0.0,50.0,2025-10-07 20:09:01,3,10,Primavera
108176,AMOXICILINA 500MG CAP CJAX100UND,PHARMA GENERICOS,0.0,10.0,2.5,2025-10-07 20:20:18,5,10,Primavera
108176,AMOXICILINA 500MG CAP CJAX100UND,PHARMA GENERICOS,0.0,10.0,2.5,2025-10-07 20:40:29,2,10,Primavera
108176,AMOXICILINA 500MG CAP CJAX100UND,PHARMA GENERICOS,0.0,10.0,2.5,2025-10-08 21:49:38,12,10,Primavera
108176,AMOXICILINA 500MG CAP CJAX100UND,PHARMA GENERICOS,0.0,10.0,2.5,2025-10-08 21:53:17,5,10,Primavera
108176,AMOXICILINA 500MG CAP CJAX100UND,PHARMA GENERICOS,0.0,10.0,2.5,2025-10-09 08:33:28,9,10,Primavera
108176,AMOXICILINA 500MG CAP CJAX100UND,PHARMA GENERICOS,0.0,10.0,2.5,2025-10-09 08:40:11,7,10,Primavera
108176,AMOXICILINA 500MG CAP CJAX100UND,PHARMA GENERICOS,0.0,10.0,2.5,2025-10-09 08:49:35,7,10,Primavera
108176,AMOXICILINA 500MG CAP CJAX100UND,PHARMA GENERICOS,0.0,10.0,2.5,2025-10-09 11:17:34,1,10,Primavera
108176,AMOXICILINA 500MG CAP CJAX100UND,PHARMA GENERICOS,0.0,30.0,7.5,2025-10-09 12:13:49,1,10,Primavera
108176,AMOXICILINA 500MG CAP CJAX100UND,PHARMA GENERICOS,0.0,10.0,2.5,2025-10-09 17:26:41,8,10,Primavera
108176,AMOXICILINA 500MG CAP CJAX100UND,PHARMA GENERICOS,0.0,10.0,2.5,2025-10-09 17:33:59,9,10,Primavera
108176,AMOXICILINA 500MG CAP CJAX100UND,PHARMA GENERICOS,0.0,40.0,10.0,2025-10-09 21:58:21,5,10,Primavera
108176,AMOXICILINA 500MG CAP CJAX100UND,PHARMA GENERICOS,1.0,0.0,25.0,2025-10-10 12:08:01,1,10,Primavera
108176,AMOXICILINA 500MG CAP CJAX100UND,PHARMA GENERICOS,0.0,10.0,2.5,2025-10-10 18:49:38,2,10,Primavera
108176,AMOXICILINA 500MG CAP CJAX100UND,PHARMA GENERICOS,0.0,10.0,2.5,2025-10-10 23:22:43,5,10,Primavera
108176,AMOXICILINA 500MG CAP CJAX100UND,PHARMA GENERICOS,0.0,10.0,2.5,2025-10-11 09:37:45,11,10,Primavera
108176,AMOXICILINA 500MG CAP CJAX100UND,PHARMA GENERICOS,0.0,10.0,2.5,2025-10-11 13:12:54,5,10,Primavera
108176,AMOXICILINA 500MG CAP CJAX100UND,PHARMA GENERICOS,0.0,10.0,2.5,2025-10-11 13:33:04,9,10,Primavera
108176,AMOXICILINA 500MG CAP CJAX100UND,PHARMA GENERICOS,0.0,10.0,2.5,2025-10-11 17:08:04,6,10,Primavera
108176,AMOXICILINA 500MG CAP CJAX100UND,PHARMA GENERICOS,0.0,10.0,2.5,2025-10-11 17:51:09,8,10,Primavera
108176,AMOXICILINA 500MG CAP CJAX100UND,PHARMA GENERICOS,0.0,2.0,0.5,2025-10-11 18:17:55,9,10,Primavera
108176,AMOXICILINA 500MG CAP CJAX100UND,PHARMA GENERICOS,0.0,20.0,5.0,2025-10-11 18:44:07,2,10,Primavera
108176,AMOXICILINA 500MG CAP CJAX100UND,PHARMA GENERICOS,0.0,10.0,2.5,2025-10-11 19:09:58,3,10,Primavera
108176,AMOXICILINA 500MG CAP CJAX100UND,PHARMA GENERICOS,0.0,10.0,2.5,2025-10-11 20:09:59,6,10,Primavera
108176,AMOXICILINA 500MG CAP CJAX100UND,PHARMA GENERICOS,0.0,10.0,2.5,2025-10-11 20:21:36,7,10,Primavera
108176,AMOXICILINA 500MG CAP CJAX100UND,PHARMA GENERICOS,0.0,10.0,2.5,2025-10-11 20:40:26,8,10,Primavera
108176,AMOXICILINA 500MG CAP CJAX100UND,PHARMA GENERICOS,0.0,20.0,5.0,2025-10-12 11:28:31,2,10,Primavera
108176,AMOXICILINA 500MG CAP CJAX100UND,PHARMA GENERICOS,0.0,20.0,4.8,2025-10-12 12:53:13,2,10,Primavera
108176,AMOXICILINA 500MG CAP CJAX100UND,PHARMA GENERICOS,0.0,10.0,2.5,2025-10-12 13:20:08,2,10,Primavera
108176,AMOXICILINA 500MG CAP CJAX100UND,PHARMA GENERICOS,0.0,10.0,2.5,2025-10-12 15:28:35,9,10,Primavera
108176,AMOXICILINA 500MG CAP CJAX100UND,PHARMA GENERICOS,0.0,10.0,2.5,2025-10-12 18:21:51,11,10,Primavera
108176,AMOXICILINA 500MG CAP CJAX100UND,PHARMA GENERICOS,0.0,10.0,2.5,2025-10-12 18:29:50,2,10,Primavera
108176,AMOXICILINA 500MG CAP CJAX100UND,PHARMA GENERICOS,0.0,10.0,2.5,2025-10-12 20:05:12,5,10,Primavera
108176,AMOXICILINA 500MG CAP CJAX100UND,PHARMA GENERICOS,0.0,10.0,2.5,2025-10-13 07:16:36,2,10,Primavera
108176,AMOXICILINA 500MG CAP CJAX100UND,PHARMA GENERICOS,0.0,10.0,2.5,2025-10-13 09:51:24,5,10,Primavera
108176,AMOXICILINA 500MG CAP CJAX100UND,PHARMA GENERICOS,0.0,10.0,2.5,2025-10-13 11:26:03,9,10,Primavera
108176,AMOXICILINA 500MG CAP CJAX100UND,PHARMA GENERICOS,0.0,1.0,0.25,2025-10-13 12:05:55,9,10,Primavera
108176,AMOXICILINA 500MG CAP CJAX100UND,PHARMA GENERICOS,0.0,10.0,2.5,2025-10-13 16:01:07,9,10,Primavera
108176,AMOXICILINA 500MG CAP CJAX100UND,PHARMA GENERICOS,0.0,10.0,2.5,2025-10-13 17:20:56,2,10,Primavera
108176,AMOXICILINA 500MG CAP CJAX100UND,PHARMA GENERICOS,0.0,10.0,2.5,2025-10-13 19:06:52,2,10,Primavera
108176,AMOXICILINA 500MG CAP CJAX100UND,PHARMA GENERICOS,0.0,10.0,2.5,2025-10-13 20:15:27,7,10,Primavera
108176,AMOXICILINA 500MG CAP CJAX100UND,PHARMA GENERICOS,0.0,10.0,2.5,2025-10-13 20:21:31,7,10,Primavera
108176,AMOXICILINA 500MG CAP CJAX100UND,PHARMA GENERICOS,0.0,10.0,2.5,2025-10-13 20:30:19,9,10,Primavera
108176,AMOXICILINA 500MG CAP CJAX100UND,PHARMA GENERICOS,0.0,10.0,2.5,2025-10-13 22:12:04,4,10,Primavera
108176,AMOXICILINA 500MG CAP CJAX100UND,PHARMA GENERICOS,0.0,1.0,0.25,2025-10-14 08:09:01,12,10,Primavera
108176,AMOXICILINA 500MG CAP CJAX100UND,PHARMA GENERICOS,0.0,5.0,1.25,2025-10-14 13:00:31,6,10,Primavera
108176,AMOXICILINA 500MG CAP CJAX100UND,PHARMA GENERICOS,0.0,10.0,2.5,2025-10-14 14:11:49,5,10,Primavera
108176,AMOXICILINA 500MG CAP CJAX100UND,PHARMA GENERICOS,0.0,10.0,2.5,2025-10-14 14:54:42,9,10,Primavera
108176,AMOXICILINA 500MG CAP CJAX100UND,PHARMA GENERICOS,0.0,15.0,3.75,2025-10-14 16:42:56,11,10,Primavera
108176,AMOXICILINA 500MG CAP CJAX100UND,PHARMA GENERICOS,0.0,10.0,2.5,2025-10-14 17:40:47,9,10,Primavera
108176,AMOXICILINA 500MG CAP CJAX100UND,PHARMA GENERICOS,0.0,10.0,2.5,2025-10-14 19:39:07,9,10,Primavera
108176,AMOXICILINA 500MG CAP CJAX100UND,PHARMA GENERICOS,0.0,10.0,2.5,2025-10-14 19:46:04,1,10,Primavera
108176,AMOXICILINA 500MG CAP CJAX100UND,PHARMA GENERICOS,0.0,10.0,2.5,2025-10-14 20:01:38,11,10,Primavera
108176,AMOXICILINA 500MG CAP CJAX100UND,PHARMA GENERICOS,0.0,5.0,1.25,2025-10-15 09:45:01,12,10,Primavera
108176,AMOXICILINA 500MG CAP CJAX100UND,PHARMA GENERICOS,2.0,0.0,50.0,2025-10-15 10:09:59,2,10,Primavera
108176,AMOXICILINA 500MG CAP CJAX100UND,PHARMA GENERICOS,-2.0,0.0,-50.0,2025-10-15 10:10:22,2,10,Primavera
108176,AMOXICILINA 500MG CAP CJAX100UND,PHARMA GENERICOS,2.0,0.0,50.0,2025-10-15 10:11:57,2,10,Primavera
108176,AMOXICILINA 500MG CAP CJAX100UND,PHARMA GENERICOS,0.0,20.0,5.0,2025-10-15 11:19:24,6,10,Primavera
108176,AMOXICILINA 500MG CAP CJAX100UND,PHARMA GENERICOS,0.0,3.0,0.75,2025-10-15 13:43:18,7,10,Primavera
108176,AMOXICILINA 500MG CAP CJAX100UND,PHARMA GENERICOS,0.0,10.0,2.5,2025-10-15 17:58:09,2,10,Primavera
108176,AMOXICILINA 500MG CAP CJAX100UND,PHARMA GENERICOS,0.0,10.0,2.5,2025-10-15 20:17:07,9,10,Primavera
108176,AMOXICILINA 500MG CAP CJAX100UND,PHARMA GENERICOS,0.0,15.0,3.75,2025-10-15 21:00:07,9,10,Primavera
108176,AMOXICILINA 500MG CAP CJAX100UND,PHARMA GENERICOS,0.0,10.0,2.5,2025-10-15 22:04:26,9,10,Primavera
108176,AMOXICILINA 500MG CAP CJAX100UND,PHARMA GENERICOS,0.0,10.0,2.5,2025-10-16 16:53:06,11,10,Primavera
108176,AMOXICILINA 500MG CAP CJAX100UND,PHARMA GENERICOS,0.0,10.0,2.5,2025-10-16 17:56:02,9,10,Primavera
108176,AMOXICILINA 500MG CAP CJAX100UND,PHARMA GENERICOS,0.0,10.0,2.5,2025-10-16 18:03:13,2,10,Primavera
108176,AMOXICILINA 500MG CAP CJAX100UND,PHARMA GENERICOS,0.0,10.0,2.5,2025-10-16 20:12:32,9,10,Primavera
108176,AMOXICILINA 500MG CAP CJAX100UND,PHARMA GENERICOS,0.0,10.0,2.5,2025-10-16 20:26:26,5,10,Primavera
108176,AMOXICILINA 500MG CAP CJAX100UND,PHARMA GENERICOS,0.0,10.0,2.5,2025-10-17 10:50:36,16,10,Primavera
108176,AMOXICILINA 500MG CAP CJAX100UND,PHARMA GENERICOS,0.0,5.0,1.25,2025-10-17 12:32:08,12,10,Primavera
108176,AMOXICILINA 500MG CAP CJAX100UND,PHARMA GENERICOS,0.0,10.0,2.5,2025-10-17 13:47:37,6,10,Primavera
108176,AMOXICILINA 500MG CAP CJAX100UND,PHARMA GENERICOS,0.0,10.0,2.5,2025-10-17 15:40:30,5,10,Primavera
108176,AMOXICILINA 500MG CAP CJAX100UND,PHARMA GENERICOS,0.0,10.0,2.5,2025-10-17 18:11:59,7,10,Primavera
108176,AMOXICILINA 500MG CAP CJAX100UND,PHARMA GENERICOS,0.0,10.0,2.5,2025-10-17 19:27:04,2,10,Primavera
108176,AMOXICILINA 500MG CAP CJAX100UND,PHARMA GENERICOS,0.0,10.0,2.5,2025-10-17 20:36:20,2,10,Primavera
108176,AMOXICILINA 500MG CAP CJAX100UND,PHARMA GENERICOS,0.0,20.0,5.0,2025-10-17 23:16:36,5,10,Primavera
108176,AMOXICILINA 500MG CAP CJAX100UND,PHARMA GENERICOS,0.0,10.0,2.5,2025-10-18 11:27:30,5,10,Primavera
108176,AMOXICILINA 500MG CAP CJAX100UND,PHARMA GENERICOS,0.0,10.0,2.5,2025-10-18 13:43:41,4,10,Primavera
108176,AMOXICILINA 500MG CAP CJAX100UND,PHARMA GENERICOS,0.0,10.0,2.5,2025-10-18 19:33:12,3,10,Primavera
108176,AMOXICILINA 500MG CAP CJAX100UND,PHARMA GENERICOS,0.0,10.0,2.5,2025-10-18 20:01:01,2,10,Primavera
108176,AMOXICILINA 500MG CAP CJAX100UND,PHARMA GENERICOS,0.0,10.0,2.5,2025-10-19 17:05:06,9,10,Primavera
108176,AMOXICILINA 500MG CAP CJAX100UND,PHARMA GENERICOS,0.0,10.0,2.5,2025-10-20 08:29:37,2,10,Primavera
108176,AMOXICILINA 500MG CAP CJAX100UND,PHARMA GENERICOS,0.0,15.0,3.75,2025-10-20 09:05:51,4,10,Primavera
108176,AMOXICILINA 500MG CAP CJAX100UND,PHARMA GENERICOS,0.0,20.0,5.0,2025-10-20 10:10:07,2,10,Primavera
108176,AMOXICILINA 500MG CAP CJAX100UND,PHARMA GENERICOS,0.0,10.0,2.5,2025-10-20 10:49:31,12,10,Primavera
108176,AMOXICILINA 500MG CAP CJAX100UND,PHARMA GENERICOS,0.0,10.0,2.5,2025-10-20 19:45:49,9,10,Primavera
108176,AMOXICILINA 500MG CAP CJAX100UND,PHARMA GENERICOS,0.0,20.0,5.0,2025-10-20 20:11:28,4,10,Primavera
108176,AMOXICILINA 500MG CAP CJAX100UND,PHARMA GENERICOS,1.0,0.0,25.0,2025-10-20 21:16:15,5,10,Primavera
108176,AMOXICILINA 500MG CAP CJAX100UND,PHARMA GENERICOS,0.0,10.0,2.5,2025-10-21 10:37:26,12,10,Primavera
108176,AMOXICILINA 500MG CAP CJAX100UND,PHARMA GENERICOS,0.0,10.0,2.5,2025-10-21 10:58:52,2,10,Primavera
108176,AMOXICILINA 500MG CAP CJAX100UND,PHARMA GENERICOS,0.0,10.0,2.5,2025-10-21 13:08:39,3,10,Primavera
108176,AMOXICILINA 500MG CAP CJAX100UND,PHARMA GENERICOS,0.0,20.0,5.0,2025-10-21 15:41:11,5,10,Primavera
108176,AMOXICILINA 500MG CAP CJAX100UND,PHARMA GENERICOS,0.0,20.0,5.0,2025-10-21 16:06:28,4,10,Primavera
108176,AMOXICILINA 500MG CAP CJAX100UND,PHARMA GENERICOS,0.0,20.0,5.0,2025-10-21 16:09:46,4,10,Primavera
108176,AMOXICILINA 500MG CAP CJAX100UND,PHARMA GENERICOS,0.0,10.0,2.5,2025-10-21 18:52:07,12,10,Primavera
108176,AMOXICILINA 500MG CAP CJAX100UND,PHARMA GENERICOS,0.0,10.0,2.5,2025-10-21 19:26:38,3,10,Primavera
108176,AMOXICILINA 500MG CAP CJAX100UND,PHARMA GENERICOS,0.0,30.0,7.5,2025-10-22 12:53:36,2,10,Primavera
108176,AMOXICILINA 500MG CAP CJAX100UND,PHARMA GENERICOS,0.0,10.0,2.5,2025-10-23 11:14:13,2,10,Primavera
108176,AMOXICILINA 500MG CAP CJAX100UND,PHARMA GENERICOS,0.0,10.0,2.5,2025-10-23 14:06:46,9,10,Primavera
108176,AMOXICILINA 500MG CAP CJAX100UND,PHARMA GENERICOS,0.0,10.0,2.5,2025-10-24 07:53:43,2,10,Primavera
108176,AMOXICILINA 500MG CAP CJAX100UND,PHARMA GENERICOS,0.0,10.0,2.5,2025-10-24 11:18:40,16,10,Primavera
108176,AMOXICILINA 500MG CAP CJAX100UND,PHARMA GENERICOS,0.0,10.0,2.5,2025-10-24 16:39:07,9,10,Primavera
108176,AMOXICILINA 500MG CAP CJAX100UND,PHARMA GENERICOS,0.0,10.0,2.5,2025-10-24 19:02:53,1,10,Primavera
108176,AMOXICILINA 500MG CAP CJAX100UND,PHARMA GENERICOS,0.0,15.0,3.75,2025-10-24 19:10:11,7,10,Primavera
108176,AMOXICILINA 500MG CAP CJAX100UND,PHARMA GENERICOS,0.0,10.0,2.5,2025-10-24 20:31:29,1,10,Primavera
108176,AMOXICILINA 500MG CAP CJAX100UND,PHARMA GENERICOS,0.0,20.0,5.0,2025-10-24 22:19:01,7,10,Primavera
108176,AMOXICILINA 500MG CAP CJAX100UND,PHARMA GENERICOS,0.0,10.0,2.4,2025-10-25 13:29:41,1,10,Primavera
108176,AMOXICILINA 500MG CAP CJAX100UND,PHARMA GENERICOS,10.0,0.0,250.0,2025-10-25 14:46:15,3,10,Primavera
108176,AMOXICILINA 500MG CAP CJAX100UND,PHARMA GENERICOS,0.0,10.0,2.5,2025-10-25 16:18:43,11,10,Primavera
108176,AMOXICILINA 500MG CAP CJAX100UND,PHARMA GENERICOS,0.0,5.0,1.25,2025-10-25 19:42:40,12,10,Primavera
108176,AMOXICILINA 500MG CAP CJAX100UND,PHARMA GENERICOS,0.0,10.0,2.5,2025-10-25 19:50:11,12,10,Primavera
108176,AMOXICILINA 500MG CAP CJAX100UND,PHARMA GENERICOS,0.0,10.0,2.5,2025-10-25 20:15:40,13,10,Primavera
108176,AMOXICILINA 500MG CAP CJAX100UND,PHARMA GENERICOS,0.0,10.0,2.4,2025-10-25 20:18:55,12,10,Primavera
108176,AMOXICILINA 500MG CAP CJAX100UND,PHARMA GENERICOS,0.0,10.0,2.5,2025-10-26 11:26:58,11,10,Primavera
108176,AMOXICILINA 500MG CAP CJAX100UND,PHARMA GENERICOS,0.0,10.0,2.5,2025-10-26 18:41:13,3,10,Primavera
108176,AMOXICILINA 500MG CAP CJAX100UND,PHARMA GENERICOS,0.0,10.0,2.5,2025-10-26 18:51:12,3,10,Primavera
108176,AMOXICILINA 500MG CAP CJAX100UND,PHARMA GENERICOS,0.0,20.0,5.0,2025-10-26 18:52:55,2,10,Primavera
108176,AMOXICILINA 500MG CAP CJAX100UND,PHARMA GENERICOS,0.0,10.0,2.5,2025-10-26 19:35:54,12,10,Primavera
108176,AMOXICILINA 500MG CAP CJAX100UND,PHARMA GENERICOS,0.0,10.0,2.5,2025-10-26 20:29:27,7,10,Primavera
108176,AMOXICILINA 500MG CAP CJAX100UND,PHARMA GENERICOS,0.0,10.0,2.5,2025-10-27 11:47:21,5,10,Primavera
108176,AMOXICILINA 500MG CAP CJAX100UND,PHARMA GENERICOS,0.0,10.0,2.5,2025-10-27 22:01:23,3,10,Primavera
108176,AMOXICILINA 500MG CAP CJAX100UND,PHARMA GENERICOS,0.0,10.0,2.5,2025-10-28 10:36:28,6,10,Primavera
108176,AMOXICILINA 500MG CAP CJAX100UND,PHARMA GENERICOS,0.0,10.0,2.5,2025-10-28 12:49:52,12,10,Primavera
108176,AMOXICILINA 500MG CAP CJAX100UND,PHARMA GENERICOS,0.0,2.0,0.5,2025-10-28 12:58:55,9,10,Primavera
108176,AMOXICILINA 500MG CAP CJAX100UND,PHARMA GENERICOS,0.0,10.0,2.5,2025-10-28 14:31:24,6,10,Primavera
108176,AMOXICILINA 500MG CAP CJAX100UND,PHARMA GENERICOS,0.0,10.0,2.5,2025-10-28 19:25:03,3,10,Primavera
108176,AMOXICILINA 500MG CAP CJAX100UND,PHARMA GENERICOS,0.0,10.0,2.5,2025-10-28 20:19:52,11,10,Primavera
108176,AMOXICILINA 500MG CAP CJAX100UND,PHARMA GENERICOS,0.0,10.0,2.5,2025-10-28 20:23:04,2,10,Primavera
108176,AMOXICILINA 500MG CAP CJAX100UND,PHARMA GENERICOS,0.0,2.0,0.5,2025-10-28 22:39:08,5,10,Primavera
108176,AMOXICILINA 500MG CAP CJAX100UND,PHARMA GENERICOS,0.0,4.0,1.0,2025-10-29 08:46:17,11,10,Primavera
108176,AMOXICILINA 500MG CAP CJAX100UND,PHARMA GENERICOS,0.0,10.0,2.5,2025-10-29 13:55:27,4,10,Primavera
108176,AMOXICILINA 500MG CAP CJAX100UND,PHARMA GENERICOS,0.0,10.0,2.5,2025-10-29 18:26:25,13,10,Primavera
108176,AMOXICILINA 500MG CAP CJAX100UND,PHARMA GENERICOS,0.0,10.0,2.4,2025-10-29 19:21:52,2,10,Primavera
108176,AMOXICILINA 500MG CAP CJAX100UND,PHARMA GENERICOS,0.0,10.0,2.5,2025-10-30 10:29:17,6,10,Primavera
108176,AMOXICILINA 500MG CAP CJAX100UND,PHARMA GENERICOS,0.0,10.0,2.5,2025-10-30 10:37:51,1,10,Primavera
108176,AMOXICILINA 500MG CAP CJAX100UND,PHARMA GENERICOS,-10.0,0.0,-250.0,2025-10-30 12:00:00,3,10,Primavera
108176,AMOXICILINA 500MG CAP CJAX100UND,PHARMA GENERICOS,0.0,10.0,2.5,2025-10-30 15:53:17,7,10,Primavera
108176,AMOXICILINA 500MG CAP CJAX100UND,PHARMA GENERICOS,0.0,10.0,2.5,2025-10-30 17:13:14,7,10,Primavera
108176,AMOXICILINA 500MG CAP CJAX100UND,PHARMA GENERICOS,0.0,10.0,2.5,2025-10-30 17:39:31,5,10,Primavera
108176,AMOXICILINA 500MG CAP CJAX100UND,PHARMA GENERICOS,0.0,10.0,2.5,2025-10-30 18:37:31,7,10,Primavera
108176,AMOXICILINA 500MG CAP CJAX100UND,PHARMA GENERICOS,0.0,20.0,5.0,2025-10-30 18:53:37,5,10,Primavera
108176,AMOXICILINA 500MG CAP CJAX100UND,PHARMA GENERICOS,0.0,10.0,2.5,2025-10-30 20:35:54,7,10,Primavera
108176,AMOXICILINA 500MG CAP CJAX100UND,PHARMA GENERICOS,0.0,10.0,2.5,2025-10-30 21:57:54,2,10,Primavera
108176,AMOXICILINA 500MG CAP CJAX100UND,PHARMA GENERICOS,0.0,10.0,2.5,2025-10-30 22:06:59,3,10,Primavera
108176,AMOXICILINA 500MG CAP CJAX100UND,PHARMA GENERICOS,0.0,10.0,2.5,2025-10-31 20:19:32,5,10,Primavera
108176,AMOXICILINA 500MG CAP CJAX100UND,PHARMA GENERICOS,0.0,10.0,2.5,2025-10-31 23:16:15,4,10,Primavera
108176,AMOXICILINA 500MG CAP CJAX100UND,PHARMA GENERICOS,0.0,1.0,0.25,2025-11-01 16:47:47,3,11,Primavera
108176,AMOXICILINA 500MG CAP CJAX100UND,PHARMA GENERICOS,0.0,10.0,2.5,2025-11-01 19:15:08,5,11,Primavera
108176,AMOXICILINA 500MG CAP CJAX100UND,PHARMA GENERICOS,0.0,10.0,2.5,2025-11-01 21:00:27,12,11,Primavera
108176,AMOXICILINA 500MG CAP CJAX100UND,PHARMA GENERICOS,0.0,15.0,3.75,2025-11-01 21:58:43,5,11,Primavera
108176,AMOXICILINA 500MG CAP CJAX100UND,PHARMA GENERICOS,0.0,10.0,2.4,2025-11-02 13:44:39,10,11,Primavera
108176,AMOXICILINA 500MG CAP CJAX100UND,PHARMA GENERICOS,0.0,10.0,2.4,2025-11-02 14:06:38,12,11,Primavera
108176,AMOXICILINA 500MG CAP CJAX100UND,PHARMA GENERICOS,0.0,10.0,2.5,2025-11-02 19:09:01,4,11,Primavera
108176,AMOXICILINA 500MG CAP CJAX100UND,PHARMA GENERICOS,0.0,10.0,2.5,2025-11-02 20:26:04,16,11,Primavera
108176,AMOXICILINA 500MG CAP CJAX100UND,PHARMA GENERICOS,0.0,-10.0,-2.5,2025-11-02 20:28:59,16,11,Primavera
108176,AMOXICILINA 500MG CAP CJAX100UND,PHARMA GENERICOS,0.0,10.0,2.5,2025-11-02 20:29:32,16,11,Primavera
108176,AMOXICILINA 500MG CAP CJAX100UND,PHARMA GENERICOS,0.0,10.0,2.5,2025-11-03 10:41:19,5,11,Primavera
108176,AMOXICILINA 500MG CAP CJAX100UND,PHARMA GENERICOS,0.0,20.0,4.8,2025-11-03 17:13:17,6,11,Primavera
108176,AMOXICILINA 500MG CAP CJAX100UND,PHARMA GENERICOS,0.0,20.0,5.0,2025-11-03 19:27:57,5,11,Primavera
108176,AMOXICILINA 500MG CAP CJAX100UND,PHARMA GENERICOS,0.0,10.0,2.5,2025-11-04 09:39:13,5,11,Primavera
108176,AMOXICILINA 500MG CAP CJAX100UND,PHARMA GENERICOS,0.0,10.0,2.5,2025-11-04 11:31:44,6,11,Primavera
108176,AMOXICILINA 500MG CAP CJAX100UND,PHARMA GENERICOS,0.0,10.0,2.5,2025-11-04 23:19:49,5,11,Primavera
108176,AMOXICILINA 500MG CAP CJAX100UND,PHARMA GENERICOS,0.0,10.0,2.5,2025-11-05 07:53:27,12,11,Primavera
108176,AMOXICILINA 500MG CAP CJAX100UND,PHARMA GENERICOS,0.0,30.0,7.5,2025-11-05 09:40:14,5,11,Primavera
108176,AMOXICILINA 500MG CAP CJAX100UND,PHARMA GENERICOS,0.0,10.0,2.5,2025-11-05 10:33:19,12,11,Primavera
108176,AMOXICILINA 500MG CAP CJAX100UND,PHARMA GENERICOS,0.0,10.0,2.5,2025-11-05 19:32:34,12,11,Primavera
108176,AMOXICILINA 500MG CAP CJAX100UND,PHARMA GENERICOS,0.0,10.0,2.5,2025-11-06 11:40:10,5,11,Primavera
108176,AMOXICILINA 500MG CAP CJAX100UND,PHARMA GENERICOS,0.0,10.0,2.5,2025-11-06 19:39:20,3,11,Primavera
108176,AMOXICILINA 500MG CAP CJAX100UND,PHARMA GENERICOS,0.0,10.0,2.5,2025-11-07 13:20:51,7,11,Primavera
108176,AMOXICILINA 500MG CAP CJAX100UND,PHARMA GENERICOS,0.0,20.0,5.0,2025-11-07 13:21:08,5,11,Primavera
108176,AMOXICILINA 500MG CAP CJAX100UND,PHARMA GENERICOS,0.0,10.0,2.5,2025-11-07 21:07:10,8,11,Primavera
108176,AMOXICILINA 500MG CAP CJAX100UND,PHARMA GENERICOS,0.0,10.0,2.5,2025-11-08 10:59:08,5,11,Primavera
108176,AMOXICILINA 500MG CAP CJAX100UND,PHARMA GENERICOS,0.0,10.0,2.5,2025-11-08 19:28:33,8,11,Primavera
108176,AMOXICILINA 500MG CAP CJAX100UND,PHARMA GENERICOS,0.0,10.0,2.5,2025-11-08 23:22:53,7,11,Primavera
108176,AMOXICILINA 500MG CAP CJAX100UND,PHARMA GENERICOS,0.0,10.0,2.5,2025-11-09 11:10:05,6,11,Primavera
108176,AMOXICILINA 500MG CAP CJAX100UND,PHARMA GENERICOS,0.0,10.0,2.5,2025-11-09 20:02:48,7,11,Primavera
108176,AMOXICILINA 500MG CAP CJAX100UND,PHARMA GENERICOS,0.0,10.0,2.5,2025-11-11 10:09:20,4,11,Primavera
108176,AMOXICILINA 500MG CAP CJAX100UND,PHARMA GENERICOS,0.0,10.0,2.5,2025-11-11 11:03:39,6,11,Primavera
108176,AMOXICILINA 500MG CAP CJAX100UND,PHARMA GENERICOS,0.0,10.0,2.5,2025-11-11 17:41:44,7,11,Primavera
108176,AMOXICILINA 500MG CAP CJAX100UND,PHARMA GENERICOS,0.0,4.0,1.0,2025-11-11 17:52:38,5,11,Primavera
108176,AMOXICILINA 500MG CAP CJAX100UND,PHARMA GENERICOS,0.0,10.0,2.5,2025-11-11 19:36:02,8,11,Primavera
108176,AMOXICILINA 500MG CAP CJAX100UND,PHARMA GENERICOS,0.0,10.0,2.5,2025-11-12 13:11:21,5,11,Primavera
108176,AMOXICILINA 500MG CAP CJAX100UND,PHARMA GENERICOS,0.0,10.0,2.5,2025-11-12 13:14:15,12,11,Primavera
108176,AMOXICILINA 500MG CAP CJAX100UND,PHARMA GENERICOS,0.0,4.0,1.0,2025-11-12 13:18:06,13,11,Primavera
108176,AMOXICILINA 500MG CAP CJAX100UND,PHARMA GENERICOS,0.0,10.0,2.5,2025-11-12 20:41:29,3,11,Primavera
108176,AMOXICILINA 500MG CAP CJAX100UND,PHARMA GENERICOS,0.0,1000.0,250.0,2025-11-13 15:19:24,3,11,Primavera
108176,AMOXICILINA 500MG CAP CJAX100UND,PHARMA GENERICOS,0.0,10.0,2.5,2025-11-13 17:03:19,12,11,Primavera
108176,AMOXICILINA 500MG CAP CJAX100UND,PHARMA GENERICOS,0.0,10.0,2.5,2025-11-13 18:04:25,8,11,Primavera
108176,AMOXICILINA 500MG CAP CJAX100UND,PHARMA GENERICOS,0.0,5.0,1.25,2025-11-13 21:52:06,4,11,Primavera
108176,AMOXICILINA 500MG CAP CJAX100UND,PHARMA GENERICOS,0.0,-5.0,-1.25,2025-11-13 21:53:40,4,11,Primavera
108176,AMOXICILINA 500MG CAP CJAX100UND,PHARMA GENERICOS,0.0,10.0,2.5,2025-11-14 08:48:43,7,11,Primavera
108176,AMOXICILINA 500MG CAP CJAX100UND,PHARMA GENERICOS,0.0,10.0,2.5,2025-11-14 15:49:37,7,11,Primavera
108176,AMOXICILINA 500MG CAP CJAX100UND,PHARMA GENERICOS,0.0,10.0,2.5,2025-11-14 21:56:14,7,11,Primavera
108176,AMOXICILINA 500MG CAP CJAX100UND,PHARMA GENERICOS,0.0,20.0,5.0,2025-11-15 09:00:27,12,11,Primavera
108176,AMOXICILINA 500MG CAP CJAX100UND,PHARMA GENERICOS,0.0,4.0,1.0,2025-11-15 13:25:09,13,11,Primavera
108176,AMOXICILINA 500MG CAP CJAX100UND,PHARMA GENERICOS,0.0,10.0,2.5,2025-11-15 19:53:33,4,11,Primavera
108176,AMOXICILINA 500MG CAP CJAX100UND,PHARMA GENERICOS,0.0,20.0,5.0,2025-11-15 20:04:31,3,11,Primavera
108176,AMOXICILINA 500MG CAP CJAX100UND,PHARMA GENERICOS,0.0,20.0,5.0,2025-11-15 20:31:48,3,11,Primavera
108176,AMOXICILINA 500MG CAP CJAX100UND,PHARMA GENERICOS,0.0,10.0,2.5,2025-11-16 09:25:44,6,11,Primavera
108176,AMOXICILINA 500MG CAP CJAX100UND,PHARMA GENERICOS,0.0,10.0,2.5,2025-11-16 10:02:01,3,11,Primavera
108176,AMOXICILINA 500MG CAP CJAX100UND,PHARMA GENERICOS,0.0,10.0,2.5,2025-11-16 10:45:32,3,11,Primavera
108176,AMOXICILINA 500MG CAP CJAX100UND,PHARMA GENERICOS,0.0,10.0,2.5,2025-11-16 14:06:23,3,11,Primavera
108176,AMOXICILINA 500MG CAP CJAX100UND,PHARMA GENERICOS,0.0,10.0,2.5,2025-11-16 19:32:38,5,11,Primavera
108176,AMOXICILINA 500MG CAP CJAX100UND,PHARMA GENERICOS,0.0,10.0,2.5,2025-11-17 12:46:49,3,11,Primavera
108176,AMOXICILINA 500MG CAP CJAX100UND,PHARMA GENERICOS,0.0,10.0,2.5,2025-11-17 14:08:03,5,11,Primavera
108176,AMOXICILINA 500MG CAP CJAX100UND,PHARMA GENERICOS,0.0,2.0,0.5,2025-11-17 16:02:43,7,11,Primavera
108176,AMOXICILINA 500MG CAP CJAX100UND,PHARMA GENERICOS,0.0,10.0,2.5,2025-11-17 20:12:35,3,11,Primavera
108176,AMOXICILINA 500MG CAP CJAX100UND,PHARMA GENERICOS,0.0,10.0,2.5,2025-11-18 09:11:09,5,11,Primavera
108176,AMOXICILINA 500MG CAP CJAX100UND,PHARMA GENERICOS,0.0,10.0,2.5,2025-11-18 15:05:30,7,11,Primavera
108176,AMOXICILINA 500MG CAP CJAX100UND,PHARMA GENERICOS,0.0,10.0,2.5,2025-11-18 16:30:57,12,11,Primavera
108176,AMOXICILINA 500MG CAP CJAX100UND,PHARMA GENERICOS,0.0,10.0,2.5,2025-11-18 18:53:30,5,11,Primavera
108176,AMOXICILINA 500MG CAP CJAX100UND,PHARMA GENERICOS,0.0,10.0,2.5,2025-11-18 19:44:34,7,11,Primavera
108176,AMOXICILINA 500MG CAP CJAX100UND,PHARMA GENERICOS,0.0,10.0,2.4,2025-11-18 20:54:46,6,11,Primavera
108176,AMOXICILINA 500MG CAP CJAX100UND,PHARMA GENERICOS,0.0,13.0,3.25,2025-11-18 23:33:16,5,11,Primavera
108176,AMOXICILINA 500MG CAP CJAX100UND,PHARMA GENERICOS,0.0,10.0,2.5,2025-11-18 23:47:21,7,11,Primavera
108176,AMOXICILINA 500MG CAP CJAX100UND,PHARMA GENERICOS,0.0,10.0,2.5,2025-11-19 08:43:06,4,11,Primavera
108176,AMOXICILINA 500MG CAP CJAX100UND,PHARMA GENERICOS,0.0,20.0,5.0,2025-11-19 20:54:35,6,11,Primavera
108176,AMOXICILINA 500MG CAP CJAX100UND,PHARMA GENERICOS,0.0,10.0,2.5,2025-11-20 20:24:49,9,11,Primavera
108176,AMOXICILINA 500MG CAP CJAX100UND,PHARMA GENERICOS,0.0,20.0,5.0,2025-11-20 22:19:01,7,11,Primavera
108176,AMOXICILINA 500MG CAP CJAX100UND,PHARMA GENERICOS,0.0,10.0,2.5,2025-11-21 08:45:40,4,11,Primavera
108176,AMOXICILINA 500MG CAP CJAX100UND,PHARMA GENERICOS,0.0,10.0,2.5,2025-11-21 09:47:58,6,11,Primavera
108176,AMOXICILINA 500MG CAP CJAX100UND,PHARMA GENERICOS,0.0,10.0,2.5,2025-11-21 09:54:04,10,11,Primavera
108176,AMOXICILINA 500MG CAP CJAX100UND,PHARMA GENERICOS,0.0,10.0,2.5,2025-11-21 11:39:46,6,11,Primavera
108176,AMOXICILINA 500MG CAP CJAX100UND,PHARMA GENERICOS,0.0,10.0,2.5,2025-11-21 13:39:02,6,11,Primavera
108176,AMOXICILINA 500MG CAP CJAX100UND,PHARMA GENERICOS,0.0,10.0,2.5,2025-11-22 07:23:48,9,11,Primavera
108176,AMOXICILINA 500MG CAP CJAX100UND,PHARMA GENERICOS,0.0,10.0,2.5,2025-11-22 08:20:20,4,11,Primavera
108176,AMOXICILINA 500MG CAP CJAX100UND,PHARMA GENERICOS,0.0,10.0,2.5,2025-11-22 20:48:57,3,11,Primavera
108176,AMOXICILINA 500MG CAP CJAX100UND,PHARMA GENERICOS,0.0,10.0,2.5,2025-11-23 08:26:14,2,11,Primavera
108176,AMOXICILINA 500MG CAP CJAX100UND,PHARMA GENERICOS,0.0,10.0,2.5,2025-11-23 13:22:15,2,11,Primavera
108176,AMOXICILINA 500MG CAP CJAX100UND,PHARMA GENERICOS,0.0,10.0,2.5,2025-11-23 20:06:58,6,11,Primavera
108176,AMOXICILINA 500MG CAP CJAX100UND,PHARMA GENERICOS,0.0,2.0,0.5,2025-11-24 10:20:39,7,11,Primavera
108176,AMOXICILINA 500MG CAP CJAX100UND,PHARMA GENERICOS,0.0,10.0,2.5,2025-11-24 11:06:48,2,11,Primavera
108176,AMOXICILINA 500MG CAP CJAX100UND,PHARMA GENERICOS,0.0,10.0,2.5,2025-11-24 12:07:20,2,11,Primavera
108176,AMOXICILINA 500MG CAP CJAX100UND,PHARMA GENERICOS,0.0,10.0,2.5,2025-11-24 12:10:19,2,11,Primavera
108176,AMOXICILINA 500MG CAP CJAX100UND,PHARMA GENERICOS,0.0,-10.0,-2.5,2025-11-24 12:12:03,2,11,Primavera
108176,AMOXICILINA 500MG CAP CJAX100UND,PHARMA GENERICOS,0.0,20.0,5.0,2025-11-24 13:12:30,5,11,Primavera
108176,AMOXICILINA 500MG CAP CJAX100UND,PHARMA GENERICOS,0.0,10.0,2.5,2025-11-24 15:34:08,9,11,Primavera
108176,AMOXICILINA 500MG CAP CJAX100UND,PHARMA GENERICOS,0.0,10.0,2.5,2025-11-24 17:27:13,2,11,Primavera
108176,AMOXICILINA 500MG CAP CJAX100UND,PHARMA GENERICOS,0.0,10.0,2.5,2025-11-24 18:20:03,2,11,Primavera
108176,AMOXICILINA 500MG CAP CJAX100UND,PHARMA GENERICOS,0.0,10.0,2.5,2025-11-24 19:03:42,2,11,Primavera
108176,AMOXICILINA 500MG CAP CJAX100UND,PHARMA GENERICOS,0.0,10.0,2.5,2025-11-24 19:07:38,6,11,Primavera
108176,AMOXICILINA 500MG CAP CJAX100UND,PHARMA GENERICOS,0.0,10.0,2.5,2025-11-24 21:29:12,2,11,Primavera
108176,AMOXICILINA 500MG CAP CJAX100UND,PHARMA GENERICOS,0.0,2.0,0.5,2025-11-25 09:09:52,9,11,Primavera
108176,AMOXICILINA 500MG CAP CJAX100UND,PHARMA GENERICOS,0.0,6.0,1.5,2025-11-25 09:11:44,9,11,Primavera
108176,AMOXICILINA 500MG CAP CJAX100UND,PHARMA GENERICOS,0.0,10.0,2.5,2025-11-25 17:44:10,16,11,Primavera
108176,AMOXICILINA 500MG CAP CJAX100UND,PHARMA GENERICOS,0.0,30.0,7.5,2025-11-25 19:01:32,7,11,Primavera
108176,AMOXICILINA 500MG CAP CJAX100UND,PHARMA GENERICOS,0.0,10.0,2.5,2025-11-26 07:57:04,2,11,Primavera
108176,AMOXICILINA 500MG CAP CJAX100UND,PHARMA GENERICOS,0.0,10.0,2.5,2025-11-26 12:14:57,11,11,Primavera
108176,AMOXICILINA 500MG CAP CJAX100UND,PHARMA GENERICOS,0.0,10.0,2.5,2025-11-26 14:46:16,9,11,Primavera
108176,AMOXICILINA 500MG CAP CJAX100UND,PHARMA GENERICOS,0.0,10.0,2.5,2025-11-26 15:38:27,5,11,Primavera
108176,AMOXICILINA 500MG CAP CJAX100UND,PHARMA GENERICOS,0.0,10.0,2.5,2025-11-26 15:47:42,9,11,Primavera
108176,AMOXICILINA 500MG CAP CJAX100UND,PHARMA GENERICOS,0.0,10.0,2.5,2025-11-26 16:46:26,3,11,Primavera
108176,AMOXICILINA 500MG CAP CJAX100UND,PHARMA GENERICOS,0.0,10.0,2.5,2025-11-26 18:15:37,2,11,Primavera
108176,AMOXICILINA 500MG CAP CJAX100UND,PHARMA GENERICOS,0.0,5.0,1.25,2025-11-26 20:59:04,11,11,Primavera
108176,AMOXICILINA 500MG CAP CJAX100UND,PHARMA GENERICOS,0.0,20.0,5.0,2025-11-26 21:10:56,3,11,Primavera
108176,AMOXICILINA 500MG CAP CJAX100UND,PHARMA GENERICOS,0.0,10.0,2.5,2025-11-27 09:18:46,9,11,Primavera
108176,AMOXICILINA 500MG CAP CJAX100UND,PHARMA GENERICOS,0.0,10.0,2.5,2025-11-27 12:24:28,3,11,Primavera
108176,AMOXICILINA 500MG CAP CJAX100UND,PHARMA GENERICOS,0.0,10.0,2.5,2025-11-27 14:56:03,3,11,Primavera
108176,AMOXICILINA 500MG CAP CJAX100UND,PHARMA GENERICOS,0.0,10.0,2.5,2025-11-27 17:45:59,5,11,Primavera
108176,AMOXICILINA 500MG CAP CJAX100UND,PHARMA GENERICOS,0.0,10.0,2.5,2025-11-27 19:03:45,11,11,Primavera
108176,AMOXICILINA 500MG CAP CJAX100UND,PHARMA GENERICOS,0.0,10.0,2.5,2025-11-27 21:26:28,1,11,Primavera
108176,AMOXICILINA 500MG CAP CJAX100UND,PHARMA GENERICOS,0.0,1.0,0.25,2025-11-28 00:35:59,10,11,Primavera
108176,AMOXICILINA 500MG CAP CJAX100UND,PHARMA GENERICOS,0.0,10.0,2.5,2025-11-28 08:57:02,3,11,Primavera
108176,AMOXICILINA 500MG CAP CJAX100UND,PHARMA GENERICOS,0.0,10.0,2.5,2025-11-28 09:41:49,2,11,Primavera
108176,AMOXICILINA 500MG CAP CJAX100UND,PHARMA GENERICOS,0.0,10.0,2.5,2025-11-28 17:41:46,11,11,Primavera
108176,AMOXICILINA 500MG CAP CJAX100UND,PHARMA GENERICOS,0.0,20.0,5.0,2025-11-28 17:56:42,2,11,Primavera
108176,AMOXICILINA 500MG CAP CJAX100UND,PHARMA GENERICOS,0.0,10.0,2.5,2025-11-28 21:41:14,11,11,Primavera
108176,AMOXICILINA 500MG CAP CJAX100UND,PHARMA GENERICOS,0.0,1.0,0.25,2025-11-29 00:33:26,10,11,Primavera
108176,AMOXICILINA 500MG CAP CJAX100UND,PHARMA GENERICOS,0.0,20.0,5.0,2025-11-29 08:43:49,4,11,Primavera
108176,AMOXICILINA 500MG CAP CJAX100UND,PHARMA GENERICOS,0.0,10.0,2.5,2025-11-29 15:10:09,8,11,Primavera
108176,AMOXICILINA 500MG CAP CJAX100UND,PHARMA GENERICOS,0.0,10.0,2.5,2025-11-29 18:07:16,13,11,Primavera
108176,AMOXICILINA 500MG CAP CJAX100UND,PHARMA GENERICOS,0.0,5.0,1.25,2025-11-29 19:03:42,9,11,Primavera
108176,AMOXICILINA 500MG CAP CJAX100UND,PHARMA GENERICOS,0.0,10.0,2.5,2025-11-29 21:01:46,7,11,Primavera
108176,AMOXICILINA 500MG CAP CJAX100UND,PHARMA GENERICOS,0.0,10.0,2.5,2025-11-30 12:42:31,6,11,Primavera
108176,AMOXICILINA 500MG CAP CJAX100UND,PHARMA GENERICOS,0.0,10.0,2.5,2025-11-30 12:42:39,12,11,Primavera
108176,AMOXICILINA 500MG CAP CJAX100UND,PHARMA GENERICOS,0.0,10.0,2.5,2025-11-30 20:39:41,3,11,Primavera
108176,AMOXICILINA 500MG CAP CJAX100UND,PHARMA GENERICOS,0.0,4.0,1.0,2025-11-30 20:58:54,9,11,Primavera
108176,AMOXICILINA 500MG CAP CJAX100UND,PHARMA GENERICOS,0.0,10.0,2.5,2025-12-01 12:31:38,5,12,Verano
108176,AMOXICILINA 500MG CAP CJAX100UND,PHARMA GENERICOS,0.0,10.0,2.5,2025-12-01 12:39:10,2,12,Verano
108176,AMOXICILINA 500MG CAP CJAX100UND,PHARMA GENERICOS,0.0,5.0,1.25,2025-12-01 19:30:38,6,12,Verano
108176,AMOXICILINA 500MG CAP CJAX100UND,PHARMA GENERICOS,0.0,10.0,2.5,2025-12-01 21:19:46,11,12,Verano
108176,AMOXICILINA 500MG CAP CJAX100UND,PHARMA GENERICOS,0.0,10.0,2.5,2025-12-02 10:29:22,9,12,Verano
108176,AMOXICILINA 500MG CAP CJAX100UND,PHARMA GENERICOS,0.0,10.0,2.5,2025-12-02 18:28:10,9,12,Verano
108176,AMOXICILINA 500MG CAP CJAX100UND,PHARMA GENERICOS,0.0,20.0,5.0,2025-12-02 21:56:39,9,12,Verano
108176,AMOXICILINA 500MG CAP CJAX100UND,PHARMA GENERICOS,0.0,3.0,0.75,2025-12-03 09:52:15,5,12,Verano
108176,AMOXICILINA 500MG CAP CJAX100UND,PHARMA GENERICOS,0.0,20.0,5.0,2025-12-03 11:01:05,8,12,Verano
108176,AMOXICILINA 500MG CAP CJAX100UND,PHARMA GENERICOS,0.0,10.0,2.5,2025-12-03 13:16:54,9,12,Verano
108176,AMOXICILINA 500MG CAP CJAX100UND,PHARMA GENERICOS,0.0,20.0,5.0,2025-12-03 15:07:58,6,12,Verano
108176,AMOXICILINA 500MG CAP CJAX100UND,PHARMA GENERICOS,0.0,10.0,2.5,2025-12-03 17:58:56,2,12,Verano
108176,AMOXICILINA 500MG CAP CJAX100UND,PHARMA GENERICOS,0.0,20.0,5.0,2025-12-04 11:12:55,5,12,Verano
108176,AMOXICILINA 500MG CAP CJAX100UND,PHARMA GENERICOS,0.0,10.0,2.5,2025-12-04 12:37:31,9,12,Verano
108176,AMOXICILINA 500MG CAP CJAX100UND,PHARMA GENERICOS,0.0,40.0,10.0,2025-12-04 12:40:33,1,12,Verano
108176,AMOXICILINA 500MG CAP CJAX100UND,PHARMA GENERICOS,0.0,10.0,2.5,2025-12-04 13:36:33,8,12,Verano
108176,AMOXICILINA 500MG CAP CJAX100UND,PHARMA GENERICOS,0.0,10.0,2.5,2025-12-04 14:21:00,9,12,Verano
108176,AMOXICILINA 500MG CAP CJAX100UND,PHARMA GENERICOS,0.0,10.0,2.5,2025-12-04 18:21:19,1,12,Verano
108176,AMOXICILINA 500MG CAP CJAX100UND,PHARMA GENERICOS,0.0,3.0,0.75,2025-12-04 19:56:24,1,12,Verano
108176,AMOXICILINA 500MG CAP CJAX100UND,PHARMA GENERICOS,0.0,10.0,2.5,2025-12-04 20:35:16,2,12,Verano
108176,AMOXICILINA 500MG CAP CJAX100UND,PHARMA GENERICOS,0.0,10.0,2.5,2025-12-05 09:53:28,5,12,Verano
108176,AMOXICILINA 500MG CAP CJAX100UND,PHARMA GENERICOS,0.0,4.0,1.0,2025-12-05 11:04:21,6,12,Verano
108176,AMOXICILINA 500MG CAP CJAX100UND,PHARMA GENERICOS,0.0,15.0,3.75,2025-12-05 16:48:58,9,12,Verano
108176,AMOXICILINA 500MG CAP CJAX100UND,PHARMA GENERICOS,0.0,10.0,2.5,2025-12-05 18:16:03,17,12,Verano
108176,AMOXICILINA 500MG CAP CJAX100UND,PHARMA GENERICOS,0.0,5.0,1.25,2025-12-05 18:44:25,12,12,Verano
108176,AMOXICILINA 500MG CAP CJAX100UND,PHARMA GENERICOS,0.0,20.0,5.0,2025-12-05 19:00:25,2,12,Verano
108176,AMOXICILINA 500MG CAP CJAX100UND,PHARMA GENERICOS,0.0,10.0,2.5,2025-12-05 19:40:00,2,12,Verano
108176,AMOXICILINA 500MG CAP CJAX100UND,PHARMA GENERICOS,0.0,10.0,2.5,2025-12-05 21:37:21,5,12,Verano
108176,AMOXICILINA 500MG CAP CJAX100UND,PHARMA GENERICOS,0.0,-1000.0,-250.0,2025-12-06 08:37:36,3,12,Verano
108176,AMOXICILINA 500MG CAP CJAX100UND,PHARMA GENERICOS,0.0,10.0,2.5,2025-12-06 11:55:17,1,12,Verano
108176,AMOXICILINA 500MG CAP CJAX100UND,PHARMA GENERICOS,0.0,1000.0,250.0,2025-12-06 13:07:00,3,12,Verano
108176,AMOXICILINA 500MG CAP CJAX100UND,PHARMA GENERICOS,0.0,10.0,2.5,2025-12-06 14:24:43,1,12,Verano
108176,AMOXICILINA 500MG CAP CJAX100UND,PHARMA GENERICOS,0.0,10.0,2.5,2025-12-06 14:41:35,12,12,Verano
108176,AMOXICILINA 500MG CAP CJAX100UND,PHARMA GENERICOS,0.0,10.0,2.5,2025-12-06 16:43:14,2,12,Verano
108176,AMOXICILINA 500MG CAP CJAX100UND,PHARMA GENERICOS,0.0,10.0,2.5,2025-12-06 21:55:26,8,12,Verano
108176,AMOXICILINA 500MG CAP CJAX100UND,PHARMA GENERICOS,0.0,10.0,2.5,2025-12-07 14:13:18,11,12,Verano
108176,AMOXICILINA 500MG CAP CJAX100UND,PHARMA GENERICOS,0.0,10.0,2.37,2025-12-07 14:20:01,6,12,Verano
108176,AMOXICILINA 500MG CAP CJAX100UND,PHARMA GENERICOS,0.0,10.0,2.5,2025-12-07 17:32:29,11,12,Verano
108176,AMOXICILINA 500MG CAP CJAX100UND,PHARMA GENERICOS,0.0,10.0,2.5,2025-12-07 17:42:28,5,12,Verano
108176,AMOXICILINA 500MG CAP CJAX100UND,PHARMA GENERICOS,0.0,10.0,2.5,2025-12-07 18:25:33,7,12,Verano
108176,AMOXICILINA 500MG CAP CJAX100UND,PHARMA GENERICOS,0.0,10.0,2.5,2025-12-07 19:12:12,7,12,Verano
108176,AMOXICILINA 500MG CAP CJAX100UND,PHARMA GENERICOS,0.0,1.0,0.25,2025-12-07 21:56:11,1,12,Verano
108176,AMOXICILINA 500MG CAP CJAX100UND,PHARMA GENERICOS,0.0,20.0,5.0,2025-12-08 11:43:37,17,12,Verano
108176,AMOXICILINA 500MG CAP CJAX100UND,PHARMA GENERICOS,0.0,10.0,2.5,2025-12-08 15:34:25,7,12,Verano
108176,AMOXICILINA 500MG CAP CJAX100UND,PHARMA GENERICOS,0.0,5.0,1.25,2025-12-08 20:18:38,5,12,Verano
108176,AMOXICILINA 500MG CAP CJAX100UND,PHARMA GENERICOS,0.0,5.0,1.25,2025-12-08 21:42:16,6,12,Verano
108176,AMOXICILINA 500MG CAP CJAX100UND,PHARMA GENERICOS,0.0,20.0,5.0,2025-12-09 10:51:59,6,12,Verano
108176,AMOXICILINA 500MG CAP CJAX100UND,PHARMA GENERICOS,0.0,10.0,2.5,2025-12-09 19:42:09,11,12,Verano
108176,AMOXICILINA 500MG CAP CJAX100UND,PHARMA GENERICOS,0.0,10.0,2.5,2025-12-09 19:47:44,3,12,Verano
108176,AMOXICILINA 500MG CAP CJAX100UND,PHARMA GENERICOS,0.0,9.0,2.25,2025-12-09 21:52:22,2,12,Verano
108176,AMOXICILINA 500MG CAP CJAX100UND,PHARMA GENERICOS,0.0,4.0,1.0,2025-12-10 09:33:16,17,12,Verano
108176,AMOXICILINA 500MG CAP CJAX100UND,PHARMA GENERICOS,0.0,10.0,2.5,2025-12-10 10:58:02,5,12,Verano
108176,AMOXICILINA 500MG CAP CJAX100UND,PHARMA GENERICOS,0.0,10.0,2.5,2025-12-10 11:13:45,9,12,Verano
108176,AMOXICILINA 500MG CAP CJAX100UND,PHARMA GENERICOS,0.0,15.0,3.75,2025-12-10 11:33:16,5,12,Verano
108176,AMOXICILINA 500MG CAP CJAX100UND,PHARMA GENERICOS,0.0,10.0,2.5,2025-12-10 12:12:33,2,12,Verano
108176,AMOXICILINA 500MG CAP CJAX100UND,PHARMA GENERICOS,0.0,10.0,2.5,2025-12-10 12:17:18,8,12,Verano
108176,AMOXICILINA 500MG CAP CJAX100UND,PHARMA GENERICOS,0.0,10.0,2.5,2025-12-10 12:18:53,2,12,Verano
108176,AMOXICILINA 500MG CAP CJAX100UND,PHARMA GENERICOS,0.0,10.0,2.5,2025-12-10 13:09:16,8,12,Verano
108176,AMOXICILINA 500MG CAP CJAX100UND,PHARMA GENERICOS,0.0,10.0,2.5,2025-12-10 16:26:47,17,12,Verano
108176,AMOXICILINA 500MG CAP CJAX100UND,PHARMA GENERICOS,0.0,10.0,2.5,2025-12-10 18:40:17,5,12,Verano
108176,AMOXICILINA 500MG CAP CJAX100UND,PHARMA GENERICOS,0.0,10.0,2.5,2025-12-10 19:23:56,5,12,Verano
108176,AMOXICILINA 500MG CAP CJAX100UND,PHARMA GENERICOS,0.0,10.0,2.5,2025-12-10 19:58:27,5,12,Verano
108176,AMOXICILINA 500MG CAP CJAX100UND,PHARMA GENERICOS,0.0,10.0,2.5,2025-12-10 19:58:41,3,12,Verano
108176,AMOXICILINA 500MG CAP CJAX100UND,PHARMA GENERICOS,0.0,10.0,2.5,2025-12-11 07:52:47,2,12,Verano
108176,AMOXICILINA 500MG CAP CJAX100UND,PHARMA GENERICOS,0.0,10.0,2.5,2025-12-11 10:49:05,8,12,Verano
108176,AMOXICILINA 500MG CAP CJAX100UND,PHARMA GENERICOS,0.0,2.0,0.5,2025-12-11 13:29:10,2,12,Verano
108176,AMOXICILINA 500MG CAP CJAX100UND,PHARMA GENERICOS,0.0,10.0,2.5,2025-12-11 15:03:47,11,12,Verano
108176,AMOXICILINA 500MG CAP CJAX100UND,PHARMA GENERICOS,0.0,10.0,2.5,2025-12-11 16:07:45,5,12,Verano
108176,AMOXICILINA 500MG CAP CJAX100UND,PHARMA GENERICOS,0.0,10.0,2.5,2025-12-11 17:16:38,11,12,Verano
108176,AMOXICILINA 500MG CAP CJAX100UND,PHARMA GENERICOS,0.0,3.0,0.75,2025-12-11 17:20:50,9,12,Verano
108176,AMOXICILINA 500MG CAP CJAX100UND,PHARMA GENERICOS,0.0,10.0,2.5,2025-12-11 21:25:43,7,12,Verano
108176,AMOXICILINA 500MG CAP CJAX100UND,PHARMA GENERICOS,0.0,10.0,2.5,2025-12-11 23:35:09,4,12,Verano
108176,AMOXICILINA 500MG CAP CJAX100UND,PHARMA GENERICOS,0.0,10.0,2.5,2025-12-12 11:50:36,9,12,Verano
108176,AMOXICILINA 500MG CAP CJAX100UND,PHARMA GENERICOS,0.0,20.0,5.0,2025-12-12 12:55:35,2,12,Verano
108176,AMOXICILINA 500MG CAP CJAX100UND,PHARMA GENERICOS,0.0,10.0,2.5,2025-12-12 14:23:51,17,12,Verano
108176,AMOXICILINA 500MG CAP CJAX100UND,PHARMA GENERICOS,0.0,21.0,5.25,2025-12-12 17:13:39,1,12,Verano
108176,AMOXICILINA 500MG CAP CJAX100UND,PHARMA GENERICOS,0.0,10.0,2.5,2025-12-12 18:04:02,2,12,Verano
108176,AMOXICILINA 500MG CAP CJAX100UND,PHARMA GENERICOS,0.0,10.0,2.5,2025-12-12 20:37:47,13,12,Verano
108176,AMOXICILINA 500MG CAP CJAX100UND,PHARMA GENERICOS,0.0,10.0,2.5,2025-12-13 07:50:41,9,12,Verano
108176,AMOXICILINA 500MG CAP CJAX100UND,PHARMA GENERICOS,0.0,10.0,2.5,2025-12-13 10:04:54,9,12,Verano
108176,AMOXICILINA 500MG CAP CJAX100UND,PHARMA GENERICOS,0.0,10.0,2.5,2025-12-13 11:36:32,6,12,Verano
108176,AMOXICILINA 500MG CAP CJAX100UND,PHARMA GENERICOS,0.0,10.0,2.5,2025-12-13 12:13:14,12,12,Verano
108176,AMOXICILINA 500MG CAP CJAX100UND,PHARMA GENERICOS,0.0,10.0,2.5,2025-12-13 13:28:27,2,12,Verano
108176,AMOXICILINA 500MG CAP CJAX100UND,PHARMA GENERICOS,1.0,0.0,25.0,2025-12-13 15:15:50,2,12,Verano
108176,AMOXICILINA 500MG CAP CJAX100UND,PHARMA GENERICOS,-1.0,0.0,-25.0,2025-12-13 17:23:41,2,12,Verano
108176,AMOXICILINA 500MG CAP CJAX100UND,PHARMA GENERICOS,1.0,0.0,23.88,2025-12-13 17:41:34,2,12,Verano
108176,AMOXICILINA 500MG CAP CJAX100UND,PHARMA GENERICOS,0.0,2.0,0.5,2025-12-14 09:32:14,17,12,Verano
108176,AMOXICILINA 500MG CAP CJAX100UND,PHARMA GENERICOS,0.0,10.0,2.5,2025-12-14 12:12:38,5,12,Verano
108176,AMOXICILINA 500MG CAP CJAX100UND,PHARMA GENERICOS,0.0,10.0,2.5,2025-12-14 20:00:02,8,12,Verano
108176,AMOXICILINA 500MG CAP CJAX100UND,PHARMA GENERICOS,0.0,10.0,2.5,2025-12-14 21:32:08,17,12,Verano
108176,AMOXICILINA 500MG CAP CJAX100UND,PHARMA GENERICOS,0.0,10.0,2.5,2025-12-15 08:38:10,7,12,Verano
108176,AMOXICILINA 500MG CAP CJAX100UND,PHARMA GENERICOS,0.0,10.0,2.5,2025-12-15 11:53:59,7,12,Verano
108176,AMOXICILINA 500MG CAP CJAX100UND,PHARMA GENERICOS,0.0,20.0,5.0,2025-12-15 21:20:55,11,12,Verano
108176,AMOXICILINA 500MG CAP CJAX100UND,PHARMA GENERICOS,0.0,10.0,2.5,2025-12-16 07:27:27,13,12,Verano
108176,AMOXICILINA 500MG CAP CJAX100UND,PHARMA GENERICOS,0.0,10.0,2.5,2025-12-16 08:29:33,13,12,Verano
108176,AMOXICILINA 500MG CAP CJAX100UND,PHARMA GENERICOS,0.0,20.0,5.0,2025-12-16 09:16:08,12,12,Verano
108176,AMOXICILINA 500MG CAP CJAX100UND,PHARMA GENERICOS,0.0,10.0,2.5,2025-12-16 10:06:07,9,12,Verano
108176,AMOXICILINA 500MG CAP CJAX100UND,PHARMA GENERICOS,0.0,10.0,2.5,2025-12-16 12:24:09,12,12,Verano
108176,AMOXICILINA 500MG CAP CJAX100UND,PHARMA GENERICOS,0.0,10.0,2.38,2025-12-16 13:04:30,6,12,Verano
108176,AMOXICILINA 500MG CAP CJAX100UND,PHARMA GENERICOS,0.0,20.0,5.0,2025-12-16 15:38:59,9,12,Verano
108176,AMOXICILINA 500MG CAP CJAX100UND,PHARMA GENERICOS,0.0,10.0,2.5,2025-12-16 16:47:57,6,12,Verano
108176,AMOXICILINA 500MG CAP CJAX100UND,PHARMA GENERICOS,0.0,10.0,2.5,2025-12-16 17:45:29,1,12,Verano
108176,AMOXICILINA 500MG CAP CJAX100UND,PHARMA GENERICOS,0.0,10.0,2.5,2025-12-16 19:12:40,9,12,Verano
108176,AMOXICILINA 500MG CAP CJAX100UND,PHARMA GENERICOS,0.0,10.0,2.5,2025-12-16 19:34:59,9,12,Verano
108176,AMOXICILINA 500MG CAP CJAX100UND,PHARMA GENERICOS,0.0,10.0,2.5,2025-12-16 22:21:37,12,12,Verano
108176,AMOXICILINA 500MG CAP CJAX100UND,PHARMA GENERICOS,0.0,10.0,2.5,2025-12-17 08:42:07,9,12,Verano
108176,AMOXICILINA 500MG CAP CJAX100UND,PHARMA GENERICOS,0.0,5.0,1.25,2025-12-17 09:50:35,17,12,Verano
108176,AMOXICILINA 500MG CAP CJAX100UND,PHARMA GENERICOS,0.0,10.0,2.5,2025-12-17 10:11:43,17,12,Verano
108176,AMOXICILINA 500MG CAP CJAX100UND,PHARMA GENERICOS,0.0,10.0,2.5,2025-12-17 10:36:00,1,12,Verano
108176,AMOXICILINA 500MG CAP CJAX100UND,PHARMA GENERICOS,0.0,20.0,5.0,2025-12-17 13:17:05,1,12,Verano
108176,AMOXICILINA 500MG CAP CJAX100UND,PHARMA GENERICOS,0.0,41.0,9.74,2025-12-17 13:36:53,6,12,Verano
108176,AMOXICILINA 500MG CAP CJAX100UND,PHARMA GENERICOS,0.0,20.0,5.0,2025-12-17 13:39:49,7,12,Verano
108176,AMOXICILINA 500MG CAP CJAX100UND,PHARMA GENERICOS,0.0,20.0,5.0,2025-12-17 15:15:30,9,12,Verano
108176,AMOXICILINA 500MG CAP CJAX100UND,PHARMA GENERICOS,0.0,10.0,2.5,2025-12-17 15:18:55,11,12,Verano
108176,AMOXICILINA 500MG CAP CJAX100UND,PHARMA GENERICOS,0.0,10.0,2.5,2025-12-17 17:38:22,9,12,Verano
108176,AMOXICILINA 500MG CAP CJAX100UND,PHARMA GENERICOS,0.0,10.0,2.5,2025-12-17 20:22:34,3,12,Verano
108176,AMOXICILINA 500MG CAP CJAX100UND,PHARMA GENERICOS,0.0,10.0,2.5,2025-12-17 21:49:39,12,12,Verano
108176,AMOXICILINA 500MG CAP CJAX100UND,PHARMA GENERICOS,0.0,10.0,2.5,2025-12-18 07:03:08,9,12,Verano
108176,AMOXICILINA 500MG CAP CJAX100UND,PHARMA GENERICOS,0.0,2.0,0.5,2025-12-18 09:05:39,17,12,Verano
108176,AMOXICILINA 500MG CAP CJAX100UND,PHARMA GENERICOS,0.0,-1000.0,-250.0,2025-12-18 11:46:51,3,12,Verano
108176,AMOXICILINA 500MG CAP CJAX100UND,PHARMA GENERICOS,0.0,8.0,2.0,2025-12-18 11:48:10,17,12,Verano
108176,AMOXICILINA 500MG CAP CJAX100UND,PHARMA GENERICOS,0.0,1000.0,250.0,2025-12-18 12:02:58,3,12,Verano
108176,AMOXICILINA 500MG CAP CJAX100UND,PHARMA GENERICOS,0.0,10.0,2.5,2025-12-18 12:11:25,8,12,Verano
108176,AMOXICILINA 500MG CAP CJAX100UND,PHARMA GENERICOS,0.0,10.0,2.5,2025-12-18 12:25:30,13,12,Verano
108176,AMOXICILINA 500MG CAP CJAX100UND,PHARMA GENERICOS,0.0,20.0,5.0,2025-12-18 17:02:11,11,12,Verano
108176,AMOXICILINA 500MG CAP CJAX100UND,PHARMA GENERICOS,0.0,2.0,0.5,2025-12-18 17:30:18,13,12,Verano
108176,AMOXICILINA 500MG CAP CJAX100UND,PHARMA GENERICOS,0.0,3.0,0.75,2025-12-18 17:42:01,17,12,Verano
108176,AMOXICILINA 500MG CAP CJAX100UND,PHARMA GENERICOS,0.0,5.0,1.25,2025-12-18 17:49:19,13,12,Verano
108176,AMOXICILINA 500MG CAP CJAX100UND,PHARMA GENERICOS,0.0,20.0,5.0,2025-12-18 21:14:57,1,12,Verano
108176,AMOXICILINA 500MG CAP CJAX100UND,PHARMA GENERICOS,0.0,10.0,2.5,2025-12-18 22:05:51,7,12,Verano
108176,AMOXICILINA 500MG CAP CJAX100UND,PHARMA GENERICOS,0.0,10.0,2.5,2025-12-18 22:29:40,2,12,Verano
108176,AMOXICILINA 500MG CAP CJAX100UND,PHARMA GENERICOS,0.0,10.0,2.5,2025-12-19 07:24:19,12,12,Verano
108176,AMOXICILINA 500MG CAP CJAX100UND,PHARMA GENERICOS,0.0,10.0,2.5,2025-12-19 09:14:32,3,12,Verano
108176,AMOXICILINA 500MG CAP CJAX100UND,PHARMA GENERICOS,0.0,20.0,5.0,2025-12-19 11:29:28,1,12,Verano
108176,AMOXICILINA 500MG CAP CJAX100UND,PHARMA GENERICOS,0.0,10.0,2.5,2025-12-19 18:23:38,1,12,Verano
108176,AMOXICILINA 500MG CAP CJAX100UND,PHARMA GENERICOS,0.0,10.0,2.5,2025-12-19 18:25:14,5,12,Verano
108176,AMOXICILINA 500MG CAP CJAX100UND,PHARMA GENERICOS,0.0,10.0,2.5,2025-12-19 19:12:53,1,12,Verano
108176,AMOXICILINA 500MG CAP CJAX100UND,PHARMA GENERICOS,0.0,10.0,2.5,2025-12-19 20:11:17,11,12,Verano
108176,AMOXICILINA 500MG CAP CJAX100UND,PHARMA GENERICOS,0.0,10.0,2.5,2025-12-19 22:05:14,4,12,Verano
108176,AMOXICILINA 500MG CAP CJAX100UND,PHARMA GENERICOS,0.0,10.0,2.5,2025-12-19 22:11:51,2,12,Verano
108176,AMOXICILINA 500MG CAP CJAX100UND,PHARMA GENERICOS,0.0,10.0,2.5,2025-12-20 08:50:08,3,12,Verano
108176,AMOXICILINA 500MG CAP CJAX100UND,PHARMA GENERICOS,0.0,10.0,2.5,2025-12-20 15:09:16,17,12,Verano
108176,AMOXICILINA 500MG CAP CJAX100UND,PHARMA GENERICOS,0.0,10.0,2.5,2025-12-20 22:04:42,4,12,Verano
108176,AMOXICILINA 500MG CAP CJAX100UND,PHARMA GENERICOS,0.0,4.0,1.0,2025-12-21 07:37:53,17,12,Verano
108176,AMOXICILINA 500MG CAP CJAX100UND,PHARMA GENERICOS,0.0,10.0,2.5,2025-12-21 08:28:47,4,12,Verano
108176,AMOXICILINA 500MG CAP CJAX100UND,PHARMA GENERICOS,0.0,10.0,2.5,2025-12-21 13:32:13,1,12,Verano
108176,AMOXICILINA 500MG CAP CJAX100UND,PHARMA GENERICOS,0.0,3.0,0.75,2025-12-21 15:19:59,17,12,Verano
108176,AMOXICILINA 500MG CAP CJAX100UND,PHARMA GENERICOS,0.0,30.0,7.5,2025-12-21 20:32:37,2,12,Verano
108176,AMOXICILINA 500MG CAP CJAX100UND,PHARMA GENERICOS,0.0,10.0,2.5,2025-12-21 20:51:39,9,12,Verano
108176,AMOXICILINA 500MG CAP CJAX100UND,PHARMA GENERICOS,0.0,20.0,5.0,2025-12-21 21:07:28,5,12,Verano
108176,AMOXICILINA 500MG CAP CJAX100UND,PHARMA GENERICOS,0.0,-20.0,-5.0,2025-12-21 21:10:56,5,12,Verano
108176,AMOXICILINA 500MG CAP CJAX100UND,PHARMA GENERICOS,0.0,10.0,2.5,2025-12-21 21:13:53,2,12,Verano
108176,AMOXICILINA 500MG CAP CJAX100UND,PHARMA GENERICOS,0.0,10.0,2.5,2025-12-22 11:03:54,12,12,Verano
108176,AMOXICILINA 500MG CAP CJAX100UND,PHARMA GENERICOS,0.0,10.0,2.5,2025-12-22 13:58:45,9,12,Verano
108176,AMOXICILINA 500MG CAP CJAX100UND,PHARMA GENERICOS,0.0,10.0,2.5,2025-12-22 14:11:20,2,12,Verano
108176,AMOXICILINA 500MG CAP CJAX100UND,PHARMA GENERICOS,0.0,50.0,12.5,2025-12-22 18:56:01,1,12,Verano
108176,AMOXICILINA 500MG CAP CJAX100UND,PHARMA GENERICOS,0.0,10.0,2.5,2025-12-22 19:00:31,12,12,Verano
108176,AMOXICILINA 500MG CAP CJAX100UND,PHARMA GENERICOS,0.0,10.0,2.5,2025-12-22 19:42:59,8,12,Verano
108176,AMOXICILINA 500MG CAP CJAX100UND,PHARMA GENERICOS,0.0,20.0,5.0,2025-12-22 20:26:25,12,12,Verano
108176,AMOXICILINA 500MG CAP CJAX100UND,PHARMA GENERICOS,0.0,10.0,2.5,2025-12-23 08:32:23,11,12,Verano
108176,AMOXICILINA 500MG CAP CJAX100UND,PHARMA GENERICOS,0.0,20.0,5.0,2025-12-23 10:20:03,11,12,Verano
108176,AMOXICILINA 500MG CAP CJAX100UND,PHARMA GENERICOS,0.0,10.0,2.5,2025-12-23 23:14:39,4,12,Verano
108176,AMOXICILINA 500MG CAP CJAX100UND,PHARMA GENERICOS,0.0,20.0,5.0,2025-12-24 11:22:21,2,12,Verano
108176,AMOXICILINA 500MG CAP CJAX100UND,PHARMA GENERICOS,0.0,10.0,2.5,2025-12-24 12:12:28,3,12,Verano
108176,AMOXICILINA 500MG CAP CJAX100UND,PHARMA GENERICOS,0.0,20.0,4.75,2025-12-24 13:07:03,13,12,Verano
108176,AMOXICILINA 500MG CAP CJAX100UND,PHARMA GENERICOS,0.0,20.0,5.0,2025-12-24 14:28:57,3,12,Verano
108176,AMOXICILINA 500MG CAP CJAX100UND,PHARMA GENERICOS,0.0,10.0,2.5,2025-12-24 19:10:51,12,12,Verano
108176,AMOXICILINA 500MG CAP CJAX100UND,PHARMA GENERICOS,0.0,10.0,2.5,2025-12-25 10:06:42,3,12,Verano
108176,AMOXICILINA 500MG CAP CJAX100UND,PHARMA GENERICOS,0.0,10.0,2.5,2025-12-25 11:48:22,8,12,Verano
108176,AMOXICILINA 500MG CAP CJAX100UND,PHARMA GENERICOS,0.0,18.0,4.5,2025-12-25 12:01:20,7,12,Verano
108176,AMOXICILINA 500MG CAP CJAX100UND,PHARMA GENERICOS,0.0,20.0,5.0,2025-12-25 12:35:58,2,12,Verano
108176,AMOXICILINA 500MG CAP CJAX100UND,PHARMA GENERICOS,0.0,10.0,2.5,2025-12-26 08:08:27,9,12,Verano
108176,AMOXICILINA 500MG CAP CJAX100UND,PHARMA GENERICOS,0.0,10.0,2.5,2025-12-26 09:28:19,9,12,Verano
108176,AMOXICILINA 500MG CAP CJAX100UND,PHARMA GENERICOS,0.0,10.0,2.5,2025-12-26 09:53:36,9,12,Verano
108176,AMOXICILINA 500MG CAP CJAX100UND,PHARMA GENERICOS,0.0,10.0,2.5,2025-12-26 10:57:06,9,12,Verano
108176,AMOXICILINA 500MG CAP CJAX100UND,PHARMA GENERICOS,0.0,10.0,2.5,2025-12-26 14:06:10,9,12,Verano
108176,AMOXICILINA 500MG CAP CJAX100UND,PHARMA GENERICOS,0.0,10.0,2.5,2025-12-26 20:32:28,8,12,Verano
108176,AMOXICILINA 500MG CAP CJAX100UND,PHARMA GENERICOS,0.0,10.0,2.5,2025-12-27 07:51:44,4,12,Verano
108176,AMOXICILINA 500MG CAP CJAX100UND,PHARMA GENERICOS,0.0,10.0,2.5,2025-12-27 17:08:45,12,12,Verano
108176,AMOXICILINA 500MG CAP CJAX100UND,PHARMA GENERICOS,0.0,10.0,2.5,2025-12-27 17:10:39,6,12,Verano
108176,AMOXICILINA 500MG CAP CJAX100UND,PHARMA GENERICOS,0.0,2.0,0.5,2025-12-27 19:06:29,17,12,Verano
108176,AMOXICILINA 500MG CAP CJAX100UND,PHARMA GENERICOS,0.0,10.0,2.5,2025-12-27 19:10:55,1,12,Verano
108176,AMOXICILINA 500MG CAP CJAX100UND,PHARMA GENERICOS,0.0,10.0,2.5,2025-12-27 20:18:24,13,12,Verano
108176,AMOXICILINA 500MG CAP CJAX100UND,PHARMA GENERICOS,0.0,10.0,2.5,2025-12-27 20:23:58,3,12,Verano
108176,AMOXICILINA 500MG CAP CJAX100UND,PHARMA GENERICOS,0.0,10.0,2.5,2025-12-27 22:16:33,1,12,Verano
108176,AMOXICILINA 500MG CAP CJAX100UND,PHARMA GENERICOS,0.0,40.0,10.0,2025-12-28 10:49:50,17,12,Verano
108176,AMOXICILINA 500MG CAP CJAX100UND,PHARMA GENERICOS,0.0,10.0,2.5,2025-12-28 14:23:34,2,12,Verano
108176,AMOXICILINA 500MG CAP CJAX100UND,PHARMA GENERICOS,0.0,10.0,2.5,2025-12-28 18:12:44,11,12,Verano
108176,AMOXICILINA 500MG CAP CJAX100UND,PHARMA GENERICOS,0.0,10.0,2.5,2025-12-28 18:54:52,1,12,Verano
108176,AMOXICILINA 500MG CAP CJAX100UND,PHARMA GENERICOS,0.0,10.0,2.5,2025-12-28 19:00:21,3,12,Verano
108176,AMOXICILINA 500MG CAP CJAX100UND,PHARMA GENERICOS,0.0,10.0,2.5,2025-12-28 19:51:52,12,12,Verano
108176,AMOXICILINA 500MG CAP CJAX100UND,PHARMA GENERICOS,0.0,20.0,5.0,2025-12-28 20:33:54,3,12,Verano
108176,AMOXICILINA 500MG CAP CJAX100UND,PHARMA GENERICOS,0.0,10.0,2.5,2025-12-28 20:38:24,8,12,Verano
108176,AMOXICILINA 500MG CAP CJAX100UND,PHARMA GENERICOS,0.0,5.0,1.25,2025-12-28 21:10:07,9,12,Verano
108176,AMOXICILINA 500MG CAP CJAX100UND,PHARMA GENERICOS,0.0,10.0,2.5,2025-12-29 08:48:31,13,12,Verano
108176,AMOXICILINA 500MG CAP CJAX100UND,PHARMA GENERICOS,0.0,10.0,2.5,2025-12-29 15:26:02,9,12,Verano
108176,AMOXICILINA 500MG CAP CJAX100UND,PHARMA GENERICOS,0.0,10.0,2.5,2025-12-29 20:00:19,6,12,Verano
108176,AMOXICILINA 500MG CAP CJAX100UND,PHARMA GENERICOS,0.0,10.0,2.5,2025-12-29 20:04:08,3,12,Verano
108176,AMOXICILINA 500MG CAP CJAX100UND,PHARMA GENERICOS,0.0,10.0,2.5,2025-12-29 20:47:56,3,12,Verano
108176,AMOXICILINA 500MG CAP CJAX100UND,PHARMA GENERICOS,0.0,20.0,5.0,2025-12-30 13:06:56,8,12,Verano
108176,AMOXICILINA 500MG CAP CJAX100UND,PHARMA GENERICOS,0.0,20.0,4.75,2025-12-30 15:36:24,8,12,Verano
108176,AMOXICILINA 500MG CAP CJAX100UND,PHARMA GENERICOS,0.0,10.0,2.5,2025-12-30 18:22:23,2,12,Verano
108176,AMOXICILINA 500MG CAP CJAX100UND,PHARMA GENERICOS,0.0,10.0,2.5,2025-12-31 10:26:49,16,12,Verano
108176,AMOXICILINA 500MG CAP CJAX100UND,PHARMA GENERICOS,0.0,10.0,2.5,2025-12-31 11:17:03,8,12,Verano
108176,AMOXICILINA 500MG CAP CJAX100UND,PHARMA GENERICOS,0.0,10.0,2.5,2025-12-31 18:47:19,4,12,Verano
108176,AMOXICILINA 500MG CAP CJAX100UND,PHARMA GENERICOS,0.0,10.0,2.5,2025-12-31 19:53:36,2,12,Verano
108176,AMOXICILINA 500MG CAP CJAX100UND,PHARMA GENERICOS,0.0,1.0,0.25,2025-12-31 20:11:45,17,12,Verano
108176,AMOXICILINA 500MG CAP CJAX100UND,PHARMA GENERICOS,0.0,1.0,0.25,2025-12-31 20:56:59,10,12,Verano
108176,AMOXICILINA 500MG CAP CJAX100UND,PHARMA GENERICOS,0.0,10.0,2.5,2026-01-01 13:09:51,12,1,Verano
108176,AMOXICILINA 500MG CAP CJAX100UND,PHARMA GENERICOS,0.0,1.0,0.25,2026-01-02 10:49:43,3,1,Verano
108176,AMOXICILINA 500MG CAP CJAX100UND,PHARMA GENERICOS,0.0,20.0,5.0,2026-01-02 15:13:32,8,1,Verano
108176,AMOXICILINA 500MG CAP CJAX100UND,PHARMA GENERICOS,0.0,10.0,2.5,2026-01-02 16:44:48,1,1,Verano
108176,AMOXICILINA 500MG CAP CJAX100UND,PHARMA GENERICOS,0.0,10.0,2.5,2026-01-02 17:14:01,8,1,Verano
108176,AMOXICILINA 500MG CAP CJAX100UND,PHARMA GENERICOS,0.0,10.0,2.5,2026-01-02 17:18:30,2,1,Verano
108176,AMOXICILINA 500MG CAP CJAX100UND,PHARMA GENERICOS,0.0,10.0,2.5,2026-01-02 18:27:38,6,1,Verano
108176,AMOXICILINA 500MG CAP CJAX100UND,PHARMA GENERICOS,0.0,20.0,5.0,2026-01-02 19:48:01,1,1,Verano
108176,AMOXICILINA 500MG CAP CJAX100UND,PHARMA GENERICOS,0.0,2.0,0.5,2026-01-02 19:54:13,17,1,Verano
108176,AMOXICILINA 500MG CAP CJAX100UND,PHARMA GENERICOS,0.0,1.0,0.25,2026-01-02 20:17:20,8,1,Verano
108176,AMOXICILINA 500MG CAP CJAX100UND,PHARMA GENERICOS,0.0,3.0,0.75,2026-01-03 09:11:58,3,1,Verano
108176,AMOXICILINA 500MG CAP CJAX100UND,PHARMA GENERICOS,0.0,10.0,2.5,2026-01-03 10:39:31,6,1,Verano
108176,AMOXICILINA 500MG CAP CJAX100UND,PHARMA GENERICOS,0.0,10.0,2.38,2026-01-03 13:43:31,6,1,Verano
108176,AMOXICILINA 500MG CAP CJAX100UND,PHARMA GENERICOS,0.0,10.0,2.5,2026-01-03 16:00:04,2,1,Verano
108176,AMOXICILINA 500MG CAP CJAX100UND,PHARMA GENERICOS,0.0,10.0,2.5,2026-01-03 19:07:39,1,1,Verano
108176,AMOXICILINA 500MG CAP CJAX100UND,PHARMA GENERICOS,0.0,10.0,2.5,2026-01-03 19:56:57,2,1,Verano
108176,AMOXICILINA 500MG CAP CJAX100UND,PHARMA GENERICOS,0.0,10.0,2.5,2026-01-03 20:18:34,6,1,Verano
108176,AMOXICILINA 500MG CAP CJAX100UND,PHARMA GENERICOS,0.0,10.0,2.5,2026-01-03 20:21:49,2,1,Verano
108176,AMOXICILINA 500MG CAP CJAX100UND,PHARMA GENERICOS,0.0,10.0,2.5,2026-01-03 21:18:30,2,1,Verano
108176,AMOXICILINA 500MG CAP CJAX100UND,PHARMA GENERICOS,3.0,0.0,75.0,2026-01-04 11:27:16,3,1,Verano
108176,AMOXICILINA 500MG CAP CJAX100UND,PHARMA GENERICOS,0.0,10.0,2.5,2026-01-04 12:16:48,8,1,Verano
108176,AMOXICILINA 500MG CAP CJAX100UND,PHARMA GENERICOS,0.0,3.0,0.75,2026-01-04 15:55:41,17,1,Verano
108176,AMOXICILINA 500MG CAP CJAX100UND,PHARMA GENERICOS,0.0,10.0,2.5,2026-01-04 18:38:00,8,1,Verano
108176,AMOXICILINA 500MG CAP CJAX100UND,PHARMA GENERICOS,0.0,10.0,2.5,2026-01-05 08:11:06,6,1,Verano
108176,AMOXICILINA 500MG CAP CJAX100UND,PHARMA GENERICOS,0.0,10.0,2.5,2026-01-05 08:13:33,6,1,Verano
108176,AMOXICILINA 500MG CAP CJAX100UND,PHARMA GENERICOS,0.0,10.0,2.5,2026-01-05 10:21:05,2,1,Verano
108176,AMOXICILINA 500MG CAP CJAX100UND,PHARMA GENERICOS,0.0,10.0,2.5,2026-01-05 10:54:50,2,1,Verano
108176,AMOXICILINA 500MG CAP CJAX100UND,PHARMA GENERICOS,0.0,10.0,2.5,2026-01-05 20:46:42,13,1,Verano
108176,AMOXICILINA 500MG CAP CJAX100UND,PHARMA GENERICOS,0.0,2.0,0.5,2026-01-05 21:12:25,5,1,Verano
108176,AMOXICILINA 500MG CAP CJAX100UND,PHARMA GENERICOS,0.0,10.0,2.5,2026-01-05 21:16:47,6,1,Verano
108176,AMOXICILINA 500MG CAP CJAX100UND,PHARMA GENERICOS,0.0,10.0,2.5,2026-01-05 21:42:09,6,1,Verano
108176,AMOXICILINA 500MG CAP CJAX100UND,PHARMA GENERICOS,0.0,10.0,2.5,2026-01-06 07:56:37,4,1,Verano
108176,AMOXICILINA 500MG CAP CJAX100UND,PHARMA GENERICOS,0.0,10.0,2.5,2026-01-06 10:03:47,13,1,Verano
108176,AMOXICILINA 500MG CAP CJAX100UND,PHARMA GENERICOS,0.0,20.0,5.0,2026-01-06 12:04:44,8,1,Verano
108176,AMOXICILINA 500MG CAP CJAX100UND,PHARMA GENERICOS,0.0,10.0,2.5,2026-01-06 17:22:01,2,1,Verano
108176,AMOXICILINA 500MG CAP CJAX100UND,PHARMA GENERICOS,0.0,20.0,5.0,2026-01-06 18:09:12,8,1,Verano
108176,AMOXICILINA 500MG CAP CJAX100UND,PHARMA GENERICOS,0.0,20.0,5.0,2026-01-06 18:49:30,8,1,Verano
108176,AMOXICILINA 500MG CAP CJAX100UND,PHARMA GENERICOS,0.0,20.0,5.0,2026-01-06 19:15:25,8,1,Verano
108176,AMOXICILINA 500MG CAP CJAX100UND,PHARMA GENERICOS,0.0,10.0,2.5,2026-01-06 22:01:15,4,1,Verano
108176,AMOXICILINA 500MG CAP CJAX100UND,PHARMA GENERICOS,0.0,10.0,2.5,2026-01-07 19:49:10,8,1,Verano
108176,AMOXICILINA 500MG CAP CJAX100UND,PHARMA GENERICOS,0.0,10.0,2.5,2026-01-07 19:53:08,8,1,Verano
108176,AMOXICILINA 500MG CAP CJAX100UND,PHARMA GENERICOS,0.0,10.0,2.5,2026-01-07 20:12:12,8,1,Verano
108176,AMOXICILINA 500MG CAP CJAX100UND,PHARMA GENERICOS,0.0,4.0,1.0,2026-01-08 12:16:21,3,1,Verano
108176,AMOXICILINA 500MG CAP CJAX100UND,PHARMA GENERICOS,0.0,20.0,5.0,2026-01-08 14:57:24,17,1,Verano
108176,AMOXICILINA 500MG CAP CJAX100UND,PHARMA GENERICOS,0.0,10.0,2.5,2026-01-08 20:14:52,3,1,Verano
108176,AMOXICILINA 500MG CAP CJAX100UND,PHARMA GENERICOS,0.0,10.0,2.5,2026-01-09 07:24:38,12,1,Verano
108176,AMOXICILINA 500MG CAP CJAX100UND,PHARMA GENERICOS,0.0,10.0,2.5,2026-01-09 17:38:24,3,1,Verano
108176,AMOXICILINA 500MG CAP CJAX100UND,PHARMA GENERICOS,0.0,30.0,7.5,2026-01-09 17:43:04,8,1,Verano
108176,AMOXICILINA 500MG CAP CJAX100UND,PHARMA GENERICOS,0.0,2.0,0.5,2026-01-09 19:39:12,17,1,Verano
108176,AMOXICILINA 500MG CAP CJAX100UND,PHARMA GENERICOS,0.0,1.0,0.25,2026-01-09 21:59:46,17,1,Verano
108176,AMOXICILINA 500MG CAP CJAX100UND,PHARMA GENERICOS,0.0,9.0,2.25,2026-01-10 09:55:14,1,1,Verano
108176,AMOXICILINA 500MG CAP CJAX100UND,PHARMA GENERICOS,0.0,10.0,2.5,2026-01-10 15:44:06,17,1,Verano
108176,AMOXICILINA 500MG CAP CJAX100UND,PHARMA GENERICOS,0.0,10.0,2.5,2026-01-10 16:31:17,12,1,Verano
108176,AMOXICILINA 500MG CAP CJAX100UND,PHARMA GENERICOS,0.0,10.0,2.5,2026-01-10 17:08:58,12,1,Verano
108176,AMOXICILINA 500MG CAP CJAX100UND,PHARMA GENERICOS,0.0,10.0,2.5,2026-01-11 19:14:14,8,1,Verano
108176,AMOXICILINA 500MG CAP CJAX100UND,PHARMA GENERICOS,0.0,-10.0,-2.5,2026-01-11 19:19:54,8,1,Verano
108176,AMOXICILINA 500MG CAP CJAX100UND,PHARMA GENERICOS,0.0,10.0,2.5,2026-01-12 17:38:55,12,1,Verano
108176,AMOXICILINA 500MG CAP CJAX100UND,PHARMA GENERICOS,0.0,10.0,2.5,2026-01-12 18:17:32,12,1,Verano
108176,AMOXICILINA 500MG CAP CJAX100UND,PHARMA GENERICOS,0.0,10.0,2.5,2026-01-12 18:29:22,3,1,Verano
108176,AMOXICILINA 500MG CAP CJAX100UND,PHARMA GENERICOS,0.0,5.0,1.25,2026-01-12 19:01:49,12,1,Verano
108176,AMOXICILINA 500MG CAP CJAX100UND,PHARMA GENERICOS,0.0,9.0,2.25,2026-01-12 20:07:35,8,1,Verano
108176,AMOXICILINA 500MG CAP CJAX100UND,PHARMA GENERICOS,0.0,3.0,0.75,2026-01-13 16:46:24,2,1,Verano
108176,AMOXICILINA 500MG CAP CJAX100UND,PHARMA GENERICOS,0.0,10.0,2.5,2026-01-14 09:04:59,10,1,Verano
108176,AMOXICILINA 500MG CAP CJAX100UND,PHARMA GENERICOS,0.0,10.0,2.5,2026-01-14 10:20:46,3,1,Verano
108176,AMOXICILINA 500MG CAP CJAX100UND,PHARMA GENERICOS,0.0,10.0,2.5,2026-01-14 12:00:20,13,1,Verano
108176,AMOXICILINA 500MG CAP CJAX100UND,PHARMA GENERICOS,0.0,20.0,5.0,2026-01-14 17:52:53,13,1,Verano
108176,AMOXICILINA 500MG CAP CJAX100UND,PHARMA GENERICOS,0.0,10.0,2.5,2026-01-15 12:43:58,3,1,Verano
108176,AMOXICILINA 500MG CAP CJAX100UND,PHARMA GENERICOS,0.0,10.0,2.5,2026-01-15 15:47:43,13,1,Verano
108176,AMOXICILINA 500MG CAP CJAX100UND,PHARMA GENERICOS,0.0,10.0,2.5,2026-01-15 16:06:42,17,1,Verano
108176,AMOXICILINA 500MG CAP CJAX100UND,PHARMA GENERICOS,1.0,0.0,25.0,2026-01-15 19:07:26,3,1,Verano
108176,AMOXICILINA 500MG CAP CJAX100UND,PHARMA GENERICOS,0.0,10.0,2.5,2026-01-16 19:03:25,3,1,Verano
108176,AMOXICILINA 500MG CAP CJAX100UND,PHARMA GENERICOS,0.0,10.0,2.5,2026-01-16 19:25:14,3,1,Verano
108176,AMOXICILINA 500MG CAP CJAX100UND,PHARMA GENERICOS,0.0,3.0,0.75,2026-01-17 08:21:23,3,1,Verano
108176,AMOXICILINA 500MG CAP CJAX100UND,PHARMA GENERICOS,0.0,10.0,2.5,2026-01-17 12:12:18,10,1,Verano
108176,AMOXICILINA 500MG CAP CJAX100UND,PHARMA GENERICOS,0.0,10.0,2.5,2026-01-18 20:00:56,3,1,Verano
108176,AMOXICILINA 500MG CAP CJAX100UND,PHARMA GENERICOS,0.0,10.0,2.5,2026-01-18 22:00:23,13,1,Verano
108176,AMOXICILINA 500MG CAP CJAX100UND,PHARMA GENERICOS,0.0,2.0,0.5,2026-01-19 09:55:07,17,1,Verano
108176,AMOXICILINA 500MG CAP CJAX100UND,PHARMA GENERICOS,0.0,10.0,2.5,2026-01-19 19:41:50,17,1,Verano
108176,AMOXICILINA 500MG CAP CJAX100UND,PHARMA GENERICOS,0.0,10.0,2.5,2026-01-22 10:32:20,12,1,Verano
108176,AMOXICILINA 500MG CAP CJAX100UND,PHARMA GENERICOS,0.0,2.0,0.5,2026-01-22 19:30:16,17,1,Verano
108176,AMOXICILINA 500MG CAP CJAX100UND,PHARMA GENERICOS,0.0,10.0,2.5,2026-01-23 10:35:18,3,1,Verano
108176,AMOXICILINA 500MG CAP CJAX100UND,PHARMA GENERICOS,0.0,3.0,0.75,2026-01-23 11:41:48,12,1,Verano
108176,AMOXICILINA 500MG CAP CJAX100UND,PHARMA GENERICOS,0.0,10.0,2.5,2026-01-23 13:44:37,17,1,Verano
108176,AMOXICILINA 500MG CAP CJAX100UND,PHARMA GENERICOS,0.0,10.0,2.5,2026-01-24 09:22:13,16,1,Verano
108176,AMOXICILINA 500MG CAP CJAX100UND,PHARMA GENERICOS,0.0,10.0,2.5,2026-01-24 19:02:25,3,1,Verano
108176,AMOXICILINA 500MG CAP CJAX100UND,PHARMA GENERICOS,0.0,10.0,2.5,2026-01-25 09:34:48,17,1,Verano
108176,AMOXICILINA 500MG CAP CJAX100UND,PHARMA GENERICOS,1.0,0.0,25.0,2026-01-27 11:26:59,12,1,Verano
108176,AMOXICILINA 500MG CAP CJAX100UND,PHARMA GENERICOS,0.0,10.0,2.5,2026-01-28 12:29:31,3,1,Verano
108176,AMOXICILINA 500MG CAP CJAX100UND,PHARMA GENERICOS,0.0,3.0,0.75,2026-01-29 07:24:33,4,1,Verano
108176,AMOXICILINA 500MG CAP CJAX100UND,PHARMA GENERICOS,0.0,10.0,2.5,2026-01-31 23:23:57,4,1,Verano
108176,AMOXICILINA 500MG CAP CJAX100UND,PHARMA GENERICOS,0.0,10.0,2.5,2026-02-01 20:47:12,17,2,Verano
108176,AMOXICILINA 500MG CAP CJAX100UND,PHARMA GENERICOS,0.0,10.0,2.5,2026-02-02 18:58:13,3,2,Verano
108176,AMOXICILINA 500MG CAP CJAX100UND,PHARMA GENERICOS,0.0,10.0,2.5,2026-02-04 07:26:03,4,2,Verano
108176,AMOXICILINA 500MG CAP CJAX100UND,PHARMA GENERICOS,0.0,10.0,2.5,2026-02-04 11:42:20,4,2,Verano
108176,AMOXICILINA 500MG CAP CJAX100UND,PHARMA GENERICOS,0.0,10.0,2.5,2026-02-04 11:52:07,4,2,Verano
108176,AMOXICILINA 500MG CAP CJAX100UND,PHARMA GENERICOS,0.0,9.0,2.25,2026-02-04 19:24:03,4,2,Verano
108176,AMOXICILINA 500MG CAP CJAX100UND,PHARMA GENERICOS,0.0,10.0,2.5,2026-02-05 09:47:10,7,2,Verano
108176,AMOXICILINA 500MG CAP CJAX100UND,PHARMA GENERICOS,0.0,10.0,2.5,2026-02-05 10:25:40,4,2,Verano
108176,AMOXICILINA 500MG CAP CJAX100UND,PHARMA GENERICOS,3.0,0.0,75.0,2026-02-05 12:52:09,1,2,Verano
108176,AMOXICILINA 500MG CAP CJAX100UND,PHARMA GENERICOS,0.0,10.0,2.5,2026-02-06 10:19:45,12,2,Verano
108176,AMOXICILINA 500MG CAP CJAX100UND,PHARMA GENERICOS,0.0,10.0,2.5,2026-02-07 11:24:19,3,2,Verano
108176,AMOXICILINA 500MG CAP CJAX100UND,PHARMA GENERICOS,0.0,10.0,2.5,2026-02-07 12:22:27,13,2,Verano
108176,AMOXICILINA 500MG CAP CJAX100UND,PHARMA GENERICOS,0.0,10.0,2.5,2026-02-07 16:41:41,12,2,Verano
108176,AMOXICILINA 500MG CAP CJAX100UND,PHARMA GENERICOS,0.0,20.0,5.0,2026-02-09 09:21:35,6,2,Verano
108176,AMOXICILINA 500MG CAP CJAX100UND,PHARMA GENERICOS,0.0,10.0,2.5,2026-02-09 10:17:27,2,2,Verano
108176,AMOXICILINA 500MG CAP CJAX100UND,PHARMA GENERICOS,0.0,20.0,5.0,2026-02-09 13:09:06,8,2,Verano
108176,AMOXICILINA 500MG CAP CJAX100UND,PHARMA GENERICOS,0.0,10.0,2.5,2026-02-09 14:21:08,2,2,Verano
108176,AMOXICILINA 500MG CAP CJAX100UND,PHARMA GENERICOS,0.0,10.0,2.5,2026-02-09 19:18:03,1,2,Verano
108176,AMOXICILINA 500MG CAP CJAX100UND,PHARMA GENERICOS,0.0,10.0,2.5,2026-02-09 19:48:01,2,2,Verano
108176,AMOXICILINA 500MG CAP CJAX100UND,PHARMA GENERICOS,0.0,2.0,0.5,2026-02-09 20:34:07,2,2,Verano
108176,AMOXICILINA 500MG CAP CJAX100UND,PHARMA GENERICOS,0.0,20.0,5.0,2026-02-10 19:07:16,3,2,Verano
108176,AMOXICILINA 500MG CAP CJAX100UND,PHARMA GENERICOS,0.0,10.0,2.5,2026-02-10 19:42:13,4,2,Verano
108176,AMOXICILINA 500MG CAP CJAX100UND,PHARMA GENERICOS,0.0,10.0,2.5,2026-02-10 20:06:58,2,2,Verano
108176,AMOXICILINA 500MG CAP CJAX100UND,PHARMA GENERICOS,0.0,20.0,5.0,2026-02-11 10:42:36,2,2,Verano
108176,AMOXICILINA 500MG CAP CJAX100UND,PHARMA GENERICOS,0.0,5.0,1.19,2026-02-11 14:53:57,15,2,Verano
108176,AMOXICILINA 500MG CAP CJAX100UND,PHARMA GENERICOS,0.0,30.0,7.5,2026-02-11 18:04:27,1,2,Verano
108176,AMOXICILINA 500MG CAP CJAX100UND,PHARMA GENERICOS,0.0,10.0,2.5,2026-02-11 18:35:49,3,2,Verano
108176,AMOXICILINA 500MG CAP CJAX100UND,PHARMA GENERICOS,0.0,10.0,2.5,2026-02-11 19:36:56,6,2,Verano
108176,AMOXICILINA 500MG CAP CJAX100UND,PHARMA GENERICOS,0.0,10.0,2.5,2026-02-12 17:14:32,4,2,Verano
108176,AMOXICILINA 500MG CAP CJAX100UND,PHARMA GENERICOS,0.0,10.0,2.5,2026-02-12 22:50:48,2,2,Verano
108176,AMOXICILINA 500MG CAP CJAX100UND,PHARMA GENERICOS,0.0,10.0,2.5,2026-02-14 12:46:42,2,2,Verano
108176,AMOXICILINA 500MG CAP CJAX100UND,PHARMA GENERICOS,0.0,10.0,2.5,2026-02-15 09:01:54,13,2,Verano
108176,AMOXICILINA 500MG CAP CJAX100UND,PHARMA GENERICOS,0.0,10.0,2.5,2026-02-15 12:48:58,12,2,Verano
108176,AMOXICILINA 500MG CAP CJAX100UND,PHARMA GENERICOS,0.0,10.0,2.5,2026-02-15 19:27:43,11,2,Verano
108176,AMOXICILINA 500MG CAP CJAX100UND,PHARMA GENERICOS,0.0,10.0,2.5,2026-02-15 21:18:10,12,2,Verano
108176,AMOXICILINA 500MG CAP CJAX100UND,PHARMA GENERICOS,0.0,10.0,2.5,2026-02-16 09:54:49,4,2,Verano
108176,AMOXICILINA 500MG CAP CJAX100UND,PHARMA GENERICOS,0.0,10.0,2.5,2026-02-16 12:15:21,5,2,Verano
108176,AMOXICILINA 500MG CAP CJAX100UND,PHARMA GENERICOS,0.0,10.0,2.5,2026-02-16 18:46:12,9,2,Verano
108176,AMOXICILINA 500MG CAP CJAX100UND,PHARMA GENERICOS,0.0,5.0,1.19,2026-02-17 14:48:48,1,2,Verano
108176,AMOXICILINA 500MG CAP CJAX100UND,PHARMA GENERICOS,0.0,10.0,2.5,2026-02-17 17:36:40,7,2,Verano
108176,AMOXICILINA 500MG CAP CJAX100UND,PHARMA GENERICOS,0.0,10.0,2.5,2026-02-17 20:33:23,7,2,Verano
108176,AMOXICILINA 500MG CAP CJAX100UND,PHARMA GENERICOS,0.0,15.0,3.75,2026-02-17 21:56:07,4,2,Verano
108176,AMOXICILINA 500MG CAP CJAX100UND,PHARMA GENERICOS,0.0,10.0,2.5,2026-02-18 13:30:24,6,2,Verano
108176,AMOXICILINA 500MG CAP CJAX100UND,PHARMA GENERICOS,0.0,10.0,2.5,2026-02-18 19:33:32,7,2,Verano
108176,AMOXICILINA 500MG CAP CJAX100UND,PHARMA GENERICOS,0.0,10.0,2.5,2026-02-19 10:50:22,11,2,Verano
108176,AMOXICILINA 500MG CAP CJAX100UND,PHARMA GENERICOS,1.0,0.0,25.0,2026-02-19 13:58:22,1,2,Verano
108176,AMOXICILINA 500MG CAP CJAX100UND,PHARMA GENERICOS,0.0,10.0,2.5,2026-02-19 18:41:15,11,2,Verano
108176,AMOXICILINA 500MG CAP CJAX100UND,PHARMA GENERICOS,0.0,10.0,2.5,2026-02-20 09:13:08,5,2,Verano
108176,AMOXICILINA 500MG CAP CJAX100UND,PHARMA GENERICOS,0.0,10.0,2.5,2026-02-20 11:27:14,9,2,Verano
108176,AMOXICILINA 500MG CAP CJAX100UND,PHARMA GENERICOS,0.0,10.0,2.38,2026-02-21 08:45:19,6,2,Verano
108176,AMOXICILINA 500MG CAP CJAX100UND,PHARMA GENERICOS,0.0,20.0,5.0,2026-02-21 11:27:23,10,2,Verano
108176,AMOXICILINA 500MG CAP CJAX100UND,PHARMA GENERICOS,0.0,10.0,2.5,2026-02-21 12:51:52,6,2,Verano
108176,AMOXICILINA 500MG CAP CJAX100UND,PHARMA GENERICOS,0.0,5.0,1.25,2026-02-22 10:47:30,6,2,Verano
108176,AMOXICILINA 500MG CAP CJAX100UND,PHARMA GENERICOS,0.0,10.0,2.5,2026-02-22 11:40:45,6,2,Verano
108176,AMOXICILINA 500MG CAP CJAX100UND,PHARMA GENERICOS,0.0,10.0,2.5,2026-02-22 16:20:50,1,2,Verano
108176,AMOXICILINA 500MG CAP CJAX100UND,PHARMA GENERICOS,0.0,10.0,2.5,2026-02-22 18:33:46,9,2,Verano
108176,AMOXICILINA 500MG CAP CJAX100UND,PHARMA GENERICOS,0.0,10.0,2.5,2026-02-22 23:40:34,5,2,Verano
108176,AMOXICILINA 500MG CAP CJAX100UND,PHARMA GENERICOS,0.0,25.0,6.25,2026-02-23 19:33:36,4,2,Verano
108176,AMOXICILINA 500MG CAP CJAX100UND,PHARMA GENERICOS,0.0,20.0,5.0,2026-02-23 21:28:52,2,2,Verano
108176,AMOXICILINA 500MG CAP CJAX100UND,PHARMA GENERICOS,0.0,10.0,2.5,2026-02-23 21:48:06,5,2,Verano
108176,AMOXICILINA 500MG CAP CJAX100UND,PHARMA GENERICOS,0.0,10.0,2.5,2026-02-23 22:06:21,7,2,Verano
108176,AMOXICILINA 500MG CAP CJAX100UND,PHARMA GENERICOS,0.0,20.0,5.0,2026-02-24 12:21:23,11,2,Verano
108176,AMOXICILINA 500MG CAP CJAX100UND,PHARMA GENERICOS,0.0,20.0,5.0,2026-02-25 07:49:15,5,2,Verano
108176,AMOXICILINA 500MG CAP CJAX100UND,PHARMA GENERICOS,0.0,40.0,10.0,2026-02-25 12:50:13,4,2,Verano
108176,AMOXICILINA 500MG CAP CJAX100UND,PHARMA GENERICOS,0.0,10.0,2.5,2026-02-25 15:47:05,11,2,Verano
108176,AMOXICILINA 500MG CAP CJAX100UND,PHARMA GENERICOS,0.0,10.0,2.37,2026-02-26 14:40:36,6,2,Verano
108176,AMOXICILINA 500MG CAP CJAX100UND,PHARMA GENERICOS,0.0,8.0,2.0,2026-02-26 16:43:14,9,2,Verano
108176,AMOXICILINA 500MG CAP CJAX100UND,PHARMA GENERICOS,0.0,20.0,5.0,2026-02-27 13:37:47,9,2,Verano
108176,AMOXICILINA 500MG CAP CJAX100UND,PHARMA GENERICOS,0.0,10.0,2.5,2026-02-27 18:06:12,4,2,Verano
108176,AMOXICILINA 500MG CAP CJAX100UND,PHARMA GENERICOS,0.0,10.0,2.5,2026-02-27 19:09:10,8,2,Verano
108176,AMOXICILINA 500MG CAP CJAX100UND,PHARMA GENERICOS,0.0,10.0,2.5,2026-02-27 21:20:55,13,2,Verano
108176,AMOXICILINA 500MG CAP CJAX100UND,PHARMA GENERICOS,0.0,10.0,2.5,2026-02-28 15:18:19,5,2,Verano
108176,AMOXICILINA 500MG CAP CJAX100UND,PHARMA GENERICOS,0.0,8.0,2.0,2026-02-28 17:43:01,13,2,Verano
108176,AMOXICILINA 500MG CAP CJAX100UND,PHARMA GENERICOS,0.0,-8.0,-2.0,2026-02-28 17:46:37,13,2,Verano
108176,AMOXICILINA 500MG CAP CJAX100UND,PHARMA GENERICOS,0.0,8.0,2.0,2026-02-28 17:49:07,13,2,Verano
108176,AMOXICILINA 500MG CAP CJAX100UND,PHARMA GENERICOS,0.0,10.0,2.5,2026-02-28 18:23:58,8,2,Verano
108176,AMOXICILINA 500MG CAP CJAX100UND,PHARMA GENERICOS,0.0,5.0,1.25,2026-02-28 22:04:45,2,2,Verano
108176,AMOXICILINA 500MG CAP CJAX100UND,PHARMA GENERICOS,0.0,10.0,2.5,2026-03-01 12:54:09,6,3,Otoño
108176,AMOXICILINA 500MG CAP CJAX100UND,PHARMA GENERICOS,0.0,20.0,5.0,2026-03-01 13:34:00,12,3,Otoño
108176,AMOXICILINA 500MG CAP CJAX100UND,PHARMA GENERICOS,0.0,10.0,2.5,2026-03-01 22:54:13,4,3,Otoño
108176,AMOXICILINA 500MG CAP CJAX100UND,PHARMA GENERICOS,0.0,10.0,2.5,2026-03-02 10:55:25,8,3,Otoño
108176,AMOXICILINA 500MG CAP CJAX100UND,PHARMA GENERICOS,0.0,20.0,5.0,2026-03-02 15:28:13,9,3,Otoño
108176,AMOXICILINA 500MG CAP CJAX100UND,PHARMA GENERICOS,0.0,20.0,5.0,2026-03-02 15:29:27,9,3,Otoño
108176,AMOXICILINA 500MG CAP CJAX100UND,PHARMA GENERICOS,0.0,10.0,2.5,2026-03-02 21:26:36,16,3,Otoño
108176,AMOXICILINA 500MG CAP CJAX100UND,PHARMA GENERICOS,0.0,10.0,2.5,2026-03-03 18:14:46,16,3,Otoño
108176,AMOXICILINA 500MG CAP CJAX100UND,PHARMA GENERICOS,0.0,10.0,2.5,2026-03-04 08:46:36,17,3,Otoño
108176,AMOXICILINA 500MG CAP CJAX100UND,PHARMA GENERICOS,0.0,10.0,2.5,2026-03-04 10:48:53,2,3,Otoño
108176,AMOXICILINA 500MG CAP CJAX100UND,PHARMA GENERICOS,0.0,2.0,0.5,2026-03-04 21:37:21,17,3,Otoño
108176,AMOXICILINA 500MG CAP CJAX100UND,PHARMA GENERICOS,0.0,20.0,5.0,2026-03-05 08:44:10,6,3,Otoño
108176,AMOXICILINA 500MG CAP CJAX100UND,PHARMA GENERICOS,0.0,9.0,2.25,2026-03-05 09:36:26,17,3,Otoño
108176,AMOXICILINA 500MG CAP CJAX100UND,PHARMA GENERICOS,0.0,10.0,2.5,2026-03-05 19:15:35,11,3,Otoño
108176,AMOXICILINA 500MG CAP CJAX100UND,PHARMA GENERICOS,0.0,10.0,2.5,2026-03-06 22:54:26,15,3,Otoño
108176,AMOXICILINA 500MG CAP CJAX100UND,PHARMA GENERICOS,0.0,10.0,2.5,2026-03-07 09:41:05,17,3,Otoño
108176,AMOXICILINA 500MG CAP CJAX100UND,PHARMA GENERICOS,0.0,10.0,2.5,2026-03-08 21:43:46,7,3,Otoño
108176,AMOXICILINA 500MG CAP CJAX100UND,PHARMA GENERICOS,0.0,10.0,2.5,2026-03-08 21:55:09,13,3,Otoño
108176,AMOXICILINA 500MG CAP CJAX100UND,PHARMA GENERICOS,0.0,20.0,5.0,2026-03-09 19:48:43,5,3,Otoño
108176,AMOXICILINA 500MG CAP CJAX100UND,PHARMA GENERICOS,0.0,10.0,2.5,2026-03-10 09:50:36,2,3,Otoño
108176,AMOXICILINA 500MG CAP CJAX100UND,PHARMA GENERICOS,0.0,9.0,2.25,2026-03-10 13:48:05,2,3,Otoño
108176,AMOXICILINA 500MG CAP CJAX100UND,PHARMA GENERICOS,0.0,10.0,2.5,2026-03-10 19:16:43,8,3,Otoño
108176,AMOXICILINA 500MG CAP CJAX100UND,PHARMA GENERICOS,0.0,1.0,0.25,2026-03-11 08:20:52,13,3,Otoño
108176,AMOXICILINA 500MG CAP CJAX100UND,PHARMA GENERICOS,0.0,30.0,7.5,2026-03-11 16:24:34,12,3,Otoño
108176,AMOXICILINA 500MG CAP CJAX100UND,PHARMA GENERICOS,0.0,10.0,2.5,2026-03-11 21:17:47,2,3,Otoño
108176,AMOXICILINA 500MG CAP CJAX100UND,PHARMA GENERICOS,0.0,20.0,4.75,2026-03-12 08:06:18,13,3,Otoño
108176,AMOXICILINA 500MG CAP CJAX100UND,PHARMA GENERICOS,0.0,1.0,0.25,2026-03-12 10:42:27,13,3,Otoño
108176,AMOXICILINA 500MG CAP CJAX100UND,PHARMA GENERICOS,0.0,6.0,1.5,2026-03-12 14:45:46,2,3,Otoño
108176,AMOXICILINA 500MG CAP CJAX100UND,PHARMA GENERICOS,0.0,10.0,2.5,2026-03-12 16:51:41,13,3,Otoño
108176,AMOXICILINA 500MG CAP CJAX100UND,PHARMA GENERICOS,0.0,40.0,10.0,2026-03-12 18:20:41,5,3,Otoño
108176,AMOXICILINA 500MG CAP CJAX100UND,PHARMA GENERICOS,0.0,20.0,5.0,2026-03-12 19:20:41,9,3,Otoño
108176,AMOXICILINA 500MG CAP CJAX100UND,PHARMA GENERICOS,0.0,10.0,2.5,2026-03-12 22:34:18,4,3,Otoño
108176,AMOXICILINA 500MG CAP CJAX100UND,PHARMA GENERICOS,0.0,20.0,5.0,2026-03-13 08:10:43,9,3,Otoño
108176,AMOXICILINA 500MG CAP CJAX100UND,PHARMA GENERICOS,0.0,20.0,5.0,2026-03-13 08:26:10,11,3,Otoño
108176,AMOXICILINA 500MG CAP CJAX100UND,PHARMA GENERICOS,0.0,28.0,7.0,2026-03-13 10:45:46,11,3,Otoño
108176,AMOXICILINA 500MG CAP CJAX100UND,PHARMA GENERICOS,0.0,10.0,2.5,2026-03-13 12:03:52,13,3,Otoño
108176,AMOXICILINA 500MG CAP CJAX100UND,PHARMA GENERICOS,0.0,10.0,2.5,2026-03-13 15:22:43,1,3,Otoño
108176,AMOXICILINA 500MG CAP CJAX100UND,PHARMA GENERICOS,0.0,1.0,0.25,2026-03-13 17:08:35,2,3,Otoño
108176,AMOXICILINA 500MG CAP CJAX100UND,PHARMA GENERICOS,0.0,10.0,2.5,2026-03-13 19:32:22,8,3,Otoño
108176,AMOXICILINA 500MG CAP CJAX100UND,PHARMA GENERICOS,0.0,10.0,2.5,2026-03-14 13:03:55,2,3,Otoño
108176,AMOXICILINA 500MG CAP CJAX100UND,PHARMA GENERICOS,0.0,4.0,1.0,2026-03-14 21:26:50,2,3,Otoño
108176,AMOXICILINA 500MG CAP CJAX100UND,PHARMA GENERICOS,0.0,1.0,0.25,2026-03-15 14:10:01,13,3,Otoño
108176,AMOXICILINA 500MG CAP CJAX100UND,PHARMA GENERICOS,0.0,2.0,0.5,2026-03-15 18:03:41,2,3,Otoño
108176,AMOXICILINA 500MG CAP CJAX100UND,PHARMA GENERICOS,0.0,2.0,0.5,2026-03-15 19:49:14,2,3,Otoño
108176,AMOXICILINA 500MG CAP CJAX100UND,PHARMA GENERICOS,0.0,2.0,0.5,2026-03-15 21:36:24,2,3,Otoño
108176,AMOXICILINA 500MG CAP CJAX100UND,PHARMA GENERICOS,0.0,10.0,2.5,2026-03-16 13:58:15,2,3,Otoño
108176,AMOXICILINA 500MG CAP CJAX100UND,PHARMA GENERICOS,0.0,10.0,2.5,2026-03-16 17:03:24,5,3,Otoño
108176,AMOXICILINA 500MG CAP CJAX100UND,PHARMA GENERICOS,0.0,2.0,0.5,2026-03-16 17:59:11,2,3,Otoño
108176,AMOXICILINA 500MG CAP CJAX100UND,PHARMA GENERICOS,0.0,6.0,1.5,2026-03-16 17:59:35,2,3,Otoño
108176,AMOXICILINA 500MG CAP CJAX100UND,PHARMA GENERICOS,0.0,10.0,2.5,2026-03-16 19:11:05,2,3,Otoño
108176,AMOXICILINA 500MG CAP CJAX100UND,PHARMA GENERICOS,0.0,20.0,5.0,2026-03-17 10:53:15,11,3,Otoño
108176,AMOXICILINA 500MG CAP CJAX100UND,PHARMA GENERICOS,0.0,10.0,2.5,2026-03-18 13:18:08,12,3,Otoño
108176,AMOXICILINA 500MG CAP CJAX100UND,PHARMA GENERICOS,0.0,20.0,5.0,2026-03-18 19:10:20,5,3,Otoño
108176,AMOXICILINA 500MG CAP CJAX100UND,PHARMA GENERICOS,0.0,10.0,2.5,2026-03-18 20:06:23,7,3,Otoño
108176,AMOXICILINA 500MG CAP CJAX100UND,PHARMA GENERICOS,0.0,10.0,2.5,2026-03-18 21:14:45,2,3,Otoño
108176,AMOXICILINA 500MG CAP CJAX100UND,PHARMA GENERICOS,0.0,10.0,2.38,2026-03-19 08:04:51,13,3,Otoño
108176,AMOXICILINA 500MG CAP CJAX100UND,PHARMA GENERICOS,0.0,10.0,2.5,2026-03-19 20:12:45,13,3,Otoño
108176,AMOXICILINA 500MG CAP CJAX100UND,PHARMA GENERICOS,0.0,20.0,5.0,2026-03-20 15:40:11,1,3,Otoño
108176,AMOXICILINA 500MG CAP CJAX100UND,PHARMA GENERICOS,0.0,5.0,1.25,2026-03-21 18:12:01,7,3,Otoño
108176,AMOXICILINA 500MG CAP CJAX100UND,PHARMA GENERICOS,0.0,6.0,1.5,2026-03-21 22:23:09,13,3,Otoño
108176,AMOXICILINA 500MG CAP CJAX100UND,PHARMA GENERICOS,0.0,10.0,2.5,2026-03-22 13:39:05,13,3,Otoño
108176,AMOXICILINA 500MG CAP CJAX100UND,PHARMA GENERICOS,0.0,20.0,5.0,2026-03-22 18:52:25,5,3,Otoño
108176,AMOXICILINA 500MG CAP CJAX100UND,PHARMA GENERICOS,0.0,3.0,0.75,2026-03-23 07:31:17,2,3,Otoño
108176,AMOXICILINA 500MG CAP CJAX100UND,PHARMA GENERICOS,0.0,3.0,0.75,2026-03-23 07:33:52,2,3,Otoño
108176,AMOXICILINA 500MG CAP CJAX100UND,PHARMA GENERICOS,0.0,-3.0,-0.75,2026-03-23 07:39:59,2,3,Otoño
108176,AMOXICILINA 500MG CAP CJAX100UND,PHARMA GENERICOS,0.0,10.0,2.5,2026-03-23 12:57:27,5,3,Otoño
108176,AMOXICILINA 500MG CAP CJAX100UND,PHARMA GENERICOS,0.0,10.0,2.5,2026-03-23 14:38:45,9,3,Otoño
108176,AMOXICILINA 500MG CAP CJAX100UND,PHARMA GENERICOS,0.0,1.0,0.25,2026-03-23 18:24:59,2,3,Otoño
108176,AMOXICILINA 500MG CAP CJAX100UND,PHARMA GENERICOS,0.0,1.0,0.25,2026-03-23 18:49:14,2,3,Otoño
108176,AMOXICILINA 500MG CAP CJAX100UND,PHARMA GENERICOS,0.0,10.0,2.5,2026-03-23 21:07:39,4,3,Otoño
108176,AMOXICILINA 500MG CAP CJAX100UND,PHARMA GENERICOS,0.0,10.0,2.5,2026-03-24 19:52:40,2,3,Otoño
108176,AMOXICILINA 500MG CAP CJAX100UND,PHARMA GENERICOS,0.0,2.0,0.5,2026-03-24 20:15:21,2,3,Otoño
108176,AMOXICILINA 500MG CAP CJAX100UND,PHARMA GENERICOS,0.0,10.0,2.5,2026-03-24 20:58:46,7,3,Otoño
108176,AMOXICILINA 500MG CAP CJAX100UND,PHARMA GENERICOS,0.0,10.0,2.5,2026-03-25 21:09:30,4,3,Otoño
108176,AMOXICILINA 500MG CAP CJAX100UND,PHARMA GENERICOS,0.0,10.0,2.5,2026-03-26 20:10:41,7,3,Otoño
108176,AMOXICILINA 500MG CAP CJAX100UND,PHARMA GENERICOS,0.0,2.0,0.5,2026-03-28 19:15:24,17,3,Otoño
108176,AMOXICILINA 500MG CAP CJAX100UND,PHARMA GENERICOS,0.0,10.0,2.5,2026-03-28 20:33:17,6,3,Otoño
108176,AMOXICILINA 500MG CAP CJAX100UND,PHARMA GENERICOS,0.0,10.0,2.5,2026-03-31 10:07:27,6,3,Otoño
108176,AMOXICILINA 500MG CAP CJAX100UND,PHARMA GENERICOS,0.0,20.0,5.0,2026-04-02 18:55:18,4,4,Otoño
108176,AMOXICILINA 500MG CAP CJAX100UND,PHARMA GENERICOS,0.0,10.0,2.5,2026-04-02 19:55:15,13,4,Otoño
108176,AMOXICILINA 500MG CAP CJAX100UND,PHARMA GENERICOS,0.0,5.0,1.25,2026-04-03 14:40:19,9,4,Otoño
108176,AMOXICILINA 500MG CAP CJAX100UND,PHARMA GENERICOS,0.0,9.0,2.25,2026-04-03 23:17:35,4,4,Otoño
108176,AMOXICILINA 500MG CAP CJAX100UND,PHARMA GENERICOS,0.0,10.0,2.5,2026-04-04 17:18:01,9,4,Otoño
108176,AMOXICILINA 500MG CAP CJAX100UND,PHARMA GENERICOS,0.0,20.0,5.0,2026-04-04 17:21:36,7,4,Otoño
108176,AMOXICILINA 500MG CAP CJAX100UND,PHARMA GENERICOS,0.0,20.0,5.0,2026-04-05 18:16:37,6,4,Otoño
108176,AMOXICILINA 500MG CAP CJAX100UND,PHARMA GENERICOS,0.0,10.0,2.5,2026-04-07 18:37:09,9,4,Otoño
108176,AMOXICILINA 500MG CAP CJAX100UND,PHARMA GENERICOS,0.0,10.0,2.5,2026-04-07 20:58:12,9,4,Otoño
108176,AMOXICILINA 500MG CAP CJAX100UND,PHARMA GENERICOS,0.0,10.0,2.5,2026-04-09 21:00:42,17,4,Otoño
108176,AMOXICILINA 500MG CAP CJAX100UND,PHARMA GENERICOS,0.0,-10.0,-2.5,2026-04-09 21:06:16,17,4,Otoño
108176,AMOXICILINA 500MG CAP CJAX100UND,PHARMA GENERICOS,0.0,6.0,1.5,2026-04-09 22:01:27,17,4,Otoño
108176,AMOXICILINA 500MG CAP CJAX100UND,PHARMA GENERICOS,0.0,10.0,2.5,2026-04-11 07:18:03,9,4,Otoño
108176,AMOXICILINA 500MG CAP CJAX100UND,PHARMA GENERICOS,0.0,10.0,2.5,2026-04-11 19:42:36,8,4,Otoño
108176,AMOXICILINA 500MG CAP CJAX100UND,PHARMA GENERICOS,0.0,10.0,2.5,2026-04-12 13:22:05,8,4,Otoño
108176,AMOXICILINA 500MG CAP CJAX100UND,PHARMA GENERICOS,0.0,4.0,1.0,2026-04-13 19:43:39,16,4,Otoño
108176,AMOXICILINA 500MG CAP CJAX100UND,PHARMA GENERICOS,0.0,10.0,2.5,2026-04-15 13:58:07,15,4,Otoño
108176,AMOXICILINA 500MG CAP CJAX100UND,PHARMA GENERICOS,0.0,10.0,2.5,2026-04-16 10:37:22,15,4,Otoño
108176,AMOXICILINA 500MG CAP CJAX100UND,PHARMA GENERICOS,0.0,10.0,2.5,2026-04-17 15:24:01,13,4,Otoño
108176,AMOXICILINA 500MG CAP CJAX100UND,PHARMA GENERICOS,0.0,10.0,2.5,2026-04-19 16:25:26,4,4,Otoño
108176,AMOXICILINA 500MG CAP CJAX100UND,PHARMA GENERICOS,0.0,10.0,2.5,2026-04-23 13:13:49,7,4,Otoño
108176,AMOXICILINA 500MG CAP CJAX100UND,PHARMA GENERICOS,0.0,5.0,1.25,2026-04-23 22:06:23,16,4,Otoño
108176,AMOXICILINA 500MG CAP CJAX100UND,PHARMA GENERICOS,0.0,10.0,2.5,2026-04-24 09:27:11,10,4,Otoño
108176,AMOXICILINA 500MG CAP CJAX100UND,PHARMA GENERICOS,0.0,5.0,1.25,2026-04-26 18:32:29,7,4,Otoño
108176,AMOXICILINA 500MG CAP CJAX100UND,PHARMA GENERICOS,0.0,10.0,2.5,2026-04-29 16:59:30,6,4,Otoño
108176,AMOXICILINA 500MG CAP CJAX100UND,PHARMA GENERICOS,0.0,10.0,2.5,2026-05-03 13:14:58,13,5,Otoño
108176,AMOXICILINA 500MG CAP CJAX100UND,PHARMA GENERICOS,0.0,20.0,5.0,2026-05-04 07:58:16,13,5,Otoño
108176,AMOXICILINA 500MG CAP CJAX100UND,PHARMA GENERICOS,0.0,10.0,2.5,2026-05-04 10:04:40,4,5,Otoño
108176,AMOXICILINA 500MG CAP CJAX100UND,PHARMA GENERICOS,0.0,-10.0,-2.5,2026-05-04 10:09:00,4,5,Otoño
108176,AMOXICILINA 500MG CAP CJAX100UND,PHARMA GENERICOS,0.0,10.0,2.5,2026-05-05 09:44:30,12,5,Otoño
108176,AMOXICILINA 500MG CAP CJAX100UND,PHARMA GENERICOS,0.0,10.0,2.5,2026-05-08 17:43:55,7,5,Otoño
108176,AMOXICILINA 500MG CAP CJAX100UND,PHARMA GENERICOS,0.0,1.0,0.25,2026-05-09 20:19:29,2,5,Otoño
108176,AMOXICILINA 500MG CAP CJAX100UND,PHARMA GENERICOS,0.0,10.0,2.5,2026-05-12 16:47:06,16,5,Otoño
108176,AMOXICILINA 500MG CAP CJAX100UND,PHARMA GENERICOS,0.0,10.0,2.5,2026-05-13 12:24:35,11,5,Otoño
108176,AMOXICILINA 500MG CAP CJAX100UND,PHARMA GENERICOS,0.0,10.0,2.5,2026-05-13 12:28:29,6,5,Otoño
108176,AMOXICILINA 500MG CAP CJAX100UND,PHARMA GENERICOS,0.0,10.0,2.5,2026-05-16 08:31:28,11,5,Otoño
108176,AMOXICILINA 500MG CAP CJAX100UND,PHARMA GENERICOS,0.0,10.0,2.5,2026-05-20 08:52:31,7,5,Otoño
108176,AMOXICILINA 500MG CAP CJAX100UND,PHARMA GENERICOS,0.0,10.0,2.5,2026-05-20 17:23:26,12,5,Otoño
108176,AMOXICILINA 500MG CAP CJAX100UND,PHARMA GENERICOS,1.0,0.0,25.0,2026-05-20 18:06:57,9,5,Otoño
108176,AMOXICILINA 500MG CAP CJAX100UND,PHARMA GENERICOS,0.0,10.0,2.5,2026-05-20 18:09:31,1,5,Otoño
108176,AMOXICILINA 500MG CAP CJAX100UND,PHARMA GENERICOS,0.0,20.0,5.0,2026-05-20 20:29:43,1,5,Otoño
108176,AMOXICILINA 500MG CAP CJAX100UND,PHARMA GENERICOS,0.0,10.0,2.5,2026-05-27 10:49:32,6,5,Otoño
108176,AMOXICILINA 500MG CAP CJAX100UND,PHARMA GENERICOS,0.0,4.0,1.0,2026-05-27 14:49:24,6,5,Otoño
108176,AMOXICILINA 500MG CAP CJAX100UND,PHARMA GENERICOS,0.0,10.0,2.5,2026-05-28 08:11:33,6,5,Otoño
108176,AMOXICILINA 500MG CAP CJAX100UND,PHARMA GENERICOS,0.0,5.0,1.25,2026-05-29 11:49:12,11,5,Otoño
108176,AMOXICILINA 500MG CAP CJAX100UND,PHARMA GENERICOS,0.0,5.0,1.25,2026-06-01 19:42:52,12,6,Invierno
108176,AMOXICILINA 500MG CAP CJAX100UND,PHARMA GENERICOS,1.0,0.0,25.0,2026-06-02 14:27:04,16,6,Invierno
108176,AMOXICILINA 500MG CAP CJAX100UND,PHARMA GENERICOS,0.0,10.0,2.5,2026-06-02 17:17:44,11,6,Invierno
108176,AMOXICILINA 500MG CAP CJAX100UND,PHARMA GENERICOS,0.0,10.0,2.5,2026-06-04 22:19:35,7,6,Invierno
108176,AMOXICILINA 500MG CAP CJAX100UND,PHARMA GENERICOS,0.0,10.0,2.5,2026-06-05 15:51:39,7,6,Invierno
108176,AMOXICILINA 500MG CAP CJAX100UND,PHARMA GENERICOS,0.0,10.0,2.5,2026-06-06 19:29:13,7,6,Invierno
108176,AMOXICILINA 500MG CAP CJAX100UND,PHARMA GENERICOS,0.0,40.0,10.0,2026-06-09 17:39:17,10,6,Invierno
108176,AMOXICILINA 500MG CAP CJAX100UND,PHARMA GENERICOS,0.0,10.0,2.5,2026-06-09 19:29:46,7,6,Invierno
108176,AMOXICILINA 500MG CAP CJAX100UND,PHARMA GENERICOS,0.0,2.0,0.5,2026-06-10 17:51:11,13,6,Invierno
108176,AMOXICILINA 500MG CAP CJAX100UND,PHARMA GENERICOS,0.0,15.0,3.75,2026-06-11 18:06:34,12,6,Invierno
108176,AMOXICILINA 500MG CAP CJAX100UND,PHARMA GENERICOS,0.0,20.0,5.0,2026-06-12 15:27:08,11,6,Invierno
108176,AMOXICILINA 500MG CAP CJAX100UND,PHARMA GENERICOS,0.0,10.0,2.5,2026-06-12 20:31:57,7,6,Invierno
108176,AMOXICILINA 500MG CAP CJAX100UND,PHARMA GENERICOS,0.0,20.0,5.0,2026-06-16 18:02:00,10,6,Invierno
108176,AMOXICILINA 500MG CAP CJAX100UND,PHARMA GENERICOS,0.0,2.0,0.5,2026-06-16 20:31:54,13,6,Invierno
108176,AMOXICILINA 500MG CAP CJAX100UND,PHARMA GENERICOS,0.0,10.0,2.5,2026-06-20 20:21:48,8,6,Invierno
108176,AMOXICILINA 500MG CAP CJAX100UND,PHARMA GENERICOS,0.0,10.0,2.5,2026-06-27 14:10:19,10,6,Invierno
108176,AMOXICILINA 500MG CAP CJAX100UND,PHARMA GENERICOS,0.0,20.0,5.0,2026-07-08 16:03:58,11,7,Invierno
108176,AMOXICILINA 500MG CAP CJAX100UND,PHARMA GENERICOS,0.0,10.0,2.5,2026-07-14 08:01:12,12,7,Invierno
108176,AMOXICILINA 500MG CAP CJAX100UND,PHARMA GENERICOS,0.0,10.0,2.5,2026-07-14 11:10:48,15,7,Invierno
108176,AMOXICILINA 500MG CAP CJAX100UND,PHARMA GENERICOS,0.0,10.0,2.5,2026-07-14 20:19:18,11,7,Invierno
108176,AMOXICILINA 500MG CAP CJAX100UND,PHARMA GENERICOS,0.0,1.0,0.25,2026-07-17 22:20:19,16,7,Invierno
108176,AMOXICILINA 500MG CAP CJAX100UND,PHARMA GENERICOS,0.0,10.0,2.5,2026-07-18 11:30:05,11,7,Invierno
108176,AMOXICILINA 500MG CAP CJAX100UND,PHARMA GENERICOS,0.0,10.0,2.5,2026-07-21 09:25:05,12,7,Invierno
108176,AMOXICILINA 500MG CAP CJAX100UND,PHARMA GENERICOS,0.0,10.0,2.5,2026-07-23 11:52:55,15,7,Invierno
108176,AMOXICILINA 500MG CAP CJAX100UND,PHARMA GENERICOS,0.0,10.0,2.5,2026-07-24 09:15:51,8,7,Invierno
108176,AMOXICILINA 500MG CAP CJAX100UND,PHARMA GENERICOS,0.0,5.0,1.25,2026-07-30 14:41:13,8,7,Invierno
108176,AMOXICILINA 500MG CAP CJAX100UND,PHARMA GENERICOS,0.0,10.0,2.5,2026-07-30 20:09:57,8,7,Invierno
108176,AMOXICILINA 500MG CAP CJAX100UND,PHARMA GENERICOS,0.0,10.0,2.5,2026-08-04 09:34:45,10,8,Invierno
