codpro,prod,tipo,cantidad,unidades,total,fecdoc,sucursal,mes,estacion
101069,AZITROMICINA 500MG CJAX30TAB,ACFARMA GENERICO,0.0,14.0,12.6,2024-01-01 11:51:32,5,1,Verano
101069,AZITROMICINA 500MG CJAX30TAB,ACFARMA GENERICO,0.0,1.0,0.9,2024-01-01 20:02:31,7,1,Verano
101069,AZITROMICINA 500MG CJAX30TAB,ACFARMA GENERICO,0.0,2.0,1.8,2024-01-01 20:03:44,7,1,Verano
101069,AZITROMICINA 500MG CJAX30TAB,ACFARMA GENERICO,0.0,5.0,4.5,2024-01-02 09:47:31,8,1,Verano
101069,AZITROMICINA 500MG CJAX30TAB,ACFARMA GENERICO,0.0,10.0,9.0,2024-01-02 11:16:26,2,1,Verano
101069,AZITROMICINA 500MG CJAX30TAB,ACFARMA GENERICO,0.0,3.0,2.7,2024-01-02 13:01:31,2,1,Verano
101069,AZITROMICINA 500MG CJAX30TAB,ACFARMA GENERICO,0.0,6.0,5.4,2024-01-02 13:27:19,2,1,Verano
101069,AZITROMICINA 500MG CJAX30TAB,ACFARMA GENERICO,0.0,2.0,1.8,2024-01-02 17:10:14,2,1,Verano
101069,AZITROMICINA 500MG CJAX30TAB,ACFARMA GENERICO,0.0,2.0,1.8,2024-01-02 17:49:09,2,1,Verano
101069,AZITROMICINA 500MG CJAX30TAB,ACFARMA GENERICO,0.0,1.0,0.9,2024-01-03 09:53:36,2,1,Verano
101069,AZITROMICINA 500MG CJAX30TAB,ACFARMA GENERICO,1.0,0.0,27.0,2024-01-03 12:10:56,6,1,Verano
101069,AZITROMICINA 500MG CJAX30TAB,ACFARMA GENERICO,0.0,6.0,5.4,2024-01-03 13:21:34,2,1,Verano
101069,AZITROMICINA 500MG CJAX30TAB,ACFARMA GENERICO,0.0,3.0,2.7,2024-01-03 14:51:50,2,1,Verano
101069,AZITROMICINA 500MG CJAX30TAB,ACFARMA GENERICO,0.0,1.0,0.9,2024-01-03 15:59:00,1,1,Verano
101069,AZITROMICINA 500MG CJAX30TAB,ACFARMA GENERICO,0.0,1.0,0.9,2024-01-03 20:37:19,9,1,Verano
101069,AZITROMICINA 500MG CJAX30TAB,ACFARMA GENERICO,0.0,1.0,0.9,2024-01-03 21:13:28,2,1,Verano
101069,AZITROMICINA 500MG CJAX30TAB,ACFARMA GENERICO,0.0,5.0,4.5,2024-01-04 16:17:11,2,1,Verano
101069,AZITROMICINA 500MG CJAX30TAB,ACFARMA GENERICO,0.0,6.0,5.4,2024-01-04 19:13:51,2,1,Verano
101069,AZITROMICINA 500MG CJAX30TAB,ACFARMA GENERICO,0.0,2.0,1.8,2024-01-05 08:41:27,9,1,Verano
101069,AZITROMICINA 500MG CJAX30TAB,ACFARMA GENERICO,0.0,3.0,2.7,2024-01-05 14:26:57,10,1,Verano
101069,AZITROMICINA 500MG CJAX30TAB,ACFARMA GENERICO,0.0,3.0,2.7,2024-01-05 15:08:35,9,1,Verano
101069,AZITROMICINA 500MG CJAX30TAB,ACFARMA GENERICO,0.0,3.0,2.7,2024-01-05 16:19:42,3,1,Verano
101069,AZITROMICINA 500MG CJAX30TAB,ACFARMA GENERICO,0.0,5.0,4.5,2024-01-05 16:59:26,2,1,Verano
101069,AZITROMICINA 500MG CJAX30TAB,ACFARMA GENERICO,0.0,3.0,2.7,2024-01-05 17:06:32,9,1,Verano
101069,AZITROMICINA 500MG CJAX30TAB,ACFARMA GENERICO,0.0,4.0,3.6,2024-01-05 17:29:14,3,1,Verano
101069,AZITROMICINA 500MG CJAX30TAB,ACFARMA GENERICO,0.0,10.0,9.0,2024-01-05 19:46:42,2,1,Verano
101069,AZITROMICINA 500MG CJAX30TAB,ACFARMA GENERICO,0.0,5.0,4.5,2024-01-05 20:30:02,9,1,Verano
101069,AZITROMICINA 500MG CJAX30TAB,ACFARMA GENERICO,0.0,5.0,4.5,2024-01-06 11:25:54,2,1,Verano
101069,AZITROMICINA 500MG CJAX30TAB,ACFARMA GENERICO,0.0,3.0,2.7,2024-01-06 11:30:58,8,1,Verano
101069,AZITROMICINA 500MG CJAX30TAB,ACFARMA GENERICO,0.0,30.0,27.0,2024-01-06 11:37:12,2,1,Verano
101069,AZITROMICINA 500MG CJAX30TAB,ACFARMA GENERICO,0.0,10.0,9.0,2024-01-06 11:41:01,10,1,Verano
101069,AZITROMICINA 500MG CJAX30TAB,ACFARMA GENERICO,0.0,1.0,0.9,2024-01-06 13:03:40,2,1,Verano
101069,AZITROMICINA 500MG CJAX30TAB,ACFARMA GENERICO,0.0,20.0,18.0,2024-01-06 16:48:59,1,1,Verano
101069,AZITROMICINA 500MG CJAX30TAB,ACFARMA GENERICO,0.0,4.0,3.6,2024-01-06 17:55:12,4,1,Verano
101069,AZITROMICINA 500MG CJAX30TAB,ACFARMA GENERICO,0.0,4.0,3.6,2024-01-06 18:07:54,9,1,Verano
101069,AZITROMICINA 500MG CJAX30TAB,ACFARMA GENERICO,0.0,1.0,0.9,2024-01-06 19:02:28,5,1,Verano
101069,AZITROMICINA 500MG CJAX30TAB,ACFARMA GENERICO,0.0,2.0,1.8,2024-01-06 19:28:31,2,1,Verano
101069,AZITROMICINA 500MG CJAX30TAB,ACFARMA GENERICO,0.0,5.0,4.5,2024-01-06 19:49:24,10,1,Verano
101069,AZITROMICINA 500MG CJAX30TAB,ACFARMA GENERICO,0.0,1.0,0.9,2024-01-06 20:15:54,3,1,Verano
101069,AZITROMICINA 500MG CJAX30TAB,ACFARMA GENERICO,0.0,2.0,1.8,2024-01-06 20:44:23,3,1,Verano
101069,AZITROMICINA 500MG CJAX30TAB,ACFARMA GENERICO,0.0,1.0,0.9,2024-01-06 21:56:03,9,1,Verano
101069,AZITROMICINA 500MG CJAX30TAB,ACFARMA GENERICO,0.0,4.0,3.6,2024-01-06 23:24:28,4,1,Verano
101069,AZITROMICINA 500MG CJAX30TAB,ACFARMA GENERICO,0.0,5.0,4.5,2024-01-07 08:53:41,2,1,Verano
101069,AZITROMICINA 500MG CJAX30TAB,ACFARMA GENERICO,0.0,5.0,4.5,2024-01-07 12:35:10,2,1,Verano
101069,AZITROMICINA 500MG CJAX30TAB,ACFARMA GENERICO,0.0,3.0,2.7,2024-01-07 13:40:04,5,1,Verano
101069,AZITROMICINA 500MG CJAX30TAB,ACFARMA GENERICO,0.0,3.0,2.7,2024-01-07 14:03:40,9,1,Verano
101069,AZITROMICINA 500MG CJAX30TAB,ACFARMA GENERICO,0.0,3.0,2.7,2024-01-08 09:12:07,7,1,Verano
101069,AZITROMICINA 500MG CJAX30TAB,ACFARMA GENERICO,0.0,2.0,1.8,2024-01-08 12:43:59,5,1,Verano
101069,AZITROMICINA 500MG CJAX30TAB,ACFARMA GENERICO,0.0,1.0,0.9,2024-01-08 13:46:09,8,1,Verano
101069,AZITROMICINA 500MG CJAX30TAB,ACFARMA GENERICO,0.0,4.0,3.6,2024-01-08 15:30:24,7,1,Verano
101069,AZITROMICINA 500MG CJAX30TAB,ACFARMA GENERICO,0.0,3.0,2.7,2024-01-08 17:01:09,3,1,Verano
101069,AZITROMICINA 500MG CJAX30TAB,ACFARMA GENERICO,0.0,5.0,4.5,2024-01-08 18:14:28,10,1,Verano
101069,AZITROMICINA 500MG CJAX30TAB,ACFARMA GENERICO,0.0,10.0,9.0,2024-01-08 19:45:41,2,1,Verano
101069,AZITROMICINA 500MG CJAX30TAB,ACFARMA GENERICO,0.0,3.0,2.7,2024-01-08 20:27:37,2,1,Verano
101069,AZITROMICINA 500MG CJAX30TAB,ACFARMA GENERICO,0.0,5.0,4.5,2024-01-08 20:59:11,2,1,Verano
101069,AZITROMICINA 500MG CJAX30TAB,ACFARMA GENERICO,0.0,10.0,9.0,2024-01-08 22:29:28,5,1,Verano
101069,AZITROMICINA 500MG CJAX30TAB,ACFARMA GENERICO,0.0,3.0,2.7,2024-01-09 10:58:59,2,1,Verano
101069,AZITROMICINA 500MG CJAX30TAB,ACFARMA GENERICO,0.0,2.0,1.8,2024-01-09 12:37:13,5,1,Verano
101069,AZITROMICINA 500MG CJAX30TAB,ACFARMA GENERICO,0.0,2.0,1.8,2024-01-09 13:04:14,4,1,Verano
101069,AZITROMICINA 500MG CJAX30TAB,ACFARMA GENERICO,0.0,4.0,3.6,2024-01-09 17:42:18,3,1,Verano
101069,AZITROMICINA 500MG CJAX30TAB,ACFARMA GENERICO,0.0,3.0,2.7,2024-01-09 19:34:40,2,1,Verano
101069,AZITROMICINA 500MG CJAX30TAB,ACFARMA GENERICO,0.0,1.0,0.9,2024-01-09 21:12:44,9,1,Verano
101069,AZITROMICINA 500MG CJAX30TAB,ACFARMA GENERICO,0.0,10.0,9.0,2024-01-09 22:19:44,4,1,Verano
101069,AZITROMICINA 500MG CJAX30TAB,ACFARMA GENERICO,0.0,2.0,1.8,2024-01-10 08:30:20,3,1,Verano
101069,AZITROMICINA 500MG CJAX30TAB,ACFARMA GENERICO,0.0,5.0,4.5,2024-01-10 09:06:16,6,1,Verano
101069,AZITROMICINA 500MG CJAX30TAB,ACFARMA GENERICO,0.0,3.0,2.7,2024-01-10 12:27:46,2,1,Verano
101069,AZITROMICINA 500MG CJAX30TAB,ACFARMA GENERICO,0.0,3.0,2.7,2024-01-11 10:38:43,3,1,Verano
101069,AZITROMICINA 500MG CJAX30TAB,ACFARMA GENERICO,0.0,5.0,4.5,2024-01-11 16:36:33,2,1,Verano
101069,AZITROMICINA 500MG CJAX30TAB,ACFARMA GENERICO,0.0,1.0,0.9,2024-01-11 19:16:33,2,1,Verano
101069,AZITROMICINA 500MG CJAX30TAB,ACFARMA GENERICO,0.0,3.0,2.7,2024-01-12 19:49:22,2,1,Verano
101069,AZITROMICINA 500MG CJAX30TAB,ACFARMA GENERICO,0.0,1.0,0.9,2024-01-12 21:54:18,9,1,Verano
101069,AZITROMICINA 500MG CJAX30TAB,ACFARMA GENERICO,0.0,5.0,4.5,2024-01-12 22:05:38,10,1,Verano
101069,AZITROMICINA 500MG CJAX30TAB,ACFARMA GENERICO,0.0,2.0,1.8,2024-01-12 22:45:17,5,1,Verano
101069,AZITROMICINA 500MG CJAX30TAB,ACFARMA GENERICO,0.0,1.0,0.85,2024-01-12 23:18:11,5,1,Verano
101069,AZITROMICINA 500MG CJAX30TAB,ACFARMA GENERICO,0.0,10.0,9.0,2024-01-14 15:13:09,4,1,Verano
101069,AZITROMICINA 500MG CJAX30TAB,ACFARMA GENERICO,0.0,10.0,9.0,2024-01-14 16:45:09,6,1,Verano
101069,AZITROMICINA 500MG CJAX30TAB,ACFARMA GENERICO,0.0,1.0,0.9,2024-01-15 11:58:18,1,1,Verano
101069,AZITROMICINA 500MG CJAX30TAB,ACFARMA GENERICO,0.0,1.0,0.9,2024-01-15 16:24:50,2,1,Verano
101069,AZITROMICINA 500MG CJAX30TAB,ACFARMA GENERICO,0.0,10.0,9.0,2024-01-15 19:33:12,2,1,Verano
101069,AZITROMICINA 500MG CJAX30TAB,ACFARMA GENERICO,0.0,2.0,1.8,2024-01-15 20:11:55,6,1,Verano
101069,AZITROMICINA 500MG CJAX30TAB,ACFARMA GENERICO,0.0,1.0,0.9,2024-01-16 12:38:45,2,1,Verano
101069,AZITROMICINA 500MG CJAX30TAB,ACFARMA GENERICO,0.0,5.0,4.5,2024-01-16 19:16:22,6,1,Verano
101069,AZITROMICINA 500MG CJAX30TAB,ACFARMA GENERICO,0.0,5.0,4.5,2024-01-17 11:19:10,4,1,Verano
101069,AZITROMICINA 500MG CJAX30TAB,ACFARMA GENERICO,0.0,4.0,3.6,2024-01-17 16:45:45,6,1,Verano
101069,AZITROMICINA 500MG CJAX30TAB,ACFARMA GENERICO,0.0,3.0,2.7,2024-01-17 19:57:56,2,1,Verano
101069,AZITROMICINA 500MG CJAX30TAB,ACFARMA GENERICO,0.0,3.0,2.7,2024-01-17 20:38:41,10,1,Verano
101069,AZITROMICINA 500MG CJAX30TAB,ACFARMA GENERICO,0.0,10.0,9.0,2024-01-18 08:38:47,5,1,Verano
101069,AZITROMICINA 500MG CJAX30TAB,ACFARMA GENERICO,0.0,-10.0,-9.0,2024-01-18 12:00:00,5,1,Verano
101069,AZITROMICINA 500MG CJAX30TAB,ACFARMA GENERICO,0.0,2.0,1.8,2024-01-18 12:06:37,5,1,Verano
101069,AZITROMICINA 500MG CJAX30TAB,ACFARMA GENERICO,0.0,21.0,18.9,2024-01-18 12:11:57,10,1,Verano
101069,AZITROMICINA 500MG CJAX30TAB,ACFARMA GENERICO,0.0,10.0,9.0,2024-01-19 15:52:48,2,1,Verano
101069,AZITROMICINA 500MG CJAX30TAB,ACFARMA GENERICO,0.0,2.0,1.8,2024-01-19 16:59:30,2,1,Verano
101069,AZITROMICINA 500MG CJAX30TAB,ACFARMA GENERICO,0.0,3.0,2.7,2024-01-19 17:00:13,4,1,Verano
101069,AZITROMICINA 500MG CJAX30TAB,ACFARMA GENERICO,0.0,6.0,5.4,2024-01-19 17:37:12,5,1,Verano
101069,AZITROMICINA 500MG CJAX30TAB,ACFARMA GENERICO,0.0,10.0,9.0,2024-01-19 19:36:03,5,1,Verano
101069,AZITROMICINA 500MG CJAX30TAB,ACFARMA GENERICO,0.0,4.0,3.6,2024-01-21 12:38:12,2,1,Verano
101069,AZITROMICINA 500MG CJAX30TAB,ACFARMA GENERICO,0.0,3.0,2.7,2024-01-21 20:12:57,2,1,Verano
101069,AZITROMICINA 500MG CJAX30TAB,ACFARMA GENERICO,0.0,5.0,4.5,2024-01-21 21:35:40,7,1,Verano
101069,AZITROMICINA 500MG CJAX30TAB,ACFARMA GENERICO,0.0,3.0,2.7,2024-01-22 08:50:36,4,1,Verano
101069,AZITROMICINA 500MG CJAX30TAB,ACFARMA GENERICO,0.0,2.0,1.8,2024-01-22 20:01:37,6,1,Verano
101069,AZITROMICINA 500MG CJAX30TAB,ACFARMA GENERICO,0.0,3.0,2.7,2024-01-23 19:23:44,2,1,Verano
101069,AZITROMICINA 500MG CJAX30TAB,ACFARMA GENERICO,0.0,6.0,5.4,2024-01-24 10:52:24,2,1,Verano
101069,AZITROMICINA 500MG CJAX30TAB,ACFARMA GENERICO,0.0,30.0,27.0,2024-01-24 20:08:28,1,1,Verano
101069,AZITROMICINA 500MG CJAX30TAB,ACFARMA GENERICO,0.0,3.0,2.7,2024-01-25 10:22:54,6,1,Verano
101069,AZITROMICINA 500MG CJAX30TAB,ACFARMA GENERICO,0.0,10.0,9.0,2024-01-25 22:00:57,5,1,Verano
101069,AZITROMICINA 500MG CJAX30TAB,ACFARMA GENERICO,0.0,3.0,2.7,2024-01-26 20:47:04,2,1,Verano
101069,AZITROMICINA 500MG CJAX30TAB,ACFARMA GENERICO,0.0,1.0,0.9,2024-01-27 07:36:08,6,1,Verano
101069,AZITROMICINA 500MG CJAX30TAB,ACFARMA GENERICO,0.0,5.0,4.5,2024-01-27 16:26:17,1,1,Verano
101069,AZITROMICINA 500MG CJAX30TAB,ACFARMA GENERICO,0.0,5.0,4.5,2024-01-29 10:26:51,2,1,Verano
101069,AZITROMICINA 500MG CJAX30TAB,ACFARMA GENERICO,0.0,6.0,5.4,2024-01-30 14:04:28,8,1,Verano
101069,AZITROMICINA 500MG CJAX30TAB,ACFARMA GENERICO,0.0,4.0,3.6,2024-01-31 09:02:12,3,1,Verano
101069,AZITROMICINA 500MG CJAX30TAB,ACFARMA GENERICO,0.0,1.0,0.9,2024-02-01 08:37:57,3,2,Verano
101069,AZITROMICINA 500MG CJAX30TAB,ACFARMA GENERICO,0.0,4.0,3.6,2024-02-01 10:01:40,7,2,Verano
101069,AZITROMICINA 500MG CJAX30TAB,ACFARMA GENERICO,0.0,10.0,9.0,2024-02-01 19:29:48,7,2,Verano
101069,AZITROMICINA 500MG CJAX30TAB,ACFARMA GENERICO,0.0,6.0,5.4,2024-02-02 18:11:48,5,2,Verano
101069,AZITROMICINA 500MG CJAX30TAB,ACFARMA GENERICO,0.0,2.0,1.8,2024-02-02 19:31:03,7,2,Verano
101069,AZITROMICINA 500MG CJAX30TAB,ACFARMA GENERICO,0.0,1.0,0.9,2024-02-04 10:26:47,2,2,Verano
101069,AZITROMICINA 500MG CJAX30TAB,ACFARMA GENERICO,0.0,2.0,1.8,2024-02-05 08:28:00,3,2,Verano
101069,AZITROMICINA 500MG CJAX30TAB,ACFARMA GENERICO,0.0,3.0,2.7,2024-02-06 10:10:26,3,2,Verano
101069,AZITROMICINA 500MG CJAX30TAB,ACFARMA GENERICO,0.0,3.0,2.7,2024-02-08 09:50:10,5,2,Verano
101069,AZITROMICINA 500MG CJAX30TAB,ACFARMA GENERICO,0.0,10.0,9.0,2024-02-08 14:43:31,1,2,Verano
101069,AZITROMICINA 500MG CJAX30TAB,ACFARMA GENERICO,0.0,10.0,9.0,2024-02-08 18:48:35,9,2,Verano
101069,AZITROMICINA 500MG CJAX30TAB,ACFARMA GENERICO,0.0,2.0,1.8,2024-02-08 20:02:16,8,2,Verano
101069,AZITROMICINA 500MG CJAX30TAB,ACFARMA GENERICO,0.0,10.0,9.0,2024-02-08 20:47:02,8,2,Verano
101069,AZITROMICINA 500MG CJAX30TAB,ACFARMA GENERICO,0.0,20.0,18.0,2024-02-09 11:46:34,10,2,Verano
101069,AZITROMICINA 500MG CJAX30TAB,ACFARMA GENERICO,0.0,2.0,1.8,2024-02-09 16:43:20,3,2,Verano
101069,AZITROMICINA 500MG CJAX30TAB,ACFARMA GENERICO,0.0,1.0,0.9,2024-02-10 18:14:13,8,2,Verano
101069,AZITROMICINA 500MG CJAX30TAB,ACFARMA GENERICO,0.0,2.0,1.8,2024-02-11 16:38:37,9,2,Verano
101069,AZITROMICINA 500MG CJAX30TAB,ACFARMA GENERICO,0.0,1.0,0.9,2024-02-12 10:59:45,2,2,Verano
101069,AZITROMICINA 500MG CJAX30TAB,ACFARMA GENERICO,0.0,10.0,9.0,2024-02-12 15:39:06,4,2,Verano
101069,AZITROMICINA 500MG CJAX30TAB,ACFARMA GENERICO,0.0,10.0,9.0,2024-02-12 22:37:59,5,2,Verano
101069,AZITROMICINA 500MG CJAX30TAB,ACFARMA GENERICO,0.0,5.0,4.5,2024-02-13 08:49:30,9,2,Verano
101069,AZITROMICINA 500MG CJAX30TAB,ACFARMA GENERICO,0.0,3.0,2.7,2024-02-14 12:02:46,8,2,Verano
101069,AZITROMICINA 500MG CJAX30TAB,ACFARMA GENERICO,0.0,4.0,3.6,2024-02-14 13:38:06,8,2,Verano
101069,AZITROMICINA 500MG CJAX30TAB,ACFARMA GENERICO,0.0,1.0,0.9,2024-02-15 10:30:36,7,2,Verano
101069,AZITROMICINA 500MG CJAX30TAB,ACFARMA GENERICO,0.0,3.0,2.7,2024-02-15 18:16:16,1,2,Verano
101069,AZITROMICINA 500MG CJAX30TAB,ACFARMA GENERICO,0.0,4.0,3.6,2024-02-15 18:38:56,1,2,Verano
101069,AZITROMICINA 500MG CJAX30TAB,ACFARMA GENERICO,0.0,3.0,2.7,2024-02-16 13:05:14,9,2,Verano
101069,AZITROMICINA 500MG CJAX30TAB,ACFARMA GENERICO,0.0,3.0,2.7,2024-02-16 17:14:23,8,2,Verano
101069,AZITROMICINA 500MG CJAX30TAB,ACFARMA GENERICO,0.0,4.0,3.6,2024-02-16 20:08:41,1,2,Verano
101069,AZITROMICINA 500MG CJAX30TAB,ACFARMA GENERICO,0.0,3.0,2.7,2024-02-18 20:48:34,1,2,Verano
101069,AZITROMICINA 500MG CJAX30TAB,ACFARMA GENERICO,0.0,1.0,0.9,2024-02-19 07:25:13,6,2,Verano
101069,AZITROMICINA 500MG CJAX30TAB,ACFARMA GENERICO,0.0,3.0,2.7,2024-02-19 11:14:13,8,2,Verano
101069,AZITROMICINA 500MG CJAX30TAB,ACFARMA GENERICO,0.0,2.0,1.8,2024-02-19 17:43:50,9,2,Verano
101069,AZITROMICINA 500MG CJAX30TAB,ACFARMA GENERICO,0.0,6.0,5.4,2024-02-19 18:38:48,2,2,Verano
101069,AZITROMICINA 500MG CJAX30TAB,ACFARMA GENERICO,0.0,3.0,2.7,2024-02-20 13:41:43,2,2,Verano
101069,AZITROMICINA 500MG CJAX30TAB,ACFARMA GENERICO,0.0,3.0,2.7,2024-02-20 18:31:52,2,2,Verano
101069,AZITROMICINA 500MG CJAX30TAB,ACFARMA GENERICO,0.0,4.0,3.6,2024-02-20 20:55:20,9,2,Verano
101069,AZITROMICINA 500MG CJAX30TAB,ACFARMA GENERICO,0.0,3.0,2.7,2024-02-23 12:13:13,10,2,Verano
101069,AZITROMICINA 500MG CJAX30TAB,ACFARMA GENERICO,0.0,20.0,18.0,2024-02-23 20:20:00,7,2,Verano
101069,AZITROMICINA 500MG CJAX30TAB,ACFARMA GENERICO,0.0,2.0,1.8,2024-02-23 20:21:57,2,2,Verano
101069,AZITROMICINA 500MG CJAX30TAB,ACFARMA GENERICO,0.0,10.0,9.0,2024-02-24 10:09:12,6,2,Verano
101069,AZITROMICINA 500MG CJAX30TAB,ACFARMA GENERICO,0.0,3.0,2.7,2024-02-25 18:13:02,5,2,Verano
101069,AZITROMICINA 500MG CJAX30TAB,ACFARMA GENERICO,0.0,3.0,2.7,2024-02-25 18:44:55,2,2,Verano
101069,AZITROMICINA 500MG CJAX30TAB,ACFARMA GENERICO,0.0,10.0,9.0,2024-02-26 09:50:07,6,2,Verano
101069,AZITROMICINA 500MG CJAX30TAB,ACFARMA GENERICO,0.0,1.0,0.9,2024-02-27 14:14:36,2,2,Verano
101069,AZITROMICINA 500MG CJAX30TAB,ACFARMA GENERICO,0.0,10.0,9.0,2024-02-27 19:11:26,3,2,Verano
101069,AZITROMICINA 500MG CJAX30TAB,ACFARMA GENERICO,0.0,10.0,9.0,2024-02-27 20:25:32,7,2,Verano
101069,AZITROMICINA 500MG CJAX30TAB,ACFARMA GENERICO,0.0,5.0,4.5,2024-02-28 19:04:11,2,2,Verano
101069,AZITROMICINA 500MG CJAX30TAB,ACFARMA GENERICO,0.0,10.0,9.0,2024-02-29 17:14:49,2,2,Verano
101069,AZITROMICINA 500MG CJAX30TAB,ACFARMA GENERICO,0.0,3.0,2.7,2024-02-29 18:53:25,5,2,Verano
101069,AZITROMICINA 500MG CJAX30TAB,ACFARMA GENERICO,0.0,1.0,0.9,2024-03-01 07:49:50,6,3,Otoño
101069,AZITROMICINA 500MG CJAX30TAB,ACFARMA GENERICO,0.0,1.0,0.9,2024-03-01 08:16:29,5,3,Otoño
101069,AZITROMICINA 500MG CJAX30TAB,ACFARMA GENERICO,0.0,-1.0,-0.9,2024-03-01 12:00:00,5,3,Otoño
101069,AZITROMICINA 500MG CJAX30TAB,ACFARMA GENERICO,0.0,2.0,1.8,2024-03-01 17:51:26,9,3,Otoño
101069,AZITROMICINA 500MG CJAX30TAB,ACFARMA GENERICO,0.0,2.0,1.8,2024-03-03 18:22:01,2,3,Otoño
101069,AZITROMICINA 500MG CJAX30TAB,ACFARMA GENERICO,0.0,10.0,9.0,2024-03-03 20:41:50,9,3,Otoño
101069,AZITROMICINA 500MG CJAX30TAB,ACFARMA GENERICO,0.0,7.0,6.3,2024-03-04 11:36:11,10,3,Otoño
101069,AZITROMICINA 500MG CJAX30TAB,ACFARMA GENERICO,0.0,1.0,0.9,2024-03-04 18:14:40,10,3,Otoño
101069,AZITROMICINA 500MG CJAX30TAB,ACFARMA GENERICO,0.0,10.0,9.0,2024-03-05 20:07:52,3,3,Otoño
101069,AZITROMICINA 500MG CJAX30TAB,ACFARMA GENERICO,0.0,3.0,2.7,2024-03-05 22:07:38,5,3,Otoño
101069,AZITROMICINA 500MG CJAX30TAB,ACFARMA GENERICO,0.0,4.0,3.6,2024-03-07 11:38:07,9,3,Otoño
101069,AZITROMICINA 500MG CJAX30TAB,ACFARMA GENERICO,0.0,-10.0,-9.0,2024-03-07 12:00:00,4,3,Otoño
101069,AZITROMICINA 500MG CJAX30TAB,ACFARMA GENERICO,0.0,10.0,9.0,2024-03-07 14:25:14,4,3,Otoño
101069,AZITROMICINA 500MG CJAX30TAB,ACFARMA GENERICO,0.0,10.0,9.0,2024-03-07 14:26:38,4,3,Otoño
101069,AZITROMICINA 500MG CJAX30TAB,ACFARMA GENERICO,0.0,3.0,2.7,2024-03-08 08:00:48,4,3,Otoño
101069,AZITROMICINA 500MG CJAX30TAB,ACFARMA GENERICO,0.0,3.0,2.7,2024-03-08 08:14:40,4,3,Otoño
101069,AZITROMICINA 500MG CJAX30TAB,ACFARMA GENERICO,0.0,2.0,1.8,2024-03-08 11:34:43,7,3,Otoño
101069,AZITROMICINA 500MG CJAX30TAB,ACFARMA GENERICO,0.0,4.0,3.6,2024-03-09 12:53:48,6,3,Otoño
101069,AZITROMICINA 500MG CJAX30TAB,ACFARMA GENERICO,0.0,1.0,0.9,2024-03-10 15:20:17,2,3,Otoño
101069,AZITROMICINA 500MG CJAX30TAB,ACFARMA GENERICO,0.0,3.0,2.7,2024-03-11 20:10:15,7,3,Otoño
101069,AZITROMICINA 500MG CJAX30TAB,ACFARMA GENERICO,0.0,2.0,1.8,2024-03-12 11:48:20,3,3,Otoño
101069,AZITROMICINA 500MG CJAX30TAB,ACFARMA GENERICO,0.0,2.0,1.8,2024-03-12 16:04:35,9,3,Otoño
101069,AZITROMICINA 500MG CJAX30TAB,ACFARMA GENERICO,0.0,1.0,0.9,2024-03-12 16:41:50,8,3,Otoño
101069,AZITROMICINA 500MG CJAX30TAB,ACFARMA GENERICO,0.0,10.0,9.0,2024-03-12 17:47:46,2,3,Otoño
101069,AZITROMICINA 500MG CJAX30TAB,ACFARMA GENERICO,0.0,4.0,3.6,2024-03-12 21:46:02,4,3,Otoño
101069,AZITROMICINA 500MG CJAX30TAB,ACFARMA GENERICO,0.0,2.0,1.8,2024-03-13 08:43:21,2,3,Otoño
101069,AZITROMICINA 500MG CJAX30TAB,ACFARMA GENERICO,0.0,3.0,2.7,2024-03-13 13:16:31,5,3,Otoño
101069,AZITROMICINA 500MG CJAX30TAB,ACFARMA GENERICO,0.0,10.0,9.0,2024-03-13 16:36:27,5,3,Otoño
101069,AZITROMICINA 500MG CJAX30TAB,ACFARMA GENERICO,0.0,5.0,4.5,2024-03-14 16:22:27,4,3,Otoño
101069,AZITROMICINA 500MG CJAX30TAB,ACFARMA GENERICO,0.0,5.0,4.5,2024-03-14 20:44:32,2,3,Otoño
101069,AZITROMICINA 500MG CJAX30TAB,ACFARMA GENERICO,0.0,29.0,26.1,2024-03-14 21:18:43,10,3,Otoño
101069,AZITROMICINA 500MG CJAX30TAB,ACFARMA GENERICO,1.0,0.0,27.0,2024-03-14 21:18:43,10,3,Otoño
101069,AZITROMICINA 500MG CJAX30TAB,ACFARMA GENERICO,0.0,4.0,3.6,2024-03-16 09:46:46,3,3,Otoño
101069,AZITROMICINA 500MG CJAX30TAB,ACFARMA GENERICO,0.0,3.0,2.7,2024-03-16 11:36:24,9,3,Otoño
101069,AZITROMICINA 500MG CJAX30TAB,ACFARMA GENERICO,0.0,5.0,4.5,2024-03-16 16:13:04,6,3,Otoño
101069,AZITROMICINA 500MG CJAX30TAB,ACFARMA GENERICO,0.0,2.0,1.8,2024-03-17 16:47:24,2,3,Otoño
101069,AZITROMICINA 500MG CJAX30TAB,ACFARMA GENERICO,0.0,10.0,9.0,2024-03-17 19:42:56,7,3,Otoño
101069,AZITROMICINA 500MG CJAX30TAB,ACFARMA GENERICO,0.0,3.0,2.7,2024-03-17 20:18:35,9,3,Otoño
101069,AZITROMICINA 500MG CJAX30TAB,ACFARMA GENERICO,0.0,10.0,9.0,2024-03-18 18:39:10,2,3,Otoño
101069,AZITROMICINA 500MG CJAX30TAB,ACFARMA GENERICO,0.0,3.0,2.7,2024-03-19 10:27:51,1,3,Otoño
101069,AZITROMICINA 500MG CJAX30TAB,ACFARMA GENERICO,0.0,4.0,3.6,2024-03-19 16:28:16,2,3,Otoño
101069,AZITROMICINA 500MG CJAX30TAB,ACFARMA GENERICO,0.0,5.0,4.5,2024-03-19 21:33:28,7,3,Otoño
101069,AZITROMICINA 500MG CJAX30TAB,ACFARMA GENERICO,0.0,6.0,5.4,2024-03-21 16:14:11,12,3,Otoño
101069,AZITROMICINA 500MG CJAX30TAB,ACFARMA GENERICO,0.0,10.0,9.0,2024-03-22 21:59:32,8,3,Otoño
101069,AZITROMICINA 500MG CJAX30TAB,ACFARMA GENERICO,0.0,20.0,18.0,2024-03-23 10:18:44,7,3,Otoño
101069,AZITROMICINA 500MG CJAX30TAB,ACFARMA GENERICO,0.0,2.0,1.8,2024-03-24 13:32:54,5,3,Otoño
101069,AZITROMICINA 500MG CJAX30TAB,ACFARMA GENERICO,0.0,2.0,1.8,2024-03-24 16:09:08,12,3,Otoño
101069,AZITROMICINA 500MG CJAX30TAB,ACFARMA GENERICO,0.0,3.0,2.7,2024-03-24 19:27:50,9,3,Otoño
101069,AZITROMICINA 500MG CJAX30TAB,ACFARMA GENERICO,0.0,3.0,2.7,2024-03-25 13:54:11,8,3,Otoño
101069,AZITROMICINA 500MG CJAX30TAB,ACFARMA GENERICO,0.0,6.0,5.4,2024-03-25 14:22:07,3,3,Otoño
101069,AZITROMICINA 500MG CJAX30TAB,ACFARMA GENERICO,0.0,3.0,2.7,2024-03-25 21:11:36,8,3,Otoño
101069,AZITROMICINA 500MG CJAX30TAB,ACFARMA GENERICO,0.0,3.0,2.7,2024-03-26 09:46:42,1,3,Otoño
101069,AZITROMICINA 500MG CJAX30TAB,ACFARMA GENERICO,0.0,3.0,2.7,2024-03-26 19:41:21,2,3,Otoño
101069,AZITROMICINA 500MG CJAX30TAB,ACFARMA GENERICO,0.0,1.0,0.9,2024-03-27 22:04:27,8,3,Otoño
101069,AZITROMICINA 500MG CJAX30TAB,ACFARMA GENERICO,0.0,10.0,9.0,2024-03-28 17:50:32,2,3,Otoño
101069,AZITROMICINA 500MG CJAX30TAB,ACFARMA GENERICO,0.0,3.0,2.7,2024-03-28 18:13:01,4,3,Otoño
101069,AZITROMICINA 500MG CJAX30TAB,ACFARMA GENERICO,0.0,10.0,9.0,2024-03-28 21:50:05,9,3,Otoño
101069,AZITROMICINA 500MG CJAX30TAB,ACFARMA GENERICO,0.0,1.0,0.9,2024-03-29 13:50:17,5,3,Otoño
101069,AZITROMICINA 500MG CJAX30TAB,ACFARMA GENERICO,0.0,3.0,2.7,2024-03-29 15:09:25,5,3,Otoño
101069,AZITROMICINA 500MG CJAX30TAB,ACFARMA GENERICO,0.0,2.0,1.8,2024-03-29 18:10:23,2,3,Otoño
101069,AZITROMICINA 500MG CJAX30TAB,ACFARMA GENERICO,0.0,2.0,1.8,2024-03-30 14:23:10,9,3,Otoño
101069,AZITROMICINA 500MG CJAX30TAB,ACFARMA GENERICO,0.0,4.0,3.6,2024-04-01 21:50:14,1,4,Otoño
101069,AZITROMICINA 500MG CJAX30TAB,ACFARMA GENERICO,0.0,4.0,3.6,2024-04-02 21:12:58,3,4,Otoño
101069,AZITROMICINA 500MG CJAX30TAB,ACFARMA GENERICO,0.0,3.0,2.7,2024-04-02 21:20:39,2,4,Otoño
101069,AZITROMICINA 500MG CJAX30TAB,ACFARMA GENERICO,0.0,2.0,1.8,2024-04-03 18:10:56,5,4,Otoño
101069,AZITROMICINA 500MG CJAX30TAB,ACFARMA GENERICO,0.0,5.0,4.5,2024-04-04 14:49:26,1,4,Otoño
101069,AZITROMICINA 500MG CJAX30TAB,ACFARMA GENERICO,0.0,3.0,2.7,2024-04-04 19:22:13,9,4,Otoño
101069,AZITROMICINA 500MG CJAX30TAB,ACFARMA GENERICO,0.0,4.0,3.6,2024-04-05 08:49:53,1,4,Otoño
101069,AZITROMICINA 500MG CJAX30TAB,ACFARMA GENERICO,0.0,5.0,4.5,2024-04-05 13:14:22,1,4,Otoño
101069,AZITROMICINA 500MG CJAX30TAB,ACFARMA GENERICO,0.0,1.0,0.9,2024-04-05 13:54:26,7,4,Otoño
101069,AZITROMICINA 500MG CJAX30TAB,ACFARMA GENERICO,0.0,1.0,0.9,2024-04-05 17:10:48,2,4,Otoño
101069,AZITROMICINA 500MG CJAX30TAB,ACFARMA GENERICO,0.0,6.0,5.4,2024-04-06 19:53:09,10,4,Otoño
101069,AZITROMICINA 500MG CJAX30TAB,ACFARMA GENERICO,0.0,7.0,6.3,2024-04-06 20:43:20,1,4,Otoño
101069,AZITROMICINA 500MG CJAX30TAB,ACFARMA GENERICO,0.0,4.0,3.6,2024-04-06 21:58:50,10,4,Otoño
101069,AZITROMICINA 500MG CJAX30TAB,ACFARMA GENERICO,0.0,4.0,3.6,2024-04-07 11:41:20,10,4,Otoño
101069,AZITROMICINA 500MG CJAX30TAB,ACFARMA GENERICO,0.0,10.0,9.0,2024-04-07 12:34:45,10,4,Otoño
101069,AZITROMICINA 500MG CJAX30TAB,ACFARMA GENERICO,0.0,2.0,1.8,2024-04-07 14:24:28,7,4,Otoño
101069,AZITROMICINA 500MG CJAX30TAB,ACFARMA GENERICO,0.0,3.0,2.7,2024-04-07 17:32:26,3,4,Otoño
101069,AZITROMICINA 500MG CJAX30TAB,ACFARMA GENERICO,0.0,10.0,9.0,2024-04-08 13:04:11,2,4,Otoño
101069,AZITROMICINA 500MG CJAX30TAB,ACFARMA GENERICO,0.0,4.0,3.6,2024-04-09 11:16:59,8,4,Otoño
101069,AZITROMICINA 500MG CJAX30TAB,ACFARMA GENERICO,0.0,10.0,9.0,2024-04-10 20:57:53,2,4,Otoño
101069,AZITROMICINA 500MG CJAX30TAB,ACFARMA GENERICO,0.0,5.0,4.5,2024-04-11 18:59:33,10,4,Otoño
101069,AZITROMICINA 500MG CJAX30TAB,ACFARMA GENERICO,0.0,3.0,2.7,2024-04-12 15:16:01,7,4,Otoño
101069,AZITROMICINA 500MG CJAX30TAB,ACFARMA GENERICO,0.0,3.0,2.7,2024-04-14 19:11:10,1,4,Otoño
101069,AZITROMICINA 500MG CJAX30TAB,ACFARMA GENERICO,0.0,3.0,2.7,2024-04-15 08:25:56,9,4,Otoño
101069,AZITROMICINA 500MG CJAX30TAB,ACFARMA GENERICO,0.0,5.0,4.5,2024-04-15 09:35:33,3,4,Otoño
101069,AZITROMICINA 500MG CJAX30TAB,ACFARMA GENERICO,0.0,2.0,1.8,2024-04-15 11:56:12,11,4,Otoño
101069,AZITROMICINA 500MG CJAX30TAB,ACFARMA GENERICO,0.0,3.0,2.7,2024-04-16 18:50:18,5,4,Otoño
101069,AZITROMICINA 500MG CJAX30TAB,ACFARMA GENERICO,0.0,2.0,1.8,2024-04-16 21:14:56,8,4,Otoño
101069,AZITROMICINA 500MG CJAX30TAB,ACFARMA GENERICO,0.0,6.0,5.4,2024-04-16 22:15:23,5,4,Otoño
101069,AZITROMICINA 500MG CJAX30TAB,ACFARMA GENERICO,0.0,5.0,4.5,2024-04-17 18:55:34,9,4,Otoño
101069,AZITROMICINA 500MG CJAX30TAB,ACFARMA GENERICO,1.0,0.0,27.0,2024-04-17 19:11:19,7,4,Otoño
101069,AZITROMICINA 500MG CJAX30TAB,ACFARMA GENERICO,1.0,0.0,27.0,2024-04-18 13:44:30,1,4,Otoño
101069,AZITROMICINA 500MG CJAX30TAB,ACFARMA GENERICO,0.0,5.0,4.5,2024-04-19 15:46:59,9,4,Otoño
101069,AZITROMICINA 500MG CJAX30TAB,ACFARMA GENERICO,0.0,5.0,4.5,2024-04-20 14:41:22,2,4,Otoño
101069,AZITROMICINA 500MG CJAX30TAB,ACFARMA GENERICO,0.0,4.0,3.6,2024-04-20 16:59:38,2,4,Otoño
101069,AZITROMICINA 500MG CJAX30TAB,ACFARMA GENERICO,0.0,10.0,9.0,2024-04-20 18:46:54,7,4,Otoño
101069,AZITROMICINA 500MG CJAX30TAB,ACFARMA GENERICO,0.0,3.0,2.7,2024-04-20 19:14:59,9,4,Otoño
101069,AZITROMICINA 500MG CJAX30TAB,ACFARMA GENERICO,0.0,1.0,0.9,2024-04-22 11:05:28,2,4,Otoño
101069,AZITROMICINA 500MG CJAX30TAB,ACFARMA GENERICO,0.0,3.0,2.7,2024-04-22 12:49:30,9,4,Otoño
101069,AZITROMICINA 500MG CJAX30TAB,ACFARMA GENERICO,0.0,5.0,4.5,2024-04-23 10:35:03,10,4,Otoño
101069,AZITROMICINA 500MG CJAX30TAB,ACFARMA GENERICO,0.0,12.0,10.8,2024-04-23 11:23:10,11,4,Otoño
101069,AZITROMICINA 500MG CJAX30TAB,ACFARMA GENERICO,0.0,4.0,3.6,2024-04-23 16:32:11,7,4,Otoño
101069,AZITROMICINA 500MG CJAX30TAB,ACFARMA GENERICO,0.0,10.0,9.0,2024-04-23 18:34:38,12,4,Otoño
101069,AZITROMICINA 500MG CJAX30TAB,ACFARMA GENERICO,0.0,3.0,2.7,2024-04-23 19:07:50,5,4,Otoño
101069,AZITROMICINA 500MG CJAX30TAB,ACFARMA GENERICO,0.0,3.0,2.7,2024-04-24 08:29:30,1,4,Otoño
101069,AZITROMICINA 500MG CJAX30TAB,ACFARMA GENERICO,0.0,2.0,1.8,2024-04-24 09:01:35,9,4,Otoño
101069,AZITROMICINA 500MG CJAX30TAB,ACFARMA GENERICO,0.0,2.0,1.8,2024-04-24 12:37:54,5,4,Otoño
101069,AZITROMICINA 500MG CJAX30TAB,ACFARMA GENERICO,0.0,10.0,9.0,2024-04-24 13:07:04,2,4,Otoño
101069,AZITROMICINA 500MG CJAX30TAB,ACFARMA GENERICO,0.0,40.0,36.0,2024-04-24 13:25:55,4,4,Otoño
101069,AZITROMICINA 500MG CJAX30TAB,ACFARMA GENERICO,0.0,2.0,1.8,2024-04-24 17:13:46,5,4,Otoño
101069,AZITROMICINA 500MG CJAX30TAB,ACFARMA GENERICO,0.0,1.0,0.9,2024-04-24 18:33:00,9,4,Otoño
101069,AZITROMICINA 500MG CJAX30TAB,ACFARMA GENERICO,0.0,2.0,1.8,2024-04-24 19:36:21,10,4,Otoño
101069,AZITROMICINA 500MG CJAX30TAB,ACFARMA GENERICO,0.0,10.0,9.0,2024-04-25 09:28:58,9,4,Otoño
101069,AZITROMICINA 500MG CJAX30TAB,ACFARMA GENERICO,0.0,5.0,4.5,2024-04-25 19:39:24,1,4,Otoño
101069,AZITROMICINA 500MG CJAX30TAB,ACFARMA GENERICO,0.0,3.0,2.7,2024-04-25 21:16:32,5,4,Otoño
101069,AZITROMICINA 500MG CJAX30TAB,ACFARMA GENERICO,0.0,6.0,5.4,2024-04-26 18:08:56,10,4,Otoño
101069,AZITROMICINA 500MG CJAX30TAB,ACFARMA GENERICO,1.0,0.0,27.0,2024-04-26 18:14:52,10,4,Otoño
101069,AZITROMICINA 500MG CJAX30TAB,ACFARMA GENERICO,0.0,2.0,1.8,2024-04-26 20:30:05,5,4,Otoño
101069,AZITROMICINA 500MG CJAX30TAB,ACFARMA GENERICO,0.0,1.0,0.9,2024-04-27 07:57:15,5,4,Otoño
101069,AZITROMICINA 500MG CJAX30TAB,ACFARMA GENERICO,0.0,5.0,4.5,2024-04-27 08:26:16,8,4,Otoño
101069,AZITROMICINA 500MG CJAX30TAB,ACFARMA GENERICO,0.0,10.0,9.0,2024-04-27 15:16:16,11,4,Otoño
101069,AZITROMICINA 500MG CJAX30TAB,ACFARMA GENERICO,0.0,10.0,9.0,2024-04-27 15:35:06,9,4,Otoño
101069,AZITROMICINA 500MG CJAX30TAB,ACFARMA GENERICO,0.0,3.0,2.7,2024-04-27 22:44:53,5,4,Otoño
101069,AZITROMICINA 500MG CJAX30TAB,ACFARMA GENERICO,0.0,1.0,0.9,2024-04-28 23:05:26,5,4,Otoño
101069,AZITROMICINA 500MG CJAX30TAB,ACFARMA GENERICO,0.0,3.0,2.7,2024-04-29 13:38:11,5,4,Otoño
101069,AZITROMICINA 500MG CJAX30TAB,ACFARMA GENERICO,0.0,1.0,0.9,2024-04-29 16:10:41,5,4,Otoño
101069,AZITROMICINA 500MG CJAX30TAB,ACFARMA GENERICO,0.0,2.0,1.8,2024-04-29 22:24:07,5,4,Otoño
101069,AZITROMICINA 500MG CJAX30TAB,ACFARMA GENERICO,0.0,4.0,3.6,2024-04-30 09:03:57,8,4,Otoño
101069,AZITROMICINA 500MG CJAX30TAB,ACFARMA GENERICO,0.0,6.0,5.4,2024-04-30 15:39:37,1,4,Otoño
101069,AZITROMICINA 500MG CJAX30TAB,ACFARMA GENERICO,0.0,4.0,3.6,2024-04-30 15:59:00,9,4,Otoño
101069,AZITROMICINA 500MG CJAX30TAB,ACFARMA GENERICO,0.0,2.0,1.8,2024-04-30 17:07:44,9,4,Otoño
101069,AZITROMICINA 500MG CJAX30TAB,ACFARMA GENERICO,0.0,5.0,4.5,2024-04-30 19:18:27,2,4,Otoño
101069,AZITROMICINA 500MG CJAX30TAB,ACFARMA GENERICO,0.0,2.0,1.8,2024-05-01 17:18:58,1,5,Otoño
101069,AZITROMICINA 500MG CJAX30TAB,ACFARMA GENERICO,0.0,5.0,4.25,2024-05-01 20:41:33,3,5,Otoño
101069,AZITROMICINA 500MG CJAX30TAB,ACFARMA GENERICO,0.0,5.0,4.5,2024-05-02 17:51:32,5,5,Otoño
101069,AZITROMICINA 500MG CJAX30TAB,ACFARMA GENERICO,0.0,5.0,4.5,2024-05-02 18:16:57,9,5,Otoño
101069,AZITROMICINA 500MG CJAX30TAB,ACFARMA GENERICO,0.0,2.0,1.8,2024-05-02 18:32:20,5,5,Otoño
101069,AZITROMICINA 500MG CJAX30TAB,ACFARMA GENERICO,0.0,1.0,0.9,2024-05-02 20:25:57,10,5,Otoño
101069,AZITROMICINA 500MG CJAX30TAB,ACFARMA GENERICO,0.0,3.0,2.7,2024-05-03 10:08:07,10,5,Otoño
101069,AZITROMICINA 500MG CJAX30TAB,ACFARMA GENERICO,0.0,6.0,5.4,2024-05-04 11:54:43,10,5,Otoño
101069,AZITROMICINA 500MG CJAX30TAB,ACFARMA GENERICO,0.0,-3.0,-3.0,2024-05-04 12:00:00,8,5,Otoño
101069,AZITROMICINA 500MG CJAX30TAB,ACFARMA GENERICO,0.0,5.0,4.5,2024-05-04 13:21:18,5,5,Otoño
101069,AZITROMICINA 500MG CJAX30TAB,ACFARMA GENERICO,0.0,2.0,2.0,2024-05-04 19:22:59,9,5,Otoño
101069,AZITROMICINA 500MG CJAX30TAB,ACFARMA GENERICO,0.0,3.0,3.0,2024-05-04 20:51:02,8,5,Otoño
101069,AZITROMICINA 500MG CJAX30TAB,ACFARMA GENERICO,0.0,10.0,10.0,2024-05-05 10:59:40,6,5,Otoño
101069,AZITROMICINA 500MG CJAX30TAB,ACFARMA GENERICO,0.0,2.0,2.0,2024-05-06 20:20:23,8,5,Otoño
101069,AZITROMICINA 500MG CJAX30TAB,ACFARMA GENERICO,0.0,3.0,3.0,2024-05-07 08:20:18,12,5,Otoño
101069,AZITROMICINA 500MG CJAX30TAB,ACFARMA GENERICO,0.0,4.0,4.0,2024-05-07 21:01:16,8,5,Otoño
101069,AZITROMICINA 500MG CJAX30TAB,ACFARMA GENERICO,0.0,2.0,2.0,2024-05-08 16:40:33,5,5,Otoño
101069,AZITROMICINA 500MG CJAX30TAB,ACFARMA GENERICO,0.0,2.0,2.0,2024-05-08 21:42:56,1,5,Otoño
101069,AZITROMICINA 500MG CJAX30TAB,ACFARMA GENERICO,0.0,30.0,30.0,2024-05-09 00:00:00,10,5,Otoño
101069,AZITROMICINA 500MG CJAX30TAB,ACFARMA GENERICO,0.0,3.0,3.0,2024-05-09 10:48:07,2,5,Otoño
101069,AZITROMICINA 500MG CJAX30TAB,ACFARMA GENERICO,0.0,-30.0,-30.0,2024-05-09 12:00:00,10,5,Otoño
101069,AZITROMICINA 500MG CJAX30TAB,ACFARMA GENERICO,0.0,30.0,30.0,2024-05-09 13:59:19,10,5,Otoño
101069,AZITROMICINA 500MG CJAX30TAB,ACFARMA GENERICO,0.0,3.0,3.0,2024-05-09 19:23:59,10,5,Otoño
101069,AZITROMICINA 500MG CJAX30TAB,ACFARMA GENERICO,0.0,10.0,10.0,2024-05-10 12:06:49,2,5,Otoño
101069,AZITROMICINA 500MG CJAX30TAB,ACFARMA GENERICO,0.0,6.0,6.0,2024-05-10 14:30:59,5,5,Otoño
101069,AZITROMICINA 500MG CJAX30TAB,ACFARMA GENERICO,0.0,3.0,3.0,2024-05-11 10:13:41,7,5,Otoño
101069,AZITROMICINA 500MG CJAX30TAB,ACFARMA GENERICO,0.0,5.0,5.0,2024-05-11 18:08:45,9,5,Otoño
101069,AZITROMICINA 500MG CJAX30TAB,ACFARMA GENERICO,0.0,10.0,10.0,2024-05-11 21:55:00,8,5,Otoño
101069,AZITROMICINA 500MG CJAX30TAB,ACFARMA GENERICO,0.0,3.0,3.0,2024-05-11 22:37:00,5,5,Otoño
101069,AZITROMICINA 500MG CJAX30TAB,ACFARMA GENERICO,0.0,5.0,5.0,2024-05-13 13:17:54,5,5,Otoño
101069,AZITROMICINA 500MG CJAX30TAB,ACFARMA GENERICO,0.0,10.0,10.0,2024-05-13 18:12:35,5,5,Otoño
101069,AZITROMICINA 500MG CJAX30TAB,ACFARMA GENERICO,0.0,10.0,10.0,2024-05-13 19:32:12,3,5,Otoño
101069,AZITROMICINA 500MG CJAX30TAB,ACFARMA GENERICO,0.0,5.0,5.0,2024-05-13 19:41:02,1,5,Otoño
101069,AZITROMICINA 500MG CJAX30TAB,ACFARMA GENERICO,0.0,10.0,10.0,2024-05-13 20:00:47,7,5,Otoño
101069,AZITROMICINA 500MG CJAX30TAB,ACFARMA GENERICO,0.0,3.0,3.0,2024-05-14 13:05:45,1,5,Otoño
101069,AZITROMICINA 500MG CJAX30TAB,ACFARMA GENERICO,0.0,4.0,4.0,2024-05-14 16:01:11,10,5,Otoño
101069,AZITROMICINA 500MG CJAX30TAB,ACFARMA GENERICO,0.0,6.0,6.0,2024-05-14 19:48:14,1,5,Otoño
101069,AZITROMICINA 500MG CJAX30TAB,ACFARMA GENERICO,0.0,1.0,1.0,2024-05-15 09:17:38,1,5,Otoño
101069,AZITROMICINA 500MG CJAX30TAB,ACFARMA GENERICO,0.0,5.0,5.0,2024-05-15 10:34:31,3,5,Otoño
101069,AZITROMICINA 500MG CJAX30TAB,ACFARMA GENERICO,0.0,5.0,5.0,2024-05-15 16:03:27,3,5,Otoño
101069,AZITROMICINA 500MG CJAX30TAB,ACFARMA GENERICO,0.0,2.0,2.0,2024-05-15 20:42:51,9,5,Otoño
101069,AZITROMICINA 500MG CJAX30TAB,ACFARMA GENERICO,0.0,1.0,1.0,2024-05-16 07:22:02,5,5,Otoño
101069,AZITROMICINA 500MG CJAX30TAB,ACFARMA GENERICO,0.0,1.0,1.0,2024-05-16 09:11:31,1,5,Otoño
101069,AZITROMICINA 500MG CJAX30TAB,ACFARMA GENERICO,0.0,6.0,6.0,2024-05-16 10:19:13,10,5,Otoño
101069,AZITROMICINA 500MG CJAX30TAB,ACFARMA GENERICO,0.0,3.0,3.0,2024-05-17 08:59:43,4,5,Otoño
101069,AZITROMICINA 500MG CJAX30TAB,ACFARMA GENERICO,0.0,1.0,1.0,2024-05-17 09:19:41,1,5,Otoño
101069,AZITROMICINA 500MG CJAX30TAB,ACFARMA GENERICO,0.0,2.0,2.0,2024-05-17 10:25:23,7,5,Otoño
101069,AZITROMICINA 500MG CJAX30TAB,ACFARMA GENERICO,0.0,10.0,10.0,2024-05-17 20:21:03,12,5,Otoño
101069,AZITROMICINA 500MG CJAX30TAB,ACFARMA GENERICO,0.0,1.0,1.0,2024-05-18 09:51:24,1,5,Otoño
101069,AZITROMICINA 500MG CJAX30TAB,ACFARMA GENERICO,0.0,10.0,10.0,2024-05-18 10:37:59,7,5,Otoño
101069,AZITROMICINA 500MG CJAX30TAB,ACFARMA GENERICO,0.0,2.0,2.0,2024-05-18 10:40:00,7,5,Otoño
101069,AZITROMICINA 500MG CJAX30TAB,ACFARMA GENERICO,0.0,-10.0,-10.0,2024-05-18 12:00:00,7,5,Otoño
101069,AZITROMICINA 500MG CJAX30TAB,ACFARMA GENERICO,0.0,3.0,3.0,2024-05-18 20:50:52,7,5,Otoño
101069,AZITROMICINA 500MG CJAX30TAB,ACFARMA GENERICO,0.0,3.0,3.0,2024-05-19 08:02:47,6,5,Otoño
101069,AZITROMICINA 500MG CJAX30TAB,ACFARMA GENERICO,0.0,10.0,10.0,2024-05-19 11:04:19,12,5,Otoño
101069,AZITROMICINA 500MG CJAX30TAB,ACFARMA GENERICO,0.0,5.0,5.0,2024-05-19 14:13:25,5,5,Otoño
101069,AZITROMICINA 500MG CJAX30TAB,ACFARMA GENERICO,0.0,1.0,1.0,2024-05-19 16:20:16,9,5,Otoño
101069,AZITROMICINA 500MG CJAX30TAB,ACFARMA GENERICO,0.0,10.0,10.0,2024-05-19 18:50:22,9,5,Otoño
101069,AZITROMICINA 500MG CJAX30TAB,ACFARMA GENERICO,0.0,2.0,2.0,2024-05-20 15:21:15,6,5,Otoño
101069,AZITROMICINA 500MG CJAX30TAB,ACFARMA GENERICO,0.0,1.0,1.0,2024-05-20 16:27:13,5,5,Otoño
101069,AZITROMICINA 500MG CJAX30TAB,ACFARMA GENERICO,0.0,10.0,10.0,2024-05-20 18:31:06,5,5,Otoño
101069,AZITROMICINA 500MG CJAX30TAB,ACFARMA GENERICO,0.0,3.0,3.0,2024-05-20 18:46:06,5,5,Otoño
101069,AZITROMICINA 500MG CJAX30TAB,ACFARMA GENERICO,0.0,3.0,3.0,2024-05-21 10:27:26,8,5,Otoño
101069,AZITROMICINA 500MG CJAX30TAB,ACFARMA GENERICO,0.0,2.0,2.0,2024-05-21 11:08:19,9,5,Otoño
101069,AZITROMICINA 500MG CJAX30TAB,ACFARMA GENERICO,0.0,3.0,3.0,2024-05-21 13:38:13,12,5,Otoño
101069,AZITROMICINA 500MG CJAX30TAB,ACFARMA GENERICO,0.0,10.0,10.0,2024-05-21 18:55:49,8,5,Otoño
101069,AZITROMICINA 500MG CJAX30TAB,ACFARMA GENERICO,0.0,10.0,10.0,2024-05-21 19:59:26,7,5,Otoño
101069,AZITROMICINA 500MG CJAX30TAB,ACFARMA GENERICO,0.0,2.0,2.0,2024-05-21 22:10:58,12,5,Otoño
101069,AZITROMICINA 500MG CJAX30TAB,ACFARMA GENERICO,0.0,1.0,1.0,2024-05-22 08:56:56,7,5,Otoño
101069,AZITROMICINA 500MG CJAX30TAB,ACFARMA GENERICO,0.0,2.0,2.0,2024-05-22 21:14:16,9,5,Otoño
101069,AZITROMICINA 500MG CJAX30TAB,ACFARMA GENERICO,0.0,2.0,2.0,2024-05-23 08:38:25,12,5,Otoño
101069,AZITROMICINA 500MG CJAX30TAB,ACFARMA GENERICO,0.0,1.0,1.0,2024-05-23 09:22:32,8,5,Otoño
101069,AZITROMICINA 500MG CJAX30TAB,ACFARMA GENERICO,0.0,3.0,3.0,2024-05-23 12:12:42,9,5,Otoño
101069,AZITROMICINA 500MG CJAX30TAB,ACFARMA GENERICO,0.0,2.0,2.0,2024-05-23 13:15:38,3,5,Otoño
101069,AZITROMICINA 500MG CJAX30TAB,ACFARMA GENERICO,0.0,5.0,5.0,2024-05-23 18:38:20,2,5,Otoño
101069,AZITROMICINA 500MG CJAX30TAB,ACFARMA GENERICO,0.0,10.0,10.0,2024-05-23 18:44:46,7,5,Otoño
101069,AZITROMICINA 500MG CJAX30TAB,ACFARMA GENERICO,0.0,3.0,3.0,2024-05-23 22:13:03,5,5,Otoño
101069,AZITROMICINA 500MG CJAX30TAB,ACFARMA GENERICO,0.0,1.0,1.0,2024-05-24 07:54:19,7,5,Otoño
101069,AZITROMICINA 500MG CJAX30TAB,ACFARMA GENERICO,0.0,5.0,5.0,2024-05-24 15:50:45,2,5,Otoño
101069,AZITROMICINA 500MG CJAX30TAB,ACFARMA GENERICO,0.0,20.0,19.0,2024-05-24 19:10:58,3,5,Otoño
101069,AZITROMICINA 500MG CJAX30TAB,ACFARMA GENERICO,0.0,1.0,1.0,2024-05-24 19:58:31,11,5,Otoño
101069,AZITROMICINA 500MG CJAX30TAB,ACFARMA GENERICO,0.0,2.0,2.0,2024-05-24 20:28:47,12,5,Otoño
101069,AZITROMICINA 500MG CJAX30TAB,ACFARMA GENERICO,0.0,5.0,5.0,2024-05-25 10:30:25,3,5,Otoño
101069,AZITROMICINA 500MG CJAX30TAB,ACFARMA GENERICO,0.0,5.0,5.0,2024-05-26 11:04:07,1,5,Otoño
101069,AZITROMICINA 500MG CJAX30TAB,ACFARMA GENERICO,0.0,3.0,3.0,2024-05-26 13:09:59,1,5,Otoño
101069,AZITROMICINA 500MG CJAX30TAB,ACFARMA GENERICO,0.0,3.0,3.0,2024-05-26 13:12:37,1,5,Otoño
101069,AZITROMICINA 500MG CJAX30TAB,ACFARMA GENERICO,0.0,10.0,10.0,2024-05-26 18:31:57,12,5,Otoño
101069,AZITROMICINA 500MG CJAX30TAB,ACFARMA GENERICO,0.0,1.0,1.0,2024-05-27 08:48:41,3,5,Otoño
101069,AZITROMICINA 500MG CJAX30TAB,ACFARMA GENERICO,0.0,2.0,2.0,2024-05-27 21:38:08,5,5,Otoño
101069,AZITROMICINA 500MG CJAX30TAB,ACFARMA GENERICO,0.0,1.0,1.0,2024-05-28 07:52:55,7,5,Otoño
101069,AZITROMICINA 500MG CJAX30TAB,ACFARMA GENERICO,0.0,3.0,3.0,2024-05-28 19:06:56,9,5,Otoño
101069,AZITROMICINA 500MG CJAX30TAB,ACFARMA GENERICO,0.0,3.0,3.0,2024-05-28 19:58:57,1,5,Otoño
101069,AZITROMICINA 500MG CJAX30TAB,ACFARMA GENERICO,0.0,2.0,2.0,2024-05-28 20:02:23,7,5,Otoño
101069,AZITROMICINA 500MG CJAX30TAB,ACFARMA GENERICO,0.0,3.0,3.0,2024-05-28 21:28:56,8,5,Otoño
101069,AZITROMICINA 500MG CJAX30TAB,ACFARMA GENERICO,0.0,1.0,1.0,2024-05-29 12:28:14,7,5,Otoño
101069,AZITROMICINA 500MG CJAX30TAB,ACFARMA GENERICO,0.0,3.0,3.0,2024-05-29 21:09:51,10,5,Otoño
101069,AZITROMICINA 500MG CJAX30TAB,ACFARMA GENERICO,0.0,5.0,5.0,2024-05-30 10:53:28,5,5,Otoño
101069,AZITROMICINA 500MG CJAX30TAB,ACFARMA GENERICO,0.0,5.0,5.0,2024-05-30 11:37:38,12,5,Otoño
101069,AZITROMICINA 500MG CJAX30TAB,ACFARMA GENERICO,0.0,5.0,5.0,2024-05-30 11:56:57,12,5,Otoño
101069,AZITROMICINA 500MG CJAX30TAB,ACFARMA GENERICO,0.0,-5.0,-5.0,2024-05-30 12:00:00,12,5,Otoño
101069,AZITROMICINA 500MG CJAX30TAB,ACFARMA GENERICO,0.0,7.0,7.0,2024-05-30 17:50:08,1,5,Otoño
101069,AZITROMICINA 500MG CJAX30TAB,ACFARMA GENERICO,0.0,1.0,1.0,2024-05-30 18:27:45,3,5,Otoño
101069,AZITROMICINA 500MG CJAX30TAB,ACFARMA GENERICO,0.0,2.0,2.0,2024-05-30 19:38:39,7,5,Otoño
101069,AZITROMICINA 500MG CJAX30TAB,ACFARMA GENERICO,0.0,2.0,2.0,2024-05-30 20:34:04,10,5,Otoño
101069,AZITROMICINA 500MG CJAX30TAB,ACFARMA GENERICO,0.0,10.0,10.0,2024-05-31 08:27:34,7,5,Otoño
101069,AZITROMICINA 500MG CJAX30TAB,ACFARMA GENERICO,0.0,4.0,4.0,2024-05-31 08:54:24,7,5,Otoño
101069,AZITROMICINA 500MG CJAX30TAB,ACFARMA GENERICO,0.0,1.0,1.0,2024-05-31 09:36:06,9,5,Otoño
101069,AZITROMICINA 500MG CJAX30TAB,ACFARMA GENERICO,0.0,3.0,3.0,2024-05-31 12:51:47,1,5,Otoño
101069,AZITROMICINA 500MG CJAX30TAB,ACFARMA GENERICO,0.0,3.0,3.0,2024-05-31 15:04:30,7,5,Otoño
101069,AZITROMICINA 500MG CJAX30TAB,ACFARMA GENERICO,0.0,10.0,10.0,2024-05-31 16:43:53,1,5,Otoño
101069,AZITROMICINA 500MG CJAX30TAB,ACFARMA GENERICO,0.0,2.0,2.0,2024-05-31 19:41:25,3,5,Otoño
101069,AZITROMICINA 500MG CJAX30TAB,ACFARMA GENERICO,0.0,4.0,4.0,2024-05-31 20:07:29,1,5,Otoño
101069,AZITROMICINA 500MG CJAX30TAB,ACFARMA GENERICO,0.0,6.0,6.0,2024-05-31 20:29:26,9,5,Otoño
101069,AZITROMICINA 500MG CJAX30TAB,ACFARMA GENERICO,0.0,10.0,10.0,2024-05-31 20:30:40,1,5,Otoño
101069,AZITROMICINA 500MG CJAX30TAB,ACFARMA GENERICO,0.0,1.0,1.0,2024-05-31 20:39:27,9,5,Otoño
101069,AZITROMICINA 500MG CJAX30TAB,ACFARMA GENERICO,0.0,4.0,4.0,2024-06-01 13:08:37,5,6,Invierno
101069,AZITROMICINA 500MG CJAX30TAB,ACFARMA GENERICO,0.0,2.0,2.0,2024-06-01 13:11:10,10,6,Invierno
101069,AZITROMICINA 500MG CJAX30TAB,ACFARMA GENERICO,0.0,3.0,3.0,2024-06-02 11:03:45,7,6,Invierno
101069,AZITROMICINA 500MG CJAX30TAB,ACFARMA GENERICO,0.0,2.0,2.0,2024-06-02 14:34:43,1,6,Invierno
101069,AZITROMICINA 500MG CJAX30TAB,ACFARMA GENERICO,0.0,3.0,3.0,2024-06-02 17:06:09,4,6,Invierno
101069,AZITROMICINA 500MG CJAX30TAB,ACFARMA GENERICO,0.0,5.0,5.0,2024-06-02 18:01:09,5,6,Invierno
101069,AZITROMICINA 500MG CJAX30TAB,ACFARMA GENERICO,0.0,1.0,1.0,2024-06-02 18:56:35,7,6,Invierno
101069,AZITROMICINA 500MG CJAX30TAB,ACFARMA GENERICO,0.0,2.0,2.0,2024-06-02 18:58:53,7,6,Invierno
101069,AZITROMICINA 500MG CJAX30TAB,ACFARMA GENERICO,0.0,4.0,4.0,2024-06-02 19:16:21,7,6,Invierno
101069,AZITROMICINA 500MG CJAX30TAB,ACFARMA GENERICO,0.0,15.0,15.0,2024-06-02 19:30:09,1,6,Invierno
101069,AZITROMICINA 500MG CJAX30TAB,ACFARMA GENERICO,0.0,2.0,2.0,2024-06-03 11:38:03,9,6,Invierno
101069,AZITROMICINA 500MG CJAX30TAB,ACFARMA GENERICO,0.0,2.0,2.0,2024-06-03 12:11:36,7,6,Invierno
101069,AZITROMICINA 500MG CJAX30TAB,ACFARMA GENERICO,0.0,3.0,3.0,2024-06-03 13:16:56,9,6,Invierno
101069,AZITROMICINA 500MG CJAX30TAB,ACFARMA GENERICO,0.0,2.0,2.0,2024-06-03 18:38:55,5,6,Invierno
101069,AZITROMICINA 500MG CJAX30TAB,ACFARMA GENERICO,0.0,3.0,3.0,2024-06-03 19:29:09,12,6,Invierno
101069,AZITROMICINA 500MG CJAX30TAB,ACFARMA GENERICO,0.0,2.0,2.0,2024-06-03 22:28:05,5,6,Invierno
101069,AZITROMICINA 500MG CJAX30TAB,ACFARMA GENERICO,0.0,2.0,2.0,2024-06-04 12:19:40,8,6,Invierno
101069,AZITROMICINA 500MG CJAX30TAB,ACFARMA GENERICO,0.0,10.0,10.0,2024-06-04 18:17:08,2,6,Invierno
101069,AZITROMICINA 500MG CJAX30TAB,ACFARMA GENERICO,0.0,2.0,2.0,2024-06-04 20:09:18,7,6,Invierno
101069,AZITROMICINA 500MG CJAX30TAB,ACFARMA GENERICO,0.0,8.0,8.0,2024-06-05 12:53:23,11,6,Invierno
101069,AZITROMICINA 500MG CJAX30TAB,ACFARMA GENERICO,0.0,2.0,2.0,2024-06-05 13:38:52,7,6,Invierno
101069,AZITROMICINA 500MG CJAX30TAB,ACFARMA GENERICO,0.0,13.0,13.0,2024-06-05 20:25:21,5,6,Invierno
101069,AZITROMICINA 500MG CJAX30TAB,ACFARMA GENERICO,0.0,3.0,3.0,2024-06-06 09:52:37,1,6,Invierno
101069,AZITROMICINA 500MG CJAX30TAB,ACFARMA GENERICO,0.0,3.0,3.0,2024-06-06 15:04:38,7,6,Invierno
101069,AZITROMICINA 500MG CJAX30TAB,ACFARMA GENERICO,0.0,1.0,1.0,2024-06-06 16:44:53,7,6,Invierno
101069,AZITROMICINA 500MG CJAX30TAB,ACFARMA GENERICO,0.0,2.0,2.0,2024-06-06 17:04:45,4,6,Invierno
101069,AZITROMICINA 500MG CJAX30TAB,ACFARMA GENERICO,0.0,5.0,5.0,2024-06-06 22:35:19,4,6,Invierno
101069,AZITROMICINA 500MG CJAX30TAB,ACFARMA GENERICO,1.0,0.0,28.9,2024-06-07 11:43:35,5,6,Invierno
101069,AZITROMICINA 500MG CJAX30TAB,ACFARMA GENERICO,0.0,10.0,10.0,2024-06-07 18:08:51,4,6,Invierno
101069,AZITROMICINA 500MG CJAX30TAB,ACFARMA GENERICO,0.0,3.0,3.0,2024-06-07 19:01:36,10,6,Invierno
101069,AZITROMICINA 500MG CJAX30TAB,ACFARMA GENERICO,0.0,1.0,1.0,2024-06-07 20:26:07,5,6,Invierno
101069,AZITROMICINA 500MG CJAX30TAB,ACFARMA GENERICO,0.0,3.0,3.0,2024-06-08 08:02:28,12,6,Invierno
101069,AZITROMICINA 500MG CJAX30TAB,ACFARMA GENERICO,0.0,5.0,5.0,2024-06-08 09:09:47,12,6,Invierno
101069,AZITROMICINA 500MG CJAX30TAB,ACFARMA GENERICO,0.0,3.0,3.0,2024-06-08 14:57:58,12,6,Invierno
101069,AZITROMICINA 500MG CJAX30TAB,ACFARMA GENERICO,0.0,1.0,1.0,2024-06-08 15:32:37,8,6,Invierno
101069,AZITROMICINA 500MG CJAX30TAB,ACFARMA GENERICO,0.0,1.0,1.0,2024-06-08 16:39:28,8,6,Invierno
101069,AZITROMICINA 500MG CJAX30TAB,ACFARMA GENERICO,0.0,3.0,3.0,2024-06-08 18:37:40,7,6,Invierno
101069,AZITROMICINA 500MG CJAX30TAB,ACFARMA GENERICO,0.0,1.0,1.0,2024-06-08 22:02:19,1,6,Invierno
101069,AZITROMICINA 500MG CJAX30TAB,ACFARMA GENERICO,0.0,10.0,10.0,2024-06-09 12:20:37,1,6,Invierno
101069,AZITROMICINA 500MG CJAX30TAB,ACFARMA GENERICO,0.0,2.0,2.0,2024-06-09 19:24:59,1,6,Invierno
101069,AZITROMICINA 500MG CJAX30TAB,ACFARMA GENERICO,0.0,3.0,3.0,2024-06-10 19:20:24,5,6,Invierno
101069,AZITROMICINA 500MG CJAX30TAB,ACFARMA GENERICO,0.0,10.0,10.0,2024-06-10 19:34:54,1,6,Invierno
101069,AZITROMICINA 500MG CJAX30TAB,ACFARMA GENERICO,0.0,5.0,5.0,2024-06-10 20:13:57,6,6,Invierno
101069,AZITROMICINA 500MG CJAX30TAB,ACFARMA GENERICO,0.0,1.0,1.0,2024-06-10 20:47:43,8,6,Invierno
101069,AZITROMICINA 500MG CJAX30TAB,ACFARMA GENERICO,0.0,1.0,1.0,2024-06-10 22:31:16,5,6,Invierno
101069,AZITROMICINA 500MG CJAX30TAB,ACFARMA GENERICO,0.0,10.0,10.0,2024-06-11 12:06:52,4,6,Invierno
101069,AZITROMICINA 500MG CJAX30TAB,ACFARMA GENERICO,0.0,3.0,3.0,2024-06-11 13:42:49,1,6,Invierno
101069,AZITROMICINA 500MG CJAX30TAB,ACFARMA GENERICO,0.0,10.0,10.0,2024-06-11 13:48:07,3,6,Invierno
101069,AZITROMICINA 500MG CJAX30TAB,ACFARMA GENERICO,0.0,2.0,2.0,2024-06-11 18:27:41,5,6,Invierno
101069,AZITROMICINA 500MG CJAX30TAB,ACFARMA GENERICO,0.0,2.0,2.0,2024-06-11 20:07:58,3,6,Invierno
101069,AZITROMICINA 500MG CJAX30TAB,ACFARMA GENERICO,0.0,1.0,1.0,2024-06-12 18:49:58,9,6,Invierno
101069,AZITROMICINA 500MG CJAX30TAB,ACFARMA GENERICO,0.0,1.0,1.0,2024-06-12 20:09:10,2,6,Invierno
101069,AZITROMICINA 500MG CJAX30TAB,ACFARMA GENERICO,0.0,6.0,6.0,2024-06-12 21:56:16,4,6,Invierno
101069,AZITROMICINA 500MG CJAX30TAB,ACFARMA GENERICO,0.0,2.0,2.0,2024-06-12 23:59:51,4,6,Invierno
101069,AZITROMICINA 500MG CJAX30TAB,ACFARMA GENERICO,0.0,1.0,1.0,2024-06-13 07:26:34,5,6,Invierno
101069,AZITROMICINA 500MG CJAX30TAB,ACFARMA GENERICO,0.0,5.0,5.0,2024-06-13 21:37:01,1,6,Invierno
101069,AZITROMICINA 500MG CJAX30TAB,ACFARMA GENERICO,0.0,3.0,3.0,2024-06-13 21:40:46,7,6,Invierno
101069,AZITROMICINA 500MG CJAX30TAB,ACFARMA GENERICO,0.0,5.0,5.0,2024-06-14 18:59:31,5,6,Invierno
101069,AZITROMICINA 500MG CJAX30TAB,ACFARMA GENERICO,0.0,2.0,2.0,2024-06-14 19:57:12,9,6,Invierno
101069,AZITROMICINA 500MG CJAX30TAB,ACFARMA GENERICO,0.0,1.0,1.0,2024-06-15 09:45:10,9,6,Invierno
101069,AZITROMICINA 500MG CJAX30TAB,ACFARMA GENERICO,0.0,5.0,5.0,2024-06-15 10:55:09,5,6,Invierno
101069,AZITROMICINA 500MG CJAX30TAB,ACFARMA GENERICO,0.0,2.0,2.0,2024-06-15 12:36:42,9,6,Invierno
101069,AZITROMICINA 500MG CJAX30TAB,ACFARMA GENERICO,0.0,10.0,10.0,2024-06-15 17:51:33,5,6,Invierno
101069,AZITROMICINA 500MG CJAX30TAB,ACFARMA GENERICO,0.0,1.0,1.0,2024-06-15 17:52:14,9,6,Invierno
101069,AZITROMICINA 500MG CJAX30TAB,ACFARMA GENERICO,0.0,2.0,2.0,2024-06-15 20:46:42,7,6,Invierno
101069,AZITROMICINA 500MG CJAX30TAB,ACFARMA GENERICO,0.0,1.0,1.0,2024-06-16 12:11:56,12,6,Invierno
101069,AZITROMICINA 500MG CJAX30TAB,ACFARMA GENERICO,0.0,5.0,5.0,2024-06-16 23:49:16,4,6,Invierno
101069,AZITROMICINA 500MG CJAX30TAB,ACFARMA GENERICO,0.0,2.0,2.0,2024-06-18 15:54:44,4,6,Invierno
101069,AZITROMICINA 500MG CJAX30TAB,ACFARMA GENERICO,0.0,3.0,3.0,2024-06-18 17:14:11,4,6,Invierno
101069,AZITROMICINA 500MG CJAX30TAB,ACFARMA GENERICO,0.0,3.0,3.0,2024-06-18 18:42:35,5,6,Invierno
101069,AZITROMICINA 500MG CJAX30TAB,ACFARMA GENERICO,0.0,4.0,4.0,2024-06-18 20:13:51,4,6,Invierno
101069,AZITROMICINA 500MG CJAX30TAB,ACFARMA GENERICO,0.0,4.0,4.0,2024-06-18 20:38:00,9,6,Invierno
101069,AZITROMICINA 500MG CJAX30TAB,ACFARMA GENERICO,0.0,2.0,2.0,2024-06-19 10:30:29,10,6,Invierno
101069,AZITROMICINA 500MG CJAX30TAB,ACFARMA GENERICO,0.0,5.0,5.0,2024-06-19 15:21:07,11,6,Invierno
101069,AZITROMICINA 500MG CJAX30TAB,ACFARMA GENERICO,0.0,10.0,10.0,2024-06-19 16:08:22,10,6,Invierno
101069,AZITROMICINA 500MG CJAX30TAB,ACFARMA GENERICO,0.0,10.0,10.0,2024-06-19 16:48:48,5,6,Invierno
101069,AZITROMICINA 500MG CJAX30TAB,ACFARMA GENERICO,0.0,2.0,2.0,2024-06-19 17:54:27,5,6,Invierno
101069,AZITROMICINA 500MG CJAX30TAB,ACFARMA GENERICO,0.0,4.0,4.0,2024-06-20 11:36:48,5,6,Invierno
101069,AZITROMICINA 500MG CJAX30TAB,ACFARMA GENERICO,0.0,3.0,3.0,2024-06-20 13:03:27,8,6,Invierno
101069,AZITROMICINA 500MG CJAX30TAB,ACFARMA GENERICO,0.0,10.0,10.0,2024-06-20 20:00:47,5,6,Invierno
101069,AZITROMICINA 500MG CJAX30TAB,ACFARMA GENERICO,0.0,5.0,5.0,2024-06-21 10:23:41,4,6,Invierno
101069,AZITROMICINA 500MG CJAX30TAB,ACFARMA GENERICO,0.0,4.0,4.0,2024-06-21 19:34:33,1,6,Invierno
101069,AZITROMICINA 500MG CJAX30TAB,ACFARMA GENERICO,0.0,3.0,3.0,2024-06-21 20:29:52,1,6,Invierno
101069,AZITROMICINA 500MG CJAX30TAB,ACFARMA GENERICO,0.0,10.0,10.0,2024-06-22 10:43:11,1,6,Invierno
101069,AZITROMICINA 500MG CJAX30TAB,ACFARMA GENERICO,0.0,5.0,5.0,2024-06-22 13:44:32,4,6,Invierno
101069,AZITROMICINA 500MG CJAX30TAB,ACFARMA GENERICO,0.0,4.0,4.0,2024-06-22 13:57:49,7,6,Invierno
101069,AZITROMICINA 500MG CJAX30TAB,ACFARMA GENERICO,0.0,4.0,4.0,2024-06-22 17:04:52,5,6,Invierno
101069,AZITROMICINA 500MG CJAX30TAB,ACFARMA GENERICO,0.0,5.0,5.0,2024-06-22 19:44:35,12,6,Invierno
101069,AZITROMICINA 500MG CJAX30TAB,ACFARMA GENERICO,0.0,2.0,2.0,2024-06-22 20:39:48,3,6,Invierno
101069,AZITROMICINA 500MG CJAX30TAB,ACFARMA GENERICO,0.0,2.0,2.0,2024-06-23 17:34:45,3,6,Invierno
101069,AZITROMICINA 500MG CJAX30TAB,ACFARMA GENERICO,0.0,3.0,3.0,2024-06-23 20:21:35,10,6,Invierno
101069,AZITROMICINA 500MG CJAX30TAB,ACFARMA GENERICO,0.0,2.0,2.0,2024-06-23 21:54:27,1,6,Invierno
101069,AZITROMICINA 500MG CJAX30TAB,ACFARMA GENERICO,0.0,1.0,1.0,2024-06-24 08:17:42,9,6,Invierno
101069,AZITROMICINA 500MG CJAX30TAB,ACFARMA GENERICO,0.0,5.0,5.0,2024-06-24 11:09:41,5,6,Invierno
101069,AZITROMICINA 500MG CJAX30TAB,ACFARMA GENERICO,0.0,2.0,2.0,2024-06-24 13:05:42,5,6,Invierno
101069,AZITROMICINA 500MG CJAX30TAB,ACFARMA GENERICO,0.0,10.0,10.0,2024-06-24 15:49:50,4,6,Invierno
101069,AZITROMICINA 500MG CJAX30TAB,ACFARMA GENERICO,0.0,2.0,2.0,2024-06-25 21:12:44,2,6,Invierno
101069,AZITROMICINA 500MG CJAX30TAB,ACFARMA GENERICO,0.0,12.0,12.0,2024-06-25 21:29:31,5,6,Invierno
101069,AZITROMICINA 500MG CJAX30TAB,ACFARMA GENERICO,0.0,2.0,2.0,2024-06-26 12:47:22,8,6,Invierno
101069,AZITROMICINA 500MG CJAX30TAB,ACFARMA GENERICO,0.0,4.0,4.0,2024-06-26 16:31:24,9,6,Invierno
101069,AZITROMICINA 500MG CJAX30TAB,ACFARMA GENERICO,0.0,3.0,3.0,2024-06-26 19:52:53,1,6,Invierno
101069,AZITROMICINA 500MG CJAX30TAB,ACFARMA GENERICO,0.0,4.0,4.0,2024-06-26 20:09:13,7,6,Invierno
101069,AZITROMICINA 500MG CJAX30TAB,ACFARMA GENERICO,0.0,2.0,2.0,2024-06-27 08:34:55,5,6,Invierno
101069,AZITROMICINA 500MG CJAX30TAB,ACFARMA GENERICO,0.0,10.0,10.0,2024-06-27 09:20:45,9,6,Invierno
101069,AZITROMICINA 500MG CJAX30TAB,ACFARMA GENERICO,1.0,0.0,28.9,2024-06-27 16:37:47,10,6,Invierno
101069,AZITROMICINA 500MG CJAX30TAB,ACFARMA GENERICO,0.0,3.0,3.0,2024-06-28 16:06:03,1,6,Invierno
101069,AZITROMICINA 500MG CJAX30TAB,ACFARMA GENERICO,0.0,1.0,1.0,2024-06-28 21:27:13,1,6,Invierno
101069,AZITROMICINA 500MG CJAX30TAB,ACFARMA GENERICO,0.0,4.0,4.0,2024-06-29 18:03:53,2,6,Invierno
101069,AZITROMICINA 500MG CJAX30TAB,ACFARMA GENERICO,0.0,1.0,1.0,2024-06-29 19:12:30,1,6,Invierno
101069,AZITROMICINA 500MG CJAX30TAB,ACFARMA GENERICO,0.0,10.0,10.0,2024-06-29 21:18:39,4,6,Invierno
101069,AZITROMICINA 500MG CJAX30TAB,ACFARMA GENERICO,0.0,10.0,10.0,2024-06-30 09:19:12,3,6,Invierno
101069,AZITROMICINA 500MG CJAX30TAB,ACFARMA GENERICO,0.0,4.0,4.0,2024-06-30 21:23:28,4,6,Invierno
101069,AZITROMICINA 500MG CJAX30TAB,ACFARMA GENERICO,0.0,3.0,3.0,2024-07-01 11:07:12,5,7,Invierno
101069,AZITROMICINA 500MG CJAX30TAB,ACFARMA GENERICO,0.0,2.0,2.0,2024-07-01 11:54:21,8,7,Invierno
101069,AZITROMICINA 500MG CJAX30TAB,ACFARMA GENERICO,0.0,10.0,10.0,2024-07-01 11:55:27,11,7,Invierno
101069,AZITROMICINA 500MG CJAX30TAB,ACFARMA GENERICO,0.0,3.0,3.0,2024-07-01 18:41:53,7,7,Invierno
101069,AZITROMICINA 500MG CJAX30TAB,ACFARMA GENERICO,0.0,2.0,2.0,2024-07-01 21:16:19,9,7,Invierno
101069,AZITROMICINA 500MG CJAX30TAB,ACFARMA GENERICO,0.0,3.0,3.0,2024-07-02 11:31:35,9,7,Invierno
101069,AZITROMICINA 500MG CJAX30TAB,ACFARMA GENERICO,0.0,5.0,5.0,2024-07-02 13:29:11,9,7,Invierno
101069,AZITROMICINA 500MG CJAX30TAB,ACFARMA GENERICO,0.0,4.0,4.0,2024-07-02 14:31:47,10,7,Invierno
101069,AZITROMICINA 500MG CJAX30TAB,ACFARMA GENERICO,0.0,2.0,2.0,2024-07-02 15:00:27,9,7,Invierno
101069,AZITROMICINA 500MG CJAX30TAB,ACFARMA GENERICO,0.0,20.0,20.0,2024-07-02 16:58:04,10,7,Invierno
101069,AZITROMICINA 500MG CJAX30TAB,ACFARMA GENERICO,0.0,2.0,2.0,2024-07-03 11:07:41,7,7,Invierno
101069,AZITROMICINA 500MG CJAX30TAB,ACFARMA GENERICO,0.0,2.0,2.0,2024-07-04 10:31:03,9,7,Invierno
101069,AZITROMICINA 500MG CJAX30TAB,ACFARMA GENERICO,0.0,2.0,2.0,2024-07-04 20:59:19,9,7,Invierno
101069,AZITROMICINA 500MG CJAX30TAB,ACFARMA GENERICO,0.0,2.0,2.0,2024-07-05 13:08:18,8,7,Invierno
101069,AZITROMICINA 500MG CJAX30TAB,ACFARMA GENERICO,0.0,6.0,6.0,2024-07-05 15:18:36,5,7,Invierno
101069,AZITROMICINA 500MG CJAX30TAB,ACFARMA GENERICO,0.0,3.0,3.0,2024-07-05 17:19:31,4,7,Invierno
101069,AZITROMICINA 500MG CJAX30TAB,ACFARMA GENERICO,0.0,3.0,3.0,2024-07-05 18:07:04,5,7,Invierno
101069,AZITROMICINA 500MG CJAX30TAB,ACFARMA GENERICO,0.0,2.0,2.0,2024-07-06 11:35:05,10,7,Invierno
101069,AZITROMICINA 500MG CJAX30TAB,ACFARMA GENERICO,0.0,5.0,5.0,2024-07-06 13:37:36,9,7,Invierno
101069,AZITROMICINA 500MG CJAX30TAB,ACFARMA GENERICO,0.0,7.0,7.0,2024-07-07 11:12:16,7,7,Invierno
101069,AZITROMICINA 500MG CJAX30TAB,ACFARMA GENERICO,0.0,5.0,5.0,2024-07-08 10:39:06,6,7,Invierno
101069,AZITROMICINA 500MG CJAX30TAB,ACFARMA GENERICO,0.0,5.0,5.0,2024-07-08 14:59:56,10,7,Invierno
101069,AZITROMICINA 500MG CJAX30TAB,ACFARMA GENERICO,0.0,3.0,2.85,2024-07-08 17:21:14,3,7,Invierno
101069,AZITROMICINA 500MG CJAX30TAB,ACFARMA GENERICO,0.0,10.0,10.0,2024-07-08 20:22:40,5,7,Invierno
101069,AZITROMICINA 500MG CJAX30TAB,ACFARMA GENERICO,0.0,2.0,2.0,2024-07-08 22:52:01,4,7,Invierno
101069,AZITROMICINA 500MG CJAX30TAB,ACFARMA GENERICO,0.0,6.0,5.7,2024-07-09 14:06:00,1,7,Invierno
101069,AZITROMICINA 500MG CJAX30TAB,ACFARMA GENERICO,0.0,5.0,5.0,2024-07-09 18:12:15,11,7,Invierno
101069,AZITROMICINA 500MG CJAX30TAB,ACFARMA GENERICO,0.0,2.0,2.0,2024-07-10 19:44:26,10,7,Invierno
101069,AZITROMICINA 500MG CJAX30TAB,ACFARMA GENERICO,0.0,10.0,10.0,2024-07-10 20:53:11,10,7,Invierno
101069,AZITROMICINA 500MG CJAX30TAB,ACFARMA GENERICO,0.0,-7.0,-7.0,2024-07-11 12:00:00,8,7,Invierno
101069,AZITROMICINA 500MG CJAX30TAB,ACFARMA GENERICO,0.0,7.0,7.0,2024-07-11 14:16:45,8,7,Invierno
101069,AZITROMICINA 500MG CJAX30TAB,ACFARMA GENERICO,0.0,7.0,7.0,2024-07-11 14:22:47,8,7,Invierno
101069,AZITROMICINA 500MG CJAX30TAB,ACFARMA GENERICO,0.0,2.0,2.0,2024-07-11 15:48:14,3,7,Invierno
101069,AZITROMICINA 500MG CJAX30TAB,ACFARMA GENERICO,0.0,2.0,2.0,2024-07-12 12:37:22,8,7,Invierno
101069,AZITROMICINA 500MG CJAX30TAB,ACFARMA GENERICO,0.0,4.0,4.0,2024-07-12 21:51:20,8,7,Invierno
101069,AZITROMICINA 500MG CJAX30TAB,ACFARMA GENERICO,0.0,10.0,9.5,2024-07-12 22:28:32,1,7,Invierno
101069,AZITROMICINA 500MG CJAX30TAB,ACFARMA GENERICO,0.0,3.0,3.0,2024-07-13 10:49:25,3,7,Invierno
101069,AZITROMICINA 500MG CJAX30TAB,ACFARMA GENERICO,0.0,4.0,4.0,2024-07-14 10:49:28,3,7,Invierno
101069,AZITROMICINA 500MG CJAX30TAB,ACFARMA GENERICO,0.0,6.0,6.0,2024-07-14 14:01:06,5,7,Invierno
101069,AZITROMICINA 500MG CJAX30TAB,ACFARMA GENERICO,0.0,4.0,4.0,2024-07-15 19:21:24,10,7,Invierno
101069,AZITROMICINA 500MG CJAX30TAB,ACFARMA GENERICO,0.0,2.0,2.0,2024-07-15 20:43:49,12,7,Invierno
101069,AZITROMICINA 500MG CJAX30TAB,ACFARMA GENERICO,0.0,1.0,1.0,2024-07-15 21:11:24,12,7,Invierno
101069,AZITROMICINA 500MG CJAX30TAB,ACFARMA GENERICO,0.0,5.0,5.0,2024-07-16 14:21:41,8,7,Invierno
101069,AZITROMICINA 500MG CJAX30TAB,ACFARMA GENERICO,0.0,1.0,1.0,2024-07-17 10:59:44,9,7,Invierno
101069,AZITROMICINA 500MG CJAX30TAB,ACFARMA GENERICO,0.0,10.0,10.0,2024-07-17 14:07:33,1,7,Invierno
101069,AZITROMICINA 500MG CJAX30TAB,ACFARMA GENERICO,0.0,6.0,6.0,2024-07-18 21:13:43,1,7,Invierno
101069,AZITROMICINA 500MG CJAX30TAB,ACFARMA GENERICO,0.0,2.0,2.0,2024-07-19 11:58:36,3,7,Invierno
101069,AZITROMICINA 500MG CJAX30TAB,ACFARMA GENERICO,0.0,2.0,2.0,2024-07-19 20:41:44,12,7,Invierno
101069,AZITROMICINA 500MG CJAX30TAB,ACFARMA GENERICO,0.0,3.0,3.0,2024-07-20 08:49:07,7,7,Invierno
101069,AZITROMICINA 500MG CJAX30TAB,ACFARMA GENERICO,0.0,3.0,3.0,2024-07-20 14:40:37,9,7,Invierno
101069,AZITROMICINA 500MG CJAX30TAB,ACFARMA GENERICO,0.0,3.0,3.0,2024-07-21 19:37:11,5,7,Invierno
101069,AZITROMICINA 500MG CJAX30TAB,ACFARMA GENERICO,0.0,7.0,7.0,2024-07-22 12:35:37,7,7,Invierno
101069,AZITROMICINA 500MG CJAX30TAB,ACFARMA GENERICO,0.0,2.0,2.0,2024-07-22 20:28:43,7,7,Invierno
101069,AZITROMICINA 500MG CJAX30TAB,ACFARMA GENERICO,0.0,10.0,10.0,2024-07-24 13:04:22,3,7,Invierno
101069,AZITROMICINA 500MG CJAX30TAB,ACFARMA GENERICO,0.0,5.0,5.0,2024-07-24 13:36:47,4,7,Invierno
101069,AZITROMICINA 500MG CJAX30TAB,ACFARMA GENERICO,0.0,3.0,3.0,2024-07-24 21:58:33,7,7,Invierno
101069,AZITROMICINA 500MG CJAX30TAB,ACFARMA GENERICO,0.0,2.0,2.0,2024-07-25 08:18:42,10,7,Invierno
101069,AZITROMICINA 500MG CJAX30TAB,ACFARMA GENERICO,0.0,10.0,10.0,2024-07-25 18:49:27,6,7,Invierno
101069,AZITROMICINA 500MG CJAX30TAB,ACFARMA GENERICO,0.0,2.0,2.0,2024-07-25 21:44:26,3,7,Invierno
101069,AZITROMICINA 500MG CJAX30TAB,ACFARMA GENERICO,0.0,2.0,2.0,2024-07-26 13:06:25,1,7,Invierno
101069,AZITROMICINA 500MG CJAX30TAB,ACFARMA GENERICO,0.0,6.0,6.0,2024-07-26 17:15:28,7,7,Invierno
101069,AZITROMICINA 500MG CJAX30TAB,ACFARMA GENERICO,0.0,2.0,2.0,2024-07-26 22:04:06,3,7,Invierno
101069,AZITROMICINA 500MG CJAX30TAB,ACFARMA GENERICO,0.0,1.0,1.0,2024-07-27 15:29:14,1,7,Invierno
101069,AZITROMICINA 500MG CJAX30TAB,ACFARMA GENERICO,0.0,3.0,3.0,2024-07-27 17:19:52,1,7,Invierno
101069,AZITROMICINA 500MG CJAX30TAB,ACFARMA GENERICO,0.0,3.0,3.0,2024-07-27 21:18:01,1,7,Invierno
101069,AZITROMICINA 500MG CJAX30TAB,ACFARMA GENERICO,0.0,1.0,1.0,2024-07-28 12:09:16,7,7,Invierno
101069,AZITROMICINA 500MG CJAX30TAB,ACFARMA GENERICO,0.0,2.0,2.0,2024-07-28 13:21:17,7,7,Invierno
101069,AZITROMICINA 500MG CJAX30TAB,ACFARMA GENERICO,0.0,4.0,4.0,2024-07-28 15:43:02,11,7,Invierno
101069,AZITROMICINA 500MG CJAX30TAB,ACFARMA GENERICO,0.0,1.0,1.0,2024-07-28 15:43:29,11,7,Invierno
101069,AZITROMICINA 500MG CJAX30TAB,ACFARMA GENERICO,0.0,2.0,2.0,2024-07-29 21:13:23,13,7,Invierno
101069,AZITROMICINA 500MG CJAX30TAB,ACFARMA GENERICO,0.0,30.0,30.0,2024-07-30 17:24:20,10,7,Invierno
101069,AZITROMICINA 500MG CJAX30TAB,ACFARMA GENERICO,0.0,3.0,3.0,2024-07-30 18:50:41,10,7,Invierno
101069,AZITROMICINA 500MG CJAX30TAB,ACFARMA GENERICO,0.0,3.0,3.0,2024-07-30 21:16:04,1,7,Invierno
101069,AZITROMICINA 500MG CJAX30TAB,ACFARMA GENERICO,0.0,3.0,3.0,2024-07-30 22:06:13,13,7,Invierno
101069,AZITROMICINA 500MG CJAX30TAB,ACFARMA GENERICO,0.0,1.0,1.0,2024-07-30 22:20:19,13,7,Invierno
101069,AZITROMICINA 500MG CJAX30TAB,ACFARMA GENERICO,0.0,2.0,2.0,2024-07-31 10:42:50,13,7,Invierno
101069,AZITROMICINA 500MG CJAX30TAB,ACFARMA GENERICO,0.0,3.0,3.0,2024-07-31 12:12:58,1,7,Invierno
101069,AZITROMICINA 500MG CJAX30TAB,ACFARMA GENERICO,0.0,4.0,4.0,2024-07-31 17:56:00,1,7,Invierno
101069,AZITROMICINA 500MG CJAX30TAB,ACFARMA GENERICO,0.0,1.0,1.0,2024-08-01 10:15:24,13,8,Invierno
101069,AZITROMICINA 500MG CJAX30TAB,ACFARMA GENERICO,0.0,10.0,10.0,2024-08-01 20:14:35,13,8,Invierno
101069,AZITROMICINA 500MG CJAX30TAB,ACFARMA GENERICO,0.0,2.0,2.0,2024-08-01 22:01:26,7,8,Invierno
101069,AZITROMICINA 500MG CJAX30TAB,ACFARMA GENERICO,0.0,3.0,3.0,2024-08-02 11:10:06,5,8,Invierno
101069,AZITROMICINA 500MG TAB CJAX30UNID.,ACFARMA GENERICO,0.0,5.0,5.0,2024-08-02 12:42:55,10,8,Invierno
101069,AZITROMICINA 500MG TAB CJAX30UNID.,ACFARMA GENERICO,0.0,6.0,6.0,2024-08-02 13:39:04,4,8,Invierno
101069,AZITROMICINA 500MG TAB CJAX30UNID.,ACFARMA GENERICO,0.0,12.0,12.0,2024-08-02 16:29:58,5,8,Invierno
101069,AZITROMICINA 500MG TAB CJAX30UNID.,ACFARMA GENERICO,0.0,1.0,1.0,2024-08-02 19:34:08,5,8,Invierno
101069,AZITROMICINA 500MG TAB CJAX30UNID.,ACFARMA GENERICO,0.0,2.0,2.0,2024-08-03 10:01:29,7,8,Invierno
101069,AZITROMICINA 500MG TAB CJAX30UNID.,ACFARMA GENERICO,0.0,2.0,2.0,2024-08-03 18:18:48,3,8,Invierno
101069,AZITROMICINA 500MG CJAX30TAB,ACFARMA GENERICO,0.0,3.0,3.0,2024-08-05 13:38:47,9,8,Invierno
101069,AZITROMICINA 500MG TAB CJAX30UNID.,ACFARMA GENERICO,0.0,2.0,2.0,2024-08-05 15:17:17,3,8,Invierno
101069,AZITROMICINA 500MG TAB CJAX30UNID.,ACFARMA GENERICO,0.0,2.0,2.0,2024-08-06 16:26:25,1,8,Invierno
101069,AZITROMICINA 500MG TAB CJAX30UNID.,ACFARMA GENERICO,0.0,10.0,10.0,2024-08-06 17:15:55,5,8,Invierno
101069,AZITROMICINA 500MG TAB CJAX30UNID.,ACFARMA GENERICO,0.0,1.0,1.0,2024-08-06 18:25:08,9,8,Invierno
101069,AZITROMICINA 500MG TAB CJAX30UNID.,ACFARMA GENERICO,0.0,3.0,3.0,2024-08-06 20:21:16,12,8,Invierno
101069,AZITROMICINA 500MG TAB CJAX30UNID.,ACFARMA GENERICO,0.0,2.0,1.9,2024-08-07 07:48:37,11,8,Invierno
101069,AZITROMICINA 500MG TAB CJAX30UNID.,ACFARMA GENERICO,0.0,10.0,10.0,2024-08-07 13:48:55,7,8,Invierno
101069,AZITROMICINA 500MG TAB CJAX30UNID.,ACFARMA GENERICO,0.0,5.0,5.0,2024-08-07 18:42:33,10,8,Invierno
101069,AZITROMICINA 500MG TAB CJAX30UNID.,ACFARMA GENERICO,0.0,3.0,3.0,2024-08-07 20:15:17,3,8,Invierno
101069,AZITROMICINA 500MG TAB CJAX30UNID.,ACFARMA GENERICO,0.0,5.0,5.0,2024-08-07 21:38:35,1,8,Invierno
101069,AZITROMICINA 500MG TAB CJAX30UNID.,ACFARMA GENERICO,0.0,2.0,2.0,2024-08-08 12:41:04,9,8,Invierno
101069,AZITROMICINA 500MG TAB CJAX30UNID.,ACFARMA GENERICO,0.0,5.0,5.0,2024-08-08 14:51:51,12,8,Invierno
101069,AZITROMICINA 500MG TAB CJAX30UNID.,ACFARMA GENERICO,0.0,5.0,5.0,2024-08-08 17:25:01,1,8,Invierno
101069,AZITROMICINA 500MG TAB CJAX30UNID.,ACFARMA GENERICO,0.0,3.0,3.0,2024-08-09 09:35:40,3,8,Invierno
101069,AZITROMICINA 500MG TAB CJAX30UNID.,ACFARMA GENERICO,0.0,5.0,5.0,2024-08-09 20:08:45,1,8,Invierno
101069,AZITROMICINA 500MG TAB CJAX30UNID.,ACFARMA GENERICO,0.0,1.0,1.0,2024-08-09 20:51:48,8,8,Invierno
101069,AZITROMICINA 500MG TAB CJAX30UNID.,ACFARMA GENERICO,0.0,3.0,3.0,2024-08-09 21:16:14,3,8,Invierno
101069,AZITROMICINA 500MG TAB CJAX30UNID.,ACFARMA GENERICO,0.0,2.0,2.0,2024-08-10 12:38:40,6,8,Invierno
101069,AZITROMICINA 500MG TAB CJAX30UNID.,ACFARMA GENERICO,0.0,2.0,2.0,2024-08-10 21:41:55,1,8,Invierno
101069,AZITROMICINA 500MG TAB CJAX30UNID.,ACFARMA GENERICO,0.0,2.0,1.9,2024-08-10 23:02:29,5,8,Invierno
101069,AZITROMICINA 500MG TAB CJAX30UNID.,ACFARMA GENERICO,0.0,10.0,10.0,2024-08-12 09:21:15,2,8,Invierno
101069,AZITROMICINA 500MG TAB CJAX30UNID.,ACFARMA GENERICO,0.0,1.0,1.0,2024-08-12 11:55:39,6,8,Invierno
101069,AZITROMICINA 500MG TAB CJAX30UNID.,ACFARMA GENERICO,0.0,4.0,4.0,2024-08-12 13:59:11,12,8,Invierno
101069,AZITROMICINA 500MG TAB CJAX30UNID.,ACFARMA GENERICO,0.0,1.0,1.0,2024-08-12 15:30:28,3,8,Invierno
101069,AZITROMICINA 500MG TAB CJAX30UNID.,ACFARMA GENERICO,0.0,10.0,10.0,2024-08-12 18:43:46,9,8,Invierno
101069,AZITROMICINA 500MG TAB CJAX30UNID.,ACFARMA GENERICO,0.0,4.0,4.0,2024-08-12 19:50:21,13,8,Invierno
101069,AZITROMICINA 500MG TAB CJAX30UNID.,ACFARMA GENERICO,0.0,10.0,10.0,2024-08-13 09:08:31,5,8,Invierno
101069,AZITROMICINA 500MG TAB CJAX30UNID.,ACFARMA GENERICO,0.0,10.0,10.0,2024-08-13 10:25:18,10,8,Invierno
101069,AZITROMICINA 500MG TAB CJAX30UNID.,ACFARMA GENERICO,0.0,4.0,4.0,2024-08-13 16:22:17,6,8,Invierno
101069,AZITROMICINA 500MG TAB CJAX30UNID.,ACFARMA GENERICO,0.0,5.0,5.0,2024-08-14 11:08:08,13,8,Invierno
101069,AZITROMICINA 500MG TAB CJAX30UNID.,ACFARMA GENERICO,0.0,3.0,3.0,2024-08-14 15:28:06,4,8,Invierno
101069,AZITROMICINA 500MG TAB CJAX30UNID.,ACFARMA GENERICO,1.0,0.0,28.9,2024-08-14 18:49:12,1,8,Invierno
101069,AZITROMICINA 500MG TAB CJAX30UNID.,ACFARMA GENERICO,0.0,3.0,3.0,2024-08-14 20:15:25,12,8,Invierno
101069,AZITROMICINA 500MG TAB CJAX30UNID.,ACFARMA GENERICO,0.0,1.0,1.0,2024-08-14 21:25:58,5,8,Invierno
101069,AZITROMICINA 500MG TAB CJAX30UNID.,ACFARMA GENERICO,0.0,1.0,1.0,2024-08-15 10:44:44,11,8,Invierno
101069,AZITROMICINA 500MG TAB CJAX30UNID.,ACFARMA GENERICO,0.0,3.0,3.0,2024-08-15 17:30:59,3,8,Invierno
101069,AZITROMICINA 500MG TAB CJAX30UNID.,ACFARMA GENERICO,0.0,3.0,3.0,2024-08-15 18:48:43,5,8,Invierno
101069,AZITROMICINA 500MG TAB CJAX30UNID.,ACFARMA GENERICO,0.0,3.0,3.0,2024-08-15 18:56:51,12,8,Invierno
101069,AZITROMICINA 500MG TAB CJAX30UNID.,ACFARMA GENERICO,0.0,3.0,3.0,2024-08-15 19:50:24,5,8,Invierno
101069,AZITROMICINA 500MG TAB CJAX30UNID.,ACFARMA GENERICO,0.0,1.0,1.0,2024-08-15 21:31:34,8,8,Invierno
101069,AZITROMICINA 500MG TAB CJAX30UNID.,ACFARMA GENERICO,0.0,5.0,5.0,2024-08-17 13:12:36,1,8,Invierno
101069,AZITROMICINA 500MG TAB CJAX30UNID.,ACFARMA GENERICO,0.0,3.0,3.0,2024-08-17 18:24:18,5,8,Invierno
101069,AZITROMICINA 500MG TAB CJAX30UNID.,ACFARMA GENERICO,0.0,6.0,6.0,2024-08-17 20:17:16,5,8,Invierno
101069,AZITROMICINA 500MG TAB CJAX30UNID.,ACFARMA GENERICO,0.0,1.0,1.0,2024-08-17 21:15:52,1,8,Invierno
101069,AZITROMICINA 500MG TAB CJAX30UNID.,ACFARMA GENERICO,0.0,3.0,3.0,2024-08-18 11:36:07,3,8,Invierno
101069,AZITROMICINA 500MG TAB CJAX30UNID.,ACFARMA GENERICO,0.0,3.0,3.0,2024-08-18 12:17:09,9,8,Invierno
101069,AZITROMICINA 500MG TAB CJAX30UNID.,ACFARMA GENERICO,0.0,6.0,6.0,2024-08-18 19:53:14,5,8,Invierno
101069,AZITROMICINA 500MG TAB CJAX30UNID.,ACFARMA GENERICO,0.0,5.0,5.0,2024-08-19 11:55:46,6,8,Invierno
101069,AZITROMICINA 500MG TAB CJAX30UNID.,ACFARMA GENERICO,0.0,5.0,5.0,2024-08-19 12:49:20,1,8,Invierno
101069,AZITROMICINA 500MG TAB CJAX30UNID.,ACFARMA GENERICO,0.0,3.0,3.0,2024-08-19 13:59:19,1,8,Invierno
101069,AZITROMICINA 500MG TAB CJAX30UNID.,ACFARMA GENERICO,0.0,3.0,3.0,2024-08-19 15:05:58,7,8,Invierno
101069,AZITROMICINA 500MG TAB CJAX30UNID.,ACFARMA GENERICO,0.0,3.0,3.0,2024-08-19 17:12:49,1,8,Invierno
101069,AZITROMICINA 500MG TAB CJAX30UNID.,ACFARMA GENERICO,0.0,10.0,10.0,2024-08-19 20:33:42,1,8,Invierno
101069,AZITROMICINA 500MG TAB CJAX30UNID.,ACFARMA GENERICO,0.0,2.0,2.0,2024-08-20 14:45:56,12,8,Invierno
101069,AZITROMICINA 500MG TAB CJAX30UNID.,ACFARMA GENERICO,0.0,5.0,5.0,2024-08-20 15:24:05,10,8,Invierno
101069,AZITROMICINA 500MG TAB CJAX30UNID.,ACFARMA GENERICO,0.0,2.0,2.0,2024-08-20 17:14:50,10,8,Invierno
101069,AZITROMICINA 500MG TAB CJAX30UNID.,ACFARMA GENERICO,0.0,1.0,1.0,2024-08-21 14:50:40,1,8,Invierno
101069,AZITROMICINA 500MG TAB CJAX30UNID.,ACFARMA GENERICO,0.0,1.0,1.0,2024-08-21 15:29:15,5,8,Invierno
101069,AZITROMICINA 500MG TAB CJAX30UNID.,ACFARMA GENERICO,0.0,2.0,2.0,2024-08-21 22:10:38,4,8,Invierno
101069,AZITROMICINA 500MG TAB CJAX30UNID.,ACFARMA GENERICO,0.0,1.0,1.0,2024-08-22 09:44:14,1,8,Invierno
101069,AZITROMICINA 500MG TAB CJAX30UNID.,ACFARMA GENERICO,0.0,10.0,10.0,2024-08-22 14:14:33,7,8,Invierno
101069,AZITROMICINA 500MG TAB CJAX30UNID.,ACFARMA GENERICO,0.0,20.0,20.0,2024-08-22 17:58:29,10,8,Invierno
101069,AZITROMICINA 500MG TAB CJAX30UNID.,ACFARMA GENERICO,0.0,1.0,1.0,2024-08-22 18:33:12,9,8,Invierno
101069,AZITROMICINA 500MG TAB CJAX30UNID.,ACFARMA GENERICO,0.0,5.0,5.0,2024-08-22 20:23:25,5,8,Invierno
101069,AZITROMICINA 500MG TAB CJAX30UNID.,ACFARMA GENERICO,0.0,2.0,2.0,2024-08-22 21:35:15,1,8,Invierno
101069,AZITROMICINA 500MG TAB CJAX30UNID.,ACFARMA GENERICO,0.0,1.0,1.0,2024-08-23 10:23:03,7,8,Invierno
101069,AZITROMICINA 500MG TAB CJAX30UNID.,ACFARMA GENERICO,0.0,4.0,4.0,2024-08-23 13:49:53,1,8,Invierno
101069,AZITROMICINA 500MG TAB CJAX30UNID.,ACFARMA GENERICO,0.0,10.0,10.0,2024-08-23 18:40:16,7,8,Invierno
101069,AZITROMICINA 500MG TAB CJAX30UNID.,ACFARMA GENERICO,0.0,1.0,1.0,2024-08-23 18:49:59,3,8,Invierno
101069,AZITROMICINA 500MG TAB CJAX30UNID.,ACFARMA GENERICO,0.0,2.0,2.0,2024-08-23 22:01:04,6,8,Invierno
101069,AZITROMICINA 500MG TAB CJAX30UNID.,ACFARMA GENERICO,0.0,1.0,1.0,2024-08-24 09:13:19,9,8,Invierno
101069,AZITROMICINA 500MG TAB CJAX30UNID.,ACFARMA GENERICO,0.0,3.0,3.0,2024-08-24 17:26:26,10,8,Invierno
101069,AZITROMICINA 500MG TAB CJAX30UNID.,ACFARMA GENERICO,1.0,0.0,28.9,2024-08-24 18:14:04,1,8,Invierno
101069,AZITROMICINA 500MG TAB CJAX30UNID.,ACFARMA GENERICO,0.0,2.0,2.0,2024-08-24 18:16:21,9,8,Invierno
101069,AZITROMICINA 500MG TAB CJAX30UNID.,ACFARMA GENERICO,0.0,1.0,1.0,2024-08-24 22:00:46,6,8,Invierno
101069,AZITROMICINA 500MG TAB CJAX30UNID.,ACFARMA GENERICO,0.0,6.0,6.0,2024-08-25 16:38:27,6,8,Invierno
101069,AZITROMICINA 500MG TAB CJAX30UNID.,ACFARMA GENERICO,0.0,4.0,4.0,2024-08-25 17:09:09,9,8,Invierno
101069,AZITROMICINA 500MG TAB CJAX30UNID.,ACFARMA GENERICO,0.0,3.0,3.0,2024-08-25 17:17:17,6,8,Invierno
101069,AZITROMICINA 500MG TAB CJAX30UNID.,ACFARMA GENERICO,0.0,1.0,1.0,2024-08-26 12:34:46,9,8,Invierno
101069,AZITROMICINA 500MG TAB CJAX30UNID.,ACFARMA GENERICO,0.0,2.0,2.0,2024-08-26 16:25:02,3,8,Invierno
101069,AZITROMICINA 500MG TAB CJAX30UNID.,ACFARMA GENERICO,0.0,3.0,3.0,2024-08-26 19:36:25,10,8,Invierno
101069,AZITROMICINA 500MG TAB CJAX30UNID.,ACFARMA GENERICO,0.0,3.0,3.0,2024-08-26 20:42:45,3,8,Invierno
101069,AZITROMICINA 500MG TAB CJAX30UNID.,ACFARMA GENERICO,0.0,6.0,6.0,2024-08-26 20:50:26,4,8,Invierno
101069,AZITROMICINA 500MG TAB CJAX30UNID.,ACFARMA GENERICO,0.0,5.0,5.0,2024-08-26 23:27:50,4,8,Invierno
101069,AZITROMICINA 500MG TAB CJAX30UNID.,ACFARMA GENERICO,0.0,1.0,1.0,2024-08-27 11:00:48,7,8,Invierno
101069,AZITROMICINA 500MG TAB CJAX30UNID.,ACFARMA GENERICO,0.0,1.0,1.0,2024-08-27 11:03:09,7,8,Invierno
101069,AZITROMICINA 500MG TAB CJAX30UNID.,ACFARMA GENERICO,0.0,1.0,1.0,2024-08-27 12:05:18,4,8,Invierno
101069,AZITROMICINA 500MG TAB CJAX30UNID.,ACFARMA GENERICO,0.0,2.0,2.0,2024-08-27 16:06:08,10,8,Invierno
101069,AZITROMICINA 500MG TAB CJAX30UNID.,ACFARMA GENERICO,0.0,5.0,5.0,2024-08-27 22:09:33,5,8,Invierno
101069,AZITROMICINA 500MG TAB CJAX30UNID.,ACFARMA GENERICO,0.0,1.0,1.0,2024-08-28 11:32:07,8,8,Invierno
101069,AZITROMICINA 500MG TAB CJAX30UNID.,ACFARMA GENERICO,0.0,8.0,8.0,2024-08-28 11:47:24,9,8,Invierno
101069,AZITROMICINA 500MG TAB CJAX30UNID.,ACFARMA GENERICO,0.0,3.0,3.0,2024-08-28 12:43:09,2,8,Invierno
101069,AZITROMICINA 500MG TAB CJAX30UNID.,ACFARMA GENERICO,0.0,2.0,2.0,2024-08-28 19:49:04,9,8,Invierno
101069,AZITROMICINA 500MG TAB CJAX30UNID.,ACFARMA GENERICO,0.0,10.0,10.0,2024-08-28 19:51:41,6,8,Invierno
101069,AZITROMICINA 500MG TAB CJAX30UNID.,ACFARMA GENERICO,0.0,3.0,3.0,2024-08-28 21:08:04,1,8,Invierno
101069,AZITROMICINA 500MG TAB CJAX30UNID.,ACFARMA GENERICO,0.0,1.0,1.0,2024-08-29 10:43:26,9,8,Invierno
101069,AZITROMICINA 500MG TAB CJAX30UNID.,ACFARMA GENERICO,0.0,10.0,10.0,2024-08-29 18:25:21,3,8,Invierno
101069,AZITROMICINA 500MG TAB CJAX30UNID.,ACFARMA GENERICO,0.0,3.0,3.0,2024-08-29 18:35:39,8,8,Invierno
101069,AZITROMICINA 500MG TAB CJAX30UNID.,ACFARMA GENERICO,0.0,2.0,2.0,2024-08-29 22:29:14,2,8,Invierno
101069,AZITROMICINA 500MG TAB CJAX30UNID.,ACFARMA GENERICO,0.0,2.0,2.0,2024-08-30 09:30:25,6,8,Invierno
101069,AZITROMICINA 500MG TAB CJAX30UNID.,ACFARMA GENERICO,0.0,1.0,1.0,2024-08-30 18:29:58,2,8,Invierno
101069,AZITROMICINA 500MG TAB CJAX30UNID.,ACFARMA GENERICO,0.0,2.0,2.0,2024-08-30 20:56:42,2,8,Invierno
101069,AZITROMICINA 500MG TAB CJAX30UNID.,ACFARMA GENERICO,0.0,3.0,3.0,2024-08-31 11:46:04,7,8,Invierno
101069,AZITROMICINA 500MG TAB CJAX30UNID.,ACFARMA GENERICO,0.0,5.0,5.0,2024-08-31 12:59:17,7,8,Invierno
101069,AZITROMICINA 500MG TAB CJAX30UNID.,ACFARMA GENERICO,0.0,5.0,5.0,2024-08-31 18:23:40,3,8,Invierno
101069,AZITROMICINA 500MG TAB CJAX30UNID.,ACFARMA GENERICO,0.0,10.0,10.0,2024-08-31 19:53:35,5,8,Invierno
101069,AZITROMICINA 500MG TAB CJAX30UNID.,ACFARMA GENERICO,0.0,3.0,3.0,2024-08-31 20:22:38,3,8,Invierno
101069,AZITROMICINA 500MG TAB CJAX30UNID.,ACFARMA GENERICO,0.0,5.0,5.0,2024-09-01 19:00:39,3,9,Primavera
101069,AZITROMICINA 500MG TAB CJAX30UNID.,ACFARMA GENERICO,0.0,10.0,10.0,2024-09-02 16:16:12,9,9,Primavera
101069,AZITROMICINA 500MG TAB CJAX30UNID.,ACFARMA GENERICO,0.0,3.0,3.0,2024-09-02 19:15:52,5,9,Primavera
101069,AZITROMICINA 500MG TAB CJAX30UNID.,ACFARMA GENERICO,0.0,1.0,1.0,2024-09-02 21:03:32,9,9,Primavera
101069,AZITROMICINA 500MG TAB CJAX30UNID.,ACFARMA GENERICO,0.0,5.0,5.0,2024-09-03 08:34:01,11,9,Primavera
101069,AZITROMICINA 500MG TAB CJAX30UNID.,ACFARMA GENERICO,0.0,10.0,10.0,2024-09-03 12:29:57,2,9,Primavera
101069,AZITROMICINA 500MG TAB CJAX30UNID.,ACFARMA GENERICO,0.0,4.0,4.0,2024-09-03 17:32:56,10,9,Primavera
101069,AZITROMICINA 500MG TAB CJAX30UNID.,ACFARMA GENERICO,0.0,3.0,3.0,2024-09-03 19:17:11,10,9,Primavera
101069,AZITROMICINA 500MG TAB CJAX30UNID.,ACFARMA GENERICO,0.0,5.0,5.0,2024-09-04 14:29:39,9,9,Primavera
101069,AZITROMICINA 500MG TAB CJAX30UNID.,ACFARMA GENERICO,0.0,2.0,2.0,2024-09-04 18:04:57,9,9,Primavera
101069,AZITROMICINA 500MG TAB CJAX30UNID.,ACFARMA GENERICO,0.0,10.0,10.0,2024-09-04 20:43:18,4,9,Primavera
101069,AZITROMICINA 500MG TAB CJAX30UNID.,ACFARMA GENERICO,0.0,5.0,5.0,2024-09-05 10:25:15,8,9,Primavera
101069,AZITROMICINA 500MG TAB CJAX30UNID.,ACFARMA GENERICO,0.0,6.0,6.0,2024-09-05 11:54:40,1,9,Primavera
101069,AZITROMICINA 500MG TAB CJAX30UNID.,ACFARMA GENERICO,0.0,1.0,1.0,2024-09-05 13:31:55,7,9,Primavera
101069,AZITROMICINA 500MG TAB CJAX30UNID.,ACFARMA GENERICO,0.0,2.0,2.0,2024-09-05 13:36:31,8,9,Primavera
101069,AZITROMICINA 500MG TAB CJAX30UNID.,ACFARMA GENERICO,0.0,2.0,2.0,2024-09-05 13:38:09,7,9,Primavera
101069,AZITROMICINA 500MG TAB CJAX30UNID.,ACFARMA GENERICO,0.0,3.0,3.0,2024-09-05 14:00:03,4,9,Primavera
101069,AZITROMICINA 500MG TAB CJAX30UNID.,ACFARMA GENERICO,0.0,2.0,2.0,2024-09-05 17:22:26,8,9,Primavera
101069,AZITROMICINA 500MG TAB CJAX30UNID.,ACFARMA GENERICO,0.0,5.0,5.0,2024-09-06 09:48:09,11,9,Primavera
101069,AZITROMICINA 500MG TAB CJAX30UNID.,ACFARMA GENERICO,0.0,3.0,3.0,2024-09-06 10:25:01,6,9,Primavera
101069,AZITROMICINA 500MG TAB CJAX30UNID.,ACFARMA GENERICO,0.0,3.0,3.0,2024-09-06 12:54:37,2,9,Primavera
101069,AZITROMICINA 500MG TAB CJAX30UNID.,ACFARMA GENERICO,0.0,10.0,10.0,2024-09-06 13:24:01,7,9,Primavera
101069,AZITROMICINA 500MG TAB CJAX30UNID.,ACFARMA GENERICO,0.0,1.0,1.0,2024-09-06 18:28:40,5,9,Primavera
101069,AZITROMICINA 500MG TAB CJAX30UNID.,ACFARMA GENERICO,0.0,4.0,4.0,2024-09-06 18:41:01,12,9,Primavera
101069,AZITROMICINA 500MG TAB CJAX30UNID.,ACFARMA GENERICO,0.0,2.0,2.0,2024-09-06 18:48:42,1,9,Primavera
101069,AZITROMICINA 500MG TAB CJAX30UNID.,ACFARMA GENERICO,0.0,2.0,2.0,2024-09-06 19:05:24,1,9,Primavera
101069,AZITROMICINA 500MG TAB CJAX30UNID.,ACFARMA GENERICO,0.0,5.0,5.0,2024-09-06 20:57:04,1,9,Primavera
101069,AZITROMICINA 500MG TAB CJAX30UNID.,ACFARMA GENERICO,0.0,1.0,1.0,2024-09-07 17:56:40,5,9,Primavera
101069,AZITROMICINA 500MG TAB CJAX30UNID.,ACFARMA GENERICO,0.0,5.0,5.0,2024-09-07 18:50:26,1,9,Primavera
101069,AZITROMICINA 500MG TAB CJAX30UNID.,ACFARMA GENERICO,0.0,3.0,3.0,2024-09-07 18:55:33,1,9,Primavera
101069,AZITROMICINA 500MG TAB CJAX30UNID.,ACFARMA GENERICO,0.0,1.0,1.0,2024-09-07 20:39:25,1,9,Primavera
101069,AZITROMICINA 500MG TAB CJAX30UNID.,ACFARMA GENERICO,0.0,3.0,3.0,2024-09-07 21:26:47,1,9,Primavera
101069,AZITROMICINA 500MG TAB CJAX30UNID.,ACFARMA GENERICO,0.0,1.0,1.0,2024-09-08 18:28:55,5,9,Primavera
101069,AZITROMICINA 500MG TAB CJAX30UNID.,ACFARMA GENERICO,0.0,2.0,2.0,2024-09-08 20:09:48,13,9,Primavera
101069,AZITROMICINA 500MG TAB CJAX30UNID.,ACFARMA GENERICO,0.0,3.0,3.0,2024-09-09 17:18:52,1,9,Primavera
101069,AZITROMICINA 500MG TAB CJAX30UNID.,ACFARMA GENERICO,0.0,15.0,15.0,2024-09-10 19:19:47,7,9,Primavera
101069,AZITROMICINA 500MG TAB CJAX30UNID.,ACFARMA GENERICO,0.0,20.0,20.0,2024-09-10 21:04:10,12,9,Primavera
101069,AZITROMICINA 500MG TAB CJAX30UNID.,ACFARMA GENERICO,0.0,2.0,2.0,2024-09-10 21:07:35,1,9,Primavera
101069,AZITROMICINA 500MG TAB CJAX30UNID.,ACFARMA GENERICO,0.0,5.0,5.0,2024-09-11 10:06:14,9,9,Primavera
101069,AZITROMICINA 500MG TAB CJAX30UNID.,ACFARMA GENERICO,0.0,5.0,5.0,2024-09-12 15:04:15,4,9,Primavera
101069,AZITROMICINA 500MG TAB CJAX30UNID.,ACFARMA GENERICO,0.0,3.0,3.0,2024-09-12 16:24:23,1,9,Primavera
101069,AZITROMICINA 500MG TAB CJAX30UNID.,ACFARMA GENERICO,0.0,2.0,2.0,2024-09-13 19:22:26,8,9,Primavera
101069,AZITROMICINA 500MG TAB CJAX30UNID.,ACFARMA GENERICO,0.0,2.0,2.0,2024-09-13 19:41:42,9,9,Primavera
101069,AZITROMICINA 500MG TAB CJAX30UNID.,ACFARMA GENERICO,0.0,5.0,5.0,2024-09-14 18:14:18,7,9,Primavera
101069,AZITROMICINA 500MG TAB CJAX30UNID.,ACFARMA GENERICO,0.0,4.0,4.0,2024-09-14 19:40:07,5,9,Primavera
101069,AZITROMICINA 500MG TAB CJAX30UNID.,ACFARMA GENERICO,0.0,3.0,3.0,2024-09-15 11:05:03,3,9,Primavera
101069,AZITROMICINA 500MG TAB CJAX30UNID.,ACFARMA GENERICO,0.0,2.0,2.0,2024-09-16 16:39:07,4,9,Primavera
101069,AZITROMICINA 500MG TAB CJAX30UNID.,ACFARMA GENERICO,0.0,4.0,4.0,2024-09-16 19:15:17,13,9,Primavera
101069,AZITROMICINA 500MG TAB CJAX30UNID.,ACFARMA GENERICO,0.0,2.0,2.0,2024-09-17 17:41:39,7,9,Primavera
101069,AZITROMICINA 500MG TAB CJAX30UNID.,ACFARMA GENERICO,0.0,2.0,2.0,2024-09-18 07:09:05,12,9,Primavera
101069,AZITROMICINA 500MG TAB CJAX30UNID.,ACFARMA GENERICO,0.0,4.0,4.0,2024-09-18 18:48:26,5,9,Primavera
101069,AZITROMICINA 500MG TAB CJAX30UNID.,ACFARMA GENERICO,0.0,5.0,5.0,2024-09-18 20:27:54,5,9,Primavera
101069,AZITROMICINA 500MG TAB CJAX30UNID.,ACFARMA GENERICO,0.0,2.0,2.0,2024-09-18 20:42:52,9,9,Primavera
101069,AZITROMICINA 500MG TAB CJAX30UNID.,ACFARMA GENERICO,0.0,3.0,3.0,2024-09-18 21:23:44,3,9,Primavera
101069,AZITROMICINA 500MG TAB CJAX30UNID.,ACFARMA GENERICO,0.0,5.0,5.0,2024-09-19 17:18:50,10,9,Primavera
101069,AZITROMICINA 500MG TAB CJAX30UNID.,ACFARMA GENERICO,0.0,3.0,3.0,2024-09-20 10:45:53,9,9,Primavera
101069,AZITROMICINA 500MG TAB CJAX30UNID.,ACFARMA GENERICO,0.0,2.0,2.0,2024-09-20 18:48:31,9,9,Primavera
101069,AZITROMICINA 500MG TAB CJAX30UNID.,ACFARMA GENERICO,0.0,2.0,2.0,2024-09-21 20:55:37,3,9,Primavera
101069,AZITROMICINA 500MG TAB CJAX30UNID.,ACFARMA GENERICO,0.0,5.0,5.0,2024-09-21 21:10:14,2,9,Primavera
101069,AZITROMICINA 500MG TAB CJAX30UNID.,ACFARMA GENERICO,0.0,4.0,4.0,2024-09-21 21:34:35,1,9,Primavera
101069,AZITROMICINA 500MG TAB CJAX30UNID.,ACFARMA GENERICO,0.0,1.0,1.0,2024-09-21 21:35:26,1,9,Primavera
101069,AZITROMICINA 500MG TAB CJAX30UNID.,ACFARMA GENERICO,0.0,4.0,4.0,2024-09-22 10:43:17,4,9,Primavera
101069,AZITROMICINA 500MG TAB CJAX30UNID.,ACFARMA GENERICO,0.0,2.0,2.0,2024-09-22 12:34:01,3,9,Primavera
101069,AZITROMICINA 500MG TAB CJAX30UNID.,ACFARMA GENERICO,0.0,5.0,5.0,2024-09-22 16:18:09,6,9,Primavera
101069,AZITROMICINA 500MG TAB CJAX30UNID.,ACFARMA GENERICO,0.0,5.0,5.0,2024-09-23 20:26:01,9,9,Primavera
101069,AZITROMICINA 500MG TAB CJAX30UNID.,ACFARMA GENERICO,0.0,30.0,30.0,2024-09-24 12:30:16,10,9,Primavera
101069,AZITROMICINA 500MG TAB CJAX30UNID.,ACFARMA GENERICO,0.0,1.0,1.0,2024-09-25 14:23:21,9,9,Primavera
101069,AZITROMICINA 500MG TAB CJAX30UNID.,ACFARMA GENERICO,0.0,1.0,1.0,2024-09-25 18:41:23,9,9,Primavera
101069,AZITROMICINA 500MG TAB CJAX30UNID.,ACFARMA GENERICO,0.0,3.0,3.0,2024-09-25 20:16:51,9,9,Primavera
101069,AZITROMICINA 500MG TAB CJAX30UNID.,ACFARMA GENERICO,0.0,1.0,1.0,2024-09-26 09:26:07,10,9,Primavera
101069,AZITROMICINA 500MG TAB CJAX30UNID.,ACFARMA GENERICO,0.0,2.0,2.0,2024-09-26 11:41:19,3,9,Primavera
101069,AZITROMICINA 500MG TAB CJAX30UNID.,ACFARMA GENERICO,0.0,5.0,5.0,2024-09-26 13:39:01,10,9,Primavera
101069,AZITROMICINA 500MG TAB CJAX30UNID.,ACFARMA GENERICO,0.0,4.0,3.8,2024-09-26 14:42:00,10,9,Primavera
101069,AZITROMICINA 500MG TAB CJAX30UNID.,ACFARMA GENERICO,0.0,2.0,2.0,2024-09-26 16:34:16,9,9,Primavera
101069,AZITROMICINA 500MG TAB CJAX30UNID.,ACFARMA GENERICO,0.0,1.0,1.0,2024-09-27 10:11:55,2,9,Primavera
101069,AZITROMICINA 500MG TAB CJAX30UNID.,ACFARMA GENERICO,0.0,5.0,5.0,2024-09-27 11:25:09,4,9,Primavera
101069,AZITROMICINA 500MG TAB CJAX30UNID.,ACFARMA GENERICO,0.0,1.0,1.0,2024-09-27 18:48:37,9,9,Primavera
101069,AZITROMICINA 500MG TAB CJAX30UNID.,ACFARMA GENERICO,0.0,19.0,19.0,2024-09-27 19:00:01,10,9,Primavera
101069,AZITROMICINA 500MG TAB CJAX30UNID.,ACFARMA GENERICO,0.0,1.0,1.0,2024-09-28 09:23:03,6,9,Primavera
101069,AZITROMICINA 500MG TAB CJAX30UNID.,ACFARMA GENERICO,0.0,1.0,1.0,2024-09-29 16:45:10,5,9,Primavera
101069,AZITROMICINA 500MG TAB CJAX30UNID.,ACFARMA GENERICO,0.0,3.0,2.85,2024-09-29 22:39:08,5,9,Primavera
101069,AZITROMICINA 500MG TAB CJAX30UNID.,ACFARMA GENERICO,0.0,1.0,1.0,2024-09-30 13:45:19,8,9,Primavera
101069,AZITROMICINA 500MG TAB CJAX30UNID.,ACFARMA GENERICO,0.0,3.0,3.0,2024-09-30 21:17:23,3,9,Primavera
101069,AZITROMICINA 500MG TAB CJAX30UNID.,ACFARMA GENERICO,0.0,50.0,47.5,2024-10-01 20:23:12,12,10,Primavera
101069,AZITROMICINA 500MG TAB CJAX30UNID.,ACFARMA GENERICO,0.0,3.0,3.0,2024-10-01 20:54:49,1,10,Primavera
101069,AZITROMICINA 500MG TAB CJAX30UNID.,ACFARMA GENERICO,0.0,3.0,3.0,2024-10-02 10:20:05,1,10,Primavera
101069,AZITROMICINA 500MG TAB CJAX30UNID.,ACFARMA GENERICO,0.0,6.0,6.0,2024-10-02 14:31:22,12,10,Primavera
101069,AZITROMICINA 500MG TAB CJAX30UNID.,ACFARMA GENERICO,0.0,30.0,28.5,2024-10-02 16:05:48,3,10,Primavera
101069,AZITROMICINA 500MG TAB CJAX30UNID.,ACFARMA GENERICO,0.0,5.0,5.0,2024-10-03 20:01:00,6,10,Primavera
101069,AZITROMICINA 500MG TAB CJAX30UNID.,ACFARMA GENERICO,0.0,1.0,1.0,2024-10-04 10:12:31,13,10,Primavera
101069,AZITROMICINA 500MG TAB CJAX30UNID.,ACFARMA GENERICO,0.0,6.0,6.0,2024-10-04 11:32:26,11,10,Primavera
101069,AZITROMICINA 500MG TAB CJAX30UNID.,ACFARMA GENERICO,0.0,10.0,10.0,2024-10-04 17:09:35,9,10,Primavera
101069,AZITROMICINA 500MG TAB CJAX30UNID.,ACFARMA GENERICO,0.0,1.0,1.0,2024-10-04 20:56:00,3,10,Primavera
101069,AZITROMICINA 500MG TAB CJAX30UNID.,ACFARMA GENERICO,0.0,2.0,1.9,2024-10-05 14:36:34,11,10,Primavera
101069,AZITROMICINA 500MG TAB CJAX30UNID.,ACFARMA GENERICO,0.0,2.0,2.0,2024-10-05 19:02:18,12,10,Primavera
101069,AZITROMICINA 500MG TAB CJAX30UNID.,ACFARMA GENERICO,0.0,5.0,4.75,2024-10-05 20:25:31,9,10,Primavera
101069,AZITROMICINA 500MG TAB CJAX30UNID.,ACFARMA GENERICO,0.0,4.0,4.0,2024-10-06 09:07:35,11,10,Primavera
101069,AZITROMICINA 500MG TAB CJAX30UNID.,ACFARMA GENERICO,0.0,2.0,2.0,2024-10-06 17:12:21,13,10,Primavera
101069,AZITROMICINA 500MG TAB CJAX30UNID.,ACFARMA GENERICO,0.0,10.0,10.0,2024-10-06 17:17:33,13,10,Primavera
101069,AZITROMICINA 500MG TAB CJAX30UNID.,ACFARMA GENERICO,0.0,2.0,2.0,2024-10-06 20:13:19,12,10,Primavera
101069,AZITROMICINA 500MG TAB CJAX30UNID.,ACFARMA GENERICO,0.0,2.0,2.0,2024-10-06 20:26:36,1,10,Primavera
101069,AZITROMICINA 500MG TAB CJAX30UNID.,ACFARMA GENERICO,0.0,1.0,1.0,2024-10-06 23:01:23,4,10,Primavera
101069,AZITROMICINA 500MG TAB CJAX30UNID.,ACFARMA GENERICO,0.0,3.0,3.0,2024-10-07 10:11:22,1,10,Primavera
101069,AZITROMICINA 500MG TAB CJAX30UNID.,ACFARMA GENERICO,0.0,2.0,2.0,2024-10-07 12:15:29,9,10,Primavera
101069,AZITROMICINA 500MG TAB CJAX30UNID.,ACFARMA GENERICO,0.0,2.0,2.0,2024-10-07 13:21:00,7,10,Primavera
101069,AZITROMICINA 500MG TAB CJAX30UNID.,ACFARMA GENERICO,0.0,2.0,2.0,2024-10-07 20:00:23,12,10,Primavera
101069,AZITROMICINA 500MG TAB CJAX30UNID.,ACFARMA GENERICO,0.0,2.0,2.0,2024-10-07 20:59:57,13,10,Primavera
101069,AZITROMICINA 500MG TAB CJAX30UNID.,ACFARMA GENERICO,0.0,3.0,3.0,2024-10-08 13:08:23,9,10,Primavera
101069,AZITROMICINA 500MG TAB CJAX30UNID.,ACFARMA GENERICO,0.0,2.0,2.0,2024-10-08 17:07:57,9,10,Primavera
101069,AZITROMICINA 500MG TAB CJAX30UNID.,ACFARMA GENERICO,0.0,4.0,4.0,2024-10-09 12:23:02,5,10,Primavera
101069,AZITROMICINA 500MG TAB CJAX30UNID.,ACFARMA GENERICO,0.0,10.0,10.0,2024-10-09 17:51:08,2,10,Primavera
101069,AZITROMICINA 500MG TAB CJAX30UNID.,ACFARMA GENERICO,0.0,5.0,5.0,2024-10-09 18:38:38,2,10,Primavera
101069,AZITROMICINA 500MG TAB CJAX30UNID.,ACFARMA GENERICO,0.0,2.0,2.0,2024-10-10 10:05:29,2,10,Primavera
101069,AZITROMICINA 500MG TAB CJAX30UNID.,ACFARMA GENERICO,0.0,10.0,10.0,2024-10-11 17:11:16,11,10,Primavera
101069,AZITROMICINA 500MG TAB CJAX30UNID.,ACFARMA GENERICO,0.0,1.0,1.0,2024-10-11 20:31:42,3,10,Primavera
101069,AZITROMICINA 500MG TAB CJAX30UNID.,ACFARMA GENERICO,0.0,2.0,2.0,2024-10-11 20:55:02,5,10,Primavera
101069,AZITROMICINA 500MG TAB CJAX30UNID.,ACFARMA GENERICO,0.0,2.0,2.0,2024-10-12 13:01:16,5,10,Primavera
101069,AZITROMICINA 500MG TAB CJAX30UNID.,ACFARMA GENERICO,0.0,3.0,3.0,2024-10-12 19:42:06,12,10,Primavera
101069,AZITROMICINA 500MG TAB CJAX30UNID.,ACFARMA GENERICO,0.0,10.0,10.0,2024-10-13 13:01:50,1,10,Primavera
101069,AZITROMICINA 500MG TAB CJAX30UNID.,ACFARMA GENERICO,0.0,5.0,5.0,2024-10-14 08:21:09,5,10,Primavera
101069,AZITROMICINA 500MG TAB CJAX30UNID.,ACFARMA GENERICO,0.0,10.0,10.0,2024-10-14 16:20:03,3,10,Primavera
101069,AZITROMICINA 500MG TAB CJAX30UNID.,ACFARMA GENERICO,0.0,5.0,5.0,2024-10-14 16:41:01,1,10,Primavera
101069,AZITROMICINA 500MG TAB CJAX30UNID.,ACFARMA GENERICO,0.0,1.0,1.0,2024-10-16 08:17:37,7,10,Primavera
101069,AZITROMICINA 500MG TAB CJAX30UNID.,ACFARMA GENERICO,0.0,2.0,2.0,2024-10-17 19:39:31,9,10,Primavera
101069,AZITROMICINA 500MG TAB CJAX30UNID.,ACFARMA GENERICO,0.0,1.0,1.0,2024-10-18 14:11:40,5,10,Primavera
101069,AZITROMICINA 500MG TAB CJAX30UNID.,ACFARMA GENERICO,0.0,1.0,1.0,2024-10-18 17:36:59,7,10,Primavera
101069,AZITROMICINA 500MG TAB CJAX30UNID.,ACFARMA GENERICO,0.0,1.0,1.0,2024-10-19 08:12:14,7,10,Primavera
101069,AZITROMICINA 500MG TAB CJAX30UNID.,ACFARMA GENERICO,0.0,1.0,1.0,2024-10-19 11:59:46,5,10,Primavera
101069,AZITROMICINA 500MG TAB CJAX30UNID.,ACFARMA GENERICO,0.0,5.0,5.0,2024-10-20 08:14:51,1,10,Primavera
101069,AZITROMICINA 500MG TAB CJAX30UNID.,ACFARMA GENERICO,0.0,1.0,1.0,2024-10-20 10:53:58,5,10,Primavera
101069,AZITROMICINA 500MG TAB CJAX30UNID.,ACFARMA GENERICO,0.0,3.0,3.0,2024-10-21 08:38:14,11,10,Primavera
101069,AZITROMICINA 500MG TAB CJAX30UNID.,ACFARMA GENERICO,0.0,5.0,5.0,2024-10-21 09:18:13,1,10,Primavera
101069,AZITROMICINA 500MG TAB CJAX30UNID.,ACFARMA GENERICO,7.0,0.0,202.3,2024-10-21 09:26:19,1,10,Primavera
101069,AZITROMICINA 500MG TAB CJAX30UNID.,ACFARMA GENERICO,0.0,2.0,2.0,2024-10-21 11:15:03,7,10,Primavera
101069,AZITROMICINA 500MG TAB CJAX30UNID.,ACFARMA GENERICO,0.0,1.0,1.0,2024-10-21 12:05:05,5,10,Primavera
101069,AZITROMICINA 500MG TAB CJAX30UNID.,ACFARMA GENERICO,0.0,10.0,10.0,2024-10-21 16:15:13,11,10,Primavera
101069,AZITROMICINA 500MG TAB CJAX30UNID.,ACFARMA GENERICO,0.0,10.0,10.0,2024-10-21 16:32:38,1,10,Primavera
101069,AZITROMICINA 500MG TAB CJAX30UNID.,ACFARMA GENERICO,0.0,3.0,3.0,2024-10-22 13:32:12,1,10,Primavera
101069,AZITROMICINA 500MG TAB CJAX30UNID.,ACFARMA GENERICO,0.0,3.0,3.0,2024-10-22 17:04:23,13,10,Primavera
101069,AZITROMICINA 500MG TAB CJAX30UNID.,ACFARMA GENERICO,0.0,2.0,2.0,2024-10-22 19:41:57,8,10,Primavera
101069,AZITROMICINA 500MG TAB CJAX30UNID.,ACFARMA GENERICO,0.0,2.0,2.0,2024-10-22 20:38:11,8,10,Primavera
101069,AZITROMICINA 500MG TAB CJAX30UNID.,ACFARMA GENERICO,0.0,2.0,2.0,2024-10-23 12:26:53,9,10,Primavera
101069,AZITROMICINA 500MG TAB CJAX30UNID.,ACFARMA GENERICO,0.0,5.0,5.0,2024-10-23 13:31:23,4,10,Primavera
101069,AZITROMICINA 500MG TAB CJAX30UNID.,ACFARMA GENERICO,0.0,4.0,4.0,2024-10-23 14:05:40,4,10,Primavera
101069,AZITROMICINA 500MG TAB CJAX30UNID.,ACFARMA GENERICO,0.0,3.0,3.0,2024-10-23 17:25:51,6,10,Primavera
101069,AZITROMICINA 500MG TAB CJAX30UNID.,ACFARMA GENERICO,0.0,5.0,5.0,2024-10-24 10:10:58,12,10,Primavera
101069,AZITROMICINA 500MG TAB CJAX30UNID.,ACFARMA GENERICO,0.0,10.0,10.0,2024-10-24 16:02:46,12,10,Primavera
101069,AZITROMICINA 500MG TAB CJAX30UNID.,ACFARMA GENERICO,0.0,3.0,3.0,2024-10-24 16:14:30,9,10,Primavera
101069,AZITROMICINA 500MG TAB CJAX30UNID.,ACFARMA GENERICO,0.0,2.0,2.0,2024-10-24 16:22:50,9,10,Primavera
101069,AZITROMICINA 500MG TAB CJAX30UNID.,ACFARMA GENERICO,0.0,3.0,3.0,2024-10-24 18:40:49,8,10,Primavera
101069,AZITROMICINA 500MG TAB CJAX30UNID.,ACFARMA GENERICO,0.0,3.0,3.0,2024-10-24 21:01:34,3,10,Primavera
101069,AZITROMICINA 500MG TAB CJAX30UNID.,ACFARMA GENERICO,0.0,5.0,5.0,2024-10-25 11:56:22,10,10,Primavera
101069,AZITROMICINA 500MG TAB CJAX30UNID.,ACFARMA GENERICO,0.0,3.0,3.0,2024-10-25 20:57:01,9,10,Primavera
101069,AZITROMICINA 500MG TAB CJAX30UNID.,ACFARMA GENERICO,0.0,1.0,1.0,2024-10-25 21:25:15,9,10,Primavera
101069,AZITROMICINA 500MG TAB CJAX30UNID.,ACFARMA GENERICO,0.0,4.0,4.0,2024-10-26 12:57:38,4,10,Primavera
101069,AZITROMICINA 500MG TAB CJAX30UNID.,ACFARMA GENERICO,0.0,1.0,1.0,2024-10-26 19:20:52,11,10,Primavera
101069,AZITROMICINA 500MG TAB CJAX30UNID.,ACFARMA GENERICO,0.0,2.0,2.0,2024-10-26 19:37:23,8,10,Primavera
101069,AZITROMICINA 500MG TAB CJAX30UNID.,ACFARMA GENERICO,0.0,2.0,2.0,2024-10-26 20:17:33,9,10,Primavera
101069,AZITROMICINA 500MG TAB CJAX30UNID.,ACFARMA GENERICO,0.0,5.0,5.0,2024-10-28 16:30:51,1,10,Primavera
101069,AZITROMICINA 500MG TAB CJAX30UNID.,ACFARMA GENERICO,0.0,1.0,1.0,2024-10-28 18:08:54,13,10,Primavera
101069,AZITROMICINA 500MG TAB CJAX30UNID.,ACFARMA GENERICO,0.0,1.0,1.0,2024-10-29 09:53:28,5,10,Primavera
101069,AZITROMICINA 500MG TAB CJAX30UNID.,ACFARMA GENERICO,0.0,10.0,10.0,2024-10-29 19:21:46,3,10,Primavera
101069,AZITROMICINA 500MG TAB CJAX30UNID.,ACFARMA GENERICO,0.0,2.0,2.0,2024-10-29 22:55:22,5,10,Primavera
101069,AZITROMICINA 500MG TAB CJAX30UNID.,ACFARMA GENERICO,0.0,6.0,6.0,2024-10-30 10:56:46,11,10,Primavera
101069,AZITROMICINA 500MG TAB CJAX30UNID.,ACFARMA GENERICO,0.0,1.0,1.0,2024-10-30 20:56:58,9,10,Primavera
101069,AZITROMICINA 500MG TAB CJAX30UNID.,ACFARMA GENERICO,0.0,5.0,5.0,2024-10-31 09:11:28,11,10,Primavera
101069,AZITROMICINA 500MG TAB CJAX30UNID.,ACFARMA GENERICO,0.0,1.0,1.0,2024-10-31 20:50:55,9,10,Primavera
101069,AZITROMICINA 500MG TAB CJAX30UNID.,ACFARMA GENERICO,0.0,5.0,5.0,2024-10-31 21:23:30,5,10,Primavera
101069,AZITROMICINA 500MG TAB CJAX30UNID.,ACFARMA GENERICO,0.0,2.0,2.0,2024-11-01 09:13:20,9,11,Primavera
101069,AZITROMICINA 500MG TAB CJAX30UNID.,ACFARMA GENERICO,0.0,2.0,2.0,2024-11-01 12:02:25,3,11,Primavera
101069,AZITROMICINA 500MG TAB CJAX30UNID.,ACFARMA GENERICO,0.0,2.0,2.0,2024-11-01 18:15:33,9,11,Primavera
101069,AZITROMICINA 500MG TAB CJAX30UNID.,ACFARMA GENERICO,0.0,2.0,2.0,2024-11-01 19:46:41,9,11,Primavera
101069,AZITROMICINA 500MG TAB CJAX30UNID.,ACFARMA GENERICO,0.0,3.0,3.0,2024-11-02 09:53:18,3,11,Primavera
101069,AZITROMICINA 500MG TAB CJAX30UNID.,ACFARMA GENERICO,0.0,1.0,1.0,2024-11-02 16:01:50,3,11,Primavera
101069,AZITROMICINA 500MG TAB CJAX30UNID.,ACFARMA GENERICO,0.0,3.0,3.0,2024-11-04 10:59:08,4,11,Primavera
101069,AZITROMICINA 500MG TAB CJAX30UNID.,ACFARMA GENERICO,0.0,3.0,3.0,2024-11-05 14:52:51,3,11,Primavera
101069,AZITROMICINA 500MG TAB CJAX30UNID.,ACFARMA GENERICO,0.0,10.0,10.0,2024-11-05 19:29:03,10,11,Primavera
101069,AZITROMICINA 500MG TAB CJAX30UNID.,ACFARMA GENERICO,0.0,10.0,10.0,2024-11-06 12:23:42,11,11,Primavera
101069,AZITROMICINA 500MG TAB CJAX30UNID.,ACFARMA GENERICO,0.0,2.0,2.0,2024-11-06 12:56:38,9,11,Primavera
101069,AZITROMICINA 500MG TAB CJAX30UNID.,ACFARMA GENERICO,0.0,4.0,4.0,2024-11-07 09:07:58,13,11,Primavera
101069,AZITROMICINA 500MG TAB CJAX30UNID.,ACFARMA GENERICO,0.0,1.0,1.0,2024-11-07 12:01:31,4,11,Primavera
101069,AZITROMICINA 500MG TAB CJAX30UNID.,ACFARMA GENERICO,0.0,2.0,2.0,2024-11-07 18:07:01,1,11,Primavera
101069,AZITROMICINA 500MG TAB CJAX30UNID.,ACFARMA GENERICO,0.0,10.0,10.0,2024-11-08 12:56:25,7,11,Primavera
101069,AZITROMICINA 500MG TAB CJAX30UNID.,ACFARMA GENERICO,0.0,2.0,2.0,2024-11-08 13:33:46,7,11,Primavera
101069,AZITROMICINA 500MG TAB CJAX30UNID.,ACFARMA GENERICO,0.0,3.0,3.0,2024-11-08 15:50:59,7,11,Primavera
101069,AZITROMICINA 500MG TAB CJAX30UNID.,ACFARMA GENERICO,0.0,3.0,3.0,2024-11-08 17:27:03,10,11,Primavera
101069,AZITROMICINA 500MG TAB CJAX30UNID.,ACFARMA GENERICO,0.0,2.0,2.0,2024-11-09 07:17:02,5,11,Primavera
101069,AZITROMICINA 500MG TAB CJAX30UNID.,ACFARMA GENERICO,0.0,2.0,2.0,2024-11-09 12:36:30,6,11,Primavera
101069,AZITROMICINA 500MG TAB CJAX30UNID.,ACFARMA GENERICO,0.0,15.0,15.0,2024-11-09 12:39:22,10,11,Primavera
101069,AZITROMICINA 500MG TAB CJAX30UNID.,ACFARMA GENERICO,0.0,1.0,1.0,2024-11-09 13:15:05,5,11,Primavera
101069,AZITROMICINA 500MG TAB CJAX30UNID.,ACFARMA GENERICO,0.0,10.0,10.0,2024-11-09 18:01:28,5,11,Primavera
101069,AZITROMICINA 500MG TAB CJAX30UNID.,ACFARMA GENERICO,0.0,3.0,3.0,2024-11-09 19:54:10,3,11,Primavera
101069,AZITROMICINA 500MG TAB CJAX30UNID.,ACFARMA GENERICO,0.0,5.0,5.0,2024-11-09 21:00:21,5,11,Primavera
101069,AZITROMICINA 500MG TAB CJAX30UNID.,ACFARMA GENERICO,0.0,2.0,2.0,2024-11-10 11:24:40,7,11,Primavera
101069,AZITROMICINA 500MG TAB CJAX30UNID.,ACFARMA GENERICO,0.0,10.0,10.0,2024-11-10 12:25:01,11,11,Primavera
101069,AZITROMICINA 500MG TAB CJAX30UNID.,ACFARMA GENERICO,0.0,2.0,2.0,2024-11-10 19:42:02,5,11,Primavera
101069,AZITROMICINA 500MG TAB CJAX30UNID.,ACFARMA GENERICO,0.0,5.0,5.0,2024-11-10 20:40:35,3,11,Primavera
101069,AZITROMICINA 500MG TAB CJAX30UNID.,ACFARMA GENERICO,0.0,5.0,5.0,2024-11-11 11:12:31,5,11,Primavera
101069,AZITROMICINA 500MG TAB CJAX30UNID.,ACFARMA GENERICO,0.0,2.0,2.0,2024-11-11 11:38:33,13,11,Primavera
101069,AZITROMICINA 500MG TAB CJAX30UNID.,ACFARMA GENERICO,0.0,2.0,2.0,2024-11-11 13:09:23,1,11,Primavera
101069,AZITROMICINA 500MG TAB CJAX30UNID.,ACFARMA GENERICO,0.0,2.0,2.0,2024-11-11 16:21:54,4,11,Primavera
101069,AZITROMICINA 500MG TAB CJAX30UNID.,ACFARMA GENERICO,0.0,4.0,4.0,2024-11-11 18:29:12,3,11,Primavera
101069,AZITROMICINA 500MG TAB CJAX30UNID.,ACFARMA GENERICO,0.0,2.0,2.0,2024-11-11 18:56:31,13,11,Primavera
101069,AZITROMICINA 500MG TAB CJAX30UNID.,ACFARMA GENERICO,0.0,5.0,5.0,2024-11-11 19:40:35,10,11,Primavera
101069,AZITROMICINA 500MG TAB CJAX30UNID.,ACFARMA GENERICO,0.0,10.0,10.0,2024-11-12 10:41:07,3,11,Primavera
101069,AZITROMICINA 500MG TAB CJAX30UNID.,ACFARMA GENERICO,0.0,5.0,5.0,2024-11-12 20:09:30,1,11,Primavera
101069,AZITROMICINA 500MG TAB CJAX30UNID.,ACFARMA GENERICO,0.0,10.0,10.0,2024-11-12 20:09:35,7,11,Primavera
101069,AZITROMICINA 500MG TAB CJAX30UNID.,ACFARMA GENERICO,0.0,3.0,3.0,2024-11-13 12:10:02,7,11,Primavera
101069,AZITROMICINA 500MG TAB CJAX30UNID.,ACFARMA GENERICO,0.0,5.0,5.0,2024-11-13 19:57:00,1,11,Primavera
101069,AZITROMICINA 500MG TAB CJAX30UNID.,ACFARMA GENERICO,0.0,10.0,10.0,2024-11-14 13:13:00,2,11,Primavera
101069,AZITROMICINA 500MG TAB CJAX30UNID.,ACFARMA GENERICO,0.0,5.0,5.0,2024-11-14 13:13:06,9,11,Primavera
101069,AZITROMICINA 500MG TAB CJAX30UNID.,ACFARMA GENERICO,0.0,5.0,5.0,2024-11-14 19:18:37,4,11,Primavera
101069,AZITROMICINA 500MG TAB CJAX30UNID.,ACFARMA GENERICO,0.0,20.0,20.0,2024-11-14 19:59:50,4,11,Primavera
101069,AZITROMICINA 500MG TAB CJAX30UNID.,ACFARMA GENERICO,0.0,3.0,3.0,2024-11-14 21:05:53,3,11,Primavera
101069,AZITROMICINA 500MG TAB CJAX30UNID.,ACFARMA GENERICO,0.0,5.0,5.0,2024-11-15 17:57:56,4,11,Primavera
101069,AZITROMICINA 500MG TAB CJAX30UNID.,ACFARMA GENERICO,0.0,4.0,4.0,2024-11-15 18:28:55,10,11,Primavera
101069,AZITROMICINA 500MG TAB CJAX30UNID.,ACFARMA GENERICO,0.0,3.0,3.0,2024-11-15 19:10:56,4,11,Primavera
101069,AZITROMICINA 500MG TAB CJAX30UNID.,ACFARMA GENERICO,0.0,5.0,5.0,2024-11-15 19:46:04,2,11,Primavera
101069,AZITROMICINA 500MG TAB CJAX30UNID.,ACFARMA GENERICO,0.0,2.0,2.0,2024-11-15 20:49:27,3,11,Primavera
101069,AZITROMICINA 500MG TAB CJAX30UNID.,ACFARMA GENERICO,0.0,3.0,2.85,2024-11-15 21:53:07,3,11,Primavera
101069,AZITROMICINA 500MG TAB CJAX30UNID.,ACFARMA GENERICO,0.0,5.0,5.0,2024-11-16 16:21:12,5,11,Primavera
101069,AZITROMICINA 500MG TAB CJAX30UNID.,ACFARMA GENERICO,0.0,3.0,3.0,2024-11-17 17:55:30,1,11,Primavera
101069,AZITROMICINA 500MG TAB CJAX30UNID.,ACFARMA GENERICO,0.0,10.0,10.0,2024-11-17 19:46:44,7,11,Primavera
101069,AZITROMICINA 500MG TAB CJAX30UNID.,ACFARMA GENERICO,0.0,5.0,5.0,2024-11-17 19:58:50,5,11,Primavera
101069,AZITROMICINA 500MG TAB CJAX30UNID.,ACFARMA GENERICO,0.0,2.0,2.0,2024-11-18 15:16:51,3,11,Primavera
101069,AZITROMICINA 500MG TAB CJAX30UNID.,ACFARMA GENERICO,0.0,20.0,20.0,2024-11-18 17:14:45,9,11,Primavera
101069,AZITROMICINA 500MG TAB CJAX30UNID.,ACFARMA GENERICO,0.0,1.0,1.0,2024-11-18 17:15:18,5,11,Primavera
101069,AZITROMICINA 500MG TAB CJAX30UNID.,ACFARMA GENERICO,0.0,3.0,3.0,2024-11-19 14:52:31,3,11,Primavera
101069,AZITROMICINA 500MG TAB CJAX30UNID.,ACFARMA GENERICO,0.0,2.0,2.0,2024-11-20 09:02:55,8,11,Primavera
101069,AZITROMICINA 500MG TAB CJAX30UNID.,ACFARMA GENERICO,0.0,3.0,3.0,2024-11-20 09:29:38,8,11,Primavera
101069,AZITROMICINA 500MG TAB CJAX30UNID.,ACFARMA GENERICO,0.0,20.0,20.0,2024-11-20 11:10:19,9,11,Primavera
101069,AZITROMICINA 500MG TAB CJAX30UNID.,ACFARMA GENERICO,0.0,2.0,2.0,2024-11-20 12:44:43,10,11,Primavera
101069,AZITROMICINA 500MG TAB CJAX30UNID.,ACFARMA GENERICO,0.0,3.0,3.0,2024-11-20 16:44:45,8,11,Primavera
101069,AZITROMICINA 500MG TAB CJAX30UNID.,ACFARMA GENERICO,0.0,5.0,5.0,2024-11-20 19:42:59,5,11,Primavera
101069,AZITROMICINA 500MG TAB CJAX30UNID.,ACFARMA GENERICO,0.0,5.0,5.0,2024-11-21 16:40:26,10,11,Primavera
101069,AZITROMICINA 500MG TAB CJAX30UNID.,ACFARMA GENERICO,0.0,2.0,2.0,2024-11-22 09:17:20,8,11,Primavera
101069,AZITROMICINA 500MG TAB CJAX30UNID.,ACFARMA GENERICO,0.0,4.0,4.0,2024-11-22 16:44:39,10,11,Primavera
101069,AZITROMICINA 500MG TAB CJAX30UNID.,ACFARMA GENERICO,0.0,2.0,2.0,2024-11-22 18:34:15,13,11,Primavera
101069,AZITROMICINA 500MG TAB CJAX30UNID.,ACFARMA GENERICO,0.0,4.0,4.0,2024-11-22 20:41:41,3,11,Primavera
101069,AZITROMICINA 500MG TAB CJAX30UNID.,ACFARMA GENERICO,0.0,2.0,2.0,2024-11-22 20:44:18,4,11,Primavera
101069,AZITROMICINA 500MG TAB CJAX30UNID.,ACFARMA GENERICO,0.0,5.0,5.0,2024-11-22 22:54:50,5,11,Primavera
101069,AZITROMICINA 500MG TAB CJAX30UNID.,ACFARMA GENERICO,0.0,3.0,3.0,2024-11-23 19:11:30,4,11,Primavera
101069,AZITROMICINA 500MG TAB CJAX30UNID.,ACFARMA GENERICO,0.0,5.0,5.0,2024-11-24 12:34:03,7,11,Primavera
101069,AZITROMICINA 500MG TAB CJAX30UNID.,ACFARMA GENERICO,0.0,3.0,3.0,2024-11-24 17:20:52,10,11,Primavera
101069,AZITROMICINA 500MG TAB CJAX30UNID.,ACFARMA GENERICO,0.0,2.0,2.0,2024-11-24 19:36:33,11,11,Primavera
101069,AZITROMICINA 500MG TAB CJAX30UNID.,ACFARMA GENERICO,0.0,10.0,10.0,2024-11-25 10:47:18,11,11,Primavera
101069,AZITROMICINA 500MG TAB CJAX30UNID.,ACFARMA GENERICO,0.0,4.0,4.0,2024-11-25 11:17:03,2,11,Primavera
101069,AZITROMICINA 500MG TAB CJAX30UNID.,ACFARMA GENERICO,0.0,5.0,5.0,2024-11-25 11:27:06,7,11,Primavera
101069,AZITROMICINA 500MG TAB CJAX30UNID.,ACFARMA GENERICO,0.0,5.0,5.0,2024-11-25 11:37:09,7,11,Primavera
101069,AZITROMICINA 500MG TAB CJAX30UNID.,ACFARMA GENERICO,0.0,-5.0,-5.0,2024-11-25 12:00:00,7,11,Primavera
101069,AZITROMICINA 500MG TAB CJAX30UNID.,ACFARMA GENERICO,0.0,1.0,1.0,2024-11-25 12:21:52,5,11,Primavera
101069,AZITROMICINA 500MG TAB CJAX30UNID.,ACFARMA GENERICO,0.0,5.0,5.0,2024-11-25 13:01:43,2,11,Primavera
101069,AZITROMICINA 500MG TAB CJAX30UNID.,ACFARMA GENERICO,0.0,5.0,5.0,2024-11-25 18:16:12,10,11,Primavera
101069,AZITROMICINA 500MG TAB CJAX30UNID.,ACFARMA GENERICO,0.0,6.0,6.0,2024-11-25 20:26:48,12,11,Primavera
101069,AZITROMICINA 500MG TAB CJAX30UNID.,ACFARMA GENERICO,0.0,1.0,1.0,2024-11-26 08:07:45,6,11,Primavera
101069,AZITROMICINA 500MG TAB CJAX30UNID.,ACFARMA GENERICO,0.0,2.0,2.0,2024-11-26 08:31:13,10,11,Primavera
101069,AZITROMICINA 500MG TAB CJAX30UNID.,ACFARMA GENERICO,0.0,10.0,10.0,2024-11-26 19:28:53,7,11,Primavera
101069,AZITROMICINA 500MG TAB CJAX30UNID.,ACFARMA GENERICO,0.0,2.0,2.0,2024-11-26 19:37:51,3,11,Primavera
101069,AZITROMICINA 500MG TAB CJAX30UNID.,ACFARMA GENERICO,0.0,3.0,3.0,2024-11-26 19:55:04,10,11,Primavera
101069,AZITROMICINA 500MG TAB CJAX30UNID.,ACFARMA GENERICO,0.0,10.0,10.0,2024-11-26 21:50:23,7,11,Primavera
101069,AZITROMICINA 500MG TAB CJAX30UNID.,ACFARMA GENERICO,0.0,2.0,2.0,2024-11-27 07:31:37,10,11,Primavera
101069,AZITROMICINA 500MG TAB CJAX30UNID.,ACFARMA GENERICO,0.0,3.0,3.0,2024-11-27 09:03:06,10,11,Primavera
101069,AZITROMICINA 500MG TAB CJAX30UNID.,ACFARMA GENERICO,0.0,1.0,1.0,2024-11-27 12:28:18,5,11,Primavera
101069,AZITROMICINA 500MG TAB CJAX30UNID.,ACFARMA GENERICO,0.0,50.0,50.0,2024-11-27 13:27:55,4,11,Primavera
101069,AZITROMICINA 500MG TAB CJAX30UNID.,ACFARMA GENERICO,0.0,3.0,3.0,2024-11-28 15:19:19,13,11,Primavera
101069,AZITROMICINA 500MG TAB CJAX30UNID.,ACFARMA GENERICO,0.0,5.0,5.0,2024-11-28 16:37:34,4,11,Primavera
101069,AZITROMICINA 500MG TAB CJAX30UNID.,ACFARMA GENERICO,0.0,3.0,3.0,2024-11-29 08:59:27,2,11,Primavera
101069,AZITROMICINA 500MG TAB CJAX30UNID.,ACFARMA GENERICO,0.0,3.0,3.0,2024-11-30 10:56:54,5,11,Primavera
101069,AZITROMICINA 500MG TAB CJAX30UNID.,ACFARMA GENERICO,0.0,3.0,3.0,2024-11-30 13:21:36,1,11,Primavera
101069,AZITROMICINA 500MG TAB CJAX30UNID.,ACFARMA GENERICO,0.0,15.0,15.0,2024-11-30 17:40:13,2,11,Primavera
101069,AZITROMICINA 500MG TAB CJAX30UNID.,ACFARMA GENERICO,0.0,5.0,5.0,2024-11-30 22:14:57,1,11,Primavera
101069,AZITROMICINA 500MG TAB CJAX30UNID.,ACFARMA GENERICO,0.0,10.0,10.0,2024-11-30 22:45:25,4,11,Primavera
101069,AZITROMICINA 500MG TAB CJAX30UNID.,ACFARMA GENERICO,0.0,2.0,2.0,2024-12-01 09:15:15,11,12,Verano
101069,AZITROMICINA 500MG TAB CJAX30UNID.,ACFARMA GENERICO,0.0,3.0,3.0,2024-12-01 09:51:56,4,12,Verano
101069,AZITROMICINA 500MG TAB CJAX30UNID.,ACFARMA GENERICO,0.0,1.0,1.0,2024-12-01 10:21:25,11,12,Verano
101069,AZITROMICINA 500MG TAB CJAX30UNID.,ACFARMA GENERICO,0.0,2.0,2.0,2024-12-01 21:01:08,5,12,Verano
101069,AZITROMICINA 500MG TAB CJAX30UNID.,ACFARMA GENERICO,0.0,4.0,4.0,2024-12-02 10:50:42,1,12,Verano
101069,AZITROMICINA 500MG TAB CJAX30UNID.,ACFARMA GENERICO,0.0,3.0,2.85,2024-12-02 14:38:46,6,12,Verano
101069,AZITROMICINA 500MG TAB CJAX30UNID.,ACFARMA GENERICO,0.0,1.0,1.0,2024-12-02 15:50:40,6,12,Verano
101069,AZITROMICINA 500MG TAB CJAX30UNID.,ACFARMA GENERICO,0.0,5.0,5.0,2024-12-02 16:40:40,7,12,Verano
101069,AZITROMICINA 500MG TAB CJAX30UNID.,ACFARMA GENERICO,0.0,10.0,10.0,2024-12-02 20:53:39,4,12,Verano
101069,AZITROMICINA 500MG TAB CJAX30UNID.,ACFARMA GENERICO,0.0,10.0,10.0,2024-12-03 09:46:51,5,12,Verano
101069,AZITROMICINA 500MG TAB CJAX30UNID.,ACFARMA GENERICO,0.0,5.0,5.0,2024-12-03 19:04:19,2,12,Verano
101069,AZITROMICINA 500MG TAB CJAX30UNID.,ACFARMA GENERICO,0.0,5.0,5.0,2024-12-04 10:57:34,5,12,Verano
101069,AZITROMICINA 500MG TAB CJAX30UNID.,ACFARMA GENERICO,0.0,5.0,5.0,2024-12-04 12:56:29,7,12,Verano
101069,AZITROMICINA 500MG TAB CJAX30UNID.,ACFARMA GENERICO,0.0,1.0,1.0,2024-12-04 13:34:32,9,12,Verano
101069,AZITROMICINA 500MG TAB CJAX30UNID.,ACFARMA GENERICO,0.0,2.0,1.9,2024-12-04 14:52:08,3,12,Verano
101069,AZITROMICINA 500MG TAB CJAX30UNID.,ACFARMA GENERICO,0.0,1.0,1.0,2024-12-05 15:21:14,13,12,Verano
101069,AZITROMICINA 500MG TAB CJAX30UNID.,ACFARMA GENERICO,0.0,1.0,1.0,2024-12-05 21:18:57,9,12,Verano
101069,AZITROMICINA 500MG TAB CJAX30UNID.,ACFARMA GENERICO,0.0,2.0,2.0,2024-12-06 07:58:17,12,12,Verano
101069,AZITROMICINA 500MG TAB CJAX30UNID.,ACFARMA GENERICO,0.0,3.0,3.0,2024-12-06 14:03:54,7,12,Verano
101069,AZITROMICINA 500MG TAB CJAX30UNID.,ACFARMA GENERICO,0.0,2.0,2.0,2024-12-06 20:18:51,13,12,Verano
101069,AZITROMICINA 500MG TAB CJAX30UNID.,ACFARMA GENERICO,0.0,1.0,1.0,2024-12-06 20:22:28,2,12,Verano
101069,AZITROMICINA 500MG TAB CJAX30UNID.,ACFARMA GENERICO,0.0,3.0,3.0,2024-12-07 13:14:21,8,12,Verano
101069,AZITROMICINA 500MG TAB CJAX30UNID.,ACFARMA GENERICO,0.0,3.0,3.0,2024-12-07 16:34:41,5,12,Verano
101069,AZITROMICINA 500MG TAB CJAX30UNID.,ACFARMA GENERICO,0.0,2.0,2.0,2024-12-07 19:44:32,12,12,Verano
101069,AZITROMICINA 500MG TAB CJAX30UNID.,ACFARMA GENERICO,0.0,3.0,3.0,2024-12-07 22:14:54,7,12,Verano
101069,AZITROMICINA 500MG TAB CJAX30UNID.,ACFARMA GENERICO,0.0,1.0,1.0,2024-12-08 14:14:40,9,12,Verano
101069,AZITROMICINA 500MG TAB CJAX30UNID.,ACFARMA GENERICO,0.0,3.0,3.0,2024-12-08 19:11:17,7,12,Verano
101069,AZITROMICINA 500MG TAB CJAX30UNID.,ACFARMA GENERICO,0.0,2.0,2.0,2024-12-08 19:17:23,12,12,Verano
101069,AZITROMICINA 500MG TAB CJAX30UNID.,ACFARMA GENERICO,0.0,3.0,3.0,2024-12-09 10:56:33,5,12,Verano
101069,AZITROMICINA 500MG TAB CJAX30UNID.,ACFARMA GENERICO,0.0,2.0,2.0,2024-12-09 12:51:56,9,12,Verano
101069,AZITROMICINA 500MG TAB CJAX30UNID.,ACFARMA GENERICO,0.0,10.0,10.0,2024-12-10 09:09:25,11,12,Verano
101069,AZITROMICINA 500MG TAB CJAX30UNID.,ACFARMA GENERICO,0.0,3.0,3.0,2024-12-10 13:59:21,1,12,Verano
101069,AZITROMICINA 500MG TAB CJAX30UNID.,ACFARMA GENERICO,0.0,5.0,5.0,2024-12-10 15:15:21,2,12,Verano
101069,AZITROMICINA 500MG TAB CJAX30UNID.,ACFARMA GENERICO,0.0,2.0,2.0,2024-12-11 18:40:04,13,12,Verano
101069,AZITROMICINA 500MG TAB CJAX30UNID.,ACFARMA GENERICO,0.0,3.0,3.0,2024-12-11 19:04:21,10,12,Verano
101069,AZITROMICINA 500MG TAB CJAX30UNID.,ACFARMA GENERICO,0.0,5.0,5.0,2024-12-11 21:14:38,14,12,Verano
101069,AZITROMICINA 500MG TAB CJAX30UNID.,ACFARMA GENERICO,0.0,3.0,3.0,2024-12-12 11:48:57,10,12,Verano
101069,AZITROMICINA 500MG TAB CJAX30UNID.,ACFARMA GENERICO,0.0,4.0,4.0,2024-12-13 10:52:28,2,12,Verano
101069,AZITROMICINA 500MG TAB CJAX30UNID.,ACFARMA GENERICO,0.0,10.0,10.0,2024-12-13 15:52:59,10,12,Verano
101069,AZITROMICINA 500MG TAB CJAX30UNID.,ACFARMA GENERICO,0.0,2.0,2.0,2024-12-13 21:07:17,7,12,Verano
101069,AZITROMICINA 500MG TAB CJAX30UNID.,ACFARMA GENERICO,0.0,1.0,1.0,2024-12-14 18:10:50,10,12,Verano
101069,AZITROMICINA 500MG TAB CJAX30UNID.,ACFARMA GENERICO,0.0,4.0,4.0,2024-12-14 18:52:36,7,12,Verano
101069,AZITROMICINA 500MG TAB CJAX30UNID.,ACFARMA GENERICO,0.0,3.0,3.0,2024-12-14 20:18:10,5,12,Verano
101069,AZITROMICINA 500MG TAB CJAX30UNID.,ACFARMA GENERICO,0.0,2.0,2.0,2024-12-15 13:11:03,14,12,Verano
101069,AZITROMICINA 500MG TAB CJAX30UNID.,ACFARMA GENERICO,0.0,5.0,5.0,2024-12-15 15:46:09,1,12,Verano
101069,AZITROMICINA 500MG TAB CJAX30UNID.,ACFARMA GENERICO,0.0,1.0,1.0,2024-12-15 19:46:29,1,12,Verano
101069,AZITROMICINA 500MG TAB CJAX30UNID.,ACFARMA GENERICO,0.0,5.0,5.0,2024-12-15 21:31:37,14,12,Verano
101069,AZITROMICINA 500MG TAB CJAX30UNID.,ACFARMA GENERICO,0.0,2.0,2.0,2024-12-16 07:58:10,6,12,Verano
101069,AZITROMICINA 500MG TAB CJAX30UNID.,ACFARMA GENERICO,0.0,4.0,4.0,2024-12-16 09:31:58,1,12,Verano
101069,AZITROMICINA 500MG TAB CJAX30UNID.,ACFARMA GENERICO,0.0,1.0,1.0,2024-12-16 09:46:32,8,12,Verano
101069,AZITROMICINA 500MG TAB CJAX30UNID.,ACFARMA GENERICO,0.0,4.0,4.0,2024-12-16 17:55:03,14,12,Verano
101069,AZITROMICINA 500MG TAB CJAX30UNID.,ACFARMA GENERICO,0.0,10.0,10.0,2024-12-16 20:57:11,13,12,Verano
101069,AZITROMICINA 500MG TAB CJAX30UNID.,ACFARMA GENERICO,0.0,5.0,5.0,2024-12-17 09:42:08,10,12,Verano
101069,AZITROMICINA 500MG TAB CJAX30UNID.,ACFARMA GENERICO,0.0,2.0,2.0,2024-12-17 12:01:14,11,12,Verano
101069,AZITROMICINA 500MG TAB CJAX30UNID.,ACFARMA GENERICO,0.0,2.0,2.0,2024-12-17 20:44:28,14,12,Verano
101069,AZITROMICINA 500MG TAB CJAX30UNID.,ACFARMA GENERICO,0.0,5.0,5.0,2024-12-18 07:53:11,6,12,Verano
101069,AZITROMICINA 500MG TAB CJAX30UNID.,ACFARMA GENERICO,0.0,1.0,1.0,2024-12-18 21:44:20,13,12,Verano
101069,AZITROMICINA 500MG TAB CJAX30UNID.,ACFARMA GENERICO,0.0,4.0,4.0,2024-12-18 21:47:47,2,12,Verano
101069,AZITROMICINA 500MG TAB CJAX30UNID.,ACFARMA GENERICO,0.0,1.0,1.0,2024-12-19 13:12:20,14,12,Verano
101069,AZITROMICINA 500MG TAB CJAX30UNID.,ACFARMA GENERICO,0.0,2.0,2.0,2024-12-19 15:34:44,9,12,Verano
101069,AZITROMICINA 500MG TAB CJAX30UNID.,ACFARMA GENERICO,0.0,5.0,5.0,2024-12-19 19:04:42,1,12,Verano
101069,AZITROMICINA 500MG TAB CJAX30UNID.,ACFARMA GENERICO,0.0,3.0,3.0,2024-12-19 19:07:36,14,12,Verano
101069,AZITROMICINA 500MG TAB CJAX30UNID.,ACFARMA GENERICO,0.0,4.0,4.0,2024-12-19 21:56:35,6,12,Verano
101069,AZITROMICINA 500MG TAB CJAX30UNID.,ACFARMA GENERICO,0.0,10.0,10.0,2024-12-20 12:33:37,9,12,Verano
101069,AZITROMICINA 500MG TAB CJAX30UNID.,ACFARMA GENERICO,0.0,4.0,4.0,2024-12-20 15:33:05,3,12,Verano
101069,AZITROMICINA 500MG TAB CJAX30UNID.,ACFARMA GENERICO,0.0,1.0,1.0,2024-12-20 15:48:55,10,12,Verano
101069,AZITROMICINA 500MG TAB CJAX30UNID.,ACFARMA GENERICO,0.0,14.0,14.0,2024-12-20 20:27:18,4,12,Verano
101069,AZITROMICINA 500MG TAB CJAX30UNID.,ACFARMA GENERICO,0.0,5.0,5.0,2024-12-21 08:41:37,13,12,Verano
101069,AZITROMICINA 500MG TAB CJAX30UNID.,ACFARMA GENERICO,0.0,3.0,3.0,2024-12-21 10:01:55,3,12,Verano
101069,AZITROMICINA 500MG TAB CJAX30UNID.,ACFARMA GENERICO,0.0,2.0,2.0,2024-12-21 11:49:12,14,12,Verano
101069,AZITROMICINA 500MG TAB CJAX30UNID.,ACFARMA GENERICO,0.0,1.0,1.0,2024-12-21 12:06:33,10,12,Verano
101069,AZITROMICINA 500MG TAB CJAX30UNID.,ACFARMA GENERICO,0.0,3.0,3.0,2024-12-21 16:28:52,13,12,Verano
101069,AZITROMICINA 500MG TAB CJAX30UNID.,ACFARMA GENERICO,0.0,2.0,2.0,2024-12-21 16:39:46,13,12,Verano
101069,AZITROMICINA 500MG TAB CJAX30UNID.,ACFARMA GENERICO,0.0,4.0,4.0,2024-12-22 09:52:19,12,12,Verano
101069,AZITROMICINA 500MG TAB CJAX30UNID.,ACFARMA GENERICO,0.0,1.0,1.0,2024-12-22 10:12:07,9,12,Verano
101069,AZITROMICINA 500MG TAB CJAX30UNID.,ACFARMA GENERICO,0.0,2.0,2.0,2024-12-22 10:42:30,14,12,Verano
101069,AZITROMICINA 500MG TAB CJAX30UNID.,ACFARMA GENERICO,0.0,5.0,5.0,2024-12-22 11:15:44,3,12,Verano
101069,AZITROMICINA 500MG TAB CJAX30UNID.,ACFARMA GENERICO,0.0,8.0,8.0,2024-12-22 11:24:25,5,12,Verano
101069,AZITROMICINA 500MG TAB CJAX30UNID.,ACFARMA GENERICO,0.0,10.0,10.0,2024-12-22 20:49:33,5,12,Verano
101069,AZITROMICINA 500MG TAB CJAX30UNID.,ACFARMA GENERICO,0.0,3.0,3.0,2024-12-23 09:13:55,6,12,Verano
101069,AZITROMICINA 500MG TAB CJAX30UNID.,ACFARMA GENERICO,0.0,2.0,2.0,2024-12-23 09:46:07,11,12,Verano
101069,AZITROMICINA 500MG TAB CJAX30UNID.,ACFARMA GENERICO,0.0,5.0,5.0,2024-12-23 15:27:37,10,12,Verano
101069,AZITROMICINA 500MG TAB CJAX30UNID.,ACFARMA GENERICO,0.0,5.0,5.0,2024-12-23 18:58:45,3,12,Verano
101069,AZITROMICINA 500MG TAB CJAX30UNID.,ACFARMA GENERICO,0.0,4.0,4.0,2024-12-23 19:34:17,10,12,Verano
101069,AZITROMICINA 500MG TAB CJAX30UNID.,ACFARMA GENERICO,0.0,4.0,4.0,2024-12-23 21:28:44,2,12,Verano
101069,AZITROMICINA 500MG TAB CJAX30UNID.,ACFARMA GENERICO,0.0,3.0,3.0,2024-12-24 11:18:30,10,12,Verano
101069,AZITROMICINA 500MG TAB CJAX30UNID.,ACFARMA GENERICO,0.0,5.0,5.0,2024-12-24 13:47:19,1,12,Verano
101069,AZITROMICINA 500MG TAB CJAX30UNID.,ACFARMA GENERICO,0.0,-5.0,-5.0,2024-12-24 14:03:41,1,12,Verano
101069,AZITROMICINA 500MG TAB CJAX30UNID.,ACFARMA GENERICO,0.0,2.0,2.0,2024-12-24 18:57:17,9,12,Verano
101069,AZITROMICINA 500MG TAB CJAX30UNID.,ACFARMA GENERICO,0.0,5.0,5.0,2024-12-24 20:41:56,9,12,Verano
101069,AZITROMICINA 500MG TAB CJAX30UNID.,ACFARMA GENERICO,0.0,2.0,2.0,2024-12-25 11:50:28,9,12,Verano
101069,AZITROMICINA 500MG TAB CJAX30UNID.,ACFARMA GENERICO,0.0,5.0,5.0,2024-12-25 16:13:26,3,12,Verano
101069,AZITROMICINA 500MG TAB CJAX30UNID.,ACFARMA GENERICO,0.0,2.0,2.0,2024-12-25 19:13:25,9,12,Verano
101069,AZITROMICINA 500MG TAB CJAX30UNID.,ACFARMA GENERICO,0.0,9.0,9.0,2024-12-26 08:37:11,14,12,Verano
101069,AZITROMICINA 500MG TAB CJAX30UNID.,ACFARMA GENERICO,0.0,3.0,3.0,2024-12-26 11:15:56,1,12,Verano
101069,AZITROMICINA 500MG TAB CJAX30UNID.,ACFARMA GENERICO,0.0,5.0,5.0,2024-12-26 11:56:51,14,12,Verano
101069,AZITROMICINA 500MG TAB CJAX30UNID.,ACFARMA GENERICO,0.0,20.0,20.0,2024-12-26 17:41:20,6,12,Verano
101069,AZITROMICINA 500MG TAB CJAX30UNID.,ACFARMA GENERICO,0.0,3.0,3.0,2024-12-26 17:58:38,6,12,Verano
101069,AZITROMICINA 500MG TAB CJAX30UNID.,ACFARMA GENERICO,0.0,10.0,10.0,2024-12-26 19:16:33,9,12,Verano
101069,AZITROMICINA 500MG TAB CJAX30UNID.,ACFARMA GENERICO,0.0,1.0,1.0,2024-12-26 20:06:30,14,12,Verano
101069,AZITROMICINA 500MG TAB CJAX30UNID.,ACFARMA GENERICO,0.0,3.0,3.0,2024-12-27 11:17:04,3,12,Verano
101069,AZITROMICINA 500MG TAB CJAX30UNID.,ACFARMA GENERICO,0.0,3.0,3.0,2024-12-27 11:20:24,1,12,Verano
101069,AZITROMICINA 500MG TAB CJAX30UNID.,ACFARMA GENERICO,0.0,4.0,4.0,2024-12-27 14:30:17,6,12,Verano
101069,AZITROMICINA 500MG TAB CJAX30UNID.,ACFARMA GENERICO,0.0,1.0,1.0,2024-12-27 16:11:09,5,12,Verano
101069,AZITROMICINA 500MG TAB CJAX30UNID.,ACFARMA GENERICO,0.0,10.0,10.0,2024-12-27 18:22:15,1,12,Verano
101069,AZITROMICINA 500MG TAB CJAX30UNID.,ACFARMA GENERICO,0.0,3.0,3.0,2024-12-27 20:06:06,2,12,Verano
101069,AZITROMICINA 500MG TAB CJAX30UNID.,ACFARMA GENERICO,0.0,3.0,3.0,2024-12-27 21:28:27,14,12,Verano
101069,AZITROMICINA 500MG TAB CJAX30UNID.,ACFARMA GENERICO,0.0,3.0,3.0,2024-12-28 09:02:24,5,12,Verano
101069,AZITROMICINA 500MG TAB CJAX30UNID.,ACFARMA GENERICO,0.0,5.0,5.0,2024-12-28 12:52:24,3,12,Verano
101069,AZITROMICINA 500MG TAB CJAX30UNID.,ACFARMA GENERICO,0.0,3.0,3.0,2024-12-28 15:51:46,11,12,Verano
101069,AZITROMICINA 500MG TAB CJAX30UNID.,ACFARMA GENERICO,0.0,1.0,1.0,2024-12-28 18:58:14,5,12,Verano
101069,AZITROMICINA 500MG TAB CJAX30UNID.,ACFARMA GENERICO,0.0,3.0,3.0,2024-12-28 21:16:49,2,12,Verano
101069,AZITROMICINA 500MG TAB CJAX30UNID.,ACFARMA GENERICO,0.0,5.0,5.0,2024-12-29 18:03:02,10,12,Verano
101069,AZITROMICINA 500MG TAB CJAX30UNID.,ACFARMA GENERICO,0.0,5.0,5.0,2024-12-29 18:19:40,1,12,Verano
101069,AZITROMICINA 500MG TAB CJAX30UNID.,ACFARMA GENERICO,0.0,1.0,1.0,2024-12-29 20:24:18,9,12,Verano
101069,AZITROMICINA 500MG TAB CJAX30UNID.,ACFARMA GENERICO,0.0,5.0,5.0,2024-12-29 20:38:19,3,12,Verano
101069,AZITROMICINA 500MG TAB CJAX30UNID.,ACFARMA GENERICO,0.0,1.0,1.0,2024-12-29 22:38:21,14,12,Verano
101069,AZITROMICINA 500MG TAB CJAX30UNID.,ACFARMA GENERICO,0.0,2.0,2.0,2024-12-30 09:12:00,5,12,Verano
101069,AZITROMICINA 500MG TAB CJAX30UNID.,ACFARMA GENERICO,0.0,3.0,3.0,2024-12-30 11:09:08,9,12,Verano
101069,AZITROMICINA 500MG TAB CJAX30UNID.,ACFARMA GENERICO,0.0,-10.0,-10.0,2024-12-30 12:00:00,3,12,Verano
101069,AZITROMICINA 500MG TAB CJAX30UNID.,ACFARMA GENERICO,0.0,2.0,2.0,2024-12-30 14:19:48,14,12,Verano
101069,AZITROMICINA 500MG TAB CJAX30UNID.,ACFARMA GENERICO,0.0,10.0,10.0,2024-12-30 15:40:58,3,12,Verano
101069,AZITROMICINA 500MG TAB CJAX30UNID.,ACFARMA GENERICO,0.0,5.0,5.0,2024-12-30 15:53:05,3,12,Verano
101069,AZITROMICINA 500MG TAB CJAX30UNID.,ACFARMA GENERICO,0.0,2.0,2.0,2024-12-30 17:54:26,10,12,Verano
101069,AZITROMICINA 500MG TAB CJAX30UNID.,ACFARMA GENERICO,0.0,3.0,3.0,2024-12-30 18:57:59,10,12,Verano
101069,AZITROMICINA 500MG TAB CJAX30UNID.,ACFARMA GENERICO,0.0,10.0,10.0,2024-12-30 20:29:05,10,12,Verano
101069,AZITROMICINA 500MG TAB CJAX30UNID.,ACFARMA GENERICO,0.0,2.0,2.0,2024-12-30 20:32:07,5,12,Verano
101069,AZITROMICINA 500MG TAB CJAX30UNID.,ACFARMA GENERICO,0.0,3.0,3.0,2024-12-30 20:54:42,2,12,Verano
101069,AZITROMICINA 500MG TAB CJAX30UNID.,ACFARMA GENERICO,0.0,1.0,1.0,2024-12-30 21:00:08,14,12,Verano
101069,AZITROMICINA 500MG TAB CJAX30UNID.,ACFARMA GENERICO,0.0,10.0,10.0,2024-12-30 21:57:46,1,12,Verano
101069,AZITROMICINA 500MG TAB CJAX30UNID.,ACFARMA GENERICO,0.0,3.0,3.0,2024-12-31 08:54:11,3,12,Verano
101069,AZITROMICINA 500MG TAB CJAX30UNID.,ACFARMA GENERICO,0.0,20.0,20.0,2024-12-31 16:27:05,5,12,Verano
101069,AZITROMICINA 500MG TAB CJAX30UNID.,ACFARMA GENERICO,0.0,10.0,10.0,2024-12-31 18:02:58,1,12,Verano
101069,AZITROMICINA 500MG TAB CJAX30UNID.,ACFARMA GENERICO,0.0,2.0,2.0,2024-12-31 19:03:15,1,12,Verano
101069,AZITROMICINA 500MG TAB CJAX30UNID.,ACFARMA GENERICO,0.0,3.0,3.0,2024-12-31 19:18:35,9,12,Verano
101069,AZITROMICINA 500MG TAB CJAX30UNID.,ACFARMA GENERICO,0.0,1.0,1.0,2024-12-31 20:03:06,2,12,Verano
101069,AZITROMICINA 500MG TAB CJAX30UNID.,ACFARMA GENERICO,0.0,2.0,2.0,2025-01-01 12:40:43,2,1,Verano
101069,AZITROMICINA 500MG TAB CJAX30UNID.,ACFARMA GENERICO,0.0,5.0,5.0,2025-01-01 14:29:10,14,1,Verano
101069,AZITROMICINA 500MG TAB CJAX30UNID.,ACFARMA GENERICO,0.0,10.0,10.0,2025-01-01 19:01:32,7,1,Verano
101069,AZITROMICINA 500MG TAB CJAX30UNID.,ACFARMA GENERICO,0.0,1.0,1.0,2025-01-01 19:06:58,13,1,Verano
101069,AZITROMICINA 500MG TAB CJAX30UNID.,ACFARMA GENERICO,0.0,2.0,2.0,2025-01-01 20:16:56,12,1,Verano
101069,AZITROMICINA 500MG TAB CJAX30UNID.,ACFARMA GENERICO,0.0,3.0,3.0,2025-01-01 21:29:35,7,1,Verano
101069,AZITROMICINA 500MG TAB CJAX30UNID.,ACFARMA GENERICO,0.0,5.0,5.0,2025-01-02 10:12:26,3,1,Verano
101069,AZITROMICINA 500MG TAB CJAX30UNID.,ACFARMA GENERICO,0.0,3.0,3.0,2025-01-02 13:00:31,3,1,Verano
101069,AZITROMICINA 500MG TAB CJAX30UNID.,ACFARMA GENERICO,0.0,1.0,1.0,2025-01-02 13:01:30,3,1,Verano
101069,AZITROMICINA 500MG TAB CJAX30UNID.,ACFARMA GENERICO,0.0,3.0,3.0,2025-01-02 16:01:55,9,1,Verano
101069,AZITROMICINA 500MG TAB CJAX30UNID.,ACFARMA GENERICO,0.0,4.0,4.0,2025-01-02 16:16:45,1,1,Verano
101069,AZITROMICINA 500MG TAB CJAX30UNID.,ACFARMA GENERICO,0.0,10.0,10.0,2025-01-02 16:42:56,12,1,Verano
101069,AZITROMICINA 500MG TAB CJAX30UNID.,ACFARMA GENERICO,0.0,1.0,1.0,2025-01-02 16:54:04,6,1,Verano
101069,AZITROMICINA 500MG TAB CJAX30UNID.,ACFARMA GENERICO,0.0,2.0,2.0,2025-01-02 17:11:50,14,1,Verano
101069,AZITROMICINA 500MG TAB CJAX30UNID.,ACFARMA GENERICO,0.0,3.0,3.0,2025-01-02 17:51:58,10,1,Verano
101069,AZITROMICINA 500MG TAB CJAX30UNID.,ACFARMA GENERICO,0.0,1.0,1.0,2025-01-02 18:35:15,6,1,Verano
101069,AZITROMICINA 500MG TAB CJAX30UNID.,ACFARMA GENERICO,0.0,1.0,1.0,2025-01-02 18:45:20,5,1,Verano
101069,AZITROMICINA 500MG TAB CJAX30UNID.,ACFARMA GENERICO,0.0,3.0,3.0,2025-01-02 19:53:51,3,1,Verano
101069,AZITROMICINA 500MG TAB CJAX30UNID.,ACFARMA GENERICO,0.0,3.0,3.0,2025-01-02 21:52:54,14,1,Verano
101069,AZITROMICINA 500MG TAB CJAX30UNID.,ACFARMA GENERICO,0.0,4.0,4.0,2025-01-03 07:34:15,6,1,Verano
101069,AZITROMICINA 500MG TAB CJAX30UNID.,ACFARMA GENERICO,0.0,5.0,5.0,2025-01-03 09:33:42,12,1,Verano
101069,AZITROMICINA 500MG TAB CJAX30UNID.,ACFARMA GENERICO,0.0,4.0,4.0,2025-01-03 09:40:24,6,1,Verano
101069,AZITROMICINA 500MG TAB CJAX30UNID.,ACFARMA GENERICO,0.0,1.0,1.0,2025-01-03 12:10:18,9,1,Verano
101069,AZITROMICINA 500MG TAB CJAX30UNID.,ACFARMA GENERICO,0.0,2.0,2.0,2025-01-03 12:55:58,3,1,Verano
101069,AZITROMICINA 500MG TAB CJAX30UNID.,ACFARMA GENERICO,0.0,30.0,30.0,2025-01-03 13:53:03,9,1,Verano
101069,AZITROMICINA 500MG TAB CJAX30UNID.,ACFARMA GENERICO,0.0,3.0,2.85,2025-01-03 19:05:19,3,1,Verano
101069,AZITROMICINA 500MG TAB CJAX30UNID.,ACFARMA GENERICO,0.0,5.0,5.0,2025-01-03 19:08:30,7,1,Verano
101069,AZITROMICINA 500MG TAB CJAX30UNID.,ACFARMA GENERICO,0.0,5.0,5.0,2025-01-03 20:00:28,5,1,Verano
101069,AZITROMICINA 500MG TAB CJAX30UNID.,ACFARMA GENERICO,0.0,5.0,5.0,2025-01-03 20:01:31,5,1,Verano
101069,AZITROMICINA 500MG TAB CJAX30UNID.,ACFARMA GENERICO,0.0,3.0,3.0,2025-01-03 20:26:57,12,1,Verano
101069,AZITROMICINA 500MG TAB CJAX30UNID.,ACFARMA GENERICO,0.0,2.0,2.0,2025-01-03 21:49:53,6,1,Verano
101069,AZITROMICINA 500MG TAB CJAX30UNID.,ACFARMA GENERICO,0.0,2.0,2.0,2025-01-03 21:54:36,13,1,Verano
101069,AZITROMICINA 500MG TAB CJAX30UNID.,ACFARMA GENERICO,0.0,3.0,2.85,2025-01-03 23:11:47,5,1,Verano
101069,AZITROMICINA 500MG TAB CJAX30UNID.,ACFARMA GENERICO,0.0,5.0,5.0,2025-01-04 09:15:11,3,1,Verano
101069,AZITROMICINA 500MG TAB CJAX30UNID.,ACFARMA GENERICO,0.0,6.0,6.0,2025-01-04 09:39:17,7,1,Verano
101069,AZITROMICINA 500MG TAB CJAX30UNID.,ACFARMA GENERICO,0.0,3.0,3.0,2025-01-04 12:38:52,7,1,Verano
101069,AZITROMICINA 500MG TAB CJAX30UNID.,ACFARMA GENERICO,0.0,2.0,2.0,2025-01-04 12:55:34,5,1,Verano
101069,AZITROMICINA 500MG TAB CJAX30UNID.,ACFARMA GENERICO,0.0,1.0,1.0,2025-01-04 13:14:07,9,1,Verano
101069,AZITROMICINA 500MG TAB CJAX30UNID.,ACFARMA GENERICO,0.0,10.0,10.0,2025-01-04 14:10:21,11,1,Verano
101069,AZITROMICINA 500MG TAB CJAX30UNID.,ACFARMA GENERICO,0.0,5.0,5.0,2025-01-04 14:13:58,10,1,Verano
101069,AZITROMICINA 500MG TAB CJAX30UNID.,ACFARMA GENERICO,1.0,0.0,30.0,2025-01-04 14:15:00,1,1,Verano
101069,AZITROMICINA 500MG TAB CJAX30UNID.,ACFARMA GENERICO,0.0,2.0,2.0,2025-01-04 15:02:45,6,1,Verano
101069,AZITROMICINA 500MG TAB CJAX30UNID.,ACFARMA GENERICO,0.0,2.0,2.0,2025-01-04 15:33:35,2,1,Verano
101069,AZITROMICINA 500MG TAB CJAX30UNID.,ACFARMA GENERICO,0.0,3.0,3.0,2025-01-04 16:59:30,13,1,Verano
101069,AZITROMICINA 500MG TAB CJAX30UNID.,ACFARMA GENERICO,0.0,2.0,1.9,2025-01-04 17:39:13,1,1,Verano
101069,AZITROMICINA 500MG TAB CJAX30UNID.,ACFARMA GENERICO,0.0,10.0,10.0,2025-01-04 18:22:05,2,1,Verano
101069,AZITROMICINA 500MG TAB CJAX30UNID.,ACFARMA GENERICO,0.0,3.0,3.0,2025-01-04 18:44:32,14,1,Verano
101069,AZITROMICINA 500MG TAB CJAX30UNID.,ACFARMA GENERICO,0.0,3.0,3.0,2025-01-04 19:09:58,3,1,Verano
101069,AZITROMICINA 500MG TAB CJAX30UNID.,ACFARMA GENERICO,0.0,3.0,3.0,2025-01-04 19:50:50,1,1,Verano
101069,AZITROMICINA 500MG TAB CJAX30UNID.,ACFARMA GENERICO,0.0,3.0,3.0,2025-01-04 20:34:59,1,1,Verano
101069,AZITROMICINA 500MG TAB CJAX30UNID.,ACFARMA GENERICO,0.0,5.0,5.0,2025-01-04 22:11:22,1,1,Verano
101069,AZITROMICINA 500MG TAB CJAX30UNID.,ACFARMA GENERICO,0.0,4.0,4.0,2025-01-04 22:18:23,5,1,Verano
101069,AZITROMICINA 500MG TAB CJAX30UNID.,ACFARMA GENERICO,0.0,3.0,3.0,2025-01-05 08:40:46,13,1,Verano
101069,AZITROMICINA 500MG TAB CJAX30UNID.,ACFARMA GENERICO,0.0,2.0,2.0,2025-01-05 08:41:29,13,1,Verano
101069,AZITROMICINA 500MG TAB CJAX30UNID.,ACFARMA GENERICO,0.0,2.0,2.0,2025-01-05 11:43:26,5,1,Verano
101069,AZITROMICINA 500MG TAB CJAX30UNID.,ACFARMA GENERICO,0.0,-5.0,-5.0,2025-01-05 12:00:00,7,1,Verano
101069,AZITROMICINA 500MG TAB CJAX30UNID.,ACFARMA GENERICO,0.0,1.0,1.0,2025-01-05 12:08:48,6,1,Verano
101069,AZITROMICINA 500MG TAB CJAX30UNID.,ACFARMA GENERICO,0.0,5.0,5.0,2025-01-05 12:38:46,3,1,Verano
101069,AZITROMICINA 500MG TAB CJAX30UNID.,ACFARMA GENERICO,0.0,4.0,4.0,2025-01-05 12:53:23,8,1,Verano
101069,AZITROMICINA 500MG TAB CJAX30UNID.,ACFARMA GENERICO,0.0,20.0,20.0,2025-01-05 14:00:07,8,1,Verano
101069,AZITROMICINA 500MG TAB CJAX30UNID.,ACFARMA GENERICO,0.0,3.0,3.0,2025-01-05 15:12:53,14,1,Verano
101069,AZITROMICINA 500MG TAB CJAX30UNID.,ACFARMA GENERICO,0.0,1.0,1.0,2025-01-05 19:20:31,14,1,Verano
101069,AZITROMICINA 500MG TAB CJAX30UNID.,ACFARMA GENERICO,0.0,5.0,5.0,2025-01-05 19:47:16,7,1,Verano
101069,AZITROMICINA 500MG TAB CJAX30UNID.,ACFARMA GENERICO,0.0,5.0,5.0,2025-01-05 19:53:01,7,1,Verano
101069,AZITROMICINA 500MG TAB CJAX30UNID.,ACFARMA GENERICO,0.0,10.0,10.0,2025-01-05 19:53:42,5,1,Verano
101069,AZITROMICINA 500MG TAB CJAX30UNID.,ACFARMA GENERICO,0.0,1.0,1.0,2025-01-05 20:30:24,14,1,Verano
101069,AZITROMICINA 500MG TAB CJAX30UNID.,ACFARMA GENERICO,0.0,5.0,5.0,2025-01-05 22:01:26,7,1,Verano
101069,AZITROMICINA 500MG TAB CJAX30UNID.,ACFARMA GENERICO,0.0,3.0,3.0,2025-01-06 10:43:41,11,1,Verano
101069,AZITROMICINA 500MG TAB CJAX30UNID.,ACFARMA GENERICO,0.0,2.0,2.0,2025-01-06 11:32:07,6,1,Verano
101069,AZITROMICINA 500MG TAB CJAX30UNID.,ACFARMA GENERICO,0.0,10.0,10.0,2025-01-06 11:38:25,1,1,Verano
101069,AZITROMICINA 500MG TAB CJAX30UNID.,ACFARMA GENERICO,0.0,5.0,5.0,2025-01-06 11:38:32,10,1,Verano
101069,AZITROMICINA 500MG TAB CJAX30UNID.,ACFARMA GENERICO,0.0,5.0,5.0,2025-01-06 13:34:53,10,1,Verano
101069,AZITROMICINA 500MG TAB CJAX30UNID.,ACFARMA GENERICO,0.0,10.0,10.0,2025-01-06 13:35:40,11,1,Verano
101069,AZITROMICINA 500MG TAB CJAX30UNID.,ACFARMA GENERICO,0.0,10.0,10.0,2025-01-06 14:21:04,2,1,Verano
101069,AZITROMICINA 500MG TAB CJAX30UNID.,ACFARMA GENERICO,0.0,1.0,1.0,2025-01-06 14:22:32,7,1,Verano
101069,AZITROMICINA 500MG TAB CJAX30UNID.,ACFARMA GENERICO,0.0,3.0,3.0,2025-01-06 16:53:50,3,1,Verano
101069,AZITROMICINA 500MG TAB CJAX30UNID.,ACFARMA GENERICO,0.0,10.0,10.0,2025-01-06 19:55:58,10,1,Verano
101069,AZITROMICINA 500MG TAB CJAX30UNID.,ACFARMA GENERICO,0.0,5.0,5.0,2025-01-06 20:00:46,7,1,Verano
101069,AZITROMICINA 500MG TAB CJAX30UNID.,ACFARMA GENERICO,0.0,4.0,4.0,2025-01-06 21:11:26,9,1,Verano
101069,AZITROMICINA 500MG TAB CJAX30UNID.,ACFARMA GENERICO,0.0,2.0,2.0,2025-01-06 21:12:15,9,1,Verano
101069,AZITROMICINA 500MG TAB CJAX30UNID.,ACFARMA GENERICO,0.0,2.0,2.0,2025-01-06 22:30:38,11,1,Verano
101069,AZITROMICINA 500MG TAB CJAX30UNID.,ACFARMA GENERICO,0.0,5.0,5.0,2025-01-07 08:59:28,6,1,Verano
101069,AZITROMICINA 500MG TAB CJAX30UNID.,ACFARMA GENERICO,0.0,1.0,1.0,2025-01-07 09:36:25,3,1,Verano
101069,AZITROMICINA 500MG TAB CJAX30UNID.,ACFARMA GENERICO,0.0,3.0,3.0,2025-01-07 11:13:08,1,1,Verano
101069,AZITROMICINA 500MG TAB CJAX30UNID.,ACFARMA GENERICO,0.0,5.0,5.0,2025-01-07 11:25:58,6,1,Verano
101069,AZITROMICINA 500MG TAB CJAX30UNID.,ACFARMA GENERICO,0.0,3.0,3.0,2025-01-07 13:10:38,8,1,Verano
101069,AZITROMICINA 500MG TAB CJAX30UNID.,ACFARMA GENERICO,0.0,1.0,1.0,2025-01-07 13:50:51,7,1,Verano
101069,AZITROMICINA 500MG TAB CJAX30UNID.,ACFARMA GENERICO,0.0,3.0,3.0,2025-01-07 16:47:24,1,1,Verano
101069,AZITROMICINA 500MG TAB CJAX30UNID.,ACFARMA GENERICO,0.0,3.0,3.0,2025-01-07 18:04:08,5,1,Verano
101069,AZITROMICINA 500MG TAB CJAX30UNID.,ACFARMA GENERICO,0.0,5.0,5.0,2025-01-07 18:19:12,9,1,Verano
101069,AZITROMICINA 500MG TAB CJAX30UNID.,ACFARMA GENERICO,0.0,4.0,4.0,2025-01-07 18:50:40,6,1,Verano
101069,AZITROMICINA 500MG TAB CJAX30UNID.,ACFARMA GENERICO,0.0,5.0,5.0,2025-01-07 18:57:43,13,1,Verano
101069,AZITROMICINA 500MG TAB CJAX30UNID.,ACFARMA GENERICO,0.0,2.0,2.0,2025-01-07 21:26:17,9,1,Verano
101069,AZITROMICINA 500MG TAB CJAX30UNID.,ACFARMA GENERICO,0.0,8.0,8.0,2025-01-08 10:47:55,11,1,Verano
101069,AZITROMICINA 500MG TAB CJAX30UNID.,ACFARMA GENERICO,0.0,5.0,5.0,2025-01-08 11:30:12,7,1,Verano
101069,AZITROMICINA 500MG TAB CJAX30UNID.,ACFARMA GENERICO,0.0,3.0,3.0,2025-01-08 11:38:36,1,1,Verano
101069,AZITROMICINA 500MG TAB CJAX30UNID.,ACFARMA GENERICO,0.0,5.0,5.0,2025-01-08 12:08:20,1,1,Verano
101069,AZITROMICINA 500MG TAB CJAX30UNID.,ACFARMA GENERICO,0.0,10.0,10.0,2025-01-08 13:48:33,2,1,Verano
101069,AZITROMICINA 500MG TAB CJAX30UNID.,ACFARMA GENERICO,0.0,3.0,2.85,2025-01-08 14:23:30,10,1,Verano
101069,AZITROMICINA 500MG TAB CJAX30UNID.,ACFARMA GENERICO,0.0,6.0,6.0,2025-01-08 19:02:20,14,1,Verano
101069,AZITROMICINA 500MG TAB CJAX30UNID.,ACFARMA GENERICO,0.0,2.0,2.0,2025-01-08 19:45:58,5,1,Verano
101069,AZITROMICINA 500MG TAB CJAX30UNID.,ACFARMA GENERICO,0.0,5.0,5.0,2025-01-08 20:27:18,3,1,Verano
101069,AZITROMICINA 500MG TAB CJAX30UNID.,ACFARMA GENERICO,0.0,5.0,5.0,2025-01-08 21:33:14,1,1,Verano
101069,AZITROMICINA 500MG TAB CJAX30UNID.,ACFARMA GENERICO,0.0,3.0,3.0,2025-01-08 22:16:26,1,1,Verano
101069,AZITROMICINA 500MG TAB CJAX30UNID.,ACFARMA GENERICO,0.0,7.0,7.0,2025-01-08 23:36:17,4,1,Verano
101069,AZITROMICINA 500MG TAB CJAX30UNID.,ACFARMA GENERICO,0.0,10.0,10.0,2025-01-09 07:34:51,6,1,Verano
101069,AZITROMICINA 500MG TAB CJAX30UNID.,ACFARMA GENERICO,0.0,2.0,2.0,2025-01-09 11:22:17,3,1,Verano
101069,AZITROMICINA 500MG TAB CJAX30UNID.,ACFARMA GENERICO,0.0,1.0,1.0,2025-01-09 12:29:10,3,1,Verano
101069,AZITROMICINA 500MG TAB CJAX30UNID.,ACFARMA GENERICO,0.0,5.0,5.0,2025-01-09 12:32:26,6,1,Verano
101069,AZITROMICINA 500MG TAB CJAX30UNID.,ACFARMA GENERICO,0.0,3.0,3.0,2025-01-09 12:45:58,3,1,Verano
101069,AZITROMICINA 500MG TAB CJAX30UNID.,ACFARMA GENERICO,0.0,20.0,20.0,2025-01-09 13:09:11,5,1,Verano
101069,AZITROMICINA 500MG TAB CJAX30UNID.,ACFARMA GENERICO,0.0,2.0,2.0,2025-01-09 13:13:55,3,1,Verano
101069,AZITROMICINA 500MG TAB CJAX30UNID.,ACFARMA GENERICO,0.0,4.0,4.0,2025-01-09 13:20:25,9,1,Verano
101069,AZITROMICINA 500MG TAB CJAX30UNID.,ACFARMA GENERICO,0.0,1.0,1.0,2025-01-09 13:52:09,3,1,Verano
101069,AZITROMICINA 500MG TAB CJAX30UNID.,ACFARMA GENERICO,0.0,3.0,3.0,2025-01-09 16:16:05,6,1,Verano
101069,AZITROMICINA 500MG TAB CJAX30UNID.,ACFARMA GENERICO,0.0,3.0,3.0,2025-01-09 19:41:29,12,1,Verano
101069,AZITROMICINA 500MG TAB CJAX30UNID.,ACFARMA GENERICO,0.0,6.0,6.0,2025-01-09 21:05:17,1,1,Verano
101069,AZITROMICINA 500MG TAB CJAX30UNID.,ACFARMA GENERICO,0.0,3.0,3.0,2025-01-09 21:10:54,6,1,Verano
101069,AZITROMICINA 500MG TAB CJAX30UNID.,ACFARMA GENERICO,0.0,10.0,10.0,2025-01-09 21:26:50,1,1,Verano
101069,AZITROMICINA 500MG TAB CJAX30UNID.,ACFARMA GENERICO,0.0,2.0,2.0,2025-01-09 21:42:21,8,1,Verano
101069,AZITROMICINA 500MG TAB CJAX30UNID.,ACFARMA GENERICO,0.0,5.0,5.0,2025-01-09 22:46:03,7,1,Verano
101069,AZITROMICINA 500MG TAB CJAX30UNID.,ACFARMA GENERICO,0.0,3.0,3.0,2025-01-10 08:09:27,6,1,Verano
101069,AZITROMICINA 500MG TAB CJAX30UNID.,ACFARMA GENERICO,0.0,5.0,5.0,2025-01-10 09:30:36,6,1,Verano
101069,AZITROMICINA 500MG TAB CJAX30UNID.,ACFARMA GENERICO,0.0,4.0,4.0,2025-01-10 09:39:23,13,1,Verano
101069,AZITROMICINA 500MG TAB CJAX30UNID.,ACFARMA GENERICO,0.0,5.0,5.0,2025-01-10 12:01:29,5,1,Verano
101069,AZITROMICINA 500MG TAB CJAX30UNID.,ACFARMA GENERICO,0.0,10.0,10.0,2025-01-10 14:04:06,1,1,Verano
101069,AZITROMICINA 500MG TAB CJAX30UNID.,ACFARMA GENERICO,0.0,2.0,2.0,2025-01-10 14:04:58,8,1,Verano
101069,AZITROMICINA 500MG TAB CJAX30UNID.,ACFARMA GENERICO,0.0,4.0,4.0,2025-01-10 14:59:32,13,1,Verano
101069,AZITROMICINA 500MG TAB CJAX30UNID.,ACFARMA GENERICO,0.0,2.0,2.0,2025-01-10 15:34:59,11,1,Verano
101069,AZITROMICINA 500MG TAB CJAX30UNID.,ACFARMA GENERICO,0.0,6.0,6.0,2025-01-10 17:41:35,8,1,Verano
101069,AZITROMICINA 500MG TAB CJAX30UNID.,ACFARMA GENERICO,0.0,10.0,10.0,2025-01-10 19:20:13,7,1,Verano
101069,AZITROMICINA 500MG TAB CJAX30UNID.,ACFARMA GENERICO,0.0,2.0,2.0,2025-01-10 19:43:12,8,1,Verano
101069,AZITROMICINA 500MG TAB CJAX30UNID.,ACFARMA GENERICO,0.0,22.0,22.0,2025-01-10 20:05:44,10,1,Verano
101069,AZITROMICINA 500MG TAB CJAX30UNID.,ACFARMA GENERICO,0.0,5.0,5.0,2025-01-10 20:42:43,5,1,Verano
101069,AZITROMICINA 500MG TAB CJAX30UNID.,ACFARMA GENERICO,0.0,1.0,1.0,2025-01-10 21:01:34,12,1,Verano
101069,AZITROMICINA 500MG TAB CJAX30UNID.,ACFARMA GENERICO,0.0,1.0,1.0,2025-01-10 21:04:24,12,1,Verano
101069,AZITROMICINA 500MG TAB CJAX30UNID.,ACFARMA GENERICO,0.0,2.0,2.0,2025-01-11 10:16:30,6,1,Verano
101069,AZITROMICINA 500MG TAB CJAX30UNID.,ACFARMA GENERICO,0.0,5.0,5.0,2025-01-11 10:43:12,11,1,Verano
101069,AZITROMICINA 500MG TAB CJAX30UNID.,ACFARMA GENERICO,0.0,2.0,2.0,2025-01-11 10:47:20,11,1,Verano
101069,AZITROMICINA 500MG TAB CJAX30UNID.,ACFARMA GENERICO,0.0,4.0,4.0,2025-01-11 13:01:28,14,1,Verano
101069,AZITROMICINA 500MG TAB CJAX30UNID.,ACFARMA GENERICO,0.0,6.0,6.0,2025-01-11 13:37:57,8,1,Verano
101069,AZITROMICINA 500MG TAB CJAX30UNID.,ACFARMA GENERICO,0.0,10.0,10.0,2025-01-11 16:19:19,7,1,Verano
101069,AZITROMICINA 500MG TAB CJAX30UNID.,ACFARMA GENERICO,0.0,2.0,2.0,2025-01-11 16:29:21,11,1,Verano
101069,AZITROMICINA 500MG TAB CJAX30UNID.,ACFARMA GENERICO,0.0,5.0,5.0,2025-01-11 16:35:31,13,1,Verano
101069,AZITROMICINA 500MG TAB CJAX30UNID.,ACFARMA GENERICO,0.0,3.0,3.0,2025-01-11 16:37:01,6,1,Verano
101069,AZITROMICINA 500MG TAB CJAX30UNID.,ACFARMA GENERICO,0.0,10.0,10.0,2025-01-11 17:33:44,5,1,Verano
101069,AZITROMICINA 500MG TAB CJAX30UNID.,ACFARMA GENERICO,0.0,6.0,6.0,2025-01-11 18:51:08,4,1,Verano
101069,AZITROMICINA 500MG TAB CJAX30UNID.,ACFARMA GENERICO,0.0,2.0,2.0,2025-01-11 20:54:04,6,1,Verano
101069,AZITROMICINA 500MG TAB CJAX30UNID.,ACFARMA GENERICO,0.0,5.0,5.0,2025-01-12 08:37:34,13,1,Verano
101069,AZITROMICINA 500MG TAB CJAX30UNID.,ACFARMA GENERICO,0.0,5.0,5.0,2025-01-12 08:50:58,5,1,Verano
101069,AZITROMICINA 500MG TAB CJAX30UNID.,ACFARMA GENERICO,0.0,3.0,3.0,2025-01-12 16:28:36,5,1,Verano
101069,AZITROMICINA 500MG TAB CJAX30UNID.,ACFARMA GENERICO,0.0,2.0,2.0,2025-01-12 17:36:11,11,1,Verano
101069,AZITROMICINA 500MG TAB CJAX30UNID.,ACFARMA GENERICO,0.0,6.0,6.0,2025-01-12 20:04:14,3,1,Verano
101069,AZITROMICINA 500MG TAB CJAX30UNID.,ACFARMA GENERICO,0.0,1.0,1.0,2025-01-12 20:23:53,8,1,Verano
101069,AZITROMICINA 500MG TAB CJAX30UNID.,ACFARMA GENERICO,0.0,3.0,3.0,2025-01-12 21:49:06,3,1,Verano
101069,AZITROMICINA 500MG TAB CJAX30UNID.,ACFARMA GENERICO,0.0,1.0,1.0,2025-01-13 09:08:11,14,1,Verano
101069,AZITROMICINA 500MG TAB CJAX30UNID.,ACFARMA GENERICO,0.0,10.0,10.0,2025-01-13 13:05:14,3,1,Verano
101069,AZITROMICINA 500MG TAB CJAX30UNID.,ACFARMA GENERICO,0.0,3.0,3.0,2025-01-13 15:12:40,2,1,Verano
101069,AZITROMICINA 500MG TAB CJAX30UNID.,ACFARMA GENERICO,0.0,3.0,3.0,2025-01-13 17:04:00,1,1,Verano
101069,AZITROMICINA 500MG TAB CJAX30UNID.,ACFARMA GENERICO,0.0,5.0,5.0,2025-01-13 20:12:10,13,1,Verano
101069,AZITROMICINA 500MG TAB CJAX30UNID.,ACFARMA GENERICO,0.0,3.0,3.0,2025-01-13 20:39:33,9,1,Verano
101069,AZITROMICINA 500MG TAB CJAX30UNID.,ACFARMA GENERICO,0.0,2.0,2.0,2025-01-14 09:39:41,6,1,Verano
101069,AZITROMICINA 500MG TAB CJAX30UNID.,ACFARMA GENERICO,0.0,3.0,3.0,2025-01-14 10:27:23,3,1,Verano
101069,AZITROMICINA 500MG TAB CJAX30UNID.,ACFARMA GENERICO,0.0,2.0,2.0,2025-01-14 12:12:52,12,1,Verano
101069,AZITROMICINA 500MG TAB CJAX30UNID.,ACFARMA GENERICO,0.0,1.0,1.0,2025-01-14 12:16:41,12,1,Verano
101069,AZITROMICINA 500MG TAB CJAX30UNID.,ACFARMA GENERICO,0.0,5.0,5.0,2025-01-14 14:01:54,5,1,Verano
101069,AZITROMICINA 500MG TAB CJAX30UNID.,ACFARMA GENERICO,0.0,2.0,1.9,2025-01-14 14:43:11,10,1,Verano
101069,AZITROMICINA 500MG TAB CJAX30UNID.,ACFARMA GENERICO,0.0,10.0,10.0,2025-01-14 15:04:59,13,1,Verano
101069,AZITROMICINA 500MG TAB CJAX30UNID.,ACFARMA GENERICO,0.0,10.0,10.0,2025-01-14 15:38:51,5,1,Verano
101069,AZITROMICINA 500MG TAB CJAX30UNID.,ACFARMA GENERICO,0.0,10.0,10.0,2025-01-14 17:45:29,3,1,Verano
101069,AZITROMICINA 500MG TAB CJAX30UNID.,ACFARMA GENERICO,0.0,6.0,6.0,2025-01-14 21:58:44,14,1,Verano
101069,AZITROMICINA 500MG TAB CJAX30UNID.,ACFARMA GENERICO,0.0,5.0,5.0,2025-01-14 22:07:35,5,1,Verano
101069,AZITROMICINA 500MG TAB CJAX30UNID.,ACFARMA GENERICO,0.0,5.0,5.0,2025-01-15 07:56:37,6,1,Verano
101069,AZITROMICINA 500MG TAB CJAX30UNID.,ACFARMA GENERICO,0.0,5.0,5.0,2025-01-15 08:11:29,13,1,Verano
101069,AZITROMICINA 500MG TAB CJAX30UNID.,ACFARMA GENERICO,0.0,3.0,3.0,2025-01-15 08:26:09,13,1,Verano
101069,AZITROMICINA 500MG TAB CJAX30UNID.,ACFARMA GENERICO,0.0,2.0,2.0,2025-01-15 10:08:49,13,1,Verano
101069,AZITROMICINA 500MG TAB CJAX30UNID.,ACFARMA GENERICO,0.0,1.0,1.0,2025-01-15 11:03:27,2,1,Verano
101069,AZITROMICINA 500MG TAB CJAX30UNID.,ACFARMA GENERICO,0.0,1.0,1.0,2025-01-15 16:04:34,10,1,Verano
101069,AZITROMICINA 500MG TAB CJAX30UNID.,ACFARMA GENERICO,0.0,2.0,2.0,2025-01-15 17:26:13,1,1,Verano
101069,AZITROMICINA 500MG TAB CJAX30UNID.,ACFARMA GENERICO,0.0,2.0,2.0,2025-01-15 20:46:19,9,1,Verano
101069,AZITROMICINA 500MG TAB CJAX30UNID.,ACFARMA GENERICO,0.0,4.0,4.0,2025-01-15 22:53:25,10,1,Verano
101069,AZITROMICINA 500MG TAB CJAX30UNID.,ACFARMA GENERICO,0.0,1.0,1.0,2025-01-16 10:21:53,2,1,Verano
101069,AZITROMICINA 500MG TAB CJAX30UNID.,ACFARMA GENERICO,0.0,3.0,3.0,2025-01-16 12:39:24,2,1,Verano
101069,AZITROMICINA 500MG TAB CJAX30UNID.,ACFARMA GENERICO,0.0,10.0,10.0,2025-01-16 17:48:34,11,1,Verano
101069,AZITROMICINA 500MG TAB CJAX30UNID.,ACFARMA GENERICO,0.0,3.0,3.0,2025-01-16 18:32:44,5,1,Verano
101069,AZITROMICINA 500MG TAB CJAX30UNID.,ACFARMA GENERICO,0.0,3.0,3.0,2025-01-16 20:17:01,8,1,Verano
101069,AZITROMICINA 500MG TAB CJAX30UNID.,ACFARMA GENERICO,0.0,5.0,5.0,2025-01-16 20:21:23,6,1,Verano
101069,AZITROMICINA 500MG TAB CJAX30UNID.,ACFARMA GENERICO,0.0,1.0,1.0,2025-01-17 10:04:35,2,1,Verano
101069,AZITROMICINA 500MG TAB CJAX30UNID.,ACFARMA GENERICO,0.0,2.0,2.0,2025-01-17 11:21:11,12,1,Verano
101069,AZITROMICINA 500MG TAB CJAX30UNID.,ACFARMA GENERICO,0.0,1.0,1.0,2025-01-17 13:11:35,6,1,Verano
101069,AZITROMICINA 500MG TAB CJAX30UNID.,ACFARMA GENERICO,0.0,5.0,5.0,2025-01-17 16:48:06,5,1,Verano
101069,AZITROMICINA 500MG TAB CJAX30UNID.,ACFARMA GENERICO,0.0,3.0,3.0,2025-01-17 18:26:16,13,1,Verano
101069,AZITROMICINA 500MG TAB CJAX30UNID.,ACFARMA GENERICO,0.0,5.0,5.0,2025-01-17 21:12:27,7,1,Verano
101069,AZITROMICINA 500MG TAB CJAX30UNID.,ACFARMA GENERICO,0.0,2.0,2.0,2025-01-17 23:26:55,4,1,Verano
101069,AZITROMICINA 500MG TAB CJAX30UNID.,ACFARMA GENERICO,0.0,4.0,4.0,2025-01-18 07:08:45,4,1,Verano
101069,AZITROMICINA 500MG TAB CJAX30UNID.,ACFARMA GENERICO,0.0,2.0,2.0,2025-01-18 12:20:50,6,1,Verano
101069,AZITROMICINA 500MG TAB CJAX30UNID.,ACFARMA GENERICO,0.0,1.0,1.0,2025-01-18 14:51:04,6,1,Verano
101069,AZITROMICINA 500MG TAB CJAX30UNID.,ACFARMA GENERICO,0.0,3.0,3.0,2025-01-18 17:31:41,7,1,Verano
101069,AZITROMICINA 500MG TAB CJAX30UNID.,ACFARMA GENERICO,0.0,10.0,10.0,2025-01-18 20:08:29,1,1,Verano
101069,AZITROMICINA 500MG TAB CJAX30UNID.,ACFARMA GENERICO,0.0,2.0,2.0,2025-01-18 21:34:35,9,1,Verano
101069,AZITROMICINA 500MG TAB CJAX30UNID.,ACFARMA GENERICO,0.0,2.0,2.0,2025-01-18 21:39:14,7,1,Verano
101069,AZITROMICINA 500MG TAB CJAX30UNID.,ACFARMA GENERICO,1.0,0.0,30.0,2025-01-18 22:24:49,2,1,Verano
101069,AZITROMICINA 500MG TAB CJAX30UNID.,ACFARMA GENERICO,0.0,3.0,3.0,2025-01-19 09:29:31,3,1,Verano
101069,AZITROMICINA 500MG TAB CJAX30UNID.,ACFARMA GENERICO,0.0,3.0,3.0,2025-01-19 09:36:52,4,1,Verano
101069,AZITROMICINA 500MG TAB CJAX30UNID.,ACFARMA GENERICO,0.0,4.0,4.0,2025-01-19 12:17:13,8,1,Verano
101069,AZITROMICINA 500MG TAB CJAX30UNID.,ACFARMA GENERICO,0.0,4.0,4.0,2025-01-19 18:04:03,6,1,Verano
101069,AZITROMICINA 500MG TAB CJAX30UNID.,ACFARMA GENERICO,0.0,2.0,2.0,2025-01-19 19:28:51,7,1,Verano
101069,AZITROMICINA 500MG TAB CJAX30UNID.,ACFARMA GENERICO,0.0,1.0,1.0,2025-01-19 22:38:17,6,1,Verano
101069,AZITROMICINA 500MG TAB CJAX30UNID.,ACFARMA GENERICO,0.0,10.0,10.0,2025-01-20 10:15:13,1,1,Verano
101069,AZITROMICINA 500MG TAB CJAX30UNID.,ACFARMA GENERICO,0.0,3.0,3.0,2025-01-20 13:56:32,14,1,Verano
101069,AZITROMICINA 500MG TAB CJAX30UNID.,ACFARMA GENERICO,0.0,4.0,4.0,2025-01-20 19:06:11,12,1,Verano
101069,AZITROMICINA 500MG TAB CJAX30UNID.,ACFARMA GENERICO,0.0,1.0,1.0,2025-01-20 19:25:20,3,1,Verano
101069,AZITROMICINA 500MG TAB CJAX30UNID.,ACFARMA GENERICO,0.0,3.0,3.0,2025-01-20 20:16:08,5,1,Verano
101069,AZITROMICINA 500MG TAB CJAX30UNID.,ACFARMA GENERICO,0.0,1.0,1.0,2025-01-21 10:55:54,3,1,Verano
101069,AZITROMICINA 500MG TAB CJAX30UNID.,ACFARMA GENERICO,0.0,2.0,2.0,2025-01-21 11:44:31,5,1,Verano
101069,AZITROMICINA 500MG TAB CJAX30UNID.,ACFARMA GENERICO,0.0,2.0,2.0,2025-01-21 14:39:46,3,1,Verano
101069,AZITROMICINA 500MG TAB CJAX30UNID.,ACFARMA GENERICO,0.0,2.0,2.0,2025-01-21 19:38:06,14,1,Verano
101069,AZITROMICINA 500MG TAB CJAX30UNID.,ACFARMA GENERICO,0.0,5.0,5.0,2025-01-22 14:06:36,11,1,Verano
101069,AZITROMICINA 500MG TAB CJAX30UNID.,ACFARMA GENERICO,0.0,1.0,1.0,2025-01-22 15:38:12,6,1,Verano
101069,AZITROMICINA 500MG TAB CJAX30UNID.,ACFARMA GENERICO,0.0,1.0,1.0,2025-01-22 19:28:23,11,1,Verano
101069,AZITROMICINA 500MG TAB CJAX30UNID.,ACFARMA GENERICO,0.0,2.0,2.0,2025-01-23 18:53:26,3,1,Verano
101069,AZITROMICINA 500MG TAB CJAX30UNID.,ACFARMA GENERICO,0.0,3.0,3.0,2025-01-24 10:11:33,8,1,Verano
101069,AZITROMICINA 500MG TAB CJAX30UNID.,ACFARMA GENERICO,0.0,1.0,1.0,2025-01-24 10:52:48,2,1,Verano
101069,AZITROMICINA 500MG TAB CJAX30UNID.,ACFARMA GENERICO,0.0,3.0,3.0,2025-01-24 11:54:47,14,1,Verano
101069,AZITROMICINA 500MG TAB CJAX30UNID.,ACFARMA GENERICO,0.0,3.0,3.0,2025-01-24 14:56:14,7,1,Verano
101069,AZITROMICINA 500MG TAB CJAX30UNID.,ACFARMA GENERICO,0.0,2.0,2.0,2025-01-24 15:55:50,3,1,Verano
101069,AZITROMICINA 500MG TAB CJAX30UNID.,ACFARMA GENERICO,0.0,1.0,1.0,2025-01-24 19:34:10,6,1,Verano
101069,AZITROMICINA 500MG TAB CJAX30UNID.,ACFARMA GENERICO,0.0,2.0,2.0,2025-01-25 10:41:32,9,1,Verano
101069,AZITROMICINA 500MG TAB CJAX30UNID.,ACFARMA GENERICO,0.0,5.0,5.0,2025-01-25 13:13:17,6,1,Verano
101069,AZITROMICINA 500MG TAB CJAX30UNID.,ACFARMA GENERICO,0.0,3.0,3.0,2025-01-25 13:25:52,1,1,Verano
101069,AZITROMICINA 500MG TAB CJAX30UNID.,ACFARMA GENERICO,0.0,5.0,5.0,2025-01-25 16:31:47,8,1,Verano
101069,AZITROMICINA 500MG TAB CJAX30UNID.,ACFARMA GENERICO,0.0,2.0,2.0,2025-01-25 21:29:59,3,1,Verano
101069,AZITROMICINA 500MG TAB CJAX30UNID.,ACFARMA GENERICO,0.0,10.0,10.0,2025-01-26 23:01:59,5,1,Verano
101069,AZITROMICINA 500MG TAB CJAX30UNID.,ACFARMA GENERICO,0.0,3.0,3.0,2025-01-27 12:33:32,1,1,Verano
101069,AZITROMICINA 500MG TAB CJAX30UNID.,ACFARMA GENERICO,0.0,3.0,3.0,2025-01-27 12:36:20,8,1,Verano
101069,AZITROMICINA 500MG TAB CJAX30UNID.,ACFARMA GENERICO,0.0,1.0,1.0,2025-01-27 12:47:23,6,1,Verano
101069,AZITROMICINA 500MG TAB CJAX30UNID.,ACFARMA GENERICO,0.0,5.0,5.0,2025-01-27 13:42:21,1,1,Verano
101069,AZITROMICINA 500MG TAB CJAX30UNID.,ACFARMA GENERICO,0.0,2.0,2.0,2025-01-27 20:10:02,12,1,Verano
101069,AZITROMICINA 500MG TAB CJAX30UNID.,ACFARMA GENERICO,0.0,2.0,2.0,2025-01-28 07:54:42,7,1,Verano
101069,AZITROMICINA 500MG TAB CJAX30UNID.,ACFARMA GENERICO,0.0,5.0,5.0,2025-01-28 10:37:47,6,1,Verano
101069,AZITROMICINA 500MG TAB CJAX30UNID.,ACFARMA GENERICO,0.0,5.0,5.0,2025-01-28 18:36:40,1,1,Verano
101069,AZITROMICINA 500MG TAB CJAX30UNID.,ACFARMA GENERICO,0.0,2.0,2.0,2025-01-28 19:41:41,10,1,Verano
101069,AZITROMICINA 500MG TAB CJAX30UNID.,ACFARMA GENERICO,0.0,9.0,9.0,2025-01-28 21:15:25,6,1,Verano
101069,AZITROMICINA 500MG TAB CJAX30UNID.,ACFARMA GENERICO,0.0,1.0,1.0,2025-01-29 18:01:24,6,1,Verano
101069,AZITROMICINA 500MG TAB CJAX30UNID.,ACFARMA GENERICO,0.0,5.0,5.0,2025-01-30 12:01:36,14,1,Verano
101069,AZITROMICINA 500MG TAB CJAX30UNID.,ACFARMA GENERICO,0.0,2.0,2.0,2025-01-30 22:30:18,6,1,Verano
101069,AZITROMICINA 500MG TAB CJAX30UNID.,ACFARMA GENERICO,0.0,2.0,2.0,2025-01-30 23:48:49,4,1,Verano
101069,AZITROMICINA 500MG TAB CJAX30UNID.,ACFARMA GENERICO,0.0,2.0,2.0,2025-01-31 13:24:13,6,1,Verano
101069,AZITROMICINA 500MG TAB CJAX30UNID.,ACFARMA GENERICO,0.0,1.0,1.0,2025-01-31 19:28:49,11,1,Verano
101069,AZITROMICINA 500MG TAB CJAX30UNID.,ACFARMA GENERICO,0.0,4.0,4.0,2025-01-31 19:42:50,5,1,Verano
101069,AZITROMICINA 500MG TAB CJAX30UNID.,ACFARMA GENERICO,0.0,4.0,4.0,2025-02-01 13:57:38,4,2,Verano
101069,AZITROMICINA 500MG TAB CJAX30UNID.,ACFARMA GENERICO,0.0,6.0,6.0,2025-02-01 19:02:14,5,2,Verano
101069,AZITROMICINA 500MG TAB CJAX30UNID.,ACFARMA GENERICO,0.0,10.0,10.0,2025-02-01 19:45:25,12,2,Verano
101069,AZITROMICINA 500MG TAB CJAX30UNID.,ACFARMA GENERICO,0.0,3.0,3.0,2025-02-01 20:45:27,14,2,Verano
101069,AZITROMICINA 500MG TAB CJAX30UNID.,ACFARMA GENERICO,0.0,3.0,3.0,2025-02-01 21:13:34,8,2,Verano
101069,AZITROMICINA 500MG TAB CJAX30UNID.,ACFARMA GENERICO,0.0,1.0,1.0,2025-02-01 21:25:42,11,2,Verano
101069,AZITROMICINA 500MG TAB CJAX30UNID.,ACFARMA GENERICO,0.0,3.0,3.0,2025-02-02 11:09:15,10,2,Verano
101069,AZITROMICINA 500MG TAB CJAX30UNID.,ACFARMA GENERICO,0.0,3.0,3.0,2025-02-02 20:36:50,14,2,Verano
101069,AZITROMICINA 500MG TAB CJAX30UNID.,ACFARMA GENERICO,0.0,4.0,4.0,2025-02-02 21:04:07,3,2,Verano
101069,AZITROMICINA 500MG TAB CJAX30UNID.,ACFARMA GENERICO,0.0,5.0,5.0,2025-02-03 09:47:13,9,2,Verano
101069,AZITROMICINA 500MG TAB CJAX30UNID.,ACFARMA GENERICO,0.0,3.0,3.0,2025-02-03 14:23:34,3,2,Verano
101069,AZITROMICINA 500MG TAB CJAX30UNID.,ACFARMA GENERICO,0.0,5.0,5.0,2025-02-03 16:13:27,10,2,Verano
101069,AZITROMICINA 500MG TAB CJAX30UNID.,ACFARMA GENERICO,0.0,2.0,2.0,2025-02-05 11:30:28,2,2,Verano
101069,AZITROMICINA 500MG TAB CJAX30UNID.,ACFARMA GENERICO,0.0,5.0,5.0,2025-02-05 11:57:17,2,2,Verano
101069,AZITROMICINA 500MG TAB CJAX30UNID.,ACFARMA GENERICO,0.0,10.0,10.0,2025-02-05 15:11:04,6,2,Verano
101069,AZITROMICINA 500MG TAB CJAX30UNID.,ACFARMA GENERICO,0.0,10.0,10.0,2025-02-05 18:38:36,4,2,Verano
101069,AZITROMICINA 500MG TAB CJAX30UNID.,ACFARMA GENERICO,0.0,1.0,1.0,2025-02-05 19:36:01,13,2,Verano
101069,AZITROMICINA 500MG TAB CJAX30UNID.,ACFARMA GENERICO,0.0,2.0,2.0,2025-02-06 22:25:19,7,2,Verano
101069,AZITROMICINA 500MG TAB CJAX30UNID.,ACFARMA GENERICO,0.0,3.0,3.0,2025-02-07 15:47:32,7,2,Verano
101069,AZITROMICINA 500MG TAB CJAX30UNID.,ACFARMA GENERICO,0.0,1.0,1.0,2025-02-07 19:14:50,7,2,Verano
101069,AZITROMICINA 500MG TAB CJAX30UNID.,ACFARMA GENERICO,0.0,3.0,3.0,2025-02-07 20:00:54,7,2,Verano
101069,AZITROMICINA 500MG TAB CJAX30UNID.,ACFARMA GENERICO,0.0,3.0,3.0,2025-02-07 21:53:42,5,2,Verano
101069,AZITROMICINA 500MG TAB CJAX30UNID.,ACFARMA GENERICO,0.0,4.0,4.0,2025-02-08 07:25:06,12,2,Verano
101069,AZITROMICINA 500MG TAB CJAX30UNID.,ACFARMA GENERICO,0.0,3.0,3.0,2025-02-08 09:31:31,4,2,Verano
101069,AZITROMICINA 500MG TAB CJAX30UNID.,ACFARMA GENERICO,0.0,1.0,1.0,2025-02-08 12:02:52,7,2,Verano
101069,AZITROMICINA 500MG TAB CJAX30UNID.,ACFARMA GENERICO,0.0,3.0,3.0,2025-02-08 22:10:35,7,2,Verano
101069,AZITROMICINA 500MG TAB CJAX30UNID.,ACFARMA GENERICO,0.0,20.0,20.0,2025-02-09 21:12:12,2,2,Verano
101069,AZITROMICINA 500MG TAB CJAX30UNID.,ACFARMA GENERICO,0.0,10.0,10.0,2025-02-09 21:44:05,12,2,Verano
101069,AZITROMICINA 500MG TAB CJAX30UNID.,ACFARMA GENERICO,0.0,4.0,4.0,2025-02-10 09:04:08,7,2,Verano
101069,AZITROMICINA 500MG TAB CJAX30UNID.,ACFARMA GENERICO,0.0,5.0,5.0,2025-02-10 19:32:38,1,2,Verano
101069,AZITROMICINA 500MG TAB CJAX30UNID.,ACFARMA GENERICO,0.0,1.0,1.0,2025-02-11 12:18:32,8,2,Verano
101069,AZITROMICINA 500MG TAB CJAX30UNID.,ACFARMA GENERICO,0.0,1.0,1.0,2025-02-11 13:18:22,6,2,Verano
101069,AZITROMICINA 500MG TAB CJAX30UNID.,ACFARMA GENERICO,0.0,5.0,5.0,2025-02-11 18:26:21,1,2,Verano
101069,AZITROMICINA 500MG TAB CJAX30UNID.,ACFARMA GENERICO,0.0,2.0,1.9,2025-02-11 23:12:22,4,2,Verano
101069,AZITROMICINA 500MG TAB CJAX30UNID.,ACFARMA GENERICO,0.0,1.0,1.0,2025-02-12 09:28:13,6,2,Verano
101069,AZITROMICINA 500MG TAB CJAX30UNID.,ACFARMA GENERICO,0.0,2.0,2.0,2025-02-12 15:41:55,12,2,Verano
101069,AZITROMICINA 500MG TAB CJAX30UNID.,ACFARMA GENERICO,0.0,5.0,5.0,2025-02-12 18:49:43,5,2,Verano
101069,AZITROMICINA 500MG TAB CJAX30UNID.,ACFARMA GENERICO,0.0,2.0,2.0,2025-02-12 18:56:05,13,2,Verano
101069,AZITROMICINA 500MG TAB CJAX30UNID.,ACFARMA GENERICO,0.0,2.0,2.0,2025-02-12 22:13:52,1,2,Verano
101069,AZITROMICINA 500MG TAB CJAX30UNID.,ACFARMA GENERICO,0.0,1.0,1.0,2025-02-13 16:16:23,15,2,Verano
101069,AZITROMICINA 500MG TAB CJAX30UNID.,ACFARMA GENERICO,0.0,10.0,10.0,2025-02-13 16:46:46,1,2,Verano
101069,AZITROMICINA 500MG TAB CJAX30UNID.,ACFARMA GENERICO,0.0,3.0,3.0,2025-02-13 20:08:42,13,2,Verano
101069,AZITROMICINA 500MG TAB CJAX30UNID.,ACFARMA GENERICO,0.0,1.0,1.0,2025-02-13 21:42:13,8,2,Verano
101069,AZITROMICINA 500MG TAB CJAX30UNID.,ACFARMA GENERICO,0.0,5.0,5.0,2025-02-13 22:28:10,14,2,Verano
101069,AZITROMICINA 500MG TAB CJAX30UNID.,ACFARMA GENERICO,0.0,5.0,5.0,2025-02-14 09:25:31,7,2,Verano
101069,AZITROMICINA 500MG TAB CJAX30UNID.,ACFARMA GENERICO,0.0,2.0,2.0,2025-02-14 09:45:35,7,2,Verano
101069,AZITROMICINA 500MG TAB CJAX30UNID.,ACFARMA GENERICO,0.0,2.0,2.0,2025-02-14 09:55:29,6,2,Verano
101069,AZITROMICINA 500MG TAB CJAX30UNID.,ACFARMA GENERICO,0.0,2.0,2.0,2025-02-14 20:55:40,7,2,Verano
101069,AZITROMICINA 500MG TAB CJAX30UNID.,ACFARMA GENERICO,0.0,4.0,4.0,2025-02-15 10:17:30,6,2,Verano
101069,AZITROMICINA 500MG TAB CJAX30UNID.,ACFARMA GENERICO,0.0,3.0,3.0,2025-02-15 23:08:18,5,2,Verano
101069,AZITROMICINA 500MG TAB CJAX30UNID.,ACFARMA GENERICO,0.0,3.0,3.0,2025-02-16 08:36:02,15,2,Verano
101069,AZITROMICINA 500MG TAB CJAX30UNID.,ACFARMA GENERICO,0.0,1.0,1.0,2025-02-16 09:16:41,9,2,Verano
101069,AZITROMICINA 500MG TAB CJAX30UNID.,ACFARMA GENERICO,0.0,5.0,5.0,2025-02-16 10:41:10,12,2,Verano
101069,AZITROMICINA 500MG TAB CJAX30UNID.,ACFARMA GENERICO,0.0,3.0,3.0,2025-02-16 14:13:32,15,2,Verano
101069,AZITROMICINA 500MG TAB CJAX30UNID.,ACFARMA GENERICO,0.0,1.0,1.0,2025-02-16 17:10:52,9,2,Verano
101069,AZITROMICINA 500MG TAB CJAX30UNID.,ACFARMA GENERICO,0.0,2.0,2.0,2025-02-17 10:58:16,15,2,Verano
101069,AZITROMICINA 500MG TAB CJAX30UNID.,ACFARMA GENERICO,0.0,1.0,1.0,2025-02-17 21:38:27,2,2,Verano
101069,AZITROMICINA 500MG TAB CJAX30UNID.,ACFARMA GENERICO,0.0,3.0,3.0,2025-02-18 12:08:53,4,2,Verano
101069,AZITROMICINA 500MG TAB CJAX30UNID.,ACFARMA GENERICO,0.0,3.0,3.0,2025-02-18 13:40:50,6,2,Verano
101069,AZITROMICINA 500MG TAB CJAX30UNID.,ACFARMA GENERICO,0.0,9.0,9.0,2025-02-19 12:45:27,2,2,Verano
101069,AZITROMICINA 500MG TAB CJAX30UNID.,ACFARMA GENERICO,0.0,1.0,1.0,2025-02-19 20:19:49,5,2,Verano
101069,AZITROMICINA 500MG TAB CJAX30UNID.,ACFARMA GENERICO,0.0,2.0,2.0,2025-02-20 11:44:10,1,2,Verano
101069,AZITROMICINA 500MG TAB CJAX30UNID.,ACFARMA GENERICO,0.0,5.0,5.0,2025-02-20 13:14:40,2,2,Verano
101069,AZITROMICINA 500MG TAB CJAX30UNID.,ACFARMA GENERICO,0.0,2.0,2.0,2025-02-20 14:25:46,10,2,Verano
101069,AZITROMICINA 500MG TAB CJAX30UNID.,ACFARMA GENERICO,0.0,3.0,3.0,2025-02-20 15:31:53,10,2,Verano
101069,AZITROMICINA 500MG TAB CJAX30UNID.,ACFARMA GENERICO,0.0,5.0,5.0,2025-02-20 20:06:35,1,2,Verano
101069,AZITROMICINA 500MG TAB CJAX30UNID.,ACFARMA GENERICO,0.0,2.0,2.0,2025-02-20 20:58:17,9,2,Verano
101069,AZITROMICINA 500MG TAB CJAX30UNID.,ACFARMA GENERICO,0.0,1.0,1.0,2025-02-21 13:30:31,1,2,Verano
101069,AZITROMICINA 500MG TAB CJAX30UNID.,ACFARMA GENERICO,0.0,2.0,2.0,2025-02-21 13:53:32,10,2,Verano
101069,AZITROMICINA 500MG TAB CJAX30UNID.,ACFARMA GENERICO,0.0,5.0,5.0,2025-02-21 19:00:22,11,2,Verano
101069,AZITROMICINA 500MG TAB CJAX30UNID.,ACFARMA GENERICO,0.0,3.0,3.0,2025-02-21 20:39:28,2,2,Verano
101069,AZITROMICINA 500MG TAB CJAX30UNID.,ACFARMA GENERICO,0.0,4.0,4.0,2025-02-21 20:56:53,15,2,Verano
101069,AZITROMICINA 500MG TAB CJAX30UNID.,ACFARMA GENERICO,0.0,2.0,2.0,2025-02-21 22:13:41,2,2,Verano
101069,AZITROMICINA 500MG TAB CJAX30UNID.,ACFARMA GENERICO,0.0,3.0,3.0,2025-02-22 17:36:40,5,2,Verano
101069,AZITROMICINA 500MG TAB CJAX30UNID.,ACFARMA GENERICO,0.0,3.0,3.0,2025-02-22 20:30:04,8,2,Verano
101069,AZITROMICINA 500MG TAB CJAX30UNID.,ACFARMA GENERICO,0.0,3.0,3.0,2025-02-22 21:56:24,10,2,Verano
101069,AZITROMICINA 500MG TAB CJAX30UNID.,ACFARMA GENERICO,0.0,4.0,4.0,2025-02-22 22:07:27,6,2,Verano
101069,AZITROMICINA 500MG TAB CJAX30UNID.,ACFARMA GENERICO,0.0,4.0,4.0,2025-02-22 22:36:52,11,2,Verano
101069,AZITROMICINA 500MG TAB CJAX30UNID.,ACFARMA GENERICO,0.0,3.0,3.0,2025-02-23 11:12:28,13,2,Verano
101069,AZITROMICINA 500MG TAB CJAX30UNID.,ACFARMA GENERICO,0.0,10.0,10.0,2025-02-23 16:14:45,11,2,Verano
101069,AZITROMICINA 500MG TAB CJAX30UNID.,ACFARMA GENERICO,0.0,3.0,3.0,2025-02-23 19:34:41,11,2,Verano
101069,AZITROMICINA 500MG TAB CJAX30UNID.,ACFARMA GENERICO,0.0,3.0,3.0,2025-02-23 20:05:06,9,2,Verano
101069,AZITROMICINA 500MG TAB CJAX30UNID.,ACFARMA GENERICO,0.0,3.0,3.0,2025-02-23 21:16:08,15,2,Verano
101069,AZITROMICINA 500MG TAB CJAX30UNID.,ACFARMA GENERICO,0.0,3.0,3.0,2025-02-23 22:05:33,4,2,Verano
101069,AZITROMICINA 500MG TAB CJAX30UNID.,ACFARMA GENERICO,0.0,4.0,4.0,2025-02-24 09:45:15,15,2,Verano
101069,AZITROMICINA 500MG TAB CJAX30UNID.,ACFARMA GENERICO,0.0,1.0,0.95,2025-02-24 17:36:45,11,2,Verano
101069,AZITROMICINA 500MG TAB CJAX30UNID.,ACFARMA GENERICO,0.0,10.0,10.0,2025-02-24 17:59:21,2,2,Verano
101069,AZITROMICINA 500MG TAB CJAX30UNID.,ACFARMA GENERICO,0.0,2.0,2.0,2025-02-24 18:59:06,5,2,Verano
101069,AZITROMICINA 500MG TAB CJAX30UNID.,ACFARMA GENERICO,0.0,5.0,5.0,2025-02-25 16:34:53,12,2,Verano
101069,AZITROMICINA 500MG TAB CJAX30UNID.,ACFARMA GENERICO,0.0,2.0,2.0,2025-02-25 18:51:57,9,2,Verano
101069,AZITROMICINA 500MG TAB CJAX30UNID.,ACFARMA GENERICO,0.0,4.0,4.0,2025-02-25 23:03:58,4,2,Verano
101069,AZITROMICINA 500MG TAB CJAX30UNID.,ACFARMA GENERICO,0.0,2.0,2.0,2025-02-26 10:36:26,7,2,Verano
101069,AZITROMICINA 500MG TAB CJAX30UNID.,ACFARMA GENERICO,0.0,3.0,3.0,2025-02-26 17:19:08,7,2,Verano
101069,AZITROMICINA 500MG TAB CJAX30UNID.,ACFARMA GENERICO,0.0,4.0,4.0,2025-02-26 18:19:32,14,2,Verano
101069,AZITROMICINA 500MG TAB CJAX30UNID.,ACFARMA GENERICO,0.0,2.0,2.0,2025-02-26 21:57:02,7,2,Verano
101069,AZITROMICINA 500MG TAB CJAX30UNID.,ACFARMA GENERICO,0.0,3.0,3.0,2025-02-27 08:54:33,8,2,Verano
101069,AZITROMICINA 500MG TAB CJAX30UNID.,ACFARMA GENERICO,0.0,3.0,2.85,2025-02-27 09:01:06,5,2,Verano
101069,AZITROMICINA 500MG TAB CJAX30UNID.,ACFARMA GENERICO,0.0,2.0,2.0,2025-02-27 11:10:57,11,2,Verano
101069,AZITROMICINA 500MG TAB CJAX30UNID.,ACFARMA GENERICO,0.0,3.0,3.0,2025-02-27 11:29:31,1,2,Verano
101069,AZITROMICINA 500MG TAB CJAX30UNID.,ACFARMA GENERICO,0.0,7.0,7.0,2025-02-27 12:06:59,11,2,Verano
101069,AZITROMICINA 500MG TAB CJAX30UNID.,ACFARMA GENERICO,0.0,4.0,4.0,2025-02-27 16:22:41,8,2,Verano
101069,AZITROMICINA 500MG TAB CJAX30UNID.,ACFARMA GENERICO,0.0,3.0,3.0,2025-02-27 19:02:30,1,2,Verano
101069,AZITROMICINA 500MG TAB CJAX30UNID.,ACFARMA GENERICO,0.0,10.0,9.5,2025-02-28 09:48:22,1,2,Verano
101069,AZITROMICINA 500MG TAB CJAX30UNID.,ACFARMA GENERICO,0.0,2.0,2.0,2025-02-28 10:37:54,7,2,Verano
101069,AZITROMICINA 500MG TAB CJAX30UNID.,ACFARMA GENERICO,0.0,2.0,2.0,2025-02-28 17:28:36,9,2,Verano
101069,AZITROMICINA 500MG TAB CJAX30UNID.,ACFARMA GENERICO,0.0,3.0,3.0,2025-02-28 19:57:18,14,2,Verano
101069,AZITROMICINA 500MG TAB CJAX30UNID.,ACFARMA GENERICO,0.0,10.0,10.0,2025-03-01 08:37:17,5,3,Otoño
101069,AZITROMICINA 500MG TAB CJAX30UNID.,ACFARMA GENERICO,0.0,3.0,3.0,2025-03-01 13:50:00,10,3,Otoño
101069,AZITROMICINA 500MG TAB CJAX30UNID.,ACFARMA GENERICO,0.0,2.0,2.0,2025-03-01 20:20:12,14,3,Otoño
101069,AZITROMICINA 500MG TAB CJAX30UNID.,ACFARMA GENERICO,0.0,5.0,5.0,2025-03-01 22:39:27,6,3,Otoño
101069,AZITROMICINA 500MG TAB CJAX30UNID.,ACFARMA GENERICO,0.0,2.0,2.0,2025-03-01 22:56:22,7,3,Otoño
101069,AZITROMICINA 500MG TAB CJAX30UNID.,ACFARMA GENERICO,0.0,2.0,2.0,2025-03-02 20:42:59,7,3,Otoño
101069,AZITROMICINA 500MG TAB CJAX30UNID.,ACFARMA GENERICO,0.0,10.0,10.0,2025-03-03 12:04:38,11,3,Otoño
101069,AZITROMICINA 500MG TAB CJAX30UNID.,ACFARMA GENERICO,0.0,2.0,2.0,2025-03-03 12:30:02,2,3,Otoño
101069,AZITROMICINA 500MG TAB CJAX30UNID.,ACFARMA GENERICO,0.0,2.0,2.0,2025-03-03 12:57:12,11,3,Otoño
101069,AZITROMICINA 500MG TAB CJAX30UNID.,ACFARMA GENERICO,0.0,3.0,3.0,2025-03-03 16:58:43,3,3,Otoño
101069,AZITROMICINA 500MG TAB CJAX30UNID.,ACFARMA GENERICO,0.0,2.0,2.0,2025-03-03 20:10:58,7,3,Otoño
101069,AZITROMICINA 500MG TAB CJAX30UNID.,ACFARMA GENERICO,0.0,10.0,10.0,2025-03-03 20:28:26,14,3,Otoño
101069,AZITROMICINA 500MG TAB CJAX30UNID.,ACFARMA GENERICO,0.0,5.0,5.0,2025-03-03 21:42:51,5,3,Otoño
101069,AZITROMICINA 500MG TAB CJAX30UNID.,ACFARMA GENERICO,0.0,4.0,4.0,2025-03-04 19:30:34,1,3,Otoño
101069,AZITROMICINA 500MG TAB CJAX30UNID.,ACFARMA GENERICO,0.0,2.0,2.0,2025-03-04 20:40:06,3,3,Otoño
101069,AZITROMICINA 500MG TAB CJAX30UNID.,ACFARMA GENERICO,0.0,3.0,3.0,2025-03-04 21:29:35,8,3,Otoño
101069,AZITROMICINA 500MG TAB CJAX30UNID.,ACFARMA GENERICO,0.0,2.0,2.0,2025-03-04 21:42:43,9,3,Otoño
101069,AZITROMICINA 500MG TAB CJAX30UNID.,ACFARMA GENERICO,0.0,5.0,5.0,2025-03-05 10:32:16,1,3,Otoño
101069,AZITROMICINA 500MG TAB CJAX30UNID.,ACFARMA GENERICO,0.0,10.0,10.0,2025-03-05 10:35:13,2,3,Otoño
101069,AZITROMICINA 500MG TAB CJAX30UNID.,ACFARMA GENERICO,0.0,2.0,2.0,2025-03-05 13:36:39,13,3,Otoño
101069,AZITROMICINA 500MG TAB CJAX30UNID.,ACFARMA GENERICO,0.0,5.0,5.0,2025-03-05 22:50:42,7,3,Otoño
101069,AZITROMICINA 500MG TAB CJAX30UNID.,ACFARMA GENERICO,0.0,6.0,6.0,2025-03-06 08:39:33,7,3,Otoño
101069,AZITROMICINA 500MG TAB CJAX30UNID.,ACFARMA GENERICO,0.0,2.0,2.0,2025-03-06 09:14:17,1,3,Otoño
101069,AZITROMICINA 500MG TAB CJAX30UNID.,ACFARMA GENERICO,0.0,3.0,3.0,2025-03-06 20:29:00,6,3,Otoño
101069,AZITROMICINA 500MG TAB CJAX30UNID.,ACFARMA GENERICO,0.0,3.0,3.0,2025-03-06 20:41:28,14,3,Otoño
101069,AZITROMICINA 500MG TAB CJAX30UNID.,ACFARMA GENERICO,0.0,3.0,3.0,2025-03-06 21:28:36,14,3,Otoño
101069,AZITROMICINA 500MG TAB CJAX30UNID.,ACFARMA GENERICO,0.0,2.0,2.0,2025-03-07 12:08:34,5,3,Otoño
101069,AZITROMICINA 500MG TAB CJAX30UNID.,ACFARMA GENERICO,0.0,5.0,5.0,2025-03-07 15:16:41,10,3,Otoño
101069,AZITROMICINA 500MG TAB CJAX30UNID.,ACFARMA GENERICO,0.0,5.0,5.0,2025-03-07 20:24:59,1,3,Otoño
101069,AZITROMICINA 500MG TAB CJAX30UNID.,ACFARMA GENERICO,0.0,5.0,5.0,2025-03-08 11:20:18,14,3,Otoño
101069,AZITROMICINA 500MG TAB CJAX30UNID.,ACFARMA GENERICO,0.0,5.0,5.0,2025-03-08 11:42:36,10,3,Otoño
101069,AZITROMICINA 500MG TAB CJAX30UNID.,ACFARMA GENERICO,0.0,5.0,5.0,2025-03-08 22:00:18,2,3,Otoño
101069,AZITROMICINA 500MG TAB CJAX30UNID.,ACFARMA GENERICO,0.0,2.0,2.0,2025-03-08 22:09:49,9,3,Otoño
101069,AZITROMICINA 500MG TAB CJAX30UNID.,ACFARMA GENERICO,0.0,2.0,2.0,2025-03-08 22:51:55,1,3,Otoño
101069,AZITROMICINA 500MG TAB CJAX30UNID.,ACFARMA GENERICO,0.0,5.0,5.0,2025-03-09 11:29:19,4,3,Otoño
101069,AZITROMICINA 500MG TAB CJAX30UNID.,ACFARMA GENERICO,0.0,3.0,3.0,2025-03-09 16:14:29,14,3,Otoño
101069,AZITROMICINA 500MG TAB CJAX30UNID.,ACFARMA GENERICO,0.0,5.0,5.0,2025-03-10 14:49:11,9,3,Otoño
101069,AZITROMICINA 500MG TAB CJAX30UNID.,ACFARMA GENERICO,0.0,5.0,5.0,2025-03-10 19:10:05,9,3,Otoño
101069,AZITROMICINA 500MG TAB CJAX30UNID.,ACFARMA GENERICO,0.0,5.0,5.0,2025-03-10 19:28:28,1,3,Otoño
101069,AZITROMICINA 500MG TAB CJAX30UNID.,ACFARMA GENERICO,0.0,3.0,3.0,2025-03-11 09:59:39,8,3,Otoño
101069,AZITROMICINA 500MG TAB CJAX30UNID.,ACFARMA GENERICO,0.0,2.0,2.0,2025-03-11 20:31:07,14,3,Otoño
101069,AZITROMICINA 500MG TAB CJAX30UNID.,ACFARMA GENERICO,0.0,5.0,5.0,2025-03-12 13:20:57,1,3,Otoño
101069,AZITROMICINA 500MG TAB CJAX30UNID.,ACFARMA GENERICO,0.0,10.0,10.0,2025-03-12 13:37:14,2,3,Otoño
101069,AZITROMICINA 500MG TAB CJAX30UNID.,ACFARMA GENERICO,0.0,1.0,1.0,2025-03-12 14:19:16,6,3,Otoño
101069,AZITROMICINA 500MG TAB CJAX30UNID.,ACFARMA GENERICO,0.0,6.0,6.0,2025-03-12 18:34:54,5,3,Otoño
101069,AZITROMICINA 500MG TAB CJAX30UNID.,ACFARMA GENERICO,0.0,5.0,5.0,2025-03-12 20:49:22,2,3,Otoño
101069,AZITROMICINA 500MG TAB CJAX30UNID.,ACFARMA GENERICO,0.0,1.0,1.0,2025-03-13 11:31:13,1,3,Otoño
101069,AZITROMICINA 500MG TAB CJAX30UNID.,ACFARMA GENERICO,0.0,3.0,3.0,2025-03-13 17:19:12,9,3,Otoño
101069,AZITROMICINA 500MG TAB CJAX30UNID.,ACFARMA GENERICO,0.0,2.0,2.0,2025-03-13 20:43:20,3,3,Otoño
101069,AZITROMICINA 500MG TAB CJAX30UNID.,ACFARMA GENERICO,0.0,1.0,1.0,2025-03-14 11:14:13,6,3,Otoño
101069,AZITROMICINA 500MG TAB CJAX30UNID.,ACFARMA GENERICO,0.0,10.0,10.0,2025-03-14 11:44:08,8,3,Otoño
101069,AZITROMICINA 500MG TAB CJAX30UNID.,ACFARMA GENERICO,0.0,5.0,5.0,2025-03-14 17:50:17,4,3,Otoño
101069,AZITROMICINA 500MG TAB CJAX30UNID.,ACFARMA GENERICO,0.0,3.0,3.0,2025-03-14 18:16:37,14,3,Otoño
101069,AZITROMICINA 500MG TAB CJAX30UNID.,ACFARMA GENERICO,0.0,5.0,5.0,2025-03-14 20:16:07,3,3,Otoño
101069,AZITROMICINA 500MG TAB CJAX30UNID.,ACFARMA GENERICO,0.0,2.0,2.0,2025-03-14 20:53:56,8,3,Otoño
101069,AZITROMICINA 500MG TAB CJAX30UNID.,ACFARMA GENERICO,0.0,5.0,5.0,2025-03-14 22:06:48,5,3,Otoño
101069,AZITROMICINA 500MG TAB CJAX30UNID.,ACFARMA GENERICO,0.0,6.0,6.0,2025-03-15 08:16:52,7,3,Otoño
101069,AZITROMICINA 500MG TAB CJAX30UNID.,ACFARMA GENERICO,0.0,4.0,4.0,2025-03-15 18:42:56,1,3,Otoño
101069,AZITROMICINA 500MG TAB CJAX30UNID.,ACFARMA GENERICO,0.0,2.0,2.0,2025-03-15 19:54:41,6,3,Otoño
101069,AZITROMICINA 500MG TAB CJAX30UNID.,ACFARMA GENERICO,0.0,10.0,10.0,2025-03-15 19:55:12,1,3,Otoño
101069,AZITROMICINA 500MG TAB CJAX30UNID.,ACFARMA GENERICO,0.0,6.0,6.0,2025-03-15 20:38:50,1,3,Otoño
101069,AZITROMICINA 500MG TAB CJAX30UNID.,ACFARMA GENERICO,0.0,10.0,10.0,2025-03-15 21:56:28,11,3,Otoño
101069,AZITROMICINA 500MG TAB CJAX30UNID.,ACFARMA GENERICO,0.0,5.0,5.0,2025-03-16 11:48:48,2,3,Otoño
101069,AZITROMICINA 500MG TAB CJAX30UNID.,ACFARMA GENERICO,0.0,10.0,10.0,2025-03-17 10:15:33,11,3,Otoño
101069,AZITROMICINA 500MG TAB CJAX30UNID.,ACFARMA GENERICO,0.0,-10.0,-10.0,2025-03-17 12:00:00,11,3,Otoño
101069,AZITROMICINA 500MG TAB CJAX30UNID.,ACFARMA GENERICO,0.0,10.0,10.0,2025-03-17 15:54:24,11,3,Otoño
101069,AZITROMICINA 500MG TAB CJAX30UNID.,ACFARMA GENERICO,0.0,3.0,3.0,2025-03-17 21:10:39,2,3,Otoño
101069,AZITROMICINA 500MG TAB CJAX30UNID.,ACFARMA GENERICO,0.0,5.0,5.0,2025-03-18 16:45:51,1,3,Otoño
101069,AZITROMICINA 500MG TAB CJAX30UNID.,ACFARMA GENERICO,0.0,3.0,3.0,2025-03-18 17:12:07,2,3,Otoño
101069,AZITROMICINA 500MG TAB CJAX30UNID.,ACFARMA GENERICO,0.0,5.0,5.0,2025-03-18 20:51:37,15,3,Otoño
101069,AZITROMICINA 500MG TAB CJAX30UNID.,ACFARMA GENERICO,0.0,3.0,3.0,2025-03-18 20:54:07,15,3,Otoño
101069,AZITROMICINA 500MG TAB CJAX30UNID.,ACFARMA GENERICO,0.0,5.0,5.0,2025-03-18 21:18:12,2,3,Otoño
101069,AZITROMICINA 500MG TAB CJAX30UNID.,ACFARMA GENERICO,0.0,3.0,3.0,2025-03-18 21:48:28,5,3,Otoño
101069,AZITROMICINA 500MG TAB CJAX30UNID.,ACFARMA GENERICO,0.0,3.0,3.0,2025-03-18 22:45:30,6,3,Otoño
101069,AZITROMICINA 500MG TAB CJAX30UNID.,ACFARMA GENERICO,0.0,5.0,5.0,2025-03-18 23:23:54,4,3,Otoño
101069,AZITROMICINA 500MG TAB CJAX30UNID.,ACFARMA GENERICO,0.0,5.0,5.0,2025-03-19 08:14:26,13,3,Otoño
101069,AZITROMICINA 500MG TAB CJAX30UNID.,ACFARMA GENERICO,0.0,1.0,1.0,2025-03-19 10:06:27,13,3,Otoño
101069,AZITROMICINA 500MG TAB CJAX30UNID.,ACFARMA GENERICO,0.0,5.0,5.0,2025-03-19 14:12:42,15,3,Otoño
101069,AZITROMICINA 500MG TAB CJAX30UNID.,ACFARMA GENERICO,0.0,3.0,3.0,2025-03-19 19:40:21,10,3,Otoño
101069,AZITROMICINA 500MG TAB CJAX30UNID.,ACFARMA GENERICO,0.0,-3.0,-3.0,2025-03-19 19:42:45,10,3,Otoño
101069,AZITROMICINA 500MG TAB CJAX30UNID.,ACFARMA GENERICO,0.0,2.0,2.0,2025-03-19 20:50:53,2,3,Otoño
101069,AZITROMICINA 500MG TAB CJAX30UNID.,ACFARMA GENERICO,0.0,14.0,14.0,2025-03-19 21:09:05,10,3,Otoño
101069,AZITROMICINA 500MG TAB CJAX30UNID.,ACFARMA GENERICO,0.0,1.0,1.0,2025-03-19 21:22:01,6,3,Otoño
101069,AZITROMICINA 500MG TAB CJAX30UNID.,ACFARMA GENERICO,0.0,1.0,1.0,2025-03-19 21:56:40,14,3,Otoño
101069,AZITROMICINA 500MG TAB CJAX30UNID.,ACFARMA GENERICO,0.0,2.0,2.0,2025-03-20 09:46:15,6,3,Otoño
101069,AZITROMICINA 500MG TAB CJAX30UNID.,ACFARMA GENERICO,0.0,4.0,4.0,2025-03-20 10:00:07,6,3,Otoño
101069,AZITROMICINA 500MG TAB CJAX30UNID.,ACFARMA GENERICO,0.0,1.0,1.0,2025-03-20 11:17:22,7,3,Otoño
101069,AZITROMICINA 500MG TAB CJAX30UNID.,ACFARMA GENERICO,0.0,10.0,10.0,2025-03-20 18:51:53,4,3,Otoño
101069,AZITROMICINA 500MG TAB CJAX30UNID.,ACFARMA GENERICO,0.0,5.0,5.0,2025-03-20 19:08:24,2,3,Otoño
101069,AZITROMICINA 500MG TAB CJAX30UNID.,ACFARMA GENERICO,0.0,3.0,3.0,2025-03-21 08:11:57,4,3,Otoño
101069,AZITROMICINA 500MG TAB CJAX30UNID.,ACFARMA GENERICO,0.0,5.0,5.0,2025-03-21 12:55:54,9,3,Otoño
101069,AZITROMICINA 500MG TAB CJAX30UNID.,ACFARMA GENERICO,0.0,10.0,10.0,2025-03-21 14:44:49,6,3,Otoño
101069,AZITROMICINA 500MG TAB CJAX30UNID.,ACFARMA GENERICO,0.0,2.0,2.0,2025-03-21 17:55:06,10,3,Otoño
101069,AZITROMICINA 500MG TAB CJAX30UNID.,ACFARMA GENERICO,0.0,3.0,3.0,2025-03-21 19:10:39,11,3,Otoño
101069,AZITROMICINA 500MG TAB CJAX30UNID.,ACFARMA GENERICO,0.0,3.0,3.0,2025-03-21 20:36:54,6,3,Otoño
101069,AZITROMICINA 500MG TAB CJAX30UNID.,ACFARMA GENERICO,0.0,4.0,4.0,2025-03-21 20:46:19,4,3,Otoño
101069,AZITROMICINA 500MG TAB CJAX30UNID.,ACFARMA GENERICO,0.0,3.0,3.0,2025-03-21 21:16:19,2,3,Otoño
101069,AZITROMICINA 500MG TAB CJAX30UNID.,ACFARMA GENERICO,0.0,6.0,6.0,2025-03-22 13:26:41,8,3,Otoño
101069,AZITROMICINA 500MG TAB CJAX30UNID.,ACFARMA GENERICO,0.0,10.0,10.0,2025-03-22 13:32:53,8,3,Otoño
101069,AZITROMICINA 500MG TAB CJAX30UNID.,ACFARMA GENERICO,0.0,3.0,3.0,2025-03-22 19:11:57,7,3,Otoño
101069,AZITROMICINA 500MG TAB CJAX30UNID.,ACFARMA GENERICO,2.0,0.0,60.0,2025-03-22 20:22:49,5,3,Otoño
101069,AZITROMICINA 500MG TAB CJAX30UNID.,ACFARMA GENERICO,1.0,0.0,30.0,2025-03-22 21:57:00,13,3,Otoño
101069,AZITROMICINA 500MG TAB CJAX30UNID.,ACFARMA GENERICO,0.0,5.0,5.0,2025-03-23 10:45:29,6,3,Otoño
101069,AZITROMICINA 500MG TAB CJAX30UNID.,ACFARMA GENERICO,0.0,3.0,3.0,2025-03-23 10:46:42,1,3,Otoño
101069,AZITROMICINA 500MG TAB CJAX30UNID.,ACFARMA GENERICO,0.0,4.0,4.0,2025-03-23 12:00:09,3,3,Otoño
101069,AZITROMICINA 500MG TAB CJAX30UNID.,ACFARMA GENERICO,0.0,6.0,6.0,2025-03-23 20:06:15,1,3,Otoño
101069,AZITROMICINA 500MG TAB CJAX30UNID.,ACFARMA GENERICO,0.0,2.0,2.0,2025-03-23 20:14:02,6,3,Otoño
101069,AZITROMICINA 500MG TAB CJAX30UNID.,ACFARMA GENERICO,0.0,10.0,10.0,2025-03-23 20:30:41,6,3,Otoño
101069,AZITROMICINA 500MG TAB CJAX30UNID.,ACFARMA GENERICO,0.0,5.0,5.0,2025-03-24 09:52:57,4,3,Otoño
101069,AZITROMICINA 500MG TAB CJAX30UNID.,ACFARMA GENERICO,0.0,1.0,1.0,2025-03-24 10:01:11,3,3,Otoño
101069,AZITROMICINA 500MG TAB CJAX30UNID.,ACFARMA GENERICO,0.0,5.0,5.0,2025-03-24 10:39:29,8,3,Otoño
101069,AZITROMICINA 500MG TAB CJAX30UNID.,ACFARMA GENERICO,0.0,3.0,3.0,2025-03-24 10:46:20,4,3,Otoño
101069,AZITROMICINA 500MG TAB CJAX30UNID.,ACFARMA GENERICO,0.0,4.0,3.8,2025-03-24 14:41:27,10,3,Otoño
101069,AZITROMICINA 500MG TAB CJAX30UNID.,ACFARMA GENERICO,0.0,3.0,3.0,2025-03-24 20:47:14,6,3,Otoño
101069,AZITROMICINA 500MG TAB CJAX30UNID.,ACFARMA GENERICO,0.0,3.0,3.0,2025-03-24 21:02:36,15,3,Otoño
101069,AZITROMICINA 500MG TAB CJAX30UNID.,ACFARMA GENERICO,0.0,10.0,10.0,2025-03-25 13:00:49,14,3,Otoño
101069,AZITROMICINA 500MG TAB CJAX30UNID.,ACFARMA GENERICO,0.0,2.0,2.0,2025-03-25 15:07:44,6,3,Otoño
101069,AZITROMICINA 500MG TAB CJAX30UNID.,ACFARMA GENERICO,0.0,4.0,4.0,2025-03-25 15:26:04,1,3,Otoño
101069,AZITROMICINA 500MG TAB CJAX30UNID.,ACFARMA GENERICO,0.0,2.0,2.0,2025-03-25 17:17:22,2,3,Otoño
101069,AZITROMICINA 500MG TAB CJAX30UNID.,ACFARMA GENERICO,0.0,3.0,2.85,2025-03-25 19:02:16,11,3,Otoño
101069,AZITROMICINA 500MG TAB CJAX30UNID.,ACFARMA GENERICO,0.0,3.0,3.0,2025-03-25 19:57:47,11,3,Otoño
101069,AZITROMICINA 500MG TAB CJAX30UNID.,ACFARMA GENERICO,0.0,2.0,1.9,2025-03-25 20:07:26,6,3,Otoño
101069,AZITROMICINA 500MG TAB CJAX30UNID.,ACFARMA GENERICO,0.0,6.0,6.0,2025-03-25 20:55:47,4,3,Otoño
101069,AZITROMICINA 500MG TAB CJAX30UNID.,ACFARMA GENERICO,0.0,3.0,3.0,2025-03-25 21:00:48,9,3,Otoño
101069,AZITROMICINA 500MG TAB CJAX30UNID.,ACFARMA GENERICO,0.0,10.0,10.0,2025-03-26 12:26:22,1,3,Otoño
101069,AZITROMICINA 500MG TAB CJAX30UNID.,ACFARMA GENERICO,0.0,1.0,1.0,2025-03-26 14:07:26,11,3,Otoño
101069,AZITROMICINA 500MG TAB CJAX30UNID.,ACFARMA GENERICO,0.0,1.0,1.0,2025-03-26 17:04:48,6,3,Otoño
101069,AZITROMICINA 500MG TAB CJAX30UNID.,ACFARMA GENERICO,0.0,4.0,4.0,2025-03-26 18:09:22,14,3,Otoño
101069,AZITROMICINA 500MG TAB CJAX30UNID.,ACFARMA GENERICO,0.0,6.0,6.0,2025-03-26 18:26:33,1,3,Otoño
101069,AZITROMICINA 500MG TAB CJAX30UNID.,ACFARMA GENERICO,0.0,6.0,6.0,2025-03-26 18:51:24,1,3,Otoño
101069,AZITROMICINA 500MG TAB CJAX30UNID.,ACFARMA GENERICO,0.0,1.0,1.0,2025-03-26 19:09:29,3,3,Otoño
101069,AZITROMICINA 500MG TAB CJAX30UNID.,ACFARMA GENERICO,0.0,3.0,3.0,2025-03-26 19:20:50,2,3,Otoño
101069,AZITROMICINA 500MG TAB CJAX30UNID.,ACFARMA GENERICO,0.0,2.0,2.0,2025-03-26 19:34:14,11,3,Otoño
101069,AZITROMICINA 500MG TAB CJAX30UNID.,ACFARMA GENERICO,0.0,20.0,20.0,2025-03-26 19:56:05,8,3,Otoño
101069,AZITROMICINA 500MG TAB CJAX30UNID.,ACFARMA GENERICO,0.0,3.0,3.0,2025-03-26 20:15:43,9,3,Otoño
101069,AZITROMICINA 500MG TAB CJAX30UNID.,ACFARMA GENERICO,0.0,5.0,5.0,2025-03-27 10:00:01,7,3,Otoño
101069,AZITROMICINA 500MG TAB CJAX30UNID.,ACFARMA GENERICO,0.0,2.0,2.0,2025-03-27 10:05:09,2,3,Otoño
101069,AZITROMICINA 500MG TAB CJAX30UNID.,ACFARMA GENERICO,0.0,4.0,4.0,2025-03-27 10:13:43,8,3,Otoño
101069,AZITROMICINA 500MG TAB CJAX30UNID.,ACFARMA GENERICO,0.0,2.0,2.0,2025-03-27 13:11:17,2,3,Otoño
101069,AZITROMICINA 500MG TAB CJAX30UNID.,ACFARMA GENERICO,0.0,10.0,10.0,2025-03-27 14:59:47,15,3,Otoño
101069,AZITROMICINA 500MG TAB CJAX30UNID.,ACFARMA GENERICO,0.0,2.0,2.0,2025-03-27 18:06:53,5,3,Otoño
101069,AZITROMICINA 500MG TAB CJAX30UNID.,ACFARMA GENERICO,0.0,10.0,10.0,2025-03-27 20:26:17,1,3,Otoño
101069,AZITROMICINA 500MG TAB CJAX30UNID.,ACFARMA GENERICO,0.0,2.0,2.0,2025-03-27 21:21:56,9,3,Otoño
101069,AZITROMICINA 500MG TAB CJAX30UNID.,ACFARMA GENERICO,0.0,5.0,5.0,2025-03-28 10:01:52,13,3,Otoño
101069,AZITROMICINA 500MG TAB CJAX30UNID.,ACFARMA GENERICO,0.0,4.0,4.0,2025-03-28 12:55:35,3,3,Otoño
101069,AZITROMICINA 500MG TAB CJAX30UNID.,ACFARMA GENERICO,0.0,5.0,5.0,2025-03-28 13:08:37,5,3,Otoño
101069,AZITROMICINA 500MG TAB CJAX30UNID.,ACFARMA GENERICO,0.0,1.0,1.0,2025-03-28 20:53:19,5,3,Otoño
101069,AZITROMICINA 500MG TAB CJAX30UNID.,ACFARMA GENERICO,0.0,2.0,2.0,2025-03-29 09:13:48,9,3,Otoño
101069,AZITROMICINA 500MG TAB CJAX30UNID.,ACFARMA GENERICO,0.0,3.0,3.0,2025-03-29 11:44:41,1,3,Otoño
101069,AZITROMICINA 500MG TAB CJAX30UNID.,ACFARMA GENERICO,0.0,4.0,4.0,2025-03-29 18:50:34,3,3,Otoño
101069,AZITROMICINA 500MG TAB CJAX30UNID.,ACFARMA GENERICO,0.0,10.0,10.0,2025-03-29 18:57:55,2,3,Otoño
101069,AZITROMICINA 500MG TAB CJAX30UNID.,ACFARMA GENERICO,0.0,6.0,6.0,2025-03-29 20:43:02,8,3,Otoño
101069,AZITROMICINA 500MG TAB CJAX30UNID.,ACFARMA GENERICO,0.0,1.0,1.0,2025-03-29 22:44:57,7,3,Otoño
101069,AZITROMICINA 500MG TAB CJAX30UNID.,ACFARMA GENERICO,0.0,3.0,3.0,2025-03-29 22:46:08,2,3,Otoño
101069,AZITROMICINA 500MG TAB CJAX30UNID.,ACFARMA GENERICO,0.0,1.0,1.0,2025-03-30 14:26:07,12,3,Otoño
101069,AZITROMICINA 500MG TAB CJAX30UNID.,ACFARMA GENERICO,0.0,3.0,3.0,2025-03-30 19:49:02,14,3,Otoño
101069,AZITROMICINA 500MG TAB CJAX30UNID.,ACFARMA GENERICO,0.0,3.0,3.0,2025-03-30 21:22:17,5,3,Otoño
101069,AZITROMICINA 500MG TAB CJAX30UNID.,ACFARMA GENERICO,0.0,3.0,3.0,2025-03-30 21:40:28,5,3,Otoño
101069,AZITROMICINA 500MG TAB CJAX30UNID.,ACFARMA GENERICO,0.0,5.0,5.0,2025-03-31 11:47:17,9,3,Otoño
101069,AZITROMICINA 500MG TAB CJAX30UNID.,ACFARMA GENERICO,0.0,3.0,3.0,2025-03-31 17:12:50,7,3,Otoño
101069,AZITROMICINA 500MG TAB CJAX30UNID.,ACFARMA GENERICO,0.0,5.0,5.0,2025-03-31 18:33:47,2,3,Otoño
101069,AZITROMICINA 500MG TAB CJAX30UNID.,ACFARMA GENERICO,0.0,3.0,3.0,2025-03-31 20:23:30,14,3,Otoño
101069,AZITROMICINA 500MG TAB CJAX30UNID.,ACFARMA GENERICO,0.0,1.0,1.0,2025-04-01 08:40:20,12,4,Otoño
101069,AZITROMICINA 500MG TAB CJAX30UNID.,ACFARMA GENERICO,0.0,5.0,5.0,2025-04-01 09:18:46,9,4,Otoño
101069,AZITROMICINA 500MG TAB CJAX30UNID.,ACFARMA GENERICO,0.0,2.0,2.0,2025-04-01 18:46:09,1,4,Otoño
101069,AZITROMICINA 500MG TAB CJAX30UNID.,ACFARMA GENERICO,0.0,4.0,4.0,2025-04-01 19:29:05,15,4,Otoño
101069,AZITROMICINA 500MG TAB CJAX30UNID.,ACFARMA GENERICO,0.0,3.0,3.0,2025-04-01 20:40:07,7,4,Otoño
101069,AZITROMICINA 500MG TAB CJAX30UNID.,ACFARMA GENERICO,0.0,1.0,1.0,2025-04-02 08:08:03,1,4,Otoño
101069,AZITROMICINA 500MG TAB CJAX30UNID.,ACFARMA GENERICO,0.0,10.0,10.0,2025-04-02 09:16:31,9,4,Otoño
101069,AZITROMICINA 500MG TAB CJAX30UNID.,ACFARMA GENERICO,0.0,2.0,2.0,2025-04-02 09:39:16,7,4,Otoño
101069,AZITROMICINA 500MG TAB CJAX30UNID.,ACFARMA GENERICO,0.0,2.0,2.0,2025-04-02 10:36:48,12,4,Otoño
101069,AZITROMICINA 500MG TAB CJAX30UNID.,ACFARMA GENERICO,0.0,10.0,10.0,2025-04-02 20:32:17,2,4,Otoño
101069,AZITROMICINA 500MG TAB CJAX30UNID.,ACFARMA GENERICO,0.0,3.0,3.0,2025-04-02 21:19:11,8,4,Otoño
101069,AZITROMICINA 500MG TAB CJAX30UNID.,ACFARMA GENERICO,0.0,10.0,10.0,2025-04-03 09:40:23,7,4,Otoño
101069,AZITROMICINA 500MG TAB CJAX30UNID.,ACFARMA GENERICO,0.0,10.0,10.0,2025-04-03 10:00:30,2,4,Otoño
101069,AZITROMICINA 500MG TAB CJAX30UNID.,ACFARMA GENERICO,0.0,3.0,3.0,2025-04-03 14:03:34,2,4,Otoño
101069,AZITROMICINA 500MG TAB CJAX30UNID.,ACFARMA GENERICO,0.0,5.0,5.0,2025-04-03 17:22:48,5,4,Otoño
101069,AZITROMICINA 500MG TAB CJAX30UNID.,ACFARMA GENERICO,0.0,4.0,4.0,2025-04-03 18:23:57,5,4,Otoño
101069,AZITROMICINA 500MG TAB CJAX30UNID.,ACFARMA GENERICO,0.0,2.0,2.0,2025-04-03 19:27:11,7,4,Otoño
101069,AZITROMICINA 500MG TAB CJAX30UNID.,ACFARMA GENERICO,0.0,2.0,2.0,2025-04-03 19:35:21,12,4,Otoño
101069,AZITROMICINA 500MG TAB CJAX30UNID.,ACFARMA GENERICO,0.0,3.0,3.0,2025-04-04 11:18:26,10,4,Otoño
101069,AZITROMICINA 500MG TAB CJAX30UNID.,ACFARMA GENERICO,0.0,3.0,3.0,2025-04-04 19:20:07,1,4,Otoño
101069,AZITROMICINA 500MG TAB CJAX30UNID.,ACFARMA GENERICO,0.0,5.0,5.0,2025-04-04 20:15:59,5,4,Otoño
101069,AZITROMICINA 500MG TAB CJAX30UNID.,ACFARMA GENERICO,0.0,20.0,20.0,2025-04-04 21:48:25,10,4,Otoño
101069,AZITROMICINA 500MG TAB CJAX30UNID.,ACFARMA GENERICO,0.0,3.0,3.0,2025-04-05 09:46:48,15,4,Otoño
101069,AZITROMICINA 500MG TAB CJAX30UNID.,ACFARMA GENERICO,0.0,3.0,3.0,2025-04-05 14:25:32,12,4,Otoño
101069,AZITROMICINA 500MG TAB CJAX30UNID.,ACFARMA GENERICO,0.0,3.0,2.85,2025-04-05 15:20:23,1,4,Otoño
101069,AZITROMICINA 500MG TAB CJAX30UNID.,ACFARMA GENERICO,0.0,5.0,5.0,2025-04-05 21:23:40,6,4,Otoño
101069,AZITROMICINA 500MG TAB CJAX30UNID.,ACFARMA GENERICO,0.0,5.0,5.0,2025-04-05 22:25:47,5,4,Otoño
101069,AZITROMICINA 500MG TAB CJAX30UNID.,ACFARMA GENERICO,0.0,2.0,2.0,2025-04-06 17:24:30,9,4,Otoño
101069,AZITROMICINA 500MG TAB CJAX30UNID.,ACFARMA GENERICO,0.0,1.0,1.0,2025-04-06 19:02:19,3,4,Otoño
101069,AZITROMICINA 500MG TAB CJAX30UNID.,ACFARMA GENERICO,0.0,5.0,5.0,2025-04-07 11:20:54,7,4,Otoño
101069,AZITROMICINA 500MG TAB CJAX30UNID.,ACFARMA GENERICO,0.0,5.0,5.0,2025-04-07 14:01:52,2,4,Otoño
101069,AZITROMICINA 500MG TAB CJAX30UNID.,ACFARMA GENERICO,0.0,2.0,2.0,2025-04-07 17:48:11,11,4,Otoño
101069,AZITROMICINA 500MG TAB CJAX30UNID.,ACFARMA GENERICO,0.0,5.0,5.0,2025-04-07 19:31:17,11,4,Otoño
101069,AZITROMICINA 500MG TAB CJAX30UNID.,ACFARMA GENERICO,0.0,2.0,2.0,2025-04-07 19:46:57,8,4,Otoño
101069,AZITROMICINA 500MG TAB CJAX30UNID.,ACFARMA GENERICO,0.0,4.0,4.0,2025-04-07 20:29:24,3,4,Otoño
101069,AZITROMICINA 500MG TAB CJAX30UNID.,ACFARMA GENERICO,0.0,2.0,2.0,2025-04-07 21:22:52,7,4,Otoño
101069,AZITROMICINA 500MG TAB CJAX30UNID.,ACFARMA GENERICO,0.0,20.0,19.0,2025-04-07 23:54:33,4,4,Otoño
101069,AZITROMICINA 500MG TAB CJAX30UNID.,ACFARMA GENERICO,0.0,2.0,2.0,2025-04-08 08:00:36,5,4,Otoño
101069,AZITROMICINA 500MG TAB CJAX30UNID.,ACFARMA GENERICO,0.0,5.0,5.0,2025-04-08 11:16:55,2,4,Otoño
101069,AZITROMICINA 500MG TAB CJAX30UNID.,ACFARMA GENERICO,0.0,10.0,10.0,2025-04-08 16:01:11,2,4,Otoño
101069,AZITROMICINA 500MG TAB CJAX30UNID.,ACFARMA GENERICO,0.0,3.0,3.0,2025-04-08 16:27:08,10,4,Otoño
101069,AZITROMICINA 500MG TAB CJAX30UNID.,ACFARMA GENERICO,0.0,5.0,5.0,2025-04-08 17:57:31,5,4,Otoño
101069,AZITROMICINA 500MG TAB CJAX30UNID.,ACFARMA GENERICO,0.0,5.0,5.0,2025-04-08 18:36:23,11,4,Otoño
101069,AZITROMICINA 500MG TAB CJAX30UNID.,ACFARMA GENERICO,0.0,3.0,3.0,2025-04-08 19:33:01,5,4,Otoño
101069,AZITROMICINA 500MG TAB CJAX30UNID.,ACFARMA GENERICO,0.0,2.0,2.0,2025-04-09 07:07:36,12,4,Otoño
101069,AZITROMICINA 500MG TAB CJAX30UNID.,ACFARMA GENERICO,0.0,5.0,5.0,2025-04-09 08:10:45,6,4,Otoño
101069,AZITROMICINA 500MG TAB CJAX30UNID.,ACFARMA GENERICO,0.0,4.0,4.0,2025-04-09 09:54:00,1,4,Otoño
101069,AZITROMICINA 500MG TAB CJAX30UNID.,ACFARMA GENERICO,0.0,3.0,3.0,2025-04-09 10:50:00,9,4,Otoño
101069,AZITROMICINA 500MG TAB CJAX30UNID.,ACFARMA GENERICO,1.0,0.0,30.0,2025-04-09 11:05:31,1,4,Otoño
101069,AZITROMICINA 500MG TAB CJAX30UNID.,ACFARMA GENERICO,-1.0,0.0,-30.0,2025-04-09 11:13:00,1,4,Otoño
101069,AZITROMICINA 500MG TAB CJAX30UNID.,ACFARMA GENERICO,0.0,10.0,10.0,2025-04-09 11:14:12,1,4,Otoño
101069,AZITROMICINA 500MG TAB CJAX30UNID.,ACFARMA GENERICO,0.0,10.0,10.0,2025-04-09 13:13:16,15,4,Otoño
101069,AZITROMICINA 500MG TAB CJAX30UNID.,ACFARMA GENERICO,0.0,3.0,3.0,2025-04-09 15:06:37,9,4,Otoño
101069,AZITROMICINA 500MG TAB CJAX30UNID.,ACFARMA GENERICO,0.0,4.0,4.0,2025-04-09 17:36:17,3,4,Otoño
101069,AZITROMICINA 500MG TAB CJAX30UNID.,ACFARMA GENERICO,0.0,10.0,10.0,2025-04-09 18:14:02,7,4,Otoño
101069,AZITROMICINA 500MG TAB CJAX30UNID.,ACFARMA GENERICO,0.0,2.0,2.0,2025-04-09 19:26:13,7,4,Otoño
101069,AZITROMICINA 500MG TAB CJAX30UNID.,ACFARMA GENERICO,0.0,2.0,2.0,2025-04-09 19:38:30,1,4,Otoño
101069,AZITROMICINA 500MG TAB CJAX30UNID.,ACFARMA GENERICO,0.0,3.0,3.0,2025-04-09 21:56:48,9,4,Otoño
101069,AZITROMICINA 500MG TAB CJAX30UNID.,ACFARMA GENERICO,0.0,3.0,3.0,2025-04-10 14:05:47,11,4,Otoño
101069,AZITROMICINA 500MG TAB CJAX30UNID.,ACFARMA GENERICO,0.0,2.0,2.0,2025-04-10 16:02:02,9,4,Otoño
101069,AZITROMICINA 500MG TAB CJAX30UNID.,ACFARMA GENERICO,0.0,3.0,3.0,2025-04-10 17:59:59,5,4,Otoño
101069,AZITROMICINA 500MG TAB CJAX30UNID.,ACFARMA GENERICO,0.0,1.0,1.0,2025-04-10 19:22:15,12,4,Otoño
101069,AZITROMICINA 500MG TAB CJAX30UNID.,ACFARMA GENERICO,0.0,3.0,3.0,2025-04-10 22:20:01,14,4,Otoño
101069,AZITROMICINA 500MG TAB CJAX30UNID.,ACFARMA GENERICO,0.0,2.0,2.0,2025-04-11 09:23:02,9,4,Otoño
101069,AZITROMICINA 500MG TAB CJAX30UNID.,ACFARMA GENERICO,0.0,20.0,20.0,2025-04-11 11:56:00,10,4,Otoño
101069,AZITROMICINA 500MG TAB CJAX30UNID.,ACFARMA GENERICO,0.0,2.0,2.0,2025-04-11 12:21:01,1,4,Otoño
101069,AZITROMICINA 500MG TAB CJAX30UNID.,ACFARMA GENERICO,0.0,2.0,2.0,2025-04-11 17:39:28,8,4,Otoño
101069,AZITROMICINA 500MG TAB CJAX30UNID.,ACFARMA GENERICO,0.0,3.0,3.0,2025-04-11 18:12:46,2,4,Otoño
101069,AZITROMICINA 500MG TAB CJAX30UNID.,ACFARMA GENERICO,0.0,3.0,3.0,2025-04-11 18:25:25,5,4,Otoño
101069,AZITROMICINA 500MG TAB CJAX30UNID.,ACFARMA GENERICO,0.0,2.0,2.0,2025-04-11 19:22:40,3,4,Otoño
101069,AZITROMICINA 500MG TAB CJAX30UNID.,ACFARMA GENERICO,0.0,4.0,4.0,2025-04-11 21:01:30,1,4,Otoño
101069,AZITROMICINA 500MG TAB CJAX30UNID.,ACFARMA GENERICO,0.0,3.0,3.0,2025-04-12 18:37:46,15,4,Otoño
101069,AZITROMICINA 500MG TAB CJAX30UNID.,ACFARMA GENERICO,0.0,10.0,10.0,2025-04-13 11:40:26,10,4,Otoño
101069,AZITROMICINA 500MG TAB CJAX30UNID.,ACFARMA GENERICO,0.0,2.0,2.0,2025-04-13 13:17:19,12,4,Otoño
101069,AZITROMICINA 500MG TAB CJAX30UNID.,ACFARMA GENERICO,0.0,5.0,5.0,2025-04-13 14:06:29,7,4,Otoño
101069,AZITROMICINA 500MG TAB CJAX30UNID.,ACFARMA GENERICO,0.0,1.0,1.0,2025-04-13 16:09:33,9,4,Otoño
101069,AZITROMICINA 500MG TAB CJAX30UNID.,ACFARMA GENERICO,0.0,10.0,10.0,2025-04-13 18:15:04,3,4,Otoño
101069,AZITROMICINA 500MG TAB CJAX30UNID.,ACFARMA GENERICO,0.0,3.0,3.0,2025-04-13 19:07:18,4,4,Otoño
101069,AZITROMICINA 500MG TAB CJAX30UNID.,ACFARMA GENERICO,0.0,2.0,2.0,2025-04-13 19:41:54,9,4,Otoño
101069,AZITROMICINA 500MG TAB CJAX30UNID.,ACFARMA GENERICO,0.0,5.0,5.0,2025-04-13 20:27:39,7,4,Otoño
101069,AZITROMICINA 500MG TAB CJAX30UNID.,ACFARMA GENERICO,1.0,0.0,30.0,2025-04-14 07:27:56,12,4,Otoño
101069,AZITROMICINA 500MG TAB CJAX30UNID.,ACFARMA GENERICO,1.0,0.0,30.0,2025-04-14 08:04:34,12,4,Otoño
101069,AZITROMICINA 500MG TAB CJAX30UNID.,ACFARMA GENERICO,0.0,10.0,10.0,2025-04-14 11:09:21,1,4,Otoño
101069,AZITROMICINA 500MG TAB CJAX30UNID.,ACFARMA GENERICO,0.0,3.0,3.0,2025-04-14 21:11:24,2,4,Otoño
101069,AZITROMICINA 500MG TAB CJAX30UNID.,ACFARMA GENERICO,0.0,2.0,2.0,2025-04-14 21:19:20,3,4,Otoño
101069,AZITROMICINA 500MG TAB CJAX30UNID.,ACFARMA GENERICO,0.0,3.0,3.0,2025-04-15 10:23:07,5,4,Otoño
101069,AZITROMICINA 500MG TAB CJAX30UNID.,ACFARMA GENERICO,0.0,5.0,5.0,2025-04-15 14:48:34,11,4,Otoño
101069,AZITROMICINA 500MG TAB CJAX30UNID.,ACFARMA GENERICO,0.0,2.0,2.0,2025-04-15 19:08:02,2,4,Otoño
101069,AZITROMICINA 500MG TAB CJAX30UNID.,ACFARMA GENERICO,0.0,4.0,4.0,2025-04-15 21:23:03,3,4,Otoño
101069,AZITROMICINA 500MG TAB CJAX30UNID.,ACFARMA GENERICO,0.0,2.0,2.0,2025-04-16 09:55:49,2,4,Otoño
101069,AZITROMICINA 500MG TAB CJAX30UNID.,ACFARMA GENERICO,0.0,2.0,2.0,2025-04-16 10:25:23,1,4,Otoño
101069,AZITROMICINA 500MG TAB CJAX30UNID.,ACFARMA GENERICO,0.0,4.0,4.0,2025-04-16 20:04:28,9,4,Otoño
101069,AZITROMICINA 500MG TAB CJAX30UNID.,ACFARMA GENERICO,0.0,4.0,4.0,2025-04-16 20:07:53,3,4,Otoño
101069,AZITROMICINA 500MG TAB CJAX30UNID.,ACFARMA GENERICO,0.0,5.0,5.0,2025-04-17 09:49:50,9,4,Otoño
101069,AZITROMICINA 500MG TAB CJAX30UNID.,ACFARMA GENERICO,0.0,5.0,5.0,2025-04-17 13:50:46,9,4,Otoño
101069,AZITROMICINA 500MG TAB CJAX30UNID.,ACFARMA GENERICO,0.0,4.0,4.0,2025-04-17 13:56:07,4,4,Otoño
101069,AZITROMICINA 500MG TAB CJAX30UNID.,ACFARMA GENERICO,0.0,3.0,3.0,2025-04-17 18:47:47,3,4,Otoño
101069,AZITROMICINA 500MG TAB CJAX30UNID.,ACFARMA GENERICO,0.0,2.0,2.0,2025-04-17 20:51:15,4,4,Otoño
101069,AZITROMICINA 500MG TAB CJAX30UNID.,ACFARMA GENERICO,0.0,3.0,3.0,2025-04-18 13:41:14,5,4,Otoño
101069,AZITROMICINA 500MG TAB CJAX30UNID.,ACFARMA GENERICO,0.0,2.0,2.0,2025-04-18 19:57:03,5,4,Otoño
101069,AZITROMICINA 500MG TAB CJAX30UNID.,ACFARMA GENERICO,0.0,1.0,1.0,2025-04-18 21:06:12,5,4,Otoño
101069,AZITROMICINA 500MG TAB CJAX30UNID.,ACFARMA GENERICO,0.0,5.0,5.0,2025-04-18 21:14:15,4,4,Otoño
101069,AZITROMICINA 500MG TAB CJAX30UNID.,ACFARMA GENERICO,0.0,3.0,3.0,2025-04-19 10:23:37,6,4,Otoño
101069,AZITROMICINA 500MG TAB CJAX30UNID.,ACFARMA GENERICO,0.0,3.0,3.0,2025-04-19 10:39:25,6,4,Otoño
101069,AZITROMICINA 500MG TAB CJAX30UNID.,ACFARMA GENERICO,0.0,2.0,2.0,2025-04-19 15:54:39,9,4,Otoño
101069,AZITROMICINA 500MG TAB CJAX30UNID.,ACFARMA GENERICO,0.0,2.0,2.0,2025-04-20 13:42:41,15,4,Otoño
101069,AZITROMICINA 500MG TAB CJAX30UNID.,ACFARMA GENERICO,0.0,5.0,5.0,2025-04-20 19:05:54,7,4,Otoño
101069,AZITROMICINA 500MG TAB CJAX30UNID.,ACFARMA GENERICO,0.0,2.0,2.0,2025-04-20 20:01:02,10,4,Otoño
101069,AZITROMICINA 500MG TAB CJAX30UNID.,ACFARMA GENERICO,0.0,4.0,4.0,2025-04-21 09:47:41,5,4,Otoño
101069,AZITROMICINA 500MG TAB CJAX30UNID.,ACFARMA GENERICO,0.0,3.0,3.0,2025-04-21 10:37:52,9,4,Otoño
101069,AZITROMICINA 500MG TAB CJAX30UNID.,ACFARMA GENERICO,0.0,4.0,4.0,2025-04-21 11:49:27,1,4,Otoño
101069,AZITROMICINA 500MG TAB CJAX30UNID.,ACFARMA GENERICO,0.0,3.0,3.0,2025-04-21 14:07:11,11,4,Otoño
101069,AZITROMICINA 500MG TAB CJAX30UNID.,ACFARMA GENERICO,0.0,4.0,4.0,2025-04-21 15:13:27,1,4,Otoño
101069,AZITROMICINA 500MG TAB CJAX30UNID.,ACFARMA GENERICO,0.0,3.0,3.0,2025-04-21 17:48:41,14,4,Otoño
101069,AZITROMICINA 500MG TAB CJAX30UNID.,ACFARMA GENERICO,0.0,12.0,12.0,2025-04-21 18:57:56,10,4,Otoño
101069,AZITROMICINA 500MG TAB CJAX30UNID.,ACFARMA GENERICO,0.0,2.0,2.0,2025-04-21 21:06:40,2,4,Otoño
101069,AZITROMICINA 500MG TAB CJAX30UNID.,ACFARMA GENERICO,0.0,5.0,5.0,2025-04-21 21:28:04,5,4,Otoño
101069,AZITROMICINA 500MG TAB CJAX30UNID.,ACFARMA GENERICO,0.0,5.0,5.0,2025-04-21 22:10:45,9,4,Otoño
101069,AZITROMICINA 500MG TAB CJAX30UNID.,ACFARMA GENERICO,0.0,1.0,1.0,2025-04-22 11:39:22,13,4,Otoño
101069,AZITROMICINA 500MG TAB CJAX30UNID.,ACFARMA GENERICO,0.0,2.0,2.0,2025-04-22 15:13:03,1,4,Otoño
101069,AZITROMICINA 500MG TAB CJAX30UNID.,ACFARMA GENERICO,0.0,2.0,2.0,2025-04-22 16:18:27,14,4,Otoño
101069,AZITROMICINA 500MG TAB CJAX30UNID.,ACFARMA GENERICO,1.0,0.0,30.0,2025-04-22 17:41:14,1,4,Otoño
101069,AZITROMICINA 500MG TAB CJAX30UNID.,ACFARMA GENERICO,0.0,3.0,3.0,2025-04-22 18:47:28,2,4,Otoño
101069,AZITROMICINA 500MG TAB CJAX30UNID.,ACFARMA GENERICO,0.0,3.0,3.0,2025-04-22 18:56:16,3,4,Otoño
101069,AZITROMICINA 500MG TAB CJAX30UNID.,ACFARMA GENERICO,0.0,1.0,1.0,2025-04-23 09:18:44,1,4,Otoño
101069,AZITROMICINA 500MG TAB CJAX30UNID.,ACFARMA GENERICO,0.0,4.0,4.0,2025-04-23 13:07:23,3,4,Otoño
101069,AZITROMICINA 500MG TAB CJAX30UNID.,ACFARMA GENERICO,0.0,4.0,4.0,2025-04-23 16:50:02,4,4,Otoño
101069,AZITROMICINA 500MG TAB CJAX30UNID.,ACFARMA GENERICO,0.0,1.0,1.0,2025-04-23 20:25:18,10,4,Otoño
101069,AZITROMICINA 500MG TAB CJAX30UNID.,ACFARMA GENERICO,0.0,17.0,17.0,2025-04-23 22:31:59,10,4,Otoño
101069,AZITROMICINA 500MG TAB CJAX30UNID.,ACFARMA GENERICO,0.0,3.0,3.0,2025-04-23 23:45:36,4,4,Otoño
101069,AZITROMICINA 500MG TAB CJAX30UNID.,ACFARMA GENERICO,0.0,10.0,10.0,2025-04-24 09:06:08,1,4,Otoño
101069,AZITROMICINA 500MG TAB CJAX30UNID.,ACFARMA GENERICO,0.0,6.0,6.0,2025-04-24 13:53:39,5,4,Otoño
101069,AZITROMICINA 500MG TAB CJAX30UNID.,ACFARMA GENERICO,0.0,3.0,3.0,2025-04-24 18:33:31,4,4,Otoño
101069,AZITROMICINA 500MG TAB CJAX30UNID.,ACFARMA GENERICO,0.0,2.0,2.0,2025-04-24 19:26:39,8,4,Otoño
101069,AZITROMICINA 500MG TAB CJAX30UNID.,ACFARMA GENERICO,0.0,3.0,3.0,2025-04-24 22:33:00,11,4,Otoño
101069,AZITROMICINA 500MG TAB CJAX30UNID.,ACFARMA GENERICO,0.0,6.0,6.0,2025-04-25 10:14:42,11,4,Otoño
101069,AZITROMICINA 500MG TAB CJAX30UNID.,ACFARMA GENERICO,0.0,4.0,4.0,2025-04-25 13:05:30,2,4,Otoño
101069,AZITROMICINA 500MG TAB CJAX30UNID.,ACFARMA GENERICO,0.0,5.0,5.0,2025-04-25 13:54:41,9,4,Otoño
101069,AZITROMICINA 500MG TAB CJAX30UNID.,ACFARMA GENERICO,0.0,3.0,3.0,2025-04-25 14:07:29,12,4,Otoño
101069,AZITROMICINA 500MG TAB CJAX30UNID.,ACFARMA GENERICO,0.0,3.0,3.0,2025-04-26 12:40:44,2,4,Otoño
101069,AZITROMICINA 500MG TAB CJAX30UNID.,ACFARMA GENERICO,0.0,2.0,2.0,2025-04-26 19:51:30,14,4,Otoño
101069,AZITROMICINA 500MG TAB CJAX30UNID.,ACFARMA GENERICO,0.0,5.0,5.0,2025-04-26 21:04:50,8,4,Otoño
101069,AZITROMICINA 500MG TAB CJAX30UNID.,ACFARMA GENERICO,0.0,2.0,2.0,2025-04-26 21:52:08,9,4,Otoño
101069,AZITROMICINA 500MG TAB CJAX30UNID.,ACFARMA GENERICO,0.0,3.0,3.0,2025-04-26 22:27:13,6,4,Otoño
101069,AZITROMICINA 500MG TAB CJAX30UNID.,ACFARMA GENERICO,0.0,4.0,4.0,2025-04-27 10:23:57,4,4,Otoño
101069,AZITROMICINA 500MG TAB CJAX30UNID.,ACFARMA GENERICO,0.0,3.0,3.0,2025-04-27 13:14:21,9,4,Otoño
101069,AZITROMICINA 500MG TAB CJAX30UNID.,ACFARMA GENERICO,0.0,1.0,1.0,2025-04-27 20:06:54,6,4,Otoño
101069,AZITROMICINA 500MG TAB CJAX30UNID.,ACFARMA GENERICO,0.0,1.0,1.0,2025-04-27 21:44:52,4,4,Otoño
101069,AZITROMICINA 500MG TAB CJAX30UNID.,ACFARMA GENERICO,0.0,6.0,6.0,2025-04-28 09:28:53,5,4,Otoño
101069,AZITROMICINA 500MG TAB CJAX30UNID.,ACFARMA GENERICO,0.0,4.0,4.0,2025-04-28 15:14:19,6,4,Otoño
101069,AZITROMICINA 500MG TAB CJAX30UNID.,ACFARMA GENERICO,0.0,2.0,2.0,2025-04-28 15:37:18,3,4,Otoño
101069,AZITROMICINA 500MG TAB CJAX30UNID.,ACFARMA GENERICO,0.0,10.0,10.0,2025-04-28 18:37:06,7,4,Otoño
101069,AZITROMICINA 500MG TAB CJAX30UNID.,ACFARMA GENERICO,0.0,1.0,1.0,2025-04-28 18:59:40,6,4,Otoño
101069,AZITROMICINA 500MG TAB CJAX30UNID.,ACFARMA GENERICO,0.0,20.0,20.0,2025-04-28 20:26:27,1,4,Otoño
101069,AZITROMICINA 500MG TAB CJAX30UNID.,ACFARMA GENERICO,0.0,1.0,1.0,2025-04-28 20:30:45,11,4,Otoño
101069,AZITROMICINA 500MG TAB CJAX30UNID.,ACFARMA GENERICO,0.0,2.0,2.0,2025-04-29 09:13:48,7,4,Otoño
101069,AZITROMICINA 500MG TAB CJAX30UNID.,ACFARMA GENERICO,0.0,5.0,5.0,2025-04-29 17:44:15,5,4,Otoño
101069,AZITROMICINA 500MG TAB CJAX30UNID.,ACFARMA GENERICO,0.0,5.0,5.0,2025-04-29 17:50:53,2,4,Otoño
101069,AZITROMICINA 500MG TAB CJAX30UNID.,ACFARMA GENERICO,0.0,4.0,4.0,2025-04-29 21:28:24,12,4,Otoño
101069,AZITROMICINA 500MG TAB CJAX30UNID.,ACFARMA GENERICO,0.0,3.0,3.0,2025-04-30 08:51:10,14,4,Otoño
101069,AZITROMICINA 500MG TAB CJAX30UNID.,ACFARMA GENERICO,0.0,7.0,7.0,2025-04-30 17:42:52,5,4,Otoño
101069,AZITROMICINA 500MG TAB CJAX30UNID.,ACFARMA GENERICO,0.0,2.0,2.0,2025-04-30 20:38:12,12,4,Otoño
101069,AZITROMICINA 500MG TAB CJAX30UNID.,ACFARMA GENERICO,0.0,3.0,3.0,2025-05-01 18:59:56,12,5,Otoño
101069,AZITROMICINA 500MG TAB CJAX30UNID.,ACFARMA GENERICO,0.0,5.0,5.0,2025-05-02 09:37:06,7,5,Otoño
101069,AZITROMICINA 500MG TAB CJAX30UNID.,ACFARMA GENERICO,0.0,5.0,5.0,2025-05-02 12:47:15,1,5,Otoño
101069,AZITROMICINA 500MG TAB CJAX30UNID.,ACFARMA GENERICO,0.0,10.0,10.0,2025-05-02 12:49:56,1,5,Otoño
101069,AZITROMICINA 500MG TAB CJAX30UNID.,ACFARMA GENERICO,0.0,5.0,5.0,2025-05-02 19:32:44,15,5,Otoño
101069,AZITROMICINA 500MG TAB CJAX30UNID.,ACFARMA GENERICO,0.0,2.0,2.0,2025-05-03 09:58:32,12,5,Otoño
101069,AZITROMICINA 500MG TAB CJAX30UNID.,ACFARMA GENERICO,0.0,3.0,3.0,2025-05-03 13:32:22,7,5,Otoño
101069,AZITROMICINA 500MG TAB CJAX30UNID.,ACFARMA GENERICO,0.0,3.0,3.0,2025-05-03 18:05:56,7,5,Otoño
101069,AZITROMICINA 500MG TAB CJAX30UNID.,ACFARMA GENERICO,0.0,4.0,4.0,2025-05-03 19:58:55,1,5,Otoño
101069,AZITROMICINA 500MG TAB CJAX30UNID.,ACFARMA GENERICO,0.0,1.0,1.0,2025-05-04 13:10:23,12,5,Otoño
101069,AZITROMICINA 500MG TAB CJAX30UNID.,ACFARMA GENERICO,0.0,5.0,5.0,2025-05-04 20:39:35,1,5,Otoño
101069,AZITROMICINA 500MG TAB CJAX30UNID.,ACFARMA GENERICO,0.0,5.0,5.0,2025-05-04 20:58:37,4,5,Otoño
101069,AZITROMICINA 500MG TAB CJAX30UNID.,ACFARMA GENERICO,0.0,1.0,1.0,2025-05-04 21:49:53,3,5,Otoño
101069,AZITROMICINA 500MG TAB CJAX30UNID.,ACFARMA GENERICO,2.0,0.0,60.0,2025-05-05 16:30:14,12,5,Otoño
101069,AZITROMICINA 500MG TAB CJAX30UNID.,ACFARMA GENERICO,0.0,10.0,10.0,2025-05-05 20:24:13,3,5,Otoño
101069,AZITROMICINA 500MG TAB CJAX30UNID.,ACFARMA GENERICO,0.0,3.0,3.0,2025-05-05 21:30:11,6,5,Otoño
101069,AZITROMICINA 500MG TAB CJAX30UNID.,ACFARMA GENERICO,0.0,2.0,2.0,2025-05-06 07:27:16,7,5,Otoño
101069,AZITROMICINA 500MG TAB CJAX30UNID.,ACFARMA GENERICO,0.0,4.0,4.0,2025-05-06 10:48:03,7,5,Otoño
101069,AZITROMICINA 500MG TAB CJAX30UNID.,ACFARMA GENERICO,0.0,1.0,1.0,2025-05-06 10:50:16,7,5,Otoño
101069,AZITROMICINA 500MG TAB CJAX30UNID.,ACFARMA GENERICO,0.0,4.0,4.0,2025-05-06 14:31:10,11,5,Otoño
101069,AZITROMICINA 500MG TAB CJAX30UNID.,ACFARMA GENERICO,0.0,6.0,6.0,2025-05-07 09:23:00,3,5,Otoño
101069,AZITROMICINA 500MG TAB CJAX30UNID.,ACFARMA GENERICO,0.0,2.0,2.0,2025-05-07 09:24:29,3,5,Otoño
101069,AZITROMICINA 500MG TAB CJAX30UNID.,ACFARMA GENERICO,0.0,3.0,3.0,2025-05-07 20:38:21,11,5,Otoño
101069,AZITROMICINA 500MG TAB CJAX30UNID.,ACFARMA GENERICO,0.0,10.0,10.0,2025-05-08 09:54:11,6,5,Otoño
101069,AZITROMICINA 500MG TAB CJAX30UNID.,ACFARMA GENERICO,0.0,5.0,5.0,2025-05-08 11:11:54,4,5,Otoño
101069,AZITROMICINA 500MG TAB CJAX30UNID.,ACFARMA GENERICO,0.0,3.0,3.0,2025-05-08 20:17:27,8,5,Otoño
101069,AZITROMICINA 500MG TAB CJAX30UNID.,ACFARMA GENERICO,0.0,3.0,3.0,2025-05-08 21:41:48,14,5,Otoño
101069,AZITROMICINA 500MG TAB CJAX30UNID.,ACFARMA GENERICO,0.0,5.0,5.0,2025-05-09 13:05:00,1,5,Otoño
101069,AZITROMICINA 500MG TAB CJAX30UNID.,ACFARMA GENERICO,0.0,3.0,3.0,2025-05-09 14:31:49,7,5,Otoño
101069,AZITROMICINA 500MG TAB CJAX30UNID.,ACFARMA GENERICO,0.0,3.0,3.0,2025-05-10 16:34:44,11,5,Otoño
101069,AZITROMICINA 500MG TAB CJAX30UNID.,ACFARMA GENERICO,0.0,3.0,3.0,2025-05-10 19:19:59,12,5,Otoño
101069,AZITROMICINA 500MG TAB CJAX30UNID.,ACFARMA GENERICO,0.0,2.0,2.0,2025-05-11 12:23:57,3,5,Otoño
101069,AZITROMICINA 500MG TAB CJAX30UNID.,ACFARMA GENERICO,0.0,5.0,5.0,2025-05-11 15:08:46,11,5,Otoño
101069,AZITROMICINA 500MG TAB CJAX30UNID.,ACFARMA GENERICO,0.0,4.0,4.0,2025-05-11 21:30:09,7,5,Otoño
101069,AZITROMICINA 500MG TAB CJAX30UNID.,ACFARMA GENERICO,0.0,3.0,3.0,2025-05-11 22:27:31,7,5,Otoño
101069,AZITROMICINA 500MG TAB CJAX30UNID.,ACFARMA GENERICO,0.0,2.0,2.0,2025-05-12 11:48:54,7,5,Otoño
101069,AZITROMICINA 500MG TAB CJAX30UNID.,ACFARMA GENERICO,0.0,2.0,2.0,2025-05-13 07:28:23,7,5,Otoño
101069,AZITROMICINA 500MG TAB CJAX30UNID.,ACFARMA GENERICO,0.0,3.0,3.0,2025-05-13 09:03:25,12,5,Otoño
101069,AZITROMICINA 500MG TAB CJAX30UNID.,ACFARMA GENERICO,0.0,3.0,3.0,2025-05-13 09:41:08,7,5,Otoño
101069,AZITROMICINA 500MG TAB CJAX30UNID.,ACFARMA GENERICO,0.0,1.0,1.0,2025-05-13 14:15:58,3,5,Otoño
101069,AZITROMICINA 500MG TAB CJAX30UNID.,ACFARMA GENERICO,0.0,7.0,7.0,2025-05-13 16:49:26,1,5,Otoño
101069,AZITROMICINA 500MG TAB CJAX30UNID.,ACFARMA GENERICO,0.0,3.0,3.0,2025-05-14 10:38:32,8,5,Otoño
101069,AZITROMICINA 500MG TAB CJAX30UNID.,ACFARMA GENERICO,0.0,2.0,2.0,2025-05-14 11:33:41,6,5,Otoño
101069,AZITROMICINA 500MG TAB CJAX30UNID.,ACFARMA GENERICO,0.0,1.0,1.0,2025-05-14 22:35:33,5,5,Otoño
101069,AZITROMICINA 500MG TAB CJAX30UNID.,ACFARMA GENERICO,0.0,5.0,5.0,2025-05-15 08:57:11,6,5,Otoño
101069,AZITROMICINA 500MG TAB CJAX30UNID.,ACFARMA GENERICO,0.0,2.0,2.0,2025-05-15 09:37:32,6,5,Otoño
101069,AZITROMICINA 500MG TAB CJAX30UNID.,ACFARMA GENERICO,0.0,5.0,5.0,2025-05-15 16:53:03,3,5,Otoño
101069,AZITROMICINA 500MG TAB CJAX30UNID.,ACFARMA GENERICO,0.0,2.0,2.0,2025-05-15 20:21:27,3,5,Otoño
101069,AZITROMICINA 500MG TAB CJAX30UNID.,ACFARMA GENERICO,0.0,10.0,10.0,2025-05-16 19:17:02,3,5,Otoño
101069,AZITROMICINA 500MG TAB CJAX30UNID.,ACFARMA GENERICO,0.0,3.0,3.0,2025-05-16 21:19:06,5,5,Otoño
101069,AZITROMICINA 500MG TAB CJAX30UNID.,ACFARMA GENERICO,0.0,10.0,9.5,2025-05-17 09:35:13,1,5,Otoño
101069,AZITROMICINA 500MG TAB CJAX30UNID.,ACFARMA GENERICO,0.0,1.0,1.0,2025-05-18 08:32:55,1,5,Otoño
101069,AZITROMICINA 500MG TAB CJAX30UNID.,ACFARMA GENERICO,0.0,4.0,4.0,2025-05-18 11:38:32,1,5,Otoño
101069,AZITROMICINA 500MG TAB CJAX30UNID.,ACFARMA GENERICO,0.0,6.0,6.0,2025-05-19 18:47:19,11,5,Otoño
101069,AZITROMICINA 500MG TAB CJAX30UNID.,ACFARMA GENERICO,0.0,2.0,2.0,2025-05-19 20:41:55,1,5,Otoño
101069,AZITROMICINA 500MG TAB CJAX30UNID.,ACFARMA GENERICO,0.0,4.0,4.0,2025-05-19 21:25:27,7,5,Otoño
101069,AZITROMICINA 500MG TAB CJAX30UNID.,ACFARMA GENERICO,0.0,4.0,4.0,2025-05-20 09:59:47,7,5,Otoño
101069,AZITROMICINA 500MG TAB CJAX30UNID.,ACFARMA GENERICO,0.0,1.0,1.0,2025-05-20 15:58:21,11,5,Otoño
101069,AZITROMICINA 500MG TAB CJAX30UNID.,ACFARMA GENERICO,0.0,5.0,5.0,2025-05-20 22:00:27,3,5,Otoño
101069,AZITROMICINA 500MG TAB CJAX30UNID.,ACFARMA GENERICO,0.0,10.0,10.0,2025-05-21 16:17:14,1,5,Otoño
101069,AZITROMICINA 500MG TAB CJAX30UNID.,ACFARMA GENERICO,0.0,10.0,10.0,2025-05-21 16:18:46,1,5,Otoño
101069,AZITROMICINA 500MG TAB CJAX30UNID.,ACFARMA GENERICO,0.0,2.0,2.0,2025-05-22 09:46:28,3,5,Otoño
101069,AZITROMICINA 500MG TAB CJAX30UNID.,ACFARMA GENERICO,0.0,4.0,4.0,2025-05-22 21:57:40,7,5,Otoño
101069,AZITROMICINA 500MG TAB CJAX30UNID.,ACFARMA GENERICO,0.0,3.0,3.0,2025-05-22 22:32:02,14,5,Otoño
101069,AZITROMICINA 500MG TAB CJAX30UNID.,ACFARMA GENERICO,0.0,2.0,2.0,2025-05-23 11:29:12,3,5,Otoño
101069,AZITROMICINA 500MG TAB CJAX30UNID.,ACFARMA GENERICO,0.0,5.0,5.0,2025-05-23 21:09:13,11,5,Otoño
101069,AZITROMICINA 500MG TAB CJAX30UNID.,ACFARMA GENERICO,0.0,2.0,2.0,2025-05-24 13:00:35,1,5,Otoño
101069,AZITROMICINA 500MG TAB CJAX30UNID.,ACFARMA GENERICO,0.0,10.0,10.0,2025-05-24 19:38:05,1,5,Otoño
101069,AZITROMICINA 500MG TAB CJAX30UNID.,ACFARMA GENERICO,0.0,5.0,5.0,2025-05-24 20:44:13,12,5,Otoño
101069,AZITROMICINA 500MG TAB CJAX30UNID.,ACFARMA GENERICO,0.0,2.0,2.0,2025-05-24 20:49:57,7,5,Otoño
101069,AZITROMICINA 500MG TAB CJAX30UNID.,ACFARMA GENERICO,0.0,5.0,5.0,2025-05-24 22:41:11,6,5,Otoño
101069,AZITROMICINA 500MG TAB CJAX30UNID.,ACFARMA GENERICO,0.0,10.0,10.0,2025-05-25 13:34:52,1,5,Otoño
101069,AZITROMICINA 500MG TAB CJAX30UNID.,ACFARMA GENERICO,0.0,3.0,2.85,2025-05-25 14:51:28,3,5,Otoño
101069,AZITROMICINA 500MG TAB CJAX30UNID.,ACFARMA GENERICO,0.0,5.0,5.0,2025-05-25 16:18:27,3,5,Otoño
101069,AZITROMICINA 500MG TAB CJAX30UNID.,ACFARMA GENERICO,0.0,10.0,10.0,2025-05-25 16:52:35,11,5,Otoño
101069,AZITROMICINA 500MG TAB CJAX30UNID.,ACFARMA GENERICO,0.0,2.0,2.0,2025-05-25 18:15:26,1,5,Otoño
101069,AZITROMICINA 500MG TAB CJAX30UNID.,ACFARMA GENERICO,0.0,1.0,1.0,2025-05-25 20:36:25,1,5,Otoño
101069,AZITROMICINA 500MG TAB CJAX30UNID.,ACFARMA GENERICO,0.0,3.0,3.0,2025-05-25 22:18:47,7,5,Otoño
101069,AZITROMICINA 500MG TAB CJAX30UNID.,ACFARMA GENERICO,0.0,3.0,3.0,2025-05-26 17:23:46,14,5,Otoño
101069,AZITROMICINA 500MG TAB CJAX30UNID.,ACFARMA GENERICO,0.0,4.0,4.0,2025-05-27 13:51:06,7,5,Otoño
101069,AZITROMICINA 500MG TAB CJAX30UNID.,ACFARMA GENERICO,0.0,1.0,1.0,2025-05-28 08:43:27,1,5,Otoño
101069,AZITROMICINA 500MG TAB CJAX30UNID.,ACFARMA GENERICO,0.0,3.0,3.0,2025-05-29 22:31:32,7,5,Otoño
101069,AZITROMICINA 500MG TAB CJAX30UNID.,ACFARMA GENERICO,0.0,4.0,4.0,2025-05-29 22:34:46,5,5,Otoño
101069,AZITROMICINA 500MG TAB CJAX30UNID.,ACFARMA GENERICO,0.0,10.0,10.0,2025-05-30 13:54:33,1,5,Otoño
101069,AZITROMICINA 500MG TAB CJAX30UNID.,ACFARMA GENERICO,0.0,10.0,10.0,2025-05-30 14:10:21,1,5,Otoño
101069,AZITROMICINA 500MG TAB CJAX30UNID.,ACFARMA GENERICO,0.0,2.0,2.0,2025-05-30 17:07:30,5,5,Otoño
101069,AZITROMICINA 500MG TAB CJAX30UNID.,ACFARMA GENERICO,0.0,5.0,5.0,2025-05-30 21:04:43,1,5,Otoño
101069,AZITROMICINA 500MG TAB CJAX30UNID.,ACFARMA GENERICO,0.0,10.0,10.0,2025-05-31 09:17:37,12,5,Otoño
101069,AZITROMICINA 500MG TAB CJAX30UNID.,ACFARMA GENERICO,0.0,5.0,5.0,2025-05-31 12:12:02,4,5,Otoño
101069,AZITROMICINA 500MG TAB CJAX30UNID.,ACFARMA GENERICO,0.0,2.0,2.0,2025-05-31 20:39:58,4,5,Otoño
101069,AZITROMICINA 500MG TAB CJAX30UNID.,ACFARMA GENERICO,0.0,1.0,1.0,2025-05-31 21:12:06,5,5,Otoño
101069,AZITROMICINA 500MG TAB CJAX30UNID.,ACFARMA GENERICO,0.0,4.0,4.0,2025-05-31 21:16:31,5,5,Otoño
101069,AZITROMICINA 500MG TAB CJAX30UNID.,ACFARMA GENERICO,0.0,5.0,5.0,2025-06-01 13:05:04,11,6,Invierno
101069,AZITROMICINA 500MG TAB CJAX30UNID.,ACFARMA GENERICO,0.0,10.0,10.0,2025-06-01 19:10:59,14,6,Invierno
101069,AZITROMICINA 500MG TAB CJAX30UNID.,ACFARMA GENERICO,0.0,1.0,1.0,2025-06-02 14:04:51,1,6,Invierno
101069,AZITROMICINA 500MG TAB CJAX30UNID.,ACFARMA GENERICO,0.0,3.0,3.0,2025-06-02 15:47:36,5,6,Invierno
101069,AZITROMICINA 500MG TAB CJAX30UNID.,ACFARMA GENERICO,0.0,5.0,5.0,2025-06-02 16:21:16,7,6,Invierno
101069,AZITROMICINA 500MG TAB CJAX30UNID.,ACFARMA GENERICO,0.0,5.0,5.0,2025-06-02 18:13:08,12,6,Invierno
101069,AZITROMICINA 500MG TAB CJAX30UNID.,ACFARMA GENERICO,0.0,5.0,5.0,2025-06-02 18:29:00,4,6,Invierno
101069,AZITROMICINA 500MG TAB CJAX30UNID.,ACFARMA GENERICO,0.0,3.0,3.0,2025-06-02 19:38:29,3,6,Invierno
101069,AZITROMICINA 500MG TAB CJAX30UNID.,ACFARMA GENERICO,0.0,3.0,3.0,2025-06-03 17:36:56,3,6,Invierno
101069,AZITROMICINA 500MG TAB CJAX30UNID.,ACFARMA GENERICO,0.0,3.0,3.0,2025-06-03 19:04:33,4,6,Invierno
101069,AZITROMICINA 500MG TAB CJAX30UNID.,ACFARMA GENERICO,0.0,3.0,3.0,2025-06-05 17:16:19,5,6,Invierno
101069,AZITROMICINA 500MG TAB CJAX30UNID.,ACFARMA GENERICO,0.0,20.0,20.0,2025-06-05 18:03:17,6,6,Invierno
101069,AZITROMICINA 500MG TAB CJAX30UNID.,ACFARMA GENERICO,0.0,2.0,2.0,2025-06-05 18:42:45,7,6,Invierno
101069,AZITROMICINA 500MG TAB CJAX30UNID.,ACFARMA GENERICO,0.0,5.0,5.0,2025-06-06 10:08:50,5,6,Invierno
101069,AZITROMICINA 500MG TAB CJAX30UNID.,ACFARMA GENERICO,0.0,6.0,6.0,2025-06-06 11:07:53,15,6,Invierno
101069,AZITROMICINA 500MG TAB CJAX30UNID.,ACFARMA GENERICO,0.0,5.0,5.0,2025-06-06 13:43:03,14,6,Invierno
101069,AZITROMICINA 500MG TAB CJAX30UNID.,ACFARMA GENERICO,0.0,4.0,4.0,2025-06-07 13:38:35,6,6,Invierno
101069,AZITROMICINA 500MG TAB CJAX30UNID.,ACFARMA GENERICO,0.0,3.0,3.0,2025-06-07 14:35:11,1,6,Invierno
101069,AZITROMICINA 500MG TAB CJAX30UNID.,ACFARMA GENERICO,0.0,10.0,10.0,2025-06-07 18:43:35,14,6,Invierno
101069,AZITROMICINA 500MG TAB CJAX30UNID.,ACFARMA GENERICO,0.0,3.0,3.0,2025-06-07 18:56:14,5,6,Invierno
101069,AZITROMICINA 500MG TAB CJAX30UNID.,ACFARMA GENERICO,0.0,5.0,5.0,2025-06-07 19:55:21,4,6,Invierno
101069,AZITROMICINA 500MG TAB CJAX30UNID.,ACFARMA GENERICO,0.0,5.0,5.0,2025-06-08 19:15:00,6,6,Invierno
101069,AZITROMICINA 500MG TAB CJAX30UNID.,ACFARMA GENERICO,0.0,2.0,2.0,2025-06-08 19:29:09,6,6,Invierno
101069,AZITROMICINA 500MG TAB CJAX30UNID.,ACFARMA GENERICO,0.0,6.0,6.0,2025-06-09 08:56:50,9,6,Invierno
101069,AZITROMICINA 500MG TAB CJAX30UNID.,ACFARMA GENERICO,0.0,3.0,3.0,2025-06-09 13:07:11,9,6,Invierno
101069,AZITROMICINA 500MG TAB CJAX30UNID.,ACFARMA GENERICO,0.0,2.0,2.0,2025-06-09 21:13:41,8,6,Invierno
101069,AZITROMICINA 500MG TAB CJAX30UNID.,ACFARMA GENERICO,0.0,3.0,3.0,2025-06-10 12:12:57,5,6,Invierno
101069,AZITROMICINA 500MG TAB CJAX30UNID.,ACFARMA GENERICO,0.0,10.0,10.0,2025-06-10 21:59:33,8,6,Invierno
101069,AZITROMICINA 500MG TAB CJAX30UNID.,ACFARMA GENERICO,0.0,2.0,2.0,2025-06-11 08:29:02,5,6,Invierno
101069,AZITROMICINA 500MG TAB CJAX30UNID.,ACFARMA GENERICO,0.0,5.0,5.0,2025-06-11 13:01:40,5,6,Invierno
101069,AZITROMICINA 500MG TAB CJAX30UNID.,ACFARMA GENERICO,0.0,1.0,1.0,2025-06-11 13:08:08,5,6,Invierno
101069,AZITROMICINA 500MG TAB CJAX30UNID.,ACFARMA GENERICO,0.0,2.0,2.0,2025-06-11 15:36:08,5,6,Invierno
101069,AZITROMICINA 500MG TAB CJAX30UNID.,ACFARMA GENERICO,0.0,2.0,2.0,2025-06-12 12:22:08,5,6,Invierno
101069,AZITROMICINA 500MG TAB CJAX30UNID.,ACFARMA GENERICO,0.0,1.0,1.0,2025-06-12 17:01:30,3,6,Invierno
101069,AZITROMICINA 500MG TAB CJAX30UNID.,ACFARMA GENERICO,0.0,2.0,2.0,2025-06-13 12:38:11,13,6,Invierno
101069,AZITROMICINA 500MG TAB CJAX30UNID.,ACFARMA GENERICO,0.0,3.0,3.0,2025-06-13 20:27:40,7,6,Invierno
101069,AZITROMICINA 500MG TAB CJAX30UNID.,ACFARMA GENERICO,0.0,4.0,4.0,2025-06-13 22:19:43,6,6,Invierno
101069,AZITROMICINA 500MG TAB CJAX30UNID.,ACFARMA GENERICO,0.0,10.0,10.0,2025-06-14 17:37:58,14,6,Invierno
101069,AZITROMICINA 500MG TAB CJAX30UNID.,ACFARMA GENERICO,0.0,20.0,20.0,2025-06-14 19:10:39,3,6,Invierno
101069,AZITROMICINA 500MG TAB CJAX30UNID.,ACFARMA GENERICO,0.0,10.0,10.0,2025-06-14 20:36:43,9,6,Invierno
101069,AZITROMICINA 500MG TAB CJAX30UNID.,ACFARMA GENERICO,0.0,3.0,3.0,2025-06-16 07:23:04,14,6,Invierno
101069,AZITROMICINA 500MG TAB CJAX30UNID.,ACFARMA GENERICO,0.0,6.0,6.0,2025-06-17 21:30:51,3,6,Invierno
101069,AZITROMICINA 500MG TAB CJAX30UNID.,ACFARMA GENERICO,0.0,4.0,4.0,2025-06-17 21:45:54,6,6,Invierno
101069,AZITROMICINA 500MG TAB CJAX30UNID.,ACFARMA GENERICO,1.0,0.0,30.0,2025-06-18 11:09:04,15,6,Invierno
101069,AZITROMICINA 500MG TAB CJAX30UNID.,ACFARMA GENERICO,0.0,2.0,2.0,2025-06-19 09:09:51,13,6,Invierno
101069,AZITROMICINA 500MG TAB CJAX30UNID.,ACFARMA GENERICO,0.0,4.0,4.0,2025-06-19 11:47:55,1,6,Invierno
101069,AZITROMICINA 500MG TAB CJAX30UNID.,ACFARMA GENERICO,0.0,3.0,3.0,2025-06-20 10:05:06,3,6,Invierno
101069,AZITROMICINA 500MG TAB CJAX30UNID.,ACFARMA GENERICO,0.0,4.0,4.0,2025-06-20 11:57:17,3,6,Invierno
101069,AZITROMICINA 500MG TAB CJAX30UNID.,ACFARMA GENERICO,0.0,3.0,3.0,2025-06-20 17:37:30,8,6,Invierno
101069,AZITROMICINA 500MG TAB CJAX30UNID.,ACFARMA GENERICO,0.0,3.0,3.0,2025-06-21 12:30:15,12,6,Invierno
101069,AZITROMICINA 500MG TAB CJAX30UNID.,ACFARMA GENERICO,0.0,2.0,2.0,2025-06-21 14:24:15,3,6,Invierno
101069,AZITROMICINA 500MG TAB CJAX30UNID.,ACFARMA GENERICO,0.0,3.0,3.0,2025-06-23 16:50:51,11,6,Invierno
101069,AZITROMICINA 500MG TAB CJAX30UNID.,ACFARMA GENERICO,0.0,3.0,3.0,2025-06-23 20:18:57,8,6,Invierno
101069,AZITROMICINA 500MG TAB CJAX30UNID.,ACFARMA GENERICO,0.0,3.0,3.0,2025-06-24 15:17:01,9,6,Invierno
101069,AZITROMICINA 500MG TAB CJAX30UNID.,ACFARMA GENERICO,0.0,10.0,10.0,2025-06-26 18:48:24,14,6,Invierno
101069,AZITROMICINA 500MG TAB CJAX30UNID.,ACFARMA GENERICO,0.0,6.0,6.0,2025-06-27 18:18:37,11,6,Invierno
101069,AZITROMICINA 500MG TAB CJAX30UNID.,ACFARMA GENERICO,0.0,2.0,2.0,2025-06-27 21:34:59,6,6,Invierno
101069,AZITROMICINA 500MG TAB CJAX30UNID.,ACFARMA GENERICO,0.0,2.0,2.0,2025-06-28 20:19:57,14,6,Invierno
101069,AZITROMICINA 500MG TAB CJAX30UNID.,ACFARMA GENERICO,0.0,1.0,1.0,2025-06-30 11:56:44,6,6,Invierno
101069,AZITROMICINA 500MG TAB CJAX30UNID.,ACFARMA GENERICO,0.0,2.0,2.0,2025-06-30 15:03:54,6,6,Invierno
101069,AZITROMICINA 500MG TAB CJAX30UNID.,ACFARMA GENERICO,0.0,2.0,2.0,2025-07-01 10:34:31,6,7,Invierno
101069,AZITROMICINA 500MG TAB CJAX30UNID.,ACFARMA GENERICO,0.0,3.0,3.0,2025-07-01 15:51:54,11,7,Invierno
101069,AZITROMICINA 500MG TAB CJAX30UNID.,ACFARMA GENERICO,0.0,1.0,1.0,2025-07-02 13:40:49,11,7,Invierno
101069,AZITROMICINA 500MG TAB CJAX30UNID.,ACFARMA GENERICO,0.0,5.0,5.0,2025-07-02 14:25:58,15,7,Invierno
101069,AZITROMICINA 500MG TAB CJAX30UNID.,ACFARMA GENERICO,0.0,5.0,5.0,2025-07-02 20:45:06,11,7,Invierno
101069,AZITROMICINA 500MG TAB CJAX30UNID.,ACFARMA GENERICO,0.0,1.0,0.95,2025-07-03 08:40:36,11,7,Invierno
101069,AZITROMICINA 500MG TAB CJAX30UNID.,ACFARMA GENERICO,0.0,3.0,2.85,2025-07-03 19:55:03,11,7,Invierno
101069,AZITROMICINA 500MG TAB CJAX30UNID.,ACFARMA GENERICO,0.0,10.0,10.0,2025-07-04 12:35:39,11,7,Invierno
101069,AZITROMICINA 500MG TAB CJAX30UNID.,ACFARMA GENERICO,0.0,1.0,1.0,2025-07-04 20:43:10,14,7,Invierno
101069,AZITROMICINA 500MG TAB CJAX30UNID.,ACFARMA GENERICO,0.0,3.0,3.0,2025-07-06 19:57:58,11,7,Invierno
101069,AZITROMICINA 500MG TAB CJAX30UNID.,ACFARMA GENERICO,0.0,10.0,10.0,2025-07-07 15:29:56,11,7,Invierno
101069,AZITROMICINA 500MG TAB CJAX30UNID.,ACFARMA GENERICO,0.0,4.0,4.0,2025-07-10 08:35:30,4,7,Invierno
101069,AZITROMICINA 500MG TAB CJAX30UNID.,ACFARMA GENERICO,0.0,5.0,5.0,2025-07-10 11:36:42,2,7,Invierno
101069,AZITROMICINA 500MG TAB CJAX30UNID.,ACFARMA GENERICO,0.0,5.0,5.0,2025-07-10 11:37:56,2,7,Invierno
101069,AZITROMICINA 500MG TAB CJAX30UNID.,ACFARMA GENERICO,0.0,10.0,10.0,2025-07-10 18:21:23,4,7,Invierno
101069,AZITROMICINA 500MG TAB CJAX30UNID.,ACFARMA GENERICO,0.0,3.0,3.0,2025-07-10 22:47:15,1,7,Invierno
101069,AZITROMICINA 500MG TAB CJAX30UNID.,ACFARMA GENERICO,0.0,10.0,10.0,2025-07-11 16:28:54,4,7,Invierno
101069,AZITROMICINA 500MG TAB CJAX30UNID.,ACFARMA GENERICO,0.0,5.0,5.0,2025-07-11 20:33:15,14,7,Invierno
101069,AZITROMICINA 500MG TAB CJAX30UNID.,ACFARMA GENERICO,0.0,3.0,2.85,2025-07-11 21:07:18,4,7,Invierno
101069,AZITROMICINA 500MG TAB CJAX30UNID.,ACFARMA GENERICO,0.0,2.0,2.0,2025-07-12 19:34:25,4,7,Invierno
101069,AZITROMICINA 500MG TAB CJAX30UNID.,ACFARMA GENERICO,0.0,5.0,5.0,2025-07-12 19:46:16,14,7,Invierno
101069,AZITROMICINA 500MG TAB CJAX30UNID.,ACFARMA GENERICO,0.0,10.0,10.0,2025-07-13 07:47:12,4,7,Invierno
101069,AZITROMICINA 500MG TAB CJAX30UNID.,ACFARMA GENERICO,0.0,4.0,4.0,2025-07-13 17:35:28,11,7,Invierno
101069,AZITROMICINA 500MG TAB CJAX30UNID.,ACFARMA GENERICO,0.0,1.0,1.0,2025-07-15 20:24:37,11,7,Invierno
101069,AZITROMICINA 500MG TAB CJAX30UNID.,ACFARMA GENERICO,0.0,6.0,6.0,2025-07-15 21:57:46,1,7,Invierno
101069,AZITROMICINA 500MG TAB CJAX30UNID.,ACFARMA GENERICO,0.0,3.0,3.0,2025-07-16 14:10:10,9,7,Invierno
101069,AZITROMICINA 500MG TAB CJAX30UNID.,ACFARMA GENERICO,0.0,3.0,3.0,2025-07-16 19:28:41,1,7,Invierno
101069,AZITROMICINA 500MG TAB CJAX30UNID.,ACFARMA GENERICO,0.0,20.0,20.0,2025-07-17 19:38:42,4,7,Invierno
101069,AZITROMICINA 500MG TAB CJAX30UNID.,ACFARMA GENERICO,0.0,3.0,3.0,2025-07-17 20:40:44,2,7,Invierno
101069,AZITROMICINA 500MG TAB CJAX30UNID.,ACFARMA GENERICO,0.0,2.0,2.0,2025-07-18 17:38:49,11,7,Invierno
101069,AZITROMICINA 500MG TAB CJAX30UNID.,ACFARMA GENERICO,0.0,4.0,5.2,2025-07-19 10:51:21,15,7,Invierno
101069,AZITROMICINA 500MG TAB CJAX30UNID.,ACFARMA GENERICO,0.0,10.0,10.0,2025-07-19 11:30:31,11,7,Invierno
101069,AZITROMICINA 500MG TAB CJAX30UND,ACFARMA GENERICO,0.0,3.0,3.3,2025-07-20 09:50:48,13,7,Invierno
101069,AZITROMICINA 500MG TAB CJAX30UNID.,ACFARMA GENERICO,0.0,10.0,10.0,2025-07-20 20:15:30,16,7,Invierno
101069,AZITROMICINA 500MG TAB CJAX30UND,ACFARMA GENERICO,0.0,3.0,3.3,2025-07-21 21:56:11,16,7,Invierno
101069,AZITROMICINA 500MG TAB CJAX30UND,ACFARMA GENERICO,0.0,2.0,2.2,2025-07-22 21:32:16,6,7,Invierno
101069,AZITROMICINA 500MG TAB CJAX30UND,ACFARMA GENERICO,0.0,3.0,3.3,2025-07-23 12:33:03,6,7,Invierno
101069,AZITROMICINA 500MG TAB CJAX30UND,ACFARMA GENERICO,0.0,3.0,3.3,2025-07-23 15:44:50,1,7,Invierno
101069,AZITROMICINA 500MG TAB CJAX30UND,ACFARMA GENERICO,0.0,3.0,3.3,2025-07-23 20:55:50,6,7,Invierno
101069,AZITROMICINA 500MG TAB CJAX30UND,ACFARMA GENERICO,0.0,6.0,6.6,2025-07-23 22:29:24,4,7,Invierno
101069,AZITROMICINA 500MG TAB CJAX30UND,ACFARMA GENERICO,0.0,3.0,3.3,2025-07-24 10:09:34,12,7,Invierno
101069,AZITROMICINA 500MG TAB CJAX30UND,ACFARMA GENERICO,0.0,1.0,1.1,2025-07-24 12:24:16,6,7,Invierno
101069,AZITROMICINA 500MG TAB CJAX30UND,ACFARMA GENERICO,0.0,4.0,4.4,2025-07-25 21:42:19,6,7,Invierno
101069,AZITROMICINA 500MG TAB CJAX30UND,ACFARMA GENERICO,1.0,0.0,33.0,2025-07-26 18:16:34,10,7,Invierno
101069,AZITROMICINA 500MG TAB CJAX30UND,ACFARMA GENERICO,0.0,10.0,11.0,2025-07-27 23:28:34,10,7,Invierno
101069,AZITROMICINA 500MG TAB CJAX30UND,ACFARMA GENERICO,0.0,2.0,2.2,2025-07-29 10:22:29,6,7,Invierno
101069,AZITROMICINA 500MG TAB CJAX30UND,ACFARMA GENERICO,0.0,3.0,3.12,2025-07-29 13:13:31,4,7,Invierno
101069,AZITROMICINA 500MG TAB CJAX30UND,ACFARMA GENERICO,0.0,5.0,5.5,2025-07-30 21:02:38,2,7,Invierno
101069,AZITROMICINA 500MG TAB CJAX30UND,ACFARMA GENERICO,0.0,5.0,5.5,2025-08-01 15:32:18,1,8,Invierno
101069,AZITROMICINA 500MG TAB CJAX30UND,ACFARMA GENERICO,0.0,3.0,3.3,2025-08-02 08:16:20,16,8,Invierno
101069,AZITROMICINA 500MG TAB CJAX30UND,ACFARMA GENERICO,0.0,5.0,5.5,2025-08-02 18:02:04,2,8,Invierno
101069,AZITROMICINA 500MG TAB CJAX30UND,ACFARMA GENERICO,0.0,5.0,5.5,2025-08-02 20:12:22,2,8,Invierno
101069,AZITROMICINA 500MG TAB CJAX30UND,ACFARMA GENERICO,0.0,3.0,3.3,2025-08-02 22:43:37,1,8,Invierno
101069,AZITROMICINA 500MG TAB CJAX30UND,ACFARMA GENERICO,0.0,3.0,3.3,2025-08-03 09:25:11,6,8,Invierno
101069,AZITROMICINA 500MG TAB CJAX30UND,ACFARMA GENERICO,0.0,3.0,3.3,2025-08-04 09:13:11,14,8,Invierno
101069,AZITROMICINA 500MG TAB CJAX30UND,ACFARMA GENERICO,0.0,3.0,3.3,2025-08-04 13:47:38,8,8,Invierno
101069,AZITROMICINA 500MG TAB CJAX30UND,ACFARMA GENERICO,0.0,1.0,0.95,2025-08-05 09:11:37,8,8,Invierno
101069,AZITROMICINA 500MG TAB CJAX30UND,ACFARMA GENERICO,0.0,5.0,5.0,2025-08-05 17:35:04,3,8,Invierno
101069,AZITROMICINA 500MG TAB CJAX30UND,ACFARMA GENERICO,0.0,5.0,5.0,2025-08-05 17:50:45,14,8,Invierno
101069,AZITROMICINA 500MG TAB CJAX30UND,ACFARMA GENERICO,0.0,3.0,3.0,2025-08-05 18:35:06,9,8,Invierno
101069,AZITROMICINA 500MG TAB CJAX30UND,ACFARMA GENERICO,0.0,3.0,3.3,2025-08-05 19:21:19,6,8,Invierno
101069,AZITROMICINA 500MG TAB CJAX30UND,ACFARMA GENERICO,0.0,2.0,2.0,2025-08-05 21:11:42,2,8,Invierno
101069,AZITROMICINA 500MG TAB CJAX30UND,ACFARMA GENERICO,0.0,5.0,5.0,2025-08-06 10:11:03,12,8,Invierno
101069,AZITROMICINA 500MG TAB CJAX30UND,ACFARMA GENERICO,0.0,1.0,0.95,2025-08-06 10:13:01,8,8,Invierno
101069,AZITROMICINA 500MG TAB CJAX30UND,ACFARMA GENERICO,0.0,1.0,1.0,2025-08-06 10:37:13,9,8,Invierno
101069,AZITROMICINA 500MG TAB CJAX30UND,ACFARMA GENERICO,0.0,5.0,5.0,2025-08-06 14:48:04,9,8,Invierno
101069,AZITROMICINA 500MG TAB CJAX30UND,ACFARMA GENERICO,0.0,1.0,1.0,2025-08-08 15:06:28,6,8,Invierno
101069,AZITROMICINA 500MG TAB CJAX30UND,ACFARMA GENERICO,0.0,4.0,3.8,2025-08-08 15:08:08,12,8,Invierno
101069,AZITROMICINA 500MG TAB CJAX30UND,ACFARMA GENERICO,0.0,2.0,2.0,2025-08-08 20:53:03,4,8,Invierno
101069,AZITROMICINA 500MG TAB CJAX30UND,ACFARMA GENERICO,0.0,3.0,3.0,2025-08-09 07:17:45,9,8,Invierno
101069,AZITROMICINA 500MG TAB CJAX30UND,ACFARMA GENERICO,0.0,3.0,3.0,2025-08-09 09:43:03,2,8,Invierno
101069,AZITROMICINA 500MG TAB CJAX30UND,ACFARMA GENERICO,0.0,10.0,10.0,2025-08-09 12:30:07,7,8,Invierno
101069,AZITROMICINA 500MG TAB CJAX30UND,ACFARMA GENERICO,0.0,3.0,2.85,2025-08-09 15:20:05,10,8,Invierno
101069,AZITROMICINA 500MG TAB CJAX30UND,ACFARMA GENERICO,0.0,10.0,10.0,2025-08-09 18:46:24,4,8,Invierno
101069,AZITROMICINA 500MG TAB CJAX30UND,ACFARMA GENERICO,0.0,10.0,10.0,2025-08-10 10:02:45,1,8,Invierno
101069,AZITROMICINA 500MG TAB CJAX30UND,ACFARMA GENERICO,0.0,3.0,3.0,2025-08-10 10:20:12,16,8,Invierno
101069,AZITROMICINA 500MG TAB CJAX30UND,ACFARMA GENERICO,0.0,4.0,4.0,2025-08-10 12:57:37,6,8,Invierno
101069,AZITROMICINA 500MG TAB CJAX30UND,ACFARMA GENERICO,0.0,5.0,5.0,2025-08-10 13:14:37,7,8,Invierno
101069,AZITROMICINA 500MG TAB CJAX30UND,ACFARMA GENERICO,0.0,5.0,5.0,2025-08-10 13:55:37,7,8,Invierno
101069,AZITROMICINA 500MG TAB CJAX30UND,ACFARMA GENERICO,0.0,3.0,3.0,2025-08-10 19:35:49,6,8,Invierno
101069,AZITROMICINA 500MG TAB CJAX30UND,ACFARMA GENERICO,0.0,3.0,3.0,2025-08-10 19:53:39,10,8,Invierno
101069,AZITROMICINA 500MG TAB CJAX30UND,ACFARMA GENERICO,0.0,5.0,5.0,2025-08-10 21:24:33,7,8,Invierno
101069,AZITROMICINA 500MG TAB CJAX30UND,ACFARMA GENERICO,0.0,2.0,2.0,2025-08-11 13:33:55,2,8,Invierno
101069,AZITROMICINA 500MG TAB CJAX30UND,ACFARMA GENERICO,0.0,6.0,6.0,2025-08-11 14:42:27,13,8,Invierno
101069,AZITROMICINA 500MG TAB CJAX30UND,ACFARMA GENERICO,0.0,3.0,3.0,2025-08-11 21:07:12,2,8,Invierno
101069,AZITROMICINA 500MG TAB CJAX30UND,ACFARMA GENERICO,0.0,5.0,5.0,2025-08-12 17:24:59,3,8,Invierno
101069,AZITROMICINA 500MG TAB CJAX30UND,ACFARMA GENERICO,0.0,2.0,2.0,2025-08-13 09:25:18,12,8,Invierno
101069,AZITROMICINA 500MG TAB CJAX30UND,ACFARMA GENERICO,0.0,2.0,2.0,2025-08-13 10:23:01,1,8,Invierno
101069,AZITROMICINA 500MG TAB CJAX30UND,ACFARMA GENERICO,0.0,2.0,2.0,2025-08-13 13:41:08,8,8,Invierno
101069,AZITROMICINA 500MG TAB CJAX30UND,ACFARMA GENERICO,0.0,3.0,3.0,2025-08-13 13:47:21,1,8,Invierno
101069,AZITROMICINA 500MG TAB CJAX30UND,ACFARMA GENERICO,0.0,1.0,1.0,2025-08-13 14:02:11,1,8,Invierno
101069,AZITROMICINA 500MG TAB CJAX30UND,ACFARMA GENERICO,0.0,10.0,10.0,2025-08-13 17:54:44,14,8,Invierno
101069,AZITROMICINA 500MG TAB CJAX30UND,ACFARMA GENERICO,0.0,5.0,5.0,2025-08-13 18:12:18,11,8,Invierno
101069,AZITROMICINA 500MG TAB CJAX30UND,ACFARMA GENERICO,0.0,6.0,6.0,2025-08-13 23:07:45,10,8,Invierno
101069,AZITROMICINA 500MG TAB CJAX30UND,ACFARMA GENERICO,0.0,2.0,2.0,2025-08-14 11:36:58,5,8,Invierno
101069,AZITROMICINA 500MG TAB CJAX30UND,ACFARMA GENERICO,0.0,4.0,4.0,2025-08-14 12:07:55,1,8,Invierno
101069,AZITROMICINA 500MG TAB CJAX30UND,ACFARMA GENERICO,0.0,3.0,3.0,2025-08-14 13:48:14,15,8,Invierno
101069,AZITROMICINA 500MG TAB CJAX30UND,ACFARMA GENERICO,0.0,1.0,0.95,2025-08-14 13:56:08,16,8,Invierno
101069,AZITROMICINA 500MG TAB CJAX30UND,ACFARMA GENERICO,0.0,5.0,5.0,2025-08-14 16:19:21,1,8,Invierno
101069,AZITROMICINA 500MG TAB CJAX30UND,ACFARMA GENERICO,0.0,10.0,10.0,2025-08-14 18:42:38,16,8,Invierno
101069,AZITROMICINA 500MG TAB CJAX30UND,ACFARMA GENERICO,0.0,1.0,1.0,2025-08-14 18:44:57,1,8,Invierno
101069,AZITROMICINA 500MG TAB CJAX30UND,ACFARMA GENERICO,0.0,5.0,5.0,2025-08-14 21:16:05,8,8,Invierno
101069,AZITROMICINA 500MG TAB CJAX30UND,ACFARMA GENERICO,0.0,1.0,1.0,2025-08-14 22:01:53,6,8,Invierno
101069,AZITROMICINA 500MG TAB CJAX30UND,ACFARMA GENERICO,0.0,2.0,2.0,2025-08-15 10:20:51,1,8,Invierno
101069,AZITROMICINA 500MG TAB CJAX30UND,ACFARMA GENERICO,0.0,1.0,0.95,2025-08-15 10:21:34,4,8,Invierno
101069,AZITROMICINA 500MG TAB CJAX30UND,ACFARMA GENERICO,0.0,3.0,3.0,2025-08-15 11:55:11,1,8,Invierno
101069,AZITROMICINA 500MG TAB CJAX30UND,ACFARMA GENERICO,0.0,2.0,2.0,2025-08-15 17:32:22,2,8,Invierno
101069,AZITROMICINA 500MG TAB CJAX30UND,ACFARMA GENERICO,0.0,4.0,4.0,2025-08-15 21:50:42,5,8,Invierno
101069,AZITROMICINA 500MG TAB CJAX30UND,ACFARMA GENERICO,0.0,1.0,1.0,2025-08-16 20:25:15,1,8,Invierno
101069,AZITROMICINA 500MG TAB CJAX30UND,ACFARMA GENERICO,0.0,3.0,3.0,2025-08-16 21:22:27,5,8,Invierno
101069,AZITROMICINA 500MG TAB CJAX30UND,ACFARMA GENERICO,0.0,10.0,10.0,2025-08-16 22:52:32,4,8,Invierno
101069,AZITROMICINA 500MG TAB CJAX30UND,ACFARMA GENERICO,0.0,3.0,3.0,2025-08-17 14:53:33,3,8,Invierno
101069,AZITROMICINA 500MG TAB CJAX30UND,ACFARMA GENERICO,0.0,2.0,2.0,2025-08-17 14:54:18,7,8,Invierno
101069,AZITROMICINA 500MG TAB CJAX30UND,ACFARMA GENERICO,0.0,2.0,2.0,2025-08-18 08:56:36,9,8,Invierno
101069,AZITROMICINA 500MG TAB CJAX30UND,ACFARMA GENERICO,0.0,15.0,15.0,2025-08-18 10:54:16,1,8,Invierno
101069,AZITROMICINA 500MG TAB CJAX30UND,ACFARMA GENERICO,0.0,6.0,6.0,2025-08-18 11:11:37,7,8,Invierno
101069,AZITROMICINA 500MG TAB CJAX30UND,ACFARMA GENERICO,0.0,10.0,10.0,2025-08-18 19:51:31,9,8,Invierno
101069,AZITROMICINA 500MG TAB CJAX30UND,ACFARMA GENERICO,0.0,10.0,11.0,2025-08-18 22:01:07,2,8,Invierno
101069,AZITROMICINA 500MG TAB CJAX30UND,ACFARMA GENERICO,0.0,6.0,6.6,2025-08-19 14:22:11,5,8,Invierno
101069,AZITROMICINA 500MG TAB CJAX30UND,ACFARMA GENERICO,0.0,2.0,2.2,2025-08-19 16:37:08,1,8,Invierno
101069,AZITROMICINA 500MG TAB CJAX30UND,ACFARMA GENERICO,0.0,5.0,5.5,2025-08-19 20:57:52,16,8,Invierno
101069,AZITROMICINA 500MG TAB CJAX30UND,ACFARMA GENERICO,0.0,3.0,3.3,2025-08-20 16:43:24,5,8,Invierno
101069,AZITROMICINA 500MG TAB CJAX30UND,ACFARMA GENERICO,0.0,1.0,1.0,2025-08-21 22:16:08,7,8,Invierno
101069,AZITROMICINA 500MG TAB CJAX30UND,ACFARMA GENERICO,0.0,4.0,4.4,2025-08-21 23:38:04,16,8,Invierno
101069,AZITROMICINA 500MG TAB CJAX30UND,ACFARMA GENERICO,0.0,3.0,3.3,2025-08-22 14:08:57,10,8,Invierno
101069,AZITROMICINA 500MG TAB CJAX30UND,ACFARMA GENERICO,0.0,5.0,5.5,2025-08-24 23:13:27,5,8,Invierno
101069,AZITROMICINA 500MG TAB CJAX30UND,ACFARMA GENERICO,0.0,1.0,1.1,2025-08-25 18:34:30,5,8,Invierno
101069,AZITROMICINA 500MG TAB CJAX30UND,ACFARMA GENERICO,0.0,10.0,11.0,2025-08-25 20:04:00,1,8,Invierno
101069,AZITROMICINA 500MG TAB CJAX30UND,ACFARMA GENERICO,0.0,3.0,3.3,2025-08-25 23:12:26,5,8,Invierno
101069,AZITROMICINA 500MG TAB CJAX30UND,ACFARMA GENERICO,0.0,10.0,11.0,2025-08-27 09:24:30,6,8,Invierno
101069,AZITROMICINA 500MG TAB CJAX30UND,ACFARMA GENERICO,0.0,3.0,3.3,2025-08-28 18:13:05,9,8,Invierno
101069,AZITROMICINA 500MG TAB CJAX30UND,ACFARMA GENERICO,0.0,20.0,22.0,2025-08-28 20:11:40,5,8,Invierno
101069,AZITROMICINA 500MG TAB CJAX30UND,ACFARMA GENERICO,0.0,5.0,5.5,2025-08-29 07:45:53,13,8,Invierno
101069,AZITROMICINA 500MG TAB CJAX30UND,ACFARMA GENERICO,0.0,1.0,1.1,2025-08-29 16:44:36,1,8,Invierno
101069,AZITROMICINA 500MG TAB CJAX30UND,ACFARMA GENERICO,0.0,1.0,1.1,2025-08-29 22:05:58,3,8,Invierno
101069,AZITROMICINA 500MG TAB CJAX30UND,ACFARMA GENERICO,0.0,5.0,5.5,2025-08-30 13:51:36,2,8,Invierno
101069,AZITROMICINA 500MG TAB CJAX30UND,ACFARMA GENERICO,0.0,2.0,2.2,2025-08-30 15:41:06,9,8,Invierno
101069,AZITROMICINA 500MG TAB CJAX30UND,ACFARMA GENERICO,0.0,10.0,11.0,2025-08-31 07:09:30,13,8,Invierno
101069,AZITROMICINA 500MG TAB CJAX30UND,ACFARMA GENERICO,0.0,10.0,11.0,2025-08-31 21:58:37,12,8,Invierno
101069,AZITROMICINA 500MG TAB CJAX30UND,ACFARMA GENERICO,0.0,6.0,6.6,2025-09-01 09:24:13,9,9,Primavera
101069,AZITROMICINA 500MG TAB CJAX30UND,ACFARMA GENERICO,0.0,2.0,2.2,2025-09-01 12:40:48,9,9,Primavera
101069,AZITROMICINA 500MG TAB CJAX30UND,ACFARMA GENERICO,0.0,2.0,2.2,2025-09-01 13:05:35,6,9,Primavera
101069,AZITROMICINA 500MG TAB CJAX30UND,ACFARMA GENERICO,0.0,3.0,3.3,2025-09-01 20:07:33,16,9,Primavera
101069,AZITROMICINA 500MG TAB CJAX30UND,ACFARMA GENERICO,0.0,7.0,7.7,2025-09-01 22:16:41,1,9,Primavera
101069,AZITROMICINA 500MG TAB CJAX30UND,ACFARMA GENERICO,0.0,5.0,5.5,2025-09-02 10:37:55,9,9,Primavera
101069,AZITROMICINA 500MG TAB CJAX30UND,ACFARMA GENERICO,0.0,1.0,1.1,2025-09-02 19:05:23,7,9,Primavera
101069,AZITROMICINA 500MG TAB CJAX30UND,ACFARMA GENERICO,0.0,5.0,5.5,2025-09-03 08:03:32,4,9,Primavera
101069,AZITROMICINA 500MG TAB CJAX30UND,ACFARMA GENERICO,0.0,2.0,2.2,2025-09-03 12:03:03,9,9,Primavera
101069,AZITROMICINA 500MG TAB CJAX30UND,ACFARMA GENERICO,0.0,1.0,1.1,2025-09-03 14:53:22,5,9,Primavera
101069,AZITROMICINA 500MG TAB CJAX30UND,ACFARMA GENERICO,0.0,1.0,1.1,2025-09-03 18:51:46,7,9,Primavera
101069,AZITROMICINA 500MG TAB CJAX30UND,ACFARMA GENERICO,0.0,6.0,6.6,2025-09-04 22:05:21,14,9,Primavera
101069,AZITROMICINA 500MG TAB CJAX30UND,ACFARMA GENERICO,0.0,1.0,1.1,2025-09-05 07:05:46,6,9,Primavera
101069,AZITROMICINA 500MG TAB CJAX30UND,ACFARMA GENERICO,0.0,5.0,5.5,2025-09-05 09:29:25,9,9,Primavera
101069,AZITROMICINA 500MG TAB CJAX30UND,ACFARMA GENERICO,0.0,1.0,1.1,2025-09-05 21:19:54,9,9,Primavera
101069,AZITROMICINA 500MG TAB CJAX30UND,ACFARMA GENERICO,0.0,2.0,2.2,2025-09-06 19:45:50,6,9,Primavera
101069,AZITROMICINA 500MG TAB CJAX30UND,ACFARMA GENERICO,0.0,1.0,1.1,2025-09-07 11:27:40,12,9,Primavera
101069,AZITROMICINA 500MG TAB CJAX30UND,ACFARMA GENERICO,0.0,1.0,1.1,2025-09-07 18:39:31,9,9,Primavera
101069,AZITROMICINA 500MG TAB CJAX30UND,ACFARMA GENERICO,0.0,10.0,11.0,2025-09-08 18:00:36,9,9,Primavera
101069,AZITROMICINA 500MG TAB CJAX30UND,ACFARMA GENERICO,0.0,5.0,5.5,2025-09-08 22:39:00,6,9,Primavera
101069,AZITROMICINA 500MG TAB CJAX30UND,ACFARMA GENERICO,0.0,2.0,2.2,2025-09-09 14:39:10,14,9,Primavera
101069,AZITROMICINA 500MG TAB CJAX30UND,ACFARMA GENERICO,0.0,1.0,1.04,2025-09-09 16:02:13,6,9,Primavera
101069,AZITROMICINA 500MG TAB CJAX30UND,ACFARMA GENERICO,0.0,5.0,5.5,2025-09-09 21:04:51,16,9,Primavera
101069,AZITROMICINA 500MG TAB CJAX30UND,ACFARMA GENERICO,0.0,4.0,4.4,2025-09-09 22:29:22,4,9,Primavera
101069,AZITROMICINA 500MG TAB CJAX30UND,ACFARMA GENERICO,0.0,4.0,4.4,2025-09-10 10:38:14,6,9,Primavera
101069,AZITROMICINA 500MG TAB CJAX30UND,ACFARMA GENERICO,0.0,3.0,3.3,2025-09-10 19:47:43,16,9,Primavera
101069,AZITROMICINA 500MG TAB CJAX30UND,ACFARMA GENERICO,0.0,1.0,1.1,2025-09-10 21:02:53,9,9,Primavera
101069,AZITROMICINA 500MG TAB CJAX30UND,ACFARMA GENERICO,0.0,2.0,2.2,2025-09-11 08:20:08,9,9,Primavera
101069,AZITROMICINA 500MG TAB CJAX30UND,ACFARMA GENERICO,0.0,10.0,11.0,2025-09-11 08:51:17,8,9,Primavera
101069,AZITROMICINA 500MG TAB CJAX30UND,ACFARMA GENERICO,0.0,3.0,3.3,2025-09-11 14:19:53,9,9,Primavera
101069,AZITROMICINA 500MG TAB CJAX30UND,ACFARMA GENERICO,0.0,10.0,11.0,2025-09-11 17:47:31,6,9,Primavera
101069,AZITROMICINA 500MG TAB CJAX30UND,ACFARMA GENERICO,0.0,2.0,2.2,2025-09-11 21:38:06,1,9,Primavera
101069,AZITROMICINA 500MG TAB CJAX30UND,ACFARMA GENERICO,0.0,3.0,3.3,2025-09-11 21:57:17,16,9,Primavera
101069,AZITROMICINA 500MG TAB CJAX30UND,ACFARMA GENERICO,0.0,1.0,1.1,2025-09-12 11:21:42,14,9,Primavera
101069,AZITROMICINA 500MG TAB CJAX30UND,ACFARMA GENERICO,0.0,3.0,3.3,2025-09-12 15:53:17,4,9,Primavera
101069,AZITROMICINA 500MG TAB CJAX30UND,ACFARMA GENERICO,0.0,6.0,6.6,2025-09-12 19:09:51,3,9,Primavera
101069,AZITROMICINA 500MG TAB CJAX30UND,ACFARMA GENERICO,0.0,6.0,6.6,2025-09-13 17:18:28,12,9,Primavera
101069,AZITROMICINA 500MG TAB CJAX30UND,ACFARMA GENERICO,0.0,3.0,3.3,2025-09-14 11:48:12,11,9,Primavera
101069,AZITROMICINA 500MG TAB CJAX30UND,ACFARMA GENERICO,0.0,2.0,2.2,2025-09-14 16:21:56,5,9,Primavera
101069,AZITROMICINA 500MG TAB CJAX30UND,ACFARMA GENERICO,0.0,10.0,11.0,2025-09-15 09:12:33,4,9,Primavera
101069,AZITROMICINA 500MG TAB CJAX30UND,ACFARMA GENERICO,0.0,5.0,4.45,2025-09-16 15:18:00,2,9,Primavera
101069,AZITROMICINA 500MG TAB CJAX30UND,ACFARMA GENERICO,0.0,1.0,1.04,2025-09-16 21:35:46,10,9,Primavera
101069,AZITROMICINA 500MG TAB CJAX30UND,ACFARMA GENERICO,0.0,5.0,5.5,2025-09-17 14:52:20,7,9,Primavera
101069,AZITROMICINA 500MG TAB CJAX30UND,ACFARMA GENERICO,0.0,1.0,1.1,2025-09-18 08:19:48,4,9,Primavera
101069,AZITROMICINA 500MG TAB CJAX30UND,ACFARMA GENERICO,0.0,6.0,6.6,2025-09-18 19:00:33,6,9,Primavera
101069,AZITROMICINA 500MG TAB CJAX30UND,ACFARMA GENERICO,0.0,3.0,3.3,2025-09-19 11:21:26,9,9,Primavera
101069,AZITROMICINA 500MG TAB CJAX30UND,ACFARMA GENERICO,0.0,2.0,2.2,2025-09-20 09:59:34,8,9,Primavera
101069,AZITROMICINA 500MG TAB CJAX30UND,ACFARMA GENERICO,0.0,2.0,2.2,2025-09-20 11:59:44,16,9,Primavera
101069,AZITROMICINA 500MG TAB CJAX30UND,ACFARMA GENERICO,0.0,1.0,1.1,2025-09-20 20:12:48,8,9,Primavera
101069,AZITROMICINA 500MG TAB CJAX30UND,ACFARMA GENERICO,0.0,4.0,4.4,2025-09-21 14:53:44,5,9,Primavera
101069,AZITROMICINA 500MG TAB CJAX30UND,ACFARMA GENERICO,0.0,2.0,2.2,2025-09-21 15:16:17,2,9,Primavera
101069,AZITROMICINA 500MG TAB CJAX30UND,ACFARMA GENERICO,0.0,4.0,4.4,2025-09-22 08:18:06,2,9,Primavera
101069,AZITROMICINA 500MG TAB CJAX30UND,ACFARMA GENERICO,0.0,4.0,4.4,2025-09-22 12:19:45,1,9,Primavera
101069,AZITROMICINA 500MG TAB CJAX30UND,ACFARMA GENERICO,0.0,4.0,4.4,2025-09-22 17:44:15,12,9,Primavera
101069,AZITROMICINA 500MG TAB CJAX30UND,ACFARMA GENERICO,0.0,3.0,3.3,2025-09-24 20:41:23,8,9,Primavera
101069,AZITROMICINA 500MG TAB CJAX30UND,ACFARMA GENERICO,0.0,3.0,3.3,2025-09-25 18:09:24,1,9,Primavera
101069,AZITROMICINA 500MG TAB CJAX30UND,ACFARMA GENERICO,0.0,3.0,3.3,2025-09-25 18:15:39,2,9,Primavera
101069,AZITROMICINA 500MG TAB CJAX30UND,ACFARMA GENERICO,0.0,3.0,3.12,2025-09-25 21:23:16,2,9,Primavera
101069,AZITROMICINA 500MG TAB CJAX30UND,ACFARMA GENERICO,0.0,2.0,2.2,2025-09-26 22:57:56,12,9,Primavera
101069,AZITROMICINA 500MG TAB CJAX30UND,ACFARMA GENERICO,0.0,1.0,1.1,2025-09-26 23:55:30,10,9,Primavera
101069,AZITROMICINA 500MG TAB CJAX30UND,ACFARMA GENERICO,0.0,10.0,11.0,2025-09-27 09:27:45,4,9,Primavera
101069,AZITROMICINA 500MG TAB CJAX30UND,ACFARMA GENERICO,0.0,10.0,11.0,2025-09-27 15:28:38,13,9,Primavera
101069,AZITROMICINA 500MG TAB CJAX30UND,ACFARMA GENERICO,0.0,3.0,3.3,2025-09-27 15:57:40,8,9,Primavera
101069,AZITROMICINA 500MG TAB CJAX30UND,ACFARMA GENERICO,0.0,2.0,2.2,2025-09-27 18:25:10,2,9,Primavera
101069,AZITROMICINA 500MG TAB CJAX30UND,ACFARMA GENERICO,0.0,3.0,3.3,2025-09-27 19:24:16,16,9,Primavera
101069,AZITROMICINA 500MG TAB CJAX30UND,ACFARMA GENERICO,0.0,5.0,5.5,2025-09-27 19:29:34,10,9,Primavera
101069,AZITROMICINA 500MG TAB CJAX30UND,ACFARMA GENERICO,0.0,5.0,5.5,2025-09-27 23:16:09,4,9,Primavera
101069,AZITROMICINA 500MG TAB CJAX30UND,ACFARMA GENERICO,0.0,10.0,11.0,2025-09-27 23:30:08,5,9,Primavera
101069,AZITROMICINA 500MG TAB CJAX30UND,ACFARMA GENERICO,0.0,3.0,3.3,2025-09-27 23:40:27,4,9,Primavera
101069,AZITROMICINA 500MG TAB CJAX30UND,ACFARMA GENERICO,0.0,4.0,4.4,2025-09-29 08:48:28,11,9,Primavera
101069,AZITROMICINA 500MG TAB CJAX30UND,ACFARMA GENERICO,0.0,6.0,6.6,2025-09-29 10:35:02,11,9,Primavera
101069,AZITROMICINA 500MG TAB CJAX30UND,ACFARMA GENERICO,0.0,1.0,1.1,2025-09-29 19:34:47,16,9,Primavera
101069,AZITROMICINA 500MG TAB CJAX30UND,ACFARMA GENERICO,0.0,5.0,5.5,2025-09-29 20:27:51,8,9,Primavera
101069,AZITROMICINA 500MG TAB CJAX30UND,ACFARMA GENERICO,0.0,2.0,2.2,2025-09-29 21:33:02,3,9,Primavera
101069,AZITROMICINA 500MG TAB CJAX30UND,ACFARMA GENERICO,0.0,1.0,1.1,2025-09-30 07:52:20,15,9,Primavera
101069,AZITROMICINA 500MG TAB CJAX30UND,ACFARMA GENERICO,0.0,1.0,1.1,2025-09-30 17:05:04,16,9,Primavera
101069,AZITROMICINA 500MG TAB CJAX30UND,ACFARMA GENERICO,0.0,1.0,1.1,2025-09-30 18:28:41,9,9,Primavera
101069,AZITROMICINA 500MG TAB CJAX30UND,ACFARMA GENERICO,0.0,2.0,2.2,2025-10-01 08:55:53,6,10,Primavera
101069,AZITROMICINA 500MG TAB CJAX30UND,ACFARMA GENERICO,0.0,10.0,11.0,2025-10-01 17:45:36,5,10,Primavera
101069,AZITROMICINA 500MG TAB CJAX30UND,ACFARMA GENERICO,0.0,1.0,1.1,2025-10-01 18:02:47,15,10,Primavera
101069,AZITROMICINA 500MG TAB CJAX30UND,ACFARMA GENERICO,0.0,3.0,3.3,2025-10-02 10:14:30,4,10,Primavera
101069,AZITROMICINA 500MG TAB CJAX30UND,ACFARMA GENERICO,0.0,5.0,5.5,2025-10-02 13:43:03,11,10,Primavera
101069,AZITROMICINA 500MG TAB CJAX30UND,ACFARMA GENERICO,0.0,4.0,4.4,2025-10-03 10:59:15,5,10,Primavera
101069,AZITROMICINA 500MG TAB CJAX30UND,ACFARMA GENERICO,0.0,-5.0,-5.2,2025-10-03 12:00:00,6,10,Primavera
101069,AZITROMICINA 500MG TAB CJAX30UND,ACFARMA GENERICO,0.0,5.0,5.2,2025-10-03 18:54:17,6,10,Primavera
101069,AZITROMICINA 500MG TAB CJAX30UND,ACFARMA GENERICO,0.0,2.0,2.2,2025-10-03 21:44:13,14,10,Primavera
101069,AZITROMICINA 500MG TAB CJAX30UND,ACFARMA GENERICO,0.0,10.0,11.0,2025-10-04 07:57:42,15,10,Primavera
101069,AZITROMICINA 500MG TAB CJAX30UND,ACFARMA GENERICO,0.0,5.0,5.5,2025-10-04 22:27:24,5,10,Primavera
101069,AZITROMICINA 500MG TAB CJAX30UND,ACFARMA GENERICO,0.0,2.0,2.2,2025-10-05 14:28:49,11,10,Primavera
101069,AZITROMICINA 500MG TAB CJAX30UND,ACFARMA GENERICO,0.0,3.0,3.3,2025-10-06 15:47:35,3,10,Primavera
101069,AZITROMICINA 500MG TAB CJAX30UND,ACFARMA GENERICO,0.0,4.0,4.4,2025-10-06 17:20:57,2,10,Primavera
101069,AZITROMICINA 500MG TAB CJAX30UND,ACFARMA GENERICO,0.0,4.0,4.4,2025-10-06 18:55:36,11,10,Primavera
101069,AZITROMICINA 500MG TAB CJAX30UND,ACFARMA GENERICO,0.0,2.0,2.2,2025-10-07 20:49:53,4,10,Primavera
101069,AZITROMICINA 500MG TAB CJAX30UND,ACFARMA GENERICO,0.0,1.0,1.1,2025-10-08 19:55:32,2,10,Primavera
101069,AZITROMICINA 500MG TAB CJAX30UND,ACFARMA GENERICO,0.0,1.0,1.1,2025-10-09 21:26:43,5,10,Primavera
101069,AZITROMICINA 500MG TAB CJAX30UND,ACFARMA GENERICO,0.0,10.0,11.0,2025-10-10 09:50:48,3,10,Primavera
101069,AZITROMICINA 500MG TAB CJAX30UND,ACFARMA GENERICO,0.0,4.0,4.4,2025-10-11 12:26:25,6,10,Primavera
101069,AZITROMICINA 500MG TAB CJAX30UND,ACFARMA GENERICO,0.0,10.0,11.0,2025-10-12 09:26:13,11,10,Primavera
101069,AZITROMICINA 500MG TAB CJAX30UND,ACFARMA GENERICO,0.0,3.0,3.3,2025-10-15 21:46:13,10,10,Primavera
101069,AZITROMICINA 500MG TAB CJAX30UND,ACFARMA GENERICO,0.0,3.0,3.3,2025-10-16 13:20:45,11,10,Primavera
101069,AZITROMICINA 500MG TAB CJAX30UND,ACFARMA GENERICO,0.0,1.0,1.1,2025-10-17 10:00:57,2,10,Primavera
101069,AZITROMICINA 500MG TAB CJAX30UND,ACFARMA GENERICO,0.0,1.0,1.1,2025-10-18 09:41:33,9,10,Primavera
101069,AZITROMICINA 500MG TAB CJAX30UND,ACFARMA GENERICO,0.0,2.0,2.2,2025-10-19 16:38:01,8,10,Primavera
101069,AZITROMICINA 500MG TAB CJAX30UND,ACFARMA GENERICO,0.0,5.0,5.5,2025-10-21 12:31:37,15,10,Primavera
101069,AZITROMICINA 500MG TAB CJAX30UND,ACFARMA GENERICO,0.0,5.0,5.5,2025-10-22 07:57:33,15,10,Primavera
101069,AZITROMICINA 500MG TAB CJAX30UND,ACFARMA GENERICO,0.0,3.0,3.3,2025-10-23 20:27:04,15,10,Primavera
101069,AZITROMICINA 500MG TAB CJAX30UND,ACFARMA GENERICO,0.0,5.0,5.5,2025-10-24 18:22:38,14,10,Primavera
101069,AZITROMICINA 500MG TAB CJAX30UND,ACFARMA GENERICO,0.0,3.0,3.3,2025-10-24 19:10:53,15,10,Primavera
101069,AZITROMICINA 500MG TAB CJAX30UND,ACFARMA GENERICO,0.0,3.0,3.3,2025-10-24 21:01:13,1,10,Primavera
101069,AZITROMICINA 500MG TAB CJAX30UND,ACFARMA GENERICO,0.0,5.0,5.5,2025-10-24 21:23:03,2,10,Primavera
101069,AZITROMICINA 500MG TAB CJAX30UND,ACFARMA GENERICO,2.0,0.0,66.0,2025-10-25 11:27:47,12,10,Primavera
101069,AZITROMICINA 500MG TAB CJAX30UND,ACFARMA GENERICO,-2.0,0.0,-66.0,2025-10-25 11:44:38,12,10,Primavera
101069,AZITROMICINA 500MG TAB CJAX30UND,ACFARMA GENERICO,0.0,1.0,1.1,2025-10-25 14:20:31,11,10,Primavera
101069,AZITROMICINA 500MG TAB CJAX30UND,ACFARMA GENERICO,0.0,2.0,2.2,2025-10-25 20:12:38,2,10,Primavera
101069,AZITROMICINA 500MG TAB CJAX30UND,ACFARMA GENERICO,0.0,3.0,3.3,2025-10-25 21:03:23,2,10,Primavera
101069,AZITROMICINA 500MG TAB CJAX30UND,ACFARMA GENERICO,0.0,2.0,2.2,2025-10-26 22:30:48,15,10,Primavera
101069,AZITROMICINA 500MG TAB CJAX30UND,ACFARMA GENERICO,0.0,3.0,3.3,2025-10-27 16:47:54,16,10,Primavera
101069,AZITROMICINA 500MG TAB CJAX30UND,ACFARMA GENERICO,0.0,3.0,3.3,2025-10-27 19:45:35,15,10,Primavera
101069,AZITROMICINA 500MG TAB CJAX30UND,ACFARMA GENERICO,0.0,5.0,5.5,2025-10-27 20:56:06,1,10,Primavera
101069,AZITROMICINA 500MG TAB CJAX30UND,ACFARMA GENERICO,0.0,8.0,8.8,2025-10-28 10:33:04,6,10,Primavera
101069,AZITROMICINA 500MG TAB CJAX30UND,ACFARMA GENERICO,0.0,5.0,5.5,2025-10-29 07:15:51,14,10,Primavera
101069,AZITROMICINA 500MG TAB CJAX30UND,ACFARMA GENERICO,0.0,3.0,3.3,2025-10-29 09:23:54,11,10,Primavera
101069,AZITROMICINA 500MG TAB CJAX30UND,ACFARMA GENERICO,0.0,3.0,3.3,2025-10-29 12:01:02,2,10,Primavera
101069,AZITROMICINA 500MG TAB CJAX30UND,ACFARMA GENERICO,0.0,1.0,1.1,2025-10-29 12:18:49,2,10,Primavera
101069,AZITROMICINA 500MG TAB CJAX30UND,ACFARMA GENERICO,0.0,2.0,2.6,2025-10-29 21:08:57,1,10,Primavera
101069,AZITROMICINA 500MG TAB CJAX30UND,ACFARMA GENERICO,0.0,3.0,3.9,2025-10-29 22:03:52,15,10,Primavera
101069,AZITROMICINA 500MG TAB CJAX30UND,ACFARMA GENERICO,0.0,10.0,13.0,2025-10-30 10:48:36,11,10,Primavera
101069,AZITROMICINA 500MG TAB CJAX30UND,ACFARMA GENERICO,0.0,6.0,7.8,2025-10-30 17:44:38,1,10,Primavera
101069,AZITROMICINA 500MG TAB CJAX30UND,ACFARMA GENERICO,0.0,3.0,3.9,2025-10-30 19:54:42,2,10,Primavera
101069,AZITROMICINA 500MG TAB CJAX30UND,ACFARMA GENERICO,0.0,3.0,3.9,2025-10-31 07:36:25,6,10,Primavera
101069,AZITROMICINA 500MG TAB CJAX30UND,ACFARMA GENERICO,0.0,4.0,5.2,2025-10-31 10:55:39,9,10,Primavera
101069,AZITROMICINA 500MG TAB CJAX30UND,ACFARMA GENERICO,0.0,10.0,13.0,2025-10-31 16:25:05,15,10,Primavera
101069,AZITROMICINA 500MG TAB CJAX30UND,ACFARMA GENERICO,0.0,2.0,2.6,2025-10-31 19:15:31,1,10,Primavera
101069,AZITROMICINA 500MG TAB CJAX30UND,ACFARMA GENERICO,0.0,3.0,3.9,2025-10-31 20:43:44,1,10,Primavera
101069,AZITROMICINA 500MG TAB CJAX30UND,ACFARMA GENERICO,0.0,10.0,13.0,2025-10-31 21:19:34,16,10,Primavera
101069,AZITROMICINA 500MG TAB CJAX30UND,ACFARMA GENERICO,0.0,3.0,3.9,2025-10-31 22:09:42,7,10,Primavera
101069,AZITROMICINA 500MG TAB CJAX30UND,ACFARMA GENERICO,0.0,1.0,1.3,2025-10-31 23:07:05,10,10,Primavera
101069,AZITROMICINA 500MG TAB CJAX30UND,ACFARMA GENERICO,0.0,3.0,3.69,2025-11-01 17:37:35,2,11,Primavera
101069,AZITROMICINA 500MG TAB CJAX30UND,ACFARMA GENERICO,0.0,3.0,3.9,2025-11-01 19:34:02,3,11,Primavera
101069,AZITROMICINA 500MG TAB CJAX30UND,ACFARMA GENERICO,0.0,1.0,1.23,2025-11-01 22:52:32,10,11,Primavera
101069,AZITROMICINA 500MG TAB CJAX30UND,ACFARMA GENERICO,0.0,4.0,5.2,2025-11-02 09:26:19,5,11,Primavera
101069,AZITROMICINA 500MG TAB CJAX30UND,ACFARMA GENERICO,0.0,2.0,2.6,2025-11-02 18:10:19,7,11,Primavera
101069,AZITROMICINA 500MG TAB CJAX30UND,ACFARMA GENERICO,0.0,3.0,3.9,2025-11-02 19:33:05,15,11,Primavera
101069,AZITROMICINA 500MG TAB CJAX30UND,ACFARMA GENERICO,0.0,3.0,3.9,2025-11-03 14:54:16,14,11,Primavera
101069,AZITROMICINA 500MG TAB CJAX30UND,ACFARMA GENERICO,0.0,1.0,1.3,2025-11-03 14:55:27,10,11,Primavera
101069,AZITROMICINA 500MG TAB CJAX30UND,ACFARMA GENERICO,0.0,3.0,3.9,2025-11-03 16:56:50,5,11,Primavera
101069,AZITROMICINA 500MG TAB CJAX30UND,ACFARMA GENERICO,0.0,1.0,1.3,2025-11-04 12:56:33,3,11,Primavera
101069,AZITROMICINA 500MG TAB CJAX30UND,ACFARMA GENERICO,0.0,1.0,1.23,2025-11-04 15:26:01,5,11,Primavera
101069,AZITROMICINA 500MG TAB CJAX30UND,ACFARMA GENERICO,0.0,4.0,5.2,2025-11-04 18:28:45,1,11,Primavera
101069,AZITROMICINA 500MG TAB CJAX30UND,ACFARMA GENERICO,0.0,5.0,6.5,2025-11-04 18:56:57,11,11,Primavera
101069,AZITROMICINA 500MG TAB CJAX30UND,ACFARMA GENERICO,0.0,1.0,1.3,2025-11-04 20:37:32,9,11,Primavera
101069,AZITROMICINA 500MG TAB CJAX30UND,ACFARMA GENERICO,0.0,5.0,6.5,2025-11-05 10:18:56,1,11,Primavera
101069,AZITROMICINA 500MG TAB CJAX30UND,ACFARMA GENERICO,0.0,6.0,7.8,2025-11-05 10:52:19,11,11,Primavera
101069,AZITROMICINA 500MG TAB CJAX30UND,ACFARMA GENERICO,0.0,4.0,5.2,2025-11-05 19:03:12,9,11,Primavera
101069,AZITROMICINA 500MG TAB CJAX30UND,ACFARMA GENERICO,0.0,5.0,6.5,2025-11-05 20:47:50,1,11,Primavera
101069,AZITROMICINA 500MG TAB CJAX30UND,ACFARMA GENERICO,0.0,5.0,6.5,2025-11-06 00:24:03,10,11,Primavera
101069,AZITROMICINA 500MG TAB CJAX30UND,ACFARMA GENERICO,0.0,3.0,3.9,2025-11-06 12:58:13,16,11,Primavera
101069,AZITROMICINA 500MG TAB CJAX30UND,ACFARMA GENERICO,0.0,6.0,7.8,2025-11-06 17:23:15,5,11,Primavera
101069,AZITROMICINA 500MG TAB CJAX30UND,ACFARMA GENERICO,0.0,5.0,6.5,2025-11-06 18:11:55,9,11,Primavera
101069,AZITROMICINA 500MG TAB CJAX30UND,ACFARMA GENERICO,0.0,3.0,3.9,2025-11-06 19:35:06,1,11,Primavera
101069,AZITROMICINA 500MG TAB CJAX30UND,ACFARMA GENERICO,0.0,3.0,3.9,2025-11-06 20:09:16,1,11,Primavera
101069,AZITROMICINA 500MG TAB CJAX30UND,ACFARMA GENERICO,0.0,5.0,6.5,2025-11-06 21:53:56,2,11,Primavera
101069,AZITROMICINA 500MG TAB CJAX30UND,ACFARMA GENERICO,0.0,2.0,2.6,2025-11-07 08:22:36,9,11,Primavera
101069,AZITROMICINA 500MG TAB CJAX30UND,ACFARMA GENERICO,0.0,2.0,2.6,2025-11-07 09:23:55,3,11,Primavera
101069,AZITROMICINA 500MG TAB CJAX30UND,ACFARMA GENERICO,0.0,6.0,7.02,2025-11-07 16:41:57,2,11,Primavera
101069,AZITROMICINA 500MG TAB CJAX30UND,ACFARMA GENERICO,0.0,10.0,13.0,2025-11-08 07:59:33,5,11,Primavera
101069,AZITROMICINA 500MG TAB CJAX30UND,ACFARMA GENERICO,0.0,3.0,3.9,2025-11-08 17:50:43,16,11,Primavera
101069,AZITROMICINA 500MG TAB CJAX30UND,ACFARMA GENERICO,0.0,4.0,5.2,2025-11-08 21:54:57,16,11,Primavera
101069,AZITROMICINA 500MG TAB CJAX30UND,ACFARMA GENERICO,0.0,5.0,6.5,2025-11-09 12:08:01,4,11,Primavera
101069,AZITROMICINA 500MG TAB CJAX30UND,ACFARMA GENERICO,0.0,2.0,2.6,2025-11-09 15:27:24,11,11,Primavera
101069,AZITROMICINA 500MG TAB CJAX30UND,ACFARMA GENERICO,0.0,2.0,2.6,2025-11-09 17:07:40,8,11,Primavera
101069,AZITROMICINA 500MG TAB CJAX30UND,ACFARMA GENERICO,0.0,5.0,6.15,2025-11-09 18:08:41,16,11,Primavera
101069,AZITROMICINA 500MG TAB CJAX30UND,ACFARMA GENERICO,0.0,3.0,3.9,2025-11-09 18:46:30,15,11,Primavera
101069,AZITROMICINA 500MG TAB CJAX30UND,ACFARMA GENERICO,0.0,3.0,3.9,2025-11-09 20:01:27,8,11,Primavera
101069,AZITROMICINA 500MG TAB CJAX30UND,ACFARMA GENERICO,0.0,2.0,2.6,2025-11-09 21:33:12,16,11,Primavera
101069,AZITROMICINA 500MG TAB CJAX30UND,ACFARMA GENERICO,0.0,10.0,13.0,2025-11-10 09:42:30,10,11,Primavera
101069,AZITROMICINA 500MG TAB CJAX30UND,ACFARMA GENERICO,0.0,15.0,19.5,2025-11-10 11:09:47,11,11,Primavera
101069,AZITROMICINA 500MG TAB CJAX30UND,ACFARMA GENERICO,0.0,4.0,5.2,2025-11-10 11:26:44,1,11,Primavera
101069,AZITROMICINA 500MG TAB CJAX30UND,ACFARMA GENERICO,0.0,3.0,3.9,2025-11-10 18:18:25,11,11,Primavera
101069,AZITROMICINA 500MG TAB CJAX30UND,ACFARMA GENERICO,0.0,3.0,3.9,2025-11-10 19:06:02,16,11,Primavera
101069,AZITROMICINA 500MG TAB CJAX30UND,ACFARMA GENERICO,0.0,3.0,3.9,2025-11-10 19:31:24,1,11,Primavera
101069,AZITROMICINA 500MG TAB CJAX30UND,ACFARMA GENERICO,0.0,1.0,1.3,2025-11-10 20:20:47,16,11,Primavera
101069,AZITROMICINA 500MG TAB CJAX30UND,ACFARMA GENERICO,0.0,4.0,5.2,2025-11-11 13:10:56,11,11,Primavera
101069,AZITROMICINA 500MG TAB CJAX30UND,ACFARMA GENERICO,0.0,3.0,3.9,2025-11-11 13:46:04,1,11,Primavera
101069,AZITROMICINA 500MG TAB CJAX30UND,ACFARMA GENERICO,0.0,5.0,6.5,2025-11-11 17:46:57,7,11,Primavera
101069,AZITROMICINA 500MG TAB CJAX30UND,ACFARMA GENERICO,0.0,1.0,1.3,2025-11-11 17:52:27,11,11,Primavera
101069,AZITROMICINA 500MG TAB CJAX30UND,ACFARMA GENERICO,0.0,5.0,6.5,2025-11-11 18:50:15,7,11,Primavera
101069,AZITROMICINA 500MG TAB CJAX30UND,ACFARMA GENERICO,0.0,3.0,3.9,2025-11-11 20:44:27,2,11,Primavera
101069,AZITROMICINA 500MG TAB CJAX30UND,ACFARMA GENERICO,0.0,1.0,1.3,2025-11-12 07:26:46,12,11,Primavera
101069,AZITROMICINA 500MG TAB CJAX30UND,ACFARMA GENERICO,0.0,1.0,1.3,2025-11-12 11:20:38,6,11,Primavera
101069,AZITROMICINA 500MG TAB CJAX30UND,ACFARMA GENERICO,0.0,2.0,2.6,2025-11-12 11:46:39,9,11,Primavera
101069,AZITROMICINA 500MG TAB CJAX30UND,ACFARMA GENERICO,0.0,3.0,3.9,2025-11-12 17:30:35,14,11,Primavera
101069,AZITROMICINA 500MG TAB CJAX30UND,ACFARMA GENERICO,0.0,1.0,1.3,2025-11-13 08:21:38,3,11,Primavera
101069,AZITROMICINA 500MG TAB CJAX30UND,ACFARMA GENERICO,0.0,5.0,6.5,2025-11-13 08:49:31,3,11,Primavera
101069,AZITROMICINA 500MG TAB CJAX30UND,ACFARMA GENERICO,0.0,2.0,2.6,2025-11-13 10:09:52,5,11,Primavera
101069,AZITROMICINA 500MG TAB CJAX30UND,ACFARMA GENERICO,0.0,10.0,13.0,2025-11-13 14:39:38,16,11,Primavera
101069,AZITROMICINA 500MG TAB CJAX30UND,ACFARMA GENERICO,0.0,-10.0,-13.0,2025-11-13 16:18:02,16,11,Primavera
101069,AZITROMICINA 500MG TAB CJAX30UND,ACFARMA GENERICO,0.0,10.0,13.0,2025-11-13 16:18:48,16,11,Primavera
101069,AZITROMICINA 500MG TAB CJAX30UND,ACFARMA GENERICO,0.0,2.0,2.6,2025-11-13 19:22:05,10,11,Primavera
101069,AZITROMICINA 500MG TAB CJAX30UND,ACFARMA GENERICO,0.0,3.0,3.9,2025-11-14 20:57:17,2,11,Primavera
101069,AZITROMICINA 500MG TAB CJAX30UND,ACFARMA GENERICO,0.0,2.0,2.6,2025-11-14 22:04:58,7,11,Primavera
101069,AZITROMICINA 500MG TAB CJAX30UND,ACFARMA GENERICO,0.0,2.0,2.6,2025-11-15 17:56:38,3,11,Primavera
101069,AZITROMICINA 500MG TAB CJAX30UND,ACFARMA GENERICO,0.0,1.0,1.3,2025-11-15 23:45:36,4,11,Primavera
101069,AZITROMICINA 500MG TAB CJAX30UND,ACFARMA GENERICO,0.0,2.0,2.6,2025-11-16 12:16:44,11,11,Primavera
101069,AZITROMICINA 500MG TAB CJAX30UND,ACFARMA GENERICO,0.0,10.0,13.0,2025-11-16 18:25:31,9,11,Primavera
101069,AZITROMICINA 500MG TAB CJAX30UND,ACFARMA GENERICO,0.0,10.0,13.0,2025-11-16 20:17:01,8,11,Primavera
101069,AZITROMICINA 500MG TAB CJAX30UND,ACFARMA GENERICO,0.0,5.0,6.5,2025-11-16 21:08:53,2,11,Primavera
101069,AZITROMICINA 500MG TAB CJAX30UND,ACFARMA GENERICO,0.0,4.0,5.2,2025-11-16 22:05:09,5,11,Primavera
101069,AZITROMICINA 500MG TAB CJAX30UND,ACFARMA GENERICO,0.0,3.0,3.9,2025-11-17 09:27:21,6,11,Primavera
101069,AZITROMICINA 500MG TAB CJAX30UND,ACFARMA GENERICO,0.0,1.0,1.3,2025-11-17 12:36:46,1,11,Primavera
101069,AZITROMICINA 500MG TAB CJAX30UND,ACFARMA GENERICO,0.0,2.0,2.6,2025-11-17 14:48:21,9,11,Primavera
101069,AZITROMICINA 500MG TAB CJAX30UND,ACFARMA GENERICO,0.0,3.0,3.9,2025-11-17 18:50:46,3,11,Primavera
101069,AZITROMICINA 500MG TAB CJAX30UND,ACFARMA GENERICO,0.0,1.0,1.3,2025-11-17 20:24:10,2,11,Primavera
101069,AZITROMICINA 500MG TAB CJAX30UND,ACFARMA GENERICO,0.0,5.0,6.5,2025-11-18 07:47:42,1,11,Primavera
101069,AZITROMICINA 500MG TAB CJAX30UND,ACFARMA GENERICO,0.0,-5.0,-6.5,2025-11-18 07:50:56,1,11,Primavera
101069,AZITROMICINA 500MG TAB CJAX30UND,ACFARMA GENERICO,0.0,3.0,3.9,2025-11-18 16:51:20,2,11,Primavera
101069,AZITROMICINA 500MG TAB CJAX30UND,ACFARMA GENERICO,0.0,4.0,5.2,2025-11-18 20:50:49,2,11,Primavera
101069,AZITROMICINA 500MG TAB CJAX30UND,ACFARMA GENERICO,0.0,1.0,1.3,2025-11-19 12:29:41,4,11,Primavera
101069,AZITROMICINA 500MG TAB CJAX30UND,ACFARMA GENERICO,0.0,3.0,3.9,2025-11-19 20:49:50,2,11,Primavera
101069,AZITROMICINA 500MG TAB CJAX30UND,ACFARMA GENERICO,0.0,1.0,1.3,2025-11-20 07:15:58,2,11,Primavera
101069,AZITROMICINA 500MG TAB CJAX30UND,ACFARMA GENERICO,0.0,1.0,1.3,2025-11-20 09:31:46,12,11,Primavera
101069,AZITROMICINA 500MG TAB CJAX30UND,ACFARMA GENERICO,0.0,4.0,5.2,2025-11-20 09:47:10,11,11,Primavera
101069,AZITROMICINA 500MG TAB CJAX30UND,ACFARMA GENERICO,0.0,3.0,3.9,2025-11-20 14:38:53,7,11,Primavera
101069,AZITROMICINA 500MG TAB CJAX30UND,ACFARMA GENERICO,0.0,1.0,1.3,2025-11-20 20:50:47,1,11,Primavera
101069,AZITROMICINA 500MG TAB CJAX30UND,ACFARMA GENERICO,0.0,3.0,3.9,2025-11-20 21:08:04,9,11,Primavera
101069,AZITROMICINA 500MG TAB CJAX30UND,ACFARMA GENERICO,0.0,10.0,13.0,2025-11-21 13:17:22,10,11,Primavera
101069,AZITROMICINA 500MG TAB CJAX30UND,ACFARMA GENERICO,0.0,3.0,3.9,2025-11-21 18:35:09,2,11,Primavera
101069,AZITROMICINA 500MG TAB CJAX30UND,ACFARMA GENERICO,0.0,2.0,2.6,2025-11-21 19:33:06,9,11,Primavera
101069,AZITROMICINA 500MG TAB CJAX30UND,ACFARMA GENERICO,0.0,1.0,1.3,2025-11-21 19:34:14,14,11,Primavera
101069,AZITROMICINA 500MG TAB CJAX30UND,ACFARMA GENERICO,0.0,2.0,2.6,2025-11-21 21:22:43,5,11,Primavera
101069,AZITROMICINA 500MG TAB CJAX30UND,ACFARMA GENERICO,0.0,3.0,3.9,2025-11-21 21:23:50,4,11,Primavera
101069,AZITROMICINA 500MG TAB CJAX30UND,ACFARMA GENERICO,0.0,3.0,3.9,2025-11-21 22:55:45,12,11,Primavera
101069,AZITROMICINA 500MG TAB CJAX30UND,ACFARMA GENERICO,0.0,5.0,6.5,2025-11-22 10:25:21,11,11,Primavera
101069,AZITROMICINA 500MG TAB CJAX30UND,ACFARMA GENERICO,0.0,6.0,7.8,2025-11-22 20:35:16,4,11,Primavera
101069,AZITROMICINA 500MG TAB CJAX30UND,ACFARMA GENERICO,0.0,1.0,1.3,2025-11-22 21:35:41,7,11,Primavera
101069,AZITROMICINA 500MG TAB CJAX30UND,ACFARMA GENERICO,0.0,1.0,1.3,2025-11-22 22:05:56,7,11,Primavera
101069,AZITROMICINA 500MG TAB CJAX30UND,ACFARMA GENERICO,0.0,1.0,1.3,2025-11-22 22:06:23,7,11,Primavera
101069,AZITROMICINA 500MG TAB CJAX30UND,ACFARMA GENERICO,0.0,5.0,6.5,2025-11-22 22:46:22,16,11,Primavera
101069,AZITROMICINA 500MG TAB CJAX30UND,ACFARMA GENERICO,0.0,2.0,2.6,2025-11-23 09:50:38,9,11,Primavera
101069,AZITROMICINA 500MG TAB CJAX30UND,ACFARMA GENERICO,0.0,1.0,1.3,2025-11-23 19:05:10,1,11,Primavera
101069,AZITROMICINA 500MG TAB CJAX30UND,ACFARMA GENERICO,0.0,4.0,5.2,2025-11-23 20:09:32,11,11,Primavera
101069,AZITROMICINA 500MG TAB CJAX30UND,ACFARMA GENERICO,0.0,3.0,3.69,2025-11-24 11:35:48,2,11,Primavera
101069,AZITROMICINA 500MG TAB CJAX30UND,ACFARMA GENERICO,0.0,4.0,5.2,2025-11-24 14:07:26,8,11,Primavera
101069,AZITROMICINA 500MG TAB CJAX30UND,ACFARMA GENERICO,0.0,6.0,7.8,2025-11-24 19:29:54,6,11,Primavera
101069,AZITROMICINA 500MG TAB CJAX30UND,ACFARMA GENERICO,0.0,5.0,6.5,2025-11-24 19:50:00,2,11,Primavera
101069,AZITROMICINA 500MG TAB CJAX30UND,ACFARMA GENERICO,0.0,2.0,2.6,2025-11-24 20:31:16,9,11,Primavera
101069,AZITROMICINA 500MG TAB CJAX30UND,ACFARMA GENERICO,0.0,4.0,5.2,2025-11-25 10:13:01,1,11,Primavera
101069,AZITROMICINA 500MG TAB CJAX30UND,ACFARMA GENERICO,0.0,2.0,2.6,2025-11-26 12:22:24,9,11,Primavera
101069,AZITROMICINA 500MG TAB CJAX30UND,ACFARMA GENERICO,0.0,3.0,3.9,2025-11-26 13:27:06,9,11,Primavera
101069,AZITROMICINA 500MG TAB CJAX30UND,ACFARMA GENERICO,0.0,10.0,13.0,2025-11-26 14:02:28,15,11,Primavera
101069,AZITROMICINA 500MG TAB CJAX30UND,ACFARMA GENERICO,0.0,5.0,6.5,2025-11-26 14:46:16,9,11,Primavera
101069,AZITROMICINA 500MG TAB CJAX30UND,ACFARMA GENERICO,0.0,1.0,1.3,2025-11-26 17:35:43,4,11,Primavera
101069,AZITROMICINA 500MG TAB CJAX30UND,ACFARMA GENERICO,0.0,3.0,3.9,2025-11-26 18:10:56,2,11,Primavera
101069,AZITROMICINA 500MG TAB CJAX30UND,ACFARMA GENERICO,0.0,5.0,6.5,2025-11-26 19:58:47,8,11,Primavera
101069,AZITROMICINA 500MG TAB CJAX30UND,ACFARMA GENERICO,0.0,3.0,3.9,2025-11-27 09:12:08,4,11,Primavera
101069,AZITROMICINA 500MG TAB CJAX30UND,ACFARMA GENERICO,0.0,2.0,2.6,2025-11-27 09:17:15,6,11,Primavera
101069,AZITROMICINA 500MG TAB CJAX30UND,ACFARMA GENERICO,0.0,5.0,6.5,2025-11-27 12:50:19,1,11,Primavera
101069,AZITROMICINA 500MG TAB CJAX30UND,ACFARMA GENERICO,0.0,2.0,2.6,2025-11-27 14:53:47,6,11,Primavera
101069,AZITROMICINA 500MG TAB CJAX30UND,ACFARMA GENERICO,0.0,3.0,3.9,2025-11-27 15:45:49,11,11,Primavera
101069,AZITROMICINA 500MG TAB CJAX30UND,ACFARMA GENERICO,0.0,2.0,2.6,2025-11-27 16:54:50,1,11,Primavera
101069,AZITROMICINA 500MG TAB CJAX30UND,ACFARMA GENERICO,0.0,1.0,1.3,2025-11-27 16:56:48,5,11,Primavera
101069,AZITROMICINA 500MG TAB CJAX30UND,ACFARMA GENERICO,0.0,10.0,13.0,2025-11-27 20:22:01,2,11,Primavera
101069,AZITROMICINA 500MG TAB CJAX30UND,ACFARMA GENERICO,0.0,1.0,1.3,2025-11-27 23:54:40,7,11,Primavera
101069,AZITROMICINA 500MG TAB CJAX30UND,ACFARMA GENERICO,0.0,1.0,1.3,2025-11-28 12:49:32,2,11,Primavera
101069,AZITROMICINA 500MG TAB CJAX30UND,ACFARMA GENERICO,0.0,4.0,5.2,2025-11-28 18:06:31,4,11,Primavera
101069,AZITROMICINA 500MG TAB CJAX30UND,ACFARMA GENERICO,0.0,4.0,5.2,2025-11-28 19:48:12,3,11,Primavera
101069,AZITROMICINA 500MG TAB CJAX30UND,ACFARMA GENERICO,0.0,3.0,3.9,2025-11-28 22:22:49,5,11,Primavera
101069,AZITROMICINA 500MG TAB CJAX30UND,ACFARMA GENERICO,0.0,5.0,6.5,2025-11-29 09:03:34,11,11,Primavera
101069,AZITROMICINA 500MG TAB CJAX30UND,ACFARMA GENERICO,0.0,4.0,5.2,2025-11-29 14:29:39,13,11,Primavera
101069,AZITROMICINA 500MG TAB CJAX30UND,ACFARMA GENERICO,0.0,3.0,3.9,2025-11-30 09:34:59,9,11,Primavera
101069,AZITROMICINA 500MG TAB CJAX30UND,ACFARMA GENERICO,0.0,3.0,3.9,2025-11-30 15:47:06,12,11,Primavera
101069,AZITROMICINA 500MG TAB CJAX30UND,ACFARMA GENERICO,0.0,2.0,2.6,2025-11-30 19:40:03,10,11,Primavera
101069,AZITROMICINA 500MG TAB CJAX30UND,ACFARMA GENERICO,0.0,2.0,2.6,2025-11-30 21:14:13,12,11,Primavera
101069,AZITROMICINA 500MG TAB CJAX30UND,ACFARMA GENERICO,0.0,10.0,13.0,2025-12-01 13:49:02,13,12,Verano
101069,AZITROMICINA 500MG TAB CJAX30UND,ACFARMA GENERICO,0.0,2.0,2.6,2025-12-01 16:14:55,11,12,Verano
101069,AZITROMICINA 500MG TAB CJAX30UND,ACFARMA GENERICO,0.0,5.0,6.5,2025-12-01 19:21:39,2,12,Verano
101069,AZITROMICINA 500MG TAB CJAX30UND,ACFARMA GENERICO,0.0,2.0,2.6,2025-12-01 19:43:28,12,12,Verano
101069,AZITROMICINA 500MG TAB CJAX30UND,ACFARMA GENERICO,0.0,2.0,2.6,2025-12-02 12:55:25,5,12,Verano
101069,AZITROMICINA 500MG TAB CJAX30UND,ACFARMA GENERICO,0.0,10.0,13.0,2025-12-02 14:00:27,5,12,Verano
101069,AZITROMICINA 500MG TAB CJAX30UND,ACFARMA GENERICO,0.0,4.0,5.2,2025-12-02 21:04:26,3,12,Verano
101069,AZITROMICINA 500MG TAB CJAX30UND,ACFARMA GENERICO,0.0,1.0,1.3,2025-12-02 21:07:23,8,12,Verano
101069,AZITROMICINA 500MG TAB CJAX30UND,ACFARMA GENERICO,0.0,2.0,2.6,2025-12-03 12:22:08,6,12,Verano
101069,AZITROMICINA 500MG TAB CJAX30UND,ACFARMA GENERICO,0.0,2.0,2.6,2025-12-03 15:48:16,1,12,Verano
101069,AZITROMICINA 500MG TAB CJAX30UND,ACFARMA GENERICO,0.0,1.0,1.3,2025-12-03 17:45:02,11,12,Verano
101069,AZITROMICINA 500MG TAB CJAX30UND,ACFARMA GENERICO,0.0,2.0,2.6,2025-12-03 19:01:15,4,12,Verano
101069,AZITROMICINA 500MG TAB CJAX30UND,ACFARMA GENERICO,0.0,1.0,1.3,2025-12-03 19:04:54,8,12,Verano
101069,AZITROMICINA 500MG TAB CJAX30UND,ACFARMA GENERICO,0.0,3.0,3.9,2025-12-03 19:57:43,1,12,Verano
101069,AZITROMICINA 500MG TAB CJAX30UND,ACFARMA GENERICO,0.0,2.0,2.6,2025-12-03 20:37:21,4,12,Verano
101069,AZITROMICINA 500MG TAB CJAX30UND,ACFARMA GENERICO,0.0,10.0,13.0,2025-12-03 21:36:50,1,12,Verano
101069,AZITROMICINA 500MG TAB CJAX30UND,ACFARMA GENERICO,0.0,2.0,2.6,2025-12-04 08:02:29,11,12,Verano
101069,AZITROMICINA 500MG TAB CJAX30UND,ACFARMA GENERICO,0.0,4.0,5.2,2025-12-04 17:23:39,9,12,Verano
101069,AZITROMICINA 500MG TAB CJAX30UND,ACFARMA GENERICO,0.0,3.0,3.9,2025-12-04 20:45:29,14,12,Verano
101069,AZITROMICINA 500MG TAB CJAX30UND,ACFARMA GENERICO,0.0,3.0,3.9,2025-12-04 22:08:47,15,12,Verano
101069,AZITROMICINA 500MG TAB CJAX30UND,ACFARMA GENERICO,0.0,5.0,6.5,2025-12-05 20:25:43,6,12,Verano
101069,AZITROMICINA 500MG TAB CJAX30UND,ACFARMA GENERICO,0.0,2.0,2.6,2025-12-05 20:58:30,3,12,Verano
101069,AZITROMICINA 500MG TAB CJAX30UND,ACFARMA GENERICO,0.0,3.0,3.9,2025-12-05 21:21:54,15,12,Verano
101069,AZITROMICINA 500MG TAB CJAX30UND,ACFARMA GENERICO,0.0,3.0,3.9,2025-12-06 09:38:27,11,12,Verano
101069,AZITROMICINA 500MG TAB CJAX30UND,ACFARMA GENERICO,0.0,3.0,3.9,2025-12-06 11:23:18,13,12,Verano
101069,AZITROMICINA 500MG TAB CJAX30UND,ACFARMA GENERICO,0.0,4.0,5.2,2025-12-06 17:55:25,16,12,Verano
101069,AZITROMICINA 500MG TAB CJAX30UND,ACFARMA GENERICO,0.0,3.0,3.7,2025-12-06 22:42:59,14,12,Verano
101069,AZITROMICINA 500MG TAB CJAX30UND,ACFARMA GENERICO,0.0,3.0,3.7,2025-12-06 22:43:53,14,12,Verano
101069,AZITROMICINA 500MG TAB CJAX30UND,ACFARMA GENERICO,0.0,10.0,13.0,2025-12-06 23:07:42,5,12,Verano
101069,AZITROMICINA 500MG TAB CJAX30UND,ACFARMA GENERICO,0.0,3.0,3.9,2025-12-06 23:11:03,5,12,Verano
101069,AZITROMICINA 500MG TAB CJAX30UND,ACFARMA GENERICO,0.0,2.0,2.6,2025-12-07 12:14:02,2,12,Verano
101069,AZITROMICINA 500MG TAB CJAX30UND,ACFARMA GENERICO,0.0,2.0,2.6,2025-12-07 19:46:10,6,12,Verano
101069,AZITROMICINA 500MG TAB CJAX30UND,ACFARMA GENERICO,0.0,3.0,3.9,2025-12-07 19:56:09,6,12,Verano
101069,AZITROMICINA 500MG TAB CJAX30UND,ACFARMA GENERICO,0.0,10.0,13.0,2025-12-07 21:54:37,10,12,Verano
101069,AZITROMICINA 500MG TAB CJAX30UND,ACFARMA GENERICO,0.0,5.0,6.5,2025-12-08 09:19:13,5,12,Verano
101069,AZITROMICINA 500MG TAB CJAX30UND,ACFARMA GENERICO,0.0,10.0,13.0,2025-12-08 10:55:42,1,12,Verano
101069,AZITROMICINA 500MG TAB CJAX30UND,ACFARMA GENERICO,0.0,10.0,13.0,2025-12-08 18:21:14,8,12,Verano
101069,AZITROMICINA 500MG TAB CJAX30UND,ACFARMA GENERICO,0.0,2.0,2.6,2025-12-08 19:37:36,7,12,Verano
101069,AZITROMICINA 500MG TAB CJAX30UND,ACFARMA GENERICO,0.0,4.0,5.2,2025-12-08 20:01:16,9,12,Verano
101069,AZITROMICINA 500MG TAB CJAX30UND,ACFARMA GENERICO,0.0,10.0,13.0,2025-12-08 21:00:39,1,12,Verano
101069,AZITROMICINA 500MG TAB CJAX30UND,ACFARMA GENERICO,0.0,1.0,1.3,2025-12-08 21:59:58,14,12,Verano
101069,AZITROMICINA 500MG TAB CJAX30UND,ACFARMA GENERICO,0.0,10.0,13.0,2025-12-09 17:30:14,13,12,Verano
101069,AZITROMICINA 500MG TAB CJAX30UND,ACFARMA GENERICO,0.0,3.0,3.9,2025-12-09 19:48:08,1,12,Verano
101069,AZITROMICINA 500MG TAB CJAX30UND,ACFARMA GENERICO,0.0,1.0,1.3,2025-12-09 20:50:48,8,12,Verano
101069,AZITROMICINA 500MG TAB CJAX30UND,ACFARMA GENERICO,0.0,1.0,1.3,2025-12-09 21:02:17,16,12,Verano
101069,AZITROMICINA 500MG TAB CJAX30UND,ACFARMA GENERICO,0.0,4.0,5.2,2025-12-10 12:58:48,9,12,Verano
101069,AZITROMICINA 500MG TAB CJAX30UND,ACFARMA GENERICO,0.0,4.0,5.2,2025-12-10 19:09:45,11,12,Verano
101069,AZITROMICINA 500MG TAB CJAX30UND,ACFARMA GENERICO,0.0,2.0,2.6,2025-12-10 19:45:23,1,12,Verano
101069,AZITROMICINA 500MG TAB CJAX30UND,ACFARMA GENERICO,0.0,2.0,2.6,2025-12-10 20:10:37,5,12,Verano
101069,AZITROMICINA 500MG TAB CJAX30UND,ACFARMA GENERICO,0.0,-2.0,-2.6,2025-12-10 22:00:15,5,12,Verano
101069,AZITROMICINA 500MG TAB CJAX30UND,ACFARMA GENERICO,0.0,2.0,2.6,2025-12-10 22:45:59,2,12,Verano
101069,AZITROMICINA 500MG TAB CJAX30UND,ACFARMA GENERICO,0.0,3.0,3.9,2025-12-11 07:56:40,16,12,Verano
101069,AZITROMICINA 500MG TAB CJAX30UND,ACFARMA GENERICO,0.0,10.0,13.0,2025-12-11 10:49:49,7,12,Verano
101069,AZITROMICINA 500MG TAB CJAX30UND,ACFARMA GENERICO,0.0,4.0,5.2,2025-12-12 11:01:16,4,12,Verano
101069,AZITROMICINA 500MG TAB CJAX30UND,ACFARMA GENERICO,0.0,2.0,2.6,2025-12-12 12:43:21,10,12,Verano
101069,AZITROMICINA 500MG TAB CJAX30UND,ACFARMA GENERICO,0.0,5.0,6.5,2025-12-12 12:58:29,4,12,Verano
101069,AZITROMICINA 500MG TAB CJAX30UND,ACFARMA GENERICO,0.0,1.0,1.3,2025-12-12 22:03:18,8,12,Verano
101069,AZITROMICINA 500MG TAB CJAX30UND,ACFARMA GENERICO,0.0,2.0,2.6,2025-12-13 14:26:09,3,12,Verano
101069,AZITROMICINA 500MG TAB CJAX30UND,ACFARMA GENERICO,0.0,10.0,13.0,2025-12-14 10:13:08,15,12,Verano
101069,AZITROMICINA 500MG TAB CJAX30UND,ACFARMA GENERICO,0.0,2.0,2.6,2025-12-14 15:12:11,9,12,Verano
101069,AZITROMICINA 500MG TAB CJAX30UND,ACFARMA GENERICO,0.0,3.0,3.9,2025-12-14 19:24:46,13,12,Verano
101069,AZITROMICINA 500MG TAB CJAX30UND,ACFARMA GENERICO,0.0,5.0,6.5,2025-12-15 09:26:50,9,12,Verano
101069,AZITROMICINA 500MG TAB CJAX30UND,ACFARMA GENERICO,0.0,5.0,6.5,2025-12-15 10:41:00,4,12,Verano
101069,AZITROMICINA 500MG TAB CJAX30UND,ACFARMA GENERICO,0.0,8.0,10.4,2025-12-15 12:47:59,4,12,Verano
101069,AZITROMICINA 500MG TAB CJAX30UND,ACFARMA GENERICO,0.0,5.0,6.5,2025-12-15 13:19:29,5,12,Verano
101069,AZITROMICINA 500MG TAB CJAX30UND,ACFARMA GENERICO,0.0,8.0,10.4,2025-12-15 15:06:43,16,12,Verano
101069,AZITROMICINA 500MG TAB CJAX30UND,ACFARMA GENERICO,0.0,6.0,7.8,2025-12-15 16:05:40,11,12,Verano
101069,AZITROMICINA 500MG TAB CJAX30UND,ACFARMA GENERICO,0.0,6.0,7.8,2025-12-15 20:44:15,2,12,Verano
101069,AZITROMICINA 500MG TAB CJAX30UND,ACFARMA GENERICO,0.0,6.0,7.8,2025-12-15 20:50:07,2,12,Verano
101069,AZITROMICINA 500MG TAB CJAX30UND,ACFARMA GENERICO,0.0,-6.0,-7.8,2025-12-15 21:00:51,2,12,Verano
101069,AZITROMICINA 500MG TAB CJAX30UND,ACFARMA GENERICO,0.0,3.0,3.9,2025-12-16 11:49:51,11,12,Verano
101069,AZITROMICINA 500MG TAB CJAX30UND,ACFARMA GENERICO,0.0,2.0,2.6,2025-12-16 17:45:04,5,12,Verano
101069,AZITROMICINA 500MG TAB CJAX30UND,ACFARMA GENERICO,0.0,10.0,13.0,2025-12-16 18:15:50,10,12,Verano
101069,AZITROMICINA 500MG TAB CJAX30UND,ACFARMA GENERICO,0.0,4.0,5.2,2025-12-16 19:50:06,11,12,Verano
101069,AZITROMICINA 500MG TAB CJAX30UND,ACFARMA GENERICO,0.0,5.0,6.5,2025-12-16 20:03:40,2,12,Verano
101069,AZITROMICINA 500MG TAB CJAX30UND,ACFARMA GENERICO,0.0,2.0,2.6,2025-12-16 21:58:12,1,12,Verano
101069,AZITROMICINA 500MG TAB CJAX30UND,ACFARMA GENERICO,0.0,8.0,10.4,2025-12-17 08:25:34,5,12,Verano
101069,AZITROMICINA 500MG TAB CJAX30UND,ACFARMA GENERICO,0.0,3.0,3.9,2025-12-17 13:24:59,5,12,Verano
101069,AZITROMICINA 500MG TAB CJAX30UND,ACFARMA GENERICO,0.0,1.0,1.3,2025-12-17 14:18:03,6,12,Verano
101069,AZITROMICINA 500MG TAB CJAX30UND,ACFARMA GENERICO,0.0,4.0,5.2,2025-12-17 16:09:43,9,12,Verano
101069,AZITROMICINA 500MG TAB CJAX30UND,ACFARMA GENERICO,0.0,10.0,13.0,2025-12-17 18:02:34,11,12,Verano
101069,AZITROMICINA 500MG TAB CJAX30UND,ACFARMA GENERICO,0.0,3.0,3.9,2025-12-17 20:54:54,3,12,Verano
101069,AZITROMICINA 500MG TAB CJAX30UND,ACFARMA GENERICO,0.0,1.0,1.3,2025-12-18 12:37:42,7,12,Verano
101069,AZITROMICINA 500MG TAB CJAX30UND,ACFARMA GENERICO,0.0,1.0,1.3,2025-12-18 12:42:10,5,12,Verano
101069,AZITROMICINA 500MG TAB CJAX30UND,ACFARMA GENERICO,0.0,3.0,3.9,2025-12-18 21:20:31,8,12,Verano
101069,AZITROMICINA 500MG TAB CJAX30UND,ACFARMA GENERICO,0.0,5.0,6.5,2025-12-18 22:51:34,16,12,Verano
101069,AZITROMICINA 500MG TAB CJAX30UND,ACFARMA GENERICO,0.0,3.0,3.9,2025-12-19 07:32:17,12,12,Verano
101069,AZITROMICINA 500MG TAB CJAX30UND,ACFARMA GENERICO,0.0,10.0,13.0,2025-12-19 12:20:32,5,12,Verano
101069,AZITROMICINA 500MG TAB CJAX30UND,ACFARMA GENERICO,0.0,1.0,1.3,2025-12-19 14:41:17,6,12,Verano
101069,AZITROMICINA 500MG TAB CJAX30UND,ACFARMA GENERICO,0.0,4.0,5.2,2025-12-19 16:17:25,5,12,Verano
101069,AZITROMICINA 500MG TAB CJAX30UND,ACFARMA GENERICO,0.0,10.0,13.0,2025-12-19 18:05:39,5,12,Verano
101069,AZITROMICINA 500MG TAB CJAX30UND,ACFARMA GENERICO,0.0,10.0,13.0,2025-12-19 19:16:16,10,12,Verano
101069,AZITROMICINA 500MG TAB CJAX30UND,ACFARMA GENERICO,0.0,3.0,3.9,2025-12-20 13:17:25,9,12,Verano
101069,AZITROMICINA 500MG TAB CJAX30UND,ACFARMA GENERICO,0.0,10.0,13.0,2025-12-20 20:09:05,1,12,Verano
101069,AZITROMICINA 500MG TAB CJAX30UND,ACFARMA GENERICO,0.0,6.0,7.8,2025-12-20 20:44:45,2,12,Verano
101069,AZITROMICINA 500MG TAB CJAX30UND,ACFARMA GENERICO,0.0,10.0,13.0,2025-12-20 21:44:40,12,12,Verano
101069,AZITROMICINA 500MG TAB CJAX30UND,ACFARMA GENERICO,0.0,5.0,6.5,2025-12-20 21:44:41,9,12,Verano
101069,AZITROMICINA 500MG TAB CJAX30UND,ACFARMA GENERICO,0.0,2.0,2.6,2025-12-21 14:16:21,5,12,Verano
101069,AZITROMICINA 500MG TAB CJAX30UND,ACFARMA GENERICO,0.0,2.0,2.6,2025-12-21 16:07:54,6,12,Verano
101069,AZITROMICINA 500MG TAB CJAX30UND,ACFARMA GENERICO,0.0,3.0,3.9,2025-12-21 17:54:19,3,12,Verano
101069,AZITROMICINA 500MG TAB CJAX30UND,ACFARMA GENERICO,0.0,3.0,3.9,2025-12-22 07:52:15,2,12,Verano
101069,AZITROMICINA 500MG TAB CJAX30UND,ACFARMA GENERICO,0.0,3.0,3.9,2025-12-22 07:54:38,2,12,Verano
101069,AZITROMICINA 500MG TAB CJAX30UND,ACFARMA GENERICO,0.0,-3.0,-3.9,2025-12-22 08:01:00,2,12,Verano
101069,AZITROMICINA 500MG TAB CJAX30UND,ACFARMA GENERICO,0.0,5.0,6.5,2025-12-22 10:00:55,9,12,Verano
101069,AZITROMICINA 500MG TAB CJAX30UND,ACFARMA GENERICO,0.0,3.0,3.9,2025-12-22 11:50:26,15,12,Verano
101069,AZITROMICINA 500MG TAB CJAX30UND,ACFARMA GENERICO,0.0,2.0,2.6,2025-12-22 12:19:15,11,12,Verano
101069,AZITROMICINA 500MG TAB CJAX30UND,ACFARMA GENERICO,0.0,3.0,3.9,2025-12-22 12:43:16,9,12,Verano
101069,AZITROMICINA 500MG TAB CJAX30UND,ACFARMA GENERICO,0.0,2.0,2.6,2025-12-22 20:56:08,2,12,Verano
101069,AZITROMICINA 500MG TAB CJAX30UND,ACFARMA GENERICO,0.0,3.0,3.9,2025-12-23 07:56:07,9,12,Verano
101069,AZITROMICINA 500MG TAB CJAX30UND,ACFARMA GENERICO,0.0,3.0,3.9,2025-12-23 11:56:11,2,12,Verano
101069,AZITROMICINA 500MG TAB CJAX30UND,ACFARMA GENERICO,0.0,10.0,13.0,2025-12-23 14:59:46,2,12,Verano
101069,AZITROMICINA 500MG TAB CJAX30UND,ACFARMA GENERICO,0.0,1.0,1.3,2025-12-23 15:06:10,4,12,Verano
101069,AZITROMICINA 500MG TAB CJAX30UND,ACFARMA GENERICO,0.0,4.0,5.2,2025-12-23 17:55:56,9,12,Verano
101069,AZITROMICINA 500MG TAB CJAX30UND,ACFARMA GENERICO,0.0,5.0,6.5,2025-12-23 18:54:19,16,12,Verano
101069,AZITROMICINA 500MG TAB CJAX30UND,ACFARMA GENERICO,0.0,2.0,2.6,2025-12-23 21:45:07,6,12,Verano
101069,AZITROMICINA 500MG TAB CJAX30UND,ACFARMA GENERICO,0.0,2.0,2.6,2025-12-24 10:41:13,8,12,Verano
101069,AZITROMICINA 500MG TAB CJAX30UND,ACFARMA GENERICO,0.0,3.0,3.9,2025-12-24 13:08:14,9,12,Verano
101069,AZITROMICINA 500MG TAB CJAX30UND,ACFARMA GENERICO,0.0,2.0,2.6,2025-12-24 17:47:07,16,12,Verano
101069,AZITROMICINA 500MG TAB CJAX30UND,ACFARMA GENERICO,0.0,3.0,3.9,2025-12-24 21:22:39,15,12,Verano
101069,AZITROMICINA 500MG TAB CJAX30UND,ACFARMA GENERICO,0.0,1.0,1.24,2025-12-25 09:13:10,1,12,Verano
101069,AZITROMICINA 500MG TAB CJAX30UND,ACFARMA GENERICO,0.0,2.0,2.6,2025-12-25 12:40:32,14,12,Verano
101069,AZITROMICINA 500MG TAB CJAX30UND,ACFARMA GENERICO,0.0,5.0,6.5,2025-12-25 19:09:32,2,12,Verano
101069,AZITROMICINA 500MG TAB CJAX30UND,ACFARMA GENERICO,0.0,2.0,2.6,2025-12-25 19:47:35,2,12,Verano
101069,AZITROMICINA 500MG TAB CJAX30UND,ACFARMA GENERICO,0.0,6.0,7.8,2025-12-25 19:57:28,5,12,Verano
101069,AZITROMICINA 500MG TAB CJAX30UND,ACFARMA GENERICO,0.0,3.0,3.9,2025-12-25 20:49:05,5,12,Verano
101069,AZITROMICINA 500MG TAB CJAX30UND,ACFARMA GENERICO,0.0,2.0,2.6,2025-12-25 21:09:47,13,12,Verano
101069,AZITROMICINA 500MG TAB CJAX30UND,ACFARMA GENERICO,0.0,1.0,1.3,2025-12-26 07:50:59,6,12,Verano
101069,AZITROMICINA 500MG TAB CJAX30UND,ACFARMA GENERICO,0.0,1.0,1.24,2025-12-26 08:28:21,1,12,Verano
101069,AZITROMICINA 500MG TAB CJAX30UND,ACFARMA GENERICO,0.0,3.0,3.9,2025-12-26 08:49:04,4,12,Verano
101069,AZITROMICINA 500MG TAB CJAX30UND,ACFARMA GENERICO,0.0,2.0,2.6,2025-12-26 09:11:02,5,12,Verano
101069,AZITROMICINA 500MG TAB CJAX30UND,ACFARMA GENERICO,0.0,3.0,3.9,2025-12-26 09:17:43,16,12,Verano
101069,AZITROMICINA 500MG TAB CJAX30UND,ACFARMA GENERICO,0.0,3.0,3.9,2025-12-26 10:24:50,9,12,Verano
101069,AZITROMICINA 500MG TAB CJAX30UND,ACFARMA GENERICO,0.0,3.0,3.9,2025-12-26 10:58:37,1,12,Verano
101069,AZITROMICINA 500MG TAB CJAX30UND,ACFARMA GENERICO,0.0,1.0,1.3,2025-12-26 12:22:03,9,12,Verano
101069,AZITROMICINA 500MG TAB CJAX30UND,ACFARMA GENERICO,0.0,3.0,3.9,2025-12-26 12:46:22,6,12,Verano
101069,AZITROMICINA 500MG TAB CJAX30UND,ACFARMA GENERICO,0.0,4.0,5.2,2025-12-26 12:47:05,9,12,Verano
101069,AZITROMICINA 500MG TAB CJAX30UND,ACFARMA GENERICO,0.0,6.0,7.8,2025-12-26 12:47:46,15,12,Verano
101069,AZITROMICINA 500MG TAB CJAX30UND,ACFARMA GENERICO,0.0,2.0,2.6,2025-12-26 14:12:13,1,12,Verano
101069,AZITROMICINA 500MG TAB CJAX30UND,ACFARMA GENERICO,0.0,3.0,3.9,2025-12-26 16:15:03,16,12,Verano
101069,AZITROMICINA 500MG TAB CJAX30UND,ACFARMA GENERICO,0.0,2.0,2.6,2025-12-26 16:59:30,2,12,Verano
101069,AZITROMICINA 500MG TAB CJAX30UND,ACFARMA GENERICO,0.0,1.0,1.3,2025-12-26 19:37:48,1,12,Verano
101069,AZITROMICINA 500MG TAB CJAX30UND,ACFARMA GENERICO,0.0,3.0,3.9,2025-12-26 20:11:25,11,12,Verano
101069,AZITROMICINA 500MG TAB CJAX30UND,ACFARMA GENERICO,0.0,4.0,5.2,2025-12-27 10:07:26,6,12,Verano
101069,AZITROMICINA 500MG TAB CJAX30UND,ACFARMA GENERICO,0.0,20.0,26.0,2025-12-27 10:35:29,1,12,Verano
101069,AZITROMICINA 500MG TAB CJAX30UND,ACFARMA GENERICO,0.0,5.0,6.5,2025-12-27 11:09:27,16,12,Verano
101069,AZITROMICINA 500MG TAB CJAX30UND,ACFARMA GENERICO,0.0,2.0,2.6,2025-12-27 20:45:32,3,12,Verano
101069,AZITROMICINA 500MG TAB CJAX30UND,ACFARMA GENERICO,0.0,2.0,2.6,2025-12-27 22:56:38,6,12,Verano
101069,AZITROMICINA 500MG TAB CJAX30UND,ACFARMA GENERICO,0.0,10.0,13.0,2025-12-28 08:14:25,17,12,Verano
101069,AZITROMICINA 500MG TAB CJAX30UND,ACFARMA GENERICO,0.0,1.0,1.3,2025-12-28 11:45:01,11,12,Verano
101069,AZITROMICINA 500MG TAB CJAX30UND,ACFARMA GENERICO,0.0,8.0,10.4,2025-12-28 12:19:13,1,12,Verano
101069,AZITROMICINA 500MG TAB CJAX30UND,ACFARMA GENERICO,0.0,3.0,3.9,2025-12-28 14:13:25,16,12,Verano
101069,AZITROMICINA 500MG TAB CJAX30UND,ACFARMA GENERICO,0.0,5.0,6.5,2025-12-28 14:42:05,15,12,Verano
101069,AZITROMICINA 500MG TAB CJAX30UND,ACFARMA GENERICO,0.0,3.0,3.9,2025-12-28 17:24:38,11,12,Verano
101069,AZITROMICINA 500MG TAB CJAX30UND,ACFARMA GENERICO,0.0,3.0,3.9,2025-12-28 18:21:52,5,12,Verano
101069,AZITROMICINA 500MG TAB CJAX30UND,ACFARMA GENERICO,0.0,6.0,7.8,2025-12-28 20:13:12,9,12,Verano
101069,AZITROMICINA 500MG TAB CJAX30UND,ACFARMA GENERICO,0.0,5.0,6.5,2025-12-28 20:49:10,13,12,Verano
101069,AZITROMICINA 500MG TAB CJAX30UND,ACFARMA GENERICO,0.0,3.0,3.9,2025-12-28 20:55:21,7,12,Verano
101069,AZITROMICINA 500MG TAB CJAX30UND,ACFARMA GENERICO,0.0,2.0,2.6,2025-12-28 21:15:36,5,12,Verano
101069,AZITROMICINA 500MG TAB CJAX30UND,ACFARMA GENERICO,0.0,1.0,1.3,2025-12-28 21:39:54,2,12,Verano
101069,AZITROMICINA 500MG TAB CJAX30UND,ACFARMA GENERICO,0.0,10.0,13.0,2025-12-29 07:34:21,6,12,Verano
101069,AZITROMICINA 500MG TAB CJAX30UND,ACFARMA GENERICO,0.0,2.0,2.6,2025-12-29 11:09:12,5,12,Verano
101069,AZITROMICINA 500MG TAB CJAX30UND,ACFARMA GENERICO,0.0,5.0,6.5,2025-12-29 11:28:53,1,12,Verano
101069,AZITROMICINA 500MG TAB CJAX30UND,ACFARMA GENERICO,0.0,6.0,7.8,2025-12-29 11:35:45,2,12,Verano
101069,AZITROMICINA 500MG TAB CJAX30UND,ACFARMA GENERICO,0.0,4.0,5.2,2025-12-29 13:12:57,1,12,Verano
101069,AZITROMICINA 500MG TAB CJAX30UND,ACFARMA GENERICO,0.0,-4.0,-5.2,2025-12-29 13:16:47,1,12,Verano
101069,AZITROMICINA 500MG TAB CJAX30UND,ACFARMA GENERICO,0.0,1.0,1.24,2025-12-29 14:49:41,1,12,Verano
101069,AZITROMICINA 500MG TAB CJAX30UND,ACFARMA GENERICO,0.0,3.0,3.9,2025-12-29 16:07:51,2,12,Verano
101069,AZITROMICINA 500MG TAB CJAX30UND,ACFARMA GENERICO,0.0,4.0,5.2,2025-12-29 17:31:25,9,12,Verano
101069,AZITROMICINA 500MG TAB CJAX30UND,ACFARMA GENERICO,0.0,2.0,2.6,2025-12-29 18:46:13,6,12,Verano
101069,AZITROMICINA 500MG TAB CJAX30UND,ACFARMA GENERICO,0.0,2.0,2.6,2025-12-30 12:18:09,5,12,Verano
101069,AZITROMICINA 500MG TAB CJAX30UND,ACFARMA GENERICO,0.0,3.0,3.9,2025-12-30 18:06:01,2,12,Verano
101069,AZITROMICINA 500MG TAB CJAX30UND,ACFARMA GENERICO,0.0,10.0,13.0,2025-12-30 20:00:55,10,12,Verano
101069,AZITROMICINA 500MG TAB CJAX30UND,ACFARMA GENERICO,0.0,2.0,2.6,2025-12-30 20:30:30,2,12,Verano
101069,AZITROMICINA 500MG TAB CJAX30UND,ACFARMA GENERICO,0.0,1.0,1.3,2025-12-30 22:23:40,10,12,Verano
101069,AZITROMICINA 500MG TAB CJAX30UND,ACFARMA GENERICO,0.0,6.0,7.8,2025-12-31 19:01:09,11,12,Verano
101069,AZITROMICINA 500MG TAB CJAX30UND,ACFARMA GENERICO,0.0,3.0,3.9,2025-12-31 19:04:14,2,12,Verano
101069,AZITROMICINA 500MG TAB CJAX30UND,ACFARMA GENERICO,0.0,2.0,2.6,2025-12-31 19:25:27,2,12,Verano
101069,AZITROMICINA 500MG TAB CJAX30UND,ACFARMA GENERICO,0.0,2.0,2.6,2025-12-31 20:18:41,14,12,Verano
101069,AZITROMICINA 500MG TAB CJAX30UND,ACFARMA GENERICO,0.0,6.0,7.8,2025-12-31 20:32:34,9,12,Verano
101069,AZITROMICINA 500MG TAB CJAX30UND,ACFARMA GENERICO,0.0,2.0,2.6,2025-12-31 21:44:26,3,12,Verano
101069,AZITROMICINA 500MG TAB CJAX30UND,ACFARMA GENERICO,0.0,10.0,13.0,2026-01-01 14:02:18,2,1,Verano
101069,AZITROMICINA 500MG TAB CJAX30UND,ACFARMA GENERICO,0.0,1.0,1.3,2026-01-01 15:46:44,13,1,Verano
101069,AZITROMICINA 500MG TAB CJAX30UND,ACFARMA GENERICO,0.0,6.0,7.8,2026-01-01 20:02:15,17,1,Verano
101069,AZITROMICINA 500MG TAB CJAX30UND,ACFARMA GENERICO,0.0,2.0,2.6,2026-01-02 12:48:33,5,1,Verano
101069,AZITROMICINA 500MG TAB CJAX30UND,ACFARMA GENERICO,0.0,6.0,7.8,2026-01-02 19:51:42,14,1,Verano
101069,AZITROMICINA 500MG TAB CJAX30UND,ACFARMA GENERICO,0.0,10.0,13.0,2026-01-02 20:10:35,1,1,Verano
101069,AZITROMICINA 500MG TAB CJAX30UND,ACFARMA GENERICO,0.0,3.0,3.9,2026-01-02 22:26:44,7,1,Verano
101069,AZITROMICINA 500MG TAB CJAX30UND,ACFARMA GENERICO,0.0,1.0,1.3,2026-01-03 11:42:21,12,1,Verano
101069,AZITROMICINA 500MG TAB CJAX30UND,ACFARMA GENERICO,0.0,5.0,6.5,2026-01-03 11:57:58,11,1,Verano
101069,AZITROMICINA 500MG TAB CJAX30UND,ACFARMA GENERICO,0.0,3.0,3.9,2026-01-03 19:02:44,11,1,Verano
101069,AZITROMICINA 500MG TAB CJAX30UND,ACFARMA GENERICO,0.0,4.0,5.2,2026-01-03 20:52:10,8,1,Verano
101069,AZITROMICINA 500MG TAB CJAX30UND,ACFARMA GENERICO,0.0,10.0,13.0,2026-01-04 07:53:39,17,1,Verano
101069,AZITROMICINA 500MG TAB CJAX30UND,ACFARMA GENERICO,0.0,10.0,13.0,2026-01-04 08:48:14,5,1,Verano
101069,AZITROMICINA 500MG TAB CJAX30UND,ACFARMA GENERICO,0.0,1.0,1.3,2026-01-04 18:49:16,1,1,Verano
101069,AZITROMICINA 500MG TAB CJAX30UND,ACFARMA GENERICO,0.0,7.0,9.1,2026-01-04 19:01:13,11,1,Verano
101069,AZITROMICINA 500MG TAB CJAX30UND,ACFARMA GENERICO,0.0,5.0,6.5,2026-01-04 21:50:49,2,1,Verano
101069,AZITROMICINA 500MG TAB CJAX30UND,ACFARMA GENERICO,0.0,10.0,13.0,2026-01-04 22:59:19,4,1,Verano
101069,AZITROMICINA 500MG TAB CJAX30UND,ACFARMA GENERICO,0.0,5.0,6.5,2026-01-05 18:28:34,7,1,Verano
101069,AZITROMICINA 500MG TAB CJAX30UND,ACFARMA GENERICO,0.0,4.0,5.2,2026-01-05 21:21:07,10,1,Verano
101069,AZITROMICINA 500MG TAB CJAX30UND,ACFARMA GENERICO,0.0,5.0,6.5,2026-01-05 21:26:58,5,1,Verano
101069,AZITROMICINA 500MG TAB CJAX30UND,ACFARMA GENERICO,0.0,2.0,2.6,2026-01-05 22:23:34,5,1,Verano
101069,AZITROMICINA 500MG TAB CJAX30UND,ACFARMA GENERICO,0.0,5.0,6.5,2026-01-05 23:53:28,16,1,Verano
101069,AZITROMICINA 500MG TAB CJAX30UND,ACFARMA GENERICO,0.0,1.0,1.3,2026-01-06 08:54:14,2,1,Verano
101069,AZITROMICINA 500MG TAB CJAX30UND,ACFARMA GENERICO,0.0,1.0,1.3,2026-01-06 12:14:40,13,1,Verano
101069,AZITROMICINA 500MG TAB CJAX30UND,ACFARMA GENERICO,0.0,3.0,3.9,2026-01-06 13:49:19,14,1,Verano
101069,AZITROMICINA 500MG TAB CJAX30UND,ACFARMA GENERICO,0.0,3.0,3.9,2026-01-06 14:33:38,5,1,Verano
101069,AZITROMICINA 500MG TAB CJAX30UND,ACFARMA GENERICO,0.0,5.0,6.5,2026-01-06 14:56:10,8,1,Verano
101069,AZITROMICINA 500MG TAB CJAX30UND,ACFARMA GENERICO,0.0,5.0,6.5,2026-01-06 15:34:44,15,1,Verano
101069,AZITROMICINA 500MG TAB CJAX30UND,ACFARMA GENERICO,0.0,1.0,1.3,2026-01-06 18:07:44,2,1,Verano
101069,AZITROMICINA 500MG TAB CJAX30UND,ACFARMA GENERICO,0.0,3.0,3.9,2026-01-06 19:28:54,5,1,Verano
101069,AZITROMICINA 500MG TAB CJAX30UND,ACFARMA GENERICO,0.0,10.0,13.0,2026-01-06 19:34:51,2,1,Verano
101069,AZITROMICINA 500MG TAB CJAX30UND,ACFARMA GENERICO,0.0,1.0,1.24,2026-01-06 23:56:23,7,1,Verano
101069,AZITROMICINA 500MG TAB CJAX30UND,ACFARMA GENERICO,0.0,2.0,2.6,2026-01-07 13:45:46,2,1,Verano
101069,AZITROMICINA 500MG TAB CJAX30UND,ACFARMA GENERICO,0.0,5.0,6.5,2026-01-07 19:52:10,7,1,Verano
101069,AZITROMICINA 500MG TAB CJAX30UND,ACFARMA GENERICO,0.0,2.0,2.6,2026-01-07 22:53:10,2,1,Verano
101069,AZITROMICINA 500MG TAB CJAX30UND,ACFARMA GENERICO,0.0,2.0,2.6,2026-01-07 23:58:50,5,1,Verano
101069,AZITROMICINA 500MG TAB CJAX30UND,ACFARMA GENERICO,0.0,2.0,2.6,2026-01-08 09:44:50,12,1,Verano
101069,AZITROMICINA 500MG TAB CJAX30UND,ACFARMA GENERICO,0.0,8.0,10.4,2026-01-08 12:47:33,1,1,Verano
101069,AZITROMICINA 500MG TAB CJAX30UND,ACFARMA GENERICO,0.0,5.0,6.5,2026-01-08 18:24:54,6,1,Verano
101069,AZITROMICINA 500MG TAB CJAX30UND,ACFARMA GENERICO,0.0,3.0,3.9,2026-01-08 18:59:09,18,1,Verano
101069,AZITROMICINA 500MG TAB CJAX30UND,ACFARMA GENERICO,0.0,2.0,2.47,2026-01-08 22:55:03,5,1,Verano
101069,AZITROMICINA 500MG TAB CJAX30UND,ACFARMA GENERICO,0.0,3.0,3.9,2026-01-09 12:09:12,1,1,Verano
101069,AZITROMICINA 500MG TAB CJAX30UND,ACFARMA GENERICO,0.0,5.0,6.5,2026-01-09 18:55:18,7,1,Verano
101069,AZITROMICINA 500MG TAB CJAX30UND,ACFARMA GENERICO,0.0,2.0,2.6,2026-01-09 23:36:22,5,1,Verano
101069,AZITROMICINA 500MG TAB CJAX30UND,ACFARMA GENERICO,0.0,1.0,1.3,2026-01-10 11:21:54,18,1,Verano
101069,AZITROMICINA 500MG TAB CJAX30UND,ACFARMA GENERICO,0.0,10.0,13.0,2026-01-10 13:00:37,17,1,Verano
101069,AZITROMICINA 500MG TAB CJAX30UND,ACFARMA GENERICO,0.0,1.0,1.3,2026-01-10 14:14:59,13,1,Verano
101069,AZITROMICINA 500MG TAB CJAX30UND,ACFARMA GENERICO,0.0,5.0,6.5,2026-01-10 18:13:16,4,1,Verano
101069,AZITROMICINA 500MG TAB CJAX30UND,ACFARMA GENERICO,0.0,1.0,1.3,2026-01-10 19:48:50,2,1,Verano
101069,AZITROMICINA 500MG TAB CJAX30UND,ACFARMA GENERICO,0.0,2.0,2.6,2026-01-10 20:32:55,2,1,Verano
101069,AZITROMICINA 500MG TAB CJAX30UND,ACFARMA GENERICO,0.0,2.0,2.6,2026-01-10 21:26:25,2,1,Verano
101069,AZITROMICINA 500MG TAB CJAX30UND,ACFARMA GENERICO,0.0,5.0,6.5,2026-01-10 23:41:40,4,1,Verano
101069,AZITROMICINA 500MG TAB CJAX30UND,ACFARMA GENERICO,0.0,3.0,3.9,2026-01-11 08:16:31,11,1,Verano
101069,AZITROMICINA 500MG TAB CJAX30UND,ACFARMA GENERICO,1.0,0.0,39.0,2026-01-11 14:25:55,10,1,Verano
101069,AZITROMICINA 500MG TAB CJAX30UND,ACFARMA GENERICO,0.0,5.0,6.5,2026-01-11 19:21:32,7,1,Verano
101069,AZITROMICINA 500MG TAB CJAX30UND,ACFARMA GENERICO,0.0,3.0,3.9,2026-01-11 19:43:00,5,1,Verano
101069,AZITROMICINA 500MG TAB CJAX30UND,ACFARMA GENERICO,0.0,5.0,6.5,2026-01-11 20:00:51,10,1,Verano
101069,AZITROMICINA 500MG TAB CJAX30UND,ACFARMA GENERICO,0.0,7.0,9.1,2026-01-12 07:36:23,12,1,Verano
101069,AZITROMICINA 500MG TAB CJAX30UND,ACFARMA GENERICO,0.0,10.0,13.0,2026-01-12 08:02:31,7,1,Verano
101069,AZITROMICINA 500MG TAB CJAX30UND,ACFARMA GENERICO,0.0,4.0,5.2,2026-01-12 20:12:10,13,1,Verano
101069,AZITROMICINA 500MG TAB CJAX30UND,ACFARMA GENERICO,0.0,1.0,1.24,2026-01-13 09:38:17,10,1,Verano
101069,AZITROMICINA 500MG TAB CJAX30UND,ACFARMA GENERICO,0.0,10.0,13.0,2026-01-13 17:13:13,1,1,Verano
101069,AZITROMICINA 500MG TAB CJAX30UND,ACFARMA GENERICO,0.0,2.0,2.6,2026-01-13 17:47:29,9,1,Verano
101069,AZITROMICINA 500MG TAB CJAX30UND,ACFARMA GENERICO,0.0,2.0,2.6,2026-01-13 18:24:13,15,1,Verano
101069,AZITROMICINA 500MG TAB CJAX30UND,ACFARMA GENERICO,0.0,3.0,3.9,2026-01-13 18:47:44,15,1,Verano
101069,AZITROMICINA 500MG TAB CJAX30UND,ACFARMA GENERICO,0.0,2.0,2.6,2026-01-13 19:29:51,13,1,Verano
101069,AZITROMICINA 500MG TAB CJAX30UND,ACFARMA GENERICO,0.0,1.0,1.24,2026-01-14 09:40:20,12,1,Verano
101069,AZITROMICINA 500MG TAB CJAX30UND,ACFARMA GENERICO,0.0,3.0,3.9,2026-01-14 11:17:31,5,1,Verano
101069,AZITROMICINA 500MG TAB CJAX30UND,ACFARMA GENERICO,0.0,1.0,1.3,2026-01-14 13:28:44,5,1,Verano
101069,AZITROMICINA 500MG TAB CJAX30UND,ACFARMA GENERICO,0.0,6.0,7.8,2026-01-14 21:43:42,14,1,Verano
101069,AZITROMICINA 500MG TAB CJAX30UND,ACFARMA GENERICO,0.0,3.0,3.71,2026-01-14 21:48:51,11,1,Verano
101069,AZITROMICINA 500MG TAB CJAX30UND,ACFARMA GENERICO,0.0,6.0,7.8,2026-01-15 11:09:10,11,1,Verano
101069,AZITROMICINA 500MG TAB CJAX30UND,ACFARMA GENERICO,0.0,4.0,5.2,2026-01-15 13:58:16,15,1,Verano
101069,AZITROMICINA 500MG TAB CJAX30UND,ACFARMA GENERICO,0.0,3.0,3.9,2026-01-15 15:59:08,4,1,Verano
101069,AZITROMICINA 500MG TAB CJAX30UND,ACFARMA GENERICO,0.0,2.0,2.6,2026-01-15 19:48:00,5,1,Verano
101069,AZITROMICINA 500MG TAB CJAX30UND,ACFARMA GENERICO,0.0,5.0,6.5,2026-01-15 19:57:13,14,1,Verano
101069,AZITROMICINA 500MG TAB CJAX30UND,ACFARMA GENERICO,0.0,2.0,2.6,2026-01-15 20:07:23,10,1,Verano
101069,AZITROMICINA 500MG TAB CJAX30UND,ACFARMA GENERICO,0.0,3.0,3.9,2026-01-15 20:40:50,4,1,Verano
101069,AZITROMICINA 500MG TAB CJAX30UND,ACFARMA GENERICO,0.0,6.0,7.8,2026-01-16 14:00:07,2,1,Verano
101069,AZITROMICINA 500MG TAB CJAX30UND,ACFARMA GENERICO,0.0,1.0,1.3,2026-01-16 19:49:03,2,1,Verano
101069,AZITROMICINA 500MG TAB CJAX30UND,ACFARMA GENERICO,0.0,10.0,12.35,2026-01-17 12:36:59,11,1,Verano
101069,AZITROMICINA 500MG TAB CJAX30UND,ACFARMA GENERICO,0.0,5.0,6.5,2026-01-17 15:54:36,1,1,Verano
101069,AZITROMICINA 500MG TAB CJAX30UND,ACFARMA GENERICO,0.0,5.0,6.5,2026-01-17 18:32:51,4,1,Verano
101069,AZITROMICINA 500MG TAB CJAX30UND,ACFARMA GENERICO,0.0,4.0,5.2,2026-01-17 22:04:43,6,1,Verano
101069,AZITROMICINA 500MG TAB CJAX30UND,ACFARMA GENERICO,0.0,5.0,6.5,2026-01-18 19:01:27,11,1,Verano
101069,AZITROMICINA 500MG TAB CJAX30UND,ACFARMA GENERICO,0.0,1.0,1.3,2026-01-18 20:40:49,13,1,Verano
101069,AZITROMICINA 500MG TAB CJAX30UND,ACFARMA GENERICO,0.0,1.0,1.3,2026-01-18 21:54:15,6,1,Verano
101069,AZITROMICINA 500MG TAB CJAX30UND,ACFARMA GENERICO,0.0,5.0,6.5,2026-01-18 21:57:14,4,1,Verano
101069,AZITROMICINA 500MG TAB CJAX30UND,ACFARMA GENERICO,0.0,2.0,2.6,2026-01-19 09:15:17,15,1,Verano
101069,AZITROMICINA 500MG TAB CJAX30UND,ACFARMA GENERICO,0.0,10.0,13.0,2026-01-19 12:55:51,1,1,Verano
101069,AZITROMICINA 500MG TAB CJAX30UND,ACFARMA GENERICO,0.0,4.0,5.2,2026-01-19 14:59:21,11,1,Verano
101069,AZITROMICINA 500MG TAB CJAX30UND,ACFARMA GENERICO,0.0,10.0,13.0,2026-01-19 16:16:48,3,1,Verano
101069,AZITROMICINA 500MG TAB CJAX30UND,ACFARMA GENERICO,0.0,3.0,3.9,2026-01-19 19:29:41,7,1,Verano
101069,AZITROMICINA 500MG TAB CJAX30UND,ACFARMA GENERICO,0.0,3.0,3.9,2026-01-19 20:42:40,3,1,Verano
101069,AZITROMICINA 500MG TAB CJAX30UND,ACFARMA GENERICO,0.0,4.0,5.2,2026-01-20 08:09:08,17,1,Verano
101069,AZITROMICINA 500MG TAB CJAX30UND,ACFARMA GENERICO,0.0,6.0,7.8,2026-01-20 10:08:58,11,1,Verano
101069,AZITROMICINA 500MG TAB CJAX30UND,ACFARMA GENERICO,0.0,2.0,2.6,2026-01-20 17:12:32,2,1,Verano
101069,AZITROMICINA 500MG TAB CJAX30UND,ACFARMA GENERICO,0.0,3.0,3.9,2026-01-20 20:19:25,1,1,Verano
101069,AZITROMICINA 500MG TAB CJAX30UND,ACFARMA GENERICO,0.0,8.0,9.88,2026-01-20 20:56:46,6,1,Verano
101069,AZITROMICINA 500MG TAB CJAX30UND,ACFARMA GENERICO,0.0,2.0,2.6,2026-01-20 22:08:20,9,1,Verano
101069,AZITROMICINA 500MG TAB CJAX30UND,ACFARMA GENERICO,0.0,3.0,3.9,2026-01-21 10:31:42,11,1,Verano
101069,AZITROMICINA 500MG TAB CJAX30UND,ACFARMA GENERICO,0.0,3.0,3.9,2026-01-21 13:21:32,1,1,Verano
101069,AZITROMICINA 500MG TAB CJAX30UND,ACFARMA GENERICO,0.0,2.0,2.6,2026-01-21 19:01:29,4,1,Verano
101069,AZITROMICINA 500MG TAB CJAX30UND,ACFARMA GENERICO,0.0,6.0,7.8,2026-01-21 20:29:49,7,1,Verano
101069,AZITROMICINA 500MG TAB CJAX30UND,ACFARMA GENERICO,0.0,5.0,6.5,2026-01-22 10:11:23,16,1,Verano
101069,AZITROMICINA 500MG TAB CJAX30UND,ACFARMA GENERICO,0.0,3.0,3.9,2026-01-22 12:38:01,10,1,Verano
101069,AZITROMICINA 500MG TAB CJAX30UND,ACFARMA GENERICO,0.0,2.0,2.6,2026-01-22 12:38:49,4,1,Verano
101069,AZITROMICINA 500MG TAB CJAX30UND,ACFARMA GENERICO,0.0,5.0,6.5,2026-01-22 13:17:43,12,1,Verano
101069,AZITROMICINA 500MG TAB CJAX30UND,ACFARMA GENERICO,0.0,5.0,6.5,2026-01-22 16:08:54,7,1,Verano
101069,AZITROMICINA 500MG TAB CJAX30UND,ACFARMA GENERICO,0.0,2.0,2.6,2026-01-22 18:52:25,8,1,Verano
101069,AZITROMICINA 500MG TAB CJAX30UND,ACFARMA GENERICO,0.0,2.0,2.6,2026-01-22 20:12:15,8,1,Verano
101069,AZITROMICINA 500MG TAB CJAX30UND,ACFARMA GENERICO,0.0,4.0,5.2,2026-01-22 20:31:23,2,1,Verano
101069,AZITROMICINA 500MG TAB CJAX30UND,ACFARMA GENERICO,0.0,2.0,2.6,2026-01-22 22:44:32,4,1,Verano
101069,AZITROMICINA 500MG TAB CJAX30UND,ACFARMA GENERICO,0.0,1.0,1.3,2026-01-23 08:24:09,6,1,Verano
101069,AZITROMICINA 500MG TAB CJAX30UND,ACFARMA GENERICO,0.0,-5.0,-6.5,2026-01-23 18:53:54,12,1,Verano
101069,AZITROMICINA 500MG TAB CJAX30UND,ACFARMA GENERICO,0.0,5.0,6.5,2026-01-23 18:57:13,12,1,Verano
101069,AZITROMICINA 500MG TAB CJAX30UND,ACFARMA GENERICO,0.0,2.0,2.6,2026-01-23 20:45:23,1,1,Verano
101069,AZITROMICINA 500MG TAB CJAX30UND,ACFARMA GENERICO,0.0,1.0,1.3,2026-01-24 20:01:14,8,1,Verano
101069,AZITROMICINA 500MG TAB CJAX30UND,ACFARMA GENERICO,0.0,2.0,2.6,2026-01-25 12:15:47,16,1,Verano
101069,AZITROMICINA 500MG TAB CJAX30UND,ACFARMA GENERICO,0.0,2.0,2.6,2026-01-25 13:48:13,2,1,Verano
101069,AZITROMICINA 500MG TAB CJAX30UND,ACFARMA GENERICO,0.0,1.0,1.3,2026-01-25 21:16:19,2,1,Verano
101069,AZITROMICINA 500MG TAB CJAX30UND,ACFARMA GENERICO,0.0,4.0,5.2,2026-01-26 10:37:08,1,1,Verano
101069,AZITROMICINA 500MG TAB CJAX30UND,ACFARMA GENERICO,0.0,1.0,1.3,2026-01-26 13:16:15,8,1,Verano
101069,AZITROMICINA 500MG TAB CJAX30UND,ACFARMA GENERICO,0.0,2.0,2.6,2026-01-26 18:20:56,1,1,Verano
101069,AZITROMICINA 500MG TAB CJAX30UND,ACFARMA GENERICO,0.0,1.0,1.3,2026-01-27 10:32:49,8,1,Verano
101069,AZITROMICINA 500MG TAB CJAX30UND,ACFARMA GENERICO,0.0,1.0,1.3,2026-01-27 18:22:04,2,1,Verano
101069,AZITROMICINA 500MG TAB CJAX30UND,ACFARMA GENERICO,0.0,6.0,7.8,2026-01-28 08:45:46,11,1,Verano
101069,AZITROMICINA 500MG TAB CJAX30UND,ACFARMA GENERICO,0.0,5.0,6.5,2026-01-28 11:57:50,2,1,Verano
101069,AZITROMICINA 500MG TAB CJAX30UND,ACFARMA GENERICO,0.0,10.0,13.0,2026-01-28 12:38:28,1,1,Verano
101069,AZITROMICINA 500MG TAB CJAX30UND,ACFARMA GENERICO,0.0,3.0,3.9,2026-01-28 21:00:11,11,1,Verano
101069,AZITROMICINA 500MG TAB CJAX30UND,ACFARMA GENERICO,0.0,2.0,2.6,2026-01-29 10:53:07,12,1,Verano
101069,AZITROMICINA 500MG TAB CJAX30UND,ACFARMA GENERICO,0.0,2.0,2.6,2026-01-29 13:02:31,11,1,Verano
101069,AZITROMICINA 500MG TAB CJAX30UND,ACFARMA GENERICO,0.0,2.0,2.6,2026-01-29 18:11:46,2,1,Verano
101069,AZITROMICINA 500MG TAB CJAX30UND,ACFARMA GENERICO,0.0,10.0,13.0,2026-01-29 18:35:11,8,1,Verano
101069,AZITROMICINA 500MG TAB CJAX30UND,ACFARMA GENERICO,0.0,2.0,2.6,2026-01-30 09:18:18,11,1,Verano
101069,AZITROMICINA 500MG TAB CJAX30UND,ACFARMA GENERICO,0.0,3.0,3.9,2026-01-30 14:54:17,12,1,Verano
101069,AZITROMICINA 500MG TAB CJAX30UND,ACFARMA GENERICO,0.0,2.0,2.6,2026-01-30 20:24:30,12,1,Verano
101069,AZITROMICINA 500MG TAB CJAX30UND,ACFARMA GENERICO,0.0,10.0,12.35,2026-01-31 07:21:14,6,1,Verano
101069,AZITROMICINA 500MG TAB CJAX30UND,ACFARMA GENERICO,0.0,5.0,6.5,2026-01-31 10:37:07,1,1,Verano
101069,AZITROMICINA 500MG TAB CJAX30UND,ACFARMA GENERICO,0.0,4.0,5.2,2026-01-31 15:24:34,11,1,Verano
101069,AZITROMICINA 500MG TAB CJAX30UND,ACFARMA GENERICO,1.0,0.0,39.0,2026-01-31 17:09:49,10,1,Verano
101069,AZITROMICINA 500MG TAB CJAX30UND,ACFARMA GENERICO,0.0,5.0,6.5,2026-01-31 18:00:30,13,1,Verano
101069,AZITROMICINA 500MG TAB CJAX30UND,ACFARMA GENERICO,0.0,1.0,1.24,2026-01-31 22:54:32,12,1,Verano
101069,AZITROMICINA 500MG TAB CJAX30UND,ACFARMA GENERICO,0.0,1.0,1.3,2026-02-01 20:26:04,13,2,Verano
101069,AZITROMICINA 500MG TAB CJAX30UND,ACFARMA GENERICO,0.0,3.0,3.9,2026-02-02 08:36:20,9,2,Verano
101069,AZITROMICINA 500MG TAB CJAX30UND,ACFARMA GENERICO,0.0,1.0,1.24,2026-02-02 14:43:05,12,2,Verano
101069,AZITROMICINA 500MG TAB CJAX30UND,ACFARMA GENERICO,0.0,5.0,6.5,2026-02-02 19:02:48,8,2,Verano
101069,AZITROMICINA 500MG TAB CJAX30UND,ACFARMA GENERICO,0.0,5.0,6.5,2026-02-02 19:56:40,1,2,Verano
101069,AZITROMICINA 500MG TAB CJAX30UND,ACFARMA GENERICO,0.0,2.0,2.6,2026-02-02 20:05:32,5,2,Verano
101069,AZITROMICINA 500MG TAB CJAX30UND,ACFARMA GENERICO,0.0,1.0,1.3,2026-02-03 18:23:05,9,2,Verano
101069,AZITROMICINA 500MG TAB CJAX30UND,ACFARMA GENERICO,0.0,3.0,3.9,2026-02-04 10:24:17,3,2,Verano
101069,AZITROMICINA 500MG TAB CJAX30UND,ACFARMA GENERICO,0.0,10.0,13.0,2026-02-04 17:49:44,17,2,Verano
101069,AZITROMICINA 500MG TAB CJAX30UND,ACFARMA GENERICO,0.0,1.0,1.3,2026-02-04 19:09:47,6,2,Verano
101069,AZITROMICINA 500MG TAB CJAX30UND,ACFARMA GENERICO,0.0,2.0,2.6,2026-02-04 19:15:46,3,2,Verano
101069,AZITROMICINA 500MG TAB CJAX30UND,ACFARMA GENERICO,0.0,3.0,3.9,2026-02-04 19:21:23,2,2,Verano
101069,AZITROMICINA 500MG TAB CJAX30UND,ACFARMA GENERICO,0.0,2.0,2.6,2026-02-04 21:49:53,12,2,Verano
101069,AZITROMICINA 500MG TAB CJAX30UND,ACFARMA GENERICO,0.0,5.0,6.5,2026-02-04 23:25:16,16,2,Verano
101069,AZITROMICINA 500MG TAB CJAX30UND,ACFARMA GENERICO,0.0,10.0,13.0,2026-02-05 10:25:40,4,2,Verano
101069,AZITROMICINA 500MG TAB CJAX30UND,ACFARMA GENERICO,0.0,1.0,1.3,2026-02-05 19:19:12,10,2,Verano
101069,AZITROMICINA 500MG TAB CJAX30UND,ACFARMA GENERICO,0.0,6.0,7.8,2026-02-05 20:29:33,2,2,Verano
101069,AZITROMICINA 500MG TAB CJAX30UND,ACFARMA GENERICO,0.0,2.0,2.6,2026-02-06 09:02:05,12,2,Verano
101069,AZITROMICINA 500MG TAB CJAX30UND,ACFARMA GENERICO,0.0,2.0,2.6,2026-02-06 11:43:29,12,2,Verano
101069,AZITROMICINA 500MG TAB CJAX30UND,ACFARMA GENERICO,0.0,5.0,6.5,2026-02-06 16:14:09,4,2,Verano
101069,AZITROMICINA 500MG TAB CJAX30UND,ACFARMA GENERICO,0.0,3.0,3.9,2026-02-07 07:16:26,12,2,Verano
101069,AZITROMICINA 500MG TAB CJAX30UND,ACFARMA GENERICO,0.0,5.0,6.5,2026-02-07 20:24:47,7,2,Verano
101069,AZITROMICINA 500MG TAB CJAX30UND,ACFARMA GENERICO,0.0,3.0,3.9,2026-02-08 11:41:44,12,2,Verano
101069,AZITROMICINA 500MG TAB CJAX30UND,ACFARMA GENERICO,0.0,3.0,3.9,2026-02-08 12:42:52,11,2,Verano
101069,AZITROMICINA 500MG TAB CJAX30UND,ACFARMA GENERICO,0.0,3.0,3.9,2026-02-08 20:16:55,5,2,Verano
101069,AZITROMICINA 500MG TAB CJAX30UND,ACFARMA GENERICO,0.0,-3.0,-3.9,2026-02-08 20:22:04,5,2,Verano
101069,AZITROMICINA 500MG TAB CJAX30UND,ACFARMA GENERICO,0.0,1.0,1.24,2026-02-10 08:23:00,6,2,Verano
101069,AZITROMICINA 500MG TAB CJAX30UND,ACFARMA GENERICO,0.0,10.0,13.0,2026-02-10 08:24:23,4,2,Verano
101069,AZITROMICINA 500MG TAB CJAX30UND,ACFARMA GENERICO,0.0,2.0,2.6,2026-02-10 15:03:32,6,2,Verano
101069,AZITROMICINA 500MG TAB CJAX30UND,ACFARMA GENERICO,0.0,3.0,3.9,2026-02-10 17:51:07,17,2,Verano
101069,AZITROMICINA 500MG TAB CJAX30UND,ACFARMA GENERICO,0.0,6.0,7.8,2026-02-10 17:57:00,11,2,Verano
101069,AZITROMICINA 500MG TAB CJAX30UND,ACFARMA GENERICO,0.0,6.0,7.8,2026-02-10 18:13:29,3,2,Verano
101069,AZITROMICINA 500MG TAB CJAX30UND,ACFARMA GENERICO,0.0,2.0,2.47,2026-02-10 20:30:40,3,2,Verano
101069,AZITROMICINA 500MG TAB CJAX30UND,ACFARMA GENERICO,0.0,3.0,3.9,2026-02-11 10:48:36,4,2,Verano
101069,AZITROMICINA 500MG TAB CJAX30UND,ACFARMA GENERICO,0.0,10.0,13.0,2026-02-11 12:16:51,7,2,Verano
101069,AZITROMICINA 500MG TAB CJAX30UND,ACFARMA GENERICO,0.0,4.0,5.2,2026-02-11 19:48:06,12,2,Verano
101069,AZITROMICINA 500MG TAB CJAX30UND,ACFARMA GENERICO,0.0,30.0,39.0,2026-02-12 21:05:47,10,2,Verano
101069,AZITROMICINA 500MG TAB CJAX30UND,ACFARMA GENERICO,0.0,1.0,1.3,2026-02-13 17:42:38,15,2,Verano
101069,AZITROMICINA 500MG TAB CJAX30UND,ACFARMA GENERICO,0.0,1.0,1.3,2026-02-13 18:06:35,4,2,Verano
101069,AZITROMICINA 500MG TAB CJAX30UND,ACFARMA GENERICO,0.0,6.0,7.8,2026-02-13 19:15:20,5,2,Verano
101069,AZITROMICINA 500MG TAB CJAX30UND,ACFARMA GENERICO,0.0,2.0,2.6,2026-02-13 21:32:06,3,2,Verano
101069,AZITROMICINA 500MG TAB CJAX30UND,ACFARMA GENERICO,0.0,10.0,13.0,2026-02-14 09:28:59,1,2,Verano
101069,AZITROMICINA 500MG TAB CJAX30UND,ACFARMA GENERICO,0.0,6.0,7.8,2026-02-14 10:25:57,3,2,Verano
101069,AZITROMICINA 500MG TAB CJAX30UND,ACFARMA GENERICO,0.0,10.0,13.0,2026-02-14 18:11:49,9,2,Verano
101069,AZITROMICINA 500MG TAB CJAX30UND,ACFARMA GENERICO,0.0,3.0,3.9,2026-02-14 19:31:08,4,2,Verano
101069,AZITROMICINA 500MG TAB CJAX30UND,ACFARMA GENERICO,0.0,4.0,5.2,2026-02-14 23:41:25,5,2,Verano
101069,AZITROMICINA 500MG TAB CJAX30UND,ACFARMA GENERICO,0.0,2.0,2.6,2026-02-15 13:31:32,6,2,Verano
101069,AZITROMICINA 500MG TAB CJAX30UND,ACFARMA GENERICO,0.0,1.0,1.3,2026-02-15 14:59:06,9,2,Verano
101069,AZITROMICINA 500MG TAB CJAX30UND,ACFARMA GENERICO,0.0,1.0,1.3,2026-02-15 19:26:15,12,2,Verano
101069,AZITROMICINA 500MG TAB CJAX30UND,ACFARMA GENERICO,0.0,10.0,13.0,2026-02-15 20:11:22,7,2,Verano
101069,AZITROMICINA 500MG TAB CJAX30UND,ACFARMA GENERICO,0.0,2.0,2.6,2026-02-16 12:43:02,2,2,Verano
101069,AZITROMICINA 500MG TAB CJAX30UND,ACFARMA GENERICO,0.0,10.0,13.0,2026-02-16 15:12:24,10,2,Verano
101069,AZITROMICINA 500MG TAB CJAX30UND,ACFARMA GENERICO,0.0,2.0,2.6,2026-02-16 17:46:55,3,2,Verano
101069,AZITROMICINA 500MG TAB CJAX30UND,ACFARMA GENERICO,0.0,4.0,5.2,2026-02-16 17:55:41,11,2,Verano
101069,AZITROMICINA 500MG TAB CJAX30UND,ACFARMA GENERICO,0.0,2.0,2.6,2026-02-16 20:21:44,12,2,Verano
101069,AZITROMICINA 500MG TAB CJAX30UND,ACFARMA GENERICO,0.0,10.0,13.0,2026-02-16 21:28:25,1,2,Verano
101069,AZITROMICINA 500MG TAB CJAX30UND,ACFARMA GENERICO,0.0,2.0,2.6,2026-02-16 21:29:57,1,2,Verano
101069,AZITROMICINA 500MG TAB CJAX30UND,ACFARMA GENERICO,0.0,1.0,1.3,2026-02-17 09:48:12,18,2,Verano
101069,AZITROMICINA 500MG TAB CJAX30UND,ACFARMA GENERICO,0.0,1.0,1.3,2026-02-17 11:08:05,2,2,Verano
101069,AZITROMICINA 500MG TAB CJAX30UND,ACFARMA GENERICO,0.0,3.0,3.9,2026-02-17 16:45:20,3,2,Verano
101069,AZITROMICINA 500MG TAB CJAX30UND,ACFARMA GENERICO,0.0,6.0,7.8,2026-02-17 20:31:26,15,2,Verano
101069,AZITROMICINA 500MG TAB CJAX30UND,ACFARMA GENERICO,0.0,1.0,1.3,2026-02-17 20:48:17,9,2,Verano
101069,AZITROMICINA 500MG TAB CJAX30UND,ACFARMA GENERICO,1.0,0.0,39.0,2026-02-18 09:06:39,5,2,Verano
101069,AZITROMICINA 500MG TAB CJAX30UND,ACFARMA GENERICO,0.0,2.0,2.6,2026-02-18 10:45:56,18,2,Verano
101069,AZITROMICINA 500MG TAB CJAX30UND,ACFARMA GENERICO,0.0,2.0,2.6,2026-02-18 13:34:14,5,2,Verano
101069,AZITROMICINA 500MG TAB CJAX30UND,ACFARMA GENERICO,0.0,7.0,9.1,2026-02-18 22:26:56,1,2,Verano
101069,AZITROMICINA 500MG TAB CJAX30UND,ACFARMA GENERICO,0.0,10.0,13.0,2026-02-19 08:56:12,9,2,Verano
101069,AZITROMICINA 500MG TAB CJAX30UND,ACFARMA GENERICO,0.0,1.0,1.3,2026-02-19 10:26:07,11,2,Verano
101069,AZITROMICINA 500MG TAB CJAX30UND,ACFARMA GENERICO,0.0,9.0,11.7,2026-02-19 10:27:33,11,2,Verano
101069,AZITROMICINA 500MG TAB CJAX30UND,ACFARMA GENERICO,0.0,3.0,3.9,2026-02-19 12:00:34,1,2,Verano
101069,AZITROMICINA 500MG TAB CJAX30UND,ACFARMA GENERICO,0.0,3.0,3.9,2026-02-19 15:48:42,15,2,Verano
101069,AZITROMICINA 500MG TAB CJAX30UND,ACFARMA GENERICO,0.0,3.0,3.71,2026-02-19 21:12:20,2,2,Verano
101069,AZITROMICINA 500MG TAB CJAX30UND,ACFARMA GENERICO,0.0,10.0,13.0,2026-02-19 21:46:03,2,2,Verano
101069,AZITROMICINA 500MG TAB CJAX30UND,ACFARMA GENERICO,0.0,1.0,1.3,2026-02-20 10:28:18,2,2,Verano
101069,AZITROMICINA 500MG TAB CJAX30UND,ACFARMA GENERICO,0.0,6.0,7.8,2026-02-20 11:36:56,17,2,Verano
101069,AZITROMICINA 500MG TAB CJAX30UND,ACFARMA GENERICO,0.0,5.0,6.5,2026-02-20 14:19:06,7,2,Verano
101069,AZITROMICINA 500MG TAB CJAX30UND,ACFARMA GENERICO,0.0,10.0,13.0,2026-02-20 17:21:50,5,2,Verano
101069,AZITROMICINA 500MG TAB CJAX30UND,ACFARMA GENERICO,0.0,3.0,3.9,2026-02-20 20:46:08,17,2,Verano
101069,AZITROMICINA 500MG TAB CJAX30UND,ACFARMA GENERICO,0.0,3.0,3.9,2026-02-20 21:24:41,7,2,Verano
101069,AZITROMICINA 500MG TAB CJAX30UND,ACFARMA GENERICO,0.0,1.0,1.3,2026-02-20 21:32:46,2,2,Verano
101069,AZITROMICINA 500MG TAB CJAX30UND,ACFARMA GENERICO,0.0,2.0,2.6,2026-02-20 21:35:37,1,2,Verano
101069,AZITROMICINA 500MG TAB CJAX30UND,ACFARMA GENERICO,0.0,1.0,1.3,2026-02-21 11:23:09,13,2,Verano
101069,AZITROMICINA 500MG TAB CJAX30UND,ACFARMA GENERICO,0.0,1.0,1.3,2026-02-21 20:26:21,2,2,Verano
101069,AZITROMICINA 500MG TAB CJAX30UND,ACFARMA GENERICO,0.0,1.0,1.3,2026-02-22 08:49:25,2,2,Verano
101069,AZITROMICINA 500MG TAB CJAX30UND,ACFARMA GENERICO,0.0,4.0,5.2,2026-02-22 13:26:34,7,2,Verano
101069,AZITROMICINA 500MG TAB CJAX30UND,ACFARMA GENERICO,0.0,2.0,2.6,2026-02-22 16:05:42,11,2,Verano
101069,AZITROMICINA 500MG TAB CJAX30UND,ACFARMA GENERICO,0.0,2.0,2.6,2026-02-22 21:37:03,1,2,Verano
101069,AZITROMICINA 500MG TAB CJAX30UND,ACFARMA GENERICO,0.0,2.0,2.6,2026-02-23 18:01:33,7,2,Verano
101069,AZITROMICINA 500MG TAB CJAX30UND,ACFARMA GENERICO,0.0,12.0,15.6,2026-02-23 18:35:07,9,2,Verano
101069,AZITROMICINA 500MG TAB CJAX30UND,ACFARMA GENERICO,0.0,3.0,3.9,2026-02-23 20:00:01,5,2,Verano
101069,AZITROMICINA 500MG TAB CJAX30UND,ACFARMA GENERICO,0.0,3.0,3.9,2026-02-23 20:44:11,1,2,Verano
101069,AZITROMICINA 500MG TAB CJAX30UND,ACFARMA GENERICO,0.0,2.0,2.6,2026-02-23 21:26:11,2,2,Verano
101069,AZITROMICINA 500MG TAB CJAX30UND,ACFARMA GENERICO,0.0,2.0,2.6,2026-02-23 22:08:56,3,2,Verano
101069,AZITROMICINA 500MG TAB CJAX30UND,ACFARMA GENERICO,0.0,4.0,5.2,2026-02-24 11:30:47,1,2,Verano
101069,AZITROMICINA 500MG TAB CJAX30UND,ACFARMA GENERICO,0.0,2.0,2.6,2026-02-24 12:51:40,11,2,Verano
101069,AZITROMICINA 500MG TAB CJAX30UND,ACFARMA GENERICO,0.0,10.0,13.0,2026-02-24 17:17:28,2,2,Verano
101069,AZITROMICINA 500MG TAB CJAX30UND,ACFARMA GENERICO,0.0,5.0,6.5,2026-02-25 10:04:36,5,2,Verano
101069,AZITROMICINA 500MG TAB CJAX30UND,ACFARMA GENERICO,0.0,3.0,3.9,2026-02-25 17:54:14,7,2,Verano
101069,AZITROMICINA 500MG TAB CJAX30UND,ACFARMA GENERICO,0.0,3.0,3.9,2026-02-25 20:07:42,4,2,Verano
101069,AZITROMICINA 500MG TAB CJAX30UND,ACFARMA GENERICO,0.0,2.0,2.6,2026-02-25 21:47:14,8,2,Verano
101069,AZITROMICINA 500MG TAB CJAX30UND,ACFARMA GENERICO,0.0,1.0,1.3,2026-02-25 21:49:59,3,2,Verano
101069,AZITROMICINA 500MG TAB CJAX30UND,ACFARMA GENERICO,0.0,4.0,5.2,2026-02-25 22:12:04,16,2,Verano
101069,AZITROMICINA 500MG TAB CJAX30UND,ACFARMA GENERICO,0.0,2.0,2.6,2026-02-26 08:54:40,19,2,Verano
101069,AZITROMICINA 500MG TAB CJAX30UND,ACFARMA GENERICO,0.0,5.0,6.5,2026-02-26 11:32:38,7,2,Verano
101069,AZITROMICINA 500MG TAB CJAX30UND,ACFARMA GENERICO,0.0,3.0,3.9,2026-02-26 12:15:08,1,2,Verano
101069,AZITROMICINA 500MG TAB CJAX30UND,ACFARMA GENERICO,0.0,5.0,6.5,2026-02-26 16:53:57,5,2,Verano
101069,AZITROMICINA 500MG TAB CJAX30UND,ACFARMA GENERICO,0.0,1.0,1.3,2026-02-27 10:41:15,19,2,Verano
101069,AZITROMICINA 500MG TAB CJAX30UND,ACFARMA GENERICO,0.0,2.0,2.6,2026-02-27 11:41:33,9,2,Verano
101069,AZITROMICINA 500MG TAB CJAX30UND,ACFARMA GENERICO,0.0,3.0,3.9,2026-02-27 14:53:00,10,2,Verano
101069,AZITROMICINA 500MG TAB CJAX30UND,ACFARMA GENERICO,0.0,4.0,5.2,2026-02-27 20:21:13,8,2,Verano
101069,AZITROMICINA 500MG TAB CJAX30UND,ACFARMA GENERICO,0.0,2.0,2.6,2026-02-27 20:27:59,13,2,Verano
101069,AZITROMICINA 500MG TAB CJAX30UND,ACFARMA GENERICO,0.0,4.0,5.2,2026-02-28 10:27:51,4,2,Verano
101069,AZITROMICINA 500MG TAB CJAX30UND,ACFARMA GENERICO,0.0,2.0,2.6,2026-02-28 15:24:49,2,2,Verano
101069,AZITROMICINA 500MG TAB CJAX30UND,ACFARMA GENERICO,0.0,1.0,1.3,2026-02-28 18:43:32,7,2,Verano
101069,AZITROMICINA 500MG TAB CJAX30UND,ACFARMA GENERICO,0.0,5.0,6.5,2026-02-28 18:52:18,11,2,Verano
101069,AZITROMICINA 500MG TAB CJAX30UND,ACFARMA GENERICO,0.0,3.0,3.9,2026-02-28 20:21:38,7,2,Verano
101069,AZITROMICINA 500MG TAB CJAX30UND,ACFARMA GENERICO,0.0,5.0,6.5,2026-02-28 20:32:14,11,2,Verano
101069,AZITROMICINA 500MG TAB CJAX30UND,ACFARMA GENERICO,0.0,4.0,5.2,2026-03-01 17:50:56,11,3,Otoño
101069,AZITROMICINA 500MG TAB CJAX30UND,ACFARMA GENERICO,0.0,3.0,3.9,2026-03-01 21:48:05,2,3,Otoño
101069,AZITROMICINA 500MG TAB CJAX30UND,ACFARMA GENERICO,0.0,3.0,3.9,2026-03-02 07:59:24,15,3,Otoño
101069,AZITROMICINA 500MG TAB CJAX30UND,ACFARMA GENERICO,0.0,2.0,2.6,2026-03-02 12:08:38,2,3,Otoño
101069,AZITROMICINA 500MG TAB CJAX30UND,ACFARMA GENERICO,0.0,4.0,5.2,2026-03-03 12:13:58,14,3,Otoño
101069,AZITROMICINA 500MG TAB CJAX30UND,ACFARMA GENERICO,0.0,2.0,2.6,2026-03-03 13:40:24,1,3,Otoño
101069,AZITROMICINA 500MG TAB CJAX30UND,ACFARMA GENERICO,0.0,3.0,3.9,2026-03-03 21:51:27,8,3,Otoño
101069,AZITROMICINA 500MG TAB CJAX30UND,ACFARMA GENERICO,0.0,2.0,2.6,2026-03-04 10:36:18,6,3,Otoño
101069,AZITROMICINA 500MG TAB CJAX30UND,ACFARMA GENERICO,0.0,1.0,1.3,2026-03-04 18:29:49,7,3,Otoño
101069,AZITROMICINA 500MG TAB CJAX30UND,ACFARMA GENERICO,0.0,1.0,1.3,2026-03-05 08:16:45,6,3,Otoño
101069,AZITROMICINA 500MG TAB CJAX30UND,ACFARMA GENERICO,0.0,6.0,7.41,2026-03-05 13:17:19,6,3,Otoño
101069,AZITROMICINA 500MG TAB CJAX30UND,ACFARMA GENERICO,0.0,5.0,6.18,2026-03-05 21:08:45,2,3,Otoño
101069,AZITROMICINA 500MG TAB CJAX30UND,ACFARMA GENERICO,0.0,2.0,2.6,2026-03-06 11:35:15,2,3,Otoño
101069,AZITROMICINA 500MG TAB CJAX30UND,ACFARMA GENERICO,1.0,0.0,39.0,2026-03-06 14:24:18,11,3,Otoño
101069,AZITROMICINA 500MG TAB CJAX30UND,ACFARMA GENERICO,0.0,1.0,1.3,2026-03-06 16:16:25,9,3,Otoño
101069,AZITROMICINA 500MG TAB CJAX30UND,ACFARMA GENERICO,0.0,1.0,1.3,2026-03-06 16:19:46,1,3,Otoño
101069,AZITROMICINA 500MG TAB CJAX30UND,ACFARMA GENERICO,0.0,1.0,1.3,2026-03-06 18:19:16,11,3,Otoño
101069,AZITROMICINA 500MG TAB CJAX30UND,ACFARMA GENERICO,0.0,2.0,2.6,2026-03-06 18:21:01,19,3,Otoño
101069,AZITROMICINA 500MG TAB CJAX30UND,ACFARMA GENERICO,0.0,10.0,13.0,2026-03-06 19:23:17,14,3,Otoño
101069,AZITROMICINA 500MG TAB CJAX30UND,ACFARMA GENERICO,0.0,2.0,2.6,2026-03-06 21:12:14,10,3,Otoño
101069,AZITROMICINA 500MG TAB CJAX30UND,ACFARMA GENERICO,0.0,10.0,13.0,2026-03-07 11:06:02,18,3,Otoño
101069,AZITROMICINA 500MG TAB CJAX30UND,ACFARMA GENERICO,0.0,2.0,2.6,2026-03-07 20:35:36,8,3,Otoño
101069,AZITROMICINA 500MG TAB CJAX30UND,ACFARMA GENERICO,0.0,4.0,5.2,2026-03-08 19:09:36,11,3,Otoño
101069,AZITROMICINA 500MG TAB CJAX30UND,ACFARMA GENERICO,0.0,2.0,2.6,2026-03-09 09:20:24,8,3,Otoño
101069,AZITROMICINA 500MG TAB CJAX30UND,ACFARMA GENERICO,1.0,0.0,39.0,2026-03-09 13:33:25,16,3,Otoño
101069,AZITROMICINA 500MG TAB CJAX30UND,ACFARMA GENERICO,0.0,4.0,5.2,2026-03-09 20:12:48,8,3,Otoño
101069,AZITROMICINA 500MG TAB CJAX30UND,ACFARMA GENERICO,0.0,3.0,3.9,2026-03-10 09:09:03,11,3,Otoño
101069,AZITROMICINA 500MG TAB CJAX30UND,ACFARMA GENERICO,0.0,1.0,1.3,2026-03-10 13:20:07,11,3,Otoño
101069,AZITROMICINA 500MG TAB CJAX30UND,ACFARMA GENERICO,0.0,3.0,3.9,2026-03-10 18:29:50,6,3,Otoño
101069,AZITROMICINA 500MG TAB CJAX30UND,ACFARMA GENERICO,0.0,1.0,1.24,2026-03-11 12:41:01,2,3,Otoño
101069,AZITROMICINA 500MG TAB CJAX30UND,ACFARMA GENERICO,0.0,3.0,3.9,2026-03-11 12:48:12,5,3,Otoño
101069,AZITROMICINA 500MG TAB CJAX30UND,ACFARMA GENERICO,0.0,6.0,7.41,2026-03-11 15:11:12,5,3,Otoño
101069,AZITROMICINA 500MG TAB CJAX30UND,ACFARMA GENERICO,0.0,10.0,13.0,2026-03-11 16:18:40,1,3,Otoño
101069,AZITROMICINA 500MG TAB CJAX30UND,ACFARMA GENERICO,0.0,2.0,2.6,2026-03-11 19:03:10,1,3,Otoño
101069,AZITROMICINA 500MG TAB CJAX30UND,ACFARMA GENERICO,0.0,5.0,6.5,2026-03-11 21:10:23,5,3,Otoño
101069,AZITROMICINA 500MG TAB CJAX30UND,ACFARMA GENERICO,0.0,3.0,3.71,2026-03-13 09:17:32,2,3,Otoño
101069,AZITROMICINA 500MG TAB CJAX30UND,ACFARMA GENERICO,0.0,3.0,3.9,2026-03-13 11:49:10,5,3,Otoño
101069,AZITROMICINA 500MG TAB CJAX30UND,ACFARMA GENERICO,0.0,5.0,6.5,2026-03-13 18:29:43,5,3,Otoño
101069,AZITROMICINA 500MG TAB CJAX30UND,ACFARMA GENERICO,0.0,5.0,6.5,2026-03-13 18:42:12,15,3,Otoño
101069,AZITROMICINA 500MG TAB CJAX30UND,ACFARMA GENERICO,0.0,4.0,5.2,2026-03-13 23:40:18,5,3,Otoño
101069,AZITROMICINA 500MG TAB CJAX30UND,ACFARMA GENERICO,0.0,1.0,1.3,2026-03-14 12:09:37,9,3,Otoño
101069,AZITROMICINA 500MG TAB CJAX30UND,ACFARMA GENERICO,0.0,2.0,2.6,2026-03-14 13:02:00,19,3,Otoño
101069,AZITROMICINA 500MG TAB CJAX30UND,ACFARMA GENERICO,0.0,2.0,2.6,2026-03-14 19:42:46,17,3,Otoño
101069,AZITROMICINA 500MG TAB CJAX30UND,ACFARMA GENERICO,0.0,1.0,1.3,2026-03-15 11:23:52,9,3,Otoño
101069,AZITROMICINA 500MG TAB CJAX30UND,ACFARMA GENERICO,0.0,4.0,5.2,2026-03-15 13:43:20,1,3,Otoño
101069,AZITROMICINA 500MG TAB CJAX30UND,ACFARMA GENERICO,0.0,2.0,2.6,2026-03-15 15:19:14,8,3,Otoño
101069,AZITROMICINA 500MG TAB CJAX30UND,ACFARMA GENERICO,0.0,4.0,5.2,2026-03-15 15:54:06,5,3,Otoño
101069,AZITROMICINA 500MG TAB CJAX30UND,ACFARMA GENERICO,0.0,3.0,3.9,2026-03-15 20:57:48,1,3,Otoño
101069,AZITROMICINA 500MG TAB CJAX30UND,ACFARMA GENERICO,0.0,2.0,2.6,2026-03-16 11:34:58,6,3,Otoño
101069,AZITROMICINA 500MG TAB CJAX30UND,ACFARMA GENERICO,0.0,5.0,6.5,2026-03-16 18:28:13,1,3,Otoño
101069,AZITROMICINA 500MG TAB CJAX30UND,ACFARMA GENERICO,0.0,2.0,2.6,2026-03-16 21:31:33,5,3,Otoño
101069,AZITROMICINA 500MG TAB CJAX30UND,ACFARMA GENERICO,0.0,2.0,2.6,2026-03-17 10:28:45,9,3,Otoño
101069,AZITROMICINA 500MG TAB CJAX30UND,ACFARMA GENERICO,0.0,3.0,3.71,2026-03-17 14:43:53,6,3,Otoño
101069,AZITROMICINA 500MG TAB CJAX30UND,ACFARMA GENERICO,0.0,2.0,2.6,2026-03-17 18:21:31,19,3,Otoño
101069,AZITROMICINA 500MG TAB CJAX30UND,ACFARMA GENERICO,0.0,3.0,3.71,2026-03-18 08:02:55,12,3,Otoño
101069,AZITROMICINA 500MG TAB CJAX30UND,ACFARMA GENERICO,0.0,4.0,5.2,2026-03-18 22:28:41,16,3,Otoño
101069,AZITROMICINA 500MG TAB CJAX30UND,ACFARMA GENERICO,0.0,3.0,3.9,2026-03-19 11:46:31,2,3,Otoño
101069,AZITROMICINA 500MG TAB CJAX30UND,ACFARMA GENERICO,0.0,1.0,1.3,2026-03-19 14:03:02,5,3,Otoño
101069,AZITROMICINA 500MG TAB CJAX30UND,ACFARMA GENERICO,0.0,10.0,13.0,2026-03-19 15:36:44,1,3,Otoño
101069,AZITROMICINA 500MG TAB CJAX30UND,ACFARMA GENERICO,0.0,6.0,7.8,2026-03-19 19:03:03,2,3,Otoño
101069,AZITROMICINA 500MG TAB CJAX30UND,ACFARMA GENERICO,0.0,5.0,6.5,2026-03-20 16:35:15,4,3,Otoño
101069,AZITROMICINA 500MG TAB CJAX30UND,ACFARMA GENERICO,0.0,2.0,2.6,2026-03-20 17:43:33,9,3,Otoño
101069,AZITROMICINA 500MG TAB CJAX30UND,ACFARMA GENERICO,0.0,3.0,3.9,2026-03-21 10:01:54,9,3,Otoño
101069,AZITROMICINA 500MG TAB CJAX30UND,ACFARMA GENERICO,0.0,10.0,13.0,2026-03-21 10:37:43,16,3,Otoño
101069,AZITROMICINA 500MG TAB CJAX30UND,ACFARMA GENERICO,0.0,2.0,2.6,2026-03-21 15:54:51,3,3,Otoño
101069,AZITROMICINA 500MG TAB CJAX30UND,ACFARMA GENERICO,0.0,10.0,13.0,2026-03-21 17:34:41,4,3,Otoño
101069,AZITROMICINA 500MG TAB CJAX30UND,ACFARMA GENERICO,0.0,4.0,5.2,2026-03-22 11:28:16,8,3,Otoño
101069,AZITROMICINA 500MG TAB CJAX30UND,ACFARMA GENERICO,0.0,2.0,2.6,2026-03-22 13:49:54,8,3,Otoño
101069,AZITROMICINA 500MG TAB CJAX30UND,ACFARMA GENERICO,0.0,2.0,2.6,2026-03-23 07:41:48,9,3,Otoño
101069,AZITROMICINA 500MG TAB CJAX30UND,ACFARMA GENERICO,0.0,1.0,1.3,2026-03-23 13:20:47,3,3,Otoño
101069,AZITROMICINA 500MG TAB CJAX30UND,ACFARMA GENERICO,0.0,1.0,1.3,2026-03-23 21:53:04,6,3,Otoño
101069,AZITROMICINA 500MG TAB CJAX30UND,ACFARMA GENERICO,0.0,3.0,3.9,2026-03-24 11:10:07,11,3,Otoño
101069,AZITROMICINA 500MG TAB CJAX30UND,ACFARMA GENERICO,0.0,2.0,2.6,2026-03-24 19:46:58,19,3,Otoño
101069,AZITROMICINA 500MG TAB CJAX30UND,ACFARMA GENERICO,0.0,10.0,13.0,2026-03-24 19:54:39,2,3,Otoño
101069,AZITROMICINA 500MG TAB CJAX30UND,ACFARMA GENERICO,0.0,5.0,6.5,2026-03-25 16:02:08,8,3,Otoño
101069,AZITROMICINA 500MG TAB CJAX30UND,ACFARMA GENERICO,0.0,2.0,2.6,2026-03-25 20:18:20,1,3,Otoño
101069,AZITROMICINA 500MG TAB CJAX30UND,ACFARMA GENERICO,0.0,10.0,13.0,2026-03-26 10:32:07,11,3,Otoño
101069,AZITROMICINA 500MG TAB CJAX30UND,ACFARMA GENERICO,0.0,2.0,2.6,2026-03-26 15:40:04,4,3,Otoño
101069,AZITROMICINA 500MG TAB CJAX30UND,ACFARMA GENERICO,0.0,5.0,6.18,2026-03-26 23:25:15,10,3,Otoño
101069,AZITROMICINA 500MG TAB CJAX30UND,ACFARMA GENERICO,0.0,3.0,3.9,2026-03-27 13:55:33,15,3,Otoño
101069,AZITROMICINA 500MG TAB CJAX30UND,ACFARMA GENERICO,0.0,5.0,6.5,2026-03-27 15:28:23,9,3,Otoño
101069,AZITROMICINA 500MG TAB CJAX30UND,ACFARMA GENERICO,0.0,1.0,1.3,2026-03-28 12:59:31,6,3,Otoño
101069,AZITROMICINA 500MG TAB CJAX30UND,ACFARMA GENERICO,0.0,10.0,13.0,2026-03-28 18:17:18,1,3,Otoño
101069,AZITROMICINA 500MG TAB CJAX30UND,ACFARMA GENERICO,0.0,3.0,3.9,2026-03-28 20:25:05,2,3,Otoño
101069,AZITROMICINA 500MG TAB CJAX30UND,ACFARMA GENERICO,0.0,5.0,6.5,2026-03-29 13:09:13,19,3,Otoño
101069,AZITROMICINA 500MG TAB CJAX30UND,ACFARMA GENERICO,0.0,10.0,13.0,2026-03-29 18:01:09,6,3,Otoño
101069,AZITROMICINA 500MG TAB CJAX30UND,ACFARMA GENERICO,0.0,10.0,12.35,2026-03-29 21:46:17,1,3,Otoño
101069,AZITROMICINA 500MG TAB CJAX30UND,ACFARMA GENERICO,0.0,3.0,3.9,2026-03-30 21:20:45,9,3,Otoño
101069,AZITROMICINA 500MG TAB CJAX30UND,ACFARMA GENERICO,0.0,6.0,7.8,2026-03-31 09:55:26,1,3,Otoño
101069,AZITROMICINA 500MG TAB CJAX30UND,ACFARMA GENERICO,0.0,3.0,3.9,2026-03-31 10:39:11,9,3,Otoño
101069,AZITROMICINA 500MG TAB CJAX30UND,ACFARMA GENERICO,0.0,4.0,5.2,2026-03-31 10:53:38,6,3,Otoño
101069,AZITROMICINA 500MG TAB CJAX30UND,ACFARMA GENERICO,0.0,5.0,6.5,2026-03-31 16:16:04,17,3,Otoño
101069,AZITROMICINA 500MG TAB CJAX30UND,ACFARMA GENERICO,0.0,1.0,1.3,2026-04-01 09:08:13,4,4,Otoño
101069,AZITROMICINA 500MG TAB CJAX30UND,ACFARMA GENERICO,0.0,10.0,13.0,2026-04-01 19:39:41,1,4,Otoño
101069,AZITROMICINA 500MG TAB CJAX30UND,ACFARMA GENERICO,0.0,5.0,6.18,2026-04-01 21:09:55,11,4,Otoño
101069,AZITROMICINA 500MG TAB CJAX30UND,ACFARMA GENERICO,0.0,2.0,2.6,2026-04-02 09:08:12,2,4,Otoño
101069,AZITROMICINA 500MG TAB CJAX30UND,ACFARMA GENERICO,0.0,3.0,3.9,2026-04-04 10:22:11,2,4,Otoño
101069,AZITROMICINA 500MG TAB CJAX30UND,ACFARMA GENERICO,0.0,5.0,6.5,2026-04-04 10:45:05,11,4,Otoño
101069,AZITROMICINA 500MG TAB CJAX30UND,ACFARMA GENERICO,0.0,3.0,3.9,2026-04-04 14:57:52,9,4,Otoño
101069,AZITROMICINA 500MG TAB CJAX30UND,ACFARMA GENERICO,0.0,3.0,3.9,2026-04-04 16:04:30,9,4,Otoño
101069,AZITROMICINA 500MG TAB CJAX30UND,ACFARMA GENERICO,0.0,4.0,5.2,2026-04-05 12:53:00,9,4,Otoño
101069,AZITROMICINA 500MG TAB CJAX30UND,ACFARMA GENERICO,0.0,2.0,2.6,2026-04-05 22:04:04,13,4,Otoño
101069,AZITROMICINA 500MG TAB CJAX30UND,ACFARMA GENERICO,0.0,1.0,1.3,2026-04-06 08:47:53,9,4,Otoño
101069,AZITROMICINA 500MG TAB CJAX30UND,ACFARMA GENERICO,0.0,2.0,2.6,2026-04-06 10:44:10,11,4,Otoño
101069,AZITROMICINA 500MG TAB CJAX30UND,ACFARMA GENERICO,0.0,6.0,7.8,2026-04-06 12:14:03,11,4,Otoño
101069,AZITROMICINA 500MG TAB CJAX30UND,ACFARMA GENERICO,0.0,3.0,3.9,2026-04-06 12:16:22,1,4,Otoño
101069,AZITROMICINA 500MG TAB CJAX30UND,ACFARMA GENERICO,0.0,2.0,2.6,2026-04-06 16:30:21,13,4,Otoño
101069,AZITROMICINA 500MG TAB CJAX30UND,ACFARMA GENERICO,0.0,3.0,3.9,2026-04-06 19:11:06,4,4,Otoño
101069,AZITROMICINA 500MG TAB CJAX30UND,ACFARMA GENERICO,0.0,10.0,13.0,2026-04-07 12:21:23,11,4,Otoño
101069,AZITROMICINA 500MG TAB CJAX30UND,ACFARMA GENERICO,0.0,2.0,2.6,2026-04-07 16:14:26,9,4,Otoño
101069,AZITROMICINA 500MG TAB CJAX30UND,ACFARMA GENERICO,0.0,2.0,2.6,2026-04-07 18:24:18,9,4,Otoño
101069,AZITROMICINA 500MG TAB CJAX30UND,ACFARMA GENERICO,0.0,1.0,1.3,2026-04-07 20:37:30,13,4,Otoño
101069,AZITROMICINA 500MG TAB CJAX30UND,ACFARMA GENERICO,0.0,3.0,3.9,2026-04-08 15:18:30,9,4,Otoño
101069,AZITROMICINA 500MG TAB CJAX30UND,ACFARMA GENERICO,0.0,5.0,6.5,2026-04-08 21:40:34,3,4,Otoño
101069,AZITROMICINA 500MG TAB CJAX30UND,ACFARMA GENERICO,0.0,3.0,3.9,2026-04-09 15:11:54,9,4,Otoño
101069,AZITROMICINA 500MG TAB CJAX30UND,ACFARMA GENERICO,0.0,2.0,2.6,2026-04-09 18:26:13,13,4,Otoño
101069,AZITROMICINA 500MG TAB CJAX30UND,ACFARMA GENERICO,0.0,7.0,9.1,2026-04-09 20:39:39,1,4,Otoño
101069,AZITROMICINA 500MG TAB CJAX30UND,ACFARMA GENERICO,0.0,2.0,2.6,2026-04-10 07:55:40,7,4,Otoño
101069,AZITROMICINA 500MG TAB CJAX30UND,ACFARMA GENERICO,0.0,2.0,2.6,2026-04-10 12:41:01,9,4,Otoño
101069,AZITROMICINA 500MG TAB CJAX30UND,ACFARMA GENERICO,0.0,2.0,2.6,2026-04-10 19:50:46,7,4,Otoño
101069,AZITROMICINA 500MG TAB CJAX30UND,ACFARMA GENERICO,0.0,1.0,1.3,2026-04-10 22:11:43,10,4,Otoño
101069,AZITROMICINA 500MG TAB CJAX30UND,ACFARMA GENERICO,0.0,4.0,5.2,2026-04-11 11:49:33,11,4,Otoño
101069,AZITROMICINA 500MG TAB CJAX30UND,ACFARMA GENERICO,0.0,2.0,2.6,2026-04-12 09:52:29,18,4,Otoño
101069,AZITROMICINA 500MG TAB CJAX30UND,ACFARMA GENERICO,0.0,6.0,7.8,2026-04-12 17:00:23,1,4,Otoño
101069,AZITROMICINA 500MG TAB CJAX30UND,ACFARMA GENERICO,0.0,5.0,6.5,2026-04-12 17:18:35,4,4,Otoño
101069,AZITROMICINA 500MG TAB CJAX30UND,ACFARMA GENERICO,0.0,1.0,1.3,2026-04-12 21:06:38,7,4,Otoño
101069,AZITROMICINA 500MG TAB CJAX30UND,ACFARMA GENERICO,0.0,2.0,2.6,2026-04-13 08:29:04,9,4,Otoño
101069,AZITROMICINA 500MG TAB CJAX30UND,ACFARMA GENERICO,0.0,3.0,3.9,2026-04-13 10:11:49,9,4,Otoño
101069,AZITROMICINA 500MG TAB CJAX30UND,ACFARMA GENERICO,0.0,3.0,3.9,2026-04-13 21:40:26,4,4,Otoño
101069,AZITROMICINA 500MG TAB CJAX30UND,ACFARMA GENERICO,0.0,5.0,6.5,2026-04-14 12:08:12,10,4,Otoño
101069,AZITROMICINA 500MG TAB CJAX30UND,ACFARMA GENERICO,0.0,3.0,3.9,2026-04-14 18:14:20,1,4,Otoño
101069,AZITROMICINA 500MG TAB CJAX30UND,ACFARMA GENERICO,0.0,3.0,3.9,2026-04-15 10:53:18,9,4,Otoño
101069,AZITROMICINA 500MG TAB CJAX30UND,ACFARMA GENERICO,0.0,1.0,1.3,2026-04-15 14:39:52,9,4,Otoño
101069,AZITROMICINA 500MG TAB CJAX30UND,ACFARMA GENERICO,0.0,2.0,2.6,2026-04-15 19:12:57,11,4,Otoño
101069,AZITROMICINA 500MG TAB CJAX30UND,ACFARMA GENERICO,0.0,1.0,1.3,2026-04-15 19:58:26,1,4,Otoño
101069,AZITROMICINA 500MG TAB CJAX30UND,ACFARMA GENERICO,0.0,3.0,3.9,2026-04-16 15:08:59,8,4,Otoño
101069,AZITROMICINA 500MG TAB CJAX30UND,ACFARMA GENERICO,0.0,2.0,2.6,2026-04-16 21:56:27,9,4,Otoño
101069,AZITROMICINA 500MG TAB CJAX30UND,ACFARMA GENERICO,0.0,2.0,2.6,2026-04-17 14:15:52,1,4,Otoño
101069,AZITROMICINA 500MG TAB CJAX30UND,ACFARMA GENERICO,0.0,2.0,2.6,2026-04-17 18:56:59,7,4,Otoño
101069,AZITROMICINA 500MG TAB CJAX30UND,ACFARMA GENERICO,0.0,1.0,1.3,2026-04-18 18:19:54,7,4,Otoño
101069,AZITROMICINA 500MG TAB CJAX30UND,ACFARMA GENERICO,0.0,2.0,2.6,2026-04-18 20:41:24,8,4,Otoño
101069,AZITROMICINA 500MG TAB CJAX30UND,ACFARMA GENERICO,0.0,3.0,3.9,2026-04-18 21:05:38,1,4,Otoño
101069,AZITROMICINA 500MG TAB CJAX30UND,ACFARMA GENERICO,0.0,4.0,5.2,2026-04-18 23:24:05,4,4,Otoño
101069,AZITROMICINA 500MG TAB CJAX30UND,ACFARMA GENERICO,0.0,4.0,5.2,2026-04-19 19:11:26,13,4,Otoño
101069,AZITROMICINA 500MG TAB CJAX30UND,ACFARMA GENERICO,0.0,4.0,5.2,2026-04-19 22:13:43,6,4,Otoño
101069,AZITROMICINA 500MG TAB CJAX30UND,ACFARMA GENERICO,0.0,1.0,1.3,2026-04-20 20:42:39,9,4,Otoño
101069,AZITROMICINA 500MG TAB CJAX30UND,ACFARMA GENERICO,0.0,1.0,1.3,2026-04-22 09:56:25,7,4,Otoño
101069,AZITROMICINA 500MG TAB CJAX30UND,ACFARMA GENERICO,0.0,3.0,3.9,2026-04-22 15:10:23,7,4,Otoño
101069,AZITROMICINA 500MG TAB CJAX30UND,ACFARMA GENERICO,0.0,3.0,3.9,2026-04-22 18:23:25,9,4,Otoño
101069,AZITROMICINA 500MG TAB CJAX30UND,ACFARMA GENERICO,0.0,2.0,2.6,2026-04-22 21:07:07,19,4,Otoño
101069,AZITROMICINA 500MG TAB CJAX30UND,ACFARMA GENERICO,0.0,3.0,3.9,2026-04-23 08:01:06,6,4,Otoño
101069,AZITROMICINA 500MG TAB CJAX30UND,ACFARMA GENERICO,0.0,28.0,36.4,2026-04-23 17:16:25,1,4,Otoño
101069,AZITROMICINA 500MG TAB CJAX30UND,ACFARMA GENERICO,0.0,5.0,6.5,2026-04-25 12:23:22,10,4,Otoño
101069,AZITROMICINA 500MG TAB CJAX30UND,ACFARMA GENERICO,0.0,9.0,11.7,2026-04-25 12:37:08,17,4,Otoño
101069,AZITROMICINA 500MG TAB CJAX30UND,ACFARMA GENERICO,0.0,2.0,2.6,2026-04-25 21:10:27,2,4,Otoño
101069,AZITROMICINA 500MG TAB CJAX30UND,ACFARMA GENERICO,0.0,2.0,2.6,2026-04-25 22:02:07,4,4,Otoño
101069,AZITROMICINA 500MG TAB CJAX30UND,ACFARMA GENERICO,0.0,5.0,6.5,2026-04-26 16:12:06,3,4,Otoño
101069,AZITROMICINA 500MG TAB CJAX30UND,ACFARMA GENERICO,0.0,2.0,2.6,2026-04-27 14:49:09,6,4,Otoño
101069,AZITROMICINA 500MG TAB CJAX30UND,ACFARMA GENERICO,0.0,2.0,2.6,2026-04-27 17:17:44,14,4,Otoño
101069,AZITROMICINA 500MG TAB CJAX30UND,ACFARMA GENERICO,0.0,3.0,3.9,2026-04-27 19:51:50,15,4,Otoño
101069,AZITROMICINA 500MG TAB CJAX30UND,ACFARMA GENERICO,0.0,3.0,3.9,2026-04-28 07:35:28,2,4,Otoño
101069,AZITROMICINA 500MG TAB CJAX30UND,ACFARMA GENERICO,0.0,1.0,1.3,2026-04-28 10:45:28,2,4,Otoño
101069,AZITROMICINA 500MG TAB CJAX30UND,ACFARMA GENERICO,1.0,0.0,39.0,2026-04-28 10:54:48,9,4,Otoño
101069,AZITROMICINA 500MG TAB CJAX30UND,ACFARMA GENERICO,0.0,2.0,2.6,2026-04-29 18:35:37,12,4,Otoño
101069,AZITROMICINA 500MG TAB CJAX30UND,ACFARMA GENERICO,0.0,1.0,1.3,2026-05-02 17:00:46,7,5,Otoño
101069,AZITROMICINA 500MG TAB CJAX30UND,ACFARMA GENERICO,0.0,4.0,5.2,2026-05-04 14:47:49,18,5,Otoño
101069,AZITROMICINA 500MG TAB CJAX30UND,ACFARMA GENERICO,0.0,10.0,13.0,2026-05-05 08:12:17,15,5,Otoño
101069,AZITROMICINA 500MG TAB CJAX30UND,ACFARMA GENERICO,0.0,1.0,1.3,2026-05-05 20:18:52,15,5,Otoño
101069,AZITROMICINA 500MG TAB CJAX30UND,ACFARMA GENERICO,0.0,1.0,1.3,2026-05-05 21:49:02,7,5,Otoño
101069,AZITROMICINA 500MG TAB CJAX30UND,ACFARMA GENERICO,0.0,2.0,2.6,2026-05-05 22:29:55,17,5,Otoño
101069,AZITROMICINA 500MG TAB CJAX30UND,ACFARMA GENERICO,0.0,3.0,3.9,2026-05-06 09:55:30,7,5,Otoño
101069,AZITROMICINA 500MG TAB CJAX30UND,ACFARMA GENERICO,0.0,2.0,2.6,2026-05-06 18:16:28,2,5,Otoño
101069,AZITROMICINA 500MG TAB CJAX30UND,ACFARMA GENERICO,0.0,3.0,3.9,2026-05-07 20:32:19,7,5,Otoño
101069,AZITROMICINA 500MG TAB CJAX30UND,ACFARMA GENERICO,0.0,2.0,2.6,2026-05-09 19:44:32,15,5,Otoño
101069,AZITROMICINA 500MG TAB CJAX30UND,ACFARMA GENERICO,0.0,3.0,3.9,2026-05-09 22:00:14,15,5,Otoño
101069,AZITROMICINA 500MG TAB CJAX30UND,ACFARMA GENERICO,0.0,1.0,1.3,2026-05-11 10:45:54,2,5,Otoño
101069,AZITROMICINA 500MG TAB CJAX30UND,ACFARMA GENERICO,0.0,4.0,5.2,2026-05-12 18:57:29,2,5,Otoño
101069,AZITROMICINA 500MG TAB CJAX30UND,ACFARMA GENERICO,0.0,3.0,3.9,2026-05-13 09:29:37,18,5,Otoño
101069,AZITROMICINA 500MG TAB CJAX30UND,ACFARMA GENERICO,0.0,5.0,6.5,2026-05-13 13:46:12,11,5,Otoño
101069,AZITROMICINA 500MG TAB CJAX30UND,ACFARMA GENERICO,0.0,4.0,5.2,2026-05-13 18:19:58,2,5,Otoño
101069,AZITROMICINA 500MG TAB CJAX30UND,ACFARMA GENERICO,0.0,4.0,5.2,2026-05-14 21:49:27,2,5,Otoño
101069,AZITROMICINA 500MG TAB CJAX30UND,ACFARMA GENERICO,0.0,1.0,1.3,2026-05-17 07:26:11,13,5,Otoño
101069,AZITROMICINA 500MG TAB CJAX30UND,ACFARMA GENERICO,0.0,2.0,2.6,2026-05-17 10:43:38,17,5,Otoño
101069,AZITROMICINA 500MG TAB CJAX30UND,ACFARMA GENERICO,0.0,5.0,6.5,2026-05-17 15:31:29,7,5,Otoño
101069,AZITROMICINA 500MG TAB CJAX30UND,ACFARMA GENERICO,0.0,3.0,3.9,2026-05-17 22:59:51,17,5,Otoño
101069,AZITROMICINA 500MG TAB CJAX30UND,ACFARMA GENERICO,0.0,2.0,2.6,2026-05-18 11:53:19,19,5,Otoño
101069,AZITROMICINA 500MG TAB CJAX30UND,ACFARMA GENERICO,0.0,3.0,3.9,2026-05-18 16:22:04,2,5,Otoño
101069,AZITROMICINA 500MG TAB CJAX30UND,ACFARMA GENERICO,0.0,1.0,1.3,2026-05-18 17:41:41,17,5,Otoño
101069,AZITROMICINA 500MG TAB CJAX30UND,ACFARMA GENERICO,0.0,1.0,1.3,2026-05-19 13:07:02,2,5,Otoño
101069,AZITROMICINA 500MG TAB CJAX30UND,ACFARMA GENERICO,0.0,4.0,5.2,2026-05-20 09:54:53,16,5,Otoño
101069,AZITROMICINA 500MG TAB CJAX30UND,ACFARMA GENERICO,0.0,20.0,26.0,2026-05-20 18:06:57,9,5,Otoño
101069,AZITROMICINA 500MG TAB CJAX30UND,ACFARMA GENERICO,0.0,2.0,2.6,2026-05-20 20:47:55,18,5,Otoño
101069,AZITROMICINA 500MG TAB CJAX30UND,ACFARMA GENERICO,0.0,2.0,2.6,2026-05-22 10:44:06,19,5,Otoño
101069,AZITROMICINA 500MG TAB CJAX30UND,ACFARMA GENERICO,0.0,1.0,1.3,2026-05-22 14:56:58,19,5,Otoño
101069,AZITROMICINA 500MG TAB CJAX30UND,ACFARMA GENERICO,0.0,1.0,1.3,2026-05-22 20:14:43,2,5,Otoño
101069,AZITROMICINA 500MG TAB CJAX30UND,ACFARMA GENERICO,0.0,1.0,1.3,2026-05-22 20:40:22,18,5,Otoño
101069,AZITROMICINA 500MG TAB CJAX30UND,ACFARMA GENERICO,0.0,1.0,1.3,2026-05-22 21:59:40,12,5,Otoño
101069,AZITROMICINA 500MG TAB CJAX30UND,ACFARMA GENERICO,0.0,2.0,2.6,2026-05-23 13:29:50,6,5,Otoño
101069,AZITROMICINA 500MG TAB CJAX30UND,ACFARMA GENERICO,0.0,5.0,6.5,2026-05-23 18:04:00,7,5,Otoño
101069,AZITROMICINA 500MG TAB CJAX30UND,ACFARMA GENERICO,0.0,2.0,2.6,2026-05-24 13:48:16,19,5,Otoño
101069,AZITROMICINA 500MG TAB CJAX30UND,ACFARMA GENERICO,0.0,2.0,2.6,2026-05-25 20:52:29,12,5,Otoño
101069,AZITROMICINA 500MG TAB CJAX30UND,ACFARMA GENERICO,0.0,8.0,10.4,2026-05-25 21:42:46,14,5,Otoño
101069,AZITROMICINA 500MG TAB CJAX30UND,ACFARMA GENERICO,0.0,4.0,5.2,2026-05-26 13:28:26,18,5,Otoño
101069,AZITROMICINA 500MG TAB CJAX30UND,ACFARMA GENERICO,0.0,3.0,3.9,2026-05-27 13:18:52,14,5,Otoño
101069,AZITROMICINA 500MG TAB CJAX30UND,ACFARMA GENERICO,0.0,100.0,130.0,2026-05-28 10:00:54,3,5,Otoño
101069,AZITROMICINA 500MG TAB CJAX30UND,ACFARMA GENERICO,0.0,1.0,1.3,2026-05-29 11:50:58,6,5,Otoño
101069,AZITROMICINA 500MG TAB CJAX30UND,ACFARMA GENERICO,0.0,3.0,3.9,2026-05-30 11:45:41,2,5,Otoño
101069,AZITROMICINA 500MG TAB CJAX30UND,ACFARMA GENERICO,0.0,3.0,3.9,2026-05-30 19:08:16,18,5,Otoño
101069,AZITROMICINA 500MG TAB CJAX30UND,ACFARMA GENERICO,0.0,1.0,1.3,2026-05-31 09:22:26,3,5,Otoño
101069,AZITROMICINA 500MG TAB CJAX30UND,ACFARMA GENERICO,0.0,2.0,2.6,2026-05-31 17:14:41,11,5,Otoño
101069,AZITROMICINA 500MG TAB CJAX30UND,ACFARMA GENERICO,0.0,2.0,2.6,2026-05-31 18:56:40,14,5,Otoño
101069,AZITROMICINA 500MG TAB CJAX30UND,ACFARMA GENERICO,0.0,2.0,2.6,2026-05-31 20:03:50,3,5,Otoño
101069,AZITROMICINA 500MG TAB CJAX30UND,ACFARMA GENERICO,0.0,3.0,3.9,2026-05-31 20:16:07,18,5,Otoño
101069,AZITROMICINA 500MG TAB CJAX30UND,ACFARMA GENERICO,0.0,4.0,5.2,2026-06-01 11:36:25,6,6,Invierno
101069,AZITROMICINA 500MG TAB CJAX30UND,ACFARMA GENERICO,0.0,5.0,6.5,2026-06-01 17:34:05,15,6,Invierno
101069,AZITROMICINA 500MG TAB CJAX30UND,ACFARMA GENERICO,0.0,10.0,13.0,2026-06-05 09:27:57,3,6,Invierno
101069,AZITROMICINA 500MG TAB CJAX30UND,ACFARMA GENERICO,0.0,6.0,7.8,2026-06-05 20:27:15,11,6,Invierno
101069,AZITROMICINA 500MG TAB CJAX30UND,ACFARMA GENERICO,0.0,4.0,5.2,2026-06-05 20:46:41,11,6,Invierno
101069,AZITROMICINA 500MG TAB CJAX30UND,ACFARMA GENERICO,0.0,2.0,2.6,2026-06-06 09:50:58,18,6,Invierno
101069,AZITROMICINA 500MG TAB CJAX30UND,ACFARMA GENERICO,0.0,3.0,3.9,2026-06-06 12:51:54,2,6,Invierno
101069,AZITROMICINA 500MG TAB CJAX30UND,ACFARMA GENERICO,0.0,4.0,5.2,2026-06-07 18:44:37,14,6,Invierno
101069,AZITROMICINA 500MG TAB CJAX30UND,ACFARMA GENERICO,0.0,3.0,3.9,2026-06-12 16:46:18,11,6,Invierno
101069,AZITROMICINA 500MG TAB CJAX30UND,ACFARMA GENERICO,0.0,2.0,2.6,2026-06-12 17:43:01,2,6,Invierno
101069,AZITROMICINA 500MG TAB CJAX30UND,ACFARMA GENERICO,0.0,3.0,3.9,2026-06-15 16:46:51,11,6,Invierno
101069,AZITROMICINA 500MG TAB CJAX30UND,ACFARMA GENERICO,0.0,3.0,3.9,2026-06-18 22:16:42,2,6,Invierno
101069,AZITROMICINA 500MG TAB CJAX30UND,ACFARMA GENERICO,1.0,0.0,39.0,2026-06-20 19:17:56,13,6,Invierno
101069,AZITROMICINA 500MG TAB CJAX30UND,ACFARMA GENERICO,0.0,10.0,13.0,2026-06-22 14:20:38,16,6,Invierno
101069,AZITROMICINA 500MG TAB CJAX30UND,ACFARMA GENERICO,0.0,3.0,3.9,2026-06-23 08:58:50,18,6,Invierno
101069,AZITROMICINA 500MG TAB CJAX30UND,ACFARMA GENERICO,0.0,2.0,2.6,2026-06-23 14:15:19,2,6,Invierno
101069,AZITROMICINA 500MG TAB CJAX30UND,ACFARMA GENERICO,0.0,3.0,3.9,2026-06-23 22:29:31,18,6,Invierno
101069,AZITROMICINA 500MG TAB CJAX30UND,ACFARMA GENERICO,0.0,2.0,2.6,2026-06-26 21:30:53,11,6,Invierno
101069,AZITROMICINA 500MG TAB CJAX30UND,ACFARMA GENERICO,0.0,10.0,13.0,2026-07-01 19:55:48,2,7,Invierno
101069,AZITROMICINA 500MG TAB CJAX30UND,ACFARMA GENERICO,0.0,10.0,13.0,2026-07-04 12:48:15,11,7,Invierno
101069,AZITROMICINA 500MG TAB CJAX30UND,ACFARMA GENERICO,0.0,10.0,13.0,2026-07-04 22:45:10,14,7,Invierno
101069,AZITROMICINA 500MG TAB CJAX30UND,ACFARMA GENERICO,0.0,10.0,13.0,2026-07-05 07:59:34,13,7,Invierno
101069,AZITROMICINA 500MG TAB CJAX30UND,ACFARMA GENERICO,0.0,4.0,5.2,2026-07-05 10:33:07,11,7,Invierno
101069,AZITROMICINA 500MG TAB CJAX30UND,ACFARMA GENERICO,0.0,4.0,5.2,2026-07-05 18:44:24,18,7,Invierno
101069,AZITROMICINA 500MG TAB CJAX30UND,ACFARMA GENERICO,0.0,5.0,6.5,2026-07-05 20:32:16,14,7,Invierno
101069,AZITROMICINA 500MG TAB CJAX30UND,ACFARMA GENERICO,0.0,2.0,2.6,2026-07-07 18:46:54,18,7,Invierno
101069,AZITROMICINA 500MG TAB CJAX30UND,ACFARMA GENERICO,0.0,4.0,5.2,2026-07-08 09:13:34,18,7,Invierno
101069,AZITROMICINA 500MG TAB CJAX30UND,ACFARMA GENERICO,0.0,1.0,1.3,2026-07-11 10:11:54,2,7,Invierno
101069,AZITROMICINA 500MG TAB CJAX30UND,ACFARMA GENERICO,0.0,3.0,3.9,2026-07-11 10:12:11,2,7,Invierno
101069,AZITROMICINA 500MG TAB CJAX30UND,ACFARMA GENERICO,0.0,5.0,6.5,2026-07-15 18:57:14,13,7,Invierno
101069,AZITROMICINA 500MG TAB CJAX30UND,ACFARMA GENERICO,0.0,8.0,10.4,2026-07-15 20:29:35,10,7,Invierno
101069,AZITROMICINA 500MG TAB CJAX30UND,ACFARMA GENERICO,0.0,2.0,2.6,2026-07-17 19:07:01,2,7,Invierno
101069,AZITROMICINA 500MG TAB CJAX30UND,ACFARMA GENERICO,0.0,2.0,2.6,2026-07-18 19:19:33,2,7,Invierno
101069,AZITROMICINA 500MG TAB CJAX30UND,ACFARMA GENERICO,0.0,5.0,5.0,2026-07-22 19:59:28,19,7,Invierno
101069,AZITROMICINA 500MG TAB CJAX30UND,ACFARMA GENERICO,0.0,5.0,5.0,2026-07-25 22:11:08,2,7,Invierno
101069,AZITROMICINA 500MG TAB CJAX30UND,ACFARMA GENERICO,0.0,6.0,6.0,2026-07-26 10:19:37,11,7,Invierno
101069,AZITROMICINA 500MG TAB CJAX30UND,ACFARMA GENERICO,0.0,5.0,5.0,2026-07-26 10:45:29,7,7,Invierno
101069,AZITROMICINA 500MG TAB CJAX30UND,ACFARMA GENERICO,0.0,1.0,1.0,2026-07-27 07:41:08,9,7,Invierno
101069,AZITROMICINA 500MG TAB CJAX30UND,ACFARMA GENERICO,0.0,4.0,4.0,2026-07-27 09:04:37,4,7,Invierno
101069,AZITROMICINA 500MG TAB CJAX30UND,ACFARMA GENERICO,0.0,4.0,5.2,2026-07-27 20:18:39,6,7,Invierno
101069,AZITROMICINA 500MG TAB CJAX30UND,ACFARMA GENERICO,0.0,3.0,3.0,2026-07-28 08:25:59,11,7,Invierno
101069,AZITROMICINA 500MG TAB CJAX30UND,ACFARMA GENERICO,0.0,5.0,5.0,2026-07-29 12:30:19,8,7,Invierno
101069,AZITROMICINA 500MG TAB CJAX30UND,ACFARMA GENERICO,0.0,5.0,5.0,2026-07-30 08:26:13,13,7,Invierno
101069,AZITROMICINA 500MG TAB CJAX30UND,ACFARMA GENERICO,0.0,3.0,3.0,2026-07-30 11:17:01,7,7,Invierno
101069,AZITROMICINA 500MG TAB CJAX30UND,ACFARMA GENERICO,0.0,10.0,10.0,2026-07-30 15:05:40,2,7,Invierno
101069,AZITROMICINA 500MG TAB CJAX30UND,ACFARMA GENERICO,0.0,5.0,5.0,2026-07-30 21:47:14,4,7,Invierno
