codpro,prod,tipo,cantidad,unidades,total,fecdoc,sucursal,mes,estacion
101038,DICLOFENACO 50MG TAB. L.R CJAX30UND,GENFAR,0.0,10.0,2.0,2025-01-01 16:13:59,12,1,Verano
101038,DICLOFENACO 50MG TAB. L.R CJAX30UND,GENFAR,0.0,10.0,2.0,2025-01-02 09:24:09,5,1,Verano
101038,DICLOFENACO 50MG TAB. L.R CJAX30UND,GENFAR,0.0,10.0,2.0,2025-01-03 10:32:33,6,1,Verano
101038,DICLOFENACO 50MG TAB. L.R CJAX30UND,GENFAR,0.0,20.0,4.0,2025-01-03 19:10:40,5,1,Verano
101038,DICLOFENACO 50MG TAB. L.R CJAX30UND,GENFAR,0.0,10.0,2.0,2025-01-04 10:25:37,6,1,Verano
101038,DICLOFENACO 50MG TAB. L.R CJAX30UND,GENFAR,0.0,10.0,2.0,2025-01-04 21:16:44,5,1,Verano
101038,DICLOFENACO 50MG TAB. L.R CJAX30UND,GENFAR,0.0,10.0,2.0,2025-01-06 19:34:23,10,1,Verano
101038,DICLOFENACO 50MG TAB. L.R CJAX30UND,GENFAR,0.0,-10.0,-2.0,2025-01-06 19:35:59,10,1,Verano
101038,DICLOFENACO 50MG TAB. L.R CJAX30UND,GENFAR,0.0,10.0,2.0,2025-01-06 22:20:05,11,1,Verano
101038,DICLOFENACO 50MG TAB. L.R CJAX30UND,GENFAR,0.0,10.0,2.0,2025-01-07 18:53:33,6,1,Verano
101038,DICLOFENACO 50MG TAB. L.R CJAX30UND,GENFAR,0.0,10.0,2.0,2025-01-08 22:33:14,6,1,Verano
101038,DICLOFENACO 50MG TAB. L.R CJAX30UND,GENFAR,0.0,10.0,2.0,2025-01-09 10:57:24,3,1,Verano
101038,DICLOFENACO 50MG TAB. L.R CJAX30UND,GENFAR,0.0,10.0,2.0,2025-01-09 12:44:57,12,1,Verano
101038,DICLOFENACO 50MG TAB. L.R CJAX30UND,GENFAR,0.0,5.0,1.0,2025-01-09 14:43:10,6,1,Verano
101038,DICLOFENACO 50MG TAB. L.R CJAX30UND,GENFAR,0.0,10.0,2.0,2025-01-09 21:46:37,5,1,Verano
101038,DICLOFENACO 50MG TAB. L.R CJAX30UND,GENFAR,0.0,10.0,2.0,2025-01-11 20:28:55,15,1,Verano
101038,DICLOFENACO 50MG TAB. L.R CJAX30UND,GENFAR,0.0,4.0,0.8,2025-01-11 21:04:05,3,1,Verano
101038,DICLOFENACO 50MG TAB. L.R CJAX30UND,GENFAR,0.0,9.0,1.8,2025-01-11 22:56:51,5,1,Verano
101038,DICLOFENACO 50MG TAB. L.R CJAX30UND,GENFAR,0.0,10.0,2.0,2025-01-12 12:31:50,10,1,Verano
101038,DICLOFENACO 50MG TAB. L.R CJAX30UND,GENFAR,0.0,14.0,2.8,2025-01-12 15:27:35,6,1,Verano
101038,DICLOFENACO 50MG TAB. L.R CJAX30UND,GENFAR,0.0,10.0,2.0,2025-01-12 18:29:19,11,1,Verano
101038,DICLOFENACO 50MG TAB. L.R CJAX30UND,GENFAR,0.0,10.0,2.0,2025-01-18 20:42:41,12,1,Verano
101038,DICLOFENACO 50MG TAB. L.R CJAX30UND,GENFAR,0.0,10.0,2.0,2025-01-19 17:59:21,3,1,Verano
101038,DICLOFENACO 50MG TAB. L.R CJAX30UND,GENFAR,0.0,10.0,1.9,2025-01-22 19:54:59,15,1,Verano
101038,DICLOFENACO 50MG TAB. L.R CJAX30UND,GENFAR,0.0,5.0,1.0,2025-01-24 11:22:09,12,1,Verano
101038,DICLOFENACO 50MG TAB. L.R CJAX30UND,GENFAR,0.0,20.0,4.0,2025-01-25 18:56:25,3,1,Verano
101038,DICLOFENACO 50MG TAB. L.R CJAX30UND,GENFAR,0.0,20.0,4.0,2025-01-25 20:06:55,11,1,Verano
101038,DICLOFENACO 50MG TAB. L.R CJAX30UND,GENFAR,0.0,10.0,2.0,2025-01-27 22:14:23,15,1,Verano
101038,DICLOFENACO 50MG TAB. L.R CJAX30UND,GENFAR,0.0,6.0,1.2,2025-02-02 10:02:49,15,2,Verano
101038,DICLOFENACO 50MG TAB. L.R CJAX30UND,GENFAR,0.0,8.0,1.6,2025-02-04 15:25:36,3,2,Verano
101038,DICLOFENACO 50MG TAB. L.R CJAX30UND,GENFAR,0.0,3.0,0.6,2025-02-04 21:11:36,4,2,Verano
101038,DICLOFENACO 50MG TAB. L.R CJAX30UND,GENFAR,0.0,4.0,0.8,2025-02-07 11:41:42,15,2,Verano
101038,DICLOFENACO 50MG TAB. L.R CJAX30UND,GENFAR,0.0,10.0,2.0,2025-02-09 11:19:58,12,2,Verano
101038,DICLOFENACO 50MG TAB. L.R CJAX30UND,GENFAR,0.0,10.0,2.0,2025-02-10 13:43:45,1,2,Verano
101038,DICLOFENACO 50MG TAB. L.R CJAX30UND,GENFAR,0.0,10.0,2.0,2025-02-10 21:29:49,1,2,Verano
101038,DICLOFENACO 50MG TAB. L.R CJAX30UND,GENFAR,0.0,10.0,2.0,2025-02-11 16:48:05,3,2,Verano
101038,DICLOFENACO 50MG TAB. L.R CJAX30UND,GENFAR,0.0,10.0,2.0,2025-02-11 19:02:19,15,2,Verano
101038,DICLOFENACO 50MG TAB. L.R CJAX30UND,GENFAR,0.0,10.0,2.0,2025-02-12 11:34:15,6,2,Verano
101038,DICLOFENACO 50MG TAB. L.R CJAX30UND,GENFAR,0.0,5.0,1.0,2025-02-12 20:27:34,9,2,Verano
101038,DICLOFENACO 50MG TAB. L.R CJAX30UND,GENFAR,0.0,5.0,1.0,2025-02-13 10:24:44,10,2,Verano
101038,DICLOFENACO 50MG TAB. L.R CJAX30UND,GENFAR,0.0,10.0,2.0,2025-02-13 18:56:04,6,2,Verano
101038,DICLOFENACO 50MG TAB. L.R CJAX30UND,GENFAR,0.0,10.0,2.0,2025-02-14 20:43:16,10,2,Verano
101038,DICLOFENACO 50MG TAB. L.R CJAX30UND,GENFAR,0.0,10.0,2.0,2025-02-15 14:01:07,4,2,Verano
101038,DICLOFENACO 50MG TAB. L.R CJAX30UND,GENFAR,0.0,10.0,2.0,2025-02-16 11:58:15,2,2,Verano
101038,DICLOFENACO 50MG TAB. L.R CJAX30UND,GENFAR,0.0,10.0,2.0,2025-02-16 16:47:45,6,2,Verano
101038,DICLOFENACO 50MG TAB. L.R CJAX30UND,GENFAR,0.0,10.0,2.0,2025-02-16 16:49:24,6,2,Verano
101038,DICLOFENACO 50MG TAB. L.R CJAX30UND,GENFAR,0.0,10.0,2.0,2025-02-17 19:35:57,1,2,Verano
101038,DICLOFENACO 50MG TAB. L.R CJAX30UND,GENFAR,0.0,10.0,2.0,2025-02-17 22:05:21,5,2,Verano
101038,DICLOFENACO 50MG TAB. L.R CJAX30UND,GENFAR,0.0,10.0,2.0,2025-02-18 21:05:15,7,2,Verano
101038,DICLOFENACO 50MG TAB. L.R CJAX30UND,GENFAR,0.0,20.0,4.0,2025-02-18 21:52:10,6,2,Verano
101038,DICLOFENACO 50MG TAB. L.R CJAX30UND,GENFAR,0.0,10.0,2.0,2025-02-18 21:58:49,7,2,Verano
101038,DICLOFENACO 50MG TAB. L.R CJAX30UND,GENFAR,0.0,10.0,2.0,2025-02-19 20:02:33,9,2,Verano
101038,DICLOFENACO 50MG TAB. L.R CJAX30UND,GENFAR,0.0,10.0,2.0,2025-02-20 12:41:04,3,2,Verano
101038,DICLOFENACO 50MG TAB. L.R CJAX30UND,GENFAR,0.0,10.0,2.0,2025-02-20 15:22:03,1,2,Verano
101038,DICLOFENACO 50MG TAB. L.R CJAX30UND,GENFAR,0.0,10.0,2.0,2025-02-20 19:19:12,5,2,Verano
101038,DICLOFENACO 50MG TAB. L.R CJAX30UND,GENFAR,0.0,10.0,2.0,2025-02-20 21:01:45,12,2,Verano
101038,DICLOFENACO 50MG TAB. L.R CJAX30UND,GENFAR,0.0,5.0,1.0,2025-02-21 09:42:05,6,2,Verano
101038,DICLOFENACO 50MG TAB. L.R CJAX30UND,GENFAR,0.0,10.0,2.0,2025-02-21 11:49:03,3,2,Verano
101038,DICLOFENACO 50MG TAB. L.R CJAX30UND,GENFAR,0.0,10.0,2.0,2025-02-21 19:24:45,12,2,Verano
101038,DICLOFENACO 50MG TAB. L.R CJAX30UND,GENFAR,0.0,10.0,2.0,2025-02-22 00:00:00,4,2,Verano
101038,DICLOFENACO 50MG TAB. L.R CJAX30UND,GENFAR,0.0,-10.0,-2.0,2025-02-22 12:00:00,4,2,Verano
101038,DICLOFENACO 50MG TAB. L.R CJAX30UND,GENFAR,0.0,10.0,2.0,2025-02-22 15:58:57,9,2,Verano
101038,DICLOFENACO 50MG TAB. L.R CJAX30UND,GENFAR,0.0,10.0,2.0,2025-02-22 17:59:36,4,2,Verano
101038,DICLOFENACO 50MG TAB. L.R CJAX30UND,GENFAR,0.0,20.0,4.0,2025-02-23 18:48:03,5,2,Verano
101038,DICLOFENACO 50MG TAB. L.R CJAX30UND,GENFAR,0.0,10.0,2.0,2025-02-24 11:32:20,2,2,Verano
101038,DICLOFENACO 50MG TAB. L.R CJAX30UND,GENFAR,0.0,30.0,6.0,2025-02-24 17:59:21,2,2,Verano
101038,DICLOFENACO 50MG TAB. L.R CJAX30UND,GENFAR,0.0,20.0,4.0,2025-02-26 09:14:57,5,2,Verano
101038,DICLOFENACO 50MG TAB. L.R CJAX30UND,GENFAR,0.0,10.0,2.0,2025-02-26 11:00:18,4,2,Verano
101038,DICLOFENACO 50MG TAB. L.R CJAX30UND,GENFAR,0.0,10.0,2.0,2025-02-27 10:47:15,2,2,Verano
101038,DICLOFENACO 50MG TAB. L.R CJAX30UND,GENFAR,0.0,10.0,2.0,2025-02-28 11:05:40,1,2,Verano
101038,DICLOFENACO 50MG TAB. L.R CJAX30UND,GENFAR,0.0,10.0,2.0,2025-03-02 18:55:47,5,3,Otoño
101038,DICLOFENACO 50MG TAB. L.R CJAX30UND,GENFAR,0.0,2.0,0.4,2025-03-02 21:36:38,15,3,Otoño
101038,DICLOFENACO 50MG TAB. L.R CJAX30UND,GENFAR,0.0,10.0,2.0,2025-03-03 09:12:37,5,3,Otoño
101038,DICLOFENACO 50MG TAB. L.R CJAX30UND,GENFAR,0.0,10.0,2.0,2025-03-03 18:22:48,5,3,Otoño
101038,DICLOFENACO 50MG TAB. L.R CJAX30UND,GENFAR,0.0,10.0,2.0,2025-03-04 11:31:46,12,3,Otoño
101038,DICLOFENACO 50MG TAB. L.R CJAX30UND,GENFAR,1.0,0.0,6.0,2025-03-04 16:39:52,2,3,Otoño
101038,DICLOFENACO 50MG TAB. L.R CJAX30UND,GENFAR,0.0,20.0,4.0,2025-03-04 20:09:08,8,3,Otoño
101038,DICLOFENACO 50MG TAB. L.R CJAX30UND,GENFAR,0.0,10.0,2.0,2025-03-05 07:15:27,7,3,Otoño
101038,DICLOFENACO 50MG TAB. L.R CJAX30UND,GENFAR,0.0,10.0,2.0,2025-03-05 22:18:14,12,3,Otoño
101038,DICLOFENACO 50MG TAB. L.R CJAX30UND,GENFAR,0.0,10.0,2.0,2025-03-06 07:36:39,10,3,Otoño
101038,DICLOFENACO 50MG TAB. L.R CJAX30UND,GENFAR,0.0,10.0,2.0,2025-03-06 19:23:41,4,3,Otoño
101038,DICLOFENACO 50MG TAB. L.R CJAX30UND,GENFAR,0.0,5.0,1.0,2025-03-06 20:47:39,1,3,Otoño
101038,DICLOFENACO 50MG TAB. L.R CJAX30UND,GENFAR,0.0,10.0,2.0,2025-03-07 18:25:34,9,3,Otoño
101038,DICLOFENACO 50MG TAB. L.R CJAX30UND,GENFAR,1.0,0.0,6.0,2025-03-08 20:04:34,10,3,Otoño
101038,DICLOFENACO 50MG TAB. L.R CJAX30UND,GENFAR,0.0,20.0,4.0,2025-03-09 20:01:29,1,3,Otoño
101038,DICLOFENACO 50MG TAB. L.R CJAX30UND,GENFAR,0.0,10.0,2.0,2025-03-09 20:06:43,1,3,Otoño
101038,DICLOFENACO 50MG TAB. L.R CJAX30UND,GENFAR,0.0,10.0,2.0,2025-03-09 21:07:27,5,3,Otoño
101038,DICLOFENACO 50MG TAB. L.R CJAX30UND,GENFAR,0.0,10.0,2.0,2025-03-10 13:12:02,2,3,Otoño
101038,DICLOFENACO 50MG TAB. L.R CJAX30UND,GENFAR,0.0,10.0,2.0,2025-03-11 14:22:20,8,3,Otoño
101038,DICLOFENACO 50MG TAB. L.R CJAX30UND,GENFAR,1.0,0.0,6.0,2025-03-11 18:11:51,1,3,Otoño
101038,DICLOFENACO 50MG TAB. L.R CJAX30UND,GENFAR,0.0,10.0,2.0,2025-03-11 20:18:15,5,3,Otoño
101038,DICLOFENACO 50MG TAB. L.R CJAX30UND,GENFAR,0.0,10.0,2.0,2025-03-13 07:32:43,6,3,Otoño
101038,DICLOFENACO 50MG TAB. L.R CJAX30UND,GENFAR,0.0,5.0,1.0,2025-03-13 10:52:03,10,3,Otoño
101038,DICLOFENACO 50MG TAB. L.R CJAX30UND,GENFAR,0.0,20.0,4.0,2025-03-13 10:52:13,2,3,Otoño
101038,DICLOFENACO 50MG TAB. L.R CJAX30UND,GENFAR,0.0,10.0,2.0,2025-03-13 18:15:05,11,3,Otoño
101038,DICLOFENACO 50MG TAB. L.R CJAX30UND,GENFAR,0.0,10.0,2.0,2025-03-14 08:30:31,9,3,Otoño
101038,DICLOFENACO 50MG TAB. L.R CJAX30UND,GENFAR,0.0,10.0,2.0,2025-03-14 22:56:59,11,3,Otoño
101038,DICLOFENACO 50MG TAB. L.R CJAX30UND,GENFAR,0.0,10.0,2.0,2025-03-15 08:45:13,11,3,Otoño
101038,DICLOFENACO 50MG TAB. L.R CJAX30UND,GENFAR,0.0,20.0,4.0,2025-03-15 19:21:56,3,3,Otoño
101038,DICLOFENACO 50MG TAB. L.R CJAX30UND,GENFAR,0.0,10.0,2.0,2025-03-16 20:49:04,5,3,Otoño
101038,DICLOFENACO 50MG TAB. L.R CJAX30UND,GENFAR,0.0,15.0,3.0,2025-03-17 11:00:28,2,3,Otoño
101038,DICLOFENACO 50MG TAB. L.R CJAX30UND,GENFAR,0.0,10.0,2.0,2025-03-18 09:58:04,15,3,Otoño
101038,DICLOFENACO 50MG TAB. L.R CJAX30UND,GENFAR,1.0,0.0,6.0,2025-03-18 09:58:04,15,3,Otoño
101038,DICLOFENACO 50MG TAB. L.R CJAX30UND,GENFAR,0.0,-10.0,-2.0,2025-03-18 11:27:21,15,3,Otoño
101038,DICLOFENACO 50MG TAB. L.R CJAX30UND,GENFAR,-1.0,0.0,-6.0,2025-03-18 11:27:21,15,3,Otoño
101038,DICLOFENACO 50MG TAB. L.R CJAX30UND,GENFAR,0.0,10.0,2.0,2025-03-18 11:28:40,15,3,Otoño
101038,DICLOFENACO 50MG TAB. L.R CJAX30UND,GENFAR,1.0,0.0,6.0,2025-03-18 11:28:40,15,3,Otoño
101038,DICLOFENACO 50MG TAB. L.R CJAX30UND,GENFAR,0.0,10.0,2.0,2025-03-18 18:46:03,5,3,Otoño
101038,DICLOFENACO 50MG TAB. L.R CJAX30UND,GENFAR,0.0,10.0,2.0,2025-03-18 22:21:46,5,3,Otoño
101038,DICLOFENACO 50MG TAB. L.R CJAX30UND,GENFAR,0.0,10.0,2.0,2025-03-19 14:27:19,11,3,Otoño
101038,DICLOFENACO 50MG TAB. L.R CJAX30UND,GENFAR,0.0,3.0,0.6,2025-03-19 15:49:32,11,3,Otoño
101038,DICLOFENACO 50MG TAB. L.R CJAX30UND,GENFAR,0.0,5.0,1.0,2025-03-19 21:10:37,1,3,Otoño
101038,DICLOFENACO 50MG TAB. L.R CJAX30UND,GENFAR,0.0,10.0,2.0,2025-03-20 18:45:25,6,3,Otoño
101038,DICLOFENACO 50MG TAB. L.R CJAX30UND,GENFAR,0.0,10.0,2.0,2025-03-21 11:45:30,3,3,Otoño
101038,DICLOFENACO 50MG TAB. L.R CJAX30UND,GENFAR,0.0,10.0,2.0,2025-03-21 13:02:42,3,3,Otoño
101038,DICLOFENACO 50MG TAB. L.R CJAX30UND,GENFAR,0.0,10.0,2.0,2025-03-21 19:05:20,12,3,Otoño
101038,DICLOFENACO 50MG TAB. L.R CJAX30UND,GENFAR,0.0,10.0,2.0,2025-03-22 19:13:17,3,3,Otoño
101038,DICLOFENACO 50MG TAB. L.R CJAX30UND,GENFAR,0.0,10.0,2.0,2025-03-22 20:22:04,5,3,Otoño
101038,DICLOFENACO 50MG TAB. L.R CJAX30UND,GENFAR,0.0,1.0,0.2,2025-03-22 20:57:22,1,3,Otoño
101038,DICLOFENACO 50MG TAB. L.R CJAX30UND,GENFAR,0.0,10.0,2.0,2025-03-22 21:52:31,12,3,Otoño
101038,DICLOFENACO 50MG TAB. L.R CJAX30UND,GENFAR,0.0,2.0,0.4,2025-03-22 22:14:12,7,3,Otoño
101038,DICLOFENACO 50MG TAB. L.R CJAX30UND,GENFAR,0.0,10.0,2.0,2025-03-23 09:49:37,6,3,Otoño
101038,DICLOFENACO 50MG TAB. L.R CJAX30UND,GENFAR,0.0,10.0,2.0,2025-03-23 13:27:22,6,3,Otoño
101038,DICLOFENACO 50MG TAB. L.R CJAX30UND,GENFAR,0.0,20.0,4.0,2025-03-23 19:41:59,12,3,Otoño
101038,DICLOFENACO 50MG TAB. L.R CJAX30UND,GENFAR,0.0,10.0,2.0,2025-03-24 08:50:33,6,3,Otoño
101038,DICLOFENACO 50MG TAB. L.R CJAX30UND,GENFAR,0.0,1.0,0.2,2025-03-24 16:08:40,1,3,Otoño
101038,DICLOFENACO 50MG TAB. L.R CJAX30UND,GENFAR,0.0,10.0,2.0,2025-03-25 15:24:34,5,3,Otoño
101038,DICLOFENACO 50MG TAB. L.R CJAX30UND,GENFAR,0.0,10.0,2.0,2025-03-26 11:22:28,1,3,Otoño
101038,DICLOFENACO 50MG TAB. L.R CJAX30UND,GENFAR,0.0,10.0,2.0,2025-03-26 18:34:08,1,3,Otoño
101038,DICLOFENACO 50MG TAB. L.R CJAX30UND,GENFAR,0.0,20.0,4.0,2025-03-26 20:49:19,4,3,Otoño
101038,DICLOFENACO 50MG TAB. L.R CJAX30UND,GENFAR,0.0,10.0,2.0,2025-03-26 21:13:49,8,3,Otoño
101038,DICLOFENACO 50MG TAB. L.R CJAX30UND,GENFAR,0.0,10.0,2.0,2025-03-27 18:01:48,15,3,Otoño
101038,DICLOFENACO 50MG TAB. L.R CJAX30UND,GENFAR,0.0,10.0,2.0,2025-03-27 20:03:12,5,3,Otoño
101038,DICLOFENACO 50MG TAB. L.R CJAX30UND,GENFAR,0.0,10.0,2.0,2025-03-27 20:19:53,7,3,Otoño
101038,DICLOFENACO 50MG TAB. L.R CJAX30UND,GENFAR,0.0,10.0,2.0,2025-03-29 12:14:59,6,3,Otoño
101038,DICLOFENACO 50MG TAB. L.R CJAX30UND,GENFAR,0.0,2.0,0.4,2025-03-29 19:58:02,7,3,Otoño
101038,DICLOFENACO 50MG TAB. L.R CJAX30UND,GENFAR,0.0,10.0,2.0,2025-03-29 20:14:31,7,3,Otoño
101038,DICLOFENACO 50MG TAB. L.R CJAX30UND,GENFAR,0.0,10.0,2.0,2025-03-30 11:38:49,6,3,Otoño
101038,DICLOFENACO 50MG TAB. L.R CJAX30UND,GENFAR,0.0,10.0,2.0,2025-03-31 09:11:19,4,3,Otoño
101038,DICLOFENACO 50MG TAB. L.R CJAX30UND,GENFAR,0.0,2.0,0.4,2025-03-31 11:11:44,7,3,Otoño
101038,DICLOFENACO 50MG TAB. L.R CJAX30UND,GENFAR,0.0,10.0,2.0,2025-04-01 09:18:46,9,4,Otoño
101038,DICLOFENACO 50MG TAB. L.R CJAX30UND,GENFAR,0.0,10.0,2.0,2025-04-01 22:36:38,1,4,Otoño
101038,DICLOFENACO 50MG TAB. L.R CJAX30UND,GENFAR,0.0,5.0,1.0,2025-04-02 07:13:40,6,4,Otoño
101038,DICLOFENACO 50MG TAB. L.R CJAX30UND,GENFAR,0.0,4.0,0.8,2025-04-02 07:48:26,4,4,Otoño
101038,DICLOFENACO 50MG TAB. L.R CJAX30UND,GENFAR,0.0,5.0,1.0,2025-04-02 10:32:26,9,4,Otoño
101038,DICLOFENACO 50MG TAB. L.R CJAX30UND,GENFAR,0.0,10.0,2.0,2025-04-02 14:24:55,13,4,Otoño
101038,DICLOFENACO 50MG TAB. L.R CJAX30UND,GENFAR,0.0,5.0,1.0,2025-04-02 21:56:47,11,4,Otoño
101038,DICLOFENACO 50MG TAB. L.R CJAX30UND,GENFAR,0.0,10.0,2.0,2025-04-03 18:24:15,5,4,Otoño
101038,DICLOFENACO 50MG TAB. L.R CJAX30UND,GENFAR,0.0,10.0,2.0,2025-04-04 09:11:20,4,4,Otoño
101038,DICLOFENACO 50MG TAB. L.R CJAX30UND,GENFAR,0.0,20.0,4.0,2025-04-05 10:09:28,3,4,Otoño
101038,DICLOFENACO 50MG TAB. L.R CJAX30UND,GENFAR,0.0,10.0,2.0,2025-04-05 15:38:50,1,4,Otoño
101038,DICLOFENACO 50MG TAB. L.R CJAX30UND,GENFAR,0.0,10.0,2.0,2025-04-05 19:16:55,1,4,Otoño
101038,DICLOFENACO 50MG TAB. L.R CJAX30UND,GENFAR,0.0,1.0,0.2,2025-04-05 19:47:36,7,4,Otoño
101038,DICLOFENACO 50MG TAB. L.R CJAX30UND,GENFAR,1.0,0.0,6.0,2025-04-06 11:01:55,11,4,Otoño
101038,DICLOFENACO 50MG TAB. L.R CJAX30UND,GENFAR,0.0,10.0,2.0,2025-04-06 19:48:13,3,4,Otoño
101038,DICLOFENACO 50MG TAB. L.R CJAX30UND,GENFAR,0.0,10.0,2.0,2025-04-07 11:24:03,1,4,Otoño
101038,DICLOFENACO 50MG TAB. L.R CJAX30UND,GENFAR,0.0,10.0,2.0,2025-04-07 12:19:33,3,4,Otoño
101038,DICLOFENACO 50MG TAB. L.R CJAX30UND,GENFAR,0.0,10.0,2.0,2025-04-07 20:24:04,6,4,Otoño
101038,DICLOFENACO 50MG TAB. L.R CJAX30UND,GENFAR,0.0,10.0,2.0,2025-04-08 07:44:02,6,4,Otoño
101038,DICLOFENACO 50MG TAB. L.R CJAX30UND,GENFAR,0.0,10.0,2.0,2025-04-08 09:26:14,8,4,Otoño
101038,DICLOFENACO 50MG TAB. L.R CJAX30UND,GENFAR,0.0,10.0,2.0,2025-04-08 15:22:05,6,4,Otoño
101038,DICLOFENACO 50MG TAB. L.R CJAX30UND,GENFAR,0.0,30.0,6.0,2025-04-08 16:25:12,3,4,Otoño
101038,DICLOFENACO 50MG TAB. L.R CJAX30UND,GENFAR,0.0,10.0,2.0,2025-04-09 10:03:59,3,4,Otoño
101038,DICLOFENACO 50MG TAB. L.R CJAX30UND,GENFAR,0.0,10.0,2.0,2025-04-10 13:04:49,1,4,Otoño
101038,DICLOFENACO 50MG TAB. L.R CJAX30UND,GENFAR,0.0,10.0,2.0,2025-04-10 20:44:06,1,4,Otoño
101038,DICLOFENACO 50MG TAB. L.R CJAX30UND,GENFAR,0.0,10.0,2.0,2025-04-10 22:34:31,3,4,Otoño
101038,DICLOFENACO 50MG TAB. L.R CJAX30UND,GENFAR,0.0,10.0,2.0,2025-04-11 14:12:19,13,4,Otoño
101038,DICLOFENACO 50MG TAB. L.R CJAX30UND,GENFAR,0.0,6.0,1.2,2025-04-11 21:45:53,4,4,Otoño
101038,DICLOFENACO 50MG TAB. L.R CJAX30UND,GENFAR,0.0,10.0,2.0,2025-04-12 15:14:59,5,4,Otoño
101038,DICLOFENACO 50MG TAB. L.R CJAX30UND,GENFAR,0.0,10.0,2.0,2025-04-12 21:59:05,5,4,Otoño
101038,DICLOFENACO 50MG TAB. L.R CJAX30UND,GENFAR,0.0,5.0,1.0,2025-04-13 20:15:35,13,4,Otoño
101038,DICLOFENACO 50MG TAB. L.R CJAX30UND,GENFAR,0.0,10.0,2.0,2025-04-15 16:05:38,13,4,Otoño
101038,DICLOFENACO 50MG TAB. L.R CJAX30UND,GENFAR,0.0,10.0,2.0,2025-04-15 19:18:00,6,4,Otoño
101038,DICLOFENACO 50MG TAB. L.R CJAX30UND,GENFAR,0.0,1.0,0.2,2025-04-16 09:11:28,3,4,Otoño
101038,DICLOFENACO 50MG TAB. L.R CJAX30UND,GENFAR,0.0,10.0,2.0,2025-04-17 19:35:30,9,4,Otoño
101038,DICLOFENACO 50MG TAB. L.R CJAX30UND,GENFAR,0.0,10.0,2.0,2025-04-18 12:49:58,10,4,Otoño
101038,DICLOFENACO 50MG TAB. L.R CJAX30UND,GENFAR,0.0,5.0,1.0,2025-04-18 16:21:49,9,4,Otoño
101038,DICLOFENACO 50MG TAB. L.R CJAX30UND,GENFAR,0.0,1.0,0.2,2025-04-18 21:34:46,7,4,Otoño
101038,DICLOFENACO 50MG TAB. L.R CJAX30UND,GENFAR,0.0,5.0,1.0,2025-04-19 18:34:07,13,4,Otoño
101038,DICLOFENACO 50MG TAB. L.R CJAX30UND,GENFAR,0.0,10.0,2.0,2025-04-21 18:45:15,11,4,Otoño
101038,DICLOFENACO 50MG TAB. L.R CJAX30UND,GENFAR,0.0,4.0,0.8,2025-04-21 21:52:24,3,4,Otoño
101038,DICLOFENACO 50MG TAB. L.R CJAX30UND,GENFAR,0.0,20.0,4.0,2025-04-23 14:03:43,6,4,Otoño
101038,DICLOFENACO 50MG TAB. L.R CJAX30UND,GENFAR,3.0,0.0,18.0,2025-04-26 14:17:15,15,4,Otoño
101038,DICLOFENACO 50MG TAB. L.R CJAX30UND,GENFAR,0.0,10.0,2.0,2025-04-26 16:27:22,6,4,Otoño
101038,DICLOFENACO 50MG TAB. L.R CJAX30UND,GENFAR,0.0,10.0,2.0,2025-04-27 13:58:54,9,4,Otoño
101038,DICLOFENACO 50MG TAB. L.R CJAX30UND,GENFAR,0.0,10.0,2.0,2025-04-28 09:54:40,2,4,Otoño
101038,DICLOFENACO 50MG TAB. L.R CJAX30UND,GENFAR,0.0,10.0,2.0,2025-04-29 11:46:11,12,4,Otoño
101038,DICLOFENACO 50MG TAB. L.R CJAX30UND,GENFAR,0.0,10.0,2.0,2025-04-29 19:05:28,3,4,Otoño
101038,DICLOFENACO 50MG TAB. L.R CJAX30UND,GENFAR,0.0,10.0,2.0,2025-04-29 20:05:18,9,4,Otoño
101038,DICLOFENACO 50MG TAB. L.R CJAX30UND,GENFAR,0.0,10.0,2.0,2025-04-30 22:47:07,10,4,Otoño
101038,DICLOFENACO 50MG TAB. L.R CJAX30UND,GENFAR,0.0,10.0,2.0,2025-05-01 12:44:59,3,5,Otoño
101038,DICLOFENACO 50MG TAB. L.R CJAX30UND,GENFAR,0.0,3.0,0.6,2025-05-01 16:36:17,13,5,Otoño
101038,DICLOFENACO 50MG TAB. L.R CJAX30UND,GENFAR,0.0,10.0,1.9,2025-05-01 20:53:43,10,5,Otoño
101038,DICLOFENACO 50MG TAB. L.R CJAX30UND,GENFAR,0.0,5.0,1.0,2025-05-02 08:57:20,8,5,Otoño
101038,DICLOFENACO 50MG TAB. L.R CJAX30UND,GENFAR,0.0,10.0,2.0,2025-05-02 10:23:40,2,5,Otoño
101038,DICLOFENACO 50MG TAB. L.R CJAX30UND,GENFAR,0.0,10.0,2.0,2025-05-02 10:34:17,2,5,Otoño
101038,DICLOFENACO 50MG TAB. L.R CJAX30UND,GENFAR,0.0,10.0,2.0,2025-05-04 13:32:59,5,5,Otoño
101038,DICLOFENACO 50MG TAB. L.R CJAX30UND,GENFAR,0.0,10.0,2.0,2025-05-04 15:10:36,10,5,Otoño
101038,DICLOFENACO 50MG TAB. L.R CJAX30UND,GENFAR,0.0,5.0,1.0,2025-05-05 10:03:33,7,5,Otoño
101038,DICLOFENACO 50MG TAB. L.R CJAX30UND,GENFAR,0.0,10.0,2.0,2025-05-05 21:17:10,12,5,Otoño
101038,DICLOFENACO 50MG TAB. L.R CJAX30UND,GENFAR,0.0,5.0,1.0,2025-05-05 22:31:44,15,5,Otoño
101038,DICLOFENACO 50MG TAB. L.R CJAX30UND,GENFAR,0.0,10.0,2.0,2025-05-06 19:10:38,4,5,Otoño
101038,DICLOFENACO 50MG TAB. L.R CJAX30UND,GENFAR,1.0,0.0,6.0,2025-05-07 14:25:37,15,5,Otoño
101038,DICLOFENACO 50MG TAB. L.R CJAX30UND,GENFAR,0.0,5.0,1.0,2025-05-07 22:28:59,15,5,Otoño
101038,DICLOFENACO 50MG TAB. L.R CJAX30UND,GENFAR,0.0,10.0,2.0,2025-05-08 12:23:13,6,5,Otoño
101038,DICLOFENACO 50MG TAB. L.R CJAX30UND,GENFAR,0.0,10.0,2.0,2025-05-08 18:56:46,12,5,Otoño
101038,DICLOFENACO 50MG TAB. L.R CJAX30UND,GENFAR,0.0,10.0,2.0,2025-05-09 19:39:49,3,5,Otoño
101038,DICLOFENACO 50MG TAB. L.R CJAX30UND,GENFAR,0.0,2.0,0.4,2025-05-09 19:56:27,3,5,Otoño
101038,DICLOFENACO 50MG TAB. L.R CJAX30UND,GENFAR,0.0,10.0,2.0,2025-05-10 10:09:39,5,5,Otoño
101038,DICLOFENACO 50MG TAB. L.R CJAX30UND,GENFAR,0.0,3.0,0.6,2025-05-11 17:55:14,6,5,Otoño
101038,DICLOFENACO 50MG TAB. L.R CJAX30UND,GENFAR,0.0,10.0,2.0,2025-05-11 18:09:55,2,5,Otoño
101038,DICLOFENACO 50MG TAB. L.R CJAX30UND,GENFAR,0.0,10.0,2.0,2025-05-11 18:52:28,7,5,Otoño
101038,DICLOFENACO 50MG TAB. L.R CJAX30UND,GENFAR,0.0,1.0,0.2,2025-05-11 21:46:57,7,5,Otoño
101038,DICLOFENACO 50MG TAB. L.R CJAX30UND,GENFAR,0.0,10.0,2.0,2025-05-12 13:32:17,5,5,Otoño
101038,DICLOFENACO 50MG TAB. L.R CJAX30UND,GENFAR,0.0,20.0,4.0,2025-05-13 09:06:40,3,5,Otoño
101038,DICLOFENACO 50MG TAB. L.R CJAX30UND,GENFAR,0.0,10.0,2.0,2025-05-14 11:21:45,5,5,Otoño
101038,DICLOFENACO 50MG TAB. L.R CJAX30UND,GENFAR,0.0,10.0,1.9,2025-05-14 21:11:10,1,5,Otoño
101038,DICLOFENACO 50MG TAB. L.R CJAX30UND,GENFAR,0.0,1.0,0.2,2025-05-14 22:56:42,7,5,Otoño
101038,DICLOFENACO 50MG TAB. L.R CJAX30UND,GENFAR,0.0,10.0,2.0,2025-05-15 12:43:10,3,5,Otoño
101038,DICLOFENACO 50MG TAB. L.R CJAX30UND,GENFAR,0.0,10.0,2.0,2025-05-15 21:47:01,11,5,Otoño
101038,DICLOFENACO 50MG TAB. L.R CJAX30UND,GENFAR,0.0,7.0,1.4,2025-05-17 09:47:16,7,5,Otoño
101038,DICLOFENACO 50MG TAB. L.R CJAX30UND,GENFAR,0.0,10.0,2.0,2025-05-17 20:20:35,5,5,Otoño
101038,DICLOFENACO 50MG TAB. L.R CJAX30UND,GENFAR,0.0,1.0,0.2,2025-05-17 20:39:22,7,5,Otoño
101038,DICLOFENACO 50MG TAB. L.R CJAX30UND,GENFAR,0.0,10.0,2.0,2025-05-19 22:29:44,5,5,Otoño
101038,DICLOFENACO 50MG TAB. L.R CJAX30UND,GENFAR,0.0,20.0,4.0,2025-05-20 20:21:40,5,5,Otoño
101038,DICLOFENACO 50MG TAB. L.R CJAX30UND,GENFAR,0.0,1.0,0.2,2025-05-21 20:17:38,3,5,Otoño
101038,DICLOFENACO 50MG TAB. L.R CJAX30UND,GENFAR,0.0,10.0,2.0,2025-05-21 21:49:53,5,5,Otoño
101038,DICLOFENACO 50MG TAB. L.R CJAX30UND,GENFAR,0.0,10.0,2.0,2025-05-22 16:26:12,3,5,Otoño
101038,DICLOFENACO 50MG TAB. L.R CJAX30UND,GENFAR,0.0,10.0,2.0,2025-05-22 17:10:41,5,5,Otoño
101038,DICLOFENACO 50MG TAB. L.R CJAX30UND,GENFAR,2.0,0.0,11.4,2025-05-22 17:44:43,5,5,Otoño
101038,DICLOFENACO 50MG TAB. L.R CJAX30UND,GENFAR,0.0,10.0,2.0,2025-05-22 20:19:40,1,5,Otoño
101038,DICLOFENACO 50MG TAB. L.R CJAX30UND,GENFAR,0.0,20.0,4.0,2025-05-23 08:59:19,3,5,Otoño
101038,DICLOFENACO 50MG TAB. L.R CJAX30UND,GENFAR,0.0,10.0,2.0,2025-05-23 18:05:17,5,5,Otoño
101038,DICLOFENACO 50MG TAB. L.R CJAX30UND,GENFAR,0.0,10.0,2.0,2025-05-23 22:32:17,6,5,Otoño
101038,DICLOFENACO 50MG TAB. L.R CJAX30UND,GENFAR,0.0,5.0,1.0,2025-05-24 12:35:09,2,5,Otoño
101038,DICLOFENACO 50MG TAB. L.R CJAX30UND,GENFAR,0.0,-5.0,-1.0,2025-05-24 12:36:46,2,5,Otoño
101038,DICLOFENACO 50MG TAB. L.R CJAX30UND,GENFAR,0.0,5.0,1.0,2025-05-24 12:37:43,2,5,Otoño
101038,DICLOFENACO 50MG TAB. L.R CJAX30UND,GENFAR,0.0,10.0,2.0,2025-05-24 12:42:49,1,5,Otoño
101038,DICLOFENACO 50MG TAB. L.R CJAX30UND,GENFAR,0.0,10.0,2.0,2025-05-24 16:06:20,13,5,Otoño
101038,DICLOFENACO 50MG TAB. L.R CJAX30UND,GENFAR,0.0,10.0,2.0,2025-05-24 19:13:18,3,5,Otoño
101038,DICLOFENACO 50MG TAB. L.R CJAX30UND,GENFAR,0.0,10.0,2.0,2025-05-24 21:39:21,12,5,Otoño
101038,DICLOFENACO 50MG TAB. L.R CJAX30UND,GENFAR,0.0,10.0,2.0,2025-05-25 20:54:47,5,5,Otoño
101038,DICLOFENACO 50MG TAB. L.R CJAX30UND,GENFAR,0.0,10.0,2.0,2025-05-25 21:04:11,15,5,Otoño
101038,DICLOFENACO 50MG TAB. L.R CJAX30UND,GENFAR,0.0,10.0,2.0,2025-05-26 08:14:47,11,5,Otoño
101038,DICLOFENACO 50MG TAB. L.R CJAX30UND,GENFAR,0.0,1.0,0.2,2025-05-27 09:30:03,10,5,Otoño
101038,DICLOFENACO 50MG TAB. L.R CJAX30UND,GENFAR,0.0,10.0,2.0,2025-05-28 10:18:58,6,5,Otoño
101038,DICLOFENACO 50MG TAB. L.R CJAX30UND,GENFAR,0.0,20.0,4.0,2025-05-28 10:57:41,8,5,Otoño
101038,DICLOFENACO 50MG TAB. L.R CJAX30UND,GENFAR,0.0,10.0,2.0,2025-05-28 18:34:37,4,5,Otoño
101038,DICLOFENACO 50MG TAB. L.R CJAX30UND,GENFAR,0.0,10.0,2.0,2025-05-28 19:57:18,1,5,Otoño
101038,DICLOFENACO 50MG TAB. L.R CJAX30UND,GENFAR,0.0,1.0,0.2,2025-05-29 19:55:19,3,5,Otoño
101038,DICLOFENACO 50MG TAB. L.R CJAX30UND,GENFAR,0.0,10.0,2.0,2025-05-29 20:05:19,1,5,Otoño
101038,DICLOFENACO 50MG TAB. L.R CJAX30UND,GENFAR,0.0,20.0,4.0,2025-05-30 10:12:24,3,5,Otoño
101038,DICLOFENACO 50MG TAB. L.R CJAX30UND,GENFAR,0.0,10.0,2.0,2025-05-30 18:53:24,2,5,Otoño
101038,DICLOFENACO 50MG TAB. L.R CJAX30UND,GENFAR,0.0,1.0,0.2,2025-05-30 20:53:43,10,5,Otoño
101038,DICLOFENACO 50MG TAB. L.R CJAX30UND,GENFAR,0.0,3.0,0.6,2025-05-31 19:42:59,1,5,Otoño
101038,DICLOFENACO 50MG TAB. L.R CJAX30UND,GENFAR,0.0,1.0,0.2,2025-06-01 10:20:07,3,6,Invierno
101038,DICLOFENACO 50MG TAB. L.R CJAX30UND,GENFAR,0.0,20.0,4.0,2025-06-02 12:37:52,4,6,Invierno
101038,DICLOFENACO 50MG TAB. L.R CJAX30UND,GENFAR,0.0,10.0,2.0,2025-06-02 21:22:08,13,6,Invierno
101038,DICLOFENACO 50MG TAB. L.R CJAX30UND,GENFAR,0.0,20.0,4.0,2025-06-03 18:24:14,1,6,Invierno
101038,DICLOFENACO 50MG TAB. L.R CJAX30UND,GENFAR,0.0,20.0,4.0,2025-06-05 19:59:56,12,6,Invierno
101038,DICLOFENACO 50MG TAB. L.R CJAX30UND,GENFAR,0.0,15.0,3.0,2025-06-06 11:02:11,5,6,Invierno
101038,DICLOFENACO 50MG TAB. L.R CJAX30UND,GENFAR,0.0,10.0,2.0,2025-06-06 11:45:38,7,6,Invierno
101038,DICLOFENACO 50MG TAB. L.R CJAX30UND,GENFAR,0.0,10.0,2.0,2025-06-06 17:46:25,10,6,Invierno
101038,DICLOFENACO 50MG TAB. L.R CJAX30UND,GENFAR,0.0,10.0,2.0,2025-06-07 18:53:53,1,6,Invierno
101038,DICLOFENACO 50MG TAB. L.R CJAX30UND,GENFAR,0.0,-10.0,-2.0,2025-06-07 18:56:24,1,6,Invierno
101038,DICLOFENACO 50MG TAB. L.R CJAX30UND,GENFAR,0.0,10.0,2.0,2025-06-07 18:57:24,1,6,Invierno
101038,DICLOFENACO 50MG TAB. L.R CJAX30UND,GENFAR,0.0,5.0,1.0,2025-06-08 13:30:00,2,6,Invierno
101038,DICLOFENACO 50MG TAB. L.R CJAX30UND,GENFAR,0.0,10.0,2.0,2025-06-08 13:36:47,6,6,Invierno
101038,DICLOFENACO 50MG TAB. L.R CJAX30UND,GENFAR,0.0,5.0,1.0,2025-06-08 17:06:38,5,6,Invierno
101038,DICLOFENACO 50MG TAB. L.R CJAX30UND,GENFAR,0.0,10.0,2.0,2025-06-09 13:13:49,4,6,Invierno
101038,DICLOFENACO 50MG TAB. L.R CJAX30UND,GENFAR,0.0,10.0,2.0,2025-06-09 23:35:47,10,6,Invierno
101038,DICLOFENACO 50MG TAB. L.R CJAX30UND,GENFAR,0.0,20.0,4.0,2025-06-12 16:21:12,1,6,Invierno
101038,DICLOFENACO 50MG TAB. L.R CJAX30UND,GENFAR,0.0,2.0,0.4,2025-06-13 07:45:57,13,6,Invierno
101038,DICLOFENACO 50MG TAB. L.R CJAX30UND,GENFAR,0.0,1.0,0.2,2025-06-15 13:19:43,13,6,Invierno
101038,DICLOFENACO 50MG TAB. L.R CJAX30UND,GENFAR,0.0,10.0,2.0,2025-06-16 20:49:17,4,6,Invierno
101038,DICLOFENACO 50MG TAB. L.R CJAX30UND,GENFAR,0.0,15.0,3.0,2025-06-17 15:52:32,8,6,Invierno
101038,DICLOFENACO 50MG TAB. L.R CJAX30UND,GENFAR,0.0,20.0,4.0,2025-06-17 18:18:51,7,6,Invierno
101038,DICLOFENACO 50MG TAB. L.R CJAX30UND,GENFAR,0.0,10.0,2.0,2025-06-18 00:22:42,10,6,Invierno
101038,DICLOFENACO 50MG TAB. L.R CJAX30UND,GENFAR,0.0,10.0,2.0,2025-06-19 16:35:37,10,6,Invierno
101038,DICLOFENACO 50MG TAB. L.R CJAX30UND,GENFAR,0.0,10.0,2.0,2025-06-19 16:53:14,15,6,Invierno
101038,DICLOFENACO 50MG TAB. L.R CJAX30UND,GENFAR,0.0,8.0,1.6,2025-06-21 13:25:09,10,6,Invierno
101038,DICLOFENACO 50MG TAB. L.R CJAX30UND,GENFAR,0.0,7.0,1.4,2025-06-24 21:15:05,7,6,Invierno
101038,DICLOFENACO 50MG TAB. L.R CJAX30UND,GENFAR,0.0,20.0,4.0,2025-06-25 14:30:22,6,6,Invierno
101038,DICLOFENACO 50MG TAB. L.R CJAX30UND,GENFAR,0.0,10.0,2.0,2025-06-28 17:49:04,6,6,Invierno
101038,DICLOFENACO 50MG TAB. L.R CJAX30UND,GENFAR,0.0,10.0,2.0,2025-06-29 12:12:37,11,6,Invierno
101038,DICLOFENACO 50MG TAB. L.R CJAX30UND,GENFAR,0.0,10.0,2.0,2025-06-29 16:01:03,9,6,Invierno
101038,DICLOFENACO 50MG TAB. L.R CJAX30UND,GENFAR,0.0,10.0,2.0,2025-07-01 13:27:23,9,7,Invierno
101038,DICLOFENACO 50MG TAB. L.R CJAX30UND,GENFAR,0.0,10.0,2.0,2025-07-02 08:19:15,13,7,Invierno
101038,DICLOFENACO 50MG TAB. L.R CJAX30UND,GENFAR,0.0,8.0,1.6,2025-07-02 22:18:48,9,7,Invierno
101038,DICLOFENACO 50MG TAB. L.R CJAX30UND,GENFAR,0.0,20.0,4.0,2025-07-04 09:17:59,4,7,Invierno
101038,DICLOFENACO 50MG TAB. L.R CJAX30UND,GENFAR,0.0,10.0,2.0,2025-07-04 21:38:53,4,7,Invierno
101038,DICLOFENACO 50MG TAB. L.R CJAX30UND,GENFAR,0.0,10.0,2.0,2025-07-08 07:05:30,6,7,Invierno
101038,DICLOFENACO 50MG TAB. L.R CJAX30UND,GENFAR,0.0,5.0,1.0,2025-07-08 21:24:26,6,7,Invierno
101038,DICLOFENACO 50MG TAB. L.R CJAX30UND,GENFAR,0.0,5.0,1.0,2025-07-10 21:38:53,13,7,Invierno
101038,DICLOFENACO 50MG TAB. L.R CJAX30UND,GENFAR,0.0,10.0,2.0,2025-07-12 12:20:42,9,7,Invierno
101038,DICLOFENACO 50MG TAB. L.R CJAX30UND,GENFAR,0.0,2.0,0.4,2025-07-12 18:57:56,13,7,Invierno
101038,DICLOFENACO 50MG TAB. L.R CJAX30UND,GENFAR,0.0,5.0,0.95,2025-07-17 14:50:54,9,7,Invierno
101038,DICLOFENACO 50MG TAB. L.R CJAX30UND,GENFAR,0.0,10.0,2.0,2025-07-17 19:55:37,13,7,Invierno
101038,DICLOFENACO 50MG TAB. L.R CJAX30UND,GENFAR,0.0,2.0,0.38,2025-07-19 15:34:29,6,7,Invierno
101038,DICLOFENACO 50MG TAB. LIB. RETARDADA CJAX30UND,GENFAR,0.0,5.0,1.0,2025-07-22 19:28:12,13,7,Invierno
101038,DICLOFENACO 50MG TAB. LIB. RETARDADA CJAX30UND,GENFAR,0.0,10.0,2.0,2025-07-23 09:11:43,13,7,Invierno
101038,DICLOFENACO 50MG TAB. LIB. RETARDADA CJAX30UND,GENFAR,0.0,10.0,2.0,2025-07-24 11:57:29,3,7,Invierno
101038,DICLOFENACO 50MG TAB. LIB. RETARDADA CJAX30UND,GENFAR,0.0,10.0,2.0,2025-07-26 12:40:54,3,7,Invierno
101038,DICLOFENACO 50MG TAB. LIB. RETARDADA CJAX30UND,GENFAR,0.0,10.0,2.0,2025-07-27 10:19:28,6,7,Invierno
101038,DICLOFENACO 50MG TAB. LIB. RETARDADA CJAX30UND,GENFAR,0.0,20.0,4.0,2025-07-27 13:03:46,15,7,Invierno
101038,DICLOFENACO 50MG TAB. LIB. RETARDADA CJAX30UND,GENFAR,0.0,20.0,4.0,2025-07-27 13:47:17,6,7,Invierno
101038,DICLOFENACO 50MG TAB. LIB. RETARDADA CJAX30UND,GENFAR,0.0,10.0,2.0,2025-07-27 20:09:47,7,7,Invierno
101038,DICLOFENACO 50MG TAB. LIB. RETARDADA CJAX30UND,GENFAR,0.0,10.0,2.0,2025-07-27 21:50:53,3,7,Invierno
101038,DICLOFENACO 50MG TAB. LIB. RETARDADA CJAX30UND,GENFAR,0.0,10.0,2.0,2025-07-28 11:52:44,3,7,Invierno
101038,DICLOFENACO 50MG TAB. LIB. RETARDADA CJAX30UND,GENFAR,0.0,10.0,2.0,2025-07-29 13:49:01,12,7,Invierno
101038,DICLOFENACO 50MG TAB. LIB. RETARDADA CJAX30UND,GENFAR,0.0,10.0,2.0,2025-07-30 10:19:00,3,7,Invierno
101038,DICLOFENACO 50MG TAB. LIB. RETARDADA CJAX30UND,GENFAR,0.0,10.0,2.0,2025-07-30 16:29:40,6,7,Invierno
101038,DICLOFENACO 50MG TAB. LIB. RETARDADA CJAX30UND,GENFAR,0.0,2.0,0.4,2025-07-30 17:26:44,9,7,Invierno
101038,DICLOFENACO 50MG TAB. LIB. RETARDADA CJAX30UND,GENFAR,0.0,10.0,2.0,2025-07-30 20:12:56,4,7,Invierno
101038,DICLOFENACO 50MG TAB. LIB. RETARDADA CJAX30UND,GENFAR,0.0,10.0,2.0,2025-07-31 19:32:21,13,7,Invierno
101038,DICLOFENACO 50MG TAB. LIB. RETARDADA CJAX30UND,GENFAR,0.0,2.0,0.4,2025-08-02 21:14:29,3,8,Invierno
101038,DICLOFENACO 50MG TAB. LIB. RETARDADA CJAX30UND,GENFAR,0.0,2.0,0.4,2025-08-03 09:36:13,13,8,Invierno
101038,DICLOFENACO 50MG TAB. LIB. RETARDADA CJAX30UND,GENFAR,0.0,10.0,2.0,2025-08-03 17:24:17,15,8,Invierno
101038,DICLOFENACO 50MG TAB. LIB. RETARDADA CJAX30UND,GENFAR,0.0,10.0,2.0,2025-08-03 17:58:35,5,8,Invierno
101038,DICLOFENACO 50MG TAB. LIB. RETARDADA CJAX30UND,GENFAR,0.0,10.0,2.0,2025-08-05 19:59:20,9,8,Invierno
101038,DICLOFENACO 50MG TAB. LIB. RETARDADA CJAX30UND,GENFAR,0.0,10.0,2.0,2025-08-07 13:54:36,1,8,Invierno
101038,DICLOFENACO 50MG TAB. LIB. RETARDADA CJAX30UND,GENFAR,0.0,10.0,2.0,2025-08-07 17:08:35,5,8,Invierno
101038,DICLOFENACO 50MG TAB. LIB. RETARDADA CJAX30UND,GENFAR,0.0,10.0,2.0,2025-08-07 20:42:51,7,8,Invierno
101038,DICLOFENACO 50MG TAB. LIB. RETARDADA CJAX30UND,GENFAR,0.0,10.0,2.0,2025-08-07 20:55:50,15,8,Invierno
101038,DICLOFENACO 50MG TAB. LIB. RETARDADA CJAX30UND,GENFAR,0.0,10.0,2.0,2025-08-08 12:27:07,4,8,Invierno
101038,DICLOFENACO 50MG TAB. LIB. RETARDADA CJAX30UND,GENFAR,0.0,15.0,3.0,2025-08-10 11:15:08,3,8,Invierno
101038,DICLOFENACO 50MG TAB. LIB. RETARDADA CJAX30UND,GENFAR,0.0,10.0,2.0,2025-08-10 12:54:30,1,8,Invierno
101038,DICLOFENACO 50MG TAB. LIB. RETARDADA CJAX30UND,GENFAR,0.0,20.0,4.0,2025-08-11 19:22:23,1,8,Invierno
101038,DICLOFENACO 50MG TAB. LIB. RETARDADA CJAX30UND,GENFAR,0.0,20.0,4.0,2025-08-12 11:22:14,3,8,Invierno
101038,DICLOFENACO 50MG TAB. LIB. RETARDADA CJAX30UND,GENFAR,0.0,10.0,2.0,2025-08-12 17:43:09,6,8,Invierno
101038,DICLOFENACO 50MG TAB. LIB. RETARDADA CJAX30UND,GENFAR,0.0,10.0,2.0,2025-08-12 18:05:09,12,8,Invierno
101038,DICLOFENACO 50MG TAB. LIB. RETARDADA CJAX30UND,GENFAR,0.0,10.0,2.0,2025-08-13 07:09:24,11,8,Invierno
101038,DICLOFENACO 50MG TAB. LIB. RETARDADA CJAX30UND,GENFAR,0.0,10.0,2.0,2025-08-14 15:32:54,5,8,Invierno
101038,DICLOFENACO 50MG TAB. LIB. RETARDADA CJAX30UND,GENFAR,0.0,10.0,2.0,2025-08-14 20:08:28,6,8,Invierno
101038,DICLOFENACO 50MG TAB. LIB. RETARDADA CJAX30UND,GENFAR,0.0,10.0,2.0,2025-08-14 21:37:52,4,8,Invierno
101038,DICLOFENACO 50MG TAB. LIB. RETARDADA CJAX30UND,GENFAR,0.0,10.0,2.0,2025-08-15 13:26:53,10,8,Invierno
101038,DICLOFENACO 50MG TAB. LIB. RETARDADA CJAX30UND,GENFAR,0.0,10.0,2.0,2025-08-15 18:46:50,1,8,Invierno
101038,DICLOFENACO 50MG TAB. LIB. RETARDADA CJAX30UND,GENFAR,0.0,10.0,2.0,2025-08-15 22:27:47,2,8,Invierno
101038,DICLOFENACO 50MG TAB. LIB. RETARDADA CJAX30UND,GENFAR,0.0,10.0,2.0,2025-08-15 23:20:49,4,8,Invierno
101038,DICLOFENACO 50MG TAB. LIB. RETARDADA CJAX30UND,GENFAR,0.0,10.0,2.0,2025-08-17 14:08:20,1,8,Invierno
101038,DICLOFENACO 50MG TAB. LIB. RETARDADA CJAX30UND,GENFAR,0.0,10.0,2.0,2025-08-17 14:31:17,1,8,Invierno
101038,DICLOFENACO 50MG TAB. LIB. RETARDADA CJAX30UND,GENFAR,0.0,10.0,2.0,2025-08-18 09:59:30,4,8,Invierno
101038,DICLOFENACO 50MG TAB. LIB. RETARDADA CJAX30UND,GENFAR,0.0,10.0,2.0,2025-08-18 13:12:08,15,8,Invierno
101038,DICLOFENACO 50MG TAB. LIB. RETARDADA CJAX30UND,GENFAR,0.0,10.0,2.0,2025-08-19 21:48:55,7,8,Invierno
101038,DICLOFENACO 50MG TAB. LIB. RETARDADA CJAX30UND,GENFAR,0.0,10.0,2.0,2025-08-22 12:58:28,2,8,Invierno
101038,DICLOFENACO 50MG TAB. LIB. RETARDADA CJAX30UND,GENFAR,0.0,10.0,2.0,2025-08-22 22:04:01,2,8,Invierno
101038,DICLOFENACO 50MG TAB. LIB. RETARDADA CJAX30UND,GENFAR,0.0,10.0,2.0,2025-08-23 11:42:50,7,8,Invierno
101038,DICLOFENACO 50MG TAB. LIB. RETARDADA CJAX30UND,GENFAR,0.0,5.0,1.0,2025-08-23 20:01:18,7,8,Invierno
101038,DICLOFENACO 50MG TAB. LIB. RETARDADA CJAX30UND,GENFAR,0.0,5.0,1.0,2025-08-24 11:04:14,7,8,Invierno
101038,DICLOFENACO 50MG TAB. LIB. RETARDADA CJAX30UND,GENFAR,0.0,50.0,10.0,2025-08-24 17:49:13,12,8,Invierno
101038,DICLOFENACO 50MG TAB. LIB. RETARDADA CJAX30UND,GENFAR,0.0,10.0,2.0,2025-08-24 19:30:32,9,8,Invierno
101038,DICLOFENACO 50MG TAB. LIB. RETARDADA CJAX30UND,GENFAR,1.0,0.0,6.0,2025-08-25 11:44:33,8,8,Invierno
101038,DICLOFENACO 50MG TAB. LIB. RETARDADA CJAX30UND,GENFAR,0.0,3.0,0.6,2025-08-25 12:10:44,5,8,Invierno
101038,DICLOFENACO 50MG TAB. LIB. RETARDADA CJAX30UND,GENFAR,0.0,30.0,6.0,2025-08-25 19:42:52,14,8,Invierno
101038,DICLOFENACO 50MG TAB. LIB. RETARDADA CJAX30UND,GENFAR,0.0,10.0,2.0,2025-08-25 20:38:54,10,8,Invierno
101038,DICLOFENACO 50MG TAB. LIB. RETARDADA CJAX30UND,GENFAR,0.0,10.0,2.0,2025-08-25 20:43:33,5,8,Invierno
101038,DICLOFENACO 50MG TAB. LIB. RETARDADA CJAX30UND,GENFAR,0.0,10.0,2.0,2025-08-26 19:41:35,5,8,Invierno
101038,DICLOFENACO 50MG TAB. LIB. RETARDADA CJAX30UND,GENFAR,0.0,10.0,2.0,2025-08-26 22:29:11,6,8,Invierno
101038,DICLOFENACO 50MG TAB. LIB. RETARDADA CJAX30UND,GENFAR,0.0,10.0,2.0,2025-08-27 14:42:44,5,8,Invierno
101038,DICLOFENACO 50MG TAB. LIB. RETARDADA CJAX30UND,GENFAR,0.0,10.0,2.0,2025-08-27 19:12:01,5,8,Invierno
101038,DICLOFENACO 50MG TAB. LIB. RETARDADA CJAX30UND,GENFAR,0.0,10.0,2.0,2025-08-27 19:14:32,16,8,Invierno
101038,DICLOFENACO 50MG TAB. LIB. RETARDADA CJAX30UND,GENFAR,0.0,10.0,2.0,2025-08-28 09:58:34,6,8,Invierno
101038,DICLOFENACO 50MG TAB. LIB. RETARDADA CJAX30UND,GENFAR,0.0,20.0,4.0,2025-08-29 10:02:03,3,8,Invierno
101038,DICLOFENACO 50MG TAB. LIB. RETARDADA CJAX30UND,GENFAR,0.0,1.0,0.2,2025-08-29 20:01:18,13,8,Invierno
101038,DICLOFENACO 50MG TAB. LIB. RETARDADA CJAX30UND,GENFAR,0.0,10.0,2.0,2025-08-31 11:49:21,5,8,Invierno
101038,DICLOFENACO 50MG TAB. LIB. RETARDADA CJAX30UND,GENFAR,0.0,10.0,2.0,2025-08-31 12:51:34,5,8,Invierno
101038,DICLOFENACO 50MG TAB. LIB. RETARDADA CJAX30UND,GENFAR,0.0,10.0,2.0,2025-08-31 18:22:44,9,8,Invierno
101038,DICLOFENACO 50MG TAB. LIB. RETARDADA CJAX30UND,GENFAR,0.0,10.0,2.0,2025-09-02 16:27:34,5,9,Primavera
101038,DICLOFENACO 50MG TAB. LIB. RETARDADA CJAX30UND,GENFAR,0.0,10.0,2.0,2025-09-02 19:09:30,10,9,Primavera
101038,DICLOFENACO 50MG TAB. LIB. RETARDADA CJAX30UND,GENFAR,0.0,10.0,2.0,2025-09-03 12:12:46,2,9,Primavera
101038,DICLOFENACO 50MG TAB. LIB. RETARDADA CJAX30UND,GENFAR,0.0,10.0,2.0,2025-09-03 14:56:27,2,9,Primavera
101038,DICLOFENACO 50MG TAB. LIB. RETARDADA CJAX30UND,GENFAR,0.0,10.0,2.0,2025-09-04 09:38:50,5,9,Primavera
101038,DICLOFENACO 50MG TAB. LIB. RETARDADA CJAX30UND,GENFAR,0.0,10.0,2.0,2025-09-04 12:51:18,8,9,Primavera
101038,DICLOFENACO 50MG TAB. LIB. RETARDADA CJAX30UND,GENFAR,0.0,10.0,2.0,2025-09-04 18:28:57,4,9,Primavera
101038,DICLOFENACO 50MG TAB. LIB. RETARDADA CJAX30UND,GENFAR,0.0,10.0,2.0,2025-09-04 19:00:18,5,9,Primavera
101038,DICLOFENACO 50MG TAB. LIB. RETARDADA CJAX30UND,GENFAR,0.0,20.0,4.0,2025-09-05 07:44:23,13,9,Primavera
101038,DICLOFENACO 50MG TAB. LIB. RETARDADA CJAX30UND,GENFAR,0.0,10.0,2.0,2025-09-05 21:01:04,6,9,Primavera
101038,DICLOFENACO 50MG TAB. LIB. RETARDADA CJAX30UND,GENFAR,0.0,20.0,4.0,2025-09-06 08:13:41,6,9,Primavera
101038,DICLOFENACO 50MG TAB. LIB. RETARDADA CJAX30UND,GENFAR,0.0,20.0,4.0,2025-09-06 09:56:56,12,9,Primavera
101038,DICLOFENACO 50MG TAB. LIB. RETARDADA CJAX30UND,GENFAR,0.0,10.0,2.0,2025-09-08 09:06:13,11,9,Primavera
101038,DICLOFENACO 50MG TAB. LIB. RETARDADA CJAX30UND,GENFAR,0.0,5.0,1.0,2025-09-08 21:22:45,1,9,Primavera
101038,DICLOFENACO 50MG TAB. LIB. RETARDADA CJAX30UND,GENFAR,0.0,10.0,2.0,2025-09-08 21:59:57,16,9,Primavera
101038,DICLOFENACO 50MG TAB. LIB. RETARDADA CJAX30UND,GENFAR,0.0,10.0,2.0,2025-09-09 14:50:48,16,9,Primavera
101038,DICLOFENACO 50MG TAB. LIB. RETARDADA CJAX30UND,GENFAR,0.0,20.0,4.0,2025-09-10 17:25:54,7,9,Primavera
101038,DICLOFENACO 50MG TAB. LIB. RETARDADA CJAX30UND,GENFAR,0.0,10.0,2.0,2025-09-10 21:36:51,1,9,Primavera
101038,DICLOFENACO 50MG TAB. LIB. RETARDADA CJAX30UND,GENFAR,0.0,10.0,2.0,2025-09-11 13:55:05,13,9,Primavera
101038,DICLOFENACO 50MG TAB. LIB. RETARDADA CJAX30UND,GENFAR,0.0,10.0,2.0,2025-09-13 07:29:04,13,9,Primavera
101038,DICLOFENACO 50MG TAB. LIB. RETARDADA CJAX30UND,GENFAR,0.0,10.0,2.0,2025-09-13 09:03:40,5,9,Primavera
101038,DICLOFENACO 50MG TAB. LIB. RETARDADA CJAX30UND,GENFAR,0.0,20.0,4.0,2025-09-13 13:39:17,5,9,Primavera
101038,DICLOFENACO 50MG TAB. LIB. RETARDADA CJAX30UND,GENFAR,0.0,10.0,2.0,2025-09-13 18:39:16,6,9,Primavera
101038,DICLOFENACO 50MG TAB. LIB. RETARDADA CJAX30UND,GENFAR,0.0,10.0,2.0,2025-09-14 08:58:11,15,9,Primavera
101038,DICLOFENACO 50MG TAB. LIB. RETARDADA CJAX30UND,GENFAR,0.0,10.0,2.0,2025-09-14 11:25:25,14,9,Primavera
101038,DICLOFENACO 50MG TAB. LIB. RETARDADA CJAX30UND,GENFAR,0.0,10.0,2.0,2025-09-14 11:51:26,5,9,Primavera
101038,DICLOFENACO 50MG TAB. LIB. RETARDADA CJAX30UND,GENFAR,0.0,10.0,2.0,2025-09-14 18:35:47,2,9,Primavera
101038,DICLOFENACO 50MG TAB. LIB. RETARDADA CJAX30UND,GENFAR,0.0,10.0,2.0,2025-09-15 08:36:45,4,9,Primavera
101038,DICLOFENACO 50MG TAB. LIB. RETARDADA CJAX30UND,GENFAR,0.0,10.0,2.0,2025-09-15 12:00:09,5,9,Primavera
101038,DICLOFENACO 50MG TAB. LIB. RETARDADA CJAX30UND,GENFAR,0.0,10.0,2.0,2025-09-15 21:12:43,8,9,Primavera
101038,DICLOFENACO 50MG TAB. LIB. RETARDADA CJAX30UND,GENFAR,1.0,0.0,6.0,2025-09-16 11:31:15,3,9,Primavera
101038,DICLOFENACO 50MG TAB. LIB. RETARDADA CJAX30UND,GENFAR,0.0,10.0,2.0,2025-09-16 19:30:11,7,9,Primavera
101038,DICLOFENACO 50MG TAB. LIB. RETARDADA CJAX30UND,GENFAR,1.0,0.0,6.0,2025-09-18 10:54:49,14,9,Primavera
101038,DICLOFENACO 50MG TAB. LIB. RETARDADA CJAX30UND,GENFAR,1.0,0.0,6.0,2025-09-19 15:52:34,16,9,Primavera
101038,DICLOFENACO 50MG TAB. LIB. RETARDADA CJAX30UND,GENFAR,0.0,10.0,2.0,2025-09-19 17:13:01,5,9,Primavera
101038,DICLOFENACO 50MG TAB. LIB. RETARDADA CJAX30UND,GENFAR,0.0,10.0,2.0,2025-09-19 20:52:37,7,9,Primavera
101038,DICLOFENACO 50MG TAB. LIB. RETARDADA CJAX30UND,GENFAR,0.0,10.0,2.0,2025-09-19 22:26:08,2,9,Primavera
101038,DICLOFENACO 50MG TAB. LIB. RETARDADA CJAX30UND,GENFAR,0.0,10.0,2.0,2025-09-20 07:06:09,5,9,Primavera
101038,DICLOFENACO 50MG TAB. LIB. RETARDADA CJAX30UND,GENFAR,0.0,10.0,2.0,2025-09-20 15:32:46,3,9,Primavera
101038,DICLOFENACO 50MG TAB. LIB. RETARDADA CJAX30UND,GENFAR,0.0,10.0,2.0,2025-09-20 18:27:18,2,9,Primavera
101038,DICLOFENACO 50MG TAB. LIB. RETARDADA CJAX30UND,GENFAR,0.0,10.0,2.0,2025-09-20 18:56:08,5,9,Primavera
101038,DICLOFENACO 50MG TAB. LIB. RETARDADA CJAX30UND,GENFAR,0.0,10.0,2.0,2025-09-21 12:39:43,6,9,Primavera
101038,DICLOFENACO 50MG TAB. LIB. RETARDADA CJAX30UND,GENFAR,0.0,10.0,2.0,2025-09-21 12:48:14,6,9,Primavera
101038,DICLOFENACO 50MG TAB. LIB. RETARDADA CJAX30UND,GENFAR,0.0,10.0,2.0,2025-09-21 13:12:38,8,9,Primavera
101038,DICLOFENACO 50MG TAB. LIB. RETARDADA CJAX30UND,GENFAR,0.0,10.0,1.9,2025-09-21 20:13:42,9,9,Primavera
101038,DICLOFENACO 50MG TAB. LIB. RETARDADA CJAX30UND,GENFAR,0.0,10.0,2.0,2025-09-21 22:15:08,16,9,Primavera
101038,DICLOFENACO 50MG TAB. LIB. RETARDADA CJAX30UND,GENFAR,0.0,20.0,4.0,2025-09-22 08:04:55,4,9,Primavera
101038,DICLOFENACO 50MG TAB. LIB. RETARDADA CJAX30UND,GENFAR,0.0,3.0,0.6,2025-09-22 16:32:11,5,9,Primavera
101038,DICLOFENACO 50MG TAB. LIB. RETARDADA CJAX30UND,GENFAR,0.0,10.0,2.0,2025-09-22 20:12:42,7,9,Primavera
101038,DICLOFENACO 50MG TAB. LIB. RETARDADA CJAX30UND,GENFAR,0.0,10.0,2.0,2025-09-22 20:38:32,3,9,Primavera
101038,DICLOFENACO 50MG TAB. LIB. RETARDADA CJAX30UND,GENFAR,0.0,10.0,2.0,2025-09-22 23:39:54,7,9,Primavera
101038,DICLOFENACO 50MG TAB. LIB. RETARDADA CJAX30UND,GENFAR,0.0,10.0,2.0,2025-09-23 12:54:22,3,9,Primavera
101038,DICLOFENACO 50MG TAB. LIB. RETARDADA CJAX30UND,GENFAR,0.0,3.0,0.6,2025-09-24 07:22:49,9,9,Primavera
101038,DICLOFENACO 50MG TAB. LIB. RETARDADA CJAX30UND,GENFAR,0.0,10.0,2.0,2025-09-25 15:53:56,3,9,Primavera
101038,DICLOFENACO 50MG TAB. LIB. RETARDADA CJAX30UND,GENFAR,0.0,2.0,0.38,2025-09-25 21:08:26,1,9,Primavera
101038,DICLOFENACO 50MG TAB. LIB. RETARDADA CJAX30UND,GENFAR,0.0,10.0,2.0,2025-09-26 10:28:37,13,9,Primavera
101038,DICLOFENACO 50MG TAB. LIB. RETARDADA CJAX30UND,GENFAR,0.0,10.0,1.9,2025-09-26 21:22:44,11,9,Primavera
101038,DICLOFENACO 50MG TAB. LIB. RETARDADA CJAX30UND,GENFAR,0.0,10.0,2.0,2025-09-29 20:58:11,1,9,Primavera
101038,DICLOFENACO 50MG TAB. LIB. RETARDADA CJAX30UND,GENFAR,0.0,20.0,4.0,2025-09-30 12:19:36,9,9,Primavera
101038,DICLOFENACO 50MG TAB. LIB. RETARDADA CJAX30UND,GENFAR,0.0,5.0,0.95,2025-09-30 15:09:05,9,9,Primavera
101038,DICLOFENACO 50MG TAB. LIB. RETARDADA CJAX30UND,GENFAR,0.0,10.0,2.0,2025-10-01 12:06:57,11,10,Primavera
101038,DICLOFENACO 50MG TAB. LIB. RETARDADA CJAX30UND,GENFAR,1.0,0.0,6.0,2025-10-01 12:42:33,2,10,Primavera
101038,DICLOFENACO 50MG TAB. LIB. RETARDADA CJAX30UND,GENFAR,0.0,10.0,2.0,2025-10-01 15:46:00,7,10,Primavera
101038,DICLOFENACO 50MG TAB. LIB. RETARDADA CJAX30UND,GENFAR,0.0,10.0,2.0,2025-10-01 20:23:09,3,10,Primavera
101038,DICLOFENACO 50MG TAB. LIB. RETARDADA CJAX30UND,GENFAR,0.0,10.0,2.0,2025-10-02 12:25:43,4,10,Primavera
101038,DICLOFENACO 50MG TAB. LIB. RETARDADA CJAX30UND,GENFAR,0.0,10.0,2.0,2025-10-03 17:38:19,10,10,Primavera
101038,DICLOFENACO 50MG TAB. LIB. RETARDADA CJAX30UND,GENFAR,0.0,10.0,2.0,2025-10-03 19:22:15,13,10,Primavera
101038,DICLOFENACO 50MG TAB. LIB. RETARDADA CJAX30UND,GENFAR,0.0,10.0,2.0,2025-10-03 20:21:43,1,10,Primavera
101038,DICLOFENACO 50MG TAB. LIB. RETARDADA CJAX30UND,GENFAR,1.0,0.0,6.0,2025-10-04 16:23:05,15,10,Primavera
101038,DICLOFENACO 50MG TAB. LIB. RETARDADA CJAX30UND,GENFAR,0.0,20.0,4.0,2025-10-04 18:22:42,2,10,Primavera
101038,DICLOFENACO 50MG TAB. LIB. RETARDADA CJAX30UND,GENFAR,0.0,10.0,2.0,2025-10-04 19:49:13,2,10,Primavera
101038,DICLOFENACO 50MG TAB. LIB. RETARDADA CJAX30UND,GENFAR,0.0,20.0,4.0,2025-10-04 21:01:36,11,10,Primavera
101038,DICLOFENACO 50MG TAB. LIB. RETARDADA CJAX30UND,GENFAR,0.0,4.0,0.8,2025-10-05 16:39:58,13,10,Primavera
101038,DICLOFENACO 50MG TAB. LIB. RETARDADA CJAX30UND,GENFAR,0.0,10.0,2.0,2025-10-05 16:58:56,13,10,Primavera
101038,DICLOFENACO 50MG TAB. LIB. RETARDADA CJAX30UND,GENFAR,0.0,20.0,4.0,2025-10-06 12:05:16,3,10,Primavera
101038,DICLOFENACO 50MG TAB. LIB. RETARDADA CJAX30UND,GENFAR,0.0,50.0,10.0,2025-10-06 12:47:23,3,10,Primavera
101038,DICLOFENACO 50MG TAB. LIB. RETARDADA CJAX30UND,GENFAR,0.0,10.0,2.0,2025-10-06 14:49:25,7,10,Primavera
101038,DICLOFENACO 50MG TAB. LIB. RETARDADA CJAX30UND,GENFAR,0.0,10.0,2.0,2025-10-06 17:40:21,16,10,Primavera
101038,DICLOFENACO 50MG TAB. LIB. RETARDADA CJAX30UND,GENFAR,0.0,10.0,2.0,2025-10-08 10:22:20,8,10,Primavera
101038,DICLOFENACO 50MG TAB. LIB. RETARDADA CJAX30UND,GENFAR,0.0,1.0,0.2,2025-10-08 13:01:17,13,10,Primavera
101038,DICLOFENACO 50MG TAB. LIB. RETARDADA CJAX30UND,GENFAR,0.0,10.0,2.0,2025-10-08 14:53:33,1,10,Primavera
101038,DICLOFENACO 50MG TAB. LIB. RETARDADA CJAX30UND,GENFAR,0.0,10.0,2.0,2025-10-08 18:27:44,8,10,Primavera
101038,DICLOFENACO 50MG TAB. LIB. RETARDADA CJAX30UND,GENFAR,0.0,10.0,2.0,2025-10-09 09:20:55,7,10,Primavera
101038,DICLOFENACO 50MG TAB. LIB. RETARDADA CJAX30UND,GENFAR,0.0,10.0,2.0,2025-10-09 15:02:08,6,10,Primavera
101038,DICLOFENACO 50MG TAB. LIB. RETARDADA CJAX30UND,GENFAR,0.0,20.0,4.0,2025-10-09 16:33:07,2,10,Primavera
101038,DICLOFENACO 50MG TAB. LIB. RETARDADA CJAX30UND,GENFAR,0.0,10.0,2.0,2025-10-09 20:10:19,1,10,Primavera
101038,DICLOFENACO 50MG TAB. LIB. RETARDADA CJAX30UND,GENFAR,0.0,10.0,2.0,2025-10-09 21:40:04,14,10,Primavera
101038,DICLOFENACO 50MG TAB. LIB. RETARDADA CJAX30UND,GENFAR,0.0,10.0,2.0,2025-10-10 09:59:07,13,10,Primavera
101038,DICLOFENACO 50MG TAB. LIB. RETARDADA CJAX30UND,GENFAR,1.0,0.0,6.0,2025-10-10 12:37:38,15,10,Primavera
101038,DICLOFENACO 50MG TAB. LIB. RETARDADA CJAX30UND,GENFAR,0.0,10.0,2.0,2025-10-10 17:58:25,6,10,Primavera
101038,DICLOFENACO 50MG TAB. LIB. RETARDADA CJAX30UND,GENFAR,0.0,10.0,2.0,2025-10-11 16:08:06,8,10,Primavera
101038,DICLOFENACO 50MG TAB. LIB. RETARDADA CJAX30UND,GENFAR,0.0,10.0,2.0,2025-10-11 18:15:20,1,10,Primavera
101038,DICLOFENACO 50MG TAB. LIB. RETARDADA CJAX30UND,GENFAR,0.0,20.0,4.0,2025-10-11 20:31:50,2,10,Primavera
101038,DICLOFENACO 50MG TAB. LIB. RETARDADA CJAX30UND,GENFAR,0.0,10.0,2.0,2025-10-12 08:45:11,11,10,Primavera
101038,DICLOFENACO 50MG TAB. LIB. RETARDADA CJAX30UND,GENFAR,0.0,20.0,4.0,2025-10-14 23:02:04,4,10,Primavera
101038,DICLOFENACO 50MG TAB. LIB. RETARDADA CJAX30UND,GENFAR,0.0,10.0,2.0,2025-10-18 09:58:28,4,10,Primavera
101038,DICLOFENACO 50MG TAB. LIB. RETARDADA CJAX30UND,GENFAR,0.0,3.0,0.6,2025-10-19 20:32:02,13,10,Primavera
101038,DICLOFENACO 50MG TAB. LIB. RETARDADA CJAX30UND,GENFAR,0.0,10.0,2.0,2025-10-22 10:19:31,12,10,Primavera
101038,DICLOFENACO 50MG TAB. LIB. RETARDADA CJAX30UND,GENFAR,0.0,50.0,10.0,2025-10-22 10:48:28,3,10,Primavera
101038,DICLOFENACO 50MG TAB. LIB. RETARDADA CJAX30UND,GENFAR,0.0,10.0,2.0,2025-10-23 11:15:37,14,10,Primavera
101038,DICLOFENACO 50MG TAB. LIB. RETARDADA CJAX30UND,GENFAR,0.0,10.0,2.0,2025-10-23 13:33:16,11,10,Primavera
101038,DICLOFENACO 50MG TAB. LIB. RETARDADA CJAX30UND,GENFAR,0.0,20.0,4.0,2025-10-23 16:48:52,3,10,Primavera
101038,DICLOFENACO 50MG TAB. LIB. RETARDADA CJAX30UND,GENFAR,0.0,3.0,0.6,2025-10-24 19:03:35,1,10,Primavera
101038,DICLOFENACO 50MG TAB. LIB. RETARDADA CJAX30UND,GENFAR,0.0,10.0,1.9,2025-10-25 13:29:41,1,10,Primavera
101038,DICLOFENACO 50MG TAB. LIB. RETARDADA CJAX30UND,GENFAR,0.0,40.0,4.0,2025-10-25 16:00:58,3,10,Primavera
101038,DICLOFENACO 50MG TAB. LIB. RETARDADA CJAX30UND,GENFAR,0.0,10.0,2.0,2025-10-25 17:35:03,11,10,Primavera
101038,DICLOFENACO 50MG TAB. LIB. RETARDADA CJAX30UND,GENFAR,0.0,10.0,2.0,2025-10-26 18:16:54,11,10,Primavera
101038,DICLOFENACO 50MG TAB. LIB. RETARDADA CJAX30UND,GENFAR,0.0,50.0,10.0,2025-10-27 18:21:35,4,10,Primavera
101038,DICLOFENACO 50MG TAB. LIB. RETARDADA CJAX30UND,GENFAR,0.0,20.0,4.0,2025-10-28 15:31:01,12,10,Primavera
101038,DICLOFENACO 50MG TAB. LIB. RETARDADA CJAX30UND,GENFAR,0.0,10.0,2.0,2025-10-29 21:15:32,12,10,Primavera
101038,DICLOFENACO 50MG TAB. LIB. RETARDADA CJAX30UND,GENFAR,0.0,10.0,2.0,2025-10-29 21:53:18,7,10,Primavera
101038,DICLOFENACO 50MG TAB. LIB. RETARDADA CJAX30UND,GENFAR,0.0,10.0,2.0,2025-10-30 10:07:04,11,10,Primavera
101038,DICLOFENACO 50MG TAB. LIB. RETARDADA CJAX30UND,GENFAR,0.0,-40.0,-4.0,2025-10-30 12:00:00,3,10,Primavera
101038,DICLOFENACO 50MG TAB. LIB. RETARDADA CJAX30UND,GENFAR,0.0,40.0,4.0,2025-10-30 12:26:57,3,10,Primavera
101038,DICLOFENACO 50MG TAB. LIB. RETARDADA CJAX30UND,GENFAR,0.0,10.0,2.0,2025-10-31 17:12:22,7,10,Primavera
101038,DICLOFENACO 50MG TAB. LIB. RETARDADA CJAX30UND,GENFAR,0.0,10.0,1.9,2025-11-02 13:44:39,10,11,Primavera
101038,DICLOFENACO 50MG TAB. LIB. RETARDADA CJAX30UND,GENFAR,0.0,10.0,2.0,2025-11-02 19:28:48,7,11,Primavera
101038,DICLOFENACO 50MG TAB. LIB. RETARDADA CJAX30UND,GENFAR,0.0,20.0,4.0,2025-11-03 12:22:06,7,11,Primavera
101038,DICLOFENACO 50MG TAB. LIB. RETARDADA CJAX30UND,GENFAR,0.0,17.0,3.4,2025-11-05 11:55:50,6,11,Primavera
101038,DICLOFENACO 50MG TAB. LIB. RETARDADA CJAX30UND,GENFAR,0.0,20.0,4.0,2025-11-07 16:09:46,16,11,Primavera
101038,DICLOFENACO 50MG TAB. LIB. RETARDADA CJAX30UND,GENFAR,0.0,2.0,0.4,2025-11-10 11:32:16,13,11,Primavera
101038,DICLOFENACO 50MG TAB. LIB. RETARDADA CJAX30UND,GENFAR,0.0,4.0,0.8,2025-11-13 09:02:08,3,11,Primavera
101038,DICLOFENACO 50MG TAB. LIB. RETARDADA CJAX30UND,GENFAR,0.0,10.0,2.0,2025-11-13 09:28:30,13,11,Primavera
101038,DICLOFENACO 50MG TAB. LIB. RETARDADA CJAX30UND,GENFAR,0.0,1.0,0.2,2025-11-13 10:05:48,3,11,Primavera
101038,DICLOFENACO 50MG TAB. LIB. RETARDADA CJAX30UND,GENFAR,0.0,5.0,1.0,2025-11-13 13:27:29,3,11,Primavera
101038,DICLOFENACO 50MG TAB. LIB. RETARDADA CJAX30UND,GENFAR,0.0,2.0,0.4,2025-11-13 21:40:08,9,11,Primavera
101038,DICLOFENACO 50MG TAB. LIB. RETARDADA CJAX30UND,GENFAR,0.0,10.0,2.0,2025-11-14 14:12:55,11,11,Primavera
101038,DICLOFENACO 50MG TAB. LIB. RETARDADA CJAX30UND,GENFAR,0.0,10.0,2.0,2025-11-15 08:57:52,12,11,Primavera
101038,DICLOFENACO 50MG TAB. LIB. RETARDADA CJAX30UND,GENFAR,0.0,10.0,2.0,2025-11-15 14:17:50,16,11,Primavera
101038,DICLOFENACO 50MG TAB. LIB. RETARDADA CJAX30UND,GENFAR,0.0,10.0,2.0,2025-11-15 14:21:55,16,11,Primavera
101038,DICLOFENACO 50MG TAB. LIB. RETARDADA CJAX30UND,GENFAR,0.0,2.0,0.4,2025-11-16 18:14:41,13,11,Primavera
101038,DICLOFENACO 50MG TAB. LIB. RETARDADA CJAX30UND,GENFAR,0.0,10.0,1.9,2025-11-21 19:37:53,1,11,Primavera
101038,DICLOFENACO 50MG TAB. LIB. RETARDADA CJAX30UND,GENFAR,0.0,10.0,2.0,2025-11-22 10:35:42,3,11,Primavera
101038,DICLOFENACO 50MG TAB. LIB. RETARDADA CJAX30UND,GENFAR,0.0,10.0,2.0,2025-11-22 18:21:07,1,11,Primavera
101038,DICLOFENACO 50MG TAB. LIB. RETARDADA CJAX30UND,GENFAR,0.0,15.0,3.0,2025-11-22 20:20:15,5,11,Primavera
101038,DICLOFENACO 50MG TAB. LIB. RETARDADA CJAX30UND,GENFAR,0.0,20.0,4.0,2025-11-23 18:46:48,7,11,Primavera
101038,DICLOFENACO 50MG TAB. LIB. RETARDADA CJAX30UND,GENFAR,0.0,20.0,4.0,2025-11-24 09:03:52,12,11,Primavera
101038,DICLOFENACO 50MG TAB. LIB. RETARDADA CJAX30UND,GENFAR,0.0,10.0,2.0,2025-11-24 18:52:50,5,11,Primavera
101038,DICLOFENACO 50MG TAB. LIB. RETARDADA CJAX30UND,GENFAR,0.0,10.0,2.0,2025-11-26 19:43:26,5,11,Primavera
101038,DICLOFENACO 50MG TAB. LIB. RETARDADA CJAX30UND,GENFAR,0.0,10.0,2.0,2025-11-27 13:00:36,5,11,Primavera
101038,DICLOFENACO 50MG TAB. LIB. RETARDADA CJAX30UND,GENFAR,0.0,1.0,0.2,2025-11-27 21:27:32,15,11,Primavera
101038,DICLOFENACO 50MG TAB. LIB. RETARDADA CJAX30UND,GENFAR,0.0,-1.0,-0.2,2025-11-27 21:31:07,15,11,Primavera
101038,DICLOFENACO 50MG TAB. LIB. RETARDADA CJAX30UND,GENFAR,0.0,10.0,2.0,2025-11-28 10:58:48,15,11,Primavera
101038,DICLOFENACO 50MG TAB. LIB. RETARDADA CJAX30UND,GENFAR,0.0,2.0,0.4,2025-11-28 22:06:20,13,11,Primavera
101038,DICLOFENACO 50MG TAB. LIB. RETARDADA CJAX30UND,GENFAR,0.0,10.0,2.0,2025-11-29 22:35:26,4,11,Primavera
101038,DICLOFENACO 50MG TAB. LIB. RETARDADA CJAX30UND,GENFAR,0.0,20.0,4.0,2025-11-30 12:58:42,7,11,Primavera
101038,DICLOFENACO 50MG TAB. LIB. RETARDADA CJAX30UND,GENFAR,0.0,10.0,2.0,2025-11-30 18:33:40,6,11,Primavera
101038,DICLOFENACO 50MG TAB. LIB. RETARDADA CJAX30UND,GENFAR,0.0,10.0,2.0,2025-11-30 19:16:23,1,11,Primavera
101038,DICLOFENACO 50MG TAB. LIB. RETARDADA CJAX30UND,GENFAR,0.0,10.0,2.0,2025-12-01 11:04:54,6,12,Verano
101038,DICLOFENACO 50MG TAB. LIB. RETARDADA CJAX30UND,GENFAR,0.0,10.0,2.0,2025-12-01 20:10:53,8,12,Verano
101038,DICLOFENACO 50MG TAB. LIB. RETARDADA CJAX30UND,GENFAR,0.0,20.0,4.0,2025-12-01 21:19:46,11,12,Verano
101038,DICLOFENACO 50MG TAB. LIB. RETARDADA CJAX30UND,GENFAR,0.0,10.0,2.0,2025-12-01 21:57:26,12,12,Verano
101038,DICLOFENACO 50MG TAB. LIB. RETARDADA CJAX30UND,GENFAR,0.0,10.0,2.0,2025-12-01 22:42:21,2,12,Verano
101038,DICLOFENACO 50MG TAB. LIB. RETARDADA CJAX30UND,GENFAR,0.0,10.0,2.0,2025-12-02 12:36:03,12,12,Verano
101038,DICLOFENACO 50MG TAB. LIB. RETARDADA CJAX30UND,GENFAR,0.0,10.0,2.0,2025-12-02 12:54:57,13,12,Verano
101038,DICLOFENACO 50MG TAB. LIB. RETARDADA CJAX30UND,GENFAR,0.0,10.0,2.0,2025-12-02 22:12:13,5,12,Verano
101038,DICLOFENACO 50MG TAB. LIB. RETARDADA CJAX30UND,GENFAR,0.0,30.0,6.0,2025-12-02 23:29:58,16,12,Verano
101038,DICLOFENACO 50MG TAB. LIB. RETARDADA CJAX30UND,GENFAR,0.0,10.0,2.0,2025-12-05 12:00:56,13,12,Verano
101038,DICLOFENACO 50MG TAB. LIB. RETARDADA CJAX30UND,GENFAR,0.0,6.0,1.2,2025-12-05 17:28:13,10,12,Verano
101038,DICLOFENACO 50MG TAB. LIB. RETARDADA CJAX30UND,GENFAR,0.0,-40.0,-4.0,2025-12-06 08:32:14,3,12,Verano
101038,DICLOFENACO 50MG TAB. LIB. RETARDADA CJAX30UND,GENFAR,0.0,20.0,4.0,2025-12-06 09:21:11,2,12,Verano
101038,DICLOFENACO 50MG TAB. LIB. RETARDADA CJAX30UND,GENFAR,0.0,40.0,4.0,2025-12-06 13:05:07,3,12,Verano
101038,DICLOFENACO 50MG TAB. LIB. RETARDADA CJAX30UND,GENFAR,0.0,20.0,4.0,2025-12-06 19:32:10,1,12,Verano
101038,DICLOFENACO 50MG TAB. LIB. RETARDADA CJAX30UND,GENFAR,0.0,1.0,0.2,2025-12-06 21:49:18,13,12,Verano
101038,DICLOFENACO 50MG TAB. LIB. RETARDADA CJAX30UND,GENFAR,0.0,10.0,2.0,2025-12-07 10:23:27,3,12,Verano
101038,DICLOFENACO 50MG TAB. LIB. RETARDADA CJAX30UND,GENFAR,0.0,10.0,2.0,2025-12-07 12:14:02,2,12,Verano
101038,DICLOFENACO 50MG TAB. LIB. RETARDADA CJAX30UND,GENFAR,0.0,30.0,6.0,2025-12-07 20:20:04,5,12,Verano
101038,DICLOFENACO 50MG TAB. LIB. RETARDADA CJAX30UND,GENFAR,0.0,10.0,2.0,2025-12-07 21:33:12,10,12,Verano
101038,DICLOFENACO 50MG TAB. LIB. RETARDADA CJAX30UND,GENFAR,0.0,10.0,2.0,2025-12-08 09:02:27,16,12,Verano
101038,DICLOFENACO 50MG TAB. LIB. RETARDADA CJAX30UND,GENFAR,0.0,10.0,2.0,2025-12-08 10:21:40,7,12,Verano
101038,DICLOFENACO 50MG TAB. LIB. RETARDADA CJAX30UND,GENFAR,0.0,10.0,2.0,2025-12-08 14:17:06,8,12,Verano
101038,DICLOFENACO 50MG TAB. LIB. RETARDADA CJAX30UND,GENFAR,0.0,10.0,2.0,2025-12-08 17:45:00,5,12,Verano
101038,DICLOFENACO 50MG TAB. LIB. RETARDADA CJAX30UND,GENFAR,0.0,10.0,2.0,2025-12-08 20:34:24,9,12,Verano
101038,DICLOFENACO 50MG TAB. LIB. RETARDADA CJAX30UND,GENFAR,0.0,5.0,1.0,2025-12-08 21:23:11,4,12,Verano
101038,DICLOFENACO 50MG TAB. LIB. RETARDADA CJAX30UND,GENFAR,0.0,10.0,2.0,2025-12-09 13:42:37,13,12,Verano
101038,DICLOFENACO 50MG TAB. LIB. RETARDADA CJAX30UND,GENFAR,0.0,10.0,2.0,2025-12-10 18:36:23,11,12,Verano
101038,DICLOFENACO 50MG TAB. LIB. RETARDADA CJAX30UND,GENFAR,0.0,10.0,2.0,2025-12-10 22:45:59,2,12,Verano
101038,DICLOFENACO 50MG TAB. LIB. RETARDADA CJAX30UND,GENFAR,0.0,1.0,0.2,2025-12-11 18:04:24,2,12,Verano
101038,DICLOFENACO 50MG TAB. LIB. RETARDADA CJAX30UND,GENFAR,0.0,10.0,2.0,2025-12-11 18:51:09,11,12,Verano
101038,DICLOFENACO 50MG TAB. LIB. RETARDADA CJAX30UND,GENFAR,0.0,10.0,2.0,2025-12-11 20:14:51,1,12,Verano
101038,DICLOFENACO 50MG TAB. LIB. RETARDADA CJAX30UND,GENFAR,0.0,10.0,2.0,2025-12-12 16:17:59,4,12,Verano
101038,DICLOFENACO 50MG TAB. LIB. RETARDADA CJAX30UND,GENFAR,0.0,10.0,2.0,2025-12-12 17:13:07,2,12,Verano
101038,DICLOFENACO 50MG TAB. LIB. RETARDADA CJAX30UND,GENFAR,0.0,10.0,2.0,2025-12-12 18:14:04,13,12,Verano
101038,DICLOFENACO 50MG TAB. LIB. RETARDADA CJAX30UND,GENFAR,0.0,10.0,2.0,2025-12-12 20:09:37,1,12,Verano
101038,DICLOFENACO 50MG TAB. LIB. RETARDADA CJAX30UND,GENFAR,0.0,10.0,2.0,2025-12-12 21:51:12,16,12,Verano
101038,DICLOFENACO 50MG TAB. LIB. RETARDADA CJAX30UND,GENFAR,0.0,10.0,2.0,2025-12-13 09:37:16,14,12,Verano
101038,DICLOFENACO 50MG TAB. LIB. RETARDADA CJAX30UND,GENFAR,0.0,10.0,2.0,2025-12-13 10:41:05,5,12,Verano
101038,DICLOFENACO 50MG TAB. LIB. RETARDADA CJAX30UND,GENFAR,0.0,20.0,4.0,2025-12-15 21:08:52,16,12,Verano
101038,DICLOFENACO 50MG TAB. LIB. RETARDADA CJAX30UND,GENFAR,0.0,10.0,2.0,2025-12-16 08:50:02,13,12,Verano
101038,DICLOFENACO 50MG TAB. LIB. RETARDADA CJAX30UND,GENFAR,0.0,10.0,2.0,2025-12-16 09:28:50,9,12,Verano
101038,DICLOFENACO 50MG TAB. LIB. RETARDADA CJAX30UND,GENFAR,0.0,10.0,2.0,2025-12-17 09:08:13,5,12,Verano
101038,DICLOFENACO 50MG TAB. LIB. RETARDADA CJAX30UND,GENFAR,0.0,10.0,2.0,2025-12-17 09:32:28,1,12,Verano
101038,DICLOFENACO 50MG TAB. LIB. RETARDADA CJAX30UND,GENFAR,1.0,0.0,6.0,2025-12-17 21:32:49,1,12,Verano
101038,DICLOFENACO 50MG TAB. LIB. RETARDADA CJAX30UND,GENFAR,0.0,-40.0,-4.0,2025-12-18 11:47:14,3,12,Verano
101038,DICLOFENACO 50MG TAB. LIB. RETARDADA CJAX30UND,GENFAR,0.0,40.0,4.0,2025-12-18 12:16:31,3,12,Verano
101038,DICLOFENACO 50MG TAB. LIB. RETARDADA CJAX30UND,GENFAR,0.0,40.0,8.0,2025-12-18 12:52:57,9,12,Verano
101038,DICLOFENACO 50MG TAB. LIB. RETARDADA CJAX30UND,GENFAR,0.0,10.0,2.0,2025-12-18 19:19:01,11,12,Verano
101038,DICLOFENACO 50MG TAB. LIB. RETARDADA CJAX30UND,GENFAR,0.0,20.0,4.0,2025-12-19 11:46:20,2,12,Verano
101038,DICLOFENACO 50MG TAB. LIB. RETARDADA CJAX30UND,GENFAR,0.0,5.0,1.0,2025-12-19 18:37:03,10,12,Verano
101038,DICLOFENACO 50MG TAB. LIB. RETARDADA CJAX30UND,GENFAR,0.0,10.0,2.0,2025-12-20 16:04:59,1,12,Verano
101038,DICLOFENACO 50MG TAB. LIB. RETARDADA CJAX30UND,GENFAR,0.0,20.0,4.0,2025-12-21 10:33:25,5,12,Verano
101038,DICLOFENACO 50MG TAB. LIB. RETARDADA CJAX30UND,GENFAR,0.0,10.0,2.0,2025-12-21 11:54:42,2,12,Verano
101038,DICLOFENACO 50MG TAB. LIB. RETARDADA CJAX30UND,GENFAR,0.0,10.0,2.0,2025-12-21 14:30:00,3,12,Verano
101038,DICLOFENACO 50MG TAB. LIB. RETARDADA CJAX30UND,GENFAR,0.0,10.0,2.0,2025-12-21 20:53:17,12,12,Verano
101038,DICLOFENACO 50MG TAB. LIB. RETARDADA CJAX30UND,GENFAR,0.0,10.0,2.0,2025-12-22 10:15:26,6,12,Verano
101038,DICLOFENACO 50MG TAB. LIB. RETARDADA CJAX30UND,GENFAR,0.0,10.0,2.0,2025-12-22 18:34:16,1,12,Verano
101038,DICLOFENACO 50MG TAB. LIB. RETARDADA CJAX30UND,GENFAR,0.0,10.0,2.0,2025-12-22 21:46:35,2,12,Verano
101038,DICLOFENACO 50MG TAB. LIB. RETARDADA CJAX30UND,GENFAR,0.0,1.0,0.2,2025-12-23 15:47:10,13,12,Verano
101038,DICLOFENACO 50MG TAB. LIB. RETARDADA CJAX30UND,GENFAR,0.0,10.0,2.0,2025-12-23 18:11:54,2,12,Verano
101038,DICLOFENACO 50MG TAB. LIB. RETARDADA CJAX30UND,GENFAR,0.0,10.0,2.0,2025-12-23 19:02:46,9,12,Verano
101038,DICLOFENACO 50MG TAB. LIB. RETARDADA CJAX30UND,GENFAR,0.0,2.0,0.4,2025-12-23 19:06:51,13,12,Verano
101038,DICLOFENACO 50MG TAB. LIB. RETARDADA CJAX30UND,GENFAR,0.0,10.0,2.0,2025-12-23 22:29:54,1,12,Verano
101038,DICLOFENACO 50MG TAB. LIB. RETARDADA CJAX30UND,GENFAR,0.0,1.0,0.2,2025-12-24 09:05:57,13,12,Verano
101038,DICLOFENACO 50MG TAB. LIB. RETARDADA CJAX30UND,GENFAR,0.0,3.0,0.6,2025-12-24 11:31:28,18,12,Verano
101038,DICLOFENACO 50MG TAB. LIB. RETARDADA CJAX30UND,GENFAR,0.0,10.0,2.0,2025-12-24 13:23:28,12,12,Verano
101038,DICLOFENACO 50MG TAB. LIB. RETARDADA CJAX30UND,GENFAR,0.0,10.0,2.0,2025-12-24 14:03:11,1,12,Verano
101038,DICLOFENACO 50MG TAB. LIB. RETARDADA CJAX30UND,GENFAR,0.0,10.0,2.0,2025-12-24 20:15:35,2,12,Verano
101038,DICLOFENACO 50MG TAB. LIB. RETARDADA CJAX30UND,GENFAR,0.0,30.0,6.0,2025-12-25 18:12:50,5,12,Verano
101038,DICLOFENACO 50MG TAB. LIB. RETARDADA CJAX30UND,GENFAR,0.0,10.0,2.0,2025-12-26 08:17:46,9,12,Verano
101038,DICLOFENACO 50MG TAB. LIB. RETARDADA CJAX30UND,GENFAR,0.0,4.0,0.8,2025-12-26 11:33:10,13,12,Verano
101038,DICLOFENACO 50MG TAB. LIB. RETARDADA CJAX30UND,GENFAR,0.0,10.0,2.0,2025-12-26 12:30:22,11,12,Verano
101038,DICLOFENACO 50MG TAB. LIB. RETARDADA CJAX30UND,GENFAR,0.0,10.0,2.0,2025-12-26 19:03:18,5,12,Verano
101038,DICLOFENACO 50MG TAB. LIB. RETARDADA CJAX30UND,GENFAR,0.0,10.0,2.0,2025-12-26 21:14:38,6,12,Verano
101038,DICLOFENACO 50MG TAB. LIB. RETARDADA CJAX30UND,GENFAR,0.0,20.0,4.0,2025-12-27 10:31:38,1,12,Verano
101038,DICLOFENACO 50MG TAB. LIB. RETARDADA CJAX30UND,GENFAR,0.0,20.0,4.0,2025-12-27 20:13:32,8,12,Verano
101038,DICLOFENACO 50MG TAB. LIB. RETARDADA CJAX30UND,GENFAR,0.0,10.0,2.0,2025-12-28 08:09:14,14,12,Verano
101038,DICLOFENACO 50MG TAB. LIB. RETARDADA CJAX30UND,GENFAR,0.0,10.0,1.9,2025-12-28 10:44:51,6,12,Verano
101038,DICLOFENACO 50MG TAB. LIB. RETARDADA CJAX30UND,GENFAR,0.0,20.0,4.0,2025-12-28 11:51:35,2,12,Verano
101038,DICLOFENACO 50MG TAB. LIB. RETARDADA CJAX30UND,GENFAR,0.0,10.0,2.0,2025-12-28 12:31:57,11,12,Verano
101038,DICLOFENACO 50MG TAB. LIB. RETARDADA CJAX30UND,GENFAR,0.0,10.0,2.0,2025-12-28 12:57:27,9,12,Verano
101038,DICLOFENACO 50MG TAB. LIB. RETARDADA CJAX30UND,GENFAR,0.0,10.0,2.0,2025-12-28 14:50:35,8,12,Verano
101038,DICLOFENACO 50MG TAB. LIB. RETARDADA CJAX30UND,GENFAR,0.0,10.0,2.0,2025-12-28 18:33:06,16,12,Verano
101038,DICLOFENACO 50MG TAB. LIB. RETARDADA CJAX30UND,GENFAR,0.0,10.0,2.0,2025-12-28 19:33:47,3,12,Verano
101038,DICLOFENACO 50MG TAB. LIB. RETARDADA CJAX30UND,GENFAR,0.0,20.0,4.0,2025-12-28 22:27:20,7,12,Verano
101038,DICLOFENACO 50MG TAB. LIB. RETARDADA CJAX30UND,GENFAR,0.0,1.0,0.2,2025-12-29 18:46:30,14,12,Verano
101038,DICLOFENACO 50MG TAB. LIB. RETARDADA CJAX30UND,GENFAR,0.0,10.0,2.0,2025-12-29 20:38:22,4,12,Verano
101038,DICLOFENACO 50MG TAB. LIB. RETARDADA CJAX30UND,GENFAR,0.0,10.0,2.0,2025-12-29 21:05:41,2,12,Verano
101038,DICLOFENACO 50MG TAB. LIB. RETARDADA CJAX30UND,GENFAR,0.0,5.0,1.0,2025-12-30 17:14:25,14,12,Verano
101038,DICLOFENACO 50MG TAB. LIB. RETARDADA CJAX30UND,GENFAR,0.0,10.0,2.0,2025-12-30 19:52:49,9,12,Verano
101038,DICLOFENACO 50MG TAB. LIB. RETARDADA CJAX30UND,GENFAR,0.0,10.0,2.0,2025-12-31 13:05:15,11,12,Verano
101038,DICLOFENACO 50MG TAB. LIB. RETARDADA CJAX30UND,GENFAR,0.0,10.0,2.0,2025-12-31 15:37:14,5,12,Verano
101038,DICLOFENACO 50MG TAB. LIB. RETARDADA CJAX30UND,GENFAR,0.0,20.0,4.0,2026-01-01 13:23:44,4,1,Verano
101038,DICLOFENACO 50MG TAB. LIB. RETARDADA CJAX30UND,GENFAR,0.0,1.0,0.2,2026-01-01 13:42:01,13,1,Verano
101038,DICLOFENACO 50MG TAB. LIB. RETARDADA CJAX30UND,GENFAR,0.0,1.0,0.19,2026-01-01 19:19:09,13,1,Verano
101038,DICLOFENACO 50MG TAB. LIB. RETARDADA CJAX30UND,GENFAR,0.0,1.0,0.2,2026-01-01 21:14:54,13,1,Verano
101038,DICLOFENACO 50MG TAB. LIB. RETARDADA CJAX30UND,GENFAR,0.0,10.0,2.0,2026-01-02 19:52:43,13,1,Verano
101038,DICLOFENACO 50MG TAB. LIB. RETARDADA CJAX30UND,GENFAR,1.0,0.0,6.0,2026-01-02 20:24:04,2,1,Verano
101038,DICLOFENACO 50MG TAB. LIB. RETARDADA CJAX30UND,GENFAR,0.0,5.0,1.0,2026-01-03 10:23:58,2,1,Verano
101038,DICLOFENACO 50MG TAB. LIB. RETARDADA CJAX30UND,GENFAR,0.0,10.0,2.0,2026-01-04 15:25:58,2,1,Verano
101038,DICLOFENACO 50MG TAB. LIB. RETARDADA CJAX30UND,GENFAR,0.0,10.0,2.0,2026-01-05 13:45:29,2,1,Verano
101038,DICLOFENACO 50MG TAB. LIB. RETARDADA CJAX30UND,GENFAR,0.0,20.0,4.0,2026-01-05 20:02:11,8,1,Verano
101038,DICLOFENACO 50MG TAB. LIB. RETARDADA CJAX30UND,GENFAR,0.0,10.0,2.0,2026-01-06 13:55:40,5,1,Verano
101038,DICLOFENACO 50MG TAB. LIB. RETARDADA CJAX30UND,GENFAR,0.0,20.0,4.0,2026-01-06 15:03:30,11,1,Verano
101038,DICLOFENACO 50MG TAB. LIB. RETARDADA CJAX30UND,GENFAR,0.0,3.0,0.6,2026-01-06 21:46:28,5,1,Verano
101038,DICLOFENACO 50MG TAB. LIB. RETARDADA CJAX30UND,GENFAR,0.0,20.0,4.0,2026-01-07 10:59:09,18,1,Verano
101038,DICLOFENACO 50MG TAB. LIB. RETARDADA CJAX30UND,GENFAR,0.0,10.0,2.0,2026-01-07 20:56:39,8,1,Verano
101038,DICLOFENACO 50MG TAB. LIB. RETARDADA CJAX30UND,GENFAR,0.0,10.0,2.0,2026-01-07 22:23:14,6,1,Verano
101038,DICLOFENACO 50MG TAB. LIB. RETARDADA CJAX30UND,GENFAR,0.0,10.0,2.0,2026-01-07 23:19:47,5,1,Verano
101038,DICLOFENACO 50MG TAB. LIB. RETARDADA CJAX30UND,GENFAR,0.0,10.0,2.0,2026-01-08 09:39:16,13,1,Verano
101038,DICLOFENACO 50MG TAB. LIB. RETARDADA CJAX30UND,GENFAR,0.0,10.0,2.0,2026-01-10 11:20:25,13,1,Verano
101038,DICLOFENACO 50MG TAB. LIB. RETARDADA CJAX30UND,GENFAR,0.0,10.0,2.0,2026-01-10 15:41:37,1,1,Verano
101038,DICLOFENACO 50MG TAB. LIB. RETARDADA CJAX30UND,GENFAR,0.0,10.0,2.0,2026-01-10 18:26:33,3,1,Verano
101038,DICLOFENACO 50MG TAB. LIB. RETARDADA CJAX30UND,GENFAR,0.0,10.0,2.0,2026-01-10 19:41:05,4,1,Verano
101038,DICLOFENACO 50MG TAB. LIB. RETARDADA CJAX30UND,GENFAR,1.0,0.0,6.0,2026-01-11 19:20:20,2,1,Verano
101038,DICLOFENACO 50MG TAB. LIB. RETARDADA CJAX30UND,GENFAR,0.0,10.0,2.0,2026-01-12 11:59:06,7,1,Verano
101038,DICLOFENACO 50MG TAB. LIB. RETARDADA CJAX30UND,GENFAR,0.0,10.0,2.0,2026-01-12 12:28:41,5,1,Verano
101038,DICLOFENACO 50MG TAB. LIB. RETARDADA CJAX30UND,GENFAR,0.0,10.0,2.0,2026-01-12 13:58:35,18,1,Verano
101038,DICLOFENACO 50MG TAB. LIB. RETARDADA CJAX30UND,GENFAR,0.0,10.0,1.9,2026-01-12 19:51:47,10,1,Verano
101038,DICLOFENACO 50MG TAB. LIB. RETARDADA CJAX30UND,GENFAR,0.0,-10.0,-1.9,2026-01-12 20:06:36,10,1,Verano
101038,DICLOFENACO 50MG TAB. LIB. RETARDADA CJAX30UND,GENFAR,0.0,10.0,1.9,2026-01-12 20:09:50,10,1,Verano
101038,DICLOFENACO 50MG TAB. LIB. RETARDADA CJAX30UND,GENFAR,0.0,10.0,2.0,2026-01-13 17:10:15,7,1,Verano
101038,DICLOFENACO 50MG TAB. LIB. RETARDADA CJAX30UND,GENFAR,0.0,10.0,2.0,2026-01-13 19:27:40,2,1,Verano
101038,DICLOFENACO 50MG TAB. LIB. RETARDADA CJAX30UND,GENFAR,0.0,10.0,2.0,2026-01-13 20:48:36,1,1,Verano
101038,DICLOFENACO 50MG TAB. LIB. RETARDADA CJAX30UND,GENFAR,0.0,20.0,4.0,2026-01-14 20:20:08,8,1,Verano
101038,DICLOFENACO 50MG TAB. LIB. RETARDADA CJAX30UND,GENFAR,0.0,1.0,0.2,2026-01-14 22:39:09,13,1,Verano
101038,DICLOFENACO 50MG TAB. LIB. RETARDADA CJAX30UND,GENFAR,0.0,10.0,2.0,2026-01-14 22:51:32,15,1,Verano
101038,DICLOFENACO 50MG TAB. LIB. RETARDADA CJAX30UND,GENFAR,0.0,10.0,2.0,2026-01-15 12:07:58,3,1,Verano
101038,DICLOFENACO 50MG TAB. LIB. RETARDADA CJAX30UND,GENFAR,0.0,-10.0,-2.0,2026-01-15 13:22:14,3,1,Verano
101038,DICLOFENACO 50MG TAB. LIB. RETARDADA CJAX30UND,GENFAR,0.0,10.0,2.0,2026-01-15 13:34:08,3,1,Verano
101038,DICLOFENACO 50MG TAB. LIB. RETARDADA CJAX30UND,GENFAR,0.0,10.0,2.0,2026-01-15 14:28:15,11,1,Verano
101038,DICLOFENACO 50MG TAB. LIB. RETARDADA CJAX30UND,GENFAR,0.0,10.0,2.0,2026-01-16 07:57:47,9,1,Verano
101038,DICLOFENACO 50MG TAB. LIB. RETARDADA CJAX30UND,GENFAR,0.0,10.0,2.0,2026-01-16 12:14:42,3,1,Verano
101038,DICLOFENACO 50MG TAB. LIB. RETARDADA CJAX30UND,GENFAR,0.0,10.0,2.0,2026-01-16 15:34:53,17,1,Verano
101038,DICLOFENACO 50MG TAB. LIB. RETARDADA CJAX30UND,GENFAR,0.0,2.0,0.4,2026-01-16 15:38:45,13,1,Verano
101038,DICLOFENACO 50MG TAB. LIB. RETARDADA CJAX30UND,GENFAR,0.0,10.0,2.0,2026-01-19 20:33:28,15,1,Verano
101038,DICLOFENACO 50MG TAB. LIB. RETARDADA CJAX30UND,GENFAR,0.0,10.0,2.0,2026-01-19 23:32:32,16,1,Verano
101038,DICLOFENACO 50MG TAB. LIB. RETARDADA CJAX30UND,GENFAR,0.0,10.0,2.0,2026-01-20 20:00:54,10,1,Verano
101038,DICLOFENACO 50MG TAB. LIB. RETARDADA CJAX30UND,GENFAR,0.0,10.0,2.0,2026-01-20 22:19:31,16,1,Verano
101038,DICLOFENACO 50MG TAB. LIB. RETARDADA CJAX30UND,GENFAR,0.0,10.0,2.0,2026-01-21 09:12:21,7,1,Verano
101038,DICLOFENACO 50MG TAB. LIB. RETARDADA CJAX30UND,GENFAR,0.0,10.0,2.0,2026-01-21 09:59:40,5,1,Verano
101038,DICLOFENACO 50MG TAB. LIB. RETARDADA CJAX30UND,GENFAR,0.0,3.0,0.6,2026-01-21 15:00:57,3,1,Verano
101038,DICLOFENACO 50MG TAB. LIB. RETARDADA CJAX30UND,GENFAR,0.0,10.0,2.0,2026-01-21 16:20:30,6,1,Verano
101038,DICLOFENACO 50MG TAB. LIB. RETARDADA CJAX30UND,GENFAR,0.0,10.0,2.0,2026-01-21 17:28:37,2,1,Verano
101038,DICLOFENACO 50MG TAB. LIB. RETARDADA CJAX30UND,GENFAR,0.0,10.0,2.0,2026-01-21 20:50:45,4,1,Verano
101038,DICLOFENACO 50MG TAB. LIB. RETARDADA CJAX30UND,GENFAR,0.0,10.0,2.0,2026-01-21 20:52:55,12,1,Verano
101038,DICLOFENACO 50MG TAB. LIB. RETARDADA CJAX30UND,GENFAR,0.0,20.0,4.0,2026-01-22 15:02:21,2,1,Verano
101038,DICLOFENACO 50MG TAB. LIB. RETARDADA CJAX30UND,GENFAR,0.0,10.0,2.0,2026-01-22 16:37:27,1,1,Verano
101038,DICLOFENACO 50MG TAB. LIB. RETARDADA CJAX30UND,GENFAR,0.0,1.0,0.2,2026-01-22 18:51:29,9,1,Verano
101038,DICLOFENACO 50MG TAB. LIB. RETARDADA CJAX30UND,GENFAR,0.0,1.0,0.2,2026-01-23 15:43:16,13,1,Verano
101038,DICLOFENACO 50MG TAB. LIB. RETARDADA CJAX30UND,GENFAR,0.0,4.0,0.76,2026-01-23 16:18:31,10,1,Verano
101038,DICLOFENACO 50MG TAB. LIB. RETARDADA CJAX30UND,GENFAR,0.0,10.0,2.0,2026-01-23 19:41:54,18,1,Verano
101038,DICLOFENACO 50MG TAB. LIB. RETARDADA CJAX30UND,GENFAR,0.0,20.0,4.0,2026-01-24 20:26:27,8,1,Verano
101038,DICLOFENACO 50MG TAB. LIB. RETARDADA CJAX30UND,GENFAR,0.0,10.0,2.0,2026-01-24 20:40:18,10,1,Verano
101038,DICLOFENACO 50MG TAB. LIB. RETARDADA CJAX30UND,GENFAR,0.0,10.0,2.0,2026-01-24 22:03:36,12,1,Verano
101038,DICLOFENACO 50MG TAB. LIB. RETARDADA CJAX30UND,GENFAR,0.0,1.0,0.2,2026-01-24 22:06:15,12,1,Verano
101038,DICLOFENACO 50MG TAB. LIB. RETARDADA CJAX30UND,GENFAR,0.0,10.0,2.0,2026-01-26 13:35:32,7,1,Verano
101038,DICLOFENACO 50MG TAB. LIB. RETARDADA CJAX30UND,GENFAR,0.0,10.0,2.0,2026-01-26 18:50:24,5,1,Verano
101038,DICLOFENACO 50MG TAB. LIB. RETARDADA CJAX30UND,GENFAR,0.0,4.0,0.8,2026-01-26 21:36:21,10,1,Verano
101038,DICLOFENACO 50MG TAB. LIB. RETARDADA CJAX30UND,GENFAR,0.0,10.0,2.0,2026-01-27 12:08:58,1,1,Verano
101038,DICLOFENACO 50MG TAB. LIB. RETARDADA CJAX30UND,GENFAR,0.0,20.0,4.0,2026-01-27 14:27:20,5,1,Verano
101038,DICLOFENACO 50MG TAB. LIB. RETARDADA CJAX30UND,GENFAR,0.0,2.0,0.4,2026-01-27 14:31:51,18,1,Verano
101038,DICLOFENACO 50MG TAB. LIB. RETARDADA CJAX30UND,GENFAR,0.0,10.0,2.0,2026-01-27 17:26:53,7,1,Verano
101038,DICLOFENACO 50MG TAB. LIB. RETARDADA CJAX30UND,GENFAR,0.0,10.0,2.0,2026-01-27 19:50:41,4,1,Verano
101038,DICLOFENACO 50MG TAB. LIB. RETARDADA CJAX30UND,GENFAR,0.0,4.0,0.8,2026-01-27 20:27:20,3,1,Verano
101038,DICLOFENACO 50MG TAB. LIB. RETARDADA CJAX30UND,GENFAR,0.0,10.0,2.0,2026-01-28 13:56:12,3,1,Verano
101038,DICLOFENACO 50MG TAB. LIB. RETARDADA CJAX30UND,GENFAR,0.0,20.0,4.0,2026-01-28 21:06:16,3,1,Verano
101038,DICLOFENACO 50MG TAB. LIB. RETARDADA CJAX30UND,GENFAR,0.0,10.0,2.0,2026-01-28 21:25:23,16,1,Verano
101038,DICLOFENACO 50MG TAB. LIB. RETARDADA CJAX30UND,GENFAR,0.0,2.0,0.4,2026-01-28 22:24:24,10,1,Verano
101038,DICLOFENACO 50MG TAB. LIB. RETARDADA CJAX30UND,GENFAR,0.0,20.0,4.0,2026-01-29 19:37:10,5,1,Verano
101038,DICLOFENACO 50MG TAB. LIB. RETARDADA CJAX30UND,GENFAR,0.0,10.0,2.0,2026-01-29 19:37:50,9,1,Verano
101038,DICLOFENACO 50MG TAB. LIB. RETARDADA CJAX30UND,GENFAR,0.0,3.0,0.6,2026-01-29 22:19:22,12,1,Verano
101038,DICLOFENACO 50MG TAB. LIB. RETARDADA CJAX30UND,GENFAR,0.0,8.0,1.6,2026-01-30 13:01:20,1,1,Verano
101038,DICLOFENACO 50MG TAB. LIB. RETARDADA CJAX30UND,GENFAR,0.0,10.0,2.0,2026-01-30 21:57:31,7,1,Verano
101038,DICLOFENACO 50MG TAB. LIB. RETARDADA CJAX30UND,GENFAR,0.0,10.0,2.0,2026-01-31 10:05:49,6,1,Verano
101038,DICLOFENACO 50MG TAB. LIB. RETARDADA CJAX30UND,GENFAR,0.0,10.0,2.0,2026-01-31 13:18:22,7,1,Verano
101038,DICLOFENACO 50MG TAB. LIB. RETARDADA CJAX30UND,GENFAR,0.0,10.0,2.0,2026-01-31 13:41:29,7,1,Verano
101038,DICLOFENACO 50MG TAB. LIB. RETARDADA CJAX30UND,GENFAR,0.0,2.0,0.4,2026-01-31 14:51:40,12,1,Verano
101038,DICLOFENACO 50MG TAB. LIB. RETARDADA CJAX30UND,GENFAR,0.0,10.0,2.0,2026-01-31 16:38:28,2,1,Verano
101038,DICLOFENACO 50MG TAB. LIB. RETARDADA CJAX30UND,GENFAR,0.0,10.0,2.0,2026-01-31 20:38:59,9,1,Verano
101038,DICLOFENACO 50MG TAB. LIB. RETARDADA CJAX30UND,GENFAR,0.0,10.0,2.0,2026-02-01 14:10:50,11,2,Verano
101038,DICLOFENACO 50MG TAB. LIB. RETARDADA CJAX30UND,GENFAR,0.0,10.0,2.0,2026-02-01 18:25:26,15,2,Verano
101038,DICLOFENACO 50MG TAB. LIB. RETARDADA CJAX30UND,GENFAR,0.0,20.0,4.0,2026-02-01 21:22:59,6,2,Verano
101038,DICLOFENACO 50MG TAB. LIB. RETARDADA CJAX30UND,GENFAR,0.0,10.0,2.0,2026-02-01 22:11:25,6,2,Verano
101038,DICLOFENACO 50MG TAB. LIB. RETARDADA CJAX30UND,GENFAR,0.0,10.0,2.0,2026-02-02 10:54:39,9,2,Verano
101038,DICLOFENACO 50MG TAB. LIB. RETARDADA CJAX30UND,GENFAR,0.0,4.0,0.8,2026-02-03 09:27:17,12,2,Verano
101038,DICLOFENACO 50MG TAB. LIB. RETARDADA CJAX30UND,GENFAR,0.0,10.0,2.0,2026-02-03 09:43:15,17,2,Verano
101038,DICLOFENACO 50MG TAB. LIB. RETARDADA CJAX30UND,GENFAR,0.0,10.0,2.0,2026-02-03 14:50:53,15,2,Verano
101038,DICLOFENACO 50MG TAB. LIB. RETARDADA CJAX30UND,GENFAR,0.0,10.0,2.0,2026-02-04 09:51:47,1,2,Verano
101038,DICLOFENACO 50MG TAB. LIB. RETARDADA CJAX30UND,GENFAR,0.0,5.0,1.0,2026-02-04 10:34:53,14,2,Verano
101038,DICLOFENACO 50MG TAB. LIB. RETARDADA CJAX30UND,GENFAR,0.0,10.0,2.0,2026-02-04 11:07:26,7,2,Verano
101038,DICLOFENACO 50MG TAB. LIB. RETARDADA CJAX30UND,GENFAR,0.0,10.0,2.0,2026-02-04 20:31:28,3,2,Verano
101038,DICLOFENACO 50MG TAB. LIB. RETARDADA CJAX30UND,GENFAR,0.0,10.0,2.0,2026-02-05 19:40:31,7,2,Verano
101038,DICLOFENACO 50MG TAB. LIB. RETARDADA CJAX30UND,GENFAR,0.0,10.0,2.0,2026-02-05 19:59:51,7,2,Verano
101038,DICLOFENACO 50MG TAB. LIB. RETARDADA CJAX30UND,GENFAR,0.0,10.0,2.0,2026-02-05 21:22:51,11,2,Verano
101038,DICLOFENACO 50MG TAB. LIB. RETARDADA CJAX30UND,GENFAR,0.0,10.0,2.0,2026-02-05 21:57:04,2,2,Verano
101038,DICLOFENACO 50MG TAB. LIB. RETARDADA CJAX30UND,GENFAR,0.0,30.0,6.0,2026-02-06 09:45:59,4,2,Verano
101038,DICLOFENACO 50MG TAB. LIB. RETARDADA CJAX30UND,GENFAR,0.0,20.0,4.0,2026-02-06 19:37:14,9,2,Verano
101038,DICLOFENACO 50MG TAB. LIB. RETARDADA CJAX30UND,GENFAR,0.0,10.0,2.0,2026-02-06 21:32:26,3,2,Verano
101038,DICLOFENACO 50MG TAB. LIB. RETARDADA CJAX30UND,GENFAR,0.0,10.0,2.0,2026-02-06 22:31:08,6,2,Verano
101038,DICLOFENACO 50MG TAB. LIB. RETARDADA CJAX30UND,GENFAR,0.0,20.0,4.0,2026-02-07 23:30:52,10,2,Verano
101038,DICLOFENACO 50MG TAB. LIB. RETARDADA CJAX30UND,GENFAR,0.0,10.0,2.0,2026-02-08 11:35:40,11,2,Verano
101038,DICLOFENACO 50MG TAB. LIB. RETARDADA CJAX30UND,GENFAR,0.0,10.0,2.0,2026-02-08 22:43:44,4,2,Verano
101038,DICLOFENACO 50MG TAB. LIB. RETARDADA CJAX30UND,GENFAR,1.0,0.0,5.7,2026-02-09 14:48:52,6,2,Verano
101038,DICLOFENACO 50MG TAB. LIB. RETARDADA CJAX30UND,GENFAR,0.0,10.0,2.0,2026-02-09 17:10:02,5,2,Verano
101038,DICLOFENACO 50MG TAB. LIB. RETARDADA CJAX30UND,GENFAR,0.0,10.0,2.0,2026-02-10 16:39:31,3,2,Verano
101038,DICLOFENACO 50MG TAB. LIB. RETARDADA CJAX30UND,GENFAR,0.0,10.0,2.0,2026-02-10 22:04:59,9,2,Verano
101038,DICLOFENACO 50MG TAB. LIB. RETARDADA CJAX30UND,GENFAR,0.0,1.0,0.2,2026-02-11 14:16:40,17,2,Verano
101038,DICLOFENACO 50MG TAB. LIB. RETARDADA CJAX30UND,GENFAR,0.0,10.0,2.0,2026-02-11 19:53:10,9,2,Verano
101038,DICLOFENACO 50MG TAB. LIB. RETARDADA CJAX30UND,GENFAR,0.0,10.0,2.0,2026-02-11 22:12:33,16,2,Verano
101038,DICLOFENACO 50MG TAB. LIB. RETARDADA CJAX30UND,GENFAR,0.0,10.0,2.0,2026-02-12 12:01:36,10,2,Verano
101038,DICLOFENACO 50MG TAB. LIB. RETARDADA CJAX30UND,GENFAR,0.0,10.0,2.0,2026-02-14 13:10:47,14,2,Verano
101038,DICLOFENACO 50MG TAB. LIB. RETARDADA CJAX30UND,GENFAR,0.0,10.0,2.0,2026-02-15 15:28:17,14,2,Verano
101038,DICLOFENACO 50MG TAB. LIB. RETARDADA CJAX30UND,GENFAR,0.0,10.0,2.0,2026-02-16 11:02:30,9,2,Verano
101038,DICLOFENACO 50MG TAB. LIB. RETARDADA CJAX30UND,GENFAR,0.0,5.0,0.95,2026-02-17 14:48:48,1,2,Verano
101038,DICLOFENACO 50MG TAB. LIB. RETARDADA CJAX30UND,GENFAR,0.0,10.0,2.0,2026-02-18 17:29:32,6,2,Verano
101038,DICLOFENACO 50MG TAB. LIB. RETARDADA CJAX30UND,GENFAR,0.0,10.0,2.0,2026-02-19 08:31:30,2,2,Verano
101038,DICLOFENACO 50MG TAB. LIB. RETARDADA CJAX30UND,GENFAR,0.0,-10.0,-2.0,2026-02-19 08:36:39,2,2,Verano
101038,DICLOFENACO 50MG TAB. LIB. RETARDADA CJAX30UND,GENFAR,0.0,10.0,2.0,2026-02-19 08:37:14,2,2,Verano
101038,DICLOFENACO 50MG TAB. LIB. RETARDADA CJAX30UND,GENFAR,0.0,5.0,1.0,2026-02-19 11:47:16,19,2,Verano
101038,DICLOFENACO 50MG TAB. LIB. RETARDADA CJAX30UND,GENFAR,0.0,9.0,1.8,2026-02-19 13:25:39,4,2,Verano
101038,DICLOFENACO 50MG TAB. LIB. RETARDADA CJAX30UND,GENFAR,0.0,10.0,2.0,2026-02-19 18:53:10,6,2,Verano
101038,DICLOFENACO 50MG TAB. LIB. RETARDADA CJAX30UND,GENFAR,0.0,10.0,2.0,2026-02-19 19:39:41,5,2,Verano
101038,DICLOFENACO 50MG TAB. LIB. RETARDADA CJAX30UND,GENFAR,0.0,10.0,2.0,2026-02-19 20:06:34,5,2,Verano
101038,DICLOFENACO 50MG TAB. LIB. RETARDADA CJAX30UND,GENFAR,0.0,10.0,2.0,2026-02-19 20:47:22,2,2,Verano
101038,DICLOFENACO 50MG TAB. LIB. RETARDADA CJAX30UND,GENFAR,0.0,10.0,2.0,2026-02-19 21:24:08,9,2,Verano
101038,DICLOFENACO 50MG TAB. LIB. RETARDADA CJAX30UND,GENFAR,0.0,10.0,2.0,2026-02-20 19:02:25,15,2,Verano
101038,DICLOFENACO 50MG TAB. LIB. RETARDADA CJAX30UND,GENFAR,0.0,25.0,5.0,2026-02-21 09:07:27,19,2,Verano
101038,DICLOFENACO 50MG TAB. LIB. RETARDADA CJAX30UND,GENFAR,0.0,10.0,2.0,2026-02-21 09:30:19,3,2,Verano
101038,DICLOFENACO 50MG TAB. LIB. RETARDADA CJAX30UND,GENFAR,0.0,10.0,2.0,2026-02-21 11:36:42,6,2,Verano
101038,DICLOFENACO 50MG TAB. LIB. RETARDADA CJAX30UND,GENFAR,0.0,10.0,2.0,2026-02-21 19:36:20,2,2,Verano
101038,DICLOFENACO 50MG TAB. LIB. RETARDADA CJAX30UND,GENFAR,0.0,20.0,4.0,2026-02-22 16:03:05,3,2,Verano
101038,DICLOFENACO 50MG TAB. LIB. RETARDADA CJAX30UND,GENFAR,0.0,20.0,4.0,2026-02-22 18:42:57,9,2,Verano
101038,DICLOFENACO 50MG TAB. LIB. RETARDADA CJAX30UND,GENFAR,0.0,5.0,1.0,2026-02-23 19:23:30,2,2,Verano
101038,DICLOFENACO 50MG TAB. LIB. RETARDADA CJAX30UND,GENFAR,0.0,10.0,2.0,2026-02-24 10:31:43,2,2,Verano
101038,DICLOFENACO 50MG TAB. LIB. RETARDADA CJAX30UND,GENFAR,0.0,10.0,2.0,2026-02-24 15:16:53,11,2,Verano
101038,DICLOFENACO 50MG TAB. LIB. RETARDADA CJAX30UND,GENFAR,0.0,17.0,3.4,2026-02-24 17:57:47,2,2,Verano
101038,DICLOFENACO 50MG TAB. LIB. RETARDADA CJAX30UND,GENFAR,0.0,10.0,2.0,2026-02-26 10:27:53,16,2,Verano
101038,DICLOFENACO 50MG TAB. LIB. RETARDADA CJAX30UND,GENFAR,0.0,9.0,1.8,2026-02-26 14:44:47,9,2,Verano
101038,DICLOFENACO 50MG TAB. LIB. RETARDADA CJAX30UND,GENFAR,0.0,10.0,2.0,2026-02-27 08:53:16,16,2,Verano
101038,DICLOFENACO 50MG TAB. LIB. RETARDADA CJAX30UND,GENFAR,0.0,10.0,2.0,2026-02-27 10:13:31,13,2,Verano
101038,DICLOFENACO 50MG TAB. LIB. RETARDADA CJAX30UND,GENFAR,0.0,20.0,4.0,2026-02-27 14:54:34,10,2,Verano
101038,DICLOFENACO 50MG TAB. LIB. RETARDADA CJAX30UND,GENFAR,0.0,10.0,2.0,2026-02-27 18:18:49,11,2,Verano
101038,DICLOFENACO 50MG TAB. LIB. RETARDADA CJAX30UND,GENFAR,1.0,0.0,6.0,2026-02-27 18:23:22,7,2,Verano
101038,DICLOFENACO 50MG TAB. LIB. RETARDADA CJAX30UND,GENFAR,0.0,10.0,2.0,2026-02-28 09:13:20,5,2,Verano
101038,DICLOFENACO 50MG TAB. LIB. RETARDADA CJAX30UND,GENFAR,0.0,7.0,1.4,2026-02-28 10:41:06,1,2,Verano
101038,DICLOFENACO 50MG TAB. LIB. RETARDADA CJAX30UND,GENFAR,0.0,4.0,0.8,2026-03-01 15:52:46,18,3,Otoño
101038,DICLOFENACO 50MG TAB. LIB. RETARDADA CJAX30UND,GENFAR,0.0,10.0,2.0,2026-03-01 19:47:54,5,3,Otoño
101038,DICLOFENACO 50MG TAB. LIB. RETARDADA CJAX30UND,GENFAR,0.0,4.0,0.76,2026-03-02 13:07:56,4,3,Otoño
101038,DICLOFENACO 50MG TAB. LIB. RETARDADA CJAX30UND,GENFAR,0.0,10.0,2.0,2026-03-02 22:16:12,16,3,Otoño
101038,DICLOFENACO 50MG TAB. LIB. RETARDADA CJAX30UND,GENFAR,0.0,10.0,2.0,2026-03-03 15:53:58,3,3,Otoño
101038,DICLOFENACO 50MG TAB. LIB. RETARDADA CJAX30UND,GENFAR,0.0,10.0,2.0,2026-03-06 18:46:10,18,3,Otoño
101038,DICLOFENACO 50MG TAB. LIB. RETARDADA CJAX30UND,GENFAR,0.0,10.0,2.0,2026-03-07 09:44:49,5,3,Otoño
101038,DICLOFENACO 50MG TAB. LIB. RETARDADA CJAX30UND,GENFAR,0.0,5.0,1.0,2026-03-07 21:29:24,5,3,Otoño
101038,DICLOFENACO 50MG TAB. LIB. RETARDADA CJAX30UND,GENFAR,0.0,10.0,2.0,2026-03-08 17:33:59,11,3,Otoño
101038,DICLOFENACO 50MG TAB. LIB. RETARDADA CJAX30UND,GENFAR,0.0,5.0,0.95,2026-03-08 21:10:36,3,3,Otoño
101038,DICLOFENACO 50MG TAB. LIB. RETARDADA CJAX30UND,GENFAR,0.0,10.0,2.0,2026-03-09 17:30:53,10,3,Otoño
101038,DICLOFENACO 50MG TAB. LIB. RETARDADA CJAX30UND,GENFAR,0.0,10.0,2.0,2026-03-10 09:54:33,13,3,Otoño
101038,DICLOFENACO 50MG TAB. LIB. RETARDADA CJAX30UND,GENFAR,0.0,2.0,0.4,2026-03-10 22:25:56,18,3,Otoño
101038,DICLOFENACO 50MG TAB. LIB. RETARDADA CJAX30UND,GENFAR,0.0,2.0,0.38,2026-03-13 20:10:52,10,3,Otoño
101038,DICLOFENACO 50MG TAB. LIB. RETARDADA CJAX30UND,GENFAR,0.0,10.0,2.0,2026-03-15 20:13:25,5,3,Otoño
101038,DICLOFENACO 50MG TAB. LIB. RETARDADA CJAX30UND,GENFAR,0.0,10.0,2.0,2026-03-15 20:55:41,5,3,Otoño
101038,DICLOFENACO 50MG TAB. LIB. RETARDADA CJAX30UND,GENFAR,0.0,2.0,0.4,2026-03-17 09:43:41,17,3,Otoño
101038,DICLOFENACO 50MG TAB. LIB. RETARDADA CJAX30UND,GENFAR,0.0,10.0,2.0,2026-03-17 16:24:04,5,3,Otoño
101038,DICLOFENACO 50MG TAB. LIB. RETARDADA CJAX30UND,GENFAR,0.0,10.0,2.0,2026-03-18 09:51:54,16,3,Otoño
101038,DICLOFENACO 50MG TAB. LIB. RETARDADA CJAX30UND,GENFAR,0.0,10.0,2.0,2026-03-20 13:58:51,16,3,Otoño
101038,DICLOFENACO 50MG TAB. LIB. RETARDADA CJAX30UND,GENFAR,0.0,10.0,2.0,2026-03-20 23:12:58,5,3,Otoño
101038,DICLOFENACO 50MG TAB. LIB. RETARDADA CJAX30UND,GENFAR,0.0,9.0,1.8,2026-03-21 19:45:35,3,3,Otoño
101038,DICLOFENACO 50MG TAB. LIB. RETARDADA CJAX30UND,GENFAR,0.0,10.0,2.0,2026-03-21 20:21:20,16,3,Otoño
101038,DICLOFENACO 50MG TAB. LIB. RETARDADA CJAX30UND,GENFAR,1.0,0.0,6.0,2026-03-21 22:02:39,2,3,Otoño
101038,DICLOFENACO 50MG TAB. LIB. RETARDADA CJAX30UND,GENFAR,0.0,10.0,2.0,2026-03-22 08:43:39,11,3,Otoño
101038,DICLOFENACO 50MG TAB. LIB. RETARDADA CJAX30UND,GENFAR,0.0,10.0,2.0,2026-03-22 09:18:00,17,3,Otoño
101038,DICLOFENACO 50MG TAB. LIB. RETARDADA CJAX30UND,GENFAR,0.0,10.0,2.0,2026-03-23 14:18:41,5,3,Otoño
101038,DICLOFENACO 50MG TAB. LIB. RETARDADA CJAX30UND,GENFAR,0.0,10.0,2.0,2026-03-23 17:34:21,5,3,Otoño
101038,DICLOFENACO 50MG TAB. LIB. RETARDADA CJAX30UND,GENFAR,0.0,10.0,2.0,2026-03-23 22:02:51,17,3,Otoño
101038,DICLOFENACO 50MG TAB. LIB. RETARDADA CJAX30UND,GENFAR,0.0,10.0,2.0,2026-03-24 15:02:15,5,3,Otoño
101038,DICLOFENACO 50MG TAB. LIB. RETARDADA CJAX30UND,GENFAR,0.0,10.0,2.0,2026-03-25 10:56:57,10,3,Otoño
101038,DICLOFENACO 50MG TAB. LIB. RETARDADA CJAX30UND,GENFAR,0.0,4.0,0.8,2026-03-26 07:39:15,5,3,Otoño
101038,DICLOFENACO 50MG TAB. LIB. RETARDADA CJAX30UND,GENFAR,0.0,10.0,2.0,2026-03-26 20:37:22,18,3,Otoño
101038,DICLOFENACO 50MG TAB. LIB. RETARDADA CJAX30UND,GENFAR,0.0,10.0,2.0,2026-03-28 13:07:29,13,3,Otoño
101038,DICLOFENACO 50MG TAB. LIB. RETARDADA CJAX30UND,GENFAR,0.0,10.0,2.0,2026-03-29 20:05:58,9,3,Otoño
101038,DICLOFENACO 50MG TAB. LIB. RETARDADA CJAX30UND,GENFAR,0.0,10.0,2.0,2026-03-30 16:31:01,2,3,Otoño
101038,DICLOFENACO 50MG TAB. LIB. RETARDADA CJAX30UND,GENFAR,0.0,10.0,2.0,2026-03-30 18:35:09,2,3,Otoño
101038,DICLOFENACO 50MG TAB. LIB. RETARDADA CJAX30UND,GENFAR,0.0,10.0,3.0,2026-04-01 18:42:27,5,4,Otoño
101038,DICLOFENACO 50MG TAB. LIB. RETARDADA CJAX30UND,GENFAR,0.0,10.0,3.0,2026-04-03 15:06:02,1,4,Otoño
101038,DICLOFENACO 50MG TAB. LIB. RETARDADA CJAX30UND,GENFAR,0.0,5.0,1.5,2026-04-03 16:21:47,14,4,Otoño
101038,DICLOFENACO 50MG TAB. LIB. RETARDADA CJAX30UND,GENFAR,0.0,10.0,3.0,2026-04-03 19:09:19,1,4,Otoño
101038,DICLOFENACO 50MG TAB. LIB. RETARDADA CJAX30UND,GENFAR,0.0,10.0,3.0,2026-04-04 20:53:38,3,4,Otoño
101038,DICLOFENACO 50MG TAB. LIB. RETARDADA CJAX30UND,GENFAR,0.0,3.0,0.9,2026-04-05 21:09:23,3,4,Otoño
101038,DICLOFENACO 50MG TAB. LIB. RETARDADA CJAX30UND,GENFAR,0.0,20.0,6.0,2026-04-05 22:16:38,7,4,Otoño
101038,DICLOFENACO 50MG TAB. LIB. RETARDADA CJAX30UND,GENFAR,1.0,0.0,7.5,2026-04-06 15:58:00,17,4,Otoño
101038,DICLOFENACO 50MG TAB. LIB. RETARDADA CJAX30UND,GENFAR,0.0,40.0,12.0,2026-04-06 16:50:27,5,4,Otoño
101038,DICLOFENACO 50MG TAB. LIB. RETARDADA CJAX30UND,GENFAR,0.0,10.0,3.0,2026-04-06 22:56:42,16,4,Otoño
101038,DICLOFENACO 50MG TAB. LIB. RETARDADA CJAX30UND,GENFAR,0.0,10.0,3.0,2026-04-07 14:09:53,5,4,Otoño
101038,DICLOFENACO 50MG TAB. LIB. RETARDADA CJAX30UND,GENFAR,0.0,10.0,3.0,2026-04-07 18:41:50,11,4,Otoño
101038,DICLOFENACO 50MG TAB. LIB. RETARDADA CJAX30UND,GENFAR,1.0,0.0,7.5,2026-04-07 18:58:01,2,4,Otoño
101038,DICLOFENACO 50MG TAB. LIB. RETARDADA CJAX30UND,GENFAR,0.0,10.0,3.0,2026-04-10 07:01:23,5,4,Otoño
101038,DICLOFENACO 50MG TAB. LIB. RETARDADA CJAX30UND,GENFAR,0.0,3.0,0.9,2026-04-10 21:39:38,10,4,Otoño
101038,DICLOFENACO 50MG TAB. LIB. RETARDADA CJAX30UND,GENFAR,0.0,2.0,0.6,2026-04-11 09:55:03,11,4,Otoño
101038,DICLOFENACO 50MG TAB. LIB. RETARDADA CJAX30UND,GENFAR,0.0,4.0,1.2,2026-04-11 13:38:47,9,4,Otoño
101038,DICLOFENACO 50MG TAB. LIB. RETARDADA CJAX30UND,GENFAR,0.0,5.0,1.5,2026-04-11 13:43:24,2,4,Otoño
101038,DICLOFENACO 50MG TAB. LIB. RETARDADA CJAX30UND,GENFAR,0.0,10.0,3.0,2026-04-11 18:16:07,16,4,Otoño
101038,DICLOFENACO 50MG TAB. LIB. RETARDADA CJAX30UND,GENFAR,0.0,10.0,3.0,2026-04-11 19:24:15,15,4,Otoño
101038,DICLOFENACO 50MG TAB. LIB. RETARDADA CJAX30UND,GENFAR,0.0,10.0,3.0,2026-04-13 07:43:21,17,4,Otoño
101038,DICLOFENACO 50MG TAB. LIB. RETARDADA CJAX30UND,GENFAR,1.0,0.0,7.5,2026-04-13 20:16:35,5,4,Otoño
101038,DICLOFENACO 50MG TAB. LIB. RETARDADA CJAX30UND,GENFAR,0.0,3.0,0.9,2026-04-14 22:11:24,10,4,Otoño
101038,DICLOFENACO 50MG TAB. LIB. RETARDADA CJAX30UND,GENFAR,1.0,0.0,7.5,2026-04-15 08:45:24,5,4,Otoño
101038,DICLOFENACO 50MG TAB. LIB. RETARDADA CJAX30UND,GENFAR,0.0,15.0,4.5,2026-04-15 16:38:06,9,4,Otoño
101038,DICLOFENACO 50MG TAB. LIB. RETARDADA CJAX30UND,GENFAR,0.0,10.0,3.0,2026-04-16 14:40:39,6,4,Otoño
101038,DICLOFENACO 50MG TAB. LIB. RETARDADA CJAX30UND,GENFAR,1.0,0.0,7.5,2026-04-16 16:50:55,2,4,Otoño
101038,DICLOFENACO 50MG TAB. LIB. RETARDADA CJAX30UND,GENFAR,0.0,10.0,3.0,2026-04-16 20:35:15,4,4,Otoño
101038,DICLOFENACO 50MG TAB. LIB. RETARDADA CJAX30UND,GENFAR,0.0,10.0,3.0,2026-04-17 12:08:16,9,4,Otoño
101038,DICLOFENACO 50MG TAB. LIB. RETARDADA CJAX30UND,GENFAR,0.0,4.0,1.2,2026-04-17 18:54:23,3,4,Otoño
101038,DICLOFENACO 50MG TAB. LIB. RETARDADA CJAX30UND,GENFAR,0.0,10.0,3.0,2026-04-17 20:30:31,17,4,Otoño
101038,DICLOFENACO 50MG TAB. LIB. RETARDADA CJAX30UND,GENFAR,0.0,6.0,1.8,2026-04-17 21:30:47,10,4,Otoño
101038,DICLOFENACO 50MG TAB. LIB. RETARDADA CJAX30UND,GENFAR,0.0,10.0,3.0,2026-04-18 09:54:55,10,4,Otoño
101038,DICLOFENACO 50MG TAB. LIB. RETARDADA CJAX30UND,GENFAR,0.0,10.0,3.0,2026-04-19 14:58:32,10,4,Otoño
101038,DICLOFENACO 50MG TAB. LIB. RETARDADA CJAX30UND,GENFAR,0.0,10.0,3.0,2026-04-19 18:33:42,10,4,Otoño
101038,DICLOFENACO 50MG TAB. LIB. RETARDADA CJAX30UND,GENFAR,0.0,10.0,3.0,2026-04-19 19:35:43,12,4,Otoño
101038,DICLOFENACO 50MG TAB. LIB. RETARDADA CJAX30UND,GENFAR,0.0,10.0,3.0,2026-04-19 21:39:28,5,4,Otoño
101038,DICLOFENACO 50MG TAB. LIB. RETARDADA CJAX30UND,GENFAR,0.0,6.0,1.8,2026-04-20 11:17:35,18,4,Otoño
101038,DICLOFENACO 50MG TAB. LIB. RETARDADA CJAX30UND,GENFAR,0.0,10.0,3.0,2026-04-20 12:20:04,16,4,Otoño
101038,DICLOFENACO 50MG TAB. LIB. RETARDADA CJAX30UND,GENFAR,0.0,10.0,3.0,2026-04-20 18:49:11,10,4,Otoño
101038,DICLOFENACO 50MG TAB. LIB. RETARDADA CJAX30UND,GENFAR,0.0,10.0,3.0,2026-04-20 21:36:31,16,4,Otoño
101038,DICLOFENACO 50MG TAB. LIB. RETARDADA CJAX30UND,GENFAR,0.0,6.0,1.8,2026-04-20 22:14:51,10,4,Otoño
101038,DICLOFENACO 50MG TAB. LIB. RETARDADA CJAX30UND,GENFAR,0.0,10.0,3.0,2026-04-21 10:54:41,3,4,Otoño
101038,DICLOFENACO 50MG TAB. LIB. RETARDADA CJAX30UND,GENFAR,1.0,0.0,7.5,2026-04-21 17:12:20,16,4,Otoño
101038,DICLOFENACO 50MG TAB. LIB. RETARDADA CJAX30UND,GENFAR,0.0,10.0,3.0,2026-04-21 19:48:00,5,4,Otoño
101038,DICLOFENACO 50MG TAB. LIB. RETARDADA CJAX30UND,GENFAR,0.0,10.0,3.0,2026-04-22 10:37:49,9,4,Otoño
101038,DICLOFENACO 50MG TAB. LIB. RETARDADA CJAX30UND,GENFAR,0.0,7.0,2.1,2026-04-22 18:53:50,17,4,Otoño
101038,DICLOFENACO 50MG TAB. LIB. RETARDADA CJAX30UND,GENFAR,0.0,10.0,3.0,2026-04-22 19:30:37,3,4,Otoño
101038,DICLOFENACO 50MG TAB. LIB. RETARDADA CJAX30UND,GENFAR,0.0,10.0,3.0,2026-04-22 19:31:48,2,4,Otoño
101038,DICLOFENACO 50MG TAB. LIB. RETARDADA CJAX30UND,GENFAR,0.0,10.0,3.0,2026-04-23 09:31:32,7,4,Otoño
101038,DICLOFENACO 50MG TAB. LIB. RETARDADA CJAX30UND,GENFAR,0.0,10.0,3.0,2026-04-23 15:37:09,9,4,Otoño
101038,DICLOFENACO 50MG TAB. LIB. RETARDADA CJAX30UND,GENFAR,0.0,2.0,0.6,2026-04-24 14:56:20,3,4,Otoño
101038,DICLOFENACO 50MG TAB. LIB. RETARDADA CJAX30UND,GENFAR,0.0,6.0,1.8,2026-04-25 10:56:17,17,4,Otoño
101038,DICLOFENACO 50MG TAB. LIB. RETARDADA CJAX30UND,GENFAR,0.0,10.0,3.0,2026-04-25 13:02:52,10,4,Otoño
101038,DICLOFENACO 50MG TAB. LIB. RETARDADA CJAX30UND,GENFAR,0.0,10.0,3.0,2026-04-26 17:43:10,3,4,Otoño
101038,DICLOFENACO 50MG TAB. LIB. RETARDADA CJAX30UND,GENFAR,0.0,10.0,3.0,2026-04-26 17:44:46,5,4,Otoño
101038,DICLOFENACO 50MG TAB. LIB. RETARDADA CJAX30UND,GENFAR,1.0,0.0,7.5,2026-04-27 12:57:59,7,4,Otoño
101038,DICLOFENACO 50MG TAB. LIB. RETARDADA CJAX30UND,GENFAR,0.0,10.0,3.0,2026-04-28 21:19:50,1,4,Otoño
101038,DICLOFENACO 50MG TAB. LIB. RETARDADA CJAX30UND,GENFAR,0.0,10.0,3.0,2026-04-29 13:27:40,1,4,Otoño
101038,DICLOFENACO 50MG TAB. LIB. RETARDADA CJAX30UND,GENFAR,0.0,10.0,3.0,2026-04-30 09:54:40,6,4,Otoño
101038,DICLOFENACO 50MG TAB. LIB. RETARDADA CJAX30UND,GENFAR,0.0,1.0,0.3,2026-04-30 10:39:53,3,4,Otoño
101038,DICLOFENACO 50MG TAB. LIB. RETARDADA CJAX30UND,GENFAR,0.0,10.0,3.0,2026-04-30 20:41:40,5,4,Otoño
101038,DICLOFENACO 50MG TAB. LIB. RETARDADA CJAX30UND,GENFAR,0.0,10.0,3.0,2026-05-01 11:47:19,3,5,Otoño
101038,DICLOFENACO 50MG TAB. LIB. RETARDADA CJAX30UND,GENFAR,0.0,1.0,0.3,2026-05-02 13:46:58,6,5,Otoño
101038,DICLOFENACO 50MG TAB. LIB. RETARDADA CJAX30UND,GENFAR,0.0,10.0,3.0,2026-05-03 09:42:29,17,5,Otoño
101038,DICLOFENACO 50MG TAB. LIB. RETARDADA CJAX30UND,GENFAR,0.0,10.0,3.0,2026-05-03 16:03:40,11,5,Otoño
101038,DICLOFENACO 50MG TAB. LIB. RETARDADA CJAX30UND,GENFAR,0.0,20.0,6.0,2026-05-03 23:08:36,5,5,Otoño
101038,DICLOFENACO 50MG TAB. LIB. RETARDADA CJAX30UND,GENFAR,0.0,20.0,6.0,2026-05-04 19:43:48,5,5,Otoño
101038,DICLOFENACO 50MG TAB. LIB. RETARDADA CJAX30UND,GENFAR,0.0,10.0,3.0,2026-05-04 21:16:04,3,5,Otoño
101038,DICLOFENACO 50MG TAB. LIB. RETARDADA CJAX30UND,GENFAR,0.0,10.0,3.0,2026-05-05 08:50:54,11,5,Otoño
101038,DICLOFENACO 50MG TAB. LIB. RETARDADA CJAX30UND,GENFAR,0.0,10.0,3.0,2026-05-05 10:40:54,9,5,Otoño
101038,DICLOFENACO 50MG TAB. LIB. RETARDADA CJAX30UND,GENFAR,0.0,10.0,3.0,2026-05-05 19:33:31,9,5,Otoño
101038,DICLOFENACO 50MG TAB. LIB. RETARDADA CJAX30UND,GENFAR,0.0,10.0,3.0,2026-05-05 20:14:38,2,5,Otoño
101038,DICLOFENACO 50MG TAB. LIB. RETARDADA CJAX30UND,GENFAR,0.0,10.0,3.0,2026-05-05 21:11:09,5,5,Otoño
101038,DICLOFENACO 50MG TAB. LIB. RETARDADA CJAX30UND,GENFAR,0.0,10.0,3.0,2026-05-06 14:54:49,9,5,Otoño
101038,DICLOFENACO 50MG TAB. LIB. RETARDADA CJAX30UND,GENFAR,0.0,5.0,1.5,2026-05-06 21:39:17,3,5,Otoño
101038,DICLOFENACO 50MG TAB. LIB. RETARDADA CJAX30UND,GENFAR,0.0,10.0,3.0,2026-05-07 12:28:44,9,5,Otoño
101038,DICLOFENACO 50MG TAB. LIB. RETARDADA CJAX30UND,GENFAR,0.0,10.0,3.0,2026-05-08 17:44:15,15,5,Otoño
101038,DICLOFENACO 50MG TAB. LIB. RETARDADA CJAX30UND,GENFAR,0.0,10.0,3.0,2026-05-09 10:04:11,10,5,Otoño
101038,DICLOFENACO 50MG TAB. LIB. RETARDADA CJAX30UND,GENFAR,0.0,10.0,3.0,2026-05-09 19:11:19,5,5,Otoño
101038,DICLOFENACO 50MG TAB. LIB. RETARDADA CJAX30UND,GENFAR,0.0,10.0,3.0,2026-05-10 07:11:12,5,5,Otoño
101038,DICLOFENACO 50MG TAB. LIB. RETARDADA CJAX30UND,GENFAR,0.0,2.0,0.6,2026-05-10 16:14:49,5,5,Otoño
101038,DICLOFENACO 50MG TAB. LIB. RETARDADA CJAX30UND,GENFAR,0.0,10.0,3.0,2026-05-10 16:48:49,11,5,Otoño
101038,DICLOFENACO 50MG TAB. LIB. RETARDADA CJAX30UND,GENFAR,0.0,10.0,3.0,2026-05-10 19:06:08,10,5,Otoño
101038,DICLOFENACO 50MG TAB. LIB. RETARDADA CJAX30UND,GENFAR,0.0,10.0,3.0,2026-05-10 20:42:00,12,5,Otoño
101038,DICLOFENACO 50MG TAB. LIB. RETARDADA CJAX30UND,GENFAR,0.0,10.0,3.0,2026-05-12 09:46:13,16,5,Otoño
101038,DICLOFENACO 50MG TAB. LIB. RETARDADA CJAX30UND,GENFAR,0.0,6.0,1.8,2026-05-13 21:59:01,5,5,Otoño
101038,DICLOFENACO 50MG TAB. LIB. RETARDADA CJAX30UND,GENFAR,0.0,10.0,3.0,2026-05-13 23:11:10,10,5,Otoño
101038,DICLOFENACO 50MG TAB. LIB. RETARDADA CJAX30UND,GENFAR,0.0,10.0,3.0,2026-05-14 15:31:47,1,5,Otoño
101038,DICLOFENACO 50MG TAB. LIB. RETARDADA CJAX30UND,GENFAR,0.0,10.0,3.0,2026-05-14 21:54:05,4,5,Otoño
101038,DICLOFENACO 50MG TAB. LIB. RETARDADA CJAX30UND,GENFAR,0.0,2.0,0.6,2026-05-16 10:23:38,11,5,Otoño
101038,DICLOFENACO 50MG TAB. LIB. RETARDADA CJAX30UND,GENFAR,0.0,10.0,3.0,2026-05-16 19:31:20,3,5,Otoño
101038,DICLOFENACO 50MG TAB. LIB. RETARDADA CJAX30UND,GENFAR,1.0,0.0,7.5,2026-05-19 08:43:41,17,5,Otoño
101038,DICLOFENACO 50MG TAB. LIB. RETARDADA CJAX30UND,GENFAR,0.0,2.0,0.6,2026-05-19 17:41:04,6,5,Otoño
101038,DICLOFENACO 50MG TAB. LIB. RETARDADA CJAX30UND,GENFAR,0.0,4.0,1.2,2026-05-19 21:57:32,14,5,Otoño
101038,DICLOFENACO 50MG TAB. LIB. RETARDADA CJAX30UND,GENFAR,0.0,5.0,1.5,2026-05-19 22:40:29,5,5,Otoño
101038,DICLOFENACO 50MG TAB. LIB. RETARDADA CJAX30UND,GENFAR,0.0,12.0,3.6,2026-05-20 19:32:57,2,5,Otoño
101038,DICLOFENACO 50MG TAB. LIB. RETARDADA CJAX30UND,GENFAR,0.0,5.0,1.43,2026-05-20 21:00:07,3,5,Otoño
101038,DICLOFENACO 50MG TAB. LIB. RETARDADA CJAX30UND,GENFAR,0.0,5.0,1.5,2026-05-20 22:27:44,12,5,Otoño
101038,DICLOFENACO 50MG TAB. LIB. RETARDADA CJAX30UND,GENFAR,0.0,10.0,3.0,2026-05-22 18:47:38,1,5,Otoño
101038,DICLOFENACO 50MG TAB. LIB. RETARDADA CJAX30UND,GENFAR,0.0,10.0,3.0,2026-05-23 20:35:07,4,5,Otoño
101038,DICLOFENACO 50MG TAB. LIB. RETARDADA CJAX30UND,GENFAR,0.0,10.0,3.0,2026-05-23 21:03:17,8,5,Otoño
101038,DICLOFENACO 50MG TAB. LIB. RETARDADA CJAX30UND,GENFAR,0.0,10.0,3.0,2026-05-25 15:31:10,8,5,Otoño
101038,DICLOFENACO 50MG TAB. LIB. RETARDADA CJAX30UND,GENFAR,0.0,10.0,3.0,2026-05-25 19:42:25,2,5,Otoño
101038,DICLOFENACO 50MG TAB. LIB. RETARDADA CJAX30UND,GENFAR,0.0,10.0,3.0,2026-05-26 16:36:59,14,5,Otoño
101038,DICLOFENACO 50MG TAB. LIB. RETARDADA CJAX30UND,GENFAR,0.0,10.0,3.0,2026-05-26 20:08:42,8,5,Otoño
101038,DICLOFENACO 50MG TAB. LIB. RETARDADA CJAX30UND,GENFAR,0.0,2.0,0.6,2026-05-28 12:15:21,6,5,Otoño
101038,DICLOFENACO 50MG TAB. LIB. RETARDADA CJAX30UND,GENFAR,0.0,1.0,0.3,2026-05-29 08:54:43,9,5,Otoño
101038,DICLOFENACO 50MG TAB. LIB. RETARDADA CJAX30UND,GENFAR,0.0,2.0,0.6,2026-05-30 09:54:24,6,5,Otoño
101038,DICLOFENACO 50MG TAB. LIB. RETARDADA CJAX30UND,GENFAR,0.0,12.0,3.6,2026-06-01 09:51:21,2,6,Invierno
101038,DICLOFENACO 50MG TAB. LIB. RETARDADA CJAX30UND,GENFAR,0.0,10.0,3.0,2026-06-01 18:44:45,4,6,Invierno
101038,DICLOFENACO 50MG TAB. LIB. RETARDADA CJAX30UND,GENFAR,0.0,9.0,2.7,2026-06-01 19:54:12,2,6,Invierno
101038,DICLOFENACO 50MG TAB. LIB. RETARDADA CJAX30UND,GENFAR,0.0,2.0,0.6,2026-06-01 20:05:34,6,6,Invierno
101038,DICLOFENACO 50MG TAB. LIB. RETARDADA CJAX30UND,GENFAR,0.0,10.0,3.0,2026-06-01 20:22:10,2,6,Invierno
101038,DICLOFENACO 50MG TAB. LIB. RETARDADA CJAX30UND,GENFAR,0.0,2.0,0.6,2026-06-02 22:51:58,13,6,Invierno
101038,DICLOFENACO 50MG TAB. LIB. RETARDADA CJAX30UND,GENFAR,0.0,10.0,3.0,2026-06-03 10:02:05,8,6,Invierno
101038,DICLOFENACO 50MG TAB. LIB. RETARDADA CJAX30UND,GENFAR,0.0,10.0,3.0,2026-06-03 12:20:54,2,6,Invierno
101038,DICLOFENACO 50MG TAB. LIB. RETARDADA CJAX30UND,GENFAR,0.0,10.0,3.0,2026-06-03 17:12:45,15,6,Invierno
101038,DICLOFENACO 50MG TAB. LIB. RETARDADA CJAX30UND,GENFAR,0.0,10.0,3.0,2026-06-05 11:18:15,4,6,Invierno
101038,DICLOFENACO 50MG TAB. LIB. RETARDADA CJAX30UND,GENFAR,0.0,10.0,3.0,2026-06-06 16:12:39,10,6,Invierno
101038,DICLOFENACO 50MG TAB. LIB. RETARDADA CJAX30UND,GENFAR,0.0,10.0,3.0,2026-06-07 09:36:09,8,6,Invierno
101038,DICLOFENACO 50MG TAB. LIB. RETARDADA CJAX30UND,GENFAR,0.0,20.0,6.0,2026-06-07 18:18:51,4,6,Invierno
101038,DICLOFENACO 50MG TAB. LIB. RETARDADA CJAX30UND,GENFAR,0.0,9.0,2.7,2026-06-09 11:30:27,18,6,Invierno
101038,DICLOFENACO 50MG TAB. LIB. RETARDADA CJAX30UND,GENFAR,0.0,10.0,3.0,2026-06-09 19:08:05,4,6,Invierno
101038,DICLOFENACO 50MG TAB. LIB. RETARDADA CJAX30UND,GENFAR,0.0,10.0,3.0,2026-06-10 10:53:16,4,6,Invierno
101038,DICLOFENACO 50MG TAB. LIB. RETARDADA CJAX30UND,GENFAR,0.0,28.0,8.4,2026-06-12 11:12:40,10,6,Invierno
101038,DICLOFENACO 50MG TAB. LIB. RETARDADA CJAX30UND,GENFAR,0.0,10.0,3.0,2026-06-12 14:04:22,11,6,Invierno
101038,DICLOFENACO 50MG TAB. LIB. RETARDADA CJAX30UND,GENFAR,0.0,10.0,3.0,2026-06-13 20:58:43,2,6,Invierno
101038,DICLOFENACO 50MG TAB. LIB. RETARDADA CJAX30UND,GENFAR,0.0,10.0,3.0,2026-06-16 18:24:17,12,6,Invierno
101038,DICLOFENACO 50MG TAB. LIB. RETARDADA CJAX30UND,GENFAR,0.0,10.0,3.0,2026-06-16 18:28:39,6,6,Invierno
101038,DICLOFENACO 50MG TAB. LIB. RETARDADA CJAX30UND,GENFAR,0.0,9.0,2.7,2026-06-16 18:50:05,2,6,Invierno
101038,DICLOFENACO 50MG TAB. LIB. RETARDADA CJAX30UND,GENFAR,1.0,0.0,7.5,2026-06-17 08:45:36,17,6,Invierno
101038,DICLOFENACO 50MG TAB. LIB. RETARDADA CJAX30UND,GENFAR,0.0,6.0,1.8,2026-06-17 19:54:48,1,6,Invierno
101038,DICLOFENACO 50MG TAB. LIB. RETARDADA CJAX30UND,GENFAR,0.0,2.0,0.6,2026-06-18 12:45:39,11,6,Invierno
101038,DICLOFENACO 50MG TAB. LIB. RETARDADA CJAX30UND,GENFAR,0.0,2.0,0.6,2026-06-18 12:50:36,11,6,Invierno
101038,DICLOFENACO 50MG TAB. LIB. RETARDADA CJAX30UND,GENFAR,0.0,10.0,3.0,2026-06-18 21:19:09,13,6,Invierno
101038,DICLOFENACO 50MG TAB. LIB. RETARDADA CJAX30UND,GENFAR,0.0,10.0,3.0,2026-06-20 10:34:37,1,6,Invierno
101038,DICLOFENACO 50MG TAB. LIB. RETARDADA CJAX30UND,GENFAR,0.0,4.0,1.2,2026-06-20 19:17:30,2,6,Invierno
101038,DICLOFENACO 50MG TAB. LIB. RETARDADA CJAX30UND,GENFAR,0.0,20.0,6.0,2026-06-21 08:23:58,17,6,Invierno
101038,DICLOFENACO 50MG TAB. LIB. RETARDADA CJAX30UND,GENFAR,0.0,10.0,3.0,2026-06-22 08:18:54,3,6,Invierno
101038,DICLOFENACO 50MG TAB. LIB. RETARDADA CJAX30UND,GENFAR,0.0,10.0,3.0,2026-06-22 19:55:41,6,6,Invierno
101038,DICLOFENACO 50MG TAB. LIB. RETARDADA CJAX30UND,GENFAR,0.0,2.0,0.6,2026-06-24 08:45:12,6,6,Invierno
101038,DICLOFENACO 50MG TAB. LIB. RETARDADA CJAX30UND,GENFAR,0.0,2.0,0.6,2026-06-26 07:58:55,12,6,Invierno
101038,DICLOFENACO 50MG TAB. LIB. RETARDADA CJAX30UND,GENFAR,0.0,20.0,6.0,2026-06-27 09:22:39,12,6,Invierno
101038,DICLOFENACO 50MG TAB. LIB. RETARDADA CJAX30UND,GENFAR,0.0,70.0,21.0,2026-06-27 16:11:10,1,6,Invierno
101038,DICLOFENACO 50MG TAB. LIB. RETARDADA CJAX30UND,GENFAR,0.0,10.0,3.0,2026-06-30 10:40:17,4,6,Invierno
101038,DICLOFENACO 50MG TAB. LIB. RETARDADA CJAX30UND,GENFAR,0.0,1.0,0.3,2026-07-01 07:55:47,6,7,Invierno
101038,DICLOFENACO 50MG TAB. LIB. RETARDADA CJAX30UND,GENFAR,0.0,1.0,0.3,2026-07-01 08:02:09,6,7,Invierno
101038,DICLOFENACO 50MG TAB. LIB. RETARDADA CJAX30UND,GENFAR,0.0,1.0,0.3,2026-07-01 13:32:42,6,7,Invierno
101038,DICLOFENACO 50MG TAB. LIB. RETARDADA CJAX30UND,GENFAR,0.0,4.0,1.2,2026-07-01 18:39:38,2,7,Invierno
101038,DICLOFENACO 50MG TAB. LIB. RETARDADA CJAX30UND,GENFAR,0.0,1.0,0.3,2026-07-02 07:27:25,6,7,Invierno
101038,DICLOFENACO 50MG TAB. LIB. RETARDADA CJAX30UND,GENFAR,0.0,5.0,1.5,2026-07-02 12:05:29,18,7,Invierno
101038,DICLOFENACO 50MG TAB. LIB. RETARDADA CJAX30UND,GENFAR,0.0,10.0,3.0,2026-07-02 23:20:35,10,7,Invierno
101038,DICLOFENACO 50MG TAB. LIB. RETARDADA CJAX30UND,GENFAR,0.0,5.0,1.5,2026-07-04 10:12:28,6,7,Invierno
101038,DICLOFENACO 50MG TAB. LIB. RETARDADA CJAX30UND,GENFAR,0.0,10.0,3.0,2026-07-04 12:58:13,11,7,Invierno
101038,DICLOFENACO 50MG TAB. LIB. RETARDADA CJAX30UND,GENFAR,0.0,10.0,3.0,2026-07-04 20:56:41,12,7,Invierno
101038,DICLOFENACO 50MG TAB. LIB. RETARDADA CJAX30UND,GENFAR,0.0,10.0,3.0,2026-07-05 11:59:20,3,7,Invierno
101038,DICLOFENACO 50MG TAB. LIB. RETARDADA CJAX30UND,GENFAR,0.0,10.0,3.0,2026-07-05 14:54:46,9,7,Invierno
101038,DICLOFENACO 50MG TAB. LIB. RETARDADA CJAX30UND,GENFAR,0.0,5.0,1.5,2026-07-05 15:32:34,5,7,Invierno
101038,DICLOFENACO 50MG TAB. LIB. RETARDADA CJAX30UND,GENFAR,2.0,0.0,15.0,2026-07-05 16:06:50,9,7,Invierno
101038,DICLOFENACO 50MG TAB. LIB. RETARDADA CJAX30UND,GENFAR,0.0,5.0,1.5,2026-07-06 09:30:04,2,7,Invierno
101038,DICLOFENACO 50MG TAB. LIB. RETARDADA CJAX30UND,GENFAR,0.0,10.0,3.0,2026-07-06 11:38:00,17,7,Invierno
101038,DICLOFENACO 50MG TAB. LIB. RETARDADA CJAX30UND,GENFAR,0.0,10.0,3.0,2026-07-06 12:38:36,15,7,Invierno
101038,DICLOFENACO 50MG TAB. LIB. RETARDADA CJAX30UND,GENFAR,0.0,30.0,9.0,2026-07-07 16:51:44,5,7,Invierno
101038,DICLOFENACO 50MG TAB. LIB. RETARDADA CJAX30UND,GENFAR,0.0,10.0,3.0,2026-07-07 18:06:08,4,7,Invierno
101038,DICLOFENACO 50MG TAB. LIB. RETARDADA CJAX30UND,GENFAR,0.0,10.0,3.0,2026-07-07 21:48:10,16,7,Invierno
101038,DICLOFENACO 50MG TAB. LIB. RETARDADA CJAX30UND,GENFAR,0.0,1.0,0.3,2026-07-08 12:14:11,9,7,Invierno
101038,DICLOFENACO 50MG TAB. LIB. RETARDADA CJAX30UND,GENFAR,0.0,10.0,3.0,2026-07-08 15:52:04,12,7,Invierno
101038,DICLOFENACO 50MG TAB. LIB. RETARDADA CJAX30UND,GENFAR,0.0,10.0,3.0,2026-07-09 10:19:19,5,7,Invierno
101038,DICLOFENACO 50MG TAB. LIB. RETARDADA CJAX30UND,GENFAR,0.0,10.0,3.0,2026-07-10 09:04:34,4,7,Invierno
101038,DICLOFENACO 50MG TAB. LIB. RETARDADA CJAX30UND,GENFAR,2.0,0.0,15.0,2026-07-10 18:47:18,17,7,Invierno
101038,DICLOFENACO 50MG TAB. LIB. RETARDADA CJAX30UND,GENFAR,0.0,10.0,3.0,2026-07-11 17:54:57,9,7,Invierno
101038,DICLOFENACO 50MG TAB. LIB. RETARDADA CJAX30UND,GENFAR,0.0,10.0,3.0,2026-07-11 19:45:46,14,7,Invierno
101038,DICLOFENACO 50MG TAB. LIB. RETARDADA CJAX30UND,GENFAR,0.0,10.0,3.0,2026-07-11 19:59:32,8,7,Invierno
101038,DICLOFENACO 50MG TAB. LIB. RETARDADA CJAX30UND,GENFAR,0.0,1.0,0.3,2026-07-11 21:08:09,2,7,Invierno
101038,DICLOFENACO 50MG TAB. LIB. RETARDADA CJAX30UND,GENFAR,0.0,10.0,3.0,2026-07-12 14:12:36,3,7,Invierno
101038,DICLOFENACO 50MG TAB. LIB. RETARDADA CJAX30UND,GENFAR,0.0,1.0,0.3,2026-07-13 21:51:09,17,7,Invierno
101038,DICLOFENACO 50MG TAB. LIB. RETARDADA CJAX30UND,GENFAR,0.0,9.0,2.7,2026-07-14 12:29:56,18,7,Invierno
101038,DICLOFENACO 50MG TAB. LIB. RETARDADA CJAX30UND,GENFAR,0.0,2.0,0.6,2026-07-14 15:19:44,5,7,Invierno
101038,DICLOFENACO 50MG TAB. LIB. RETARDADA CJAX30UND,GENFAR,0.0,10.0,3.0,2026-07-17 13:30:40,4,7,Invierno
101038,DICLOFENACO 50MG TAB. LIB. RETARDADA CJAX30UND,GENFAR,0.0,5.0,1.5,2026-07-17 18:36:31,17,7,Invierno
101038,DICLOFENACO 50MG TAB. LIB. RETARDADA CJAX30UND,GENFAR,0.0,1.0,0.3,2026-07-17 21:33:48,11,7,Invierno
101038,DICLOFENACO 50MG TAB. LIB. RETARDADA CJAX30UND,GENFAR,0.0,10.0,3.0,2026-07-18 10:50:55,7,7,Invierno
101038,DICLOFENACO 50MG TAB. LIB. RETARDADA CJAX30UND,GENFAR,0.0,10.0,3.0,2026-07-18 12:26:00,14,7,Invierno
101038,DICLOFENACO 50MG TAB. LIB. RETARDADA CJAX30UND,GENFAR,0.0,10.0,3.0,2026-07-19 19:01:41,9,7,Invierno
101038,DICLOFENACO 50MG TAB. LIB. RETARDADA CJAX30UND,GENFAR,0.0,10.0,3.0,2026-07-20 12:12:23,14,7,Invierno
101038,DICLOFENACO 50MG TAB. LIB. RETARDADA CJAX30UND,GENFAR,0.0,10.0,3.0,2026-07-20 15:26:26,11,7,Invierno
101038,DICLOFENACO 50MG TAB. LIB. RETARDADA CJAX30UND,GENFAR,0.0,20.0,6.0,2026-07-20 18:36:58,11,7,Invierno
101038,DICLOFENACO 50MG TAB. LIB. RETARDADA CJAX30UND,GENFAR,0.0,10.0,3.0,2026-07-21 11:50:35,1,7,Invierno
101038,DICLOFENACO 50MG TAB. LIB. RETARDADA CJAX30UND,GENFAR,0.0,20.0,6.0,2026-07-21 16:04:15,9,7,Invierno
101038,DICLOFENACO 50MG TAB. LIB. RETARDADA CJAX30UND,GENFAR,0.0,5.0,1.5,2026-07-22 20:17:27,9,7,Invierno
101038,DICLOFENACO 50MG TAB. LIB. RETARDADA CJAX30UND,GENFAR,0.0,1.0,0.3,2026-07-24 07:56:09,9,7,Invierno
101038,DICLOFENACO 50MG TAB. LIB. RETARDADA CJAX30UND,GENFAR,0.0,100.0,30.0,2026-07-24 15:59:25,3,7,Invierno
101038,DICLOFENACO 50MG TAB. LIB. RETARDADA CJAX30UND,GENFAR,0.0,10.0,3.0,2026-07-27 21:42:41,7,7,Invierno
101038,DICLOFENACO 50MG TAB. LIB. RETARDADA CJAX30UND,GENFAR,0.0,5.0,1.5,2026-07-28 10:43:26,2,7,Invierno
101038,DICLOFENACO 50MG TAB. LIB. RETARDADA CJAX30UND,GENFAR,0.0,10.0,3.0,2026-07-29 09:58:25,15,7,Invierno
101038,DICLOFENACO 50MG TAB. LIB. RETARDADA CJAX30UND,GENFAR,0.0,30.0,9.0,2026-07-29 21:02:48,2,7,Invierno
101038,DICLOFENACO 50MG TAB. LIB. RETARDADA CJAX30UND,GENFAR,0.0,10.0,3.0,2026-07-29 22:33:31,4,7,Invierno
101038,DICLOFENACO 50MG TAB. LIB. RETARDADA CJAX30UND,GENFAR,0.0,10.0,3.0,2026-07-29 23:14:12,4,7,Invierno
101038,DICLOFENACO 50MG TAB. LIB. RETARDADA CJAX30UND,GENFAR,0.0,10.0,3.0,2026-07-30 22:20:28,16,7,Invierno
101038,DICLOFENACO 50MG TAB. LIB. RETARDADA CJAX30UND,GENFAR,0.0,2.0,0.6,2026-07-31 13:51:27,6,7,Invierno
101038,DICLOFENACO 50MG TAB. LIB. RETARDADA CJAX30UND,GENFAR,0.0,10.0,3.0,2026-07-31 19:48:17,16,7,Invierno
