codpro,prod,tipo,cantidad,unidades,total,fecdoc,sucursal,mes,estacion
102932,DIMENHIDRINATO 50MGX100TAB,PORTUGAL GENERICO,0.0,42.0,4.2,2024-01-01 15:57:12,5,1,Verano
102932,DIMENHIDRINATO 50MGX100TAB,PORTUGAL GENERICO,0.0,10.0,1.0,2024-01-02 10:27:20,6,1,Verano
102932,DIMENHIDRINATO 50MGX100TAB,PORTUGAL GENERICO,0.0,10.0,1.0,2024-01-03 11:04:01,6,1,Verano
102932,DIMENHIDRINATO 50MGX100TAB,PORTUGAL GENERICO,0.0,10.0,1.0,2024-01-03 12:39:00,3,1,Verano
102932,DIMENHIDRINATO 50MGX100TAB,PORTUGAL GENERICO,0.0,10.0,1.0,2024-01-03 13:03:16,1,1,Verano
102932,DIMENHIDRINATO 50MGX100TAB,PORTUGAL GENERICO,0.0,5.0,0.5,2024-01-09 15:19:51,1,1,Verano
102932,DIMENHIDRINATO 50MGX100TAB,PORTUGAL GENERICO,0.0,25.0,2.5,2024-01-09 19:21:36,1,1,Verano
102932,DIMENHIDRINATO 50MGX100TAB,PORTUGAL GENERICO,0.0,10.0,1.0,2024-01-12 09:54:28,6,1,Verano
102932,DIMENHIDRINATO 50MGX100TAB,PORTUGAL GENERICO,0.0,10.0,1.0,2024-01-15 11:03:30,4,1,Verano
102932,DIMENHIDRINATO 50MGX100TAB,PORTUGAL GENERICO,0.0,2.0,0.2,2024-01-16 20:09:58,4,1,Verano
102932,DIMENHIDRINATO 50MGX100TAB,PORTUGAL GENERICO,0.0,10.0,1.0,2024-01-17 20:13:45,3,1,Verano
102932,DIMENHIDRINATO 50MGX100TAB,PORTUGAL GENERICO,0.0,4.0,0.4,2024-01-17 21:53:21,3,1,Verano
102932,DIMENHIDRINATO 50MGX100TAB,PORTUGAL GENERICO,0.0,10.0,1.0,2024-01-20 17:40:19,6,1,Verano
102932,DIMENHIDRINATO 50MGX100TAB,PORTUGAL GENERICO,0.0,10.0,1.0,2024-01-22 11:51:27,8,1,Verano
102932,DIMENHIDRINATO 50MGX100TAB,PORTUGAL GENERICO,0.0,10.0,1.0,2024-01-22 15:06:25,8,1,Verano
102932,DIMENHIDRINATO 50MGX100TAB,PORTUGAL GENERICO,0.0,10.0,0.9,2024-01-22 22:12:13,7,1,Verano
102932,DIMENHIDRINATO 50MGX100TAB,PORTUGAL GENERICO,0.0,10.0,1.0,2024-01-23 09:06:50,3,1,Verano
102932,DIMENHIDRINATO 50MGX100TAB,PORTUGAL GENERICO,2.0,0.0,13.8,2024-01-27 11:52:41,1,1,Verano
102932,DIMENHIDRINATO 50MGX100TAB,PORTUGAL GENERICO,0.0,10.0,1.0,2024-01-30 11:02:10,2,1,Verano
102932,DIMENHIDRINATO 50MGX100TAB,PORTUGAL GENERICO,0.0,10.0,1.0,2024-01-31 13:16:03,4,1,Verano
102932,DIMENHIDRINATO 50MGX100TAB,PORTUGAL GENERICO,0.0,20.0,2.0,2024-01-31 14:53:33,2,1,Verano
102932,DIMENHIDRINATO 50MGX100TAB,PORTUGAL GENERICO,0.0,10.0,1.0,2024-01-31 19:55:27,10,1,Verano
102932,DIMENHIDRINATO 50MGX100TAB,PORTUGAL GENERICO,0.0,14.0,1.4,2024-01-31 22:15:09,10,1,Verano
102932,DIMENHIDRINATO 50MGX100TAB,PORTUGAL GENERICO,0.0,10.0,1.0,2024-02-01 09:05:22,3,2,Verano
102932,DIMENHIDRINATO 50MGX100TAB,PORTUGAL GENERICO,0.0,10.0,1.0,2024-02-02 21:31:37,2,2,Verano
102932,DIMENHIDRINATO 50MGX100TAB,PORTUGAL GENERICO,0.0,10.0,1.0,2024-02-03 08:06:41,1,2,Verano
102932,DIMENHIDRINATO 50MGX100TAB,PORTUGAL GENERICO,0.0,5.0,0.5,2024-02-03 17:48:07,10,2,Verano
102932,DIMENHIDRINATO 50MGX100TAB,PORTUGAL GENERICO,0.0,6.0,0.6,2024-02-03 19:04:16,4,2,Verano
102932,DIMENHIDRINATO 50MGX100TAB,PORTUGAL GENERICO,0.0,10.0,1.0,2024-02-04 14:12:40,1,2,Verano
102932,DIMENHIDRINATO 50MGX100TAB,PORTUGAL GENERICO,0.0,10.0,1.0,2024-02-04 18:50:57,1,2,Verano
102932,DIMENHIDRINATO 50MGX100TAB,PORTUGAL GENERICO,0.0,10.0,0.9,2024-02-04 19:50:10,1,2,Verano
102932,DIMENHIDRINATO 50MGX100TAB,PORTUGAL GENERICO,0.0,10.0,1.0,2024-02-04 21:32:18,1,2,Verano
102932,DIMENHIDRINATO 50MGX100TAB,PORTUGAL GENERICO,0.0,10.0,1.0,2024-02-05 08:01:37,4,2,Verano
102932,DIMENHIDRINATO 50MGX100TAB,PORTUGAL GENERICO,0.0,10.0,1.0,2024-02-05 20:06:06,2,2,Verano
102932,DIMENHIDRINATO 50MGX100TAB,PORTUGAL GENERICO,0.0,10.0,1.0,2024-02-06 11:23:02,6,2,Verano
102932,DIMENHIDRINATO 50MGX100TAB,PORTUGAL GENERICO,0.0,10.0,1.0,2024-02-06 13:52:45,1,2,Verano
102932,DIMENHIDRINATO 50MGX100TAB,PORTUGAL GENERICO,0.0,10.0,1.0,2024-02-07 16:34:59,5,2,Verano
102932,DIMENHIDRINATO 50MGX100TAB,PORTUGAL GENERICO,0.0,20.0,2.0,2024-02-11 10:05:45,7,2,Verano
102932,DIMENHIDRINATO 50MGX100TAB,PORTUGAL GENERICO,0.0,1.0,0.1,2024-02-11 16:01:04,4,2,Verano
102932,DIMENHIDRINATO 50MGX100TAB,PORTUGAL GENERICO,0.0,10.0,1.0,2024-02-11 18:53:26,5,2,Verano
102932,DIMENHIDRINATO 50MGX100TAB,PORTUGAL GENERICO,0.0,10.0,1.0,2024-02-13 14:31:49,6,2,Verano
102932,DIMENHIDRINATO 50MGX100TAB,PORTUGAL GENERICO,0.0,10.0,1.0,2024-02-13 17:06:52,8,2,Verano
102932,DIMENHIDRINATO 50MGX100TAB,PORTUGAL GENERICO,0.0,20.0,2.0,2024-02-13 18:49:06,4,2,Verano
102932,DIMENHIDRINATO 50MGX100TAB,PORTUGAL GENERICO,0.0,10.0,1.0,2024-02-16 14:51:53,3,2,Verano
102932,DIMENHIDRINATO 50MGX100TAB,PORTUGAL GENERICO,2.0,0.0,13.8,2024-02-16 16:27:28,5,2,Verano
102932,DIMENHIDRINATO 50MGX100TAB,PORTUGAL GENERICO,0.0,10.0,1.0,2024-02-16 21:23:49,7,2,Verano
102932,DIMENHIDRINATO 50MGX100TAB,PORTUGAL GENERICO,0.0,30.0,3.0,2024-02-19 09:35:26,3,2,Verano
102932,DIMENHIDRINATO 50MGX100TAB,PORTUGAL GENERICO,0.0,10.0,1.0,2024-02-19 10:32:54,2,2,Verano
102932,DIMENHIDRINATO 50MGX100TAB,PORTUGAL GENERICO,0.0,10.0,1.0,2024-02-19 16:42:29,1,2,Verano
102932,DIMENHIDRINATO 50MGX100TAB,PORTUGAL GENERICO,0.0,10.0,1.0,2024-02-19 22:53:49,4,2,Verano
102932,DIMENHIDRINATO 50MGX100TAB,PORTUGAL GENERICO,0.0,30.0,3.0,2024-02-21 13:34:51,1,2,Verano
102932,DIMENHIDRINATO 50MGX100TAB,PORTUGAL GENERICO,0.0,2.0,0.2,2024-02-21 15:18:01,10,2,Verano
102932,DIMENHIDRINATO 50MGX100TAB,PORTUGAL GENERICO,0.0,10.0,1.0,2024-02-21 15:30:42,10,2,Verano
102932,DIMENHIDRINATO 50MGX100TAB,PORTUGAL GENERICO,0.0,10.0,1.0,2024-02-21 15:45:38,10,2,Verano
102932,DIMENHIDRINATO 50MGX100TAB,PORTUGAL GENERICO,0.0,10.0,1.0,2024-02-21 17:51:47,6,2,Verano
102932,DIMENHIDRINATO 50MGX100TAB,PORTUGAL GENERICO,0.0,10.0,1.0,2024-02-21 20:49:51,6,2,Verano
102932,DIMENHIDRINATO 50MGX100TAB,PORTUGAL GENERICO,0.0,30.0,3.0,2024-02-23 13:23:05,2,2,Verano
102932,DIMENHIDRINATO 50MGX100TAB,PORTUGAL GENERICO,0.0,10.0,1.0,2024-02-23 15:34:25,5,2,Verano
102932,DIMENHIDRINATO 50MGX100TAB,PORTUGAL GENERICO,0.0,10.0,1.0,2024-02-23 18:12:19,5,2,Verano
102932,DIMENHIDRINATO 50MGX100TAB,PORTUGAL GENERICO,0.0,10.0,1.0,2024-02-24 19:32:14,5,2,Verano
102932,DIMENHIDRINATO 50MGX100TAB,PORTUGAL GENERICO,0.0,10.0,1.0,2024-02-25 10:17:04,7,2,Verano
102932,DIMENHIDRINATO 50MGX100TAB,PORTUGAL GENERICO,0.0,10.0,1.0,2024-02-27 14:50:42,1,2,Verano
102932,DIMENHIDRINATO 50MGX100TAB,PORTUGAL GENERICO,0.0,10.0,1.0,2024-02-27 20:50:29,4,2,Verano
102932,DIMENHIDRINATO 50MGX100TAB,PORTUGAL GENERICO,0.0,5.0,0.5,2024-02-27 21:02:40,10,2,Verano
102932,DIMENHIDRINATO 50MGX100TAB,PORTUGAL GENERICO,1.0,0.0,6.9,2024-03-01 10:57:50,4,3,Otoño
102932,DIMENHIDRINATO 50MGX100TAB,PORTUGAL GENERICO,0.0,20.0,2.0,2024-03-01 11:43:45,1,3,Otoño
102932,DIMENHIDRINATO 50MGX100TAB,PORTUGAL GENERICO,0.0,10.0,1.0,2024-03-01 11:46:49,1,3,Otoño
102932,DIMENHIDRINATO 50MGX100TAB,PORTUGAL GENERICO,0.0,-10.0,-1.0,2024-03-02 12:00:00,7,3,Otoño
102932,DIMENHIDRINATO 50MGX100TAB,PORTUGAL GENERICO,0.0,20.0,2.0,2024-03-02 17:22:01,2,3,Otoño
102932,DIMENHIDRINATO 50MGX100TAB,PORTUGAL GENERICO,0.0,10.0,1.0,2024-03-02 18:27:47,1,3,Otoño
102932,DIMENHIDRINATO 50MGX100TAB,PORTUGAL GENERICO,0.0,10.0,1.0,2024-03-02 20:47:41,7,3,Otoño
102932,DIMENHIDRINATO 50MGX100TAB,PORTUGAL GENERICO,0.0,20.0,2.0,2024-03-03 20:44:30,5,3,Otoño
102932,DIMENHIDRINATO 50MGX100TAB,PORTUGAL GENERICO,0.0,10.0,1.0,2024-03-04 19:22:56,2,3,Otoño
102932,DIMENHIDRINATO 50MGX100TAB,PORTUGAL GENERICO,0.0,32.0,3.2,2024-03-05 20:42:30,8,3,Otoño
102932,DIMENHIDRINATO 50MGX100TAB,PORTUGAL GENERICO,0.0,10.0,1.0,2024-03-05 22:09:21,10,3,Otoño
102932,DIMENHIDRINATO 50MGX100TAB,PORTUGAL GENERICO,0.0,20.0,2.0,2024-03-06 12:20:57,4,3,Otoño
102932,DIMENHIDRINATO 50MGX100TAB,PORTUGAL GENERICO,0.0,10.0,1.0,2024-03-06 15:25:15,5,3,Otoño
102932,DIMENHIDRINATO 50MGX100TAB,PORTUGAL GENERICO,0.0,10.0,1.0,2024-03-06 18:55:31,3,3,Otoño
102932,DIMENHIDRINATO 50MGX100TAB,PORTUGAL GENERICO,0.0,10.0,1.0,2024-03-06 20:29:11,4,3,Otoño
102932,DIMENHIDRINATO 50MGX100TAB,PORTUGAL GENERICO,0.0,20.0,2.0,2024-03-07 18:14:34,5,3,Otoño
102932,DIMENHIDRINATO 50MGX100TAB,PORTUGAL GENERICO,0.0,10.0,1.0,2024-03-08 19:45:39,1,3,Otoño
102932,DIMENHIDRINATO 50MGX100TAB,PORTUGAL GENERICO,0.0,10.0,1.0,2024-03-09 21:49:10,2,3,Otoño
102932,DIMENHIDRINATO 50MGX100TAB,PORTUGAL GENERICO,0.0,10.0,1.0,2024-03-10 20:27:10,5,3,Otoño
102932,DIMENHIDRINATO 50MGX100TAB,PORTUGAL GENERICO,0.0,20.0,2.0,2024-03-12 14:32:46,4,3,Otoño
102932,DIMENHIDRINATO 50MGX100TAB,PORTUGAL GENERICO,0.0,10.0,1.0,2024-03-12 18:35:12,10,3,Otoño
102932,DIMENHIDRINATO 50MGX100TAB,PORTUGAL GENERICO,0.0,10.0,1.0,2024-03-13 10:23:29,8,3,Otoño
102932,DIMENHIDRINATO 50MGX100TAB,PORTUGAL GENERICO,0.0,10.0,1.0,2024-03-13 15:12:03,6,3,Otoño
102932,DIMENHIDRINATO 50MGX100TAB,PORTUGAL GENERICO,0.0,10.0,1.0,2024-03-14 09:04:33,1,3,Otoño
102932,DIMENHIDRINATO 50MGX100TAB,PORTUGAL GENERICO,0.0,30.0,3.0,2024-03-14 15:32:39,4,3,Otoño
102932,DIMENHIDRINATO 50MGX100TAB,PORTUGAL GENERICO,0.0,30.0,3.0,2024-03-15 08:37:51,4,3,Otoño
102932,DIMENHIDRINATO 50MGX100TAB,PORTUGAL GENERICO,0.0,10.0,1.0,2024-03-15 12:07:09,5,3,Otoño
102932,DIMENHIDRINATO 50MGX100TAB,PORTUGAL GENERICO,0.0,12.0,1.2,2024-03-15 12:07:55,4,3,Otoño
102932,DIMENHIDRINATO 50MGX100TAB,PORTUGAL GENERICO,0.0,10.0,1.0,2024-03-15 18:18:54,5,3,Otoño
102932,DIMENHIDRINATO 50MGX100TAB,PORTUGAL GENERICO,0.0,10.0,1.0,2024-03-16 10:19:54,2,3,Otoño
102932,DIMENHIDRINATO 50MGX100TAB,PORTUGAL GENERICO,0.0,15.0,1.5,2024-03-18 11:38:14,4,3,Otoño
102932,DIMENHIDRINATO 50MGX100TAB,PORTUGAL GENERICO,0.0,20.0,2.0,2024-03-18 13:38:42,5,3,Otoño
102932,DIMENHIDRINATO 50MGX100TAB,PORTUGAL GENERICO,0.0,10.0,1.0,2024-03-18 16:18:08,8,3,Otoño
102932,DIMENHIDRINATO 50MGX100TAB,PORTUGAL GENERICO,0.0,10.0,1.0,2024-03-18 20:49:08,8,3,Otoño
102932,DIMENHIDRINATO 50MGX100TAB,PORTUGAL GENERICO,0.0,2.0,0.2,2024-03-19 18:56:39,12,3,Otoño
102932,DIMENHIDRINATO 50MGX100TAB,PORTUGAL GENERICO,0.0,10.0,1.0,2024-03-20 12:34:25,5,3,Otoño
102932,DIMENHIDRINATO 50MGX100TAB,PORTUGAL GENERICO,0.0,7.0,0.7,2024-03-20 22:22:28,6,3,Otoño
102932,DIMENHIDRINATO 50MGX100TAB,PORTUGAL GENERICO,0.0,10.0,1.0,2024-03-21 07:25:55,4,3,Otoño
102932,DIMENHIDRINATO 50MGX100TAB,PORTUGAL GENERICO,0.0,50.0,5.0,2024-03-23 09:00:31,4,3,Otoño
102932,DIMENHIDRINATO 50MGX100TAB,PORTUGAL GENERICO,0.0,10.0,1.0,2024-03-23 19:00:12,8,3,Otoño
102932,DIMENHIDRINATO 50MGX100TAB,PORTUGAL GENERICO,0.0,10.0,1.0,2024-03-25 20:30:42,1,3,Otoño
102932,DIMENHIDRINATO 50MGX100TAB,PORTUGAL GENERICO,0.0,10.0,1.0,2024-03-26 16:39:09,5,3,Otoño
102932,DIMENHIDRINATO 50MGX100TAB,PORTUGAL GENERICO,0.0,100.0,10.0,2024-03-27 20:21:05,10,3,Otoño
102932,DIMENHIDRINATO 50MGX100TAB,PORTUGAL GENERICO,0.0,10.0,1.0,2024-03-27 20:27:38,8,3,Otoño
102932,DIMENHIDRINATO 50MGX100TAB,PORTUGAL GENERICO,0.0,10.0,1.0,2024-03-28 09:16:35,10,3,Otoño
102932,DIMENHIDRINATO 50MGX100TAB,PORTUGAL GENERICO,0.0,10.0,1.0,2024-03-28 13:46:01,5,3,Otoño
102932,DIMENHIDRINATO 50MGX100TAB,PORTUGAL GENERICO,0.0,10.0,1.0,2024-03-30 13:41:59,12,3,Otoño
102932,DIMENHIDRINATO 50MGX100TAB,PORTUGAL GENERICO,0.0,10.0,1.0,2024-03-30 13:46:56,3,3,Otoño
102932,DIMENHIDRINATO 50MGX100TAB,PORTUGAL GENERICO,0.0,10.0,1.0,2024-03-30 14:48:47,5,3,Otoño
102932,DIMENHIDRINATO 50MGX100TAB,PORTUGAL GENERICO,0.0,10.0,1.0,2024-03-30 16:27:00,1,3,Otoño
102932,DIMENHIDRINATO 50MGX100TAB,PORTUGAL GENERICO,0.0,20.0,2.0,2024-04-01 12:28:51,3,4,Otoño
102932,DIMENHIDRINATO 50MGX100TAB,PORTUGAL GENERICO,0.0,10.0,1.0,2024-04-01 18:53:05,8,4,Otoño
102932,DIMENHIDRINATO 50MGX100TAB,PORTUGAL GENERICO,0.0,10.0,1.0,2024-04-03 10:18:02,10,4,Otoño
102932,DIMENHIDRINATO 50MGX100TAB,PORTUGAL GENERICO,0.0,10.0,1.0,2024-04-03 14:30:29,5,4,Otoño
102932,DIMENHIDRINATO 50MGX100TAB,PORTUGAL GENERICO,0.0,10.0,1.0,2024-04-06 11:43:26,12,4,Otoño
102932,DIMENHIDRINATO 50MGX100TAB,PORTUGAL GENERICO,0.0,10.0,1.0,2024-04-06 13:06:58,4,4,Otoño
102932,DIMENHIDRINATO 50MGX100TAB,PORTUGAL GENERICO,0.0,10.0,1.0,2024-04-06 14:38:45,4,4,Otoño
102932,DIMENHIDRINATO 50MGX100TAB,PORTUGAL GENERICO,0.0,10.0,1.0,2024-04-06 19:39:19,1,4,Otoño
102932,DIMENHIDRINATO 50MGX100TAB,PORTUGAL GENERICO,0.0,10.0,1.0,2024-04-07 10:25:33,1,4,Otoño
102932,DIMENHIDRINATO 50MGX100TAB,PORTUGAL GENERICO,0.0,11.0,1.1,2024-04-07 10:42:19,6,4,Otoño
102932,DIMENHIDRINATO 50MGX100TAB,PORTUGAL GENERICO,0.0,20.0,2.0,2024-04-07 11:45:40,7,4,Otoño
102932,DIMENHIDRINATO 50MGX100TAB,PORTUGAL GENERICO,0.0,10.0,1.0,2024-04-08 17:22:48,4,4,Otoño
102932,DIMENHIDRINATO 50MGX100TAB,PORTUGAL GENERICO,0.0,10.0,1.0,2024-04-08 19:30:36,4,4,Otoño
102932,DIMENHIDRINATO 50MGX100TAB,PORTUGAL GENERICO,0.0,10.0,1.0,2024-04-09 17:14:22,3,4,Otoño
102932,DIMENHIDRINATO 50MGX100TAB,PORTUGAL GENERICO,0.0,10.0,1.0,2024-04-09 18:40:52,3,4,Otoño
102932,DIMENHIDRINATO 50MGX100TAB,PORTUGAL GENERICO,0.0,20.0,2.0,2024-04-10 12:10:55,12,4,Otoño
102932,DIMENHIDRINATO 50MGX100TAB,PORTUGAL GENERICO,0.0,50.0,5.0,2024-04-11 10:00:54,1,4,Otoño
102932,DIMENHIDRINATO 50MGX100TAB,PORTUGAL GENERICO,0.0,10.0,1.0,2024-04-11 21:16:13,1,4,Otoño
102932,DIMENHIDRINATO 50MGX100TAB,PORTUGAL GENERICO,0.0,10.0,1.0,2024-04-14 17:25:27,12,4,Otoño
102932,DIMENHIDRINATO 50MGX100TAB,PORTUGAL GENERICO,0.0,10.0,1.0,2024-04-16 19:12:34,1,4,Otoño
102932,DIMENHIDRINATO 50MGX100TAB,PORTUGAL GENERICO,0.0,10.0,1.0,2024-04-17 08:27:26,12,4,Otoño
102932,DIMENHIDRINATO 50MGX100TAB,PORTUGAL GENERICO,0.0,20.0,2.0,2024-04-17 09:45:23,7,4,Otoño
102932,DIMENHIDRINATO 50MGX100TAB,PORTUGAL GENERICO,0.0,60.0,6.0,2024-04-17 09:55:50,12,4,Otoño
102932,DIMENHIDRINATO 50MGX100TAB,PORTUGAL GENERICO,0.0,10.0,1.0,2024-04-18 18:23:16,4,4,Otoño
102932,DIMENHIDRINATO 50MGX100TAB,PORTUGAL GENERICO,0.0,30.0,3.0,2024-04-19 20:58:41,1,4,Otoño
102932,DIMENHIDRINATO 50MGX100TAB,PORTUGAL GENERICO,0.0,20.0,2.0,2024-04-20 07:40:17,12,4,Otoño
102932,DIMENHIDRINATO 50MGX100TAB,PORTUGAL GENERICO,0.0,10.0,1.0,2024-04-20 17:23:02,11,4,Otoño
102932,DIMENHIDRINATO 50MGX100TAB,PORTUGAL GENERICO,0.0,10.0,1.0,2024-04-20 19:32:43,1,4,Otoño
102932,DIMENHIDRINATO 50MGX100TAB,PORTUGAL GENERICO,0.0,20.0,2.0,2024-04-21 21:16:33,6,4,Otoño
102932,DIMENHIDRINATO 50MGX100TAB,PORTUGAL GENERICO,0.0,10.0,1.0,2024-04-24 13:14:22,7,4,Otoño
102932,DIMENHIDRINATO 50MGX100TAB,PORTUGAL GENERICO,0.0,10.0,1.0,2024-04-24 17:20:21,2,4,Otoño
102932,DIMENHIDRINATO 50MGX100TAB,PORTUGAL GENERICO,0.0,10.0,1.0,2024-04-26 14:10:03,2,4,Otoño
102932,DIMENHIDRINATO 50MGX100TAB,PORTUGAL GENERICO,0.0,10.0,1.0,2024-04-26 19:08:15,1,4,Otoño
102932,DIMENHIDRINATO 50MGX100TAB,PORTUGAL GENERICO,0.0,10.0,1.0,2024-04-26 20:52:23,12,4,Otoño
102932,DIMENHIDRINATO 50MGX100TAB,PORTUGAL GENERICO,0.0,10.0,1.0,2024-04-26 21:02:03,12,4,Otoño
102932,DIMENHIDRINATO 50MGX100TAB,PORTUGAL GENERICO,0.0,10.0,1.0,2024-04-27 20:23:49,1,4,Otoño
102932,DIMENHIDRINATO 50MGX100TAB,PORTUGAL GENERICO,0.0,20.0,2.0,2024-04-27 20:44:16,7,4,Otoño
102932,DIMENHIDRINATO 50MGX100TAB,PORTUGAL GENERICO,0.0,10.0,1.0,2024-04-28 17:24:16,7,4,Otoño
102932,DIMENHIDRINATO 50MGX100TAB,PORTUGAL GENERICO,0.0,10.0,1.0,2024-04-29 10:51:25,12,4,Otoño
102932,DIMENHIDRINATO 50MGX100TAB,PORTUGAL GENERICO,0.0,4.0,0.4,2024-04-30 19:53:49,10,4,Otoño
102932,DIMENHIDRINATO 50MGX100TAB,PORTUGAL GENERICO,0.0,10.0,1.0,2024-05-01 16:49:40,2,5,Otoño
102932,DIMENHIDRINATO 50MGX100TAB,PORTUGAL GENERICO,0.0,10.0,1.0,2024-05-01 18:30:22,1,5,Otoño
102932,DIMENHIDRINATO 50MGX100TAB,PORTUGAL GENERICO,0.0,10.0,1.0,2024-05-02 18:03:17,1,5,Otoño
102932,DIMENHIDRINATO 50MGX100TAB,PORTUGAL GENERICO,0.0,10.0,1.0,2024-05-04 11:32:36,2,5,Otoño
102932,DIMENHIDRINATO 50MGX100TAB,PORTUGAL GENERICO,0.0,20.0,2.0,2024-05-04 17:12:56,6,5,Otoño
102932,DIMENHIDRINATO 50MGX100TAB,PORTUGAL GENERICO,0.0,10.0,1.0,2024-05-06 17:00:55,1,5,Otoño
102932,DIMENHIDRINATO 50MGX100TAB,PORTUGAL GENERICO,0.0,8.0,0.8,2024-05-07 08:05:33,8,5,Otoño
102932,DIMENHIDRINATO 50MGX100TAB,PORTUGAL GENERICO,0.0,60.0,6.0,2024-05-07 16:55:03,10,5,Otoño
102932,DIMENHIDRINATO 50MGX100TAB,PORTUGAL GENERICO,0.0,15.0,1.5,2024-05-07 18:07:46,1,5,Otoño
102932,DIMENHIDRINATO 50MGX100TAB,PORTUGAL GENERICO,0.0,1.0,0.1,2024-05-10 14:58:26,10,5,Otoño
102932,DIMENHIDRINATO 50MGX100TAB,PORTUGAL GENERICO,0.0,10.0,1.0,2024-05-11 10:21:39,1,5,Otoño
102932,DIMENHIDRINATO 50MGX100TAB,PORTUGAL GENERICO,0.0,10.0,1.0,2024-05-13 09:18:43,12,5,Otoño
102932,DIMENHIDRINATO 50MGX100TAB,PORTUGAL GENERICO,0.0,10.0,1.0,2024-05-13 20:28:08,1,5,Otoño
102932,DIMENHIDRINATO 50MGX100TAB,PORTUGAL GENERICO,0.0,14.0,1.4,2024-05-14 20:11:17,6,5,Otoño
102932,DIMENHIDRINATO 50MGX100TAB,PORTUGAL GENERICO,0.0,5.0,0.5,2024-05-18 09:21:17,1,5,Otoño
102932,DIMENHIDRINATO 50MGX100TAB,PORTUGAL GENERICO,0.0,7.0,0.7,2024-05-18 11:16:30,1,5,Otoño
102932,DIMENHIDRINATO 50MGX100TAB,PORTUGAL GENERICO,0.0,10.0,1.0,2024-05-19 21:00:26,10,5,Otoño
102932,DIMENHIDRINATO 50MGX100TAB,PORTUGAL GENERICO,0.0,10.0,1.0,2024-05-21 18:17:19,1,5,Otoño
102932,DIMENHIDRINATO 50MGX100TAB,PORTUGAL GENERICO,0.0,10.0,1.0,2024-05-22 19:37:04,1,5,Otoño
102932,DIMENHIDRINATO 50MGX100TAB,PORTUGAL GENERICO,0.0,10.0,1.0,2024-05-26 19:39:44,1,5,Otoño
102932,DIMENHIDRINATO 50MGX100TAB,PORTUGAL GENERICO,0.0,20.0,2.0,2024-05-27 22:27:12,10,5,Otoño
102932,DIMENHIDRINATO 50MGX100TAB,PORTUGAL GENERICO,0.0,10.0,1.0,2024-05-28 17:15:03,1,5,Otoño
102932,DIMENHIDRINATO 50MGX100TAB,PORTUGAL GENERICO,0.0,10.0,1.0,2024-05-30 17:23:33,1,5,Otoño
102932,DIMENHIDRINATO 50MGX100TAB,PORTUGAL GENERICO,0.0,10.0,1.0,2024-06-03 19:49:37,7,6,Invierno
102932,DIMENHIDRINATO 50MGX100TAB,PORTUGAL GENERICO,0.0,10.0,1.0,2024-06-04 21:18:02,1,6,Invierno
102932,DIMENHIDRINATO 50MGX100TAB,PORTUGAL GENERICO,0.0,20.0,2.0,2024-06-05 12:53:09,2,6,Invierno
102932,DIMENHIDRINATO 50MGX100TAB,PORTUGAL GENERICO,0.0,20.0,2.0,2024-06-05 20:10:42,11,6,Invierno
102932,DIMENHIDRINATO 50MGX100TAB,PORTUGAL GENERICO,0.0,10.0,1.0,2024-06-06 18:38:32,1,6,Invierno
102932,DIMENHIDRINATO 50MGX100TAB,PORTUGAL GENERICO,0.0,10.0,1.0,2024-06-11 21:28:22,11,6,Invierno
102932,DIMENHIDRINATO 50MGX100TAB,PORTUGAL GENERICO,0.0,10.0,1.0,2024-06-14 07:44:54,1,6,Invierno
102932,DIMENHIDRINATO 50MGX100TAB,PORTUGAL GENERICO,0.0,10.0,1.0,2024-06-15 20:28:33,12,6,Invierno
102932,DIMENHIDRINATO 50MGX100TAB,PORTUGAL GENERICO,0.0,10.0,1.0,2024-06-15 21:03:08,12,6,Invierno
102932,DIMENHIDRINATO 50MGX100TAB,PORTUGAL GENERICO,0.0,10.0,1.0,2024-06-17 08:44:26,12,6,Invierno
102932,DIMENHIDRINATO 50MGX100TAB,PORTUGAL GENERICO,0.0,10.0,1.0,2024-06-21 10:49:53,11,6,Invierno
102932,DIMENHIDRINATO 50MGX100TAB,PORTUGAL GENERICO,0.0,9.0,0.9,2024-06-21 16:46:26,10,6,Invierno
102932,DIMENHIDRINATO 50MGX100TAB,PORTUGAL GENERICO,0.0,8.0,0.8,2024-06-24 17:17:19,11,6,Invierno
102932,DIMENHIDRINATO 50MGX100TAB,PORTUGAL GENERICO,0.0,30.0,3.0,2024-06-24 18:29:33,12,6,Invierno
102932,DIMENHIDRINATO 50MGX100TAB,PORTUGAL GENERICO,0.0,3.0,0.3,2024-06-26 09:33:31,1,6,Invierno
102932,DIMENHIDRINATO 50MGX100TAB,PORTUGAL GENERICO,0.0,10.0,1.0,2024-06-28 12:29:55,12,6,Invierno
102932,DIMENHIDRINATO 50MGX100TAB,PORTUGAL GENERICO,0.0,2.0,0.2,2024-07-04 20:22:27,4,7,Invierno
102932,DIMENHIDRINATO 50MG TAB. CJAX100UNID.,PORTUGAL GENERICO,0.0,30.0,3.0,2024-07-11 19:19:21,10,7,Invierno
102932,DIMENHIDRINATO 50MG TAB. CJAX100UNID.,PORTUGAL GENERICO,0.0,10.0,1.0,2024-07-12 09:17:33,10,7,Invierno
102932,DIMENHIDRINATO 50MG TAB. CJAX100UNID.,PORTUGAL GENERICO,0.0,10.0,1.0,2024-07-12 11:04:02,7,7,Invierno
102932,DIMENHIDRINATO 50MG TAB. CJAX100UNID.,PORTUGAL GENERICO,0.0,2.0,0.2,2024-07-12 17:15:43,7,7,Invierno
102932,DIMENHIDRINATO 50MG TAB. CJAX100UNID.,PORTUGAL GENERICO,0.0,20.0,2.0,2024-07-12 19:50:38,1,7,Invierno
102932,DIMENHIDRINATO 50MG TAB. CJAX100UNID.,PORTUGAL GENERICO,0.0,10.0,1.0,2024-07-13 09:31:32,7,7,Invierno
102932,DIMENHIDRINATO 50MG TAB. CJAX100UNID.,PORTUGAL GENERICO,0.0,10.0,1.0,2024-07-13 13:33:16,10,7,Invierno
102932,DIMENHIDRINATO 50MG TAB. CJAX100UNID.,PORTUGAL GENERICO,0.0,10.0,1.0,2024-07-13 18:45:34,1,7,Invierno
102932,DIMENHIDRINATO 50MG TAB. CJAX100UNID.,PORTUGAL GENERICO,0.0,5.0,0.5,2024-07-14 19:05:28,10,7,Invierno
102932,DIMENHIDRINATO 50MG TAB. CJAX100UNID.,PORTUGAL GENERICO,0.0,10.0,1.0,2024-07-16 22:25:42,1,7,Invierno
102932,DIMENHIDRINATO 50MG TAB. CJAX100UNID.,PORTUGAL GENERICO,0.0,20.0,2.0,2024-07-18 07:49:55,1,7,Invierno
102932,DIMENHIDRINATO 50MG TAB. CJAX100UNID.,PORTUGAL GENERICO,0.0,20.0,2.0,2024-07-18 12:36:33,10,7,Invierno
102932,DIMENHIDRINATO 50MG TAB. CJAX100UNID.,PORTUGAL GENERICO,0.0,10.0,1.0,2024-07-19 13:51:02,7,7,Invierno
102932,DIMENHIDRINATO 50MG TAB. CJAX100UNID.,PORTUGAL GENERICO,0.0,30.0,3.0,2024-07-19 18:24:48,10,7,Invierno
102932,DIMENHIDRINATO 50MG TAB. CJAX100UNID.,PORTUGAL GENERICO,0.0,10.0,1.0,2024-07-19 22:12:46,12,7,Invierno
102932,DIMENHIDRINATO 50MG TAB. CJAX100UNID.,PORTUGAL GENERICO,0.0,10.0,1.0,2024-07-20 09:55:48,6,7,Invierno
102932,DIMENHIDRINATO 50MG TAB. CJAX100UNID.,PORTUGAL GENERICO,0.0,9.0,0.9,2024-07-20 11:46:29,10,7,Invierno
102932,DIMENHIDRINATO 50MG TAB. CJAX100UNID.,PORTUGAL GENERICO,0.0,10.0,1.0,2024-07-20 13:24:26,8,7,Invierno
102932,DIMENHIDRINATO 50MG TAB. CJAX100UNID.,PORTUGAL GENERICO,0.0,10.0,1.0,2024-07-20 14:02:19,1,7,Invierno
102932,DIMENHIDRINATO 50MG TAB. CJAX100UNID.,PORTUGAL GENERICO,0.0,10.0,1.0,2024-07-20 14:19:07,6,7,Invierno
102932,DIMENHIDRINATO 50MG TAB. CJAX100UNID.,PORTUGAL GENERICO,0.0,30.0,3.0,2024-07-20 16:47:20,2,7,Invierno
102932,DIMENHIDRINATO 50MG TAB. CJAX100UNID.,PORTUGAL GENERICO,0.0,10.0,1.0,2024-07-20 17:01:03,1,7,Invierno
102932,DIMENHIDRINATO 50MG TAB. CJAX100UNID.,PORTUGAL GENERICO,0.0,10.0,1.0,2024-07-21 18:10:39,12,7,Invierno
102932,DIMENHIDRINATO 50MG TAB. CJAX100UNID.,PORTUGAL GENERICO,0.0,30.0,3.0,2024-07-21 20:12:54,10,7,Invierno
102932,DIMENHIDRINATO 50MG TAB. CJAX100UNID.,PORTUGAL GENERICO,0.0,10.0,1.0,2024-07-22 13:26:23,12,7,Invierno
102932,DIMENHIDRINATO 50MG TAB. CJAX100UNID.,PORTUGAL GENERICO,0.0,10.0,1.0,2024-07-22 14:31:30,7,7,Invierno
102932,DIMENHIDRINATO 50MG TAB. CJAX100UNID.,PORTUGAL GENERICO,0.0,20.0,2.0,2024-07-22 19:57:12,10,7,Invierno
102932,DIMENHIDRINATO 50MG TAB. CJAX100UNID.,PORTUGAL GENERICO,0.0,10.0,1.0,2024-07-22 20:17:57,1,7,Invierno
102932,DIMENHIDRINATO 50MG TAB. CJAX100UNID.,PORTUGAL GENERICO,0.0,10.0,1.0,2024-07-22 22:28:52,4,7,Invierno
102932,DIMENHIDRINATO 50MG TAB. CJAX100UNID.,PORTUGAL GENERICO,0.0,10.0,1.0,2024-07-23 08:44:19,12,7,Invierno
102932,DIMENHIDRINATO 50MG TAB. CJAX100UNID.,PORTUGAL GENERICO,0.0,50.0,5.0,2024-07-24 19:06:11,1,7,Invierno
102932,DIMENHIDRINATO 50MG TAB. CJAX100UNID.,PORTUGAL GENERICO,0.0,20.0,2.0,2024-07-24 21:39:12,7,7,Invierno
102932,DIMENHIDRINATO 50MG TAB. CJAX100UNID.,PORTUGAL GENERICO,0.0,10.0,1.0,2024-07-25 08:13:03,4,7,Invierno
102932,DIMENHIDRINATO 50MG TAB. CJAX100UNID.,PORTUGAL GENERICO,0.0,10.0,1.0,2024-07-25 09:57:06,8,7,Invierno
102932,DIMENHIDRINATO 50MG TAB. CJAX100UNID.,PORTUGAL GENERICO,0.0,10.0,1.0,2024-07-25 09:58:54,11,7,Invierno
102932,DIMENHIDRINATO 50MG TAB. CJAX100UNID.,PORTUGAL GENERICO,0.0,20.0,2.0,2024-07-26 09:14:47,1,7,Invierno
102932,DIMENHIDRINATO 50MG TAB. CJAX100UNID.,PORTUGAL GENERICO,0.0,10.0,1.0,2024-07-26 20:30:53,8,7,Invierno
102932,DIMENHIDRINATO 50MG TAB. CJAX100UNID.,PORTUGAL GENERICO,0.0,10.0,1.0,2024-07-27 19:00:12,1,7,Invierno
102932,DIMENHIDRINATO 50MG TAB. CJAX100UNID.,PORTUGAL GENERICO,0.0,10.0,1.0,2024-07-28 08:10:44,12,7,Invierno
102932,DIMENHIDRINATO 50MG TAB. CJAX100UNID.,PORTUGAL GENERICO,0.0,30.0,3.0,2024-07-28 12:47:28,2,7,Invierno
102932,DIMENHIDRINATO 50MG TAB. CJAX100UNID.,PORTUGAL GENERICO,0.0,10.0,1.0,2024-07-28 20:14:46,2,7,Invierno
102932,DIMENHIDRINATO 50MG TAB. CJAX100UNID.,PORTUGAL GENERICO,0.0,10.0,1.0,2024-07-29 18:27:19,8,7,Invierno
102932,DIMENHIDRINATO 50MG TAB. CJAX100UNID.,PORTUGAL GENERICO,0.0,20.0,2.0,2024-07-30 13:10:18,10,7,Invierno
102932,DIMENHIDRINATO 50MG TAB. CJAX100UNID.,PORTUGAL GENERICO,0.0,9.0,0.9,2024-07-30 14:23:16,12,7,Invierno
102932,DIMENHIDRINATO 50MG TAB. CJAX100UNID.,PORTUGAL GENERICO,0.0,20.0,2.0,2024-07-30 21:05:51,10,7,Invierno
102932,DIMENHIDRINATO 50MG TAB. CJAX100UNID.,PORTUGAL GENERICO,0.0,10.0,1.0,2024-07-31 09:21:15,3,7,Invierno
102932,DIMENHIDRINATO 50MG TAB. CJAX100UNID.,PORTUGAL GENERICO,0.0,10.0,0.9,2024-07-31 21:53:07,3,7,Invierno
102932,DIMENHIDRINATO 50MG TAB. CJAX100UNID.,PORTUGAL GENERICO,0.0,2.0,0.2,2024-08-01 07:10:51,1,8,Invierno
102932,DIMENHIDRINATO 50MG TAB. CJAX100UNID.,PORTUGAL GENERICO,0.0,10.0,1.0,2024-08-01 10:54:50,3,8,Invierno
102932,DIMENHIDRINATO 50MG TAB. CJAX100UNID.,PORTUGAL GENERICO,0.0,10.0,1.0,2024-08-01 17:08:27,2,8,Invierno
102932,DIMENHIDRINATO 50MG TAB. CJAX100UNID.,PORTUGAL GENERICO,0.0,10.0,1.0,2024-08-02 10:05:03,6,8,Invierno
102932,DIMENHIDRINATO 50MG TAB. CJAX100UNID.,PORTUGAL GENERICO,0.0,20.0,2.0,2024-08-02 10:56:09,1,8,Invierno
102932,DIMENHIDRINATO 50MG TAB. CJAX100UNID.,PORTUGAL GENERICO,0.0,10.0,1.0,2024-08-02 13:57:44,1,8,Invierno
102932,DIMENHIDRINATO 50MG TAB. CJAX100UNID.,PORTUGAL GENERICO,0.0,10.0,1.0,2024-08-02 16:08:59,1,8,Invierno
102932,DIMENHIDRINATO 50MG TAB. CJAX100UNID.,PORTUGAL GENERICO,0.0,1.0,0.1,2024-08-02 16:13:20,6,8,Invierno
102932,DIMENHIDRINATO 50MG TAB. CJAX100UNID.,PORTUGAL GENERICO,0.0,50.0,5.0,2024-08-03 16:11:32,1,8,Invierno
102932,DIMENHIDRINATO 50MG TAB. CJAX100UNID.,PORTUGAL GENERICO,0.0,30.0,3.0,2024-08-03 20:39:16,10,8,Invierno
102932,DIMENHIDRINATO 50MG TAB. CJAX100UNID.,PORTUGAL GENERICO,0.0,10.0,1.0,2024-08-04 20:46:46,10,8,Invierno
102932,DIMENHIDRINATO 50MG TAB. CJAX100UNID.,PORTUGAL GENERICO,0.0,10.0,0.9,2024-08-05 11:46:17,12,8,Invierno
102932,DIMENHIDRINATO 50MG TAB. CJAX100UNID.,PORTUGAL GENERICO,0.0,10.0,1.0,2024-08-05 13:35:01,7,8,Invierno
102932,DIMENHIDRINATO 50MG TAB. CJAX100UNID.,PORTUGAL GENERICO,0.0,2.0,0.2,2024-08-05 21:46:37,7,8,Invierno
102932,DIMENHIDRINATO 50MG TAB. CJAX100UNID.,PORTUGAL GENERICO,0.0,30.0,3.0,2024-08-06 20:20:50,10,8,Invierno
102932,DIMENHIDRINATO 50MG TAB. CJAX100UNID.,PORTUGAL GENERICO,0.0,2.0,0.2,2024-08-07 15:14:56,7,8,Invierno
102932,DIMENHIDRINATO 50MG TAB. CJAX100UNID.,PORTUGAL GENERICO,0.0,10.0,1.0,2024-08-08 12:24:47,1,8,Invierno
102932,DIMENHIDRINATO 50MG TAB. CJAX100UNID.,PORTUGAL GENERICO,0.0,10.0,1.0,2024-08-08 12:35:35,6,8,Invierno
102932,DIMENHIDRINATO 50MG TAB. CJAX100UNID.,PORTUGAL GENERICO,0.0,2.0,0.2,2024-08-08 13:21:48,7,8,Invierno
102932,DIMENHIDRINATO 50MG TAB. CJAX100UNID.,PORTUGAL GENERICO,0.0,10.0,1.0,2024-08-08 21:23:15,1,8,Invierno
102932,DIMENHIDRINATO 50MG TAB. CJAX100UNID.,PORTUGAL GENERICO,0.0,20.0,2.0,2024-08-09 18:35:53,6,8,Invierno
102932,DIMENHIDRINATO 50MG TAB. CJAX100UNID.,PORTUGAL GENERICO,0.0,10.0,1.0,2024-08-09 18:55:29,6,8,Invierno
102932,DIMENHIDRINATO 50MG TAB. CJAX100UNID.,PORTUGAL GENERICO,0.0,10.0,1.0,2024-08-09 21:22:09,4,8,Invierno
102932,DIMENHIDRINATO 50MG TAB. CJAX100UNID.,PORTUGAL GENERICO,0.0,10.0,1.0,2024-08-10 11:16:31,1,8,Invierno
102932,DIMENHIDRINATO 50MG TAB. CJAX100UNID.,PORTUGAL GENERICO,0.0,10.0,1.0,2024-08-11 18:51:47,7,8,Invierno
102932,DIMENHIDRINATO 50MG TAB. CJAX100UNID.,PORTUGAL GENERICO,0.0,10.0,1.0,2024-08-11 19:32:11,7,8,Invierno
102932,DIMENHIDRINATO 50MG TAB. CJAX100UNID.,PORTUGAL GENERICO,0.0,10.0,1.0,2024-08-11 22:57:03,4,8,Invierno
102932,DIMENHIDRINATO 50MG TAB. CJAX100UNID.,PORTUGAL GENERICO,0.0,10.0,1.0,2024-08-12 12:33:29,8,8,Invierno
102932,DIMENHIDRINATO 50MG TAB. CJAX100UNID.,PORTUGAL GENERICO,0.0,8.0,0.8,2024-08-12 19:46:46,1,8,Invierno
102932,DIMENHIDRINATO 50MG TAB. CJAX100UNID.,PORTUGAL GENERICO,0.0,10.0,1.0,2024-08-13 12:40:31,6,8,Invierno
102932,DIMENHIDRINATO 50MG TAB. CJAX100UNID.,PORTUGAL GENERICO,0.0,10.0,1.0,2024-08-13 15:28:53,11,8,Invierno
102932,DIMENHIDRINATO 50MG TAB. CJAX100UNID.,PORTUGAL GENERICO,0.0,10.0,1.0,2024-08-14 20:33:36,2,8,Invierno
102932,DIMENHIDRINATO 50MG TAB. CJAX100UNID.,PORTUGAL GENERICO,0.0,30.0,3.0,2024-08-15 13:05:59,3,8,Invierno
102932,DIMENHIDRINATO 50MG TAB. CJAX100UNID.,PORTUGAL GENERICO,0.0,10.0,1.0,2024-08-15 13:12:58,6,8,Invierno
102932,DIMENHIDRINATO 50MG TAB. CJAX100UNID.,PORTUGAL GENERICO,0.0,10.0,1.0,2024-08-16 20:19:58,8,8,Invierno
102932,DIMENHIDRINATO 50MG TAB. CJAX100UNID.,PORTUGAL GENERICO,0.0,10.0,1.0,2024-08-16 22:07:14,12,8,Invierno
102932,DIMENHIDRINATO 50MG TAB. CJAX100UNID.,PORTUGAL GENERICO,0.0,40.0,4.0,2024-08-16 22:49:11,12,8,Invierno
102932,DIMENHIDRINATO 50MG TAB. CJAX100UNID.,PORTUGAL GENERICO,0.0,20.0,2.0,2024-08-17 21:13:41,6,8,Invierno
102932,DIMENHIDRINATO 50MG TAB. CJAX100UNID.,PORTUGAL GENERICO,0.0,10.0,1.0,2024-08-18 16:37:18,6,8,Invierno
102932,DIMENHIDRINATO 50MG TAB. CJAX100UNID.,PORTUGAL GENERICO,0.0,10.0,1.0,2024-08-19 17:32:53,6,8,Invierno
102932,DIMENHIDRINATO 50MG TAB. CJAX100UNID.,PORTUGAL GENERICO,0.0,1.0,0.1,2024-08-20 16:11:19,12,8,Invierno
102932,DIMENHIDRINATO 50MG TAB. CJAX100UNID.,PORTUGAL GENERICO,0.0,10.0,1.0,2024-08-21 17:29:37,6,8,Invierno
102932,DIMENHIDRINATO 50MG TAB. CJAX100UNID.,PORTUGAL GENERICO,0.0,30.0,3.0,2024-08-21 20:15:23,3,8,Invierno
102932,DIMENHIDRINATO 50MG TAB. CJAX100UNID.,PORTUGAL GENERICO,0.0,10.0,1.0,2024-08-22 17:45:27,11,8,Invierno
102932,DIMENHIDRINATO 50MG TAB. CJAX100UNID.,PORTUGAL GENERICO,0.0,5.0,0.5,2024-08-24 15:34:12,12,8,Invierno
102932,DIMENHIDRINATO 50MG TAB. CJAX100UNID.,PORTUGAL GENERICO,0.0,50.0,5.0,2024-08-26 10:55:29,2,8,Invierno
102932,DIMENHIDRINATO 50MG TAB. CJAX100UNID.,PORTUGAL GENERICO,0.0,10.0,1.0,2024-08-26 13:16:02,10,8,Invierno
102932,DIMENHIDRINATO 50MG TAB. CJAX100UNID.,PORTUGAL GENERICO,0.0,19.0,1.9,2024-08-26 14:48:23,6,8,Invierno
102932,DIMENHIDRINATO 50MG TAB. CJAX100UNID.,PORTUGAL GENERICO,0.0,20.0,2.0,2024-08-28 13:51:09,2,8,Invierno
102932,DIMENHIDRINATO 50MG TAB. CJAX100UNID.,PORTUGAL GENERICO,0.0,10.0,1.0,2024-08-29 09:45:48,11,8,Invierno
102932,DIMENHIDRINATO 50MG TAB. CJAX100UNID.,PORTUGAL GENERICO,0.0,20.0,2.0,2024-08-29 12:17:13,11,8,Invierno
102932,DIMENHIDRINATO 50MG TAB. CJAX100UNID.,PORTUGAL GENERICO,0.0,16.0,1.6,2024-08-29 20:27:43,10,8,Invierno
102932,DIMENHIDRINATO 50MG TAB. CJAX100UNID.,PORTUGAL GENERICO,0.0,10.0,1.0,2024-08-30 17:16:44,12,8,Invierno
102932,DIMENHIDRINATO 50MG TAB. CJAX100UNID.,PORTUGAL GENERICO,0.0,20.0,2.0,2024-08-30 17:43:23,2,8,Invierno
102932,DIMENHIDRINATO 50MG TAB. CJAX100UNID.,PORTUGAL GENERICO,0.0,10.0,1.0,2024-08-31 11:22:36,9,8,Invierno
102932,DIMENHIDRINATO 50MG TAB. CJAX100UNID.,PORTUGAL GENERICO,0.0,10.0,1.0,2024-08-31 21:21:48,9,8,Invierno
102932,DIMENHIDRINATO 50MG TAB. CJAX100UNID.,PORTUGAL GENERICO,0.0,10.0,1.0,2024-09-01 17:52:19,4,9,Primavera
102932,DIMENHIDRINATO 50MG TAB. CJAX100UNID.,PORTUGAL GENERICO,0.0,10.0,1.0,2024-09-02 15:35:39,11,9,Primavera
102932,DIMENHIDRINATO 50MG TAB. CJAX100UNID.,PORTUGAL GENERICO,0.0,10.0,1.0,2024-09-02 19:41:06,8,9,Primavera
102932,DIMENHIDRINATO 50MG TAB. CJAX100UNID.,PORTUGAL GENERICO,0.0,8.0,0.8,2024-09-02 21:19:27,12,9,Primavera
102932,DIMENHIDRINATO 50MG TAB. CJAX100UNID.,PORTUGAL GENERICO,0.0,10.0,1.0,2024-09-03 12:50:50,11,9,Primavera
102932,DIMENHIDRINATO 50MG TAB. CJAX100UNID.,PORTUGAL GENERICO,0.0,20.0,2.0,2024-09-04 11:32:08,3,9,Primavera
102932,DIMENHIDRINATO 50MG TAB. CJAX100UNID.,PORTUGAL GENERICO,0.0,10.0,1.0,2024-09-08 19:30:08,12,9,Primavera
102932,DIMENHIDRINATO 50MG TAB. CJAX100UNID.,PORTUGAL GENERICO,0.0,20.0,2.0,2024-09-09 11:14:21,10,9,Primavera
102932,DIMENHIDRINATO 50MG TAB. CJAX100UNID.,PORTUGAL GENERICO,0.0,10.0,1.0,2024-09-11 14:16:14,2,9,Primavera
102932,DIMENHIDRINATO 50MG TAB. CJAX100UNID.,PORTUGAL GENERICO,0.0,10.0,1.0,2024-09-11 19:55:20,3,9,Primavera
102932,DIMENHIDRINATO 50MG TAB. CJAX100UNID.,PORTUGAL GENERICO,0.0,10.0,1.0,2024-09-12 13:51:02,3,9,Primavera
102932,DIMENHIDRINATO 50MG TAB. CJAX100UNID.,PORTUGAL GENERICO,0.0,20.0,2.0,2024-09-12 18:18:38,11,9,Primavera
102932,DIMENHIDRINATO 50MG TAB. CJAX100UNID.,PORTUGAL GENERICO,0.0,15.0,1.5,2024-09-13 11:37:57,8,9,Primavera
102932,DIMENHIDRINATO 50MG TAB. CJAX100UNID.,PORTUGAL GENERICO,0.0,2.0,0.2,2024-09-13 18:35:33,3,9,Primavera
102932,DIMENHIDRINATO 50MG TAB. CJAX100UNID.,PORTUGAL GENERICO,0.0,40.0,4.0,2024-09-14 15:42:20,12,9,Primavera
102932,DIMENHIDRINATO 50MG TAB. CJAX100UNID.,PORTUGAL GENERICO,0.0,7.0,0.7,2024-09-14 21:24:00,12,9,Primavera
102932,DIMENHIDRINATO 50MG TAB. CJAX100UNID.,PORTUGAL GENERICO,0.0,10.0,1.0,2024-09-15 19:33:01,7,9,Primavera
102932,DIMENHIDRINATO 50MG TAB. CJAX100UNID.,PORTUGAL GENERICO,0.0,10.0,1.0,2024-09-16 13:06:23,9,9,Primavera
102932,DIMENHIDRINATO 50MG TAB. CJAX100UNID.,PORTUGAL GENERICO,0.0,10.0,1.0,2024-09-17 12:05:54,2,9,Primavera
102932,DIMENHIDRINATO 50MG TAB. CJAX100UNID.,PORTUGAL GENERICO,0.0,30.0,3.0,2024-09-18 11:39:47,3,9,Primavera
102932,DIMENHIDRINATO 50MG TAB. CJAX100UNID.,PORTUGAL GENERICO,0.0,10.0,1.0,2024-09-18 12:36:22,8,9,Primavera
102932,DIMENHIDRINATO 50MG TAB. CJAX100UNID.,PORTUGAL GENERICO,0.0,10.0,1.0,2024-09-20 10:07:22,11,9,Primavera
102932,DIMENHIDRINATO 50MG TAB. CJAX100UNID.,PORTUGAL GENERICO,0.0,10.0,1.0,2024-09-21 22:59:00,12,9,Primavera
102932,DIMENHIDRINATO 50MG TAB. CJAX100UNID.,PORTUGAL GENERICO,0.0,90.0,9.0,2024-09-23 10:09:24,12,9,Primavera
102932,DIMENHIDRINATO 50MG TAB. CJAX100UNID.,PORTUGAL GENERICO,0.0,40.0,4.0,2024-09-23 20:41:21,10,9,Primavera
102932,DIMENHIDRINATO 50MG TAB. CJAX100UNID.,PORTUGAL GENERICO,0.0,-9.0,-0.9,2024-09-25 12:00:00,9,9,Primavera
102932,DIMENHIDRINATO 50MG TAB. CJAX100UNID.,PORTUGAL GENERICO,0.0,10.0,1.0,2024-09-25 17:46:56,4,9,Primavera
102932,DIMENHIDRINATO 50MG TAB. CJAX100UNID.,PORTUGAL GENERICO,0.0,9.0,0.9,2024-09-25 19:24:20,9,9,Primavera
102932,DIMENHIDRINATO 50MG TAB. CJAX100UNID.,PORTUGAL GENERICO,0.0,9.0,0.9,2024-09-25 19:28:52,9,9,Primavera
102932,DIMENHIDRINATO 50MG TAB. CJAX100UNID.,PORTUGAL GENERICO,0.0,9.0,0.9,2024-09-25 19:30:14,9,9,Primavera
102932,DIMENHIDRINATO 50MG TAB. CJAX100UNID.,PORTUGAL GENERICO,0.0,5.0,0.5,2024-09-25 22:33:44,4,9,Primavera
102932,DIMENHIDRINATO 50MG TAB. CJAX100UNID.,PORTUGAL GENERICO,0.0,40.0,4.0,2024-09-27 16:13:15,10,9,Primavera
102932,DIMENHIDRINATO 50MG TAB. CJAX100UNID.,PORTUGAL GENERICO,0.0,10.0,1.0,2024-09-28 14:02:53,8,9,Primavera
102932,DIMENHIDRINATO 50MG TAB. CJAX100UNID.,PORTUGAL GENERICO,0.0,30.0,3.0,2024-09-28 15:42:06,6,9,Primavera
102932,DIMENHIDRINATO 50MG TAB. CJAX100UNID.,PORTUGAL GENERICO,0.0,10.0,1.0,2024-09-28 16:10:33,2,9,Primavera
102932,DIMENHIDRINATO 50MG TAB. CJAX100UNID.,PORTUGAL GENERICO,0.0,10.0,1.0,2024-09-29 16:42:28,7,9,Primavera
102932,DIMENHIDRINATO 50MG TAB. CJAX100UNID.,PORTUGAL GENERICO,0.0,5.0,0.5,2024-09-30 14:10:33,3,9,Primavera
102932,DIMENHIDRINATO 50MG TAB. CJAX100UNID.,PORTUGAL GENERICO,0.0,3.0,0.3,2024-09-30 21:10:57,8,9,Primavera
102932,DIMENHIDRINATO 50MG TAB. CJAX100UNID.,PORTUGAL GENERICO,0.0,10.0,1.0,2024-09-30 21:34:23,7,9,Primavera
102932,DIMENHIDRINATO 50MG TAB. CJAX100UNID.,PORTUGAL GENERICO,0.0,10.0,1.0,2024-10-01 10:56:54,1,10,Primavera
102932,DIMENHIDRINATO 50MG TAB. CJAX100UNID.,PORTUGAL GENERICO,0.0,-30.0,-3.0,2024-10-01 12:00:00,6,10,Primavera
102932,DIMENHIDRINATO 50MG TAB. CJAX100UNID.,PORTUGAL GENERICO,0.0,10.0,1.0,2024-10-01 19:12:54,9,10,Primavera
102932,DIMENHIDRINATO 50MG TAB. CJAX100UNID.,PORTUGAL GENERICO,0.0,30.0,3.0,2024-10-01 20:24:45,6,10,Primavera
102932,DIMENHIDRINATO 50MG TAB. CJAX100UNID.,PORTUGAL GENERICO,0.0,30.0,3.0,2024-10-01 20:26:27,6,10,Primavera
102932,DIMENHIDRINATO 50MG TAB. CJAX100UNID.,PORTUGAL GENERICO,0.0,40.0,4.0,2024-10-01 20:45:59,10,10,Primavera
102932,DIMENHIDRINATO 50MG TAB. CJAX100UNID.,PORTUGAL GENERICO,0.0,10.0,1.0,2024-10-02 17:54:28,10,10,Primavera
102932,DIMENHIDRINATO 50MG TAB. CJAX100UNID.,PORTUGAL GENERICO,0.0,10.0,1.0,2024-10-02 17:59:47,8,10,Primavera
102932,DIMENHIDRINATO 50MG TAB. CJAX100UNID.,PORTUGAL GENERICO,0.0,40.0,4.0,2024-10-02 19:53:46,10,10,Primavera
102932,DIMENHIDRINATO 50MG TAB. CJAX100UNID.,PORTUGAL GENERICO,0.0,10.0,1.0,2024-10-02 21:22:47,10,10,Primavera
102932,DIMENHIDRINATO 50MG TAB. CJAX100UNID.,PORTUGAL GENERICO,0.0,10.0,1.0,2024-10-03 21:11:31,7,10,Primavera
102932,DIMENHIDRINATO 50MG TAB. CJAX100UNID.,PORTUGAL GENERICO,0.0,20.0,2.0,2024-10-04 10:29:01,3,10,Primavera
102932,DIMENHIDRINATO 50MG TAB. CJAX100UNID.,PORTUGAL GENERICO,0.0,10.0,1.0,2024-10-04 11:36:20,6,10,Primavera
102932,DIMENHIDRINATO 50MG TAB. CJAX100UNID.,PORTUGAL GENERICO,0.0,10.0,1.0,2024-10-04 17:09:35,9,10,Primavera
102932,DIMENHIDRINATO 50MG TAB. CJAX100UNID.,PORTUGAL GENERICO,0.0,10.0,1.0,2024-10-04 20:13:01,2,10,Primavera
102932,DIMENHIDRINATO 50MG TAB. CJAX100UNID.,PORTUGAL GENERICO,0.0,20.0,2.0,2024-10-05 19:38:24,10,10,Primavera
102932,DIMENHIDRINATO 50MG TAB. CJAX100UNID.,PORTUGAL GENERICO,0.0,10.0,1.0,2024-10-05 19:54:05,4,10,Primavera
102932,DIMENHIDRINATO 50MG TAB. CJAX100UNID.,PORTUGAL GENERICO,0.0,10.0,1.0,2024-10-06 11:31:10,12,10,Primavera
102932,DIMENHIDRINATO 50MG TAB. CJAX100UNID.,PORTUGAL GENERICO,0.0,10.0,1.0,2024-10-06 17:02:12,7,10,Primavera
102932,DIMENHIDRINATO 50MG TAB. CJAX100UNID.,PORTUGAL GENERICO,0.0,9.0,0.9,2024-10-06 22:17:50,4,10,Primavera
102932,DIMENHIDRINATO 50MG TAB. CJAX100UNID.,PORTUGAL GENERICO,0.0,10.0,1.0,2024-10-08 12:33:36,7,10,Primavera
102932,DIMENHIDRINATO 50MG TAB. CJAX100UNID.,PORTUGAL GENERICO,0.0,20.0,2.0,2024-10-08 16:28:12,13,10,Primavera
102932,DIMENHIDRINATO 50MG TAB. CJAX100UNID.,PORTUGAL GENERICO,0.0,10.0,1.0,2024-10-08 19:57:32,13,10,Primavera
102932,DIMENHIDRINATO 50MG TAB. CJAX100UNID.,PORTUGAL GENERICO,0.0,10.0,1.0,2024-10-09 20:39:03,8,10,Primavera
102932,DIMENHIDRINATO 50MG TAB. CJAX100UNID.,PORTUGAL GENERICO,0.0,10.0,1.0,2024-10-10 18:44:16,10,10,Primavera
102932,DIMENHIDRINATO 50MG TAB. CJAX100UNID.,PORTUGAL GENERICO,0.0,10.0,1.0,2024-10-12 09:02:47,2,10,Primavera
102932,DIMENHIDRINATO 50MG TAB. CJAX100UNID.,PORTUGAL GENERICO,0.0,20.0,2.0,2024-10-12 12:38:36,3,10,Primavera
102932,DIMENHIDRINATO 50MG TAB. CJAX100UNID.,PORTUGAL GENERICO,0.0,10.0,1.0,2024-10-12 14:48:38,3,10,Primavera
102932,DIMENHIDRINATO 50MG TAB. CJAX100UNID.,PORTUGAL GENERICO,0.0,10.0,1.0,2024-10-12 18:30:34,2,10,Primavera
102932,DIMENHIDRINATO 50MG TAB. CJAX100UNID.,PORTUGAL GENERICO,0.0,50.0,5.0,2024-10-12 22:03:41,10,10,Primavera
102932,DIMENHIDRINATO 50MG TAB. CJAX100UNID.,PORTUGAL GENERICO,0.0,1.0,0.1,2024-10-13 09:33:57,2,10,Primavera
102932,DIMENHIDRINATO 50MG TAB. CJAX100UNID.,PORTUGAL GENERICO,0.0,10.0,1.0,2024-10-13 17:41:55,12,10,Primavera
102932,DIMENHIDRINATO 50MG TAB. CJAX100UNID.,PORTUGAL GENERICO,0.0,10.0,1.0,2024-10-13 18:04:51,8,10,Primavera
102932,DIMENHIDRINATO 50MG TAB. CJAX100UNID.,PORTUGAL GENERICO,0.0,10.0,1.0,2024-10-13 18:32:33,6,10,Primavera
102932,DIMENHIDRINATO 50MG TAB. CJAX100UNID.,PORTUGAL GENERICO,0.0,20.0,2.0,2024-10-14 11:38:38,3,10,Primavera
102932,DIMENHIDRINATO 50MG TAB. CJAX100UNID.,PORTUGAL GENERICO,0.0,10.0,1.0,2024-10-15 14:22:55,12,10,Primavera
102932,DIMENHIDRINATO 50MG TAB. CJAX100UNID.,PORTUGAL GENERICO,0.0,10.0,1.0,2024-10-15 19:49:35,8,10,Primavera
102932,DIMENHIDRINATO 50MG TAB. CJAX100UNID.,PORTUGAL GENERICO,0.0,10.0,1.0,2024-10-16 13:07:46,1,10,Primavera
102932,DIMENHIDRINATO 50MG TAB. CJAX100UNID.,PORTUGAL GENERICO,0.0,10.0,1.0,2024-10-16 17:08:40,13,10,Primavera
102932,DIMENHIDRINATO 50MG TAB. CJAX100UNID.,PORTUGAL GENERICO,0.0,40.0,4.0,2024-10-16 17:25:51,10,10,Primavera
102932,DIMENHIDRINATO 50MG TAB. CJAX100UNID.,PORTUGAL GENERICO,0.0,40.0,4.0,2024-10-16 20:07:59,6,10,Primavera
102932,DIMENHIDRINATO 50MG TAB. CJAX100UNID.,PORTUGAL GENERICO,0.0,10.0,1.0,2024-10-17 15:09:51,2,10,Primavera
102932,DIMENHIDRINATO 50MG TAB. CJAX100UNID.,PORTUGAL GENERICO,0.0,40.0,4.0,2024-10-18 09:58:24,3,10,Primavera
102932,DIMENHIDRINATO 50MG TAB. CJAX100UNID.,PORTUGAL GENERICO,0.0,10.0,1.0,2024-10-18 10:09:36,12,10,Primavera
102932,DIMENHIDRINATO 50MG TAB. CJAX100UNID.,PORTUGAL GENERICO,0.0,10.0,1.0,2024-10-18 12:59:32,11,10,Primavera
102932,DIMENHIDRINATO 50MG TAB. CJAX100UNID.,PORTUGAL GENERICO,0.0,9.0,0.9,2024-10-18 18:15:30,1,10,Primavera
102932,DIMENHIDRINATO 50MG TAB. CJAX100UNID.,PORTUGAL GENERICO,0.0,10.0,1.0,2024-10-18 21:02:17,3,10,Primavera
102932,DIMENHIDRINATO 50MG TAB. CJAX100UNID.,PORTUGAL GENERICO,0.0,1.0,0.1,2024-10-21 11:59:50,9,10,Primavera
102932,DIMENHIDRINATO 50MG TAB. CJAX100UNID.,PORTUGAL GENERICO,0.0,10.0,1.0,2024-10-21 19:14:48,11,10,Primavera
102932,DIMENHIDRINATO 50MG TAB. CJAX100UNID.,PORTUGAL GENERICO,0.0,10.0,0.9,2024-10-21 19:52:40,13,10,Primavera
102932,DIMENHIDRINATO 50MG TAB. CJAX100UNID.,PORTUGAL GENERICO,0.0,2.0,0.2,2024-10-21 23:05:19,4,10,Primavera
102932,DIMENHIDRINATO 50MG TAB. CJAX100UNID.,PORTUGAL GENERICO,0.0,20.0,2.0,2024-10-22 08:43:58,13,10,Primavera
102932,DIMENHIDRINATO 50MG TAB. CJAX100UNID.,PORTUGAL GENERICO,0.0,10.0,1.0,2024-10-22 10:35:16,3,10,Primavera
102932,DIMENHIDRINATO 50MG TAB. CJAX100UNID.,PORTUGAL GENERICO,0.0,10.0,1.0,2024-10-22 19:51:33,2,10,Primavera
102932,DIMENHIDRINATO 50MG TAB. CJAX100UNID.,PORTUGAL GENERICO,0.0,10.0,1.0,2024-10-22 20:02:04,3,10,Primavera
102932,DIMENHIDRINATO 50MG TAB. CJAX100UNID.,PORTUGAL GENERICO,0.0,10.0,1.0,2024-10-23 12:54:15,4,10,Primavera
102932,DIMENHIDRINATO 50MG TAB. CJAX100UNID.,PORTUGAL GENERICO,0.0,10.0,1.0,2024-10-23 16:25:32,7,10,Primavera
102932,DIMENHIDRINATO 50MG TAB. CJAX100UNID.,PORTUGAL GENERICO,0.0,20.0,2.0,2024-10-23 17:31:45,13,10,Primavera
102932,DIMENHIDRINATO 50MG TAB. CJAX100UNID.,PORTUGAL GENERICO,0.0,10.0,1.0,2024-10-23 18:40:18,12,10,Primavera
102932,DIMENHIDRINATO 50MG TAB. CJAX100UNID.,PORTUGAL GENERICO,0.0,10.0,1.0,2024-10-24 08:37:15,13,10,Primavera
102932,DIMENHIDRINATO 50MG TAB. CJAX100UNID.,PORTUGAL GENERICO,0.0,10.0,1.0,2024-10-24 20:40:10,11,10,Primavera
102932,DIMENHIDRINATO 50MG TAB. CJAX100UNID.,PORTUGAL GENERICO,0.0,10.0,1.0,2024-10-24 21:45:08,12,10,Primavera
102932,DIMENHIDRINATO 50MG TAB. CJAX100UNID.,PORTUGAL GENERICO,0.0,10.0,0.9,2024-10-25 14:12:28,6,10,Primavera
102932,DIMENHIDRINATO 50MG TAB. CJAX100UNID.,PORTUGAL GENERICO,0.0,-10.0,-1.0,2024-10-26 12:00:00,4,10,Primavera
102932,DIMENHIDRINATO 50MG TAB. CJAX100UNID.,PORTUGAL GENERICO,0.0,10.0,1.0,2024-10-26 16:14:45,4,10,Primavera
102932,DIMENHIDRINATO 50MG TAB. CJAX100UNID.,PORTUGAL GENERICO,0.0,10.0,1.0,2024-10-26 16:26:32,4,10,Primavera
102932,DIMENHIDRINATO 50MG TAB. CJAX100UNID.,PORTUGAL GENERICO,0.0,10.0,1.0,2024-10-26 19:07:01,6,10,Primavera
102932,DIMENHIDRINATO 50MG TAB. CJAX100UNID.,PORTUGAL GENERICO,0.0,10.0,1.0,2024-10-27 10:41:18,4,10,Primavera
102932,DIMENHIDRINATO 50MG TAB. CJAX100UNID.,PORTUGAL GENERICO,0.0,10.0,1.0,2024-10-27 13:04:38,9,10,Primavera
102932,DIMENHIDRINATO 50MG TAB. CJAX100UNID.,PORTUGAL GENERICO,0.0,10.0,1.0,2024-10-27 17:47:39,6,10,Primavera
102932,DIMENHIDRINATO 50MG TAB. CJAX100UNID.,PORTUGAL GENERICO,0.0,20.0,2.0,2024-10-27 20:42:09,3,10,Primavera
102932,DIMENHIDRINATO 50MG TAB. CJAX100UNID.,PORTUGAL GENERICO,0.0,20.0,2.0,2024-10-27 21:56:21,13,10,Primavera
102932,DIMENHIDRINATO 50MG TAB. CJAX100UNID.,PORTUGAL GENERICO,0.0,10.0,1.0,2024-10-28 09:58:27,3,10,Primavera
102932,DIMENHIDRINATO 50MG TAB. CJAX100UNID.,PORTUGAL GENERICO,0.0,30.0,3.0,2024-10-28 17:00:27,4,10,Primavera
102932,DIMENHIDRINATO 50MG TAB. CJAX100UNID.,PORTUGAL GENERICO,0.0,10.0,1.0,2024-10-28 18:22:34,13,10,Primavera
102932,DIMENHIDRINATO 50MG TAB. CJAX100UNID.,PORTUGAL GENERICO,0.0,10.0,1.0,2024-10-28 18:23:11,13,10,Primavera
102932,DIMENHIDRINATO 50MG TAB. CJAX100UNID.,PORTUGAL GENERICO,0.0,10.0,1.0,2024-10-28 19:20:00,8,10,Primavera
102932,DIMENHIDRINATO 50MG TAB. CJAX100UNID.,PORTUGAL GENERICO,0.0,10.0,1.0,2024-10-30 07:34:36,1,10,Primavera
102932,DIMENHIDRINATO 50MG TAB. CJAX100UNID.,PORTUGAL GENERICO,0.0,10.0,1.0,2024-10-30 10:55:14,3,10,Primavera
102932,DIMENHIDRINATO 50MG TAB. CJAX100UNID.,PORTUGAL GENERICO,0.0,10.0,1.0,2024-10-30 18:14:13,2,10,Primavera
102932,DIMENHIDRINATO 50MG TAB. CJAX100UNID.,PORTUGAL GENERICO,0.0,10.0,0.9,2024-10-30 20:22:14,3,10,Primavera
102932,DIMENHIDRINATO 50MG TAB. CJAX100UNID.,PORTUGAL GENERICO,0.0,10.0,1.0,2024-11-01 11:11:53,1,11,Primavera
102932,DIMENHIDRINATO 50MG TAB. CJAX100UNID.,PORTUGAL GENERICO,0.0,10.0,1.0,2024-11-01 12:12:54,7,11,Primavera
102932,DIMENHIDRINATO 50MG TAB. CJAX100UNID.,PORTUGAL GENERICO,0.0,20.0,2.0,2024-11-01 13:59:34,2,11,Primavera
102932,DIMENHIDRINATO 50MG TAB. CJAX100UNID.,PORTUGAL GENERICO,0.0,10.0,1.0,2024-11-02 17:29:52,12,11,Primavera
102932,DIMENHIDRINATO 50MG TAB. CJAX100UNID.,PORTUGAL GENERICO,0.0,10.0,1.0,2024-11-02 21:48:46,9,11,Primavera
102932,DIMENHIDRINATO 50MG TAB. CJAX100UNID.,PORTUGAL GENERICO,0.0,10.0,1.0,2024-11-03 14:36:47,3,11,Primavera
102932,DIMENHIDRINATO 50MG TAB. CJAX100UNID.,PORTUGAL GENERICO,0.0,2.0,0.2,2024-11-04 13:36:40,6,11,Primavera
102932,DIMENHIDRINATO 50MG TAB. CJAX100UNID.,PORTUGAL GENERICO,0.0,10.0,1.0,2024-11-04 13:52:36,2,11,Primavera
102932,DIMENHIDRINATO 50MG TAB. CJAX100UNID.,PORTUGAL GENERICO,0.0,40.0,4.0,2024-11-04 16:30:47,8,11,Primavera
102932,DIMENHIDRINATO 50MG TAB. CJAX100UNID.,PORTUGAL GENERICO,0.0,10.0,1.0,2024-11-04 16:46:32,11,11,Primavera
102932,DIMENHIDRINATO 50MG TAB. CJAX100UNID.,PORTUGAL GENERICO,0.0,10.0,1.0,2024-11-04 20:45:22,1,11,Primavera
102932,DIMENHIDRINATO 50MG TAB. CJAX100UNID.,PORTUGAL GENERICO,0.0,5.0,0.5,2024-11-06 14:10:31,9,11,Primavera
102932,DIMENHIDRINATO 50MG TAB. CJAX100UNID.,PORTUGAL GENERICO,0.0,10.0,1.0,2024-11-06 16:14:37,13,11,Primavera
102932,DIMENHIDRINATO 50MG TAB. CJAX100UNID.,PORTUGAL GENERICO,0.0,20.0,2.0,2024-11-06 18:54:28,6,11,Primavera
102932,DIMENHIDRINATO 50MG TAB. CJAX100UNID.,PORTUGAL GENERICO,0.0,10.0,1.0,2024-11-07 11:51:42,1,11,Primavera
102932,DIMENHIDRINATO 50MG TAB. CJAX100UNID.,PORTUGAL GENERICO,0.0,5.0,0.5,2024-11-08 08:02:37,6,11,Primavera
102932,DIMENHIDRINATO 50MG TAB. CJAX100UNID.,PORTUGAL GENERICO,0.0,10.0,1.0,2024-11-08 10:20:40,2,11,Primavera
102932,DIMENHIDRINATO 50MG TAB. CJAX100UNID.,PORTUGAL GENERICO,0.0,-5.0,-0.5,2024-11-08 12:00:00,6,11,Primavera
102932,DIMENHIDRINATO 50MG TAB. CJAX100UNID.,PORTUGAL GENERICO,0.0,10.0,1.0,2024-11-08 21:00:51,11,11,Primavera
102932,DIMENHIDRINATO 50MG TAB. CJAX100UNID.,PORTUGAL GENERICO,0.0,10.0,1.0,2024-11-10 09:15:45,13,11,Primavera
102932,DIMENHIDRINATO 50MG TAB. CJAX100UNID.,PORTUGAL GENERICO,0.0,10.0,1.0,2024-11-11 16:15:38,9,11,Primavera
102932,DIMENHIDRINATO 50MG TAB. CJAX100UNID.,PORTUGAL GENERICO,0.0,20.0,2.0,2024-11-12 08:54:33,3,11,Primavera
102932,DIMENHIDRINATO 50MG TAB. CJAX100UNID.,PORTUGAL GENERICO,0.0,10.0,1.0,2024-11-12 10:37:47,8,11,Primavera
102932,DIMENHIDRINATO 50MG TAB. CJAX100UNID.,PORTUGAL GENERICO,0.0,10.0,1.0,2024-11-12 18:10:34,6,11,Primavera
102932,DIMENHIDRINATO 50MG TAB. CJAX100UNID.,PORTUGAL GENERICO,0.0,20.0,2.0,2024-11-12 18:38:26,9,11,Primavera
102932,DIMENHIDRINATO 50MG TAB. CJAX100UNID.,PORTUGAL GENERICO,0.0,10.0,1.0,2024-11-12 18:50:08,13,11,Primavera
102932,DIMENHIDRINATO 50MG TAB. CJAX100UNID.,PORTUGAL GENERICO,0.0,20.0,2.0,2024-11-13 10:28:27,2,11,Primavera
102932,DIMENHIDRINATO 50MG TAB. CJAX100UNID.,PORTUGAL GENERICO,0.0,10.0,1.0,2024-11-13 17:13:57,6,11,Primavera
102932,DIMENHIDRINATO 50MG TAB. CJAX100UNID.,PORTUGAL GENERICO,0.0,8.0,0.8,2024-11-14 09:27:12,6,11,Primavera
102932,DIMENHIDRINATO 50MG TAB. CJAX100UNID.,PORTUGAL GENERICO,0.0,30.0,3.0,2024-11-14 12:04:06,11,11,Primavera
102932,DIMENHIDRINATO 50MG TAB. CJAX100UNID.,PORTUGAL GENERICO,0.0,9.0,0.9,2024-11-14 15:32:08,9,11,Primavera
102932,DIMENHIDRINATO 50MG TAB. CJAX100UNID.,PORTUGAL GENERICO,0.0,10.0,1.0,2024-11-14 21:02:50,1,11,Primavera
102932,DIMENHIDRINATO 50MG TAB. CJAX100UNID.,PORTUGAL GENERICO,0.0,10.0,1.0,2024-11-15 12:34:19,3,11,Primavera
102932,DIMENHIDRINATO 50MG TAB. CJAX100UNID.,PORTUGAL GENERICO,0.0,5.0,0.5,2024-11-16 12:55:10,11,11,Primavera
102932,DIMENHIDRINATO 50MG TAB. CJAX100UNID.,PORTUGAL GENERICO,0.0,10.0,1.0,2024-11-16 14:45:19,11,11,Primavera
102932,DIMENHIDRINATO 50MG TAB. CJAX100UNID.,PORTUGAL GENERICO,0.0,20.0,2.0,2024-11-18 09:54:39,13,11,Primavera
102932,DIMENHIDRINATO 50MG TAB. CJAX100UNID.,PORTUGAL GENERICO,0.0,10.0,1.0,2024-11-18 17:08:44,1,11,Primavera
102932,DIMENHIDRINATO 50MG TAB. CJAX100UNID.,PORTUGAL GENERICO,0.0,10.0,1.0,2024-11-19 07:54:21,6,11,Primavera
102932,DIMENHIDRINATO 50MG TAB. CJAX100UNID.,PORTUGAL GENERICO,0.0,3.0,0.3,2024-11-19 12:44:52,1,11,Primavera
102932,DIMENHIDRINATO 50MG TAB. CJAX100UNID.,PORTUGAL GENERICO,0.0,10.0,1.0,2024-11-19 19:03:09,9,11,Primavera
102932,DIMENHIDRINATO 50MG TAB. CJAX100UNID.,PORTUGAL GENERICO,0.0,2.0,0.2,2024-11-19 20:18:45,9,11,Primavera
102932,DIMENHIDRINATO 50MG TAB. CJAX100UNID.,PORTUGAL GENERICO,0.0,20.0,2.0,2024-11-20 16:45:24,4,11,Primavera
102932,DIMENHIDRINATO 50MG TAB. CJAX100UNID.,PORTUGAL GENERICO,0.0,10.0,1.0,2024-11-20 18:29:27,13,11,Primavera
102932,DIMENHIDRINATO 50MG TAB. CJAX100UNID.,PORTUGAL GENERICO,0.0,10.0,1.0,2024-11-21 09:34:43,7,11,Primavera
102932,DIMENHIDRINATO 50MG TAB. CJAX100UNID.,PORTUGAL GENERICO,0.0,10.0,1.0,2024-11-22 09:03:12,7,11,Primavera
102932,DIMENHIDRINATO 50MG TAB. CJAX100UNID.,PORTUGAL GENERICO,0.0,20.0,2.0,2024-11-22 19:25:33,6,11,Primavera
102932,DIMENHIDRINATO 50MG TAB. CJAX100UNID.,PORTUGAL GENERICO,0.0,10.0,1.0,2024-11-23 09:38:05,12,11,Primavera
102932,DIMENHIDRINATO 50MG TAB. CJAX100UNID.,PORTUGAL GENERICO,0.0,2.0,0.2,2024-11-23 11:26:12,3,11,Primavera
102932,DIMENHIDRINATO 50MG TAB. CJAX100UNID.,PORTUGAL GENERICO,0.0,18.0,1.8,2024-11-23 11:31:44,3,11,Primavera
102932,DIMENHIDRINATO 50MG TAB. CJAX100UNID.,PORTUGAL GENERICO,0.0,10.0,1.0,2024-11-23 18:44:44,2,11,Primavera
102932,DIMENHIDRINATO 50MG TAB. CJAX100UNID.,PORTUGAL GENERICO,0.0,20.0,2.0,2024-11-23 20:51:56,2,11,Primavera
102932,DIMENHIDRINATO 50MG TAB. CJAX100UNID.,PORTUGAL GENERICO,0.0,10.0,1.0,2024-11-24 14:35:13,7,11,Primavera
102932,DIMENHIDRINATO 50MG TAB. CJAX100UNID.,PORTUGAL GENERICO,0.0,30.0,3.0,2024-11-24 18:11:32,10,11,Primavera
102932,DIMENHIDRINATO 50MG TAB. CJAX100UNID.,PORTUGAL GENERICO,0.0,20.0,2.0,2024-11-26 10:21:17,4,11,Primavera
102932,DIMENHIDRINATO 50MG TAB. CJAX100UNID.,PORTUGAL GENERICO,0.0,10.0,1.0,2024-11-26 18:33:21,13,11,Primavera
102932,DIMENHIDRINATO 50MG TAB. CJAX100UNID.,PORTUGAL GENERICO,0.0,10.0,1.0,2024-11-26 22:10:35,1,11,Primavera
102932,DIMENHIDRINATO 50MG TAB. CJAX100UNID.,PORTUGAL GENERICO,0.0,10.0,1.0,2024-11-28 20:08:28,1,11,Primavera
102932,DIMENHIDRINATO 50MG TAB. CJAX100UNID.,PORTUGAL GENERICO,0.0,10.0,1.0,2024-11-29 10:10:35,13,11,Primavera
102932,DIMENHIDRINATO 50MG TAB. CJAX100UNID.,PORTUGAL GENERICO,0.0,10.0,1.0,2024-11-29 13:10:35,2,11,Primavera
102932,DIMENHIDRINATO 50MG TAB. CJAX100UNID.,PORTUGAL GENERICO,0.0,1.0,0.1,2024-11-29 13:12:50,2,11,Primavera
102932,DIMENHIDRINATO 50MG TAB. CJAX100UNID.,PORTUGAL GENERICO,0.0,1.0,0.1,2024-11-29 13:12:58,2,11,Primavera
102932,DIMENHIDRINATO 50MG TAB. CJAX100UNID.,PORTUGAL GENERICO,0.0,-10.0,-1.0,2024-11-29 13:14:27,2,11,Primavera
102932,DIMENHIDRINATO 50MG TAB. CJAX100UNID.,PORTUGAL GENERICO,0.0,10.0,1.0,2024-11-29 18:47:29,13,11,Primavera
102932,DIMENHIDRINATO 50MG TAB. CJAX100UNID.,PORTUGAL GENERICO,0.0,10.0,1.0,2024-11-29 20:48:32,9,11,Primavera
102932,DIMENHIDRINATO 50MG TAB. CJAX100UNID.,PORTUGAL GENERICO,0.0,5.0,0.5,2024-11-30 10:33:42,13,11,Primavera
102932,DIMENHIDRINATO 50MG TAB. CJAX100UNID.,PORTUGAL GENERICO,0.0,5.0,0.5,2024-11-30 10:35:28,13,11,Primavera
102932,DIMENHIDRINATO 50MG TAB. CJAX100UNID.,PORTUGAL GENERICO,0.0,-5.0,-0.5,2024-11-30 12:00:00,13,11,Primavera
102932,DIMENHIDRINATO 50MG TAB. CJAX100UNID.,PORTUGAL GENERICO,0.0,10.0,1.0,2024-11-30 12:40:39,4,11,Primavera
102932,DIMENHIDRINATO 50MG TAB. CJAX100UNID.,PORTUGAL GENERICO,0.0,60.0,6.0,2024-12-01 19:35:51,3,12,Verano
102932,DIMENHIDRINATO 50MG TAB. CJAX100UNID.,PORTUGAL GENERICO,0.0,1.0,0.1,2024-12-01 21:10:15,1,12,Verano
102932,DIMENHIDRINATO 50MG TAB. CJAX100UNID.,PORTUGAL GENERICO,0.0,1.0,0.1,2024-12-02 14:23:30,2,12,Verano
102932,DIMENHIDRINATO 50MG TAB. CJAX100UNID.,PORTUGAL GENERICO,0.0,10.0,1.0,2024-12-03 12:03:34,8,12,Verano
102932,DIMENHIDRINATO 50MG TAB. CJAX100UNID.,PORTUGAL GENERICO,0.0,10.0,1.0,2024-12-03 18:58:13,1,12,Verano
102932,DIMENHIDRINATO 50MG TAB. CJAX100UNID.,PORTUGAL GENERICO,0.0,10.0,1.0,2024-12-03 19:02:08,13,12,Verano
102932,DIMENHIDRINATO 50MG TAB. CJAX100UNID.,PORTUGAL GENERICO,0.0,1.0,0.1,2024-12-03 19:29:14,2,12,Verano
102932,DIMENHIDRINATO 50MG TAB. CJAX100UNID.,PORTUGAL GENERICO,0.0,10.0,1.0,2024-12-04 07:54:57,7,12,Verano
102932,DIMENHIDRINATO 50MG TAB. CJAX100UNID.,PORTUGAL GENERICO,0.0,10.0,1.0,2024-12-04 20:46:07,9,12,Verano
102932,DIMENHIDRINATO 50MG TAB. CJAX100UNID.,PORTUGAL GENERICO,0.0,20.0,2.0,2024-12-06 18:27:26,13,12,Verano
102932,DIMENHIDRINATO 50MG TAB. CJAX100UNID.,PORTUGAL GENERICO,0.0,2.0,0.2,2024-12-09 15:40:57,8,12,Verano
102932,DIMENHIDRINATO 50MG TAB. CJAX100UNID.,PORTUGAL GENERICO,0.0,10.0,1.0,2024-12-09 18:48:20,11,12,Verano
102932,DIMENHIDRINATO 50MG TAB. CJAX100UNID.,PORTUGAL GENERICO,0.0,10.0,1.0,2024-12-10 13:26:08,6,12,Verano
102932,DIMENHIDRINATO 50MG TAB. CJAX100UNID.,PORTUGAL GENERICO,0.0,10.0,1.0,2024-12-10 18:55:28,2,12,Verano
102932,DIMENHIDRINATO 50MG TAB. CJAX100UNID.,PORTUGAL GENERICO,0.0,10.0,1.0,2024-12-10 20:41:49,2,12,Verano
102932,DIMENHIDRINATO 50MG TAB. CJAX100UNID.,PORTUGAL GENERICO,0.0,10.0,1.0,2024-12-10 22:12:47,1,12,Verano
102932,DIMENHIDRINATO 50MG TAB. CJAX100UNID.,PORTUGAL GENERICO,0.0,10.0,1.0,2024-12-12 18:38:14,9,12,Verano
102932,DIMENHIDRINATO 50MG TAB. CJAX100UNID.,PORTUGAL GENERICO,0.0,10.0,1.0,2024-12-12 19:18:18,13,12,Verano
102932,DIMENHIDRINATO 50MG TAB. CJAX100UNID.,PORTUGAL GENERICO,0.0,10.0,1.0,2024-12-12 19:38:38,1,12,Verano
102932,DIMENHIDRINATO 50MG TAB. CJAX100UNID.,PORTUGAL GENERICO,0.0,10.0,1.0,2024-12-14 11:00:16,11,12,Verano
102932,DIMENHIDRINATO 50MG TAB. CJAX100UNID.,PORTUGAL GENERICO,0.0,10.0,1.0,2024-12-14 20:13:53,3,12,Verano
102932,DIMENHIDRINATO 50MG TAB. CJAX100UNID.,PORTUGAL GENERICO,0.0,1.0,0.1,2024-12-15 14:21:40,9,12,Verano
102932,DIMENHIDRINATO 50MG TAB. CJAX100UNID.,PORTUGAL GENERICO,0.0,10.0,1.0,2024-12-15 19:45:21,3,12,Verano
102932,DIMENHIDRINATO 50MG TAB. CJAX100UNID.,PORTUGAL GENERICO,0.0,30.0,3.0,2024-12-17 12:10:16,1,12,Verano
102932,DIMENHIDRINATO 50MG TAB. CJAX100UNID.,PORTUGAL GENERICO,0.0,20.0,2.0,2024-12-20 11:09:06,11,12,Verano
102932,DIMENHIDRINATO 50MG TAB. CJAX100UNID.,PORTUGAL GENERICO,0.0,30.0,3.0,2024-12-20 16:09:40,1,12,Verano
102932,DIMENHIDRINATO 50MG TAB. CJAX100UNID.,PORTUGAL GENERICO,0.0,20.0,2.0,2024-12-20 17:59:25,13,12,Verano
102932,DIMENHIDRINATO 50MG TAB. CJAX100UNID.,PORTUGAL GENERICO,0.0,3.0,0.3,2024-12-20 19:52:50,9,12,Verano
102932,DIMENHIDRINATO 50MG TAB. CJAX100UNID.,PORTUGAL GENERICO,0.0,10.0,1.0,2024-12-21 11:40:43,6,12,Verano
102932,DIMENHIDRINATO 50MG TAB. CJAX100UNID.,PORTUGAL GENERICO,0.0,2.0,0.2,2024-12-22 18:47:25,3,12,Verano
102932,DIMENHIDRINATO 50MG TAB. CJAX100UNID.,PORTUGAL GENERICO,0.0,10.0,1.0,2024-12-23 13:55:14,2,12,Verano
102932,DIMENHIDRINATO 50MG TAB. CJAX100UNID.,PORTUGAL GENERICO,0.0,1.0,0.1,2024-12-23 16:10:18,12,12,Verano
102932,DIMENHIDRINATO 50MG TAB. CJAX100UNID.,PORTUGAL GENERICO,0.0,10.0,1.0,2024-12-23 18:44:24,12,12,Verano
102932,DIMENHIDRINATO 50MG TAB. CJAX100UNID.,PORTUGAL GENERICO,0.0,10.0,1.0,2024-12-23 19:18:41,2,12,Verano
102932,DIMENHIDRINATO 50MG TAB. CJAX100UNID.,PORTUGAL GENERICO,0.0,10.0,1.0,2024-12-23 19:21:50,3,12,Verano
102932,DIMENHIDRINATO 50MG TAB. CJAX100UNID.,PORTUGAL GENERICO,0.0,10.0,1.0,2024-12-24 13:23:05,13,12,Verano
102932,DIMENHIDRINATO 50MG TAB. CJAX100UNID.,PORTUGAL GENERICO,0.0,5.0,0.5,2024-12-25 11:47:36,6,12,Verano
102932,DIMENHIDRINATO 50MG TAB. CJAX100UNID.,PORTUGAL GENERICO,0.0,10.0,1.0,2024-12-25 12:05:43,10,12,Verano
102932,DIMENHIDRINATO 50MG TAB. CJAX100UNID.,PORTUGAL GENERICO,0.0,10.0,1.0,2024-12-25 15:07:16,1,12,Verano
102932,DIMENHIDRINATO 50MG TAB. CJAX100UNID.,PORTUGAL GENERICO,0.0,30.0,3.0,2024-12-25 20:16:12,1,12,Verano
102932,DIMENHIDRINATO 50MG TAB. CJAX100UNID.,PORTUGAL GENERICO,0.0,30.0,3.0,2024-12-26 13:00:24,10,12,Verano
102932,DIMENHIDRINATO 50MG TAB. CJAX100UNID.,PORTUGAL GENERICO,0.0,10.0,1.0,2024-12-27 19:14:54,13,12,Verano
102932,DIMENHIDRINATO 50MG TAB. CJAX100UNID.,PORTUGAL GENERICO,0.0,10.0,1.0,2024-12-27 21:10:10,1,12,Verano
102932,DIMENHIDRINATO 50MG TAB. CJAX100UNID.,PORTUGAL GENERICO,0.0,1.0,0.1,2024-12-28 10:37:53,6,12,Verano
102932,DIMENHIDRINATO 50MG TAB. CJAX100UNID.,PORTUGAL GENERICO,0.0,5.0,0.5,2024-12-28 18:50:23,7,12,Verano
102932,DIMENHIDRINATO 50MG TAB. CJAX100UNID.,PORTUGAL GENERICO,0.0,10.0,1.0,2024-12-28 20:38:21,2,12,Verano
102932,DIMENHIDRINATO 50MG TAB. CJAX100UNID.,PORTUGAL GENERICO,0.0,10.0,1.0,2024-12-29 11:04:19,12,12,Verano
102932,DIMENHIDRINATO 50MG TAB. CJAX100UNID.,PORTUGAL GENERICO,0.0,2.0,0.2,2024-12-29 16:44:11,6,12,Verano
102932,DIMENHIDRINATO 50MG TAB. CJAX100UNID.,PORTUGAL GENERICO,1.0,0.0,7.0,2024-12-31 11:28:09,11,12,Verano
102932,DIMENHIDRINATO 50MG TAB. CJAX100UNID.,PORTUGAL GENERICO,0.0,10.0,1.0,2024-12-31 12:53:15,10,12,Verano
102932,DIMENHIDRINATO 50MG TAB. CJAX100UNID.,PORTUGAL GENERICO,0.0,10.0,1.0,2024-12-31 12:53:54,10,12,Verano
102932,DIMENHIDRINATO 50MG TAB. CJAX100UNID.,PORTUGAL GENERICO,0.0,10.0,1.0,2024-12-31 13:38:51,7,12,Verano
102932,DIMENHIDRINATO 50MG TAB. CJAX100UNID.,PORTUGAL GENERICO,0.0,-10.0,-1.0,2024-12-31 14:15:45,10,12,Verano
102932,DIMENHIDRINATO 50MG TAB. CJAX100UNID.,PORTUGAL GENERICO,0.0,1.0,0.1,2025-01-02 14:27:09,2,1,Verano
102932,DIMENHIDRINATO 50MG TAB. CJAX100UNID.,PORTUGAL GENERICO,0.0,10.0,1.0,2025-01-02 19:32:30,7,1,Verano
102932,DIMENHIDRINATO 50MG TAB. CJAX100UNID.,PORTUGAL GENERICO,0.0,10.0,1.0,2025-01-03 14:03:13,2,1,Verano
102932,DIMENHIDRINATO 50MG TAB. CJAX100UNID.,PORTUGAL GENERICO,0.0,30.0,3.0,2025-01-03 20:30:28,10,1,Verano
102932,DIMENHIDRINATO 50MG TAB. CJAX100UNID.,PORTUGAL GENERICO,0.0,20.0,2.0,2025-01-04 09:34:20,3,1,Verano
102932,DIMENHIDRINATO 50MG TAB. CJAX100UNID.,PORTUGAL GENERICO,0.0,1.0,0.1,2025-01-05 09:51:50,11,1,Verano
102932,DIMENHIDRINATO 50MG TAB. CJAX100UNID.,PORTUGAL GENERICO,0.0,20.0,2.0,2025-01-06 18:13:00,13,1,Verano
102932,DIMENHIDRINATO 50MG TAB. CJAX100UNID.,PORTUGAL GENERICO,0.0,20.0,2.0,2025-01-06 19:04:07,6,1,Verano
102932,DIMENHIDRINATO 50MG TAB. CJAX100UNID.,PORTUGAL GENERICO,0.0,20.0,2.0,2025-01-06 21:19:39,8,1,Verano
102932,DIMENHIDRINATO 50MG TAB. CJAX100UNID.,PORTUGAL GENERICO,0.0,10.0,1.0,2025-01-06 21:38:11,12,1,Verano
102932,DIMENHIDRINATO 50MG TAB. CJAX100UNID.,PORTUGAL GENERICO,0.0,10.0,1.0,2025-01-07 08:39:54,6,1,Verano
102932,DIMENHIDRINATO 50MG TAB. CJAX100UNID.,PORTUGAL GENERICO,0.0,10.0,1.0,2025-01-07 09:19:32,6,1,Verano
102932,DIMENHIDRINATO 50MG TAB. CJAX100UNID.,PORTUGAL GENERICO,0.0,10.0,1.0,2025-01-07 12:34:06,3,1,Verano
102932,DIMENHIDRINATO 50MG TAB. CJAX100UNID.,PORTUGAL GENERICO,0.0,10.0,1.0,2025-01-07 19:28:43,3,1,Verano
102932,DIMENHIDRINATO 50MG TAB. CJAX100UNID.,PORTUGAL GENERICO,0.0,1.0,0.1,2025-01-09 08:09:31,12,1,Verano
102932,DIMENHIDRINATO 50MG TAB. CJAX100UNID.,PORTUGAL GENERICO,0.0,10.0,1.0,2025-01-09 12:18:42,13,1,Verano
102932,DIMENHIDRINATO 50MG TAB. CJAX100UNID.,PORTUGAL GENERICO,0.0,5.0,0.5,2025-01-10 13:04:12,6,1,Verano
102932,DIMENHIDRINATO 50MG TAB. CJAX100UNID.,PORTUGAL GENERICO,0.0,3.0,0.3,2025-01-10 17:20:55,11,1,Verano
102932,DIMENHIDRINATO 50MG TAB. CJAX100UNID.,PORTUGAL GENERICO,0.0,20.0,2.0,2025-01-10 17:29:25,10,1,Verano
102932,DIMENHIDRINATO 50MG TAB. CJAX100UNID.,PORTUGAL GENERICO,0.0,5.0,0.5,2025-01-10 21:11:05,13,1,Verano
102932,DIMENHIDRINATO 50MG TAB. CJAX100UNID.,PORTUGAL GENERICO,0.0,-1.0,-0.1,2025-01-12 12:00:00,7,1,Verano
102932,DIMENHIDRINATO 50MG TAB. CJAX100UNID.,PORTUGAL GENERICO,0.0,20.0,1.8,2025-01-12 19:11:44,12,1,Verano
102932,DIMENHIDRINATO 50MG TAB. CJAX100UNID.,PORTUGAL GENERICO,0.0,1.0,0.1,2025-01-12 21:20:37,7,1,Verano
102932,DIMENHIDRINATO 50MG TAB. CJAX100UNID.,PORTUGAL GENERICO,0.0,2.0,0.2,2025-01-13 08:40:16,11,1,Verano
102932,DIMENHIDRINATO 50MG TAB. CJAX100UNID.,PORTUGAL GENERICO,0.0,10.0,1.0,2025-01-13 16:52:27,6,1,Verano
102932,DIMENHIDRINATO 50MG TAB. CJAX100UNID.,PORTUGAL GENERICO,0.0,20.0,2.0,2025-01-14 09:06:04,3,1,Verano
102932,DIMENHIDRINATO 50MG TAB. CJAX100UNID.,PORTUGAL GENERICO,0.0,2.0,0.2,2025-01-14 10:52:27,7,1,Verano
102932,DIMENHIDRINATO 50MG TAB. CJAX100UNID.,PORTUGAL GENERICO,0.0,10.0,1.0,2025-01-14 21:08:32,8,1,Verano
102932,DIMENHIDRINATO 50MG TAB. CJAX100UNID.,PORTUGAL GENERICO,0.0,10.0,1.0,2025-01-14 21:29:58,8,1,Verano
102932,DIMENHIDRINATO 50MG TAB. CJAX100UNID.,PORTUGAL GENERICO,0.0,10.0,1.0,2025-01-15 18:20:30,13,1,Verano
102932,DIMENHIDRINATO 50MG TAB. CJAX100UNID.,PORTUGAL GENERICO,0.0,3.0,0.3,2025-01-15 20:45:00,2,1,Verano
102932,DIMENHIDRINATO 50MG TAB. CJAX100UNID.,PORTUGAL GENERICO,0.0,10.0,1.0,2025-01-17 10:07:35,11,1,Verano
102932,DIMENHIDRINATO 50MG TAB. CJAX100UNID.,PORTUGAL GENERICO,0.0,2.0,0.2,2025-01-17 20:34:46,7,1,Verano
102932,DIMENHIDRINATO 50MG TAB. CJAX100UNID.,PORTUGAL GENERICO,0.0,10.0,1.0,2025-01-18 19:38:47,7,1,Verano
102932,DIMENHIDRINATO 50MG TAB. CJAX100UNID.,PORTUGAL GENERICO,0.0,10.0,1.0,2025-01-18 21:00:23,7,1,Verano
102932,DIMENHIDRINATO 50MG TAB. CJAX100UNID.,PORTUGAL GENERICO,0.0,1.0,0.1,2025-01-19 16:35:40,13,1,Verano
102932,DIMENHIDRINATO 50MG TAB. CJAX100UNID.,PORTUGAL GENERICO,0.0,10.0,1.0,2025-01-20 11:52:53,2,1,Verano
102932,DIMENHIDRINATO 50MG TAB. CJAX100UNID.,PORTUGAL GENERICO,0.0,10.0,1.0,2025-01-20 15:44:05,2,1,Verano
102932,DIMENHIDRINATO 50MG TAB. CJAX100UNID.,PORTUGAL GENERICO,0.0,1.0,0.1,2025-01-20 17:25:32,2,1,Verano
102932,DIMENHIDRINATO 50MG TAB. CJAX100UNID.,PORTUGAL GENERICO,0.0,9.0,0.9,2025-01-20 18:41:05,13,1,Verano
102932,DIMENHIDRINATO 50MG TAB. CJAX100UNID.,PORTUGAL GENERICO,0.0,10.0,1.0,2025-01-21 12:51:18,12,1,Verano
102932,DIMENHIDRINATO 50MG TAB. CJAX100UNID.,PORTUGAL GENERICO,0.0,20.0,2.0,2025-01-21 18:57:52,11,1,Verano
102932,DIMENHIDRINATO 50MG TAB. CJAX100UNID.,PORTUGAL GENERICO,0.0,30.0,3.0,2025-01-21 21:20:54,7,1,Verano
102932,DIMENHIDRINATO 50MG TAB. CJAX100UNID.,PORTUGAL GENERICO,0.0,10.0,1.0,2025-01-22 19:18:34,6,1,Verano
102932,DIMENHIDRINATO 50MG TAB. CJAX100UNID.,PORTUGAL GENERICO,0.0,2.0,0.18,2025-01-25 22:52:48,11,1,Verano
102932,DIMENHIDRINATO 50MG TAB. CJAX100UNID.,PORTUGAL GENERICO,0.0,10.0,1.0,2025-01-26 20:01:05,11,1,Verano
102932,DIMENHIDRINATO 50MG TAB. CJAX100UNID.,PORTUGAL GENERICO,0.0,1.0,0.1,2025-01-27 11:32:55,7,1,Verano
102932,DIMENHIDRINATO 50MG TAB. CJAX100UNID.,PORTUGAL GENERICO,0.0,2.0,0.2,2025-01-27 22:42:18,12,1,Verano
102932,DIMENHIDRINATO 50MG TAB. CJAX100UNID.,PORTUGAL GENERICO,0.0,20.0,2.0,2025-01-28 12:11:12,11,1,Verano
102932,DIMENHIDRINATO 50MG TAB. CJAX100UNID.,PORTUGAL GENERICO,0.0,10.0,1.0,2025-01-31 13:05:04,12,1,Verano
102932,DIMENHIDRINATO 50MG TAB. CJAX100UNID.,PORTUGAL GENERICO,0.0,7.0,0.7,2025-01-31 19:40:18,6,1,Verano
102932,DIMENHIDRINATO 50MG TAB. CJAX100UNID.,PORTUGAL GENERICO,0.0,7.0,0.7,2025-02-01 13:36:11,13,2,Verano
102932,DIMENHIDRINATO 50MG TAB. CJAX100UNID.,PORTUGAL GENERICO,0.0,10.0,1.0,2025-02-02 12:50:18,11,2,Verano
102932,DIMENHIDRINATO 50MG TAB. CJAX100UNID.,PORTUGAL GENERICO,0.0,7.0,0.7,2025-02-07 09:14:12,11,2,Verano
102932,DIMENHIDRINATO 50MG TAB. CJAX100UNID.,PORTUGAL GENERICO,0.0,2.0,0.2,2025-02-27 18:08:01,7,2,Verano
102932,DIMENHIDRINATO 50MG TAB. CJAX100UNID.,PORTUGAL GENERICO,0.0,10.0,0.9,2025-05-01 10:25:08,11,5,Otoño
102932,DIMENHIDRINATO 50MG TAB. CJAX100UNID.,PORTUGAL GENERICO,0.0,10.0,1.0,2025-05-01 18:52:16,12,5,Otoño
102932,DIMENHIDRINATO 50MG TAB. CJAX100UNID.,PORTUGAL GENERICO,0.0,10.0,1.0,2025-05-01 20:45:53,11,5,Otoño
102932,DIMENHIDRINATO 50MG TAB. CJAX100UNID.,PORTUGAL GENERICO,0.0,10.0,1.0,2025-05-02 21:56:14,1,5,Otoño
102932,DIMENHIDRINATO 50MG TAB. CJAX100UNID.,PORTUGAL GENERICO,0.0,10.0,1.0,2025-05-03 13:52:29,9,5,Otoño
102932,DIMENHIDRINATO 50MG TAB. CJAX100UNID.,PORTUGAL GENERICO,0.0,10.0,1.0,2025-05-05 19:52:25,5,5,Otoño
102932,DIMENHIDRINATO 50MG TAB. CJAX100UNID.,PORTUGAL GENERICO,0.0,10.0,1.0,2025-05-05 21:28:17,9,5,Otoño
102932,DIMENHIDRINATO 50MG TAB. CJAX100UNID.,PORTUGAL GENERICO,0.0,1.0,0.1,2025-05-05 21:51:57,12,5,Otoño
102932,DIMENHIDRINATO 50MG TAB. CJAX100UNID.,PORTUGAL GENERICO,0.0,10.0,1.0,2025-05-05 22:57:29,13,5,Otoño
102932,DIMENHIDRINATO 50MG TAB. CJAX100UNID.,PORTUGAL GENERICO,0.0,10.0,1.0,2025-05-06 08:04:26,5,5,Otoño
102932,DIMENHIDRINATO 50MG TAB. CJAX100UNID.,PORTUGAL GENERICO,0.0,10.0,1.0,2025-05-07 10:58:38,9,5,Otoño
102932,DIMENHIDRINATO 50MG TAB. CJAX100UNID.,PORTUGAL GENERICO,0.0,30.0,3.0,2025-05-08 13:02:01,1,5,Otoño
102932,DIMENHIDRINATO 50MG TAB. CJAX100UNID.,PORTUGAL GENERICO,0.0,10.0,1.0,2025-05-08 16:19:31,9,5,Otoño
102932,DIMENHIDRINATO 50MG TAB. CJAX100UNID.,PORTUGAL GENERICO,0.0,10.0,1.0,2025-05-08 16:45:59,12,5,Otoño
102932,DIMENHIDRINATO 50MG TAB. CJAX100UNID.,PORTUGAL GENERICO,0.0,10.0,0.9,2025-05-08 17:59:11,3,5,Otoño
102932,DIMENHIDRINATO 50MG TAB. CJAX100UNID.,PORTUGAL GENERICO,0.0,10.0,1.0,2025-05-09 16:55:24,14,5,Otoño
102932,DIMENHIDRINATO 50MG TAB. CJAX100UNID.,PORTUGAL GENERICO,0.0,20.0,2.0,2025-05-09 21:56:05,12,5,Otoño
102932,DIMENHIDRINATO 50MG TAB. CJAX100UNID.,PORTUGAL GENERICO,0.0,10.0,1.0,2025-05-10 08:53:17,11,5,Otoño
102932,DIMENHIDRINATO 50MG TAB. CJAX100UNID.,PORTUGAL GENERICO,0.0,10.0,1.0,2025-05-10 10:43:12,3,5,Otoño
102932,DIMENHIDRINATO 50MG TAB. CJAX100UNID.,PORTUGAL GENERICO,0.0,10.0,1.0,2025-05-10 11:42:25,1,5,Otoño
102932,DIMENHIDRINATO 50MG TAB. CJAX100UNID.,PORTUGAL GENERICO,0.0,10.0,1.0,2025-05-11 18:33:36,12,5,Otoño
102932,DIMENHIDRINATO 50MG TAB. CJAX100UNID.,PORTUGAL GENERICO,0.0,10.0,1.0,2025-05-11 20:30:56,6,5,Otoño
102932,DIMENHIDRINATO 50MG TAB. CJAX100UNID.,PORTUGAL GENERICO,0.0,20.0,2.0,2025-05-12 11:30:58,6,5,Otoño
102932,DIMENHIDRINATO 50MG TAB. CJAX100UNID.,PORTUGAL GENERICO,0.0,10.0,1.0,2025-05-12 19:02:46,1,5,Otoño
102932,DIMENHIDRINATO 50MG TAB. CJAX100UNID.,PORTUGAL GENERICO,0.0,10.0,1.0,2025-05-12 20:17:01,5,5,Otoño
102932,DIMENHIDRINATO 50MG TAB. CJAX100UNID.,PORTUGAL GENERICO,0.0,10.0,1.0,2025-05-12 21:28:09,13,5,Otoño
102932,DIMENHIDRINATO 50MG TAB. CJAX100UNID.,PORTUGAL GENERICO,0.0,10.0,1.0,2025-05-13 20:02:42,6,5,Otoño
102932,DIMENHIDRINATO 50MG TAB. CJAX100UNID.,PORTUGAL GENERICO,0.0,30.0,3.0,2025-05-14 22:53:54,10,5,Otoño
102932,DIMENHIDRINATO 50MG TAB. CJAX100UNID.,PORTUGAL GENERICO,0.0,1.0,0.1,2025-05-15 09:28:51,10,5,Otoño
102932,DIMENHIDRINATO 50MG TAB. CJAX100UNID.,PORTUGAL GENERICO,0.0,20.0,2.0,2025-05-15 11:01:26,5,5,Otoño
102932,DIMENHIDRINATO 50MG TAB. CJAX100UNID.,PORTUGAL GENERICO,0.0,10.0,1.0,2025-05-15 13:34:39,3,5,Otoño
102932,DIMENHIDRINATO 50MG TAB. CJAX100UNID.,PORTUGAL GENERICO,0.0,10.0,1.0,2025-05-18 09:01:03,11,5,Otoño
102932,DIMENHIDRINATO 50MG TAB. CJAX100UNID.,PORTUGAL GENERICO,0.0,10.0,1.0,2025-05-18 09:11:51,11,5,Otoño
102932,DIMENHIDRINATO 50MG TAB. CJAX100UNID.,PORTUGAL GENERICO,0.0,10.0,1.0,2025-05-18 11:56:08,5,5,Otoño
102932,DIMENHIDRINATO 50MG TAB. CJAX100UNID.,PORTUGAL GENERICO,0.0,10.0,1.0,2025-05-18 21:09:03,9,5,Otoño
102932,DIMENHIDRINATO 50MG TAB. CJAX100UNID.,PORTUGAL GENERICO,0.0,20.0,2.0,2025-05-19 15:19:11,10,5,Otoño
102932,DIMENHIDRINATO 50MG TAB. CJAX100UNID.,PORTUGAL GENERICO,0.0,10.0,1.0,2025-05-19 17:20:48,9,5,Otoño
102932,DIMENHIDRINATO 50MG TAB. CJAX100UNID.,PORTUGAL GENERICO,0.0,5.0,0.5,2025-05-19 17:26:01,1,5,Otoño
102932,DIMENHIDRINATO 50MG TAB. CJAX100UNID.,PORTUGAL GENERICO,0.0,30.0,3.0,2025-05-19 18:19:39,1,5,Otoño
102932,DIMENHIDRINATO 50MG TAB. CJAX100UNID.,PORTUGAL GENERICO,0.0,10.0,1.0,2025-05-19 19:50:17,5,5,Otoño
102932,DIMENHIDRINATO 50MG TAB. CJAX100UNID.,PORTUGAL GENERICO,0.0,20.0,2.0,2025-05-19 20:45:29,1,5,Otoño
102932,DIMENHIDRINATO 50MG TAB. CJAX100UNID.,PORTUGAL GENERICO,0.0,10.0,1.0,2025-05-20 17:51:48,9,5,Otoño
102932,DIMENHIDRINATO 50MG TAB. CJAX100UNID.,PORTUGAL GENERICO,0.0,3.0,0.3,2025-05-20 21:26:28,5,5,Otoño
102932,DIMENHIDRINATO 50MG TAB. CJAX100UNID.,PORTUGAL GENERICO,0.0,10.0,1.0,2025-05-22 09:14:35,14,5,Otoño
102932,DIMENHIDRINATO 50MG TAB. CJAX100UNID.,PORTUGAL GENERICO,0.0,1.0,0.1,2025-05-22 12:19:11,9,5,Otoño
102932,DIMENHIDRINATO 50MG TAB. CJAX100UNID.,PORTUGAL GENERICO,0.0,10.0,1.0,2025-05-22 13:59:28,9,5,Otoño
102932,DIMENHIDRINATO 50MG TAB. CJAX100UNID.,PORTUGAL GENERICO,0.0,20.0,2.0,2025-05-22 19:05:03,12,5,Otoño
102932,DIMENHIDRINATO 50MG TAB. CJAX100UNID.,PORTUGAL GENERICO,0.0,10.0,1.0,2025-05-23 20:58:37,6,5,Otoño
102932,DIMENHIDRINATO 50MG TAB. CJAX100UNID.,PORTUGAL GENERICO,0.0,40.0,4.0,2025-05-24 12:10:51,10,5,Otoño
102932,DIMENHIDRINATO 50MG TAB. CJAX100UNID.,PORTUGAL GENERICO,0.0,10.0,1.0,2025-05-24 16:02:14,3,5,Otoño
102932,DIMENHIDRINATO 50MG TAB. CJAX100UNID.,PORTUGAL GENERICO,0.0,10.0,1.0,2025-05-24 17:37:12,1,5,Otoño
102932,DIMENHIDRINATO 50MG TAB. CJAX100UNID.,PORTUGAL GENERICO,0.0,10.0,1.0,2025-05-24 21:07:47,16,5,Otoño
102932,DIMENHIDRINATO 50MG TAB. CJAX100UNID.,PORTUGAL GENERICO,0.0,2.0,0.2,2025-05-25 12:29:49,6,5,Otoño
102932,DIMENHIDRINATO 50MG TAB. CJAX100UNID.,PORTUGAL GENERICO,0.0,10.0,1.0,2025-05-25 20:16:38,11,5,Otoño
102932,DIMENHIDRINATO 50MG TAB. CJAX100UNID.,PORTUGAL GENERICO,0.0,10.0,1.0,2025-05-26 14:03:28,11,5,Otoño
102932,DIMENHIDRINATO 50MG TAB. CJAX100UNID.,PORTUGAL GENERICO,1.0,0.0,7.0,2025-05-27 09:44:20,12,5,Otoño
102932,DIMENHIDRINATO 50MG TAB. CJAX100UNID.,PORTUGAL GENERICO,0.0,10.0,1.0,2025-05-27 10:31:43,5,5,Otoño
102932,DIMENHIDRINATO 50MG TAB. CJAX100UNID.,PORTUGAL GENERICO,0.0,10.0,1.0,2025-05-27 18:04:20,11,5,Otoño
102932,DIMENHIDRINATO 50MG TAB. CJAX100UNID.,PORTUGAL GENERICO,0.0,10.0,1.0,2025-05-27 18:41:45,1,5,Otoño
102932,DIMENHIDRINATO 50MG TAB. CJAX100UNID.,PORTUGAL GENERICO,0.0,10.0,1.0,2025-05-27 19:29:03,1,5,Otoño
102932,DIMENHIDRINATO 50MG TAB. CJAX100UNID.,PORTUGAL GENERICO,0.0,20.0,2.0,2025-05-28 08:55:03,5,5,Otoño
102932,DIMENHIDRINATO 50MG TAB. CJAX100UNID.,PORTUGAL GENERICO,0.0,10.0,1.0,2025-05-28 11:43:54,1,5,Otoño
102932,DIMENHIDRINATO 50MG TAB. CJAX100UNID.,PORTUGAL GENERICO,0.0,10.0,1.0,2025-05-29 17:39:50,1,5,Otoño
102932,DIMENHIDRINATO 50MG TAB. CJAX100UNID.,PORTUGAL GENERICO,0.0,10.0,1.0,2025-05-29 17:53:00,11,5,Otoño
102932,DIMENHIDRINATO 50MG TAB. CJAX100UNID.,PORTUGAL GENERICO,0.0,10.0,1.0,2025-05-30 18:06:27,14,5,Otoño
102932,DIMENHIDRINATO 50MG TAB. CJAX100UNID.,PORTUGAL GENERICO,0.0,10.0,1.0,2025-05-31 16:27:14,10,5,Otoño
102932,DIMENHIDRINATO 50MG TAB. CJAX100UNID.,PORTUGAL GENERICO,0.0,10.0,1.0,2025-05-31 22:24:51,5,5,Otoño
102932,DIMENHIDRINATO 50MG TAB. CJAX100UNID.,PORTUGAL GENERICO,0.0,10.0,1.0,2025-06-01 14:32:35,9,6,Invierno
102932,DIMENHIDRINATO 50MG TAB. CJAX100UNID.,PORTUGAL GENERICO,0.0,10.0,1.0,2025-06-02 07:47:25,5,6,Invierno
102932,DIMENHIDRINATO 50MG TAB. CJAX100UNID.,PORTUGAL GENERICO,0.0,10.0,1.0,2025-06-02 16:20:24,14,6,Invierno
102932,DIMENHIDRINATO 50MG TAB. CJAX100UNID.,PORTUGAL GENERICO,0.0,10.0,1.0,2025-06-03 07:23:50,5,6,Invierno
102932,DIMENHIDRINATO 50MG TAB. CJAX100UNID.,PORTUGAL GENERICO,0.0,10.0,1.0,2025-06-03 13:08:25,1,6,Invierno
102932,DIMENHIDRINATO 50MG TAB. CJAX100UNID.,PORTUGAL GENERICO,0.0,10.0,1.0,2025-06-03 19:44:13,3,6,Invierno
102932,DIMENHIDRINATO 50MG TAB. CJAX100UNID.,PORTUGAL GENERICO,0.0,2.0,0.2,2025-06-03 23:31:19,10,6,Invierno
102932,DIMENHIDRINATO 50MG TAB. CJAX100UNID.,PORTUGAL GENERICO,0.0,10.0,1.0,2025-06-05 15:53:40,10,6,Invierno
102932,DIMENHIDRINATO 50MG TAB. CJAX100UNID.,PORTUGAL GENERICO,0.0,10.0,1.0,2025-06-05 17:59:07,10,6,Invierno
102932,DIMENHIDRINATO 50MG TAB. CJAX100UNID.,PORTUGAL GENERICO,0.0,10.0,1.0,2025-06-05 18:37:49,9,6,Invierno
102932,DIMENHIDRINATO 50MG TAB. CJAX100UNID.,PORTUGAL GENERICO,0.0,10.0,1.0,2025-06-05 20:03:43,5,6,Invierno
102932,DIMENHIDRINATO 50MG TAB. CJAX100UNID.,PORTUGAL GENERICO,0.0,20.0,2.0,2025-06-06 12:09:57,10,6,Invierno
102932,DIMENHIDRINATO 50MG TAB. CJAX100UNID.,PORTUGAL GENERICO,0.0,20.0,2.0,2025-06-06 20:03:59,5,6,Invierno
102932,DIMENHIDRINATO 50MG TAB. CJAX100UNID.,PORTUGAL GENERICO,0.0,10.0,1.0,2025-06-06 21:50:39,12,6,Invierno
102932,DIMENHIDRINATO 50MG TAB. CJAX100UNID.,PORTUGAL GENERICO,0.0,10.0,1.0,2025-06-06 21:57:29,1,6,Invierno
102932,DIMENHIDRINATO 50MG TAB. CJAX100UNID.,PORTUGAL GENERICO,0.0,60.0,6.0,2025-06-07 17:52:47,10,6,Invierno
102932,DIMENHIDRINATO 50MG TAB. CJAX100UNID.,PORTUGAL GENERICO,0.0,10.0,1.0,2025-06-07 21:10:25,9,6,Invierno
102932,DIMENHIDRINATO 50MG TAB. CJAX100UNID.,PORTUGAL GENERICO,0.0,5.0,0.5,2025-06-07 21:35:44,5,6,Invierno
102932,DIMENHIDRINATO 50MG TAB. CJAX100UNID.,PORTUGAL GENERICO,0.0,10.0,1.0,2025-06-08 10:55:48,6,6,Invierno
102932,DIMENHIDRINATO 50MG TAB. CJAX100UNID.,PORTUGAL GENERICO,0.0,10.0,1.0,2025-06-08 14:16:37,12,6,Invierno
102932,DIMENHIDRINATO 50MG TAB. CJAX100UNID.,PORTUGAL GENERICO,0.0,10.0,1.0,2025-06-08 16:42:47,9,6,Invierno
102932,DIMENHIDRINATO 50MG TAB. CJAX100UNID.,PORTUGAL GENERICO,0.0,10.0,1.0,2025-06-08 18:33:41,6,6,Invierno
102932,DIMENHIDRINATO 50MG TAB. CJAX100UNID.,PORTUGAL GENERICO,0.0,20.0,2.0,2025-06-09 08:41:18,3,6,Invierno
102932,DIMENHIDRINATO 50MG TAB. CJAX100UNID.,PORTUGAL GENERICO,0.0,10.0,1.0,2025-06-09 20:25:54,1,6,Invierno
102932,DIMENHIDRINATO 50MG TAB. CJAX100UNID.,PORTUGAL GENERICO,0.0,10.0,1.0,2025-06-10 09:55:37,1,6,Invierno
102932,DIMENHIDRINATO 50MG TAB. CJAX100UNID.,PORTUGAL GENERICO,0.0,5.0,0.5,2025-06-10 22:20:31,1,6,Invierno
102932,DIMENHIDRINATO 50MG TAB. CJAX100UNID.,PORTUGAL GENERICO,0.0,10.0,1.0,2025-06-11 12:16:51,1,6,Invierno
102932,DIMENHIDRINATO 50MG TAB. CJAX100UNID.,PORTUGAL GENERICO,0.0,1.0,0.1,2025-06-11 12:31:15,11,6,Invierno
102932,DIMENHIDRINATO 50MG TAB. CJAX100UNID.,PORTUGAL GENERICO,0.0,10.0,1.0,2025-06-11 20:52:37,10,6,Invierno
102932,DIMENHIDRINATO 50MG TAB. CJAX100UNID.,PORTUGAL GENERICO,0.0,1.0,0.1,2025-06-11 21:54:57,12,6,Invierno
102932,DIMENHIDRINATO 50MG TAB. CJAX100UNID.,PORTUGAL GENERICO,0.0,10.0,1.0,2025-06-11 22:27:29,4,6,Invierno
102932,DIMENHIDRINATO 50MG TAB. CJAX100UNID.,PORTUGAL GENERICO,0.0,10.0,1.0,2025-06-12 13:18:12,5,6,Invierno
102932,DIMENHIDRINATO 50MG TAB. CJAX100UNID.,PORTUGAL GENERICO,0.0,1.0,0.1,2025-06-12 13:39:57,1,6,Invierno
102932,DIMENHIDRINATO 50MG TAB. CJAX100UNID.,PORTUGAL GENERICO,0.0,5.0,0.5,2025-06-13 00:09:05,10,6,Invierno
102932,DIMENHIDRINATO 50MG TAB. CJAX100UNID.,PORTUGAL GENERICO,0.0,10.0,1.0,2025-06-13 10:39:02,9,6,Invierno
102932,DIMENHIDRINATO 50MG TAB. CJAX100UNID.,PORTUGAL GENERICO,0.0,10.0,1.0,2025-06-13 11:42:38,7,6,Invierno
102932,DIMENHIDRINATO 50MG TAB. CJAX100UNID.,PORTUGAL GENERICO,0.0,10.0,1.0,2025-06-14 14:48:00,9,6,Invierno
102932,DIMENHIDRINATO 50MG TAB. CJAX100UNID.,PORTUGAL GENERICO,0.0,7.0,0.7,2025-06-14 17:21:10,12,6,Invierno
102932,DIMENHIDRINATO 50MG TAB. CJAX100UNID.,PORTUGAL GENERICO,0.0,10.0,1.0,2025-06-14 22:45:11,7,6,Invierno
102932,DIMENHIDRINATO 50MG TAB. CJAX100UNID.,PORTUGAL GENERICO,0.0,10.0,1.0,2025-06-15 08:18:18,5,6,Invierno
102932,DIMENHIDRINATO 50MG TAB. CJAX100UNID.,PORTUGAL GENERICO,0.0,30.0,3.0,2025-06-17 00:26:26,10,6,Invierno
102932,DIMENHIDRINATO 50MG TAB. CJAX100UNID.,PORTUGAL GENERICO,0.0,3.0,0.3,2025-06-17 21:41:10,5,6,Invierno
102932,DIMENHIDRINATO 50MG TAB. CJAX100UNID.,PORTUGAL GENERICO,0.0,10.0,1.0,2025-06-18 13:31:17,10,6,Invierno
102932,DIMENHIDRINATO 50MG TAB. CJAX100UNID.,PORTUGAL GENERICO,0.0,2.0,0.2,2025-06-20 19:56:46,5,6,Invierno
102932,DIMENHIDRINATO 50MG TAB. CJAX100UNID.,PORTUGAL GENERICO,0.0,10.0,1.0,2025-06-20 21:33:37,5,6,Invierno
102932,DIMENHIDRINATO 50MG TAB. CJAX100UNID.,PORTUGAL GENERICO,0.0,10.0,1.0,2025-06-21 16:32:29,5,6,Invierno
102932,DIMENHIDRINATO 50MG TAB. CJAX100UNID.,PORTUGAL GENERICO,0.0,15.0,1.5,2025-06-22 12:17:40,5,6,Invierno
102932,DIMENHIDRINATO 50MG TAB. CJAX100UNID.,PORTUGAL GENERICO,0.0,10.0,1.0,2025-06-22 16:08:37,1,6,Invierno
102932,DIMENHIDRINATO 50MG TAB. CJAX100UNID.,PORTUGAL GENERICO,0.0,10.0,1.0,2025-06-22 18:44:35,5,6,Invierno
102932,DIMENHIDRINATO 50MG TAB. CJAX100UNID.,PORTUGAL GENERICO,0.0,20.0,2.0,2025-06-23 21:46:02,10,6,Invierno
102932,DIMENHIDRINATO 50MG TAB. CJAX100UNID.,PORTUGAL GENERICO,0.0,2.0,0.2,2025-06-24 19:13:11,10,6,Invierno
102932,DIMENHIDRINATO 50MG TAB. CJAX100UNID.,PORTUGAL GENERICO,0.0,10.0,1.0,2025-06-25 15:12:28,1,6,Invierno
102932,DIMENHIDRINATO 50MG TAB. CJAX100UNID.,PORTUGAL GENERICO,0.0,10.0,1.0,2025-06-26 20:05:28,16,6,Invierno
102932,DIMENHIDRINATO 50MG TAB. CJAX100UNID.,PORTUGAL GENERICO,0.0,10.0,1.0,2025-06-27 20:00:50,14,6,Invierno
102932,DIMENHIDRINATO 50MG TAB. CJAX100UNID.,PORTUGAL GENERICO,0.0,20.0,2.0,2025-06-28 18:06:21,3,6,Invierno
102932,DIMENHIDRINATO 50MG TAB. CJAX100UNID.,PORTUGAL GENERICO,0.0,10.0,1.0,2025-06-28 22:06:20,3,6,Invierno
102932,DIMENHIDRINATO 50MG TAB. CJAX100UNID.,PORTUGAL GENERICO,0.0,10.0,1.0,2025-06-29 01:23:57,10,6,Invierno
102932,DIMENHIDRINATO 50MG TAB. CJAX100UNID.,PORTUGAL GENERICO,0.0,10.0,1.0,2025-06-29 15:41:30,9,6,Invierno
102932,DIMENHIDRINATO 50MG TAB. CJAX100UNID.,PORTUGAL GENERICO,0.0,20.0,2.0,2025-06-29 15:43:53,9,6,Invierno
102932,DIMENHIDRINATO 50MG TAB. CJAX100UNID.,PORTUGAL GENERICO,0.0,10.0,1.0,2025-06-30 20:48:52,14,6,Invierno
102932,DIMENHIDRINATO 50MG TAB. CJAX100UNID.,PORTUGAL GENERICO,0.0,10.0,1.0,2025-07-01 13:09:53,9,7,Invierno
102932,DIMENHIDRINATO 50MG TAB. CJAX100UNID.,PORTUGAL GENERICO,0.0,1.0,0.1,2025-07-01 20:14:17,6,7,Invierno
102932,DIMENHIDRINATO 50MG TAB. CJAX100UNID.,PORTUGAL GENERICO,0.0,10.0,0.7,2025-07-03 14:15:35,1,7,Invierno
102932,DIMENHIDRINATO 50MG TAB. CJAX100UNID.,PORTUGAL GENERICO,0.0,10.0,1.0,2025-07-03 21:29:04,5,7,Invierno
102932,DIMENHIDRINATO 50MG TAB. CJAX100UNID.,PORTUGAL GENERICO,0.0,10.0,1.0,2025-07-04 07:30:00,9,7,Invierno
102932,DIMENHIDRINATO 50MG TAB. CJAX100UNID.,PORTUGAL GENERICO,0.0,5.0,0.5,2025-07-04 13:18:20,14,7,Invierno
102932,DIMENHIDRINATO 50MG TAB. CJAX100UNID.,PORTUGAL GENERICO,0.0,10.0,1.0,2025-07-04 22:08:27,16,7,Invierno
102932,DIMENHIDRINATO 50MG TAB. CJAX100UNID.,PORTUGAL GENERICO,0.0,10.0,1.0,2025-07-05 09:31:16,3,7,Invierno
102932,DIMENHIDRINATO 50MG TAB. CJAX100UNID.,PORTUGAL GENERICO,0.0,6.0,0.6,2025-07-05 12:55:23,1,7,Invierno
102932,DIMENHIDRINATO 50MG TAB. CJAX100UNID.,PORTUGAL GENERICO,0.0,10.0,1.0,2025-07-05 16:25:31,11,7,Invierno
102932,DIMENHIDRINATO 50MG TAB. CJAX100UNID.,PORTUGAL GENERICO,0.0,9.0,0.9,2025-07-08 07:36:37,9,7,Invierno
102932,DIMENHIDRINATO 50MG TAB. CJAX100UNID.,PORTUGAL GENERICO,0.0,10.0,1.0,2025-07-08 11:15:35,13,7,Invierno
102932,DIMENHIDRINATO 50MG TAB. CJAX100UNID.,PORTUGAL GENERICO,0.0,20.0,2.0,2025-07-08 13:06:05,5,7,Invierno
102932,DIMENHIDRINATO 50MG TAB. CJAX100UNID.,PORTUGAL GENERICO,0.0,20.0,2.0,2025-07-08 18:58:06,1,7,Invierno
102932,DIMENHIDRINATO 50MG TAB. CJAX100UNID.,PORTUGAL GENERICO,0.0,10.0,1.0,2025-07-09 16:44:16,16,7,Invierno
102932,DIMENHIDRINATO 50MG TAB. CJAX100UNID.,PORTUGAL GENERICO,0.0,10.0,1.0,2025-07-09 17:46:25,6,7,Invierno
102932,DIMENHIDRINATO 50MG TAB. CJAX100UNID.,PORTUGAL GENERICO,0.0,10.0,1.0,2025-07-09 20:13:45,10,7,Invierno
102932,DIMENHIDRINATO 50MG TAB. CJAX100UNID.,PORTUGAL GENERICO,0.0,10.0,1.0,2025-07-11 10:15:40,13,7,Invierno
102932,DIMENHIDRINATO 50MG TAB. CJAX100UNID.,PORTUGAL GENERICO,0.0,10.0,1.0,2025-07-11 21:48:28,16,7,Invierno
102932,DIMENHIDRINATO 50MG TAB. CJAX100UNID.,PORTUGAL GENERICO,0.0,30.0,3.0,2025-07-12 21:27:10,1,7,Invierno
102932,DIMENHIDRINATO 50MG TAB. CJAX100UNID.,PORTUGAL GENERICO,0.0,10.0,1.0,2025-07-14 11:24:50,6,7,Invierno
102932,DIMENHIDRINATO 50MG TAB. CJAX100UNID.,PORTUGAL GENERICO,0.0,1.0,0.1,2025-07-14 21:25:03,1,7,Invierno
102932,DIMENHIDRINATO 50MG TAB. CJAX100UNID.,PORTUGAL GENERICO,0.0,10.0,1.0,2025-07-15 14:02:02,5,7,Invierno
102932,DIMENHIDRINATO 50MG TAB. CJAX100UNID.,PORTUGAL GENERICO,0.0,10.0,1.0,2025-07-15 18:49:15,5,7,Invierno
102932,DIMENHIDRINATO 50MG TAB. CJAX100UNID.,PORTUGAL GENERICO,0.0,10.0,1.0,2025-07-15 20:13:24,1,7,Invierno
102932,DIMENHIDRINATO 50MG TAB. CJAX100UNID.,PORTUGAL GENERICO,0.0,10.0,1.0,2025-07-16 21:12:47,1,7,Invierno
102932,DIMENHIDRINATO 50MG TAB. CJAX100UNID.,PORTUGAL GENERICO,0.0,10.0,1.0,2025-07-16 22:05:26,6,7,Invierno
102932,DIMENHIDRINATO 50MG TAB. CJAX100UNID.,PORTUGAL GENERICO,0.0,10.0,1.0,2025-07-17 07:16:11,11,7,Invierno
102932,DIMENHIDRINATO 50MG TAB. CJAX100UNID.,PORTUGAL GENERICO,0.0,10.0,1.0,2025-07-18 14:59:42,6,7,Invierno
102932,DIMENHIDRINATO 50MG TAB. CJAX100UNID.,PORTUGAL GENERICO,0.0,20.0,2.0,2025-07-18 18:02:43,1,7,Invierno
102932,DIMENHIDRINATO 50MG TAB. CJAX100UNID.,PORTUGAL GENERICO,0.0,10.0,1.0,2025-07-18 21:52:36,3,7,Invierno
102932,DIMENHIDRINATO 50MG TAB. CJAX100UNID.,PORTUGAL GENERICO,0.0,10.0,1.0,2025-07-19 07:22:39,6,7,Invierno
102932,DIMENHIDRINATO 50MG TAB. CJAX100UNID.,PORTUGAL GENERICO,2.0,0.0,14.0,2025-07-21 19:37:04,16,7,Invierno
102932,DIMENHIDRINATO 50MG TAB. CJAX100UNID.,PORTUGAL GENERICO,0.0,5.0,0.5,2025-07-22 12:08:02,11,7,Invierno
102932,DIMENHIDRINATO 50MG TAB. CJAX100UNID.,PORTUGAL GENERICO,0.0,-10.0,-1.0,2025-07-23 12:00:00,7,7,Invierno
102932,DIMENHIDRINATO 50MG TAB. CJAX100UNID.,PORTUGAL GENERICO,0.0,10.0,1.0,2025-07-23 17:38:52,14,7,Invierno
102932,DIMENHIDRINATO 50MG TAB. CJAX100UNID.,PORTUGAL GENERICO,0.0,10.0,1.0,2025-07-23 21:41:42,7,7,Invierno
102932,DIMENHIDRINATO 50MG TAB. CJAX100UNID.,PORTUGAL GENERICO,0.0,10.0,1.0,2025-07-23 21:47:41,7,7,Invierno
102932,DIMENHIDRINATO 50MG TAB. CJAX100UNID.,PORTUGAL GENERICO,0.0,10.0,1.0,2025-07-24 07:59:59,1,7,Invierno
102932,DIMENHIDRINATO 50MG TAB. CJAX100UNID.,PORTUGAL GENERICO,0.0,10.0,1.0,2025-07-24 18:32:51,1,7,Invierno
102932,DIMENHIDRINATO 50MG TAB. CJAX100UNID.,PORTUGAL GENERICO,0.0,20.0,2.0,2025-07-25 10:42:17,6,7,Invierno
102932,DIMENHIDRINATO 50MG TAB. CJAX100UNID.,PORTUGAL GENERICO,0.0,20.0,2.0,2025-07-25 13:28:59,3,7,Invierno
102932,DIMENHIDRINATO 50MG TAB. CJAX100UNID.,PORTUGAL GENERICO,0.0,10.0,1.0,2025-07-25 14:24:25,16,7,Invierno
102932,DIMENHIDRINATO 50MG TAB. CJAX100UNID.,PORTUGAL GENERICO,0.0,10.0,1.0,2025-07-25 16:01:07,1,7,Invierno
102932,DIMENHIDRINATO 50MG TAB. CJAX100UNID.,PORTUGAL GENERICO,0.0,10.0,1.0,2025-07-25 19:23:44,6,7,Invierno
102932,DIMENHIDRINATO 50MG TAB. CJAX100UNID.,PORTUGAL GENERICO,0.0,10.0,1.0,2025-07-25 20:50:02,3,7,Invierno
102932,DIMENHIDRINATO 50MG TAB. CJAX100UNID.,PORTUGAL GENERICO,0.0,10.0,1.0,2025-07-25 21:18:01,1,7,Invierno
102932,DIMENHIDRINATO 50MG TAB. CJAX100UNID.,PORTUGAL GENERICO,0.0,10.0,1.0,2025-07-26 09:38:38,16,7,Invierno
102932,DIMENHIDRINATO 50MG TAB. CJAX100UNID.,PORTUGAL GENERICO,0.0,10.0,1.0,2025-07-26 11:00:30,16,7,Invierno
102932,DIMENHIDRINATO 50MG TAB. CJAX100UNID.,PORTUGAL GENERICO,0.0,1.0,0.1,2025-07-26 11:02:30,1,7,Invierno
102932,DIMENHIDRINATO 50MG TAB. CJAX100UNID.,PORTUGAL GENERICO,0.0,10.0,1.0,2025-07-26 12:58:13,16,7,Invierno
102932,DIMENHIDRINATO 50MG TAB. CJAX100UNID.,PORTUGAL GENERICO,0.0,2.0,0.2,2025-07-27 07:48:43,7,7,Invierno
102932,DIMENHIDRINATO 50MG TAB. CJAX100UNID.,PORTUGAL GENERICO,0.0,10.0,1.0,2025-07-27 14:16:09,6,7,Invierno
102932,DIMENHIDRINATO 50MG TAB. CJAX100UNID.,PORTUGAL GENERICO,0.0,20.0,2.0,2025-07-27 15:56:25,16,7,Invierno
102932,DIMENHIDRINATO 50MG TAB. CJAX100UNID.,PORTUGAL GENERICO,0.0,10.0,1.0,2025-07-29 11:03:07,11,7,Invierno
102932,DIMENHIDRINATO 50MG TAB. CJAX100UNID.,PORTUGAL GENERICO,0.0,10.0,1.0,2025-07-30 21:08:54,11,7,Invierno
102932,DIMENHIDRINATO 50MG TAB. CJAX100UNID.,PORTUGAL GENERICO,0.0,20.0,1.8,2025-07-31 08:07:31,6,7,Invierno
102932,DIMENHIDRINATO 50MG TAB. CJAX100UNID.,PORTUGAL GENERICO,0.0,10.0,1.0,2025-07-31 09:49:19,3,7,Invierno
102932,DIMENHIDRINATO 50MG TAB. CJAX100UNID.,PORTUGAL GENERICO,0.0,10.0,1.0,2025-08-01 12:45:42,7,8,Invierno
102932,DIMENHIDRINATO 50MG TAB. CJAX100UNID.,PORTUGAL GENERICO,0.0,6.0,0.6,2025-08-04 11:24:50,6,8,Invierno
102932,DIMENHIDRINATO 50MG TAB. CJAX100UNID.,PORTUGAL GENERICO,0.0,10.0,1.0,2025-08-04 14:33:21,11,8,Invierno
102932,DIMENHIDRINATO 50MG TAB. CJAX100UNID.,PORTUGAL GENERICO,0.0,8.0,0.8,2025-08-04 19:02:19,6,8,Invierno
102932,DIMENHIDRINATO 50MG TAB. CJAX100UNID.,PORTUGAL GENERICO,0.0,2.0,0.2,2025-08-04 20:37:11,13,8,Invierno
102932,DIMENHIDRINATO 50MG TAB. CJAX100UNID.,PORTUGAL GENERICO,0.0,10.0,1.0,2025-08-05 18:28:20,11,8,Invierno
102932,DIMENHIDRINATO 50MG TAB. CJAX100UNID.,PORTUGAL GENERICO,0.0,10.0,1.0,2025-08-05 19:38:54,3,8,Invierno
102932,DIMENHIDRINATO 50MG TAB. CJAX100UNID.,PORTUGAL GENERICO,0.0,10.0,1.0,2025-08-05 20:30:38,16,8,Invierno
102932,DIMENHIDRINATO 50MG TAB. CJAX100UNID.,PORTUGAL GENERICO,0.0,10.0,1.0,2025-08-06 20:02:40,14,8,Invierno
102932,DIMENHIDRINATO 50MG TAB. CJAX100UNID.,PORTUGAL GENERICO,1.0,0.0,7.0,2025-08-07 11:22:58,5,8,Invierno
102932,DIMENHIDRINATO 50MG TAB. CJAX100UNID.,PORTUGAL GENERICO,0.0,5.0,0.5,2025-08-08 10:08:30,13,8,Invierno
102932,DIMENHIDRINATO 50MG TAB. CJAX100UNID.,PORTUGAL GENERICO,0.0,10.0,1.0,2025-08-13 15:54:51,3,8,Invierno
102932,DIMENHIDRINATO 50MG TAB. CJAX100UNID.,PORTUGAL GENERICO,0.0,10.0,1.0,2025-08-14 20:42:05,14,8,Invierno
102932,DIMENHIDRINATO 50MG TAB. CJAX100UNID.,PORTUGAL GENERICO,0.0,10.0,1.0,2025-08-15 19:30:42,16,8,Invierno
102932,DIMENHIDRINATO 50MG TAB. CJAX100UNID.,PORTUGAL GENERICO,0.0,10.0,1.0,2025-08-17 21:46:08,7,8,Invierno
102932,DIMENHIDRINATO 50MG TAB. CJAX100UNID.,PORTUGAL GENERICO,0.0,10.0,1.0,2025-08-18 19:11:28,13,8,Invierno
102932,DIMENHIDRINATO 50MG TAB. CJAX100UNID.,PORTUGAL GENERICO,0.0,10.0,1.0,2025-08-19 16:47:36,3,8,Invierno
102932,DIMENHIDRINATO 50MG TAB. CJAX100UNID.,PORTUGAL GENERICO,0.0,2.0,0.2,2025-08-20 13:05:59,14,8,Invierno
102932,DIMENHIDRINATO 50MG TAB. CJAX100UNID.,PORTUGAL GENERICO,0.0,10.0,1.0,2025-08-23 12:56:31,7,8,Invierno
102932,DIMENHIDRINATO 50MG TAB. CJAX100UNID.,PORTUGAL GENERICO,0.0,10.0,1.0,2025-08-23 18:36:53,11,8,Invierno
102932,DIMENHIDRINATO 50MG TAB. CJAX100UNID.,PORTUGAL GENERICO,0.0,20.0,2.0,2025-08-24 07:17:08,13,8,Invierno
102932,DIMENHIDRINATO 50MG TAB. CJAX100UNID.,PORTUGAL GENERICO,0.0,5.0,0.5,2025-09-01 07:43:53,7,9,Primavera
102932,DIMENHIDRINATO 50MG TAB CJAX100UND,PORTUGAL GENERICO,0.0,10.0,1.0,2025-09-03 08:57:12,7,9,Primavera
102932,DIMENHIDRINATO 50MG TAB CJAX100UND,PORTUGAL GENERICO,0.0,30.0,3.0,2025-09-04 11:25:24,4,9,Primavera
102932,DIMENHIDRINATO 50MG TAB CJAX100UND,PORTUGAL GENERICO,0.0,20.0,2.0,2025-09-04 21:21:00,1,9,Primavera
102932,DIMENHIDRINATO 50MG TAB CJAX100UND,PORTUGAL GENERICO,0.0,5.0,0.5,2025-09-06 18:33:11,1,9,Primavera
102932,DIMENHIDRINATO 50MG TAB CJAX100UND,PORTUGAL GENERICO,0.0,20.0,2.0,2025-09-07 15:53:06,1,9,Primavera
102932,DIMENHIDRINATO 50MG TAB CJAX100UND,PORTUGAL GENERICO,0.0,50.0,5.0,2025-09-07 21:50:58,12,9,Primavera
102932,DIMENHIDRINATO 50MG TAB CJAX100UND,PORTUGAL GENERICO,0.0,10.0,1.0,2025-09-08 11:46:26,1,9,Primavera
102932,DIMENHIDRINATO 50MG TAB CJAX100UND,PORTUGAL GENERICO,0.0,10.0,1.0,2025-09-08 14:45:17,5,9,Primavera
102932,DIMENHIDRINATO 50MG TAB CJAX100UND,PORTUGAL GENERICO,0.0,2.0,0.2,2025-09-09 10:59:33,1,9,Primavera
102932,DIMENHIDRINATO 50MG TAB CJAX100UND,PORTUGAL GENERICO,0.0,10.0,1.0,2025-09-10 09:05:20,12,9,Primavera
102932,DIMENHIDRINATO 50MG TAB CJAX100UND,PORTUGAL GENERICO,0.0,10.0,1.0,2025-09-10 09:44:59,16,9,Primavera
102932,DIMENHIDRINATO 50MG TAB CJAX100UND,PORTUGAL GENERICO,0.0,10.0,1.0,2025-09-11 08:52:01,4,9,Primavera
102932,DIMENHIDRINATO 50MG TAB CJAX100UND,PORTUGAL GENERICO,0.0,10.0,1.0,2025-09-11 10:53:18,13,9,Primavera
102932,DIMENHIDRINATO 50MG TAB CJAX100UND,PORTUGAL GENERICO,0.0,10.0,1.0,2025-09-11 19:02:39,13,9,Primavera
102932,DIMENHIDRINATO 50MG TAB CJAX100UND,PORTUGAL GENERICO,0.0,3.0,0.3,2025-09-12 18:16:20,9,9,Primavera
102932,DIMENHIDRINATO 50MG TAB CJAX100UND,PORTUGAL GENERICO,0.0,20.0,2.0,2025-09-13 15:51:09,10,9,Primavera
102932,DIMENHIDRINATO 50MG TAB CJAX100UND,PORTUGAL GENERICO,1.0,0.0,8.0,2025-09-13 18:59:26,10,9,Primavera
102932,DIMENHIDRINATO 50MG TAB CJAX100UND,PORTUGAL GENERICO,0.0,10.0,1.0,2025-09-14 11:42:07,5,9,Primavera
102932,DIMENHIDRINATO 50MG TAB CJAX100UND,PORTUGAL GENERICO,0.0,30.0,3.0,2025-09-14 13:33:21,9,9,Primavera
102932,DIMENHIDRINATO 50MG TAB CJAX100UND,PORTUGAL GENERICO,0.0,40.0,4.0,2025-09-14 18:30:04,7,9,Primavera
102932,DIMENHIDRINATO 50MG TAB CJAX100UND,PORTUGAL GENERICO,0.0,30.0,3.0,2025-09-14 20:12:26,15,9,Primavera
102932,DIMENHIDRINATO 50MG TAB CJAX100UND,PORTUGAL GENERICO,0.0,20.0,2.0,2025-09-14 21:35:46,10,9,Primavera
102932,DIMENHIDRINATO 50MG TAB CJAX100UND,PORTUGAL GENERICO,0.0,10.0,1.0,2025-09-15 13:28:36,7,9,Primavera
102932,DIMENHIDRINATO 50MG TAB CJAX100UND,PORTUGAL GENERICO,0.0,80.0,8.0,2025-09-15 19:57:28,12,9,Primavera
102932,DIMENHIDRINATO 50MG TAB CJAX100UND,PORTUGAL GENERICO,0.0,20.0,2.0,2025-09-15 20:37:13,1,9,Primavera
102932,DIMENHIDRINATO 50MG TAB CJAX100UND,PORTUGAL GENERICO,0.0,10.0,1.0,2025-09-15 21:21:53,13,9,Primavera
102932,DIMENHIDRINATO 50MG TAB CJAX100UND,PORTUGAL GENERICO,0.0,10.0,1.0,2025-09-17 07:51:56,6,9,Primavera
102932,DIMENHIDRINATO 50MG TAB CJAX100UND,PORTUGAL GENERICO,0.0,10.0,1.0,2025-09-17 15:38:52,11,9,Primavera
102932,DIMENHIDRINATO 50MG TAB CJAX100UND,PORTUGAL GENERICO,0.0,50.0,5.0,2025-09-17 20:30:56,16,9,Primavera
102932,DIMENHIDRINATO 50MG TAB CJAX100UND,PORTUGAL GENERICO,0.0,2.0,0.2,2025-09-17 21:06:11,13,9,Primavera
102932,DIMENHIDRINATO 50MG TAB CJAX100UND,PORTUGAL GENERICO,0.0,30.0,3.0,2025-09-18 11:07:20,16,9,Primavera
102932,DIMENHIDRINATO 50MG TAB CJAX100UND,PORTUGAL GENERICO,0.0,10.0,1.0,2025-09-18 12:19:43,9,9,Primavera
102932,DIMENHIDRINATO 50MG TAB CJAX100UND,PORTUGAL GENERICO,0.0,10.0,1.0,2025-09-18 18:19:26,12,9,Primavera
102932,DIMENHIDRINATO 50MG TAB CJAX100UND,PORTUGAL GENERICO,0.0,20.0,2.0,2025-09-18 18:21:34,12,9,Primavera
102932,DIMENHIDRINATO 50MG TAB CJAX100UND,PORTUGAL GENERICO,0.0,20.0,2.0,2025-09-18 20:17:58,5,9,Primavera
102932,DIMENHIDRINATO 50MG TAB CJAX100UND,PORTUGAL GENERICO,0.0,2.0,0.2,2025-09-19 19:14:21,12,9,Primavera
102932,DIMENHIDRINATO 50MG TAB CJAX100UND,PORTUGAL GENERICO,0.0,10.0,1.0,2025-09-20 09:23:16,16,9,Primavera
102932,DIMENHIDRINATO 50MG TAB CJAX100UND,PORTUGAL GENERICO,0.0,20.0,2.0,2025-09-20 18:52:12,5,9,Primavera
102932,DIMENHIDRINATO 50MG TAB CJAX100UND,PORTUGAL GENERICO,0.0,10.0,1.0,2025-09-21 11:07:01,7,9,Primavera
102932,DIMENHIDRINATO 50MG TAB CJAX100UND,PORTUGAL GENERICO,0.0,1.0,0.1,2025-09-21 15:44:06,1,9,Primavera
102932,DIMENHIDRINATO 50MG TAB CJAX100UND,PORTUGAL GENERICO,0.0,1.0,0.1,2025-09-23 09:04:15,12,9,Primavera
102932,DIMENHIDRINATO 50MG TAB CJAX100UND,PORTUGAL GENERICO,0.0,10.0,1.0,2025-09-23 13:25:53,6,9,Primavera
102932,DIMENHIDRINATO 50MG TAB CJAX100UND,PORTUGAL GENERICO,0.0,10.0,1.0,2025-09-23 14:10:10,10,9,Primavera
102932,DIMENHIDRINATO 50MG TAB CJAX100UND,PORTUGAL GENERICO,0.0,20.0,2.0,2025-09-23 21:54:23,5,9,Primavera
102932,DIMENHIDRINATO 50MG TAB CJAX100UND,PORTUGAL GENERICO,0.0,10.0,1.0,2025-09-24 20:10:45,5,9,Primavera
102932,DIMENHIDRINATO 50MG TAB CJAX100UND,PORTUGAL GENERICO,0.0,10.0,1.0,2025-09-25 17:57:30,4,9,Primavera
102932,DIMENHIDRINATO 50MG TAB CJAX100UND,PORTUGAL GENERICO,0.0,1.0,0.1,2025-09-25 21:46:35,3,9,Primavera
102932,DIMENHIDRINATO 50MG TAB CJAX100UND,PORTUGAL GENERICO,0.0,20.0,2.0,2025-09-26 09:11:03,9,9,Primavera
102932,DIMENHIDRINATO 50MG TAB CJAX100UND,PORTUGAL GENERICO,0.0,10.0,1.0,2025-09-26 14:29:01,9,9,Primavera
102932,DIMENHIDRINATO 50MG TAB CJAX100UND,PORTUGAL GENERICO,0.0,1.0,0.1,2025-09-26 16:22:10,3,9,Primavera
102932,DIMENHIDRINATO 50MG TAB CJAX100UND,PORTUGAL GENERICO,0.0,1.0,0.1,2025-09-26 22:05:59,3,9,Primavera
102932,DIMENHIDRINATO 50MG TAB CJAX100UND,PORTUGAL GENERICO,0.0,30.0,3.0,2025-09-27 00:13:21,10,9,Primavera
102932,DIMENHIDRINATO 50MG TAB CJAX100UND,PORTUGAL GENERICO,0.0,10.0,1.0,2025-09-27 09:19:03,14,9,Primavera
102932,DIMENHIDRINATO 50MG TAB CJAX100UND,PORTUGAL GENERICO,0.0,10.0,1.0,2025-09-27 10:10:57,9,9,Primavera
102932,DIMENHIDRINATO 50MG TAB CJAX100UND,PORTUGAL GENERICO,0.0,1.0,0.1,2025-09-27 13:08:32,9,9,Primavera
102932,DIMENHIDRINATO 50MG TAB CJAX100UND,PORTUGAL GENERICO,0.0,10.0,1.0,2025-09-27 15:23:10,5,9,Primavera
102932,DIMENHIDRINATO 50MG TAB CJAX100UND,PORTUGAL GENERICO,0.0,10.0,1.0,2025-09-27 21:08:59,1,9,Primavera
102932,DIMENHIDRINATO 50MG TAB CJAX100UND,PORTUGAL GENERICO,0.0,3.0,0.3,2025-09-28 14:07:18,7,9,Primavera
102932,DIMENHIDRINATO 50MG TAB CJAX100UND,PORTUGAL GENERICO,0.0,2.0,0.2,2025-09-28 18:50:56,13,9,Primavera
102932,DIMENHIDRINATO 50MG TAB CJAX100UND,PORTUGAL GENERICO,0.0,10.0,1.0,2025-09-29 07:27:53,12,9,Primavera
102932,DIMENHIDRINATO 50MG TAB CJAX100UND,PORTUGAL GENERICO,0.0,10.0,1.0,2025-09-29 10:19:27,12,9,Primavera
102932,DIMENHIDRINATO 50MG TAB CJAX100UND,PORTUGAL GENERICO,0.0,10.0,1.0,2025-09-29 19:10:57,5,9,Primavera
102932,DIMENHIDRINATO 50MG TAB CJAX100UND,PORTUGAL GENERICO,0.0,10.0,1.0,2025-09-30 11:33:48,4,9,Primavera
102932,DIMENHIDRINATO 50MG TAB CJAX100UND,PORTUGAL GENERICO,0.0,10.0,1.0,2025-09-30 20:02:36,16,9,Primavera
102932,DIMENHIDRINATO 50MG TAB CJAX100UND,PORTUGAL GENERICO,0.0,20.0,2.0,2025-09-30 20:52:16,6,9,Primavera
102932,DIMENHIDRINATO 50MG TAB CJAX100UND,PORTUGAL GENERICO,0.0,10.0,1.0,2025-10-02 12:19:08,9,10,Primavera
102932,DIMENHIDRINATO 50MG TAB CJAX100UND,PORTUGAL GENERICO,0.0,10.0,1.0,2025-10-03 10:10:12,5,10,Primavera
102932,DIMENHIDRINATO 50MG TAB CJAX100UND,PORTUGAL GENERICO,0.0,20.0,2.0,2025-10-03 12:42:08,16,10,Primavera
102932,DIMENHIDRINATO 50MG TAB CJAX100UND,PORTUGAL GENERICO,0.0,10.0,1.0,2025-10-04 16:51:25,15,10,Primavera
102932,DIMENHIDRINATO 50MG TAB CJAX100UND,PORTUGAL GENERICO,0.0,10.0,1.0,2025-10-05 13:58:45,6,10,Primavera
102932,DIMENHIDRINATO 50MG TAB CJAX100UND,PORTUGAL GENERICO,0.0,2.0,0.2,2025-10-05 15:42:30,12,10,Primavera
102932,DIMENHIDRINATO 50MG TAB CJAX100UND,PORTUGAL GENERICO,0.0,2.0,0.2,2025-10-05 21:25:53,12,10,Primavera
102932,DIMENHIDRINATO 50MG TAB CJAX100UND,PORTUGAL GENERICO,0.0,10.0,1.0,2025-10-06 21:16:45,2,10,Primavera
102932,DIMENHIDRINATO 50MG TAB CJAX100UND,PORTUGAL GENERICO,0.0,10.0,1.0,2025-10-08 11:59:29,5,10,Primavera
102932,DIMENHIDRINATO 50MG TAB CJAX100UND,PORTUGAL GENERICO,0.0,10.0,1.0,2025-10-08 18:19:19,1,10,Primavera
102932,DIMENHIDRINATO 50MG TAB CJAX100UND,PORTUGAL GENERICO,0.0,10.0,1.0,2025-10-09 11:53:27,16,10,Primavera
102932,DIMENHIDRINATO 50MG TAB CJAX100UND,PORTUGAL GENERICO,0.0,2.0,0.2,2025-10-09 18:06:36,13,10,Primavera
102932,DIMENHIDRINATO 50MG TAB CJAX100UND,PORTUGAL GENERICO,0.0,1.0,0.1,2025-10-10 08:47:19,6,10,Primavera
102932,DIMENHIDRINATO 50MG TAB CJAX100UND,PORTUGAL GENERICO,0.0,10.0,1.0,2025-10-10 10:45:34,6,10,Primavera
102932,DIMENHIDRINATO 50MG TAB CJAX100UND,PORTUGAL GENERICO,1.0,0.0,8.0,2025-10-10 12:25:39,15,10,Primavera
102932,DIMENHIDRINATO 50MG TAB CJAX100UND,PORTUGAL GENERICO,0.0,10.0,0.9,2025-10-10 14:25:17,1,10,Primavera
102932,DIMENHIDRINATO 50MG TAB CJAX100UND,PORTUGAL GENERICO,0.0,10.0,1.0,2025-10-10 18:00:37,3,10,Primavera
102932,DIMENHIDRINATO 50MG TAB CJAX100UND,PORTUGAL GENERICO,0.0,10.0,1.0,2025-10-10 21:40:49,16,10,Primavera
102932,DIMENHIDRINATO 50MG TAB CJAX100UND,PORTUGAL GENERICO,0.0,10.0,1.0,2025-10-10 21:42:44,16,10,Primavera
102932,DIMENHIDRINATO 50MG TAB CJAX100UND,PORTUGAL GENERICO,0.0,10.0,1.0,2025-10-10 21:43:27,16,10,Primavera
102932,DIMENHIDRINATO 50MG TAB CJAX100UND,PORTUGAL GENERICO,0.0,20.0,2.0,2025-10-11 10:24:59,5,10,Primavera
102932,DIMENHIDRINATO 50MG TAB CJAX100UND,PORTUGAL GENERICO,0.0,10.0,1.0,2025-10-12 11:48:04,16,10,Primavera
102932,DIMENHIDRINATO 50MG TAB CJAX100UND,PORTUGAL GENERICO,0.0,1.0,0.1,2025-10-12 15:40:40,12,10,Primavera
102932,DIMENHIDRINATO 50MG TAB CJAX100UND,PORTUGAL GENERICO,0.0,2.0,0.2,2025-10-12 15:46:50,12,10,Primavera
102932,DIMENHIDRINATO 50MG TAB CJAX100UND,PORTUGAL GENERICO,0.0,1.0,0.1,2025-10-12 15:51:55,12,10,Primavera
102932,DIMENHIDRINATO 50MG TAB CJAX100UND,PORTUGAL GENERICO,0.0,10.0,1.0,2025-10-12 17:31:28,9,10,Primavera
102932,DIMENHIDRINATO 50MG TAB CJAX100UND,PORTUGAL GENERICO,0.0,2.0,0.2,2025-10-14 21:46:00,1,10,Primavera
102932,DIMENHIDRINATO 50MG TAB CJAX100UND,PORTUGAL GENERICO,0.0,10.0,1.0,2025-10-15 11:33:20,5,10,Primavera
102932,DIMENHIDRINATO 50MG TAB CJAX100UND,PORTUGAL GENERICO,0.0,10.0,1.0,2025-10-15 13:08:22,2,10,Primavera
102932,DIMENHIDRINATO 50MG TAB CJAX100UND,PORTUGAL GENERICO,0.0,2.0,0.2,2025-10-15 18:35:27,12,10,Primavera
102932,DIMENHIDRINATO 50MG TAB CJAX100UND,PORTUGAL GENERICO,0.0,10.0,1.0,2025-10-15 21:13:05,16,10,Primavera
102932,DIMENHIDRINATO 50MG TAB CJAX100UND,PORTUGAL GENERICO,0.0,10.0,1.0,2025-10-16 08:32:43,4,10,Primavera
102932,DIMENHIDRINATO 50MG TAB CJAX100UND,PORTUGAL GENERICO,0.0,10.0,1.0,2025-10-16 12:06:43,9,10,Primavera
102932,DIMENHIDRINATO 50MG TAB CJAX100UND,PORTUGAL GENERICO,0.0,2.0,0.2,2025-10-16 22:23:58,12,10,Primavera
102932,DIMENHIDRINATO 50MG TAB CJAX100UND,PORTUGAL GENERICO,0.0,10.0,1.0,2025-10-17 16:10:27,12,10,Primavera
102932,DIMENHIDRINATO 50MG TAB CJAX100UND,PORTUGAL GENERICO,0.0,87.0,8.7,2025-10-18 11:48:15,12,10,Primavera
102932,DIMENHIDRINATO 50MG TAB CJAX100UND,PORTUGAL GENERICO,0.0,60.0,6.0,2025-10-18 19:19:09,16,10,Primavera
102932,DIMENHIDRINATO 50MG TAB CJAX100UND,PORTUGAL GENERICO,0.0,20.0,2.0,2025-10-18 20:05:08,13,10,Primavera
102932,DIMENHIDRINATO 50MG TAB CJAX100UND,PORTUGAL GENERICO,0.0,10.0,1.0,2025-10-19 11:13:26,5,10,Primavera
102932,DIMENHIDRINATO 50MG TAB CJAX100UND,PORTUGAL GENERICO,0.0,30.0,3.0,2025-10-19 17:16:34,11,10,Primavera
102932,DIMENHIDRINATO 50MG TAB CJAX100UND,PORTUGAL GENERICO,0.0,10.0,1.0,2025-10-20 21:45:37,1,10,Primavera
102932,DIMENHIDRINATO 50MG TAB CJAX100UND,PORTUGAL GENERICO,0.0,20.0,2.0,2025-10-20 22:06:29,2,10,Primavera
102932,DIMENHIDRINATO 50MG TAB CJAX100UND,PORTUGAL GENERICO,0.0,10.0,1.0,2025-10-21 18:05:37,1,10,Primavera
102932,DIMENHIDRINATO 50MG TAB CJAX100UND,PORTUGAL GENERICO,0.0,10.0,1.0,2025-10-21 21:30:40,9,10,Primavera
102932,DIMENHIDRINATO 50MG TAB CJAX100UND,PORTUGAL GENERICO,0.0,10.0,1.0,2025-10-22 11:21:09,16,10,Primavera
102932,DIMENHIDRINATO 50MG TAB CJAX100UND,PORTUGAL GENERICO,0.0,1.0,0.1,2025-10-22 11:55:22,13,10,Primavera
102932,DIMENHIDRINATO 50MG TAB CJAX100UND,PORTUGAL GENERICO,0.0,1.0,0.1,2025-10-22 11:57:32,13,10,Primavera
102932,DIMENHIDRINATO 50MG TAB CJAX100UND,PORTUGAL GENERICO,0.0,20.0,2.0,2025-10-22 16:17:45,9,10,Primavera
102932,DIMENHIDRINATO 50MG TAB CJAX100UND,PORTUGAL GENERICO,0.0,10.0,1.0,2025-10-23 07:11:07,6,10,Primavera
102932,DIMENHIDRINATO 50MG TAB CJAX100UND,PORTUGAL GENERICO,0.0,20.0,2.0,2025-10-23 21:41:39,3,10,Primavera
102932,DIMENHIDRINATO 50MG TAB CJAX100UND,PORTUGAL GENERICO,0.0,10.0,1.0,2025-10-23 23:33:40,5,10,Primavera
102932,DIMENHIDRINATO 50MG TAB CJAX100UND,PORTUGAL GENERICO,0.0,20.0,2.0,2025-10-24 19:02:53,1,10,Primavera
102932,DIMENHIDRINATO 50MG TAB CJAX100UND,PORTUGAL GENERICO,1.0,0.0,8.0,2025-10-25 16:00:58,3,10,Primavera
102932,DIMENHIDRINATO 50MG TAB CJAX100UND,PORTUGAL GENERICO,0.0,10.0,1.0,2025-10-25 16:58:36,16,10,Primavera
102932,DIMENHIDRINATO 50MG TAB CJAX100UND,PORTUGAL GENERICO,0.0,10.0,1.0,2025-10-25 19:06:20,2,10,Primavera
102932,DIMENHIDRINATO 50MG TAB CJAX100UND,PORTUGAL GENERICO,0.0,20.0,2.0,2025-10-26 20:44:37,12,10,Primavera
102932,DIMENHIDRINATO 50MG TAB CJAX100UND,PORTUGAL GENERICO,0.0,10.0,1.0,2025-10-27 09:29:41,13,10,Primavera
102932,DIMENHIDRINATO 50MG TAB CJAX100UND,PORTUGAL GENERICO,0.0,10.0,1.0,2025-10-27 11:32:27,15,10,Primavera
102932,DIMENHIDRINATO 50MG TAB CJAX100UND,PORTUGAL GENERICO,0.0,50.0,5.0,2025-10-27 22:24:33,7,10,Primavera
102932,DIMENHIDRINATO 50MG TAB CJAX100UND,PORTUGAL GENERICO,0.0,10.0,1.0,2025-10-28 14:31:24,6,10,Primavera
102932,DIMENHIDRINATO 50MG TAB CJAX100UND,PORTUGAL GENERICO,0.0,20.0,2.0,2025-10-28 20:20:21,11,10,Primavera
102932,DIMENHIDRINATO 50MG TAB CJAX100UND,PORTUGAL GENERICO,0.0,20.0,2.0,2025-10-29 10:12:54,16,10,Primavera
102932,DIMENHIDRINATO 50MG TAB CJAX100UND,PORTUGAL GENERICO,0.0,10.0,1.0,2025-10-29 21:33:28,9,10,Primavera
102932,DIMENHIDRINATO 50MG TAB CJAX100UND,PORTUGAL GENERICO,-1.0,0.0,-8.0,2025-10-30 12:00:00,3,10,Primavera
102932,DIMENHIDRINATO 50MG TAB CJAX100UND,PORTUGAL GENERICO,0.0,100.0,8.0,2025-10-30 12:26:57,3,10,Primavera
102932,DIMENHIDRINATO 50MG TAB CJAX100UND,PORTUGAL GENERICO,0.0,10.0,1.0,2025-10-30 18:02:28,14,10,Primavera
102932,DIMENHIDRINATO 50MG TAB CJAX100UND,PORTUGAL GENERICO,0.0,1.0,0.1,2025-10-30 20:51:49,12,10,Primavera
102932,DIMENHIDRINATO 50MG TAB CJAX100UND,PORTUGAL GENERICO,0.0,10.0,1.0,2025-10-30 21:01:07,9,10,Primavera
102932,DIMENHIDRINATO 50MG TAB CJAX100UND,PORTUGAL GENERICO,0.0,10.0,1.0,2025-10-30 22:10:29,16,10,Primavera
102932,DIMENHIDRINATO 50MG TAB CJAX100UND,PORTUGAL GENERICO,0.0,20.0,2.0,2025-10-31 16:42:49,10,10,Primavera
102932,DIMENHIDRINATO 50MG TAB CJAX100UND,PORTUGAL GENERICO,0.0,10.0,1.0,2025-11-01 11:44:08,3,11,Primavera
102932,DIMENHIDRINATO 50MG TAB CJAX100UND,PORTUGAL GENERICO,0.0,1.0,0.1,2025-11-03 09:00:45,12,11,Primavera
102932,DIMENHIDRINATO 50MG TAB CJAX100UND,PORTUGAL GENERICO,0.0,10.0,1.0,2025-11-03 09:09:16,15,11,Primavera
102932,DIMENHIDRINATO 50MG TAB CJAX100UND,PORTUGAL GENERICO,1.0,0.0,8.0,2025-11-03 19:46:49,1,11,Primavera
102932,DIMENHIDRINATO 50MG TAB CJAX100UND,PORTUGAL GENERICO,0.0,20.0,2.0,2025-11-03 20:44:20,10,11,Primavera
102932,DIMENHIDRINATO 50MG TAB CJAX100UND,PORTUGAL GENERICO,0.0,10.0,1.0,2025-11-03 23:41:29,5,11,Primavera
102932,DIMENHIDRINATO 50MG TAB CJAX100UND,PORTUGAL GENERICO,0.0,10.0,1.0,2025-11-04 11:59:45,5,11,Primavera
102932,DIMENHIDRINATO 50MG TAB CJAX100UND,PORTUGAL GENERICO,0.0,10.0,1.0,2025-11-04 13:19:50,6,11,Primavera
102932,DIMENHIDRINATO 50MG TAB CJAX100UND,PORTUGAL GENERICO,0.0,10.0,1.0,2025-11-04 15:55:01,9,11,Primavera
102932,DIMENHIDRINATO 50MG TAB CJAX100UND,PORTUGAL GENERICO,0.0,20.0,2.0,2025-11-04 21:15:20,6,11,Primavera
102932,DIMENHIDRINATO 50MG TAB CJAX100UND,PORTUGAL GENERICO,0.0,10.0,1.0,2025-11-05 08:40:20,6,11,Primavera
102932,DIMENHIDRINATO 50MG TAB CJAX100UND,PORTUGAL GENERICO,0.0,10.0,1.0,2025-11-05 16:50:49,4,11,Primavera
102932,DIMENHIDRINATO 50MG TAB CJAX100UND,PORTUGAL GENERICO,0.0,10.0,1.0,2025-11-05 19:03:22,14,11,Primavera
102932,DIMENHIDRINATO 50MG TAB CJAX100UND,PORTUGAL GENERICO,0.0,10.0,1.0,2025-11-05 21:32:09,1,11,Primavera
102932,DIMENHIDRINATO 50MG TAB CJAX100UND,PORTUGAL GENERICO,0.0,10.0,1.0,2025-11-06 12:12:26,1,11,Primavera
102932,DIMENHIDRINATO 50MG TAB CJAX100UND,PORTUGAL GENERICO,0.0,10.0,1.0,2025-11-06 13:57:59,2,11,Primavera
102932,DIMENHIDRINATO 50MG TAB CJAX100UND,PORTUGAL GENERICO,0.0,10.0,1.0,2025-11-06 17:30:38,12,11,Primavera
102932,DIMENHIDRINATO 50MG TAB CJAX100UND,PORTUGAL GENERICO,1.0,0.0,7.6,2025-11-06 19:34:08,3,11,Primavera
102932,DIMENHIDRINATO 50MG TAB CJAX100UND,PORTUGAL GENERICO,0.0,20.0,2.0,2025-11-06 20:26:00,10,11,Primavera
102932,DIMENHIDRINATO 50MG TAB CJAX100UND,PORTUGAL GENERICO,0.0,10.0,1.0,2025-11-07 07:36:53,9,11,Primavera
102932,DIMENHIDRINATO 50MG TAB CJAX100UND,PORTUGAL GENERICO,0.0,40.0,4.0,2025-11-07 16:17:00,10,11,Primavera
102932,DIMENHIDRINATO 50MG TAB CJAX100UND,PORTUGAL GENERICO,0.0,8.0,0.8,2025-11-07 18:17:27,2,11,Primavera
102932,DIMENHIDRINATO 50MG TAB CJAX100UND,PORTUGAL GENERICO,0.0,10.0,1.0,2025-11-07 18:45:12,4,11,Primavera
102932,DIMENHIDRINATO 50MG TAB CJAX100UND,PORTUGAL GENERICO,0.0,10.0,1.0,2025-11-07 21:12:35,6,11,Primavera
102932,DIMENHIDRINATO 50MG TAB CJAX100UND,PORTUGAL GENERICO,0.0,2.0,0.2,2025-11-07 21:53:34,9,11,Primavera
102932,DIMENHIDRINATO 50MG TAB CJAX100UND,PORTUGAL GENERICO,0.0,5.0,0.5,2025-11-08 14:01:59,12,11,Primavera
102932,DIMENHIDRINATO 50MG TAB CJAX100UND,PORTUGAL GENERICO,1.0,0.0,8.0,2025-11-08 16:37:47,12,11,Primavera
102932,DIMENHIDRINATO 50MG TAB CJAX100UND,PORTUGAL GENERICO,0.0,10.0,1.0,2025-11-08 18:25:58,3,11,Primavera
102932,DIMENHIDRINATO 50MG TAB CJAX100UND,PORTUGAL GENERICO,0.0,10.0,1.0,2025-11-08 19:32:08,1,11,Primavera
102932,DIMENHIDRINATO 50MG TAB CJAX100UND,PORTUGAL GENERICO,0.0,10.0,1.0,2025-11-08 21:38:57,7,11,Primavera
102932,DIMENHIDRINATO 50MG TAB CJAX100UND,PORTUGAL GENERICO,0.0,20.0,2.0,2025-11-09 19:19:08,1,11,Primavera
102932,DIMENHIDRINATO 50MG TAB CJAX100UND,PORTUGAL GENERICO,0.0,10.0,1.0,2025-11-09 21:39:34,16,11,Primavera
102932,DIMENHIDRINATO 50MG TAB CJAX100UND,PORTUGAL GENERICO,0.0,20.0,2.0,2025-11-10 09:37:35,4,11,Primavera
102932,DIMENHIDRINATO 50MG TAB CJAX100UND,PORTUGAL GENERICO,0.0,10.0,1.0,2025-11-10 20:03:50,6,11,Primavera
102932,DIMENHIDRINATO 50MG TAB CJAX100UND,PORTUGAL GENERICO,0.0,10.0,1.0,2025-11-11 18:58:57,5,11,Primavera
102932,DIMENHIDRINATO 50MG TAB CJAX100UND,PORTUGAL GENERICO,0.0,10.0,1.0,2025-11-11 20:16:34,2,11,Primavera
102932,DIMENHIDRINATO 50MG TAB CJAX100UND,PORTUGAL GENERICO,0.0,10.0,1.0,2025-11-11 21:41:28,14,11,Primavera
102932,DIMENHIDRINATO 50MG TAB CJAX100UND,PORTUGAL GENERICO,0.0,20.0,2.0,2025-11-12 19:38:35,15,11,Primavera
102932,DIMENHIDRINATO 50MG TAB CJAX100UND,PORTUGAL GENERICO,0.0,10.0,1.0,2025-11-13 19:16:29,1,11,Primavera
102932,DIMENHIDRINATO 50MG TAB CJAX100UND,PORTUGAL GENERICO,0.0,10.0,1.0,2025-11-14 08:29:49,10,11,Primavera
102932,DIMENHIDRINATO 50MG TAB CJAX100UND,PORTUGAL GENERICO,0.0,6.0,0.6,2025-11-14 12:59:59,11,11,Primavera
102932,DIMENHIDRINATO 50MG TAB CJAX100UND,PORTUGAL GENERICO,0.0,30.0,3.0,2025-11-15 18:00:12,4,11,Primavera
102932,DIMENHIDRINATO 50MG TAB CJAX100UND,PORTUGAL GENERICO,0.0,30.0,3.0,2025-11-15 20:49:26,14,11,Primavera
102932,DIMENHIDRINATO 50MG TAB CJAX100UND,PORTUGAL GENERICO,0.0,9.0,0.9,2025-11-16 07:54:44,6,11,Primavera
102932,DIMENHIDRINATO 50MG TAB CJAX100UND,PORTUGAL GENERICO,0.0,10.0,1.0,2025-11-16 18:08:33,16,11,Primavera
102932,DIMENHIDRINATO 50MG TAB CJAX100UND,PORTUGAL GENERICO,0.0,10.0,1.0,2025-11-16 19:29:16,12,11,Primavera
102932,DIMENHIDRINATO 50MG TAB CJAX100UND,PORTUGAL GENERICO,0.0,20.0,2.0,2025-11-17 09:37:51,7,11,Primavera
102932,DIMENHIDRINATO 50MG TAB CJAX100UND,PORTUGAL GENERICO,0.0,10.0,1.0,2025-11-17 12:40:05,2,11,Primavera
102932,DIMENHIDRINATO 50MG TAB CJAX100UND,PORTUGAL GENERICO,0.0,20.0,2.0,2025-11-17 22:01:38,7,11,Primavera
102932,DIMENHIDRINATO 50MG TAB CJAX100UND,PORTUGAL GENERICO,0.0,10.0,1.0,2025-11-17 22:10:23,9,11,Primavera
102932,DIMENHIDRINATO 50MG TAB CJAX100UND,PORTUGAL GENERICO,0.0,10.0,1.0,2025-11-18 12:50:58,11,11,Primavera
102932,DIMENHIDRINATO 50MG TAB CJAX100UND,PORTUGAL GENERICO,0.0,10.0,1.0,2025-11-19 21:25:31,2,11,Primavera
102932,DIMENHIDRINATO 50MG TAB CJAX100UND,PORTUGAL GENERICO,1.0,0.0,8.0,2025-11-20 09:41:41,13,11,Primavera
102932,DIMENHIDRINATO 50MG TAB CJAX100UND,PORTUGAL GENERICO,0.0,10.0,1.0,2025-11-20 20:20:51,13,11,Primavera
102932,DIMENHIDRINATO 50MG TAB CJAX100UND,PORTUGAL GENERICO,0.0,10.0,1.0,2025-11-21 19:56:23,16,11,Primavera
102932,DIMENHIDRINATO 50MG TAB CJAX100UND,PORTUGAL GENERICO,0.0,5.0,0.5,2025-11-21 20:04:51,16,11,Primavera
102932,DIMENHIDRINATO 50MG TAB CJAX100UND,PORTUGAL GENERICO,0.0,30.0,3.0,2025-11-22 07:51:35,13,11,Primavera
102932,DIMENHIDRINATO 50MG TAB CJAX100UND,PORTUGAL GENERICO,0.0,1.0,0.1,2025-11-22 10:02:01,10,11,Primavera
102932,DIMENHIDRINATO 50MG TAB CJAX100UND,PORTUGAL GENERICO,0.0,20.0,2.0,2025-11-22 11:18:09,2,11,Primavera
102932,DIMENHIDRINATO 50MG TAB CJAX100UND,PORTUGAL GENERICO,0.0,9.0,0.9,2025-11-22 11:27:29,10,11,Primavera
102932,DIMENHIDRINATO 50MG TAB CJAX100UND,PORTUGAL GENERICO,0.0,10.0,1.0,2025-11-22 17:15:57,5,11,Primavera
102932,DIMENHIDRINATO 50MG TAB CJAX100UND,PORTUGAL GENERICO,0.0,10.0,1.0,2025-11-22 20:48:48,3,11,Primavera
102932,DIMENHIDRINATO 50MG TAB CJAX100UND,PORTUGAL GENERICO,0.0,5.0,0.5,2025-11-23 19:43:27,9,11,Primavera
102932,DIMENHIDRINATO 50MG TAB CJAX100UND,PORTUGAL GENERICO,0.0,30.0,3.0,2025-11-24 08:29:59,3,11,Primavera
102932,DIMENHIDRINATO 50MG TAB CJAX100UND,PORTUGAL GENERICO,0.0,50.0,5.0,2025-11-24 20:31:00,4,11,Primavera
102932,DIMENHIDRINATO 50MG TAB CJAX100UND,PORTUGAL GENERICO,0.0,20.0,2.0,2025-11-25 07:57:06,4,11,Primavera
102932,DIMENHIDRINATO 50MG TAB CJAX100UND,PORTUGAL GENERICO,0.0,2.0,0.2,2025-11-26 07:12:59,1,11,Primavera
102932,DIMENHIDRINATO 50MG TAB CJAX100UND,PORTUGAL GENERICO,0.0,20.0,2.0,2025-11-26 09:49:02,1,11,Primavera
102932,DIMENHIDRINATO 50MG TAB CJAX100UND,PORTUGAL GENERICO,0.0,10.0,1.0,2025-11-26 13:15:13,1,11,Primavera
102932,DIMENHIDRINATO 50MG TAB CJAX100UND,PORTUGAL GENERICO,0.0,10.0,1.0,2025-11-27 14:22:40,1,11,Primavera
102932,DIMENHIDRINATO 50MG TAB CJAX100UND,PORTUGAL GENERICO,0.0,10.0,1.0,2025-11-27 21:26:38,2,11,Primavera
102932,DIMENHIDRINATO 50MG TAB CJAX100UND,PORTUGAL GENERICO,0.0,10.0,1.0,2025-11-27 21:39:58,15,11,Primavera
102932,DIMENHIDRINATO 50MG TAB CJAX100UND,PORTUGAL GENERICO,0.0,10.0,1.0,2025-11-28 08:31:36,16,11,Primavera
102932,DIMENHIDRINATO 50MG TAB CJAX100UND,PORTUGAL GENERICO,1.0,0.0,8.0,2025-11-28 17:34:53,5,11,Primavera
102932,DIMENHIDRINATO 50MG TAB CJAX100UND,PORTUGAL GENERICO,0.0,30.0,3.0,2025-11-28 18:15:13,1,11,Primavera
102932,DIMENHIDRINATO 50MG TAB CJAX100UND,PORTUGAL GENERICO,0.0,20.0,2.0,2025-11-28 19:14:02,2,11,Primavera
102932,DIMENHIDRINATO 50MG TAB CJAX100UND,PORTUGAL GENERICO,0.0,1.0,0.1,2025-11-28 21:35:05,12,11,Primavera
102932,DIMENHIDRINATO 50MG TAB CJAX100UND,PORTUGAL GENERICO,0.0,10.0,1.0,2025-11-29 10:18:22,16,11,Primavera
102932,DIMENHIDRINATO 50MG TAB CJAX100UND,PORTUGAL GENERICO,0.0,10.0,1.0,2025-11-29 13:33:33,3,11,Primavera
102932,DIMENHIDRINATO 50MG TAB CJAX100UND,PORTUGAL GENERICO,0.0,7.0,0.7,2025-11-29 18:25:54,3,11,Primavera
102932,DIMENHIDRINATO 50MG TAB CJAX100UND,PORTUGAL GENERICO,0.0,10.0,1.0,2025-11-29 18:51:52,1,11,Primavera
102932,DIMENHIDRINATO 50MG TAB CJAX100UND,PORTUGAL GENERICO,0.0,10.0,1.0,2025-11-29 20:14:43,14,11,Primavera
102932,DIMENHIDRINATO 50MG TAB CJAX100UND,PORTUGAL GENERICO,0.0,30.0,3.0,2025-11-30 10:06:46,1,11,Primavera
102932,DIMENHIDRINATO 50MG TAB CJAX100UND,PORTUGAL GENERICO,0.0,10.0,1.0,2025-11-30 12:03:15,12,11,Primavera
102932,DIMENHIDRINATO 50MG TAB CJAX100UND,PORTUGAL GENERICO,0.0,10.0,1.0,2025-11-30 20:14:38,1,11,Primavera
102932,DIMENHIDRINATO 50MG TAB CJAX100UND,PORTUGAL GENERICO,0.0,10.0,1.0,2025-12-01 08:45:57,5,12,Verano
102932,DIMENHIDRINATO 50MG TAB CJAX100UND,PORTUGAL GENERICO,0.0,20.0,2.0,2025-12-01 12:31:50,1,12,Verano
102932,DIMENHIDRINATO 50MG TAB CJAX100UND,PORTUGAL GENERICO,0.0,10.0,1.0,2025-12-01 19:00:24,1,12,Verano
102932,DIMENHIDRINATO 50MG TAB CJAX100UND,PORTUGAL GENERICO,0.0,10.0,1.0,2025-12-02 12:36:03,12,12,Verano
102932,DIMENHIDRINATO 50MG TAB CJAX100UND,PORTUGAL GENERICO,0.0,10.0,1.0,2025-12-02 20:06:33,13,12,Verano
102932,DIMENHIDRINATO 50MG TAB CJAX100UND,PORTUGAL GENERICO,0.0,10.0,1.0,2025-12-02 23:27:42,5,12,Verano
102932,DIMENHIDRINATO 50MG TAB CJAX100UND,PORTUGAL GENERICO,0.0,1.0,0.1,2025-12-03 14:26:27,2,12,Verano
102932,DIMENHIDRINATO 50MG TAB CJAX100UND,PORTUGAL GENERICO,0.0,20.0,2.0,2025-12-03 20:10:54,1,12,Verano
102932,DIMENHIDRINATO 50MG TAB CJAX100UND,PORTUGAL GENERICO,0.0,10.0,1.0,2025-12-03 21:33:52,1,12,Verano
102932,DIMENHIDRINATO 50MG TAB CJAX100UND,PORTUGAL GENERICO,0.0,40.0,4.0,2025-12-05 08:27:08,5,12,Verano
102932,DIMENHIDRINATO 50MG TAB CJAX100UND,PORTUGAL GENERICO,0.0,10.0,1.0,2025-12-05 17:00:27,1,12,Verano
102932,DIMENHIDRINATO 50MG TAB CJAX100UND,PORTUGAL GENERICO,0.0,-100.0,-8.0,2025-12-06 08:32:14,3,12,Verano
102932,DIMENHIDRINATO 50MG TAB CJAX100UND,PORTUGAL GENERICO,0.0,100.0,8.0,2025-12-06 13:05:07,3,12,Verano
102932,DIMENHIDRINATO 50MG TAB CJAX100UND,PORTUGAL GENERICO,0.0,20.0,2.0,2025-12-06 16:48:05,13,12,Verano
102932,DIMENHIDRINATO 50MG TAB CJAX100UND,PORTUGAL GENERICO,0.0,10.0,1.0,2025-12-06 17:33:09,1,12,Verano
102932,DIMENHIDRINATO 50MG TAB CJAX100UND,PORTUGAL GENERICO,0.0,10.0,1.0,2025-12-07 21:54:37,13,12,Verano
102932,DIMENHIDRINATO 50MG TAB CJAX100UND,PORTUGAL GENERICO,0.0,10.0,1.0,2025-12-08 12:45:24,5,12,Verano
102932,DIMENHIDRINATO 50MG TAB CJAX100UND,PORTUGAL GENERICO,0.0,10.0,1.0,2025-12-08 22:40:48,5,12,Verano
102932,DIMENHIDRINATO 50MG TAB CJAX100UND,PORTUGAL GENERICO,0.0,10.0,1.0,2025-12-10 07:48:46,12,12,Verano
102932,DIMENHIDRINATO 50MG TAB CJAX100UND,PORTUGAL GENERICO,0.0,40.0,4.0,2025-12-10 17:58:00,1,12,Verano
102932,DIMENHIDRINATO 50MG TAB CJAX100UND,PORTUGAL GENERICO,0.0,10.0,1.0,2025-12-11 20:39:14,14,12,Verano
102932,DIMENHIDRINATO 50MG TAB CJAX100UND,PORTUGAL GENERICO,0.0,20.0,2.0,2025-12-12 10:14:26,4,12,Verano
102932,DIMENHIDRINATO 50MG TAB CJAX100UND,PORTUGAL GENERICO,0.0,10.0,1.0,2025-12-12 11:25:23,12,12,Verano
102932,DIMENHIDRINATO 50MG TAB CJAX100UND,PORTUGAL GENERICO,0.0,10.0,1.0,2025-12-12 11:53:59,16,12,Verano
102932,DIMENHIDRINATO 50MG TAB CJAX100UND,PORTUGAL GENERICO,0.0,20.0,2.0,2025-12-12 14:08:00,1,12,Verano
102932,DIMENHIDRINATO 50MG TAB CJAX100UND,PORTUGAL GENERICO,0.0,8.0,0.8,2025-12-12 15:39:29,11,12,Verano
102932,DIMENHIDRINATO 50MG TAB CJAX100UND,PORTUGAL GENERICO,0.0,10.0,1.0,2025-12-12 16:26:40,16,12,Verano
102932,DIMENHIDRINATO 50MG TAB CJAX100UND,PORTUGAL GENERICO,0.0,3.0,0.3,2025-12-12 20:58:49,12,12,Verano
102932,DIMENHIDRINATO 50MG TAB CJAX100UND,PORTUGAL GENERICO,0.0,20.0,2.0,2025-12-13 19:43:51,15,12,Verano
102932,DIMENHIDRINATO 50MG TAB CJAX100UND,PORTUGAL GENERICO,0.0,10.0,1.0,2025-12-14 17:52:12,1,12,Verano
102932,DIMENHIDRINATO 50MG TAB CJAX100UND,PORTUGAL GENERICO,0.0,10.0,1.0,2025-12-14 19:37:56,1,12,Verano
102932,DIMENHIDRINATO 50MG TAB CJAX100UND,PORTUGAL GENERICO,0.0,10.0,1.0,2025-12-15 11:19:39,4,12,Verano
102932,DIMENHIDRINATO 50MG TAB CJAX100UND,PORTUGAL GENERICO,0.0,6.0,0.6,2025-12-16 13:43:31,1,12,Verano
102932,DIMENHIDRINATO 50MG TAB CJAX100UND,PORTUGAL GENERICO,0.0,20.0,2.0,2025-12-18 09:51:06,16,12,Verano
102932,DIMENHIDRINATO 50MG TAB CJAX100UND,PORTUGAL GENERICO,0.0,-100.0,-8.0,2025-12-18 11:47:14,3,12,Verano
102932,DIMENHIDRINATO 50MG TAB CJAX100UND,PORTUGAL GENERICO,0.0,100.0,8.0,2025-12-18 12:16:31,3,12,Verano
102932,DIMENHIDRINATO 50MG TAB CJAX100UND,PORTUGAL GENERICO,0.0,10.0,1.0,2025-12-18 20:46:49,14,12,Verano
102932,DIMENHIDRINATO 50MG TAB CJAX100UND,PORTUGAL GENERICO,0.0,10.0,1.0,2025-12-18 21:28:15,13,12,Verano
102932,DIMENHIDRINATO 50MG TAB CJAX100UND,PORTUGAL GENERICO,0.0,9.0,0.9,2025-12-19 22:46:00,12,12,Verano
102932,DIMENHIDRINATO 50MG TAB CJAX100UND,PORTUGAL GENERICO,0.0,10.0,1.0,2025-12-20 12:01:38,16,12,Verano
102932,DIMENHIDRINATO 50MG TAB CJAX100UND,PORTUGAL GENERICO,0.0,10.0,1.0,2025-12-20 20:44:45,4,12,Verano
102932,DIMENHIDRINATO 50MG TAB CJAX100UND,PORTUGAL GENERICO,0.0,10.0,1.0,2025-12-21 07:21:23,4,12,Verano
102932,DIMENHIDRINATO 50MG TAB CJAX100UND,PORTUGAL GENERICO,0.0,10.0,1.0,2025-12-24 15:00:20,14,12,Verano
102932,DIMENHIDRINATO 50MG TAB CJAX100UND,PORTUGAL GENERICO,0.0,10.0,1.0,2025-12-24 20:05:48,14,12,Verano
102932,DIMENHIDRINATO 50MG TAB CJAX100UND,PORTUGAL GENERICO,0.0,10.0,1.0,2025-12-24 22:02:00,4,12,Verano
102932,DIMENHIDRINATO 50MG TAB CJAX100UND,PORTUGAL GENERICO,0.0,10.0,1.0,2025-12-27 13:57:04,14,12,Verano
102932,DIMENHIDRINATO 50MG TAB CJAX100UND,PORTUGAL GENERICO,0.0,10.0,1.0,2025-12-28 20:28:39,15,12,Verano
102932,DIMENHIDRINATO 50MG TAB CJAX100UND,PORTUGAL GENERICO,0.0,10.0,1.0,2025-12-29 20:15:22,15,12,Verano
102932,DIMENHIDRINATO 50MG TAB CJAX100UND,PORTUGAL GENERICO,0.0,10.0,1.0,2026-01-05 16:33:06,9,1,Verano
102932,DIMENHIDRINATO 50MG TAB CJAX100UND,PORTUGAL GENERICO,0.0,10.0,1.0,2026-01-06 12:49:01,11,1,Verano
102932,DIMENHIDRINATO 50MG TAB CJAX100UND,PORTUGAL GENERICO,0.0,10.0,1.0,2026-01-06 18:16:51,1,1,Verano
102932,DIMENHIDRINATO 50MG TAB CJAX100UND,PORTUGAL GENERICO,0.0,10.0,0.95,2026-01-07 07:12:59,1,1,Verano
102932,DIMENHIDRINATO 50MG TAB CJAX100UND,PORTUGAL GENERICO,0.0,10.0,1.0,2026-01-08 09:26:39,3,1,Verano
102932,DIMENHIDRINATO 50MG TAB CJAX100UND,PORTUGAL GENERICO,0.0,10.0,1.0,2026-01-08 14:39:26,11,1,Verano
102932,DIMENHIDRINATO 50MG TAB CJAX100UND,PORTUGAL GENERICO,0.0,10.0,1.0,2026-01-09 13:56:51,1,1,Verano
102932,DIMENHIDRINATO 50MG TAB CJAX100UND,PORTUGAL GENERICO,0.0,20.0,2.0,2026-01-09 14:23:27,1,1,Verano
102932,DIMENHIDRINATO 50MG TAB CJAX100UND,PORTUGAL GENERICO,0.0,10.0,1.0,2026-01-09 19:21:40,10,1,Verano
102932,DIMENHIDRINATO 50MG TAB CJAX100UND,PORTUGAL GENERICO,0.0,10.0,1.0,2026-01-10 11:44:22,14,1,Verano
102932,DIMENHIDRINATO 50MG TAB CJAX100UND,PORTUGAL GENERICO,0.0,20.0,2.0,2026-01-10 16:34:12,16,1,Verano
102932,DIMENHIDRINATO 50MG TAB CJAX100UND,PORTUGAL GENERICO,0.0,10.0,1.0,2026-01-10 19:12:39,2,1,Verano
102932,DIMENHIDRINATO 50MG TAB CJAX100UND,PORTUGAL GENERICO,0.0,10.0,1.0,2026-01-10 19:13:14,9,1,Verano
102932,DIMENHIDRINATO 50MG TAB CJAX100UND,PORTUGAL GENERICO,0.0,10.0,1.0,2026-01-10 19:21:46,3,1,Verano
102932,DIMENHIDRINATO 50MG TAB CJAX100UND,PORTUGAL GENERICO,0.0,10.0,1.0,2026-01-11 10:56:51,9,1,Verano
102932,DIMENHIDRINATO 50MG TAB CJAX100UND,PORTUGAL GENERICO,0.0,10.0,1.0,2026-01-11 11:16:41,18,1,Verano
102932,DIMENHIDRINATO 50MG TAB CJAX100UND,PORTUGAL GENERICO,0.0,10.0,1.0,2026-01-11 20:00:37,3,1,Verano
102932,DIMENHIDRINATO 50MG TAB CJAX100UND,PORTUGAL GENERICO,0.0,40.0,4.0,2026-01-12 12:04:36,9,1,Verano
102932,DIMENHIDRINATO 50MG TAB CJAX100UND,PORTUGAL GENERICO,0.0,2.0,0.2,2026-01-12 12:56:01,18,1,Verano
102932,DIMENHIDRINATO 50MG TAB CJAX100UND,PORTUGAL GENERICO,0.0,10.0,1.0,2026-01-12 13:13:21,1,1,Verano
102932,DIMENHIDRINATO 50MG TAB CJAX100UND,PORTUGAL GENERICO,0.0,10.0,1.0,2026-01-12 19:29:42,2,1,Verano
102932,DIMENHIDRINATO 50MG TAB CJAX100UND,PORTUGAL GENERICO,0.0,20.0,2.0,2026-01-13 20:42:22,3,1,Verano
102932,DIMENHIDRINATO 50MG TAB CJAX100UND,PORTUGAL GENERICO,0.0,10.0,1.0,2026-01-14 12:03:45,13,1,Verano
102932,DIMENHIDRINATO 50MG TAB CJAX100UND,PORTUGAL GENERICO,0.0,10.0,1.0,2026-01-14 13:21:46,1,1,Verano
102932,DIMENHIDRINATO 50MG TAB CJAX100UND,PORTUGAL GENERICO,0.0,50.0,5.0,2026-01-14 17:19:34,16,1,Verano
102932,DIMENHIDRINATO 50MG TAB CJAX100UND,PORTUGAL GENERICO,0.0,1.0,0.1,2026-01-14 21:57:46,16,1,Verano
102932,DIMENHIDRINATO 50MG TAB CJAX100UND,PORTUGAL GENERICO,0.0,10.0,1.0,2026-01-15 10:15:50,11,1,Verano
102932,DIMENHIDRINATO 50MG TAB CJAX100UND,PORTUGAL GENERICO,0.0,30.0,3.0,2026-01-16 18:32:46,11,1,Verano
102932,DIMENHIDRINATO 50MG TAB CJAX100UND,PORTUGAL GENERICO,0.0,20.0,2.0,2026-01-16 22:55:35,14,1,Verano
102932,DIMENHIDRINATO 50MG TAB CJAX100UND,PORTUGAL GENERICO,0.0,10.0,1.0,2026-01-17 09:44:17,13,1,Verano
102932,DIMENHIDRINATO 50MG TAB CJAX100UND,PORTUGAL GENERICO,0.0,50.0,5.0,2026-01-17 18:37:14,1,1,Verano
102932,DIMENHIDRINATO 50MG TAB CJAX100UND,PORTUGAL GENERICO,0.0,40.0,4.0,2026-01-18 21:35:35,1,1,Verano
102932,DIMENHIDRINATO 50MG TAB CJAX100UND,PORTUGAL GENERICO,0.0,50.0,5.0,2026-01-19 20:49:06,15,1,Verano
102932,DIMENHIDRINATO 50MG TAB CJAX100UND,PORTUGAL GENERICO,0.0,8.0,0.8,2026-01-20 19:06:01,1,1,Verano
102932,DIMENHIDRINATO 50MG TAB CJAX100UND,PORTUGAL GENERICO,0.0,10.0,1.0,2026-01-20 20:18:18,16,1,Verano
102932,DIMENHIDRINATO 50MG TAB CJAX100UND,PORTUGAL GENERICO,0.0,10.0,1.0,2026-01-21 20:53:53,15,1,Verano
102932,DIMENHIDRINATO 50MG TAB CJAX100UND,PORTUGAL GENERICO,0.0,1.0,0.1,2026-01-21 22:48:50,16,1,Verano
102932,DIMENHIDRINATO 50MG TAB CJAX100UND,PORTUGAL GENERICO,0.0,10.0,1.0,2026-01-22 10:51:54,16,1,Verano
102932,DIMENHIDRINATO 50MG TAB CJAX100UND,PORTUGAL GENERICO,0.0,10.0,1.0,2026-01-22 20:42:22,2,1,Verano
102932,DIMENHIDRINATO 50MG TAB CJAX100UND,PORTUGAL GENERICO,0.0,10.0,1.0,2026-01-22 22:27:18,18,1,Verano
102932,DIMENHIDRINATO 50MG TAB CJAX100UND,PORTUGAL GENERICO,0.0,10.0,1.0,2026-01-22 22:47:58,18,1,Verano
102932,DIMENHIDRINATO 50MG TAB CJAX100UND,PORTUGAL GENERICO,0.0,10.0,1.0,2026-01-23 08:06:27,16,1,Verano
102932,DIMENHIDRINATO 50MG TAB CJAX100UND,PORTUGAL GENERICO,0.0,20.0,2.0,2026-01-23 11:07:30,3,1,Verano
102932,DIMENHIDRINATO 50MG TAB CJAX100UND,PORTUGAL GENERICO,0.0,30.0,3.0,2026-01-23 14:59:08,10,1,Verano
102932,DIMENHIDRINATO 50MG TAB CJAX100UND,PORTUGAL GENERICO,0.0,10.0,0.95,2026-01-24 07:20:45,14,1,Verano
102932,DIMENHIDRINATO 50MG TAB CJAX100UND,PORTUGAL GENERICO,0.0,10.0,1.0,2026-01-24 11:06:19,1,1,Verano
102932,DIMENHIDRINATO 50MG TAB CJAX100UND,PORTUGAL GENERICO,0.0,10.0,1.0,2026-01-24 23:33:27,16,1,Verano
102932,DIMENHIDRINATO 50MG TAB CJAX100UND,PORTUGAL GENERICO,0.0,10.0,1.0,2026-01-25 20:48:33,16,1,Verano
102932,DIMENHIDRINATO 50MG TAB CJAX100UND,PORTUGAL GENERICO,0.0,10.0,1.0,2026-01-26 11:58:16,16,1,Verano
102932,DIMENHIDRINATO 50MG TAB CJAX100UND,PORTUGAL GENERICO,0.0,10.0,1.0,2026-01-26 14:50:33,11,1,Verano
102932,DIMENHIDRINATO 50MG TAB CJAX100UND,PORTUGAL GENERICO,0.0,1.0,0.1,2026-01-27 18:22:04,2,1,Verano
102932,DIMENHIDRINATO 50MG TAB CJAX100UND,PORTUGAL GENERICO,0.0,10.0,1.0,2026-01-28 08:39:37,18,1,Verano
102932,DIMENHIDRINATO 50MG TAB CJAX100UND,PORTUGAL GENERICO,0.0,10.0,1.0,2026-01-28 10:49:14,3,1,Verano
102932,DIMENHIDRINATO 50MG TAB CJAX100UND,PORTUGAL GENERICO,0.0,20.0,2.0,2026-01-28 14:16:43,10,1,Verano
102932,DIMENHIDRINATO 50MG TAB CJAX100UND,PORTUGAL GENERICO,0.0,2.0,0.2,2026-01-28 22:03:16,5,1,Verano
102932,DIMENHIDRINATO 50MG TAB CJAX100UND,PORTUGAL GENERICO,0.0,10.0,1.0,2026-01-29 09:10:29,12,1,Verano
102932,DIMENHIDRINATO 50MG TAB CJAX100UND,PORTUGAL GENERICO,0.0,20.0,2.0,2026-01-29 15:49:24,1,1,Verano
102932,DIMENHIDRINATO 50MG TAB CJAX100UND,PORTUGAL GENERICO,0.0,10.0,1.0,2026-01-29 16:47:08,2,1,Verano
102932,DIMENHIDRINATO 50MG TAB CJAX100UND,PORTUGAL GENERICO,0.0,10.0,1.0,2026-01-29 17:58:19,8,1,Verano
102932,DIMENHIDRINATO 50MG TAB CJAX100UND,PORTUGAL GENERICO,0.0,10.0,1.0,2026-01-30 19:05:25,2,1,Verano
102932,DIMENHIDRINATO 50MG TAB CJAX100UND,PORTUGAL GENERICO,0.0,30.0,3.0,2026-01-31 12:13:43,3,1,Verano
102932,DIMENHIDRINATO 50MG TAB CJAX100UND,PORTUGAL GENERICO,0.0,20.0,2.0,2026-01-31 12:32:44,3,1,Verano
102932,DIMENHIDRINATO 50MG TAB CJAX100UND,PORTUGAL GENERICO,0.0,10.0,1.0,2026-01-31 14:19:02,13,1,Verano
102932,DIMENHIDRINATO 50MG TAB CJAX100UND,PORTUGAL GENERICO,0.0,1.0,0.1,2026-01-31 16:41:11,8,1,Verano
102932,DIMENHIDRINATO 50MG TAB CJAX100UND,PORTUGAL GENERICO,0.0,1.0,0.1,2026-01-31 20:18:24,8,1,Verano
102932,DIMENHIDRINATO 50MG TAB CJAX100UND,PORTUGAL GENERICO,0.0,3.0,0.3,2026-01-31 21:14:45,8,1,Verano
102932,DIMENHIDRINATO 50MG TAB CJAX100UND,PORTUGAL GENERICO,0.0,10.0,1.0,2026-02-01 14:33:46,11,2,Verano
102932,DIMENHIDRINATO 50MG TAB CJAX100UND,PORTUGAL GENERICO,0.0,10.0,1.0,2026-02-01 19:29:58,8,2,Verano
102932,DIMENHIDRINATO 50MG TAB CJAX100UND,PORTUGAL GENERICO,0.0,10.0,1.0,2026-02-01 21:29:20,18,2,Verano
102932,DIMENHIDRINATO 50MG TAB CJAX100UND,PORTUGAL GENERICO,0.0,10.0,1.0,2026-02-02 20:36:59,11,2,Verano
102932,DIMENHIDRINATO 50MG TAB CJAX100UND,PORTUGAL GENERICO,0.0,10.0,1.0,2026-02-03 07:08:07,2,2,Verano
102932,DIMENHIDRINATO 50MG TAB CJAX100UND,PORTUGAL GENERICO,0.0,3.0,0.3,2026-02-03 09:40:22,16,2,Verano
102932,DIMENHIDRINATO 50MG TAB CJAX100UND,PORTUGAL GENERICO,0.0,10.0,1.0,2026-02-03 16:13:52,9,2,Verano
102932,DIMENHIDRINATO 50MG TAB CJAX100UND,PORTUGAL GENERICO,0.0,10.0,1.0,2026-02-03 17:42:56,14,2,Verano
102932,DIMENHIDRINATO 50MG TAB CJAX100UND,PORTUGAL GENERICO,0.0,1.0,0.1,2026-02-03 20:02:43,8,2,Verano
102932,DIMENHIDRINATO 50MG TAB CJAX100UND,PORTUGAL GENERICO,0.0,1.0,0.1,2026-02-04 14:05:17,8,2,Verano
102932,DIMENHIDRINATO 50MG TAB CJAX100UND,PORTUGAL GENERICO,0.0,1.0,0.1,2026-02-04 14:16:35,8,2,Verano
102932,DIMENHIDRINATO 50MG TAB CJAX100UND,PORTUGAL GENERICO,0.0,10.0,1.0,2026-02-04 16:05:27,9,2,Verano
102932,DIMENHIDRINATO 50MG TAB CJAX100UND,PORTUGAL GENERICO,0.0,20.0,2.0,2026-02-04 17:29:52,10,2,Verano
102932,DIMENHIDRINATO 50MG TAB CJAX100UND,PORTUGAL GENERICO,0.0,10.0,1.0,2026-02-04 18:22:15,8,2,Verano
102932,DIMENHIDRINATO 50MG TAB CJAX100UND,PORTUGAL GENERICO,0.0,1.0,0.1,2026-02-04 20:44:31,8,2,Verano
102932,DIMENHIDRINATO 50MG TAB CJAX100UND,PORTUGAL GENERICO,0.0,10.0,1.0,2026-02-05 12:06:10,3,2,Verano
102932,DIMENHIDRINATO 50MG TAB CJAX100UND,PORTUGAL GENERICO,0.0,20.0,2.0,2026-02-05 12:38:09,1,2,Verano
102932,DIMENHIDRINATO 50MG TAB CJAX100UND,PORTUGAL GENERICO,0.0,10.0,1.0,2026-02-07 17:28:23,1,2,Verano
102932,DIMENHIDRINATO 50MG TAB CJAX100UND,PORTUGAL GENERICO,0.0,10.0,1.0,2026-02-07 17:46:13,11,2,Verano
102932,DIMENHIDRINATO 50MG TAB CJAX100UND,PORTUGAL GENERICO,0.0,3.0,0.3,2026-02-07 19:47:31,8,2,Verano
102932,DIMENHIDRINATO 50MG TAB CJAX100UND,PORTUGAL GENERICO,0.0,10.0,1.0,2026-02-07 20:52:39,2,2,Verano
102932,DIMENHIDRINATO 50MG TAB CJAX100UND,PORTUGAL GENERICO,0.0,10.0,1.0,2026-02-08 11:09:45,9,2,Verano
102932,DIMENHIDRINATO 50MG TAB CJAX100UND,PORTUGAL GENERICO,0.0,10.0,1.0,2026-02-08 16:16:35,3,2,Verano
102932,DIMENHIDRINATO 50MG TAB CJAX100UND,PORTUGAL GENERICO,0.0,10.0,1.0,2026-02-09 11:14:54,3,2,Verano
102932,DIMENHIDRINATO 50MG TAB CJAX100UND,PORTUGAL GENERICO,0.0,8.0,0.8,2026-02-09 14:05:27,8,2,Verano
102932,DIMENHIDRINATO 50MG TAB CJAX100UND,PORTUGAL GENERICO,0.0,10.0,1.0,2026-02-09 17:21:54,14,2,Verano
102932,DIMENHIDRINATO 50MG TAB CJAX100UND,PORTUGAL GENERICO,0.0,1.0,0.1,2026-02-10 08:37:39,11,2,Verano
102932,DIMENHIDRINATO 50MG TAB CJAX100UND,PORTUGAL GENERICO,0.0,10.0,1.0,2026-02-10 19:54:19,12,2,Verano
102932,DIMENHIDRINATO 50MG TAB CJAX100UND,PORTUGAL GENERICO,0.0,50.0,5.0,2026-02-11 20:50:35,9,2,Verano
102932,DIMENHIDRINATO 50MG TAB CJAX100UND,PORTUGAL GENERICO,0.0,10.0,1.0,2026-02-12 10:24:48,3,2,Verano
102932,DIMENHIDRINATO 50MG TAB CJAX100UND,PORTUGAL GENERICO,0.0,10.0,1.0,2026-02-12 11:04:13,1,2,Verano
102932,DIMENHIDRINATO 50MG TAB CJAX100UND,PORTUGAL GENERICO,0.0,10.0,1.0,2026-02-12 11:15:00,9,2,Verano
102932,DIMENHIDRINATO 50MG TAB CJAX100UND,PORTUGAL GENERICO,0.0,10.0,1.0,2026-02-12 11:21:56,6,2,Verano
102932,DIMENHIDRINATO 50MG TAB CJAX100UND,PORTUGAL GENERICO,0.0,10.0,1.0,2026-02-12 12:49:34,9,2,Verano
102932,DIMENHIDRINATO 50MG TAB CJAX100UND,PORTUGAL GENERICO,0.0,10.0,1.0,2026-02-12 17:04:43,11,2,Verano
102932,DIMENHIDRINATO 50MG TAB CJAX100UND,PORTUGAL GENERICO,0.0,20.0,2.0,2026-02-12 19:39:57,3,2,Verano
102932,DIMENHIDRINATO 50MG TAB CJAX100UND,PORTUGAL GENERICO,0.0,10.0,1.0,2026-02-13 14:24:10,3,2,Verano
102932,DIMENHIDRINATO 50MG TAB CJAX100UND,PORTUGAL GENERICO,0.0,10.0,1.0,2026-02-13 18:22:45,12,2,Verano
102932,DIMENHIDRINATO 50MG TAB CJAX100UND,PORTUGAL GENERICO,0.0,20.0,2.0,2026-02-13 19:17:28,10,2,Verano
102932,DIMENHIDRINATO 50MG TAB CJAX100UND,PORTUGAL GENERICO,0.0,50.0,5.0,2026-02-14 19:17:04,1,2,Verano
102932,DIMENHIDRINATO 50MG TAB CJAX100UND,PORTUGAL GENERICO,0.0,10.0,1.0,2026-02-14 20:04:42,12,2,Verano
102932,DIMENHIDRINATO 50MG TAB CJAX100UND,PORTUGAL GENERICO,0.0,10.0,1.0,2026-02-14 20:34:20,14,2,Verano
102932,DIMENHIDRINATO 50MG TAB CJAX100UND,PORTUGAL GENERICO,0.0,20.0,2.0,2026-02-15 09:12:38,9,2,Verano
102932,DIMENHIDRINATO 50MG TAB CJAX100UND,PORTUGAL GENERICO,0.0,10.0,1.0,2026-02-15 15:46:27,1,2,Verano
102932,DIMENHIDRINATO 50MG TAB CJAX100UND,PORTUGAL GENERICO,0.0,10.0,1.0,2026-02-15 16:53:53,11,2,Verano
102932,DIMENHIDRINATO 50MG TAB CJAX100UND,PORTUGAL GENERICO,0.0,20.0,2.0,2026-02-15 18:31:58,5,2,Verano
102932,DIMENHIDRINATO 50MG TAB CJAX100UND,PORTUGAL GENERICO,0.0,10.0,1.0,2026-02-15 20:59:18,16,2,Verano
102932,DIMENHIDRINATO 50MG TAB CJAX100UND,PORTUGAL GENERICO,0.0,30.0,3.0,2026-02-16 19:55:19,1,2,Verano
102932,DIMENHIDRINATO 50MG TAB CJAX100UND,PORTUGAL GENERICO,0.0,10.0,1.0,2026-02-16 22:20:02,7,2,Verano
102932,DIMENHIDRINATO 50MG TAB CJAX100UND,PORTUGAL GENERICO,0.0,10.0,1.0,2026-02-17 09:26:26,2,2,Verano
102932,DIMENHIDRINATO 50MG TAB CJAX100UND,PORTUGAL GENERICO,0.0,20.0,2.0,2026-02-17 11:09:08,14,2,Verano
102932,DIMENHIDRINATO 50MG TAB CJAX100UND,PORTUGAL GENERICO,0.0,10.0,1.0,2026-02-17 13:00:04,14,2,Verano
102932,DIMENHIDRINATO 50MG TAB CJAX100UND,PORTUGAL GENERICO,0.0,20.0,2.0,2026-02-17 18:41:05,2,2,Verano
102932,DIMENHIDRINATO 50MG TAB CJAX100UND,PORTUGAL GENERICO,0.0,10.0,1.0,2026-02-17 19:50:44,16,2,Verano
102932,DIMENHIDRINATO 50MG TAB CJAX100UND,PORTUGAL GENERICO,0.0,10.0,1.0,2026-02-17 21:38:26,16,2,Verano
102932,DIMENHIDRINATO 50MG TAB CJAX100UND,PORTUGAL GENERICO,0.0,10.0,1.0,2026-02-18 12:05:17,16,2,Verano
102932,DIMENHIDRINATO 50MG TAB CJAX100UND,PORTUGAL GENERICO,0.0,10.0,1.0,2026-02-18 14:07:47,3,2,Verano
102932,DIMENHIDRINATO 50MG TAB CJAX100UND,PORTUGAL GENERICO,0.0,20.0,2.0,2026-02-18 20:35:20,15,2,Verano
102932,DIMENHIDRINATO 50MG TAB CJAX100UND,PORTUGAL GENERICO,0.0,10.0,1.0,2026-02-18 21:49:21,5,2,Verano
102932,DIMENHIDRINATO 50MG TAB CJAX100UND,PORTUGAL GENERICO,0.0,10.0,1.0,2026-02-19 09:35:50,7,2,Verano
102932,DIMENHIDRINATO 50MG TAB CJAX100UND,PORTUGAL GENERICO,0.0,20.0,2.0,2026-02-20 11:16:25,7,2,Verano
102932,DIMENHIDRINATO 50MG TAB CJAX100UND,PORTUGAL GENERICO,0.0,20.0,2.0,2026-02-20 13:58:59,16,2,Verano
102932,DIMENHIDRINATO 50MG TAB CJAX100UND,PORTUGAL GENERICO,0.0,10.0,1.0,2026-02-20 15:38:10,9,2,Verano
102932,DIMENHIDRINATO 50MG TAB CJAX100UND,PORTUGAL GENERICO,0.0,10.0,0.95,2026-02-20 22:09:32,1,2,Verano
102932,DIMENHIDRINATO 50MG TAB CJAX100UND,PORTUGAL GENERICO,0.0,1.0,0.1,2026-02-20 22:46:19,2,2,Verano
102932,DIMENHIDRINATO 50MG TAB CJAX100UND,PORTUGAL GENERICO,0.0,20.0,2.0,2026-02-21 17:39:08,9,2,Verano
102932,DIMENHIDRINATO 50MG TAB CJAX100UND,PORTUGAL GENERICO,0.0,10.0,1.0,2026-02-21 19:36:44,8,2,Verano
102932,DIMENHIDRINATO 50MG TAB CJAX100UND,PORTUGAL GENERICO,0.0,10.0,1.0,2026-02-21 21:45:23,14,2,Verano
102932,DIMENHIDRINATO 50MG TAB CJAX100UND,PORTUGAL GENERICO,0.0,10.0,1.0,2026-02-22 09:31:38,9,2,Verano
102932,DIMENHIDRINATO 50MG TAB CJAX100UND,PORTUGAL GENERICO,0.0,10.0,1.0,2026-02-22 10:11:15,6,2,Verano
102932,DIMENHIDRINATO 50MG TAB CJAX100UND,PORTUGAL GENERICO,0.0,20.0,2.0,2026-02-22 10:16:25,16,2,Verano
102932,DIMENHIDRINATO 50MG TAB CJAX100UND,PORTUGAL GENERICO,0.0,5.0,0.5,2026-02-22 10:36:22,7,2,Verano
102932,DIMENHIDRINATO 50MG TAB CJAX100UND,PORTUGAL GENERICO,0.0,10.0,1.0,2026-02-22 12:50:48,4,2,Verano
102932,DIMENHIDRINATO 50MG TAB CJAX100UND,PORTUGAL GENERICO,0.0,1.0,0.1,2026-02-22 15:52:32,11,2,Verano
102932,DIMENHIDRINATO 50MG TAB CJAX100UND,PORTUGAL GENERICO,0.0,10.0,1.0,2026-02-22 17:25:45,14,2,Verano
102932,DIMENHIDRINATO 50MG TAB CJAX100UND,PORTUGAL GENERICO,0.0,10.0,1.0,2026-02-22 18:43:40,6,2,Verano
102932,DIMENHIDRINATO 50MG TAB CJAX100UND,PORTUGAL GENERICO,0.0,10.0,1.0,2026-02-23 14:25:12,12,2,Verano
102932,DIMENHIDRINATO 50MG TAB CJAX100UND,PORTUGAL GENERICO,0.0,10.0,1.0,2026-02-23 14:36:45,16,2,Verano
102932,DIMENHIDRINATO 50MG TAB CJAX100UND,PORTUGAL GENERICO,0.0,10.0,1.0,2026-02-23 16:28:53,4,2,Verano
102932,DIMENHIDRINATO 50MG TAB CJAX100UND,PORTUGAL GENERICO,0.0,2.0,0.2,2026-02-23 19:52:37,4,2,Verano
102932,DIMENHIDRINATO 50MG TAB CJAX100UND,PORTUGAL GENERICO,0.0,10.0,1.0,2026-02-23 23:17:47,4,2,Verano
102932,DIMENHIDRINATO 50MG TAB CJAX100UND,PORTUGAL GENERICO,0.0,10.0,1.0,2026-02-24 11:37:41,1,2,Verano
102932,DIMENHIDRINATO 50MG TAB CJAX100UND,PORTUGAL GENERICO,0.0,10.0,1.0,2026-02-24 19:27:39,13,2,Verano
102932,DIMENHIDRINATO 50MG TAB CJAX100UND,PORTUGAL GENERICO,0.0,20.0,2.0,2026-02-24 19:42:46,4,2,Verano
102932,DIMENHIDRINATO 50MG TAB CJAX100UND,PORTUGAL GENERICO,0.0,10.0,1.0,2026-02-24 20:59:47,15,2,Verano
102932,DIMENHIDRINATO 50MG TAB CJAX100UND,PORTUGAL GENERICO,0.0,1.0,0.1,2026-02-25 15:33:54,17,2,Verano
102932,DIMENHIDRINATO 50MG TAB CJAX100UND,PORTUGAL GENERICO,0.0,10.0,1.0,2026-02-25 17:51:12,17,2,Verano
102932,DIMENHIDRINATO 50MG TAB CJAX100UND,PORTUGAL GENERICO,0.0,30.0,3.0,2026-02-25 20:27:39,1,2,Verano
102932,DIMENHIDRINATO 50MG TAB CJAX100UND,PORTUGAL GENERICO,0.0,30.0,3.0,2026-02-26 11:21:15,5,2,Verano
102932,DIMENHIDRINATO 50MG TAB CJAX100UND,PORTUGAL GENERICO,0.0,10.0,1.0,2026-02-26 12:41:38,1,2,Verano
102932,DIMENHIDRINATO 50MG TAB CJAX100UND,PORTUGAL GENERICO,0.0,20.0,2.0,2026-02-26 15:38:40,4,2,Verano
102932,DIMENHIDRINATO 50MG TAB CJAX100UND,PORTUGAL GENERICO,0.0,2.0,0.2,2026-02-26 16:35:18,4,2,Verano
102932,DIMENHIDRINATO 50MG TAB CJAX100UND,PORTUGAL GENERICO,0.0,10.0,1.0,2026-02-26 17:34:30,10,2,Verano
102932,DIMENHIDRINATO 50MG TAB CJAX100UND,PORTUGAL GENERICO,0.0,20.0,2.0,2026-02-26 17:43:04,10,2,Verano
102932,DIMENHIDRINATO 50MG TAB CJAX100UND,PORTUGAL GENERICO,0.0,10.0,1.0,2026-02-26 21:08:34,5,2,Verano
102932,DIMENHIDRINATO 50MG TAB CJAX100UND,PORTUGAL GENERICO,0.0,1.0,0.1,2026-02-27 10:43:23,17,2,Verano
102932,DIMENHIDRINATO 50MG TAB CJAX100UND,PORTUGAL GENERICO,0.0,10.0,1.0,2026-02-27 14:06:47,10,2,Verano
102932,DIMENHIDRINATO 50MG TAB CJAX100UND,PORTUGAL GENERICO,0.0,30.0,3.0,2026-02-27 21:51:43,12,2,Verano
102932,DIMENHIDRINATO 50MG TAB CJAX100UND,PORTUGAL GENERICO,0.0,20.0,2.0,2026-02-28 13:15:29,18,2,Verano
102932,DIMENHIDRINATO 50MG TAB CJAX100UND,PORTUGAL GENERICO,0.0,1.0,0.1,2026-02-28 14:16:38,7,2,Verano
102932,DIMENHIDRINATO 50MG TAB CJAX100UND,PORTUGAL GENERICO,0.0,10.0,1.0,2026-02-28 22:22:55,13,2,Verano
102932,DIMENHIDRINATO 50MG TAB CJAX100UND,PORTUGAL GENERICO,0.0,20.0,2.0,2026-03-01 17:36:53,18,3,Otoño
102932,DIMENHIDRINATO 50MG TAB CJAX100UND,PORTUGAL GENERICO,1.0,0.0,8.0,2026-03-01 18:50:40,4,3,Otoño
102932,DIMENHIDRINATO 50MG TAB CJAX100UND,PORTUGAL GENERICO,0.0,10.0,1.0,2026-03-01 20:14:46,1,3,Otoño
102932,DIMENHIDRINATO 50MG TAB CJAX100UND,PORTUGAL GENERICO,0.0,1.0,0.1,2026-03-02 07:54:12,11,3,Otoño
102932,DIMENHIDRINATO 50MG TAB CJAX100UND,PORTUGAL GENERICO,0.0,10.0,1.0,2026-03-02 14:27:49,1,3,Otoño
102932,DIMENHIDRINATO 50MG TAB CJAX100UND,PORTUGAL GENERICO,0.0,10.0,1.0,2026-03-02 14:57:31,1,3,Otoño
102932,DIMENHIDRINATO 50MG TAB CJAX100UND,PORTUGAL GENERICO,0.0,5.0,0.5,2026-03-02 16:39:07,17,3,Otoño
102932,DIMENHIDRINATO 50MG TAB CJAX100UND,PORTUGAL GENERICO,0.0,10.0,1.0,2026-03-02 17:52:07,1,3,Otoño
102932,DIMENHIDRINATO 50MG TAB CJAX100UND,PORTUGAL GENERICO,0.0,10.0,1.0,2026-03-02 20:14:14,1,3,Otoño
102932,DIMENHIDRINATO 50MG TAB CJAX100UND,PORTUGAL GENERICO,0.0,1.0,0.1,2026-03-03 12:42:26,12,3,Otoño
102932,DIMENHIDRINATO 50MG TAB CJAX100UND,PORTUGAL GENERICO,0.0,10.0,1.0,2026-03-03 13:06:54,1,3,Otoño
102932,DIMENHIDRINATO 50MG TAB CJAX100UND,PORTUGAL GENERICO,0.0,30.0,3.0,2026-03-03 13:55:19,10,3,Otoño
102932,DIMENHIDRINATO 50MG TAB CJAX100UND,PORTUGAL GENERICO,0.0,6.0,0.6,2026-03-03 17:39:53,10,3,Otoño
102932,DIMENHIDRINATO 50MG TAB CJAX100UND,PORTUGAL GENERICO,0.0,10.0,1.0,2026-03-03 18:30:01,1,3,Otoño
102932,DIMENHIDRINATO 50MG TAB CJAX100UND,PORTUGAL GENERICO,0.0,10.0,1.0,2026-03-03 19:07:14,8,3,Otoño
102932,DIMENHIDRINATO 50MG TAB CJAX100UND,PORTUGAL GENERICO,0.0,10.0,1.0,2026-03-04 07:13:33,5,3,Otoño
102932,DIMENHIDRINATO 50MG TAB CJAX100UND,PORTUGAL GENERICO,0.0,10.0,1.0,2026-03-04 07:47:27,18,3,Otoño
102932,DIMENHIDRINATO 50MG TAB CJAX100UND,PORTUGAL GENERICO,0.0,10.0,1.0,2026-03-04 13:49:42,15,3,Otoño
102932,DIMENHIDRINATO 50MG TAB CJAX100UND,PORTUGAL GENERICO,0.0,10.0,1.0,2026-03-04 15:29:03,4,3,Otoño
102932,DIMENHIDRINATO 50MG TAB CJAX100UND,PORTUGAL GENERICO,0.0,10.0,1.0,2026-03-04 15:48:52,5,3,Otoño
102932,DIMENHIDRINATO 50MG TAB CJAX100UND,PORTUGAL GENERICO,0.0,10.0,1.0,2026-03-04 16:11:00,17,3,Otoño
102932,DIMENHIDRINATO 50MG TAB CJAX100UND,PORTUGAL GENERICO,0.0,20.0,2.0,2026-03-04 19:29:11,15,3,Otoño
102932,DIMENHIDRINATO 50MG TAB CJAX100UND,PORTUGAL GENERICO,0.0,10.0,1.0,2026-03-05 07:42:07,17,3,Otoño
102932,DIMENHIDRINATO 50MG TAB CJAX100UND,PORTUGAL GENERICO,0.0,10.0,1.0,2026-03-05 10:49:57,5,3,Otoño
102932,DIMENHIDRINATO 50MG TAB CJAX100UND,PORTUGAL GENERICO,0.0,6.0,0.6,2026-03-05 16:40:17,5,3,Otoño
102932,DIMENHIDRINATO 50MG TAB CJAX100UND,PORTUGAL GENERICO,0.0,20.0,2.0,2026-03-05 20:30:47,15,3,Otoño
102932,DIMENHIDRINATO 50MG TAB CJAX100UND,PORTUGAL GENERICO,0.0,10.0,1.0,2026-03-06 10:39:14,16,3,Otoño
102932,DIMENHIDRINATO 50MG TAB CJAX100UND,PORTUGAL GENERICO,3.0,0.0,24.0,2026-03-06 14:38:08,11,3,Otoño
102932,DIMENHIDRINATO 50MG TAB CJAX100UND,PORTUGAL GENERICO,0.0,20.0,2.0,2026-03-06 21:24:02,9,3,Otoño
102932,DIMENHIDRINATO 50MG TAB CJAX100UND,PORTUGAL GENERICO,0.0,10.0,1.0,2026-03-07 08:28:35,5,3,Otoño
102932,DIMENHIDRINATO 50MG TAB CJAX100UND,PORTUGAL GENERICO,0.0,20.0,2.0,2026-03-07 09:31:03,1,3,Otoño
102932,DIMENHIDRINATO 50MG TAB CJAX100UND,PORTUGAL GENERICO,0.0,16.0,1.6,2026-03-07 10:09:22,4,3,Otoño
102932,DIMENHIDRINATO 50MG TAB CJAX100UND,PORTUGAL GENERICO,0.0,20.0,2.0,2026-03-07 12:10:56,1,3,Otoño
102932,DIMENHIDRINATO 50MG TAB CJAX100UND,PORTUGAL GENERICO,0.0,10.0,1.0,2026-03-07 20:07:19,7,3,Otoño
102932,DIMENHIDRINATO 50MG TAB CJAX100UND,PORTUGAL GENERICO,0.0,10.0,1.0,2026-03-08 17:59:20,12,3,Otoño
102932,DIMENHIDRINATO 50MG TAB CJAX100UND,PORTUGAL GENERICO,0.0,20.0,2.0,2026-03-08 19:08:23,12,3,Otoño
102932,DIMENHIDRINATO 50MG TAB CJAX100UND,PORTUGAL GENERICO,0.0,2.0,0.2,2026-03-09 13:11:47,1,3,Otoño
102932,DIMENHIDRINATO 50MG TAB CJAX100UND,PORTUGAL GENERICO,0.0,10.0,1.0,2026-03-10 20:22:42,5,3,Otoño
102932,DIMENHIDRINATO 50MG TAB CJAX100UND,PORTUGAL GENERICO,0.0,20.0,2.0,2026-03-10 20:47:36,12,3,Otoño
102932,DIMENHIDRINATO 50MG TAB CJAX100UND,PORTUGAL GENERICO,0.0,10.0,1.0,2026-03-10 20:59:05,8,3,Otoño
102932,DIMENHIDRINATO 50MG TAB CJAX100UND,PORTUGAL GENERICO,0.0,10.0,1.0,2026-03-10 21:12:09,15,3,Otoño
102932,DIMENHIDRINATO 50MG TAB CJAX100UND,PORTUGAL GENERICO,0.0,40.0,4.0,2026-03-11 15:39:25,16,3,Otoño
102932,DIMENHIDRINATO 50MG TAB CJAX100UND,PORTUGAL GENERICO,0.0,10.0,1.0,2026-03-12 07:16:16,9,3,Otoño
102932,DIMENHIDRINATO 50MG TAB CJAX100UND,PORTUGAL GENERICO,0.0,1.0,0.1,2026-03-12 20:06:42,8,3,Otoño
102932,DIMENHIDRINATO 50MG TAB CJAX100UND,PORTUGAL GENERICO,0.0,10.0,1.0,2026-03-13 19:00:12,5,3,Otoño
102932,DIMENHIDRINATO 50MG TAB CJAX100UND,PORTUGAL GENERICO,0.0,10.0,1.0,2026-03-14 17:17:25,8,3,Otoño
102932,DIMENHIDRINATO 50MG TAB CJAX100UND,PORTUGAL GENERICO,0.0,10.0,1.0,2026-03-15 15:22:38,14,3,Otoño
102932,DIMENHIDRINATO 50MG TAB CJAX100UND,PORTUGAL GENERICO,0.0,10.0,1.0,2026-03-15 17:04:46,7,3,Otoño
102932,DIMENHIDRINATO 50MG TAB CJAX100UND,PORTUGAL GENERICO,0.0,10.0,1.0,2026-03-15 19:03:33,5,3,Otoño
102932,DIMENHIDRINATO 50MG TAB CJAX100UND,PORTUGAL GENERICO,0.0,10.0,1.0,2026-03-15 19:13:00,8,3,Otoño
102932,DIMENHIDRINATO 50MG TAB CJAX100UND,PORTUGAL GENERICO,0.0,10.0,1.0,2026-03-16 09:19:51,18,3,Otoño
102932,DIMENHIDRINATO 50MG TAB CJAX100UND,PORTUGAL GENERICO,0.0,1.0,0.1,2026-03-16 09:38:10,10,3,Otoño
102932,DIMENHIDRINATO 50MG TAB CJAX100UND,PORTUGAL GENERICO,0.0,10.0,1.0,2026-03-16 13:43:49,6,3,Otoño
102932,DIMENHIDRINATO 50MG TAB CJAX100UND,PORTUGAL GENERICO,0.0,30.0,3.0,2026-03-16 16:14:10,5,3,Otoño
102932,DIMENHIDRINATO 50MG TAB CJAX100UND,PORTUGAL GENERICO,0.0,10.0,1.0,2026-03-16 18:54:02,13,3,Otoño
102932,DIMENHIDRINATO 50MG TAB CJAX100UND,PORTUGAL GENERICO,0.0,20.0,2.0,2026-03-16 19:55:24,15,3,Otoño
102932,DIMENHIDRINATO 50MG TAB CJAX100UND,PORTUGAL GENERICO,0.0,10.0,1.0,2026-03-16 20:05:52,7,3,Otoño
102932,DIMENHIDRINATO 50MG TAB CJAX100UND,PORTUGAL GENERICO,0.0,10.0,1.0,2026-03-17 09:11:34,12,3,Otoño
102932,DIMENHIDRINATO 50MG TAB CJAX100UND,PORTUGAL GENERICO,0.0,10.0,1.0,2026-03-18 13:28:18,13,3,Otoño
102932,DIMENHIDRINATO 50MG TAB CJAX100UND,PORTUGAL GENERICO,0.0,20.0,2.0,2026-03-18 17:33:18,10,3,Otoño
102932,DIMENHIDRINATO 50MG TAB CJAX100UND,PORTUGAL GENERICO,0.0,30.0,3.0,2026-03-19 19:32:09,16,3,Otoño
102932,DIMENHIDRINATO 50MG TAB CJAX100UND,PORTUGAL GENERICO,0.0,10.0,1.0,2026-03-20 17:52:55,19,3,Otoño
102932,DIMENHIDRINATO 50MG TAB CJAX100UND,PORTUGAL GENERICO,0.0,10.0,1.0,2026-03-20 19:30:11,10,3,Otoño
102932,DIMENHIDRINATO 50MG TAB CJAX100UND,PORTUGAL GENERICO,0.0,10.0,1.0,2026-03-21 14:33:56,15,3,Otoño
102932,DIMENHIDRINATO 50MG TAB CJAX100UND,PORTUGAL GENERICO,0.0,10.0,1.0,2026-03-21 21:33:07,19,3,Otoño
102932,DIMENHIDRINATO 50MG TAB CJAX100UND,PORTUGAL GENERICO,0.0,10.0,1.0,2026-03-22 11:00:03,8,3,Otoño
102932,DIMENHIDRINATO 50MG TAB CJAX100UND,PORTUGAL GENERICO,0.0,10.0,1.0,2026-03-22 18:28:12,13,3,Otoño
102932,DIMENHIDRINATO 50MG TAB CJAX100UND,PORTUGAL GENERICO,0.0,10.0,1.0,2026-03-23 11:57:39,11,3,Otoño
102932,DIMENHIDRINATO 50MG TAB CJAX100UND,PORTUGAL GENERICO,0.0,10.0,1.0,2026-03-24 20:52:03,14,3,Otoño
102932,DIMENHIDRINATO 50MG TAB CJAX100UND,PORTUGAL GENERICO,0.0,20.0,2.0,2026-03-26 15:38:58,10,3,Otoño
102932,DIMENHIDRINATO 50MG TAB CJAX100UND,PORTUGAL GENERICO,0.0,10.0,1.0,2026-03-26 17:06:01,3,3,Otoño
102932,DIMENHIDRINATO 50MG TAB CJAX100UND,PORTUGAL GENERICO,0.0,10.0,1.0,2026-03-26 20:55:31,7,3,Otoño
102932,DIMENHIDRINATO 50MG TAB CJAX100UND,PORTUGAL GENERICO,0.0,20.0,2.0,2026-03-27 13:53:07,14,3,Otoño
102932,DIMENHIDRINATO 50MG TAB CJAX100UND,PORTUGAL GENERICO,0.0,10.0,1.0,2026-03-27 21:53:13,5,3,Otoño
102932,DIMENHIDRINATO 50MG TAB CJAX100UND,PORTUGAL GENERICO,0.0,10.0,1.0,2026-03-28 10:08:13,14,3,Otoño
102932,DIMENHIDRINATO 50MG TAB CJAX100UND,PORTUGAL GENERICO,0.0,10.0,1.0,2026-03-28 13:08:29,12,3,Otoño
102932,DIMENHIDRINATO 50MG TAB CJAX100UND,PORTUGAL GENERICO,0.0,14.0,1.4,2026-03-28 13:45:30,5,3,Otoño
102932,DIMENHIDRINATO 50MG TAB CJAX100UND,PORTUGAL GENERICO,0.0,10.0,1.0,2026-03-29 10:07:53,16,3,Otoño
102932,DIMENHIDRINATO 50MG TAB CJAX100UND,PORTUGAL GENERICO,0.0,60.0,6.0,2026-03-29 10:19:25,15,3,Otoño
102932,DIMENHIDRINATO 50MG TAB CJAX100UND,PORTUGAL GENERICO,0.0,10.0,1.0,2026-03-29 11:50:35,7,3,Otoño
102932,DIMENHIDRINATO 50MG TAB CJAX100UND,PORTUGAL GENERICO,0.0,7.0,0.7,2026-03-29 18:14:27,11,3,Otoño
102932,DIMENHIDRINATO 50MG TAB CJAX100UND,PORTUGAL GENERICO,0.0,10.0,1.0,2026-03-30 20:29:03,14,3,Otoño
102932,DIMENHIDRINATO 50MG TAB CJAX100UND,PORTUGAL GENERICO,0.0,10.0,1.0,2026-03-30 23:31:00,16,3,Otoño
102932,DIMENHIDRINATO 50MG TAB CJAX100UND,PORTUGAL GENERICO,0.0,20.0,2.0,2026-04-01 22:40:25,15,4,Otoño
102932,DIMENHIDRINATO 50MG TAB CJAX100UND,PORTUGAL GENERICO,0.0,30.0,3.0,2026-04-02 09:37:51,8,4,Otoño
102932,DIMENHIDRINATO 50MG TAB CJAX100UND,PORTUGAL GENERICO,0.0,10.0,1.0,2026-04-03 10:37:29,3,4,Otoño
102932,DIMENHIDRINATO 50MG TAB CJAX100UND,PORTUGAL GENERICO,0.0,3.0,0.3,2026-04-05 10:35:08,14,4,Otoño
102932,DIMENHIDRINATO 50MG TAB CJAX100UND,PORTUGAL GENERICO,0.0,3.0,0.3,2026-04-06 12:46:45,8,4,Otoño
102932,DIMENHIDRINATO 50MG TAB CJAX100UND,PORTUGAL GENERICO,0.0,10.0,1.0,2026-04-06 18:02:27,19,4,Otoño
102932,DIMENHIDRINATO 50MG TAB CJAX100UND,PORTUGAL GENERICO,0.0,6.0,0.6,2026-04-06 19:13:47,18,4,Otoño
102932,DIMENHIDRINATO 50MG TAB CJAX100UND,PORTUGAL GENERICO,0.0,10.0,1.0,2026-04-06 22:39:25,18,4,Otoño
102932,DIMENHIDRINATO 50MG TAB CJAX100UND,PORTUGAL GENERICO,0.0,10.0,1.0,2026-04-09 11:21:55,18,4,Otoño
102932,DIMENHIDRINATO 50MG TAB CJAX100UND,PORTUGAL GENERICO,0.0,10.0,1.0,2026-04-09 18:26:13,13,4,Otoño
102932,DIMENHIDRINATO 50MG TAB CJAX100UND,PORTUGAL GENERICO,0.0,10.0,1.0,2026-04-15 09:12:02,3,4,Otoño
102932,DIMENHIDRINATO 50MG TAB CJAX100UND,PORTUGAL GENERICO,0.0,3.0,0.3,2026-04-15 23:37:40,10,4,Otoño
102932,DIMENHIDRINATO 50MG TAB CJAX100UND,PORTUGAL GENERICO,0.0,4.0,0.4,2026-04-16 10:32:12,7,4,Otoño
102932,DIMENHIDRINATO 50MG TAB CJAX100UND,PORTUGAL GENERICO,0.0,20.0,2.0,2026-04-18 07:16:24,9,4,Otoño
102932,DIMENHIDRINATO 50MG TAB CJAX100UND,PORTUGAL GENERICO,0.0,10.0,1.0,2026-04-18 14:23:31,18,4,Otoño
102932,DIMENHIDRINATO 50MG TAB CJAX100UND,PORTUGAL GENERICO,0.0,20.0,2.0,2026-04-18 18:54:52,10,4,Otoño
102932,DIMENHIDRINATO 50MG TAB CJAX100UND,PORTUGAL GENERICO,0.0,60.0,6.0,2026-04-18 22:53:27,17,4,Otoño
102932,DIMENHIDRINATO 50MG TAB CJAX100UND,PORTUGAL GENERICO,0.0,10.0,1.0,2026-04-19 09:13:52,9,4,Otoño
102932,DIMENHIDRINATO 50MG TAB CJAX100UND,PORTUGAL GENERICO,0.0,20.0,2.0,2026-04-19 14:33:55,9,4,Otoño
102932,DIMENHIDRINATO 50MG TAB CJAX100UND,PORTUGAL GENERICO,0.0,10.0,1.0,2026-04-20 14:26:34,10,4,Otoño
102932,DIMENHIDRINATO 50MG TAB CJAX100UND,PORTUGAL GENERICO,0.0,20.0,2.0,2026-04-20 19:39:56,15,4,Otoño
102932,DIMENHIDRINATO 50MG TAB CJAX100UND,PORTUGAL GENERICO,0.0,10.0,1.0,2026-04-21 10:51:14,7,4,Otoño
102932,DIMENHIDRINATO 50MG TAB CJAX100UND,PORTUGAL GENERICO,0.0,10.0,1.0,2026-04-21 22:55:13,16,4,Otoño
102932,DIMENHIDRINATO 50MG TAB CJAX100UND,PORTUGAL GENERICO,0.0,20.0,2.0,2026-04-22 17:04:59,1,4,Otoño
102932,DIMENHIDRINATO 50MG TAB CJAX100UND,PORTUGAL GENERICO,0.0,20.0,2.0,2026-04-22 18:30:13,2,4,Otoño
102932,DIMENHIDRINATO 50MG TAB CJAX100UND,PORTUGAL GENERICO,0.0,20.0,2.0,2026-04-22 21:23:06,8,4,Otoño
102932,DIMENHIDRINATO 50MG TAB CJAX100UND,PORTUGAL GENERICO,0.0,4.0,0.4,2026-04-23 11:42:44,10,4,Otoño
102932,DIMENHIDRINATO 50MG TAB CJAX100UND,PORTUGAL GENERICO,0.0,10.0,1.0,2026-04-23 13:04:10,15,4,Otoño
102932,DIMENHIDRINATO 50MG TAB CJAX100UND,PORTUGAL GENERICO,0.0,20.0,2.0,2026-04-23 14:22:20,10,4,Otoño
102932,DIMENHIDRINATO 50MG TAB CJAX100UND,PORTUGAL GENERICO,0.0,30.0,3.0,2026-04-23 19:04:02,1,4,Otoño
102932,DIMENHIDRINATO 50MG TAB CJAX100UND,PORTUGAL GENERICO,0.0,30.0,3.0,2026-04-24 18:25:07,5,4,Otoño
102932,DIMENHIDRINATO 50MG TAB CJAX100UND,PORTUGAL GENERICO,0.0,10.0,1.0,2026-04-24 18:50:20,2,4,Otoño
102932,DIMENHIDRINATO 50MG TAB CJAX100UND,PORTUGAL GENERICO,0.0,9.0,0.9,2026-04-24 19:25:44,9,4,Otoño
102932,DIMENHIDRINATO 50MG TAB CJAX100UND,PORTUGAL GENERICO,0.0,10.0,1.0,2026-04-24 20:09:53,16,4,Otoño
102932,DIMENHIDRINATO 50MG TAB CJAX100UND,PORTUGAL GENERICO,0.0,20.0,2.0,2026-04-24 20:44:50,9,4,Otoño
102932,DIMENHIDRINATO 50MG TAB CJAX100UND,PORTUGAL GENERICO,0.0,3.0,0.3,2026-04-25 11:35:45,11,4,Otoño
102932,DIMENHIDRINATO 50MG TAB CJAX100UND,PORTUGAL GENERICO,0.0,10.0,1.0,2026-04-25 11:39:19,9,4,Otoño
102932,DIMENHIDRINATO 50MG TAB CJAX100UND,PORTUGAL GENERICO,0.0,20.0,2.0,2026-04-25 17:53:51,13,4,Otoño
102932,DIMENHIDRINATO 50MG TAB CJAX100UND,PORTUGAL GENERICO,0.0,10.0,1.0,2026-04-25 18:19:40,5,4,Otoño
102932,DIMENHIDRINATO 50MG TAB CJAX100UND,PORTUGAL GENERICO,0.0,10.0,1.0,2026-04-25 20:48:38,2,4,Otoño
102932,DIMENHIDRINATO 50MG TAB CJAX100UND,PORTUGAL GENERICO,0.0,10.0,1.0,2026-04-25 21:29:47,19,4,Otoño
102932,DIMENHIDRINATO 50MG TAB CJAX100UND,PORTUGAL GENERICO,0.0,20.0,2.0,2026-04-26 15:27:44,8,4,Otoño
102932,DIMENHIDRINATO 50MG TAB CJAX100UND,PORTUGAL GENERICO,0.0,10.0,1.0,2026-04-26 23:03:47,4,4,Otoño
102932,DIMENHIDRINATO 50MG TAB CJAX100UND,PORTUGAL GENERICO,0.0,10.0,1.0,2026-04-27 17:16:51,12,4,Otoño
102932,DIMENHIDRINATO 50MG TAB CJAX100UND,PORTUGAL GENERICO,0.0,10.0,1.0,2026-04-27 20:33:54,15,4,Otoño
102932,DIMENHIDRINATO 50MG TAB CJAX100UND,PORTUGAL GENERICO,0.0,20.0,1.61,2026-04-28 12:18:16,10,4,Otoño
102932,DIMENHIDRINATO 50MG TAB CJAX100UND,PORTUGAL GENERICO,0.0,10.0,1.0,2026-04-28 18:15:18,15,4,Otoño
102932,DIMENHIDRINATO 50MG TAB CJAX100UND,PORTUGAL GENERICO,0.0,10.0,1.0,2026-04-28 23:11:36,4,4,Otoño
102932,DIMENHIDRINATO 50MG TAB CJAX100UND,PORTUGAL GENERICO,0.0,10.0,1.0,2026-04-29 16:38:33,11,4,Otoño
102932,DIMENHIDRINATO 50MG TAB CJAX100UND,PORTUGAL GENERICO,0.0,10.0,1.0,2026-04-29 18:28:41,1,4,Otoño
102932,DIMENHIDRINATO 50MG TAB CJAX100UND,PORTUGAL GENERICO,0.0,20.0,2.0,2026-04-29 20:53:20,1,4,Otoño
102932,DIMENHIDRINATO 50MG TAB CJAX100UND,PORTUGAL GENERICO,0.0,10.0,1.0,2026-04-30 18:58:15,2,4,Otoño
102932,DIMENHIDRINATO 50MG TAB CJAX100UND,PORTUGAL GENERICO,0.0,10.0,1.0,2026-04-30 23:32:32,10,4,Otoño
102932,DIMENHIDRINATO 50MG TAB CJAX100UND,PORTUGAL GENERICO,0.0,10.0,1.0,2026-05-02 07:10:48,19,5,Otoño
102932,DIMENHIDRINATO 50MG TAB CJAX100UND,PORTUGAL GENERICO,0.0,10.0,1.0,2026-05-02 12:26:56,14,5,Otoño
102932,DIMENHIDRINATO 50MG TAB CJAX100UND,PORTUGAL GENERICO,0.0,20.0,2.0,2026-05-02 12:45:12,2,5,Otoño
102932,DIMENHIDRINATO 50MG TAB CJAX100UND,PORTUGAL GENERICO,0.0,15.0,1.5,2026-05-02 13:36:54,2,5,Otoño
102932,DIMENHIDRINATO 50MG TAB CJAX100UND,PORTUGAL GENERICO,0.0,30.0,3.0,2026-05-02 14:25:43,7,5,Otoño
102932,DIMENHIDRINATO 50MG TAB CJAX100UND,PORTUGAL GENERICO,0.0,10.0,1.0,2026-05-02 15:34:32,18,5,Otoño
102932,DIMENHIDRINATO 50MG TAB CJAX100UND,PORTUGAL GENERICO,0.0,30.0,3.0,2026-05-02 20:25:53,10,5,Otoño
102932,DIMENHIDRINATO 50MG TAB CJAX100UND,PORTUGAL GENERICO,0.0,20.0,2.0,2026-05-04 08:49:46,10,5,Otoño
102932,DIMENHIDRINATO 50MG TAB CJAX100UND,PORTUGAL GENERICO,0.0,20.0,2.0,2026-05-05 08:31:17,16,5,Otoño
102932,DIMENHIDRINATO 50MG TAB CJAX100UND,PORTUGAL GENERICO,0.0,10.0,1.0,2026-05-05 13:48:31,9,5,Otoño
102932,DIMENHIDRINATO 50MG TAB CJAX100UND,PORTUGAL GENERICO,0.0,10.0,1.0,2026-05-07 09:30:08,7,5,Otoño
102932,DIMENHIDRINATO 50MG TAB CJAX100UND,PORTUGAL GENERICO,0.0,10.0,1.0,2026-05-07 11:15:02,1,5,Otoño
102932,DIMENHIDRINATO 50MG TAB CJAX100UND,PORTUGAL GENERICO,0.0,60.0,6.0,2026-05-07 18:34:47,10,5,Otoño
102932,DIMENHIDRINATO 50MG TAB CJAX100UND,PORTUGAL GENERICO,0.0,20.0,2.0,2026-05-08 10:50:16,3,5,Otoño
102932,DIMENHIDRINATO 50MG TAB CJAX100UND,PORTUGAL GENERICO,0.0,20.0,2.0,2026-05-08 12:45:18,5,5,Otoño
102932,DIMENHIDRINATO 50MG TAB CJAX100UND,PORTUGAL GENERICO,0.0,10.0,1.0,2026-05-09 08:13:36,4,5,Otoño
102932,DIMENHIDRINATO 50MG TAB CJAX100UND,PORTUGAL GENERICO,0.0,10.0,1.0,2026-05-09 14:56:46,12,5,Otoño
102932,DIMENHIDRINATO 50MG TAB CJAX100UND,PORTUGAL GENERICO,0.0,10.0,1.0,2026-05-09 17:23:28,2,5,Otoño
102932,DIMENHIDRINATO 50MG TAB CJAX100UND,PORTUGAL GENERICO,0.0,30.0,3.0,2026-05-09 21:39:43,11,5,Otoño
102932,DIMENHIDRINATO 50MG TAB CJAX100UND,PORTUGAL GENERICO,0.0,10.0,1.0,2026-05-10 11:39:18,12,5,Otoño
102932,DIMENHIDRINATO 50MG TAB CJAX100UND,PORTUGAL GENERICO,0.0,10.0,1.0,2026-05-10 18:02:26,2,5,Otoño
102932,DIMENHIDRINATO 50MG TAB CJAX100UND,PORTUGAL GENERICO,0.0,10.0,1.0,2026-05-10 19:35:31,7,5,Otoño
102932,DIMENHIDRINATO 50MG TAB CJAX100UND,PORTUGAL GENERICO,0.0,20.0,2.0,2026-05-10 21:45:18,4,5,Otoño
102932,DIMENHIDRINATO 50MG TAB CJAX100UND,PORTUGAL GENERICO,0.0,20.0,2.0,2026-05-11 17:38:57,14,5,Otoño
102932,DIMENHIDRINATO 50MG TAB CJAX100UND,PORTUGAL GENERICO,0.0,10.0,1.0,2026-05-11 18:07:07,8,5,Otoño
102932,DIMENHIDRINATO 50MG TAB CJAX100UND,PORTUGAL GENERICO,0.0,10.0,1.0,2026-05-11 22:06:25,2,5,Otoño
102932,DIMENHIDRINATO 50MG TAB CJAX100UND,PORTUGAL GENERICO,0.0,10.0,1.0,2026-05-12 11:58:03,17,5,Otoño
102932,DIMENHIDRINATO 50MG TAB CJAX100UND,PORTUGAL GENERICO,0.0,10.0,1.0,2026-05-12 13:58:46,9,5,Otoño
102932,DIMENHIDRINATO 50MG TAB CJAX100UND,PORTUGAL GENERICO,0.0,10.0,1.0,2026-05-13 18:46:15,2,5,Otoño
102932,DIMENHIDRINATO 50MG TAB CJAX100UND,PORTUGAL GENERICO,0.0,10.0,1.0,2026-05-14 14:05:58,15,5,Otoño
102932,DIMENHIDRINATO 50MG TAB CJAX100UND,PORTUGAL GENERICO,0.0,10.0,1.0,2026-05-14 17:12:59,8,5,Otoño
102932,DIMENHIDRINATO 50MG TAB CJAX100UND,PORTUGAL GENERICO,0.0,10.0,1.0,2026-05-14 17:23:24,1,5,Otoño
102932,DIMENHIDRINATO 50MG TAB CJAX100UND,PORTUGAL GENERICO,0.0,10.0,1.0,2026-05-16 10:20:11,5,5,Otoño
102932,DIMENHIDRINATO 50MG TAB CJAX100UND,PORTUGAL GENERICO,0.0,10.0,1.0,2026-05-16 14:36:28,9,5,Otoño
102932,DIMENHIDRINATO 50MG TAB CJAX100UND,PORTUGAL GENERICO,0.0,10.0,1.0,2026-05-16 15:32:08,1,5,Otoño
102932,DIMENHIDRINATO 50MG TAB CJAX100UND,PORTUGAL GENERICO,0.0,20.0,2.0,2026-05-16 21:12:07,15,5,Otoño
102932,DIMENHIDRINATO 50MG TAB CJAX100UND,PORTUGAL GENERICO,1.0,0.0,8.0,2026-05-17 21:39:46,4,5,Otoño
102932,DIMENHIDRINATO 50MG TAB CJAX100UND,PORTUGAL GENERICO,0.0,10.0,1.0,2026-05-18 11:07:27,1,5,Otoño
102932,DIMENHIDRINATO 50MG TAB CJAX100UND,PORTUGAL GENERICO,0.0,10.0,1.0,2026-05-18 18:10:01,12,5,Otoño
102932,DIMENHIDRINATO 50MG TAB CJAX100UND,PORTUGAL GENERICO,0.0,10.0,1.0,2026-05-19 09:28:47,2,5,Otoño
102932,DIMENHIDRINATO 50MG TAB CJAX100UND,PORTUGAL GENERICO,0.0,10.0,1.0,2026-05-19 14:39:53,2,5,Otoño
102932,DIMENHIDRINATO 50MG TAB CJAX100UND,PORTUGAL GENERICO,0.0,10.0,1.0,2026-05-19 14:53:52,9,5,Otoño
102932,DIMENHIDRINATO 50MG TAB CJAX100UND,PORTUGAL GENERICO,0.0,10.0,1.0,2026-05-19 22:30:26,6,5,Otoño
102932,DIMENHIDRINATO 50MG TAB CJAX100UND,PORTUGAL GENERICO,0.0,20.0,2.0,2026-05-20 10:22:13,8,5,Otoño
102932,DIMENHIDRINATO 50MG TAB CJAX100UND,PORTUGAL GENERICO,0.0,10.0,1.0,2026-05-20 17:30:36,14,5,Otoño
102932,DIMENHIDRINATO 50MG TAB CJAX100UND,PORTUGAL GENERICO,0.0,10.0,1.0,2026-05-20 18:44:17,1,5,Otoño
102932,DIMENHIDRINATO 50MG TAB CJAX100UND,PORTUGAL GENERICO,0.0,10.0,1.0,2026-05-20 19:09:49,8,5,Otoño
102932,DIMENHIDRINATO 50MG TAB CJAX100UND,PORTUGAL GENERICO,0.0,10.0,1.0,2026-05-20 23:21:51,4,5,Otoño
102932,DIMENHIDRINATO 50MG TAB CJAX100UND,PORTUGAL GENERICO,0.0,10.0,1.0,2026-05-21 09:36:12,1,5,Otoño
102932,DIMENHIDRINATO 50MG TAB CJAX100UND,PORTUGAL GENERICO,0.0,10.0,1.0,2026-05-21 09:41:13,4,5,Otoño
102932,DIMENHIDRINATO 50MG TAB CJAX100UND,PORTUGAL GENERICO,0.0,2.0,0.2,2026-05-22 09:33:17,1,5,Otoño
102932,DIMENHIDRINATO 50MG TAB CJAX100UND,PORTUGAL GENERICO,0.0,20.0,2.0,2026-05-22 10:14:37,1,5,Otoño
102932,DIMENHIDRINATO 50MG TAB CJAX100UND,PORTUGAL GENERICO,0.0,10.0,1.0,2026-05-22 16:03:28,19,5,Otoño
102932,DIMENHIDRINATO 50MG TAB CJAX100UND,PORTUGAL GENERICO,0.0,10.0,1.0,2026-05-22 18:41:51,15,5,Otoño
102932,DIMENHIDRINATO 50MG TAB CJAX100UND,PORTUGAL GENERICO,0.0,10.0,1.0,2026-05-22 20:10:25,8,5,Otoño
102932,DIMENHIDRINATO 50MG TAB CJAX100UND,PORTUGAL GENERICO,0.0,10.0,1.0,2026-05-23 07:06:02,9,5,Otoño
102932,DIMENHIDRINATO 50MG TAB CJAX100UND,PORTUGAL GENERICO,0.0,10.0,1.0,2026-05-23 07:32:53,9,5,Otoño
102932,DIMENHIDRINATO 50MG TAB CJAX100UND,PORTUGAL GENERICO,0.0,2.0,0.2,2026-05-23 14:30:18,12,5,Otoño
102932,DIMENHIDRINATO 50MG TAB CJAX100UND,PORTUGAL GENERICO,0.0,10.0,1.0,2026-05-23 19:44:12,6,5,Otoño
102932,DIMENHIDRINATO 50MG TAB CJAX100UND,PORTUGAL GENERICO,0.0,10.0,1.0,2026-05-24 07:39:23,17,5,Otoño
102932,DIMENHIDRINATO 50MG TAB CJAX100UND,PORTUGAL GENERICO,0.0,10.0,1.0,2026-05-24 18:54:30,13,5,Otoño
102932,DIMENHIDRINATO 50MG TAB CJAX100UND,PORTUGAL GENERICO,0.0,10.0,1.0,2026-05-24 19:06:37,15,5,Otoño
102932,DIMENHIDRINATO 50MG TAB CJAX100UND,PORTUGAL GENERICO,0.0,10.0,1.0,2026-05-24 20:59:23,14,5,Otoño
102932,DIMENHIDRINATO 50MG TAB CJAX100UND,PORTUGAL GENERICO,0.0,10.0,1.0,2026-05-25 08:18:20,1,5,Otoño
102932,DIMENHIDRINATO 50MG TAB CJAX100UND,PORTUGAL GENERICO,0.0,10.0,1.0,2026-05-25 09:00:21,1,5,Otoño
102932,DIMENHIDRINATO 50MG TAB CJAX100UND,PORTUGAL GENERICO,0.0,10.0,1.0,2026-05-25 21:01:24,2,5,Otoño
102932,DIMENHIDRINATO 50MG TAB CJAX100UND,PORTUGAL GENERICO,0.0,6.0,0.6,2026-05-26 13:34:21,10,5,Otoño
102932,DIMENHIDRINATO 50MG TAB CJAX100UND,PORTUGAL GENERICO,0.0,10.0,1.0,2026-05-27 12:25:03,1,5,Otoño
102932,DIMENHIDRINATO 50MG TAB CJAX100UND,PORTUGAL GENERICO,0.0,10.0,1.0,2026-05-27 18:01:30,8,5,Otoño
102932,DIMENHIDRINATO 50MG TAB CJAX100UND,PORTUGAL GENERICO,1.0,0.0,8.0,2026-05-28 10:00:54,3,5,Otoño
102932,DIMENHIDRINATO 50MG TAB CJAX100UND,PORTUGAL GENERICO,0.0,20.0,2.0,2026-05-28 11:45:29,3,5,Otoño
102932,DIMENHIDRINATO 50MG TAB CJAX100UND,PORTUGAL GENERICO,0.0,10.0,1.0,2026-05-28 12:40:28,2,5,Otoño
102932,DIMENHIDRINATO 50MG TAB CJAX100UND,PORTUGAL GENERICO,0.0,10.0,1.0,2026-05-28 16:11:17,15,5,Otoño
102932,DIMENHIDRINATO 50MG TAB CJAX100UND,PORTUGAL GENERICO,0.0,10.0,1.0,2026-05-29 13:40:08,18,5,Otoño
102932,DIMENHIDRINATO 50MG TAB CJAX100UND,PORTUGAL GENERICO,0.0,30.0,3.0,2026-05-31 13:22:00,9,5,Otoño
102932,DIMENHIDRINATO 50MG TAB CJAX100UND,PORTUGAL GENERICO,0.0,10.0,1.0,2026-05-31 18:28:18,7,5,Otoño
102932,DIMENHIDRINATO 50MG TAB CJAX100UND,PORTUGAL GENERICO,0.0,20.0,2.0,2026-05-31 18:49:41,4,5,Otoño
102932,DIMENHIDRINATO 50MG TAB CJAX100UND,PORTUGAL GENERICO,0.0,10.0,1.0,2026-06-01 09:25:40,6,6,Invierno
102932,DIMENHIDRINATO 50MG TAB CJAX100UND,PORTUGAL GENERICO,0.0,10.0,1.0,2026-06-01 18:40:14,8,6,Invierno
102932,DIMENHIDRINATO 50MG TAB CJAX100UND,PORTUGAL GENERICO,0.0,10.0,1.0,2026-06-01 18:48:02,9,6,Invierno
102932,DIMENHIDRINATO 50MG TAB CJAX100UND,PORTUGAL GENERICO,0.0,10.0,1.0,2026-06-02 22:03:24,9,6,Invierno
102932,DIMENHIDRINATO 50MG TAB CJAX100UND,PORTUGAL GENERICO,0.0,10.0,1.0,2026-06-03 10:28:51,15,6,Invierno
102932,DIMENHIDRINATO 50MG TAB CJAX100UND,PORTUGAL GENERICO,0.0,10.0,1.0,2026-06-04 07:40:19,7,6,Invierno
102932,DIMENHIDRINATO 50MG TAB CJAX100UND,PORTUGAL GENERICO,0.0,10.0,1.0,2026-06-04 09:13:55,2,6,Invierno
102932,DIMENHIDRINATO 50MG TAB CJAX100UND,PORTUGAL GENERICO,0.0,10.0,1.0,2026-06-04 10:59:38,2,6,Invierno
102932,DIMENHIDRINATO 50MG TAB CJAX100UND,PORTUGAL GENERICO,0.0,10.0,1.0,2026-06-04 13:05:41,2,6,Invierno
102932,DIMENHIDRINATO 50MG TAB CJAX100UND,PORTUGAL GENERICO,0.0,10.0,1.0,2026-06-04 14:25:08,5,6,Invierno
102932,DIMENHIDRINATO 50MG TAB CJAX100UND,PORTUGAL GENERICO,0.0,10.0,0.95,2026-06-04 15:30:10,6,6,Invierno
102932,DIMENHIDRINATO 50MG TAB CJAX100UND,PORTUGAL GENERICO,0.0,10.0,1.0,2026-06-04 16:29:07,15,6,Invierno
102932,DIMENHIDRINATO 50MG TAB CJAX100UND,PORTUGAL GENERICO,0.0,30.0,3.0,2026-06-04 18:35:30,11,6,Invierno
102932,DIMENHIDRINATO 50MG TAB CJAX100UND,PORTUGAL GENERICO,0.0,8.0,0.8,2026-06-04 20:03:56,1,6,Invierno
102932,DIMENHIDRINATO 50MG TAB CJAX100UND,PORTUGAL GENERICO,0.0,10.0,1.0,2026-06-05 11:31:04,15,6,Invierno
102932,DIMENHIDRINATO 50MG TAB CJAX100UND,PORTUGAL GENERICO,0.0,10.0,1.0,2026-06-05 17:54:56,5,6,Invierno
102932,DIMENHIDRINATO 50MG TAB CJAX100UND,PORTUGAL GENERICO,0.0,10.0,1.0,2026-06-06 13:05:37,12,6,Invierno
102932,DIMENHIDRINATO 50MG TAB CJAX100UND,PORTUGAL GENERICO,0.0,10.0,1.0,2026-06-06 13:11:56,8,6,Invierno
102932,DIMENHIDRINATO 50MG TAB CJAX100UND,PORTUGAL GENERICO,0.0,10.0,1.0,2026-06-06 19:57:18,8,6,Invierno
102932,DIMENHIDRINATO 50MG TAB CJAX100UND,PORTUGAL GENERICO,0.0,5.0,0.5,2026-06-06 20:55:40,2,6,Invierno
102932,DIMENHIDRINATO 50MG TAB CJAX100UND,PORTUGAL GENERICO,0.0,10.0,1.0,2026-06-07 07:43:58,13,6,Invierno
102932,DIMENHIDRINATO 50MG TAB CJAX100UND,PORTUGAL GENERICO,0.0,10.0,1.0,2026-06-07 08:51:31,17,6,Invierno
102932,DIMENHIDRINATO 50MG TAB CJAX100UND,PORTUGAL GENERICO,0.0,10.0,1.0,2026-06-07 13:51:32,16,6,Invierno
102932,DIMENHIDRINATO 50MG TAB CJAX100UND,PORTUGAL GENERICO,0.0,10.0,0.95,2026-06-07 21:59:11,14,6,Invierno
102932,DIMENHIDRINATO 50MG TAB CJAX100UND,PORTUGAL GENERICO,0.0,10.0,1.0,2026-06-08 10:07:26,16,6,Invierno
102932,DIMENHIDRINATO 50MG TAB CJAX100UND,PORTUGAL GENERICO,0.0,10.0,1.0,2026-06-08 16:21:33,14,6,Invierno
102932,DIMENHIDRINATO 50MG TAB CJAX100UND,PORTUGAL GENERICO,0.0,10.0,1.0,2026-06-08 20:49:43,12,6,Invierno
102932,DIMENHIDRINATO 50MG TAB CJAX100UND,PORTUGAL GENERICO,0.0,20.0,1.9,2026-06-09 13:08:24,19,6,Invierno
102932,DIMENHIDRINATO 50MG TAB CJAX100UND,PORTUGAL GENERICO,0.0,10.0,1.0,2026-06-09 17:38:30,14,6,Invierno
102932,DIMENHIDRINATO 50MG TAB CJAX100UND,PORTUGAL GENERICO,0.0,10.0,1.0,2026-06-09 21:19:14,8,6,Invierno
102932,DIMENHIDRINATO 50MG TAB CJAX100UND,PORTUGAL GENERICO,0.0,20.0,2.0,2026-06-10 16:15:38,18,6,Invierno
102932,DIMENHIDRINATO 50MG TAB CJAX100UND,PORTUGAL GENERICO,0.0,10.0,1.0,2026-06-11 09:41:47,11,6,Invierno
102932,DIMENHIDRINATO 50MG TAB CJAX100UND,PORTUGAL GENERICO,0.0,10.0,1.0,2026-06-11 14:28:36,8,6,Invierno
102932,DIMENHIDRINATO 50MG TAB CJAX100UND,PORTUGAL GENERICO,0.0,10.0,1.0,2026-06-13 12:01:35,4,6,Invierno
102932,DIMENHIDRINATO 50MG TAB CJAX100UND,PORTUGAL GENERICO,0.0,10.0,1.0,2026-06-13 20:19:50,12,6,Invierno
102932,DIMENHIDRINATO 50MG TAB CJAX100UND,PORTUGAL GENERICO,1.0,0.0,8.0,2026-06-13 21:22:32,17,6,Invierno
102932,DIMENHIDRINATO 50MG TAB CJAX100UND,PORTUGAL GENERICO,0.0,20.0,2.0,2026-06-15 20:36:24,6,6,Invierno
102932,DIMENHIDRINATO 50MG TAB CJAX100UND,PORTUGAL GENERICO,0.0,1.0,0.1,2026-06-16 07:46:46,12,6,Invierno
102932,DIMENHIDRINATO 50MG TAB CJAX100UND,PORTUGAL GENERICO,0.0,10.0,1.0,2026-06-16 17:03:27,3,6,Invierno
102932,DIMENHIDRINATO 50MG TAB CJAX100UND,PORTUGAL GENERICO,0.0,10.0,1.0,2026-06-16 18:30:46,8,6,Invierno
102932,DIMENHIDRINATO 50MG TAB CJAX100UND,PORTUGAL GENERICO,0.0,10.0,1.0,2026-06-16 19:08:09,3,6,Invierno
102932,DIMENHIDRINATO 50MG TAB CJAX100UND,PORTUGAL GENERICO,0.0,10.0,1.0,2026-06-17 20:45:09,8,6,Invierno
102932,DIMENHIDRINATO 50MG TAB CJAX100UND,PORTUGAL GENERICO,0.0,10.0,1.0,2026-06-18 10:44:57,15,6,Invierno
102932,DIMENHIDRINATO 50MG TAB CJAX100UND,PORTUGAL GENERICO,0.0,10.0,1.0,2026-06-19 22:45:42,7,6,Invierno
102932,DIMENHIDRINATO 50MG TAB CJAX100UND,PORTUGAL GENERICO,0.0,10.0,1.0,2026-06-20 10:27:02,12,6,Invierno
102932,DIMENHIDRINATO 50MG TAB CJAX100UND,PORTUGAL GENERICO,0.0,10.0,1.0,2026-06-20 14:26:29,6,6,Invierno
102932,DIMENHIDRINATO 50MG TAB CJAX100UND,PORTUGAL GENERICO,0.0,1.0,0.1,2026-06-20 14:32:15,13,6,Invierno
102932,DIMENHIDRINATO 50MG TAB CJAX100UND,PORTUGAL GENERICO,0.0,10.0,1.0,2026-06-21 17:43:49,13,6,Invierno
102932,DIMENHIDRINATO 50MG TAB CJAX100UND,PORTUGAL GENERICO,0.0,10.0,1.0,2026-06-21 18:45:54,8,6,Invierno
102932,DIMENHIDRINATO 50MG TAB CJAX100UND,PORTUGAL GENERICO,0.0,10.0,1.0,2026-06-22 16:56:27,15,6,Invierno
102932,DIMENHIDRINATO 50MG TAB CJAX100UND,PORTUGAL GENERICO,0.0,10.0,1.0,2026-06-23 18:52:57,8,6,Invierno
102932,DIMENHIDRINATO 50MG TAB CJAX100UND,PORTUGAL GENERICO,0.0,10.0,1.0,2026-06-23 21:45:44,14,6,Invierno
102932,DIMENHIDRINATO 50MG TAB CJAX100UND,PORTUGAL GENERICO,0.0,10.0,1.0,2026-06-23 21:48:32,14,6,Invierno
102932,DIMENHIDRINATO 50MG TAB CJAX100UND,PORTUGAL GENERICO,0.0,10.0,1.0,2026-06-25 13:54:25,12,6,Invierno
102932,DIMENHIDRINATO 50MG TAB CJAX100UND,PORTUGAL GENERICO,0.0,10.0,1.0,2026-06-26 18:49:20,15,6,Invierno
102932,DIMENHIDRINATO 50MG TAB CJAX100UND,PORTUGAL GENERICO,0.0,18.0,1.8,2026-06-27 09:25:57,12,6,Invierno
102932,DIMENHIDRINATO 50MG TAB CJAX100UND,PORTUGAL GENERICO,0.0,10.0,1.0,2026-06-27 13:59:11,7,6,Invierno
102932,DIMENHIDRINATO 50MG TAB CJAX100UND,PORTUGAL GENERICO,0.0,6.0,0.6,2026-06-27 20:21:51,8,6,Invierno
102932,DIMENHIDRINATO 50MG TAB CJAX100UND,PORTUGAL GENERICO,0.0,10.0,1.0,2026-06-29 19:45:09,19,6,Invierno
102932,DIMENHIDRINATO 50MG TAB CJAX100UND,PORTUGAL GENERICO,0.0,10.0,1.0,2026-06-29 20:50:04,13,6,Invierno
102932,DIMENHIDRINATO 50MG TAB CJAX100UND,PORTUGAL GENERICO,0.0,10.0,1.0,2026-06-29 22:04:25,7,6,Invierno
102932,DIMENHIDRINATO 50MG TAB CJAX100UND,PORTUGAL GENERICO,0.0,10.0,1.0,2026-06-30 15:59:47,17,6,Invierno
102932,DIMENHIDRINATO 50MG TAB CJAX100UND,PORTUGAL GENERICO,0.0,10.0,1.0,2026-07-01 10:31:10,13,7,Invierno
102932,DIMENHIDRINATO 50MG TAB CJAX100UND,PORTUGAL GENERICO,0.0,20.0,2.0,2026-07-03 20:43:47,7,7,Invierno
102932,DIMENHIDRINATO 50MG TAB CJAX100UND,PORTUGAL GENERICO,0.0,10.0,1.0,2026-07-04 07:07:03,15,7,Invierno
102932,DIMENHIDRINATO 50MG TAB CJAX100UND,PORTUGAL GENERICO,0.0,10.0,1.0,2026-07-04 07:11:16,15,7,Invierno
102932,DIMENHIDRINATO 50MG TAB CJAX100UND,PORTUGAL GENERICO,0.0,-10.0,-1.0,2026-07-04 07:13:32,15,7,Invierno
102932,DIMENHIDRINATO 50MG TAB CJAX100UND,PORTUGAL GENERICO,0.0,10.0,1.0,2026-07-05 07:44:59,7,7,Invierno
102932,DIMENHIDRINATO 50MG TAB CJAX100UND,PORTUGAL GENERICO,0.0,10.0,1.0,2026-07-06 08:08:09,7,7,Invierno
102932,DIMENHIDRINATO 50MG TAB CJAX100UND,PORTUGAL GENERICO,0.0,50.0,5.0,2026-07-06 09:39:57,5,7,Invierno
102932,DIMENHIDRINATO 50MG TAB CJAX100UND,PORTUGAL GENERICO,0.0,2.0,0.2,2026-07-07 19:57:23,17,7,Invierno
102932,DIMENHIDRINATO 50MG TAB CJAX100UND,PORTUGAL GENERICO,0.0,6.0,0.6,2026-07-09 11:01:46,17,7,Invierno
102932,DIMENHIDRINATO 50MG TAB CJAX100UND,PORTUGAL GENERICO,0.0,10.0,1.0,2026-07-09 18:42:17,7,7,Invierno
102932,DIMENHIDRINATO 50MG TAB CJAX100UND,PORTUGAL GENERICO,0.0,10.0,1.0,2026-07-10 17:20:44,2,7,Invierno
102932,DIMENHIDRINATO 50MG TAB CJAX100UND,PORTUGAL GENERICO,0.0,15.0,1.5,2026-07-10 17:53:49,4,7,Invierno
102932,DIMENHIDRINATO 50MG TAB CJAX100UND,PORTUGAL GENERICO,0.0,10.0,1.0,2026-07-13 11:55:47,10,7,Invierno
102932,DIMENHIDRINATO 50MG TAB CJAX100UND,PORTUGAL GENERICO,0.0,20.0,2.0,2026-07-13 18:23:00,1,7,Invierno
102932,DIMENHIDRINATO 50MG TAB CJAX100UND,PORTUGAL GENERICO,0.0,10.0,1.0,2026-07-13 18:53:44,1,7,Invierno
102932,DIMENHIDRINATO 50MG TAB CJAX100UND,PORTUGAL GENERICO,0.0,10.0,1.0,2026-07-13 20:49:08,2,7,Invierno
102932,DIMENHIDRINATO 50MG TAB CJAX100UND,PORTUGAL GENERICO,0.0,10.0,1.0,2026-07-14 09:35:46,11,7,Invierno
102932,DIMENHIDRINATO 50MG TAB CJAX100UND,PORTUGAL GENERICO,0.0,10.0,1.0,2026-07-14 14:54:27,1,7,Invierno
102932,DIMENHIDRINATO 50MG TAB CJAX100UND,PORTUGAL GENERICO,0.0,15.0,1.5,2026-07-14 19:49:19,7,7,Invierno
102932,DIMENHIDRINATO 50MG TAB CJAX100UND,PORTUGAL GENERICO,0.0,10.0,1.0,2026-07-14 22:04:52,15,7,Invierno
102932,DIMENHIDRINATO 50MG TAB CJAX100UND,PORTUGAL GENERICO,0.0,20.0,2.0,2026-07-15 09:00:45,17,7,Invierno
102932,DIMENHIDRINATO 50MG TAB CJAX100UND,PORTUGAL GENERICO,0.0,10.0,1.0,2026-07-15 10:53:02,4,7,Invierno
102932,DIMENHIDRINATO 50MG TAB CJAX100UND,PORTUGAL GENERICO,0.0,10.0,1.0,2026-07-15 19:15:39,1,7,Invierno
102932,DIMENHIDRINATO 50MG TAB CJAX100UND,PORTUGAL GENERICO,0.0,10.0,1.0,2026-07-16 16:27:04,9,7,Invierno
102932,DIMENHIDRINATO 50MG TAB CJAX100UND,PORTUGAL GENERICO,0.0,10.0,1.0,2026-07-16 18:22:44,2,7,Invierno
102932,DIMENHIDRINATO 50MG TAB CJAX100UND,PORTUGAL GENERICO,0.0,10.0,1.0,2026-07-16 19:31:23,2,7,Invierno
102932,DIMENHIDRINATO 50MG TAB CJAX100UND,PORTUGAL GENERICO,0.0,6.0,0.6,2026-07-18 15:50:35,1,7,Invierno
102932,DIMENHIDRINATO 50MG TAB CJAX100UND,PORTUGAL GENERICO,0.0,10.0,1.0,2026-07-20 12:35:13,12,7,Invierno
102932,DIMENHIDRINATO 50MG TAB CJAX100UND,PORTUGAL GENERICO,0.0,10.0,1.0,2026-07-20 18:45:07,8,7,Invierno
102932,DIMENHIDRINATO 50MG TAB CJAX100UND,PORTUGAL GENERICO,0.0,10.0,1.0,2026-07-21 17:45:14,11,7,Invierno
102932,DIMENHIDRINATO 50MG TAB CJAX100UND,PORTUGAL GENERICO,0.0,10.0,1.0,2026-07-21 20:23:00,8,7,Invierno
102932,DIMENHIDRINATO 50MG TAB CJAX100UND,PORTUGAL GENERICO,0.0,10.0,1.0,2026-07-21 21:01:46,15,7,Invierno
102932,DIMENHIDRINATO 50MG TAB CJAX100UND,PORTUGAL GENERICO,0.0,10.0,1.0,2026-07-22 17:48:25,1,7,Invierno
102932,DIMENHIDRINATO 50MG TAB CJAX100UND,PORTUGAL GENERICO,0.0,20.0,2.0,2026-07-23 11:34:41,5,7,Invierno
102932,DIMENHIDRINATO 50MG TAB CJAX100UND,PORTUGAL GENERICO,0.0,10.0,1.0,2026-07-23 11:39:07,5,7,Invierno
102932,DIMENHIDRINATO 50MG TAB CJAX100UND,PORTUGAL GENERICO,0.0,20.0,2.0,2026-07-24 19:32:45,4,7,Invierno
102932,DIMENHIDRINATO 50MG TAB CJAX100UND,PORTUGAL GENERICO,0.0,10.0,1.0,2026-07-24 21:37:37,3,7,Invierno
102932,DIMENHIDRINATO 50MG TAB CJAX100UND,PORTUGAL GENERICO,0.0,10.0,1.0,2026-07-25 07:06:14,17,7,Invierno
102932,DIMENHIDRINATO 50MG TAB CJAX100UND,PORTUGAL GENERICO,0.0,10.0,1.0,2026-07-25 17:18:00,8,7,Invierno
102932,DIMENHIDRINATO 50MG TAB CJAX100UND,PORTUGAL GENERICO,0.0,20.0,2.0,2026-07-25 19:00:37,2,7,Invierno
102932,DIMENHIDRINATO 50MG TAB CJAX100UND,PORTUGAL GENERICO,0.0,10.0,1.0,2026-07-25 19:05:31,5,7,Invierno
102932,DIMENHIDRINATO 50MG TAB CJAX100UND,PORTUGAL GENERICO,0.0,10.0,1.0,2026-07-25 19:21:10,2,7,Invierno
102932,DIMENHIDRINATO 50MG TAB CJAX100UND,PORTUGAL GENERICO,0.0,10.0,1.0,2026-07-25 20:44:48,15,7,Invierno
102932,DIMENHIDRINATO 50MG TAB CJAX100UND,PORTUGAL GENERICO,0.0,20.0,2.0,2026-07-25 23:05:05,4,7,Invierno
102932,DIMENHIDRINATO 50MG TAB CJAX100UND,PORTUGAL GENERICO,0.0,10.0,1.0,2026-07-26 13:54:37,10,7,Invierno
102932,DIMENHIDRINATO 50MG TAB CJAX100UND,PORTUGAL GENERICO,0.0,10.0,1.0,2026-07-26 15:47:31,1,7,Invierno
102932,DIMENHIDRINATO 50MG TAB CJAX100UND,PORTUGAL GENERICO,0.0,10.0,1.0,2026-07-27 08:31:47,5,7,Invierno
102932,DIMENHIDRINATO 50MG TAB CJAX100UND,PORTUGAL GENERICO,0.0,10.0,1.0,2026-07-27 11:31:48,8,7,Invierno
102932,DIMENHIDRINATO 50MG TAB CJAX100UND,PORTUGAL GENERICO,0.0,5.0,0.5,2026-07-27 11:59:26,18,7,Invierno
102932,DIMENHIDRINATO 50MG TAB CJAX100UND,PORTUGAL GENERICO,0.0,50.0,5.0,2026-07-27 13:51:44,7,7,Invierno
102932,DIMENHIDRINATO 50MG TAB CJAX100UND,PORTUGAL GENERICO,0.0,10.0,1.0,2026-07-27 22:48:24,5,7,Invierno
102932,DIMENHIDRINATO 50MG TAB CJAX100UND,PORTUGAL GENERICO,0.0,10.0,1.0,2026-07-28 17:18:18,2,7,Invierno
102932,DIMENHIDRINATO 50MG TAB CJAX100UND,PORTUGAL GENERICO,0.0,10.0,1.0,2026-07-28 17:47:35,5,7,Invierno
102932,DIMENHIDRINATO 50MG TAB CJAX100UND,PORTUGAL GENERICO,0.0,10.0,1.0,2026-07-28 20:29:54,4,7,Invierno
102932,DIMENHIDRINATO 50MG TAB CJAX100UND,PORTUGAL GENERICO,0.0,5.0,0.5,2026-07-29 09:17:51,7,7,Invierno
102932,DIMENHIDRINATO 50MG TAB CJAX100UND,PORTUGAL GENERICO,0.0,20.0,2.0,2026-07-29 09:53:28,16,7,Invierno
102932,DIMENHIDRINATO 50MG TAB CJAX100UND,PORTUGAL GENERICO,0.0,10.0,1.0,2026-07-29 17:13:15,8,7,Invierno
102932,DIMENHIDRINATO 50MG TAB CJAX100UND,PORTUGAL GENERICO,0.0,10.0,1.0,2026-07-29 20:56:50,2,7,Invierno
102932,DIMENHIDRINATO 50MG TAB CJAX100UND,PORTUGAL GENERICO,0.0,10.0,1.0,2026-07-29 21:59:33,16,7,Invierno
102932,DIMENHIDRINATO 50MG TAB CJAX100UND,PORTUGAL GENERICO,0.0,10.0,1.0,2026-07-29 23:10:32,16,7,Invierno
102932,DIMENHIDRINATO 50MG TAB CJAX100UND,PORTUGAL GENERICO,0.0,20.0,2.0,2026-07-30 11:08:33,13,7,Invierno
102932,DIMENHIDRINATO 50MG TAB CJAX100UND,PORTUGAL GENERICO,0.0,10.0,1.0,2026-07-30 15:11:36,9,7,Invierno
102932,DIMENHIDRINATO 50MG TAB CJAX100UND,PORTUGAL GENERICO,0.0,20.0,2.0,2026-07-30 17:06:35,10,7,Invierno
102932,DIMENHIDRINATO 50MG TAB CJAX100UND,PORTUGAL GENERICO,0.0,5.0,0.5,2026-07-30 18:11:46,8,7,Invierno
102932,DIMENHIDRINATO 50MG TAB CJAX100UND,PORTUGAL GENERICO,0.0,5.0,0.5,2026-07-30 18:12:31,8,7,Invierno
102932,DIMENHIDRINATO 50MG TAB CJAX100UND,PORTUGAL GENERICO,0.0,5.0,0.5,2026-07-30 18:14:03,8,7,Invierno
102932,DIMENHIDRINATO 50MG TAB CJAX100UND,PORTUGAL GENERICO,0.0,10.0,1.0,2026-07-30 20:08:05,17,7,Invierno
102932,DIMENHIDRINATO 50MG TAB CJAX100UND,PORTUGAL GENERICO,0.0,20.0,2.0,2026-07-30 22:10:02,14,7,Invierno
102932,DIMENHIDRINATO 50MG TAB CJAX100UND,PORTUGAL GENERICO,0.0,10.0,1.0,2026-07-30 22:20:28,16,7,Invierno
102932,DIMENHIDRINATO 50MG TAB CJAX100UND,PORTUGAL GENERICO,0.0,30.0,3.0,2026-07-31 09:39:35,13,7,Invierno
102932,DIMENHIDRINATO 50MG TAB CJAX100UND,PORTUGAL GENERICO,0.0,10.0,1.0,2026-07-31 21:33:25,14,7,Invierno
102932,DIMENHIDRINATO 50MG TAB CJAX100UND,PORTUGAL GENERICO,0.0,10.0,1.0,2026-08-01 19:23:22,15,8,Invierno
102932,DIMENHIDRINATO 50MG TAB CJAX100UND,PORTUGAL GENERICO,0.0,10.0,1.0,2026-08-01 21:24:21,10,8,Invierno
102932,DIMENHIDRINATO 50MG TAB CJAX100UND,PORTUGAL GENERICO,0.0,10.0,1.0,2026-08-02 13:15:23,8,8,Invierno
102932,DIMENHIDRINATO 50MG TAB CJAX100UND,PORTUGAL GENERICO,0.0,10.0,1.0,2026-08-02 13:47:22,19,8,Invierno
102932,DIMENHIDRINATO 50MG TAB CJAX100UND,PORTUGAL GENERICO,0.0,10.0,1.0,2026-08-02 20:58:15,19,8,Invierno
102932,DIMENHIDRINATO 50MG TAB CJAX100UND,PORTUGAL GENERICO,0.0,10.0,1.0,2026-08-03 07:17:52,4,8,Invierno
102932,DIMENHIDRINATO 50MG TAB CJAX100UND,PORTUGAL GENERICO,0.0,10.0,1.0,2026-08-03 14:50:28,5,8,Invierno
102932,DIMENHIDRINATO 50MG TAB CJAX100UND,PORTUGAL GENERICO,0.0,10.0,1.0,2026-08-03 16:40:49,5,8,Invierno
102932,DIMENHIDRINATO 50MG TAB CJAX100UND,PORTUGAL GENERICO,0.0,20.0,2.0,2026-08-03 19:26:51,12,8,Invierno
102932,DIMENHIDRINATO 50MG TAB CJAX100UND,PORTUGAL GENERICO,0.0,10.0,1.0,2026-08-03 20:38:31,19,8,Invierno
102932,DIMENHIDRINATO 50MG TAB CJAX100UND,PORTUGAL GENERICO,0.0,10.0,1.0,2026-08-04 09:41:08,17,8,Invierno
102932,DIMENHIDRINATO 50MG TAB CJAX100UND,PORTUGAL GENERICO,0.0,10.0,1.0,2026-08-04 14:34:51,14,8,Invierno
102932,DIMENHIDRINATO 50MG TAB CJAX100UND,PORTUGAL GENERICO,0.0,10.0,1.0,2026-08-04 14:55:42,4,8,Invierno
102932,DIMENHIDRINATO 50MG TAB CJAX100UND,PORTUGAL GENERICO,0.0,10.0,1.0,2026-08-04 15:01:50,19,8,Invierno
102932,DIMENHIDRINATO 50MG TAB CJAX100UND,PORTUGAL GENERICO,0.0,10.0,1.0,2026-08-04 18:36:39,8,8,Invierno
102932,DIMENHIDRINATO 50MG TAB CJAX100UND,PORTUGAL GENERICO,0.0,20.0,2.0,2026-08-04 19:41:48,8,8,Invierno
102932,DIMENHIDRINATO 50MG TAB CJAX100UND,PORTUGAL GENERICO,0.0,10.0,1.0,2026-08-04 21:32:39,10,8,Invierno
102932,DIMENHIDRINATO 50MG TAB CJAX100UND,PORTUGAL GENERICO,0.0,10.0,1.0,2026-08-05 08:56:19,3,8,Invierno
102932,DIMENHIDRINATO 50MG TAB CJAX100UND,PORTUGAL GENERICO,0.0,20.0,2.0,2026-08-05 16:37:48,4,8,Invierno
102932,DIMENHIDRINATO 50MG TAB CJAX100UND,PORTUGAL GENERICO,0.0,10.0,1.0,2026-08-05 17:53:24,3,8,Invierno
102932,DIMENHIDRINATO 50MG TAB CJAX100UND,PORTUGAL GENERICO,0.0,10.0,1.0,2026-08-06 18:28:54,1,8,Invierno
102932,DIMENHIDRINATO 50MG TAB CJAX100UND,PORTUGAL GENERICO,0.0,10.0,1.0,2026-08-06 20:13:18,9,8,Invierno
102932,DIMENHIDRINATO 50MG TAB CJAX100UND,PORTUGAL GENERICO,0.0,10.0,1.0,2026-08-06 20:26:16,12,8,Invierno
102932,DIMENHIDRINATO 50MG TAB CJAX100UND,PORTUGAL GENERICO,0.0,10.0,1.0,2026-08-07 12:27:17,16,8,Invierno
102932,DIMENHIDRINATO 50MG TAB CJAX100UND,PORTUGAL GENERICO,0.0,20.0,2.0,2026-08-07 15:50:39,3,8,Invierno
102932,DIMENHIDRINATO 50MG TAB CJAX100UND,PORTUGAL GENERICO,0.0,60.0,6.0,2026-08-07 18:30:31,10,8,Invierno
102932,DIMENHIDRINATO 50MG TAB CJAX100UND,PORTUGAL GENERICO,0.0,10.0,1.0,2026-08-08 07:51:47,15,8,Invierno
102932,DIMENHIDRINATO 50MG TAB CJAX100UND,PORTUGAL GENERICO,0.0,10.0,1.0,2026-08-08 21:55:17,3,8,Invierno
102932,DIMENHIDRINATO 50MG TAB CJAX100UND,PORTUGAL GENERICO,0.0,1.0,0.1,2026-08-09 08:54:11,1,8,Invierno
102932,DIMENHIDRINATO 50MG TAB CJAX100UND,PORTUGAL GENERICO,0.0,10.0,1.0,2026-08-09 19:16:04,8,8,Invierno
102932,DIMENHIDRINATO 50MG TAB CJAX100UND,PORTUGAL GENERICO,0.0,20.0,2.0,2026-08-09 19:22:58,1,8,Invierno
102932,DIMENHIDRINATO 50MG TAB CJAX100UND,PORTUGAL GENERICO,0.0,10.0,1.0,2026-08-09 19:26:31,1,8,Invierno
102932,DIMENHIDRINATO 50MG TAB CJAX100UND,PORTUGAL GENERICO,0.0,1.0,0.1,2026-08-10 07:23:05,1,8,Invierno
