codpro,prod,tipo,cantidad,unidades,total,fecdoc,sucursal,mes,estacion
101410,ENALAPRIL 10MGX140TAB,FARM.GENERICOS,0.0,20.0,1.4,2024-01-02 10:32:25,6,1,Verano
101410,ENALAPRIL 10MGX140TAB,FARM.GENERICOS,0.0,100.0,7.0,2024-01-02 21:04:48,2,1,Verano
101410,ENALAPRIL 10MGX140TAB,FARM.GENERICOS,0.0,10.0,0.7,2024-01-03 11:30:53,6,1,Verano
101410,ENALAPRIL 10MGX140TAB,FARM.GENERICOS,0.0,10.0,0.7,2024-01-03 17:07:05,9,1,Verano
101410,ENALAPRIL 10MGX140TAB,FARM.GENERICOS,1.0,0.0,9.8,2024-01-03 18:12:39,2,1,Verano
101410,ENALAPRIL 10MGX140TAB,FARM.GENERICOS,0.0,60.0,4.2,2024-01-03 19:18:43,8,1,Verano
101410,ENALAPRIL 10MGX140TAB,FARM.GENERICOS,0.0,60.0,4.2,2024-01-03 20:47:01,1,1,Verano
101410,ENALAPRIL 10MGX140TAB,FARM.GENERICOS,0.0,20.0,1.4,2024-01-04 09:56:59,10,1,Verano
101410,ENALAPRIL 10MGX140TAB,FARM.GENERICOS,0.0,20.0,1.4,2024-01-04 12:45:09,1,1,Verano
101410,ENALAPRIL 10MGX140TAB,FARM.GENERICOS,1.0,0.0,9.8,2024-01-04 14:26:05,1,1,Verano
101410,ENALAPRIL 10MGX140TAB,FARM.GENERICOS,0.0,10.0,0.7,2024-01-04 16:23:57,8,1,Verano
101410,ENALAPRIL 10MGX140TAB,FARM.GENERICOS,0.0,10.0,0.7,2024-01-05 20:07:23,9,1,Verano
101410,ENALAPRIL 10MGX140TAB,FARM.GENERICOS,0.0,50.0,3.5,2024-01-06 16:18:27,7,1,Verano
101410,ENALAPRIL 10MGX140TAB,FARM.GENERICOS,0.0,10.0,0.7,2024-01-07 09:59:39,9,1,Verano
101410,ENALAPRIL 10MGX140TAB,FARM.GENERICOS,0.0,30.0,2.1,2024-01-08 11:25:08,9,1,Verano
101410,ENALAPRIL 10MGX140TAB,FARM.GENERICOS,0.0,10.0,0.7,2024-01-08 14:43:56,2,1,Verano
101410,ENALAPRIL 10MGX140TAB,FARM.GENERICOS,0.0,140.0,9.8,2024-01-08 18:33:21,4,1,Verano
101410,ENALAPRIL 10MGX140TAB,FARM.GENERICOS,0.0,10.0,0.7,2024-01-09 08:53:52,6,1,Verano
101410,ENALAPRIL 10MGX140TAB,FARM.GENERICOS,0.0,20.0,1.4,2024-01-09 17:59:41,8,1,Verano
101410,ENALAPRIL 10MGX140TAB,FARM.GENERICOS,0.0,130.0,9.1,2024-01-09 20:32:26,4,1,Verano
101410,ENALAPRIL 10MGX140TAB,FARM.GENERICOS,0.0,20.0,1.4,2024-01-09 20:40:56,8,1,Verano
101410,ENALAPRIL 10MGX140TAB,FARM.GENERICOS,0.0,97.0,6.79,2024-01-10 21:03:44,2,1,Verano
101410,ENALAPRIL 10MGX140TAB,FARM.GENERICOS,0.0,30.0,2.1,2024-01-12 11:10:49,10,1,Verano
101410,ENALAPRIL 10MGX140TAB,FARM.GENERICOS,0.0,20.0,1.4,2024-01-12 19:42:55,8,1,Verano
101410,ENALAPRIL 10MGX140TAB,FARM.GENERICOS,0.0,20.0,1.4,2024-01-12 19:48:49,1,1,Verano
101410,ENALAPRIL 10MGX140TAB,FARM.GENERICOS,0.0,10.0,0.7,2024-01-13 08:08:53,6,1,Verano
101410,ENALAPRIL 10MGX140TAB,FARM.GENERICOS,0.0,20.0,1.4,2024-01-13 10:39:09,1,1,Verano
101410,ENALAPRIL 10MGX140TAB,FARM.GENERICOS,0.0,20.0,1.4,2024-01-13 18:01:29,1,1,Verano
101410,ENALAPRIL 10MGX140TAB,FARM.GENERICOS,0.0,20.0,1.4,2024-01-14 18:17:21,9,1,Verano
101410,ENALAPRIL 10MGX140TAB,FARM.GENERICOS,1.0,0.0,9.8,2024-01-15 14:06:57,1,1,Verano
101410,ENALAPRIL 10MGX140TAB,FARM.GENERICOS,0.0,13.0,0.91,2024-01-17 19:20:51,3,1,Verano
101410,ENALAPRIL 10MGX140TAB,FARM.GENERICOS,0.0,20.0,1.4,2024-01-17 20:59:00,2,1,Verano
101410,ENALAPRIL 10MGX140TAB,FARM.GENERICOS,0.0,20.0,1.4,2024-01-18 16:13:27,3,1,Verano
101410,ENALAPRIL 10MGX140TAB,FARM.GENERICOS,0.0,10.0,0.7,2024-01-18 18:08:51,1,1,Verano
101410,ENALAPRIL 10MGX140TAB,FARM.GENERICOS,0.0,20.0,1.4,2024-01-19 20:07:25,2,1,Verano
101410,ENALAPRIL 10MGX140TAB,FARM.GENERICOS,0.0,10.0,0.7,2024-01-20 07:51:23,6,1,Verano
101410,ENALAPRIL 10MGX140TAB,FARM.GENERICOS,0.0,20.0,1.4,2024-01-20 11:49:37,6,1,Verano
101410,ENALAPRIL 10MGX140TAB,FARM.GENERICOS,0.0,-10.0,-0.7,2024-01-20 12:00:00,1,1,Verano
101410,ENALAPRIL 10MGX140TAB,FARM.GENERICOS,0.0,10.0,0.7,2024-01-20 20:42:26,1,1,Verano
101410,ENALAPRIL 10MGX140TAB,FARM.GENERICOS,0.0,10.0,0.7,2024-01-20 20:47:00,1,1,Verano
101410,ENALAPRIL 10MGX140TAB,FARM.GENERICOS,0.0,1.0,0.07,2024-01-21 11:45:53,10,1,Verano
101410,ENALAPRIL 10MGX140TAB,FARM.GENERICOS,0.0,10.0,0.7,2024-01-22 12:50:55,4,1,Verano
101410,ENALAPRIL 10MGX140TAB,FARM.GENERICOS,0.0,10.0,0.7,2024-01-23 09:00:08,6,1,Verano
101410,ENALAPRIL 10MGX140TAB,FARM.GENERICOS,0.0,20.0,1.4,2024-01-23 17:05:19,10,1,Verano
101410,ENALAPRIL 10MGX140TAB,FARM.GENERICOS,0.0,10.0,0.7,2024-01-24 08:08:53,5,1,Verano
101410,ENALAPRIL 10MGX140TAB,FARM.GENERICOS,0.0,10.0,0.7,2024-01-24 20:13:43,9,1,Verano
101410,ENALAPRIL 10MGX140TAB,FARM.GENERICOS,0.0,10.0,0.7,2024-01-25 11:14:49,3,1,Verano
101410,ENALAPRIL 10MGX140TAB,FARM.GENERICOS,0.0,20.0,1.4,2024-01-27 16:09:53,10,1,Verano
101410,ENALAPRIL 10MGX140TAB,FARM.GENERICOS,1.0,0.0,9.8,2024-01-29 09:53:38,2,1,Verano
101410,ENALAPRIL 10MGX140TAB,FARM.GENERICOS,0.0,80.0,5.6,2024-01-29 12:25:56,9,1,Verano
101410,ENALAPRIL 10MGX140TAB,FARM.GENERICOS,0.0,60.0,4.2,2024-01-29 17:38:07,3,1,Verano
101410,ENALAPRIL 10MGX140TAB,FARM.GENERICOS,0.0,30.0,2.1,2024-01-29 19:36:17,2,1,Verano
101410,ENALAPRIL 10MGX140TAB,FARM.GENERICOS,0.0,20.0,1.4,2024-01-29 21:29:33,5,1,Verano
101410,ENALAPRIL 10MGX140TAB,FARM.GENERICOS,0.0,10.0,0.7,2024-01-30 11:31:52,7,1,Verano
101410,ENALAPRIL 10MGX140TAB,FARM.GENERICOS,0.0,10.0,0.7,2024-01-31 08:38:40,10,1,Verano
101410,ENALAPRIL 10MGX140TAB,FARM.GENERICOS,0.0,10.0,0.7,2024-02-01 08:41:01,6,2,Verano
101410,ENALAPRIL 10MGX140TAB,FARM.GENERICOS,0.0,10.0,0.7,2024-02-01 10:27:49,4,2,Verano
101410,ENALAPRIL 10MGX140TAB,FARM.GENERICOS,0.0,20.0,1.4,2024-02-01 22:19:14,4,2,Verano
101410,ENALAPRIL 10MGX140TAB,FARM.GENERICOS,0.0,10.0,0.7,2024-02-02 11:21:16,9,2,Verano
101410,ENALAPRIL 10MGX140TAB,FARM.GENERICOS,0.0,20.0,1.4,2024-02-02 12:55:28,9,2,Verano
101410,ENALAPRIL 10MGX140TAB,FARM.GENERICOS,1.0,0.0,9.8,2024-02-02 21:59:03,4,2,Verano
101410,ENALAPRIL 10MGX140TAB,FARM.GENERICOS,0.0,10.0,0.7,2024-02-03 12:26:18,6,2,Verano
101410,ENALAPRIL 10MGX140TAB,FARM.GENERICOS,0.0,10.0,0.7,2024-02-04 09:02:20,5,2,Verano
101410,ENALAPRIL 10MGX140TAB,FARM.GENERICOS,0.0,10.0,0.7,2024-02-04 10:17:45,9,2,Verano
101410,ENALAPRIL 10MGX140TAB,FARM.GENERICOS,0.0,10.0,0.7,2024-02-04 15:21:10,10,2,Verano
101410,ENALAPRIL 10MGX140TAB,FARM.GENERICOS,0.0,40.0,2.8,2024-02-04 20:19:08,1,2,Verano
101410,ENALAPRIL 10MGX140TAB,FARM.GENERICOS,0.0,100.0,7.0,2024-02-04 20:53:49,4,2,Verano
101410,ENALAPRIL 10MGX140TAB,FARM.GENERICOS,1.0,0.0,9.8,2024-02-04 20:53:49,4,2,Verano
101410,ENALAPRIL 10MGX140TAB,FARM.GENERICOS,0.0,40.0,2.8,2024-02-05 10:00:24,9,2,Verano
101410,ENALAPRIL 10MGX140TAB,FARM.GENERICOS,1.0,0.0,9.8,2024-02-05 11:16:46,1,2,Verano
101410,ENALAPRIL 10MGX140TAB,FARM.GENERICOS,1.0,0.0,9.8,2024-02-05 11:55:55,1,2,Verano
101410,ENALAPRIL 10MGX140TAB,FARM.GENERICOS,0.0,10.0,0.7,2024-02-05 19:32:29,7,2,Verano
101410,ENALAPRIL 10MGX140TAB,FARM.GENERICOS,0.0,10.0,0.7,2024-02-05 22:43:04,5,2,Verano
101410,ENALAPRIL 10MGX140TAB,FARM.GENERICOS,0.0,10.0,0.7,2024-02-06 08:04:00,6,2,Verano
101410,ENALAPRIL 10MGX140TAB,FARM.GENERICOS,0.0,60.0,4.2,2024-02-06 11:56:19,8,2,Verano
101410,ENALAPRIL 10MGX140TAB,FARM.GENERICOS,0.0,15.0,1.05,2024-02-07 19:46:07,6,2,Verano
101410,ENALAPRIL 10MGX140TAB,FARM.GENERICOS,1.0,0.0,9.8,2024-02-08 17:23:57,10,2,Verano
101410,ENALAPRIL 10MGX140TAB,FARM.GENERICOS,0.0,1.0,0.07,2024-02-09 17:32:31,2,2,Verano
101410,ENALAPRIL 10MGX140TAB,FARM.GENERICOS,0.0,60.0,4.2,2024-02-10 08:12:15,2,2,Verano
101410,ENALAPRIL 10MGX140TAB,FARM.GENERICOS,0.0,20.0,1.4,2024-02-11 08:29:45,2,2,Verano
101410,ENALAPRIL 10MGX140TAB,FARM.GENERICOS,0.0,10.0,0.7,2024-02-11 12:38:53,6,2,Verano
101410,ENALAPRIL 10MGX140TAB,FARM.GENERICOS,0.0,14.0,0.98,2024-02-12 09:41:13,6,2,Verano
101410,ENALAPRIL 10MGX140TAB,FARM.GENERICOS,0.0,14.0,0.98,2024-02-13 08:28:24,6,2,Verano
101410,ENALAPRIL 10MGX140TAB,FARM.GENERICOS,0.0,10.0,0.7,2024-02-13 19:07:45,3,2,Verano
101410,ENALAPRIL 10MGX140TAB,FARM.GENERICOS,0.0,40.0,2.8,2024-02-14 19:13:41,10,2,Verano
101410,ENALAPRIL 10MGX140TAB,FARM.GENERICOS,0.0,10.0,0.7,2024-02-14 21:54:09,5,2,Verano
101410,ENALAPRIL 10MGX140TAB,FARM.GENERICOS,0.0,10.0,0.7,2024-02-17 20:21:04,2,2,Verano
101410,ENALAPRIL 10MGX140TAB,FARM.GENERICOS,0.0,7.0,0.49,2024-02-17 21:54:13,7,2,Verano
101410,ENALAPRIL 10MGX140TAB,FARM.GENERICOS,0.0,40.0,2.8,2024-02-18 09:34:03,9,2,Verano
101410,ENALAPRIL 10MGX140TAB,FARM.GENERICOS,0.0,10.0,0.7,2024-02-18 18:10:12,3,2,Verano
101410,ENALAPRIL 10MGX140TAB,FARM.GENERICOS,1.0,0.0,9.8,2024-02-20 18:58:07,7,2,Verano
101410,ENALAPRIL 10MGX140TAB,FARM.GENERICOS,0.0,10.0,0.7,2024-02-20 20:45:00,5,2,Verano
101410,ENALAPRIL 10MGX140TAB,FARM.GENERICOS,0.0,20.0,1.4,2024-02-22 15:42:07,5,2,Verano
101410,ENALAPRIL 10MGX140TAB,FARM.GENERICOS,0.0,11.0,0.77,2024-02-22 19:04:01,6,2,Verano
101410,ENALAPRIL 10MGX140TAB,FARM.GENERICOS,1.0,0.0,9.8,2024-02-23 17:39:50,10,2,Verano
101410,ENALAPRIL 10MGX140TAB,FARM.GENERICOS,0.0,10.0,0.7,2024-02-26 19:56:16,7,2,Verano
101410,ENALAPRIL 10MGX140TAB,FARM.GENERICOS,0.0,20.0,1.4,2024-02-27 19:09:55,11,2,Verano
101410,ENALAPRIL 10MGX140TAB,FARM.GENERICOS,0.0,10.0,0.7,2024-02-27 20:27:55,1,2,Verano
101410,ENALAPRIL 10MGX140TAB,FARM.GENERICOS,0.0,20.0,1.4,2024-02-28 17:54:37,8,2,Verano
101410,ENALAPRIL 10MGX140TAB,FARM.GENERICOS,0.0,30.0,2.1,2024-02-29 15:32:22,9,2,Verano
101410,ENALAPRIL 10MGX140TAB,FARM.GENERICOS,0.0,30.0,2.1,2024-02-29 17:54:36,1,2,Verano
101410,ENALAPRIL 10MGX140TAB,FARM.GENERICOS,0.0,10.0,0.7,2024-02-29 19:18:02,7,2,Verano
101410,ENALAPRIL 10MGX140TAB,FARM.GENERICOS,0.0,30.0,2.1,2024-02-29 19:35:12,11,2,Verano
101410,ENALAPRIL 10MGX140TAB,FARM.GENERICOS,0.0,10.0,0.7,2024-02-29 20:23:12,7,2,Verano
101410,ENALAPRIL 10MGX140TAB,FARM.GENERICOS,1.0,0.0,9.8,2024-03-01 14:09:23,10,3,Otoño
101410,ENALAPRIL 10MGX140TAB,FARM.GENERICOS,1.0,0.0,9.8,2024-03-01 18:02:38,11,3,Otoño
101410,ENALAPRIL 10MGX140TAB,FARM.GENERICOS,0.0,20.0,1.4,2024-03-01 20:25:25,4,3,Otoño
101410,ENALAPRIL 10MGX140TAB,FARM.GENERICOS,0.0,40.0,2.8,2024-03-02 17:10:19,9,3,Otoño
101410,ENALAPRIL 10MGX140TAB,FARM.GENERICOS,0.0,2.0,0.2,2024-03-03 10:36:42,7,3,Otoño
101410,ENALAPRIL 10MGX140TAB,FARM.GENERICOS,0.0,10.0,1.0,2024-03-05 10:17:42,7,3,Otoño
101410,ENALAPRIL 10MGX140TAB,FARM.GENERICOS,0.0,10.0,1.0,2024-03-05 19:29:44,7,3,Otoño
101410,ENALAPRIL 10MGX140TAB,FARM.GENERICOS,0.0,10.0,1.0,2024-03-05 20:46:27,11,3,Otoño
101410,ENALAPRIL 10MGX140TAB,FARM.GENERICOS,0.0,20.0,2.0,2024-03-07 20:44:43,11,3,Otoño
101410,ENALAPRIL 10MGX140TAB,FARM.GENERICOS,1.0,0.0,11.5,2024-03-07 21:20:16,10,3,Otoño
101410,ENALAPRIL 10MGX140TAB,FARM.GENERICOS,0.0,10.0,1.0,2024-03-08 18:29:59,9,3,Otoño
101410,ENALAPRIL 10MGX140TAB,FARM.GENERICOS,0.0,10.0,1.0,2024-03-09 13:05:40,3,3,Otoño
101410,ENALAPRIL 10MGX140TAB,FARM.GENERICOS,1.0,0.0,11.5,2024-03-09 18:12:32,3,3,Otoño
101410,ENALAPRIL 10MGX140TAB,FARM.GENERICOS,1.0,0.0,11.5,2024-03-09 19:22:04,2,3,Otoño
101410,ENALAPRIL 10MGX140TAB,FARM.GENERICOS,0.0,109.0,10.9,2024-03-10 09:47:18,10,3,Otoño
101410,ENALAPRIL 10MGX140TAB,FARM.GENERICOS,0.0,10.0,1.0,2024-03-10 12:04:20,9,3,Otoño
101410,ENALAPRIL 10MGX140TAB,FARM.GENERICOS,0.0,20.0,2.0,2024-03-11 08:34:02,6,3,Otoño
101410,ENALAPRIL 10MGX140TAB,FARM.GENERICOS,1.0,0.0,11.5,2024-03-11 20:11:17,10,3,Otoño
101410,ENALAPRIL 10MGX140TAB,FARM.GENERICOS,0.0,40.0,4.0,2024-03-12 20:18:53,6,3,Otoño
101410,ENALAPRIL 10MGX140TAB,FARM.GENERICOS,0.0,20.0,2.0,2024-03-13 11:44:33,1,3,Otoño
101410,ENALAPRIL 10MGX140TAB,FARM.GENERICOS,0.0,20.0,2.0,2024-03-14 10:02:48,11,3,Otoño
101410,ENALAPRIL 10MGX140TAB,FARM.GENERICOS,0.0,10.0,1.0,2024-03-14 13:43:34,1,3,Otoño
101410,ENALAPRIL 10MGX140TAB,FARM.GENERICOS,0.0,10.0,1.0,2024-03-14 19:45:38,7,3,Otoño
101410,ENALAPRIL 10MGX140TAB,FARM.GENERICOS,0.0,140.0,14.0,2024-03-15 19:29:19,2,3,Otoño
101410,ENALAPRIL 10MGX140TAB,FARM.GENERICOS,0.0,10.0,1.0,2024-03-16 10:51:46,1,3,Otoño
101410,ENALAPRIL 10MGX140TAB,FARM.GENERICOS,0.0,10.0,1.0,2024-03-16 17:41:57,4,3,Otoño
101410,ENALAPRIL 10MGX140TAB,FARM.GENERICOS,0.0,20.0,2.0,2024-03-16 19:54:54,11,3,Otoño
101410,ENALAPRIL 10MGX140TAB,FARM.GENERICOS,0.0,10.0,1.0,2024-03-18 08:50:26,2,3,Otoño
101410,ENALAPRIL 10MGX140TAB,FARM.GENERICOS,0.0,10.0,1.0,2024-03-18 18:15:07,5,3,Otoño
101410,ENALAPRIL 10MGX140TAB,FARM.GENERICOS,1.0,0.0,11.5,2024-03-20 10:03:50,9,3,Otoño
101410,ENALAPRIL 10MGX140TAB,FARM.GENERICOS,0.0,20.0,2.0,2024-03-20 11:08:18,6,3,Otoño
101410,ENALAPRIL 10MGX140TAB,FARM.GENERICOS,0.0,20.0,2.0,2024-03-20 19:07:36,11,3,Otoño
101410,ENALAPRIL 10MGX140TAB,FARM.GENERICOS,0.0,10.0,1.0,2024-03-21 12:24:11,6,3,Otoño
101410,ENALAPRIL 10MGX140TAB,FARM.GENERICOS,0.0,20.0,2.0,2024-03-21 18:28:14,1,3,Otoño
101410,ENALAPRIL 10MGX140TAB,FARM.GENERICOS,0.0,20.0,2.0,2024-03-21 21:34:45,4,3,Otoño
101410,ENALAPRIL 10MGX140TAB,FARM.GENERICOS,1.0,0.0,11.5,2024-03-22 10:33:52,3,3,Otoño
101410,ENALAPRIL 10MGX140TAB,FARM.GENERICOS,0.0,10.0,1.0,2024-03-23 19:46:11,11,3,Otoño
101410,ENALAPRIL 10MGX140TAB,FARM.GENERICOS,0.0,50.0,5.0,2024-03-24 19:59:25,7,3,Otoño
101410,ENALAPRIL 10MGX140TAB,FARM.GENERICOS,0.0,30.0,3.0,2024-03-25 18:02:56,1,3,Otoño
101410,ENALAPRIL 10MGX140TAB,FARM.GENERICOS,0.0,10.0,1.0,2024-03-26 07:27:39,4,3,Otoño
101410,ENALAPRIL 10MGX140TAB,FARM.GENERICOS,0.0,10.0,1.0,2024-03-27 09:53:00,4,3,Otoño
101410,ENALAPRIL 10MGX140TAB,FARM.GENERICOS,0.0,10.0,1.0,2024-03-27 18:37:28,12,3,Otoño
101410,ENALAPRIL 10MGX140TAB,FARM.GENERICOS,0.0,5.0,0.5,2024-03-28 09:17:42,6,3,Otoño
101410,ENALAPRIL 10MGX140TAB,FARM.GENERICOS,0.0,30.0,3.0,2024-03-28 18:38:09,3,3,Otoño
101410,ENALAPRIL 10MGX140TAB,FARM.GENERICOS,0.0,3.0,0.3,2024-03-29 19:46:43,11,3,Otoño
101410,ENALAPRIL 10MGX140TAB,FARM.GENERICOS,0.0,10.0,1.0,2024-03-29 21:01:02,7,3,Otoño
101410,ENALAPRIL 10MGX140TAB,FARM.GENERICOS,0.0,10.0,1.0,2024-03-30 13:03:53,11,3,Otoño
101410,ENALAPRIL 10MGX140TAB,FARM.GENERICOS,0.0,10.0,1.0,2024-03-30 19:22:13,9,3,Otoño
101410,ENALAPRIL 10MGX140TAB,FARM.GENERICOS,0.0,10.0,1.0,2024-04-01 14:18:04,2,4,Otoño
101410,ENALAPRIL 10MGX140TAB,FARM.GENERICOS,0.0,10.0,1.0,2024-04-01 19:37:10,7,4,Otoño
101410,ENALAPRIL 10MGX140TAB,FARM.GENERICOS,1.0,0.0,11.5,2024-04-02 12:17:31,10,4,Otoño
101410,ENALAPRIL 10MGX140TAB,FARM.GENERICOS,0.0,20.0,2.0,2024-04-02 17:12:24,7,4,Otoño
101410,ENALAPRIL 10MGX140TAB,FARM.GENERICOS,0.0,10.0,1.0,2024-04-02 20:05:14,11,4,Otoño
101410,ENALAPRIL 10MGX140TAB,FARM.GENERICOS,0.0,20.0,2.0,2024-04-02 21:06:04,5,4,Otoño
101410,ENALAPRIL 10MGX140TAB,FARM.GENERICOS,0.0,20.0,2.0,2024-04-04 15:13:53,1,4,Otoño
101410,ENALAPRIL 10MGX140TAB,FARM.GENERICOS,0.0,10.0,1.0,2024-04-04 19:09:47,5,4,Otoño
101410,ENALAPRIL 10MGX140TAB,FARM.GENERICOS,0.0,20.0,2.0,2024-04-04 20:23:45,6,4,Otoño
101410,ENALAPRIL 10MGX140TAB,FARM.GENERICOS,0.0,10.0,1.0,2024-04-04 22:35:09,4,4,Otoño
101410,ENALAPRIL 10MGX140TAB,FARM.GENERICOS,1.0,0.0,11.5,2024-04-06 11:56:42,11,4,Otoño
101410,ENALAPRIL 10MGX140TAB,FARM.GENERICOS,0.0,50.0,5.0,2024-04-06 19:19:19,5,4,Otoño
101410,ENALAPRIL 10MGX140TAB,FARM.GENERICOS,0.0,30.0,3.0,2024-04-07 09:34:44,2,4,Otoño
101410,ENALAPRIL 10MGX140TAB,FARM.GENERICOS,0.0,10.0,1.0,2024-04-07 17:25:48,1,4,Otoño
101410,ENALAPRIL 10MGX140TAB,FARM.GENERICOS,0.0,10.0,1.0,2024-04-07 21:03:06,5,4,Otoño
101410,ENALAPRIL 10MGX140TAB,FARM.GENERICOS,0.0,10.0,1.0,2024-04-08 18:28:01,12,4,Otoño
101410,ENALAPRIL 10MGX140TAB,FARM.GENERICOS,1.0,0.0,11.5,2024-04-08 18:55:42,12,4,Otoño
101410,ENALAPRIL 10MGX140TAB,FARM.GENERICOS,0.0,10.0,1.0,2024-04-09 14:56:28,7,4,Otoño
101410,ENALAPRIL 10MGX140TAB,FARM.GENERICOS,0.0,10.0,1.0,2024-04-10 20:03:18,12,4,Otoño
101410,ENALAPRIL 10MGX140TAB,FARM.GENERICOS,0.0,20.0,2.0,2024-04-11 18:19:08,2,4,Otoño
101410,ENALAPRIL 10MGX140TAB,FARM.GENERICOS,0.0,50.0,5.0,2024-04-11 18:55:25,1,4,Otoño
101410,ENALAPRIL 10MGX140TAB,FARM.GENERICOS,0.0,20.0,2.0,2024-04-12 09:47:29,11,4,Otoño
101410,ENALAPRIL 10MGX140TAB,FARM.GENERICOS,0.0,120.0,12.0,2024-04-13 09:40:00,5,4,Otoño
101410,ENALAPRIL 10MGX140TAB,FARM.GENERICOS,0.0,30.0,3.0,2024-04-13 12:21:00,9,4,Otoño
101410,ENALAPRIL 10MGX140TAB,FARM.GENERICOS,1.0,0.0,11.5,2024-04-13 18:44:19,1,4,Otoño
101410,ENALAPRIL 10MGX140TAB,FARM.GENERICOS,0.0,50.0,5.0,2024-04-14 19:28:42,9,4,Otoño
101410,ENALAPRIL 10MGX140TAB,FARM.GENERICOS,0.0,10.0,1.0,2024-04-14 21:01:36,1,4,Otoño
101410,ENALAPRIL 10MGX140TAB,FARM.GENERICOS,0.0,20.0,2.0,2024-04-15 10:47:28,2,4,Otoño
101410,ENALAPRIL 10MGX140TAB,FARM.GENERICOS,0.0,20.0,2.0,2024-04-15 13:33:11,10,4,Otoño
101410,ENALAPRIL 10MGX140TAB,FARM.GENERICOS,0.0,3.0,0.3,2024-04-15 19:54:47,11,4,Otoño
101410,ENALAPRIL 10MGX140TAB,FARM.GENERICOS,0.0,10.0,1.0,2024-04-16 09:00:27,12,4,Otoño
101410,ENALAPRIL 10MGX140TAB,FARM.GENERICOS,0.0,10.0,1.0,2024-04-16 17:06:08,7,4,Otoño
101410,ENALAPRIL 10MGX140TAB,FARM.GENERICOS,0.0,50.0,5.0,2024-04-16 17:21:18,4,4,Otoño
101410,ENALAPRIL 10MGX140TAB,FARM.GENERICOS,0.0,10.0,1.0,2024-04-16 18:16:31,12,4,Otoño
101410,ENALAPRIL 10MGX140TAB,FARM.GENERICOS,0.0,4.0,0.4,2024-04-16 19:06:09,11,4,Otoño
101410,ENALAPRIL 10MGX140TAB,FARM.GENERICOS,0.0,14.0,1.4,2024-04-17 11:37:46,11,4,Otoño
101410,ENALAPRIL 10MGX140TAB,FARM.GENERICOS,0.0,10.0,1.0,2024-04-18 11:16:25,10,4,Otoño
101410,ENALAPRIL 10MGX140TAB,FARM.GENERICOS,0.0,100.0,10.0,2024-04-18 19:27:23,9,4,Otoño
101410,ENALAPRIL 10MGX140TAB,FARM.GENERICOS,0.0,10.0,1.0,2024-04-19 16:25:52,11,4,Otoño
101410,ENALAPRIL 10MGX140TAB,FARM.GENERICOS,1.0,0.0,11.5,2024-04-19 17:52:37,1,4,Otoño
101410,ENALAPRIL 10MGX140TAB,FARM.GENERICOS,0.0,10.0,1.0,2024-04-19 18:32:10,12,4,Otoño
101410,ENALAPRIL 10MGX140TAB,FARM.GENERICOS,1.0,0.0,11.5,2024-04-19 18:52:16,2,4,Otoño
101410,ENALAPRIL 10MGX140TAB,FARM.GENERICOS,1.0,0.0,11.5,2024-04-20 08:11:20,5,4,Otoño
101410,ENALAPRIL 10MGX140TAB,FARM.GENERICOS,0.0,20.0,2.0,2024-04-20 22:19:16,4,4,Otoño
101410,ENALAPRIL 10MGX140TAB,FARM.GENERICOS,0.0,10.0,1.0,2024-04-21 17:35:30,2,4,Otoño
101410,ENALAPRIL 10MGX140TAB,FARM.GENERICOS,0.0,10.0,1.0,2024-04-22 16:05:03,11,4,Otoño
101410,ENALAPRIL 10MGX140TAB,FARM.GENERICOS,0.0,20.0,2.0,2024-04-23 16:37:00,7,4,Otoño
101410,ENALAPRIL 10MGX140TAB,FARM.GENERICOS,0.0,20.0,2.0,2024-04-23 18:49:05,11,4,Otoño
101410,ENALAPRIL 10MGX140TAB,FARM.GENERICOS,0.0,20.0,2.0,2024-04-23 23:07:08,4,4,Otoño
101410,ENALAPRIL 10MGX140TAB,FARM.GENERICOS,0.0,10.0,1.0,2024-04-24 11:23:18,3,4,Otoño
101410,ENALAPRIL 10MGX140TAB,FARM.GENERICOS,1.0,0.0,11.5,2024-04-24 16:55:32,2,4,Otoño
101410,ENALAPRIL 10MGX140TAB,FARM.GENERICOS,0.0,10.0,1.0,2024-04-24 17:15:13,5,4,Otoño
101410,ENALAPRIL 10MGX140TAB,FARM.GENERICOS,0.0,30.0,3.0,2024-04-25 12:17:00,12,4,Otoño
101410,ENALAPRIL 10MGX140TAB,FARM.GENERICOS,0.0,20.0,2.0,2024-04-25 20:51:37,2,4,Otoño
101410,ENALAPRIL 10MGX140TAB,FARM.GENERICOS,0.0,10.0,1.0,2024-04-26 08:54:35,6,4,Otoño
101410,ENALAPRIL 10MGX140TAB,FARM.GENERICOS,0.0,30.0,3.0,2024-04-26 13:02:18,12,4,Otoño
101410,ENALAPRIL 10MGX140TAB,FARM.GENERICOS,0.0,20.0,2.0,2024-04-26 16:01:42,6,4,Otoño
101410,ENALAPRIL 10MGX140TAB,FARM.GENERICOS,0.0,10.0,1.0,2024-04-28 08:52:52,5,4,Otoño
101410,ENALAPRIL 10MGX140TAB,FARM.GENERICOS,0.0,10.0,1.0,2024-04-29 12:22:32,6,4,Otoño
101410,ENALAPRIL 10MGX140TAB,FARM.GENERICOS,0.0,20.0,2.0,2024-04-29 19:33:25,7,4,Otoño
101410,ENALAPRIL 10MGX140TAB,FARM.GENERICOS,0.0,40.0,4.0,2024-04-29 23:36:22,4,4,Otoño
101410,ENALAPRIL 10MGX140TAB,FARM.GENERICOS,0.0,10.0,1.0,2024-04-30 16:16:49,7,4,Otoño
101410,ENALAPRIL 10MGX140TAB,FARM.GENERICOS,0.0,10.0,1.0,2024-05-01 12:13:07,6,5,Otoño
101410,ENALAPRIL 10MGX140TAB,FARM.GENERICOS,0.0,9.0,0.9,2024-05-02 13:42:25,6,5,Otoño
101410,ENALAPRIL 10MGX140TAB,FARM.GENERICOS,0.0,10.0,1.0,2024-05-02 19:15:11,9,5,Otoño
101410,ENALAPRIL 10MGX140TAB,FARM.GENERICOS,0.0,10.0,1.0,2024-05-03 19:37:31,11,5,Otoño
101410,ENALAPRIL 10MGX140TAB,FARM.GENERICOS,1.0,0.0,10.92,2024-05-04 13:39:32,2,5,Otoño
101410,ENALAPRIL 10MGX140TAB,FARM.GENERICOS,1.0,0.0,11.5,2024-05-04 16:50:21,1,5,Otoño
101410,ENALAPRIL 10MGX140TAB,FARM.GENERICOS,0.0,10.0,1.0,2024-05-05 13:39:35,11,5,Otoño
101410,ENALAPRIL 10MGX140TAB,FARM.GENERICOS,0.0,20.0,2.0,2024-05-06 11:38:23,8,5,Otoño
101410,ENALAPRIL 10MGX140TAB,FARM.GENERICOS,1.0,0.0,11.5,2024-05-07 14:47:09,2,5,Otoño
101410,ENALAPRIL 10MGX140TAB,FARM.GENERICOS,0.0,20.0,2.0,2024-05-07 19:05:13,8,5,Otoño
101410,ENALAPRIL 10MGX140TAB,FARM.GENERICOS,0.0,120.0,12.0,2024-05-07 19:43:39,8,5,Otoño
101410,ENALAPRIL 10MGX140TAB,FARM.GENERICOS,0.0,20.0,2.0,2024-05-08 08:31:56,6,5,Otoño
101410,ENALAPRIL 10MGX140TAB,FARM.GENERICOS,0.0,20.0,2.0,2024-05-08 19:38:07,9,5,Otoño
101410,ENALAPRIL 10MGX140TAB,FARM.GENERICOS,0.0,10.0,1.0,2024-05-10 08:32:40,12,5,Otoño
101410,ENALAPRIL 10MGX140TAB,FARM.GENERICOS,0.0,10.0,1.0,2024-05-10 08:39:04,7,5,Otoño
101410,ENALAPRIL 10MGX140TAB,FARM.GENERICOS,0.0,10.0,1.0,2024-05-10 18:54:36,11,5,Otoño
101410,ENALAPRIL 10MGX140TAB,FARM.GENERICOS,0.0,10.0,1.0,2024-05-11 09:16:20,7,5,Otoño
101410,ENALAPRIL 10MGX140TAB,FARM.GENERICOS,0.0,10.0,1.0,2024-05-11 12:00:32,9,5,Otoño
101410,ENALAPRIL 10MGX140TAB,FARM.GENERICOS,1.0,0.0,11.5,2024-05-11 22:14:26,1,5,Otoño
101410,ENALAPRIL 10MGX140TAB,FARM.GENERICOS,0.0,20.0,2.0,2024-05-12 09:28:20,3,5,Otoño
101410,ENALAPRIL 10MGX140TAB,FARM.GENERICOS,1.0,0.0,11.5,2024-05-14 18:51:30,1,5,Otoño
101410,ENALAPRIL 10MGX140TAB,FARM.GENERICOS,0.0,10.0,1.0,2024-05-15 20:25:24,12,5,Otoño
101410,ENALAPRIL 10MGX140TAB,FARM.GENERICOS,0.0,20.0,2.0,2024-05-15 21:11:31,9,5,Otoño
101410,ENALAPRIL 10MGX140TAB,FARM.GENERICOS,0.0,20.0,2.0,2024-05-16 18:53:39,11,5,Otoño
101410,ENALAPRIL 10MGX140TAB,FARM.GENERICOS,0.0,20.0,2.0,2024-05-17 08:01:10,4,5,Otoño
101410,ENALAPRIL 10MGX140TAB,FARM.GENERICOS,0.0,10.0,1.0,2024-05-17 10:21:00,11,5,Otoño
101410,ENALAPRIL 10MGX140TAB,FARM.GENERICOS,0.0,20.0,2.0,2024-05-17 18:54:58,9,5,Otoño
101410,ENALAPRIL 10MGX140TAB,FARM.GENERICOS,0.0,40.0,4.0,2024-05-19 18:54:04,7,5,Otoño
101410,ENALAPRIL 10MGX140TAB,FARM.GENERICOS,0.0,10.0,1.0,2024-05-20 19:55:37,5,5,Otoño
101410,ENALAPRIL 10MGX140TAB,FARM.GENERICOS,0.0,10.0,1.0,2024-05-20 21:00:35,11,5,Otoño
101410,ENALAPRIL 10MGX140TAB,FARM.GENERICOS,0.0,10.0,1.0,2024-05-22 12:30:55,12,5,Otoño
101410,ENALAPRIL 10MGX140TAB,FARM.GENERICOS,0.0,5.0,0.5,2024-05-23 09:52:19,11,5,Otoño
101410,ENALAPRIL 10MGX140TAB,FARM.GENERICOS,1.0,0.0,11.5,2024-05-23 14:04:54,1,5,Otoño
101410,ENALAPRIL 10MGX140TAB,FARM.GENERICOS,0.0,20.0,2.0,2024-05-24 11:47:07,11,5,Otoño
101410,ENALAPRIL 10MGX140TAB,FARM.GENERICOS,0.0,10.0,1.0,2024-05-24 12:04:58,5,5,Otoño
101410,ENALAPRIL 10MGX140TAB,FARM.GENERICOS,0.0,10.0,1.0,2024-05-24 14:06:25,11,5,Otoño
101410,ENALAPRIL 10MGX140TAB,FARM.GENERICOS,1.0,0.0,11.5,2024-05-25 07:48:15,6,5,Otoño
101410,ENALAPRIL 10MGX140TAB,FARM.GENERICOS,0.0,40.0,4.0,2024-05-25 12:01:39,9,5,Otoño
101410,ENALAPRIL 10MGX140TAB,FARM.GENERICOS,0.0,50.0,5.0,2024-05-25 20:37:21,3,5,Otoño
101410,ENALAPRIL 10MGX140TAB,FARM.GENERICOS,0.0,20.0,2.0,2024-05-26 19:44:48,6,5,Otoño
101410,ENALAPRIL 10MGX140TAB,FARM.GENERICOS,0.0,50.0,5.0,2024-05-26 20:02:29,4,5,Otoño
101410,ENALAPRIL 10MGX140TAB,FARM.GENERICOS,0.0,10.0,1.0,2024-05-27 09:30:10,2,5,Otoño
101410,ENALAPRIL 10MGX140TAB,FARM.GENERICOS,0.0,10.0,1.0,2024-05-27 12:21:39,12,5,Otoño
101410,ENALAPRIL 10MGX140TAB,FARM.GENERICOS,0.0,101.0,10.1,2024-05-27 19:24:29,7,5,Otoño
101410,ENALAPRIL 10MGX140TAB,FARM.GENERICOS,0.0,10.0,1.0,2024-05-27 21:01:39,8,5,Otoño
101410,ENALAPRIL 10MGX140TAB,FARM.GENERICOS,0.0,50.0,5.0,2024-05-28 12:35:44,10,5,Otoño
101410,ENALAPRIL 10MGX140TAB,FARM.GENERICOS,0.0,40.0,4.0,2024-05-28 19:41:58,12,5,Otoño
101410,ENALAPRIL 10MGX140TAB,FARM.GENERICOS,0.0,20.0,2.0,2024-05-28 19:46:40,11,5,Otoño
101410,ENALAPRIL 10MGX140TAB,FARM.GENERICOS,0.0,10.0,1.0,2024-05-28 21:51:34,10,5,Otoño
101410,ENALAPRIL 10MG TAB CJAX140TAB,FARM.GENERICOS,0.0,20.0,2.0,2024-05-30 11:44:33,12,5,Otoño
101410,ENALAPRIL 10MGX140TAB,FARM.GENERICOS,0.0,70.0,7.0,2024-05-30 17:21:39,10,5,Otoño
101410,ENALAPRIL 10MG TAB CJAX140TAB,FARM.GENERICOS,0.0,10.0,1.0,2024-05-30 18:48:18,11,5,Otoño
101410,ENALAPRIL 10MGX140TAB,FARM.GENERICOS,1.0,0.0,11.5,2024-05-30 19:11:41,10,5,Otoño
101410,ENALAPRIL 10MG TAB CJAX140TAB,FARM.GENERICOS,0.0,30.0,3.0,2024-05-30 21:12:57,9,5,Otoño
101410,ENALAPRIL 10MG TAB CJAX140TAB,FARM.GENERICOS,0.0,10.0,1.0,2024-05-31 11:17:41,5,5,Otoño
101410,ENALAPRIL 10MG TAB CJAX140TAB,FARM.GENERICOS,0.0,20.0,2.0,2024-05-31 16:21:31,10,5,Otoño
101410,ENALAPRIL 10MG TAB CJAX140TAB,FARM.GENERICOS,0.0,20.0,2.0,2024-05-31 19:20:21,2,5,Otoño
101410,ENALAPRIL 10MG TAB CJAX140TAB,FARM.GENERICOS,0.0,10.0,1.0,2024-05-31 20:36:47,1,5,Otoño
101410,ENALAPRIL 10MG TAB CJAX140TAB,FARM.GENERICOS,0.0,10.0,1.0,2024-06-01 19:55:24,11,6,Invierno
101410,ENALAPRIL 10MG TAB CJAX140TAB,FARM.GENERICOS,0.0,30.0,2.7,2024-06-01 22:03:45,4,6,Invierno
101410,ENALAPRIL 10MG TAB CJAX140TAB,FARM.GENERICOS,0.0,10.0,1.0,2024-06-02 07:54:50,11,6,Invierno
101410,ENALAPRIL 10MG TAB CJAX140TAB,FARM.GENERICOS,0.0,20.0,2.0,2024-06-02 09:22:00,9,6,Invierno
101410,ENALAPRIL 10MG TAB CJAX140TAB,FARM.GENERICOS,0.0,10.0,1.0,2024-06-02 12:30:22,9,6,Invierno
101410,ENALAPRIL 10MG TAB CJAX140TAB,FARM.GENERICOS,0.0,30.0,3.0,2024-06-03 11:51:26,2,6,Invierno
101410,ENALAPRIL 10MG TAB CJAX140TAB,FARM.GENERICOS,0.0,30.0,3.0,2024-06-03 17:42:58,11,6,Invierno
101410,ENALAPRIL 10MG TAB CJAX140TAB,FARM.GENERICOS,0.0,10.0,1.0,2024-06-04 09:39:34,11,6,Invierno
101410,ENALAPRIL 10MG TAB CJAX140TAB,FARM.GENERICOS,0.0,50.0,5.0,2024-06-04 15:16:25,5,6,Invierno
101410,ENALAPRIL 10MG TAB CJAX140TAB,FARM.GENERICOS,1.0,0.0,13.0,2024-06-04 20:37:11,12,6,Invierno
101410,ENALAPRIL 10MG TAB CJAX140TAB,FARM.GENERICOS,0.0,10.0,1.0,2024-06-06 09:16:01,11,6,Invierno
101410,ENALAPRIL 10MG TAB CJAX140TAB,FARM.GENERICOS,0.0,20.0,2.0,2024-06-06 19:18:01,2,6,Invierno
101410,ENALAPRIL 10MG TAB CJAX140TAB,FARM.GENERICOS,0.0,140.0,14.0,2024-06-06 20:22:37,2,6,Invierno
101410,ENALAPRIL 10MG TAB CJAX140TAB,FARM.GENERICOS,0.0,10.0,1.0,2024-06-06 20:51:00,12,6,Invierno
101410,ENALAPRIL 10MG TAB CJAX140TAB,FARM.GENERICOS,0.0,20.0,2.0,2024-06-07 07:30:40,6,6,Invierno
101410,ENALAPRIL 10MG TAB CJAX140TAB,FARM.GENERICOS,0.0,10.0,1.0,2024-06-07 10:56:06,11,6,Invierno
101410,ENALAPRIL 10MG TAB CJAX140TAB,FARM.GENERICOS,0.0,30.0,3.0,2024-06-07 12:02:28,1,6,Invierno
101410,ENALAPRIL 10MG TAB CJAX140TAB,FARM.GENERICOS,0.0,10.0,1.0,2024-06-08 10:36:55,5,6,Invierno
101410,ENALAPRIL 10MG TAB CJAX140TAB,FARM.GENERICOS,0.0,10.0,1.0,2024-06-08 10:56:12,3,6,Invierno
101410,ENALAPRIL 10MG TAB CJAX140TAB,FARM.GENERICOS,1.0,0.0,13.0,2024-06-08 12:03:46,10,6,Invierno
101410,ENALAPRIL 10MG TAB CJAX140TAB,FARM.GENERICOS,0.0,10.0,1.0,2024-06-08 15:00:02,11,6,Invierno
101410,ENALAPRIL 10MG TAB CJAX140TAB,FARM.GENERICOS,0.0,10.0,1.0,2024-06-08 17:21:22,6,6,Invierno
101410,ENALAPRIL 10MG TAB CJAX140TAB,FARM.GENERICOS,0.0,10.0,1.0,2024-06-08 20:01:12,6,6,Invierno
101410,ENALAPRIL 10MG TAB CJAX140TAB,FARM.GENERICOS,0.0,10.0,1.0,2024-06-08 20:31:26,1,6,Invierno
101410,ENALAPRIL 10MG TAB CJAX140TAB,FARM.GENERICOS,0.0,50.0,5.0,2024-06-08 20:40:42,1,6,Invierno
101410,ENALAPRIL 10MG TAB CJAX140TAB,FARM.GENERICOS,0.0,10.0,1.0,2024-06-09 09:58:24,3,6,Invierno
101410,ENALAPRIL 10MG TAB CJAX140TAB,FARM.GENERICOS,0.0,10.0,1.0,2024-06-10 09:17:44,9,6,Invierno
101410,ENALAPRIL 10MG TAB CJAX140TAB,FARM.GENERICOS,0.0,10.0,1.0,2024-06-10 12:58:09,11,6,Invierno
101410,ENALAPRIL 10MG TAB CJAX140TAB,FARM.GENERICOS,0.0,10.0,1.0,2024-06-10 15:59:03,11,6,Invierno
101410,ENALAPRIL 10MG TAB CJAX140TAB,FARM.GENERICOS,1.0,0.0,13.0,2024-06-11 13:14:51,2,6,Invierno
101410,ENALAPRIL 10MG TAB CJAX140TAB,FARM.GENERICOS,0.0,10.0,1.0,2024-06-12 11:42:48,3,6,Invierno
101410,ENALAPRIL 10MG TAB CJAX140TAB,FARM.GENERICOS,0.0,30.0,3.0,2024-06-12 13:50:15,2,6,Invierno
101410,ENALAPRIL 10MG TAB CJAX140TAB,FARM.GENERICOS,1.0,0.0,13.0,2024-06-12 18:47:37,1,6,Invierno
101410,ENALAPRIL 10MG TAB CJAX140TAB,FARM.GENERICOS,0.0,10.0,1.0,2024-06-13 21:05:33,1,6,Invierno
101410,ENALAPRIL 10MG TAB CJAX140TAB,FARM.GENERICOS,0.0,10.0,1.0,2024-06-14 17:30:51,2,6,Invierno
101410,ENALAPRIL 10MG TAB CJAX140TAB,FARM.GENERICOS,0.0,10.0,1.0,2024-06-14 18:15:12,11,6,Invierno
101410,ENALAPRIL 10MG TAB CJAX140TAB,FARM.GENERICOS,0.0,10.0,1.0,2024-06-15 20:34:20,6,6,Invierno
101410,ENALAPRIL 10MG TAB CJAX140TAB,FARM.GENERICOS,0.0,50.0,5.0,2024-06-16 18:46:37,3,6,Invierno
101410,ENALAPRIL 10MG TAB CJAX140TAB,FARM.GENERICOS,0.0,10.0,1.0,2024-06-17 10:15:53,11,6,Invierno
101410,ENALAPRIL 10MG TAB CJAX140TAB,FARM.GENERICOS,0.0,10.0,1.0,2024-06-17 14:26:54,3,6,Invierno
101410,ENALAPRIL 10MG TAB CJAX140TAB,FARM.GENERICOS,0.0,10.0,1.0,2024-06-17 19:18:49,11,6,Invierno
101410,ENALAPRIL 10MG TAB CJAX140TAB,FARM.GENERICOS,0.0,10.0,1.0,2024-06-18 08:53:20,7,6,Invierno
101410,ENALAPRIL 10MG TAB CJAX140TAB,FARM.GENERICOS,0.0,10.0,1.0,2024-06-18 12:00:05,9,6,Invierno
101410,ENALAPRIL 10MG TAB CJAX140TAB,FARM.GENERICOS,0.0,30.0,3.0,2024-06-18 18:13:52,1,6,Invierno
101410,ENALAPRIL 10MG TAB CJAX140TAB,FARM.GENERICOS,1.0,0.0,13.0,2024-06-18 18:40:01,1,6,Invierno
101410,ENALAPRIL 10MG TAB CJAX140UND,FARM.GENERICOS,0.0,20.0,2.0,2024-06-22 11:16:53,11,6,Invierno
101410,ENALAPRIL 10MG TAB CJAX140UND,FARM.GENERICOS,0.0,20.0,2.0,2024-06-22 11:55:11,4,6,Invierno
101410,ENALAPRIL 10MG TAB CJAX140UND,FARM.GENERICOS,0.0,20.0,2.0,2024-06-22 17:48:47,2,6,Invierno
101410,ENALAPRIL 10MG TAB CJAX140UND,FARM.GENERICOS,0.0,20.0,2.0,2024-06-23 15:50:01,9,6,Invierno
101410,ENALAPRIL 10MG TAB CJAX140UND,FARM.GENERICOS,1.0,0.0,13.0,2024-06-23 16:56:47,9,6,Invierno
101410,ENALAPRIL 10MG TAB CJAX140UND,FARM.GENERICOS,0.0,20.0,2.0,2024-06-23 18:20:13,12,6,Invierno
101410,ENALAPRIL 10MG TAB CJAX140UND,FARM.GENERICOS,1.0,0.0,13.0,2024-06-24 17:33:59,4,6,Invierno
101410,ENALAPRIL 10MG TAB CJAX140UND,FARM.GENERICOS,0.0,10.0,1.0,2024-06-24 20:47:15,7,6,Invierno
101410,ENALAPRIL 10MG TAB CJAX140UND,FARM.GENERICOS,0.0,10.0,1.0,2024-06-24 22:54:52,12,6,Invierno
101410,ENALAPRIL 10MG TAB CJAX140UND,FARM.GENERICOS,0.0,40.0,4.0,2024-06-24 22:58:25,5,6,Invierno
101410,ENALAPRIL 10MG TAB CJAX140UND,FARM.GENERICOS,0.0,10.0,1.0,2024-06-25 11:32:23,11,6,Invierno
101410,ENALAPRIL 10MG TAB CJAX140UND,FARM.GENERICOS,0.0,20.0,2.0,2024-06-25 16:23:26,4,6,Invierno
101410,ENALAPRIL 10MG TAB CJAX140UND,FARM.GENERICOS,0.0,20.0,2.0,2024-06-25 16:32:10,5,6,Invierno
101410,ENALAPRIL 10MG TAB CJAX140UND,FARM.GENERICOS,0.0,30.0,3.0,2024-06-26 11:30:24,1,6,Invierno
101410,ENALAPRIL 10MG TAB CJAX140UND,FARM.GENERICOS,0.0,10.0,1.0,2024-06-26 11:59:18,10,6,Invierno
101410,ENALAPRIL 10MG TAB CJAX140UND,FARM.GENERICOS,0.0,10.0,1.0,2024-06-26 12:39:04,11,6,Invierno
101410,ENALAPRIL 10MG TAB CJAX140UND,FARM.GENERICOS,0.0,10.0,1.0,2024-06-26 19:08:15,12,6,Invierno
101410,ENALAPRIL 10MG TAB CJAX140UND,FARM.GENERICOS,0.0,10.0,1.0,2024-06-27 17:37:31,11,6,Invierno
101410,ENALAPRIL 10MG TAB CJAX140UND,FARM.GENERICOS,0.0,10.0,1.0,2024-06-28 12:26:25,8,6,Invierno
101410,ENALAPRIL 10MG TAB CJAX140UND,FARM.GENERICOS,1.0,0.0,13.0,2024-06-28 17:00:45,2,6,Invierno
101410,ENALAPRIL 10MG TAB CJAX140UND,FARM.GENERICOS,1.0,0.0,13.0,2024-06-28 17:38:33,10,6,Invierno
101410,ENALAPRIL 10MG TAB CJAX140UND,FARM.GENERICOS,0.0,20.0,2.0,2024-06-29 12:09:15,3,6,Invierno
101410,ENALAPRIL 10MG TAB CJAX140UND,FARM.GENERICOS,0.0,10.0,1.0,2024-06-29 15:20:12,11,6,Invierno
101410,ENALAPRIL 10MG TAB CJAX140UND,FARM.GENERICOS,0.0,10.0,1.0,2024-06-29 18:01:56,5,6,Invierno
101410,ENALAPRIL 10MG TAB CJAX140UND,FARM.GENERICOS,0.0,10.0,1.0,2024-06-30 19:48:27,5,6,Invierno
101410,ENALAPRIL 10MG TAB CJAX140UND,FARM.GENERICOS,1.0,0.0,13.0,2024-07-01 16:17:18,1,7,Invierno
101410,ENALAPRIL 10MG TAB CJAX140UND,FARM.GENERICOS,0.0,10.0,1.0,2024-07-02 15:37:53,6,7,Invierno
101410,ENALAPRIL 10MG TAB CJAX140UND,FARM.GENERICOS,0.0,30.0,3.0,2024-07-02 20:09:34,1,7,Invierno
101410,ENALAPRIL 10MG TAB CJAX140UND,FARM.GENERICOS,0.0,10.0,1.0,2024-07-04 20:43:10,11,7,Invierno
101410,ENALAPRIL 10MG TAB CJAX140UND,FARM.GENERICOS,0.0,10.0,1.0,2024-07-04 20:47:00,4,7,Invierno
101410,ENALAPRIL 10MG TAB CJAX140UND,FARM.GENERICOS,0.0,80.0,8.0,2024-07-04 20:51:20,4,7,Invierno
101410,ENALAPRIL 10MG TAB CJAX140UND,FARM.GENERICOS,0.0,10.0,1.0,2024-07-04 22:08:36,7,7,Invierno
101410,ENALAPRIL 10MG TAB CJAX140UND,FARM.GENERICOS,0.0,10.0,1.0,2024-07-05 16:46:19,1,7,Invierno
101410,ENALAPRIL 10MG TAB CJAX140UND,FARM.GENERICOS,1.0,0.0,13.0,2024-07-06 17:33:21,5,7,Invierno
101410,ENALAPRIL 10MG TAB CJAX140UND,FARM.GENERICOS,0.0,10.0,1.0,2024-07-06 17:38:11,12,7,Invierno
101410,ENALAPRIL 10MG TAB CJAX140UND,FARM.GENERICOS,0.0,10.0,1.0,2024-07-07 15:14:29,3,7,Invierno
101410,ENALAPRIL 10MG TAB CJAX140UND,FARM.GENERICOS,0.0,10.0,1.0,2024-07-08 08:30:52,7,7,Invierno
101410,ENALAPRIL 10MG TAB CJAX140UND,FARM.GENERICOS,0.0,10.0,1.0,2024-07-08 20:11:18,10,7,Invierno
101410,ENALAPRIL 10MG TAB CJAX140UND,FARM.GENERICOS,0.0,10.0,1.0,2024-07-09 08:52:06,4,7,Invierno
101410,ENALAPRIL 10MG TAB CJAX140UND,FARM.GENERICOS,0.0,10.0,1.0,2024-07-09 12:30:30,8,7,Invierno
101410,ENALAPRIL 10MG TAB CJAX140UND,FARM.GENERICOS,0.0,10.0,1.0,2024-07-09 21:22:42,4,7,Invierno
101410,ENALAPRIL 10MG TAB CJAX140UND,FARM.GENERICOS,0.0,10.0,1.0,2024-07-10 09:29:25,5,7,Invierno
101410,ENALAPRIL 10MG TAB CJAX140UND,FARM.GENERICOS,0.0,10.0,1.0,2024-07-10 14:02:48,11,7,Invierno
101410,ENALAPRIL 10MG TAB CJAX140UND,FARM.GENERICOS,0.0,20.0,2.0,2024-07-10 14:11:54,11,7,Invierno
101410,ENALAPRIL 10MG TAB CJAX140UND,FARM.GENERICOS,0.0,30.0,3.0,2024-07-10 18:06:29,2,7,Invierno
101410,ENALAPRIL 10MG TAB CJAX140UND,FARM.GENERICOS,0.0,40.0,4.0,2024-07-10 19:38:21,4,7,Invierno
101410,ENALAPRIL 10MG TAB CJAX140UND,FARM.GENERICOS,0.0,10.0,1.0,2024-07-11 14:49:25,7,7,Invierno
101410,ENALAPRIL 10MG TAB CJAX140UND,FARM.GENERICOS,0.0,10.0,1.0,2024-07-11 17:44:42,9,7,Invierno
101410,ENALAPRIL 10MG TAB CJAX140UND,FARM.GENERICOS,0.0,20.0,2.0,2024-07-11 20:55:10,3,7,Invierno
101410,ENALAPRIL 10MG TAB CJAX140UND,FARM.GENERICOS,0.0,50.0,5.0,2024-07-11 20:55:31,5,7,Invierno
101410,ENALAPRIL 10MG TAB CJAX140UND,FARM.GENERICOS,0.0,30.0,3.0,2024-07-12 16:23:32,1,7,Invierno
101410,ENALAPRIL 10MG TAB CJAX140UND,FARM.GENERICOS,0.0,40.0,4.0,2024-07-12 16:28:40,7,7,Invierno
101410,ENALAPRIL 10MG TAB CJAX140UND,FARM.GENERICOS,1.0,0.0,13.0,2024-07-12 17:32:08,2,7,Invierno
101410,ENALAPRIL 10MG TAB CJAX140UND,FARM.GENERICOS,0.0,10.0,1.0,2024-07-12 19:42:29,1,7,Invierno
101410,ENALAPRIL 10MG TAB CJAX140UND,FARM.GENERICOS,0.0,10.0,1.0,2024-07-12 19:53:34,11,7,Invierno
101410,ENALAPRIL 10MG TAB CJAX140UND,FARM.GENERICOS,0.0,10.0,1.0,2024-07-12 22:06:39,6,7,Invierno
101410,ENALAPRIL 10MG TAB CJAX140UND,FARM.GENERICOS,0.0,10.0,1.0,2024-07-13 21:24:50,12,7,Invierno
101410,ENALAPRIL 10MG TAB CJAX140UND,FARM.GENERICOS,0.0,20.0,2.0,2024-07-14 08:25:12,6,7,Invierno
101410,ENALAPRIL 10MG TAB CJAX140UND,FARM.GENERICOS,0.0,10.0,1.0,2024-07-14 09:32:28,3,7,Invierno
101410,ENALAPRIL 10MG TAB CJAX140UND,FARM.GENERICOS,0.0,10.0,1.0,2024-07-14 10:17:27,3,7,Invierno
101410,ENALAPRIL 10MG TAB CJAX140UND,FARM.GENERICOS,0.0,50.0,5.0,2024-07-14 18:21:17,10,7,Invierno
101410,ENALAPRIL 10MG TAB CJAX140UND,FARM.GENERICOS,0.0,50.0,5.0,2024-07-16 10:43:08,4,7,Invierno
101410,ENALAPRIL 10MG TAB CJAX140UND,FARM.GENERICOS,1.0,0.0,13.0,2024-07-16 12:30:09,2,7,Invierno
101410,ENALAPRIL 10MG TAB CJAX140UND,FARM.GENERICOS,0.0,10.0,1.0,2024-07-16 15:30:31,9,7,Invierno
101410,ENALAPRIL 10MG TAB CJAX140UND,FARM.GENERICOS,0.0,20.0,2.0,2024-07-17 18:06:20,11,7,Invierno
101410,ENALAPRIL 10MG TAB CJAX140UND,FARM.GENERICOS,0.0,10.0,1.0,2024-07-17 19:48:08,1,7,Invierno
101410,ENALAPRIL 10MG TAB CJAX140UND,FARM.GENERICOS,0.0,30.0,3.0,2024-07-17 20:07:49,8,7,Invierno
101410,ENALAPRIL 10MG TAB CJAX140UND,FARM.GENERICOS,0.0,50.0,5.0,2024-07-18 10:16:57,12,7,Invierno
101410,ENALAPRIL 10MG TAB CJAX140UND,FARM.GENERICOS,0.0,10.0,1.0,2024-07-19 10:07:01,2,7,Invierno
101410,ENALAPRIL 10MG TAB CJAX140UND,FARM.GENERICOS,0.0,10.0,1.0,2024-07-19 15:33:47,4,7,Invierno
101410,ENALAPRIL 10MG TAB CJAX140UND,FARM.GENERICOS,0.0,10.0,1.0,2024-07-19 17:41:52,5,7,Invierno
101410,ENALAPRIL 10MG TAB CJAX140UND,FARM.GENERICOS,1.0,0.0,13.0,2024-07-20 18:53:03,12,7,Invierno
101410,ENALAPRIL 10MG TAB CJAX140UND,FARM.GENERICOS,0.0,10.0,1.0,2024-07-20 21:20:30,1,7,Invierno
101410,ENALAPRIL 10MG TAB CJAX140UND,FARM.GENERICOS,0.0,10.0,1.0,2024-07-21 08:39:32,12,7,Invierno
101410,ENALAPRIL 10MG TAB CJAX140UND,FARM.GENERICOS,0.0,10.0,1.0,2024-07-21 09:20:59,3,7,Invierno
101410,ENALAPRIL 10MG TAB CJAX140UND,FARM.GENERICOS,0.0,10.0,1.0,2024-07-21 21:14:12,5,7,Invierno
101410,ENALAPRIL 10MG TAB CJAX140UND,FARM.GENERICOS,0.0,10.0,1.0,2024-07-21 22:41:03,5,7,Invierno
101410,ENALAPRIL 10MG TAB CJAX140UND,FARM.GENERICOS,0.0,10.0,1.0,2024-07-22 12:57:04,11,7,Invierno
101410,ENALAPRIL 10MG TAB CJAX140UND,FARM.GENERICOS,0.0,10.0,1.0,2024-07-22 19:55:54,2,7,Invierno
101410,ENALAPRIL 10MG TAB CJAX140UND,FARM.GENERICOS,0.0,10.0,1.0,2024-07-22 20:31:15,6,7,Invierno
101410,ENALAPRIL 10MG TAB CJAX140UND,FARM.GENERICOS,0.0,10.0,1.0,2024-07-23 09:04:34,3,7,Invierno
101410,ENALAPRIL 10MG TAB CJAX140UND,FARM.GENERICOS,0.0,10.0,1.0,2024-07-23 12:17:56,9,7,Invierno
101410,ENALAPRIL 10MG TAB CJAX140UND,FARM.GENERICOS,0.0,10.0,1.0,2024-07-23 17:20:19,12,7,Invierno
101410,ENALAPRIL 10MG TAB CJAX140UND,FARM.GENERICOS,0.0,10.0,1.0,2024-07-23 19:43:48,4,7,Invierno
101410,ENALAPRIL 10MG TAB CJAX140UND,FARM.GENERICOS,0.0,10.0,1.0,2024-07-24 09:32:03,9,7,Invierno
101410,ENALAPRIL 10MG TAB CJAX140UND,FARM.GENERICOS,0.0,10.0,1.0,2024-07-24 20:58:09,3,7,Invierno
101410,ENALAPRIL 10MG TAB CJAX140UND,FARM.GENERICOS,0.0,5.0,0.5,2024-07-25 09:58:14,2,7,Invierno
101410,ENALAPRIL 10MG TAB CJAX140UND,FARM.GENERICOS,0.0,60.0,6.0,2024-07-25 18:33:15,1,7,Invierno
101410,ENALAPRIL 10MG TAB CJAX140UND,FARM.GENERICOS,1.0,0.0,13.0,2024-07-25 19:40:53,1,7,Invierno
101410,ENALAPRIL 10MG TAB CJAX140UND,FARM.GENERICOS,1.0,0.0,13.0,2024-07-25 21:08:15,5,7,Invierno
101410,ENALAPRIL 10MG TAB CJAX140UND,FARM.GENERICOS,0.0,20.0,2.0,2024-07-25 21:26:23,11,7,Invierno
101410,ENALAPRIL 10MG TAB CJAX140UND,FARM.GENERICOS,0.0,10.0,1.0,2024-07-26 11:15:20,12,7,Invierno
101410,ENALAPRIL 10MG TAB CJAX140UND,FARM.GENERICOS,0.0,10.0,1.0,2024-07-26 13:57:28,11,7,Invierno
101410,ENALAPRIL 10MG TAB CJAX140UND,FARM.GENERICOS,1.0,0.0,12.35,2024-07-27 08:12:58,2,7,Invierno
101410,ENALAPRIL 10MG TAB CJAX140UND,FARM.GENERICOS,0.0,20.0,2.0,2024-07-27 11:54:03,4,7,Invierno
101410,ENALAPRIL 10MG TAB CJAX140UND,FARM.GENERICOS,1.0,0.0,13.0,2024-07-27 12:35:02,1,7,Invierno
101410,ENALAPRIL 10MG TAB CJAX140UND,FARM.GENERICOS,0.0,10.0,1.0,2024-07-27 18:10:00,1,7,Invierno
101410,ENALAPRIL 10MG TAB CJAX140UND,FARM.GENERICOS,0.0,10.0,1.0,2024-07-28 09:22:48,3,7,Invierno
101410,ENALAPRIL 10MG TAB CJAX140UND,FARM.GENERICOS,0.0,10.0,1.0,2024-07-28 20:38:10,10,7,Invierno
101410,ENALAPRIL 10MG TAB CJAX140UND,FARM.GENERICOS,0.0,20.0,2.0,2024-07-29 09:00:33,5,7,Invierno
101410,ENALAPRIL 10MG TAB CJAX140UND,FARM.GENERICOS,0.0,10.0,1.0,2024-07-29 10:58:05,7,7,Invierno
101410,ENALAPRIL 10MG TAB CJAX140UND,FARM.GENERICOS,0.0,5.0,0.5,2024-07-29 17:05:03,9,7,Invierno
101410,ENALAPRIL 10MG TAB CJAX140UND,FARM.GENERICOS,0.0,10.0,1.0,2024-07-29 17:06:44,5,7,Invierno
101410,ENALAPRIL 10MG TAB CJAX140UND,FARM.GENERICOS,0.0,10.0,1.0,2024-07-29 20:39:52,12,7,Invierno
101410,ENALAPRIL 10MG TAB CJAX140UND,FARM.GENERICOS,0.0,10.0,1.0,2024-07-30 10:08:06,3,7,Invierno
101410,ENALAPRIL 10MG TAB CJAX140UND,FARM.GENERICOS,0.0,20.0,2.0,2024-07-30 13:13:54,11,7,Invierno
101410,ENALAPRIL 10MG TAB CJAX140UND,FARM.GENERICOS,0.0,10.0,1.0,2024-07-31 09:20:48,1,7,Invierno
101410,ENALAPRIL 10MG TAB CJAX140UND,FARM.GENERICOS,0.0,50.0,5.0,2024-07-31 14:20:08,3,7,Invierno
101410,ENALAPRIL 10MG TAB CJAX140UND,FARM.GENERICOS,0.0,50.0,5.0,2024-07-31 14:33:20,5,7,Invierno
101410,ENALAPRIL 10MG TAB CJAX140UND,FARM.GENERICOS,0.0,20.0,2.0,2024-07-31 16:47:44,1,7,Invierno
101410,ENALAPRIL 10MG TAB CJAX140UND,FARM.GENERICOS,0.0,10.0,1.0,2024-08-01 08:04:27,3,8,Invierno
101410,ENALAPRIL 10MG TAB CJAX140UND,FARM.GENERICOS,0.0,10.0,1.0,2024-08-01 10:17:17,7,8,Invierno
101410,ENALAPRIL 10MG TAB CJAX140UND,FARM.GENERICOS,0.0,10.0,1.0,2024-08-01 11:06:46,5,8,Invierno
101410,ENALAPRIL 10MG TAB CJAX140UND,FARM.GENERICOS,0.0,20.0,2.0,2024-08-01 20:05:10,2,8,Invierno
101410,ENALAPRIL 10MG TAB CJAX140UND,FARM.GENERICOS,0.0,10.0,1.0,2024-08-01 20:13:27,9,8,Invierno
101410,ENALAPRIL 10MG TAB CJAX140UND,FARM.GENERICOS,0.0,10.0,1.0,2024-08-01 22:11:22,12,8,Invierno
101410,ENALAPRIL 10MG TAB CJAX140UND,FARM.GENERICOS,1.0,0.0,13.0,2024-08-02 09:42:20,5,8,Invierno
101410,ENALAPRIL 10MG TAB CJAX140UND,FARM.GENERICOS,0.0,20.0,2.0,2024-08-02 09:55:41,10,8,Invierno
101410,ENALAPRIL 10MG TAB CJAX140UND,FARM.GENERICOS,0.0,10.0,1.0,2024-08-02 13:26:54,12,8,Invierno
101410,ENALAPRIL 10MG TAB CJAX140UND,FARM.GENERICOS,0.0,20.0,2.0,2024-08-02 18:59:45,9,8,Invierno
101410,ENALAPRIL 10MG TAB CJAX140UND,FARM.GENERICOS,0.0,10.0,1.0,2024-08-02 20:21:55,11,8,Invierno
101410,ENALAPRIL 10MG TAB CJAX140UND,FARM.GENERICOS,0.0,20.0,2.0,2024-08-02 22:42:49,5,8,Invierno
101410,ENALAPRIL 10MG TAB CJAX140UND,FARM.GENERICOS,0.0,20.0,2.0,2024-08-03 12:37:13,6,8,Invierno
101410,ENALAPRIL 10MG TAB CJAX140UND,FARM.GENERICOS,0.0,10.0,1.0,2024-08-03 16:47:02,4,8,Invierno
101410,ENALAPRIL 10MG TAB CJAX140UND,FARM.GENERICOS,0.0,50.0,5.0,2024-08-03 17:22:31,5,8,Invierno
101410,ENALAPRIL 10MG TAB CJAX140UND,FARM.GENERICOS,0.0,20.0,2.0,2024-08-04 21:02:53,3,8,Invierno
101410,ENALAPRIL 10MG TAB CJAX140UND,FARM.GENERICOS,0.0,10.0,1.0,2024-08-05 08:05:51,6,8,Invierno
101410,ENALAPRIL 10MG TAB CJAX140UND,FARM.GENERICOS,0.0,5.0,0.5,2024-08-05 08:55:41,3,8,Invierno
101410,ENALAPRIL 10MG TAB CJAX140UND,FARM.GENERICOS,0.0,10.0,1.0,2024-08-05 10:35:40,2,8,Invierno
101410,ENALAPRIL 10MG TAB CJAX140UND,FARM.GENERICOS,0.0,10.0,1.0,2024-08-05 20:11:58,9,8,Invierno
101410,ENALAPRIL 10MG TAB CJAX140UND,FARM.GENERICOS,0.0,10.0,1.0,2024-08-05 21:39:59,2,8,Invierno
101410,ENALAPRIL 10MG TAB CJAX140UND,FARM.GENERICOS,0.0,120.0,12.0,2024-08-06 10:14:25,5,8,Invierno
101410,ENALAPRIL 10MG TAB CJAX140UND,FARM.GENERICOS,0.0,10.0,1.0,2024-08-07 09:08:24,9,8,Invierno
101410,ENALAPRIL 10MG TAB CJAX140UND,FARM.GENERICOS,1.0,0.0,13.0,2024-08-07 12:04:58,10,8,Invierno
101410,ENALAPRIL 10MG TAB CJAX140UND,FARM.GENERICOS,0.0,60.0,6.0,2024-08-07 13:03:54,2,8,Invierno
101410,ENALAPRIL 10MG TAB CJAX140UND,FARM.GENERICOS,0.0,20.0,2.0,2024-08-07 13:13:21,9,8,Invierno
101410,ENALAPRIL 10MG TAB CJAX140UND,FARM.GENERICOS,0.0,10.0,1.0,2024-08-07 18:12:04,11,8,Invierno
101410,ENALAPRIL 10MG TAB CJAX140UND,FARM.GENERICOS,1.0,0.0,13.0,2024-08-07 18:51:01,9,8,Invierno
101410,ENALAPRIL 10MG TAB CJAX140UND,FARM.GENERICOS,0.0,10.0,1.0,2024-08-08 21:27:53,11,8,Invierno
101410,ENALAPRIL 10MG TAB CJAX140UND,FARM.GENERICOS,0.0,20.0,2.0,2024-08-08 23:15:49,4,8,Invierno
101410,ENALAPRIL 10MG TAB CJAX140UND,FARM.GENERICOS,0.0,10.0,1.0,2024-08-09 20:13:35,6,8,Invierno
101410,ENALAPRIL 10MG TAB CJAX140UND,FARM.GENERICOS,0.0,10.0,1.0,2024-08-09 21:31:42,11,8,Invierno
101410,ENALAPRIL 10MG TAB CJAX140UND,FARM.GENERICOS,0.0,20.0,2.0,2024-08-10 11:52:22,10,8,Invierno
101410,ENALAPRIL 10MG TAB CJAX140UND,FARM.GENERICOS,0.0,20.0,2.0,2024-08-11 18:04:41,2,8,Invierno
101410,ENALAPRIL 10MG TAB CJAX140UND,FARM.GENERICOS,0.0,-20.0,-2.0,2024-08-12 12:00:00,13,8,Invierno
101410,ENALAPRIL 10MG TAB CJAX140UND,FARM.GENERICOS,0.0,20.0,2.0,2024-08-12 12:44:42,13,8,Invierno
101410,ENALAPRIL 10MG TAB CJAX140UND,FARM.GENERICOS,0.0,20.0,2.0,2024-08-12 12:49:18,13,8,Invierno
101410,ENALAPRIL 10MG TAB CJAX140UND,FARM.GENERICOS,0.0,110.0,11.0,2024-08-12 17:40:33,4,8,Invierno
101410,ENALAPRIL 10MG TAB CJAX140UND,FARM.GENERICOS,0.0,10.0,1.0,2024-08-12 18:05:57,12,8,Invierno
101410,ENALAPRIL 10MG TAB CJAX140UND,FARM.GENERICOS,0.0,20.0,2.0,2024-08-13 12:01:10,3,8,Invierno
101410,ENALAPRIL 10MG TAB CJAX140UND,FARM.GENERICOS,0.0,10.0,1.0,2024-08-13 15:41:29,11,8,Invierno
101410,ENALAPRIL 10MG TAB CJAX140UND,FARM.GENERICOS,0.0,20.0,2.0,2024-08-13 17:30:31,9,8,Invierno
101410,ENALAPRIL 10MG TAB CJAX140UND,FARM.GENERICOS,0.0,20.0,2.0,2024-08-15 11:38:39,12,8,Invierno
101410,ENALAPRIL 10MG TAB CJAX140UND,FARM.GENERICOS,1.0,0.0,13.0,2024-08-15 12:46:54,2,8,Invierno
101410,ENALAPRIL 10MG TAB CJAX140UND,FARM.GENERICOS,0.0,74.0,7.4,2024-08-15 17:26:13,9,8,Invierno
101410,ENALAPRIL 10MG TAB CJAX140UND,FARM.GENERICOS,0.0,30.0,3.0,2024-08-16 08:41:02,2,8,Invierno
101410,ENALAPRIL 10MG TAB CJAX140UND,FARM.GENERICOS,0.0,20.0,2.0,2024-08-16 14:14:13,1,8,Invierno
101410,ENALAPRIL 10MG TAB CJAX140UND,FARM.GENERICOS,0.0,10.0,1.0,2024-08-16 17:13:38,10,8,Invierno
101410,ENALAPRIL 10MG TAB CJAX140UND,FARM.GENERICOS,0.0,10.0,0.9,2024-08-16 19:26:31,12,8,Invierno
101410,ENALAPRIL 10MG TAB CJAX140UND,FARM.GENERICOS,0.0,10.0,1.0,2024-08-16 20:17:22,1,8,Invierno
101410,ENALAPRIL 10MG TAB CJAX140UND,FARM.GENERICOS,0.0,10.0,1.0,2024-08-16 20:19:58,8,8,Invierno
101410,ENALAPRIL 10MG TAB CJAX140UND,FARM.GENERICOS,0.0,4.0,0.36,2024-08-17 12:08:40,2,8,Invierno
101410,ENALAPRIL 10MG TAB CJAX140UND,FARM.GENERICOS,0.0,30.0,2.7,2024-08-18 11:03:27,2,8,Invierno
101410,ENALAPRIL 10MG TAB CJAX140UND,FARM.GENERICOS,0.0,10.0,0.9,2024-08-19 15:22:33,4,8,Invierno
101410,ENALAPRIL 10MG TAB CJAX140UND,FARM.GENERICOS,0.0,10.0,0.9,2024-08-19 18:50:46,11,8,Invierno
101410,ENALAPRIL 10MG TAB CJAX140UND,FARM.GENERICOS,0.0,10.0,0.9,2024-08-19 20:20:22,10,8,Invierno
101410,ENALAPRIL 10MG TAB CJAX140UND,FARM.GENERICOS,1.0,0.0,12.0,2024-08-20 15:44:42,7,8,Invierno
101410,ENALAPRIL 10MG TAB CJAX140UND,FARM.GENERICOS,0.0,10.0,0.9,2024-08-20 16:55:15,5,8,Invierno
101410,ENALAPRIL 10MG TAB CJAX140UND,FARM.GENERICOS,0.0,10.0,0.9,2024-08-21 19:35:16,5,8,Invierno
101410,ENALAPRIL 10MG TAB CJAX140UND,FARM.GENERICOS,0.0,10.0,0.9,2024-08-22 13:44:38,6,8,Invierno
101410,ENALAPRIL 10MG TAB CJAX140UND,FARM.GENERICOS,0.0,10.0,0.9,2024-08-23 09:02:42,9,8,Invierno
101410,ENALAPRIL 10MG TAB CJAX140UND,FARM.GENERICOS,0.0,10.0,0.9,2024-08-23 18:03:16,11,8,Invierno
101410,ENALAPRIL 10MG TAB CJAX140UND,FARM.GENERICOS,0.0,10.0,0.9,2024-08-23 21:20:37,11,8,Invierno
101410,ENALAPRIL 10MG TAB CJAX140UND,FARM.GENERICOS,0.0,20.0,1.8,2024-08-23 22:26:16,1,8,Invierno
101410,ENALAPRIL 10MG TAB CJAX140UND,FARM.GENERICOS,0.0,10.0,0.9,2024-08-24 17:21:34,1,8,Invierno
101410,ENALAPRIL 10MG TAB CJAX140UND,FARM.GENERICOS,0.0,10.0,0.9,2024-08-25 20:55:59,9,8,Invierno
101410,ENALAPRIL 10MG TAB CJAX140UND,FARM.GENERICOS,0.0,10.0,0.9,2024-08-25 21:05:58,5,8,Invierno
101410,ENALAPRIL 10MG TAB CJAX140UND,FARM.GENERICOS,0.0,10.0,0.9,2024-08-26 19:15:25,10,8,Invierno
101410,ENALAPRIL 10MG TAB CJAX140UND,FARM.GENERICOS,0.0,10.0,0.9,2024-08-27 19:30:10,11,8,Invierno
101410,ENALAPRIL 10MG TAB CJAX140UND,FARM.GENERICOS,0.0,10.0,0.9,2024-08-27 21:59:04,11,8,Invierno
101410,ENALAPRIL 10MG TAB CJAX140UND,FARM.GENERICOS,0.0,20.0,1.8,2024-08-28 16:47:29,3,8,Invierno
101410,ENALAPRIL 10MG TAB CJAX140UND,FARM.GENERICOS,0.0,10.0,0.9,2024-08-28 20:57:29,2,8,Invierno
101410,ENALAPRIL 10MG TAB CJAX140UND,FARM.GENERICOS,0.0,30.0,2.7,2024-08-28 21:34:05,3,8,Invierno
101410,ENALAPRIL 10MG TAB CJAX140UND,FARM.GENERICOS,0.0,10.0,0.9,2024-08-29 09:05:23,6,8,Invierno
101410,ENALAPRIL 10MG TAB CJAX140UND,FARM.GENERICOS,0.0,10.0,0.9,2024-08-29 20:53:11,10,8,Invierno
101410,ENALAPRIL 10MG TAB CJAX140UND,FARM.GENERICOS,1.0,0.0,12.0,2024-08-30 10:43:23,3,8,Invierno
101410,ENALAPRIL 10MG TAB CJAX140UND,FARM.GENERICOS,0.0,10.0,0.9,2024-08-31 10:24:23,5,8,Invierno
101410,ENALAPRIL 10MG TAB CJAX140UND,FARM.GENERICOS,0.0,20.0,1.8,2024-08-31 21:24:52,3,8,Invierno
101410,ENALAPRIL 10MG TAB CJAX140UND,FARM.GENERICOS,0.0,20.0,1.8,2024-08-31 21:38:21,11,8,Invierno
101410,ENALAPRIL 10MG TAB CJAX140UND,FARM.GENERICOS,0.0,30.0,2.7,2024-09-01 10:59:39,2,9,Primavera
101410,ENALAPRIL 10MG TAB CJAX140UND,FARM.GENERICOS,0.0,10.0,0.9,2024-09-01 19:51:34,6,9,Primavera
101410,ENALAPRIL 10MG TAB CJAX140UND,FARM.GENERICOS,0.0,20.0,1.8,2024-09-01 20:35:15,9,9,Primavera
101410,ENALAPRIL 10MG TAB CJAX140UND,FARM.GENERICOS,0.0,20.0,1.8,2024-09-02 11:48:08,4,9,Primavera
101410,ENALAPRIL 10MG TAB CJAX140UND,FARM.GENERICOS,0.0,10.0,0.9,2024-09-02 15:33:59,10,9,Primavera
101410,ENALAPRIL 10MG TAB CJAX140UND,FARM.GENERICOS,0.0,30.0,2.7,2024-09-02 17:13:41,9,9,Primavera
101410,ENALAPRIL 10MG TAB CJAX140UND,FARM.GENERICOS,0.0,10.0,0.9,2024-09-02 18:43:24,11,9,Primavera
101410,ENALAPRIL 10MG TAB CJAX140UND,FARM.GENERICOS,1.0,0.0,12.0,2024-09-03 15:40:39,8,9,Primavera
101410,ENALAPRIL 10MG TAB CJAX140UND,FARM.GENERICOS,0.0,10.0,0.9,2024-09-03 19:45:36,11,9,Primavera
101410,ENALAPRIL 10MG TAB CJAX140UND,FARM.GENERICOS,0.0,10.0,0.9,2024-09-04 08:17:28,9,9,Primavera
101410,ENALAPRIL 10MG TAB CJAX140UND,FARM.GENERICOS,0.0,10.0,0.9,2024-09-04 08:22:43,2,9,Primavera
101410,ENALAPRIL 10MG TAB CJAX140UND,FARM.GENERICOS,0.0,10.0,0.9,2024-09-04 13:40:26,1,9,Primavera
101410,ENALAPRIL 10MG TAB CJAX140UND,FARM.GENERICOS,0.0,22.0,1.98,2024-09-04 14:31:22,7,9,Primavera
101410,ENALAPRIL 10MG TAB CJAX140UND,FARM.GENERICOS,0.0,50.0,4.5,2024-09-04 17:49:28,4,9,Primavera
101410,ENALAPRIL 10MG TAB CJAX140UND,FARM.GENERICOS,1.0,0.0,12.0,2024-09-05 18:57:58,4,9,Primavera
101410,ENALAPRIL 10MG TAB CJAX140UND,FARM.GENERICOS,0.0,140.0,12.6,2024-09-05 19:54:04,2,9,Primavera
101410,ENALAPRIL 10MG TAB CJAX140UND,FARM.GENERICOS,0.0,20.0,1.8,2024-09-06 09:04:00,9,9,Primavera
101410,ENALAPRIL 10MG TAB CJAX140UND,FARM.GENERICOS,0.0,10.0,0.9,2024-09-06 11:33:56,3,9,Primavera
101410,ENALAPRIL 10MG TAB CJAX140UND,FARM.GENERICOS,0.0,30.0,2.7,2024-09-06 19:34:36,1,9,Primavera
101410,ENALAPRIL 10MG TAB CJAX140UND,FARM.GENERICOS,0.0,8.0,0.72,2024-09-06 19:53:02,7,9,Primavera
101410,ENALAPRIL 10MG TAB CJAX140UND,FARM.GENERICOS,0.0,10.0,0.9,2024-09-07 10:07:48,11,9,Primavera
101410,ENALAPRIL 10MG TAB CJAX140UND,FARM.GENERICOS,0.0,10.0,0.9,2024-09-07 13:27:58,4,9,Primavera
101410,ENALAPRIL 10MG TAB CJAX140UND,FARM.GENERICOS,0.0,20.0,1.8,2024-09-07 14:34:14,13,9,Primavera
101410,ENALAPRIL 10MG TAB CJAX140UND,FARM.GENERICOS,0.0,10.0,0.9,2024-09-07 18:56:46,12,9,Primavera
101410,ENALAPRIL 10MG TAB CJAX140UND,FARM.GENERICOS,0.0,10.0,0.9,2024-09-08 14:19:52,5,9,Primavera
101410,ENALAPRIL 10MG TAB CJAX140UND,FARM.GENERICOS,1.0,0.0,12.0,2024-09-09 18:32:23,9,9,Primavera
101410,ENALAPRIL 10MG TAB CJAX140UND,FARM.GENERICOS,0.0,10.0,0.9,2024-09-09 19:42:26,1,9,Primavera
101410,ENALAPRIL 10MG TAB CJAX140UND,FARM.GENERICOS,0.0,20.0,1.8,2024-09-09 20:31:15,10,9,Primavera
101410,ENALAPRIL 10MG TAB CJAX140UND,FARM.GENERICOS,0.0,10.0,0.9,2024-09-10 19:19:14,8,9,Primavera
101410,ENALAPRIL 10MG TAB CJAX140UND,FARM.GENERICOS,0.0,10.0,0.9,2024-09-10 20:08:44,1,9,Primavera
101410,ENALAPRIL 10MG TAB CJAX140UND,FARM.GENERICOS,0.0,10.0,0.9,2024-09-11 18:26:38,9,9,Primavera
101410,ENALAPRIL 10MG TAB CJAX140UND,FARM.GENERICOS,0.0,10.0,0.9,2024-09-12 18:07:44,2,9,Primavera
101410,ENALAPRIL 10MG TAB CJAX140UND,FARM.GENERICOS,1.0,0.0,12.0,2024-09-12 18:18:52,2,9,Primavera
101410,ENALAPRIL 10MG TAB CJAX140UND,FARM.GENERICOS,0.0,30.0,2.7,2024-09-13 10:56:18,10,9,Primavera
101410,ENALAPRIL 10MG TAB CJAX140UND,FARM.GENERICOS,0.0,10.0,0.9,2024-09-13 18:03:00,1,9,Primavera
101410,ENALAPRIL 10MG TAB CJAX140UND,FARM.GENERICOS,0.0,10.0,0.9,2024-09-13 18:21:29,10,9,Primavera
101410,ENALAPRIL 10MG TAB CJAX140UND,FARM.GENERICOS,0.0,10.0,0.9,2024-09-14 11:00:11,2,9,Primavera
101410,ENALAPRIL 10MG TAB CJAX140UND,FARM.GENERICOS,0.0,30.0,2.7,2024-09-14 13:10:37,3,9,Primavera
101410,ENALAPRIL 10MG TAB CJAX140UND,FARM.GENERICOS,0.0,20.0,1.8,2024-09-14 20:02:09,3,9,Primavera
101410,ENALAPRIL 10MG TAB CJAX140UND,FARM.GENERICOS,0.0,10.0,0.9,2024-09-15 18:55:23,6,9,Primavera
101410,ENALAPRIL 10MG TAB CJAX140UND,FARM.GENERICOS,0.0,20.0,1.8,2024-09-15 20:41:48,9,9,Primavera
101410,ENALAPRIL 10MG TAB CJAX140UND,FARM.GENERICOS,1.0,0.0,12.0,2024-09-16 15:49:55,9,9,Primavera
101410,ENALAPRIL 10MG TAB CJAX140UND,FARM.GENERICOS,0.0,46.0,4.14,2024-09-17 08:59:51,12,9,Primavera
101410,ENALAPRIL 10MG TAB CJAX140UND,FARM.GENERICOS,0.0,20.0,1.8,2024-09-17 11:11:37,5,9,Primavera
101410,ENALAPRIL 10MG TAB CJAX140UND,FARM.GENERICOS,1.0,0.0,12.0,2024-09-17 21:35:33,7,9,Primavera
101410,ENALAPRIL 10MG TAB CJAX140UND,FARM.GENERICOS,0.0,10.0,0.9,2024-09-17 22:38:57,4,9,Primavera
101410,ENALAPRIL 10MG TAB CJAX140UND,FARM.GENERICOS,1.0,0.0,12.0,2024-09-18 19:47:16,10,9,Primavera
101410,ENALAPRIL 10MG TAB CJAX140UND,FARM.GENERICOS,0.0,60.0,5.4,2024-09-19 13:07:01,3,9,Primavera
101410,ENALAPRIL 10MG TAB CJAX140UND,FARM.GENERICOS,0.0,10.0,0.9,2024-09-19 20:17:50,12,9,Primavera
101410,ENALAPRIL 10MG TAB CJAX140UND,FARM.GENERICOS,0.0,10.0,1.0,2024-09-20 14:47:26,9,9,Primavera
101410,ENALAPRIL 10MG TAB CJAX140UND,FARM.GENERICOS,0.0,50.0,4.5,2024-09-20 19:53:33,5,9,Primavera
101410,ENALAPRIL 10MG TAB CJAX140UND,FARM.GENERICOS,0.0,10.0,0.9,2024-09-20 20:26:35,5,9,Primavera
101410,ENALAPRIL 10MG TAB CJAX140UND,FARM.GENERICOS,0.0,10.0,1.0,2024-09-21 10:45:18,11,9,Primavera
101410,ENALAPRIL 10MG TAB CJAX140UND,FARM.GENERICOS,0.0,10.0,1.0,2024-09-21 11:30:05,6,9,Primavera
101410,ENALAPRIL 10MG TAB CJAX140UND,FARM.GENERICOS,0.0,50.0,5.0,2024-09-22 19:21:32,13,9,Primavera
101410,ENALAPRIL 10MG TAB CJAX140UND,FARM.GENERICOS,0.0,10.0,1.0,2024-09-23 09:30:17,9,9,Primavera
101410,ENALAPRIL 10MG TAB CJAX140UND,FARM.GENERICOS,0.0,120.0,12.0,2024-09-23 11:09:14,10,9,Primavera
101410,ENALAPRIL 10MG TAB CJAX140UND,FARM.GENERICOS,0.0,30.0,3.0,2024-09-23 13:39:49,9,9,Primavera
101410,ENALAPRIL 10MG TAB CJAX140UND,FARM.GENERICOS,0.0,10.0,1.0,2024-09-23 18:32:12,12,9,Primavera
101410,ENALAPRIL 10MG TAB CJAX140UND,FARM.GENERICOS,0.0,20.0,2.0,2024-09-23 23:19:28,4,9,Primavera
101410,ENALAPRIL 10MG TAB CJAX140UND,FARM.GENERICOS,1.0,0.0,10.6,2024-09-24 08:55:09,3,9,Primavera
101410,ENALAPRIL 10MG TAB CJAX140UND,FARM.GENERICOS,0.0,10.0,1.0,2024-09-24 11:56:37,11,9,Primavera
101410,ENALAPRIL 10MG TAB CJAX140UND,FARM.GENERICOS,0.0,10.0,1.0,2024-09-24 20:27:26,6,9,Primavera
101410,ENALAPRIL 10MG TAB CJAX140UND,FARM.GENERICOS,0.0,10.0,1.0,2024-09-25 12:01:07,11,9,Primavera
101410,ENALAPRIL 10MG TAB CJAX140UND,FARM.GENERICOS,1.0,0.0,10.6,2024-09-26 10:10:21,2,9,Primavera
101410,ENALAPRIL 10MG TAB CJAX140UND,FARM.GENERICOS,0.0,10.0,1.0,2024-09-26 11:51:40,12,9,Primavera
101410,ENALAPRIL 10MG TAB CJAX140UND,FARM.GENERICOS,0.0,5.0,0.5,2024-09-27 14:59:49,6,9,Primavera
101410,ENALAPRIL 10MG TAB CJAX140UND,FARM.GENERICOS,1.0,0.0,10.6,2024-09-27 16:53:04,2,9,Primavera
101410,ENALAPRIL 10MG TAB CJAX140UND,FARM.GENERICOS,0.0,10.0,1.0,2024-09-27 17:44:59,1,9,Primavera
101410,ENALAPRIL 10MG TAB CJAX140UND,FARM.GENERICOS,0.0,20.0,2.0,2024-09-27 18:42:10,5,9,Primavera
101410,ENALAPRIL 10MG TAB CJAX140UND,FARM.GENERICOS,0.0,10.0,1.0,2024-09-27 20:28:21,11,9,Primavera
101410,ENALAPRIL 10MG TAB CJAX140UND,FARM.GENERICOS,0.0,10.0,1.0,2024-09-28 09:03:49,9,9,Primavera
101410,ENALAPRIL 10MG TAB CJAX140UND,FARM.GENERICOS,0.0,10.0,1.0,2024-09-28 16:24:34,4,9,Primavera
101410,ENALAPRIL 10MG TAB CJAX140UND,FARM.GENERICOS,0.0,20.0,2.0,2024-09-28 16:34:19,9,9,Primavera
101410,ENALAPRIL 10MG TAB CJAX140UND,FARM.GENERICOS,0.0,10.0,1.0,2024-09-28 19:10:14,11,9,Primavera
101410,ENALAPRIL 10MG TAB CJAX140UND,FARM.GENERICOS,0.0,30.0,3.0,2024-09-28 20:50:21,3,9,Primavera
101410,ENALAPRIL 10MG TAB CJAX140UND,FARM.GENERICOS,0.0,20.0,2.0,2024-09-29 10:04:30,9,9,Primavera
101410,ENALAPRIL 10MG TAB CJAX140UND,FARM.GENERICOS,0.0,10.0,1.0,2024-09-29 10:52:19,8,9,Primavera
101410,ENALAPRIL 10MG TAB CJAX140UND,FARM.GENERICOS,0.0,30.0,3.0,2024-09-29 11:11:13,2,9,Primavera
101410,ENALAPRIL 10MG TAB CJAX140UND,FARM.GENERICOS,0.0,10.0,1.0,2024-09-29 16:33:25,4,9,Primavera
101410,ENALAPRIL 10MG TAB CJAX140UND,FARM.GENERICOS,0.0,10.0,1.0,2024-09-29 16:51:13,2,9,Primavera
101410,ENALAPRIL 10MG TAB CJAX140UND,FARM.GENERICOS,0.0,10.0,1.0,2024-09-30 16:18:10,5,9,Primavera
101410,ENALAPRIL 10MG TAB CJAX140UND,FARM.GENERICOS,0.0,10.0,1.0,2024-09-30 17:42:04,1,9,Primavera
101410,ENALAPRIL 10MG TAB CJAX140UND,FARM.GENERICOS,0.0,10.0,1.0,2024-09-30 18:38:26,5,9,Primavera
101410,ENALAPRIL 10MG TAB CJAX140UND,FARM.GENERICOS,1.0,0.0,10.6,2024-10-02 07:56:48,9,10,Primavera
101410,ENALAPRIL 10MG TAB CJAX140UND,FARM.GENERICOS,0.0,60.0,6.0,2024-10-02 20:28:07,5,10,Primavera
101410,ENALAPRIL 10MG TAB CJAX140UND,FARM.GENERICOS,0.0,10.0,1.0,2024-10-03 09:37:01,5,10,Primavera
101410,ENALAPRIL 10MG TAB CJAX140UND,FARM.GENERICOS,0.0,70.0,7.0,2024-10-03 10:29:50,5,10,Primavera
101410,ENALAPRIL 10MG TAB CJAX140UND,FARM.GENERICOS,0.0,10.0,1.0,2024-10-03 23:17:13,4,10,Primavera
101410,ENALAPRIL 10MG TAB CJAX140UND,FARM.GENERICOS,0.0,10.0,1.0,2024-10-04 10:45:47,5,10,Primavera
101410,ENALAPRIL 10MG TAB CJAX140UND,FARM.GENERICOS,1.0,0.0,10.07,2024-10-05 08:31:56,2,10,Primavera
101410,ENALAPRIL 10MG TAB CJAX140UND,FARM.GENERICOS,1.0,0.0,10.6,2024-10-05 17:42:24,5,10,Primavera
101410,ENALAPRIL 10MG TAB CJAX140UND,FARM.GENERICOS,0.0,10.0,1.0,2024-10-05 20:35:51,11,10,Primavera
101410,ENALAPRIL 10MG TAB CJAX140UND,FARM.GENERICOS,0.0,50.0,5.0,2024-10-05 20:57:02,5,10,Primavera
101410,ENALAPRIL 10MG TAB CJAX140UND,FARM.GENERICOS,0.0,10.0,1.0,2024-10-05 23:01:24,12,10,Primavera
101410,ENALAPRIL 10MG TAB CJAX140UND,FARM.GENERICOS,0.0,50.0,5.0,2024-10-05 23:50:06,4,10,Primavera
101410,ENALAPRIL 10MG TAB CJAX140UND,FARM.GENERICOS,0.0,10.0,1.0,2024-10-06 11:00:44,9,10,Primavera
101410,ENALAPRIL 10MG TAB CJAX140UND,FARM.GENERICOS,0.0,10.0,1.0,2024-10-06 19:18:18,12,10,Primavera
101410,ENALAPRIL 10MG TAB CJAX140UND,FARM.GENERICOS,0.0,30.0,3.0,2024-10-06 20:11:07,6,10,Primavera
101410,ENALAPRIL 10MG TAB CJAX140UND,FARM.GENERICOS,0.0,10.0,1.0,2024-10-06 20:11:26,6,10,Primavera
101410,ENALAPRIL 10MG TAB CJAX140UND,FARM.GENERICOS,0.0,10.0,1.0,2024-10-06 20:29:47,6,10,Primavera
101410,ENALAPRIL 10MG TAB CJAX140UND,FARM.GENERICOS,1.0,0.0,10.6,2024-10-07 16:56:56,7,10,Primavera
101410,ENALAPRIL 10MG TAB CJAX140UND,FARM.GENERICOS,0.0,10.0,1.0,2024-10-07 19:12:46,11,10,Primavera
101410,ENALAPRIL 10MG TAB CJAX140UND,FARM.GENERICOS,0.0,10.0,1.0,2024-10-08 18:21:05,9,10,Primavera
101410,ENALAPRIL 10MG TAB CJAX140UND,FARM.GENERICOS,0.0,20.0,2.0,2024-10-08 19:31:46,2,10,Primavera
101410,ENALAPRIL 10MG TAB CJAX140UND,FARM.GENERICOS,0.0,120.0,12.0,2024-10-09 17:33:51,2,10,Primavera
101410,ENALAPRIL 10MG TAB CJAX140UND,FARM.GENERICOS,0.0,20.0,2.0,2024-10-10 19:06:41,5,10,Primavera
101410,ENALAPRIL 10MG TAB CJAX140UND,FARM.GENERICOS,0.0,10.0,1.0,2024-10-10 21:01:06,4,10,Primavera
101410,ENALAPRIL 10MG TAB CJAX140UND,FARM.GENERICOS,1.0,0.0,10.6,2024-10-11 09:16:55,10,10,Primavera
101410,ENALAPRIL 10MG TAB CJAX140UND,FARM.GENERICOS,0.0,40.0,4.0,2024-10-11 15:46:07,12,10,Primavera
101410,ENALAPRIL 10MG TAB CJAX140UND,FARM.GENERICOS,0.0,10.0,1.0,2024-10-11 18:49:28,9,10,Primavera
101410,ENALAPRIL 10MG TAB CJAX140UND,FARM.GENERICOS,0.0,10.0,1.0,2024-10-11 19:02:32,3,10,Primavera
101410,ENALAPRIL 10MG TAB CJAX140UND,FARM.GENERICOS,0.0,10.0,1.0,2024-10-12 13:14:42,11,10,Primavera
101410,ENALAPRIL 10MG TAB CJAX140UND,FARM.GENERICOS,0.0,10.0,1.0,2024-10-12 19:28:19,11,10,Primavera
101410,ENALAPRIL 10MG TAB CJAX140UND,FARM.GENERICOS,0.0,30.0,3.0,2024-10-13 18:54:07,6,10,Primavera
101410,ENALAPRIL 10MG TAB CJAX140UND,FARM.GENERICOS,0.0,20.0,2.0,2024-10-14 12:54:01,5,10,Primavera
101410,ENALAPRIL 10MG TAB CJAX140UND,FARM.GENERICOS,0.0,10.0,1.0,2024-10-15 09:00:29,9,10,Primavera
101410,ENALAPRIL 10MG TAB CJAX140UND,FARM.GENERICOS,0.0,10.0,1.0,2024-10-15 10:31:12,9,10,Primavera
101410,ENALAPRIL 10MG TAB CJAX140UND,FARM.GENERICOS,0.0,10.0,1.0,2024-10-15 22:25:00,9,10,Primavera
101410,ENALAPRIL 10MG TAB CJAX140UND,FARM.GENERICOS,0.0,30.0,2.7,2024-10-16 21:40:44,1,10,Primavera
101410,ENALAPRIL 10MG TAB CJAX140UND,FARM.GENERICOS,0.0,10.0,1.0,2024-10-16 21:52:09,4,10,Primavera
101410,ENALAPRIL 10MG TAB CJAX140UND,FARM.GENERICOS,0.0,1.0,0.1,2024-10-17 13:27:04,11,10,Primavera
101410,ENALAPRIL 10MG TAB CJAX140UND,FARM.GENERICOS,0.0,9.0,0.9,2024-10-17 13:29:22,11,10,Primavera
101410,ENALAPRIL 10MG TAB CJAX140UND,FARM.GENERICOS,0.0,20.0,2.0,2024-10-18 15:12:36,9,10,Primavera
101410,ENALAPRIL 10MG TAB CJAX140UND,FARM.GENERICOS,0.0,40.0,4.0,2024-10-19 08:49:46,3,10,Primavera
101410,ENALAPRIL 10MG TAB CJAX140UND,FARM.GENERICOS,0.0,20.0,2.0,2024-10-19 21:03:57,2,10,Primavera
101410,ENALAPRIL 10MG TAB CJAX140UND,FARM.GENERICOS,0.0,10.0,1.0,2024-10-20 10:53:18,2,10,Primavera
101410,ENALAPRIL 10MG TAB CJAX140UND,FARM.GENERICOS,0.0,20.0,2.0,2024-10-20 17:15:27,5,10,Primavera
101410,ENALAPRIL 10MG TAB CJAX140UND,FARM.GENERICOS,0.0,10.0,1.0,2024-10-20 19:41:15,10,10,Primavera
101410,ENALAPRIL 10MG TAB CJAX140UND,FARM.GENERICOS,0.0,10.0,1.0,2024-10-21 22:02:02,11,10,Primavera
101410,ENALAPRIL 10MG TAB CJAX140UND,FARM.GENERICOS,2.0,0.0,21.2,2024-10-22 12:52:59,1,10,Primavera
101410,ENALAPRIL 10MG TAB CJAX140UND,FARM.GENERICOS,0.0,10.0,1.0,2024-10-22 17:38:03,2,10,Primavera
101410,ENALAPRIL 10MG TAB CJAX140UND,FARM.GENERICOS,0.0,10.0,1.0,2024-10-23 16:01:00,10,10,Primavera
101410,ENALAPRIL 10MG TAB CJAX140UND,FARM.GENERICOS,0.0,20.0,2.0,2024-10-23 19:30:19,7,10,Primavera
101410,ENALAPRIL 10MG TAB CJAX140UND,FARM.GENERICOS,0.0,10.0,1.0,2024-10-24 09:10:00,10,10,Primavera
101410,ENALAPRIL 10MG TAB CJAX140UND,FARM.GENERICOS,1.0,0.0,10.6,2024-10-24 12:53:28,5,10,Primavera
101410,ENALAPRIL 10MG TAB CJAX140UND,FARM.GENERICOS,1.0,0.0,10.6,2024-10-24 17:14:56,1,10,Primavera
101410,ENALAPRIL 10MG TAB CJAX140UND,FARM.GENERICOS,0.0,10.0,1.0,2024-10-24 17:52:08,1,10,Primavera
101410,ENALAPRIL 10MG TAB CJAX140UND,FARM.GENERICOS,0.0,20.0,2.0,2024-10-24 19:04:59,5,10,Primavera
101410,ENALAPRIL 10MG TAB CJAX140UND,FARM.GENERICOS,0.0,50.0,5.0,2024-10-24 20:56:03,5,10,Primavera
101410,ENALAPRIL 10MG TAB CJAX140UND,FARM.GENERICOS,0.0,10.0,1.0,2024-10-25 18:11:19,2,10,Primavera
101410,ENALAPRIL 10MG TAB CJAX140UND,FARM.GENERICOS,0.0,10.0,1.0,2024-10-25 20:03:01,10,10,Primavera
101410,ENALAPRIL 10MG TAB CJAX140UND,FARM.GENERICOS,0.0,20.0,2.0,2024-10-25 20:06:49,10,10,Primavera
101410,ENALAPRIL 10MG TAB CJAX140UND,FARM.GENERICOS,0.0,10.0,1.0,2024-10-25 20:19:43,6,10,Primavera
101410,ENALAPRIL 10MG TAB CJAX140UND,FARM.GENERICOS,0.0,10.0,1.0,2024-10-25 21:38:13,11,10,Primavera
101410,ENALAPRIL 10MG TAB CJAX140UND,FARM.GENERICOS,0.0,10.0,1.0,2024-10-26 12:13:37,11,10,Primavera
101410,ENALAPRIL 10MG TAB CJAX140UND,FARM.GENERICOS,0.0,20.0,2.0,2024-10-26 12:52:06,12,10,Primavera
101410,ENALAPRIL 10MG TAB CJAX140UND,FARM.GENERICOS,0.0,20.0,2.0,2024-10-26 20:35:24,1,10,Primavera
101410,ENALAPRIL 10MG TAB CJAX140UND,FARM.GENERICOS,0.0,10.0,1.0,2024-10-27 11:04:04,9,10,Primavera
101410,ENALAPRIL 10MG TAB CJAX140UND,FARM.GENERICOS,0.0,20.0,2.0,2024-10-27 19:40:38,5,10,Primavera
101410,ENALAPRIL 10MG TAB CJAX140UND,FARM.GENERICOS,0.0,10.0,1.0,2024-10-27 19:47:49,11,10,Primavera
101410,ENALAPRIL 10MG TAB CJAX140UND,FARM.GENERICOS,0.0,10.0,1.0,2024-10-28 09:04:58,6,10,Primavera
101410,ENALAPRIL 10MG TAB CJAX140UND,FARM.GENERICOS,0.0,20.0,2.0,2024-10-28 09:48:29,4,10,Primavera
101410,ENALAPRIL 10MG TAB CJAX140UND,FARM.GENERICOS,0.0,30.0,3.0,2024-10-28 18:28:15,6,10,Primavera
101410,ENALAPRIL 10MG TAB CJAX140UND,FARM.GENERICOS,0.0,10.0,1.0,2024-10-28 21:01:43,2,10,Primavera
101410,ENALAPRIL 10MG TAB CJAX140UND,FARM.GENERICOS,1.0,0.0,10.6,2024-10-29 14:49:07,10,10,Primavera
101410,ENALAPRIL 10MG TAB CJAX140UND,FARM.GENERICOS,0.0,10.0,1.0,2024-10-29 19:38:19,11,10,Primavera
101410,ENALAPRIL 10MG TAB CJAX140UND,FARM.GENERICOS,0.0,1.0,0.1,2024-10-30 14:15:44,9,10,Primavera
101410,ENALAPRIL 10MG TAB CJAX140UND,FARM.GENERICOS,0.0,10.0,1.0,2024-10-30 17:26:44,3,10,Primavera
101410,ENALAPRIL 10MG TAB CJAX140UND,FARM.GENERICOS,0.0,20.0,2.0,2024-10-30 20:58:08,2,10,Primavera
101410,ENALAPRIL 10MG TAB CJAX140UND,FARM.GENERICOS,0.0,10.0,1.0,2024-10-31 10:19:48,11,10,Primavera
101410,ENALAPRIL 10MG TAB CJAX140UND,FARM.GENERICOS,1.0,0.0,10.6,2024-10-31 18:12:04,2,10,Primavera
101410,ENALAPRIL 10MG TAB CJAX140UND,FARM.GENERICOS,0.0,10.0,1.0,2024-10-31 20:54:39,10,10,Primavera
101410,ENALAPRIL 10MG TAB CJAX140UND,FARM.GENERICOS,0.0,20.0,2.0,2024-11-02 08:29:29,7,11,Primavera
101410,ENALAPRIL 10MG TAB CJAX140UND,FARM.GENERICOS,0.0,50.0,5.0,2024-11-02 08:50:39,9,11,Primavera
101410,ENALAPRIL 10MG TAB CJAX140UND,FARM.GENERICOS,0.0,20.0,1.8,2024-11-02 11:24:24,2,11,Primavera
101410,ENALAPRIL 10MG TAB CJAX140UND,FARM.GENERICOS,0.0,40.0,4.0,2024-11-02 18:00:00,13,11,Primavera
101410,ENALAPRIL 10MG TAB CJAX140UND,FARM.GENERICOS,0.0,20.0,2.0,2024-11-02 18:42:43,6,11,Primavera
101410,ENALAPRIL 10MG TAB CJAX140UND,FARM.GENERICOS,0.0,10.0,1.0,2024-11-02 19:45:42,11,11,Primavera
101410,ENALAPRIL 10MG TAB CJAX140UND,FARM.GENERICOS,0.0,50.0,5.0,2024-11-02 21:23:54,14,11,Primavera
101410,ENALAPRIL 10MG TAB CJAX140UND,FARM.GENERICOS,0.0,10.0,1.0,2024-11-03 15:18:40,12,11,Primavera
101410,ENALAPRIL 10MG TAB CJAX140UND,FARM.GENERICOS,0.0,40.0,4.0,2024-11-03 20:02:43,5,11,Primavera
101410,ENALAPRIL 10MG TAB CJAX140UND,FARM.GENERICOS,0.0,10.0,1.0,2024-11-05 07:41:34,4,11,Primavera
101410,ENALAPRIL 10MG TAB CJAX140UND,FARM.GENERICOS,1.0,0.0,10.6,2024-11-05 17:06:26,5,11,Primavera
101410,ENALAPRIL 10MG TAB CJAX140UND,FARM.GENERICOS,0.0,10.0,1.0,2024-11-06 10:29:32,9,11,Primavera
101410,ENALAPRIL 10MG TAB CJAX140UND,FARM.GENERICOS,0.0,1.0,0.1,2024-11-06 18:14:09,2,11,Primavera
101410,ENALAPRIL 10MG TAB CJAX140UND,FARM.GENERICOS,0.0,10.0,1.0,2024-11-06 18:53:18,7,11,Primavera
101410,ENALAPRIL 10MG TAB CJAX140UND,FARM.GENERICOS,0.0,10.0,1.0,2024-11-06 19:12:38,2,11,Primavera
101410,ENALAPRIL 10MG TAB CJAX140UND,FARM.GENERICOS,0.0,10.0,1.0,2024-11-06 21:03:04,11,11,Primavera
101410,ENALAPRIL 10MG TAB CJAX140UND,FARM.GENERICOS,0.0,10.0,1.0,2024-11-07 07:51:33,5,11,Primavera
101410,ENALAPRIL 10MG TAB CJAX140UND,FARM.GENERICOS,0.0,20.0,2.0,2024-11-07 08:10:11,10,11,Primavera
101410,ENALAPRIL 10MG TAB CJAX140UND,FARM.GENERICOS,0.0,70.0,7.0,2024-11-07 12:18:16,5,11,Primavera
101410,ENALAPRIL 10MG TAB CJAX140UND,FARM.GENERICOS,0.0,10.0,1.0,2024-11-08 21:20:46,7,11,Primavera
101410,ENALAPRIL 10MG TAB CJAX140UND,FARM.GENERICOS,0.0,10.0,1.0,2024-11-09 11:07:50,3,11,Primavera
101410,ENALAPRIL 10MG TAB CJAX140UND,FARM.GENERICOS,0.0,10.0,0.8,2024-11-09 13:36:08,9,11,Primavera
101410,ENALAPRIL 10MG TAB CJAX140UND,FARM.GENERICOS,0.0,50.0,5.0,2024-11-09 14:54:57,3,11,Primavera
101410,ENALAPRIL 10MG TAB CJAX140UND,FARM.GENERICOS,1.0,0.0,9.5,2024-11-09 14:59:38,12,11,Primavera
101410,ENALAPRIL 10MG TAB CJAX140UND,FARM.GENERICOS,0.0,20.0,1.6,2024-11-10 07:30:08,6,11,Primavera
101410,ENALAPRIL 10MG TAB CJAX140UND,FARM.GENERICOS,0.0,10.0,0.8,2024-11-10 07:37:54,4,11,Primavera
101410,ENALAPRIL 10MG TAB CJAX140UND,FARM.GENERICOS,0.0,10.0,0.8,2024-11-10 08:20:16,11,11,Primavera
101410,ENALAPRIL 10MG TAB CJAX140UND,FARM.GENERICOS,0.0,10.0,0.8,2024-11-10 10:28:36,7,11,Primavera
101410,ENALAPRIL 10MG TAB CJAX140UND,FARM.GENERICOS,0.0,10.0,0.8,2024-11-10 17:27:35,5,11,Primavera
101410,ENALAPRIL 10MG TAB CJAX140UND,FARM.GENERICOS,0.0,10.0,0.8,2024-11-10 18:22:13,9,11,Primavera
101410,ENALAPRIL 10MG TAB CJAX140UND,FARM.GENERICOS,0.0,40.0,3.2,2024-11-11 08:22:55,5,11,Primavera
101410,ENALAPRIL 10MG TAB CJAX140UND,FARM.GENERICOS,0.0,10.0,0.8,2024-11-11 18:56:43,2,11,Primavera
101410,ENALAPRIL 10MG TAB CJAX140UND,FARM.GENERICOS,0.0,60.0,4.8,2024-11-11 19:35:02,8,11,Primavera
101410,ENALAPRIL 10MG TAB CJAX140UND,FARM.GENERICOS,0.0,10.0,0.8,2024-11-12 10:37:52,2,11,Primavera
101410,ENALAPRIL 10MG TAB CJAX140UND,FARM.GENERICOS,0.0,20.0,1.6,2024-11-12 21:28:14,5,11,Primavera
101410,ENALAPRIL 10MG TAB CJAX140UND,FARM.GENERICOS,0.0,10.0,0.8,2024-11-14 19:05:11,11,11,Primavera
101410,ENALAPRIL 10MG TAB CJAX140UND,FARM.GENERICOS,0.0,10.0,0.8,2024-11-14 19:55:44,1,11,Primavera
101410,ENALAPRIL 10MG TAB CJAX140UND,FARM.GENERICOS,0.0,30.0,2.4,2024-11-15 07:41:27,7,11,Primavera
101410,ENALAPRIL 10MG TAB CJAX140UND,FARM.GENERICOS,0.0,10.0,0.8,2024-11-15 07:52:36,10,11,Primavera
101410,ENALAPRIL 10MG TAB CJAX140UND,FARM.GENERICOS,0.0,20.0,1.6,2024-11-16 16:56:50,6,11,Primavera
101410,ENALAPRIL 10MG TAB CJAX140UND,FARM.GENERICOS,0.0,40.0,3.2,2024-11-17 11:15:13,5,11,Primavera
101410,ENALAPRIL 10MG TAB CJAX140UND,FARM.GENERICOS,0.0,10.0,0.8,2024-11-18 08:40:58,13,11,Primavera
101410,ENALAPRIL 10MG TAB CJAX140UND,FARM.GENERICOS,1.0,0.0,10.0,2024-11-19 12:52:11,1,11,Primavera
101410,ENALAPRIL 10MG TAB CJAX140UND,FARM.GENERICOS,0.0,10.0,0.8,2024-11-21 09:59:16,9,11,Primavera
101410,ENALAPRIL 10MG TAB CJAX140UND,FARM.GENERICOS,1.0,0.0,10.0,2024-11-21 09:59:47,12,11,Primavera
101410,ENALAPRIL 10MG TAB CJAX140UND,FARM.GENERICOS,0.0,15.0,1.2,2024-11-21 21:12:03,11,11,Primavera
101410,ENALAPRIL 10MG TAB CJAX140UND,FARM.GENERICOS,0.0,60.0,4.8,2024-11-22 12:53:36,2,11,Primavera
101410,ENALAPRIL 10MG TAB CJAX140UND,FARM.GENERICOS,0.0,10.0,0.8,2024-11-22 14:22:55,4,11,Primavera
101410,ENALAPRIL 10MG TAB CJAX140UND,FARM.GENERICOS,0.0,10.0,0.8,2024-11-22 20:07:40,7,11,Primavera
101410,ENALAPRIL 10MG TAB CJAX140UND,FARM.GENERICOS,0.0,10.0,0.8,2024-11-22 20:52:01,11,11,Primavera
101410,ENALAPRIL 10MG TAB CJAX140UND,FARM.GENERICOS,1.0,0.0,10.0,2024-11-23 08:42:32,10,11,Primavera
101410,ENALAPRIL 10MG TAB CJAX140UND,FARM.GENERICOS,0.0,10.0,0.8,2024-11-23 09:11:17,1,11,Primavera
101410,ENALAPRIL 10MG TAB CJAX140UND,FARM.GENERICOS,0.0,10.0,0.8,2024-11-24 10:09:01,11,11,Primavera
101410,ENALAPRIL 10MG TAB CJAX140UND,FARM.GENERICOS,0.0,10.0,0.8,2024-11-24 19:17:39,11,11,Primavera
101410,ENALAPRIL 10MG TAB CJAX140UND,FARM.GENERICOS,0.0,20.0,1.6,2024-11-24 20:31:02,1,11,Primavera
101410,ENALAPRIL 10MG TAB CJAX140UND,FARM.GENERICOS,0.0,140.0,11.2,2024-11-25 10:46:48,10,11,Primavera
101410,ENALAPRIL 10MG TAB CJAX140UND,FARM.GENERICOS,0.0,10.0,0.8,2024-11-25 11:10:19,12,11,Primavera
101410,ENALAPRIL 10MG TAB CJAX140UND,FARM.GENERICOS,0.0,30.0,2.4,2024-11-25 11:13:32,12,11,Primavera
101410,ENALAPRIL 10MG TAB CJAX140UND,FARM.GENERICOS,0.0,10.0,0.8,2024-11-25 20:01:41,10,11,Primavera
101410,ENALAPRIL 10MG TAB CJAX140UND,FARM.GENERICOS,0.0,20.0,1.6,2024-11-25 20:06:05,5,11,Primavera
101410,ENALAPRIL 10MG TAB CJAX140UND,FARM.GENERICOS,0.0,10.0,0.8,2024-11-26 10:23:04,9,11,Primavera
101410,ENALAPRIL 10MG TAB CJAX140UND,FARM.GENERICOS,0.0,20.0,1.6,2024-11-26 21:15:10,12,11,Primavera
101410,ENALAPRIL 10MG TAB CJAX140UND,FARM.GENERICOS,0.0,10.0,0.8,2024-11-26 21:21:04,11,11,Primavera
101410,ENALAPRIL 10MG TAB CJAX140UND,FARM.GENERICOS,0.0,30.0,2.4,2024-11-28 10:46:32,5,11,Primavera
101410,ENALAPRIL 10MG TAB CJAX140UND,FARM.GENERICOS,1.0,0.0,9.5,2024-11-29 11:36:47,2,11,Primavera
101410,ENALAPRIL 10MG TAB CJAX140UND,FARM.GENERICOS,0.0,10.0,0.8,2024-11-29 13:06:12,1,11,Primavera
101410,ENALAPRIL 10MG TAB CJAX140UND,FARM.GENERICOS,0.0,10.0,0.8,2024-11-29 16:52:27,5,11,Primavera
101410,ENALAPRIL 10MG TAB CJAX140UND,FARM.GENERICOS,0.0,20.0,1.6,2024-11-30 11:03:53,12,11,Primavera
101410,ENALAPRIL 10MG TAB CJAX140UND,FARM.GENERICOS,0.0,10.0,0.8,2024-11-30 20:12:16,6,11,Primavera
101410,ENALAPRIL 10MG TAB CJAX140UND,FARM.GENERICOS,0.0,10.0,0.8,2024-12-01 08:22:31,11,12,Verano
101410,ENALAPRIL 10MG TAB CJAX140UND,FARM.GENERICOS,0.0,60.0,4.8,2024-12-02 20:53:12,13,12,Verano
101410,ENALAPRIL 10MG TAB CJAX140UND,FARM.GENERICOS,0.0,40.0,3.2,2024-12-02 21:22:28,1,12,Verano
101410,ENALAPRIL 10MG TAB CJAX140UND,FARM.GENERICOS,0.0,10.0,0.8,2024-12-02 21:31:31,13,12,Verano
101410,ENALAPRIL 10MG TAB CJAX140UND,FARM.GENERICOS,0.0,10.0,0.8,2024-12-04 11:30:27,11,12,Verano
101410,ENALAPRIL 10MG TAB CJAX140UND,FARM.GENERICOS,0.0,50.0,4.0,2024-12-04 12:45:31,3,12,Verano
101410,ENALAPRIL 10MG TAB CJAX140UND,FARM.GENERICOS,0.0,30.0,2.4,2024-12-04 19:28:00,8,12,Verano
101410,ENALAPRIL 10MG TAB CJAX140UND,FARM.GENERICOS,0.0,10.0,0.8,2024-12-04 19:51:45,11,12,Verano
101410,ENALAPRIL 10MG TAB CJAX140UND,FARM.GENERICOS,1.0,0.0,10.0,2024-12-04 21:43:24,5,12,Verano
101410,ENALAPRIL 10MG TAB CJAX140UND,FARM.GENERICOS,0.0,10.0,0.8,2024-12-04 22:39:21,4,12,Verano
101410,ENALAPRIL 10MG TAB CJAX140UND,FARM.GENERICOS,0.0,20.0,1.6,2024-12-05 18:22:33,4,12,Verano
101410,ENALAPRIL 10MG TAB CJAX140UND,FARM.GENERICOS,0.0,40.0,3.2,2024-12-05 19:36:13,1,12,Verano
101410,ENALAPRIL 10MG TAB CJAX140UND,FARM.GENERICOS,0.0,30.0,2.4,2024-12-06 08:34:41,3,12,Verano
101410,ENALAPRIL 10MG TAB CJAX140UND,FARM.GENERICOS,0.0,60.0,4.8,2024-12-06 09:42:40,5,12,Verano
101410,ENALAPRIL 10MG TAB CJAX140UND,FARM.GENERICOS,0.0,10.0,0.8,2024-12-06 10:58:53,4,12,Verano
101410,ENALAPRIL 10MG TAB CJAX140UND,FARM.GENERICOS,0.0,10.0,0.8,2024-12-06 20:20:34,11,12,Verano
101410,ENALAPRIL 10MG TAB CJAX140UND,FARM.GENERICOS,0.0,10.0,0.8,2024-12-06 21:00:20,7,12,Verano
101410,ENALAPRIL 10MG TAB CJAX140UND,FARM.GENERICOS,0.0,20.0,1.6,2024-12-07 09:57:27,12,12,Verano
101410,ENALAPRIL 10MG TAB CJAX140UND,FARM.GENERICOS,1.0,0.0,10.0,2024-12-07 13:37:56,2,12,Verano
101410,ENALAPRIL 10MG TAB CJAX140UND,FARM.GENERICOS,0.0,10.0,0.8,2024-12-07 17:06:04,14,12,Verano
101410,ENALAPRIL 10MG TAB CJAX140UND,FARM.GENERICOS,1.0,0.0,10.0,2024-12-07 19:03:13,12,12,Verano
101410,ENALAPRIL 10MG TAB CJAX140UND,FARM.GENERICOS,0.0,20.0,1.6,2024-12-07 20:21:22,3,12,Verano
101410,ENALAPRIL 10MG TAB CJAX140UND,FARM.GENERICOS,0.0,30.0,2.4,2024-12-08 09:35:45,5,12,Verano
101410,ENALAPRIL 10MG TAB CJAX140UND,FARM.GENERICOS,0.0,10.0,0.8,2024-12-09 08:55:16,13,12,Verano
101410,ENALAPRIL 10MG TAB CJAX140UND,FARM.GENERICOS,0.0,50.0,4.0,2024-12-09 10:50:00,6,12,Verano
101410,ENALAPRIL 10MG TAB CJAX140UND,FARM.GENERICOS,0.0,12.0,0.96,2024-12-09 15:48:45,5,12,Verano
101410,ENALAPRIL 10MG TAB CJAX140UND,FARM.GENERICOS,0.0,10.0,0.8,2024-12-10 09:08:18,9,12,Verano
101410,ENALAPRIL 10MG TAB CJAX140UND,FARM.GENERICOS,0.0,60.0,4.8,2024-12-10 18:03:15,8,12,Verano
101410,ENALAPRIL 10MG TAB CJAX140UND,FARM.GENERICOS,0.0,10.0,0.8,2024-12-10 18:55:37,11,12,Verano
101410,ENALAPRIL 10MG TAB CJAX140UND,FARM.GENERICOS,1.0,0.0,10.0,2024-12-11 12:48:14,3,12,Verano
101410,ENALAPRIL 10MG TAB CJAX140UND,FARM.GENERICOS,1.0,0.0,10.0,2024-12-11 19:03:45,10,12,Verano
101410,ENALAPRIL 10MG TAB CJAX140UND,FARM.GENERICOS,0.0,10.0,0.8,2024-12-12 08:53:11,4,12,Verano
101410,ENALAPRIL 10MG TAB CJAX140UND,FARM.GENERICOS,1.0,0.0,10.0,2024-12-12 18:40:47,2,12,Verano
101410,ENALAPRIL 10MG TAB CJAX140UND,FARM.GENERICOS,1.0,0.0,10.0,2024-12-13 19:09:56,5,12,Verano
101410,ENALAPRIL 10MG TAB CJAX140UND,FARM.GENERICOS,0.0,10.0,0.8,2024-12-13 19:15:10,12,12,Verano
101410,ENALAPRIL 10MG TAB CJAX140UND,FARM.GENERICOS,0.0,10.0,0.8,2024-12-13 20:59:21,9,12,Verano
101410,ENALAPRIL 10MG TAB CJAX140UND,FARM.GENERICOS,0.0,10.0,0.8,2024-12-13 21:21:46,3,12,Verano
101410,ENALAPRIL 10MG TAB CJAX140UND,FARM.GENERICOS,0.0,10.0,0.8,2024-12-13 21:29:35,11,12,Verano
101410,ENALAPRIL 10MG TAB CJAX140UND,FARM.GENERICOS,0.0,10.0,0.8,2024-12-13 21:46:44,9,12,Verano
101410,ENALAPRIL 10MG TAB CJAX140UND,FARM.GENERICOS,0.0,10.0,0.8,2024-12-14 18:08:35,12,12,Verano
101410,ENALAPRIL 10MG TAB CJAX140UND,FARM.GENERICOS,1.0,0.0,10.0,2024-12-14 18:29:46,2,12,Verano
101410,ENALAPRIL 10MG TAB CJAX140UND,FARM.GENERICOS,0.0,10.0,0.8,2024-12-15 09:21:36,11,12,Verano
101410,ENALAPRIL 10MG TAB CJAX140UND,FARM.GENERICOS,0.0,5.0,0.4,2024-12-15 18:44:36,3,12,Verano
101410,ENALAPRIL 10MG TAB CJAX140UND,FARM.GENERICOS,0.0,10.0,0.8,2024-12-15 20:00:43,11,12,Verano
101410,ENALAPRIL 10MG TAB CJAX140UND,FARM.GENERICOS,0.0,10.0,0.8,2024-12-16 09:16:54,6,12,Verano
101410,ENALAPRIL 10MG TAB CJAX140UND,FARM.GENERICOS,0.0,70.0,5.6,2024-12-16 18:52:22,2,12,Verano
101410,ENALAPRIL 10MG TAB CJAX140UND,FARM.GENERICOS,0.0,10.0,0.8,2024-12-16 21:16:45,3,12,Verano
101410,ENALAPRIL 10MG TAB CJAX140UND,FARM.GENERICOS,1.0,0.0,10.0,2024-12-17 20:32:38,7,12,Verano
101410,ENALAPRIL 10MG TAB CJAX140UND,FARM.GENERICOS,0.0,94.0,7.52,2024-12-18 20:06:57,12,12,Verano
101410,ENALAPRIL 10MG TAB CJAX140UND,FARM.GENERICOS,0.0,10.0,0.8,2024-12-18 21:28:42,13,12,Verano
101410,ENALAPRIL 10MG TAB CJAX140UND,FARM.GENERICOS,0.0,10.0,0.8,2024-12-18 22:11:26,7,12,Verano
101410,ENALAPRIL 10MG TAB CJAX140UND,FARM.GENERICOS,0.0,20.0,1.6,2024-12-19 12:32:45,4,12,Verano
101410,ENALAPRIL 10MG TAB CJAX140UND,FARM.GENERICOS,0.0,20.0,1.6,2024-12-19 18:04:26,10,12,Verano
101410,ENALAPRIL 10MG TAB CJAX140UND,FARM.GENERICOS,0.0,20.0,1.6,2024-12-19 21:37:23,3,12,Verano
101410,ENALAPRIL 10MG TAB CJAX140UND,FARM.GENERICOS,0.0,12.0,0.96,2024-12-20 17:54:20,5,12,Verano
101410,ENALAPRIL 10MG TAB CJAX140UND,FARM.GENERICOS,0.0,10.0,0.8,2024-12-21 14:55:29,11,12,Verano
101410,ENALAPRIL 10MG TAB CJAX140UND,FARM.GENERICOS,0.0,10.0,0.8,2024-12-22 08:46:16,2,12,Verano
101410,ENALAPRIL 10MG TAB CJAX140UND,FARM.GENERICOS,0.0,5.0,0.4,2024-12-22 09:23:22,3,12,Verano
101410,ENALAPRIL 10MG TAB CJAX140UND,FARM.GENERICOS,0.0,30.0,2.4,2024-12-22 17:46:58,5,12,Verano
101410,ENALAPRIL 10MG TAB CJAX140UND,FARM.GENERICOS,0.0,1.0,0.08,2024-12-24 16:12:04,10,12,Verano
101410,ENALAPRIL 10MG TAB CJAX140UND,FARM.GENERICOS,0.0,10.0,0.8,2024-12-24 18:42:33,11,12,Verano
101410,ENALAPRIL 10MG TAB CJAX140UND,FARM.GENERICOS,0.0,10.0,0.8,2024-12-24 19:38:37,9,12,Verano
101410,ENALAPRIL 10MG TAB CJAX140UND,FARM.GENERICOS,0.0,10.0,0.8,2024-12-25 18:48:58,13,12,Verano
101410,ENALAPRIL 10MG TAB CJAX140UND,FARM.GENERICOS,0.0,50.0,4.0,2024-12-26 07:42:28,14,12,Verano
101410,ENALAPRIL 10MG TAB CJAX140UND,FARM.GENERICOS,0.0,80.0,6.4,2024-12-26 08:08:11,14,12,Verano
101410,ENALAPRIL 10MG TAB CJAX140UND,FARM.GENERICOS,0.0,10.0,0.8,2024-12-26 14:03:07,11,12,Verano
101410,ENALAPRIL 10MG TAB CJAX140UND,FARM.GENERICOS,0.0,10.0,0.8,2024-12-26 16:36:21,7,12,Verano
101410,ENALAPRIL 10MG TAB CJAX140UND,FARM.GENERICOS,0.0,10.0,0.8,2024-12-26 19:48:02,11,12,Verano
101410,ENALAPRIL 10MG TAB CJAX140UND,FARM.GENERICOS,0.0,20.0,1.6,2024-12-26 21:54:50,6,12,Verano
101410,ENALAPRIL 10MG TAB CJAX140UND,FARM.GENERICOS,0.0,20.0,1.6,2024-12-27 14:12:11,3,12,Verano
101410,ENALAPRIL 10MG TAB CJAX140UND,FARM.GENERICOS,0.0,50.0,4.0,2024-12-27 17:40:42,3,12,Verano
101410,ENALAPRIL 10MG TAB CJAX140UND,FARM.GENERICOS,0.0,10.0,0.8,2024-12-27 19:25:05,8,12,Verano
101410,ENALAPRIL 10MG TAB CJAX140UND,FARM.GENERICOS,0.0,10.0,0.8,2024-12-27 21:01:42,4,12,Verano
101410,ENALAPRIL 10MG TAB CJAX140UND,FARM.GENERICOS,0.0,10.0,0.8,2024-12-28 22:50:30,12,12,Verano
101410,ENALAPRIL 10MG TAB CJAX140UND,FARM.GENERICOS,0.0,2.0,0.16,2024-12-29 12:56:20,10,12,Verano
101410,ENALAPRIL 10MG TAB CJAX140UND,FARM.GENERICOS,0.0,10.0,0.8,2024-12-29 19:48:49,11,12,Verano
101410,ENALAPRIL 10MG TAB CJAX140UND,FARM.GENERICOS,0.0,107.0,8.56,2024-12-30 10:15:03,10,12,Verano
101410,ENALAPRIL 10MG TAB CJAX140UND,FARM.GENERICOS,0.0,20.0,1.6,2024-12-31 19:22:02,9,12,Verano
101410,ENALAPRIL 10MG TAB CJAX140UND,FARM.GENERICOS,0.0,10.0,0.8,2024-12-31 20:43:43,12,12,Verano
101410,ENALAPRIL 10MG TAB CJAX140UND,FARM.GENERICOS,0.0,10.0,0.8,2024-12-31 20:54:22,6,12,Verano
101410,ENALAPRIL 10MG TAB CJAX140UND,FARM.GENERICOS,0.0,30.0,2.4,2025-01-01 17:35:20,2,1,Verano
101410,ENALAPRIL 10MG TAB CJAX140UND,FARM.GENERICOS,1.0,0.0,10.0,2025-01-01 21:19:28,4,1,Verano
101410,ENALAPRIL 10MG TAB CJAX140UND,FARM.GENERICOS,0.0,30.0,2.4,2025-01-02 21:48:53,6,1,Verano
101410,ENALAPRIL 10MG TAB CJAX140UND,FARM.GENERICOS,0.0,50.0,4.0,2025-01-03 12:33:09,11,1,Verano
101410,ENALAPRIL 10MG TAB CJAX140UND,FARM.GENERICOS,0.0,20.0,1.6,2025-01-04 18:47:10,5,1,Verano
101410,ENALAPRIL 10MG TAB CJAX140UND,FARM.GENERICOS,0.0,10.0,0.8,2025-01-04 18:52:45,1,1,Verano
101410,ENALAPRIL 10MG TAB CJAX140UND,FARM.GENERICOS,0.0,70.0,5.6,2025-01-05 10:19:34,5,1,Verano
101410,ENALAPRIL 10MG TAB CJAX140UND,FARM.GENERICOS,0.0,10.0,0.8,2025-01-05 10:35:13,6,1,Verano
101410,ENALAPRIL 10MG TAB CJAX140UND,FARM.GENERICOS,0.0,40.0,3.2,2025-01-05 18:29:16,2,1,Verano
101410,ENALAPRIL 10MG TAB CJAX140UND,FARM.GENERICOS,0.0,10.0,0.8,2025-01-06 09:37:23,7,1,Verano
101410,ENALAPRIL 10MG TAB CJAX140UND,FARM.GENERICOS,0.0,70.0,5.6,2025-01-06 15:38:32,7,1,Verano
101410,ENALAPRIL 10MG TAB CJAX140UND,FARM.GENERICOS,0.0,40.0,3.2,2025-01-06 18:11:29,2,1,Verano
101410,ENALAPRIL 10MG TAB CJAX140UND,FARM.GENERICOS,0.0,40.0,3.2,2025-01-06 21:43:01,1,1,Verano
101410,ENALAPRIL 10MG TAB CJAX140UND,FARM.GENERICOS,0.0,10.0,0.8,2025-01-07 08:14:57,9,1,Verano
101410,ENALAPRIL 10MG TAB CJAX140UND,FARM.GENERICOS,0.0,10.0,0.8,2025-01-07 15:39:05,11,1,Verano
101410,ENALAPRIL 10MG TAB CJAX140UND,FARM.GENERICOS,0.0,10.0,0.8,2025-01-07 19:03:06,1,1,Verano
101410,ENALAPRIL 10MG TAB CJAX140UND,FARM.GENERICOS,0.0,10.0,0.8,2025-01-07 21:27:42,11,1,Verano
101410,ENALAPRIL 10MG TAB CJAX140UND,FARM.GENERICOS,0.0,20.0,1.6,2025-01-08 08:51:55,4,1,Verano
101410,ENALAPRIL 10MG TAB CJAX140UND,FARM.GENERICOS,0.0,10.0,0.8,2025-01-08 10:51:07,9,1,Verano
101410,ENALAPRIL 10MG TAB CJAX140UND,FARM.GENERICOS,0.0,10.0,0.8,2025-01-08 12:06:39,14,1,Verano
101410,ENALAPRIL 10MG TAB CJAX140UND,FARM.GENERICOS,0.0,50.0,4.0,2025-01-08 15:25:34,5,1,Verano
101410,ENALAPRIL 10MG TAB CJAX140UND,FARM.GENERICOS,0.0,10.0,0.8,2025-01-08 18:07:12,11,1,Verano
101410,ENALAPRIL 10MG TAB CJAX140UND,FARM.GENERICOS,0.0,10.0,0.8,2025-01-09 08:58:56,6,1,Verano
101410,ENALAPRIL 10MG TAB CJAX140UND,FARM.GENERICOS,0.0,20.0,1.6,2025-01-10 11:49:09,5,1,Verano
101410,ENALAPRIL 10MG TAB CJAX140UND,FARM.GENERICOS,0.0,10.0,0.8,2025-01-10 19:21:06,4,1,Verano
101410,ENALAPRIL 10MG TAB CJAX140UND,FARM.GENERICOS,0.0,10.0,0.8,2025-01-11 12:01:01,2,1,Verano
101410,ENALAPRIL 10MG TAB CJAX140UND,FARM.GENERICOS,0.0,10.0,0.8,2025-01-11 18:58:31,13,1,Verano
101410,ENALAPRIL 10MG TAB CJAX140UND,FARM.GENERICOS,0.0,30.0,2.4,2025-01-11 20:47:29,13,1,Verano
101410,ENALAPRIL 10MG TAB CJAX140UND,FARM.GENERICOS,0.0,30.0,2.4,2025-01-11 23:00:04,4,1,Verano
101410,ENALAPRIL 10MG TAB CJAX140UND,FARM.GENERICOS,1.0,0.0,10.0,2025-01-12 16:00:16,6,1,Verano
101410,ENALAPRIL 10MG TAB CJAX140UND,FARM.GENERICOS,0.0,10.0,0.8,2025-01-13 15:12:28,9,1,Verano
101410,ENALAPRIL 10MG TAB CJAX140UND,FARM.GENERICOS,0.0,50.0,4.0,2025-01-13 21:02:59,6,1,Verano
101410,ENALAPRIL 10MG TAB CJAX140UND,FARM.GENERICOS,0.0,10.0,0.8,2025-01-16 14:11:03,11,1,Verano
101410,ENALAPRIL 10MG TAB CJAX140UND,FARM.GENERICOS,1.0,0.0,10.0,2025-01-16 21:02:11,14,1,Verano
101410,ENALAPRIL 10MG TAB CJAX140UND,FARM.GENERICOS,1.0,0.0,10.0,2025-01-16 23:24:32,4,1,Verano
101410,ENALAPRIL 10MG TAB CJAX140UND,FARM.GENERICOS,1.0,0.0,10.0,2025-01-18 08:03:55,6,1,Verano
101410,ENALAPRIL 10MG TAB CJAX140UND,FARM.GENERICOS,1.0,0.0,10.0,2025-01-18 14:09:46,12,1,Verano
101410,ENALAPRIL 10MG TAB CJAX140UND,FARM.GENERICOS,0.0,10.0,0.8,2025-01-19 10:34:24,5,1,Verano
101410,ENALAPRIL 10MG TAB CJAX140UND,FARM.GENERICOS,0.0,40.0,3.2,2025-01-19 14:33:34,13,1,Verano
101410,ENALAPRIL 10MG TAB CJAX140UND,FARM.GENERICOS,0.0,20.0,1.6,2025-01-19 19:53:59,3,1,Verano
101410,ENALAPRIL 10MG TAB CJAX140UND,FARM.GENERICOS,0.0,10.0,0.8,2025-01-20 12:47:58,2,1,Verano
101410,ENALAPRIL 10MG TAB CJAX140UND,FARM.GENERICOS,0.0,60.0,4.8,2025-01-20 17:16:27,2,1,Verano
101410,ENALAPRIL 10MG TAB CJAX140UND,FARM.GENERICOS,0.0,10.0,0.8,2025-01-21 11:01:44,2,1,Verano
101410,ENALAPRIL 10MG TAB CJAX140UND,FARM.GENERICOS,0.0,10.0,0.8,2025-01-21 11:36:13,11,1,Verano
101410,ENALAPRIL 10MG TAB CJAX140UND,FARM.GENERICOS,0.0,10.0,0.8,2025-01-21 17:19:50,6,1,Verano
101410,ENALAPRIL 10MG TAB CJAX140UND,FARM.GENERICOS,0.0,10.0,0.8,2025-01-22 18:59:43,1,1,Verano
101410,ENALAPRIL 10MG TAB CJAX140UND,FARM.GENERICOS,1.0,0.0,9.5,2025-01-23 13:05:53,10,1,Verano
101410,ENALAPRIL 10MG TAB CJAX140UND,FARM.GENERICOS,0.0,20.0,1.6,2025-01-23 21:05:38,2,1,Verano
101410,ENALAPRIL 10MG TAB CJAX140UND,FARM.GENERICOS,0.0,10.0,0.8,2025-01-24 15:35:08,6,1,Verano
101410,ENALAPRIL 10MG TAB CJAX140UND,FARM.GENERICOS,0.0,10.0,0.8,2025-01-24 17:15:35,1,1,Verano
101410,ENALAPRIL 10MG TAB CJAX140UND,FARM.GENERICOS,0.0,20.0,1.6,2025-01-24 19:49:25,7,1,Verano
101410,ENALAPRIL 10MG TAB CJAX140UND,FARM.GENERICOS,1.0,0.0,10.0,2025-01-24 20:40:17,1,1,Verano
101410,ENALAPRIL 10MG TAB CJAX140UND,FARM.GENERICOS,1.0,0.0,10.0,2025-01-25 16:37:11,7,1,Verano
101410,ENALAPRIL 10MG TAB CJAX140UND,FARM.GENERICOS,0.0,10.0,0.8,2025-01-25 19:01:14,11,1,Verano
101410,ENALAPRIL 10MG TAB CJAX140UND,FARM.GENERICOS,0.0,50.0,4.0,2025-01-26 09:28:32,3,1,Verano
101410,ENALAPRIL 10MG TAB CJAX140UND,FARM.GENERICOS,0.0,10.0,0.8,2025-01-26 09:57:59,6,1,Verano
101410,ENALAPRIL 10MG TAB CJAX140UND,FARM.GENERICOS,0.0,10.0,0.8,2025-01-26 10:18:20,10,1,Verano
101410,ENALAPRIL 10MG TAB CJAX140UND,FARM.GENERICOS,0.0,20.0,1.6,2025-01-27 12:15:13,9,1,Verano
101410,ENALAPRIL 10MG TAB CJAX140UND,FARM.GENERICOS,0.0,20.0,1.6,2025-01-27 19:45:36,6,1,Verano
101410,ENALAPRIL 10MG TAB CJAX140UND,FARM.GENERICOS,0.0,20.0,1.6,2025-01-28 19:22:43,10,1,Verano
101410,ENALAPRIL 10MG TAB CJAX140UND,FARM.GENERICOS,0.0,20.0,1.6,2025-01-28 21:51:27,5,1,Verano
101410,ENALAPRIL 10MG TAB CJAX140UND,FARM.GENERICOS,1.0,0.0,10.0,2025-01-30 10:30:15,11,1,Verano
101410,ENALAPRIL 10MG TAB CJAX140UND,FARM.GENERICOS,0.0,10.0,0.8,2025-01-30 14:40:53,11,1,Verano
101410,ENALAPRIL 10MG TAB CJAX140UND,FARM.GENERICOS,0.0,3.0,0.24,2025-01-30 19:22:21,11,1,Verano
101410,ENALAPRIL 10MG TAB CJAX140UND,FARM.GENERICOS,0.0,10.0,0.8,2025-01-30 19:43:02,6,1,Verano
101410,ENALAPRIL 10MG TAB CJAX140UND,FARM.GENERICOS,0.0,12.0,0.96,2025-01-31 18:07:35,6,1,Verano
101410,ENALAPRIL 10MG TAB CJAX140UND,FARM.GENERICOS,0.0,20.0,1.6,2025-01-31 22:26:51,5,1,Verano
101410,ENALAPRIL 10MG TAB CJAX140UND,FARM.GENERICOS,1.0,0.0,10.0,2025-02-01 07:48:25,7,2,Verano
101410,ENALAPRIL 10MG TAB CJAX140UND,FARM.GENERICOS,0.0,20.0,1.6,2025-02-01 15:06:48,7,2,Verano
101410,ENALAPRIL 10MG TAB CJAX140UND,FARM.GENERICOS,0.0,30.0,2.4,2025-02-01 21:41:13,1,2,Verano
101410,ENALAPRIL 10MG TAB CJAX140UND,FARM.GENERICOS,0.0,10.0,0.8,2025-02-03 09:19:58,10,2,Verano
101410,ENALAPRIL 10MG TAB CJAX140UND,FARM.GENERICOS,0.0,119.0,9.52,2025-02-03 20:31:16,9,2,Verano
101410,ENALAPRIL 10MG TAB CJAX140UND,FARM.GENERICOS,1.0,0.0,10.0,2025-02-04 09:37:23,5,2,Verano
101410,ENALAPRIL 10MG TAB CJAX140UND,FARM.GENERICOS,0.0,10.0,0.8,2025-02-04 11:00:12,6,2,Verano
101410,ENALAPRIL 10MG TAB CJAX140UND,FARM.GENERICOS,0.0,50.0,4.0,2025-02-04 13:42:35,5,2,Verano
101410,ENALAPRIL 10MG TAB CJAX140UND,FARM.GENERICOS,0.0,10.0,0.8,2025-02-04 20:31:30,10,2,Verano
101410,ENALAPRIL 10MG TAB CJAX140UND,FARM.GENERICOS,0.0,20.0,1.6,2025-02-06 08:39:22,14,2,Verano
101410,ENALAPRIL 10MG TAB CJAX140UND,FARM.GENERICOS,0.0,10.0,0.8,2025-02-06 11:18:08,6,2,Verano
101410,ENALAPRIL 10MG TAB CJAX140UND,FARM.GENERICOS,0.0,10.0,0.8,2025-02-06 12:29:16,7,2,Verano
101410,ENALAPRIL 10MG TAB CJAX140UND,FARM.GENERICOS,0.0,40.0,3.2,2025-02-06 18:15:17,1,2,Verano
101410,ENALAPRIL 10MG TAB CJAX140UND,FARM.GENERICOS,0.0,10.0,0.8,2025-02-06 21:11:47,11,2,Verano
101410,ENALAPRIL 10MG TAB CJAX140UND,FARM.GENERICOS,0.0,10.0,0.8,2025-02-07 21:53:49,3,2,Verano
101410,ENALAPRIL 10MG TAB CJAX140UND,FARM.GENERICOS,0.0,20.0,1.6,2025-02-08 20:35:45,10,2,Verano
101410,ENALAPRIL 10MG TAB CJAX140UND,FARM.GENERICOS,0.0,20.0,1.6,2025-02-08 23:04:55,4,2,Verano
101410,ENALAPRIL 10MG TAB CJAX140UND,FARM.GENERICOS,0.0,10.0,0.8,2025-02-09 10:47:39,6,2,Verano
101410,ENALAPRIL 10MG TAB CJAX140UND,FARM.GENERICOS,0.0,10.0,0.8,2025-02-09 18:40:11,2,2,Verano
101410,ENALAPRIL 10MG TAB CJAX140UND,FARM.GENERICOS,0.0,10.0,0.8,2025-02-09 22:19:17,4,2,Verano
101410,ENALAPRIL 10MG TAB CJAX140UND,FARM.GENERICOS,1.0,0.0,10.0,2025-02-10 18:05:42,1,2,Verano
101410,ENALAPRIL 10MG TAB CJAX140UND,FARM.GENERICOS,0.0,10.0,0.8,2025-02-10 18:28:42,10,2,Verano
101410,ENALAPRIL 10MG TAB CJAX140UND,FARM.GENERICOS,0.0,10.0,0.8,2025-02-11 14:26:25,10,2,Verano
101410,ENALAPRIL 10MG TAB CJAX140UND,FARM.GENERICOS,0.0,10.0,0.8,2025-02-11 18:52:40,5,2,Verano
101410,ENALAPRIL 10MG TAB CJAX140UND,FARM.GENERICOS,0.0,10.0,0.8,2025-02-11 21:45:42,11,2,Verano
101410,ENALAPRIL 10MG TAB CJAX140UND,FARM.GENERICOS,0.0,25.0,2.0,2025-02-12 09:10:05,7,2,Verano
101410,ENALAPRIL 10MG TAB CJAX140UND,FARM.GENERICOS,0.0,10.0,0.8,2025-02-12 09:25:40,9,2,Verano
101410,ENALAPRIL 10MG TAB CJAX140UND,FARM.GENERICOS,0.0,10.0,0.8,2025-02-12 12:46:02,7,2,Verano
101410,ENALAPRIL 10MG TAB CJAX140UND,FARM.GENERICOS,0.0,10.0,0.8,2025-02-12 15:29:30,12,2,Verano
101410,ENALAPRIL 10MG TAB CJAX140UND,FARM.GENERICOS,0.0,10.0,0.8,2025-02-12 19:36:23,11,2,Verano
101410,ENALAPRIL 10MG TAB CJAX140UND,FARM.GENERICOS,0.0,10.0,0.8,2025-02-13 15:32:04,6,2,Verano
101410,ENALAPRIL 10MG TAB CJAX140UND,FARM.GENERICOS,0.0,10.0,0.8,2025-02-13 20:16:21,15,2,Verano
101410,ENALAPRIL 10MG TAB CJAX140UND,FARM.GENERICOS,0.0,30.0,2.4,2025-02-13 21:15:58,2,2,Verano
101410,ENALAPRIL 10MG TAB CJAX140UND,FARM.GENERICOS,0.0,10.0,0.8,2025-02-13 21:54:19,13,2,Verano
101410,ENALAPRIL 10MG TAB CJAX140UND,FARM.GENERICOS,0.0,10.0,0.8,2025-02-14 08:46:07,6,2,Verano
101410,ENALAPRIL 10MG TAB CJAX140UND,FARM.GENERICOS,0.0,10.0,0.8,2025-02-15 09:41:08,4,2,Verano
101410,ENALAPRIL 10MG TAB CJAX140UND,FARM.GENERICOS,0.0,20.0,1.6,2025-02-15 18:57:48,1,2,Verano
101410,ENALAPRIL 10MG TAB CJAX140UND,FARM.GENERICOS,0.0,80.0,6.4,2025-02-15 21:15:08,1,2,Verano
101410,ENALAPRIL 10MG TAB CJAX140UND,FARM.GENERICOS,0.0,10.0,0.8,2025-02-16 11:43:35,12,2,Verano
101410,ENALAPRIL 10MG TAB CJAX140UND,FARM.GENERICOS,0.0,100.0,8.0,2025-02-16 13:20:58,10,2,Verano
101410,ENALAPRIL 10MG TAB CJAX140UND,FARM.GENERICOS,0.0,10.0,0.8,2025-02-16 13:35:27,6,2,Verano
101410,ENALAPRIL 10MG TAB CJAX140UND,FARM.GENERICOS,0.0,20.0,1.6,2025-02-16 20:20:59,11,2,Verano
101410,ENALAPRIL 10MG TAB CJAX140UND,FARM.GENERICOS,0.0,130.0,10.4,2025-02-17 19:19:45,15,2,Verano
101410,ENALAPRIL 10MG TAB CJAX140UND,FARM.GENERICOS,0.0,140.0,11.2,2025-02-18 13:06:05,2,2,Verano
101410,ENALAPRIL 10MG TAB CJAX140UND,FARM.GENERICOS,1.0,0.0,10.0,2025-02-18 20:36:11,10,2,Verano
101410,ENALAPRIL 10MG TAB CJAX140UND,FARM.GENERICOS,0.0,10.0,0.8,2025-02-19 08:49:58,11,2,Verano
101410,ENALAPRIL 10MG TAB CJAX140UND,FARM.GENERICOS,0.0,10.0,0.8,2025-02-19 14:12:43,13,2,Verano
101410,ENALAPRIL 10MG TAB CJAX140UND,FARM.GENERICOS,0.0,10.0,0.8,2025-02-19 21:33:05,11,2,Verano
101410,ENALAPRIL 10MG TAB CJAX140UND,FARM.GENERICOS,0.0,140.0,11.2,2025-02-20 08:52:47,4,2,Verano
101410,ENALAPRIL 10MG TAB CJAX140UND,FARM.GENERICOS,0.0,50.0,4.0,2025-02-20 11:46:19,3,2,Verano
101410,ENALAPRIL 10MG TAB CJAX140UND,FARM.GENERICOS,0.0,10.0,0.8,2025-02-20 12:47:09,6,2,Verano
101410,ENALAPRIL 10MG TAB CJAX140UND,FARM.GENERICOS,0.0,50.0,4.0,2025-02-20 18:05:19,13,2,Verano
101410,ENALAPRIL 10MG TAB CJAX140UND,FARM.GENERICOS,1.0,0.0,10.0,2025-02-21 19:06:12,9,2,Verano
101410,ENALAPRIL 10MG TAB CJAX140UND,FARM.GENERICOS,0.0,10.0,0.8,2025-02-21 19:33:17,2,2,Verano
101410,ENALAPRIL 10MG TAB CJAX140UND,FARM.GENERICOS,0.0,30.0,2.4,2025-02-21 19:54:06,2,2,Verano
101410,ENALAPRIL 10MG TAB CJAX140UND,FARM.GENERICOS,1.0,0.0,10.0,2025-02-22 11:09:26,7,2,Verano
101410,ENALAPRIL 10MG TAB CJAX140UND,FARM.GENERICOS,0.0,20.0,1.6,2025-02-23 09:49:28,3,2,Verano
101410,ENALAPRIL 10MG TAB CJAX140UND,FARM.GENERICOS,0.0,10.0,0.8,2025-02-24 10:08:03,9,2,Verano
101410,ENALAPRIL 10MG TAB CJAX140UND,FARM.GENERICOS,1.0,0.0,10.0,2025-02-24 17:22:31,10,2,Verano
101410,ENALAPRIL 10MG TAB CJAX140UND,FARM.GENERICOS,0.0,10.0,0.8,2025-02-25 12:46:37,6,2,Verano
101410,ENALAPRIL 10MG TAB CJAX140UND,FARM.GENERICOS,0.0,20.0,1.6,2025-02-25 18:48:24,14,2,Verano
101410,ENALAPRIL 10MG TAB CJAX140UND,FARM.GENERICOS,0.0,10.0,0.8,2025-02-25 20:47:59,3,2,Verano
101410,ENALAPRIL 10MG TAB CJAX140UND,FARM.GENERICOS,0.0,10.0,0.8,2025-02-26 12:30:38,4,2,Verano
101410,ENALAPRIL 10MG TAB CJAX140UND,FARM.GENERICOS,0.0,10.0,0.8,2025-02-26 14:24:12,11,2,Verano
101410,ENALAPRIL 10MG TAB CJAX140UND,FARM.GENERICOS,1.0,0.0,10.0,2025-02-26 20:19:30,2,2,Verano
101410,ENALAPRIL 10MG TAB CJAX140UND,FARM.GENERICOS,0.0,10.0,0.8,2025-02-27 18:11:41,2,2,Verano
101410,ENALAPRIL 10MG TAB CJAX140UND,FARM.GENERICOS,1.0,0.0,10.0,2025-02-27 19:50:21,15,2,Verano
101410,ENALAPRIL 10MG TAB CJAX140UND,FARM.GENERICOS,0.0,20.0,1.6,2025-02-27 20:59:39,3,2,Verano
101410,ENALAPRIL 10MG TAB CJAX140UND,FARM.GENERICOS,0.0,20.0,1.6,2025-02-27 20:59:59,2,2,Verano
101410,ENALAPRIL 10MG TAB CJAX140UND,FARM.GENERICOS,0.0,30.0,2.4,2025-02-27 22:08:56,8,2,Verano
101410,ENALAPRIL 10MG TAB CJAX140UND,FARM.GENERICOS,0.0,12.0,0.96,2025-02-28 20:43:31,11,2,Verano
101410,ENALAPRIL 10MG TAB CJAX140UND,FARM.GENERICOS,0.0,10.0,0.8,2025-03-01 11:12:30,9,3,Otoño
101410,ENALAPRIL 10MG TAB CJAX140UND,FARM.GENERICOS,0.0,10.0,0.8,2025-03-01 18:24:52,2,3,Otoño
101410,ENALAPRIL 10MG TAB CJAX140UND,FARM.GENERICOS,0.0,10.0,0.8,2025-03-01 18:55:57,6,3,Otoño
101410,ENALAPRIL 10MG TAB CJAX140UND,FARM.GENERICOS,1.0,0.0,10.0,2025-03-01 19:51:35,9,3,Otoño
101410,ENALAPRIL 10MG TAB CJAX140UND,FARM.GENERICOS,0.0,30.0,2.4,2025-03-02 09:45:34,6,3,Otoño
101410,ENALAPRIL 10MG TAB CJAX140UND,FARM.GENERICOS,1.0,0.0,10.0,2025-03-02 19:26:14,2,3,Otoño
101410,ENALAPRIL 10MG TAB CJAX140UND,FARM.GENERICOS,1.0,0.0,10.0,2025-03-02 19:29:10,2,3,Otoño
101410,ENALAPRIL 10MG TAB CJAX140UND,FARM.GENERICOS,-1.0,0.0,-10.0,2025-03-02 19:30:15,2,3,Otoño
101410,ENALAPRIL 10MG TAB CJAX140UND,FARM.GENERICOS,0.0,10.0,0.8,2025-03-03 09:10:30,5,3,Otoño
101410,ENALAPRIL 10MG TAB CJAX140UND,FARM.GENERICOS,1.0,0.0,10.0,2025-03-03 20:52:49,13,3,Otoño
101410,ENALAPRIL 10MG TAB CJAX140UND,FARM.GENERICOS,0.0,10.0,0.8,2025-03-04 14:44:03,7,3,Otoño
101410,ENALAPRIL 10MG TAB CJAX140UND,FARM.GENERICOS,0.0,20.0,1.6,2025-03-04 19:27:28,14,3,Otoño
101410,ENALAPRIL 10MG TAB CJAX140UND,FARM.GENERICOS,0.0,10.0,0.8,2025-03-04 21:10:50,7,3,Otoño
101410,ENALAPRIL 10MG TAB CJAX140UND,FARM.GENERICOS,0.0,30.0,2.4,2025-03-05 10:02:19,14,3,Otoño
101410,ENALAPRIL 10MG TAB CJAX140UND,FARM.GENERICOS,0.0,2000.0,160.0,2025-03-05 22:04:25,4,3,Otoño
101410,ENALAPRIL 10MG TAB CJAX140UND,FARM.GENERICOS,0.0,10.0,0.8,2025-03-06 08:40:33,3,3,Otoño
101410,ENALAPRIL 10MG TAB CJAX140UND,FARM.GENERICOS,0.0,10.0,0.8,2025-03-06 11:09:18,1,3,Otoño
101410,ENALAPRIL 10MG TAB CJAX140UND,FARM.GENERICOS,0.0,20.0,1.6,2025-03-07 18:54:13,8,3,Otoño
101410,ENALAPRIL 10MG TAB CJAX140UND,FARM.GENERICOS,0.0,10.0,0.8,2025-03-07 19:33:51,2,3,Otoño
101410,ENALAPRIL 10MG TAB CJAX140UND,FARM.GENERICOS,0.0,60.0,4.8,2025-03-07 21:04:59,1,3,Otoño
101410,ENALAPRIL 10MG TAB CJAX140UND,FARM.GENERICOS,0.0,70.0,5.6,2025-03-07 21:20:50,9,3,Otoño
101410,ENALAPRIL 10MG TAB CJAX140UND,FARM.GENERICOS,1.0,0.0,10.0,2025-03-08 14:47:47,9,3,Otoño
101410,ENALAPRIL 10MG TAB CJAX140UND,FARM.GENERICOS,0.0,10.0,0.8,2025-03-08 14:56:17,3,3,Otoño
101410,ENALAPRIL 10MG TAB CJAX140UND,FARM.GENERICOS,0.0,95.0,7.6,2025-03-08 18:43:32,7,3,Otoño
101410,ENALAPRIL 10MG TAB CJAX140UND,FARM.GENERICOS,0.0,20.0,1.6,2025-03-08 20:14:38,8,3,Otoño
101410,ENALAPRIL 10MG TAB CJAX140UND,FARM.GENERICOS,0.0,70.0,5.6,2025-03-09 10:12:41,6,3,Otoño
101410,ENALAPRIL 10MG TAB CJAX140UND,FARM.GENERICOS,0.0,10.0,0.8,2025-03-09 10:39:55,9,3,Otoño
101410,ENALAPRIL 10MG TAB CJAX140UND,FARM.GENERICOS,1.0,0.0,9.5,2025-03-09 21:45:41,10,3,Otoño
101410,ENALAPRIL 10MG TAB CJAX140UND,FARM.GENERICOS,1.0,0.0,10.0,2025-03-10 16:44:30,14,3,Otoño
101410,ENALAPRIL 10MG TAB CJAX140UND,FARM.GENERICOS,0.0,10.0,0.8,2025-03-11 09:02:18,6,3,Otoño
101410,ENALAPRIL 10MG TAB CJAX140UND,FARM.GENERICOS,0.0,50.0,4.0,2025-03-11 14:38:32,4,3,Otoño
101410,ENALAPRIL 10MG TAB CJAX140UND,FARM.GENERICOS,0.0,30.0,2.4,2025-03-11 22:43:45,14,3,Otoño
101410,ENALAPRIL 10MG TAB CJAX140UND,FARM.GENERICOS,0.0,10.0,0.8,2025-03-12 16:56:44,5,3,Otoño
101410,ENALAPRIL 10MG TAB CJAX140UND,FARM.GENERICOS,0.0,10.0,0.8,2025-03-13 18:57:40,10,3,Otoño
101410,ENALAPRIL 10MG TAB CJAX140UND,FARM.GENERICOS,0.0,30.0,2.4,2025-03-14 11:48:37,10,3,Otoño
101410,ENALAPRIL 10MG TAB CJAX140UND,FARM.GENERICOS,0.0,20.0,1.6,2025-03-14 14:17:30,11,3,Otoño
101410,ENALAPRIL 10MG TAB CJAX140UND,FARM.GENERICOS,1.0,0.0,10.0,2025-03-14 17:40:05,15,3,Otoño
101410,ENALAPRIL 10MG TAB CJAX140UND,FARM.GENERICOS,0.0,20.0,1.6,2025-03-15 11:16:29,8,3,Otoño
101410,ENALAPRIL 10MG TAB CJAX140UND,FARM.GENERICOS,0.0,10.0,0.8,2025-03-16 17:03:38,6,3,Otoño
101410,ENALAPRIL 10MG TAB CJAX140UND,FARM.GENERICOS,0.0,10.0,0.8,2025-03-17 11:12:25,2,3,Otoño
101410,ENALAPRIL 10MG TAB CJAX140UND,FARM.GENERICOS,0.0,50.0,4.0,2025-03-17 18:33:25,3,3,Otoño
101410,ENALAPRIL 10MG TAB CJAX140UND,FARM.GENERICOS,1.0,0.0,10.0,2025-03-18 18:37:40,5,3,Otoño
101410,ENALAPRIL 10MG TAB CJAX140UND,FARM.GENERICOS,0.0,10.0,0.8,2025-03-18 20:23:56,3,3,Otoño
101410,ENALAPRIL 10MG TAB CJAX140UND,FARM.GENERICOS,0.0,20.0,1.4,2025-03-18 22:19:57,11,3,Otoño
101410,ENALAPRIL 10MG TAB CJAX140UND,FARM.GENERICOS,0.0,10.0,0.7,2025-03-18 22:21:55,11,3,Otoño
101410,ENALAPRIL 10MG TAB CJAX140UND,FARM.GENERICOS,0.0,10.0,0.8,2025-03-19 10:01:30,9,3,Otoño
101410,ENALAPRIL 10MG TAB CJAX140UND,FARM.GENERICOS,0.0,20.0,1.6,2025-03-19 20:30:43,3,3,Otoño
101410,ENALAPRIL 10MG TAB CJAX140UND,FARM.GENERICOS,0.0,10.0,0.8,2025-03-20 09:17:37,4,3,Otoño
101410,ENALAPRIL 10MG TAB CJAX140UND,FARM.GENERICOS,0.0,10.0,0.8,2025-03-21 20:00:45,11,3,Otoño
101410,ENALAPRIL 10MG TAB CJAX140UND,FARM.GENERICOS,0.0,10.0,0.8,2025-03-21 21:13:08,8,3,Otoño
101410,ENALAPRIL 10MG TAB CJAX140UND,FARM.GENERICOS,0.0,10.0,0.8,2025-03-22 20:58:55,2,3,Otoño
101410,ENALAPRIL 10MG TAB CJAX140UND,FARM.GENERICOS,0.0,30.0,2.4,2025-03-23 10:52:14,5,3,Otoño
101410,ENALAPRIL 10MG TAB CJAX140UND,FARM.GENERICOS,0.0,30.0,2.4,2025-03-23 11:02:24,2,3,Otoño
101410,ENALAPRIL 10MG TAB CJAX140UND,FARM.GENERICOS,0.0,20.0,1.6,2025-03-23 18:37:03,2,3,Otoño
101410,ENALAPRIL 10MG TAB CJAX140UND,FARM.GENERICOS,0.0,20.0,1.6,2025-03-24 08:42:43,12,3,Otoño
101410,ENALAPRIL 10MG TAB CJAX140UND,FARM.GENERICOS,1.0,0.0,10.0,2025-03-24 20:02:03,5,3,Otoño
101410,ENALAPRIL 10MG TAB CJAX140UND,FARM.GENERICOS,0.0,10.0,0.8,2025-03-24 21:54:01,9,3,Otoño
101410,ENALAPRIL 10MG TAB CJAX140UND,FARM.GENERICOS,0.0,10.0,0.8,2025-03-26 10:31:38,4,3,Otoño
101410,ENALAPRIL 10MG TAB CJAX140UND,FARM.GENERICOS,0.0,10.0,0.8,2025-03-27 07:36:47,12,3,Otoño
101410,ENALAPRIL 10MG TAB CJAX140UND,FARM.GENERICOS,0.0,140.0,11.2,2025-03-27 17:27:11,10,3,Otoño
101410,ENALAPRIL 10MG TAB CJAX140UND,FARM.GENERICOS,0.0,60.0,4.8,2025-03-27 20:48:25,1,3,Otoño
101410,ENALAPRIL 10MG TAB CJAX140UND,FARM.GENERICOS,0.0,20.0,1.6,2025-03-28 07:16:57,7,3,Otoño
101410,ENALAPRIL 10MG TAB CJAX140UND,FARM.GENERICOS,0.0,40.0,3.2,2025-03-28 13:29:11,4,3,Otoño
101410,ENALAPRIL 10MG TAB CJAX140UND,FARM.GENERICOS,1.0,0.0,9.5,2025-03-28 14:23:27,12,3,Otoño
101410,ENALAPRIL 10MG TAB CJAX140UND,FARM.GENERICOS,0.0,10.0,0.8,2025-03-28 22:20:41,7,3,Otoño
101410,ENALAPRIL 10MG TAB CJAX140UND,FARM.GENERICOS,0.0,10.0,0.8,2025-03-29 10:59:44,9,3,Otoño
101410,ENALAPRIL 10MG TAB CJAX140UND,FARM.GENERICOS,1.0,0.0,10.0,2025-03-29 17:44:10,3,3,Otoño
101410,ENALAPRIL 10MG TAB CJAX140UND,FARM.GENERICOS,0.0,20.0,1.6,2025-03-31 10:01:17,4,3,Otoño
101410,ENALAPRIL 10MG TAB CJAX140UND,FARM.GENERICOS,0.0,5.0,0.4,2025-03-31 10:54:08,9,3,Otoño
101410,ENALAPRIL 10MG TAB CJAX140UND,FARM.GENERICOS,1.0,0.0,10.0,2025-03-31 11:23:35,9,3,Otoño
101410,ENALAPRIL 10MG TAB CJAX140UND,FARM.GENERICOS,0.0,20.0,1.6,2025-03-31 16:52:22,5,3,Otoño
101410,ENALAPRIL 10MG TAB CJAX140UND,FARM.GENERICOS,0.0,20.0,1.6,2025-03-31 17:12:32,15,3,Otoño
101410,ENALAPRIL 10MG TAB CJAX140UND,FARM.GENERICOS,0.0,50.0,4.0,2025-04-01 10:30:51,12,4,Otoño
101410,ENALAPRIL 10MG TAB CJAX140UND,FARM.GENERICOS,1.0,0.0,10.0,2025-04-01 10:59:22,10,4,Otoño
101410,ENALAPRIL 10MG TAB CJAX140UND,FARM.GENERICOS,0.0,20.0,1.6,2025-04-01 18:25:05,1,4,Otoño
101410,ENALAPRIL 10MG TAB CJAX140UND,FARM.GENERICOS,0.0,10.0,0.8,2025-04-02 15:42:09,11,4,Otoño
101410,ENALAPRIL 10MG TAB CJAX140UND,FARM.GENERICOS,0.0,20.0,1.6,2025-04-02 20:07:11,10,4,Otoño
101410,ENALAPRIL 10MG TAB CJAX140UND,FARM.GENERICOS,0.0,10.0,0.8,2025-04-02 20:19:50,6,4,Otoño
101410,ENALAPRIL 10MG TAB CJAX140UND,FARM.GENERICOS,0.0,10.0,0.8,2025-04-02 20:59:16,7,4,Otoño
101410,ENALAPRIL 10MG TAB CJAX140UND,FARM.GENERICOS,1.0,0.0,10.0,2025-04-03 13:19:23,4,4,Otoño
101410,ENALAPRIL 10MG TAB CJAX140UND,FARM.GENERICOS,-1.0,0.0,-10.0,2025-04-03 13:30:30,4,4,Otoño
101410,ENALAPRIL 10MG TAB CJAX140UND,FARM.GENERICOS,0.0,10.0,0.8,2025-04-03 19:36:29,1,4,Otoño
101410,ENALAPRIL 10MG TAB CJAX140UND,FARM.GENERICOS,1.0,0.0,10.0,2025-04-04 09:14:32,12,4,Otoño
101410,ENALAPRIL 10MG TAB CJAX140UND,FARM.GENERICOS,0.0,10.0,0.8,2025-04-04 10:30:25,6,4,Otoño
101410,ENALAPRIL 10MG TAB CJAX140UND,FARM.GENERICOS,0.0,60.0,4.8,2025-04-04 14:34:30,4,4,Otoño
101410,ENALAPRIL 10MG TAB CJAX140UND,FARM.GENERICOS,0.0,10.0,0.8,2025-04-05 10:13:17,9,4,Otoño
101410,ENALAPRIL 10MG TAB CJAX140UND,FARM.GENERICOS,0.0,10.0,0.8,2025-04-05 10:18:08,6,4,Otoño
101410,ENALAPRIL 10MG TAB CJAX140UND,FARM.GENERICOS,0.0,20.0,1.6,2025-04-05 14:32:32,14,4,Otoño
101410,ENALAPRIL 10MG TAB CJAX140UND,FARM.GENERICOS,0.0,10.0,0.8,2025-04-05 20:44:10,13,4,Otoño
101410,ENALAPRIL 10MG TAB CJAX140UND,FARM.GENERICOS,0.0,10.0,0.8,2025-04-05 21:11:46,7,4,Otoño
101410,ENALAPRIL 10MG TAB CJAX140UND,FARM.GENERICOS,0.0,10.0,0.8,2025-04-06 17:34:46,12,4,Otoño
101410,ENALAPRIL 10MG TAB CJAX140UND,FARM.GENERICOS,0.0,10.0,0.8,2025-04-06 18:14:56,2,4,Otoño
101410,ENALAPRIL 10MG TAB CJAX140UND,FARM.GENERICOS,0.0,10.0,0.8,2025-04-06 19:17:46,3,4,Otoño
101410,ENALAPRIL 10MG TAB CJAX140UND,FARM.GENERICOS,1.0,0.0,10.0,2025-04-07 08:51:23,11,4,Otoño
101410,ENALAPRIL 10MG TAB CJAX140UND,FARM.GENERICOS,0.0,10.0,0.8,2025-04-07 11:09:51,8,4,Otoño
101410,ENALAPRIL 10MG TAB CJAX140UND,FARM.GENERICOS,1.0,0.0,10.0,2025-04-08 20:47:50,1,4,Otoño
101410,ENALAPRIL 10MG TAB CJAX140UND,FARM.GENERICOS,0.0,10.0,0.8,2025-04-09 09:04:56,9,4,Otoño
101410,ENALAPRIL 10MG TAB CJAX140UND,FARM.GENERICOS,0.0,10.0,0.8,2025-04-09 13:18:18,12,4,Otoño
101410,ENALAPRIL 10MG TAB CJAX140UND,FARM.GENERICOS,0.0,10.0,0.8,2025-04-09 15:34:11,9,4,Otoño
101410,ENALAPRIL 10MG TAB CJAX140UND,FARM.GENERICOS,0.0,10.0,0.8,2025-04-11 09:19:16,6,4,Otoño
101410,ENALAPRIL 10MG TAB CJAX140UND,FARM.GENERICOS,0.0,10.0,0.8,2025-04-11 10:22:41,4,4,Otoño
101410,ENALAPRIL 10MG TAB CJAX140UND,FARM.GENERICOS,0.0,10.0,0.8,2025-04-11 13:26:14,12,4,Otoño
101410,ENALAPRIL 10MG TAB CJAX140UND,FARM.GENERICOS,1.0,0.0,10.0,2025-04-11 16:16:07,2,4,Otoño
101410,ENALAPRIL 10MG TAB CJAX140UND,FARM.GENERICOS,0.0,10.0,0.8,2025-04-11 17:44:35,2,4,Otoño
101410,ENALAPRIL 10MG TAB CJAX140UND,FARM.GENERICOS,1.0,0.0,10.0,2025-04-11 22:44:00,4,4,Otoño
101410,ENALAPRIL 10MG TAB CJAX140UND,FARM.GENERICOS,0.0,50.0,4.0,2025-04-12 11:57:30,3,4,Otoño
101410,ENALAPRIL 10MG TAB CJAX140UND,FARM.GENERICOS,0.0,20.0,1.6,2025-04-12 20:40:41,10,4,Otoño
101410,ENALAPRIL 10MG TAB CJAX140UND,FARM.GENERICOS,0.0,20.0,1.6,2025-04-12 22:09:36,1,4,Otoño
101410,ENALAPRIL 10MG TAB CJAX140UND,FARM.GENERICOS,0.0,10.0,0.8,2025-04-13 12:05:33,2,4,Otoño
101410,ENALAPRIL 10MG TAB CJAX140UND,FARM.GENERICOS,0.0,100.0,8.0,2025-04-13 13:37:11,1,4,Otoño
101410,ENALAPRIL 10MG TAB CJAX140UND,FARM.GENERICOS,0.0,10.0,0.8,2025-04-13 21:34:15,14,4,Otoño
101410,ENALAPRIL 10MG TAB CJAX140UND,FARM.GENERICOS,0.0,12.0,0.96,2025-04-14 16:24:19,9,4,Otoño
101410,ENALAPRIL 10MG TAB CJAX140UND,FARM.GENERICOS,0.0,25.0,2.0,2025-04-14 18:07:01,10,4,Otoño
101410,ENALAPRIL 10MG TAB CJAX140UND,FARM.GENERICOS,0.0,10.0,0.8,2025-04-15 11:56:44,12,4,Otoño
101410,ENALAPRIL 10MG TAB CJAX140UND,FARM.GENERICOS,0.0,20.0,1.6,2025-04-15 12:07:41,6,4,Otoño
101410,ENALAPRIL 10MG TAB CJAX140UND,FARM.GENERICOS,0.0,10.0,0.8,2025-04-15 19:38:51,10,4,Otoño
101410,ENALAPRIL 10MG TAB CJAX140UND,FARM.GENERICOS,0.0,10.0,0.8,2025-04-15 20:29:45,7,4,Otoño
101410,ENALAPRIL 10MG TAB CJAX140UND,FARM.GENERICOS,0.0,10.0,0.8,2025-04-16 07:37:45,12,4,Otoño
101410,ENALAPRIL 10MG TAB CJAX140UND,FARM.GENERICOS,0.0,10.0,0.8,2025-04-16 08:53:23,9,4,Otoño
101410,ENALAPRIL 10MG TAB CJAX140UND,FARM.GENERICOS,1.0,0.0,10.0,2025-04-16 12:50:00,6,4,Otoño
101410,ENALAPRIL 10MG TAB CJAX140UND,FARM.GENERICOS,0.0,10.0,0.8,2025-04-16 14:07:50,11,4,Otoño
101410,ENALAPRIL 10MG TAB CJAX140UND,FARM.GENERICOS,0.0,10.0,0.8,2025-04-16 18:18:40,14,4,Otoño
101410,ENALAPRIL 10MG TAB CJAX140UND,FARM.GENERICOS,0.0,62.0,4.96,2025-04-16 18:50:28,9,4,Otoño
101410,ENALAPRIL 10MG TAB CJAX140UND,FARM.GENERICOS,0.0,20.0,1.6,2025-04-16 19:06:19,11,4,Otoño
101410,ENALAPRIL 10MG TAB CJAX140UND,FARM.GENERICOS,1.0,0.0,10.0,2025-04-17 07:08:00,7,4,Otoño
101410,ENALAPRIL 10MG TAB CJAX140UND,FARM.GENERICOS,0.0,10.0,0.8,2025-04-17 19:10:44,11,4,Otoño
101410,ENALAPRIL 10MG TAB CJAX140UND,FARM.GENERICOS,0.0,60.0,4.8,2025-04-17 19:20:57,8,4,Otoño
101410,ENALAPRIL 10MG TAB CJAX140UND,FARM.GENERICOS,0.0,10.0,0.8,2025-04-18 08:45:13,6,4,Otoño
101410,ENALAPRIL 10MG TAB CJAX140UND,FARM.GENERICOS,0.0,5.0,0.4,2025-04-18 18:35:22,7,4,Otoño
101410,ENALAPRIL 10MG TAB CJAX140UND,FARM.GENERICOS,0.0,10.0,0.8,2025-04-18 19:24:00,2,4,Otoño
101410,ENALAPRIL 10MG TAB CJAX140UND,FARM.GENERICOS,0.0,10.0,0.8,2025-04-20 09:12:51,3,4,Otoño
101410,ENALAPRIL 10MG TAB CJAX140UND,FARM.GENERICOS,0.0,30.0,2.4,2025-04-20 18:28:00,2,4,Otoño
101410,ENALAPRIL 10MG TAB CJAX140UND,FARM.GENERICOS,1.0,0.0,10.0,2025-04-21 16:36:12,10,4,Otoño
101410,ENALAPRIL 10MG TAB CJAX140UND,FARM.GENERICOS,0.0,10.0,0.8,2025-04-21 16:44:46,5,4,Otoño
101410,ENALAPRIL 10MG TAB CJAX140UND,FARM.GENERICOS,1.0,0.0,10.0,2025-04-21 21:43:14,4,4,Otoño
101410,ENALAPRIL 10MG TAB CJAX140UND,FARM.GENERICOS,0.0,20.0,1.6,2025-04-22 09:36:13,4,4,Otoño
101410,ENALAPRIL 10MG TAB CJAX140UND,FARM.GENERICOS,0.0,80.0,6.4,2025-04-22 18:44:44,6,4,Otoño
101410,ENALAPRIL 10MG TAB CJAX140UND,FARM.GENERICOS,0.0,1.0,0.08,2025-04-22 18:44:55,6,4,Otoño
101410,ENALAPRIL 10MG TAB CJAX140UND,FARM.GENERICOS,0.0,10.0,0.8,2025-04-22 21:05:45,11,4,Otoño
101410,ENALAPRIL 10MG TAB CJAX140UND,FARM.GENERICOS,0.0,10.0,0.8,2025-04-23 12:27:14,5,4,Otoño
101410,ENALAPRIL 10MG TAB CJAX140UND,FARM.GENERICOS,0.0,10.0,0.8,2025-04-23 14:07:53,11,4,Otoño
101410,ENALAPRIL 10MG TAB CJAX140UND,FARM.GENERICOS,0.0,10.0,0.8,2025-04-26 16:15:41,2,4,Otoño
101410,ENALAPRIL 10MG TAB CJAX140UND,FARM.GENERICOS,1.0,0.0,10.0,2025-04-26 19:37:06,10,4,Otoño
101410,ENALAPRIL 10MG TAB CJAX140UND,FARM.GENERICOS,0.0,10.0,0.8,2025-04-26 20:08:53,11,4,Otoño
101410,ENALAPRIL 10MG TAB CJAX140UND,FARM.GENERICOS,0.0,10.0,0.8,2025-04-27 13:33:26,12,4,Otoño
101410,ENALAPRIL 10MG TAB CJAX140UND,FARM.GENERICOS,0.0,10.0,0.8,2025-04-27 20:26:44,12,4,Otoño
101410,ENALAPRIL 10MG TAB CJAX140UND,FARM.GENERICOS,1.0,0.0,10.0,2025-04-27 21:54:48,7,4,Otoño
101410,ENALAPRIL 10MG TAB CJAX140UND,FARM.GENERICOS,0.0,10.0,0.8,2025-04-28 12:53:22,4,4,Otoño
101410,ENALAPRIL 10MG TAB CJAX140UND,FARM.GENERICOS,1.0,0.0,10.0,2025-04-28 17:24:16,15,4,Otoño
101410,ENALAPRIL 10MG TAB CJAX140UND,FARM.GENERICOS,0.0,10.0,0.8,2025-04-28 18:56:59,2,4,Otoño
101410,ENALAPRIL 10MG TAB CJAX140UND,FARM.GENERICOS,0.0,30.0,2.4,2025-04-28 21:22:29,6,4,Otoño
101410,ENALAPRIL 10MG TAB CJAX140UND,FARM.GENERICOS,0.0,10.0,0.8,2025-04-29 19:01:52,11,4,Otoño
101410,ENALAPRIL 10MG TAB CJAX140UND,FARM.GENERICOS,0.0,30.0,2.4,2025-04-29 19:24:29,10,4,Otoño
101410,ENALAPRIL 10MG TAB CJAX140UND,FARM.GENERICOS,0.0,10.0,0.8,2025-04-30 11:09:23,4,4,Otoño
101410,ENALAPRIL 10MG TAB CJAX140UND,FARM.GENERICOS,0.0,10.0,0.8,2025-04-30 17:27:06,11,4,Otoño
101410,ENALAPRIL 10MG TAB CJAX140UND,FARM.GENERICOS,0.0,10.0,0.8,2025-04-30 18:47:49,7,4,Otoño
101410,ENALAPRIL 10MG TAB CJAX140UND,FARM.GENERICOS,1.0,0.0,10.0,2025-04-30 19:15:57,2,4,Otoño
101410,ENALAPRIL 10MG TAB CJAX140UND,FARM.GENERICOS,0.0,10.0,0.8,2025-04-30 20:12:37,11,4,Otoño
101410,ENALAPRIL 10MG TAB CJAX140UND,FARM.GENERICOS,0.0,20.0,1.6,2025-04-30 21:13:29,7,4,Otoño
101410,ENALAPRIL 10MG TAB CJAX140UND,FARM.GENERICOS,0.0,30.0,2.4,2025-05-01 11:09:50,15,5,Otoño
101410,ENALAPRIL 10MG TAB CJAX140UND,FARM.GENERICOS,1.0,0.0,10.0,2025-05-01 13:25:51,1,5,Otoño
101410,ENALAPRIL 10MG TAB CJAX140UND,FARM.GENERICOS,0.0,20.0,1.6,2025-05-01 19:42:50,1,5,Otoño
101410,ENALAPRIL 10MG TAB CJAX140UND,FARM.GENERICOS,0.0,10.0,0.8,2025-05-01 21:39:10,4,5,Otoño
101410,ENALAPRIL 10MG TAB CJAX140UND,FARM.GENERICOS,0.0,20.0,1.6,2025-05-02 08:09:32,4,5,Otoño
101410,ENALAPRIL 10MG TAB CJAX140UND,FARM.GENERICOS,0.0,10.0,0.8,2025-05-02 15:42:47,9,5,Otoño
101410,ENALAPRIL 10MG TAB CJAX140UND,FARM.GENERICOS,2.0,0.0,20.0,2025-05-02 16:30:04,1,5,Otoño
101410,ENALAPRIL 10MG TAB CJAX140UND,FARM.GENERICOS,0.0,10.0,0.8,2025-05-03 08:00:10,10,5,Otoño
101410,ENALAPRIL 10MG TAB CJAX140UND,FARM.GENERICOS,0.0,20.0,1.6,2025-05-03 09:06:35,4,5,Otoño
101410,ENALAPRIL 10MG TAB CJAX140UND,FARM.GENERICOS,0.0,30.0,2.4,2025-05-03 17:01:22,7,5,Otoño
101410,ENALAPRIL 10MG TAB CJAX140UND,FARM.GENERICOS,0.0,10.0,0.8,2025-05-03 20:55:06,1,5,Otoño
101410,ENALAPRIL 10MG TAB CJAX140UND,FARM.GENERICOS,0.0,40.0,3.2,2025-05-03 21:11:03,1,5,Otoño
101410,ENALAPRIL 10MG TAB CJAX140UND,FARM.GENERICOS,1.0,0.0,10.0,2025-05-04 11:46:03,5,5,Otoño
101410,ENALAPRIL 10MG TAB CJAX140UND,FARM.GENERICOS,0.0,20.0,1.6,2025-05-05 09:28:04,11,5,Otoño
101410,ENALAPRIL 10MG TAB CJAX140UND,FARM.GENERICOS,0.0,30.0,2.4,2025-05-05 10:52:55,5,5,Otoño
101410,ENALAPRIL 10MG TAB CJAX140UND,FARM.GENERICOS,0.0,15.0,1.2,2025-05-05 12:46:15,7,5,Otoño
101410,ENALAPRIL 10MG TAB CJAX140UND,FARM.GENERICOS,0.0,50.0,4.0,2025-05-05 17:36:10,3,5,Otoño
101410,ENALAPRIL 10MG TAB CJAX140UND,FARM.GENERICOS,0.0,20.0,1.6,2025-05-05 20:35:36,13,5,Otoño
101410,ENALAPRIL 10MG TAB CJAX140UND,FARM.GENERICOS,1.0,0.0,10.0,2025-05-05 20:42:06,14,5,Otoño
101410,ENALAPRIL 10MG TAB CJAX140UND,FARM.GENERICOS,0.0,10.0,0.8,2025-05-06 17:59:54,2,5,Otoño
101410,ENALAPRIL 10MG TAB CJAX140UND,FARM.GENERICOS,0.0,4.0,0.32,2025-05-06 18:42:19,3,5,Otoño
101410,ENALAPRIL 10MG TAB CJAX140UND,FARM.GENERICOS,0.0,20.0,1.6,2025-05-06 19:49:23,10,5,Otoño
101410,ENALAPRIL 10MG TAB CJAX140UND,FARM.GENERICOS,0.0,120.0,9.6,2025-05-07 09:02:35,2,5,Otoño
101410,ENALAPRIL 10MG TAB CJAX140UND,FARM.GENERICOS,1.0,0.0,10.0,2025-05-07 09:45:16,13,5,Otoño
101410,ENALAPRIL 10MG TAB CJAX140UND,FARM.GENERICOS,0.0,10.0,0.8,2025-05-07 21:02:02,14,5,Otoño
101410,ENALAPRIL 10MG TAB CJAX140UND,FARM.GENERICOS,0.0,10.0,0.8,2025-05-08 11:23:58,1,5,Otoño
101410,ENALAPRIL 10MG TAB CJAX140UND,FARM.GENERICOS,0.0,20.0,1.6,2025-05-09 19:02:08,11,5,Otoño
101410,ENALAPRIL 10MG TAB CJAX140UND,FARM.GENERICOS,0.0,10.0,0.8,2025-05-10 21:42:01,1,5,Otoño
101410,ENALAPRIL 10MG TAB CJAX140UND,FARM.GENERICOS,0.0,10.0,0.8,2025-05-10 22:11:32,4,5,Otoño
101410,ENALAPRIL 10MG TAB CJAX140UND,FARM.GENERICOS,0.0,20.0,1.6,2025-05-11 10:02:43,7,5,Otoño
101410,ENALAPRIL 10MG TAB CJAX140UND,FARM.GENERICOS,0.0,10.0,0.8,2025-05-11 15:43:11,13,5,Otoño
101410,ENALAPRIL 10MG TAB CJAX140UND,FARM.GENERICOS,0.0,20.0,1.6,2025-05-11 18:52:28,7,5,Otoño
101410,ENALAPRIL 10MG TAB CJAX140UND,FARM.GENERICOS,0.0,10.0,0.8,2025-05-11 19:40:32,3,5,Otoño
101410,ENALAPRIL 10MG TAB CJAX140UND,FARM.GENERICOS,0.0,10.0,0.8,2025-05-12 15:59:54,11,5,Otoño
101410,ENALAPRIL 10MG TAB CJAX140UND,FARM.GENERICOS,0.0,20.0,1.6,2025-05-12 19:06:55,6,5,Otoño
101410,ENALAPRIL 10MG TAB CJAX140UND,FARM.GENERICOS,1.0,0.0,10.0,2025-05-12 19:34:58,1,5,Otoño
101410,ENALAPRIL 10MG TAB CJAX140UND,FARM.GENERICOS,0.0,10.0,0.8,2025-05-14 10:08:39,4,5,Otoño
101410,ENALAPRIL 10MG TAB CJAX140UND,FARM.GENERICOS,0.0,50.0,4.0,2025-05-14 20:16:33,13,5,Otoño
101410,ENALAPRIL 10MG TAB CJAX140UND,FARM.GENERICOS,0.0,20.0,1.6,2025-05-14 21:05:17,7,5,Otoño
101410,ENALAPRIL 10MG TAB CJAX140UND,FARM.GENERICOS,7.0,0.0,70.0,2025-05-15 08:54:26,6,5,Otoño
101410,ENALAPRIL 10MG TAB CJAX140UND,FARM.GENERICOS,0.0,90.0,7.2,2025-05-15 08:54:26,6,5,Otoño
101410,ENALAPRIL 10MG TAB CJAX140UND,FARM.GENERICOS,0.0,30.0,2.4,2025-05-15 14:45:55,8,5,Otoño
101410,ENALAPRIL 10MG TAB CJAX140UND,FARM.GENERICOS,1.0,0.0,10.0,2025-05-16 09:44:40,5,5,Otoño
101410,ENALAPRIL 10MG TAB CJAX140UND,FARM.GENERICOS,0.0,20.0,1.6,2025-05-16 21:33:35,11,5,Otoño
101410,ENALAPRIL 10MG TAB CJAX140UND,FARM.GENERICOS,0.0,30.0,2.4,2025-05-17 13:33:15,10,5,Otoño
101410,ENALAPRIL 10MG TAB CJAX140UND,FARM.GENERICOS,0.0,20.0,1.6,2025-05-17 21:54:59,3,5,Otoño
101410,ENALAPRIL 10MG TAB CJAX140UND,FARM.GENERICOS,0.0,10.0,0.8,2025-05-18 10:49:12,1,5,Otoño
101410,ENALAPRIL 10MG TAB CJAX140UND,FARM.GENERICOS,0.0,10.0,0.8,2025-05-18 18:24:25,5,5,Otoño
101410,ENALAPRIL 10MG TAB CJAX140UND,FARM.GENERICOS,0.0,30.0,2.4,2025-05-20 09:07:37,5,5,Otoño
101410,ENALAPRIL 10MG TAB CJAX140UND,FARM.GENERICOS,0.0,20.0,1.6,2025-05-20 10:35:41,7,5,Otoño
101410,ENALAPRIL 10MG TAB CJAX140UND,FARM.GENERICOS,0.0,10.0,0.8,2025-05-20 18:49:44,11,5,Otoño
101410,ENALAPRIL 10MG TAB CJAX140UND,FARM.GENERICOS,0.0,60.0,4.8,2025-05-21 10:50:29,10,5,Otoño
101410,ENALAPRIL 10MG TAB CJAX140UND,FARM.GENERICOS,0.0,10.0,0.8,2025-05-21 20:25:05,10,5,Otoño
101410,ENALAPRIL 10MG TAB CJAX140UND,FARM.GENERICOS,0.0,50.0,4.0,2025-05-22 09:48:42,14,5,Otoño
101410,ENALAPRIL 10MG TAB CJAX140UND,FARM.GENERICOS,0.0,10.0,0.8,2025-05-22 10:10:08,1,5,Otoño
101410,ENALAPRIL 10MG TAB CJAX140UND,FARM.GENERICOS,0.0,30.0,2.4,2025-05-22 19:09:25,1,5,Otoño
101410,ENALAPRIL 10MG TAB CJAX140UND,FARM.GENERICOS,0.0,10.0,0.8,2025-05-23 20:29:39,11,5,Otoño
101410,ENALAPRIL 10MG TAB CJAX140UND,FARM.GENERICOS,0.0,20.0,1.6,2025-05-25 08:50:00,1,5,Otoño
101410,ENALAPRIL 10MG TAB CJAX140UND,FARM.GENERICOS,0.0,10.0,0.8,2025-05-25 10:34:25,9,5,Otoño
101410,ENALAPRIL 10MG TAB CJAX140UND,FARM.GENERICOS,1.0,0.0,10.0,2025-05-26 09:16:09,8,5,Otoño
101410,ENALAPRIL 10MG TAB CJAX140UND,FARM.GENERICOS,0.0,10.0,0.8,2025-05-26 19:12:07,10,5,Otoño
101410,ENALAPRIL 10MG TAB CJAX140UND,FARM.GENERICOS,0.0,-10.0,-0.8,2025-05-26 19:14:44,10,5,Otoño
101410,ENALAPRIL 10MG TAB CJAX140UND,FARM.GENERICOS,0.0,10.0,0.8,2025-05-26 19:15:23,10,5,Otoño
101410,ENALAPRIL 10MG TAB CJAX140UND,FARM.GENERICOS,0.0,10.0,0.8,2025-05-27 10:17:21,4,5,Otoño
101410,ENALAPRIL 10MG TAB CJAX140UND,FARM.GENERICOS,0.0,10.0,0.8,2025-05-27 18:22:58,5,5,Otoño
101410,ENALAPRIL 10MG TAB CJAX140UND,FARM.GENERICOS,0.0,10.0,0.8,2025-05-27 20:10:23,15,5,Otoño
101410,ENALAPRIL 10MG TAB CJAX140UND,FARM.GENERICOS,0.0,10.0,0.8,2025-05-28 14:54:16,7,5,Otoño
101410,ENALAPRIL 10MG TAB CJAX140UND,FARM.GENERICOS,0.0,10.0,0.8,2025-05-28 19:07:38,15,5,Otoño
101410,ENALAPRIL 10MG TAB CJAX140UND,FARM.GENERICOS,0.0,20.0,1.6,2025-05-29 20:06:45,12,5,Otoño
101410,ENALAPRIL 10MG TAB CJAX140UND,FARM.GENERICOS,0.0,10.0,0.8,2025-05-30 21:15:10,11,5,Otoño
101410,ENALAPRIL 10MG TAB CJAX140UND,FARM.GENERICOS,0.0,25.0,2.0,2025-05-31 09:29:26,7,5,Otoño
101410,ENALAPRIL 10MG TAB CJAX140UND,FARM.GENERICOS,0.0,10.0,0.8,2025-06-01 17:52:18,7,6,Invierno
101410,ENALAPRIL 10MG TAB CJAX140UND,FARM.GENERICOS,0.0,10.0,0.8,2025-06-02 21:41:02,11,6,Invierno
101410,ENALAPRIL 10MG TAB CJAX140UND,FARM.GENERICOS,0.0,10.0,0.8,2025-06-02 22:08:15,11,6,Invierno
101410,ENALAPRIL 10MG TAB CJAX140UND,FARM.GENERICOS,0.0,10.0,1.0,2025-06-03 18:26:50,11,6,Invierno
101410,ENALAPRIL 10MG TAB CJAX140UND,FARM.GENERICOS,0.0,20.0,2.0,2025-06-04 20:49:43,3,6,Invierno
101410,ENALAPRIL 10MG TAB CJAX140UND,FARM.GENERICOS,0.0,20.0,2.0,2025-06-04 21:19:43,10,6,Invierno
101410,ENALAPRIL 10MG TAB CJAX140UND,FARM.GENERICOS,0.0,10.0,1.0,2025-06-05 13:23:07,12,6,Invierno
101410,ENALAPRIL 10MG TAB CJAX140UND,FARM.GENERICOS,0.0,10.0,1.0,2025-06-05 19:30:25,7,6,Invierno
101410,ENALAPRIL 10MG TAB CJAX140UND,FARM.GENERICOS,0.0,30.0,3.0,2025-06-06 18:24:46,1,6,Invierno
101410,ENALAPRIL 10MG TAB CJAX140UND,FARM.GENERICOS,0.0,10.0,1.0,2025-06-06 22:02:16,1,6,Invierno
101410,ENALAPRIL 10MG TAB CJAX140UND,FARM.GENERICOS,0.0,40.0,4.0,2025-06-07 11:55:02,10,6,Invierno
101410,ENALAPRIL 10MG TAB CJAX140UND,FARM.GENERICOS,0.0,10.0,1.0,2025-06-07 20:53:44,7,6,Invierno
101410,ENALAPRIL 10MG TAB CJAX140UND,FARM.GENERICOS,1.0,0.0,9.8,2025-06-08 10:13:39,13,6,Invierno
101410,ENALAPRIL 10MG TAB CJAX140UND,FARM.GENERICOS,0.0,20.0,2.0,2025-06-08 15:30:36,3,6,Invierno
101410,ENALAPRIL 10MG TAB CJAX140UND,FARM.GENERICOS,0.0,10.0,1.0,2025-06-08 19:26:51,14,6,Invierno
101410,ENALAPRIL 10MG TAB CJAX140UND,FARM.GENERICOS,0.0,20.0,2.0,2025-06-08 23:05:49,4,6,Invierno
101410,ENALAPRIL 10MG TAB CJAX140UND,FARM.GENERICOS,1.0,0.0,9.8,2025-06-09 11:15:27,11,6,Invierno
101410,ENALAPRIL 10MG TAB CJAX140UND,FARM.GENERICOS,0.0,10.0,1.0,2025-06-09 13:49:58,9,6,Invierno
101410,ENALAPRIL 10MG TAB CJAX140UND,FARM.GENERICOS,12.0,0.0,117.6,2025-06-09 15:14:43,6,6,Invierno
101410,ENALAPRIL 10MG TAB CJAX140UND,FARM.GENERICOS,0.0,10.0,1.0,2025-06-09 20:13:46,5,6,Invierno
101410,ENALAPRIL 10MG TAB CJAX140UND,FARM.GENERICOS,0.0,10.0,1.0,2025-06-10 13:01:36,11,6,Invierno
101410,ENALAPRIL 10MG TAB CJAX140UND,FARM.GENERICOS,0.0,20.0,2.0,2025-06-10 17:37:14,13,6,Invierno
101410,ENALAPRIL 10MG TAB CJAX140UND,FARM.GENERICOS,0.0,50.0,5.0,2025-06-10 17:47:58,3,6,Invierno
101410,ENALAPRIL 10MG TAB CJAX140UND,FARM.GENERICOS,0.0,10.0,1.0,2025-06-10 20:38:25,8,6,Invierno
101410,ENALAPRIL 10MG TAB CJAX140UND,FARM.GENERICOS,0.0,10.0,1.0,2025-06-11 21:06:01,12,6,Invierno
101410,ENALAPRIL 10MG TAB CJAX140UND,FARM.GENERICOS,0.0,10.0,1.0,2025-06-11 21:24:59,1,6,Invierno
101410,ENALAPRIL 10MG TAB CJAX140UND,FARM.GENERICOS,1.0,0.0,9.31,2025-06-12 08:23:35,12,6,Invierno
101410,ENALAPRIL 10MG TAB CJAX140UND,FARM.GENERICOS,0.0,10.0,1.0,2025-06-12 15:50:09,12,6,Invierno
101410,ENALAPRIL 10MG TAB CJAX140UND,FARM.GENERICOS,0.0,10.0,1.0,2025-06-12 18:38:43,11,6,Invierno
101410,ENALAPRIL 10MG TAB CJAX140UND,FARM.GENERICOS,0.0,10.0,1.0,2025-06-12 21:25:56,11,6,Invierno
101410,ENALAPRIL 10MG TAB CJAX140UND,FARM.GENERICOS,0.0,10.0,1.0,2025-06-12 21:32:22,3,6,Invierno
101410,ENALAPRIL 10MG TAB CJAX140UND,FARM.GENERICOS,0.0,20.0,2.0,2025-06-13 19:31:02,15,6,Invierno
101410,ENALAPRIL 10MG TAB CJAX140UND,FARM.GENERICOS,0.0,10.0,1.0,2025-06-14 14:35:52,3,6,Invierno
101410,ENALAPRIL 10MG TAB CJAX140UND,FARM.GENERICOS,0.0,10.0,1.0,2025-06-15 10:10:21,3,6,Invierno
101410,ENALAPRIL 10MG TAB CJAX140UND,FARM.GENERICOS,0.0,10.0,1.0,2025-06-15 10:56:03,5,6,Invierno
101410,ENALAPRIL 10MG TAB CJAX140UND,FARM.GENERICOS,0.0,10.0,1.0,2025-06-15 10:56:40,11,6,Invierno
101410,ENALAPRIL 10MG TAB CJAX140UND,FARM.GENERICOS,1.0,0.0,9.8,2025-06-16 16:53:44,10,6,Invierno
101410,ENALAPRIL 10MG TAB CJAX140UND,FARM.GENERICOS,0.0,20.0,2.0,2025-06-16 21:35:37,1,6,Invierno
101410,ENALAPRIL 10MG TAB CJAX140UND,FARM.GENERICOS,1.0,0.0,9.31,2025-06-16 21:57:08,11,6,Invierno
101410,ENALAPRIL 10MG TAB CJAX140UND,FARM.GENERICOS,0.0,10.0,1.0,2025-06-17 07:56:51,13,6,Invierno
101410,ENALAPRIL 10MG TAB CJAX140UND,FARM.GENERICOS,0.0,10.0,1.0,2025-06-17 09:36:32,8,6,Invierno
101410,ENALAPRIL 10MG TAB CJAX140UND,FARM.GENERICOS,1.0,0.0,9.8,2025-06-17 18:19:34,7,6,Invierno
101410,ENALAPRIL 10MG TAB CJAX140UND,FARM.GENERICOS,0.0,10.0,1.0,2025-06-17 19:23:10,1,6,Invierno
101410,ENALAPRIL 10MG TAB CJAX140UND,FARM.GENERICOS,0.0,10.0,1.0,2025-06-17 19:45:33,5,6,Invierno
101410,ENALAPRIL 10MG TAB CJAX140UND,FARM.GENERICOS,0.0,10.0,1.0,2025-06-18 07:49:20,7,6,Invierno
101410,ENALAPRIL 10MG TAB CJAX140UND,FARM.GENERICOS,1.0,0.0,9.8,2025-06-18 21:32:59,3,6,Invierno
101410,ENALAPRIL 10MG TAB CJAX140UND,FARM.GENERICOS,0.0,10.0,1.0,2025-06-19 09:41:52,3,6,Invierno
101410,ENALAPRIL 10MG TAB CJAX140UND,FARM.GENERICOS,1.0,0.0,9.8,2025-06-19 23:44:04,4,6,Invierno
101410,ENALAPRIL 10MG TAB CJAX140UND,FARM.GENERICOS,0.0,110.0,11.0,2025-06-20 18:38:01,13,6,Invierno
101410,ENALAPRIL 10MG TAB CJAX140UND,FARM.GENERICOS,0.0,30.0,3.0,2025-06-20 19:30:25,1,6,Invierno
101410,ENALAPRIL 10MG TAB CJAX140UND,FARM.GENERICOS,0.0,20.0,2.0,2025-06-20 19:51:05,14,6,Invierno
101410,ENALAPRIL 10MG TAB CJAX140UND,FARM.GENERICOS,0.0,10.0,1.0,2025-06-21 08:08:29,4,6,Invierno
101410,ENALAPRIL 10MG TAB CJAX140UND,FARM.GENERICOS,0.0,40.0,4.0,2025-06-21 13:32:18,7,6,Invierno
101410,ENALAPRIL 10MG TAB CJAX140UND,FARM.GENERICOS,0.0,10.0,1.0,2025-06-21 22:30:15,7,6,Invierno
101410,ENALAPRIL 10MG TAB CJAX140UND,FARM.GENERICOS,0.0,10.0,1.0,2025-06-22 09:38:00,10,6,Invierno
101410,ENALAPRIL 10MG TAB CJAX140UND,FARM.GENERICOS,0.0,10.0,1.0,2025-06-22 09:42:06,14,6,Invierno
101410,ENALAPRIL 10MG TAB CJAX140UND,FARM.GENERICOS,0.0,20.0,2.0,2025-06-22 23:34:15,10,6,Invierno
101410,ENALAPRIL 10MG TAB CJAX140UND,FARM.GENERICOS,0.0,20.0,2.0,2025-06-23 16:28:11,3,6,Invierno
101410,ENALAPRIL 10MG TAB CJAX140UND,FARM.GENERICOS,0.0,10.0,1.0,2025-06-24 14:15:38,11,6,Invierno
101410,ENALAPRIL 10MG TAB CJAX140UND,FARM.GENERICOS,0.0,50.0,5.0,2025-06-25 11:49:11,15,6,Invierno
101410,ENALAPRIL 10MG TAB CJAX140UND,FARM.GENERICOS,0.0,-50.0,-5.0,2025-06-25 11:50:42,15,6,Invierno
101410,ENALAPRIL 10MG TAB CJAX140UND,FARM.GENERICOS,0.0,30.0,3.0,2025-06-25 21:40:49,4,6,Invierno
101410,ENALAPRIL 10MG TAB CJAX140UND,FARM.GENERICOS,0.0,10.0,1.0,2025-06-26 20:06:36,10,6,Invierno
101410,ENALAPRIL 10MG TAB CJAX140UND,FARM.GENERICOS,0.0,10.0,1.0,2025-06-26 21:17:06,10,6,Invierno
101410,ENALAPRIL 10MG TAB CJAX140UND,FARM.GENERICOS,0.0,20.0,2.0,2025-06-27 11:01:45,4,6,Invierno
101410,ENALAPRIL 10MG TAB CJAX140UND,FARM.GENERICOS,0.0,50.0,5.0,2025-06-27 21:40:16,13,6,Invierno
101410,ENALAPRIL 10MG TAB CJAX140UND,FARM.GENERICOS,0.0,10.0,1.0,2025-06-29 09:07:57,3,6,Invierno
101410,ENALAPRIL 10MG TAB CJAX140UND,FARM.GENERICOS,0.0,30.0,3.0,2025-06-29 10:40:15,7,6,Invierno
101410,ENALAPRIL 10MG TAB CJAX140UND,FARM.GENERICOS,0.0,10.0,1.0,2025-06-29 19:43:35,7,6,Invierno
101410,ENALAPRIL 10MG TAB CJAX140UND,FARM.GENERICOS,0.0,10.0,1.0,2025-07-01 10:07:57,9,7,Invierno
101410,ENALAPRIL 10MG TAB CJAX140UND,FARM.GENERICOS,0.0,6.0,0.6,2025-07-01 15:34:10,3,7,Invierno
101410,ENALAPRIL 10MG TAB CJAX140UND,FARM.GENERICOS,0.0,10.0,1.0,2025-07-02 14:22:00,12,7,Invierno
101410,ENALAPRIL 10MG TAB CJAX140UND,FARM.GENERICOS,0.0,10.0,1.0,2025-07-02 22:02:45,4,7,Invierno
101410,ENALAPRIL 10MG TAB CJAX140UND,FARM.GENERICOS,0.0,5.0,0.5,2025-07-03 12:37:06,1,7,Invierno
101410,ENALAPRIL 10MG TAB CJAX140UND,FARM.GENERICOS,0.0,10.0,1.0,2025-07-03 17:18:33,9,7,Invierno
101410,ENALAPRIL 10MG TAB CJAX140UND,FARM.GENERICOS,0.0,10.0,1.0,2025-07-03 19:22:53,10,7,Invierno
101410,ENALAPRIL 10MG TAB CJAX140UND,FARM.GENERICOS,1.0,0.0,9.8,2025-07-03 19:35:40,1,7,Invierno
101410,ENALAPRIL 10MG TAB CJAX140UND,FARM.GENERICOS,0.0,10.0,1.0,2025-07-03 20:16:08,11,7,Invierno
101410,ENALAPRIL 10MG TAB CJAX140UND,FARM.GENERICOS,0.0,60.0,5.4,2025-07-04 08:53:35,10,7,Invierno
101410,ENALAPRIL 10MG TAB CJAX140UND,FARM.GENERICOS,0.0,10.0,1.0,2025-07-04 14:49:10,7,7,Invierno
101410,ENALAPRIL 10MG TAB CJAX140UND,FARM.GENERICOS,0.0,50.0,5.0,2025-07-04 16:47:42,3,7,Invierno
101410,ENALAPRIL 10MG TAB CJAX140UND,FARM.GENERICOS,0.0,20.0,2.0,2025-07-04 16:49:36,14,7,Invierno
101410,ENALAPRIL 10MG TAB CJAX140UND,FARM.GENERICOS,0.0,20.0,2.0,2025-07-05 09:21:00,3,7,Invierno
101410,ENALAPRIL 10MG TAB CJAX140UND,FARM.GENERICOS,0.0,40.0,4.0,2025-07-05 13:34:58,5,7,Invierno
101410,ENALAPRIL 10MG TAB CJAX140UND,FARM.GENERICOS,0.0,10.0,1.0,2025-07-05 18:28:24,11,7,Invierno
101410,ENALAPRIL 10MG TAB CJAX140UND,FARM.GENERICOS,1.0,0.0,9.8,2025-07-05 21:14:17,14,7,Invierno
101410,ENALAPRIL 10MG TAB CJAX140UND,FARM.GENERICOS,0.0,20.0,2.0,2025-07-05 23:38:52,4,7,Invierno
101410,ENALAPRIL 10MG TAB CJAX140UND,FARM.GENERICOS,0.0,10.0,1.0,2025-07-07 07:20:10,11,7,Invierno
101410,ENALAPRIL 10MG TAB CJAX140UND,FARM.GENERICOS,0.0,50.0,5.0,2025-07-07 10:57:09,15,7,Invierno
101410,ENALAPRIL 10MG TAB CJAX140UND,FARM.GENERICOS,0.0,30.0,3.0,2025-07-08 09:40:30,13,7,Invierno
101410,ENALAPRIL 10MG TAB CJAX140UND,FARM.GENERICOS,0.0,20.0,2.0,2025-07-08 10:31:53,4,7,Invierno
101410,ENALAPRIL 10MG TAB CJAX140UND,FARM.GENERICOS,0.0,10.0,1.0,2025-07-08 19:37:48,14,7,Invierno
101410,ENALAPRIL 10MG TAB CJAX140UND,FARM.GENERICOS,0.0,25.0,2.5,2025-07-08 22:10:49,7,7,Invierno
101410,ENALAPRIL 10MG TAB CJAX140UND,FARM.GENERICOS,0.0,30.0,3.0,2025-07-09 10:46:08,9,7,Invierno
101410,ENALAPRIL 10MG TAB CJAX140UND,FARM.GENERICOS,0.0,3.0,0.3,2025-07-09 18:53:16,1,7,Invierno
101410,ENALAPRIL 10MG TAB CJAX140UND,FARM.GENERICOS,0.0,10.0,1.0,2025-07-12 17:14:56,9,7,Invierno
101410,ENALAPRIL 10MG TAB CJAX140UND,FARM.GENERICOS,0.0,10.0,1.0,2025-07-13 13:07:25,10,7,Invierno
101410,ENALAPRIL 10MG TAB CJAX140UND,FARM.GENERICOS,0.0,10.0,1.0,2025-07-13 13:11:04,11,7,Invierno
101410,ENALAPRIL 10MG TAB CJAX140UND,FARM.GENERICOS,0.0,2.0,0.2,2025-07-13 19:37:04,13,7,Invierno
101410,ENALAPRIL 10MG TAB CJAX140UND,FARM.GENERICOS,0.0,10.0,1.0,2025-07-13 21:08:57,5,7,Invierno
101410,ENALAPRIL 10MG TAB CJAX140UND,FARM.GENERICOS,0.0,10.0,1.0,2025-07-14 06:51:09,4,7,Invierno
101410,ENALAPRIL 10MG TAB CJAX140UND,FARM.GENERICOS,0.0,2.0,0.2,2025-07-14 09:36:52,1,7,Invierno
101410,ENALAPRIL 10MG TAB CJAX140UND,FARM.GENERICOS,0.0,50.0,5.0,2025-07-14 10:50:43,9,7,Invierno
101410,ENALAPRIL 10MG TAB CJAX140UND,FARM.GENERICOS,0.0,10.0,1.0,2025-07-15 14:59:08,11,7,Invierno
101410,ENALAPRIL 10MG TAB CJAX140UND,FARM.GENERICOS,0.0,2.0,0.2,2025-07-16 11:28:50,1,7,Invierno
101410,ENALAPRIL 10MG TAB CJAX140UND,FARM.GENERICOS,0.0,-2.0,-0.2,2025-07-16 11:41:41,1,7,Invierno
101410,ENALAPRIL 10MG TAB CJAX140UND,FARM.GENERICOS,0.0,20.0,2.0,2025-07-16 20:33:41,3,7,Invierno
101410,ENALAPRIL 10MG TAB CJAX140UND,FARM.GENERICOS,0.0,20.0,2.0,2025-07-16 22:21:54,3,7,Invierno
101410,ENALAPRIL 10MG TAB CJAX140UND,FARM.GENERICOS,0.0,10.0,1.0,2025-07-17 08:24:06,4,7,Invierno
101410,ENALAPRIL 10MG TAB CJAX140UND,FARM.GENERICOS,0.0,11.0,1.1,2025-07-17 11:13:09,3,7,Invierno
101410,ENALAPRIL 10MG TAB CJAX140UND,FARM.GENERICOS,1.0,0.0,9.8,2025-07-17 13:43:27,4,7,Invierno
101410,ENALAPRIL 10MG TAB CJAX140UND,FARM.GENERICOS,0.0,10.0,1.0,2025-07-18 23:30:06,10,7,Invierno
101410,ENALAPRIL 10MG TAB CJAX140UND,FARM.GENERICOS,0.0,10.0,1.0,2025-07-19 15:51:18,9,7,Invierno
101410,ENALAPRIL 10MG TAB CJAX140UND,FARM.GENERICOS,0.0,70.0,7.0,2025-07-20 19:46:07,10,7,Invierno
101410,ENALAPRIL 10MG TAB CJAX140UND,FARM.GENERICOS,0.0,20.0,2.0,2025-07-21 18:56:30,8,7,Invierno
101410,ENALAPRIL 10MG TAB CJAX140UND,FARM.GENERICOS,0.0,58.0,5.8,2025-07-21 22:03:30,13,7,Invierno
101410,ENALAPRIL 10MG TAB CJAX140UND,FARM.GENERICOS,0.0,10.0,1.0,2025-07-23 12:15:56,11,7,Invierno
101410,ENALAPRIL 10MG TAB CJAX140UND,FARM.GENERICOS,0.0,20.0,2.0,2025-07-23 19:13:50,5,7,Invierno
101410,ENALAPRIL 10MG TAB CJAX140UND,FARM.GENERICOS,0.0,10.0,1.0,2025-07-24 14:32:10,11,7,Invierno
101410,ENALAPRIL 10MG TAB CJAX140UND,FARM.GENERICOS,0.0,10.0,1.0,2025-07-24 21:27:52,11,7,Invierno
101410,ENALAPRIL 10MG TAB CJAX140UND,FARM.GENERICOS,0.0,10.0,1.0,2025-07-26 18:54:39,9,7,Invierno
101410,ENALAPRIL 10MG TAB CJAX140UND,FARM.GENERICOS,0.0,20.0,2.0,2025-07-27 19:01:18,5,7,Invierno
101410,ENALAPRIL 10MG TAB CJAX140UND,FARM.GENERICOS,0.0,10.0,1.0,2025-07-30 20:12:34,11,7,Invierno
101410,ENALAPRIL 10MG TAB CJAX140UND,FARM.GENERICOS,0.0,10.0,1.0,2025-07-31 11:07:57,11,7,Invierno
101410,ENALAPRIL 10MG TAB CJAX140UND,FARM.GENERICOS,0.0,10.0,1.0,2025-08-04 14:33:31,11,8,Invierno
101410,ENALAPRIL 10MG TAB CJAX140UND,FARM.GENERICOS,0.0,6.0,0.6,2025-08-04 17:29:33,5,8,Invierno
101410,ENALAPRIL 10MG TAB CJAX140UND,FARM.GENERICOS,0.0,10.0,1.0,2025-08-07 20:18:30,12,8,Invierno
101410,ENALAPRIL 10MG TAB CJAX140UND,FARM.GENERICOS,0.0,10.0,1.0,2025-08-08 18:48:49,14,8,Invierno
101410,ENALAPRIL 10MG TAB CJAX140UND,FARM.GENERICOS,0.0,10.0,1.0,2025-08-08 20:06:23,11,8,Invierno
101410,ENALAPRIL 10MG TAB CJAX140UND,FARM.GENERICOS,0.0,15.0,1.5,2025-08-11 09:23:43,14,8,Invierno
101410,ENALAPRIL 10MG TAB CJAX140UND,FARM.GENERICOS,1.0,0.0,9.31,2025-08-15 07:20:06,12,8,Invierno
101410,ENALAPRIL 10MG TAB CJAX140UND,FARM.GENERICOS,0.0,10.0,1.0,2025-08-19 18:50:47,11,8,Invierno
101410,ENALAPRIL 10MG TAB CJAX140UND,FARM.GENERICOS,0.0,10.0,1.0,2025-08-20 08:37:13,11,8,Invierno
101410,ENALAPRIL 10MG TAB CJAX140UND,FARM.GENERICOS,0.0,10.0,1.0,2025-08-26 14:16:34,11,8,Invierno
101410,ENALAPRIL 10MG TAB CJAX140UND,FARM.GENERICOS,0.0,8.0,0.8,2025-08-29 08:46:01,11,8,Invierno
101410,ENALAPRIL 10MG TAB CJAX140UND,FARM.GENERICOS,0.0,20.0,2.0,2025-09-01 10:45:22,12,9,Primavera
101410,ENALAPRIL 10MG TAB CJAX140UND,FARM.GENERICOS,0.0,-20.0,-2.0,2025-09-01 10:46:28,12,9,Primavera
101410,ENALAPRIL 10MG TAB CJAX140UND,FARM.GENERICOS,0.0,12.0,1.2,2025-09-02 19:10:26,11,9,Primavera
101410,ENALAPRIL 10MG TAB CJAX140UND,FARM.GENERICOS,0.0,20.0,2.0,2025-09-04 18:06:17,1,9,Primavera
101410,ENALAPRIL 10MG TAB CJAX140UND,FARM.GENERICOS,0.0,60.0,6.0,2025-09-05 12:26:30,1,9,Primavera
101410,ENALAPRIL 10MG TAB CJAX140UND,FARM.GENERICOS,0.0,10.0,1.0,2025-09-07 10:59:55,5,9,Primavera
101410,ENALAPRIL 10MG TAB CJAX140UND,FARM.GENERICOS,0.0,10.0,1.0,2025-09-08 09:24:17,4,9,Primavera
101410,ENALAPRIL 10MG TAB CJAX140UND,FARM.GENERICOS,0.0,10.0,1.0,2025-09-08 15:44:28,11,9,Primavera
101410,ENALAPRIL 10MG TAB CJAX140UND,FARM.GENERICOS,0.0,20.0,2.0,2025-09-08 18:26:52,11,9,Primavera
101410,ENALAPRIL 10MG TAB CJAX140UND,FARM.GENERICOS,0.0,50.0,5.0,2025-09-08 19:29:42,4,9,Primavera
101410,ENALAPRIL 10MG TAB CJAX140UND,FARM.GENERICOS,1.0,0.0,9.5,2025-09-08 21:59:10,13,9,Primavera
101410,ENALAPRIL 10MG TAB CJAX140UND,FARM.GENERICOS,1.0,0.0,9.5,2025-09-09 10:16:52,1,9,Primavera
101410,ENALAPRIL 10MG TAB CJAX140UND,FARM.GENERICOS,0.0,10.0,1.0,2025-09-09 10:40:01,13,9,Primavera
101410,ENALAPRIL 10MG TAB CJAX140UND,FARM.GENERICOS,0.0,20.0,2.0,2025-09-09 11:12:04,4,9,Primavera
101410,ENALAPRIL 10MG TAB CJAX140UND,FARM.GENERICOS,0.0,10.0,1.0,2025-09-09 13:35:38,8,9,Primavera
101410,ENALAPRIL 10MG TAB CJAX140UND,FARM.GENERICOS,0.0,140.0,14.0,2025-09-09 14:14:39,10,9,Primavera
101410,ENALAPRIL 10MG TAB CJAX140UND,FARM.GENERICOS,0.0,10.0,1.0,2025-09-09 18:26:42,10,9,Primavera
101410,ENALAPRIL 10MG TAB CJAX140UND,FARM.GENERICOS,0.0,-140.0,-14.0,2025-09-09 19:10:10,10,9,Primavera
101410,ENALAPRIL 10MG TAB CJAX140UND,FARM.GENERICOS,0.0,10.0,1.0,2025-09-09 19:35:07,4,9,Primavera
101410,ENALAPRIL 10MG TAB CJAX140UND,FARM.GENERICOS,0.0,2.0,0.2,2025-09-10 07:52:26,1,9,Primavera
101410,ENALAPRIL 10MG TAB CJAX140UND,FARM.GENERICOS,0.0,2.0,0.2,2025-09-10 08:16:37,1,9,Primavera
101410,ENALAPRIL 10MG TAB CJAX140UND,FARM.GENERICOS,0.0,30.0,2.7,2025-09-10 08:54:59,10,9,Primavera
101410,ENALAPRIL 10MG TAB CJAX140UND,FARM.GENERICOS,0.0,10.0,1.0,2025-09-10 09:09:48,9,9,Primavera
101410,ENALAPRIL 10MG TAB CJAX140UND,FARM.GENERICOS,1.0,0.0,9.5,2025-09-10 15:46:44,9,9,Primavera
101410,ENALAPRIL 10MG TAB CJAX140UND,FARM.GENERICOS,0.0,50.0,5.0,2025-09-10 19:06:26,8,9,Primavera
101410,ENALAPRIL 10MG TAB CJAX140UND,FARM.GENERICOS,1.0,0.0,9.5,2025-09-10 20:40:42,5,9,Primavera
101410,ENALAPRIL 10MG TAB CJAX140UND,FARM.GENERICOS,1.0,0.0,9.5,2025-09-10 21:26:45,11,9,Primavera
101410,ENALAPRIL 10MG TAB CJAX140UND,FARM.GENERICOS,0.0,20.0,2.0,2025-09-10 22:15:49,1,9,Primavera
101410,ENALAPRIL 10MG TAB CJAX140UND,FARM.GENERICOS,0.0,10.0,1.0,2025-09-11 09:49:22,11,9,Primavera
101410,ENALAPRIL 10MG TAB CJAX140UND,FARM.GENERICOS,0.0,10.0,1.0,2025-09-11 11:07:18,12,9,Primavera
101410,ENALAPRIL 10MG TAB CJAX140UND,FARM.GENERICOS,0.0,80.0,8.0,2025-09-11 11:32:30,8,9,Primavera
101410,ENALAPRIL 10MG TAB CJAX140UND,FARM.GENERICOS,0.0,10.0,1.0,2025-09-11 20:17:19,11,9,Primavera
101410,ENALAPRIL 10MG TAB CJAX140UND,FARM.GENERICOS,0.0,10.0,1.0,2025-09-11 21:39:22,6,9,Primavera
101410,ENALAPRIL 10MG TAB CJAX140UND,FARM.GENERICOS,0.0,10.0,1.0,2025-09-12 20:16:38,11,9,Primavera
101410,ENALAPRIL 10MG TAB CJAX140UND,FARM.GENERICOS,0.0,10.0,1.0,2025-09-12 21:22:32,13,9,Primavera
101410,ENALAPRIL 10MG TAB CJAX140UND,FARM.GENERICOS,0.0,10.0,1.0,2025-09-12 23:22:16,7,9,Primavera
101410,ENALAPRIL 10MG TAB CJAX140UND,FARM.GENERICOS,0.0,10.0,1.0,2025-09-13 10:21:51,4,9,Primavera
101410,ENALAPRIL 10MG TAB CJAX140UND,FARM.GENERICOS,0.0,20.0,2.0,2025-09-13 16:45:25,3,9,Primavera
101410,ENALAPRIL 10MG TAB CJAX140UND,FARM.GENERICOS,0.0,10.0,1.0,2025-09-14 07:10:23,6,9,Primavera
101410,ENALAPRIL 10MG TAB CJAX140UND,FARM.GENERICOS,0.0,10.0,1.0,2025-09-14 10:02:28,13,9,Primavera
101410,ENALAPRIL 10MG TAB CJAX140UND,FARM.GENERICOS,0.0,10.0,1.0,2025-09-14 18:34:43,4,9,Primavera
101410,ENALAPRIL 10MG TAB CJAX140UND,FARM.GENERICOS,1.0,0.0,9.5,2025-09-14 19:15:54,10,9,Primavera
101410,ENALAPRIL 10MG TAB CJAX140UND,FARM.GENERICOS,0.0,20.0,2.0,2025-09-15 16:35:47,10,9,Primavera
101410,ENALAPRIL 10MG TAB CJAX140UND,FARM.GENERICOS,1.0,0.0,9.5,2025-09-15 18:51:05,1,9,Primavera
101410,ENALAPRIL 10MG TAB CJAX140UND,FARM.GENERICOS,0.0,30.0,3.0,2025-09-15 19:14:47,1,9,Primavera
101410,ENALAPRIL 10MG TAB CJAX140UND,FARM.GENERICOS,0.0,20.0,2.0,2025-09-16 08:38:23,6,9,Primavera
101410,ENALAPRIL 10MG TAB CJAX140UND,FARM.GENERICOS,0.0,10.0,1.0,2025-09-16 12:01:10,12,9,Primavera
101410,ENALAPRIL 10MG TAB CJAX140UND,FARM.GENERICOS,0.0,10.0,1.0,2025-09-16 13:51:12,13,9,Primavera
101410,ENALAPRIL 10MG TAB CJAX140UND,FARM.GENERICOS,0.0,20.0,2.0,2025-09-16 18:18:51,5,9,Primavera
101410,ENALAPRIL 10MG TAB CJAX140UND,FARM.GENERICOS,0.0,10.0,1.0,2025-09-16 20:22:50,11,9,Primavera
101410,ENALAPRIL 10MG TAB CJAX140UND,FARM.GENERICOS,0.0,10.0,1.0,2025-09-17 19:38:52,11,9,Primavera
101410,ENALAPRIL 10MG TAB CJAX140UND,FARM.GENERICOS,1.0,0.0,9.5,2025-09-17 21:52:24,8,9,Primavera
101410,ENALAPRIL 10MG TAB CJAX140UND,FARM.GENERICOS,0.0,20.0,2.0,2025-09-18 10:02:05,9,9,Primavera
101410,ENALAPRIL 10MG TAB CJAX140UND,FARM.GENERICOS,0.0,20.0,2.0,2025-09-18 10:10:59,11,9,Primavera
101410,ENALAPRIL 10MG TAB CJAX140UND,FARM.GENERICOS,1.0,0.0,9.5,2025-09-18 11:19:26,2,9,Primavera
101410,ENALAPRIL 10MG TAB CJAX140UND,FARM.GENERICOS,0.0,10.0,1.0,2025-09-18 13:40:41,11,9,Primavera
101410,ENALAPRIL 10MG TAB CJAX140UND,FARM.GENERICOS,0.0,10.0,1.0,2025-09-18 14:11:01,13,9,Primavera
101410,ENALAPRIL 10MG TAB CJAX140UND,FARM.GENERICOS,0.0,10.0,1.0,2025-09-18 16:16:34,3,9,Primavera
101410,ENALAPRIL 10MG TAB CJAX140UND,FARM.GENERICOS,0.0,30.0,3.0,2025-09-18 17:44:04,12,9,Primavera
101410,ENALAPRIL 10MG TAB CJAX140UND,FARM.GENERICOS,0.0,10.0,1.0,2025-09-19 10:51:16,1,9,Primavera
101410,ENALAPRIL 10MG TAB CJAX140UND,FARM.GENERICOS,0.0,10.0,1.0,2025-09-19 19:06:19,4,9,Primavera
101410,ENALAPRIL 10MG TAB CJAX140UND,FARM.GENERICOS,0.0,15.0,1.5,2025-09-19 20:32:45,12,9,Primavera
101410,ENALAPRIL 10MG TAB CJAX140UND,FARM.GENERICOS,0.0,10.0,1.0,2025-09-20 11:05:38,6,9,Primavera
101410,ENALAPRIL 10MG TAB CJAX140UND,FARM.GENERICOS,0.0,20.0,2.0,2025-09-20 14:31:21,9,9,Primavera
101410,ENALAPRIL 10MG TAB CJAX140UND,FARM.GENERICOS,0.0,20.0,2.0,2025-09-21 08:24:56,4,9,Primavera
101410,ENALAPRIL 10MG TAB CJAX140UND,FARM.GENERICOS,0.0,10.0,1.0,2025-09-21 09:53:26,13,9,Primavera
101410,ENALAPRIL 10MG TAB CJAX140UND,FARM.GENERICOS,0.0,10.0,1.0,2025-09-21 10:54:59,3,9,Primavera
101410,ENALAPRIL 10MG TAB CJAX140UND,FARM.GENERICOS,0.0,10.0,1.0,2025-09-21 21:04:54,1,9,Primavera
101410,ENALAPRIL 10MG TAB CJAX140UND,FARM.GENERICOS,0.0,20.0,2.0,2025-09-21 21:58:55,4,9,Primavera
101410,ENALAPRIL 10MG TAB CJAX140UND,FARM.GENERICOS,0.0,3.0,0.27,2025-09-22 20:59:29,1,9,Primavera
101410,ENALAPRIL 10MG TAB CJAX140UND,FARM.GENERICOS,0.0,10.0,1.0,2025-09-23 19:35:27,1,9,Primavera
101410,ENALAPRIL 10MG TAB CJAX140UND,FARM.GENERICOS,0.0,20.0,1.8,2025-09-23 22:18:22,10,9,Primavera
101410,ENALAPRIL 10MG TAB CJAX140UND,FARM.GENERICOS,0.0,50.0,5.0,2025-09-24 09:48:10,9,9,Primavera
101410,ENALAPRIL 10MG TAB CJAX140UND,FARM.GENERICOS,0.0,10.0,1.0,2025-09-24 13:41:04,13,9,Primavera
101410,ENALAPRIL 10MG TAB CJAX140UND,FARM.GENERICOS,0.0,10.0,1.0,2025-09-24 19:59:12,11,9,Primavera
101410,ENALAPRIL 10MG TAB CJAX140UND,FARM.GENERICOS,0.0,40.0,4.0,2025-09-25 08:39:30,12,9,Primavera
101410,ENALAPRIL 10MG TAB CJAX140UND,FARM.GENERICOS,0.0,10.0,1.0,2025-09-25 09:28:58,12,9,Primavera
101410,ENALAPRIL 10MG TAB CJAX140UND,FARM.GENERICOS,0.0,30.0,2.7,2025-09-25 11:27:48,12,9,Primavera
101410,ENALAPRIL 10MG TAB CJAX140UND,FARM.GENERICOS,1.0,0.0,9.5,2025-09-25 11:57:30,4,9,Primavera
101410,ENALAPRIL 10MG TAB CJAX140UND,FARM.GENERICOS,0.0,10.0,1.0,2025-09-25 16:35:09,9,9,Primavera
101410,ENALAPRIL 10MG TAB CJAX140UND,FARM.GENERICOS,0.0,2.0,0.2,2025-09-25 20:16:56,1,9,Primavera
101410,ENALAPRIL 10MG TAB CJAX140UND,FARM.GENERICOS,0.0,40.0,4.0,2025-09-25 20:19:29,5,9,Primavera
101410,ENALAPRIL 10MG TAB CJAX140UND,FARM.GENERICOS,1.0,0.0,9.5,2025-09-26 09:30:42,3,9,Primavera
101410,ENALAPRIL 10MG TAB CJAX140UND,FARM.GENERICOS,0.0,11.0,1.1,2025-09-26 10:56:13,7,9,Primavera
101410,ENALAPRIL 10MG TAB CJAX140UND,FARM.GENERICOS,0.0,2.0,0.2,2025-09-26 19:20:05,13,9,Primavera
101410,ENALAPRIL 10MG TAB CJAX140UND,FARM.GENERICOS,0.0,10.0,1.0,2025-09-26 19:38:40,13,9,Primavera
101410,ENALAPRIL 10MG TAB CJAX140UND,FARM.GENERICOS,0.0,140.0,14.0,2025-09-27 13:38:50,10,9,Primavera
101410,ENALAPRIL 10MG TAB CJAX140UND,FARM.GENERICOS,0.0,10.0,1.0,2025-09-27 20:29:02,5,9,Primavera
101410,ENALAPRIL 10MG TAB CJAX140UND,FARM.GENERICOS,0.0,20.0,2.0,2025-09-28 09:45:57,3,9,Primavera
101410,ENALAPRIL 10MG TAB CJAX140UND,FARM.GENERICOS,0.0,10.0,1.0,2025-09-28 10:03:33,9,9,Primavera
101410,ENALAPRIL 10MG TAB CJAX140UND,FARM.GENERICOS,0.0,10.0,1.0,2025-09-28 11:41:56,13,9,Primavera
101410,ENALAPRIL 10MG TAB CJAX140UND,FARM.GENERICOS,0.0,10.0,1.0,2025-09-28 15:34:15,3,9,Primavera
101410,ENALAPRIL 10MG TAB CJAX140UND,FARM.GENERICOS,0.0,2.0,0.2,2025-09-28 19:19:46,13,9,Primavera
101410,ENALAPRIL 10MG TAB CJAX140UND,FARM.GENERICOS,1.0,0.0,9.5,2025-09-29 12:01:56,3,9,Primavera
101410,ENALAPRIL 10MG TAB CJAX140UND,FARM.GENERICOS,0.0,10.0,1.0,2025-09-29 13:25:03,13,9,Primavera
101410,ENALAPRIL 10MG TAB CJAX140UND,FARM.GENERICOS,0.0,10.0,1.0,2025-09-29 19:02:15,7,9,Primavera
101410,ENALAPRIL 10MG TAB CJAX140UND,FARM.GENERICOS,0.0,60.0,6.0,2025-09-29 20:52:46,5,9,Primavera
101410,ENALAPRIL 10MG TAB CJAX140UND,FARM.GENERICOS,0.0,10.0,1.0,2025-09-29 21:28:30,16,9,Primavera
101410,ENALAPRIL 10MG TAB CJAX140UND,FARM.GENERICOS,0.0,-140.0,-14.0,2025-09-30 12:00:00,13,9,Primavera
101410,ENALAPRIL 10MG TAB CJAX140UND,FARM.GENERICOS,0.0,10.0,1.0,2025-09-30 13:09:38,13,9,Primavera
101410,ENALAPRIL 10MG TAB CJAX140UND,FARM.GENERICOS,0.0,10.0,1.0,2025-09-30 18:30:24,2,9,Primavera
101410,ENALAPRIL 10MG TAB CJAX140UND,FARM.GENERICOS,0.0,20.0,2.0,2025-09-30 20:10:49,2,9,Primavera
101410,ENALAPRIL 10MG TAB CJAX140UND,FARM.GENERICOS,0.0,10.0,1.0,2025-09-30 21:45:13,14,9,Primavera
101410,ENALAPRIL 10MG TAB CJAX140UND,FARM.GENERICOS,0.0,140.0,14.0,2025-09-30 22:43:22,13,9,Primavera
101410,ENALAPRIL 10MG TAB CJAX140UND,FARM.GENERICOS,1.0,0.0,9.5,2025-09-30 22:45:40,13,9,Primavera
101410,ENALAPRIL 10MG TAB CJAX140UND,FARM.GENERICOS,0.0,20.0,2.0,2025-10-01 08:07:11,9,10,Primavera
101410,ENALAPRIL 10MG TAB CJAX140UND,FARM.GENERICOS,0.0,60.0,5.4,2025-10-01 14:20:21,12,10,Primavera
101410,ENALAPRIL 10MG TAB CJAX140UND,FARM.GENERICOS,0.0,20.0,2.0,2025-10-01 20:35:53,10,10,Primavera
101410,ENALAPRIL 10MG TAB CJAX140UND,FARM.GENERICOS,0.0,10.0,1.0,2025-10-02 13:58:59,11,10,Primavera
101410,ENALAPRIL 10MG TAB CJAX140UND,FARM.GENERICOS,0.0,10.0,1.0,2025-10-02 17:44:18,2,10,Primavera
101410,ENALAPRIL 10MG TAB CJAX140UND,FARM.GENERICOS,0.0,50.0,5.0,2025-10-03 11:02:03,9,10,Primavera
101410,ENALAPRIL 10MG TAB CJAX140UND,FARM.GENERICOS,1.0,0.0,9.5,2025-10-03 16:34:10,4,10,Primavera
101410,ENALAPRIL 10MG TAB CJAX140UND,FARM.GENERICOS,0.0,10.0,1.0,2025-10-04 18:25:23,13,10,Primavera
101410,ENALAPRIL 10MG TAB CJAX140UND,FARM.GENERICOS,1.0,0.0,9.5,2025-10-04 20:49:42,8,10,Primavera
101410,ENALAPRIL 10MG TAB CJAX140UND,FARM.GENERICOS,0.0,10.0,1.0,2025-10-05 09:16:06,12,10,Primavera
101410,ENALAPRIL 10MG TAB CJAX140UND,FARM.GENERICOS,0.0,10.0,1.0,2025-10-05 11:34:04,11,10,Primavera
101410,ENALAPRIL 10MG TAB CJAX140UND,FARM.GENERICOS,0.0,30.0,2.7,2025-10-05 13:28:46,12,10,Primavera
101410,ENALAPRIL 10MG TAB CJAX140UND,FARM.GENERICOS,0.0,20.0,2.0,2025-10-06 10:35:54,9,10,Primavera
101410,ENALAPRIL 10MG TAB CJAX140UND,FARM.GENERICOS,0.0,50.0,5.0,2025-10-06 12:54:39,13,10,Primavera
101410,ENALAPRIL 10MG TAB CJAX140UND,FARM.GENERICOS,0.0,20.0,2.0,2025-10-06 16:04:54,3,10,Primavera
101410,ENALAPRIL 10MG TAB CJAX140UND,FARM.GENERICOS,0.0,10.0,1.0,2025-10-06 19:41:33,6,10,Primavera
101410,ENALAPRIL 10MG TAB CJAX140UND,FARM.GENERICOS,0.0,40.0,4.0,2025-10-06 20:22:28,6,10,Primavera
101410,ENALAPRIL 10MG TAB CJAX140UND,FARM.GENERICOS,0.0,10.0,1.0,2025-10-06 21:21:13,2,10,Primavera
101410,ENALAPRIL 10MG TAB CJAX140UND,FARM.GENERICOS,0.0,10.0,1.0,2025-10-06 23:01:19,13,10,Primavera
101410,ENALAPRIL 10MG TAB CJAX140UND,FARM.GENERICOS,0.0,10.0,1.0,2025-10-07 09:25:01,11,10,Primavera
101410,ENALAPRIL 10MG TAB CJAX140UND,FARM.GENERICOS,0.0,20.0,2.0,2025-10-07 09:26:28,1,10,Primavera
101410,ENALAPRIL 10MG TAB CJAX140UND,FARM.GENERICOS,0.0,10.0,1.0,2025-10-07 16:30:06,13,10,Primavera
101410,ENALAPRIL 10MG TAB CJAX140UND,FARM.GENERICOS,0.0,86.0,8.6,2025-10-07 18:41:16,13,10,Primavera
101410,ENALAPRIL 10MG TAB CJAX140UND,FARM.GENERICOS,0.0,25.0,2.5,2025-10-08 10:08:13,14,10,Primavera
101410,ENALAPRIL 10MG TAB CJAX140UND,FARM.GENERICOS,0.0,55.0,5.5,2025-10-09 11:28:47,12,10,Primavera
101410,ENALAPRIL 10MG TAB CJAX140UND,FARM.GENERICOS,1.0,0.0,9.5,2025-10-10 13:13:25,15,10,Primavera
101410,ENALAPRIL 10MG TAB CJAX140UND,FARM.GENERICOS,0.0,10.0,1.0,2025-10-11 13:22:43,2,10,Primavera
101410,ENALAPRIL 10MG TAB CJAX140UND,FARM.GENERICOS,0.0,30.0,2.7,2025-10-11 19:33:35,8,10,Primavera
101410,ENALAPRIL 10MG TAB CJAX140UND,FARM.GENERICOS,0.0,8.0,0.8,2025-10-11 20:20:54,11,10,Primavera
101410,ENALAPRIL 10MG TAB CJAX140UND,FARM.GENERICOS,0.0,20.0,2.0,2025-10-11 20:39:31,15,10,Primavera
101410,ENALAPRIL 10MG TAB CJAX140UND,FARM.GENERICOS,0.0,10.0,1.0,2025-10-12 09:06:50,8,10,Primavera
101410,ENALAPRIL 10MG TAB CJAX140UND,FARM.GENERICOS,0.0,20.0,2.0,2025-10-12 19:07:49,1,10,Primavera
101410,ENALAPRIL 10MG TAB CJAX140UND,FARM.GENERICOS,1.0,0.0,9.5,2025-10-13 10:38:45,10,10,Primavera
101410,ENALAPRIL 10MG TAB CJAX140UND,FARM.GENERICOS,0.0,10.0,1.0,2025-10-13 18:41:54,11,10,Primavera
101410,ENALAPRIL 10MG TAB CJAX140UND,FARM.GENERICOS,0.0,10.0,1.0,2025-10-13 18:42:05,11,10,Primavera
101410,ENALAPRIL 10MG TAB CJAX140UND,FARM.GENERICOS,0.0,10.0,1.0,2025-10-13 20:18:56,3,10,Primavera
101410,ENALAPRIL 10MG TAB CJAX140UND,FARM.GENERICOS,0.0,30.0,3.0,2025-10-13 20:40:59,11,10,Primavera
101410,ENALAPRIL 10MG TAB CJAX140UND,FARM.GENERICOS,0.0,10.0,1.0,2025-10-14 12:58:52,11,10,Primavera
101410,ENALAPRIL 10MG TAB CJAX140UND,FARM.GENERICOS,0.0,10.0,1.0,2025-10-14 14:30:48,10,10,Primavera
101410,ENALAPRIL 10MG TAB CJAX140UND,FARM.GENERICOS,1.0,0.0,9.5,2025-10-14 15:50:30,7,10,Primavera
101410,ENALAPRIL 10MG TAB CJAX140UND,FARM.GENERICOS,0.0,10.0,1.0,2025-10-14 20:08:14,11,10,Primavera
101410,ENALAPRIL 10MG TAB CJAX140UND,FARM.GENERICOS,0.0,20.0,2.0,2025-10-15 08:39:03,10,10,Primavera
101410,ENALAPRIL 10MG TAB CJAX140UND,FARM.GENERICOS,0.0,20.0,2.0,2025-10-16 07:44:27,7,10,Primavera
101410,ENALAPRIL 10MG TAB CJAX140UND,FARM.GENERICOS,0.0,30.0,3.0,2025-10-16 11:45:32,1,10,Primavera
101410,ENALAPRIL 10MG TAB CJAX140UND,FARM.GENERICOS,0.0,20.0,2.0,2025-10-16 11:46:39,1,10,Primavera
101410,ENALAPRIL 10MG TAB CJAX140UND,FARM.GENERICOS,0.0,10.0,1.0,2025-10-17 10:01:21,3,10,Primavera
101410,ENALAPRIL 10MG TAB CJAX140UND,FARM.GENERICOS,0.0,10.0,1.0,2025-10-17 11:26:35,16,10,Primavera
101410,ENALAPRIL 10MG TAB CJAX140UND,FARM.GENERICOS,0.0,10.0,1.0,2025-10-17 18:41:36,8,10,Primavera
101410,ENALAPRIL 10MG TAB CJAX140UND,FARM.GENERICOS,0.0,20.0,2.0,2025-10-18 10:50:09,9,10,Primavera
101410,ENALAPRIL 10MG TAB CJAX140UND,FARM.GENERICOS,0.0,100.0,10.0,2025-10-18 14:27:18,4,10,Primavera
101410,ENALAPRIL 10MG TAB CJAX140UND,FARM.GENERICOS,1.0,0.0,9.5,2025-10-18 19:19:09,16,10,Primavera
101410,ENALAPRIL 10MG TAB CJAX140UND,FARM.GENERICOS,0.0,20.0,2.0,2025-10-19 18:39:27,2,10,Primavera
101410,ENALAPRIL 10MG TAB CJAX140UND,FARM.GENERICOS,0.0,20.0,2.0,2025-10-20 16:54:14,16,10,Primavera
101410,ENALAPRIL 10MG TAB CJAX140UND,FARM.GENERICOS,0.0,10.0,1.0,2025-10-20 19:35:57,14,10,Primavera
101410,ENALAPRIL 10MG TAB CJAX140UND,FARM.GENERICOS,0.0,10.0,1.0,2025-10-20 22:34:56,1,10,Primavera
101410,ENALAPRIL 10MG TAB CJAX140UND,FARM.GENERICOS,1.0,0.0,9.5,2025-10-21 09:19:28,1,10,Primavera
101410,ENALAPRIL 10MG TAB CJAX140UND,FARM.GENERICOS,0.0,10.0,1.0,2025-10-22 07:50:57,1,10,Primavera
101410,ENALAPRIL 10MG TAB CJAX140UND,FARM.GENERICOS,0.0,20.0,2.0,2025-10-22 08:46:04,6,10,Primavera
101410,ENALAPRIL 10MG TAB CJAX140UND,FARM.GENERICOS,0.0,30.0,3.0,2025-10-22 09:55:44,16,10,Primavera
101410,ENALAPRIL 10MG TAB CJAX140UND,FARM.GENERICOS,0.0,20.0,2.0,2025-10-22 10:22:32,5,10,Primavera
101410,ENALAPRIL 10MG TAB CJAX140UND,FARM.GENERICOS,0.0,10.0,1.0,2025-10-22 14:56:58,7,10,Primavera
101410,ENALAPRIL 10MG TAB CJAX140UND,FARM.GENERICOS,0.0,10.0,1.0,2025-10-22 21:57:38,12,10,Primavera
101410,ENALAPRIL 10MG TAB CJAX140UND,FARM.GENERICOS,0.0,20.0,2.0,2025-10-23 09:30:32,16,10,Primavera
101410,ENALAPRIL 10MG TAB CJAX140UND,FARM.GENERICOS,0.0,40.0,4.0,2025-10-24 17:34:02,11,10,Primavera
101410,ENALAPRIL 10MG TAB CJAX140UND,FARM.GENERICOS,0.0,8.0,0.8,2025-10-25 09:52:12,11,10,Primavera
101410,ENALAPRIL 10MG TAB CJAX140UND,FARM.GENERICOS,1.0,0.0,9.02,2025-10-25 14:19:13,12,10,Primavera
101410,ENALAPRIL 10MG TAB CJAX140UND,FARM.GENERICOS,1.0,0.0,9.5,2025-10-25 16:35:05,1,10,Primavera
101410,ENALAPRIL 10MG TAB CJAX140UND,FARM.GENERICOS,0.0,10.0,1.0,2025-10-26 11:23:49,3,10,Primavera
101410,ENALAPRIL 10MG TAB CJAX140UND,FARM.GENERICOS,0.0,10.0,1.0,2025-10-26 18:16:41,10,10,Primavera
101410,ENALAPRIL 10MG TAB CJAX140UND,FARM.GENERICOS,0.0,20.0,2.0,2025-10-27 15:24:44,5,10,Primavera
101410,ENALAPRIL 10MG TAB CJAX140UND,FARM.GENERICOS,0.0,20.0,2.0,2025-10-27 18:48:09,5,10,Primavera
101410,ENALAPRIL 10MG TAB CJAX140UND,FARM.GENERICOS,0.0,10.0,1.0,2025-10-28 11:41:28,4,10,Primavera
101410,ENALAPRIL 10MG TAB CJAX140UND,FARM.GENERICOS,0.0,50.0,5.0,2025-10-28 15:51:45,12,10,Primavera
101410,ENALAPRIL 10MG TAB CJAX140UND,FARM.GENERICOS,0.0,20.0,2.0,2025-10-28 21:25:18,2,10,Primavera
101410,ENALAPRIL 10MG TAB CJAX140UND,FARM.GENERICOS,0.0,10.0,1.0,2025-10-28 22:19:43,3,10,Primavera
101410,ENALAPRIL 10MG TAB CJAX140UND,FARM.GENERICOS,0.0,10.0,1.0,2025-10-29 09:01:19,11,10,Primavera
101410,ENALAPRIL 10MG TAB CJAX140UND,FARM.GENERICOS,1.0,0.0,9.5,2025-10-29 22:59:20,15,10,Primavera
101410,ENALAPRIL 10MG TAB CJAX140UND,FARM.GENERICOS,1.0,0.0,9.5,2025-10-30 18:14:18,1,10,Primavera
101410,ENALAPRIL 10MG TAB CJAX140UND,FARM.GENERICOS,-1.0,0.0,-9.5,2025-10-30 18:22:31,1,10,Primavera
101410,ENALAPRIL 10MG TAB CJAX140UND,FARM.GENERICOS,-1.0,0.0,-9.5,2025-10-30 18:23:11,1,10,Primavera
101410,ENALAPRIL 10MG TAB CJAX140UND,FARM.GENERICOS,0.0,10.0,1.0,2025-10-30 20:02:25,4,10,Primavera
101410,ENALAPRIL 10MG TAB CJAX140UND,FARM.GENERICOS,0.0,20.0,2.0,2025-10-30 20:55:33,2,10,Primavera
101410,ENALAPRIL 10MG TAB CJAX140UND,FARM.GENERICOS,2.0,0.0,19.0,2025-10-31 13:50:27,1,10,Primavera
101410,ENALAPRIL 10MG TAB CJAX140UND,FARM.GENERICOS,0.0,20.0,2.0,2025-10-31 17:17:14,13,10,Primavera
101410,ENALAPRIL 10MG TAB CJAX140UND,FARM.GENERICOS,0.0,20.0,2.0,2025-10-31 19:26:56,10,10,Primavera
101410,ENALAPRIL 10MG TAB CJAX140UND,FARM.GENERICOS,0.0,10.0,1.0,2025-10-31 21:08:34,9,10,Primavera
101410,ENALAPRIL 10MG TAB CJAX140UND,FARM.GENERICOS,0.0,20.0,2.0,2025-11-01 10:43:15,3,11,Primavera
101410,ENALAPRIL 10MG TAB CJAX140UND,FARM.GENERICOS,0.0,20.0,2.0,2025-11-02 10:18:36,13,11,Primavera
101410,ENALAPRIL 10MG TAB CJAX140UND,FARM.GENERICOS,1.0,0.0,9.5,2025-11-03 11:54:15,1,11,Primavera
101410,ENALAPRIL 10MG TAB CJAX140UND,FARM.GENERICOS,0.0,30.0,3.0,2025-11-03 19:30:54,6,11,Primavera
101410,ENALAPRIL 10MG TAB CJAX140UND,FARM.GENERICOS,0.0,20.0,2.0,2025-11-04 18:59:56,15,11,Primavera
101410,ENALAPRIL 10MG TAB CJAX140UND,FARM.GENERICOS,1.0,0.0,9.5,2025-11-04 19:49:54,4,11,Primavera
101410,ENALAPRIL 10MG TAB CJAX140UND,FARM.GENERICOS,0.0,20.0,2.0,2025-11-05 10:00:05,6,11,Primavera
101410,ENALAPRIL 10MG TAB CJAX140UND,FARM.GENERICOS,0.0,20.0,2.0,2025-11-05 13:02:10,5,11,Primavera
101410,ENALAPRIL 10MG TAB CJAX140UND,FARM.GENERICOS,0.0,10.0,1.0,2025-11-05 19:05:31,11,11,Primavera
101410,ENALAPRIL 10MG TAB CJAX140UND,FARM.GENERICOS,1.0,0.0,9.5,2025-11-05 21:38:45,12,11,Primavera
101410,ENALAPRIL 10MG TAB CJAX140UND,FARM.GENERICOS,0.0,10.0,1.0,2025-11-06 07:54:19,6,11,Primavera
101410,ENALAPRIL 10MG TAB CJAX140UND,FARM.GENERICOS,0.0,1.0,0.1,2025-11-06 13:12:35,11,11,Primavera
101410,ENALAPRIL 10MG TAB CJAX140UND,FARM.GENERICOS,0.0,10.0,1.0,2025-11-06 13:31:01,9,11,Primavera
101410,ENALAPRIL 10MG TAB CJAX140UND,FARM.GENERICOS,1.0,0.0,9.5,2025-11-06 15:37:28,3,11,Primavera
101410,ENALAPRIL 10MG TAB CJAX140UND,FARM.GENERICOS,0.0,20.0,2.0,2025-11-06 16:16:57,10,11,Primavera
101410,ENALAPRIL 10MG TAB CJAX140UND,FARM.GENERICOS,0.0,10.0,1.0,2025-11-07 11:27:59,2,11,Primavera
101410,ENALAPRIL 10MG TAB CJAX140UND,FARM.GENERICOS,0.0,10.0,1.0,2025-11-07 15:53:35,6,11,Primavera
101410,ENALAPRIL 10MG TAB CJAX140UND,FARM.GENERICOS,0.0,10.0,1.0,2025-11-07 17:50:46,11,11,Primavera
101410,ENALAPRIL 10MG TAB CJAX140UND,FARM.GENERICOS,1.0,0.0,9.5,2025-11-07 20:50:45,12,11,Primavera
101410,ENALAPRIL 10MG TAB CJAX140UND,FARM.GENERICOS,0.0,20.0,2.0,2025-11-08 15:29:50,4,11,Primavera
101410,ENALAPRIL 10MG TAB CJAX140UND,FARM.GENERICOS,1.0,0.0,9.5,2025-11-08 21:03:09,14,11,Primavera
101410,ENALAPRIL 10MG TAB CJAX140UND,FARM.GENERICOS,0.0,10.0,1.0,2025-11-09 19:11:33,11,11,Primavera
101410,ENALAPRIL 10MG TAB CJAX140UND,FARM.GENERICOS,0.0,10.0,1.0,2025-11-10 16:09:17,2,11,Primavera
101410,ENALAPRIL 10MG TAB CJAX140UND,FARM.GENERICOS,0.0,20.0,2.0,2025-11-10 17:20:30,7,11,Primavera
101410,ENALAPRIL 10MG TAB CJAX140UND,FARM.GENERICOS,0.0,10.0,1.0,2025-11-10 19:34:45,5,11,Primavera
101410,ENALAPRIL 10MG TAB CJAX140UND,FARM.GENERICOS,0.0,10.0,1.0,2025-11-11 18:13:41,5,11,Primavera
101410,ENALAPRIL 10MG TAB CJAX140UND,FARM.GENERICOS,1.0,0.0,9.5,2025-11-11 20:48:16,9,11,Primavera
101410,ENALAPRIL 10MG TAB CJAX140UND,FARM.GENERICOS,0.0,10.0,1.0,2025-11-12 20:37:51,16,11,Primavera
101410,ENALAPRIL 10MG TAB CJAX140UND,FARM.GENERICOS,1.0,0.0,9.5,2025-11-13 10:06:08,5,11,Primavera
101410,ENALAPRIL 10MG TAB CJAX140UND,FARM.GENERICOS,0.0,10.0,1.0,2025-11-14 16:02:52,5,11,Primavera
101410,ENALAPRIL 10MG TAB CJAX140UND,FARM.GENERICOS,1.0,0.0,9.5,2025-11-14 16:18:30,10,11,Primavera
101410,ENALAPRIL 10MG TAB CJAX140UND,FARM.GENERICOS,0.0,10.0,1.0,2025-11-15 09:07:08,6,11,Primavera
101410,ENALAPRIL 10MG TAB CJAX140UND,FARM.GENERICOS,0.0,20.0,2.0,2025-11-15 11:01:59,9,11,Primavera
101410,ENALAPRIL 10MG TAB CJAX140UND,FARM.GENERICOS,0.0,50.0,5.0,2025-11-15 18:33:45,8,11,Primavera
101410,ENALAPRIL 10MG TAB CJAX140UND,FARM.GENERICOS,1.0,0.0,9.5,2025-11-16 09:17:55,5,11,Primavera
101410,ENALAPRIL 10MG TAB CJAX140UND,FARM.GENERICOS,0.0,20.0,2.0,2025-11-16 15:40:14,9,11,Primavera
101410,ENALAPRIL 10MG TAB CJAX140UND,FARM.GENERICOS,0.0,20.0,2.0,2025-11-16 19:44:38,4,11,Primavera
101410,ENALAPRIL 10MG TAB CJAX140UND,FARM.GENERICOS,0.0,10.0,1.0,2025-11-17 16:45:49,11,11,Primavera
101410,ENALAPRIL 10MG TAB CJAX140UND,FARM.GENERICOS,0.0,10.0,1.0,2025-11-17 18:16:24,9,11,Primavera
101410,ENALAPRIL 10MG TAB CJAX140UND,FARM.GENERICOS,0.0,20.0,2.0,2025-11-18 08:27:32,14,11,Primavera
101410,ENALAPRIL 10MG TAB CJAX140UND,FARM.GENERICOS,0.0,10.0,1.0,2025-11-18 18:45:44,9,11,Primavera
101410,ENALAPRIL 10MG TAB CJAX140UND,FARM.GENERICOS,0.0,10.0,1.0,2025-11-18 21:18:39,4,11,Primavera
101410,ENALAPRIL 10MG TAB CJAX140UND,FARM.GENERICOS,0.0,10.0,1.0,2025-11-19 19:14:22,8,11,Primavera
101410,ENALAPRIL 10MG TAB CJAX140UND,FARM.GENERICOS,0.0,20.0,2.0,2025-11-20 11:46:47,9,11,Primavera
101410,ENALAPRIL 10MG TAB CJAX140UND,FARM.GENERICOS,0.0,20.0,2.0,2025-11-21 09:47:09,16,11,Primavera
101410,ENALAPRIL 10MG TAB CJAX140UND,FARM.GENERICOS,0.0,20.0,2.0,2025-11-21 15:44:41,3,11,Primavera
101410,ENALAPRIL 10MG TAB CJAX140UND,FARM.GENERICOS,0.0,20.0,2.0,2025-11-22 07:57:35,7,11,Primavera
101410,ENALAPRIL 10MG TAB CJAX140UND,FARM.GENERICOS,0.0,10.0,1.0,2025-11-22 14:27:33,3,11,Primavera
101410,ENALAPRIL 10MG TAB CJAX140UND,FARM.GENERICOS,0.0,10.0,1.0,2025-11-22 20:08:20,15,11,Primavera
101410,ENALAPRIL 10MG TAB CJAX140UND,FARM.GENERICOS,0.0,1.0,0.1,2025-11-24 15:41:24,9,11,Primavera
101410,ENALAPRIL 10MG TAB CJAX140UND,FARM.GENERICOS,0.0,10.0,1.0,2025-11-24 20:23:09,11,11,Primavera
101410,ENALAPRIL 10MG TAB CJAX140UND,FARM.GENERICOS,0.0,10.0,1.0,2025-11-24 22:18:39,4,11,Primavera
101410,ENALAPRIL 10MG TAB CJAX140UND,FARM.GENERICOS,0.0,20.0,2.0,2025-11-25 07:50:17,1,11,Primavera
101410,ENALAPRIL 10MG TAB CJAX140UND,FARM.GENERICOS,0.0,10.0,1.0,2025-11-25 18:11:48,12,11,Primavera
101410,ENALAPRIL 10MG TAB CJAX140UND,FARM.GENERICOS,0.0,20.0,2.0,2025-11-25 18:47:20,2,11,Primavera
101410,ENALAPRIL 10MG TAB CJAX140UND,FARM.GENERICOS,0.0,20.0,2.0,2025-11-25 22:50:28,4,11,Primavera
101410,ENALAPRIL 10MG TAB CJAX140UND,FARM.GENERICOS,0.0,20.0,2.0,2025-11-26 08:00:08,13,11,Primavera
101410,ENALAPRIL 10MG TAB CJAX140UND,FARM.GENERICOS,0.0,10.0,1.0,2025-11-26 18:28:40,2,11,Primavera
101410,ENALAPRIL 10MG TAB CJAX140UND,FARM.GENERICOS,0.0,20.0,2.0,2025-11-26 21:03:35,2,11,Primavera
101410,ENALAPRIL 10MG TAB CJAX140UND,FARM.GENERICOS,2.0,0.0,19.0,2025-11-27 10:54:27,6,11,Primavera
101410,ENALAPRIL 10MG TAB CJAX140UND,FARM.GENERICOS,0.0,10.0,1.0,2025-11-28 08:14:42,14,11,Primavera
101410,ENALAPRIL 10MG TAB CJAX140UND,FARM.GENERICOS,1.0,0.0,9.5,2025-11-29 08:31:57,5,11,Primavera
101410,ENALAPRIL 10MG TAB CJAX140UND,FARM.GENERICOS,0.0,10.0,1.0,2025-11-29 10:26:52,7,11,Primavera
101410,ENALAPRIL 10MG TAB CJAX140UND,FARM.GENERICOS,0.0,10.0,1.0,2025-11-29 20:09:11,5,11,Primavera
101410,ENALAPRIL 10MG TAB CJAX140UND,FARM.GENERICOS,0.0,10.0,1.0,2025-11-30 13:32:57,6,11,Primavera
101410,ENALAPRIL 10MG TAB CJAX140UND,FARM.GENERICOS,0.0,10.0,1.0,2025-11-30 19:15:22,11,11,Primavera
101410,ENALAPRIL 10MG TAB CJAX140UND,FARM.GENERICOS,1.0,0.0,9.5,2025-11-30 19:33:34,6,11,Primavera
101410,ENALAPRIL 10MG TAB CJAX140UND,FARM.GENERICOS,2.0,0.0,19.0,2025-11-30 22:03:14,4,11,Primavera
101410,ENALAPRIL 10MG TAB CJAX140UND,FARM.GENERICOS,0.0,50.0,5.0,2025-11-30 22:04:57,4,11,Primavera
101410,ENALAPRIL 10MG TAB CJAX140UND,FARM.GENERICOS,0.0,10.0,1.0,2025-12-01 11:07:24,11,12,Verano
101410,ENALAPRIL 10MG TAB CJAX140UND,FARM.GENERICOS,0.0,20.0,2.0,2025-12-01 19:23:37,3,12,Verano
101410,ENALAPRIL 10MG TAB CJAX140UND,FARM.GENERICOS,0.0,10.0,1.0,2025-12-02 07:47:45,16,12,Verano
101410,ENALAPRIL 10MG TAB CJAX140UND,FARM.GENERICOS,0.0,10.0,1.0,2025-12-02 13:52:03,17,12,Verano
101410,ENALAPRIL 10MG TAB CJAX140UND,FARM.GENERICOS,0.0,60.0,6.0,2025-12-02 17:53:31,1,12,Verano
101410,ENALAPRIL 10MG TAB CJAX140UND,FARM.GENERICOS,0.0,20.0,2.0,2025-12-02 17:54:24,1,12,Verano
101410,ENALAPRIL 10MG TAB CJAX140UND,FARM.GENERICOS,0.0,30.0,3.0,2025-12-02 18:09:34,3,12,Verano
101410,ENALAPRIL 10MG TAB CJAX140UND,FARM.GENERICOS,0.0,10.0,1.0,2025-12-03 08:30:52,11,12,Verano
101410,ENALAPRIL 10MG TAB CJAX140UND,FARM.GENERICOS,0.0,20.0,2.0,2025-12-03 09:26:07,9,12,Verano
101410,ENALAPRIL 10MG TAB CJAX140UND,FARM.GENERICOS,0.0,15.0,1.5,2025-12-03 16:05:45,11,12,Verano
101410,ENALAPRIL 10MG TAB CJAX140UND,FARM.GENERICOS,0.0,10.0,1.0,2025-12-03 18:24:29,10,12,Verano
101410,ENALAPRIL 10MG TAB CJAX140UND,FARM.GENERICOS,0.0,10.0,1.0,2025-12-05 08:26:30,5,12,Verano
101410,ENALAPRIL 10MG TAB CJAX140UND,FARM.GENERICOS,1.0,0.0,9.5,2025-12-05 10:00:57,12,12,Verano
101410,ENALAPRIL 10MG TAB CJAX140UND,FARM.GENERICOS,0.0,10.0,1.0,2025-12-05 12:57:29,10,12,Verano
101410,ENALAPRIL 10MG TAB CJAX140UND,FARM.GENERICOS,0.0,50.0,5.0,2025-12-05 21:19:37,1,12,Verano
101410,ENALAPRIL 10MG TAB CJAX140UND,FARM.GENERICOS,0.0,20.0,2.0,2025-12-06 21:06:27,3,12,Verano
101410,ENALAPRIL 10MG TAB CJAX140UND,FARM.GENERICOS,0.0,20.0,2.0,2025-12-06 22:45:16,14,12,Verano
101410,ENALAPRIL 10MG TAB CJAX140UND,FARM.GENERICOS,0.0,20.0,2.0,2025-12-07 10:23:15,5,12,Verano
101410,ENALAPRIL 10MG TAB CJAX140UND,FARM.GENERICOS,0.0,20.0,2.0,2025-12-07 14:15:14,16,12,Verano
101410,ENALAPRIL 10MG TAB CJAX140UND,FARM.GENERICOS,0.0,20.0,2.0,2025-12-07 19:57:17,1,12,Verano
101410,ENALAPRIL 10MG TAB CJAX140UND,FARM.GENERICOS,0.0,20.0,2.0,2025-12-07 23:23:06,4,12,Verano
101410,ENALAPRIL 10MG TAB CJAX140UND,FARM.GENERICOS,0.0,10.0,1.0,2025-12-08 13:40:13,12,12,Verano
101410,ENALAPRIL 10MG TAB CJAX140UND,FARM.GENERICOS,0.0,10.0,1.0,2025-12-09 10:51:23,3,12,Verano
101410,ENALAPRIL 10MG TAB CJAX140UND,FARM.GENERICOS,1.0,0.0,9.5,2025-12-09 13:45:46,6,12,Verano
101410,ENALAPRIL 10MG TAB CJAX140UND,FARM.GENERICOS,0.0,20.0,2.0,2025-12-09 18:34:31,8,12,Verano
101410,ENALAPRIL 10MG TAB CJAX140UND,FARM.GENERICOS,0.0,10.0,1.0,2025-12-09 19:17:54,8,12,Verano
101410,ENALAPRIL 10MG TAB CJAX140UND,FARM.GENERICOS,0.0,10.0,1.0,2025-12-10 10:49:43,17,12,Verano
101410,ENALAPRIL 10MG TAB CJAX140UND,FARM.GENERICOS,0.0,10.0,1.0,2025-12-10 11:25:49,1,12,Verano
101410,ENALAPRIL 10MG TAB CJAX140UND,FARM.GENERICOS,0.0,30.0,3.0,2025-12-10 12:30:37,7,12,Verano
101410,ENALAPRIL 10MG TAB CJAX140UND,FARM.GENERICOS,0.0,10.0,1.0,2025-12-10 15:28:32,12,12,Verano
101410,ENALAPRIL 10MG TAB CJAX140UND,FARM.GENERICOS,0.0,10.0,1.0,2025-12-10 17:52:20,17,12,Verano
101410,ENALAPRIL 10MG TAB CJAX140UND,FARM.GENERICOS,1.0,0.0,9.5,2025-12-11 17:50:11,16,12,Verano
101410,ENALAPRIL 10MG TAB CJAX140UND,FARM.GENERICOS,0.0,10.0,1.0,2025-12-11 20:03:34,2,12,Verano
101410,ENALAPRIL 10MG TAB CJAX140UND,FARM.GENERICOS,0.0,10.0,1.0,2025-12-11 22:33:41,5,12,Verano
101410,ENALAPRIL 10MG TAB CJAX140UND,FARM.GENERICOS,0.0,10.0,1.0,2025-12-13 09:02:42,7,12,Verano
101410,ENALAPRIL 10MG TAB CJAX140UND,FARM.GENERICOS,0.0,10.0,1.0,2025-12-13 16:09:40,11,12,Verano
101410,ENALAPRIL 10MG TAB CJAX140UND,FARM.GENERICOS,0.0,10.0,1.0,2025-12-13 19:07:29,4,12,Verano
101410,ENALAPRIL 10MG TAB CJAX140UND,FARM.GENERICOS,0.0,30.0,3.0,2025-12-14 11:33:52,3,12,Verano
101410,ENALAPRIL 10MG TAB CJAX140UND,FARM.GENERICOS,0.0,10.0,1.0,2025-12-14 19:12:33,11,12,Verano
101410,ENALAPRIL 10MG TAB CJAX140UND,FARM.GENERICOS,0.0,10.0,1.0,2025-12-14 23:36:20,5,12,Verano
101410,ENALAPRIL 10MG TAB CJAX140UND,FARM.GENERICOS,0.0,20.0,2.0,2025-12-15 08:16:23,1,12,Verano
101410,ENALAPRIL 10MG TAB CJAX140UND,FARM.GENERICOS,1.0,0.0,9.5,2025-12-15 17:59:18,15,12,Verano
101410,ENALAPRIL 10MG TAB CJAX140UND,FARM.GENERICOS,1.0,0.0,9.5,2025-12-15 20:36:06,13,12,Verano
101410,ENALAPRIL 10MG TAB CJAX140UND,FARM.GENERICOS,0.0,70.0,7.0,2025-12-16 07:50:09,13,12,Verano
101410,ENALAPRIL 10MG TAB CJAX140UND,FARM.GENERICOS,1.0,0.0,9.5,2025-12-16 08:46:01,5,12,Verano
101410,ENALAPRIL 10MG TAB CJAX140UND,FARM.GENERICOS,0.0,10.0,1.0,2025-12-16 14:57:03,1,12,Verano
101410,ENALAPRIL 10MG TAB CJAX140UND,FARM.GENERICOS,1.0,0.0,9.5,2025-12-16 18:16:20,7,12,Verano
101410,ENALAPRIL 10MG TAB CJAX140UND,FARM.GENERICOS,0.0,20.0,2.0,2025-12-16 19:04:04,12,12,Verano
101410,ENALAPRIL 10MG TAB CJAX140UND,FARM.GENERICOS,0.0,20.0,2.0,2025-12-16 22:18:45,1,12,Verano
101410,ENALAPRIL 10MG TAB CJAX140UND,FARM.GENERICOS,0.0,20.0,2.0,2025-12-17 09:46:30,11,12,Verano
101410,ENALAPRIL 10MG TAB CJAX140UND,FARM.GENERICOS,0.0,20.0,2.0,2025-12-17 21:13:37,2,12,Verano
101410,ENALAPRIL 10MG TAB CJAX140UND,FARM.GENERICOS,0.0,10.0,1.0,2025-12-18 08:37:52,6,12,Verano
101410,ENALAPRIL 10MG TAB CJAX140UND,FARM.GENERICOS,0.0,10.0,1.0,2025-12-18 09:26:23,5,12,Verano
101410,ENALAPRIL 10MG TAB CJAX140UND,FARM.GENERICOS,0.0,20.0,2.0,2025-12-18 09:53:53,7,12,Verano
101410,ENALAPRIL 10MG TAB CJAX140UND,FARM.GENERICOS,0.0,20.0,2.0,2025-12-18 21:31:08,2,12,Verano
101410,ENALAPRIL 10MG TAB CJAX140UND,FARM.GENERICOS,0.0,10.0,1.0,2025-12-19 19:39:38,3,12,Verano
101410,ENALAPRIL 10MG TAB CJAX140UND,FARM.GENERICOS,0.0,20.0,2.0,2025-12-20 07:29:38,2,12,Verano
101410,ENALAPRIL 10MG TAB CJAX140UND,FARM.GENERICOS,0.0,20.0,2.0,2025-12-20 15:08:05,7,12,Verano
101410,ENALAPRIL 10MG TAB CJAX140UND,FARM.GENERICOS,0.0,100.0,10.0,2025-12-20 15:56:47,11,12,Verano
101410,ENALAPRIL 10MG TAB CJAX140UND,FARM.GENERICOS,0.0,10.0,1.0,2025-12-21 19:34:56,12,12,Verano
101410,ENALAPRIL 10MG TAB CJAX140UND,FARM.GENERICOS,0.0,10.0,1.0,2025-12-22 13:13:18,3,12,Verano
101410,ENALAPRIL 10MG TAB CJAX140UND,FARM.GENERICOS,1.0,0.0,9.5,2025-12-23 07:51:22,15,12,Verano
101410,ENALAPRIL 10MG TAB CJAX140UND,FARM.GENERICOS,0.0,10.0,1.0,2025-12-23 08:06:28,7,12,Verano
101410,ENALAPRIL 10MG TAB CJAX140UND,FARM.GENERICOS,0.0,10.0,1.0,2025-12-25 12:28:11,11,12,Verano
101410,ENALAPRIL 10MG TAB CJAX140UND,FARM.GENERICOS,0.0,10.0,1.0,2025-12-25 20:42:14,11,12,Verano
101410,ENALAPRIL 10MG TAB CJAX140UND,FARM.GENERICOS,0.0,70.0,7.0,2025-12-26 09:25:48,7,12,Verano
101410,ENALAPRIL 10MG TAB CJAX140UND,FARM.GENERICOS,1.0,0.0,9.5,2025-12-26 09:46:03,10,12,Verano
101410,ENALAPRIL 10MG TAB CJAX140UND,FARM.GENERICOS,1.0,0.0,9.5,2025-12-26 16:01:55,6,12,Verano
101410,ENALAPRIL 10MG TAB CJAX140UND,FARM.GENERICOS,0.0,30.0,3.0,2025-12-26 16:19:20,6,12,Verano
101410,ENALAPRIL 10MG TAB CJAX140UND,FARM.GENERICOS,0.0,18.0,1.8,2025-12-27 15:03:20,11,12,Verano
101410,ENALAPRIL 10MG TAB CJAX140UND,FARM.GENERICOS,0.0,50.0,5.0,2025-12-27 20:31:42,5,12,Verano
101410,ENALAPRIL 10MG TAB CJAX140UND,FARM.GENERICOS,0.0,10.0,1.0,2025-12-27 20:32:59,6,12,Verano
101410,ENALAPRIL 10MG TAB CJAX140UND,FARM.GENERICOS,0.0,60.0,6.0,2025-12-27 23:02:52,10,12,Verano
101410,ENALAPRIL 10MG TAB CJAX140UND,FARM.GENERICOS,0.0,10.0,1.0,2025-12-27 23:27:11,10,12,Verano
101410,ENALAPRIL 10MG TAB CJAX140UND,FARM.GENERICOS,0.0,10.0,1.0,2025-12-28 22:24:39,14,12,Verano
101410,ENALAPRIL 10MG TAB CJAX140UND,FARM.GENERICOS,0.0,20.0,2.0,2025-12-29 10:41:40,16,12,Verano
101410,ENALAPRIL 10MG TAB CJAX140UND,FARM.GENERICOS,0.0,10.0,1.0,2025-12-29 14:13:22,12,12,Verano
101410,ENALAPRIL 10MG TAB CJAX140UND,FARM.GENERICOS,0.0,20.0,2.0,2025-12-29 17:07:54,2,12,Verano
101410,ENALAPRIL 10MG TAB CJAX140UND,FARM.GENERICOS,0.0,10.0,1.0,2025-12-29 18:19:34,9,12,Verano
101410,ENALAPRIL 10MG TAB CJAX140UND,FARM.GENERICOS,1.0,0.0,9.5,2025-12-29 18:35:50,2,12,Verano
101410,ENALAPRIL 10MG TAB CJAX140UND,FARM.GENERICOS,0.0,10.0,1.0,2025-12-30 19:14:06,17,12,Verano
101410,ENALAPRIL 10MG TAB CJAX140UND,FARM.GENERICOS,0.0,10.0,1.0,2025-12-30 21:16:20,2,12,Verano
101410,ENALAPRIL 10MG TAB CJAX140UND,FARM.GENERICOS,0.0,10.0,1.0,2026-01-02 08:24:38,4,1,Verano
101410,ENALAPRIL 10MG TAB CJAX140UND,FARM.GENERICOS,0.0,10.0,1.0,2026-01-02 09:11:12,17,1,Verano
101410,ENALAPRIL 10MG TAB CJAX140UND,FARM.GENERICOS,0.0,20.0,2.0,2026-01-02 12:53:02,9,1,Verano
101410,ENALAPRIL 10MG TAB CJAX140UND,FARM.GENERICOS,0.0,10.0,1.0,2026-01-02 12:53:23,9,1,Verano
101410,ENALAPRIL 10MG TAB CJAX140UND,FARM.GENERICOS,0.0,9.0,0.9,2026-01-03 08:43:03,7,1,Verano
101410,ENALAPRIL 10MG TAB CJAX140UND,FARM.GENERICOS,0.0,10.0,1.0,2026-01-03 11:05:12,3,1,Verano
101410,ENALAPRIL 10MG TAB CJAX140UND,FARM.GENERICOS,0.0,10.0,1.0,2026-01-03 20:04:39,3,1,Verano
101410,ENALAPRIL 10MG TAB CJAX140UND,FARM.GENERICOS,0.0,70.0,7.0,2026-01-03 21:40:41,4,1,Verano
101410,ENALAPRIL 10MG TAB CJAX140UND,FARM.GENERICOS,0.0,10.0,1.0,2026-01-04 11:07:30,6,1,Verano
101410,ENALAPRIL 10MG TAB CJAX140UND,FARM.GENERICOS,0.0,10.0,1.0,2026-01-04 11:34:08,9,1,Verano
101410,ENALAPRIL 10MG TAB CJAX140UND,FARM.GENERICOS,1.0,0.0,9.5,2026-01-04 12:16:48,8,1,Verano
101410,ENALAPRIL 10MG TAB CJAX140UND,FARM.GENERICOS,0.0,10.0,1.0,2026-01-04 19:14:52,14,1,Verano
101410,ENALAPRIL 10MG TAB CJAX140UND,FARM.GENERICOS,0.0,10.0,1.0,2026-01-04 20:29:24,17,1,Verano
101410,ENALAPRIL 10MG TAB CJAX140UND,FARM.GENERICOS,0.0,30.0,3.0,2026-01-04 20:36:47,1,1,Verano
101410,ENALAPRIL 10MG TAB CJAX140UND,FARM.GENERICOS,1.0,0.0,9.5,2026-01-05 19:52:57,1,1,Verano
101410,ENALAPRIL 10MG TAB CJAX140UND,FARM.GENERICOS,0.0,10.0,1.0,2026-01-05 20:26:20,9,1,Verano
101410,ENALAPRIL 10MG TAB CJAX140UND,FARM.GENERICOS,0.0,-10.0,-1.0,2026-01-05 20:28:31,9,1,Verano
101410,ENALAPRIL 10MG TAB CJAX140UND,FARM.GENERICOS,0.0,10.0,1.0,2026-01-05 20:29:18,9,1,Verano
101410,ENALAPRIL 10MG TAB CJAX140UND,FARM.GENERICOS,0.0,10.0,1.0,2026-01-06 14:36:47,12,1,Verano
101410,ENALAPRIL 10MG TAB CJAX140UND,FARM.GENERICOS,0.0,50.0,5.0,2026-01-06 20:04:01,9,1,Verano
101410,ENALAPRIL 10MG TAB CJAX140UND,FARM.GENERICOS,0.0,20.0,2.0,2026-01-06 20:16:49,17,1,Verano
101410,ENALAPRIL 10MG TAB CJAX140UND,FARM.GENERICOS,0.0,10.0,1.0,2026-01-07 21:18:44,13,1,Verano
101410,ENALAPRIL 10MG TAB CJAX140UND,FARM.GENERICOS,0.0,10.0,1.0,2026-01-08 19:02:02,13,1,Verano
101410,ENALAPRIL 10MG TAB CJAX140UND,FARM.GENERICOS,0.0,10.0,1.0,2026-01-09 09:20:31,11,1,Verano
101410,ENALAPRIL 10MG TAB CJAX140UND,FARM.GENERICOS,0.0,30.0,3.0,2026-01-09 11:36:02,16,1,Verano
101410,ENALAPRIL 10MG TAB CJAX140UND,FARM.GENERICOS,0.0,10.0,1.0,2026-01-09 18:44:19,12,1,Verano
101410,ENALAPRIL 10MG TAB CJAX140UND,FARM.GENERICOS,0.0,10.0,1.0,2026-01-09 19:29:27,12,1,Verano
101410,ENALAPRIL 10MG TAB CJAX140UND,FARM.GENERICOS,0.0,10.0,1.0,2026-01-09 21:26:16,17,1,Verano
101410,ENALAPRIL 10MG TAB CJAX140UND,FARM.GENERICOS,0.0,30.0,3.0,2026-01-10 08:03:41,7,1,Verano
101410,ENALAPRIL 10MG TAB CJAX140UND,FARM.GENERICOS,0.0,20.0,2.0,2026-01-10 13:20:40,6,1,Verano
101410,ENALAPRIL 10MG TAB CJAX140UND,FARM.GENERICOS,0.0,10.0,1.0,2026-01-10 21:03:11,2,1,Verano
101410,ENALAPRIL 10MG TAB CJAX140UND,FARM.GENERICOS,0.0,50.0,5.0,2026-01-11 22:47:52,4,1,Verano
101410,ENALAPRIL 10MG TAB CJAX140UND,FARM.GENERICOS,1.0,0.0,9.5,2026-01-12 07:23:14,6,1,Verano
101410,ENALAPRIL 10MG TAB CJAX140UND,FARM.GENERICOS,0.0,20.0,2.0,2026-01-12 08:32:08,14,1,Verano
101410,ENALAPRIL 10MG TAB CJAX140UND,FARM.GENERICOS,0.0,-10.0,-1.0,2026-01-12 09:29:53,11,1,Verano
101410,ENALAPRIL 10MG TAB CJAX140UND,FARM.GENERICOS,0.0,10.0,1.0,2026-01-12 09:31:51,11,1,Verano
101410,ENALAPRIL 10MG TAB CJAX140UND,FARM.GENERICOS,0.0,20.0,2.0,2026-01-12 10:24:05,6,1,Verano
101410,ENALAPRIL 10MG TAB CJAX140UND,FARM.GENERICOS,0.0,10.0,1.0,2026-01-12 14:21:16,17,1,Verano
101410,ENALAPRIL 10MG TAB CJAX140UND,FARM.GENERICOS,0.0,10.0,1.0,2026-01-12 17:34:12,9,1,Verano
101410,ENALAPRIL 10MG TAB CJAX140UND,FARM.GENERICOS,0.0,20.0,2.0,2026-01-12 18:37:41,8,1,Verano
101410,ENALAPRIL 10MG TAB CJAX140UND,FARM.GENERICOS,0.0,10.0,1.0,2026-01-12 20:49:00,3,1,Verano
101410,ENALAPRIL 10MG TAB CJAX140UND,FARM.GENERICOS,0.0,50.0,5.0,2026-01-12 21:44:17,3,1,Verano
101410,ENALAPRIL 10MG TAB CJAX140UND,FARM.GENERICOS,0.0,10.0,1.0,2026-01-13 08:06:51,6,1,Verano
101410,ENALAPRIL 10MG TAB CJAX140UND,FARM.GENERICOS,0.0,10.0,1.0,2026-01-13 18:06:15,3,1,Verano
101410,ENALAPRIL 10MG TAB CJAX140UND,FARM.GENERICOS,0.0,10.0,1.0,2026-01-13 18:37:10,9,1,Verano
101410,ENALAPRIL 10MG TAB CJAX140UND,FARM.GENERICOS,0.0,10.0,1.0,2026-01-14 20:19:16,9,1,Verano
101410,ENALAPRIL 10MG TAB CJAX140UND,FARM.GENERICOS,0.0,10.0,1.0,2026-01-14 22:21:38,6,1,Verano
101410,ENALAPRIL 10MG TAB CJAX140UND,FARM.GENERICOS,0.0,20.0,2.0,2026-01-15 08:21:38,12,1,Verano
101410,ENALAPRIL 10MG TAB CJAX140UND,FARM.GENERICOS,0.0,10.0,1.0,2026-01-15 12:38:01,2,1,Verano
101410,ENALAPRIL 10MG TAB CJAX140UND,FARM.GENERICOS,0.0,10.0,1.0,2026-01-15 19:24:45,11,1,Verano
101410,ENALAPRIL 10MG TAB CJAX140UND,FARM.GENERICOS,0.0,10.0,1.0,2026-01-15 21:25:18,17,1,Verano
101410,ENALAPRIL 10MG TAB CJAX140UND,FARM.GENERICOS,0.0,10.0,1.0,2026-01-16 10:20:32,6,1,Verano
101410,ENALAPRIL 10MG TAB CJAX140UND,FARM.GENERICOS,0.0,20.0,2.0,2026-01-16 16:27:23,3,1,Verano
101410,ENALAPRIL 10MG TAB CJAX140UND,FARM.GENERICOS,0.0,10.0,1.0,2026-01-16 18:01:51,2,1,Verano
101410,ENALAPRIL 10MG TAB CJAX140UND,FARM.GENERICOS,0.0,10.0,1.0,2026-01-16 18:32:14,9,1,Verano
101410,ENALAPRIL 10MG TAB CJAX140UND,FARM.GENERICOS,0.0,10.0,1.0,2026-01-16 19:56:48,15,1,Verano
101410,ENALAPRIL 10MG TAB CJAX140UND,FARM.GENERICOS,0.0,20.0,2.0,2026-01-16 20:56:33,3,1,Verano
101410,ENALAPRIL 10MG TAB CJAX140UND,FARM.GENERICOS,0.0,10.0,1.0,2026-01-17 10:31:03,6,1,Verano
101410,ENALAPRIL 10MG TAB CJAX140UND,FARM.GENERICOS,0.0,10.0,1.0,2026-01-17 12:02:33,6,1,Verano
101410,ENALAPRIL 10MG TAB CJAX140UND,FARM.GENERICOS,0.0,10.0,1.0,2026-01-18 20:33:26,11,1,Verano
101410,ENALAPRIL 10MG TAB CJAX140UND,FARM.GENERICOS,0.0,20.0,2.0,2026-01-20 19:40:15,11,1,Verano
101410,ENALAPRIL 10MG TAB CJAX140UND,FARM.GENERICOS,1.0,0.0,9.5,2026-01-21 08:09:38,4,1,Verano
101410,ENALAPRIL 10MG TAB CJAX140UND,FARM.GENERICOS,0.0,20.0,2.0,2026-01-21 16:33:11,4,1,Verano
101410,ENALAPRIL 10MG TAB CJAX140UND,FARM.GENERICOS,1.0,0.0,9.5,2026-01-22 09:42:23,12,1,Verano
101410,ENALAPRIL 10MG TAB CJAX140UND,FARM.GENERICOS,-1.0,0.0,-9.5,2026-01-22 09:43:33,12,1,Verano
101410,ENALAPRIL 10MG TAB CJAX140UND,FARM.GENERICOS,0.0,10.0,1.0,2026-01-22 10:16:52,11,1,Verano
101410,ENALAPRIL 10MG TAB CJAX140UND,FARM.GENERICOS,0.0,30.0,3.0,2026-01-22 11:41:30,9,1,Verano
101410,ENALAPRIL 10MG TAB CJAX140UND,FARM.GENERICOS,0.0,10.0,1.0,2026-01-22 16:58:24,3,1,Verano
101410,ENALAPRIL 10MG TAB CJAX140UND,FARM.GENERICOS,0.0,20.0,2.0,2026-01-22 19:26:57,12,1,Verano
101410,ENALAPRIL 10MG TAB CJAX140UND,FARM.GENERICOS,0.0,10.0,1.0,2026-01-23 09:08:31,12,1,Verano
101410,ENALAPRIL 10MG TAB CJAX140UND,FARM.GENERICOS,0.0,10.0,1.0,2026-01-23 22:37:03,5,1,Verano
101410,ENALAPRIL 10MG TAB CJAX140UND,FARM.GENERICOS,0.0,20.0,2.0,2026-01-24 09:20:26,2,1,Verano
101410,ENALAPRIL 10MG TAB CJAX140UND,FARM.GENERICOS,0.0,70.0,7.0,2026-01-24 10:36:27,10,1,Verano
101410,ENALAPRIL 10MG TAB CJAX140UND,FARM.GENERICOS,1.0,0.0,9.5,2026-01-24 12:58:14,3,1,Verano
101410,ENALAPRIL 10MG TAB CJAX140UND,FARM.GENERICOS,0.0,10.0,1.0,2026-01-24 21:32:38,11,1,Verano
101410,ENALAPRIL 10MG TAB CJAX140UND,FARM.GENERICOS,0.0,10.0,1.0,2026-01-25 20:20:00,17,1,Verano
101410,ENALAPRIL 10MG TAB CJAX140UND,FARM.GENERICOS,0.0,10.0,1.0,2026-01-25 21:00:41,3,1,Verano
101410,ENALAPRIL 10MG TAB CJAX140UND,FARM.GENERICOS,0.0,10.0,1.0,2026-01-26 17:37:00,1,1,Verano
101410,ENALAPRIL 10MG TAB CJAX140UND,FARM.GENERICOS,0.0,10.0,1.0,2026-01-26 20:42:28,3,1,Verano
101410,ENALAPRIL 10MG TAB CJAX140UND,FARM.GENERICOS,0.0,10.0,1.0,2026-01-27 10:43:53,3,1,Verano
101410,ENALAPRIL 10MG TAB CJAX140UND,FARM.GENERICOS,0.0,10.0,1.0,2026-01-27 10:49:37,11,1,Verano
101410,ENALAPRIL 10MG TAB CJAX140UND,FARM.GENERICOS,0.0,10.0,1.0,2026-01-28 11:26:05,6,1,Verano
101410,ENALAPRIL 10MG TAB CJAX140UND,FARM.GENERICOS,0.0,20.0,2.0,2026-01-28 14:41:50,10,1,Verano
101410,ENALAPRIL 10MG TAB CJAX140UND,FARM.GENERICOS,0.0,30.0,3.0,2026-01-28 19:56:28,2,1,Verano
101410,ENALAPRIL 10MG TAB CJAX140UND,FARM.GENERICOS,0.0,20.0,2.0,2026-01-28 21:08:56,16,1,Verano
101410,ENALAPRIL 10MG TAB CJAX140UND,FARM.GENERICOS,0.0,20.0,2.0,2026-01-29 10:16:28,14,1,Verano
101410,ENALAPRIL 10MG TAB CJAX140UND,FARM.GENERICOS,0.0,10.0,1.0,2026-01-29 12:46:22,16,1,Verano
101410,ENALAPRIL 10MG TAB CJAX140UND,FARM.GENERICOS,0.0,50.0,5.0,2026-01-29 18:43:35,1,1,Verano
101410,ENALAPRIL 10MG TAB CJAX140UND,FARM.GENERICOS,1.0,0.0,9.5,2026-01-29 21:10:25,10,1,Verano
101410,ENALAPRIL 10MG TAB CJAX140UND,FARM.GENERICOS,0.0,10.0,1.0,2026-01-29 21:30:50,6,1,Verano
101410,ENALAPRIL 10MG TAB CJAX140UND,FARM.GENERICOS,1.0,0.0,9.5,2026-01-29 23:16:15,5,1,Verano
101410,ENALAPRIL 10MG TAB CJAX140UND,FARM.GENERICOS,0.0,10.0,1.0,2026-01-30 08:58:56,6,1,Verano
101410,ENALAPRIL 10MG TAB CJAX140UND,FARM.GENERICOS,1.0,0.0,9.5,2026-01-30 09:44:12,13,1,Verano
101410,ENALAPRIL 10MG TAB CJAX140UND,FARM.GENERICOS,0.0,130.0,13.0,2026-01-30 10:25:35,5,1,Verano
101410,ENALAPRIL 10MG TAB CJAX140UND,FARM.GENERICOS,1.0,0.0,9.5,2026-01-30 10:58:43,10,1,Verano
101410,ENALAPRIL 10MG TAB CJAX140UND,FARM.GENERICOS,-1.0,0.0,-9.5,2026-01-30 11:59:29,10,1,Verano
101410,ENALAPRIL 10MG TAB CJAX140UND,FARM.GENERICOS,1.0,0.0,9.5,2026-01-30 12:02:09,10,1,Verano
101410,ENALAPRIL 10MG TAB CJAX140UND,FARM.GENERICOS,0.0,10.0,1.0,2026-01-31 19:28:44,7,1,Verano
101410,ENALAPRIL 10MG TAB CJAX140UND,FARM.GENERICOS,0.0,10.0,1.0,2026-02-01 09:32:38,6,2,Verano
101410,ENALAPRIL 10MG TAB CJAX140UND,FARM.GENERICOS,0.0,10.0,1.0,2026-02-01 20:29:07,17,2,Verano
101410,ENALAPRIL 10MG TAB CJAX140UND,FARM.GENERICOS,0.0,10.0,1.0,2026-02-02 10:31:27,9,2,Verano
101410,ENALAPRIL 10MG TAB CJAX140UND,FARM.GENERICOS,0.0,10.0,1.0,2026-02-02 21:42:26,3,2,Verano
101410,ENALAPRIL 10MG TAB CJAX140UND,FARM.GENERICOS,0.0,10.0,1.0,2026-02-02 23:18:09,7,2,Verano
101410,ENALAPRIL 10MG TAB CJAX140UND,FARM.GENERICOS,0.0,10.0,1.0,2026-02-03 10:57:03,13,2,Verano
101410,ENALAPRIL 10MG TAB CJAX140UND,FARM.GENERICOS,0.0,10.0,1.0,2026-02-03 18:05:12,5,2,Verano
101410,ENALAPRIL 10MG TAB CJAX140UND,FARM.GENERICOS,0.0,20.0,2.0,2026-02-03 19:04:04,9,2,Verano
101410,ENALAPRIL 10MG TAB CJAX140UND,FARM.GENERICOS,0.0,20.0,2.0,2026-02-03 19:53:46,11,2,Verano
101410,ENALAPRIL 10MG TAB CJAX140UND,FARM.GENERICOS,0.0,30.0,3.0,2026-02-03 21:48:51,3,2,Verano
101410,ENALAPRIL 10MG TAB CJAX140UND,FARM.GENERICOS,1.0,0.0,9.5,2026-02-04 08:21:32,3,2,Verano
101410,ENALAPRIL 10MG TAB CJAX140UND,FARM.GENERICOS,1.0,0.0,9.5,2026-02-04 09:58:29,1,2,Verano
101410,ENALAPRIL 10MG TAB CJAX140UND,FARM.GENERICOS,0.0,5.0,0.5,2026-02-04 11:53:26,6,2,Verano
101410,ENALAPRIL 10MG TAB CJAX140UND,FARM.GENERICOS,0.0,20.0,2.0,2026-02-04 12:40:30,7,2,Verano
101410,ENALAPRIL 10MG TAB CJAX140UND,FARM.GENERICOS,0.0,10.0,1.0,2026-02-04 17:40:00,1,2,Verano
101410,ENALAPRIL 10MG TAB CJAX140UND,FARM.GENERICOS,1.0,0.0,9.5,2026-02-04 18:01:22,12,2,Verano
101410,ENALAPRIL 10MG TAB CJAX140UND,FARM.GENERICOS,1.0,0.0,9.5,2026-02-04 18:39:57,10,2,Verano
101410,ENALAPRIL 10MG TAB CJAX140UND,FARM.GENERICOS,0.0,20.0,2.0,2026-02-04 20:18:13,1,2,Verano
101410,ENALAPRIL 10MG TAB CJAX140UND,FARM.GENERICOS,1.0,0.0,9.5,2026-02-04 20:27:21,9,2,Verano
101410,ENALAPRIL 10MG TAB CJAX140UND,FARM.GENERICOS,0.0,10.0,1.0,2026-02-04 20:56:05,3,2,Verano
101410,ENALAPRIL 10MG TAB CJAX140UND,FARM.GENERICOS,0.0,10.0,1.0,2026-02-05 07:38:01,4,2,Verano
101410,ENALAPRIL 10MG TAB CJAX140UND,FARM.GENERICOS,0.0,70.0,7.0,2026-02-05 09:46:16,12,2,Verano
101410,ENALAPRIL 10MG TAB CJAX140UND,FARM.GENERICOS,0.0,10.0,1.0,2026-02-05 14:01:20,11,2,Verano
101410,ENALAPRIL 10MG TAB CJAX140UND,FARM.GENERICOS,0.0,4.0,0.4,2026-02-05 16:00:43,17,2,Verano
101410,ENALAPRIL 10MG TAB CJAX140UND,FARM.GENERICOS,0.0,10.0,1.0,2026-02-05 16:31:00,13,2,Verano
101410,ENALAPRIL 10MG TAB CJAX140UND,FARM.GENERICOS,0.0,10.0,1.0,2026-02-05 17:33:46,2,2,Verano
101410,ENALAPRIL 10MG TAB CJAX140UND,FARM.GENERICOS,0.0,30.0,3.0,2026-02-05 18:16:58,3,2,Verano
101410,ENALAPRIL 10MG TAB CJAX140UND,FARM.GENERICOS,0.0,20.0,2.0,2026-02-05 18:30:17,10,2,Verano
101410,ENALAPRIL 10MG TAB CJAX140UND,FARM.GENERICOS,1.0,0.0,9.5,2026-02-05 19:24:24,2,2,Verano
101410,ENALAPRIL 10MG TAB CJAX140UND,FARM.GENERICOS,0.0,10.0,1.0,2026-02-06 08:28:30,11,2,Verano
101410,ENALAPRIL 10MG TAB CJAX140UND,FARM.GENERICOS,0.0,10.0,1.0,2026-02-06 19:26:40,17,2,Verano
101410,ENALAPRIL 10MG TAB CJAX140UND,FARM.GENERICOS,0.0,10.0,1.0,2026-02-06 20:33:13,6,2,Verano
101410,ENALAPRIL 10MG TAB CJAX140UND,FARM.GENERICOS,0.0,15.0,1.5,2026-02-06 21:00:58,1,2,Verano
101410,ENALAPRIL 10MG TAB CJAX140UND,FARM.GENERICOS,0.0,10.0,1.0,2026-02-06 21:35:33,13,2,Verano
101410,ENALAPRIL 10MG TAB CJAX140UND,FARM.GENERICOS,0.0,20.0,2.0,2026-02-07 16:44:43,9,2,Verano
101410,ENALAPRIL 10MG TAB CJAX140UND,FARM.GENERICOS,0.0,20.0,2.0,2026-02-07 18:40:47,3,2,Verano
101410,ENALAPRIL 10MG TAB CJAX140UND,FARM.GENERICOS,0.0,10.0,1.0,2026-02-07 20:02:24,3,2,Verano
101410,ENALAPRIL 10MG TAB CJAX140UND,FARM.GENERICOS,0.0,20.0,2.0,2026-02-08 13:35:10,2,2,Verano
101410,ENALAPRIL 10MG TAB CJAX140UND,FARM.GENERICOS,1.0,0.0,9.5,2026-02-08 18:12:34,5,2,Verano
101410,ENALAPRIL 10MG TAB CJAX140UND,FARM.GENERICOS,0.0,10.0,1.0,2026-02-08 20:09:32,1,2,Verano
101410,ENALAPRIL 10MG TAB CJAX140UND,FARM.GENERICOS,0.0,10.0,1.0,2026-02-09 07:38:18,16,2,Verano
101410,ENALAPRIL 10MG TAB CJAX140UND,FARM.GENERICOS,0.0,10.0,1.0,2026-02-09 11:01:50,3,2,Verano
101410,ENALAPRIL 10MG TAB CJAX140UND,FARM.GENERICOS,1.0,0.0,9.5,2026-02-09 12:19:13,5,2,Verano
101410,ENALAPRIL 10MG TAB CJAX140UND,FARM.GENERICOS,0.0,140.0,14.0,2026-02-09 18:18:15,5,2,Verano
101410,ENALAPRIL 10MG TAB CJAX140UND,FARM.GENERICOS,0.0,100.0,10.0,2026-02-09 19:36:04,10,2,Verano
101410,ENALAPRIL 10MG TAB CJAX140UND,FARM.GENERICOS,0.0,10.0,1.0,2026-02-10 09:34:20,11,2,Verano
101410,ENALAPRIL 10MG TAB CJAX140UND,FARM.GENERICOS,0.0,10.0,1.0,2026-02-10 14:43:56,3,2,Verano
101410,ENALAPRIL 10MG TAB CJAX140UND,FARM.GENERICOS,0.0,30.0,3.0,2026-02-11 17:57:17,9,2,Verano
101410,ENALAPRIL 10MG TAB CJAX140UND,FARM.GENERICOS,1.0,0.0,9.5,2026-02-11 20:21:27,3,2,Verano
101410,ENALAPRIL 10MG TAB CJAX140UND,FARM.GENERICOS,1.0,0.0,9.5,2026-02-12 08:53:23,7,2,Verano
101410,ENALAPRIL 10MG TAB CJAX140UND,FARM.GENERICOS,0.0,10.0,1.0,2026-02-12 09:17:44,6,2,Verano
101410,ENALAPRIL 10MG TAB CJAX140UND,FARM.GENERICOS,1.0,0.0,9.5,2026-02-12 17:25:10,1,2,Verano
101410,ENALAPRIL 10MG TAB CJAX140UND,FARM.GENERICOS,0.0,10.0,1.0,2026-02-12 20:16:44,14,2,Verano
101410,ENALAPRIL 10MG TAB CJAX140UND,FARM.GENERICOS,0.0,10.0,1.0,2026-02-13 20:12:51,17,2,Verano
101410,ENALAPRIL 10MG TAB CJAX140UND,FARM.GENERICOS,0.0,20.0,2.0,2026-02-13 20:35:01,10,2,Verano
101410,ENALAPRIL 10MG TAB CJAX140UND,FARM.GENERICOS,0.0,20.0,2.0,2026-02-14 10:28:47,3,2,Verano
101410,ENALAPRIL 10MG TAB CJAX140UND,FARM.GENERICOS,0.0,10.0,1.0,2026-02-14 14:27:47,3,2,Verano
101410,ENALAPRIL 10MG TAB CJAX140UND,FARM.GENERICOS,0.0,10.0,1.0,2026-02-14 16:28:45,3,2,Verano
101410,ENALAPRIL 10MG TAB CJAX140UND,FARM.GENERICOS,0.0,20.0,2.0,2026-02-14 17:11:59,18,2,Verano
101410,ENALAPRIL 10MG TAB CJAX140UND,FARM.GENERICOS,1.0,0.0,9.5,2026-02-14 21:46:18,16,2,Verano
101410,ENALAPRIL 10MG TAB CJAX140UND,FARM.GENERICOS,0.0,10.0,1.0,2026-02-15 11:54:49,9,2,Verano
101410,ENALAPRIL 10MG TAB CJAX140UND,FARM.GENERICOS,0.0,30.0,3.0,2026-02-15 19:58:00,17,2,Verano
101410,ENALAPRIL 10MG TAB CJAX140UND,FARM.GENERICOS,0.0,5.0,0.5,2026-02-15 21:20:59,17,2,Verano
101410,ENALAPRIL 10MG TAB CJAX140UND,FARM.GENERICOS,0.0,10.0,1.0,2026-02-16 20:07:55,7,2,Verano
101410,ENALAPRIL 10MG TAB CJAX140UND,FARM.GENERICOS,0.0,20.0,2.0,2026-02-17 19:03:40,6,2,Verano
101410,ENALAPRIL 10MG TAB CJAX140UND,FARM.GENERICOS,0.0,30.0,3.0,2026-02-17 19:31:48,11,2,Verano
101410,ENALAPRIL 10MG TAB CJAX140UND,FARM.GENERICOS,0.0,10.0,1.0,2026-02-18 19:06:59,18,2,Verano
101410,ENALAPRIL 10MG TAB CJAX140UND,FARM.GENERICOS,0.0,30.0,3.0,2026-02-18 19:59:14,13,2,Verano
101410,ENALAPRIL 10MG TAB CJAX140UND,FARM.GENERICOS,0.0,10.0,1.0,2026-02-18 20:19:39,13,2,Verano
101410,ENALAPRIL 10MG TAB CJAX140UND,FARM.GENERICOS,0.0,10.0,1.0,2026-02-18 21:19:18,1,2,Verano
101410,ENALAPRIL 10MG TAB CJAX140UND,FARM.GENERICOS,0.0,30.0,3.0,2026-02-19 09:39:34,11,2,Verano
101410,ENALAPRIL 10MG TAB CJAX140UND,FARM.GENERICOS,0.0,20.0,2.0,2026-02-19 18:17:59,10,2,Verano
101410,ENALAPRIL 10MG TAB CJAX140UND,FARM.GENERICOS,0.0,10.0,1.0,2026-02-19 20:40:48,17,2,Verano
101410,ENALAPRIL 10MG TAB CJAX140UND,FARM.GENERICOS,0.0,10.0,1.0,2026-02-20 08:43:03,6,2,Verano
101410,ENALAPRIL 10MG TAB CJAX140UND,FARM.GENERICOS,0.0,10.0,1.0,2026-02-20 10:50:53,3,2,Verano
101410,ENALAPRIL 10MG TAB CJAX140UND,FARM.GENERICOS,0.0,20.0,2.0,2026-02-20 16:41:35,8,2,Verano
101410,ENALAPRIL 10MG TAB CJAX140UND,FARM.GENERICOS,0.0,20.0,2.0,2026-02-20 19:25:31,9,2,Verano
101410,ENALAPRIL 10MG TAB CJAX140UND,FARM.GENERICOS,1.0,0.0,9.5,2026-02-20 21:37:49,6,2,Verano
101410,ENALAPRIL 10MG TAB CJAX140UND,FARM.GENERICOS,0.0,10.0,1.0,2026-02-21 11:18:36,3,2,Verano
101410,ENALAPRIL 10MG TAB CJAX140UND,FARM.GENERICOS,0.0,10.0,1.0,2026-02-21 13:57:58,11,2,Verano
101410,ENALAPRIL 10MG TAB CJAX140UND,FARM.GENERICOS,0.0,10.0,1.0,2026-02-21 19:26:04,5,2,Verano
101410,ENALAPRIL 10MG TAB CJAX140UND,FARM.GENERICOS,0.0,10.0,1.0,2026-02-21 20:12:57,16,2,Verano
101410,ENALAPRIL 10MG TAB CJAX140UND,FARM.GENERICOS,0.0,20.0,2.0,2026-02-21 22:29:11,5,2,Verano
101410,ENALAPRIL 10MG TAB CJAX140UND,FARM.GENERICOS,0.0,10.0,1.0,2026-02-22 08:46:18,6,2,Verano
101410,ENALAPRIL 10MG TAB CJAX140UND,FARM.GENERICOS,0.0,10.0,1.0,2026-02-22 17:18:04,2,2,Verano
101410,ENALAPRIL 10MG TAB CJAX140UND,FARM.GENERICOS,0.0,10.0,1.0,2026-02-22 17:28:19,14,2,Verano
101410,ENALAPRIL 10MG TAB CJAX140UND,FARM.GENERICOS,0.0,10.0,1.0,2026-02-22 20:56:06,1,2,Verano
101410,ENALAPRIL 10MG TAB CJAX140UND,FARM.GENERICOS,1.0,0.0,9.5,2026-02-23 08:03:45,18,2,Verano
101410,ENALAPRIL 10MG TAB CJAX140UND,FARM.GENERICOS,0.0,10.0,1.0,2026-02-23 12:38:37,11,2,Verano
101410,ENALAPRIL 10MG TAB CJAX140UND,FARM.GENERICOS,1.0,0.0,9.5,2026-02-23 18:19:31,2,2,Verano
101410,ENALAPRIL 10MG TAB CJAX140UND,FARM.GENERICOS,0.0,20.0,2.0,2026-02-23 19:46:58,10,2,Verano
101410,ENALAPRIL 10MG TAB CJAX140UND,FARM.GENERICOS,1.0,0.0,9.5,2026-02-23 22:17:34,4,2,Verano
101410,ENALAPRIL 10MG TAB CJAX140UND,FARM.GENERICOS,0.0,10.0,1.0,2026-02-24 07:59:24,4,2,Verano
101410,ENALAPRIL 10MG TAB CJAX140UND,FARM.GENERICOS,0.0,2.0,0.2,2026-02-24 08:42:32,9,2,Verano
101410,ENALAPRIL 10MG TAB CJAX140UND,FARM.GENERICOS,0.0,10.0,1.0,2026-02-24 10:16:56,9,2,Verano
101410,ENALAPRIL 10MG TAB CJAX140UND,FARM.GENERICOS,0.0,2.0,0.2,2026-02-24 10:38:39,18,2,Verano
101410,ENALAPRIL 10MG TAB CJAX140UND,FARM.GENERICOS,0.0,20.0,2.0,2026-02-24 17:45:17,2,2,Verano
101410,ENALAPRIL 10MG TAB CJAX140UND,FARM.GENERICOS,0.0,3.0,0.3,2026-02-24 20:14:21,18,2,Verano
101410,ENALAPRIL 10MG TAB CJAX140UND,FARM.GENERICOS,0.0,2.0,0.2,2026-02-25 07:23:14,17,2,Verano
101410,ENALAPRIL 10MG TAB CJAX140UND,FARM.GENERICOS,1.0,0.0,9.5,2026-02-25 20:44:06,6,2,Verano
101410,ENALAPRIL 10MG TAB CJAX140UND,FARM.GENERICOS,0.0,20.0,2.0,2026-02-25 20:44:32,3,2,Verano
101410,ENALAPRIL 10MG TAB CJAX140UND,FARM.GENERICOS,0.0,10.0,1.0,2026-02-25 22:19:52,17,2,Verano
101410,ENALAPRIL 10MG TAB CJAX140UND,FARM.GENERICOS,0.0,10.0,1.0,2026-02-26 08:25:17,5,2,Verano
101410,ENALAPRIL 10MG TAB CJAX140UND,FARM.GENERICOS,1.0,0.0,9.5,2026-02-26 09:27:32,12,2,Verano
101410,ENALAPRIL 10MG TAB CJAX140UND,FARM.GENERICOS,0.0,10.0,1.0,2026-02-26 18:11:06,18,2,Verano
101410,ENALAPRIL 10MG TAB CJAX140UND,FARM.GENERICOS,0.0,20.0,2.0,2026-02-26 20:06:28,1,2,Verano
101410,ENALAPRIL 10MG TAB CJAX140UND,FARM.GENERICOS,0.0,10.0,1.0,2026-02-27 14:15:01,3,2,Verano
101410,ENALAPRIL 10MG TAB CJAX140UND,FARM.GENERICOS,0.0,10.0,1.0,2026-02-27 21:16:04,11,2,Verano
101410,ENALAPRIL 10MG TAB CJAX140UND,FARM.GENERICOS,0.0,20.0,2.0,2026-02-28 09:44:19,3,2,Verano
101410,ENALAPRIL 10MG TAB CJAX140UND,FARM.GENERICOS,0.0,20.0,2.0,2026-02-28 13:21:23,5,2,Verano
101410,ENALAPRIL 10MG TAB CJAX140UND,FARM.GENERICOS,1.0,0.0,9.5,2026-02-28 13:36:26,12,2,Verano
101410,ENALAPRIL 10MG TAB CJAX140UND,FARM.GENERICOS,0.0,70.0,7.0,2026-02-28 21:29:10,10,2,Verano
101410,ENALAPRIL 10MG TAB CJAX140UND,FARM.GENERICOS,0.0,10.0,1.0,2026-02-28 22:56:27,1,2,Verano
101410,ENALAPRIL 10MG TAB CJAX140UND,FARM.GENERICOS,0.0,10.0,1.0,2026-03-01 16:29:00,2,3,Otoño
101410,ENALAPRIL 10MG TAB CJAX140UND,FARM.GENERICOS,0.0,11.0,1.1,2026-03-01 19:40:48,6,3,Otoño
101410,ENALAPRIL 10MG TAB CJAX140UND,FARM.GENERICOS,1.0,0.0,9.5,2026-03-01 20:40:25,5,3,Otoño
101410,ENALAPRIL 10MG TAB CJAX140UND,FARM.GENERICOS,0.0,30.0,3.0,2026-03-02 09:19:15,1,3,Otoño
101410,ENALAPRIL 10MG TAB CJAX140UND,FARM.GENERICOS,0.0,30.0,3.0,2026-03-02 12:43:57,7,3,Otoño
101410,ENALAPRIL 10MG TAB CJAX140UND,FARM.GENERICOS,0.0,10.0,1.0,2026-03-02 19:46:39,3,3,Otoño
101410,ENALAPRIL 10MG TAB CJAX140UND,FARM.GENERICOS,0.0,10.0,1.0,2026-03-02 20:01:23,9,3,Otoño
101410,ENALAPRIL 10MG TAB CJAX140UND,FARM.GENERICOS,0.0,5.0,0.5,2026-03-02 20:52:06,9,3,Otoño
101410,ENALAPRIL 10MG TAB CJAX140UND,FARM.GENERICOS,0.0,10.0,1.0,2026-03-02 22:04:12,14,3,Otoño
101410,ENALAPRIL 10MG TAB CJAX140UND,FARM.GENERICOS,0.0,30.0,3.0,2026-03-03 10:04:22,16,3,Otoño
101410,ENALAPRIL 10MG TAB CJAX140UND,FARM.GENERICOS,0.0,10.0,1.0,2026-03-03 14:00:34,9,3,Otoño
101410,ENALAPRIL 10MG TAB CJAX140UND,FARM.GENERICOS,0.0,2.0,0.2,2026-03-03 17:40:36,18,3,Otoño
101410,ENALAPRIL 10MG TAB CJAX140UND,FARM.GENERICOS,0.0,10.0,1.0,2026-03-03 21:26:14,10,3,Otoño
101410,ENALAPRIL 10MG TAB CJAX140UND,FARM.GENERICOS,0.0,20.0,2.0,2026-03-03 22:16:17,5,3,Otoño
101410,ENALAPRIL 10MG TAB CJAX140UND,FARM.GENERICOS,0.0,50.0,5.0,2026-03-03 22:18:00,7,3,Otoño
101410,ENALAPRIL 10MG TAB CJAX140UND,FARM.GENERICOS,0.0,10.0,1.0,2026-03-04 20:31:15,2,3,Otoño
101410,ENALAPRIL 10MG TAB CJAX140UND,FARM.GENERICOS,0.0,10.0,1.0,2026-03-05 07:57:29,6,3,Otoño
101410,ENALAPRIL 10MG TAB CJAX140UND,FARM.GENERICOS,0.0,60.0,6.0,2026-03-05 09:13:10,1,3,Otoño
101410,ENALAPRIL 10MG TAB CJAX140UND,FARM.GENERICOS,0.0,10.0,1.0,2026-03-05 09:27:51,8,3,Otoño
101410,ENALAPRIL 10MG TAB CJAX140UND,FARM.GENERICOS,1.0,0.0,9.5,2026-03-05 13:23:18,5,3,Otoño
101410,ENALAPRIL 10MG TAB CJAX140UND,FARM.GENERICOS,0.0,10.0,1.0,2026-03-05 17:09:00,17,3,Otoño
101410,ENALAPRIL 10MG TAB CJAX140UND,FARM.GENERICOS,0.0,10.0,1.0,2026-03-06 09:02:39,6,3,Otoño
101410,ENALAPRIL 10MG TAB CJAX140UND,FARM.GENERICOS,0.0,10.0,1.0,2026-03-06 09:28:16,14,3,Otoño
101410,ENALAPRIL 10MG TAB CJAX140UND,FARM.GENERICOS,0.0,20.0,2.0,2026-03-06 20:52:58,6,3,Otoño
101410,ENALAPRIL 10MG TAB CJAX140UND,FARM.GENERICOS,0.0,10.0,1.0,2026-03-07 12:24:42,14,3,Otoño
101410,ENALAPRIL 10MG TAB CJAX140UND,FARM.GENERICOS,1.0,0.0,9.5,2026-03-07 16:45:58,3,3,Otoño
101410,ENALAPRIL 10MG TAB CJAX140UND,FARM.GENERICOS,1.0,0.0,9.5,2026-03-07 19:11:44,12,3,Otoño
101410,ENALAPRIL 10MG TAB CJAX140UND,FARM.GENERICOS,0.0,10.0,1.0,2026-03-08 15:40:08,6,3,Otoño
101410,ENALAPRIL 10MG TAB CJAX140UND,FARM.GENERICOS,0.0,20.0,2.0,2026-03-08 20:18:25,6,3,Otoño
101410,ENALAPRIL 10MG TAB CJAX140UND,FARM.GENERICOS,0.0,5.0,0.5,2026-03-09 11:17:54,3,3,Otoño
101410,ENALAPRIL 10MG TAB CJAX140UND,FARM.GENERICOS,0.0,10.0,1.0,2026-03-09 13:41:25,17,3,Otoño
101410,ENALAPRIL 10MG TAB CJAX140UND,FARM.GENERICOS,0.0,20.0,2.0,2026-03-09 13:44:25,18,3,Otoño
101410,ENALAPRIL 10MG TAB CJAX140UND,FARM.GENERICOS,0.0,10.0,1.0,2026-03-09 14:43:55,9,3,Otoño
101410,ENALAPRIL 10MG TAB CJAX140UND,FARM.GENERICOS,0.0,10.0,1.0,2026-03-09 14:57:10,13,3,Otoño
101410,ENALAPRIL 10MG TAB CJAX140UND,FARM.GENERICOS,0.0,10.0,1.0,2026-03-09 17:55:39,6,3,Otoño
101410,ENALAPRIL 10MG TAB CJAX140UND,FARM.GENERICOS,0.0,10.0,1.0,2026-03-09 18:02:04,6,3,Otoño
101410,ENALAPRIL 10MG TAB CJAX140UND,FARM.GENERICOS,0.0,20.0,2.0,2026-03-09 18:31:51,10,3,Otoño
101410,ENALAPRIL 10MG TAB CJAX140UND,FARM.GENERICOS,1.0,0.0,9.5,2026-03-09 21:35:20,4,3,Otoño
101410,ENALAPRIL 10MG TAB CJAX140UND,FARM.GENERICOS,1.0,0.0,9.5,2026-03-09 21:49:03,2,3,Otoño
101410,ENALAPRIL 10MG TAB CJAX140UND,FARM.GENERICOS,0.0,10.0,1.0,2026-03-09 22:15:02,3,3,Otoño
101410,ENALAPRIL 10MG TAB CJAX140UND,FARM.GENERICOS,0.0,10.0,1.0,2026-03-10 10:43:40,9,3,Otoño
101410,ENALAPRIL 10MG TAB CJAX140UND,FARM.GENERICOS,0.0,10.0,1.0,2026-03-10 13:32:39,11,3,Otoño
101410,ENALAPRIL 10MG TAB CJAX140UND,FARM.GENERICOS,0.0,10.0,1.0,2026-03-10 16:28:46,2,3,Otoño
101410,ENALAPRIL 10MG TAB CJAX140UND,FARM.GENERICOS,0.0,20.0,2.0,2026-03-11 10:48:09,3,3,Otoño
101410,ENALAPRIL 10MG TAB CJAX140UND,FARM.GENERICOS,0.0,10.0,1.0,2026-03-11 17:31:55,14,3,Otoño
101410,ENALAPRIL 10MG TAB CJAX140UND,FARM.GENERICOS,0.0,4.0,0.4,2026-03-11 18:45:19,11,3,Otoño
101410,ENALAPRIL 10MG TAB CJAX140UND,FARM.GENERICOS,0.0,40.0,4.0,2026-03-11 19:44:40,4,3,Otoño
101410,ENALAPRIL 10MG TAB CJAX140UND,FARM.GENERICOS,0.0,10.0,1.0,2026-03-12 18:31:31,9,3,Otoño
101410,ENALAPRIL 10MG TAB CJAX140UND,FARM.GENERICOS,0.0,20.0,2.0,2026-03-12 20:55:40,11,3,Otoño
101410,ENALAPRIL 10MG TAB CJAX140UND,FARM.GENERICOS,0.0,10.0,1.0,2026-03-12 20:58:31,2,3,Otoño
101410,ENALAPRIL 10MG TAB CJAX140UND,FARM.GENERICOS,0.0,20.0,2.0,2026-03-12 21:06:48,8,3,Otoño
101410,ENALAPRIL 10MG TAB CJAX140UND,FARM.GENERICOS,1.0,0.0,9.5,2026-03-12 22:11:43,10,3,Otoño
101410,ENALAPRIL 10MG TAB CJAX140UND,FARM.GENERICOS,0.0,10.0,1.0,2026-03-13 13:13:37,11,3,Otoño
101410,ENALAPRIL 10MG TAB CJAX140UND,FARM.GENERICOS,0.0,10.0,1.0,2026-03-13 18:51:18,1,3,Otoño
101410,ENALAPRIL 10MG TAB CJAX140UND,FARM.GENERICOS,0.0,5.0,0.5,2026-03-13 18:57:27,4,3,Otoño
101410,ENALAPRIL 10MG TAB CJAX140UND,FARM.GENERICOS,0.0,10.0,1.0,2026-03-13 21:32:57,15,3,Otoño
101410,ENALAPRIL 10MG TAB CJAX140UND,FARM.GENERICOS,0.0,10.0,1.0,2026-03-14 07:33:03,17,3,Otoño
101410,ENALAPRIL 10MG TAB CJAX140UND,FARM.GENERICOS,0.0,15.0,1.5,2026-03-14 10:46:10,6,3,Otoño
101410,ENALAPRIL 10MG TAB CJAX140UND,FARM.GENERICOS,0.0,80.0,8.0,2026-03-14 12:14:28,3,3,Otoño
101410,ENALAPRIL 10MG TAB CJAX140UND,FARM.GENERICOS,0.0,20.0,2.0,2026-03-14 19:29:38,1,3,Otoño
101410,ENALAPRIL 10MG TAB CJAX140UND,FARM.GENERICOS,0.0,10.0,1.0,2026-03-14 19:35:01,7,3,Otoño
101410,ENALAPRIL 10MG TAB CJAX140UND,FARM.GENERICOS,0.0,10.0,1.0,2026-03-15 10:24:30,11,3,Otoño
101410,ENALAPRIL 10MG TAB CJAX140UND,FARM.GENERICOS,0.0,10.0,1.0,2026-03-15 11:01:22,7,3,Otoño
101410,ENALAPRIL 10MG TAB CJAX140UND,FARM.GENERICOS,0.0,10.0,1.0,2026-03-15 11:19:51,13,3,Otoño
101410,ENALAPRIL 10MG TAB CJAX140UND,FARM.GENERICOS,0.0,10.0,1.0,2026-03-15 12:06:49,7,3,Otoño
101410,ENALAPRIL 10MG TAB CJAX140UND,FARM.GENERICOS,0.0,10.0,1.0,2026-03-15 20:16:01,17,3,Otoño
101410,ENALAPRIL 10MG TAB CJAX140UND,FARM.GENERICOS,0.0,10.0,1.0,2026-03-15 21:12:43,3,3,Otoño
101410,ENALAPRIL 10MG TAB CJAX140UND,FARM.GENERICOS,0.0,20.0,2.0,2026-03-16 11:37:17,9,3,Otoño
101410,ENALAPRIL 10MG TAB CJAX140UND,FARM.GENERICOS,0.0,10.0,1.0,2026-03-16 15:14:57,14,3,Otoño
101410,ENALAPRIL 10MG TAB CJAX140UND,FARM.GENERICOS,0.0,20.0,2.0,2026-03-16 19:25:23,9,3,Otoño
101410,ENALAPRIL 10MG TAB CJAX140UND,FARM.GENERICOS,0.0,10.0,1.0,2026-03-16 20:02:59,4,3,Otoño
101410,ENALAPRIL 10MG TAB CJAX140UND,FARM.GENERICOS,0.0,10.0,1.0,2026-03-16 20:04:14,4,3,Otoño
101410,ENALAPRIL 10MG TAB CJAX140UND,FARM.GENERICOS,0.0,5.0,0.5,2026-03-16 21:51:22,2,3,Otoño
101410,ENALAPRIL 10MG TAB CJAX140UND,FARM.GENERICOS,0.0,20.0,2.0,2026-03-17 10:04:33,4,3,Otoño
101410,ENALAPRIL 10MG TAB CJAX140UND,FARM.GENERICOS,0.0,10.0,1.0,2026-03-17 11:59:47,11,3,Otoño
101410,ENALAPRIL 10MG TAB CJAX140UND,FARM.GENERICOS,0.0,10.0,1.0,2026-03-18 11:11:06,9,3,Otoño
101410,ENALAPRIL 10MG TAB CJAX140UND,FARM.GENERICOS,0.0,10.0,1.0,2026-03-18 15:25:49,17,3,Otoño
101410,ENALAPRIL 10MG TAB CJAX140UND,FARM.GENERICOS,0.0,10.0,1.0,2026-03-18 20:26:46,12,3,Otoño
101410,ENALAPRIL 10MG TAB CJAX140UND,FARM.GENERICOS,0.0,20.0,2.0,2026-03-18 20:34:14,1,3,Otoño
101410,ENALAPRIL 10MG TAB CJAX140UND,FARM.GENERICOS,0.0,10.0,1.0,2026-03-19 18:54:47,7,3,Otoño
101410,ENALAPRIL 10MG TAB CJAX140UND,FARM.GENERICOS,0.0,20.0,2.0,2026-03-20 13:48:54,11,3,Otoño
101410,ENALAPRIL 10MG TAB CJAX140UND,FARM.GENERICOS,0.0,10.0,1.0,2026-03-20 19:44:20,8,3,Otoño
101410,ENALAPRIL 10MG TAB CJAX140UND,FARM.GENERICOS,1.0,0.0,9.5,2026-03-20 20:50:52,3,3,Otoño
101410,ENALAPRIL 10MG TAB CJAX140UND,FARM.GENERICOS,1.0,0.0,9.5,2026-03-21 10:27:16,3,3,Otoño
101410,ENALAPRIL 10MG TAB CJAX140UND,FARM.GENERICOS,0.0,30.0,3.0,2026-03-21 18:16:02,10,3,Otoño
101410,ENALAPRIL 10MG TAB CJAX140UND,FARM.GENERICOS,0.0,20.0,2.0,2026-03-21 21:33:07,17,3,Otoño
101410,ENALAPRIL 10MG TAB CJAX140UND,FARM.GENERICOS,0.0,10.0,1.0,2026-03-21 22:28:22,5,3,Otoño
101410,ENALAPRIL 10MG TAB CJAX140UND,FARM.GENERICOS,0.0,10.0,1.0,2026-03-21 22:29:59,5,3,Otoño
101410,ENALAPRIL 10MG TAB CJAX140UND,FARM.GENERICOS,0.0,20.0,2.0,2026-03-22 09:54:37,3,3,Otoño
101410,ENALAPRIL 10MG TAB CJAX140UND,FARM.GENERICOS,0.0,20.0,2.0,2026-03-22 10:12:49,3,3,Otoño
101410,ENALAPRIL 10MG TAB CJAX140UND,FARM.GENERICOS,0.0,2.0,0.2,2026-03-22 12:20:34,9,3,Otoño
101410,ENALAPRIL 10MG TAB CJAX140UND,FARM.GENERICOS,1.0,0.0,9.5,2026-03-23 12:49:54,3,3,Otoño
101410,ENALAPRIL 10MG TAB CJAX140UND,FARM.GENERICOS,0.0,20.0,2.0,2026-03-23 13:11:49,11,3,Otoño
101410,ENALAPRIL 10MG TAB CJAX140UND,FARM.GENERICOS,1.0,0.0,9.5,2026-03-23 21:40:59,5,3,Otoño
101410,ENALAPRIL 10MG TAB CJAX140UND,FARM.GENERICOS,0.0,10.0,1.0,2026-03-23 21:46:16,18,3,Otoño
101410,ENALAPRIL 10MG TAB CJAX140UND,FARM.GENERICOS,0.0,20.0,2.0,2026-03-23 21:53:14,3,3,Otoño
101410,ENALAPRIL 10MG TAB CJAX140UND,FARM.GENERICOS,1.0,0.0,9.5,2026-03-24 17:10:47,1,3,Otoño
101410,ENALAPRIL 10MG TAB CJAX140UND,FARM.GENERICOS,0.0,10.0,1.0,2026-03-24 20:54:41,5,3,Otoño
101410,ENALAPRIL 10MG TAB CJAX140UND,FARM.GENERICOS,1.0,0.0,9.5,2026-03-25 15:55:22,9,3,Otoño
101410,ENALAPRIL 10MG TAB CJAX140UND,FARM.GENERICOS,0.0,10.0,1.0,2026-03-25 17:46:26,2,3,Otoño
101410,ENALAPRIL 10MG TAB CJAX140UND,FARM.GENERICOS,1.0,0.0,9.5,2026-03-25 17:51:57,5,3,Otoño
101410,ENALAPRIL 10MG TAB CJAX140UND,FARM.GENERICOS,0.0,20.0,2.0,2026-03-25 19:35:30,17,3,Otoño
101410,ENALAPRIL 10MG TAB CJAX140UND,FARM.GENERICOS,1.0,0.0,9.5,2026-03-25 20:35:04,19,3,Otoño
101410,ENALAPRIL 10MG TAB CJAX140UND,FARM.GENERICOS,1.0,0.0,9.5,2026-03-27 07:34:07,4,3,Otoño
101410,ENALAPRIL 10MG TAB CJAX140UND,FARM.GENERICOS,0.0,20.0,2.0,2026-03-27 10:44:11,2,3,Otoño
101410,ENALAPRIL 10MG TAB CJAX140UND,FARM.GENERICOS,0.0,10.0,1.0,2026-03-27 17:23:47,17,3,Otoño
101410,ENALAPRIL 10MG TAB CJAX140UND,FARM.GENERICOS,0.0,10.0,1.0,2026-03-28 12:01:44,7,3,Otoño
101410,ENALAPRIL 10MG TAB CJAX140UND,FARM.GENERICOS,1.0,0.0,9.5,2026-03-28 13:11:42,3,3,Otoño
101410,ENALAPRIL 10MG TAB CJAX140UND,FARM.GENERICOS,0.0,10.0,1.0,2026-03-28 19:50:37,3,3,Otoño
101410,ENALAPRIL 10MG TAB CJAX140UND,FARM.GENERICOS,0.0,10.0,1.0,2026-03-29 18:34:05,15,3,Otoño
101410,ENALAPRIL 10MG TAB CJAX140UND,FARM.GENERICOS,0.0,10.0,1.0,2026-03-29 20:21:09,2,3,Otoño
101410,ENALAPRIL 10MG TAB CJAX140UND,FARM.GENERICOS,0.0,20.0,2.0,2026-03-29 21:21:49,5,3,Otoño
101410,ENALAPRIL 10MG TAB CJAX140UND,FARM.GENERICOS,0.0,10.0,1.0,2026-03-30 07:51:36,6,3,Otoño
101410,ENALAPRIL 10MG TAB CJAX140UND,FARM.GENERICOS,0.0,50.0,5.0,2026-03-30 08:23:25,13,3,Otoño
101410,ENALAPRIL 10MG TAB CJAX140UND,FARM.GENERICOS,0.0,20.0,2.0,2026-03-30 11:17:25,5,3,Otoño
101410,ENALAPRIL 10MG TAB CJAX140UND,FARM.GENERICOS,1.0,0.0,9.5,2026-03-30 12:28:28,4,3,Otoño
101410,ENALAPRIL 10MG TAB CJAX140UND,FARM.GENERICOS,0.0,25.0,2.5,2026-03-30 12:37:27,7,3,Otoño
101410,ENALAPRIL 10MG TAB CJAX140UND,FARM.GENERICOS,0.0,30.0,3.0,2026-03-30 19:30:55,11,3,Otoño
101410,ENALAPRIL 10MG TAB CJAX140UND,FARM.GENERICOS,0.0,10.0,1.0,2026-03-31 09:09:13,13,3,Otoño
101410,ENALAPRIL 10MG TAB CJAX140UND,FARM.GENERICOS,1.0,0.0,9.5,2026-03-31 10:20:11,10,3,Otoño
101410,ENALAPRIL 10MG TAB CJAX140UND,FARM.GENERICOS,0.0,30.0,3.0,2026-03-31 12:59:07,4,3,Otoño
101410,ENALAPRIL 10MG TAB CJAX140UND,FARM.GENERICOS,0.0,10.0,1.0,2026-03-31 19:31:33,3,3,Otoño
101410,ENALAPRIL 10MG TAB CJAX140UND,FARM.GENERICOS,0.0,10.0,1.0,2026-04-01 07:46:37,8,4,Otoño
101410,ENALAPRIL 10MG TAB CJAX140UND,FARM.GENERICOS,0.0,10.0,1.0,2026-04-01 12:49:30,11,4,Otoño
101410,ENALAPRIL 10MG TAB CJAX140UND,FARM.GENERICOS,0.0,10.0,1.0,2026-04-02 10:03:08,11,4,Otoño
101410,ENALAPRIL 10MG TAB CJAX140UND,FARM.GENERICOS,0.0,10.0,1.0,2026-04-02 10:22:32,17,4,Otoño
101410,ENALAPRIL 10MG TAB CJAX140UND,FARM.GENERICOS,0.0,20.0,2.0,2026-04-02 12:55:00,11,4,Otoño
101410,ENALAPRIL 10MG TAB CJAX140UND,FARM.GENERICOS,1.0,0.0,9.5,2026-04-03 08:17:41,14,4,Otoño
101410,ENALAPRIL 10MG TAB CJAX140UND,FARM.GENERICOS,0.0,10.0,1.0,2026-04-03 08:48:10,3,4,Otoño
101410,ENALAPRIL 10MG TAB CJAX140UND,FARM.GENERICOS,0.0,10.0,1.0,2026-04-03 09:25:39,13,4,Otoño
101410,ENALAPRIL 10MG TAB CJAX140UND,FARM.GENERICOS,0.0,10.0,1.0,2026-04-03 12:33:54,3,4,Otoño
101410,ENALAPRIL 10MG TAB CJAX140UND,FARM.GENERICOS,0.0,20.0,2.0,2026-04-03 19:21:58,3,4,Otoño
101410,ENALAPRIL 10MG TAB CJAX140UND,FARM.GENERICOS,0.0,10.0,1.0,2026-04-03 20:47:09,19,4,Otoño
101410,ENALAPRIL 10MG TAB CJAX140UND,FARM.GENERICOS,0.0,20.0,2.0,2026-04-04 10:37:33,9,4,Otoño
101410,ENALAPRIL 10MG TAB CJAX140UND,FARM.GENERICOS,0.0,10.0,1.0,2026-04-04 11:54:51,16,4,Otoño
101410,ENALAPRIL 10MG TAB CJAX140UND,FARM.GENERICOS,1.0,0.0,9.5,2026-04-04 17:29:39,2,4,Otoño
101410,ENALAPRIL 10MG TAB CJAX140UND,FARM.GENERICOS,0.0,30.0,3.0,2026-04-04 20:20:01,16,4,Otoño
101410,ENALAPRIL 10MG TAB CJAX140UND,FARM.GENERICOS,0.0,6.0,0.6,2026-04-04 22:48:04,17,4,Otoño
101410,ENALAPRIL 10MG TAB CJAX140UND,FARM.GENERICOS,0.0,20.0,2.0,2026-04-05 11:36:20,13,4,Otoño
101410,ENALAPRIL 10MG TAB CJAX140UND,FARM.GENERICOS,0.0,80.0,8.0,2026-04-05 19:54:07,10,4,Otoño
101410,ENALAPRIL 10MG TAB CJAX140UND,FARM.GENERICOS,0.0,20.0,2.0,2026-04-05 22:19:22,14,4,Otoño
101410,ENALAPRIL 10MG TAB CJAX140UND,FARM.GENERICOS,0.0,20.0,2.0,2026-04-06 10:49:25,10,4,Otoño
101410,ENALAPRIL 10MG TAB CJAX140UND,FARM.GENERICOS,0.0,120.0,12.0,2026-04-06 19:42:59,12,4,Otoño
101410,ENALAPRIL 10MG TAB CJAX140UND,FARM.GENERICOS,1.0,0.0,9.5,2026-04-06 21:08:46,5,4,Otoño
101410,ENALAPRIL 10MG TAB CJAX140UND,FARM.GENERICOS,1.0,0.0,9.5,2026-04-07 13:57:33,10,4,Otoño
101410,ENALAPRIL 10MG TAB CJAX140UND,FARM.GENERICOS,0.0,10.0,1.0,2026-04-07 17:27:37,15,4,Otoño
101410,ENALAPRIL 10MG TAB CJAX140UND,FARM.GENERICOS,0.0,10.0,1.0,2026-04-07 23:44:21,10,4,Otoño
101410,ENALAPRIL 10MG TAB CJAX140UND,FARM.GENERICOS,0.0,10.0,1.0,2026-04-08 07:21:02,13,4,Otoño
101410,ENALAPRIL 10MG TAB CJAX140UND,FARM.GENERICOS,0.0,10.0,1.0,2026-04-08 11:19:20,5,4,Otoño
101410,ENALAPRIL 10MG TAB CJAX140UND,FARM.GENERICOS,0.0,20.0,2.0,2026-04-08 12:50:20,3,4,Otoño
101410,ENALAPRIL 10MG TAB CJAX140UND,FARM.GENERICOS,0.0,10.0,1.0,2026-04-08 16:48:07,9,4,Otoño
101410,ENALAPRIL 10MG TAB CJAX140UND,FARM.GENERICOS,0.0,10.0,1.0,2026-04-09 08:51:02,2,4,Otoño
101410,ENALAPRIL 10MG TAB CJAX140UND,FARM.GENERICOS,0.0,10.0,1.0,2026-04-09 12:15:06,6,4,Otoño
101410,ENALAPRIL 10MG TAB CJAX140UND,FARM.GENERICOS,0.0,10.0,1.0,2026-04-09 13:55:12,8,4,Otoño
101410,ENALAPRIL 10MG TAB CJAX140UND,FARM.GENERICOS,0.0,10.0,1.0,2026-04-09 19:16:05,17,4,Otoño
101410,ENALAPRIL 10MG TAB CJAX140UND,FARM.GENERICOS,0.0,10.0,1.0,2026-04-09 20:05:02,3,4,Otoño
101410,ENALAPRIL 10MG TAB CJAX140UND,FARM.GENERICOS,0.0,10.0,1.0,2026-04-09 21:05:03,17,4,Otoño
101410,ENALAPRIL 10MG TAB CJAX140UND,FARM.GENERICOS,0.0,10.0,1.0,2026-04-09 21:46:30,9,4,Otoño
101410,ENALAPRIL 10MG TAB CJAX140UND,FARM.GENERICOS,1.0,0.0,9.5,2026-04-09 23:36:11,10,4,Otoño
101410,ENALAPRIL 10MG TAB CJAX140UND,FARM.GENERICOS,1.0,0.0,9.5,2026-04-10 09:22:07,15,4,Otoño
101410,ENALAPRIL 10MG TAB CJAX140UND,FARM.GENERICOS,-1.0,0.0,-9.5,2026-04-10 09:25:28,15,4,Otoño
101410,ENALAPRIL 10MG TAB CJAX140UND,FARM.GENERICOS,0.0,10.0,1.0,2026-04-10 17:55:03,2,4,Otoño
101410,ENALAPRIL 10MG TAB CJAX140UND,FARM.GENERICOS,0.0,20.0,2.0,2026-04-11 19:14:49,11,4,Otoño
101410,ENALAPRIL 10MG TAB CJAX140UND,FARM.GENERICOS,0.0,40.0,4.0,2026-04-12 10:50:41,5,4,Otoño
101410,ENALAPRIL 10MG TAB CJAX140UND,FARM.GENERICOS,0.0,10.0,1.0,2026-04-12 13:30:51,6,4,Otoño
101410,ENALAPRIL 10MG TAB CJAX140UND,FARM.GENERICOS,0.0,10.0,1.0,2026-04-12 14:18:26,16,4,Otoño
101410,ENALAPRIL 10MG TAB CJAX140UND,FARM.GENERICOS,0.0,20.0,2.0,2026-04-13 16:49:20,3,4,Otoño
101410,ENALAPRIL 10MG TAB CJAX140UND,FARM.GENERICOS,0.0,10.0,1.0,2026-04-13 18:15:54,6,4,Otoño
101410,ENALAPRIL 10MG TAB CJAX140UND,FARM.GENERICOS,0.0,30.0,3.0,2026-04-13 18:33:30,17,4,Otoño
101410,ENALAPRIL 10MG TAB CJAX140UND,FARM.GENERICOS,0.0,10.0,1.0,2026-04-13 19:43:40,17,4,Otoño
101410,ENALAPRIL 10MG TAB CJAX140UND,FARM.GENERICOS,0.0,20.0,2.0,2026-04-13 20:56:32,6,4,Otoño
101410,ENALAPRIL 10MG TAB CJAX140UND,FARM.GENERICOS,0.0,10.0,1.0,2026-04-14 12:36:36,7,4,Otoño
101410,ENALAPRIL 10MG TAB CJAX140UND,FARM.GENERICOS,1.0,0.0,9.5,2026-04-14 13:32:47,11,4,Otoño
101410,ENALAPRIL 10MG TAB CJAX140UND,FARM.GENERICOS,1.0,0.0,9.5,2026-04-14 17:32:46,1,4,Otoño
101410,ENALAPRIL 10MG TAB CJAX140UND,FARM.GENERICOS,0.0,10.0,1.0,2026-04-14 23:40:20,10,4,Otoño
101410,ENALAPRIL 10MG TAB CJAX140UND,FARM.GENERICOS,0.0,6.0,0.6,2026-04-15 08:02:10,11,4,Otoño
101410,ENALAPRIL 10MG TAB CJAX140UND,FARM.GENERICOS,0.0,3.0,0.3,2026-04-15 09:03:47,3,4,Otoño
101410,ENALAPRIL 10MG TAB CJAX140UND,FARM.GENERICOS,0.0,10.0,1.0,2026-04-15 10:57:05,7,4,Otoño
101410,ENALAPRIL 10MG TAB CJAX140UND,FARM.GENERICOS,0.0,30.0,3.0,2026-04-15 11:02:12,4,4,Otoño
101410,ENALAPRIL 10MG TAB CJAX140UND,FARM.GENERICOS,1.0,0.0,9.5,2026-04-15 12:34:25,3,4,Otoño
101410,ENALAPRIL 10MG TAB CJAX140UND,FARM.GENERICOS,0.0,10.0,1.0,2026-04-15 20:16:09,3,4,Otoño
101410,ENALAPRIL 10MG TAB CJAX140UND,FARM.GENERICOS,1.0,0.0,9.0,2026-04-15 22:05:43,2,4,Otoño
101410,ENALAPRIL 10MG TAB CJAX140UND,FARM.GENERICOS,0.0,20.0,2.0,2026-04-15 22:05:44,5,4,Otoño
101410,ENALAPRIL 10MG TAB CJAX140UND,FARM.GENERICOS,0.0,10.0,1.0,2026-04-16 13:19:09,9,4,Otoño
101410,ENALAPRIL 10MG TAB CJAX140UND,FARM.GENERICOS,0.0,20.0,2.0,2026-04-16 16:20:47,2,4,Otoño
101410,ENALAPRIL 10MG TAB CJAX140UND,FARM.GENERICOS,0.0,40.0,4.0,2026-04-16 20:53:13,12,4,Otoño
101410,ENALAPRIL 10MG TAB CJAX140UND,FARM.GENERICOS,0.0,40.0,4.0,2026-04-16 21:05:02,12,4,Otoño
101410,ENALAPRIL 10MG TAB CJAX140UND,FARM.GENERICOS,0.0,3.0,0.3,2026-04-17 17:53:52,17,4,Otoño
101410,ENALAPRIL 10MG TAB CJAX140UND,FARM.GENERICOS,0.0,10.0,1.0,2026-04-17 19:28:01,4,4,Otoño
101410,ENALAPRIL 10MG TAB CJAX140UND,FARM.GENERICOS,0.0,10.0,1.0,2026-04-17 20:50:32,2,4,Otoño
101410,ENALAPRIL 10MG TAB CJAX140UND,FARM.GENERICOS,0.0,10.0,1.0,2026-04-18 07:46:06,4,4,Otoño
101410,ENALAPRIL 10MG TAB CJAX140UND,FARM.GENERICOS,0.0,20.0,2.0,2026-04-18 08:14:52,13,4,Otoño
101410,ENALAPRIL 10MG TAB CJAX140UND,FARM.GENERICOS,1.0,0.0,9.5,2026-04-18 10:50:11,8,4,Otoño
101410,ENALAPRIL 10MG TAB CJAX140UND,FARM.GENERICOS,1.0,0.0,9.0,2026-04-18 15:40:00,16,4,Otoño
101410,ENALAPRIL 10MG TAB CJAX140UND,FARM.GENERICOS,0.0,20.0,2.0,2026-04-18 18:41:54,3,4,Otoño
101410,ENALAPRIL 10MG TAB CJAX140UND,FARM.GENERICOS,0.0,10.0,1.0,2026-04-18 18:42:17,3,4,Otoño
101410,ENALAPRIL 10MG TAB CJAX140UND,FARM.GENERICOS,0.0,20.0,2.0,2026-04-18 19:50:03,8,4,Otoño
101410,ENALAPRIL 10MG TAB CJAX140UND,FARM.GENERICOS,0.0,10.0,1.0,2026-04-18 21:11:42,7,4,Otoño
101410,ENALAPRIL 10MG TAB CJAX140UND,FARM.GENERICOS,0.0,10.0,1.0,2026-04-18 21:13:55,12,4,Otoño
101410,ENALAPRIL 10MG TAB CJAX140UND,FARM.GENERICOS,1.0,0.0,9.0,2026-04-18 22:00:02,13,4,Otoño
101410,ENALAPRIL 10MG TAB CJAX140UND,FARM.GENERICOS,1.0,0.0,9.0,2026-04-19 18:14:35,5,4,Otoño
101410,ENALAPRIL 10MG TAB CJAX140UND,FARM.GENERICOS,0.0,10.0,1.0,2026-04-19 21:39:51,3,4,Otoño
101410,ENALAPRIL 10MG TAB CJAX140UND,FARM.GENERICOS,0.0,10.0,1.0,2026-04-19 22:57:34,13,4,Otoño
101410,ENALAPRIL 10MG TAB CJAX140UND,FARM.GENERICOS,0.0,10.0,1.0,2026-04-20 15:56:53,7,4,Otoño
101410,ENALAPRIL 10MG TAB CJAX140UND,FARM.GENERICOS,0.0,10.0,1.0,2026-04-20 18:30:40,8,4,Otoño
101410,ENALAPRIL 10MG TAB CJAX140UND,FARM.GENERICOS,0.0,10.0,1.0,2026-04-20 19:02:19,10,4,Otoño
101410,ENALAPRIL 10MG TAB CJAX140UND,FARM.GENERICOS,0.0,50.0,5.0,2026-04-20 21:42:39,7,4,Otoño
101410,ENALAPRIL 10MG TAB CJAX140UND,FARM.GENERICOS,0.0,10.0,1.0,2026-04-21 09:09:07,11,4,Otoño
101410,ENALAPRIL 10MG TAB CJAX140UND,FARM.GENERICOS,0.0,10.0,1.0,2026-04-21 10:32:25,12,4,Otoño
101410,ENALAPRIL 10MG TAB CJAX140UND,FARM.GENERICOS,0.0,10.0,1.0,2026-04-21 17:40:27,6,4,Otoño
101410,ENALAPRIL 10MG TAB CJAX140UND,FARM.GENERICOS,0.0,10.0,1.0,2026-04-21 19:08:33,11,4,Otoño
101410,ENALAPRIL 10MG TAB CJAX140UND,FARM.GENERICOS,0.0,20.0,2.0,2026-04-21 20:04:47,9,4,Otoño
101410,ENALAPRIL 10MG TAB CJAX140UND,FARM.GENERICOS,0.0,10.0,1.0,2026-04-21 21:29:20,1,4,Otoño
101410,ENALAPRIL 10MG TAB CJAX140UND,FARM.GENERICOS,0.0,10.0,1.0,2026-04-22 09:34:44,18,4,Otoño
101410,ENALAPRIL 10MG TAB CJAX140UND,FARM.GENERICOS,0.0,10.0,1.0,2026-04-22 16:04:14,9,4,Otoño
101410,ENALAPRIL 10MG TAB CJAX140UND,FARM.GENERICOS,0.0,30.0,3.0,2026-04-22 18:22:55,9,4,Otoño
101410,ENALAPRIL 10MG TAB CJAX140UND,FARM.GENERICOS,0.0,20.0,2.0,2026-04-23 12:40:35,2,4,Otoño
101410,ENALAPRIL 10MG TAB CJAX140UND,FARM.GENERICOS,1.0,0.0,9.0,2026-04-23 13:27:21,14,4,Otoño
101410,ENALAPRIL 10MG TAB CJAX140UND,FARM.GENERICOS,0.0,10.0,1.0,2026-04-23 19:44:13,2,4,Otoño
101410,ENALAPRIL 10MG TAB CJAX140UND,FARM.GENERICOS,0.0,20.0,2.0,2026-04-24 19:18:17,12,4,Otoño
101410,ENALAPRIL 10MG TAB CJAX140UND,FARM.GENERICOS,0.0,10.0,1.0,2026-04-24 21:08:03,19,4,Otoño
101410,ENALAPRIL 10MG TAB CJAX140UND,FARM.GENERICOS,0.0,10.0,1.0,2026-04-24 21:09:20,14,4,Otoño
101410,ENALAPRIL 10MG TAB CJAX140UND,FARM.GENERICOS,0.0,10.0,1.0,2026-04-24 23:47:30,10,4,Otoño
101410,ENALAPRIL 10MG TAB CJAX140UND,FARM.GENERICOS,0.0,10.0,1.0,2026-04-25 16:21:21,5,4,Otoño
101410,ENALAPRIL 10MG TAB CJAX140UND,FARM.GENERICOS,0.0,10.0,1.0,2026-04-25 21:24:13,2,4,Otoño
101410,ENALAPRIL 10MG TAB CJAX140UND,FARM.GENERICOS,0.0,10.0,1.0,2026-04-25 22:41:08,5,4,Otoño
101410,ENALAPRIL 10MG TAB CJAX140UND,FARM.GENERICOS,0.0,10.0,1.0,2026-04-25 23:00:55,12,4,Otoño
101410,ENALAPRIL 10MG TAB CJAX140UND,FARM.GENERICOS,0.0,10.0,1.0,2026-04-26 09:22:23,9,4,Otoño
101410,ENALAPRIL 10MG TAB CJAX140UND,FARM.GENERICOS,0.0,10.0,1.0,2026-04-26 16:28:15,12,4,Otoño
101410,ENALAPRIL 10MG TAB CJAX140UND,FARM.GENERICOS,0.0,20.0,2.0,2026-04-26 19:21:29,13,4,Otoño
101410,ENALAPRIL 10MG TAB CJAX140UND,FARM.GENERICOS,0.0,10.0,1.0,2026-04-26 21:42:22,3,4,Otoño
101410,ENALAPRIL 10MG TAB CJAX140UND,FARM.GENERICOS,1.0,0.0,9.0,2026-04-27 13:56:56,11,4,Otoño
101410,ENALAPRIL 10MG TAB CJAX140UND,FARM.GENERICOS,0.0,20.0,2.0,2026-04-27 17:15:23,6,4,Otoño
101410,ENALAPRIL 10MG TAB CJAX140UND,FARM.GENERICOS,0.0,20.0,2.0,2026-04-27 17:37:07,5,4,Otoño
101410,ENALAPRIL 10MG TAB CJAX140UND,FARM.GENERICOS,0.0,3.0,0.3,2026-04-27 17:48:40,17,4,Otoño
101410,ENALAPRIL 10MG TAB CJAX140UND,FARM.GENERICOS,0.0,20.0,2.0,2026-04-27 20:04:55,11,4,Otoño
101410,ENALAPRIL 10MG TAB CJAX140UND,FARM.GENERICOS,0.0,-20.0,-2.0,2026-04-27 20:07:19,11,4,Otoño
101410,ENALAPRIL 10MG TAB CJAX140UND,FARM.GENERICOS,0.0,20.0,2.0,2026-04-27 20:12:34,11,4,Otoño
101410,ENALAPRIL 10MG TAB CJAX140UND,FARM.GENERICOS,0.0,10.0,1.0,2026-04-27 20:35:20,3,4,Otoño
101410,ENALAPRIL 10MG TAB CJAX140UND,FARM.GENERICOS,0.0,10.0,1.0,2026-04-27 21:29:35,7,4,Otoño
101410,ENALAPRIL 10MG TAB CJAX140UND,FARM.GENERICOS,0.0,10.0,1.0,2026-04-27 23:18:57,16,4,Otoño
101410,ENALAPRIL 10MG TAB CJAX140UND,FARM.GENERICOS,0.0,10.0,1.0,2026-04-28 12:10:04,9,4,Otoño
101410,ENALAPRIL 10MG TAB CJAX140UND,FARM.GENERICOS,0.0,30.0,3.0,2026-04-28 12:40:21,7,4,Otoño
101410,ENALAPRIL 10MG TAB CJAX140UND,FARM.GENERICOS,0.0,30.0,3.0,2026-04-28 17:42:47,4,4,Otoño
101410,ENALAPRIL 10MG TAB CJAX140UND,FARM.GENERICOS,0.0,20.0,2.0,2026-04-28 19:09:25,14,4,Otoño
101410,ENALAPRIL 10MG TAB CJAX140UND,FARM.GENERICOS,0.0,20.0,2.0,2026-04-29 08:29:16,6,4,Otoño
101410,ENALAPRIL 10MG TAB CJAX140UND,FARM.GENERICOS,1.0,0.0,9.0,2026-04-29 09:00:31,5,4,Otoño
101410,ENALAPRIL 10MG TAB CJAX140UND,FARM.GENERICOS,0.0,10.0,1.0,2026-04-29 20:15:21,19,4,Otoño
101410,ENALAPRIL 10MG TAB CJAX140UND,FARM.GENERICOS,0.0,10.0,1.0,2026-04-29 20:43:06,6,4,Otoño
101410,ENALAPRIL 10MG TAB CJAX140UND,FARM.GENERICOS,0.0,100.0,10.0,2026-04-29 21:05:18,17,4,Otoño
101410,ENALAPRIL 10MG TAB CJAX140UND,FARM.GENERICOS,1.0,0.0,9.0,2026-04-30 08:27:28,9,4,Otoño
101410,ENALAPRIL 10MG TAB CJAX140UND,FARM.GENERICOS,0.0,10.0,1.0,2026-04-30 12:21:57,16,4,Otoño
101410,ENALAPRIL 10MG TAB CJAX140UND,FARM.GENERICOS,0.0,10.0,1.0,2026-04-30 18:24:12,8,4,Otoño
101410,ENALAPRIL 10MG TAB CJAX140UND,FARM.GENERICOS,1.0,0.0,9.0,2026-04-30 18:47:36,5,4,Otoño
101410,ENALAPRIL 10MG TAB CJAX140UND,FARM.GENERICOS,0.0,10.0,1.0,2026-04-30 20:02:02,6,4,Otoño
101410,ENALAPRIL 10MG TAB CJAX140UND,FARM.GENERICOS,0.0,20.0,2.0,2026-04-30 20:25:24,3,4,Otoño
101410,ENALAPRIL 10MG TAB CJAX140UND,FARM.GENERICOS,1.0,0.0,9.0,2026-05-01 09:37:15,3,5,Otoño
101410,ENALAPRIL 10MG TAB CJAX140UND,FARM.GENERICOS,0.0,10.0,1.0,2026-05-01 10:57:54,6,5,Otoño
101410,ENALAPRIL 10MG TAB CJAX140UND,FARM.GENERICOS,0.0,10.0,1.0,2026-05-01 20:17:00,2,5,Otoño
101410,ENALAPRIL 10MG TAB CJAX140UND,FARM.GENERICOS,0.0,20.0,2.0,2026-05-01 20:59:51,2,5,Otoño
101410,ENALAPRIL 10MG TAB CJAX140UND,FARM.GENERICOS,0.0,20.0,2.0,2026-05-02 10:06:12,12,5,Otoño
101410,ENALAPRIL 10MG TAB CJAX140UND,FARM.GENERICOS,0.0,10.0,1.0,2026-05-02 20:09:21,16,5,Otoño
101410,ENALAPRIL 10MG TAB CJAX140UND,FARM.GENERICOS,0.0,20.0,2.0,2026-05-03 10:06:52,13,5,Otoño
101410,ENALAPRIL 10MG TAB CJAX140UND,FARM.GENERICOS,0.0,20.0,2.0,2026-05-03 12:43:51,1,5,Otoño
101410,ENALAPRIL 10MG TAB CJAX140UND,FARM.GENERICOS,0.0,30.0,3.0,2026-05-03 18:45:27,9,5,Otoño
101410,ENALAPRIL 10MG TAB CJAX140UND,FARM.GENERICOS,0.0,10.0,1.0,2026-05-03 20:09:47,17,5,Otoño
101410,ENALAPRIL 10MG TAB CJAX140UND,FARM.GENERICOS,0.0,20.0,2.0,2026-05-04 10:17:38,4,5,Otoño
101410,ENALAPRIL 10MG TAB CJAX140UND,FARM.GENERICOS,0.0,50.0,5.0,2026-05-04 10:21:51,4,5,Otoño
101410,ENALAPRIL 10MG TAB CJAX140UND,FARM.GENERICOS,0.0,90.0,9.0,2026-05-04 18:49:42,16,5,Otoño
101410,ENALAPRIL 10MG TAB CJAX140UND,FARM.GENERICOS,0.0,20.0,2.0,2026-05-04 19:56:35,9,5,Otoño
101410,ENALAPRIL 10MG TAB CJAX140UND,FARM.GENERICOS,0.0,30.0,3.0,2026-05-04 20:16:48,4,5,Otoño
101410,ENALAPRIL 10MG TAB CJAX140UND,FARM.GENERICOS,0.0,10.0,1.0,2026-05-04 21:11:31,5,5,Otoño
101410,ENALAPRIL 10MG TAB CJAX140UND,FARM.GENERICOS,0.0,10.0,1.0,2026-05-04 21:47:00,9,5,Otoño
101410,ENALAPRIL 10MG TAB CJAX140UND,FARM.GENERICOS,0.0,20.0,2.0,2026-05-05 07:54:48,18,5,Otoño
101410,ENALAPRIL 10MG TAB CJAX140UND,FARM.GENERICOS,0.0,20.0,2.0,2026-05-05 07:57:12,18,5,Otoño
101410,ENALAPRIL 10MG TAB CJAX140UND,FARM.GENERICOS,0.0,-20.0,-2.0,2026-05-05 07:58:19,18,5,Otoño
101410,ENALAPRIL 10MG TAB CJAX140UND,FARM.GENERICOS,0.0,10.0,1.0,2026-05-05 09:48:01,6,5,Otoño
101410,ENALAPRIL 10MG TAB CJAX140UND,FARM.GENERICOS,1.0,0.0,9.0,2026-05-05 12:49:11,3,5,Otoño
101410,ENALAPRIL 10MG TAB CJAX140UND,FARM.GENERICOS,0.0,10.0,1.0,2026-05-05 14:51:44,2,5,Otoño
101410,ENALAPRIL 10MG TAB CJAX140UND,FARM.GENERICOS,0.0,10.0,1.0,2026-05-05 15:57:22,11,5,Otoño
101410,ENALAPRIL 10MG TAB CJAX140UND,FARM.GENERICOS,0.0,10.0,1.0,2026-05-05 20:58:23,6,5,Otoño
101410,ENALAPRIL 10MG TAB CJAX140UND,FARM.GENERICOS,1.0,0.0,9.0,2026-05-06 13:03:58,10,5,Otoño
101410,ENALAPRIL 10MG TAB CJAX140UND,FARM.GENERICOS,0.0,20.0,2.0,2026-05-06 20:20:36,12,5,Otoño
101410,ENALAPRIL 10MG TAB CJAX140UND,FARM.GENERICOS,0.0,10.0,1.0,2026-05-06 20:58:53,6,5,Otoño
101410,ENALAPRIL 10MG TAB CJAX140UND,FARM.GENERICOS,0.0,10.0,1.0,2026-05-06 21:38:52,11,5,Otoño
101410,ENALAPRIL 10MG TAB CJAX140UND,FARM.GENERICOS,0.0,20.0,2.0,2026-05-07 08:19:34,6,5,Otoño
101410,ENALAPRIL 10MG TAB CJAX140UND,FARM.GENERICOS,0.0,10.0,1.0,2026-05-07 09:37:02,18,5,Otoño
101410,ENALAPRIL 10MG TAB CJAX140UND,FARM.GENERICOS,0.0,30.0,3.0,2026-05-07 11:00:01,4,5,Otoño
101410,ENALAPRIL 10MG TAB CJAX140UND,FARM.GENERICOS,0.0,10.0,1.0,2026-05-08 09:57:30,9,5,Otoño
101410,ENALAPRIL 10MG TAB CJAX140UND,FARM.GENERICOS,0.0,20.0,2.0,2026-05-08 11:46:27,16,5,Otoño
101410,ENALAPRIL 10MG TAB CJAX140UND,FARM.GENERICOS,0.0,20.0,2.0,2026-05-08 16:35:57,7,5,Otoño
101410,ENALAPRIL 10MG TAB CJAX140UND,FARM.GENERICOS,0.0,10.0,1.0,2026-05-08 21:45:03,2,5,Otoño
101410,ENALAPRIL 10MG TAB CJAX140UND,FARM.GENERICOS,0.0,20.0,2.0,2026-05-08 22:37:39,13,5,Otoño
101410,ENALAPRIL 10MG TAB CJAX140UND,FARM.GENERICOS,0.0,30.0,3.0,2026-05-09 12:49:40,1,5,Otoño
101410,ENALAPRIL 10MG TAB CJAX140UND,FARM.GENERICOS,0.0,20.0,2.0,2026-05-09 18:54:56,3,5,Otoño
101410,ENALAPRIL 10MG TAB CJAX140UND,FARM.GENERICOS,0.0,10.0,1.0,2026-05-10 10:10:33,8,5,Otoño
101410,ENALAPRIL 10MG TAB CJAX140UND,FARM.GENERICOS,0.0,10.0,1.0,2026-05-10 10:55:11,6,5,Otoño
101410,ENALAPRIL 10MG TAB CJAX140UND,FARM.GENERICOS,0.0,10.0,1.0,2026-05-10 13:31:43,10,5,Otoño
101410,ENALAPRIL 10MG TAB CJAX140UND,FARM.GENERICOS,0.0,10.0,1.0,2026-05-11 16:36:14,9,5,Otoño
101410,ENALAPRIL 10MG TAB CJAX140UND,FARM.GENERICOS,0.0,10.0,1.0,2026-05-11 18:08:56,17,5,Otoño
101410,ENALAPRIL 10MG TAB CJAX140UND,FARM.GENERICOS,0.0,2.0,0.2,2026-05-11 18:45:56,17,5,Otoño
101410,ENALAPRIL 10MG TAB CJAX140UND,FARM.GENERICOS,0.0,30.0,3.0,2026-05-11 18:58:13,14,5,Otoño
101410,ENALAPRIL 10MG TAB CJAX140UND,FARM.GENERICOS,0.0,10.0,1.0,2026-05-11 19:47:28,11,5,Otoño
101410,ENALAPRIL 10MG TAB CJAX140UND,FARM.GENERICOS,1.0,0.0,9.0,2026-05-12 11:23:17,6,5,Otoño
101410,ENALAPRIL 10MG TAB CJAX140UND,FARM.GENERICOS,0.0,10.0,1.0,2026-05-12 12:03:54,2,5,Otoño
101410,ENALAPRIL 10MG TAB CJAX140UND,FARM.GENERICOS,0.0,2.0,0.2,2026-05-12 16:39:39,17,5,Otoño
101410,ENALAPRIL 10MG TAB CJAX140UND,FARM.GENERICOS,0.0,20.0,2.0,2026-05-12 20:33:02,8,5,Otoño
101410,ENALAPRIL 10MG TAB CJAX140UND,FARM.GENERICOS,0.0,10.0,1.0,2026-05-13 14:57:06,6,5,Otoño
101410,ENALAPRIL 10MG TAB CJAX140UND,FARM.GENERICOS,0.0,40.0,4.0,2026-05-13 19:25:41,9,5,Otoño
101410,ENALAPRIL 10MG TAB CJAX140UND,FARM.GENERICOS,0.0,20.0,2.0,2026-05-13 20:10:48,9,5,Otoño
101410,ENALAPRIL 10MG TAB CJAX140UND,FARM.GENERICOS,0.0,50.0,5.0,2026-05-13 21:05:01,16,5,Otoño
101410,ENALAPRIL 10MG TAB CJAX140UND,FARM.GENERICOS,0.0,10.0,1.0,2026-05-14 09:03:41,9,5,Otoño
101410,ENALAPRIL 10MG TAB CJAX140UND,FARM.GENERICOS,0.0,10.0,1.0,2026-05-14 11:54:08,9,5,Otoño
101410,ENALAPRIL 10MG TAB CJAX140UND,FARM.GENERICOS,0.0,50.0,5.0,2026-05-14 17:43:39,8,5,Otoño
101410,ENALAPRIL 10MG TAB CJAX140UND,FARM.GENERICOS,0.0,10.0,1.0,2026-05-14 18:42:46,11,5,Otoño
101410,ENALAPRIL 10MG TAB CJAX140UND,FARM.GENERICOS,0.0,10.0,1.0,2026-05-15 09:23:08,13,5,Otoño
101410,ENALAPRIL 10MG TAB CJAX140UND,FARM.GENERICOS,0.0,10.0,1.0,2026-05-15 10:30:41,3,5,Otoño
101410,ENALAPRIL 10MG TAB CJAX140UND,FARM.GENERICOS,0.0,10.0,1.0,2026-05-15 18:04:06,6,5,Otoño
101410,ENALAPRIL 10MG TAB CJAX140UND,FARM.GENERICOS,1.0,0.0,9.0,2026-05-15 20:12:36,3,5,Otoño
101410,ENALAPRIL 10MG TAB CJAX140UND,FARM.GENERICOS,1.0,0.0,9.0,2026-05-15 21:01:55,1,5,Otoño
101410,ENALAPRIL 10MG TAB CJAX140UND,FARM.GENERICOS,0.0,10.0,1.0,2026-05-16 08:21:14,18,5,Otoño
101410,ENALAPRIL 10MG TAB CJAX140UND,FARM.GENERICOS,0.0,10.0,1.0,2026-05-16 09:30:45,6,5,Otoño
101410,ENALAPRIL 10MG TAB CJAX140UND,FARM.GENERICOS,1.0,0.0,9.0,2026-05-16 11:35:55,10,5,Otoño
101410,ENALAPRIL 10MG TAB CJAX140UND,FARM.GENERICOS,0.0,10.0,1.0,2026-05-16 12:15:22,6,5,Otoño
101410,ENALAPRIL 10MG TAB CJAX140UND,FARM.GENERICOS,1.0,0.0,9.0,2026-05-16 12:47:14,12,5,Otoño
101410,ENALAPRIL 10MG TAB CJAX140UND,FARM.GENERICOS,0.0,20.0,2.0,2026-05-16 13:47:54,6,5,Otoño
101410,ENALAPRIL 10MG TAB CJAX140UND,FARM.GENERICOS,0.0,30.0,3.0,2026-05-16 17:50:31,2,5,Otoño
101410,ENALAPRIL 10MG TAB CJAX140UND,FARM.GENERICOS,0.0,1.0,0.1,2026-05-16 18:09:45,17,5,Otoño
101410,ENALAPRIL 10MG TAB CJAX140UND,FARM.GENERICOS,0.0,20.0,2.0,2026-05-16 18:55:18,17,5,Otoño
101410,ENALAPRIL 10MG TAB CJAX140UND,FARM.GENERICOS,0.0,10.0,1.0,2026-05-17 13:11:42,6,5,Otoño
101410,ENALAPRIL 10MG TAB CJAX140UND,FARM.GENERICOS,0.0,80.0,8.0,2026-05-17 13:49:14,10,5,Otoño
101410,ENALAPRIL 10MG TAB CJAX140UND,FARM.GENERICOS,0.0,5.0,0.5,2026-05-17 18:39:57,17,5,Otoño
101410,ENALAPRIL 10MG TAB CJAX140UND,FARM.GENERICOS,0.0,30.0,3.0,2026-05-17 20:07:21,17,5,Otoño
101410,ENALAPRIL 10MG TAB CJAX140UND,FARM.GENERICOS,0.0,30.0,3.0,2026-05-18 10:07:00,6,5,Otoño
101410,ENALAPRIL 10MG TAB CJAX140UND,FARM.GENERICOS,0.0,10.0,1.0,2026-05-18 18:21:23,11,5,Otoño
101410,ENALAPRIL 10MG TAB CJAX140UND,FARM.GENERICOS,0.0,10.0,1.0,2026-05-18 20:52:27,13,5,Otoño
101410,ENALAPRIL 10MG TAB CJAX140UND,FARM.GENERICOS,0.0,10.0,1.0,2026-05-19 11:02:36,13,5,Otoño
101410,ENALAPRIL 10MG TAB CJAX140UND,FARM.GENERICOS,0.0,30.0,3.0,2026-05-19 15:43:47,11,5,Otoño
101410,ENALAPRIL 10MG TAB CJAX140UND,FARM.GENERICOS,0.0,20.0,2.0,2026-05-19 18:18:18,1,5,Otoño
101410,ENALAPRIL 10MG TAB CJAX140UND,FARM.GENERICOS,0.0,10.0,1.0,2026-05-19 22:11:08,9,5,Otoño
101410,ENALAPRIL 10MG TAB CJAX140UND,FARM.GENERICOS,0.0,140.0,14.0,2026-05-20 09:23:54,5,5,Otoño
101410,ENALAPRIL 10MG TAB CJAX140UND,FARM.GENERICOS,1.0,0.0,9.0,2026-05-20 10:39:00,10,5,Otoño
101410,ENALAPRIL 10MG TAB CJAX140UND,FARM.GENERICOS,0.0,30.0,3.0,2026-05-20 16:30:50,12,5,Otoño
101410,ENALAPRIL 10MG TAB CJAX140UND,FARM.GENERICOS,0.0,10.0,1.0,2026-05-20 18:00:25,6,5,Otoño
101410,ENALAPRIL 10MG TAB CJAX140UND,FARM.GENERICOS,0.0,10.0,1.0,2026-05-20 19:43:41,16,5,Otoño
101410,ENALAPRIL 10MG TAB CJAX140UND,FARM.GENERICOS,0.0,2.0,0.2,2026-05-20 20:22:03,17,5,Otoño
101410,ENALAPRIL 10MG TAB CJAX140UND,FARM.GENERICOS,0.0,10.0,1.0,2026-05-21 10:30:09,5,5,Otoño
101410,ENALAPRIL 10MG TAB CJAX140UND,FARM.GENERICOS,0.0,20.0,2.0,2026-05-21 18:03:11,19,5,Otoño
101410,ENALAPRIL 10MG TAB CJAX140UND,FARM.GENERICOS,0.0,1.0,0.1,2026-05-21 18:39:49,17,5,Otoño
101410,ENALAPRIL 10MG TAB CJAX140UND,FARM.GENERICOS,0.0,20.0,2.0,2026-05-21 19:15:02,13,5,Otoño
101410,ENALAPRIL 10MG TAB CJAX140UND,FARM.GENERICOS,0.0,10.0,1.0,2026-05-21 19:44:53,5,5,Otoño
101410,ENALAPRIL 10MG TAB CJAX140UND,FARM.GENERICOS,0.0,10.0,1.0,2026-05-22 10:12:05,16,5,Otoño
101410,ENALAPRIL 10MG TAB CJAX140UND,FARM.GENERICOS,0.0,10.0,1.0,2026-05-22 17:48:00,6,5,Otoño
101410,ENALAPRIL 10MG TAB CJAX140UND,FARM.GENERICOS,0.0,10.0,1.0,2026-05-22 18:22:34,12,5,Otoño
101410,ENALAPRIL 10MG TAB CJAX140UND,FARM.GENERICOS,0.0,10.0,1.0,2026-05-22 18:35:54,7,5,Otoño
101410,ENALAPRIL 10MG TAB CJAX140UND,FARM.GENERICOS,1.0,0.0,9.0,2026-05-22 19:00:42,5,5,Otoño
101410,ENALAPRIL 10MG TAB CJAX140UND,FARM.GENERICOS,0.0,10.0,1.0,2026-05-22 19:12:08,7,5,Otoño
101410,ENALAPRIL 10MG TAB CJAX140UND,FARM.GENERICOS,1.0,0.0,9.0,2026-05-22 21:35:50,6,5,Otoño
101410,ENALAPRIL 10MG TAB CJAX140UND,FARM.GENERICOS,0.0,20.0,2.0,2026-05-23 10:06:44,2,5,Otoño
101410,ENALAPRIL 10MG TAB CJAX140UND,FARM.GENERICOS,1.0,0.0,9.0,2026-05-23 16:53:16,13,5,Otoño
101410,ENALAPRIL 10MG TAB CJAX140UND,FARM.GENERICOS,0.0,2.0,0.2,2026-05-23 18:39:52,17,5,Otoño
101410,ENALAPRIL 10MG TAB CJAX140UND,FARM.GENERICOS,0.0,30.0,3.0,2026-05-23 19:44:10,4,5,Otoño
101410,ENALAPRIL 10MG TAB CJAX140UND,FARM.GENERICOS,0.0,10.0,1.0,2026-05-24 18:47:08,7,5,Otoño
101410,ENALAPRIL 10MG TAB CJAX140UND,FARM.GENERICOS,1.0,0.0,9.0,2026-05-24 19:00:15,16,5,Otoño
101410,ENALAPRIL 10MG TAB CJAX140UND,FARM.GENERICOS,0.0,10.0,1.0,2026-05-24 20:33:41,12,5,Otoño
101410,ENALAPRIL 10MG TAB CJAX140UND,FARM.GENERICOS,0.0,10.0,1.0,2026-05-24 20:59:18,16,5,Otoño
101410,ENALAPRIL 10MG TAB CJAX140UND,FARM.GENERICOS,0.0,10.0,1.0,2026-05-25 08:54:47,5,5,Otoño
101410,ENALAPRIL 10MG TAB CJAX140UND,FARM.GENERICOS,0.0,10.0,1.0,2026-05-25 15:54:20,6,5,Otoño
101410,ENALAPRIL 10MG TAB CJAX140UND,FARM.GENERICOS,0.0,10.0,1.0,2026-05-25 16:01:28,2,5,Otoño
101410,ENALAPRIL 10MG TAB CJAX140UND,FARM.GENERICOS,0.0,20.0,2.0,2026-05-25 17:22:47,10,5,Otoño
101410,ENALAPRIL 10MG TAB CJAX140UND,FARM.GENERICOS,0.0,10.0,1.0,2026-05-25 19:50:36,7,5,Otoño
101410,ENALAPRIL 10MG TAB CJAX140UND,FARM.GENERICOS,1.0,0.0,9.0,2026-05-25 20:05:46,2,5,Otoño
101410,ENALAPRIL 10MG TAB CJAX140UND,FARM.GENERICOS,0.0,10.0,1.0,2026-05-25 20:24:48,19,5,Otoño
101410,ENALAPRIL 10MG TAB CJAX140UND,FARM.GENERICOS,2.0,0.0,18.0,2026-05-26 13:56:49,1,5,Otoño
101410,ENALAPRIL 10MG TAB CJAX140UND,FARM.GENERICOS,1.0,0.0,9.0,2026-05-26 15:19:27,6,5,Otoño
101410,ENALAPRIL 10MG TAB CJAX140UND,FARM.GENERICOS,1.0,0.0,9.0,2026-05-26 17:28:24,5,5,Otoño
101410,ENALAPRIL 10MG TAB CJAX140UND,FARM.GENERICOS,1.0,0.0,9.0,2026-05-26 18:44:21,11,5,Otoño
101410,ENALAPRIL 10MG TAB CJAX140UND,FARM.GENERICOS,1.0,0.0,9.0,2026-05-26 20:59:09,15,5,Otoño
101410,ENALAPRIL 10MG TAB CJAX140UND,FARM.GENERICOS,0.0,10.0,1.0,2026-05-26 21:04:15,7,5,Otoño
101410,ENALAPRIL 10MG TAB CJAX140UND,FARM.GENERICOS,0.0,10.0,1.0,2026-05-27 08:02:50,4,5,Otoño
101410,ENALAPRIL 10MG TAB CJAX140UND,FARM.GENERICOS,0.0,20.0,2.0,2026-05-27 09:03:43,6,5,Otoño
101410,ENALAPRIL 10MG TAB CJAX140UND,FARM.GENERICOS,0.0,20.0,2.0,2026-05-27 09:57:51,5,5,Otoño
101410,ENALAPRIL 10MG TAB CJAX140UND,FARM.GENERICOS,0.0,-20.0,-2.0,2026-05-27 10:06:53,6,5,Otoño
101410,ENALAPRIL 10MG TAB CJAX140UND,FARM.GENERICOS,0.0,20.0,2.0,2026-05-27 10:10:18,6,5,Otoño
101410,ENALAPRIL 10MG TAB CJAX140UND,FARM.GENERICOS,0.0,140.0,14.0,2026-05-27 11:21:55,18,5,Otoño
101410,ENALAPRIL 10MG TAB CJAX140UND,FARM.GENERICOS,0.0,10.0,1.0,2026-05-27 16:41:13,10,5,Otoño
101410,ENALAPRIL 10MG TAB CJAX140UND,FARM.GENERICOS,1.0,0.0,9.0,2026-05-27 17:43:29,1,5,Otoño
101410,ENALAPRIL 10MG TAB CJAX140UND,FARM.GENERICOS,0.0,30.0,3.0,2026-05-27 19:08:57,3,5,Otoño
101410,ENALAPRIL 10MG TAB CJAX140UND,FARM.GENERICOS,1.0,0.0,9.0,2026-05-27 20:20:07,11,5,Otoño
101410,ENALAPRIL 10MG TAB CJAX140UND,FARM.GENERICOS,1.0,0.0,9.0,2026-05-27 22:28:08,13,5,Otoño
101410,ENALAPRIL 10MG TAB CJAX140UND,FARM.GENERICOS,0.0,20.0,2.0,2026-05-27 22:43:46,14,5,Otoño
101410,ENALAPRIL 10MG TAB CJAX140UND,FARM.GENERICOS,0.0,20.0,2.0,2026-05-27 22:56:55,12,5,Otoño
101410,ENALAPRIL 10MG TAB CJAX140UND,FARM.GENERICOS,1.0,0.0,9.0,2026-05-28 07:27:22,6,5,Otoño
101410,ENALAPRIL 10MG TAB CJAX140UND,FARM.GENERICOS,0.0,10.0,1.0,2026-05-28 10:06:58,9,5,Otoño
101410,ENALAPRIL 10MG TAB CJAX140UND,FARM.GENERICOS,0.0,10.0,1.0,2026-05-29 08:28:57,19,5,Otoño
101410,ENALAPRIL 10MG TAB CJAX140UND,FARM.GENERICOS,0.0,30.0,3.0,2026-05-29 12:26:44,7,5,Otoño
101410,ENALAPRIL 10MG TAB CJAX140UND,FARM.GENERICOS,0.0,10.0,1.0,2026-05-29 15:11:57,5,5,Otoño
101410,ENALAPRIL 10MG TAB CJAX140UND,FARM.GENERICOS,0.0,3.0,0.3,2026-05-29 17:48:05,17,5,Otoño
101410,ENALAPRIL 10MG TAB CJAX140UND,FARM.GENERICOS,0.0,20.0,2.0,2026-05-29 23:09:08,16,5,Otoño
101410,ENALAPRIL 10MG TAB CJAX140UND,FARM.GENERICOS,0.0,20.0,2.0,2026-05-30 13:18:10,3,5,Otoño
101410,ENALAPRIL 10MG TAB CJAX140UND,FARM.GENERICOS,0.0,20.0,2.0,2026-05-30 15:37:29,5,5,Otoño
101410,ENALAPRIL 10MG TAB CJAX140UND,FARM.GENERICOS,0.0,20.0,2.0,2026-05-30 22:53:04,17,5,Otoño
101410,ENALAPRIL 10MG TAB CJAX140UND,FARM.GENERICOS,0.0,10.0,1.0,2026-05-31 08:29:07,11,5,Otoño
101410,ENALAPRIL 10MG TAB CJAX140UND,FARM.GENERICOS,1.0,0.0,9.0,2026-05-31 09:23:18,6,5,Otoño
101410,ENALAPRIL 10MG TAB CJAX140UND,FARM.GENERICOS,0.0,20.0,2.0,2026-05-31 10:41:40,17,5,Otoño
101410,ENALAPRIL 10MG TAB CJAX140UND,FARM.GENERICOS,0.0,100.0,10.0,2026-05-31 16:02:26,3,5,Otoño
101410,ENALAPRIL 10MG TAB CJAX140UND,FARM.GENERICOS,0.0,20.0,2.0,2026-05-31 17:29:57,18,5,Otoño
101410,ENALAPRIL 10MG TAB CJAX140UND,FARM.GENERICOS,0.0,10.0,1.0,2026-05-31 18:59:29,18,5,Otoño
101410,ENALAPRIL 10MG TAB CJAX140UND,FARM.GENERICOS,0.0,60.0,6.0,2026-05-31 22:04:44,12,5,Otoño
101410,ENALAPRIL 10MG TAB CJAX140UND,FARM.GENERICOS,0.0,10.0,1.0,2026-06-01 08:37:08,6,6,Invierno
101410,ENALAPRIL 10MG TAB CJAX140UND,FARM.GENERICOS,0.0,10.0,1.0,2026-06-01 09:53:20,3,6,Invierno
101410,ENALAPRIL 10MG TAB CJAX140UND,FARM.GENERICOS,1.0,0.0,9.0,2026-06-01 14:02:18,9,6,Invierno
101410,ENALAPRIL 10MG TAB CJAX140UND,FARM.GENERICOS,0.0,20.0,2.0,2026-06-01 20:33:28,2,6,Invierno
101410,ENALAPRIL 10MG TAB CJAX140UND,FARM.GENERICOS,0.0,10.0,1.0,2026-06-02 00:23:48,15,6,Invierno
101410,ENALAPRIL 10MG TAB CJAX140UND,FARM.GENERICOS,0.0,10.0,1.0,2026-06-02 07:26:22,11,6,Invierno
101410,ENALAPRIL 10MG TAB CJAX140UND,FARM.GENERICOS,0.0,10.0,1.0,2026-06-02 14:26:14,14,6,Invierno
101410,ENALAPRIL 10MG TAB CJAX140UND,FARM.GENERICOS,0.0,10.0,1.0,2026-06-02 15:28:48,8,6,Invierno
101410,ENALAPRIL 10MG TAB CJAX140UND,FARM.GENERICOS,0.0,30.0,3.0,2026-06-02 19:27:46,3,6,Invierno
101410,ENALAPRIL 10MG TAB CJAX140UND,FARM.GENERICOS,1.0,0.0,9.0,2026-06-02 21:36:49,16,6,Invierno
101410,ENALAPRIL 10MG TAB CJAX140UND,FARM.GENERICOS,0.0,10.0,1.0,2026-06-02 22:13:46,9,6,Invierno
101410,ENALAPRIL 10MG TAB CJAX140UND,FARM.GENERICOS,0.0,10.0,1.0,2026-06-03 13:25:47,5,6,Invierno
101410,ENALAPRIL 10MG TAB CJAX140UND,FARM.GENERICOS,0.0,60.0,6.0,2026-06-03 19:27:14,12,6,Invierno
101410,ENALAPRIL 10MG TAB CJAX140UND,FARM.GENERICOS,0.0,30.0,3.0,2026-06-04 10:38:29,6,6,Invierno
101410,ENALAPRIL 10MG TAB CJAX140UND,FARM.GENERICOS,0.0,20.0,2.0,2026-06-04 12:00:07,6,6,Invierno
101410,ENALAPRIL 10MG TAB CJAX140UND,FARM.GENERICOS,0.0,30.0,3.0,2026-06-04 12:16:24,5,6,Invierno
101410,ENALAPRIL 10MG TAB CJAX140UND,FARM.GENERICOS,0.0,20.0,2.0,2026-06-04 13:33:57,14,6,Invierno
101410,ENALAPRIL 10MG TAB CJAX140UND,FARM.GENERICOS,0.0,30.0,3.0,2026-06-04 18:55:47,2,6,Invierno
101410,ENALAPRIL 10MG TAB CJAX140UND,FARM.GENERICOS,0.0,10.0,1.0,2026-06-04 19:00:32,1,6,Invierno
101410,ENALAPRIL 10MG TAB CJAX140UND,FARM.GENERICOS,1.0,0.0,9.0,2026-06-04 20:00:11,5,6,Invierno
101410,ENALAPRIL 10MG TAB CJAX140UND,FARM.GENERICOS,0.0,20.0,2.0,2026-06-05 10:36:45,9,6,Invierno
101410,ENALAPRIL 10MG TAB CJAX140UND,FARM.GENERICOS,0.0,10.0,1.0,2026-06-05 14:12:01,11,6,Invierno
101410,ENALAPRIL 10MG TAB CJAX140UND,FARM.GENERICOS,0.0,20.0,2.0,2026-06-05 14:31:23,15,6,Invierno
101410,ENALAPRIL 10MG TAB CJAX140UND,FARM.GENERICOS,0.0,20.0,2.0,2026-06-05 18:26:33,8,6,Invierno
101410,ENALAPRIL 10MG TAB CJAX140UND,FARM.GENERICOS,0.0,50.0,5.0,2026-06-05 20:05:49,15,6,Invierno
101410,ENALAPRIL 10MG TAB CJAX140UND,FARM.GENERICOS,1.0,0.0,9.0,2026-06-06 11:36:58,3,6,Invierno
101410,ENALAPRIL 10MG TAB CJAX140UND,FARM.GENERICOS,0.0,30.0,3.0,2026-06-06 12:54:10,18,6,Invierno
101410,ENALAPRIL 10MG TAB CJAX140UND,FARM.GENERICOS,0.0,50.0,5.0,2026-06-06 13:10:22,13,6,Invierno
101410,ENALAPRIL 10MG TAB CJAX140UND,FARM.GENERICOS,0.0,30.0,3.0,2026-06-06 18:30:11,2,6,Invierno
101410,ENALAPRIL 10MG TAB CJAX140UND,FARM.GENERICOS,0.0,20.0,2.0,2026-06-06 19:29:44,3,6,Invierno
101410,ENALAPRIL 10MG TAB CJAX140UND,FARM.GENERICOS,0.0,10.0,1.0,2026-06-06 19:35:44,3,6,Invierno
101410,ENALAPRIL 10MG TAB CJAX140UND,FARM.GENERICOS,0.0,10.0,1.0,2026-06-06 20:02:38,13,6,Invierno
101410,ENALAPRIL 10MG TAB CJAX140UND,FARM.GENERICOS,1.0,0.0,9.0,2026-06-06 20:19:45,1,6,Invierno
101410,ENALAPRIL 10MG TAB CJAX140UND,FARM.GENERICOS,0.0,40.0,4.0,2026-06-07 11:05:12,5,6,Invierno
101410,ENALAPRIL 10MG TAB CJAX140UND,FARM.GENERICOS,0.0,40.0,4.0,2026-06-07 11:12:33,5,6,Invierno
101410,ENALAPRIL 10MG TAB CJAX140UND,FARM.GENERICOS,0.0,-40.0,-4.0,2026-06-07 11:40:41,5,6,Invierno
101410,ENALAPRIL 10MG TAB CJAX140UND,FARM.GENERICOS,0.0,10.0,1.0,2026-06-07 12:39:36,6,6,Invierno
101410,ENALAPRIL 10MG TAB CJAX140UND,FARM.GENERICOS,0.0,10.0,1.0,2026-06-07 13:51:32,16,6,Invierno
101410,ENALAPRIL 10MG TAB CJAX140UND,FARM.GENERICOS,0.0,20.0,2.0,2026-06-07 20:28:38,1,6,Invierno
101410,ENALAPRIL 10MG TAB CJAX140UND,FARM.GENERICOS,0.0,10.0,1.0,2026-06-07 22:00:16,6,6,Invierno
101410,ENALAPRIL 10MG TAB CJAX140UND,FARM.GENERICOS,0.0,20.0,2.0,2026-06-08 11:06:59,2,6,Invierno
101410,ENALAPRIL 10MG TAB CJAX140UND,FARM.GENERICOS,0.0,20.0,2.0,2026-06-09 08:37:54,6,6,Invierno
101410,ENALAPRIL 10MG TAB CJAX140UND,FARM.GENERICOS,0.0,7.0,0.7,2026-06-09 18:18:25,17,6,Invierno
101410,ENALAPRIL 10MG TAB CJAX140UND,FARM.GENERICOS,0.0,10.0,1.0,2026-06-09 18:33:45,10,6,Invierno
101410,ENALAPRIL 10MG TAB CJAX140UND,FARM.GENERICOS,0.0,10.0,1.0,2026-06-09 18:43:31,15,6,Invierno
101410,ENALAPRIL 10MG TAB CJAX140UND,FARM.GENERICOS,0.0,20.0,2.0,2026-06-09 18:44:50,6,6,Invierno
101410,ENALAPRIL 10MG TAB CJAX140UND,FARM.GENERICOS,1.0,0.0,9.0,2026-06-09 19:01:49,10,6,Invierno
101410,ENALAPRIL 10MG TAB CJAX140UND,FARM.GENERICOS,0.0,60.0,6.0,2026-06-09 19:45:50,1,6,Invierno
101410,ENALAPRIL 10MG TAB CJAX140UND,FARM.GENERICOS,-1.0,0.0,-9.0,2026-06-09 19:53:02,10,6,Invierno
101410,ENALAPRIL 10MG TAB CJAX140UND,FARM.GENERICOS,1.0,0.0,9.0,2026-06-09 19:54:08,10,6,Invierno
101410,ENALAPRIL 10MG TAB CJAX140UND,FARM.GENERICOS,0.0,20.0,2.0,2026-06-10 15:58:03,18,6,Invierno
101410,ENALAPRIL 10MG TAB CJAX140UND,FARM.GENERICOS,1.0,0.0,9.0,2026-06-10 17:58:50,3,6,Invierno
101410,ENALAPRIL 10MG TAB CJAX140UND,FARM.GENERICOS,0.0,10.0,1.0,2026-06-10 17:59:57,18,6,Invierno
101410,ENALAPRIL 10MG TAB CJAX140UND,FARM.GENERICOS,0.0,3.0,0.3,2026-06-10 18:51:59,17,6,Invierno
101410,ENALAPRIL 10MG TAB CJAX140UND,FARM.GENERICOS,0.0,30.0,3.0,2026-06-11 10:09:36,7,6,Invierno
101410,ENALAPRIL 10MG TAB CJAX140UND,FARM.GENERICOS,0.0,10.0,1.0,2026-06-11 10:16:28,6,6,Invierno
101410,ENALAPRIL 10MG TAB CJAX140UND,FARM.GENERICOS,0.0,30.0,3.0,2026-06-11 11:35:55,7,6,Invierno
101410,ENALAPRIL 10MG TAB CJAX140UND,FARM.GENERICOS,0.0,10.0,1.0,2026-06-11 11:56:48,14,6,Invierno
101410,ENALAPRIL 10MG TAB CJAX140UND,FARM.GENERICOS,0.0,10.0,1.0,2026-06-11 18:47:12,3,6,Invierno
101410,ENALAPRIL 10MG TAB CJAX140UND,FARM.GENERICOS,0.0,10.0,1.0,2026-06-11 18:47:58,3,6,Invierno
101410,ENALAPRIL 10MG TAB CJAX140UND,FARM.GENERICOS,0.0,10.0,1.0,2026-06-11 20:57:56,5,6,Invierno
101410,ENALAPRIL 10MG TAB CJAX140UND,FARM.GENERICOS,0.0,20.0,2.0,2026-06-11 21:44:47,5,6,Invierno
101410,ENALAPRIL 10MG TAB CJAX140UND,FARM.GENERICOS,1.0,0.0,9.0,2026-06-11 22:29:46,4,6,Invierno
101410,ENALAPRIL 10MG TAB CJAX140UND,FARM.GENERICOS,0.0,10.0,1.0,2026-06-12 09:42:15,7,6,Invierno
101410,ENALAPRIL 10MG TAB CJAX140UND,FARM.GENERICOS,0.0,10.0,1.0,2026-06-12 13:51:25,6,6,Invierno
101410,ENALAPRIL 10MG TAB CJAX140UND,FARM.GENERICOS,0.0,40.0,4.0,2026-06-12 21:51:01,17,6,Invierno
101410,ENALAPRIL 10MG TAB CJAX140UND,FARM.GENERICOS,0.0,10.0,1.0,2026-06-12 21:51:17,9,6,Invierno
101410,ENALAPRIL 10MG TAB CJAX140UND,FARM.GENERICOS,0.0,80.0,8.0,2026-06-13 09:48:34,2,6,Invierno
101410,ENALAPRIL 10MG TAB CJAX140UND,FARM.GENERICOS,1.0,0.0,9.0,2026-06-13 11:37:17,2,6,Invierno
101410,ENALAPRIL 10MG TAB CJAX140UND,FARM.GENERICOS,1.0,0.0,9.0,2026-06-13 14:12:11,1,6,Invierno
101410,ENALAPRIL 10MG TAB CJAX140UND,FARM.GENERICOS,0.0,20.0,2.0,2026-06-13 14:24:20,16,6,Invierno
101410,ENALAPRIL 10MG TAB CJAX140UND,FARM.GENERICOS,0.0,20.0,2.0,2026-06-13 16:09:18,16,6,Invierno
101410,ENALAPRIL 10MG TAB CJAX140UND,FARM.GENERICOS,1.0,0.0,9.0,2026-06-13 20:41:44,3,6,Invierno
101410,ENALAPRIL 10MG TAB CJAX140UND,FARM.GENERICOS,0.0,10.0,1.0,2026-06-14 09:05:48,1,6,Invierno
101410,ENALAPRIL 10MG TAB CJAX140UND,FARM.GENERICOS,0.0,10.0,1.0,2026-06-14 09:16:19,18,6,Invierno
101410,ENALAPRIL 10MG TAB CJAX140UND,FARM.GENERICOS,0.0,3.0,0.3,2026-06-14 18:31:32,17,6,Invierno
101410,ENALAPRIL 10MG TAB CJAX140UND,FARM.GENERICOS,0.0,10.0,1.0,2026-06-15 07:26:09,19,6,Invierno
101410,ENALAPRIL 10MG TAB CJAX140UND,FARM.GENERICOS,0.0,10.0,1.0,2026-06-15 19:35:49,11,6,Invierno
101410,ENALAPRIL 10MG TAB CJAX140UND,FARM.GENERICOS,0.0,10.0,1.0,2026-06-15 20:12:21,6,6,Invierno
101410,ENALAPRIL 10MG TAB CJAX140UND,FARM.GENERICOS,0.0,10.0,1.0,2026-06-16 15:24:36,19,6,Invierno
101410,ENALAPRIL 10MG TAB CJAX140UND,FARM.GENERICOS,0.0,30.0,3.0,2026-06-16 17:16:34,1,6,Invierno
101410,ENALAPRIL 10MG TAB CJAX140UND,FARM.GENERICOS,0.0,10.0,1.0,2026-06-17 18:06:19,6,6,Invierno
101410,ENALAPRIL 10MG TAB CJAX140UND,FARM.GENERICOS,0.0,10.0,1.0,2026-06-18 07:28:23,11,6,Invierno
101410,ENALAPRIL 10MG TAB CJAX140UND,FARM.GENERICOS,0.0,20.0,2.0,2026-06-18 08:45:40,5,6,Invierno
101410,ENALAPRIL 10MG TAB CJAX140UND,FARM.GENERICOS,0.0,10.0,1.0,2026-06-18 10:24:25,11,6,Invierno
101410,ENALAPRIL 10MG TAB CJAX140UND,FARM.GENERICOS,1.0,0.0,9.0,2026-06-18 14:22:10,10,6,Invierno
101410,ENALAPRIL 10MG TAB CJAX140UND,FARM.GENERICOS,0.0,10.0,1.0,2026-06-19 09:23:16,3,6,Invierno
101410,ENALAPRIL 10MG TAB CJAX140UND,FARM.GENERICOS,0.0,10.0,1.0,2026-06-19 10:40:09,7,6,Invierno
101410,ENALAPRIL 10MG TAB CJAX140UND,FARM.GENERICOS,0.0,10.0,1.0,2026-06-19 13:32:00,2,6,Invierno
101410,ENALAPRIL 10MG TAB CJAX140UND,FARM.GENERICOS,0.0,10.0,1.0,2026-06-19 21:11:26,7,6,Invierno
101410,ENALAPRIL 10MG TAB CJAX140UND,FARM.GENERICOS,0.0,10.0,1.0,2026-06-21 11:59:20,7,6,Invierno
101410,ENALAPRIL 10MG TAB CJAX140UND,FARM.GENERICOS,0.0,10.0,1.0,2026-06-21 13:14:36,11,6,Invierno
101410,ENALAPRIL 10MG TAB CJAX140UND,FARM.GENERICOS,0.0,10.0,1.0,2026-06-21 13:26:17,10,6,Invierno
101410,ENALAPRIL 10MG TAB CJAX140UND,FARM.GENERICOS,0.0,3.0,0.3,2026-06-21 13:30:25,17,6,Invierno
101410,ENALAPRIL 10MG TAB CJAX140UND,FARM.GENERICOS,0.0,10.0,1.0,2026-06-21 18:06:06,10,6,Invierno
101410,ENALAPRIL 10MG TAB CJAX140UND,FARM.GENERICOS,0.0,20.0,2.0,2026-06-21 19:50:30,3,6,Invierno
101410,ENALAPRIL 10MG TAB CJAX140UND,FARM.GENERICOS,0.0,20.0,2.0,2026-06-22 08:51:36,4,6,Invierno
101410,ENALAPRIL 10MG TAB CJAX140UND,FARM.GENERICOS,0.0,10.0,1.0,2026-06-22 10:37:09,6,6,Invierno
101410,ENALAPRIL 10MG TAB CJAX140UND,FARM.GENERICOS,0.0,10.0,1.0,2026-06-22 10:37:53,6,6,Invierno
101410,ENALAPRIL 10MG TAB CJAX140UND,FARM.GENERICOS,1.0,0.0,9.0,2026-06-22 17:12:33,1,6,Invierno
101410,ENALAPRIL 10MG TAB CJAX140UND,FARM.GENERICOS,0.0,20.0,2.0,2026-06-22 17:47:00,11,6,Invierno
101410,ENALAPRIL 10MG TAB CJAX140UND,FARM.GENERICOS,1.0,0.0,9.0,2026-06-22 17:49:53,10,6,Invierno
101410,ENALAPRIL 10MG TAB CJAX140UND,FARM.GENERICOS,0.0,30.0,3.0,2026-06-22 17:52:18,3,6,Invierno
101410,ENALAPRIL 10MG TAB CJAX140UND,FARM.GENERICOS,0.0,10.0,1.0,2026-06-23 18:08:35,10,6,Invierno
101410,ENALAPRIL 10MG TAB CJAX140UND,FARM.GENERICOS,0.0,3.0,0.3,2026-06-23 18:13:10,17,6,Invierno
101410,ENALAPRIL 10MG TAB CJAX140UND,FARM.GENERICOS,1.0,0.0,9.0,2026-06-23 20:35:07,3,6,Invierno
101410,ENALAPRIL 10MG TAB CJAX140UND,FARM.GENERICOS,1.0,0.0,9.0,2026-06-23 21:29:17,15,6,Invierno
101410,ENALAPRIL 10MG TAB CJAX140UND,FARM.GENERICOS,0.0,20.0,2.0,2026-06-24 12:23:52,8,6,Invierno
101410,ENALAPRIL 10MG TAB CJAX140UND,FARM.GENERICOS,0.0,10.0,1.0,2026-06-24 14:43:26,11,6,Invierno
101410,ENALAPRIL 10MG TAB CJAX140UND,FARM.GENERICOS,0.0,3.0,0.3,2026-06-24 18:23:07,17,6,Invierno
101410,ENALAPRIL 10MG TAB CJAX140UND,FARM.GENERICOS,0.0,10.0,1.0,2026-06-25 08:51:15,6,6,Invierno
101410,ENALAPRIL 10MG TAB CJAX140UND,FARM.GENERICOS,0.0,30.0,3.0,2026-06-25 12:57:57,4,6,Invierno
101410,ENALAPRIL 10MG TAB CJAX140UND,FARM.GENERICOS,0.0,10.0,1.0,2026-06-25 15:11:52,11,6,Invierno
101410,ENALAPRIL 10MG TAB CJAX140UND,FARM.GENERICOS,0.0,10.0,1.0,2026-06-25 18:55:23,2,6,Invierno
101410,ENALAPRIL 10MG TAB CJAX140UND,FARM.GENERICOS,0.0,10.0,1.0,2026-06-25 22:54:39,16,6,Invierno
101410,ENALAPRIL 10MG TAB CJAX140UND,FARM.GENERICOS,0.0,20.0,2.0,2026-06-26 18:14:47,9,6,Invierno
101410,ENALAPRIL 10MG TAB CJAX140UND,FARM.GENERICOS,0.0,10.0,1.0,2026-06-26 18:20:47,2,6,Invierno
101410,ENALAPRIL 10MG TAB CJAX140UND,FARM.GENERICOS,0.0,20.0,2.0,2026-06-26 18:28:01,17,6,Invierno
101410,ENALAPRIL 10MG TAB CJAX140UND,FARM.GENERICOS,0.0,30.0,3.0,2026-06-26 19:35:55,19,6,Invierno
101410,ENALAPRIL 10MG TAB CJAX140UND,FARM.GENERICOS,1.0,0.0,9.0,2026-06-26 20:25:27,5,6,Invierno
101410,ENALAPRIL 10MG TAB CJAX140UND,FARM.GENERICOS,0.0,30.0,3.0,2026-06-27 12:30:31,1,6,Invierno
101410,ENALAPRIL 10MG TAB CJAX140UND,FARM.GENERICOS,0.0,10.0,1.0,2026-06-27 15:32:37,7,6,Invierno
101410,ENALAPRIL 10MG TAB CJAX140UND,FARM.GENERICOS,0.0,3.0,0.3,2026-06-27 17:45:02,17,6,Invierno
101410,ENALAPRIL 10MG TAB CJAX140UND,FARM.GENERICOS,0.0,10.0,1.0,2026-06-27 19:19:52,6,6,Invierno
101410,ENALAPRIL 10MG TAB CJAX140UND,FARM.GENERICOS,0.0,10.0,1.0,2026-06-28 09:13:02,7,6,Invierno
101410,ENALAPRIL 10MG TAB CJAX140UND,FARM.GENERICOS,0.0,2.0,0.2,2026-06-28 11:22:03,3,6,Invierno
101410,ENALAPRIL 10MG TAB CJAX140UND,FARM.GENERICOS,0.0,8.0,0.8,2026-06-28 11:23:11,3,6,Invierno
101410,ENALAPRIL 10MG TAB CJAX140UND,FARM.GENERICOS,0.0,10.0,1.0,2026-06-28 11:23:39,3,6,Invierno
101410,ENALAPRIL 10MG TAB CJAX140UND,FARM.GENERICOS,0.0,10.0,1.0,2026-06-28 12:46:51,16,6,Invierno
101410,ENALAPRIL 10MG TAB CJAX140UND,FARM.GENERICOS,0.0,20.0,2.0,2026-06-28 13:19:07,1,6,Invierno
101410,ENALAPRIL 10MG TAB CJAX140UND,FARM.GENERICOS,0.0,10.0,1.0,2026-06-28 18:06:16,2,6,Invierno
101410,ENALAPRIL 10MG TAB CJAX140UND,FARM.GENERICOS,0.0,20.0,2.0,2026-06-28 22:20:28,5,6,Invierno
101410,ENALAPRIL 10MG TAB CJAX140UND,FARM.GENERICOS,0.0,30.0,3.0,2026-06-29 08:53:10,6,6,Invierno
101410,ENALAPRIL 10MG TAB CJAX140UND,FARM.GENERICOS,0.0,2.0,0.2,2026-06-29 09:36:19,9,6,Invierno
101410,ENALAPRIL 10MG TAB CJAX140UND,FARM.GENERICOS,0.0,20.0,2.0,2026-06-29 18:23:41,2,6,Invierno
101410,ENALAPRIL 10MG TAB CJAX140UND,FARM.GENERICOS,0.0,3.0,0.3,2026-06-29 18:33:00,17,6,Invierno
101410,ENALAPRIL 10MG TAB CJAX140UND,FARM.GENERICOS,0.0,10.0,1.0,2026-06-29 19:12:42,11,6,Invierno
101410,ENALAPRIL 10MG TAB CJAX140UND,FARM.GENERICOS,1.0,0.0,9.0,2026-06-29 21:02:25,10,6,Invierno
101410,ENALAPRIL 10MG TAB CJAX140UND,FARM.GENERICOS,1.0,0.0,9.0,2026-06-30 09:12:42,16,6,Invierno
101410,ENALAPRIL 10MG TAB CJAX140UND,FARM.GENERICOS,0.0,10.0,1.0,2026-06-30 10:51:59,16,6,Invierno
101410,ENALAPRIL 10MG TAB CJAX140UND,FARM.GENERICOS,0.0,10.0,1.0,2026-06-30 19:03:12,9,6,Invierno
101410,ENALAPRIL 10MG TAB CJAX140UND,FARM.GENERICOS,0.0,10.0,1.0,2026-06-30 21:05:03,11,6,Invierno
101410,ENALAPRIL 10MG TAB CJAX140UND,FARM.GENERICOS,0.0,10.0,1.0,2026-06-30 21:51:30,12,6,Invierno
101410,ENALAPRIL 10MG TAB CJAX140UND,FARM.GENERICOS,0.0,20.0,2.0,2026-07-01 10:04:33,12,7,Invierno
101410,ENALAPRIL 10MG TAB CJAX140UND,FARM.GENERICOS,1.0,0.0,9.0,2026-07-01 10:46:49,1,7,Invierno
101410,ENALAPRIL 10MG TAB CJAX140UND,FARM.GENERICOS,0.0,3.0,0.3,2026-07-01 18:10:47,17,7,Invierno
101410,ENALAPRIL 10MG TAB CJAX140UND,FARM.GENERICOS,0.0,30.0,3.0,2026-07-01 18:55:00,10,7,Invierno
101410,ENALAPRIL 10MG TAB CJAX140UND,FARM.GENERICOS,0.0,20.0,2.0,2026-07-01 19:13:48,2,7,Invierno
101410,ENALAPRIL 10MG TAB CJAX140UND,FARM.GENERICOS,1.0,0.0,9.0,2026-07-01 21:55:33,16,7,Invierno
101410,ENALAPRIL 10MG TAB CJAX140UND,FARM.GENERICOS,0.0,10.0,1.0,2026-07-02 10:41:48,13,7,Invierno
101410,ENALAPRIL 10MG TAB CJAX140UND,FARM.GENERICOS,0.0,20.0,2.0,2026-07-02 18:57:07,3,7,Invierno
101410,ENALAPRIL 10MG TAB CJAX140UND,FARM.GENERICOS,0.0,20.0,2.0,2026-07-02 20:19:32,9,7,Invierno
101410,ENALAPRIL 10MG TAB CJAX140UND,FARM.GENERICOS,0.0,10.0,1.0,2026-07-02 20:40:36,9,7,Invierno
101410,ENALAPRIL 10MG TAB CJAX140UND,FARM.GENERICOS,0.0,40.0,4.0,2026-07-02 21:44:54,17,7,Invierno
101410,ENALAPRIL 10MG TAB CJAX140UND,FARM.GENERICOS,0.0,10.0,1.0,2026-07-03 10:14:25,4,7,Invierno
101410,ENALAPRIL 10MG TAB CJAX140UND,FARM.GENERICOS,0.0,10.0,1.0,2026-07-03 10:58:36,2,7,Invierno
101410,ENALAPRIL 10MG TAB CJAX140UND,FARM.GENERICOS,0.0,10.0,1.0,2026-07-03 16:59:27,2,7,Invierno
101410,ENALAPRIL 10MG TAB CJAX140UND,FARM.GENERICOS,0.0,10.0,1.0,2026-07-04 10:13:26,18,7,Invierno
101410,ENALAPRIL 10MG TAB CJAX140UND,FARM.GENERICOS,1.0,0.0,9.0,2026-07-06 08:40:31,3,7,Invierno
101410,ENALAPRIL 10MG TAB CJAX140UND,FARM.GENERICOS,1.0,0.0,9.0,2026-07-06 08:44:45,11,7,Invierno
101410,ENALAPRIL 10MG TAB CJAX140UND,FARM.GENERICOS,0.0,10.0,1.0,2026-07-06 10:26:43,9,7,Invierno
101410,ENALAPRIL 10MG TAB CJAX140UND,FARM.GENERICOS,0.0,10.0,1.0,2026-07-06 20:14:18,15,7,Invierno
101410,ENALAPRIL 10MG TAB CJAX140UND,FARM.GENERICOS,0.0,30.0,3.0,2026-07-06 21:23:35,2,7,Invierno
101410,ENALAPRIL 10MG TAB CJAX140UND,FARM.GENERICOS,0.0,20.0,2.0,2026-07-07 09:22:30,6,7,Invierno
101410,ENALAPRIL 10MG TAB CJAX140UND,FARM.GENERICOS,1.0,0.0,9.0,2026-07-07 09:42:01,5,7,Invierno
101410,ENALAPRIL 10MG TAB CJAX140UND,FARM.GENERICOS,1.0,0.0,9.0,2026-07-07 15:42:39,2,7,Invierno
101410,ENALAPRIL 10MG TAB CJAX140UND,FARM.GENERICOS,1.0,0.0,9.0,2026-07-07 16:38:44,5,7,Invierno
101410,ENALAPRIL 10MG TAB CJAX140UND,FARM.GENERICOS,0.0,10.0,1.0,2026-07-08 08:30:15,1,7,Invierno
101410,ENALAPRIL 10MG TAB CJAX140UND,FARM.GENERICOS,0.0,10.0,1.0,2026-07-08 14:52:50,15,7,Invierno
101410,ENALAPRIL 10MG TAB CJAX140UND,FARM.GENERICOS,0.0,20.0,2.0,2026-07-08 22:09:44,3,7,Invierno
101410,ENALAPRIL 10MG TAB CJAX140UND,FARM.GENERICOS,0.0,20.0,2.0,2026-07-09 20:12:21,8,7,Invierno
101410,ENALAPRIL 10MG TAB CJAX140UND,FARM.GENERICOS,1.0,0.0,9.0,2026-07-10 11:18:27,3,7,Invierno
101410,ENALAPRIL 10MG TAB CJAX140UND,FARM.GENERICOS,0.0,20.0,2.0,2026-07-10 12:28:12,7,7,Invierno
101410,ENALAPRIL 10MG TAB CJAX140UND,FARM.GENERICOS,1.0,0.0,9.0,2026-07-10 13:15:39,1,7,Invierno
101410,ENALAPRIL 10MG TAB CJAX140UND,FARM.GENERICOS,0.0,10.0,1.0,2026-07-11 12:28:17,6,7,Invierno
101410,ENALAPRIL 10MG TAB CJAX140UND,FARM.GENERICOS,0.0,10.0,1.0,2026-07-11 16:16:37,6,7,Invierno
101410,ENALAPRIL 10MG TAB CJAX140UND,FARM.GENERICOS,1.0,0.0,9.0,2026-07-11 16:51:48,8,7,Invierno
101410,ENALAPRIL 10MG TAB CJAX140UND,FARM.GENERICOS,0.0,10.0,1.0,2026-07-11 19:13:48,9,7,Invierno
101410,ENALAPRIL 10MG TAB CJAX140UND,FARM.GENERICOS,1.0,0.0,9.0,2026-07-12 13:59:54,16,7,Invierno
101410,ENALAPRIL 10MG TAB CJAX140UND,FARM.GENERICOS,0.0,3.0,0.3,2026-07-12 17:47:28,17,7,Invierno
101410,ENALAPRIL 10MG TAB CJAX140UND,FARM.GENERICOS,1.0,0.0,9.0,2026-07-12 18:09:59,2,7,Invierno
101410,ENALAPRIL 10MG TAB CJAX140UND,FARM.GENERICOS,1.0,0.0,9.0,2026-07-13 10:41:39,10,7,Invierno
101410,ENALAPRIL 10MG TAB CJAX140UND,FARM.GENERICOS,0.0,3.0,0.3,2026-07-13 13:05:58,17,7,Invierno
101410,ENALAPRIL 10MG TAB CJAX140UND,FARM.GENERICOS,0.0,10.0,1.0,2026-07-13 17:58:26,11,7,Invierno
101410,ENALAPRIL 10MG TAB CJAX140UND,FARM.GENERICOS,0.0,10.0,1.0,2026-07-14 08:23:05,9,7,Invierno
101410,ENALAPRIL 10MG TAB CJAX140UND,FARM.GENERICOS,0.0,20.0,2.0,2026-07-15 07:15:29,4,7,Invierno
101410,ENALAPRIL 10MG TAB CJAX140UND,FARM.GENERICOS,0.0,20.0,2.0,2026-07-15 10:03:16,8,7,Invierno
101410,ENALAPRIL 10MG TAB CJAX140UND,FARM.GENERICOS,0.0,30.0,3.0,2026-07-15 17:12:01,9,7,Invierno
101410,ENALAPRIL 10MG TAB CJAX140UND,FARM.GENERICOS,0.0,50.0,5.0,2026-07-16 08:56:06,6,7,Invierno
101410,ENALAPRIL 10MG TAB CJAX140UND,FARM.GENERICOS,0.0,10.0,1.0,2026-07-16 15:01:19,1,7,Invierno
101410,ENALAPRIL 10MG TAB CJAX140UND,FARM.GENERICOS,0.0,3.0,0.3,2026-07-16 18:27:36,17,7,Invierno
101410,ENALAPRIL 10MG TAB CJAX140UND,FARM.GENERICOS,1.0,0.0,9.0,2026-07-17 11:27:32,1,7,Invierno
101410,ENALAPRIL 10MG TAB CJAX140UND,FARM.GENERICOS,0.0,60.0,6.0,2026-07-17 15:44:30,10,7,Invierno
101410,ENALAPRIL 10MG TAB CJAX140UND,FARM.GENERICOS,0.0,10.0,1.0,2026-07-17 21:33:48,1,7,Invierno
101410,ENALAPRIL 10MG TAB CJAX140UND,FARM.GENERICOS,0.0,10.0,1.0,2026-07-18 10:26:34,2,7,Invierno
101410,ENALAPRIL 10MG TAB CJAX140UND,FARM.GENERICOS,0.0,10.0,1.0,2026-07-18 11:20:35,7,7,Invierno
101410,ENALAPRIL 10MG TAB CJAX140UND,FARM.GENERICOS,0.0,50.0,5.0,2026-07-18 12:43:18,11,7,Invierno
101410,ENALAPRIL 10MG TAB CJAX140UND,FARM.GENERICOS,0.0,10.0,1.0,2026-07-18 19:18:40,17,7,Invierno
101410,ENALAPRIL 10MG TAB CJAX140UND,FARM.GENERICOS,0.0,10.0,1.0,2026-07-18 21:37:34,17,7,Invierno
101410,ENALAPRIL 10MG TAB CJAX140UND,FARM.GENERICOS,0.0,20.0,2.0,2026-07-19 10:17:01,3,7,Invierno
101410,ENALAPRIL 10MG TAB CJAX140UND,FARM.GENERICOS,0.0,20.0,2.0,2026-07-19 17:13:18,10,7,Invierno
101410,ENALAPRIL 10MG TAB CJAX140UND,FARM.GENERICOS,0.0,10.0,1.0,2026-07-19 20:02:43,12,7,Invierno
101410,ENALAPRIL 10MG TAB CJAX140UND,FARM.GENERICOS,0.0,20.0,2.0,2026-07-20 10:27:16,7,7,Invierno
101410,ENALAPRIL 10MG TAB CJAX140UND,FARM.GENERICOS,0.0,10.0,1.0,2026-07-20 19:14:32,2,7,Invierno
101410,ENALAPRIL 10MG TAB CJAX140UND,FARM.GENERICOS,0.0,3.0,0.3,2026-07-21 12:12:32,17,7,Invierno
101410,ENALAPRIL 10MG TAB CJAX140UND,FARM.GENERICOS,1.0,0.0,9.0,2026-07-21 18:22:21,4,7,Invierno
101410,ENALAPRIL 10MG TAB CJAX140UND,FARM.GENERICOS,0.0,10.0,1.0,2026-07-21 18:46:44,1,7,Invierno
101410,ENALAPRIL 10MG TAB CJAX140UND,FARM.GENERICOS,0.0,10.0,1.0,2026-07-21 19:02:25,10,7,Invierno
101410,ENALAPRIL 10MG TAB CJAX140UND,FARM.GENERICOS,0.0,10.0,1.0,2026-07-21 21:57:03,16,7,Invierno
101410,ENALAPRIL 10MG TAB CJAX140UND,FARM.GENERICOS,0.0,20.0,2.0,2026-07-22 21:58:44,5,7,Invierno
101410,ENALAPRIL 10MG TAB CJAX140UND,FARM.GENERICOS,0.0,10.0,1.0,2026-07-23 16:22:18,15,7,Invierno
101410,ENALAPRIL 10MG TAB CJAX140UND,FARM.GENERICOS,0.0,30.0,3.0,2026-07-24 09:49:05,4,7,Invierno
101410,ENALAPRIL 10MG TAB CJAX140UND,FARM.GENERICOS,0.0,10.0,1.0,2026-07-24 21:39:44,17,7,Invierno
101410,ENALAPRIL 10MG TAB CJAX140UND,FARM.GENERICOS,0.0,10.0,1.0,2026-07-25 07:41:04,9,7,Invierno
101410,ENALAPRIL 10MG TAB CJAX140UND,FARM.GENERICOS,0.0,10.0,1.0,2026-07-25 09:01:10,4,7,Invierno
101410,ENALAPRIL 10MG TAB CJAX140UND,FARM.GENERICOS,0.0,40.0,4.0,2026-07-25 18:00:24,5,7,Invierno
101410,ENALAPRIL 10MG TAB CJAX140UND,FARM.GENERICOS,0.0,10.0,1.0,2026-07-25 18:27:16,1,7,Invierno
101410,ENALAPRIL 10MG TAB CJAX140UND,FARM.GENERICOS,0.0,10.0,1.0,2026-07-25 20:42:09,9,7,Invierno
101410,ENALAPRIL 10MG TAB CJAX140UND,FARM.GENERICOS,0.0,10.0,1.0,2026-07-25 20:49:21,11,7,Invierno
101410,ENALAPRIL 10MG TAB CJAX140UND,FARM.GENERICOS,0.0,30.0,3.0,2026-07-25 21:55:28,5,7,Invierno
101410,ENALAPRIL 10MG TAB CJAX140UND,FARM.GENERICOS,0.0,10.0,1.0,2026-07-25 22:41:14,14,7,Invierno
101410,ENALAPRIL 10MG TAB CJAX140UND,FARM.GENERICOS,0.0,20.0,2.0,2026-07-26 19:54:28,2,7,Invierno
101410,ENALAPRIL 10MG TAB CJAX140UND,FARM.GENERICOS,0.0,60.0,6.0,2026-07-27 18:40:27,15,7,Invierno
101410,ENALAPRIL 10MG TAB CJAX140UND,FARM.GENERICOS,0.0,10.0,1.0,2026-07-28 09:39:24,6,7,Invierno
101410,ENALAPRIL 10MG TAB CJAX140UND,FARM.GENERICOS,0.0,10.0,1.0,2026-07-29 11:59:11,6,7,Invierno
101410,ENALAPRIL 10MG TAB CJAX140UND,FARM.GENERICOS,0.0,30.0,3.0,2026-07-29 15:14:57,13,7,Invierno
101410,ENALAPRIL 10MG TAB CJAX140UND,FARM.GENERICOS,0.0,3.0,0.3,2026-07-29 17:24:21,17,7,Invierno
101410,ENALAPRIL 10MG TAB CJAX140UND,FARM.GENERICOS,0.0,10.0,1.0,2026-07-29 17:59:37,11,7,Invierno
101410,ENALAPRIL 10MG TAB CJAX140UND,FARM.GENERICOS,0.0,40.0,4.0,2026-07-30 18:00:10,14,7,Invierno
101410,ENALAPRIL 10MG TAB CJAX140UND,FARM.GENERICOS,0.0,10.0,1.0,2026-07-30 18:25:30,3,7,Invierno
101410,ENALAPRIL 10MG TAB CJAX140UND,FARM.GENERICOS,0.0,20.0,2.0,2026-07-30 19:00:36,6,7,Invierno
101410,ENALAPRIL 10MG TAB CJAX140UND,FARM.GENERICOS,0.0,10.0,1.0,2026-07-31 08:39:59,11,7,Invierno
101410,ENALAPRIL 10MG TAB CJAX140UND,FARM.GENERICOS,1.0,0.0,9.0,2026-07-31 09:33:55,5,7,Invierno
101410,ENALAPRIL 10MG TAB CJAX140UND,FARM.GENERICOS,0.0,14.0,1.4,2026-07-31 11:41:41,17,7,Invierno
101410,ENALAPRIL 10MG TAB CJAX140UND,FARM.GENERICOS,1.0,0.0,9.0,2026-07-31 19:10:27,15,7,Invierno
101410,ENALAPRIL 10MG TAB CJAX140UND,FARM.GENERICOS,0.0,20.0,2.0,2026-07-31 21:25:19,3,7,Invierno
101410,ENALAPRIL 10MG TAB CJAX140UND,FARM.GENERICOS,1.0,0.0,9.0,2026-08-01 10:07:49,10,8,Invierno
101410,ENALAPRIL 10MG TAB CJAX140UND,FARM.GENERICOS,0.0,10.0,1.0,2026-08-01 12:28:10,2,8,Invierno
101410,ENALAPRIL 10MG TAB CJAX140UND,FARM.GENERICOS,0.0,30.0,3.0,2026-08-01 18:02:12,17,8,Invierno
101410,ENALAPRIL 10MG TAB CJAX140UND,FARM.GENERICOS,0.0,10.0,1.0,2026-08-01 18:46:51,6,8,Invierno
101410,ENALAPRIL 10MG TAB CJAX140UND,FARM.GENERICOS,0.0,10.0,1.0,2026-08-01 21:27:46,19,8,Invierno
101410,ENALAPRIL 10MG TAB CJAX140UND,FARM.GENERICOS,0.0,20.0,2.0,2026-08-02 09:05:36,6,8,Invierno
101410,ENALAPRIL 10MG TAB CJAX140UND,FARM.GENERICOS,0.0,20.0,2.0,2026-08-02 15:21:02,3,8,Invierno
101410,ENALAPRIL 10MG TAB CJAX140UND,FARM.GENERICOS,0.0,20.0,2.0,2026-08-02 17:12:35,10,8,Invierno
101410,ENALAPRIL 10MG TAB CJAX140UND,FARM.GENERICOS,0.0,30.0,3.0,2026-08-02 18:44:08,6,8,Invierno
101410,ENALAPRIL 10MG TAB CJAX140UND,FARM.GENERICOS,0.0,10.0,1.0,2026-08-03 12:45:43,2,8,Invierno
101410,ENALAPRIL 10MG TAB CJAX140UND,FARM.GENERICOS,0.0,10.0,1.0,2026-08-03 12:45:51,2,8,Invierno
101410,ENALAPRIL 10MG TAB CJAX140UND,FARM.GENERICOS,0.0,50.0,5.0,2026-08-03 13:25:15,9,8,Invierno
101410,ENALAPRIL 10MG TAB CJAX140UND,FARM.GENERICOS,0.0,30.0,3.0,2026-08-03 17:49:40,2,8,Invierno
101410,ENALAPRIL 10MG TAB CJAX140UND,FARM.GENERICOS,0.0,10.0,1.0,2026-08-03 18:15:58,5,8,Invierno
101410,ENALAPRIL 10MG TAB CJAX140UND,FARM.GENERICOS,0.0,5.0,0.5,2026-08-03 20:25:23,11,8,Invierno
101410,ENALAPRIL 10MG TAB CJAX140UND,FARM.GENERICOS,0.0,10.0,1.0,2026-08-03 21:14:24,19,8,Invierno
101410,ENALAPRIL 10MG TAB CJAX140UND,FARM.GENERICOS,1.0,0.0,9.0,2026-08-04 16:06:14,6,8,Invierno
101410,ENALAPRIL 10MG TAB CJAX140UND,FARM.GENERICOS,0.0,10.0,1.0,2026-08-04 18:39:03,3,8,Invierno
101410,ENALAPRIL 10MG TAB CJAX140UND,FARM.GENERICOS,0.0,10.0,1.0,2026-08-05 08:44:23,17,8,Invierno
101410,ENALAPRIL 10MG TAB CJAX140UND,FARM.GENERICOS,1.0,0.0,9.0,2026-08-05 16:36:34,7,8,Invierno
101410,ENALAPRIL 10MG TAB CJAX140UND,FARM.GENERICOS,1.0,0.0,9.0,2026-08-05 17:43:29,2,8,Invierno
101410,ENALAPRIL 10MG TAB CJAX140UND,FARM.GENERICOS,0.0,20.0,2.0,2026-08-05 18:33:40,4,8,Invierno
101410,ENALAPRIL 10MG TAB CJAX140UND,FARM.GENERICOS,0.0,10.0,1.0,2026-08-05 20:46:30,17,8,Invierno
101410,ENALAPRIL 10MG TAB CJAX140UND,FARM.GENERICOS,0.0,10.0,1.0,2026-08-06 12:22:30,13,8,Invierno
101410,ENALAPRIL 10MG TAB CJAX140UND,FARM.GENERICOS,0.0,20.0,2.0,2026-08-06 19:07:19,11,8,Invierno
101410,ENALAPRIL 10MG TAB CJAX140UND,FARM.GENERICOS,0.0,10.0,1.0,2026-08-06 19:19:30,1,8,Invierno
101410,ENALAPRIL 10MG TAB CJAX140UND,FARM.GENERICOS,1.0,0.0,9.0,2026-08-06 20:39:27,2,8,Invierno
101410,ENALAPRIL 10MG TAB CJAX140UND,FARM.GENERICOS,0.0,10.0,1.0,2026-08-06 21:13:31,10,8,Invierno
101410,ENALAPRIL 10MG TAB CJAX140UND,FARM.GENERICOS,1.0,0.0,9.0,2026-08-07 16:30:59,10,8,Invierno
101410,ENALAPRIL 10MG TAB CJAX140UND,FARM.GENERICOS,0.0,10.0,1.0,2026-08-08 08:34:06,6,8,Invierno
101410,ENALAPRIL 10MG TAB CJAX140UND,FARM.GENERICOS,0.0,10.0,1.0,2026-08-08 12:23:24,16,8,Invierno
101410,ENALAPRIL 10MG TAB CJAX140UND,FARM.GENERICOS,2.0,0.0,18.0,2026-08-08 17:16:21,4,8,Invierno
101410,ENALAPRIL 10MG TAB CJAX140UND,FARM.GENERICOS,0.0,10.0,1.0,2026-08-08 20:24:59,9,8,Invierno
101410,ENALAPRIL 10MG TAB CJAX140UND,FARM.GENERICOS,0.0,50.0,5.0,2026-08-08 21:35:46,7,8,Invierno
101410,ENALAPRIL 10MG TAB CJAX140UND,FARM.GENERICOS,0.0,10.0,1.0,2026-08-09 09:19:59,17,8,Invierno
101410,ENALAPRIL 10MG TAB CJAX140UND,FARM.GENERICOS,0.0,30.0,3.0,2026-08-09 10:54:14,4,8,Invierno
101410,ENALAPRIL 10MG TAB CJAX140UND,FARM.GENERICOS,0.0,20.0,2.0,2026-08-09 11:14:33,6,8,Invierno
101410,ENALAPRIL 10MG TAB CJAX140UND,FARM.GENERICOS,0.0,20.0,2.0,2026-08-09 12:29:35,3,8,Invierno
101410,ENALAPRIL 10MG TAB CJAX140UND,FARM.GENERICOS,0.0,30.0,3.0,2026-08-09 16:29:10,19,8,Invierno
101410,ENALAPRIL 10MG TAB CJAX140UND,FARM.GENERICOS,0.0,20.0,2.0,2026-08-09 19:36:01,12,8,Invierno
