codpro,prod,tipo,cantidad,unidades,total,fecdoc,sucursal,mes,estacion
105524,IBUPROFENO TABX800MGX50-GF,GENFAR,0.0,10.0,3.0,2024-01-01 10:09:28,7,1,Verano
105524,IBUPROFENO TABX800MGX50-GF,GENFAR,0.0,10.0,3.0,2024-01-02 11:39:03,10,1,Verano
105524,IBUPROFENO TABX800MGX50-GF,GENFAR,0.0,10.0,3.0,2024-01-03 11:01:43,10,1,Verano
105524,IBUPROFENO TABX800MGX50-GF,GENFAR,0.0,10.0,3.0,2024-01-03 17:29:15,2,1,Verano
105524,IBUPROFENO TABX800MGX50-GF,GENFAR,0.0,10.0,3.0,2024-01-04 18:11:52,9,1,Verano
105524,IBUPROFENO TABX800MGX50-GF,GENFAR,0.0,10.0,3.0,2024-01-04 19:38:34,5,1,Verano
105524,IBUPROFENO TABX800MGX50-GF,GENFAR,0.0,10.0,3.0,2024-01-05 11:46:26,4,1,Verano
105524,IBUPROFENO TABX800MGX50-GF,GENFAR,0.0,20.0,6.0,2024-01-05 13:37:48,4,1,Verano
105524,IBUPROFENO TABX800MGX50-GF,GENFAR,0.0,4.0,1.2,2024-01-05 14:11:52,3,1,Verano
105524,IBUPROFENO TABX800MGX50-GF,GENFAR,0.0,10.0,3.0,2024-01-05 19:45:32,1,1,Verano
105524,IBUPROFENO TABX800MGX50-GF,GENFAR,0.0,10.0,3.0,2024-01-05 19:54:23,3,1,Verano
105524,IBUPROFENO TABX800MGX50-GF,GENFAR,0.0,10.0,3.0,2024-01-05 21:17:17,3,1,Verano
105524,IBUPROFENO TABX800MGX50-GF,GENFAR,0.0,10.0,3.0,2024-01-05 22:12:29,6,1,Verano
105524,IBUPROFENO TABX800MGX50-GF,GENFAR,0.0,10.0,3.0,2024-01-06 13:29:46,7,1,Verano
105524,IBUPROFENO TABX800MGX50-GF,GENFAR,0.0,10.0,3.0,2024-01-07 18:25:03,9,1,Verano
105524,IBUPROFENO TABX800MGX50-GF,GENFAR,0.0,10.0,3.0,2024-01-08 17:35:26,9,1,Verano
105524,IBUPROFENO TABX800MGX50-GF,GENFAR,0.0,10.0,3.0,2024-01-08 18:52:10,5,1,Verano
105524,IBUPROFENO TABX800MGX50-GF,GENFAR,0.0,5.0,1.5,2024-01-08 19:21:48,9,1,Verano
105524,IBUPROFENO TABX800MGX50-GF,GENFAR,0.0,8.0,2.4,2024-01-08 20:10:06,9,1,Verano
105524,IBUPROFENO TABX800MGX50-GF,GENFAR,0.0,20.0,6.0,2024-01-09 17:39:07,1,1,Verano
105524,IBUPROFENO TABX800MGX50-GF,GENFAR,0.0,5.0,1.5,2024-01-09 17:42:18,3,1,Verano
105524,IBUPROFENO TABX800MGX50-GF,GENFAR,0.0,5.0,1.5,2024-01-09 18:42:38,4,1,Verano
105524,IBUPROFENO TABX800MGX50-GF,GENFAR,0.0,10.0,3.0,2024-01-09 21:31:01,2,1,Verano
105524,IBUPROFENO TABX800MGX50-GF,GENFAR,0.0,20.0,6.0,2024-01-10 09:20:27,3,1,Verano
105524,IBUPROFENO TABX800MGX50-GF,GENFAR,0.0,10.0,3.0,2024-01-10 11:16:47,2,1,Verano
105524,IBUPROFENO TABX800MGX50-GF,GENFAR,0.0,10.0,3.0,2024-01-11 19:32:47,5,1,Verano
105524,IBUPROFENO TABX800MGX50-GF,GENFAR,0.0,10.0,3.0,2024-01-12 20:30:00,1,1,Verano
105524,IBUPROFENO TABX800MGX50-GF,GENFAR,0.0,10.0,3.0,2024-01-12 21:15:48,8,1,Verano
105524,IBUPROFENO TABX800MGX50-GF,GENFAR,0.0,10.0,3.0,2024-01-13 11:31:04,9,1,Verano
105524,IBUPROFENO TABX800MGX50-GF,GENFAR,0.0,10.0,3.0,2024-01-15 11:58:18,1,1,Verano
105524,IBUPROFENO TABX800MGX50-GF,GENFAR,0.0,10.0,3.0,2024-01-15 18:03:04,5,1,Verano
105524,IBUPROFENO TABX800MGX50-GF,GENFAR,0.0,10.0,3.0,2024-01-16 19:00:15,6,1,Verano
105524,IBUPROFENO TABX800MGX50-GF,GENFAR,0.0,10.0,3.0,2024-01-16 19:18:49,6,1,Verano
105524,IBUPROFENO TABX800MGX50-GF,GENFAR,0.0,10.0,3.0,2024-01-17 20:07:43,1,1,Verano
105524,IBUPROFENO TABX800MGX50-GF,GENFAR,0.0,10.0,3.0,2024-01-18 18:55:22,9,1,Verano
105524,IBUPROFENO TABX800MGX50-GF,GENFAR,0.0,10.0,3.0,2024-01-19 18:07:52,10,1,Verano
105524,IBUPROFENO TABX800MGX50-GF,GENFAR,0.0,10.0,3.0,2024-01-20 19:35:45,5,1,Verano
105524,IBUPROFENO TABX800MGX50-GF,GENFAR,0.0,10.0,3.0,2024-01-20 19:39:07,2,1,Verano
105524,IBUPROFENO TABX800MGX50-GF,GENFAR,0.0,4.0,1.2,2024-01-20 19:39:07,2,1,Verano
105524,IBUPROFENO TABX800MGX50-GF,GENFAR,0.0,10.0,3.0,2024-01-20 22:05:38,1,1,Verano
105524,IBUPROFENO TABX800MGX50-GF,GENFAR,0.0,10.0,3.0,2024-01-21 19:56:33,10,1,Verano
105524,IBUPROFENO TABX800MGX50-GF,GENFAR,0.0,10.0,3.0,2024-01-22 16:02:11,1,1,Verano
105524,IBUPROFENO TABX800MGX50-GF,GENFAR,0.0,2.0,0.6,2024-01-22 17:54:29,7,1,Verano
105524,IBUPROFENO TABX800MGX50-GF,GENFAR,0.0,5.0,1.5,2024-01-22 18:38:21,5,1,Verano
105524,IBUPROFENO TABX800MGX50-GF,GENFAR,0.0,10.0,3.0,2024-01-23 17:22:57,10,1,Verano
105524,IBUPROFENO TABX800MGX50-GF,GENFAR,0.0,10.0,3.0,2024-01-25 20:02:03,3,1,Verano
105524,IBUPROFENO TABX800MGX50-GF,GENFAR,0.0,2.0,0.6,2024-01-26 15:02:29,7,1,Verano
105524,IBUPROFENO TABX800MGX50-GF,GENFAR,0.0,10.0,3.0,2024-01-27 13:31:09,3,1,Verano
105524,IBUPROFENO TABX800MGX50-GF,GENFAR,0.0,10.0,3.0,2024-01-27 17:01:59,9,1,Verano
105524,IBUPROFENO TABX800MGX50-GF,GENFAR,0.0,5.0,1.5,2024-01-27 19:07:30,2,1,Verano
105524,IBUPROFENO TABX800MGX50-GF,GENFAR,0.0,10.0,3.0,2024-01-27 20:08:46,3,1,Verano
105524,IBUPROFENO TABX800MGX50-GF,GENFAR,0.0,1.0,0.3,2024-01-29 11:05:18,4,1,Verano
105524,IBUPROFENO TABX800MGX50-GF,GENFAR,0.0,10.0,3.0,2024-01-29 19:30:49,5,1,Verano
105524,IBUPROFENO TABX800MGX50-GF,GENFAR,0.0,10.0,3.0,2024-01-30 22:09:19,4,1,Verano
105524,IBUPROFENO TABX800MGX50-GF,GENFAR,0.0,10.0,3.0,2024-01-31 11:16:55,1,1,Verano
105524,IBUPROFENO TABX800MGX50-GF,GENFAR,0.0,10.0,3.0,2024-01-31 11:46:26,7,1,Verano
105524,IBUPROFENO TABX800MGX50-GF,GENFAR,0.0,10.0,3.0,2024-02-01 11:10:01,7,2,Verano
105524,IBUPROFENO TABX800MGX50-GF,GENFAR,0.0,-10.0,-3.0,2024-02-02 12:00:00,2,2,Verano
105524,IBUPROFENO TABX800MGX50-GF,GENFAR,0.0,10.0,3.0,2024-02-02 21:13:06,2,2,Verano
105524,IBUPROFENO TABX800MGX50-GF,GENFAR,0.0,4.0,1.2,2024-02-03 20:51:53,1,2,Verano
105524,IBUPROFENO TABX800MGX50-GF,GENFAR,0.0,9.0,2.7,2024-02-05 11:07:31,9,2,Verano
105524,IBUPROFENO TABX800MGX50-GF,GENFAR,0.0,10.0,3.0,2024-02-06 13:50:13,5,2,Verano
105524,IBUPROFENO TABX800MGX50-GF,GENFAR,0.0,10.0,3.0,2024-02-06 16:54:47,6,2,Verano
105524,IBUPROFENO TABX800MGX50-GF,GENFAR,0.0,10.0,3.0,2024-02-06 19:35:00,7,2,Verano
105524,IBUPROFENO TABX800MGX50-GF,GENFAR,0.0,10.0,3.0,2024-02-07 13:44:23,8,2,Verano
105524,IBUPROFENO TABX800MGX50-GF,GENFAR,0.0,10.0,3.0,2024-02-10 16:14:26,9,2,Verano
105524,IBUPROFENO TABX800MGX50-GF,GENFAR,0.0,10.0,3.0,2024-02-10 19:07:19,5,2,Verano
105524,IBUPROFENO TABX800MGX50-GF,GENFAR,0.0,10.0,3.0,2024-02-10 20:22:47,7,2,Verano
105524,IBUPROFENO TABX800MGX50-GF,GENFAR,0.0,10.0,3.0,2024-02-13 07:55:46,6,2,Verano
105524,IBUPROFENO TABX800MGX50-GF,GENFAR,0.0,20.0,6.0,2024-02-13 14:42:46,1,2,Verano
105524,IBUPROFENO TABX800MGX50-GF,GENFAR,0.0,10.0,3.0,2024-02-14 20:32:47,8,2,Verano
105524,IBUPROFENO TABX800MGX50-GF,GENFAR,0.0,5.0,1.5,2024-02-14 22:07:53,1,2,Verano
105524,IBUPROFENO TABX800MGX50-GF,GENFAR,0.0,10.0,3.0,2024-02-15 09:32:01,10,2,Verano
105524,IBUPROFENO TABX800MGX50-GF,GENFAR,0.0,10.0,3.0,2024-02-15 17:19:21,5,2,Verano
105524,IBUPROFENO TABX800MGX50-GF,GENFAR,0.0,10.0,3.0,2024-02-16 12:20:53,7,2,Verano
105524,IBUPROFENO TABX800MGX50-GF,GENFAR,0.0,10.0,3.0,2024-02-16 14:03:36,1,2,Verano
105524,IBUPROFENO TABX800MGX50-GF,GENFAR,0.0,10.0,3.0,2024-02-17 11:40:13,7,2,Verano
105524,IBUPROFENO TABX800MGX50-GF,GENFAR,0.0,10.0,3.0,2024-02-17 19:05:16,5,2,Verano
105524,IBUPROFENO TABX800MGX50-GF,GENFAR,0.0,1.0,0.3,2024-02-19 12:37:50,9,2,Verano
105524,IBUPROFENO TABX800MGX50-GF,GENFAR,0.0,10.0,3.0,2024-02-19 19:53:17,3,2,Verano
105524,IBUPROFENO TABX800MGX50-GF,GENFAR,0.0,3.0,0.9,2024-02-20 10:21:36,10,2,Verano
105524,IBUPROFENO TABX800MGX50-GF,GENFAR,0.0,20.0,6.0,2024-02-20 18:56:55,1,2,Verano
105524,IBUPROFENO TABX800MGX50-GF,GENFAR,0.0,10.0,3.0,2024-02-20 22:12:32,6,2,Verano
105524,IBUPROFENO TABX800MGX50-GF,GENFAR,0.0,10.0,3.0,2024-02-21 10:30:26,8,2,Verano
105524,IBUPROFENO TABX800MGX50-GF,GENFAR,0.0,10.0,3.0,2024-02-21 17:07:35,7,2,Verano
105524,IBUPROFENO TABX800MGX50-GF,GENFAR,0.0,2.0,0.6,2024-02-21 19:47:03,1,2,Verano
105524,IBUPROFENO TABX800MGX50-GF,GENFAR,0.0,10.0,3.0,2024-02-22 12:18:53,2,2,Verano
105524,IBUPROFENO TABX800MGX50-GF,GENFAR,0.0,1.0,0.3,2024-02-23 08:46:22,1,2,Verano
105524,IBUPROFENO TABX800MGX50-GF,GENFAR,0.0,30.0,9.0,2024-02-23 09:54:15,2,2,Verano
105524,IBUPROFENO TABX800MGX50-GF,GENFAR,0.0,4.0,1.2,2024-02-23 10:35:10,1,2,Verano
105524,IBUPROFENO TABX800MGX50-GF,GENFAR,0.0,6.0,1.8,2024-02-24 17:37:02,6,2,Verano
105524,IBUPROFENO TABX800MGX50-GF,GENFAR,0.0,10.0,3.0,2024-02-26 18:36:25,6,2,Verano
105524,IBUPROFENO TABX800MGX50-GF,GENFAR,0.0,10.0,3.0,2024-02-27 19:20:21,5,2,Verano
105524,IBUPROFENO TABX800MGX50-GF,GENFAR,0.0,5.0,1.5,2024-02-27 22:02:52,2,2,Verano
105524,IBUPROFENO TABX800MGX50-GF,GENFAR,0.0,10.0,3.0,2024-02-28 11:43:49,7,2,Verano
105524,IBUPROFENO TABX800MGX50-GF,GENFAR,0.0,5.0,1.5,2024-02-29 13:12:18,9,2,Verano
105524,IBUPROFENO TABX800MGX50-GF,GENFAR,0.0,20.0,6.0,2024-03-01 15:45:14,5,3,Otoño
105524,IBUPROFENO TABX800MGX50-GF,GENFAR,0.0,20.0,6.0,2024-03-02 17:22:01,2,3,Otoño
105524,IBUPROFENO TABX800MGX50-GF,GENFAR,0.0,20.0,6.0,2024-03-05 19:18:41,5,3,Otoño
105524,IBUPROFENO TABX800MGX50-GF,GENFAR,0.0,10.0,3.0,2024-03-06 10:49:05,4,3,Otoño
105524,IBUPROFENO TABX800MGX50-GF,GENFAR,0.0,10.0,3.0,2024-03-06 13:06:29,4,3,Otoño
105524,IBUPROFENO TABX800MGX50-GF,GENFAR,0.0,10.0,3.0,2024-03-06 13:07:58,4,3,Otoño
105524,IBUPROFENO TABX800MGX50-GF,GENFAR,0.0,10.0,3.0,2024-03-06 18:33:18,2,3,Otoño
105524,IBUPROFENO TABX800MGX50-GF,GENFAR,0.0,10.0,3.0,2024-03-06 19:26:10,7,3,Otoño
105524,IBUPROFENO TABX800MGX50-GF,GENFAR,0.0,10.0,3.0,2024-03-07 12:41:56,7,3,Otoño
105524,IBUPROFENO TABX800MGX50-GF,GENFAR,0.0,8.0,2.4,2024-03-08 17:47:04,1,3,Otoño
105524,IBUPROFENO TABX800MGX50-GF,GENFAR,0.0,10.0,3.0,2024-03-08 19:41:50,5,3,Otoño
105524,IBUPROFENO TABX800MGX50-GF,GENFAR,0.0,10.0,3.0,2024-03-08 20:20:24,2,3,Otoño
105524,IBUPROFENO TABX800MGX50-GF,GENFAR,0.0,10.0,3.0,2024-03-08 22:36:44,6,3,Otoño
105524,IBUPROFENO TABX800MGX50-GF,GENFAR,0.0,-10.0,-3.0,2024-03-09 12:00:00,9,3,Otoño
105524,IBUPROFENO TABX800MGX50-GF,GENFAR,0.0,10.0,3.0,2024-03-09 13:47:26,5,3,Otoño
105524,IBUPROFENO TABX800MGX50-GF,GENFAR,0.0,10.0,3.0,2024-03-09 17:45:51,3,3,Otoño
105524,IBUPROFENO TABX800MGX50-GF,GENFAR,0.0,10.0,3.0,2024-03-09 20:24:25,9,3,Otoño
105524,IBUPROFENO TABX800MGX50-GF,GENFAR,0.0,10.0,3.0,2024-03-09 20:29:47,9,3,Otoño
105524,IBUPROFENO TABX800MGX50-GF,GENFAR,0.0,10.0,3.0,2024-03-09 21:26:50,9,3,Otoño
105524,IBUPROFENO TABX800MGX50-GF,GENFAR,0.0,10.0,3.0,2024-03-10 14:45:04,2,3,Otoño
105524,IBUPROFENO TABX800MGX50-GF,GENFAR,0.0,5.0,1.5,2024-03-11 13:50:10,7,3,Otoño
105524,IBUPROFENO TABX800MGX50-GF,GENFAR,0.0,10.0,3.0,2024-03-11 17:05:40,8,3,Otoño
105524,IBUPROFENO TABX800MGX50-GF,GENFAR,0.0,10.0,3.0,2024-03-11 18:04:41,5,3,Otoño
105524,IBUPROFENO TABX800MGX50-GF,GENFAR,0.0,10.0,3.0,2024-03-11 19:53:19,3,3,Otoño
105524,IBUPROFENO TABX800MGX50-GF,GENFAR,0.0,10.0,3.0,2024-03-11 21:08:20,2,3,Otoño
105524,IBUPROFENO TABX800MGX50-GF,GENFAR,0.0,20.0,6.0,2024-03-12 09:14:10,4,3,Otoño
105524,IBUPROFENO TABX800MGX50-GF,GENFAR,0.0,10.0,3.0,2024-03-12 15:32:29,6,3,Otoño
105524,IBUPROFENO TABX800MGX50-GF,GENFAR,0.0,10.0,3.0,2024-03-12 16:49:17,8,3,Otoño
105524,IBUPROFENO TABX800MGX50-GF,GENFAR,0.0,5.0,1.5,2024-03-13 18:02:30,7,3,Otoño
105524,IBUPROFENO TABX800MGX50-GF,GENFAR,0.0,10.0,3.0,2024-03-14 10:20:47,3,3,Otoño
105524,IBUPROFENO TABX800MGX50-GF,GENFAR,0.0,10.0,3.0,2024-03-14 15:59:06,1,3,Otoño
105524,IBUPROFENO TABX800MGX50-GF,GENFAR,0.0,20.0,6.0,2024-03-15 08:26:33,5,3,Otoño
105524,IBUPROFENO TABX800MGX50-GF,GENFAR,0.0,-20.0,-6.0,2024-03-15 12:00:00,2,3,Otoño
105524,IBUPROFENO TABX800MGX50-GF,GENFAR,0.0,20.0,6.0,2024-03-15 17:41:07,2,3,Otoño
105524,IBUPROFENO TABX800MGX50-GF,GENFAR,0.0,20.0,6.0,2024-03-15 17:45:20,2,3,Otoño
105524,IBUPROFENO TABX800MGX50-GF,GENFAR,0.0,10.0,3.0,2024-03-16 10:23:48,2,3,Otoño
105524,IBUPROFENO TABX800MGX50-GF,GENFAR,0.0,10.0,3.0,2024-03-16 18:15:50,2,3,Otoño
105524,IBUPROFENO TABX800MGX50-GF,GENFAR,0.0,10.0,3.0,2024-03-16 19:50:37,9,3,Otoño
105524,IBUPROFENO TABX800MGX50-GF,GENFAR,0.0,10.0,3.0,2024-03-17 12:39:30,1,3,Otoño
105524,IBUPROFENO TABX800MGX50-GF,GENFAR,0.0,10.0,3.0,2024-03-17 19:57:22,5,3,Otoño
105524,IBUPROFENO TABX800MGX50-GF,GENFAR,0.0,3.0,0.9,2024-03-18 12:28:57,10,3,Otoño
105524,IBUPROFENO TABX800MGX50-GF,GENFAR,0.0,1.0,0.3,2024-03-19 09:51:05,7,3,Otoño
105524,IBUPROFENO TABX800MGX50-GF,GENFAR,0.0,5.0,1.5,2024-03-19 10:28:07,6,3,Otoño
105524,IBUPROFENO TABX800MGX50-GF,GENFAR,0.0,10.0,3.0,2024-03-19 18:05:30,12,3,Otoño
105524,IBUPROFENO TABX800MGX50-GF,GENFAR,0.0,10.0,3.0,2024-03-19 18:58:00,1,3,Otoño
105524,IBUPROFENO TABX800MGX50-GF,GENFAR,0.0,2.0,0.6,2024-03-19 22:41:04,5,3,Otoño
105524,IBUPROFENO TABX800MGX50-GF,GENFAR,0.0,10.0,3.0,2024-03-20 19:03:50,3,3,Otoño
105524,IBUPROFENO TABX800MGX50-GF,GENFAR,0.0,10.0,3.0,2024-03-20 21:10:15,7,3,Otoño
105524,IBUPROFENO TABX800MGX50-GF,GENFAR,0.0,10.0,3.0,2024-03-21 14:31:37,5,3,Otoño
105524,IBUPROFENO TABX800MGX50-GF,GENFAR,0.0,20.0,6.0,2024-03-22 15:29:59,8,3,Otoño
105524,IBUPROFENO TABX800MGX50-GF,GENFAR,0.0,10.0,3.0,2024-03-23 13:12:58,5,3,Otoño
105524,IBUPROFENO TABX800MGX50-GF,GENFAR,0.0,10.0,3.0,2024-03-23 21:06:54,7,3,Otoño
105524,IBUPROFENO TABX800MGX50-GF,GENFAR,0.0,10.0,3.0,2024-03-24 14:12:51,6,3,Otoño
105524,IBUPROFENO TABX800MGX50-GF,GENFAR,0.0,6.0,1.8,2024-03-24 18:47:57,1,3,Otoño
105524,IBUPROFENO TABX800MGX50-GF,GENFAR,0.0,3.0,0.9,2024-03-26 19:51:54,3,3,Otoño
105524,IBUPROFENO TABX800MGX50-GF,GENFAR,0.0,10.0,3.0,2024-03-27 15:38:18,6,3,Otoño
105524,IBUPROFENO TABX800MGX50-GF,GENFAR,0.0,10.0,3.0,2024-03-28 20:04:59,9,3,Otoño
105524,IBUPROFENO TABX800MGX50-GF,GENFAR,0.0,2.0,0.6,2024-03-28 21:10:34,12,3,Otoño
105524,IBUPROFENO TABX800MGX50-GF,GENFAR,0.0,10.0,3.0,2024-03-30 15:04:33,7,3,Otoño
105524,IBUPROFENO TABX800MGX50-GF,GENFAR,0.0,10.0,3.0,2024-03-30 17:24:09,1,3,Otoño
105524,IBUPROFENO TABX800MGX50-GF,GENFAR,0.0,10.0,3.0,2024-03-31 18:19:29,5,3,Otoño
105524,IBUPROFENO TABX800MGX50-GF,GENFAR,0.0,10.0,3.0,2024-03-31 19:16:49,7,3,Otoño
105524,IBUPROFENO TABX800MGX50-GF,GENFAR,0.0,10.0,3.0,2024-04-01 10:24:54,3,4,Otoño
105524,IBUPROFENO TABX800MGX50-GF,GENFAR,0.0,10.0,3.0,2024-04-01 11:51:30,1,4,Otoño
105524,IBUPROFENO TABX800MGX50-GF,GENFAR,0.0,10.0,3.0,2024-04-01 17:05:39,3,4,Otoño
105524,IBUPROFENO TABX800MGX50-GF,GENFAR,0.0,10.0,3.0,2024-04-01 21:19:47,6,4,Otoño
105524,IBUPROFENO TABX800MGX50-GF,GENFAR,0.0,10.0,3.0,2024-04-03 19:50:08,5,4,Otoño
105524,IBUPROFENO TABX800MGX50-GF,GENFAR,0.0,5.0,1.5,2024-04-05 11:33:39,9,4,Otoño
105524,IBUPROFENO TABX800MGX50-GF,GENFAR,0.0,10.0,3.0,2024-04-05 19:18:55,5,4,Otoño
105524,IBUPROFENO TABX800MGX50-GF,GENFAR,0.0,10.0,3.0,2024-04-06 14:27:17,6,4,Otoño
105524,IBUPROFENO TABX800MGX50-GF,GENFAR,0.0,10.0,3.0,2024-04-06 20:22:01,6,4,Otoño
105524,IBUPROFENO TABX800MGX50-GF,GENFAR,0.0,1.0,0.3,2024-04-07 09:06:36,2,4,Otoño
105524,IBUPROFENO TABX800MGX50-GF,GENFAR,0.0,-10.0,-3.0,2024-04-07 12:00:00,5,4,Otoño
105524,IBUPROFENO TABX800MGX50-GF,GENFAR,0.0,10.0,3.0,2024-04-07 18:43:09,1,4,Otoño
105524,IBUPROFENO TABX800MGX50-GF,GENFAR,0.0,10.0,3.0,2024-04-07 19:48:48,5,4,Otoño
105524,IBUPROFENO TABX800MGX50-GF,GENFAR,0.0,10.0,3.0,2024-04-07 19:55:21,5,4,Otoño
105524,IBUPROFENO TABX800MGX50-GF,GENFAR,0.0,10.0,3.0,2024-04-07 22:10:00,4,4,Otoño
105524,IBUPROFENO TABX800MGX50-GF,GENFAR,0.0,10.0,3.0,2024-04-09 15:01:26,7,4,Otoño
105524,IBUPROFENO TABX800MGX50-GF,GENFAR,0.0,4.0,1.2,2024-04-10 13:54:12,10,4,Otoño
105524,IBUPROFENO TABX800MGX50-GF,GENFAR,0.0,10.0,3.0,2024-04-10 20:07:31,8,4,Otoño
105524,IBUPROFENO TABX800MGX50-GF,GENFAR,0.0,8.0,2.4,2024-04-10 20:40:45,3,4,Otoño
105524,IBUPROFENO TABX800MGX50-GF,GENFAR,0.0,10.0,3.0,2024-04-11 23:42:53,4,4,Otoño
105524,IBUPROFENO TABX800MGX50-GF,GENFAR,0.0,10.0,3.0,2024-04-14 17:08:48,5,4,Otoño
105524,IBUPROFENO TABX800MGX50-GF,GENFAR,0.0,10.0,3.0,2024-04-14 17:41:58,5,4,Otoño
105524,IBUPROFENO TABX800MGX50-GF,GENFAR,0.0,10.0,3.0,2024-04-14 18:36:50,5,4,Otoño
105524,IBUPROFENO TABX800MGX50-GF,GENFAR,0.0,10.0,3.0,2024-04-15 18:52:23,5,4,Otoño
105524,IBUPROFENO TABX800MGX50-GF,GENFAR,0.0,10.0,3.0,2024-04-15 19:33:34,11,4,Otoño
105524,IBUPROFENO TABX800MGX50-GF,GENFAR,0.0,10.0,3.0,2024-04-16 16:05:58,12,4,Otoño
105524,IBUPROFENO TABX800MGX50-GF,GENFAR,0.0,10.0,3.0,2024-04-16 19:23:44,1,4,Otoño
105524,IBUPROFENO TABX800MGX50-GF,GENFAR,0.0,10.0,3.0,2024-04-16 20:16:39,1,4,Otoño
105524,IBUPROFENO TABX800MGX50-GF,GENFAR,0.0,10.0,3.0,2024-04-16 20:18:52,10,4,Otoño
105524,IBUPROFENO TABX800MGX50-GF,GENFAR,0.0,4.0,1.2,2024-04-19 08:09:57,10,4,Otoño
105524,IBUPROFENO TABX800MGX50-GF,GENFAR,0.0,10.0,3.0,2024-04-19 19:19:52,10,4,Otoño
105524,IBUPROFENO TABX800MGX50-GF,GENFAR,0.0,10.0,3.0,2024-04-20 13:52:00,7,4,Otoño
105524,IBUPROFENO TABX800MGX50-GF,GENFAR,0.0,10.0,3.0,2024-04-20 19:25:21,9,4,Otoño
105524,IBUPROFENO TABX800MGX50-GF,GENFAR,0.0,3.0,0.9,2024-04-21 21:20:43,5,4,Otoño
105524,IBUPROFENO TABX800MGX50-GF,GENFAR,0.0,10.0,3.0,2024-04-22 15:57:28,4,4,Otoño
105524,IBUPROFENO TABX800MGX50-GF,GENFAR,0.0,10.0,3.0,2024-04-23 16:22:37,3,4,Otoño
105524,IBUPROFENO TABX800MGX50-GF,GENFAR,0.0,10.0,3.0,2024-04-23 17:28:49,12,4,Otoño
105524,IBUPROFENO TABX800MGX50-GF,GENFAR,0.0,10.0,3.0,2024-04-23 20:15:26,6,4,Otoño
105524,IBUPROFENO TABX800MGX50-GF,GENFAR,0.0,3.0,0.9,2024-04-24 09:35:44,3,4,Otoño
105524,IBUPROFENO TABX800MGX50-GF,GENFAR,0.0,10.0,3.0,2024-04-24 09:51:55,3,4,Otoño
105524,IBUPROFENO TABX800MGX50-GF,GENFAR,0.0,20.0,6.0,2024-04-24 11:01:23,11,4,Otoño
105524,IBUPROFENO TABX800MGX50-GF,GENFAR,0.0,30.0,9.0,2024-04-24 13:07:04,2,4,Otoño
105524,IBUPROFENO TABX800MGX50-GF,GENFAR,0.0,10.0,3.0,2024-04-24 16:48:12,3,4,Otoño
105524,IBUPROFENO TABX800MGX50-GF,GENFAR,0.0,10.0,3.0,2024-04-24 17:05:20,7,4,Otoño
105524,IBUPROFENO TABX800MGX50-GF,GENFAR,0.0,5.0,1.5,2024-04-24 17:12:13,9,4,Otoño
105524,IBUPROFENO TABX800MGX50-GF,GENFAR,0.0,10.0,3.0,2024-04-24 17:14:09,1,4,Otoño
105524,IBUPROFENO TABX800MGX50-GF,GENFAR,0.0,10.0,3.0,2024-04-25 09:28:58,9,4,Otoño
105524,IBUPROFENO TABX800MGX50-GF,GENFAR,0.0,10.0,3.0,2024-04-25 20:05:08,9,4,Otoño
105524,IBUPROFENO TABX800MGX50-GF,GENFAR,0.0,2.0,0.6,2024-04-26 13:00:54,3,4,Otoño
105524,IBUPROFENO TABX800MGX50-GF,GENFAR,0.0,3.0,0.9,2024-04-26 16:29:23,9,4,Otoño
105524,IBUPROFENO TABX800MGX50-GF,GENFAR,0.0,2.0,0.6,2024-04-27 12:40:40,9,4,Otoño
105524,IBUPROFENO TABX800MGX50-GF,GENFAR,0.0,10.0,3.0,2024-04-27 19:45:07,1,4,Otoño
105524,IBUPROFENO TABX800MGX50-GF,GENFAR,0.0,4.0,1.2,2024-04-27 19:57:32,7,4,Otoño
105524,IBUPROFENO TABX800MGX50-GF,GENFAR,0.0,10.0,3.0,2024-04-28 19:40:02,1,4,Otoño
105524,IBUPROFENO TABX800MGX50-GF,GENFAR,0.0,1.0,0.3,2024-04-30 15:27:52,2,4,Otoño
105524,IBUPROFENO TABX800MGX50-GF,GENFAR,0.0,10.0,3.0,2024-04-30 17:36:01,1,4,Otoño
105524,IBUPROFENO TABX800MGX50-GF,GENFAR,0.0,10.0,3.0,2024-04-30 18:09:09,4,4,Otoño
105524,IBUPROFENO TABX800MGX50-GF,GENFAR,0.0,10.0,3.0,2024-05-02 19:11:50,5,5,Otoño
105524,IBUPROFENO TABX800MGX50-GF,GENFAR,0.0,10.0,3.0,2024-05-02 20:07:42,4,5,Otoño
105524,IBUPROFENO TABX800MGX50-GF,GENFAR,0.0,4.0,1.2,2024-05-03 19:23:23,3,5,Otoño
105524,IBUPROFENO TABX800MGX50-GF,GENFAR,0.0,2.0,0.6,2024-05-04 10:03:13,1,5,Otoño
105524,IBUPROFENO TABX800MGX50-GF,GENFAR,0.0,10.0,3.0,2024-05-04 12:51:44,3,5,Otoño
105524,IBUPROFENO TABX800MGX50-GF,GENFAR,0.0,10.0,3.0,2024-05-04 18:40:08,2,5,Otoño
105524,IBUPROFENO TABX800MGX50-GF,GENFAR,0.0,10.0,3.0,2024-05-04 22:30:45,7,5,Otoño
105524,IBUPROFENO TABX800MGX50-GF,GENFAR,0.0,1.0,0.3,2024-05-05 12:44:21,3,5,Otoño
105524,IBUPROFENO TABX800MGX50-GF,GENFAR,0.0,10.0,3.0,2024-05-06 19:24:31,5,5,Otoño
105524,IBUPROFENO TABX800MGX50-GF,GENFAR,0.0,3.0,0.9,2024-05-08 10:59:24,11,5,Otoño
105524,IBUPROFENO TABX800MGX50-GF,GENFAR,0.0,3.0,0.9,2024-05-09 10:16:27,11,5,Otoño
105524,IBUPROFENO TABX800MGX50-GF,GENFAR,0.0,10.0,3.0,2024-05-09 19:23:50,1,5,Otoño
105524,IBUPROFENO TABX800MGX50-GF,GENFAR,0.0,3.0,0.9,2024-05-10 11:53:41,11,5,Otoño
105524,IBUPROFENO TABX800MGX50-GF,GENFAR,0.0,10.0,3.0,2024-05-10 13:56:19,7,5,Otoño
105524,IBUPROFENO TABX800MGX50-GF,GENFAR,0.0,17.0,5.1,2024-05-10 20:13:30,9,5,Otoño
105524,IBUPROFENO TABX800MGX50-GF,GENFAR,0.0,10.0,3.0,2024-05-11 07:58:14,11,5,Otoño
105524,IBUPROFENO TABX800MGX50-GF,GENFAR,0.0,8.0,2.4,2024-05-12 11:25:31,12,5,Otoño
105524,IBUPROFENO TABX800MGX50-GF,GENFAR,0.0,10.0,3.0,2024-05-13 08:51:31,6,5,Otoño
105524,IBUPROFENO TABX800MGX50-GF,GENFAR,0.0,10.0,3.0,2024-05-13 21:14:42,10,5,Otoño
105524,IBUPROFENO TABX800MGX50-GF,GENFAR,0.0,10.0,3.0,2024-05-14 21:23:30,5,5,Otoño
105524,IBUPROFENO TABX800MGX50-GF,GENFAR,0.0,10.0,3.0,2024-05-16 19:20:39,11,5,Otoño
105524,IBUPROFENO TABX800MGX50-GF,GENFAR,0.0,10.0,3.0,2024-05-17 09:17:41,5,5,Otoño
105524,IBUPROFENO TABX800MGX50-GF,GENFAR,1.0,0.0,12.4,2024-05-17 12:36:43,2,5,Otoño
105524,IBUPROFENO TABX800MGX50-GF,GENFAR,0.0,10.0,3.0,2024-05-17 18:51:50,5,5,Otoño
105524,IBUPROFENO TABX800MGX50-GF,GENFAR,0.0,10.0,3.0,2024-05-19 15:04:21,5,5,Otoño
105524,IBUPROFENO TABX800MGX50-GF,GENFAR,0.0,40.0,12.0,2024-05-19 20:06:54,4,5,Otoño
105524,IBUPROFENO TABX800MGX50-GF,GENFAR,0.0,10.0,3.0,2024-05-20 10:17:21,1,5,Otoño
105524,IBUPROFENO TABX800MGX50-GF,GENFAR,0.0,6.0,1.8,2024-05-20 20:05:24,8,5,Otoño
105524,IBUPROFENO TABX800MGX50-GF,GENFAR,0.0,10.0,3.0,2024-05-20 20:34:47,2,5,Otoño
105524,IBUPROFENO TABX800MGX50-GF,GENFAR,0.0,10.0,3.0,2024-05-21 08:50:48,5,5,Otoño
105524,IBUPROFENO TABX800MGX50-GF,GENFAR,0.0,10.0,3.0,2024-05-22 20:23:01,5,5,Otoño
105524,IBUPROFENO TABX800MGX50-GF,GENFAR,0.0,10.0,3.0,2024-05-23 17:38:41,6,5,Otoño
105524,IBUPROFENO TABX800MGX50-GF,GENFAR,0.0,3.0,0.9,2024-05-23 21:37:55,5,5,Otoño
105524,IBUPROFENO TABX800MGX50-GF,GENFAR,0.0,10.0,3.0,2024-05-24 18:08:51,2,5,Otoño
105524,IBUPROFENO TABX800MGX50-GF,GENFAR,0.0,10.0,3.0,2024-05-25 17:49:25,5,5,Otoño
105524,IBUPROFENO TABX800MGX50-GF,GENFAR,0.0,10.0,3.0,2024-05-25 22:44:29,5,5,Otoño
105524,IBUPROFENO TABX800MGX50-GF,GENFAR,0.0,10.0,3.0,2024-05-26 13:23:53,5,5,Otoño
105524,IBUPROFENO TABX800MGX50-GF,GENFAR,0.0,10.0,3.0,2024-05-28 17:39:50,11,5,Otoño
105524,IBUPROFENO TABX800MGX50-GF,GENFAR,0.0,10.0,3.0,2024-05-28 18:40:00,7,5,Otoño
105524,IBUPROFENO TABX800MGX50-GF,GENFAR,0.0,10.0,3.0,2024-05-28 20:41:44,5,5,Otoño
105524,IBUPROFENO TABX800MGX50-GF,GENFAR,0.0,10.0,3.0,2024-05-28 22:58:28,5,5,Otoño
105524,IBUPROFENO TABX800MGX50-GF,GENFAR,0.0,10.0,3.0,2024-05-29 17:30:43,5,5,Otoño
105524,IBUPROFENO TABX800MGX50-GF,GENFAR,0.0,8.0,2.4,2024-05-29 18:10:54,1,5,Otoño
105524,IBUPROFENO TABX800MGX50-GF,GENFAR,0.0,10.0,3.0,2024-05-29 18:15:08,6,5,Otoño
105524,IBUPROFENO TABX800MGX50-GF,GENFAR,0.0,10.0,3.0,2024-05-29 18:30:01,2,5,Otoño
105524,IBUPROFENO TABX800MGX50-GF,GENFAR,0.0,10.0,3.0,2024-05-29 20:22:16,4,5,Otoño
105524,IBUPROFENO TABX800MGX50-GF,GENFAR,0.0,10.0,3.0,2024-05-31 09:50:20,6,5,Otoño
105524,IBUPROFENO TABX800MGX50-GF,GENFAR,0.0,6.0,1.8,2024-05-31 18:15:25,2,5,Otoño
105524,IBUPROFENO TABX800MGX50-GF,GENFAR,0.0,10.0,3.0,2024-05-31 20:27:21,6,5,Otoño
105524,IBUPROFENO TABX800MGX50-GF,GENFAR,0.0,7.0,2.1,2024-05-31 22:04:01,2,5,Otoño
105524,IBUPROFENO TABX800MGX50-GF,GENFAR,0.0,10.0,3.0,2024-06-01 18:02:48,7,6,Invierno
105524,IBUPROFENO TABX800MGX50-GF,GENFAR,0.0,10.0,3.0,2024-06-02 08:02:10,7,6,Invierno
105524,IBUPROFENO TABX800MGX50-GF,GENFAR,0.0,10.0,3.0,2024-06-02 17:15:22,5,6,Invierno
105524,IBUPROFENO TABX800MGX50-GF,GENFAR,0.0,5.0,1.5,2024-06-03 09:03:29,6,6,Invierno
105524,IBUPROFENO TABX800MGX50-GF,GENFAR,0.0,10.0,3.0,2024-06-03 09:56:36,11,6,Invierno
105524,IBUPROFENO TABX800MGX50-GF,GENFAR,0.0,10.0,3.0,2024-06-03 11:37:41,11,6,Invierno
105524,IBUPROFENO TABX800MGX50-GF,GENFAR,0.0,4.0,1.2,2024-06-03 16:42:42,8,6,Invierno
105524,IBUPROFENO TABX800MGX50-GF,GENFAR,0.0,1.0,0.3,2024-06-04 15:27:10,10,6,Invierno
105524,IBUPROFENO TABX800MGX50-GF,GENFAR,0.0,1.0,0.3,2024-06-04 15:28:15,10,6,Invierno
105524,IBUPROFENO TABX800MGX50-GF,GENFAR,0.0,4.0,1.2,2024-06-04 20:09:18,7,6,Invierno
105524,IBUPROFENO TABX800MGX50-GF,GENFAR,0.0,6.0,1.8,2024-06-04 23:14:16,4,6,Invierno
105524,IBUPROFENO TABX800MGX50-GF,GENFAR,0.0,10.0,3.0,2024-06-10 09:48:42,10,6,Invierno
105524,IBUPROFENO TABX800MGX50-GF,GENFAR,0.0,5.0,1.5,2024-06-10 17:45:19,5,6,Invierno
105524,IBUPROFENO 800MG TAB-GF CJAX50UNID.,GENFAR,0.0,10.0,3.0,2024-06-11 21:36:50,6,6,Invierno
105524,IBUPROFENO 800MG TAB-GF CJAX50UNID.,GENFAR,0.0,2.0,0.6,2024-06-12 07:42:22,6,6,Invierno
105524,IBUPROFENO 800MG TAB-GF CJAX50UNID.,GENFAR,0.0,20.0,6.0,2024-06-12 18:11:47,2,6,Invierno
105524,IBUPROFENO 800MG TAB-GF CJAX50UNID.,GENFAR,0.0,10.0,3.0,2024-06-12 20:38:44,2,6,Invierno
105524,IBUPROFENO 800MG TAB-GF CJAX50UNID.,GENFAR,0.0,10.0,3.0,2024-06-13 12:53:33,4,6,Invierno
105524,IBUPROFENO 800MG TAB-GF CJAX50UNID.,GENFAR,0.0,10.0,3.0,2024-06-14 16:02:55,5,6,Invierno
105524,IBUPROFENO 800MG TAB-GF CJAX50UNID.,GENFAR,0.0,10.0,3.0,2024-06-14 17:50:47,7,6,Invierno
105524,IBUPROFENO 800MG TAB-GF CJAX50UNID.,GENFAR,0.0,10.0,3.0,2024-06-14 19:12:25,5,6,Invierno
105524,IBUPROFENO 800MG TAB-GF CJAX50UNID.,GENFAR,0.0,5.0,1.5,2024-06-14 19:43:21,6,6,Invierno
105524,IBUPROFENO 800MG TAB-GF CJAX50UNID.,GENFAR,0.0,5.0,1.5,2024-06-14 20:29:56,3,6,Invierno
105524,IBUPROFENO 800MG TAB-GF CJAX50UNID.,GENFAR,0.0,10.0,3.0,2024-06-15 16:02:02,8,6,Invierno
105524,IBUPROFENO 800MG TAB-GF CJAX50UNID.,GENFAR,0.0,2.0,0.6,2024-06-15 19:13:41,5,6,Invierno
105524,IBUPROFENO 800MG TAB-GF CJAX50UNID.,GENFAR,0.0,4.0,1.2,2024-06-16 12:37:19,10,6,Invierno
105524,IBUPROFENO 800MG TAB-GF CJAX50UNID.,GENFAR,0.0,10.0,3.0,2024-06-17 16:31:14,11,6,Invierno
105524,IBUPROFENO 800MG TAB-GF CJAX50UNID.,GENFAR,0.0,10.0,3.0,2024-06-17 22:48:46,4,6,Invierno
105524,IBUPROFENO 800MG TAB-GF CJAX50UNID.,GENFAR,0.0,20.0,6.0,2024-06-18 09:54:14,1,6,Invierno
105524,IBUPROFENO 800MG TAB-GF CJAX50UNID.,GENFAR,0.0,10.0,3.0,2024-06-18 11:29:20,3,6,Invierno
105524,IBUPROFENO 800MG TAB-GF CJAX50UNID.,GENFAR,0.0,10.0,3.0,2024-06-18 11:47:05,7,6,Invierno
105524,IBUPROFENO 800MG TAB-GF CJAX50UNID.,GENFAR,0.0,10.0,3.0,2024-06-19 15:48:47,3,6,Invierno
105524,IBUPROFENO 800MG TAB-GF CJAX50UNID.,GENFAR,0.0,30.0,9.0,2024-06-20 17:40:22,12,6,Invierno
105524,IBUPROFENO 800MG TAB-GF CJAX50UNID.,GENFAR,0.0,10.0,3.0,2024-06-20 18:34:34,12,6,Invierno
105524,IBUPROFENO 800MG TAB-GF CJAX50UNID.,GENFAR,0.0,10.0,3.0,2024-06-21 16:56:29,5,6,Invierno
105524,IBUPROFENO 800MG TAB-GF CJAX50UNID.,GENFAR,0.0,10.0,3.0,2024-06-21 17:16:44,3,6,Invierno
105524,IBUPROFENO 800MG TAB-GF CJAX50UNID.,GENFAR,0.0,10.0,3.0,2024-06-21 20:23:11,3,6,Invierno
105524,IBUPROFENO 800MG TAB-GF CJAX50UNID.,GENFAR,0.0,20.0,6.0,2024-06-22 18:59:06,5,6,Invierno
105524,IBUPROFENO 800MG TAB-GF CJAX50UNID.,GENFAR,0.0,10.0,3.0,2024-06-22 21:07:06,3,6,Invierno
105524,IBUPROFENO 800MG TAB-GF CJAX50UNID.,GENFAR,0.0,10.0,3.0,2024-06-23 09:37:30,2,6,Invierno
105524,IBUPROFENO 800MG TAB-GF CJAX50UNID.,GENFAR,0.0,10.0,3.0,2024-06-24 09:59:16,1,6,Invierno
105524,IBUPROFENO 800MG TAB-GF CJAX50UNID.,GENFAR,0.0,2.0,0.6,2024-06-24 21:22:15,2,6,Invierno
105524,IBUPROFENO 800MG TAB-GF CJAX50UNID.,GENFAR,0.0,10.0,3.0,2024-06-25 12:07:27,7,6,Invierno
105524,IBUPROFENO 800MG TAB-GF CJAX50UNID.,GENFAR,0.0,2.0,0.6,2024-06-25 14:53:33,2,6,Invierno
105524,IBUPROFENO 800MG TAB-GF CJAX50UNID.,GENFAR,0.0,6.0,1.8,2024-06-25 21:47:09,2,6,Invierno
105524,IBUPROFENO 800MG TAB-GF CJAX50UNID.,GENFAR,0.0,10.0,3.0,2024-06-26 19:35:40,11,6,Invierno
105524,IBUPROFENO 800MG TAB-GF CJAX50UNID.,GENFAR,0.0,10.0,3.0,2024-06-27 10:56:19,10,6,Invierno
105524,IBUPROFENO 800MG TAB-GF CJAX50UNID.,GENFAR,0.0,10.0,3.0,2024-06-28 18:49:09,1,6,Invierno
105524,IBUPROFENO 800MG TAB-GF CJAX50UNID.,GENFAR,0.0,10.0,3.0,2024-06-28 19:30:32,1,6,Invierno
105524,IBUPROFENO 800MG TAB-GF CJAX50UNID.,GENFAR,0.0,10.0,3.0,2024-06-28 19:51:05,6,6,Invierno
105524,IBUPROFENO 800MG TAB-GF CJAX50UNID.,GENFAR,0.0,10.0,3.0,2024-06-29 10:45:07,6,6,Invierno
105524,IBUPROFENO 800MG TAB-GF CJAX50UNID.,GENFAR,0.0,5.0,1.5,2024-06-29 13:28:19,3,6,Invierno
105524,IBUPROFENO 800MG TAB-GF CJAX50UNID.,GENFAR,0.0,10.0,3.0,2024-06-29 18:35:07,12,6,Invierno
105524,IBUPROFENO 800MG TAB-GF CJAX50UNID.,GENFAR,0.0,10.0,3.0,2024-06-30 17:13:22,5,6,Invierno
105524,IBUPROFENO 800MG TAB-GF CJAX50UNID.,GENFAR,0.0,10.0,3.0,2024-07-01 14:46:11,3,7,Invierno
105524,IBUPROFENO 800MG TAB-GF CJAX50UNID.,GENFAR,0.0,10.0,3.0,2024-07-01 22:53:53,4,7,Invierno
105524,IBUPROFENO 800MG TAB-GF CJAX50UNID.,GENFAR,0.0,5.0,1.5,2024-07-02 17:19:38,5,7,Invierno
105524,IBUPROFENO 800MG TAB-GF CJAX50UNID.,GENFAR,0.0,5.0,1.5,2024-07-03 20:41:29,6,7,Invierno
105524,IBUPROFENO 800MG TAB-GF CJAX50UNID.,GENFAR,0.0,5.0,1.5,2024-07-05 09:34:23,6,7,Invierno
105524,IBUPROFENO 800MG TAB-GF CJAX50UNID.,GENFAR,0.0,10.0,3.0,2024-07-05 10:49:36,7,7,Invierno
105524,IBUPROFENO 800MG TAB-GF CJAX50UNID.,GENFAR,0.0,3.0,0.9,2024-07-06 13:21:28,9,7,Invierno
105524,IBUPROFENO 800MG TAB-GF CJAX50UNID.,GENFAR,0.0,10.0,3.0,2024-07-07 11:30:07,5,7,Invierno
105524,IBUPROFENO 800MG TAB-GF CJAX50UNID.,GENFAR,0.0,10.0,3.0,2024-07-07 12:19:07,9,7,Invierno
105524,IBUPROFENO 800MG TAB-GF CJAX50UNID.,GENFAR,0.0,10.0,3.0,2024-07-07 13:23:13,9,7,Invierno
105524,IBUPROFENO 800MG TAB-GF CJAX50UNID.,GENFAR,0.0,10.0,3.0,2024-07-07 16:15:50,5,7,Invierno
105524,IBUPROFENO 800MG TAB-GF CJAX50UNID.,GENFAR,0.0,10.0,3.0,2024-07-08 11:10:35,5,7,Invierno
105524,IBUPROFENO 800MG TAB-GF CJAX50UNID.,GENFAR,0.0,10.0,3.0,2024-07-10 13:52:34,12,7,Invierno
105524,IBUPROFENO 800MG TAB-GF CJAX50UNID.,GENFAR,0.0,1.0,0.3,2024-07-10 15:06:51,7,7,Invierno
105524,IBUPROFENO 800MG TAB-GF CJAX50UNID.,GENFAR,0.0,40.0,12.0,2024-07-10 18:30:41,12,7,Invierno
105524,IBUPROFENO 800MG TAB-GF CJAX50UNID.,GENFAR,0.0,15.0,4.5,2024-07-10 20:29:53,5,7,Invierno
105524,IBUPROFENO 800MG TAB-GF CJAX50UNID.,GENFAR,0.0,1.0,0.3,2024-07-11 21:41:37,3,7,Invierno
105524,IBUPROFENO 800MG TAB-GF CJAX50UNID.,GENFAR,0.0,9.0,2.7,2024-07-12 11:04:02,7,7,Invierno
105524,IBUPROFENO 800MG TAB-GF CJAX50UNID.,GENFAR,0.0,10.0,3.0,2024-07-12 14:15:01,8,7,Invierno
105524,IBUPROFENO 800MG TAB-GF CJAX50UNID.,GENFAR,0.0,5.0,1.5,2024-07-14 11:19:49,3,7,Invierno
105524,IBUPROFENO 800MG TAB-GF CJAX50UNID.,GENFAR,0.0,10.0,3.0,2024-07-14 16:54:17,3,7,Invierno
105524,IBUPROFENO 800MG TAB-GF CJAX50UNID.,GENFAR,0.0,10.0,3.0,2024-07-16 10:42:43,8,7,Invierno
105524,IBUPROFENO 800MG TAB-GF CJAX50UNID.,GENFAR,0.0,7.0,2.1,2024-07-16 11:27:56,9,7,Invierno
105524,IBUPROFENO 800MG TAB-GF CJAX50UNID.,GENFAR,0.0,10.0,3.0,2024-07-16 14:21:41,8,7,Invierno
105524,IBUPROFENO 800MG TAB-GF CJAX50UNID.,GENFAR,0.0,10.0,3.0,2024-07-17 08:40:24,4,7,Invierno
105524,IBUPROFENO 800MG TAB-GF CJAX50UNID.,GENFAR,0.0,10.0,3.0,2024-07-17 17:48:01,11,7,Invierno
105524,IBUPROFENO 800MG TAB-GF CJAX50UNID.,GENFAR,0.0,10.0,3.0,2024-07-17 19:08:59,11,7,Invierno
105524,IBUPROFENO 800MG TAB-GF CJAX50UNID.,GENFAR,0.0,10.0,3.0,2024-07-17 22:15:33,4,7,Invierno
105524,IBUPROFENO 800MG TAB-GF CJAX50UNID.,GENFAR,0.0,3.0,0.9,2024-07-20 10:53:05,3,7,Invierno
105524,IBUPROFENO 800MG TAB-GF CJAX50UNID.,GENFAR,0.0,20.0,6.0,2024-07-21 17:46:13,9,7,Invierno
105524,IBUPROFENO 800MG TAB-GF CJAX50UNID.,GENFAR,0.0,20.0,6.0,2024-07-21 19:29:09,1,7,Invierno
105524,IBUPROFENO 800MG TAB-GF CJAX50UNID.,GENFAR,0.0,40.0,12.0,2024-07-22 10:35:33,6,7,Invierno
105524,IBUPROFENO 800MG TAB-GF CJAX50UNID.,GENFAR,0.0,10.0,3.0,2024-07-22 21:34:23,12,7,Invierno
105524,IBUPROFENO 800MG TAB-GF CJAX50UNID.,GENFAR,0.0,10.0,3.0,2024-07-23 15:25:37,9,7,Invierno
105524,IBUPROFENO 800MG TAB-GF CJAX50UNID.,GENFAR,0.0,10.0,3.0,2024-07-23 17:55:47,7,7,Invierno
105524,IBUPROFENO 800MG TAB-GF CJAX50UNID.,GENFAR,0.0,10.0,3.0,2024-07-23 18:47:21,2,7,Invierno
105524,IBUPROFENO 800MG TAB-GF CJAX50UNID.,GENFAR,0.0,10.0,3.0,2024-07-23 19:33:33,11,7,Invierno
105524,IBUPROFENO 800MG TAB-GF CJAX50UNID.,GENFAR,0.0,10.0,3.0,2024-07-24 07:58:31,12,7,Invierno
105524,IBUPROFENO 800MG TAB-GF CJAX50UNID.,GENFAR,0.0,10.0,3.0,2024-07-24 09:16:43,1,7,Invierno
105524,IBUPROFENO 800MG TAB-GF CJAX50UNID.,GENFAR,0.0,10.0,3.0,2024-07-24 14:50:35,5,7,Invierno
105524,IBUPROFENO 800MG TAB-GF CJAX50UNID.,GENFAR,0.0,3.0,0.9,2024-07-24 21:17:58,3,7,Invierno
105524,IBUPROFENO 800MG TAB-GF CJAX50UNID.,GENFAR,0.0,10.0,3.0,2024-07-25 12:25:48,12,7,Invierno
105524,IBUPROFENO 800MG TAB-GF CJAX50UNID.,GENFAR,0.0,10.0,3.0,2024-07-25 20:06:20,12,7,Invierno
105524,IBUPROFENO 800MG TAB-GF CJAX50UNID.,GENFAR,0.0,10.0,3.0,2024-07-25 20:31:12,10,7,Invierno
105524,IBUPROFENO 800MG TAB-GF CJAX50UNID.,GENFAR,0.0,10.0,3.0,2024-07-26 15:30:14,10,7,Invierno
105524,IBUPROFENO 800MG TAB-GF CJAX50UNID.,GENFAR,0.0,20.0,6.0,2024-07-26 15:33:39,2,7,Invierno
105524,IBUPROFENO 800MG TAB-GF CJAX50UNID.,GENFAR,0.0,10.0,3.0,2024-07-26 16:23:42,1,7,Invierno
105524,IBUPROFENO 800MG TAB-GF CJAX50UNID.,GENFAR,0.0,10.0,3.0,2024-07-26 17:52:55,7,7,Invierno
105524,IBUPROFENO 800MG TAB-GF CJAX50UNID.,GENFAR,0.0,10.0,3.0,2024-07-26 18:37:33,1,7,Invierno
105524,IBUPROFENO 800MG TAB-GF CJAX50UNID.,GENFAR,0.0,10.0,3.0,2024-07-27 18:59:28,7,7,Invierno
105524,IBUPROFENO 800MG TAB-GF CJAX50UNID.,GENFAR,0.0,6.0,1.8,2024-07-28 19:09:36,3,7,Invierno
105524,IBUPROFENO 800MG TAB-GF CJAX50UNID.,GENFAR,0.0,10.0,3.0,2024-07-29 14:40:32,9,7,Invierno
105524,IBUPROFENO 800MG TAB-GF CJAX50UNID.,GENFAR,0.0,10.0,3.0,2024-07-29 16:49:39,5,7,Invierno
105524,IBUPROFENO 800MG TAB-GF CJAX50UNID.,GENFAR,0.0,10.0,3.0,2024-07-30 14:10:18,12,7,Invierno
105524,IBUPROFENO 800MG TAB-GF CJAX50UNID.,GENFAR,0.0,10.0,3.0,2024-07-30 19:55:50,5,7,Invierno
105524,IBUPROFENO 800MG TAB-GF CJAX50UNID.,GENFAR,0.0,20.0,6.0,2024-07-31 09:21:38,7,7,Invierno
105524,IBUPROFENO 800MG TAB-GF CJAX50UNID.,GENFAR,0.0,40.0,12.0,2024-07-31 10:43:52,6,7,Invierno
105524,IBUPROFENO 800MG TAB-GF CJAX50UNID.,GENFAR,0.0,10.0,3.0,2024-07-31 20:10:32,2,7,Invierno
105524,IBUPROFENO 800MG TAB-GF CJAX50UNID.,GENFAR,0.0,10.0,3.0,2024-07-31 20:59:28,9,7,Invierno
105524,IBUPROFENO 800MG TAB-GF CJAX50UNID.,GENFAR,0.0,10.0,3.0,2024-08-01 09:56:42,2,8,Invierno
105524,IBUPROFENO 800MG TAB-GF CJAX50UNID.,GENFAR,0.0,10.0,3.0,2024-08-01 21:58:30,5,8,Invierno
105524,IBUPROFENO 800MG TAB-GF CJAX50UNID.,GENFAR,0.0,30.0,9.0,2024-08-02 10:00:10,6,8,Invierno
105524,IBUPROFENO 800MG TAB-GF CJAX50UNID.,GENFAR,0.0,10.0,3.0,2024-08-02 18:20:11,11,8,Invierno
105524,IBUPROFENO 800MG TAB-GF CJAX50UNID.,GENFAR,0.0,2.0,0.6,2024-08-02 18:37:03,3,8,Invierno
105524,IBUPROFENO 800MG TAB-GF CJAX50UNID.,GENFAR,0.0,10.0,3.0,2024-08-02 19:50:41,11,8,Invierno
105524,IBUPROFENO 800MG TAB-GF CJAX50UNID.,GENFAR,0.0,20.0,6.0,2024-08-04 09:27:56,11,8,Invierno
105524,IBUPROFENO 800MG TAB-GF CJAX50UNID.,GENFAR,0.0,20.0,6.0,2024-08-05 17:01:26,10,8,Invierno
105524,IBUPROFENO 800MG TAB-GF CJAX50UNID.,GENFAR,0.0,10.0,3.0,2024-08-05 18:59:28,9,8,Invierno
105524,IBUPROFENO 800MG TAB-GF CJAX50UNID.,GENFAR,0.0,6.0,1.8,2024-08-06 12:21:30,9,8,Invierno
105524,IBUPROFENO 800MG TAB-GF CJAX50UNID.,GENFAR,0.0,10.0,3.0,2024-08-06 13:31:03,11,8,Invierno
105524,IBUPROFENO 800MG TAB-GF CJAX50UNID.,GENFAR,0.0,10.0,3.0,2024-08-08 20:42:41,8,8,Invierno
105524,IBUPROFENO 800MG TAB-GF CJAX50UNID.,GENFAR,0.0,20.0,6.0,2024-08-10 20:07:23,5,8,Invierno
105524,IBUPROFENO 800MG TAB-GF CJAX50UNID.,GENFAR,0.0,10.0,3.0,2024-08-11 12:04:23,10,8,Invierno
105524,IBUPROFENO 800MG TAB-GF CJAX50UNID.,GENFAR,0.0,6.0,1.8,2024-08-17 09:55:36,6,8,Invierno
105524,IBUPROFENO 800MG TAB-GF CJAX50UNID.,GENFAR,0.0,10.0,3.0,2024-08-20 13:22:57,9,8,Invierno
105524,IBUPROFENO 800MG TAB-GF CJAX50UNID.,GENFAR,0.0,10.0,3.0,2024-08-21 08:56:53,5,8,Invierno
105524,IBUPROFENO 800MG TAB-GF CJAX50UNID.,GENFAR,0.0,10.0,3.0,2024-08-22 20:23:25,5,8,Invierno
105524,IBUPROFENO 800MG TAB-GF CJAX50UNID.,GENFAR,0.0,-10.0,-3.0,2024-08-24 12:00:00,5,8,Invierno
105524,IBUPROFENO 800MG TAB-GF CJAX50UNID.,GENFAR,0.0,6.0,1.8,2024-08-24 18:54:53,9,8,Invierno
105524,IBUPROFENO 800MG TAB-GF CJAX50UNID.,GENFAR,0.0,10.0,3.0,2024-08-24 21:32:45,5,8,Invierno
105524,IBUPROFENO 800MG TAB-GF CJAX50UNID.,GENFAR,0.0,10.0,3.0,2024-08-24 21:36:58,5,8,Invierno
105524,IBUPROFENO 800MG TAB-GF CJAX50UNID.,GENFAR,0.0,1.0,0.3,2024-08-28 12:54:13,9,8,Invierno
105524,IBUPROFENO 800MG TAB-GF CJAX50UNID.,GENFAR,0.0,10.0,3.0,2024-08-28 19:54:09,9,8,Invierno
105524,IBUPROFENO 800MG TAB-GF CJAX50UNID.,GENFAR,0.0,10.0,3.0,2024-08-29 20:46:06,5,8,Invierno
105524,IBUPROFENO 800MG TAB-GF CJAX50UNID.,GENFAR,0.0,10.0,3.0,2024-09-03 19:03:25,3,9,Primavera
105524,IBUPROFENO 800MG TAB-GF CJAX50UNID.,GENFAR,0.0,10.0,3.0,2024-09-04 13:48:06,7,9,Primavera
105524,IBUPROFENO 800MG TAB-GF CJAX50UNID.,GENFAR,0.0,9.0,2.7,2024-09-05 15:50:05,6,9,Primavera
105524,IBUPROFENO 800MG TAB-GF CJAX50UNID.,GENFAR,0.0,2.0,0.6,2024-09-07 14:19:35,7,9,Primavera
105524,IBUPROFENO 800MG TAB-GF CJAX50UNID.,GENFAR,0.0,10.0,3.0,2024-09-07 19:45:46,1,9,Primavera
105524,IBUPROFENO 800MG TAB-GF CJAX50UNID.,GENFAR,0.0,10.0,3.0,2024-09-07 20:58:55,3,9,Primavera
105524,IBUPROFENO 800MG TAB-GF CJAX50UNID.,GENFAR,0.0,10.0,3.0,2024-09-07 22:10:44,2,9,Primavera
105524,IBUPROFENO 800MG TAB-GF CJAX50UNID.,GENFAR,0.0,10.0,3.0,2024-09-08 18:42:11,2,9,Primavera
105524,IBUPROFENO 800MG TAB-GF CJAX50UNID.,GENFAR,0.0,5.0,1.5,2024-09-09 16:48:31,3,9,Primavera
105524,IBUPROFENO 800MG TAB-GF CJAX50UNID.,GENFAR,0.0,10.0,3.0,2024-09-09 19:28:51,7,9,Primavera
105524,IBUPROFENO 800MG TAB-GF CJAX50UNID.,GENFAR,0.0,20.0,6.0,2024-09-10 10:29:57,2,9,Primavera
105524,IBUPROFENO 800MG TAB-GF CJAX50UNID.,GENFAR,0.0,6.0,1.8,2024-09-10 12:49:31,9,9,Primavera
105524,IBUPROFENO 800MG TAB-GF CJAX50UNID.,GENFAR,0.0,1.0,0.3,2024-09-10 17:40:32,8,9,Primavera
105524,IBUPROFENO 800MG TAB-GF CJAX50UNID.,GENFAR,0.0,10.0,3.0,2024-09-10 21:29:19,3,9,Primavera
105524,IBUPROFENO 800MG TAB-GF CJAX50UNID.,GENFAR,0.0,10.0,3.0,2024-09-10 21:42:37,12,9,Primavera
105524,IBUPROFENO 800MG TAB-GF CJAX50UNID.,GENFAR,0.0,4.0,1.2,2024-09-12 09:44:58,3,9,Primavera
105524,IBUPROFENO 800MG TAB-GF CJAX50UNID.,GENFAR,0.0,10.0,3.0,2024-09-12 19:57:38,1,9,Primavera
105524,IBUPROFENO 800MG TAB-GF CJAX50UNID.,GENFAR,0.0,10.0,3.0,2024-09-12 20:41:21,8,9,Primavera
105524,IBUPROFENO 800MG TAB-GF CJAX50UNID.,GENFAR,0.0,5.0,1.5,2024-09-13 07:35:24,10,9,Primavera
105524,IBUPROFENO 800MG TAB-GF CJAX50UNID.,GENFAR,0.0,4.0,1.2,2024-09-13 13:56:22,2,9,Primavera
105524,IBUPROFENO 800MG TAB-GF CJAX50UNID.,GENFAR,0.0,5.0,1.5,2024-09-13 20:35:29,3,9,Primavera
105524,IBUPROFENO 800MG TAB-GF CJAX50UNID.,GENFAR,0.0,4.0,1.2,2024-09-14 13:12:52,9,9,Primavera
105524,IBUPROFENO 800MG TAB-GF CJAX50UNID.,GENFAR,0.0,20.0,6.0,2024-09-14 15:35:35,1,9,Primavera
105524,IBUPROFENO 800MG TAB-GF CJAX50UNID.,GENFAR,0.0,6.0,1.8,2024-09-15 13:35:37,9,9,Primavera
105524,IBUPROFENO 800MG TAB-GF CJAX50UNID.,GENFAR,0.0,5.0,1.5,2024-09-15 18:56:15,10,9,Primavera
105524,IBUPROFENO 800MG TAB-GF CJAX50UNID.,GENFAR,0.0,10.0,3.0,2024-09-18 08:29:48,3,9,Primavera
105524,IBUPROFENO 800MG TAB-GF CJAX50UNID.,GENFAR,0.0,20.0,6.0,2024-09-18 18:39:06,12,9,Primavera
105524,IBUPROFENO 800MG TAB-GF CJAX50UNID.,GENFAR,0.0,10.0,3.0,2024-09-18 19:47:12,1,9,Primavera
105524,IBUPROFENO 800MG TAB-GF CJAX50UNID.,GENFAR,0.0,10.0,3.0,2024-09-18 21:26:58,4,9,Primavera
105524,IBUPROFENO 800MG TAB-GF CJAX50UNID.,GENFAR,0.0,20.0,6.0,2024-09-19 20:21:08,7,9,Primavera
105524,IBUPROFENO 800MG TAB-GF CJAX50UNID.,GENFAR,0.0,5.0,1.5,2024-09-20 20:37:36,3,9,Primavera
105524,IBUPROFENO 800MG TAB-GF CJAX50UNID.,GENFAR,0.0,10.0,3.0,2024-09-21 08:33:42,4,9,Primavera
105524,IBUPROFENO 800MG TAB-GF CJAX50UNID.,GENFAR,0.0,10.0,3.0,2024-09-21 12:09:40,9,9,Primavera
105524,IBUPROFENO 800MG TAB-GF CJAX50UNID.,GENFAR,0.0,10.0,3.0,2024-09-22 14:15:21,10,9,Primavera
105524,IBUPROFENO 800MG TAB-GF CJAX50UNID.,GENFAR,0.0,10.0,3.0,2024-09-22 23:03:43,5,9,Primavera
105524,IBUPROFENO 800MG TAB-GF CJAX50UNID.,GENFAR,0.0,5.0,1.5,2024-09-24 09:54:45,9,9,Primavera
105524,IBUPROFENO 800MG TAB-GF CJAX50UNID.,GENFAR,0.0,-5.0,-1.5,2024-09-24 12:00:00,9,9,Primavera
105524,IBUPROFENO 800MG TAB-GF CJAX50UNID.,GENFAR,0.0,1.0,0.3,2024-09-24 12:42:13,8,9,Primavera
105524,IBUPROFENO 800MG TAB-GF CJAX50UNID.,GENFAR,0.0,10.0,3.0,2024-09-25 17:29:02,4,9,Primavera
105524,IBUPROFENO 800MG TAB-GF CJAX50UNID.,GENFAR,0.0,10.0,3.0,2024-09-26 18:28:44,3,9,Primavera
105524,IBUPROFENO 800MG TAB-GF CJAX50UNID.,GENFAR,0.0,9.0,2.7,2024-09-26 19:23:48,10,9,Primavera
105524,IBUPROFENO 800MG TAB-GF CJAX50UNID.,GENFAR,0.0,10.0,3.0,2024-09-28 07:51:59,9,9,Primavera
105524,IBUPROFENO 800MG TAB-GF CJAX50UNID.,GENFAR,0.0,10.0,3.0,2024-09-28 09:06:16,5,9,Primavera
105524,IBUPROFENO 800MG TAB-GF CJAX50UNID.,GENFAR,0.0,10.0,3.0,2024-09-28 17:47:22,8,9,Primavera
105524,IBUPROFENO 800MG TAB-GF CJAX50UNID.,GENFAR,0.0,10.0,3.0,2024-09-29 07:34:30,6,9,Primavera
105524,IBUPROFENO 800MG TAB-GF CJAX50UNID.,GENFAR,0.0,10.0,3.0,2024-09-30 07:28:56,6,9,Primavera
105524,IBUPROFENO 800MG TAB-GF CJAX50UNID.,GENFAR,0.0,5.0,1.5,2024-10-01 18:06:10,9,10,Primavera
105524,IBUPROFENO 800MG TAB-GF CJAX50UNID.,GENFAR,0.0,5.0,1.5,2024-10-01 18:12:00,9,10,Primavera
105524,IBUPROFENO 800MG TAB-GF CJAX50UNID.,GENFAR,0.0,10.0,3.0,2024-10-02 14:35:03,9,10,Primavera
105524,IBUPROFENO 800MG TAB-GF CJAX50UNID.,GENFAR,0.0,2.0,0.6,2024-10-02 16:56:45,6,10,Primavera
105524,IBUPROFENO 800MG TAB-GF CJAX50UNID.,GENFAR,0.0,10.0,3.0,2024-10-02 19:21:16,8,10,Primavera
105524,IBUPROFENO 800MG TAB-GF CJAX50UNID.,GENFAR,0.0,10.0,3.0,2024-10-02 21:27:08,10,10,Primavera
105524,IBUPROFENO 800MG TAB-GF CJAX50UNID.,GENFAR,0.0,20.0,6.0,2024-10-04 19:09:43,6,10,Primavera
105524,IBUPROFENO 800MG TAB-GF CJAX50UNID.,GENFAR,0.0,10.0,3.0,2024-10-05 10:52:39,3,10,Primavera
105524,IBUPROFENO 800MG TAB-GF CJAX50UNID.,GENFAR,0.0,10.0,3.0,2024-10-08 17:41:48,1,10,Primavera
105524,IBUPROFENO 800MG TAB-GF CJAX50UNID.,GENFAR,0.0,10.0,3.0,2024-10-08 19:46:03,5,10,Primavera
105524,IBUPROFENO 800MG TAB-GF CJAX50UNID.,GENFAR,0.0,-1.0,-0.3,2024-10-09 12:00:00,11,10,Primavera
105524,IBUPROFENO 800MG TAB-GF CJAX50UNID.,GENFAR,0.0,1.0,0.3,2024-10-09 14:29:09,11,10,Primavera
105524,IBUPROFENO 800MG TAB-GF CJAX50UNID.,GENFAR,0.0,10.0,3.0,2024-10-09 18:06:53,8,10,Primavera
105524,IBUPROFENO 800MG TAB-GF CJAX50UNID.,GENFAR,0.0,1.0,0.3,2024-10-09 22:00:00,6,10,Primavera
105524,IBUPROFENO 800MG TAB-GF CJAX50UNID.,GENFAR,0.0,10.0,3.0,2024-10-10 13:41:35,13,10,Primavera
105524,IBUPROFENO 800MG TAB-GF CJAX50UNID.,GENFAR,0.0,10.0,3.0,2024-10-10 19:30:46,9,10,Primavera
105524,IBUPROFENO 800MG TAB-GF CJAX50UNID.,GENFAR,0.0,5.0,1.5,2024-10-10 20:40:13,7,10,Primavera
105524,IBUPROFENO 800MG TAB-GF CJAX50UNID.,GENFAR,0.0,5.0,1.5,2024-10-10 21:17:45,11,10,Primavera
105524,IBUPROFENO 800MG TAB-GF CJAX50UNID.,GENFAR,0.0,4.0,1.2,2024-10-11 15:53:10,9,10,Primavera
105524,IBUPROFENO 800MG TAB-GF CJAX50UNID.,GENFAR,0.0,9.0,2.7,2024-10-11 17:39:54,5,10,Primavera
105524,IBUPROFENO 800MG TAB-GF CJAX50UNID.,GENFAR,0.0,5.0,1.5,2024-10-12 09:42:34,10,10,Primavera
105524,IBUPROFENO 800MG TAB-GF CJAX50UNID.,GENFAR,0.0,10.0,3.0,2024-10-12 09:45:51,5,10,Primavera
105524,IBUPROFENO 800MG TAB-GF CJAX50UNID.,GENFAR,0.0,10.0,3.0,2024-10-12 12:49:02,9,10,Primavera
105524,IBUPROFENO 800MG TAB-GF CJAX50UNID.,GENFAR,0.0,10.0,3.0,2024-10-12 18:38:03,12,10,Primavera
105524,IBUPROFENO 800MG TAB-GF CJAX50UNID.,GENFAR,0.0,10.0,3.0,2024-10-13 21:07:00,2,10,Primavera
105524,IBUPROFENO 800MG TAB-GF CJAX50UNID.,GENFAR,0.0,10.0,3.0,2024-10-14 19:40:40,4,10,Primavera
105524,IBUPROFENO 800MG TAB-GF CJAX50UNID.,GENFAR,0.0,6.0,1.8,2024-10-15 17:56:22,10,10,Primavera
105524,IBUPROFENO 800MG TAB-GF CJAX50UNID.,GENFAR,0.0,10.0,3.0,2024-10-15 19:28:24,9,10,Primavera
105524,IBUPROFENO 800MG TAB-GF CJAX50UNID.,GENFAR,0.0,30.0,9.0,2024-10-16 17:38:57,9,10,Primavera
105524,IBUPROFENO 800MG TAB-GF CJAX50UNID.,GENFAR,0.0,10.0,3.0,2024-10-16 20:32:41,11,10,Primavera
105524,IBUPROFENO 800MG TAB-GF CJAX50UNID.,GENFAR,0.0,10.0,3.0,2024-10-17 16:20:34,3,10,Primavera
105524,IBUPROFENO 800MG TAB-GF CJAX50UNID.,GENFAR,0.0,10.0,3.0,2024-10-17 18:20:58,11,10,Primavera
105524,IBUPROFENO 800MG TAB-GF CJAX50UNID.,GENFAR,0.0,10.0,2.8,2024-10-17 20:50:53,13,10,Primavera
105524,IBUPROFENO 800MG TAB-GF CJAX50UNID.,GENFAR,0.0,10.0,3.0,2024-10-18 15:16:13,3,10,Primavera
105524,IBUPROFENO 800MG TAB-GF CJAX50UNID.,GENFAR,0.0,10.0,3.0,2024-10-18 18:55:23,13,10,Primavera
105524,IBUPROFENO 800MG TAB-GF CJAX50UNID.,GENFAR,0.0,10.0,3.0,2024-10-19 10:42:39,6,10,Primavera
105524,IBUPROFENO 800MG TAB-GF CJAX50UNID.,GENFAR,0.0,10.0,3.0,2024-10-20 17:41:30,4,10,Primavera
105524,IBUPROFENO 800MG TAB-GF CJAX50UNID.,GENFAR,0.0,20.0,5.6,2024-10-21 13:43:22,12,10,Primavera
105524,IBUPROFENO 800MG TAB-GF CJAX50UNID.,GENFAR,0.0,10.0,3.0,2024-10-21 17:22:28,2,10,Primavera
105524,IBUPROFENO 800MG TAB-GF CJAX50UNID.,GENFAR,0.0,20.0,6.0,2024-10-22 10:52:11,6,10,Primavera
105524,IBUPROFENO 800MG TAB-GF CJAX50UNID.,GENFAR,0.0,20.0,6.0,2024-10-22 10:54:04,6,10,Primavera
105524,IBUPROFENO 800MG TAB-GF CJAX50UNID.,GENFAR,0.0,-20.0,-6.0,2024-10-22 12:00:00,6,10,Primavera
105524,IBUPROFENO 800MG TAB-GF CJAX50UNID.,GENFAR,0.0,10.0,3.0,2024-10-22 18:29:44,1,10,Primavera
105524,IBUPROFENO 800MG TAB-GF CJAX50UNID.,GENFAR,0.0,1.0,0.3,2024-10-22 18:50:22,3,10,Primavera
105524,IBUPROFENO 800MG TAB-GF CJAX50UNID.,GENFAR,0.0,10.0,3.0,2024-10-23 19:22:07,9,10,Primavera
105524,IBUPROFENO 800MG TAB-GF CJAX50UNID.,GENFAR,0.0,10.0,3.0,2024-10-24 16:01:07,13,10,Primavera
105524,IBUPROFENO 800MG TAB-GF CJAX50UNID.,GENFAR,0.0,10.0,3.0,2024-10-24 20:06:39,3,10,Primavera
105524,IBUPROFENO 800MG TAB-GF CJAX50UNID.,GENFAR,0.0,2.0,0.6,2024-10-25 12:57:57,7,10,Primavera
105524,IBUPROFENO 800MG TAB-GF CJAX50UNID.,GENFAR,0.0,10.0,3.0,2024-10-26 12:00:12,2,10,Primavera
105524,IBUPROFENO 800MG TAB-GF CJAX50UNID.,GENFAR,0.0,10.0,3.0,2024-10-26 21:35:25,6,10,Primavera
105524,IBUPROFENO 800MG TAB-GF CJAX50UNID.,GENFAR,0.0,10.0,3.0,2024-10-27 16:52:12,3,10,Primavera
105524,IBUPROFENO 800MG TAB-GF CJAX50UNID.,GENFAR,0.0,10.0,3.0,2024-10-28 10:16:19,13,10,Primavera
105524,IBUPROFENO 800MG TAB-GF CJAX50UNID.,GENFAR,0.0,14.0,4.2,2024-10-28 11:42:29,1,10,Primavera
105524,IBUPROFENO 800MG TAB-GF CJAX50UNID.,GENFAR,0.0,10.0,3.0,2024-10-28 13:03:51,3,10,Primavera
105524,IBUPROFENO 800MG TAB-GF CJAX50UNID.,GENFAR,0.0,10.0,3.0,2024-10-28 18:43:40,3,10,Primavera
105524,IBUPROFENO 800MG TAB-GF CJAX50UNID.,GENFAR,0.0,3.0,0.9,2024-10-28 19:24:09,8,10,Primavera
105524,IBUPROFENO 800MG TAB-GF CJAX50UNID.,GENFAR,0.0,3.0,0.9,2024-10-28 19:27:26,8,10,Primavera
105524,IBUPROFENO 800MG TAB-GF CJAX50UNID.,GENFAR,0.0,10.0,3.0,2024-10-29 09:31:06,7,10,Primavera
105524,IBUPROFENO 800MG TAB-GF CJAX50UNID.,GENFAR,0.0,10.0,3.0,2024-10-29 10:41:57,9,10,Primavera
105524,IBUPROFENO 800MG TAB-GF CJAX50UNID.,GENFAR,0.0,10.0,3.0,2024-10-29 11:31:59,6,10,Primavera
105524,IBUPROFENO 800MG TAB-GF CJAX50UNID.,GENFAR,0.0,10.0,3.0,2024-10-29 13:44:28,9,10,Primavera
105524,IBUPROFENO 800MG TAB-GF CJAX50UNID.,GENFAR,0.0,20.0,6.0,2024-10-29 16:44:31,7,10,Primavera
105524,IBUPROFENO 800MG TAB-GF CJAX50UNID.,GENFAR,0.0,5.0,1.5,2024-10-31 11:46:38,1,10,Primavera
105524,IBUPROFENO 800MG TAB-GF CJAX50UNID.,GENFAR,0.0,5.0,1.5,2024-11-01 11:51:20,3,11,Primavera
105524,IBUPROFENO 800MG TAB-GF CJAX50UNID.,GENFAR,0.0,10.0,3.0,2024-11-01 15:35:47,3,11,Primavera
105524,IBUPROFENO 800MG TAB-GF CJAX50UNID.,GENFAR,0.0,10.0,3.0,2024-11-03 12:56:44,11,11,Primavera
105524,IBUPROFENO 800MG TAB-GF CJAX50UNID.,GENFAR,0.0,10.0,3.0,2024-11-03 15:02:44,12,11,Primavera
105524,IBUPROFENO 800MG TAB-GF CJAX50UNID.,GENFAR,0.0,3.0,0.9,2024-11-03 17:49:24,1,11,Primavera
105524,IBUPROFENO 800MG TAB-GF CJAX50UNID.,GENFAR,0.0,10.0,3.0,2024-11-04 18:49:32,2,11,Primavera
105524,IBUPROFENO 800MG TAB-GF CJAX50UNID.,GENFAR,0.0,20.0,6.0,2024-11-05 10:43:53,12,11,Primavera
105524,IBUPROFENO 800MG TAB-GF CJAX50UNID.,GENFAR,0.0,2.0,0.6,2024-11-05 11:34:48,8,11,Primavera
105524,IBUPROFENO 800MG TAB-GF CJAX50UNID.,GENFAR,0.0,10.0,3.0,2024-11-05 20:08:03,3,11,Primavera
105524,IBUPROFENO 800MG TAB-GF CJAX50UNID.,GENFAR,0.0,10.0,3.0,2024-11-06 19:55:58,13,11,Primavera
105524,IBUPROFENO 800MG TAB-GF CJAX50UNID.,GENFAR,0.0,10.0,3.0,2024-11-06 19:57:48,3,11,Primavera
105524,IBUPROFENO 800MG TAB-GF CJAX50UNID.,GENFAR,0.0,4.0,1.2,2024-11-07 16:20:16,9,11,Primavera
105524,IBUPROFENO 800MG TAB-GF CJAX50UNID.,GENFAR,0.0,10.0,3.0,2024-11-08 10:21:46,3,11,Primavera
105524,IBUPROFENO 800MG TAB-GF CJAX50UNID.,GENFAR,0.0,10.0,3.0,2024-11-08 14:21:25,13,11,Primavera
105524,IBUPROFENO 800MG TAB-GF CJAX50UNID.,GENFAR,0.0,2.0,0.6,2024-11-09 17:20:39,3,11,Primavera
105524,IBUPROFENO 800MG TAB-GF CJAX50UNID.,GENFAR,0.0,10.0,3.0,2024-11-10 19:00:43,13,11,Primavera
105524,IBUPROFENO 800MG TAB-GF CJAX50UNID.,GENFAR,0.0,10.0,2.8,2024-11-10 20:39:29,12,11,Primavera
105524,IBUPROFENO 800MG TAB-GF CJAX50UNID.,GENFAR,0.0,10.0,3.0,2024-11-11 17:09:09,3,11,Primavera
105524,IBUPROFENO 800MG TAB-GF CJAX50UNID.,GENFAR,0.0,3.0,0.9,2024-11-11 19:14:21,3,11,Primavera
105524,IBUPROFENO 800MG TAB-GF CJAX50UNID.,GENFAR,0.0,20.0,6.0,2024-11-12 09:38:56,2,11,Primavera
105524,IBUPROFENO 800MG TAB-GF CJAX50UNID.,GENFAR,0.0,10.0,3.0,2024-11-12 11:18:28,2,11,Primavera
105524,IBUPROFENO 800MG TAB-GF CJAX50UNID.,GENFAR,0.0,2.0,0.6,2024-11-12 19:49:22,1,11,Primavera
105524,IBUPROFENO 800MG TAB-GF CJAX50UNID.,GENFAR,0.0,3.0,0.9,2024-11-12 20:18:07,7,11,Primavera
105524,IBUPROFENO 800MG TAB-GF CJAX50UNID.,GENFAR,0.0,10.0,3.0,2024-11-13 09:56:21,2,11,Primavera
105524,IBUPROFENO 800MG TAB-GF CJAX50UNID.,GENFAR,0.0,10.0,3.0,2024-11-13 18:02:24,7,11,Primavera
105524,IBUPROFENO 800MG TAB-GF CJAX50UNID.,GENFAR,0.0,10.0,3.0,2024-11-15 07:30:19,11,11,Primavera
105524,IBUPROFENO 800MG TAB-GF CJAX50UNID.,GENFAR,0.0,4.0,1.2,2024-11-16 18:03:25,11,11,Primavera
105524,IBUPROFENO 800MG TAB-GF CJAX50UNID.,GENFAR,0.0,10.0,3.0,2024-11-16 19:37:26,13,11,Primavera
105524,IBUPROFENO 800MG TAB-GF CJAX50UNID.,GENFAR,0.0,6.0,1.8,2024-11-16 21:00:53,9,11,Primavera
105524,IBUPROFENO 800MG TAB-GF CJAX50UNID.,GENFAR,0.0,8.0,2.4,2024-11-20 22:19:26,7,11,Primavera
105524,IBUPROFENO 800MG TAB-GF CJAX50UNID.,GENFAR,0.0,2.0,0.6,2024-11-21 20:00:59,9,11,Primavera
105524,IBUPROFENO 800MG TAB-GF CJAX50UNID.,GENFAR,0.0,10.0,3.0,2024-11-21 21:35:20,1,11,Primavera
105524,IBUPROFENO 800MG TAB-GF CJAX50UNID.,GENFAR,0.0,10.0,3.0,2024-11-23 21:04:37,11,11,Primavera
105524,IBUPROFENO 800MG TAB-GF CJAX50UNID.,GENFAR,0.0,10.0,3.0,2024-11-24 12:59:18,11,11,Primavera
105524,IBUPROFENO 800MG TAB-GF CJAX50UNID.,GENFAR,0.0,7.0,2.1,2024-11-27 10:17:59,1,11,Primavera
105524,IBUPROFENO 800MG TAB-GF CJAX50UNID.,GENFAR,0.0,5.0,1.5,2024-11-29 12:26:07,6,11,Primavera
105524,IBUPROFENO 800MG TAB-GF CJAX50UNID.,GENFAR,0.0,10.0,3.0,2024-11-29 21:59:14,6,11,Primavera
105524,IBUPROFENO 800MG TAB-GF CJAX50UNID.,GENFAR,0.0,6.0,1.8,2024-12-01 09:42:10,6,12,Verano
105524,IBUPROFENO 800MG TAB-GF CJAX50UNID.,GENFAR,0.0,10.0,3.0,2024-12-01 15:11:50,12,12,Verano
105524,IBUPROFENO 800MG TAB-GF CJAX50UNID.,GENFAR,0.0,10.0,3.0,2024-12-01 15:15:24,2,12,Verano
105524,IBUPROFENO 800MG TAB-GF CJAX50UNID.,GENFAR,0.0,10.0,3.0,2024-12-02 19:49:39,3,12,Verano
105524,IBUPROFENO 800MG TAB-GF CJAX50UNID.,GENFAR,0.0,10.0,3.0,2024-12-03 16:27:34,3,12,Verano
105524,IBUPROFENO 800MG TAB-GF CJAX50UNID.,GENFAR,0.0,10.0,3.0,2024-12-04 14:17:05,13,12,Verano
105524,IBUPROFENO 800MG TAB-GF CJAX50UNID.,GENFAR,0.0,20.0,6.0,2024-12-04 16:48:52,3,12,Verano
105524,IBUPROFENO 800MG TAB-GF CJAX50UNID.,GENFAR,0.0,10.0,3.0,2024-12-06 18:37:41,7,12,Verano
105524,IBUPROFENO 800MG TAB-GF CJAX50UNID.,GENFAR,0.0,10.0,3.0,2024-12-06 21:45:28,11,12,Verano
105524,IBUPROFENO 800MG TAB-GF CJAX50UNID.,GENFAR,0.0,10.0,3.0,2024-12-07 16:16:48,3,12,Verano
105524,IBUPROFENO 800MG TAB-GF CJAX50UNID.,GENFAR,0.0,10.0,3.0,2024-12-08 18:58:34,5,12,Verano
105524,IBUPROFENO 800MG TAB-GF CJAX50UNID.,GENFAR,0.0,10.0,3.0,2024-12-08 20:21:27,7,12,Verano
105524,IBUPROFENO 800MG TAB-GF CJAX50UNID.,GENFAR,0.0,10.0,3.0,2024-12-09 09:40:07,3,12,Verano
105524,IBUPROFENO 800MG TAB-GF CJAX50UNID.,GENFAR,0.0,10.0,3.0,2024-12-09 16:23:02,4,12,Verano
105524,IBUPROFENO 800MG TAB-GF CJAX50UNID.,GENFAR,0.0,5.0,1.5,2024-12-10 13:16:29,3,12,Verano
105524,IBUPROFENO 800MG TAB-GF CJAX50UNID.,GENFAR,0.0,2.0,0.6,2024-12-10 19:51:13,1,12,Verano
105524,IBUPROFENO 800MG TAB-GF CJAX50UNID.,GENFAR,0.0,10.0,3.0,2024-12-11 08:42:31,6,12,Verano
105524,IBUPROFENO 800MG TAB-GF CJAX50UNID.,GENFAR,0.0,10.0,3.0,2024-12-13 08:57:37,3,12,Verano
105524,IBUPROFENO 800MG TAB-GF CJAX50UNID.,GENFAR,0.0,4.0,1.2,2024-12-14 14:16:57,2,12,Verano
105524,IBUPROFENO 800MG TAB-GF CJAX50UNID.,GENFAR,0.0,10.0,3.0,2024-12-14 19:51:56,2,12,Verano
105524,IBUPROFENO 800MG TAB-GF CJAX50UNID.,GENFAR,0.0,10.0,3.0,2024-12-14 19:56:08,3,12,Verano
105524,IBUPROFENO 800MG TAB-GF CJAX50UNID.,GENFAR,0.0,10.0,3.0,2024-12-15 18:17:44,10,12,Verano
105524,IBUPROFENO 800MG TAB-GF CJAX50UNID.,GENFAR,0.0,2.0,0.6,2024-12-15 19:46:29,1,12,Verano
105524,IBUPROFENO 800MG TAB-GF CJAX50UNID.,GENFAR,0.0,10.0,3.0,2024-12-15 21:14:43,12,12,Verano
105524,IBUPROFENO 800MG TAB-GF CJAX50UNID.,GENFAR,0.0,3.0,0.9,2024-12-15 21:49:45,1,12,Verano
105524,IBUPROFENO 800MG TAB-GF CJAX50UNID.,GENFAR,0.0,10.0,3.0,2024-12-17 11:53:55,5,12,Verano
105524,IBUPROFENO 800MG TAB-GF CJAX50UNID.,GENFAR,0.0,10.0,3.0,2024-12-17 16:30:02,13,12,Verano
105524,IBUPROFENO 800MG TAB-GF CJAX50UNID.,GENFAR,0.0,10.0,3.0,2024-12-18 09:08:21,7,12,Verano
105524,IBUPROFENO 800MG TAB-GF CJAX50UNID.,GENFAR,0.0,10.0,3.0,2024-12-19 12:53:28,12,12,Verano
105524,IBUPROFENO 800MG TAB-GF CJAX50UNID.,GENFAR,0.0,10.0,3.0,2024-12-19 13:35:07,2,12,Verano
105524,IBUPROFENO 800MG TAB-GF CJAX50UNID.,GENFAR,0.0,10.0,3.0,2024-12-20 11:09:19,2,12,Verano
105524,IBUPROFENO 800MG TAB-GF CJAX50UNID.,GENFAR,0.0,10.0,3.0,2024-12-20 13:23:12,5,12,Verano
105524,IBUPROFENO 800MG TAB-GF CJAX50UNID.,GENFAR,0.0,10.0,3.0,2024-12-21 12:11:19,1,12,Verano
105524,IBUPROFENO 800MG TAB-GF CJAX50UNID.,GENFAR,0.0,10.0,3.0,2024-12-21 20:35:49,5,12,Verano
105524,IBUPROFENO 800MG TAB-GF CJAX50UNID.,GENFAR,0.0,5.0,1.5,2024-12-21 20:39:35,12,12,Verano
105524,IBUPROFENO 800MG TAB-GF CJAX50UNID.,GENFAR,0.0,10.0,3.0,2024-12-22 08:32:10,6,12,Verano
105524,IBUPROFENO 800MG TAB-GF CJAX50UNID.,GENFAR,0.0,1.0,0.3,2024-12-22 09:20:22,11,12,Verano
105524,IBUPROFENO 800MG TAB-GF CJAX50UNID.,GENFAR,0.0,20.0,6.0,2024-12-22 18:23:13,12,12,Verano
105524,IBUPROFENO 800MG TAB-GF CJAX50UNID.,GENFAR,0.0,10.0,3.0,2024-12-22 21:34:49,6,12,Verano
105524,IBUPROFENO 800MG TAB-GF CJAX50UNID.,GENFAR,0.0,10.0,3.0,2024-12-23 20:13:54,3,12,Verano
105524,IBUPROFENO 800MG TAB-GF CJAX50UNID.,GENFAR,0.0,10.0,3.0,2024-12-24 12:35:41,6,12,Verano
105524,IBUPROFENO 800MG TAB-GF CJAX50UNID.,GENFAR,0.0,10.0,3.0,2024-12-24 14:24:18,2,12,Verano
105524,IBUPROFENO 800MG TAB-GF CJAX50UNID.,GENFAR,0.0,10.0,3.0,2024-12-24 14:55:56,13,12,Verano
105524,IBUPROFENO 800MG TAB-GF CJAX50UNID.,GENFAR,0.0,10.0,3.0,2024-12-24 16:16:26,10,12,Verano
105524,IBUPROFENO 800MG TAB-GF CJAX50UNID.,GENFAR,0.0,10.0,3.0,2024-12-25 10:45:57,5,12,Verano
105524,IBUPROFENO 800MG TAB-GF CJAX50UNID.,GENFAR,0.0,10.0,3.0,2024-12-25 21:25:21,5,12,Verano
105524,IBUPROFENO 800MG TAB-GF CJAX50UNID.,GENFAR,0.0,4.0,1.2,2024-12-26 22:23:37,5,12,Verano
105524,IBUPROFENO 800MG TAB-GF CJAX50UNID.,GENFAR,0.0,5.0,1.5,2024-12-27 15:58:11,3,12,Verano
105524,IBUPROFENO 800MG TAB-GF CJAX50UNID.,GENFAR,0.0,10.0,3.0,2024-12-28 17:33:17,13,12,Verano
105524,IBUPROFENO 800MG TAB-GF CJAX50UNID.,GENFAR,0.0,10.0,3.0,2024-12-30 13:36:01,2,12,Verano
105524,IBUPROFENO 800MG TAB-GF CJAX50UNID.,GENFAR,0.0,10.0,3.0,2024-12-31 08:32:32,12,12,Verano
105524,IBUPROFENO 800MG TAB-GF CJAX50UNID.,GENFAR,0.0,10.0,3.0,2024-12-31 18:44:35,12,12,Verano
105524,IBUPROFENO 800MG TAB-GF CJAX50UNID.,GENFAR,0.0,10.0,3.0,2024-12-31 18:58:33,10,12,Verano
105524,IBUPROFENO 800MG TAB-GF CJAX50UNID.,GENFAR,0.0,10.0,3.0,2025-01-01 10:54:56,10,1,Verano
105524,IBUPROFENO 800MG TAB-GF CJAX50UNID.,GENFAR,0.0,10.0,3.0,2025-01-02 12:34:31,3,1,Verano
105524,IBUPROFENO 800MG TAB-GF CJAX50UNID.,GENFAR,0.0,10.0,3.0,2025-01-02 22:35:31,4,1,Verano
105524,IBUPROFENO 800MG TAB-GF CJAX50UNID.,GENFAR,0.0,5.0,1.5,2025-01-03 19:24:08,5,1,Verano
105524,IBUPROFENO 800MG TAB-GF CJAX50UNID.,GENFAR,0.0,10.0,3.0,2025-01-04 15:39:43,2,1,Verano
105524,IBUPROFENO 800MG TAB-GF CJAX50UNID.,GENFAR,0.0,20.0,6.0,2025-01-05 07:32:49,13,1,Verano
105524,IBUPROFENO 800MG TAB-GF CJAX50UNID.,GENFAR,0.0,10.0,3.0,2025-01-05 08:06:57,13,1,Verano
105524,IBUPROFENO 800MG TAB-GF CJAX50UNID.,GENFAR,0.0,10.0,3.0,2025-01-05 09:45:00,11,1,Verano
105524,IBUPROFENO 800MG TAB-GF CJAX50UNID.,GENFAR,0.0,2.0,0.6,2025-01-05 16:40:12,10,1,Verano
105524,IBUPROFENO 800MG TAB-GF CJAX50UNID.,GENFAR,0.0,10.0,3.0,2025-01-05 20:21:07,12,1,Verano
105524,IBUPROFENO 800MG TAB-GF CJAX50UNID.,GENFAR,0.0,2.0,0.6,2025-01-07 21:02:59,2,1,Verano
105524,IBUPROFENO 800MG TAB-GF CJAX50UNID.,GENFAR,0.0,10.0,3.0,2025-01-07 21:54:23,5,1,Verano
105524,IBUPROFENO 800MG TAB-GF CJAX50UNID.,GENFAR,0.0,10.0,3.0,2025-01-08 12:00:07,2,1,Verano
105524,IBUPROFENO 800MG TAB-GF CJAX50UNID.,GENFAR,0.0,2.0,0.6,2025-01-08 20:52:08,1,1,Verano
105524,IBUPROFENO 800MG TAB-GF CJAX50UNID.,GENFAR,1.0,0.0,12.6,2025-01-09 08:21:05,11,1,Verano
105524,IBUPROFENO 800MG TAB-GF CJAX50UNID.,GENFAR,0.0,6.0,1.8,2025-01-09 10:22:49,11,1,Verano
105524,IBUPROFENO 800MG TAB-GF CJAX50UNID.,GENFAR,0.0,10.0,3.0,2025-01-09 17:11:14,2,1,Verano
105524,IBUPROFENO 800MG TAB-GF CJAX50UNID.,GENFAR,0.0,20.0,6.0,2025-01-10 23:24:06,4,1,Verano
105524,IBUPROFENO 800MG TAB-GF CJAX50UNID.,GENFAR,0.0,5.0,1.5,2025-01-11 14:57:42,5,1,Verano
105524,IBUPROFENO 800MG TAB-GF CJAX50UNID.,GENFAR,0.0,4.0,1.2,2025-01-11 19:55:59,11,1,Verano
105524,IBUPROFENO 800MG TAB-GF CJAX50UNID.,GENFAR,0.0,1.0,0.3,2025-01-12 10:42:07,11,1,Verano
105524,IBUPROFENO 800MG TAB-GF CJAX50UNID.,GENFAR,0.0,10.0,3.0,2025-01-12 15:51:53,13,1,Verano
105524,IBUPROFENO 800MG TAB-GF CJAX50UNID.,GENFAR,0.0,5.0,1.5,2025-01-12 18:04:22,12,1,Verano
105524,IBUPROFENO 800MG TAB-GF CJAX50UNID.,GENFAR,0.0,8.0,2.4,2025-01-16 14:44:48,10,1,Verano
105524,IBUPROFENO 800MG TAB-GF CJAX50UNID.,GENFAR,0.0,4.0,1.2,2025-01-16 20:39:07,2,1,Verano
105524,IBUPROFENO 800MG TAB-GF CJAX50UNID.,GENFAR,0.0,2.0,0.6,2025-01-17 22:24:41,4,1,Verano
105524,IBUPROFENO 800MG TAB-GF CJAX50UNID.,GENFAR,0.0,10.0,3.0,2025-01-18 23:23:36,4,1,Verano
105524,IBUPROFENO 800MG TAB-GF CJAX50UNID.,GENFAR,0.0,10.0,3.0,2025-01-19 19:32:21,5,1,Verano
105524,IBUPROFENO 800MG TAB-GF CJAX50UNID.,GENFAR,0.0,4.0,1.2,2025-01-21 22:02:10,7,1,Verano
105524,IBUPROFENO 800MG TAB-GF CJAX50UNID.,GENFAR,0.0,3.0,0.9,2025-01-22 14:08:30,15,1,Verano
105524,IBUPROFENO 800MG TAB-GF CJAX50UNID.,GENFAR,0.0,4.0,1.2,2025-01-27 10:55:07,4,1,Verano
105524,IBUPROFENO 800MG TAB-GF CJAX50UNID.,GENFAR,0.0,10.0,3.0,2025-01-28 21:42:29,7,1,Verano
105524,IBUPROFENO 800MG TAB-GF CJAX50UNID.,GENFAR,0.0,1.0,0.3,2025-01-31 18:09:25,7,1,Verano
105524,IBUPROFENO 800MG TAB-GF CJAX50UNID.,GENFAR,0.0,5.0,1.5,2025-01-31 21:11:12,7,1,Verano
105524,IBUPROFENO 800MG TAB-GF CJAX50UNID.,GENFAR,0.0,7.0,2.1,2025-02-03 18:11:31,5,2,Verano
105524,IBUPROFENO 800MG TAB-GF CJAX50UNID.,GENFAR,0.0,4.0,1.2,2025-02-04 23:14:37,4,2,Verano
105524,IBUPROFENO 800MG TAB-GF CJAX50UNID.,GENFAR,0.0,1.0,0.3,2025-02-07 21:14:42,3,2,Verano
105524,IBUPROFENO 800MG TAB-GF CJAX50UNID.,GENFAR,0.0,1.0,0.3,2025-02-08 20:44:21,3,2,Verano
105524,IBUPROFENO 800MG TAB-GF CJAX50UNID.,GENFAR,0.0,10.0,3.0,2025-02-08 20:59:52,11,2,Verano
105524,IBUPROFENO 800MG TAB-GF CJAX50UNID.,GENFAR,0.0,10.0,3.0,2025-02-08 21:26:00,7,2,Verano
105524,IBUPROFENO 800MG TAB-GF CJAX50UNID.,GENFAR,0.0,10.0,3.0,2025-02-09 13:07:26,15,2,Verano
105524,IBUPROFENO 800MG TAB-GF CJAX50UNID.,GENFAR,0.0,2.0,0.6,2025-02-09 18:43:05,3,2,Verano
105524,IBUPROFENO 800MG TAB-GF CJAX50UNID.,GENFAR,0.0,10.0,3.0,2025-02-09 21:02:30,7,2,Verano
105524,IBUPROFENO 800MG TAB-GF CJAX50UNID.,GENFAR,0.0,10.0,3.0,2025-02-09 21:56:11,3,2,Verano
105524,IBUPROFENO 800MG TAB-GF CJAX50UNID.,GENFAR,0.0,4.0,1.2,2025-02-09 21:58:53,2,2,Verano
105524,IBUPROFENO 800MG TAB-GF CJAX50UNID.,GENFAR,0.0,10.0,3.0,2025-02-11 16:27:27,3,2,Verano
105524,IBUPROFENO 800MG TAB-GF CJAX50UNID.,GENFAR,0.0,10.0,3.0,2025-02-12 19:49:44,3,2,Verano
105524,IBUPROFENO 800MG TAB-GF CJAX50UNID.,GENFAR,0.0,10.0,3.0,2025-02-13 10:41:54,5,2,Verano
105524,IBUPROFENO 800MG TAB-GF CJAX50UNID.,GENFAR,0.0,10.0,3.0,2025-02-13 16:14:54,9,2,Verano
105524,IBUPROFENO 800MG TAB-GF CJAX50UNID.,GENFAR,0.0,4.0,1.2,2025-02-13 19:55:40,9,2,Verano
105524,IBUPROFENO 800MG TAB-GF CJAX50UNID.,GENFAR,0.0,10.0,3.0,2025-02-13 23:18:52,4,2,Verano
105524,IBUPROFENO 800MG TAB-GF CJAX50UNID.,GENFAR,0.0,10.0,3.0,2025-02-14 19:30:34,1,2,Verano
105524,IBUPROFENO 800MG TAB-GF CJAX50UNID.,GENFAR,0.0,3.0,0.9,2025-02-14 20:46:03,10,2,Verano
105524,IBUPROFENO 800MG TAB-GF CJAX50UNID.,GENFAR,0.0,10.0,3.0,2025-02-15 10:41:45,10,2,Verano
105524,IBUPROFENO 800MG TAB-GF CJAX50UNID.,GENFAR,0.0,4.0,1.2,2025-02-15 19:46:22,9,2,Verano
105524,IBUPROFENO 800MG TAB-GF CJAX50UNID.,GENFAR,0.0,10.0,3.0,2025-02-15 20:01:47,12,2,Verano
105524,IBUPROFENO 800MG TAB-GF CJAX50UNID.,GENFAR,0.0,20.0,6.0,2025-02-16 09:41:34,6,2,Verano
105524,IBUPROFENO 800MG TAB-GF CJAX50UNID.,GENFAR,0.0,1.0,0.3,2025-02-16 11:39:42,13,2,Verano
105524,IBUPROFENO 800MG TAB-GF CJAX50UNID.,GENFAR,0.0,10.0,3.0,2025-02-18 11:37:42,10,2,Verano
105524,IBUPROFENO 800MG TAB-GF CJAX50UNID.,GENFAR,0.0,10.0,3.0,2025-02-18 12:26:43,12,2,Verano
105524,IBUPROFENO 800MG TAB-GF CJAX50UNID.,GENFAR,0.0,10.0,3.0,2025-02-18 18:43:19,9,2,Verano
105524,IBUPROFENO 800MG TAB-GF CJAX50UNID.,GENFAR,0.0,10.0,3.0,2025-02-18 21:55:05,9,2,Verano
105524,IBUPROFENO 800MG TAB-GF CJAX50UNID.,GENFAR,0.0,10.0,3.0,2025-02-18 22:17:18,9,2,Verano
105524,IBUPROFENO 800MG TAB-GF CJAX50UNID.,GENFAR,0.0,10.0,3.0,2025-02-19 17:27:20,9,2,Verano
105524,IBUPROFENO 800MG TAB-GF CJAX50UNID.,GENFAR,0.0,10.0,3.0,2025-02-19 21:35:44,7,2,Verano
105524,IBUPROFENO 800MG TAB-GF CJAX50UNID.,GENFAR,0.0,10.0,3.0,2025-02-20 21:01:45,12,2,Verano
105524,IBUPROFENO 800MG TAB-GF CJAX50UNID.,GENFAR,0.0,5.0,1.5,2025-02-20 21:30:53,3,2,Verano
105524,IBUPROFENO 800MG TAB-GF CJAX50UNID.,GENFAR,0.0,10.0,3.0,2025-02-22 11:16:47,1,2,Verano
105524,IBUPROFENO 800MG TAB-GF CJAX50UNID.,GENFAR,0.0,10.0,2.8,2025-02-22 14:38:02,7,2,Verano
105524,IBUPROFENO 800MG TAB-GF CJAX50UNID.,GENFAR,0.0,10.0,3.0,2025-02-23 18:11:31,12,2,Verano
105524,IBUPROFENO 800MG TAB-GF CJAX50UNID.,GENFAR,0.0,10.0,3.0,2025-02-23 18:43:56,7,2,Verano
105524,IBUPROFENO 800MG TAB-GF CJAX50UNID.,GENFAR,0.0,10.0,3.0,2025-02-24 11:40:17,9,2,Verano
105524,IBUPROFENO 800MG TAB-GF CJAX50UNID.,GENFAR,0.0,10.0,3.0,2025-02-24 18:32:20,10,2,Verano
105524,IBUPROFENO 800MG TAB-GF CJAX50UNID.,GENFAR,0.0,10.0,3.0,2025-02-25 14:03:48,13,2,Verano
105524,IBUPROFENO 800MG TAB-GF CJAX50UNID.,GENFAR,0.0,10.0,3.0,2025-02-25 15:52:12,9,2,Verano
105524,IBUPROFENO 800MG TAB-GF CJAX50UNID.,GENFAR,0.0,10.0,3.0,2025-02-25 20:35:39,7,2,Verano
105524,IBUPROFENO 800MG TAB-GF CJAX50UNID.,GENFAR,0.0,10.0,3.0,2025-02-26 18:20:03,7,2,Verano
105524,IBUPROFENO 800MG TAB-GF CJAX50UNID.,GENFAR,0.0,10.0,3.0,2025-02-26 20:13:18,3,2,Verano
105524,IBUPROFENO 800MG TAB-GF CJAX50UNID.,GENFAR,0.0,10.0,3.0,2025-02-28 10:08:28,6,2,Verano
105524,IBUPROFENO 800MG TAB-GF CJAX50UNID.,GENFAR,0.0,2.0,0.6,2025-03-03 08:14:15,3,3,Otoño
105524,IBUPROFENO 800MG TAB-GF CJAX50UNID.,GENFAR,0.0,10.0,3.0,2025-03-03 16:31:52,6,3,Otoño
105524,IBUPROFENO 800MG TAB-GF CJAX50UNID.,GENFAR,0.0,10.0,3.0,2025-03-03 19:19:52,9,3,Otoño
105524,IBUPROFENO 800MG TAB-GF CJAX50UNID.,GENFAR,0.0,10.0,3.0,2025-03-03 21:04:54,5,3,Otoño
105524,IBUPROFENO 800MG TAB-GF CJAX50UNID.,GENFAR,0.0,20.0,6.0,2025-03-03 22:29:34,3,3,Otoño
105524,IBUPROFENO 800MG TAB-GF CJAX50UNID.,GENFAR,0.0,6.0,1.8,2025-03-04 20:18:51,2,3,Otoño
105524,IBUPROFENO 800MG TAB-GF CJAX50UNID.,GENFAR,0.0,10.0,2.8,2025-03-04 21:45:26,13,3,Otoño
105524,IBUPROFENO 800MG TAB-GF CJAX50UNID.,GENFAR,0.0,10.0,3.0,2025-03-05 08:45:44,4,3,Otoño
105524,IBUPROFENO 800MG TAB-GF CJAX50UNID.,GENFAR,0.0,10.0,3.0,2025-03-05 08:49:01,4,3,Otoño
105524,IBUPROFENO 800MG TAB-GF CJAX50UNID.,GENFAR,0.0,10.0,3.0,2025-03-05 11:38:08,3,3,Otoño
105524,IBUPROFENO 800MG TAB-GF CJAX50UNID.,GENFAR,0.0,-10.0,-3.0,2025-03-05 15:23:05,4,3,Otoño
105524,IBUPROFENO 800MG TAB-GF CJAX50UNID.,GENFAR,0.0,10.0,3.0,2025-03-06 15:20:38,11,3,Otoño
105524,IBUPROFENO 800MG TAB-GF CJAX50UNID.,GENFAR,0.0,10.0,3.0,2025-03-06 21:05:21,12,3,Otoño
105524,IBUPROFENO 800MG TAB-GF CJAX50UNID.,GENFAR,0.0,10.0,3.0,2025-03-06 22:31:59,13,3,Otoño
105524,IBUPROFENO 800MG TAB-GF CJAX50UNID.,GENFAR,0.0,10.0,3.0,2025-03-07 19:52:17,10,3,Otoño
105524,IBUPROFENO 800MG TAB-GF CJAX50UNID.,GENFAR,0.0,30.0,9.0,2025-03-07 20:26:37,3,3,Otoño
105524,IBUPROFENO 800MG TAB-GF CJAX50UNID.,GENFAR,0.0,10.0,3.0,2025-03-08 22:39:39,13,3,Otoño
105524,IBUPROFENO 800MG TAB-GF CJAX50UNID.,GENFAR,0.0,10.0,3.0,2025-03-09 10:26:55,2,3,Otoño
105524,IBUPROFENO 800MG TAB-GF CJAX50UNID.,GENFAR,0.0,10.0,3.0,2025-03-09 11:22:03,2,3,Otoño
105524,IBUPROFENO 800MG TAB-GF CJAX50UNID.,GENFAR,0.0,10.0,3.0,2025-03-09 20:51:01,2,3,Otoño
105524,IBUPROFENO 800MG TAB-GF CJAX50UNID.,GENFAR,0.0,10.0,3.0,2025-03-09 21:57:18,5,3,Otoño
105524,IBUPROFENO 800MG TAB-GF CJAX50UNID.,GENFAR,0.0,5.0,1.5,2025-03-10 07:54:31,2,3,Otoño
105524,IBUPROFENO 800MG TAB-GF CJAX50UNID.,GENFAR,0.0,10.0,3.0,2025-03-10 07:55:57,7,3,Otoño
105524,IBUPROFENO 800MG TAB-GF CJAX50UNID.,GENFAR,0.0,2.0,0.6,2025-03-10 10:50:10,7,3,Otoño
105524,IBUPROFENO 800MG TAB-GF CJAX50UNID.,GENFAR,0.0,3.0,0.9,2025-03-10 12:36:10,13,3,Otoño
105524,IBUPROFENO 800MG TAB-GF CJAX50UNID.,GENFAR,0.0,7.0,2.1,2025-03-11 13:34:36,10,3,Otoño
105524,IBUPROFENO 800MG TAB-GF CJAX50UNID.,GENFAR,0.0,5.0,1.5,2025-03-11 18:59:15,5,3,Otoño
105524,IBUPROFENO 800MG TAB-GF CJAX50UNID.,GENFAR,0.0,10.0,3.0,2025-03-12 03:35:49,4,3,Otoño
105524,IBUPROFENO 800MG TAB-GF CJAX50UNID.,GENFAR,0.0,10.0,3.0,2025-03-12 09:25:11,3,3,Otoño
105524,IBUPROFENO 800MG TAB-GF CJAX50UNID.,GENFAR,0.0,2.0,0.6,2025-03-12 10:54:14,3,3,Otoño
105524,IBUPROFENO 800MG TAB-GF CJAX50UNID.,GENFAR,0.0,10.0,3.0,2025-03-12 20:38:12,6,3,Otoño
105524,IBUPROFENO 800MG TAB-GF CJAX50UNID.,GENFAR,0.0,10.0,3.0,2025-03-12 21:34:01,15,3,Otoño
105524,IBUPROFENO 800MG TAB-GF CJAX50UNID.,GENFAR,0.0,2.0,0.6,2025-03-13 11:21:44,3,3,Otoño
105524,IBUPROFENO 800MG TAB-GF CJAX50UNID.,GENFAR,0.0,20.0,6.0,2025-03-13 11:54:36,1,3,Otoño
105524,IBUPROFENO 800MG TAB-GF CJAX50UNID.,GENFAR,0.0,10.0,3.0,2025-03-13 13:51:56,12,3,Otoño
105524,IBUPROFENO 800MG TAB-GF CJAX50UNID.,GENFAR,0.0,10.0,3.0,2025-03-14 11:52:56,5,3,Otoño
105524,IBUPROFENO 800MG TAB-GF CJAX50UNID.,GENFAR,0.0,10.0,3.0,2025-03-14 13:10:12,3,3,Otoño
105524,IBUPROFENO 800MG TAB-GF CJAX50UNID.,GENFAR,0.0,2.0,0.6,2025-03-14 17:32:46,3,3,Otoño
105524,IBUPROFENO 800MG TAB-GF CJAX50UNID.,GENFAR,0.0,10.0,3.0,2025-03-15 20:54:46,1,3,Otoño
105524,IBUPROFENO 800MG TAB-GF CJAX50UNID.,GENFAR,0.0,10.0,3.0,2025-03-16 18:36:17,2,3,Otoño
105524,IBUPROFENO 800MG TAB-GF CJAX50UNID.,GENFAR,0.0,10.0,3.0,2025-03-17 11:51:47,9,3,Otoño
105524,IBUPROFENO 800MG TAB-GF CJAX50UNID.,GENFAR,0.0,10.0,3.0,2025-03-17 20:34:00,5,3,Otoño
105524,IBUPROFENO 800MG TAB-GF CJAX50UNID.,GENFAR,0.0,10.0,3.0,2025-03-19 09:21:43,4,3,Otoño
105524,IBUPROFENO 800MG TAB-GF CJAX50UNID.,GENFAR,0.0,20.0,6.0,2025-03-19 20:27:57,2,3,Otoño
105524,IBUPROFENO 800MG TAB-GF CJAX50UNID.,GENFAR,0.0,1.0,0.3,2025-03-19 22:59:40,7,3,Otoño
105524,IBUPROFENO 800MG TAB-GF CJAX50UNID.,GENFAR,0.0,10.0,3.0,2025-03-20 07:33:40,9,3,Otoño
105524,IBUPROFENO 800MG TAB-GF CJAX50UNID.,GENFAR,0.0,10.0,3.0,2025-03-20 12:09:12,2,3,Otoño
105524,IBUPROFENO 800MG TAB-GF CJAX50UNID.,GENFAR,0.0,10.0,3.0,2025-03-20 15:39:23,5,3,Otoño
105524,IBUPROFENO 800MG TAB-GF CJAX50UNID.,GENFAR,0.0,10.0,3.0,2025-03-20 16:08:22,4,3,Otoño
105524,IBUPROFENO 800MG TAB-GF CJAX50UNID.,GENFAR,0.0,10.0,3.0,2025-03-21 14:39:28,3,3,Otoño
105524,IBUPROFENO 800MG TAB-GF CJAX50UNID.,GENFAR,0.0,20.0,6.0,2025-03-21 18:35:44,8,3,Otoño
105524,IBUPROFENO 800MG TAB-GF CJAX50UNID.,GENFAR,0.0,5.0,1.5,2025-03-21 18:53:50,13,3,Otoño
105524,IBUPROFENO 800MG TAB-GF CJAX50UNID.,GENFAR,0.0,2.0,0.6,2025-03-21 22:37:59,11,3,Otoño
105524,IBUPROFENO 800MG TAB-GF CJAX50UNID.,GENFAR,0.0,10.0,3.0,2025-03-22 12:27:04,13,3,Otoño
105524,IBUPROFENO 800MG TAB-GF CJAX50UNID.,GENFAR,0.0,5.0,1.5,2025-03-22 17:55:41,9,3,Otoño
105524,IBUPROFENO 800MG TAB-GF CJAX50UNID.,GENFAR,0.0,2.0,0.48,2025-03-22 20:20:25,11,3,Otoño
105524,IBUPROFENO 800MG TAB-GF CJAX50UNID.,GENFAR,0.0,10.0,3.0,2025-03-24 10:53:01,4,3,Otoño
105524,IBUPROFENO 800MG TAB-GF CJAX50UNID.,GENFAR,0.0,10.0,3.0,2025-03-24 17:21:52,2,3,Otoño
105524,IBUPROFENO 800MG TAB-GF CJAX50UNID.,GENFAR,0.0,8.0,2.4,2025-03-25 12:07:30,9,3,Otoño
105524,IBUPROFENO 800MG TAB-GF CJAX50UNID.,GENFAR,0.0,10.0,3.0,2025-03-25 18:02:33,12,3,Otoño
105524,IBUPROFENO 800MG TAB-GF CJAX50UNID.,GENFAR,0.0,10.0,3.0,2025-03-26 20:26:20,8,3,Otoño
105524,IBUPROFENO 800MG TAB-GF CJAX50UNID.,GENFAR,0.0,10.0,3.0,2025-03-27 13:36:02,4,3,Otoño
105524,IBUPROFENO 800MG TAB-GF CJAX50UNID.,GENFAR,0.0,10.0,3.0,2025-03-27 19:19:43,8,3,Otoño
105524,IBUPROFENO 800MG TAB-GF CJAX50UNID.,GENFAR,0.0,10.0,3.0,2025-03-27 22:45:54,4,3,Otoño
105524,IBUPROFENO 800MG TAB-GF CJAX50UNID.,GENFAR,0.0,10.0,3.0,2025-03-28 11:56:24,9,3,Otoño
105524,IBUPROFENO 800MG TAB-GF CJAX50UNID.,GENFAR,0.0,2.0,0.6,2025-03-28 16:21:41,11,3,Otoño
105524,IBUPROFENO 800MG TAB-GF CJAX50UNID.,GENFAR,0.0,1.0,0.3,2025-03-28 21:06:37,7,3,Otoño
105524,IBUPROFENO 800MG TAB-GF CJAX50UNID.,GENFAR,0.0,10.0,3.0,2025-03-28 21:48:06,12,3,Otoño
105524,IBUPROFENO 800MG TAB-GF CJAX50UNID.,GENFAR,0.0,2.0,0.56,2025-03-28 22:45:37,11,3,Otoño
105524,IBUPROFENO 800MG TAB-GF CJAX50UNID.,GENFAR,0.0,10.0,3.0,2025-03-29 09:29:44,9,3,Otoño
105524,IBUPROFENO 800MG TAB-GF CJAX50UNID.,GENFAR,0.0,10.0,3.0,2025-03-29 20:07:44,8,3,Otoño
105524,IBUPROFENO 800MG TAB-GF CJAX50UNID.,GENFAR,0.0,10.0,3.0,2025-03-30 19:02:37,12,3,Otoño
105524,IBUPROFENO 800MG TAB-GF CJAX50UNID.,GENFAR,0.0,10.0,3.0,2025-03-30 22:14:00,6,3,Otoño
105524,IBUPROFENO 800MG TAB-GF CJAX50UNID.,GENFAR,0.0,10.0,3.0,2025-03-30 22:28:19,6,3,Otoño
105524,IBUPROFENO 800MG TAB-GF CJAX50UNID.,GENFAR,0.0,6.0,1.8,2025-03-31 15:06:34,3,3,Otoño
105524,IBUPROFENO 800MG TAB-GF CJAX50UNID.,GENFAR,0.0,6.0,1.8,2025-03-31 18:37:42,2,3,Otoño
105524,IBUPROFENO 800MG TAB-GF CJAX50UNID.,GENFAR,0.0,10.0,3.0,2025-04-01 09:51:35,3,4,Otoño
105524,IBUPROFENO 800MG TAB-GF CJAX50UNID.,GENFAR,0.0,2.0,0.6,2025-04-01 17:36:40,9,4,Otoño
105524,IBUPROFENO 800MG TAB-GF CJAX50UNID.,GENFAR,0.0,10.0,3.0,2025-04-01 18:49:41,8,4,Otoño
105524,IBUPROFENO 800MG TAB-GF CJAX50UNID.,GENFAR,0.0,10.0,3.0,2025-04-03 19:06:22,4,4,Otoño
105524,IBUPROFENO 800MG TAB-GF CJAX50UNID.,GENFAR,0.0,5.0,1.5,2025-04-03 20:31:42,9,4,Otoño
105524,IBUPROFENO 800MG TAB-GF CJAX50UNID.,GENFAR,0.0,2.0,0.6,2025-04-04 10:22:58,2,4,Otoño
105524,IBUPROFENO 800MG TAB-GF CJAX50UNID.,GENFAR,0.0,10.0,3.0,2025-04-04 18:46:04,8,4,Otoño
105524,IBUPROFENO 800MG TAB-GF CJAX50UNID.,GENFAR,0.0,1.0,0.3,2025-04-04 19:59:16,7,4,Otoño
105524,IBUPROFENO 800MG TAB-GF CJAX50UNID.,GENFAR,0.0,1.0,0.3,2025-04-07 13:17:19,2,4,Otoño
105524,IBUPROFENO 800MG TAB-GF CJAX50UNID.,GENFAR,0.0,1.0,0.3,2025-04-07 16:19:08,7,4,Otoño
105524,IBUPROFENO 800MG TAB-GF CJAX50UNID.,GENFAR,0.0,2.0,0.6,2025-04-07 18:12:02,9,4,Otoño
105524,IBUPROFENO 800MG TAB-GF CJAX50UNID.,GENFAR,0.0,10.0,3.0,2025-04-08 09:40:16,11,4,Otoño
105524,IBUPROFENO 800MG TAB. REC CJAX50UND,GENFAR,0.0,5.0,1.5,2025-04-10 12:27:10,3,4,Otoño
105524,IBUPROFENO 800MG TAB. REC CJAX50UND,GENFAR,0.0,1.0,0.3,2025-04-10 18:22:50,7,4,Otoño
105524,IBUPROFENO 800MG TAB. REC CJAX50UND,GENFAR,0.0,10.0,3.0,2025-04-11 22:32:02,6,4,Otoño
105524,IBUPROFENO 800MG TAB. REC CJAX50UND,GENFAR,0.0,10.0,3.0,2025-04-12 15:30:23,2,4,Otoño
105524,IBUPROFENO 800MG TAB. REC CJAX50UND,GENFAR,0.0,1.0,0.3,2025-04-12 16:16:42,11,4,Otoño
105524,IBUPROFENO 800MG TAB. REC CJAX50UND,GENFAR,0.0,10.0,3.0,2025-04-12 18:40:32,8,4,Otoño
105524,IBUPROFENO 800MG TAB. REC CJAX50UND,GENFAR,0.0,4.0,1.2,2025-04-12 20:42:44,11,4,Otoño
105524,IBUPROFENO 800MG TAB. REC CJAX50UND,GENFAR,0.0,2.0,0.6,2025-04-13 12:22:28,7,4,Otoño
105524,IBUPROFENO 800MG TAB. REC CJAX50UND,GENFAR,0.0,10.0,3.0,2025-04-13 13:48:12,3,4,Otoño
105524,IBUPROFENO 800MG TAB. REC CJAX50UND,GENFAR,0.0,10.0,3.0,2025-04-14 11:09:21,1,4,Otoño
105524,IBUPROFENO 800MG TAB. REC CJAX50UND,GENFAR,0.0,10.0,3.0,2025-04-14 14:18:01,4,4,Otoño
105524,IBUPROFENO 800MG TAB. REC CJAX50UND,GENFAR,0.0,10.0,3.0,2025-04-14 16:34:20,7,4,Otoño
105524,IBUPROFENO 800MG TAB. REC CJAX50UND,GENFAR,0.0,20.0,6.0,2025-04-14 17:50:12,5,4,Otoño
105524,IBUPROFENO 800MG TAB. REC CJAX50UND,GENFAR,0.0,10.0,3.0,2025-04-14 22:04:45,3,4,Otoño
105524,IBUPROFENO 800MG TAB. REC CJAX50UND,GENFAR,0.0,10.0,3.0,2025-04-15 13:35:33,3,4,Otoño
105524,IBUPROFENO 800MG TAB. REC CJAX50UND,GENFAR,0.0,7.0,1.96,2025-04-15 15:00:12,11,4,Otoño
105524,IBUPROFENO 800MG TAB. REC CJAX50UND,GENFAR,0.0,10.0,3.0,2025-04-15 17:18:26,9,4,Otoño
105524,IBUPROFENO 800MG TAB. REC CJAX50UND,GENFAR,0.0,10.0,3.0,2025-04-15 18:33:58,9,4,Otoño
105524,IBUPROFENO 800MG TAB. REC CJAX50UND,GENFAR,0.0,10.0,3.0,2025-04-16 15:46:43,3,4,Otoño
105524,IBUPROFENO 800MG TAB. REC CJAX50UND,GENFAR,0.0,10.0,3.0,2025-04-16 18:18:17,12,4,Otoño
105524,IBUPROFENO 800MG TAB. REC CJAX50UND,GENFAR,0.0,20.0,6.0,2025-04-17 18:08:28,6,4,Otoño
105524,IBUPROFENO 800MG TAB. REC CJAX50UND,GENFAR,0.0,7.0,2.1,2025-04-17 18:09:39,6,4,Otoño
105524,IBUPROFENO 800MG TAB. REC CJAX50UND,GENFAR,0.0,10.0,3.0,2025-04-17 18:19:46,8,4,Otoño
105524,IBUPROFENO 800MG TAB. REC CJAX50UND,GENFAR,0.0,10.0,3.0,2025-04-18 20:48:09,15,4,Otoño
105524,IBUPROFENO 800MG TAB. REC CJAX50UND,GENFAR,0.0,10.0,3.0,2025-04-18 21:17:03,7,4,Otoño
105524,IBUPROFENO 800MG TAB. REC CJAX50UND,GENFAR,0.0,10.0,3.0,2025-04-20 09:13:42,9,4,Otoño
105524,IBUPROFENO 800MG TAB. REC CJAX50UND,GENFAR,0.0,1.0,0.3,2025-04-20 10:57:35,9,4,Otoño
105524,IBUPROFENO 800MG TAB. REC CJAX50UND,GENFAR,0.0,1.0,0.3,2025-04-21 15:37:14,9,4,Otoño
105524,IBUPROFENO 800MG TAB. REC CJAX50UND,GENFAR,0.0,10.0,3.0,2025-04-21 18:51:24,3,4,Otoño
105524,IBUPROFENO 800MG TAB. REC CJAX50UND,GENFAR,0.0,10.0,3.0,2025-04-21 19:01:48,5,4,Otoño
105524,IBUPROFENO 800MG TAB. REC CJAX50UND,GENFAR,0.0,10.0,3.0,2025-04-22 22:12:34,7,4,Otoño
105524,IBUPROFENO 800MG TAB. REC CJAX50UND,GENFAR,0.0,10.0,3.0,2025-04-23 10:49:50,6,4,Otoño
105524,IBUPROFENO 800MG TAB. REC CJAX50UND,GENFAR,0.0,20.0,6.0,2025-04-23 10:58:06,5,4,Otoño
105524,IBUPROFENO 800MG TAB. REC CJAX50UND,GENFAR,0.0,5.0,1.5,2025-04-23 16:58:52,13,4,Otoño
105524,IBUPROFENO 800MG TAB. REC CJAX50UND,GENFAR,0.0,10.0,3.0,2025-04-23 17:33:35,12,4,Otoño
105524,IBUPROFENO 800MG TAB. REC CJAX50UND,GENFAR,0.0,30.0,9.0,2025-04-23 18:22:55,2,4,Otoño
105524,IBUPROFENO 800MG TAB. REC CJAX50UND,GENFAR,0.0,2.0,0.6,2025-04-24 21:08:13,7,4,Otoño
105524,IBUPROFENO 800MG TAB. REC CJAX50UND,GENFAR,0.0,3.0,0.9,2025-04-24 21:52:26,7,4,Otoño
105524,IBUPROFENO 800MG TAB. REC CJAX50UND,GENFAR,0.0,10.0,3.0,2025-04-25 19:36:17,3,4,Otoño
105524,IBUPROFENO 800MG TAB. REC CJAX50UND,GENFAR,0.0,10.0,3.0,2025-04-26 10:39:33,9,4,Otoño
105524,IBUPROFENO 800MG TAB. REC CJAX50UND,GENFAR,0.0,10.0,3.0,2025-04-26 15:23:37,11,4,Otoño
105524,IBUPROFENO 800MG TAB. REC CJAX50UND,GENFAR,0.0,10.0,3.0,2025-04-28 14:18:01,9,4,Otoño
105524,IBUPROFENO 800MG TAB. REC CJAX50UND,GENFAR,0.0,3.0,0.9,2025-04-28 17:06:55,9,4,Otoño
105524,IBUPROFENO 800MG TAB. REC CJAX50UND,GENFAR,0.0,10.0,3.0,2025-04-29 18:00:08,13,4,Otoño
105524,IBUPROFENO 800MG TAB. REC CJAX50UND,GENFAR,0.0,10.0,3.0,2025-04-29 19:36:24,8,4,Otoño
105524,IBUPROFENO 800MG TAB. REC CJAX50UND,GENFAR,0.0,10.0,3.0,2025-04-29 20:28:57,2,4,Otoño
105524,IBUPROFENO 800MG TAB. REC CJAX50UND,GENFAR,0.0,10.0,3.0,2025-04-30 07:58:07,6,4,Otoño
105524,IBUPROFENO 800MG TAB. REC CJAX50UND,GENFAR,0.0,10.0,3.0,2025-04-30 08:25:26,3,4,Otoño
105524,IBUPROFENO 800MG TAB. REC CJAX50UND,GENFAR,0.0,10.0,3.0,2025-04-30 10:39:27,12,4,Otoño
105524,IBUPROFENO 800MG TAB. REC CJAX50UND,GENFAR,0.0,20.0,6.0,2025-04-30 11:09:05,5,4,Otoño
105524,IBUPROFENO 800MG TAB. REC CJAX50UND,GENFAR,0.0,1.0,0.3,2025-04-30 13:13:07,11,4,Otoño
105524,IBUPROFENO 800MG TAB. REC CJAX50UND,GENFAR,0.0,3.0,0.84,2025-04-30 15:09:08,11,4,Otoño
105524,IBUPROFENO 800MG TAB. REC CJAX50UND,GENFAR,0.0,5.0,1.5,2025-04-30 16:08:08,13,4,Otoño
105524,IBUPROFENO 800MG TAB. REC CJAX50UND,GENFAR,0.0,10.0,3.0,2025-04-30 20:24:02,6,4,Otoño
105524,IBUPROFENO 800MG TAB. REC CJAX50UND,GENFAR,0.0,2.0,0.6,2025-04-30 21:16:18,6,4,Otoño
105524,IBUPROFENO 800MG TAB. REC CJAX50UND,GENFAR,0.0,2.0,0.6,2025-05-01 08:47:14,11,5,Otoño
105524,IBUPROFENO 800MG TAB. REC CJAX50UND,GENFAR,0.0,20.0,6.0,2025-05-01 18:00:09,2,5,Otoño
105524,IBUPROFENO 800MG TAB. REC CJAX50UND,GENFAR,0.0,5.0,1.5,2025-05-02 11:30:15,6,5,Otoño
105524,IBUPROFENO 800MG TAB. REC CJAX50UND,GENFAR,0.0,-1.0,-0.3,2025-05-02 12:00:00,11,5,Otoño
105524,IBUPROFENO 800MG TAB. REC CJAX50UND,GENFAR,0.0,-10.0,-3.0,2025-05-02 12:00:00,14,5,Otoño
105524,IBUPROFENO 800MG TAB. REC CJAX50UND,GENFAR,0.0,10.0,3.0,2025-05-02 14:36:01,14,5,Otoño
105524,IBUPROFENO 800MG TAB. REC CJAX50UND,GENFAR,0.0,10.0,3.0,2025-05-03 16:15:26,15,5,Otoño
105524,IBUPROFENO 800MG TAB. REC CJAX50UND,GENFAR,0.0,3.0,0.9,2025-05-03 20:56:40,11,5,Otoño
105524,IBUPROFENO 800MG TAB. REC CJAX50UND,GENFAR,0.0,10.0,3.0,2025-05-03 23:01:14,5,5,Otoño
105524,IBUPROFENO 800MG TAB. REC CJAX50UND,GENFAR,0.0,10.0,3.0,2025-05-05 13:16:56,3,5,Otoño
105524,IBUPROFENO 800MG TAB. REC CJAX50UND,GENFAR,0.0,10.0,3.0,2025-05-05 19:38:03,11,5,Otoño
105524,IBUPROFENO 800MG TAB. REC CJAX50UND,GENFAR,0.0,10.0,3.0,2025-05-06 13:38:22,1,5,Otoño
105524,IBUPROFENO 800MG TAB. REC CJAX50UND,GENFAR,0.0,10.0,3.0,2025-05-06 17:34:40,7,5,Otoño
105524,IBUPROFENO 800MG TAB. REC CJAX50UND,GENFAR,0.0,10.0,3.0,2025-05-07 14:48:40,12,5,Otoño
105524,IBUPROFENO 800MG TAB. REC CJAX50UND,GENFAR,0.0,3.0,0.9,2025-05-08 13:04:39,10,5,Otoño
105524,IBUPROFENO 800MG TAB. REC CJAX50UND,GENFAR,0.0,2.0,0.6,2025-05-08 13:06:08,10,5,Otoño
105524,IBUPROFENO 800MG TAB. REC CJAX50UND,GENFAR,0.0,10.0,3.0,2025-05-08 21:07:03,3,5,Otoño
105524,IBUPROFENO 800MG TAB. REC CJAX50UND,GENFAR,0.0,10.0,3.0,2025-05-08 21:54:24,3,5,Otoño
105524,IBUPROFENO 800MG TAB. REC CJAX50UND,GENFAR,0.0,10.0,3.0,2025-05-09 14:51:54,3,5,Otoño
105524,IBUPROFENO 800MG TAB. REC CJAX50UND,GENFAR,0.0,20.0,6.0,2025-05-10 20:43:16,10,5,Otoño
105524,IBUPROFENO 800MG TAB. REC CJAX50UND,GENFAR,0.0,10.0,3.0,2025-05-11 12:59:13,6,5,Otoño
105524,IBUPROFENO 800MG TAB. REC CJAX50UND,GENFAR,0.0,10.0,3.0,2025-05-11 14:10:17,3,5,Otoño
105524,IBUPROFENO 800MG TAB. REC CJAX50UND,GENFAR,0.0,2.0,0.6,2025-05-11 17:04:46,11,5,Otoño
105524,IBUPROFENO 800MG TAB. REC CJAX50UND,GENFAR,0.0,10.0,3.0,2025-05-12 10:26:34,13,5,Otoño
105524,IBUPROFENO 800MG TAB. REC CJAX50UND,GENFAR,0.0,10.0,3.0,2025-05-12 17:49:28,7,5,Otoño
105524,IBUPROFENO 800MG TAB. REC CJAX50UND,GENFAR,0.0,2.0,0.6,2025-05-12 21:58:57,11,5,Otoño
105524,IBUPROFENO 800MG TAB. REC CJAX50UND,GENFAR,0.0,10.0,3.0,2025-05-13 13:01:42,10,5,Otoño
105524,IBUPROFENO 800MG TAB. REC CJAX50UND,GENFAR,0.0,10.0,3.0,2025-05-13 13:39:46,2,5,Otoño
105524,IBUPROFENO 800MG TAB. REC CJAX50UND,GENFAR,0.0,10.0,3.0,2025-05-13 19:45:22,3,5,Otoño
105524,IBUPROFENO 800MG TAB. REC CJAX50UND,GENFAR,0.0,10.0,3.0,2025-05-13 21:07:04,1,5,Otoño
105524,IBUPROFENO 800MG TAB. REC CJAX50UND,GENFAR,0.0,5.0,1.5,2025-05-14 15:07:29,1,5,Otoño
105524,IBUPROFENO 800MG TAB. REC CJAX50UND,GENFAR,0.0,10.0,3.0,2025-05-14 17:15:48,2,5,Otoño
105524,IBUPROFENO 800MG TAB. REC CJAX50UND,GENFAR,0.0,10.0,3.0,2025-05-14 19:57:01,3,5,Otoño
105524,IBUPROFENO 800MG TAB. REC CJAX50UND,GENFAR,0.0,10.0,3.0,2025-05-15 08:48:32,4,5,Otoño
105524,IBUPROFENO 800MG TAB. REC CJAX50UND,GENFAR,0.0,10.0,3.0,2025-05-15 19:11:10,9,5,Otoño
105524,IBUPROFENO 800MG TAB. REC CJAX50UND,GENFAR,0.0,10.0,3.0,2025-05-15 21:25:14,5,5,Otoño
105524,IBUPROFENO 800MG TAB. REC CJAX50UND,GENFAR,0.0,20.0,6.0,2025-05-16 19:17:02,3,5,Otoño
105524,IBUPROFENO 800MG TAB. REC CJAX50UND,GENFAR,0.0,10.0,3.0,2025-05-16 20:21:47,7,5,Otoño
105524,IBUPROFENO 800MG TAB. REC CJAX50UND,GENFAR,0.0,10.0,3.0,2025-05-16 21:40:59,11,5,Otoño
105524,IBUPROFENO 800MG TAB. REC CJAX50UND,GENFAR,0.0,10.0,3.0,2025-05-17 11:15:24,3,5,Otoño
105524,IBUPROFENO 800MG TAB. REC CJAX50UND,GENFAR,0.0,10.0,3.0,2025-05-18 08:29:51,6,5,Otoño
105524,IBUPROFENO 800MG TAB. REC CJAX50UND,GENFAR,0.0,10.0,3.0,2025-05-18 10:28:10,11,5,Otoño
105524,IBUPROFENO 800MG TAB. REC CJAX50UND,GENFAR,0.0,10.0,3.0,2025-05-18 14:39:22,5,5,Otoño
105524,IBUPROFENO 800MG TAB. REC CJAX50UND,GENFAR,0.0,10.0,3.0,2025-05-18 18:19:23,7,5,Otoño
105524,IBUPROFENO 800MG TAB. REC CJAX50UND,GENFAR,0.0,1.0,0.3,2025-05-19 07:30:46,4,5,Otoño
105524,IBUPROFENO 800MG TAB. REC CJAX50UND,GENFAR,0.0,20.0,6.0,2025-05-19 11:12:09,4,5,Otoño
105524,IBUPROFENO 800MG TAB. REC CJAX50UND,GENFAR,0.0,8.0,2.4,2025-05-19 11:47:05,11,5,Otoño
105524,IBUPROFENO 800MG TAB. REC CJAX50UND,GENFAR,0.0,6.0,1.8,2025-05-19 12:45:07,10,5,Otoño
105524,IBUPROFENO 800MG TAB. REC CJAX50UND,GENFAR,0.0,10.0,3.0,2025-05-19 14:17:03,14,5,Otoño
105524,IBUPROFENO 800MG TAB. REC CJAX50UND,GENFAR,0.0,10.0,3.0,2025-05-19 15:55:06,7,5,Otoño
105524,IBUPROFENO 800MG TAB. REC CJAX50UND,GENFAR,0.0,10.0,3.0,2025-05-19 17:20:48,9,5,Otoño
105524,IBUPROFENO 800MG TAB. REC CJAX50UND,GENFAR,0.0,14.0,4.2,2025-05-19 18:38:05,1,5,Otoño
105524,IBUPROFENO 800MG TAB. REC CJAX50UND,GENFAR,0.0,1.0,0.3,2025-05-20 22:32:28,6,5,Otoño
105524,IBUPROFENO 800MG TAB. REC CJAX50UND,GENFAR,0.0,10.0,3.0,2025-05-21 07:55:57,13,5,Otoño
105524,IBUPROFENO 800MG TAB. REC CJAX50UND,GENFAR,0.0,10.0,3.0,2025-05-21 22:06:06,4,5,Otoño
105524,IBUPROFENO 800MG TAB. REC CJAX50UND,GENFAR,0.0,2.0,0.6,2025-05-22 07:44:50,7,5,Otoño
105524,IBUPROFENO 800MG TAB. REC CJAX50UND,GENFAR,0.0,5.0,1.5,2025-05-22 18:23:42,9,5,Otoño
105524,IBUPROFENO 800MG TAB. REC CJAX50UND,GENFAR,0.0,20.0,6.0,2025-05-23 09:22:46,14,5,Otoño
105524,IBUPROFENO 800MG TAB. REC CJAX50UND,GENFAR,0.0,10.0,3.0,2025-05-23 20:15:44,9,5,Otoño
105524,IBUPROFENO 800MG TAB. REC CJAX50UND,GENFAR,0.0,10.0,2.8,2025-05-24 15:50:36,9,5,Otoño
105524,IBUPROFENO 800MG TAB. REC CJAX50UND,GENFAR,0.0,2.0,0.6,2025-05-27 10:26:14,7,5,Otoño
105524,IBUPROFENO 800MG TAB. REC CJAX50UND,GENFAR,0.0,10.0,3.0,2025-05-28 08:46:18,4,5,Otoño
105524,IBUPROFENO 800MG TAB. REC CJAX50UND,GENFAR,0.0,10.0,3.0,2025-05-29 20:15:41,10,5,Otoño
105524,IBUPROFENO 800MG TAB. REC CJAX50UND,GENFAR,0.0,10.0,3.0,2025-05-31 09:35:11,1,5,Otoño
105524,IBUPROFENO 800MG TAB. REC CJAX50UND,GENFAR,0.0,10.0,3.0,2025-06-01 15:03:42,15,6,Invierno
105524,IBUPROFENO 800MG TAB. REC CJAX50UND,GENFAR,0.0,10.0,3.0,2025-06-02 08:01:45,7,6,Invierno
105524,IBUPROFENO 800MG TAB. REC CJAX50UND,GENFAR,0.0,10.0,3.0,2025-06-02 08:16:45,5,6,Invierno
105524,IBUPROFENO 800MG TAB. REC CJAX50UND,GENFAR,0.0,10.0,3.0,2025-06-02 10:53:39,15,6,Invierno
105524,IBUPROFENO 800MG TAB. REC CJAX50UND,GENFAR,0.0,10.0,3.0,2025-06-02 14:52:46,1,6,Invierno
105524,IBUPROFENO 800MG TAB. REC CJAX50UND,GENFAR,0.0,10.0,3.0,2025-06-02 19:28:10,12,6,Invierno
105524,IBUPROFENO 800MG TAB. REC CJAX50UND,GENFAR,0.0,10.0,3.0,2025-06-03 21:31:18,15,6,Invierno
105524,IBUPROFENO 800MG TAB. REC CJAX50UND,GENFAR,0.0,10.0,3.0,2025-06-03 22:44:22,14,6,Invierno
105524,IBUPROFENO 800MG TAB. REC CJAX50UND,GENFAR,0.0,7.0,2.1,2025-06-04 16:38:57,15,6,Invierno
105524,IBUPROFENO 800MG TAB. REC CJAX50UND,GENFAR,0.0,10.0,3.0,2025-06-04 17:37:15,8,6,Invierno
105524,IBUPROFENO 800MG TAB. REC CJAX50UND,GENFAR,0.0,20.0,6.0,2025-06-06 16:33:23,16,6,Invierno
105524,IBUPROFENO 800MG TAB. REC CJAX50UND,GENFAR,0.0,10.0,3.0,2025-06-06 17:10:41,7,6,Invierno
105524,IBUPROFENO 800MG TAB. REC CJAX50UND,GENFAR,0.0,10.0,3.0,2025-06-07 08:46:01,7,6,Invierno
105524,IBUPROFENO 800MG TAB. REC CJAX50UND,GENFAR,0.0,10.0,3.0,2025-06-07 17:44:57,5,6,Invierno
105524,IBUPROFENO 800MG TAB. REC CJAX50UND,GENFAR,0.0,10.0,3.0,2025-06-07 22:12:01,7,6,Invierno
105524,IBUPROFENO 800MG TAB. REC CJAX50UND,GENFAR,0.0,1.0,0.3,2025-06-07 23:53:36,10,6,Invierno
105524,IBUPROFENO 800MG TAB. REC CJAX50UND,GENFAR,0.0,10.0,3.0,2025-06-08 14:16:37,12,6,Invierno
105524,IBUPROFENO 800MG TAB. REC CJAX50UND,GENFAR,0.0,10.0,3.0,2025-06-09 20:04:25,9,6,Invierno
105524,IBUPROFENO 800MG TAB. REC CJAX50UND,GENFAR,0.0,5.0,1.5,2025-06-10 21:40:53,11,6,Invierno
105524,IBUPROFENO 800MG TAB. REC CJAX50UND,GENFAR,0.0,10.0,3.0,2025-06-11 08:05:27,14,6,Invierno
105524,IBUPROFENO 800MG TAB. REC CJAX50UND,GENFAR,0.0,10.0,3.0,2025-06-11 20:25:29,11,6,Invierno
105524,IBUPROFENO 800MG TAB. REC CJAX50UND,GENFAR,0.0,1.0,0.3,2025-06-13 07:41:52,4,6,Invierno
105524,IBUPROFENO 800MG TAB. REC CJAX50UND,GENFAR,0.0,10.0,3.0,2025-06-14 17:13:48,11,6,Invierno
105524,IBUPROFENO 800MG TAB. REC CJAX50UND,GENFAR,0.0,10.0,3.0,2025-06-15 16:14:25,12,6,Invierno
105524,IBUPROFENO 800MG TAB. REC CJAX50UND,GENFAR,0.0,10.0,3.0,2025-06-15 18:40:56,11,6,Invierno
105524,IBUPROFENO 800MG TAB. REC CJAX50UND,GENFAR,0.0,10.0,3.0,2025-06-16 09:15:17,9,6,Invierno
105524,IBUPROFENO 800MG TAB. REC CJAX50UND,GENFAR,0.0,10.0,3.0,2025-06-16 10:42:43,1,6,Invierno
105524,IBUPROFENO 800MG TAB. REC CJAX50UND,GENFAR,0.0,10.0,3.0,2025-06-16 18:08:33,1,6,Invierno
105524,IBUPROFENO 800MG TAB. REC CJAX50UND,GENFAR,0.0,10.0,3.0,2025-06-16 19:15:26,5,6,Invierno
105524,IBUPROFENO 800MG TAB. REC CJAX50UND,GENFAR,0.0,2.0,0.6,2025-06-16 21:39:05,11,6,Invierno
105524,IBUPROFENO 800MG TAB. REC CJAX50UND,GENFAR,0.0,1.0,0.3,2025-06-17 20:04:57,11,6,Invierno
105524,IBUPROFENO 800MG TAB. REC CJAX50UND,GENFAR,0.0,10.0,3.0,2025-06-19 19:10:37,11,6,Invierno
105524,IBUPROFENO 800MG TAB. REC CJAX50UND,GENFAR,0.0,1.0,0.3,2025-06-19 20:48:53,13,6,Invierno
105524,IBUPROFENO 800MG TAB. REC CJAX50UND,GENFAR,0.0,10.0,3.0,2025-06-19 22:33:16,12,6,Invierno
105524,IBUPROFENO 800MG TAB. REC CJAX50UND,GENFAR,0.0,5.0,1.5,2025-06-20 22:16:53,3,6,Invierno
105524,IBUPROFENO 800MG TAB. REC CJAX50UND,GENFAR,0.0,2.0,0.6,2025-06-20 22:17:17,3,6,Invierno
105524,IBUPROFENO 800MG TAB. REC CJAX50UND,GENFAR,0.0,20.0,6.0,2025-06-20 23:30:42,10,6,Invierno
105524,IBUPROFENO 800MG TAB. REC CJAX50UND,GENFAR,0.0,5.0,1.5,2025-06-21 10:12:06,3,6,Invierno
105524,IBUPROFENO 800MG TAB. REC CJAX50UND,GENFAR,0.0,6.0,1.8,2025-06-21 11:45:28,5,6,Invierno
105524,IBUPROFENO 800MG TAB. REC CJAX50UND,GENFAR,0.0,30.0,9.0,2025-06-21 18:43:35,16,6,Invierno
105524,IBUPROFENO 800MG TAB. REC CJAX50UND,GENFAR,0.0,2.0,0.56,2025-06-22 11:05:43,11,6,Invierno
105524,IBUPROFENO 800MG TAB. REC CJAX50UND,GENFAR,0.0,2.0,0.6,2025-06-22 21:33:07,4,6,Invierno
105524,IBUPROFENO 800MG TAB. REC CJAX50UND,GENFAR,0.0,10.0,3.0,2025-06-23 08:15:54,5,6,Invierno
105524,IBUPROFENO 800MG TAB. REC CJAX50UND,GENFAR,0.0,10.0,3.0,2025-06-23 10:16:34,8,6,Invierno
105524,IBUPROFENO 800MG TAB. REC CJAX50UND,GENFAR,0.0,10.0,2.8,2025-06-23 11:37:42,7,6,Invierno
105524,IBUPROFENO 800MG TAB. REC CJAX50UND,GENFAR,0.0,1.0,0.3,2025-06-23 17:45:31,1,6,Invierno
105524,IBUPROFENO 800MG TAB. REC CJAX50UND,GENFAR,0.0,10.0,3.0,2025-06-24 21:22:47,3,6,Invierno
105524,IBUPROFENO 800MG TAB. REC CJAX50UND,GENFAR,0.0,10.0,3.0,2025-06-25 13:06:24,4,6,Invierno
105524,IBUPROFENO 800MG TAB. REC CJAX50UND,GENFAR,0.0,10.0,2.8,2025-06-27 09:42:47,9,6,Invierno
105524,IBUPROFENO 800MG TAB. REC CJAX50UND,GENFAR,0.0,10.0,3.0,2025-06-27 11:27:09,5,6,Invierno
105524,IBUPROFENO 800MG TAB. REC CJAX50UND,GENFAR,0.0,8.0,2.4,2025-06-27 19:27:11,10,6,Invierno
105524,IBUPROFENO 800MG TAB. REC CJAX50UND,GENFAR,0.0,2.0,0.6,2025-06-28 07:42:24,4,6,Invierno
105524,IBUPROFENO 800MG TAB. REC CJAX50UND,GENFAR,0.0,6.0,1.8,2025-06-30 08:11:57,5,6,Invierno
105524,IBUPROFENO 800MG TAB. REC CJAX50UND,GENFAR,0.0,10.0,3.0,2025-06-30 11:05:12,1,6,Invierno
105524,IBUPROFENO 800MG TAB. REC CJAX50UND,GENFAR,0.0,10.0,3.0,2025-07-01 18:21:45,4,7,Invierno
105524,IBUPROFENO 800MG TAB. REC CJAX50UND,GENFAR,0.0,10.0,3.0,2025-07-02 12:40:35,3,7,Invierno
105524,IBUPROFENO 800MG TAB. REC CJAX50UND,GENFAR,0.0,20.0,6.0,2025-07-02 19:50:41,5,7,Invierno
105524,IBUPROFENO 800MG TAB. REC CJAX50UND,GENFAR,0.0,20.0,6.0,2025-07-04 19:14:10,6,7,Invierno
105524,IBUPROFENO 800MG TAB. REC CJAX50UND,GENFAR,0.0,10.0,3.0,2025-07-04 21:37:53,8,7,Invierno
105524,IBUPROFENO 800MG TAB. REC CJAX50UND,GENFAR,0.0,10.0,3.0,2025-07-05 19:17:41,4,7,Invierno
105524,IBUPROFENO 800MG TAB. REC CJAX50UND,GENFAR,0.0,1.0,0.3,2025-07-05 20:07:47,3,7,Invierno
105524,IBUPROFENO 800MG TAB. REC CJAX50UND,GENFAR,0.0,10.0,3.0,2025-07-05 21:17:30,8,7,Invierno
105524,IBUPROFENO 800MG TAB. REC CJAX50UND,GENFAR,0.0,10.0,3.0,2025-07-07 09:27:03,6,7,Invierno
105524,IBUPROFENO 800MG TAB. REC CJAX50UND,GENFAR,0.0,9.0,2.7,2025-07-07 16:02:30,3,7,Invierno
105524,IBUPROFENO 800MG TAB. REC CJAX50UND,GENFAR,0.0,6.0,1.8,2025-07-07 19:20:49,6,7,Invierno
105524,IBUPROFENO 800MG TAB. REC CJAX50UND,GENFAR,0.0,10.0,3.0,2025-07-08 12:55:33,7,7,Invierno
105524,IBUPROFENO 800MG TAB. REC CJAX50UND,GENFAR,0.0,10.0,3.0,2025-07-08 15:27:14,5,7,Invierno
105524,IBUPROFENO 800MG TAB. REC CJAX50UND,GENFAR,0.0,5.0,1.5,2025-07-08 20:00:24,11,7,Invierno
105524,IBUPROFENO 800MG TAB. REC CJAX50UND,GENFAR,0.0,10.0,3.0,2025-07-09 21:15:16,6,7,Invierno
105524,IBUPROFENO 800MG TAB. REC CJAX50UND,GENFAR,0.0,10.0,3.0,2025-07-11 23:41:23,4,7,Invierno
105524,IBUPROFENO 800MG TAB. REC CJAX50UND,GENFAR,0.0,10.0,3.0,2025-07-12 18:09:32,1,7,Invierno
105524,IBUPROFENO 800MG TAB. REC CJAX50UND,GENFAR,0.0,10.0,3.0,2025-07-13 11:22:08,1,7,Invierno
105524,IBUPROFENO 800MG TAB. REC CJAX50UND,GENFAR,0.0,20.0,6.0,2025-07-13 19:10:29,1,7,Invierno
105524,IBUPROFENO 800MG TAB. REC CJAX50UND,GENFAR,0.0,10.0,3.0,2025-07-13 21:58:07,5,7,Invierno
105524,IBUPROFENO 800MG TAB. REC CJAX50UND,GENFAR,0.0,30.0,9.0,2025-07-14 16:57:22,2,7,Invierno
105524,IBUPROFENO 800MG TAB. REC CJAX50UND,GENFAR,0.0,15.0,4.5,2025-07-14 17:00:37,5,7,Invierno
105524,IBUPROFENO 800MG TAB. REC CJAX50UND,GENFAR,0.0,4.0,1.2,2025-07-14 23:55:13,4,7,Invierno
105524,IBUPROFENO 800MG TAB. REC CJAX50UND,GENFAR,0.0,10.0,3.0,2025-07-16 17:56:51,2,7,Invierno
105524,IBUPROFENO 800MG TAB. REC CJAX50UND,GENFAR,0.0,10.0,3.0,2025-07-16 20:28:23,5,7,Invierno
105524,IBUPROFENO 800MG TAB. REC CJAX50UND,GENFAR,0.0,-10.0,-3.0,2025-07-16 22:11:30,2,7,Invierno
105524,IBUPROFENO 800MG TAB. REC CJAX50UND,GENFAR,1.0,0.0,14.0,2025-07-17 14:35:35,15,7,Invierno
105524,IBUPROFENO 800MG TAB. REC CJAX50UND,GENFAR,0.0,10.0,3.0,2025-07-17 19:27:02,16,7,Invierno
105524,IBUPROFENO 800MG TAB. REC CJAX50UND,GENFAR,0.0,10.0,3.0,2025-07-17 23:02:01,16,7,Invierno
105524,IBUPROFENO 800MG TAB. REC CJAX50UND,GENFAR,0.0,5.0,1.5,2025-07-18 09:02:57,11,7,Invierno
105524,IBUPROFENO 800MG TAB. REC CJAX50UND,GENFAR,0.0,10.0,2.8,2025-07-18 16:03:58,2,7,Invierno
105524,IBUPROFENO 800MG TAB. REC CJAX50UND,GENFAR,0.0,6.0,1.8,2025-07-18 21:39:29,1,7,Invierno
105524,IBUPROFENO 800MG TAB. REC CJAX50UND,GENFAR,0.0,2.0,0.6,2025-07-19 07:24:13,13,7,Invierno
105524,IBUPROFENO 800MG TAB. REC CJAX50UND,GENFAR,0.0,10.0,3.0,2025-07-19 21:09:39,7,7,Invierno
105524,IBUPROFENO 800MG TAB. REC CJAX50UND,GENFAR,0.0,10.0,3.0,2025-07-20 19:58:02,7,7,Invierno
105524,IBUPROFENO 800MG TAB. REC CJAX50UND,GENFAR,0.0,10.0,3.0,2025-07-22 10:34:27,7,7,Invierno
105524,IBUPROFENO 800MG TAB. REC CJAX50UND,GENFAR,0.0,3.0,0.9,2025-07-22 16:26:10,1,7,Invierno
105524,IBUPROFENO 800MG TAB. REC CJAX50UND,GENFAR,0.0,5.0,1.4,2025-07-22 18:16:51,3,7,Invierno
105524,IBUPROFENO 800MG TAB. REC CJAX50UND,GENFAR,0.0,10.0,3.0,2025-07-23 12:43:08,7,7,Invierno
105524,IBUPROFENO 800MG TAB. REC CJAX50UND,GENFAR,0.0,3.0,0.9,2025-07-23 21:33:02,5,7,Invierno
105524,IBUPROFENO 800MG TAB. REC CJAX50UND,GENFAR,0.0,10.0,3.0,2025-07-23 23:03:50,4,7,Invierno
105524,IBUPROFENO 800MG TAB. REC CJAX50UND,GENFAR,0.0,10.0,3.0,2025-07-24 10:12:58,13,7,Invierno
105524,IBUPROFENO 800MG TAB. REC CJAX50UND,GENFAR,0.0,5.0,1.5,2025-07-24 18:33:55,9,7,Invierno
105524,IBUPROFENO 800MG TAB. REC CJAX50UND,GENFAR,0.0,10.0,3.0,2025-07-25 14:24:25,16,7,Invierno
105524,IBUPROFENO 800MG TAB. REC CJAX50UND,GENFAR,0.0,10.0,3.0,2025-07-26 11:02:02,9,7,Invierno
105524,IBUPROFENO 800MG TAB. REC CJAX50UND,GENFAR,0.0,2.0,0.6,2025-07-26 11:35:54,14,7,Invierno
105524,IBUPROFENO 800MG TAB. REC CJAX50UND,GENFAR,0.0,18.0,5.4,2025-07-26 11:43:19,14,7,Invierno
105524,IBUPROFENO 800MG TAB. REC CJAX50UND,GENFAR,0.0,10.0,3.0,2025-07-26 21:42:40,14,7,Invierno
105524,IBUPROFENO 800MG TAB. REC CJAX50UND,GENFAR,0.0,10.0,3.0,2025-07-28 17:15:32,5,7,Invierno
105524,IBUPROFENO 800MG TAB. REC CJAX50UND,GENFAR,0.0,2.0,0.6,2025-07-29 13:13:31,4,7,Invierno
105524,IBUPROFENO 800MG TAB. REC CJAX50UND,GENFAR,0.0,5.0,1.5,2025-07-29 21:22:45,14,7,Invierno
105524,IBUPROFENO 800MG TAB. REC CJAX50UND,GENFAR,0.0,1.0,0.3,2025-07-29 22:03:19,5,7,Invierno
105524,IBUPROFENO 800MG TAB. REC CJAX50UND,GENFAR,0.0,10.0,3.0,2025-07-30 17:54:58,2,7,Invierno
105524,IBUPROFENO 800MG TAB. REC CJAX50UND,GENFAR,0.0,-10.0,-3.0,2025-07-30 17:57:24,2,7,Invierno
105524,IBUPROFENO 800MG TAB. REC CJAX50UND,GENFAR,0.0,10.0,3.0,2025-07-30 23:54:41,5,7,Invierno
105524,IBUPROFENO 800MG TAB. REC CJAX50UND,GENFAR,0.0,1.0,0.28,2025-08-01 21:50:33,11,8,Invierno
105524,IBUPROFENO 800MG TAB. REC CJAX50UND,GENFAR,0.0,10.0,3.0,2025-08-01 21:58:36,16,8,Invierno
105524,IBUPROFENO 800MG TAB. REC CJAX50UND,GENFAR,0.0,20.0,6.0,2025-08-02 08:36:43,4,8,Invierno
105524,IBUPROFENO 800MG TAB. REC CJAX50UND,GENFAR,0.0,2.0,0.6,2025-08-02 12:24:44,1,8,Invierno
105524,IBUPROFENO 800MG TAB. REC CJAX50UND,GENFAR,0.0,20.0,5.6,2025-08-02 15:51:39,4,8,Invierno
105524,IBUPROFENO 800MG TAB. REC CJAX50UND,GENFAR,0.0,20.0,6.0,2025-08-02 16:12:53,1,8,Invierno
105524,IBUPROFENO 800MG TAB. REC CJAX50UND,GENFAR,0.0,10.0,3.0,2025-08-05 16:18:38,4,8,Invierno
105524,IBUPROFENO 800MG TAB. REC CJAX50UND,GENFAR,0.0,2.0,0.6,2025-08-06 11:01:02,11,8,Invierno
105524,IBUPROFENO 800MG TAB. REC CJAX50UND,GENFAR,0.0,10.0,3.0,2025-08-07 07:36:00,2,8,Invierno
105524,IBUPROFENO 800MG TAB. REC CJAX50UND,GENFAR,0.0,-10.0,-3.0,2025-08-07 07:43:48,2,8,Invierno
105524,IBUPROFENO 800MG TAB. REC CJAX50UND,GENFAR,0.0,4.0,1.2,2025-08-08 10:44:26,4,8,Invierno
105524,IBUPROFENO 800MG TAB. REC CJAX50UND,GENFAR,0.0,10.0,3.0,2025-08-08 16:46:54,5,8,Invierno
105524,IBUPROFENO 800MG TAB. REC CJAX50UND,GENFAR,0.0,10.0,3.0,2025-08-09 20:10:43,5,8,Invierno
105524,IBUPROFENO 800MG TAB. REC CJAX50UND,GENFAR,0.0,10.0,3.0,2025-08-09 21:11:05,3,8,Invierno
105524,IBUPROFENO 800MG TAB. REC CJAX50UND,GENFAR,0.0,10.0,3.0,2025-08-11 08:41:43,15,8,Invierno
105524,IBUPROFENO 800MG TAB. REC CJAX50UND,GENFAR,0.0,10.0,3.0,2025-08-11 09:42:45,14,8,Invierno
105524,IBUPROFENO 800MG TAB. REC CJAX50UND,GENFAR,0.0,10.0,3.0,2025-08-11 12:06:31,5,8,Invierno
105524,IBUPROFENO 800MG TAB. REC CJAX50UND,GENFAR,0.0,10.0,3.0,2025-08-11 19:01:19,15,8,Invierno
105524,IBUPROFENO 800MG TAB. REC CJAX50UND,GENFAR,0.0,10.0,3.0,2025-08-11 20:17:35,12,8,Invierno
105524,IBUPROFENO 800MG TAB. REC CJAX50UND,GENFAR,0.0,10.0,3.0,2025-08-11 20:21:24,15,8,Invierno
105524,IBUPROFENO 800MG TAB. REC CJAX50UND,GENFAR,0.0,5.0,1.5,2025-08-11 21:07:32,14,8,Invierno
105524,IBUPROFENO 800MG TAB. REC CJAX50UND,GENFAR,0.0,5.0,1.5,2025-08-11 21:07:37,9,8,Invierno
105524,IBUPROFENO 800MG TAB. REC CJAX50UND,GENFAR,0.0,6.0,1.8,2025-08-11 21:57:37,5,8,Invierno
105524,IBUPROFENO 800MG TAB. REC CJAX50UND,GENFAR,0.0,10.0,3.0,2025-08-12 09:56:03,12,8,Invierno
105524,IBUPROFENO 800MG TAB. REC CJAX50UND,GENFAR,0.0,5.0,1.5,2025-08-12 13:31:00,5,8,Invierno
105524,IBUPROFENO 800MG TAB. REC CJAX50UND,GENFAR,0.0,10.0,3.0,2025-08-13 09:30:30,13,8,Invierno
105524,IBUPROFENO 800MG TAB. REC CJAX50UND,GENFAR,0.0,2.0,0.6,2025-08-13 14:30:50,7,8,Invierno
105524,IBUPROFENO 800MG TAB. REC CJAX50UND,GENFAR,0.0,10.0,3.0,2025-08-13 22:22:44,15,8,Invierno
105524,IBUPROFENO 800MG TAB. REC CJAX50UND,GENFAR,0.0,10.0,3.0,2025-08-14 10:44:48,1,8,Invierno
105524,IBUPROFENO 800MG TAB. REC CJAX50UND,GENFAR,0.0,9.0,2.7,2025-08-14 19:38:22,1,8,Invierno
105524,IBUPROFENO 800MG TAB. REC CJAX50UND,GENFAR,0.0,10.0,3.0,2025-08-14 22:16:48,5,8,Invierno
105524,IBUPROFENO 800MG TAB. REC CJAX50UND,GENFAR,0.0,10.0,2.8,2025-08-15 10:21:34,4,8,Invierno
105524,IBUPROFENO 800MG TAB. REC CJAX50UND,GENFAR,0.0,10.0,3.0,2025-08-15 16:52:21,5,8,Invierno
105524,IBUPROFENO 800MG TAB. REC CJAX50UND,GENFAR,0.0,1.0,0.3,2025-08-15 19:39:27,15,8,Invierno
105524,IBUPROFENO 800MG TAB. REC CJAX50UND,GENFAR,0.0,6.0,1.8,2025-08-17 11:34:20,9,8,Invierno
105524,IBUPROFENO 800MG TAB. REC CJAX50UND,GENFAR,0.0,6.0,1.68,2025-08-17 11:35:41,9,8,Invierno
105524,IBUPROFENO 800MG TAB. REC CJAX50UND,GENFAR,0.0,-6.0,-1.8,2025-08-17 12:00:00,9,8,Invierno
105524,IBUPROFENO 800MG TAB. REC CJAX50UND,GENFAR,0.0,5.0,1.5,2025-08-17 12:16:13,2,8,Invierno
105524,IBUPROFENO 800MG TAB. REC CJAX50UND,GENFAR,0.0,10.0,3.0,2025-08-17 22:11:27,5,8,Invierno
105524,IBUPROFENO 800MG TAB. REC CJAX50UND,GENFAR,0.0,10.0,3.0,2025-08-18 11:50:29,4,8,Invierno
105524,IBUPROFENO 800MG TAB. REC CJAX50UND,GENFAR,0.0,10.0,3.0,2025-08-18 20:21:48,9,8,Invierno
105524,IBUPROFENO 800MG TAB. REC CJAX50UND,GENFAR,0.0,7.0,2.1,2025-08-18 20:51:08,11,8,Invierno
105524,IBUPROFENO 800MG TAB. REC CJAX50UND,GENFAR,0.0,10.0,3.0,2025-08-18 22:11:50,16,8,Invierno
105524,IBUPROFENO 800MG TAB. REC CJAX50UND,GENFAR,0.0,10.0,3.0,2025-08-19 12:07:54,10,8,Invierno
105524,IBUPROFENO 800MG TAB. REC CJAX50UND,GENFAR,0.0,4.0,1.2,2025-08-20 11:49:14,6,8,Invierno
105524,IBUPROFENO 800MG TAB. REC CJAX50UND,GENFAR,0.0,3.0,0.9,2025-08-20 17:08:21,5,8,Invierno
105524,IBUPROFENO 800MG TAB. REC CJAX50UND,GENFAR,0.0,2.0,0.6,2025-08-20 21:01:03,2,8,Invierno
105524,IBUPROFENO 800MG TAB. REC CJAX50UND,GENFAR,0.0,10.0,3.0,2025-08-20 23:34:46,10,8,Invierno
105524,IBUPROFENO 800MG TAB. REC CJAX50UND,GENFAR,0.0,10.0,3.0,2025-08-21 10:32:08,5,8,Invierno
105524,IBUPROFENO 800MG TAB. REC CJAX50UND,GENFAR,0.0,10.0,3.0,2025-08-21 19:21:01,10,8,Invierno
105524,IBUPROFENO 800MG TAB. REC CJAX50UND,GENFAR,0.0,10.0,3.0,2025-08-21 19:23:11,10,8,Invierno
105524,IBUPROFENO 800MG TAB. REC CJAX50UND,GENFAR,0.0,1.0,0.3,2025-08-21 19:57:29,11,8,Invierno
105524,IBUPROFENO 800MG TAB. REC CJAX50UND,GENFAR,0.0,5.0,1.5,2025-08-21 20:20:45,2,8,Invierno
105524,IBUPROFENO 800MG TAB. REC CJAX50UND,GENFAR,0.0,10.0,3.0,2025-08-23 09:39:35,9,8,Invierno
105524,IBUPROFENO 800MG TAB. REC CJAX50UND,GENFAR,0.0,10.0,3.0,2025-08-23 19:22:00,9,8,Invierno
105524,IBUPROFENO 800MG TAB. REC CJAX50UND,GENFAR,0.0,10.0,3.0,2025-08-24 10:14:47,10,8,Invierno
105524,IBUPROFENO 800MG TAB. REC CJAX50UND,GENFAR,0.0,10.0,3.0,2025-08-24 10:32:24,9,8,Invierno
105524,IBUPROFENO 800MG TAB. REC CJAX50UND,GENFAR,0.0,10.0,2.8,2025-08-24 14:33:16,9,8,Invierno
105524,IBUPROFENO 800MG TAB. REC CJAX50UND,GENFAR,0.0,10.0,3.0,2025-08-25 21:14:55,9,8,Invierno
105524,IBUPROFENO 800MG TAB. REC CJAX50UND,GENFAR,0.0,10.0,2.8,2025-08-26 21:46:13,4,8,Invierno
105524,IBUPROFENO 800MG TAB. REC CJAX50UND,GENFAR,0.0,10.0,3.0,2025-08-27 09:33:57,9,8,Invierno
105524,IBUPROFENO 800MG TAB. REC CJAX50UND,GENFAR,0.0,2.0,0.6,2025-08-28 09:47:01,2,8,Invierno
105524,IBUPROFENO 800MG TAB. REC CJAX50UND,GENFAR,0.0,4.0,1.2,2025-08-28 19:48:01,4,8,Invierno
105524,IBUPROFENO 800MG TAB. REC CJAX50UND,GENFAR,0.0,20.0,6.0,2025-08-29 08:12:16,2,8,Invierno
105524,IBUPROFENO 800MG TAB. REC CJAX50UND,GENFAR,0.0,20.0,6.0,2025-08-29 09:03:05,16,8,Invierno
105524,IBUPROFENO 800MG TAB. REC CJAX50UND,GENFAR,0.0,20.0,6.0,2025-08-29 15:40:08,16,8,Invierno
105524,IBUPROFENO 800MG TAB. REC CJAX50UND,GENFAR,0.0,10.0,3.0,2025-08-29 19:07:44,1,8,Invierno
105524,IBUPROFENO 800MG TAB. REC CJAX50UND,GENFAR,0.0,10.0,3.0,2025-08-29 20:32:46,12,8,Invierno
105524,IBUPROFENO 800MG TAB. REC CJAX50UND,GENFAR,0.0,10.0,3.0,2025-08-31 20:34:13,5,8,Invierno
105524,IBUPROFENO 800MG TAB. REC CJAX50UND,GENFAR,0.0,10.0,3.0,2025-09-01 16:38:27,5,9,Primavera
105524,IBUPROFENO 800MG TAB. REC CJAX50UND,GENFAR,0.0,10.0,3.0,2025-09-01 21:41:33,5,9,Primavera
105524,IBUPROFENO 800MG TAB. REC CJAX50UND,GENFAR,0.0,10.0,3.0,2025-09-01 22:24:47,6,9,Primavera
105524,IBUPROFENO 800MG TAB. REC CJAX50UND,GENFAR,0.0,1.0,0.3,2025-09-01 22:56:20,12,9,Primavera
105524,IBUPROFENO 800MG TAB. REC CJAX50UND,GENFAR,0.0,10.0,3.0,2025-09-02 07:59:59,11,9,Primavera
105524,IBUPROFENO 800MG TAB. REC CJAX50UND,GENFAR,0.0,10.0,2.8,2025-09-02 13:37:24,2,9,Primavera
105524,IBUPROFENO 800MG TAB. REC CJAX50UND,GENFAR,0.0,1.0,0.3,2025-09-02 16:03:26,13,9,Primavera
105524,IBUPROFENO 800MG TAB. REC CJAX50UND,GENFAR,0.0,8.0,2.4,2025-09-02 18:53:55,6,9,Primavera
105524,IBUPROFENO 800MG TAB. REC CJAX50UND,GENFAR,0.0,5.0,1.5,2025-09-02 19:51:33,16,9,Primavera
105524,IBUPROFENO 800MG TAB. REC CJAX50UND,GENFAR,0.0,10.0,3.0,2025-09-02 20:36:22,5,9,Primavera
105524,IBUPROFENO 800MG TAB. REC CJAX50UND,GENFAR,0.0,10.0,3.0,2025-09-03 08:00:05,6,9,Primavera
105524,IBUPROFENO 800MG TAB. REC CJAX50UND,GENFAR,0.0,10.0,3.0,2025-09-04 18:34:27,6,9,Primavera
105524,IBUPROFENO 800MG TAB. REC CJAX50UND,GENFAR,0.0,10.0,3.0,2025-09-04 19:39:13,8,9,Primavera
105524,IBUPROFENO 800MG TAB. REC CJAX50UND,GENFAR,0.0,10.0,3.0,2025-09-04 20:28:02,5,9,Primavera
105524,IBUPROFENO 800MG TAB. REC CJAX50UND,GENFAR,0.0,4.0,1.2,2025-09-05 10:42:07,5,9,Primavera
105524,IBUPROFENO 800MG TAB. REC CJAX50UND,GENFAR,0.0,5.0,1.4,2025-09-05 13:28:31,2,9,Primavera
105524,IBUPROFENO 800MG TAB. REC CJAX50UND,GENFAR,0.0,10.0,3.0,2025-09-05 20:23:44,5,9,Primavera
105524,IBUPROFENO 800MG TAB. REC CJAX50UND,GENFAR,0.0,10.0,3.0,2025-09-06 08:13:41,6,9,Primavera
105524,IBUPROFENO 800MG TAB. REC CJAX50UND,GENFAR,0.0,10.0,3.0,2025-09-06 11:45:02,6,9,Primavera
105524,IBUPROFENO 800MG TAB. REC CJAX50UND,GENFAR,0.0,10.0,3.0,2025-09-06 12:40:24,7,9,Primavera
105524,IBUPROFENO 800MG TAB. REC CJAX50UND,GENFAR,0.0,10.0,3.0,2025-09-06 17:42:37,1,9,Primavera
105524,IBUPROFENO 800MG TAB. REC CJAX50UND,GENFAR,0.0,10.0,3.0,2025-09-07 15:05:31,13,9,Primavera
105524,IBUPROFENO 800MG TAB. REC CJAX50UND,GENFAR,0.0,20.0,6.0,2025-09-07 15:06:36,5,9,Primavera
105524,IBUPROFENO 800MG TAB. REC CJAX50UND,GENFAR,0.0,10.0,3.0,2025-09-07 15:19:22,4,9,Primavera
105524,IBUPROFENO 800MG TAB. REC CJAX50UND,GENFAR,0.0,10.0,3.0,2025-09-07 17:15:52,5,9,Primavera
105524,IBUPROFENO 800MG TAB. REC CJAX50UND,GENFAR,0.0,5.0,1.5,2025-09-07 17:25:49,3,9,Primavera
105524,IBUPROFENO 800MG TAB. REC CJAX50UND,GENFAR,0.0,10.0,3.0,2025-09-07 21:23:00,7,9,Primavera
105524,IBUPROFENO 800MG TAB. REC CJAX50UND,GENFAR,0.0,1.0,0.3,2025-09-07 22:07:45,6,9,Primavera
105524,IBUPROFENO 800MG TAB. REC CJAX50UND,GENFAR,0.0,6.0,1.8,2025-09-07 22:34:55,5,9,Primavera
105524,IBUPROFENO 800MG TAB. REC CJAX50UND,GENFAR,0.0,10.0,3.0,2025-09-08 20:26:49,6,9,Primavera
105524,IBUPROFENO 800MG TAB. REC CJAX50UND,GENFAR,0.0,10.0,3.0,2025-09-08 22:29:45,1,9,Primavera
105524,IBUPROFENO 800MG TAB. REC CJAX50UND,GENFAR,0.0,10.0,3.0,2025-09-10 20:17:21,13,9,Primavera
105524,IBUPROFENO 800MG TAB. REC CJAX50UND,GENFAR,0.0,10.0,3.0,2025-09-10 21:25:05,6,9,Primavera
105524,IBUPROFENO 800MG TAB. REC CJAX50UND,GENFAR,0.0,10.0,3.0,2025-09-11 10:27:59,4,9,Primavera
105524,IBUPROFENO 800MG TAB. REC CJAX50UND,GENFAR,0.0,10.0,3.0,2025-09-11 14:59:19,2,9,Primavera
105524,IBUPROFENO 800MG TAB. REC CJAX50UND,GENFAR,0.0,6.0,1.8,2025-09-11 17:58:42,1,9,Primavera
105524,IBUPROFENO 800MG TAB. REC CJAX50UND,GENFAR,0.0,3.0,0.9,2025-09-11 22:21:40,1,9,Primavera
105524,IBUPROFENO 800MG TAB. REC CJAX50UND,GENFAR,0.0,10.0,3.0,2025-09-12 12:52:23,11,9,Primavera
105524,IBUPROFENO 800MG TAB. REC CJAX50UND,GENFAR,0.0,10.0,3.0,2025-09-12 17:13:00,8,9,Primavera
105524,IBUPROFENO 800MG TAB. REC CJAX50UND,GENFAR,0.0,10.0,3.0,2025-09-12 21:02:18,6,9,Primavera
105524,IBUPROFENO 800MG TAB. REC CJAX50UND,GENFAR,0.0,10.0,3.0,2025-09-13 08:29:08,2,9,Primavera
105524,IBUPROFENO 800MG TAB. REC CJAX50UND,GENFAR,0.0,10.0,3.0,2025-09-14 16:01:16,3,9,Primavera
105524,IBUPROFENO 800MG TAB. REC CJAX50UND,GENFAR,0.0,5.0,1.5,2025-09-14 21:16:21,7,9,Primavera
105524,IBUPROFENO 800MG TAB. REC CJAX50UND,GENFAR,0.0,10.0,3.0,2025-09-15 18:26:03,2,9,Primavera
105524,IBUPROFENO 800MG TAB. REC CJAX50UND,GENFAR,0.0,10.0,3.0,2025-09-15 19:31:19,4,9,Primavera
105524,IBUPROFENO 800MG TAB. REC CJAX50UND,GENFAR,0.0,10.0,3.0,2025-09-15 19:33:05,4,9,Primavera
105524,IBUPROFENO 800MG TAB. REC CJAX50UND,GENFAR,0.0,10.0,3.0,2025-09-15 19:39:06,2,9,Primavera
105524,IBUPROFENO 800MG TAB. REC CJAX50UND,GENFAR,0.0,10.0,3.0,2025-09-15 19:51:05,3,9,Primavera
105524,IBUPROFENO 800MG TAB. REC CJAX50UND,GENFAR,0.0,10.0,2.7,2025-09-15 23:38:53,4,9,Primavera
105524,IBUPROFENO 800MG TAB. REC CJAX50UND,GENFAR,0.0,10.0,3.0,2025-09-16 10:10:43,6,9,Primavera
105524,IBUPROFENO 800MG TAB. REC CJAX50UND,GENFAR,0.0,2.0,0.6,2025-09-16 13:23:13,6,9,Primavera
105524,IBUPROFENO 800MG TAB. REC CJAX50UND,GENFAR,0.0,5.0,1.5,2025-09-16 15:08:25,11,9,Primavera
105524,IBUPROFENO 800MG TAB. REC CJAX50UND,GENFAR,0.0,10.0,3.0,2025-09-17 08:33:49,2,9,Primavera
105524,IBUPROFENO 800MG TAB. REC CJAX50UND,GENFAR,0.0,9.0,2.7,2025-09-17 09:31:10,15,9,Primavera
105524,IBUPROFENO 800MG TAB. REC CJAX50UND,GENFAR,0.0,10.0,3.0,2025-09-17 18:19:13,8,9,Primavera
105524,IBUPROFENO 800MG TAB. REC CJAX50UND,GENFAR,0.0,10.0,3.0,2025-09-18 10:21:19,8,9,Primavera
105524,IBUPROFENO 800MG TAB. REC CJAX50UND,GENFAR,0.0,10.0,3.0,2025-09-18 17:49:14,7,9,Primavera
105524,IBUPROFENO 800MG TAB. REC CJAX50UND,GENFAR,0.0,10.0,3.0,2025-09-18 22:03:53,7,9,Primavera
105524,IBUPROFENO 800MG TAB. REC CJAX50UND,GENFAR,0.0,10.0,3.0,2025-09-19 14:33:40,2,9,Primavera
105524,IBUPROFENO 800MG TAB. REC CJAX50UND,GENFAR,0.0,10.0,3.0,2025-09-19 15:59:19,3,9,Primavera
105524,IBUPROFENO 800MG TAB. REC CJAX50UND,GENFAR,0.0,10.0,3.0,2025-09-19 17:11:53,7,9,Primavera
105524,IBUPROFENO 800MG TAB. REC CJAX50UND,GENFAR,0.0,2.0,0.6,2025-09-20 19:17:27,7,9,Primavera
105524,IBUPROFENO 800MG TAB. REC CJAX50UND,GENFAR,0.0,10.0,3.0,2025-09-22 09:03:15,12,9,Primavera
105524,IBUPROFENO 800MG TAB. REC CJAX50UND,GENFAR,0.0,10.0,3.0,2025-09-22 15:36:24,14,9,Primavera
105524,IBUPROFENO 800MG TAB. REC CJAX50UND,GENFAR,0.0,10.0,3.0,2025-09-22 22:50:13,7,9,Primavera
105524,IBUPROFENO 800MG TAB. REC CJAX50UND,GENFAR,0.0,10.0,3.0,2025-09-23 09:03:58,1,9,Primavera
105524,IBUPROFENO 800MG TAB. REC CJAX50UND,GENFAR,0.0,10.0,3.0,2025-09-23 10:48:32,8,9,Primavera
105524,IBUPROFENO 800MG TAB. REC CJAX50UND,GENFAR,0.0,10.0,3.0,2025-09-23 11:40:53,3,9,Primavera
105524,IBUPROFENO 800MG TAB. REC CJAX50UND,GENFAR,0.0,10.0,3.0,2025-09-23 16:29:55,7,9,Primavera
105524,IBUPROFENO 800MG TAB. REC CJAX50UND,GENFAR,0.0,10.0,3.0,2025-09-23 21:04:06,7,9,Primavera
105524,IBUPROFENO 800MG TAB. REC CJAX50UND,GENFAR,0.0,6.0,1.8,2025-09-24 11:39:48,1,9,Primavera
105524,IBUPROFENO 800MG TAB. REC CJAX50UND,GENFAR,0.0,10.0,3.0,2025-09-24 17:42:03,7,9,Primavera
105524,IBUPROFENO 800MG TAB. REC CJAX50UND,GENFAR,0.0,10.0,2.8,2025-09-26 09:39:32,14,9,Primavera
105524,IBUPROFENO 800MG TAB. REC CJAX50UND,GENFAR,0.0,10.0,3.0,2025-09-26 21:22:58,8,9,Primavera
105524,IBUPROFENO 800MG TAB. REC CJAX50UND,GENFAR,0.0,1.0,0.28,2025-09-27 20:05:53,2,9,Primavera
105524,IBUPROFENO 800MG TAB. REC CJAX50UND,GENFAR,0.0,10.0,3.0,2025-09-29 10:19:36,4,9,Primavera
105524,IBUPROFENO 800MG TAB. REC CJAX50UND,GENFAR,0.0,3.0,0.9,2025-09-29 18:01:13,8,9,Primavera
105524,IBUPROFENO 800MG TAB. REC CJAX50UND,GENFAR,0.0,10.0,3.0,2025-09-29 21:44:10,4,9,Primavera
105524,IBUPROFENO 800MG TAB. REC CJAX50UND,GENFAR,0.0,3.0,0.9,2025-09-29 22:12:05,7,9,Primavera
105524,IBUPROFENO 800MG TAB. REC CJAX50UND,GENFAR,0.0,3.0,0.9,2025-09-30 16:40:18,1,9,Primavera
105524,IBUPROFENO 800MG TAB. REC CJAX50UND,GENFAR,0.0,10.0,3.0,2025-10-01 09:31:43,14,10,Primavera
105524,IBUPROFENO 800MG TAB. REC CJAX50UND,GENFAR,0.0,10.0,3.0,2025-10-01 13:05:19,3,10,Primavera
105524,IBUPROFENO 800MG TAB. REC CJAX50UND,GENFAR,0.0,10.0,3.0,2025-10-02 09:42:07,1,10,Primavera
105524,IBUPROFENO 800MG TAB. REC CJAX50UND,GENFAR,0.0,40.0,12.0,2025-10-03 11:02:03,9,10,Primavera
105524,IBUPROFENO 800MG TAB. REC CJAX50UND,GENFAR,0.0,2.0,0.6,2025-10-03 18:06:44,8,10,Primavera
105524,IBUPROFENO 800MG TAB. REC CJAX50UND,GENFAR,0.0,10.0,3.0,2025-10-03 19:50:25,4,10,Primavera
105524,IBUPROFENO 800MG TAB. REC CJAX50UND,GENFAR,0.0,1.0,0.3,2025-10-03 21:32:22,8,10,Primavera
105524,IBUPROFENO 800MG TAB. REC CJAX50UND,GENFAR,0.0,-5.0,-1.5,2025-10-04 12:00:00,3,10,Primavera
105524,IBUPROFENO 800MG TAB. REC CJAX50UND,GENFAR,0.0,5.0,1.5,2025-10-04 14:17:19,3,10,Primavera
105524,IBUPROFENO 800MG TAB. REC CJAX50UND,GENFAR,0.0,5.0,1.5,2025-10-04 14:18:21,3,10,Primavera
105524,IBUPROFENO 800MG TAB. REC CJAX50UND,GENFAR,0.0,3.0,0.9,2025-10-04 14:59:52,8,10,Primavera
105524,IBUPROFENO 800MG TAB. REC CJAX50UND,GENFAR,0.0,20.0,6.0,2025-10-04 16:25:49,14,10,Primavera
105524,IBUPROFENO 800MG TAB. REC CJAX50UND,GENFAR,0.0,5.0,1.5,2025-10-04 19:03:21,3,10,Primavera
105524,IBUPROFENO 800MG TAB. REC CJAX50UND,GENFAR,0.0,10.0,3.0,2025-10-04 19:05:17,1,10,Primavera
105524,IBUPROFENO 800MG TAB. REC CJAX50UND,GENFAR,0.0,10.0,3.0,2025-10-05 10:53:27,13,10,Primavera
105524,IBUPROFENO 800MG TAB. REC CJAX50UND,GENFAR,0.0,10.0,3.0,2025-10-05 13:50:45,1,10,Primavera
105524,IBUPROFENO 800MG TAB. REC CJAX50UND,GENFAR,0.0,2.0,0.6,2025-10-05 20:36:18,1,10,Primavera
105524,IBUPROFENO 800MG TAB. REC CJAX50UND,GENFAR,0.0,10.0,3.0,2025-10-07 12:37:25,12,10,Primavera
105524,IBUPROFENO 800MG TAB. REC CJAX50UND,GENFAR,0.0,20.0,6.0,2025-10-08 17:55:13,3,10,Primavera
105524,IBUPROFENO 800MG TAB. REC CJAX50UND,GENFAR,0.0,10.0,3.0,2025-10-09 13:36:59,7,10,Primavera
105524,IBUPROFENO 800MG TAB. REC CJAX50UND,GENFAR,0.0,10.0,3.0,2025-10-09 14:31:49,8,10,Primavera
105524,IBUPROFENO 800MG TAB. REC CJAX50UND,GENFAR,0.0,5.0,1.5,2025-10-09 14:50:26,8,10,Primavera
105524,IBUPROFENO 800MG TAB. REC CJAX50UND,GENFAR,1.0,0.0,14.0,2025-10-10 12:37:38,15,10,Primavera
105524,IBUPROFENO 800MG TAB. REC CJAX50UND,GENFAR,0.0,10.0,3.0,2025-10-10 13:08:47,9,10,Primavera
105524,IBUPROFENO 800MG TAB. REC CJAX50UND,GENFAR,0.0,5.0,1.5,2025-10-10 20:50:18,11,10,Primavera
105524,IBUPROFENO 800MG TAB. REC CJAX50UND,GENFAR,0.0,20.0,6.0,2025-10-11 15:15:42,1,10,Primavera
105524,IBUPROFENO 800MG TAB. REC CJAX50UND,GENFAR,0.0,3.0,0.9,2025-10-11 18:29:27,13,10,Primavera
105524,IBUPROFENO 800MG TAB. REC CJAX50UND,GENFAR,0.0,10.0,3.0,2025-10-11 19:18:55,5,10,Primavera
105524,IBUPROFENO 800MG TAB. REC CJAX50UND,GENFAR,0.0,2.0,0.6,2025-10-11 21:40:09,1,10,Primavera
105524,IBUPROFENO 800MG TAB. REC CJAX50UND,GENFAR,0.0,10.0,3.0,2025-10-12 17:56:34,7,10,Primavera
105524,IBUPROFENO 800MG TAB. REC CJAX50UND,GENFAR,0.0,10.0,3.0,2025-10-12 20:58:36,7,10,Primavera
105524,IBUPROFENO 800MG TAB. REC CJAX50UND,GENFAR,0.0,10.0,3.0,2025-10-13 19:49:22,7,10,Primavera
105524,IBUPROFENO 800MG TAB. REC CJAX50UND,GENFAR,0.0,10.0,3.0,2025-10-14 19:09:31,13,10,Primavera
105524,IBUPROFENO 800MG TAB. REC CJAX50UND,GENFAR,0.0,10.0,3.0,2025-10-14 20:03:40,1,10,Primavera
105524,IBUPROFENO 800MG TAB. REC CJAX50UND,GENFAR,0.0,10.0,3.0,2025-10-15 11:38:41,9,10,Primavera
105524,IBUPROFENO 800MG TAB. REC CJAX50UND,GENFAR,0.0,10.0,3.0,2025-10-15 19:46:28,4,10,Primavera
105524,IBUPROFENO 800MG TAB. REC CJAX50UND,GENFAR,0.0,10.0,3.0,2025-10-15 19:49:57,7,10,Primavera
105524,IBUPROFENO 800MG TAB. REC CJAX50UND,GENFAR,0.0,20.0,6.0,2025-10-16 11:43:38,3,10,Primavera
105524,IBUPROFENO 800MG TAB. REC CJAX50UND,GENFAR,0.0,10.0,3.0,2025-10-16 12:12:40,5,10,Primavera
105524,IBUPROFENO 800MG TAB. REC CJAX50UND,GENFAR,0.0,10.0,3.0,2025-10-17 10:18:55,1,10,Primavera
105524,IBUPROFENO 800MG TAB. REC CJAX50UND,GENFAR,0.0,4.0,1.2,2025-10-17 10:24:22,9,10,Primavera
105524,IBUPROFENO 800MG TAB. REC CJAX50UND,GENFAR,0.0,3.0,0.9,2025-10-17 17:56:33,8,10,Primavera
105524,IBUPROFENO 800MG TAB. REC CJAX50UND,GENFAR,0.0,1.0,0.3,2025-10-17 22:35:05,1,10,Primavera
105524,IBUPROFENO 800MG TAB. REC CJAX50UND,GENFAR,0.0,10.0,3.0,2025-10-18 11:12:29,1,10,Primavera
105524,IBUPROFENO 800MG TAB. REC CJAX50UND,GENFAR,0.0,10.0,3.0,2025-10-18 16:35:12,5,10,Primavera
105524,IBUPROFENO 800MG TAB. REC CJAX50UND,GENFAR,0.0,5.0,1.5,2025-10-20 10:10:01,8,10,Primavera
105524,IBUPROFENO 800MG TAB. REC CJAX50UND,GENFAR,0.0,10.0,3.0,2025-10-20 20:34:37,1,10,Primavera
105524,IBUPROFENO 800MG TAB. REC CJAX50UND,GENFAR,0.0,10.0,3.0,2025-10-21 10:01:42,2,10,Primavera
105524,IBUPROFENO 800MG TAB. REC CJAX50UND,GENFAR,0.0,3.0,0.9,2025-10-21 15:21:57,13,10,Primavera
105524,IBUPROFENO 800MG TAB. REC CJAX50UND,GENFAR,0.0,10.0,3.0,2025-10-21 16:48:12,10,10,Primavera
105524,IBUPROFENO 800MG TAB. REC CJAX50UND,GENFAR,0.0,3.0,0.9,2025-10-22 18:54:15,8,10,Primavera
105524,IBUPROFENO 800MG TAB. REC CJAX50UND,GENFAR,0.0,2.0,0.6,2025-10-22 22:20:02,10,10,Primavera
105524,IBUPROFENO 800MG TAB. REC CJAX50UND,GENFAR,0.0,10.0,3.0,2025-10-23 16:52:10,12,10,Primavera
105524,IBUPROFENO 800MG TAB. REC CJAX50UND,GENFAR,0.0,10.0,3.0,2025-10-23 20:59:12,5,10,Primavera
105524,IBUPROFENO 800MG TAB. REC CJAX50UND,GENFAR,0.0,10.0,3.0,2025-10-24 18:48:16,5,10,Primavera
105524,IBUPROFENO 800MG TAB. REC CJAX50UND,GENFAR,0.0,10.0,3.0,2025-10-25 12:19:14,9,10,Primavera
105524,IBUPROFENO 800MG TAB. REC CJAX50UND,GENFAR,0.0,10.0,3.0,2025-10-25 20:03:34,3,10,Primavera
105524,IBUPROFENO 800MG TAB. REC CJAX50UND,GENFAR,0.0,10.0,3.0,2025-10-26 18:35:06,2,10,Primavera
105524,IBUPROFENO 800MG TAB. REC CJAX50UND,GENFAR,0.0,10.0,2.8,2025-10-29 00:37:05,10,10,Primavera
105524,IBUPROFENO 800MG TAB. REC CJAX50UND,GENFAR,0.0,20.0,6.0,2025-10-29 14:03:33,5,10,Primavera
105524,IBUPROFENO 800MG TAB. REC CJAX50UND,GENFAR,0.0,10.0,3.0,2025-10-30 19:09:14,7,10,Primavera
105524,IBUPROFENO 800MG TAB. REC CJAX50UND,GENFAR,0.0,10.0,3.0,2025-10-30 19:48:08,7,10,Primavera
105524,IBUPROFENO 800MG TAB. REC CJAX50UND,GENFAR,0.0,10.0,3.0,2025-10-31 11:15:59,2,10,Primavera
105524,IBUPROFENO 800MG TAB. REC CJAX50UND,GENFAR,0.0,10.0,3.0,2025-10-31 14:58:25,2,10,Primavera
105524,IBUPROFENO 800MG TAB. REC CJAX50UND,GENFAR,0.0,10.0,2.8,2025-10-31 23:26:08,10,10,Primavera
105524,IBUPROFENO 800MG TAB. REC CJAX50UND,GENFAR,0.0,1.0,0.3,2025-11-01 16:21:37,1,11,Primavera
105524,IBUPROFENO 800MG TAB. REC CJAX50UND,GENFAR,0.0,1.0,0.3,2025-11-01 21:01:58,1,11,Primavera
105524,IBUPROFENO 800MG TAB. REC CJAX50UND,GENFAR,0.0,3.0,0.9,2025-11-02 10:21:35,9,11,Primavera
105524,IBUPROFENO 800MG TAB. REC CJAX50UND,GENFAR,0.0,10.0,3.0,2025-11-02 13:23:48,5,11,Primavera
105524,IBUPROFENO 800MG TAB. REC CJAX50UND,GENFAR,0.0,10.0,3.0,2025-11-02 19:31:58,5,11,Primavera
105524,IBUPROFENO 800MG TAB. REC CJAX50UND,GENFAR,0.0,10.0,3.0,2025-11-02 22:01:39,7,11,Primavera
105524,IBUPROFENO 800MG TAB. REC CJAX50UND,GENFAR,0.0,3.0,0.9,2025-11-03 08:09:51,9,11,Primavera
105524,IBUPROFENO 800MG TAB. REC CJAX50UND,GENFAR,0.0,10.0,3.0,2025-11-03 18:03:15,9,11,Primavera
105524,IBUPROFENO 800MG TAB. REC CJAX50UND,GENFAR,0.0,10.0,2.7,2025-11-04 22:04:10,13,11,Primavera
105524,IBUPROFENO 800MG TAB. REC CJAX50UND,GENFAR,0.0,10.0,3.0,2025-11-05 20:53:51,1,11,Primavera
105524,IBUPROFENO 800MG TAB. REC CJAX50UND,GENFAR,0.0,10.0,3.0,2025-11-06 17:46:31,1,11,Primavera
105524,IBUPROFENO 800MG TAB. REC CJAX50UND,GENFAR,0.0,10.0,3.0,2025-11-06 21:06:53,1,11,Primavera
105524,IBUPROFENO 800MG TAB. REC CJAX50UND,GENFAR,0.0,10.0,3.0,2025-11-07 12:10:40,7,11,Primavera
105524,IBUPROFENO 800MG TAB. REC CJAX50UND,GENFAR,0.0,10.0,3.0,2025-11-07 19:40:51,5,11,Primavera
105524,IBUPROFENO 800MG TAB. REC CJAX50UND,GENFAR,0.0,10.0,3.0,2025-11-07 19:57:18,8,11,Primavera
105524,IBUPROFENO 800MG TAB. REC CJAX50UND,GENFAR,0.0,5.0,1.5,2025-11-08 11:00:30,9,11,Primavera
105524,IBUPROFENO 800MG TAB. REC CJAX50UND,GENFAR,0.0,10.0,3.0,2025-11-09 19:07:55,5,11,Primavera
105524,IBUPROFENO 800MG TAB. REC CJAX50UND,GENFAR,0.0,10.0,3.0,2025-11-09 19:45:12,12,11,Primavera
105524,IBUPROFENO 800MG TAB. REC CJAX50UND,GENFAR,0.0,5.0,1.5,2025-11-10 09:21:16,13,11,Primavera
105524,IBUPROFENO 800MG TAB. REC CJAX50UND,GENFAR,0.0,10.0,3.0,2025-11-10 22:49:45,7,11,Primavera
105524,IBUPROFENO 800MG TAB. REC CJAX50UND,GENFAR,0.0,30.0,9.0,2025-11-11 11:02:37,1,11,Primavera
105524,IBUPROFENO 800MG TAB. REC CJAX50UND,GENFAR,0.0,3.0,0.9,2025-11-12 13:18:06,13,11,Primavera
105524,IBUPROFENO 800MG TAB. REC CJAX50UND,GENFAR,0.0,10.0,3.0,2025-11-13 08:52:13,2,11,Primavera
105524,IBUPROFENO 800MG TAB. REC CJAX50UND,GENFAR,0.0,4.0,1.2,2025-11-13 17:33:29,13,11,Primavera
105524,IBUPROFENO 800MG TAB. REC CJAX50UND,GENFAR,0.0,5.0,1.5,2025-11-13 20:42:56,7,11,Primavera
105524,IBUPROFENO 800MG TAB. REC CJAX50UND,GENFAR,0.0,1.0,0.3,2025-11-13 21:28:51,10,11,Primavera
105524,IBUPROFENO 800MG TAB. REC CJAX50UND,GENFAR,0.0,10.0,3.0,2025-11-14 13:10:47,9,11,Primavera
105524,IBUPROFENO 800MG TAB. REC CJAX50UND,GENFAR,0.0,10.0,3.0,2025-11-15 22:36:11,7,11,Primavera
105524,IBUPROFENO 800MG TAB. REC CJAX50UND,GENFAR,0.0,10.0,3.0,2025-11-16 19:32:38,5,11,Primavera
105524,IBUPROFENO 800MG TAB. REC CJAX50UND,GENFAR,0.0,2.0,0.6,2025-11-17 11:51:34,8,11,Primavera
105524,IBUPROFENO 800MG TAB. REC CJAX50UND,GENFAR,0.0,2.0,0.6,2025-11-19 12:54:30,2,11,Primavera
105524,IBUPROFENO 800MG TAB. REC CJAX50UND,GENFAR,0.0,2.0,0.6,2025-11-19 22:27:14,1,11,Primavera
105524,IBUPROFENO 800MG TAB. REC CJAX50UND,GENFAR,0.0,1.0,0.3,2025-11-20 20:50:47,1,11,Primavera
105524,IBUPROFENO 800MG TAB. REC CJAX50UND,GENFAR,0.0,2.0,0.6,2025-11-20 22:31:07,1,11,Primavera
105524,IBUPROFENO 800MG TAB. REC CJAX50UND,GENFAR,0.0,2.0,0.6,2025-11-20 22:34:47,1,11,Primavera
105524,IBUPROFENO 800MG TAB. REC CJAX50UND,GENFAR,0.0,-2.0,-0.6,2025-11-20 22:35:03,1,11,Primavera
105524,IBUPROFENO 800MG TAB. REC CJAX50UND,GENFAR,0.0,2.0,0.6,2025-11-21 19:37:50,12,11,Primavera
105524,IBUPROFENO 800MG TAB. REC CJAX50UND,GENFAR,0.0,5.0,1.5,2025-11-22 10:40:36,9,11,Primavera
105524,IBUPROFENO 800MG TAB. REC CJAX50UND,GENFAR,0.0,10.0,2.8,2025-11-22 20:45:22,1,11,Primavera
105524,IBUPROFENO 800MG TAB. REC CJAX50UND,GENFAR,0.0,2.0,0.6,2025-11-22 22:16:55,1,11,Primavera
105524,IBUPROFENO 800MG TAB. REC CJAX50UND,GENFAR,0.0,10.0,3.0,2025-11-23 20:02:41,5,11,Primavera
105524,IBUPROFENO 800MG TAB. REC CJAX50UND,GENFAR,0.0,2.0,0.6,2025-11-23 21:55:31,1,11,Primavera
105524,IBUPROFENO 800MG TAB. REC CJAX50UND,GENFAR,0.0,10.0,3.0,2025-11-24 15:34:08,9,11,Primavera
105524,IBUPROFENO 800MG TAB. REC CJAX50UND,GENFAR,0.0,5.0,1.5,2025-11-25 15:10:28,11,11,Primavera
105524,IBUPROFENO 800MG TAB. REC CJAX50UND,GENFAR,0.0,10.0,3.0,2025-11-25 20:27:53,9,11,Primavera
105524,IBUPROFENO 800MG TAB. REC CJAX50UND,GENFAR,0.0,10.0,2.8,2025-11-25 23:10:28,10,11,Primavera
105524,IBUPROFENO 800MG TAB. REC CJAX50UND,GENFAR,0.0,10.0,3.0,2025-11-26 12:12:32,5,11,Primavera
105524,IBUPROFENO 800MG TAB. REC CJAX50UND,GENFAR,0.0,2.0,0.6,2025-11-27 16:25:53,1,11,Primavera
105524,IBUPROFENO 800MG TAB. REC CJAX50UND,GENFAR,0.0,10.0,3.0,2025-11-28 17:27:18,11,11,Primavera
105524,IBUPROFENO 800MG TAB. REC CJAX50UND,GENFAR,0.0,10.0,3.0,2025-11-28 21:41:06,7,11,Primavera
105524,IBUPROFENO 800MG TAB. REC CJAX50UND,GENFAR,0.0,1.0,0.3,2025-11-29 08:22:01,5,11,Primavera
105524,IBUPROFENO 800MG TAB. REC CJAX50UND,GENFAR,0.0,10.0,3.0,2025-11-30 12:34:38,6,11,Primavera
105524,IBUPROFENO 800MG TAB. REC CJAX50UND,GENFAR,0.0,10.0,3.0,2025-11-30 12:50:22,12,11,Primavera
105524,IBUPROFENO 800MG TAB. REC CJAX50UND,GENFAR,0.0,1.0,0.3,2025-12-01 09:53:03,6,12,Verano
105524,IBUPROFENO 800MG TAB. REC CJAX50UND,GENFAR,0.0,10.0,3.0,2025-12-01 14:02:34,13,12,Verano
105524,IBUPROFENO 800MG TAB. REC CJAX50UND,GENFAR,0.0,10.0,3.0,2025-12-02 10:04:21,5,12,Verano
105524,IBUPROFENO 800MG TAB. REC CJAX50UND,GENFAR,0.0,10.0,3.0,2025-12-02 17:57:19,3,12,Verano
105524,IBUPROFENO 800MG TAB. REC CJAX50UND,GENFAR,0.0,10.0,3.0,2025-12-02 21:56:39,9,12,Verano
105524,IBUPROFENO 800MG TAB. REC CJAX50UND,GENFAR,0.0,10.0,3.0,2025-12-03 08:30:52,11,12,Verano
105524,IBUPROFENO 800MG TAB. REC CJAX50UND,GENFAR,0.0,1.0,0.3,2025-12-03 08:30:53,5,12,Verano
105524,IBUPROFENO 800MG TAB. REC CJAX50UND,GENFAR,0.0,10.0,3.0,2025-12-03 10:26:45,7,12,Verano
105524,IBUPROFENO 800MG TAB. REC CJAX50UND,GENFAR,0.0,20.0,6.0,2025-12-03 19:40:48,6,12,Verano
105524,IBUPROFENO 800MG TAB. REC CJAX50UND,GENFAR,0.0,10.0,3.0,2025-12-04 18:41:35,14,12,Verano
105524,IBUPROFENO 800MG TAB. REC CJAX50UND,GENFAR,0.0,10.0,3.0,2025-12-05 09:39:03,9,12,Verano
105524,IBUPROFENO 800MG TAB. REC CJAX50UND,GENFAR,0.0,7.0,2.1,2025-12-05 11:29:40,1,12,Verano
105524,IBUPROFENO 800MG TAB. REC CJAX50UND,GENFAR,0.0,10.0,3.0,2025-12-05 12:22:41,1,12,Verano
105524,IBUPROFENO 800MG TAB. REC CJAX50UND,GENFAR,0.0,1.0,0.3,2025-12-06 09:27:39,11,12,Verano
105524,IBUPROFENO 800MG TAB. REC CJAX50UND,GENFAR,0.0,10.0,3.0,2025-12-06 17:27:08,3,12,Verano
105524,IBUPROFENO 800MG TAB. REC CJAX50UND,GENFAR,0.0,20.0,6.0,2025-12-06 20:35:06,1,12,Verano
105524,IBUPROFENO 800MG TAB. REC CJAX50UND,GENFAR,0.0,10.0,3.0,2025-12-06 23:07:42,5,12,Verano
105524,IBUPROFENO 800MG TAB. REC CJAX50UND,GENFAR,0.0,10.0,3.0,2025-12-07 19:48:31,4,12,Verano
105524,IBUPROFENO 800MG TAB. REC CJAX50UND,GENFAR,0.0,10.0,3.0,2025-12-07 20:52:57,16,12,Verano
105524,IBUPROFENO 800MG TAB. REC CJAX50UND,GENFAR,0.0,10.0,3.0,2025-12-08 15:43:38,15,12,Verano
105524,IBUPROFENO 800MG TAB. REC CJAX50UND,GENFAR,0.0,1.0,0.3,2025-12-09 10:57:35,12,12,Verano
105524,IBUPROFENO 800MG TAB. REC CJAX50UND,GENFAR,0.0,1.0,0.3,2025-12-09 10:58:58,12,12,Verano
105524,IBUPROFENO 800MG TAB. REC CJAX50UND,GENFAR,0.0,5.0,1.5,2025-12-09 21:24:06,3,12,Verano
105524,IBUPROFENO 800MG TAB. REC CJAX50UND,GENFAR,0.0,2.0,0.6,2025-12-09 21:32:25,13,12,Verano
105524,IBUPROFENO 800MG TAB. REC CJAX50UND,GENFAR,0.0,10.0,3.0,2025-12-10 07:48:26,9,12,Verano
105524,IBUPROFENO 800MG TAB. REC CJAX50UND,GENFAR,0.0,5.0,1.5,2025-12-10 14:59:14,9,12,Verano
105524,IBUPROFENO 800MG TAB. REC CJAX50UND,GENFAR,0.0,3.0,0.9,2025-12-10 18:16:39,1,12,Verano
105524,IBUPROFENO 800MG TAB. REC CJAX50UND,GENFAR,0.0,10.0,3.0,2025-12-10 20:43:56,4,12,Verano
105524,IBUPROFENO 800MG TAB. REC CJAX50UND,GENFAR,0.0,1.0,0.3,2025-12-11 07:30:42,5,12,Verano
105524,IBUPROFENO 800MG TAB. REC CJAX50UND,GENFAR,0.0,20.0,6.0,2025-12-11 09:52:04,9,12,Verano
105524,IBUPROFENO 800MG TAB. REC CJAX50UND,GENFAR,0.0,10.0,3.0,2025-12-11 18:48:33,9,12,Verano
105524,IBUPROFENO 800MG TAB. REC CJAX50UND,GENFAR,0.0,10.0,3.0,2025-12-11 23:09:54,16,12,Verano
105524,IBUPROFENO 800MG TAB. REC CJAX50UND,GENFAR,0.0,20.0,6.0,2025-12-12 11:39:32,15,12,Verano
105524,IBUPROFENO 800MG TAB. REC CJAX50UND,GENFAR,0.0,10.0,3.0,2025-12-12 16:53:20,5,12,Verano
105524,IBUPROFENO 800MG TAB. REC CJAX50UND,GENFAR,0.0,10.0,3.0,2025-12-12 21:43:59,7,12,Verano
105524,IBUPROFENO 800MG TAB. REC CJAX50UND,GENFAR,0.0,10.0,3.0,2025-12-12 23:49:38,16,12,Verano
105524,IBUPROFENO 800MG TAB. REC CJAX50UND,GENFAR,0.0,10.0,3.0,2025-12-13 20:21:54,12,12,Verano
105524,IBUPROFENO 800MG TAB. REC CJAX50UND,GENFAR,0.0,20.0,6.0,2025-12-13 20:34:39,4,12,Verano
105524,IBUPROFENO 800MG TAB. REC CJAX50UND,GENFAR,0.0,10.0,3.0,2025-12-14 16:26:18,15,12,Verano
105524,IBUPROFENO 800MG TAB. REC CJAX50UND,GENFAR,0.0,10.0,3.0,2025-12-14 21:21:50,14,12,Verano
105524,IBUPROFENO 800MG TAB. REC CJAX50UND,GENFAR,0.0,10.0,3.0,2025-12-15 11:34:03,11,12,Verano
105524,IBUPROFENO 800MG TAB. REC CJAX50UND,GENFAR,0.0,10.0,3.0,2025-12-15 14:58:02,9,12,Verano
105524,IBUPROFENO 800MG TAB. REC CJAX50UND,GENFAR,0.0,10.0,3.0,2025-12-15 18:29:57,1,12,Verano
105524,IBUPROFENO 800MG TAB. REC CJAX50UND,GENFAR,0.0,10.0,3.0,2025-12-16 09:32:02,13,12,Verano
105524,IBUPROFENO 800MG TAB. REC CJAX50UND,GENFAR,0.0,10.0,3.0,2025-12-16 10:59:58,14,12,Verano
105524,IBUPROFENO 800MG TAB. REC CJAX50UND,GENFAR,0.0,19.0,5.7,2025-12-16 12:13:33,6,12,Verano
105524,IBUPROFENO 800MG TAB. REC CJAX50UND,GENFAR,0.0,10.0,3.0,2025-12-16 13:42:39,13,12,Verano
105524,IBUPROFENO 800MG TAB. REC CJAX50UND,GENFAR,0.0,10.0,3.0,2025-12-16 19:31:25,5,12,Verano
105524,IBUPROFENO 800MG TAB. REC CJAX50UND,GENFAR,0.0,10.0,3.0,2025-12-16 21:42:26,8,12,Verano
105524,IBUPROFENO 800MG TAB. REC CJAX50UND,GENFAR,0.0,5.0,1.5,2025-12-17 09:50:35,17,12,Verano
105524,IBUPROFENO 800MG TAB. REC CJAX50UND,GENFAR,0.0,20.0,6.0,2025-12-18 17:30:58,3,12,Verano
105524,IBUPROFENO 800MG TAB. REC CJAX50UND,GENFAR,0.0,10.0,3.0,2025-12-18 19:02:28,9,12,Verano
105524,IBUPROFENO 800MG TAB. REC CJAX50UND,GENFAR,0.0,-10.0,-3.0,2025-12-18 19:25:32,9,12,Verano
105524,IBUPROFENO 800MG TAB. REC CJAX50UND,GENFAR,0.0,5.0,1.5,2025-12-18 19:26:08,9,12,Verano
105524,IBUPROFENO 800MG TAB. REC CJAX50UND,GENFAR,0.0,10.0,3.0,2025-12-18 19:37:35,3,12,Verano
105524,IBUPROFENO 800MG TAB. REC CJAX50UND,GENFAR,0.0,10.0,3.0,2025-12-18 19:44:50,16,12,Verano
105524,IBUPROFENO 800MG TAB. REC CJAX50UND,GENFAR,0.0,10.0,3.0,2025-12-19 11:45:34,7,12,Verano
105524,IBUPROFENO 800MG TAB. REC CJAX50UND,GENFAR,0.0,10.0,3.0,2025-12-19 18:02:42,5,12,Verano
105524,IBUPROFENO 800MG TAB. REC CJAX50UND,GENFAR,0.0,10.0,3.0,2025-12-19 18:05:06,5,12,Verano
105524,IBUPROFENO 800MG TAB. REC CJAX50UND,GENFAR,0.0,-10.0,-3.0,2025-12-19 23:00:10,5,12,Verano
105524,IBUPROFENO 800MG TAB. REC CJAX50UND,GENFAR,0.0,30.0,9.0,2025-12-20 10:15:53,7,12,Verano
105524,IBUPROFENO 800MG TAB. REC CJAX50UND,GENFAR,0.0,20.0,6.0,2025-12-20 16:22:33,16,12,Verano
105524,IBUPROFENO 800MG TAB. REC CJAX50UND,GENFAR,0.0,4.0,1.2,2025-12-20 17:06:00,17,12,Verano
105524,IBUPROFENO 800MG TAB. REC CJAX50UND,GENFAR,0.0,10.0,3.0,2025-12-21 10:45:21,17,12,Verano
105524,IBUPROFENO 800MG TAB. REC CJAX50UND,GENFAR,0.0,10.0,3.0,2025-12-21 14:22:45,11,12,Verano
105524,IBUPROFENO 800MG TAB. REC CJAX50UND,GENFAR,0.0,5.0,1.5,2025-12-21 19:14:29,7,12,Verano
105524,IBUPROFENO 800MG TAB. REC CJAX50UND,GENFAR,0.0,10.0,3.0,2025-12-21 21:13:51,5,12,Verano
105524,IBUPROFENO 800MG TAB. REC CJAX50UND,GENFAR,0.0,10.0,3.0,2025-12-22 11:27:18,4,12,Verano
105524,IBUPROFENO 800MG TAB. REC CJAX50UND,GENFAR,0.0,10.0,3.0,2025-12-22 17:18:14,11,12,Verano
105524,IBUPROFENO 800MG TAB. REC CJAX50UND,GENFAR,0.0,6.0,1.8,2025-12-23 12:03:39,12,12,Verano
105524,IBUPROFENO 800MG TAB. REC CJAX50UND,GENFAR,0.0,20.0,6.0,2025-12-23 12:08:00,12,12,Verano
105524,IBUPROFENO 800MG TAB. REC CJAX50UND,GENFAR,0.0,5.0,1.5,2025-12-23 14:25:08,2,12,Verano
105524,IBUPROFENO 800MG TAB. REC CJAX50UND,GENFAR,0.0,10.0,3.0,2025-12-23 15:18:36,3,12,Verano
105524,IBUPROFENO 800MG TAB. REC CJAX50UND,GENFAR,0.0,2.0,0.6,2025-12-23 20:53:02,13,12,Verano
105524,IBUPROFENO 800MG TAB. REC CJAX50UND,GENFAR,0.0,10.0,3.0,2025-12-24 21:30:08,5,12,Verano
105524,IBUPROFENO 800MG TAB. REC CJAX50UND,GENFAR,0.0,10.0,3.0,2025-12-24 22:16:10,5,12,Verano
105524,IBUPROFENO 800MG TAB. REC CJAX50UND,GENFAR,0.0,10.0,3.0,2025-12-25 10:56:37,16,12,Verano
105524,IBUPROFENO 800MG TAB. REC CJAX50UND,GENFAR,0.0,1.0,0.29,2025-12-25 15:22:22,4,12,Verano
105524,IBUPROFENO 800MG TAB. REC CJAX50UND,GENFAR,0.0,10.0,3.0,2025-12-25 18:15:19,4,12,Verano
105524,IBUPROFENO 800MG TAB. REC CJAX50UND,GENFAR,0.0,5.0,1.5,2025-12-25 21:09:47,13,12,Verano
105524,IBUPROFENO 800MG TAB. REC CJAX50UND,GENFAR,0.0,5.0,1.5,2025-12-26 17:44:14,3,12,Verano
105524,IBUPROFENO 800MG TAB. REC CJAX50UND,GENFAR,0.0,10.0,3.0,2025-12-27 19:08:25,4,12,Verano
105524,IBUPROFENO 800MG TAB. REC CJAX50UND,GENFAR,0.0,10.0,3.0,2025-12-27 19:12:50,14,12,Verano
105524,IBUPROFENO 800MG TAB. REC CJAX50UND,GENFAR,0.0,6.0,1.8,2025-12-28 20:40:41,10,12,Verano
105524,IBUPROFENO 800MG TAB. REC CJAX50UND,GENFAR,0.0,20.0,6.0,2025-12-30 11:00:55,3,12,Verano
105524,IBUPROFENO 800MG TAB. REC CJAX50UND,GENFAR,0.0,15.0,4.5,2025-12-30 14:38:38,2,12,Verano
105524,IBUPROFENO 800MG TAB. REC CJAX50UND,GENFAR,0.0,10.0,3.0,2025-12-30 19:27:05,17,12,Verano
105524,IBUPROFENO 800MG TAB. REC CJAX50UND,GENFAR,0.0,10.0,3.0,2025-12-31 10:40:38,5,12,Verano
105524,IBUPROFENO 800MG TAB. REC CJAX50UND,GENFAR,0.0,10.0,2.85,2025-12-31 18:47:45,4,12,Verano
105524,IBUPROFENO 800MG TAB. REC CJAX50UND,GENFAR,0.0,2.0,0.6,2026-01-02 23:20:21,4,1,Verano
105524,IBUPROFENO 800MG TAB. REC CJAX50UND,GENFAR,0.0,10.0,3.0,2026-01-03 21:25:13,3,1,Verano
105524,IBUPROFENO 800MG TAB. REC CJAX50UND,GENFAR,0.0,10.0,3.0,2026-01-05 21:09:04,8,1,Verano
105524,IBUPROFENO 800MG TAB. REC CJAX50UND,GENFAR,0.0,10.0,3.0,2026-01-06 07:21:11,17,1,Verano
105524,IBUPROFENO 800MG TAB. REC CJAX50UND,GENFAR,0.0,10.0,3.0,2026-01-06 21:56:39,4,1,Verano
105524,IBUPROFENO 800MG TAB. REC CJAX50UND,GENFAR,0.0,10.0,3.0,2026-01-07 19:37:19,15,1,Verano
105524,IBUPROFENO 800MG TAB. REC CJAX50UND,GENFAR,0.0,4.0,1.2,2026-01-07 21:52:36,12,1,Verano
105524,IBUPROFENO 800MG TAB. REC CJAX50UND,GENFAR,0.0,10.0,3.0,2026-01-07 22:13:21,15,1,Verano
105524,IBUPROFENO 800MG TAB. REC CJAX50UND,GENFAR,0.0,5.0,1.5,2026-01-07 22:21:15,4,1,Verano
105524,IBUPROFENO 800MG TAB. REC CJAX50UND,GENFAR,0.0,10.0,3.0,2026-01-09 22:01:19,8,1,Verano
105524,IBUPROFENO 800MG TAB. REC CJAX50UND,GENFAR,0.0,4.0,1.2,2026-01-10 09:35:58,5,1,Verano
105524,IBUPROFENO 800MG TAB. REC CJAX50UND,GENFAR,0.0,10.0,3.0,2026-01-10 19:30:59,5,1,Verano
105524,IBUPROFENO 800MG TAB. REC CJAX50UND,GENFAR,0.0,10.0,3.0,2026-01-11 12:16:33,5,1,Verano
105524,IBUPROFENO 800MG TAB. REC CJAX50UND,GENFAR,0.0,4.0,1.2,2026-01-11 12:19:38,5,1,Verano
105524,IBUPROFENO 800MG TAB. REC CJAX50UND,GENFAR,0.0,-10.0,-3.0,2026-01-11 12:28:52,5,1,Verano
105524,IBUPROFENO 800MG TAB. REC CJAX50UND,GENFAR,0.0,10.0,3.0,2026-01-14 12:56:46,17,1,Verano
105524,IBUPROFENO 800MG TAB. REC CJAX50UND,GENFAR,0.0,10.0,3.0,2026-01-14 17:17:52,14,1,Verano
105524,IBUPROFENO 800MG TAB. REC CJAX50UND,GENFAR,0.0,10.0,3.0,2026-01-15 08:02:23,17,1,Verano
105524,IBUPROFENO 800MG TAB. REC CJAX50UND,GENFAR,0.0,10.0,3.0,2026-01-15 15:52:53,15,1,Verano
105524,IBUPROFENO 800MG TAB. REC CJAX50UND,GENFAR,0.0,10.0,3.0,2026-01-16 14:40:24,2,1,Verano
105524,IBUPROFENO 800MG TAB. REC CJAX50UND,GENFAR,0.0,10.0,3.0,2026-01-16 21:35:58,5,1,Verano
105524,IBUPROFENO 800MG TAB. REC CJAX50UND,GENFAR,0.0,10.0,3.0,2026-01-17 17:05:35,2,1,Verano
105524,IBUPROFENO 800MG TAB. REC CJAX50UND,GENFAR,0.0,10.0,3.0,2026-01-18 12:46:00,17,1,Verano
105524,IBUPROFENO 800MG TAB. REC CJAX50UND,GENFAR,0.0,10.0,3.0,2026-01-21 21:34:35,15,1,Verano
105524,IBUPROFENO 800MG TAB. REC CJAX50UND,GENFAR,0.0,10.0,3.0,2026-01-22 21:40:22,14,1,Verano
105524,IBUPROFENO 800MG TAB. REC CJAX50UND,GENFAR,0.0,10.0,3.0,2026-01-30 12:38:19,10,1,Verano
105524,IBUPROFENO 800MG TAB. REC CJAX50UND,GENFAR,0.0,1.0,0.3,2026-01-31 09:21:33,11,1,Verano
105524,IBUPROFENO 800MG TAB. REC CJAX50UND,GENFAR,0.0,3.0,0.9,2026-02-12 10:31:02,11,2,Verano
105524,IBUPROFENO 800MG TAB. REC CJAX50UND,GENFAR,0.0,1.0,0.3,2026-02-18 23:30:09,4,2,Verano
105524,IBUPROFENO 800MG TAB. REC CJAX50UND,GENFAR,0.0,1.0,0.3,2026-02-20 13:02:34,11,2,Verano
105524,IBUPROFENO 800MG TAB. REC CJAX50UND,GENFAR,0.0,10.0,4.0,2026-03-06 13:29:18,14,3,Otoño
105524,IBUPROFENO 800MG TAB. REC CJAX50UND,GENFAR,0.0,10.0,4.0,2026-03-06 21:25:42,3,3,Otoño
105524,IBUPROFENO 800MG TAB. REC CJAX50UND,GENFAR,0.0,10.0,4.0,2026-03-08 21:35:06,14,3,Otoño
105524,IBUPROFENO 800MG TAB. REC CJAX50UND,GENFAR,0.0,10.0,4.0,2026-03-09 09:21:43,14,3,Otoño
105524,IBUPROFENO 800MG TAB. REC CJAX50UND,GENFAR,0.0,20.0,8.0,2026-03-10 19:41:58,1,3,Otoño
105524,IBUPROFENO 800MG TAB. REC CJAX50UND,GENFAR,0.0,5.0,2.0,2026-03-10 20:56:00,7,3,Otoño
105524,IBUPROFENO 800MG TAB. REC CJAX50UND,GENFAR,0.0,10.0,4.0,2026-03-11 09:26:29,1,3,Otoño
105524,IBUPROFENO 800MG TAB. REC CJAX50UND,GENFAR,0.0,10.0,4.0,2026-03-11 11:34:50,2,3,Otoño
105524,IBUPROFENO 800MG TAB. REC CJAX50UND,GENFAR,0.0,10.0,4.0,2026-03-12 20:10:47,13,3,Otoño
105524,IBUPROFENO 800MG TAB. REC CJAX50UND,GENFAR,0.0,10.0,4.0,2026-03-13 14:14:22,3,3,Otoño
105524,IBUPROFENO 800MG TAB. REC CJAX50UND,GENFAR,0.0,10.0,4.0,2026-03-13 21:59:24,14,3,Otoño
105524,IBUPROFENO 800MG TAB. REC CJAX50UND,GENFAR,0.0,10.0,4.0,2026-03-16 12:33:57,3,3,Otoño
105524,IBUPROFENO 800MG TAB. REC CJAX50UND,GENFAR,0.0,10.0,4.0,2026-03-17 15:21:20,3,3,Otoño
105524,IBUPROFENO 800MG TAB. REC CJAX50UND,GENFAR,0.0,10.0,4.0,2026-03-17 19:41:06,3,3,Otoño
105524,IBUPROFENO 800MG TAB. REC CJAX50UND,GENFAR,0.0,10.0,4.0,2026-03-17 20:08:20,1,3,Otoño
105524,IBUPROFENO 800MG TAB. REC CJAX50UND,GENFAR,0.0,10.0,3.8,2026-03-18 19:01:58,6,3,Otoño
105524,IBUPROFENO 800MG TAB. REC CJAX50UND,GENFAR,0.0,2.0,0.8,2026-03-18 22:11:04,4,3,Otoño
105524,IBUPROFENO 800MG TAB. REC CJAX50UND,GENFAR,0.0,10.0,4.0,2026-03-19 11:54:39,14,3,Otoño
105524,IBUPROFENO 800MG TAB. REC CJAX50UND,GENFAR,0.0,5.0,2.0,2026-03-19 18:11:08,1,3,Otoño
105524,IBUPROFENO 800MG TAB. REC CJAX50UND,GENFAR,0.0,10.0,4.0,2026-03-19 20:31:01,13,3,Otoño
105524,IBUPROFENO 800MG TAB. REC CJAX50UND,GENFAR,0.0,10.0,4.0,2026-03-19 20:33:29,17,3,Otoño
105524,IBUPROFENO 800MG TAB. REC CJAX50UND,GENFAR,0.0,10.0,4.0,2026-03-20 21:15:54,1,3,Otoño
105524,IBUPROFENO 800MG TAB. REC CJAX50UND,GENFAR,0.0,10.0,4.0,2026-03-21 16:59:50,2,3,Otoño
105524,IBUPROFENO 800MG TAB. REC CJAX50UND,GENFAR,0.0,3.0,1.2,2026-03-22 11:23:29,1,3,Otoño
105524,IBUPROFENO 800MG TAB. REC CJAX50UND,GENFAR,0.0,10.0,4.0,2026-03-22 13:37:17,17,3,Otoño
105524,IBUPROFENO 800MG TAB. REC CJAX50UND,GENFAR,0.0,13.0,5.2,2026-03-22 20:34:32,8,3,Otoño
105524,IBUPROFENO 800MG TAB. REC CJAX50UND,GENFAR,0.0,3.0,1.2,2026-03-23 18:27:22,8,3,Otoño
105524,IBUPROFENO 800MG TAB. REC CJAX50UND,GENFAR,0.0,5.0,2.0,2026-03-24 11:39:54,2,3,Otoño
105524,IBUPROFENO 800MG TAB. REC CJAX50UND,GENFAR,0.0,20.0,8.0,2026-03-24 16:45:03,18,3,Otoño
105524,IBUPROFENO 800MG TAB. REC CJAX50UND,GENFAR,0.0,5.0,2.0,2026-03-25 07:32:49,2,3,Otoño
105524,IBUPROFENO 800MG TAB. REC CJAX50UND,GENFAR,0.0,10.0,4.0,2026-03-26 21:53:36,15,3,Otoño
105524,IBUPROFENO 800MG TAB. REC CJAX50UND,GENFAR,0.0,10.0,4.0,2026-03-27 17:36:13,2,3,Otoño
105524,IBUPROFENO 800MG TAB. REC CJAX50UND,GENFAR,0.0,10.0,4.0,2026-03-28 10:47:48,13,3,Otoño
105524,IBUPROFENO 800MG TAB. REC CJAX50UND,GENFAR,0.0,2.0,0.8,2026-03-28 16:28:02,18,3,Otoño
105524,IBUPROFENO 800MG TAB. REC CJAX50UND,GENFAR,0.0,10.0,4.0,2026-03-28 19:49:29,2,3,Otoño
105524,IBUPROFENO 800MG TAB. REC CJAX50UND,GENFAR,0.0,2.0,0.8,2026-03-28 20:04:19,17,3,Otoño
105524,IBUPROFENO 800MG TAB. REC CJAX50UND,GENFAR,0.0,10.0,4.0,2026-03-30 18:55:40,13,3,Otoño
105524,IBUPROFENO 800MG TAB. REC CJAX50UND,GENFAR,0.0,10.0,4.0,2026-03-30 21:53:38,15,3,Otoño
105524,IBUPROFENO 800MG TAB. REC CJAX50UND,GENFAR,0.0,3.0,1.2,2026-03-31 11:00:39,17,3,Otoño
105524,IBUPROFENO 800MG TAB. REC CJAX50UND,GENFAR,0.0,2.0,0.8,2026-03-31 15:26:34,18,3,Otoño
105524,IBUPROFENO 800MG TAB. REC CJAX50UND,GENFAR,0.0,10.0,4.0,2026-04-01 09:26:15,13,4,Otoño
105524,IBUPROFENO 800MG TAB. REC CJAX50UND,GENFAR,0.0,10.0,4.0,2026-04-02 09:41:27,6,4,Otoño
105524,IBUPROFENO 800MG TAB. REC CJAX50UND,GENFAR,0.0,10.0,4.0,2026-04-02 20:16:08,18,4,Otoño
105524,IBUPROFENO 800MG TAB. REC CJAX50UND,GENFAR,0.0,10.0,4.0,2026-04-02 21:41:15,4,4,Otoño
105524,IBUPROFENO 800MG TAB. REC CJAX50UND,GENFAR,0.0,10.0,4.0,2026-04-03 11:21:08,8,4,Otoño
105524,IBUPROFENO 800MG TAB. REC CJAX50UND,GENFAR,0.0,20.0,8.0,2026-04-03 18:27:11,6,4,Otoño
105524,IBUPROFENO 800MG TAB. REC CJAX50UND,GENFAR,0.0,10.0,4.0,2026-04-03 21:06:46,10,4,Otoño
105524,IBUPROFENO 800MG TAB. REC CJAX50UND,GENFAR,0.0,1.0,0.4,2026-04-07 08:59:46,15,4,Otoño
105524,IBUPROFENO 800MG TAB. REC CJAX50UND,GENFAR,0.0,20.0,8.0,2026-04-08 13:44:11,14,4,Otoño
105524,IBUPROFENO 800MG TAB. REC CJAX50UND,GENFAR,0.0,10.0,4.0,2026-04-09 15:05:11,15,4,Otoño
105524,IBUPROFENO 800MG TAB. REC CJAX50UND,GENFAR,0.0,10.0,4.0,2026-04-10 19:04:05,2,4,Otoño
105524,IBUPROFENO 800MG TAB. REC CJAX50UND,GENFAR,0.0,2.0,0.8,2026-04-12 15:02:57,17,4,Otoño
105524,IBUPROFENO 800MG TAB. REC CJAX50UND,GENFAR,0.0,10.0,4.0,2026-04-14 19:40:16,15,4,Otoño
105524,IBUPROFENO 800MG TAB. REC CJAX50UND,GENFAR,0.0,1.0,0.4,2026-04-15 17:25:18,15,4,Otoño
105524,IBUPROFENO 800MG TAB. REC CJAX50UND,GENFAR,0.0,3.0,1.2,2026-04-15 17:52:16,8,4,Otoño
105524,IBUPROFENO 800MG TAB. REC CJAX50UND,GENFAR,0.0,10.0,4.0,2026-04-16 08:37:22,7,4,Otoño
105524,IBUPROFENO 800MG TAB. REC CJAX50UND,GENFAR,0.0,10.0,4.0,2026-04-17 09:38:43,17,4,Otoño
105524,IBUPROFENO 800MG TAB. REC CJAX50UND,GENFAR,0.0,1.0,0.4,2026-04-17 09:40:31,17,4,Otoño
105524,IBUPROFENO 800MG TAB. REC CJAX50UND,GENFAR,0.0,10.0,4.0,2026-04-17 10:50:07,14,4,Otoño
105524,IBUPROFENO 800MG TAB. REC CJAX50UND,GENFAR,0.0,20.0,8.0,2026-04-17 11:48:53,2,4,Otoño
105524,IBUPROFENO 800MG TAB. REC CJAX50UND,GENFAR,0.0,6.0,2.4,2026-04-17 17:08:52,1,4,Otoño
105524,IBUPROFENO 800MG TAB. REC CJAX50UND,GENFAR,0.0,10.0,4.0,2026-04-17 17:12:28,2,4,Otoño
105524,IBUPROFENO 800MG TAB. REC CJAX50UND,GENFAR,0.0,5.0,2.0,2026-04-17 17:19:32,18,4,Otoño
105524,IBUPROFENO 800MG TAB. REC CJAX50UND,GENFAR,0.0,3.0,1.2,2026-04-17 22:29:11,1,4,Otoño
105524,IBUPROFENO 800MG TAB. REC CJAX50UND,GENFAR,0.0,10.0,4.0,2026-04-19 12:37:03,17,4,Otoño
105524,IBUPROFENO 800MG TAB. REC CJAX50UND,GENFAR,0.0,10.0,4.0,2026-04-19 18:54:03,11,4,Otoño
105524,IBUPROFENO 800MG TAB. REC CJAX50UND,GENFAR,0.0,5.0,2.0,2026-04-20 18:30:33,18,4,Otoño
105524,IBUPROFENO 800MG TAB. REC CJAX50UND,GENFAR,0.0,10.0,4.0,2026-04-22 18:23:55,4,4,Otoño
105524,IBUPROFENO 800MG TAB. REC CJAX50UND,GENFAR,0.0,10.0,4.0,2026-04-22 19:11:04,10,4,Otoño
105524,IBUPROFENO 800MG TAB. REC CJAX50UND,GENFAR,0.0,2.0,0.8,2026-04-23 17:28:58,12,4,Otoño
105524,IBUPROFENO 800MG TAB. REC CJAX50UND,GENFAR,0.0,10.0,4.0,2026-04-23 20:16:06,8,4,Otoño
105524,IBUPROFENO 800MG TAB. REC CJAX50UND,GENFAR,0.0,10.0,4.0,2026-04-24 11:05:00,10,4,Otoño
105524,IBUPROFENO 800MG TAB. REC CJAX50UND,GENFAR,0.0,20.0,8.0,2026-04-24 15:02:16,11,4,Otoño
105524,IBUPROFENO 800MG TAB. REC CJAX50UND,GENFAR,0.0,5.0,2.0,2026-04-24 21:17:35,18,4,Otoño
105524,IBUPROFENO 800MG TAB. REC CJAX50UND,GENFAR,0.0,5.0,2.0,2026-04-25 12:59:50,18,4,Otoño
105524,IBUPROFENO 800MG TAB. REC CJAX50UND,GENFAR,0.0,20.0,8.0,2026-04-26 20:16:09,18,4,Otoño
105524,IBUPROFENO 800MG TAB. REC CJAX50UND,GENFAR,0.0,2.0,0.8,2026-04-27 18:10:59,17,4,Otoño
105524,IBUPROFENO 800MG TAB. REC CJAX50UND,GENFAR,0.0,20.0,8.0,2026-04-27 20:38:40,14,4,Otoño
105524,IBUPROFENO 800MG TAB. REC CJAX50UND,GENFAR,0.0,20.0,8.0,2026-04-28 18:34:20,10,4,Otoño
105524,IBUPROFENO 800MG TAB. REC CJAX50UND,GENFAR,0.0,10.0,4.0,2026-04-29 16:38:33,11,4,Otoño
105524,IBUPROFENO 800MG TAB. REC CJAX50UND,GENFAR,0.0,5.0,2.0,2026-05-01 10:53:10,17,5,Otoño
105524,IBUPROFENO 800MG TAB. REC CJAX50UND,GENFAR,0.0,10.0,4.0,2026-05-01 17:15:56,10,5,Otoño
105524,IBUPROFENO 800MG TAB. REC CJAX50UND,GENFAR,0.0,1.0,0.4,2026-05-01 18:10:02,17,5,Otoño
105524,IBUPROFENO 800MG TAB. REC CJAX50UND,GENFAR,0.0,10.0,4.0,2026-05-01 21:09:49,4,5,Otoño
105524,IBUPROFENO 800MG TAB. REC CJAX50UND,GENFAR,0.0,2.0,0.8,2026-05-01 21:20:57,17,5,Otoño
105524,IBUPROFENO 800MG TAB. REC CJAX50UND,GENFAR,0.0,20.0,7.6,2026-05-02 09:31:26,6,5,Otoño
105524,IBUPROFENO 800MG TAB. REC CJAX50UND,GENFAR,0.0,10.0,4.0,2026-05-02 10:44:05,4,5,Otoño
105524,IBUPROFENO 800MG TAB. REC CJAX50UND,GENFAR,0.0,10.0,4.0,2026-05-02 11:08:01,12,5,Otoño
105524,IBUPROFENO 800MG TAB. REC CJAX50UND,GENFAR,0.0,20.0,8.0,2026-05-02 12:20:03,3,5,Otoño
105524,IBUPROFENO 800MG TAB. REC CJAX50UND,GENFAR,0.0,10.0,4.0,2026-05-02 19:15:15,2,5,Otoño
105524,IBUPROFENO 800MG TAB. REC CJAX50UND,GENFAR,0.0,2.0,0.8,2026-05-03 14:19:22,17,5,Otoño
105524,IBUPROFENO 800MG TAB. REC CJAX50UND,GENFAR,0.0,1.0,0.4,2026-05-03 18:32:12,10,5,Otoño
105524,IBUPROFENO 800MG TAB. REC CJAX50UND,GENFAR,0.0,10.0,4.0,2026-05-03 20:10:08,4,5,Otoño
105524,IBUPROFENO 800MG TAB. REC CJAX50UND,GENFAR,0.0,4.0,1.6,2026-05-04 09:05:19,6,5,Otoño
105524,IBUPROFENO 800MG TAB. REC CJAX50UND,GENFAR,0.0,1.0,0.4,2026-05-04 19:05:11,10,5,Otoño
105524,IBUPROFENO 800MG TAB. REC CJAX50UND,GENFAR,0.0,10.0,4.0,2026-05-05 11:52:09,2,5,Otoño
105524,IBUPROFENO 800MG TAB. REC CJAX50UND,GENFAR,0.0,10.0,4.0,2026-05-05 13:35:44,13,5,Otoño
105524,IBUPROFENO 800MG TAB. REC CJAX50UND,GENFAR,0.0,8.0,3.2,2026-05-05 20:25:16,15,5,Otoño
105524,IBUPROFENO 800MG TAB. REC CJAX50UND,GENFAR,0.0,10.0,4.0,2026-05-05 21:51:34,3,5,Otoño
105524,IBUPROFENO 800MG TAB. REC CJAX50UND,GENFAR,0.0,4.0,1.6,2026-05-06 09:33:11,4,5,Otoño
105524,IBUPROFENO 800MG TAB. REC CJAX50UND,GENFAR,0.0,-4.0,-1.6,2026-05-06 09:40:52,4,5,Otoño
105524,IBUPROFENO 800MG TAB. REC CJAX50UND,GENFAR,0.0,5.0,2.0,2026-05-06 10:21:26,12,5,Otoño
105524,IBUPROFENO 800MG TAB. REC CJAX50UND,GENFAR,0.0,5.0,2.0,2026-05-06 18:11:29,8,5,Otoño
105524,IBUPROFENO 800MG TAB. REC CJAX50UND,GENFAR,0.0,10.0,4.0,2026-05-06 19:00:19,8,5,Otoño
105524,IBUPROFENO 800MG TAB. REC CJAX50UND,GENFAR,0.0,20.0,8.0,2026-05-07 22:25:21,7,5,Otoño
105524,IBUPROFENO 800MG TAB. REC CJAX50UND,GENFAR,0.0,5.0,2.0,2026-05-09 11:28:36,4,5,Otoño
105524,IBUPROFENO 800MG TAB. REC CJAX50UND,GENFAR,0.0,10.0,4.0,2026-05-11 19:02:10,18,5,Otoño
105524,IBUPROFENO 800MG TAB. REC CJAX50UND,GENFAR,0.0,10.0,4.0,2026-05-11 19:19:18,7,5,Otoño
105524,IBUPROFENO 800MG TAB. REC CJAX50UND,GENFAR,0.0,10.0,4.0,2026-05-11 19:56:20,18,5,Otoño
105524,IBUPROFENO 800MG TAB. REC CJAX50UND,GENFAR,0.0,5.0,2.0,2026-05-11 20:15:17,11,5,Otoño
105524,IBUPROFENO 800MG TAB. REC CJAX50UND,GENFAR,0.0,10.0,4.0,2026-05-11 20:56:34,18,5,Otoño
105524,IBUPROFENO 800MG TAB. REC CJAX50UND,GENFAR,0.0,10.0,4.0,2026-05-12 07:46:55,4,5,Otoño
105524,IBUPROFENO 800MG TAB. REC CJAX50UND,GENFAR,0.0,10.0,4.0,2026-05-12 13:10:46,17,5,Otoño
105524,IBUPROFENO 800MG TAB. REC CJAX50UND,GENFAR,0.0,10.0,4.0,2026-05-12 19:49:03,6,5,Otoño
105524,IBUPROFENO 800MG TAB. REC CJAX50UND,GENFAR,0.0,10.0,4.0,2026-05-12 21:10:09,10,5,Otoño
105524,IBUPROFENO 800MG TAB. REC CJAX50UND,GENFAR,0.0,10.0,4.0,2026-05-13 12:09:10,18,5,Otoño
105524,IBUPROFENO 800MG TAB. REC CJAX50UND,GENFAR,0.0,10.0,4.0,2026-05-13 14:59:10,17,5,Otoño
105524,IBUPROFENO 800MG TAB. REC CJAX50UND,GENFAR,0.0,5.0,2.0,2026-05-14 15:30:19,13,5,Otoño
105524,IBUPROFENO 800MG TAB. REC CJAX50UND,GENFAR,0.0,1.0,0.4,2026-05-14 18:50:41,18,5,Otoño
105524,IBUPROFENO 800MG TAB. REC CJAX50UND,GENFAR,0.0,1.0,0.4,2026-05-15 21:35:45,18,5,Otoño
105524,IBUPROFENO 800MG TAB. REC CJAX50UND,GENFAR,0.0,10.0,4.0,2026-05-16 20:13:56,7,5,Otoño
105524,IBUPROFENO 800MG TAB. REC CJAX50UND,GENFAR,0.0,10.0,4.0,2026-05-16 22:57:50,2,5,Otoño
105524,IBUPROFENO 800MG TAB. REC CJAX50UND,GENFAR,0.0,20.0,8.0,2026-05-17 11:39:38,4,5,Otoño
105524,IBUPROFENO 800MG TAB. REC CJAX50UND,GENFAR,0.0,4.0,1.6,2026-05-18 08:21:59,18,5,Otoño
105524,IBUPROFENO 800MG TAB. REC CJAX50UND,GENFAR,0.0,10.0,4.0,2026-05-18 14:49:55,14,5,Otoño
105524,IBUPROFENO 800MG TAB. REC CJAX50UND,GENFAR,0.0,2.0,0.8,2026-05-19 15:04:51,17,5,Otoño
105524,IBUPROFENO 800MG TAB. REC CJAX50UND,GENFAR,0.0,10.0,4.0,2026-05-19 18:30:17,2,5,Otoño
105524,IBUPROFENO 800MG TAB. REC CJAX50UND,GENFAR,0.0,10.0,4.0,2026-05-20 21:00:57,4,5,Otoño
105524,IBUPROFENO 800MG TAB. REC CJAX50UND,GENFAR,0.0,10.0,4.0,2026-05-21 09:34:38,5,5,Otoño
105524,IBUPROFENO 800MG TAB. REC CJAX50UND,GENFAR,0.0,10.0,4.0,2026-05-21 13:50:34,2,5,Otoño
105524,IBUPROFENO 800MG TAB. REC CJAX50UND,GENFAR,0.0,10.0,4.0,2026-05-21 15:29:37,12,5,Otoño
105524,IBUPROFENO 800MG TAB. REC CJAX50UND,GENFAR,0.0,10.0,4.0,2026-05-22 07:47:57,3,5,Otoño
105524,IBUPROFENO 800MG TAB. REC CJAX50UND,GENFAR,0.0,10.0,4.0,2026-05-22 14:49:55,13,5,Otoño
105524,IBUPROFENO 800MG TAB. REC CJAX50UND,GENFAR,0.0,10.0,4.0,2026-05-22 21:04:32,10,5,Otoño
105524,IBUPROFENO 800MG TAB. REC CJAX50UND,GENFAR,0.0,10.0,4.0,2026-05-23 14:58:04,6,5,Otoño
105524,IBUPROFENO 800MG TAB. REC CJAX50UND,GENFAR,0.0,10.0,4.0,2026-05-23 19:33:48,18,5,Otoño
105524,IBUPROFENO 800MG TAB. REC CJAX50UND,GENFAR,0.0,5.0,2.0,2026-05-23 20:53:32,10,5,Otoño
105524,IBUPROFENO 800MG TAB. REC CJAX50UND,GENFAR,0.0,10.0,4.0,2026-05-23 20:58:49,18,5,Otoño
105524,IBUPROFENO 800MG TAB. REC CJAX50UND,GENFAR,0.0,10.0,4.0,2026-05-23 21:46:15,11,5,Otoño
105524,IBUPROFENO 800MG TAB. REC CJAX50UND,GENFAR,0.0,1.0,0.4,2026-05-25 09:34:17,17,5,Otoño
105524,IBUPROFENO 800MG TAB. REC CJAX50UND,GENFAR,0.0,10.0,4.0,2026-05-25 16:00:56,18,5,Otoño
105524,IBUPROFENO 800MG TAB. REC CJAX50UND,GENFAR,0.0,10.0,4.0,2026-05-25 19:41:44,17,5,Otoño
105524,IBUPROFENO 800MG TAB. REC CJAX50UND,GENFAR,0.0,2.0,0.8,2026-05-25 21:01:39,4,5,Otoño
105524,IBUPROFENO 800MG TAB. REC CJAX50UND,GENFAR,0.0,10.0,4.0,2026-05-26 20:03:25,14,5,Otoño
105524,IBUPROFENO 800MG TAB. REC CJAX50UND,GENFAR,0.0,10.0,4.0,2026-05-26 20:31:16,8,5,Otoño
105524,IBUPROFENO 800MG TAB. REC CJAX50UND,GENFAR,0.0,10.0,4.0,2026-05-26 20:37:19,8,5,Otoño
105524,IBUPROFENO 800MG TAB. REC CJAX50UND,GENFAR,0.0,6.0,2.4,2026-05-27 21:53:23,8,5,Otoño
105524,IBUPROFENO 800MG TAB. REC CJAX50UND,GENFAR,0.0,10.0,4.0,2026-05-28 15:53:42,2,5,Otoño
105524,IBUPROFENO 800MG TAB. REC CJAX50UND,GENFAR,0.0,5.0,2.0,2026-05-28 18:48:59,5,5,Otoño
105524,IBUPROFENO 800MG TAB. REC CJAX50UND,GENFAR,0.0,2.0,0.8,2026-05-28 20:02:13,2,5,Otoño
105524,IBUPROFENO 800MG TAB. REC CJAX50UND,GENFAR,0.0,10.0,4.0,2026-05-29 19:40:33,11,5,Otoño
105524,IBUPROFENO 800MG TAB. REC CJAX50UND,GENFAR,0.0,10.0,4.0,2026-05-29 20:48:08,2,5,Otoño
105524,IBUPROFENO 800MG TAB. REC CJAX50UND,GENFAR,0.0,10.0,4.0,2026-05-30 12:21:48,1,5,Otoño
105524,IBUPROFENO 800MG TAB. REC CJAX50UND,GENFAR,0.0,10.0,4.0,2026-05-30 19:06:29,17,5,Otoño
105524,IBUPROFENO 800MG TAB. REC CJAX50UND,GENFAR,0.0,10.0,4.0,2026-05-31 08:31:51,14,5,Otoño
105524,IBUPROFENO 800MG TAB. REC CJAX50UND,GENFAR,0.0,10.0,4.0,2026-05-31 17:53:56,2,5,Otoño
105524,IBUPROFENO 800MG TAB. REC CJAX50UND,GENFAR,0.0,10.0,4.0,2026-05-31 19:20:58,3,5,Otoño
105524,IBUPROFENO 800MG TAB. REC CJAX50UND,GENFAR,0.0,10.0,4.0,2026-06-01 12:36:03,12,6,Invierno
105524,IBUPROFENO 800MG TAB. REC CJAX50UND,GENFAR,0.0,10.0,4.0,2026-06-01 19:17:56,2,6,Invierno
105524,IBUPROFENO 800MG TAB. REC CJAX50UND,GENFAR,0.0,10.0,4.0,2026-06-02 10:51:24,11,6,Invierno
105524,IBUPROFENO 800MG TAB. REC CJAX50UND,GENFAR,0.0,10.0,4.0,2026-06-02 17:17:44,11,6,Invierno
105524,IBUPROFENO 800MG TAB. REC CJAX50UND,GENFAR,0.0,1.0,0.4,2026-06-02 19:43:34,1,6,Invierno
105524,IBUPROFENO 800MG TAB. REC CJAX50UND,GENFAR,0.0,2.0,0.8,2026-06-03 08:50:08,13,6,Invierno
105524,IBUPROFENO 800MG TAB. REC CJAX50UND,GENFAR,0.0,10.0,4.0,2026-06-03 14:29:28,17,6,Invierno
105524,IBUPROFENO 800MG TAB. REC CJAX50UND,GENFAR,0.0,2.0,0.8,2026-06-04 21:54:41,10,6,Invierno
105524,IBUPROFENO 800MG TAB. REC CJAX50UND,GENFAR,0.0,20.0,8.0,2026-06-05 10:26:09,16,6,Invierno
105524,IBUPROFENO 800MG TAB. REC CJAX50UND,GENFAR,0.0,10.0,4.0,2026-06-05 13:11:25,4,6,Invierno
105524,IBUPROFENO 800MG TAB. REC CJAX50UND,GENFAR,0.0,6.0,2.4,2026-06-06 11:05:17,1,6,Invierno
105524,IBUPROFENO 800MG TAB. REC CJAX50UND,GENFAR,0.0,10.0,4.0,2026-06-06 13:55:59,16,6,Invierno
105524,IBUPROFENO 800MG TAB. REC CJAX50UND,GENFAR,0.0,10.0,4.0,2026-06-07 13:12:27,17,6,Invierno
105524,IBUPROFENO 800MG TAB. REC CJAX50UND,GENFAR,0.0,10.0,4.0,2026-06-07 16:40:25,18,6,Invierno
105524,IBUPROFENO 800MG TAB. REC CJAX50UND,GENFAR,0.0,10.0,4.0,2026-06-08 13:58:31,1,6,Invierno
105524,IBUPROFENO 800MG TAB. REC CJAX50UND,GENFAR,0.0,2.0,0.8,2026-06-08 16:12:30,2,6,Invierno
105524,IBUPROFENO 800MG TAB. REC CJAX50UND,GENFAR,0.0,10.0,4.0,2026-06-08 18:50:46,5,6,Invierno
105524,IBUPROFENO 800MG TAB. REC CJAX50UND,GENFAR,0.0,9.0,3.6,2026-06-08 20:00:21,2,6,Invierno
105524,IBUPROFENO 800MG TAB. REC CJAX50UND,GENFAR,0.0,10.0,4.0,2026-06-08 22:36:19,10,6,Invierno
105524,IBUPROFENO 800MG TAB. REC CJAX50UND,GENFAR,0.0,10.0,4.0,2026-06-09 09:04:32,6,6,Invierno
105524,IBUPROFENO 800MG TAB. REC CJAX50UND,GENFAR,0.0,10.0,4.0,2026-06-09 10:23:22,17,6,Invierno
105524,IBUPROFENO 800MG TAB. REC CJAX50UND,GENFAR,0.0,10.0,4.0,2026-06-09 18:06:33,15,6,Invierno
105524,IBUPROFENO 800MG TAB. REC CJAX50UND,GENFAR,0.0,10.0,4.0,2026-06-09 18:43:42,17,6,Invierno
105524,IBUPROFENO 800MG TAB. REC CJAX50UND,GENFAR,0.0,6.0,2.4,2026-06-09 18:47:02,1,6,Invierno
105524,IBUPROFENO 800MG TAB. REC CJAX50UND,GENFAR,0.0,20.0,8.0,2026-06-09 21:58:02,7,6,Invierno
105524,IBUPROFENO 800MG TAB. REC CJAX50UND,GENFAR,0.0,2.0,0.8,2026-06-10 09:20:16,18,6,Invierno
105524,IBUPROFENO 800MG TAB. REC CJAX50UND,GENFAR,0.0,10.0,4.0,2026-06-10 13:14:20,15,6,Invierno
105524,IBUPROFENO 800MG TAB. REC CJAX50UND,GENFAR,0.0,10.0,4.0,2026-06-10 21:26:31,15,6,Invierno
105524,IBUPROFENO 800MG TAB. REC CJAX50UND,GENFAR,0.0,5.0,2.0,2026-06-11 18:45:15,15,6,Invierno
105524,IBUPROFENO 800MG TAB. REC CJAX50UND,GENFAR,0.0,10.0,4.0,2026-06-12 12:23:08,11,6,Invierno
105524,IBUPROFENO 800MG TAB. REC CJAX50UND,GENFAR,0.0,10.0,4.0,2026-06-12 23:24:26,5,6,Invierno
105524,IBUPROFENO 800MG TAB. REC CJAX50UND,GENFAR,0.0,10.0,4.0,2026-06-13 20:15:26,2,6,Invierno
105524,IBUPROFENO 800MG TAB. REC CJAX50UND,GENFAR,0.0,10.0,4.0,2026-06-15 12:53:16,16,6,Invierno
105524,IBUPROFENO 800MG TAB. REC CJAX50UND,GENFAR,0.0,10.0,4.0,2026-06-15 21:25:11,7,6,Invierno
105524,IBUPROFENO 800MG TAB. REC CJAX50UND,GENFAR,0.0,20.0,8.0,2026-06-15 22:55:38,4,6,Invierno
105524,IBUPROFENO 800MG TAB. REC CJAX50UND,GENFAR,0.0,10.0,4.0,2026-06-17 19:56:25,2,6,Invierno
105524,IBUPROFENO 800MG TAB. REC CJAX50UND,GENFAR,0.0,10.0,4.0,2026-06-18 17:35:47,19,6,Invierno
105524,IBUPROFENO 800MG TAB. REC CJAX50UND,GENFAR,0.0,10.0,4.0,2026-06-19 12:46:48,2,6,Invierno
105524,IBUPROFENO 800MG TAB. REC CJAX50UND,GENFAR,0.0,-10.0,-4.0,2026-06-19 12:51:10,2,6,Invierno
105524,IBUPROFENO 800MG TAB. REC CJAX50UND,GENFAR,0.0,8.0,3.2,2026-06-19 12:52:25,2,6,Invierno
105524,IBUPROFENO 800MG TAB. REC CJAX50UND,GENFAR,0.0,100.0,40.0,2026-06-19 15:16:39,3,6,Invierno
105524,IBUPROFENO 800MG TAB. REC CJAX50UND,GENFAR,0.0,2.0,0.8,2026-06-20 20:29:33,4,6,Invierno
105524,IBUPROFENO 800MG TAB. REC CJAX50UND,GENFAR,0.0,10.0,4.0,2026-06-21 14:59:51,1,6,Invierno
105524,IBUPROFENO 800MG TAB. REC CJAX50UND,GENFAR,0.0,3.0,1.2,2026-06-21 23:29:02,4,6,Invierno
105524,IBUPROFENO 800MG TAB. REC CJAX50UND,GENFAR,0.0,10.0,4.0,2026-06-22 13:21:10,13,6,Invierno
105524,IBUPROFENO 800MG TAB. REC CJAX50UND,GENFAR,0.0,10.0,4.0,2026-06-22 16:09:22,15,6,Invierno
105524,IBUPROFENO 800MG TAB. REC CJAX50UND,GENFAR,0.0,5.0,2.0,2026-06-22 18:57:03,18,6,Invierno
105524,IBUPROFENO 800MG TAB. REC CJAX50UND,GENFAR,0.0,10.0,4.0,2026-06-23 07:27:26,13,6,Invierno
105524,IBUPROFENO 800MG TAB. REC CJAX50UND,GENFAR,0.0,6.0,2.4,2026-06-23 09:21:17,6,6,Invierno
105524,IBUPROFENO 800MG TAB. REC CJAX50UND,GENFAR,0.0,10.0,4.0,2026-06-24 22:13:05,5,6,Invierno
105524,IBUPROFENO 800MG TAB. REC CJAX50UND,GENFAR,0.0,10.0,4.0,2026-06-24 22:28:24,5,6,Invierno
105524,IBUPROFENO 800MG TAB. REC CJAX50UND,GENFAR,0.0,2.0,0.8,2026-06-26 09:24:52,5,6,Invierno
105524,IBUPROFENO 800MG TAB. REC CJAX50UND,GENFAR,0.0,10.0,4.0,2026-06-26 11:31:44,7,6,Invierno
105524,IBUPROFENO 800MG TAB. REC CJAX50UND,GENFAR,0.0,5.0,2.0,2026-06-26 16:09:52,18,6,Invierno
105524,IBUPROFENO 800MG TAB. REC CJAX50UND,GENFAR,0.0,3.0,1.2,2026-06-27 10:28:04,17,6,Invierno
105524,IBUPROFENO 800MG TAB. REC CJAX50UND,GENFAR,0.0,3.0,1.2,2026-06-27 15:04:02,1,6,Invierno
105524,IBUPROFENO 800MG TAB. REC CJAX50UND,GENFAR,0.0,10.0,4.0,2026-06-27 17:48:46,12,6,Invierno
105524,IBUPROFENO 800MG TAB. REC CJAX50UND,GENFAR,0.0,10.0,4.0,2026-06-28 12:55:16,12,6,Invierno
105524,IBUPROFENO 800MG TAB. REC CJAX50UND,GENFAR,0.0,10.0,4.0,2026-06-29 08:12:30,1,6,Invierno
105524,IBUPROFENO 800MG TAB. REC CJAX50UND,GENFAR,0.0,10.0,4.0,2026-06-29 18:32:44,19,6,Invierno
105524,IBUPROFENO 800MG TAB. REC CJAX50UND,GENFAR,0.0,10.0,4.0,2026-06-30 10:26:34,16,6,Invierno
105524,IBUPROFENO 800MG TAB. REC CJAX50UND,GENFAR,0.0,5.0,2.0,2026-07-01 13:46:15,17,7,Invierno
105524,IBUPROFENO 800MG TAB. REC CJAX50UND,GENFAR,0.0,10.0,4.0,2026-07-01 15:08:45,1,7,Invierno
105524,IBUPROFENO 800MG TAB. REC CJAX50UND,GENFAR,0.0,5.0,2.0,2026-07-01 16:17:07,7,7,Invierno
105524,IBUPROFENO 800MG TAB. REC CJAX50UND,GENFAR,0.0,5.0,2.0,2026-07-01 18:08:48,15,7,Invierno
105524,IBUPROFENO 800MG TAB. REC CJAX50UND,GENFAR,0.0,10.0,4.0,2026-07-01 20:16:10,1,7,Invierno
105524,IBUPROFENO 800MG TAB. REC CJAX50UND,GENFAR,0.0,1.0,0.4,2026-07-01 21:29:49,18,7,Invierno
105524,IBUPROFENO 800MG TAB. REC CJAX50UND,GENFAR,0.0,10.0,4.0,2026-07-01 22:55:02,4,7,Invierno
105524,IBUPROFENO 800MG TAB. REC CJAX50UND,GENFAR,0.0,10.0,3.29,2026-07-02 09:58:28,18,7,Invierno
105524,IBUPROFENO 800MG TAB. REC CJAX50UND,GENFAR,0.0,10.0,4.0,2026-07-02 20:46:12,14,7,Invierno
105524,IBUPROFENO 800MG TAB. REC CJAX50UND,GENFAR,0.0,10.0,4.0,2026-07-03 20:23:13,19,7,Invierno
105524,IBUPROFENO 800MG TAB. REC CJAX50UND,GENFAR,0.0,10.0,4.0,2026-07-04 20:56:41,12,7,Invierno
105524,IBUPROFENO 800MG TAB. REC CJAX50UND,GENFAR,0.0,5.0,2.0,2026-07-04 22:00:19,5,7,Invierno
105524,IBUPROFENO 800MG TAB. REC CJAX50UND,GENFAR,0.0,10.0,4.0,2026-07-04 22:39:59,4,7,Invierno
105524,IBUPROFENO 800MG TAB. REC CJAX50UND,GENFAR,0.0,10.0,4.0,2026-07-05 13:03:48,17,7,Invierno
105524,IBUPROFENO 800MG TAB. REC CJAX50UND,GENFAR,0.0,10.0,4.0,2026-07-05 19:33:11,19,7,Invierno
105524,IBUPROFENO 800MG TAB. REC CJAX50UND,GENFAR,0.0,10.0,4.0,2026-07-05 21:39:32,1,7,Invierno
105524,IBUPROFENO 800MG TAB. REC CJAX50UND,GENFAR,0.0,2.0,0.8,2026-07-05 22:57:25,13,7,Invierno
105524,IBUPROFENO 800MG TAB. REC CJAX50UND,GENFAR,0.0,14.0,5.6,2026-07-06 10:35:22,2,7,Invierno
105524,IBUPROFENO 800MG TAB. REC CJAX50UND,GENFAR,0.0,10.0,4.0,2026-07-06 16:44:17,17,7,Invierno
105524,IBUPROFENO 800MG TAB. REC CJAX50UND,GENFAR,0.0,5.0,2.0,2026-07-07 18:10:00,8,7,Invierno
105524,IBUPROFENO 800MG TAB. REC CJAX50UND,GENFAR,0.0,10.0,4.0,2026-07-08 17:42:21,15,7,Invierno
105524,IBUPROFENO 800MG TAB. REC CJAX50UND,GENFAR,0.0,10.0,4.0,2026-07-09 15:07:44,7,7,Invierno
105524,IBUPROFENO 800MG TAB. REC CJAX50UND,GENFAR,0.0,10.0,4.0,2026-07-09 15:14:24,7,7,Invierno
105524,IBUPROFENO 800MG TAB. REC CJAX50UND,GENFAR,0.0,10.0,4.0,2026-07-09 16:39:55,7,7,Invierno
105524,IBUPROFENO 800MG TAB. REC CJAX50UND,GENFAR,0.0,10.0,4.0,2026-07-09 16:58:07,4,7,Invierno
105524,IBUPROFENO 800MG TAB. REC CJAX50UND,GENFAR,0.0,2.0,0.8,2026-07-09 22:40:00,13,7,Invierno
105524,IBUPROFENO 800MG TAB. REC CJAX50UND,GENFAR,0.0,10.0,4.0,2026-07-10 19:12:48,13,7,Invierno
105524,IBUPROFENO 800MG TAB. REC CJAX50UND,GENFAR,0.0,10.0,4.0,2026-07-10 19:28:02,6,7,Invierno
105524,IBUPROFENO 800MG TAB. REC CJAX50UND,GENFAR,0.0,10.0,4.0,2026-07-10 21:00:06,4,7,Invierno
105524,IBUPROFENO 800MG TAB. REC CJAX50UND,GENFAR,0.0,10.0,3.8,2026-07-11 15:26:48,15,7,Invierno
105524,IBUPROFENO 800MG TAB. REC CJAX50UND,GENFAR,0.0,10.0,4.0,2026-07-11 19:08:07,8,7,Invierno
105524,IBUPROFENO 800MG TAB. REC CJAX50UND,GENFAR,0.0,10.0,4.0,2026-07-12 07:30:01,18,7,Invierno
105524,IBUPROFENO 800MG TAB. REC CJAX50UND,GENFAR,0.0,2.0,0.8,2026-07-12 19:51:12,10,7,Invierno
105524,IBUPROFENO 800MG TAB. REC CJAX50UND,GENFAR,0.0,10.0,4.0,2026-07-12 22:00:33,17,7,Invierno
105524,IBUPROFENO 800MG TAB. REC CJAX50UND,GENFAR,1.0,0.0,20.0,2026-07-13 14:56:54,16,7,Invierno
105524,IBUPROFENO 800MG TAB. REC CJAX50UND,GENFAR,0.0,10.0,4.0,2026-07-13 16:05:43,4,7,Invierno
105524,IBUPROFENO 800MG TAB. REC CJAX50UND,GENFAR,0.0,10.0,4.0,2026-07-13 22:05:24,6,7,Invierno
105524,IBUPROFENO 800MG TAB. REC CJAX50UND,GENFAR,0.0,5.0,2.0,2026-07-13 22:36:24,18,7,Invierno
105524,IBUPROFENO 800MG TAB. REC CJAX50UND,GENFAR,0.0,10.0,4.0,2026-07-13 23:29:19,10,7,Invierno
105524,IBUPROFENO 800MG TAB. REC CJAX50UND,GENFAR,0.0,10.0,4.0,2026-07-14 14:28:53,10,7,Invierno
105524,IBUPROFENO 800MG TAB. REC CJAX50UND,GENFAR,0.0,10.0,4.0,2026-07-15 16:58:09,17,7,Invierno
105524,IBUPROFENO 800MG TAB. REC CJAX50UND,GENFAR,0.0,9.0,3.6,2026-07-15 17:04:52,11,7,Invierno
105524,IBUPROFENO 800MG TAB. REC CJAX50UND,GENFAR,0.0,10.0,4.0,2026-07-15 17:37:14,5,7,Invierno
105524,IBUPROFENO 800MG TAB. REC CJAX50UND,GENFAR,0.0,10.0,4.0,2026-07-16 08:35:24,6,7,Invierno
105524,IBUPROFENO 800MG TAB. REC CJAX50UND,GENFAR,0.0,10.0,4.0,2026-07-16 12:56:28,17,7,Invierno
105524,IBUPROFENO 800MG TAB. REC CJAX50UND,GENFAR,0.0,10.0,4.0,2026-07-16 20:18:21,18,7,Invierno
105524,IBUPROFENO 800MG TAB. REC CJAX50UND,GENFAR,0.0,10.0,4.0,2026-07-16 21:38:13,1,7,Invierno
105524,IBUPROFENO 800MG TAB. REC CJAX50UND,GENFAR,0.0,10.0,4.0,2026-07-16 23:00:13,13,7,Invierno
105524,IBUPROFENO 800MG TAB. REC CJAX50UND,GENFAR,0.0,10.0,4.0,2026-07-17 20:43:22,4,7,Invierno
105524,IBUPROFENO 800MG TAB. REC CJAX50UND,GENFAR,0.0,5.0,2.0,2026-07-18 19:06:10,7,7,Invierno
105524,IBUPROFENO 800MG TAB. REC CJAX50UND,GENFAR,0.0,10.0,4.0,2026-07-19 14:16:46,5,7,Invierno
105524,IBUPROFENO 800MG TAB. REC CJAX50UND,GENFAR,0.0,10.0,4.0,2026-07-19 20:02:32,2,7,Invierno
105524,IBUPROFENO 800MG TAB. REC CJAX50UND,GENFAR,0.0,2.0,0.8,2026-07-19 20:32:29,11,7,Invierno
105524,IBUPROFENO 800MG TAB. REC CJAX50UND,GENFAR,0.0,10.0,4.0,2026-07-20 01:00:56,15,7,Invierno
105524,IBUPROFENO 800MG TAB. REC CJAX50UND,GENFAR,0.0,2.0,0.8,2026-07-20 16:24:30,5,7,Invierno
105524,IBUPROFENO 800MG TAB. REC CJAX50UND,GENFAR,0.0,10.0,4.0,2026-07-20 19:03:00,11,7,Invierno
105524,IBUPROFENO 800MG TAB. REC CJAX50UND,GENFAR,0.0,10.0,4.0,2026-07-20 20:09:33,5,7,Invierno
105524,IBUPROFENO 800MG TAB. REC CJAX50UND,GENFAR,0.0,10.0,4.0,2026-07-21 16:07:45,6,7,Invierno
105524,IBUPROFENO 800MG TAB. REC CJAX50UND,GENFAR,0.0,10.0,4.0,2026-07-24 09:18:56,2,7,Invierno
105524,IBUPROFENO 800MG TAB. REC CJAX50UND,GENFAR,0.0,10.0,4.0,2026-07-25 11:17:07,6,7,Invierno
105524,IBUPROFENO 800MG TAB. REC CJAX50UND,GENFAR,0.0,4.0,1.6,2026-07-25 18:18:22,12,7,Invierno
105524,IBUPROFENO 800MG TAB. REC CJAX50UND,GENFAR,0.0,10.0,4.0,2026-07-25 20:57:31,5,7,Invierno
105524,IBUPROFENO 800MG TAB. REC CJAX50UND,GENFAR,0.0,10.0,4.0,2026-07-27 07:51:06,17,7,Invierno
105524,IBUPROFENO 800MG TAB. REC CJAX50UND,GENFAR,2.0,0.0,20.0,2026-07-27 08:33:34,3,7,Invierno
105524,IBUPROFENO 800MG TAB. REC CJAX50UND,GENFAR,0.0,10.0,4.0,2026-07-27 12:27:48,2,7,Invierno
105524,IBUPROFENO 800MG TAB. REC CJAX50UND,GENFAR,0.0,10.0,4.0,2026-07-27 12:31:16,2,7,Invierno
105524,IBUPROFENO 800MG TAB. REC CJAX50UND,GENFAR,0.0,10.0,4.0,2026-07-27 18:51:43,7,7,Invierno
105524,IBUPROFENO 800MG TAB. REC CJAX50UND,GENFAR,0.0,10.0,4.0,2026-07-28 08:00:18,15,7,Invierno
105524,IBUPROFENO 800MG TAB. REC CJAX50UND,GENFAR,0.0,10.0,4.0,2026-07-28 19:13:08,2,7,Invierno
105524,IBUPROFENO 800MG TAB. REC CJAX50UND,GENFAR,0.0,10.0,4.0,2026-07-30 09:16:03,18,7,Invierno
105524,IBUPROFENO 800MG TAB. REC CJAX50UND,GENFAR,0.0,4.0,1.6,2026-07-30 11:46:00,17,7,Invierno
105524,IBUPROFENO 800MG TAB. REC CJAX50UND,GENFAR,0.0,10.0,4.0,2026-07-30 19:46:01,14,7,Invierno
