codpro,prod,tipo,cantidad,unidades,total,fecdoc,sucursal,mes,estacion
104863,LORATADINA 10MG COM CJAX100UND,PERUFARMA GENERICO,0.0,10.0,2.0,2025-01-01 14:32:38,5,1,Verano
104863,LORATADINA 10MG COM CJAX100UND,PERUFARMA GENERICO,0.0,10.0,2.0,2025-01-01 20:45:18,6,1,Verano
104863,LORATADINA 10MG COM CJAX100UND,PERUFARMA GENERICO,0.0,10.0,2.0,2025-01-02 19:32:26,8,1,Verano
104863,LORATADINA 10MG COM CJAX100UND,PERUFARMA GENERICO,0.0,10.0,2.0,2025-01-03 12:33:09,11,1,Verano
104863,LORATADINA 10MG COM CJAX100UND,PERUFARMA GENERICO,0.0,10.0,2.0,2025-01-03 18:53:25,5,1,Verano
104863,LORATADINA 10MG COM CJAX100UND,PERUFARMA GENERICO,0.0,5.0,1.0,2025-01-03 20:29:04,13,1,Verano
104863,LORATADINA 10MG COM CJAX100UND,PERUFARMA GENERICO,0.0,10.0,2.0,2025-01-03 20:54:49,15,1,Verano
104863,LORATADINA 10MG COM CJAX100UND,PERUFARMA GENERICO,0.0,10.0,2.0,2025-01-03 21:46:48,5,1,Verano
104863,LORATADINA 10MG COM CJAX100UND,PERUFARMA GENERICO,0.0,10.0,2.0,2025-01-04 11:31:09,6,1,Verano
104863,LORATADINA 10MG COM CJAX100UND,PERUFARMA GENERICO,0.0,10.0,2.0,2025-01-04 13:14:53,5,1,Verano
104863,LORATADINA 10MG COM CJAX100UND,PERUFARMA GENERICO,0.0,10.0,2.0,2025-01-04 20:21:47,5,1,Verano
104863,LORATADINA 10MG COM CJAX100UND,PERUFARMA GENERICO,0.0,10.0,1.9,2025-01-04 21:56:09,5,1,Verano
104863,LORATADINA 10MG COM CJAX100UND,PERUFARMA GENERICO,0.0,10.0,2.0,2025-01-05 07:32:49,13,1,Verano
104863,LORATADINA 10MG COM CJAX100UND,PERUFARMA GENERICO,0.0,10.0,2.0,2025-01-05 11:24:46,3,1,Verano
104863,LORATADINA 10MG COM CJAX100UND,PERUFARMA GENERICO,0.0,10.0,2.0,2025-01-05 12:28:42,12,1,Verano
104863,LORATADINA 10MG COM CJAX100UND,PERUFARMA GENERICO,0.0,1.0,0.2,2025-01-05 12:31:24,11,1,Verano
104863,LORATADINA 10MG COM CJAX100UND,PERUFARMA GENERICO,0.0,10.0,2.0,2025-01-05 18:40:39,11,1,Verano
104863,LORATADINA 10MG COM CJAX100UND,PERUFARMA GENERICO,0.0,5.0,1.0,2025-01-05 19:21:05,8,1,Verano
104863,LORATADINA 10MG COM CJAX100UND,PERUFARMA GENERICO,0.0,10.0,2.0,2025-01-05 21:25:45,4,1,Verano
104863,LORATADINA 10MG COM CJAX100UND,PERUFARMA GENERICO,0.0,10.0,2.0,2025-01-06 07:44:16,12,1,Verano
104863,LORATADINA 10MG COM CJAX100UND,PERUFARMA GENERICO,0.0,10.0,2.0,2025-01-06 10:31:11,4,1,Verano
104863,LORATADINA 10MG COM CJAX100UND,PERUFARMA GENERICO,0.0,5.0,1.0,2025-01-06 12:22:54,13,1,Verano
104863,LORATADINA 10MG COM CJAX100UND,PERUFARMA GENERICO,0.0,10.0,2.0,2025-01-06 20:17:15,11,1,Verano
104863,LORATADINA 10MG COM CJAX100UND,PERUFARMA GENERICO,0.0,10.0,2.0,2025-01-07 09:09:08,12,1,Verano
104863,LORATADINA 10MG COM CJAX100UND,PERUFARMA GENERICO,0.0,10.0,2.0,2025-01-07 18:34:44,5,1,Verano
104863,LORATADINA 10MG COM CJAX100UND,PERUFARMA GENERICO,0.0,10.0,2.0,2025-01-07 18:42:36,8,1,Verano
104863,LORATADINA 10MG COM CJAX100UND,PERUFARMA GENERICO,0.0,10.0,2.0,2025-01-07 19:48:27,5,1,Verano
104863,LORATADINA 10MG COM CJAX100UND,PERUFARMA GENERICO,0.0,5.0,1.0,2025-01-08 08:42:20,15,1,Verano
104863,LORATADINA 10MG COM CJAX100UND,PERUFARMA GENERICO,0.0,10.0,2.0,2025-01-08 09:43:38,6,1,Verano
104863,LORATADINA 10MG COM CJAX100UND,PERUFARMA GENERICO,0.0,10.0,2.0,2025-01-08 12:32:17,5,1,Verano
104863,LORATADINA 10MG COM CJAX100UND,PERUFARMA GENERICO,0.0,60.0,12.0,2025-01-09 11:49:05,1,1,Verano
104863,LORATADINA 10MG COM CJAX100UND,PERUFARMA GENERICO,0.0,10.0,2.0,2025-01-09 15:28:40,12,1,Verano
104863,LORATADINA 10MG COM CJAX100UND,PERUFARMA GENERICO,0.0,10.0,2.0,2025-01-09 17:44:46,7,1,Verano
104863,LORATADINA 10MG COM CJAX100UND,PERUFARMA GENERICO,0.0,10.0,2.0,2025-01-10 08:52:03,7,1,Verano
104863,LORATADINA 10MG COM CJAX100UND,PERUFARMA GENERICO,0.0,10.0,2.0,2025-01-10 11:03:30,9,1,Verano
104863,LORATADINA 10MG COM CJAX100UND,PERUFARMA GENERICO,0.0,-10.0,-2.0,2025-01-10 12:00:00,7,1,Verano
104863,LORATADINA 10MG COM CJAX100UND,PERUFARMA GENERICO,0.0,5.0,1.0,2025-01-10 15:43:00,5,1,Verano
104863,LORATADINA 10MG COM CJAX100UND,PERUFARMA GENERICO,0.0,10.0,2.0,2025-01-10 20:09:13,3,1,Verano
104863,LORATADINA 10MG COM CJAX100UND,PERUFARMA GENERICO,0.0,20.0,4.0,2025-01-10 20:16:51,1,1,Verano
104863,LORATADINA 10MG COM CJAX100UND,PERUFARMA GENERICO,0.0,10.0,2.0,2025-01-11 10:34:22,5,1,Verano
104863,LORATADINA 10MG COM CJAX100UND,PERUFARMA GENERICO,0.0,20.0,4.0,2025-01-11 13:37:57,8,1,Verano
104863,LORATADINA 10MG COM CJAX100UND,PERUFARMA GENERICO,0.0,10.0,2.0,2025-01-11 15:09:53,9,1,Verano
104863,LORATADINA 10MG COM CJAX100UND,PERUFARMA GENERICO,0.0,10.0,2.0,2025-01-11 15:50:08,7,1,Verano
104863,LORATADINA 10MG COM CJAX100UND,PERUFARMA GENERICO,0.0,10.0,2.0,2025-01-11 22:56:51,5,1,Verano
104863,LORATADINA 10MG COM CJAX100UND,PERUFARMA GENERICO,0.0,10.0,2.0,2025-01-12 13:58:59,11,1,Verano
104863,LORATADINA 10MG COM CJAX100UND,PERUFARMA GENERICO,0.0,10.0,2.0,2025-01-13 20:42:19,5,1,Verano
104863,LORATADINA 10MG COM CJAX100UND,PERUFARMA GENERICO,0.0,20.0,4.0,2025-01-14 18:15:21,2,1,Verano
104863,LORATADINA 10MG COM CJAX100UND,PERUFARMA GENERICO,0.0,10.0,2.0,2025-01-14 19:55:49,3,1,Verano
104863,LORATADINA 10MG COM CJAX100UND,PERUFARMA GENERICO,0.0,2.0,0.4,2025-01-14 20:26:24,5,1,Verano
104863,LORATADINA 10MG COM CJAX100UND,PERUFARMA GENERICO,0.0,8.0,1.6,2025-01-14 20:27:04,5,1,Verano
104863,LORATADINA 10MG COM CJAX100UND,PERUFARMA GENERICO,0.0,10.0,2.0,2025-01-14 20:30:00,13,1,Verano
104863,LORATADINA 10MG COM CJAX100UND,PERUFARMA GENERICO,0.0,10.0,2.0,2025-01-14 22:55:58,5,1,Verano
104863,LORATADINA 10MG COM CJAX100UND,PERUFARMA GENERICO,0.0,-10.0,-2.0,2025-01-15 12:00:00,4,1,Verano
104863,LORATADINA 10MG COM CJAX100UND,PERUFARMA GENERICO,0.0,10.0,2.0,2025-01-15 13:40:49,1,1,Verano
104863,LORATADINA 10MG COM CJAX100UND,PERUFARMA GENERICO,0.0,4.0,0.8,2025-01-15 16:33:26,15,1,Verano
104863,LORATADINA 10MG COM CJAX100UND,PERUFARMA GENERICO,0.0,10.0,2.0,2025-01-15 18:45:48,4,1,Verano
104863,LORATADINA 10MG COM CJAX100UND,PERUFARMA GENERICO,0.0,10.0,2.0,2025-01-15 18:59:15,4,1,Verano
104863,LORATADINA 10MG COM CJAX100UND,PERUFARMA GENERICO,0.0,10.0,2.0,2025-01-15 19:02:53,2,1,Verano
104863,LORATADINA 10MG COM CJAX100UND,PERUFARMA GENERICO,0.0,10.0,2.0,2025-01-15 20:39:56,15,1,Verano
104863,LORATADINA 10MG COM CJAX100UND,PERUFARMA GENERICO,0.0,10.0,2.0,2025-01-15 22:25:44,15,1,Verano
104863,LORATADINA 10MG COM CJAX100UND,PERUFARMA GENERICO,0.0,1.0,0.19,2025-01-15 22:51:34,11,1,Verano
104863,LORATADINA 10MG COM CJAX100UND,PERUFARMA GENERICO,0.0,10.0,2.0,2025-01-16 09:12:36,3,1,Verano
104863,LORATADINA 10MG COM CJAX100UND,PERUFARMA GENERICO,0.0,10.0,2.0,2025-01-16 19:25:39,12,1,Verano
104863,LORATADINA 10MG COM CJAX100UND,PERUFARMA GENERICO,0.0,5.0,1.0,2025-01-17 12:58:32,5,1,Verano
104863,LORATADINA 10MG COM CJAX100UND,PERUFARMA GENERICO,0.0,5.0,1.0,2025-01-17 16:48:06,5,1,Verano
104863,LORATADINA 10MG COM CJAX100UND,PERUFARMA GENERICO,0.0,10.0,2.0,2025-01-17 18:26:16,13,1,Verano
104863,LORATADINA 10MG COM CJAX100UND,PERUFARMA GENERICO,0.0,10.0,2.0,2025-01-17 18:33:48,3,1,Verano
104863,LORATADINA 10MG COM CJAX100UND,PERUFARMA GENERICO,0.0,10.0,2.0,2025-01-17 21:07:25,11,1,Verano
104863,LORATADINA 10MG COM CJAX100UND,PERUFARMA GENERICO,0.0,10.0,2.0,2025-01-18 09:33:41,3,1,Verano
104863,LORATADINA 10MG COM CJAX100UND,PERUFARMA GENERICO,0.0,10.0,2.0,2025-01-18 12:34:40,2,1,Verano
104863,LORATADINA 10MG COM CJAX100UND,PERUFARMA GENERICO,0.0,5.0,1.0,2025-01-18 14:01:30,12,1,Verano
104863,LORATADINA 10MG COM CJAX100UND,PERUFARMA GENERICO,0.0,20.0,4.0,2025-01-18 20:16:04,8,1,Verano
104863,LORATADINA 10MG COM CJAX100UND,PERUFARMA GENERICO,0.0,20.0,4.0,2025-01-18 21:27:24,3,1,Verano
104863,LORATADINA 10MG COM CJAX100UND,PERUFARMA GENERICO,0.0,30.0,6.0,2025-01-18 22:27:38,7,1,Verano
104863,LORATADINA 10MG COM CJAX100UND,PERUFARMA GENERICO,0.0,30.0,6.0,2025-01-19 12:05:54,4,1,Verano
104863,LORATADINA 10MG COM CJAX100UND,PERUFARMA GENERICO,0.0,10.0,2.0,2025-01-19 17:30:58,4,1,Verano
104863,LORATADINA 10MG COM CJAX100UND,PERUFARMA GENERICO,0.0,10.0,2.0,2025-01-19 20:19:23,14,1,Verano
104863,LORATADINA 10MG COM CJAX100UND,PERUFARMA GENERICO,0.0,20.0,4.0,2025-01-20 13:44:18,2,1,Verano
104863,LORATADINA 10MG COM CJAX100UND,PERUFARMA GENERICO,0.0,10.0,2.0,2025-01-21 09:49:07,3,1,Verano
104863,LORATADINA 10MG COM CJAX100UND,PERUFARMA GENERICO,0.0,10.0,2.0,2025-01-21 10:51:00,6,1,Verano
104863,LORATADINA 10MG COM CJAX100UND,PERUFARMA GENERICO,0.0,10.0,2.0,2025-01-21 11:08:40,13,1,Verano
104863,LORATADINA 10MG COM CJAX100UND,PERUFARMA GENERICO,0.0,5.0,1.0,2025-01-21 17:48:04,2,1,Verano
104863,LORATADINA 10MG COM CJAX100UND,PERUFARMA GENERICO,0.0,10.0,2.0,2025-01-21 18:12:09,9,1,Verano
104863,LORATADINA 10MG COM CJAX100UND,PERUFARMA GENERICO,0.0,10.0,2.0,2025-01-21 18:24:23,8,1,Verano
104863,LORATADINA 10MG COM CJAX100UND,PERUFARMA GENERICO,0.0,5.0,1.0,2025-01-22 13:08:25,1,1,Verano
104863,LORATADINA 10MG COM CJAX100UND,PERUFARMA GENERICO,0.0,10.0,2.0,2025-01-22 21:31:11,5,1,Verano
104863,LORATADINA 10MG COM CJAX100UND,PERUFARMA GENERICO,0.0,10.0,2.0,2025-01-23 11:03:20,2,1,Verano
104863,LORATADINA 10MG COM CJAX100UND,PERUFARMA GENERICO,0.0,10.0,2.0,2025-01-23 18:51:42,5,1,Verano
104863,LORATADINA 10MG COM CJAX100UND,PERUFARMA GENERICO,0.0,10.0,2.0,2025-01-24 13:20:15,8,1,Verano
104863,LORATADINA 10MG COM CJAX100UND,PERUFARMA GENERICO,0.0,10.0,2.0,2025-01-25 09:34:40,2,1,Verano
104863,LORATADINA 10MG COM CJAX100UND,PERUFARMA GENERICO,0.0,10.0,2.0,2025-01-25 12:31:15,1,1,Verano
104863,LORATADINA 10MG COM CJAX100UND,PERUFARMA GENERICO,0.0,10.0,2.0,2025-01-25 16:35:30,3,1,Verano
104863,LORATADINA 10MG COM CJAX100UND,PERUFARMA GENERICO,0.0,10.0,2.0,2025-01-26 22:01:15,5,1,Verano
104863,LORATADINA 10MG COM CJAX100UND,PERUFARMA GENERICO,0.0,7.0,1.4,2025-01-27 19:49:01,11,1,Verano
104863,LORATADINA 10MG COM CJAX100UND,PERUFARMA GENERICO,0.0,10.0,2.0,2025-01-27 21:00:29,2,1,Verano
104863,LORATADINA 10MG COM CJAX100UND,PERUFARMA GENERICO,0.0,2.0,0.4,2025-01-27 22:03:24,7,1,Verano
104863,LORATADINA 10MG COM CJAX100UND,PERUFARMA GENERICO,0.0,20.0,4.0,2025-01-28 12:11:12,11,1,Verano
104863,LORATADINA 10MG COM CJAX100UND,PERUFARMA GENERICO,0.0,10.0,2.0,2025-01-28 16:25:00,8,1,Verano
104863,LORATADINA 10MG COM CJAX100UND,PERUFARMA GENERICO,0.0,10.0,2.0,2025-01-28 19:58:45,1,1,Verano
104863,LORATADINA 10MG COM CJAX100UND,PERUFARMA GENERICO,0.0,10.0,2.0,2025-01-28 22:06:06,6,1,Verano
104863,LORATADINA 10MG COM CJAX100UND,PERUFARMA GENERICO,0.0,10.0,2.0,2025-01-29 13:40:01,12,1,Verano
104863,LORATADINA 10MG COM CJAX100UND,PERUFARMA GENERICO,0.0,9.0,1.71,2025-01-29 22:30:38,5,1,Verano
104863,LORATADINA 10MG COM CJAX100UND,PERUFARMA GENERICO,0.0,2.0,0.4,2025-01-30 20:43:20,3,1,Verano
104863,LORATADINA 10MG COM CJAX100UND,PERUFARMA GENERICO,0.0,10.0,2.0,2025-01-31 13:01:04,7,1,Verano
104863,LORATADINA 10MG COM CJAX100UND,PERUFARMA GENERICO,0.0,10.0,2.0,2025-01-31 19:16:19,1,1,Verano
104863,LORATADINA 10MG COM CJAX100UND,PERUFARMA GENERICO,0.0,10.0,2.0,2025-01-31 19:41:59,9,1,Verano
104863,LORATADINA 10MG COM CJAX100UND,PERUFARMA GENERICO,0.0,10.0,2.0,2025-02-01 17:49:05,1,2,Verano
104863,LORATADINA 10MG COM CJAX100UND,PERUFARMA GENERICO,0.0,10.0,2.0,2025-02-01 20:40:28,9,2,Verano
104863,LORATADINA 10MG COM CJAX100UND,PERUFARMA GENERICO,0.0,10.0,2.0,2025-02-02 10:11:51,8,2,Verano
104863,LORATADINA 10MG COM CJAX100UND,PERUFARMA GENERICO,0.0,10.0,2.0,2025-02-03 11:04:41,12,2,Verano
104863,LORATADINA 10MG COM CJAX100UND,PERUFARMA GENERICO,0.0,10.0,2.0,2025-02-03 13:38:25,2,2,Verano
104863,LORATADINA 10MG COM CJAX100UND,PERUFARMA GENERICO,0.0,10.0,2.0,2025-02-03 19:23:20,9,2,Verano
104863,LORATADINA 10MG COM CJAX100UND,PERUFARMA GENERICO,0.0,10.0,2.0,2025-02-04 19:22:54,7,2,Verano
104863,LORATADINA 10MG COM CJAX100UND,PERUFARMA GENERICO,0.0,10.0,2.0,2025-02-05 11:26:45,2,2,Verano
104863,LORATADINA 10MG COM CJAX100UND,PERUFARMA GENERICO,0.0,10.0,2.0,2025-02-05 21:24:37,4,2,Verano
104863,LORATADINA 10MG COM CJAX100UND,PERUFARMA GENERICO,0.0,10.0,2.0,2025-02-05 21:28:58,5,2,Verano
104863,LORATADINA 10MG COM CJAX100UND,PERUFARMA GENERICO,0.0,30.0,6.0,2025-02-06 19:00:25,1,2,Verano
104863,LORATADINA 10MG COM CJAX100UND,PERUFARMA GENERICO,0.0,10.0,2.0,2025-02-07 10:19:25,10,2,Verano
104863,LORATADINA 10MG COM CJAX100UND,PERUFARMA GENERICO,0.0,10.0,2.0,2025-02-07 14:20:28,12,2,Verano
104863,LORATADINA 10MG COM CJAX100UND,PERUFARMA GENERICO,0.0,10.0,2.0,2025-02-07 18:55:04,8,2,Verano
104863,LORATADINA 10MG COM CJAX100UND,PERUFARMA GENERICO,0.0,10.0,2.0,2025-02-08 10:38:09,5,2,Verano
104863,LORATADINA 10MG COM CJAX100UND,PERUFARMA GENERICO,0.0,10.0,2.0,2025-02-08 17:07:03,8,2,Verano
104863,LORATADINA 10MG COM CJAX100UND,PERUFARMA GENERICO,0.0,10.0,2.0,2025-02-10 11:26:53,9,2,Verano
104863,LORATADINA 10MG COM CJAX100UND,PERUFARMA GENERICO,0.0,20.0,4.0,2025-02-10 11:32:15,1,2,Verano
104863,LORATADINA 10MG COM CJAX100UND,PERUFARMA GENERICO,0.0,10.0,2.0,2025-02-10 13:40:26,14,2,Verano
104863,LORATADINA 10MG COM CJAX100UND,PERUFARMA GENERICO,0.0,10.0,2.0,2025-02-10 19:07:39,10,2,Verano
104863,LORATADINA 10MG COM CJAX100UND,PERUFARMA GENERICO,0.0,10.0,2.0,2025-02-11 08:58:15,2,2,Verano
104863,LORATADINA 10MG COM CJAX100UND,PERUFARMA GENERICO,0.0,10.0,2.0,2025-02-11 10:27:28,3,2,Verano
104863,LORATADINA 10MG COM CJAX100UND,PERUFARMA GENERICO,0.0,10.0,2.0,2025-02-11 11:16:46,3,2,Verano
104863,LORATADINA 10MG COM CJAX100UND,PERUFARMA GENERICO,0.0,30.0,6.0,2025-02-11 11:56:00,11,2,Verano
104863,LORATADINA 10MG COM CJAX100UND,PERUFARMA GENERICO,0.0,10.0,2.0,2025-02-11 13:37:47,9,2,Verano
104863,LORATADINA 10MG COM CJAX100UND,PERUFARMA GENERICO,0.0,10.0,2.0,2025-02-11 14:57:12,6,2,Verano
104863,LORATADINA 10MG COM CJAX100UND,PERUFARMA GENERICO,0.0,10.0,2.0,2025-02-11 18:41:12,10,2,Verano
104863,LORATADINA 10MG COM CJAX100UND,PERUFARMA GENERICO,0.0,10.0,2.0,2025-02-11 18:41:12,2,2,Verano
104863,LORATADINA 10MG COM CJAX100UND,PERUFARMA GENERICO,0.0,30.0,6.0,2025-02-12 13:05:40,1,2,Verano
104863,LORATADINA 10MG COM CJAX100UND,PERUFARMA GENERICO,0.0,10.0,2.0,2025-02-13 20:20:02,15,2,Verano
104863,LORATADINA 10MG COM CJAX100UND,PERUFARMA GENERICO,0.0,10.0,2.0,2025-02-14 09:52:02,2,2,Verano
104863,LORATADINA 10MG COM CJAX100UND,PERUFARMA GENERICO,0.0,10.0,2.0,2025-02-14 17:34:23,15,2,Verano
104863,LORATADINA 10MG COM CJAX100UND,PERUFARMA GENERICO,0.0,10.0,2.0,2025-02-15 14:47:35,8,2,Verano
104863,LORATADINA 10MG COM CJAX100UND,PERUFARMA GENERICO,0.0,20.0,4.0,2025-02-17 12:35:04,1,2,Verano
104863,LORATADINA 10MG COM CJAX100UND,PERUFARMA GENERICO,0.0,20.0,4.0,2025-02-18 12:13:14,5,2,Verano
104863,LORATADINA 10MG COM CJAX100UND,PERUFARMA GENERICO,0.0,10.0,2.0,2025-02-18 21:45:14,11,2,Verano
104863,LORATADINA 10MG COM CJAX100UND,PERUFARMA GENERICO,0.0,5.0,1.0,2025-02-19 13:26:43,8,2,Verano
104863,LORATADINA 10MG COM CJAX100UND,PERUFARMA GENERICO,0.0,10.0,2.0,2025-02-19 18:54:03,3,2,Verano
104863,LORATADINA 10MG COM CJAX100UND,PERUFARMA GENERICO,0.0,10.0,2.0,2025-02-19 19:15:43,11,2,Verano
104863,LORATADINA 10MG COM CJAX100UND,PERUFARMA GENERICO,0.0,10.0,2.0,2025-02-19 20:26:00,3,2,Verano
104863,LORATADINA 10MG COM CJAX100UND,PERUFARMA GENERICO,0.0,10.0,2.0,2025-02-20 15:13:45,1,2,Verano
104863,LORATADINA 10MG COM CJAX100UND,PERUFARMA GENERICO,0.0,10.0,2.0,2025-02-20 17:56:47,4,2,Verano
104863,LORATADINA 10MG COM CJAX100UND,PERUFARMA GENERICO,0.0,10.0,2.0,2025-02-21 14:16:22,1,2,Verano
104863,LORATADINA 10MG COM CJAX100UND,PERUFARMA GENERICO,0.0,10.0,2.0,2025-02-22 07:23:38,7,2,Verano
104863,LORATADINA 10MG COM CJAX100UND,PERUFARMA GENERICO,0.0,30.0,6.0,2025-02-22 17:02:45,8,2,Verano
104863,LORATADINA 10MG COM CJAX100UND,PERUFARMA GENERICO,0.0,10.0,2.0,2025-02-23 19:10:57,10,2,Verano
104863,LORATADINA 10MG COM CJAX100UND,PERUFARMA GENERICO,0.0,10.0,2.0,2025-02-23 19:56:36,9,2,Verano
104863,LORATADINA 10MG COM CJAX100UND,PERUFARMA GENERICO,0.0,10.0,2.0,2025-02-23 22:05:45,13,2,Verano
104863,LORATADINA 10MG COM CJAX100UND,PERUFARMA GENERICO,0.0,2.0,0.4,2025-02-24 18:24:43,6,2,Verano
104863,LORATADINA 10MG COM CJAX100UND,PERUFARMA GENERICO,0.0,10.0,2.0,2025-02-24 18:43:39,11,2,Verano
104863,LORATADINA 10MG COM CJAX100UND,PERUFARMA GENERICO,0.0,10.0,2.0,2025-02-24 20:01:34,9,2,Verano
104863,LORATADINA 10MG COM CJAX100UND,PERUFARMA GENERICO,0.0,10.0,2.0,2025-02-25 09:43:33,6,2,Verano
104863,LORATADINA 10MG COM CJAX100UND,PERUFARMA GENERICO,0.0,10.0,2.0,2025-02-25 11:09:34,3,2,Verano
104863,LORATADINA 10MG COM CJAX100UND,PERUFARMA GENERICO,0.0,10.0,2.0,2025-02-25 14:15:37,2,2,Verano
104863,LORATADINA 10MG COM CJAX100UND,PERUFARMA GENERICO,0.0,10.0,2.0,2025-02-25 19:10:44,4,2,Verano
104863,LORATADINA 10MG COM CJAX100UND,PERUFARMA GENERICO,0.0,10.0,2.0,2025-02-26 12:06:02,9,2,Verano
104863,LORATADINA 10MG COM CJAX100UND,PERUFARMA GENERICO,0.0,10.0,2.0,2025-02-26 12:43:50,6,2,Verano
104863,LORATADINA 10MG COM CJAX100UND,PERUFARMA GENERICO,0.0,10.0,2.0,2025-02-26 19:22:43,8,2,Verano
104863,LORATADINA 10MG COM CJAX100UND,PERUFARMA GENERICO,0.0,5.0,1.0,2025-02-27 09:51:47,5,2,Verano
104863,LORATADINA 10MG COM CJAX100UND,PERUFARMA GENERICO,0.0,10.0,2.0,2025-02-27 10:41:53,11,2,Verano
104863,LORATADINA 10MG COM CJAX100UND,PERUFARMA GENERICO,0.0,10.0,1.9,2025-02-27 13:33:24,5,2,Verano
104863,LORATADINA 10MG COM CJAX100UND,PERUFARMA GENERICO,0.0,10.0,2.0,2025-02-27 15:16:51,10,2,Verano
104863,LORATADINA 10MG COM CJAX100UND,PERUFARMA GENERICO,0.0,10.0,2.0,2025-02-28 09:41:01,1,2,Verano
104863,LORATADINA 10MG COM CJAX100UND,PERUFARMA GENERICO,0.0,10.0,2.0,2025-02-28 16:45:55,1,2,Verano
104863,LORATADINA 10MG COM CJAX100UND,PERUFARMA GENERICO,0.0,20.0,4.0,2025-03-01 08:01:12,6,3,Otoño
104863,LORATADINA 10MG COM CJAX100UND,PERUFARMA GENERICO,0.0,10.0,2.0,2025-03-01 10:47:28,12,3,Otoño
104863,LORATADINA 10MG COM CJAX100UND,PERUFARMA GENERICO,0.0,10.0,2.0,2025-03-01 16:18:54,1,3,Otoño
104863,LORATADINA 10MG COM CJAX100UND,PERUFARMA GENERICO,0.0,20.0,4.0,2025-03-02 10:07:46,5,3,Otoño
104863,LORATADINA 10MG COM CJAX100UND,PERUFARMA GENERICO,0.0,1.0,0.2,2025-03-02 17:11:08,6,3,Otoño
104863,LORATADINA 10MG COM CJAX100UND,PERUFARMA GENERICO,0.0,10.0,2.0,2025-03-02 18:35:30,11,3,Otoño
104863,LORATADINA 10MG COM CJAX100UND,PERUFARMA GENERICO,0.0,10.0,2.0,2025-03-02 19:26:37,6,3,Otoño
104863,LORATADINA 10MG COM CJAX100UND,PERUFARMA GENERICO,0.0,20.0,4.0,2025-03-02 21:23:43,9,3,Otoño
104863,LORATADINA 10MG COM CJAX100UND,PERUFARMA GENERICO,0.0,10.0,2.0,2025-03-03 11:55:08,15,3,Otoño
104863,LORATADINA 10MG COM CJAX100UND,PERUFARMA GENERICO,0.0,10.0,2.0,2025-03-03 18:58:26,8,3,Otoño
104863,LORATADINA 10MG COM CJAX100UND,PERUFARMA GENERICO,0.0,10.0,2.0,2025-03-03 20:22:31,9,3,Otoño
104863,LORATADINA 10MG COM CJAX100UND,PERUFARMA GENERICO,0.0,10.0,2.0,2025-03-03 22:51:53,13,3,Otoño
104863,LORATADINA 10MG COM CJAX100UND,PERUFARMA GENERICO,0.0,10.0,2.0,2025-03-04 13:19:01,14,3,Otoño
104863,LORATADINA 10MG COM CJAX100UND,PERUFARMA GENERICO,0.0,10.0,2.0,2025-03-04 19:33:59,8,3,Otoño
104863,LORATADINA 10MG COM CJAX100UND,PERUFARMA GENERICO,0.0,10.0,2.0,2025-03-04 20:49:23,14,3,Otoño
104863,LORATADINA 10MG COM CJAX100UND,PERUFARMA GENERICO,0.0,5.0,1.0,2025-03-08 19:52:08,13,3,Otoño
104863,LORATADINA 10MG COM CJAX100UND,PERUFARMA GENERICO,0.0,20.0,4.0,2025-03-09 10:09:55,7,3,Otoño
104863,LORATADINA 10MG COM CJAX100UND,PERUFARMA GENERICO,0.0,10.0,2.0,2025-03-09 20:04:12,6,3,Otoño
104863,LORATADINA 10MG COM CJAX100UND,PERUFARMA GENERICO,0.0,50.0,10.0,2025-03-10 11:04:27,11,3,Otoño
104863,LORATADINA 10MG COM CJAX100UND,PERUFARMA GENERICO,0.0,10.0,2.0,2025-03-10 14:37:32,1,3,Otoño
104863,LORATADINA 10MG COM CJAX100UND,PERUFARMA GENERICO,0.0,10.0,2.0,2025-03-10 18:38:22,14,3,Otoño
104863,LORATADINA 10MG COM CJAX100UND,PERUFARMA GENERICO,0.0,10.0,2.0,2025-03-10 19:33:03,1,3,Otoño
104863,LORATADINA 10MG COM CJAX100UND,PERUFARMA GENERICO,0.0,10.0,2.0,2025-03-12 17:09:07,5,3,Otoño
104863,LORATADINA 10MG COM CJAX100UND,PERUFARMA GENERICO,0.0,1.0,0.2,2025-03-12 17:12:04,7,3,Otoño
104863,LORATADINA 10MG COM CJAX100UND,PERUFARMA GENERICO,0.0,10.0,2.0,2025-03-12 18:03:58,15,3,Otoño
104863,LORATADINA 10MG COM CJAX100UND,PERUFARMA GENERICO,0.0,10.0,2.0,2025-03-12 21:34:54,15,3,Otoño
104863,LORATADINA 10MG COM CJAX100UND,PERUFARMA GENERICO,0.0,10.0,2.0,2025-03-13 12:24:40,1,3,Otoño
104863,LORATADINA 10MG COM CJAX100UND,PERUFARMA GENERICO,0.0,30.0,6.0,2025-03-13 13:45:56,14,3,Otoño
104863,LORATADINA 10MG COM CJAX100UND,PERUFARMA GENERICO,0.0,10.0,2.0,2025-03-13 19:40:09,12,3,Otoño
104863,LORATADINA 10MG COM CJAX100UND,PERUFARMA GENERICO,0.0,1.0,0.2,2025-03-13 21:09:47,12,3,Otoño
104863,LORATADINA 10MG COM CJAX100UND,PERUFARMA GENERICO,0.0,2.0,0.4,2025-03-13 22:59:15,12,3,Otoño
104863,LORATADINA 10MG COM CJAX100UND,PERUFARMA GENERICO,0.0,10.0,2.0,2025-03-14 11:31:40,1,3,Otoño
104863,LORATADINA 10MG COM CJAX100UND,PERUFARMA GENERICO,0.0,5.0,0.95,2025-03-14 14:16:09,2,3,Otoño
104863,LORATADINA 10MG COM CJAX100UND,PERUFARMA GENERICO,0.0,10.0,2.0,2025-03-14 18:27:13,1,3,Otoño
104863,LORATADINA 10MG COM CJAX100UND,PERUFARMA GENERICO,0.0,-10.0,-2.0,2025-03-14 18:28:49,1,3,Otoño
104863,LORATADINA 10MG COM CJAX100UND,PERUFARMA GENERICO,0.0,10.0,2.0,2025-03-14 18:31:03,1,3,Otoño
104863,LORATADINA 10MG COM CJAX100UND,PERUFARMA GENERICO,0.0,50.0,10.0,2025-03-14 19:32:22,1,3,Otoño
104863,LORATADINA 10MG COM CJAX100UND,PERUFARMA GENERICO,0.0,10.0,2.0,2025-03-14 20:21:45,5,3,Otoño
104863,LORATADINA 10MG COM CJAX100UND,PERUFARMA GENERICO,0.0,10.0,2.0,2025-03-14 20:46:56,1,3,Otoño
104863,LORATADINA 10MG COM CJAX100UND,PERUFARMA GENERICO,0.0,1.0,0.2,2025-03-14 21:39:09,12,3,Otoño
104863,LORATADINA 10MG COM CJAX100UND,PERUFARMA GENERICO,0.0,10.0,2.0,2025-03-15 08:41:01,4,3,Otoño
104863,LORATADINA 10MG COM CJAX100UND,PERUFARMA GENERICO,0.0,3.0,0.6,2025-03-15 18:33:28,12,3,Otoño
104863,LORATADINA 10MG COM CJAX100UND,PERUFARMA GENERICO,0.0,1.0,0.2,2025-03-15 20:44:42,12,3,Otoño
104863,LORATADINA 10MG COM CJAX100UND,PERUFARMA GENERICO,0.0,10.0,2.0,2025-03-16 12:14:48,4,3,Otoño
104863,LORATADINA 10MG COM CJAX100UND,PERUFARMA GENERICO,0.0,10.0,2.0,2025-03-16 14:53:33,15,3,Otoño
104863,LORATADINA 10MG COM CJAX100UND,PERUFARMA GENERICO,0.0,10.0,2.0,2025-03-16 21:35:43,1,3,Otoño
104863,LORATADINA 10MG COM CJAX100UND,PERUFARMA GENERICO,0.0,10.0,2.0,2025-03-16 21:54:22,15,3,Otoño
104863,LORATADINA 10MG COM CJAX100UND,PERUFARMA GENERICO,0.0,10.0,2.0,2025-03-17 09:11:44,6,3,Otoño
104863,LORATADINA 10MG COM CJAX100UND,PERUFARMA GENERICO,0.0,30.0,6.0,2025-03-17 10:15:33,11,3,Otoño
104863,LORATADINA 10MG COM CJAX100UND,PERUFARMA GENERICO,0.0,6.0,1.2,2025-03-17 10:48:13,4,3,Otoño
104863,LORATADINA 10MG COM CJAX100UND,PERUFARMA GENERICO,0.0,-30.0,-6.0,2025-03-17 12:00:00,11,3,Otoño
104863,LORATADINA 10MG COM CJAX100UND,PERUFARMA GENERICO,0.0,30.0,6.0,2025-03-17 15:54:24,11,3,Otoño
104863,LORATADINA 10MG COM CJAX100UND,PERUFARMA GENERICO,0.0,10.0,2.0,2025-03-17 19:00:13,15,3,Otoño
104863,LORATADINA 10MG COM CJAX100UND,PERUFARMA GENERICO,0.0,5.0,1.0,2025-03-18 12:40:04,9,3,Otoño
104863,LORATADINA 10MG COM CJAX100UND,PERUFARMA GENERICO,0.0,1.0,0.2,2025-03-19 07:55:06,12,3,Otoño
104863,LORATADINA 10MG COM CJAX100UND,PERUFARMA GENERICO,0.0,10.0,2.0,2025-03-19 09:23:08,12,3,Otoño
104863,LORATADINA 10MG COM CJAX100UND,PERUFARMA GENERICO,0.0,10.0,2.0,2025-03-19 10:32:49,5,3,Otoño
104863,LORATADINA 10MG COM CJAX100UND,PERUFARMA GENERICO,0.0,10.0,2.0,2025-03-19 13:28:34,14,3,Otoño
104863,LORATADINA 10MG COM CJAX100UND,PERUFARMA GENERICO,0.0,10.0,2.0,2025-03-19 17:57:44,15,3,Otoño
104863,LORATADINA 10MG COM CJAX100UND,PERUFARMA GENERICO,0.0,10.0,2.0,2025-03-19 18:29:49,5,3,Otoño
104863,LORATADINA 10MG COM CJAX100UND,PERUFARMA GENERICO,0.0,10.0,2.0,2025-03-19 20:12:45,2,3,Otoño
104863,LORATADINA 10MG COM CJAX100UND,PERUFARMA GENERICO,0.0,10.0,2.0,2025-03-20 10:51:23,12,3,Otoño
104863,LORATADINA 10MG COM CJAX100UND,PERUFARMA GENERICO,0.0,5.0,1.0,2025-03-20 11:09:20,9,3,Otoño
104863,LORATADINA 10MG COM CJAX100UND,PERUFARMA GENERICO,0.0,10.0,2.0,2025-03-20 18:10:39,11,3,Otoño
104863,LORATADINA 10MG COM CJAX100UND,PERUFARMA GENERICO,0.0,20.0,4.0,2025-03-20 18:43:04,12,3,Otoño
104863,LORATADINA 10MG COM CJAX100UND,PERUFARMA GENERICO,0.0,10.0,2.0,2025-03-20 22:49:07,12,3,Otoño
104863,LORATADINA 10MG COM CJAX100UND,PERUFARMA GENERICO,0.0,10.0,2.0,2025-03-21 11:28:56,8,3,Otoño
104863,LORATADINA 10MG COM CJAX100UND,PERUFARMA GENERICO,0.0,6.0,1.2,2025-03-21 12:36:31,1,3,Otoño
104863,LORATADINA 10MG COM CJAX100UND,PERUFARMA GENERICO,0.0,10.0,2.0,2025-03-21 18:51:21,3,3,Otoño
104863,LORATADINA 10MG COM CJAX100UND,PERUFARMA GENERICO,0.0,5.0,1.0,2025-03-21 20:04:39,10,3,Otoño
104863,LORATADINA 10MG COM CJAX100UND,PERUFARMA GENERICO,0.0,10.0,2.0,2025-03-21 21:49:11,2,3,Otoño
104863,LORATADINA 10MG COM CJAX100UND,PERUFARMA GENERICO,0.0,10.0,2.0,2025-03-22 11:07:11,8,3,Otoño
104863,LORATADINA 10MG COM CJAX100UND,PERUFARMA GENERICO,0.0,10.0,2.0,2025-03-22 13:03:57,11,3,Otoño
104863,LORATADINA 10MG COM CJAX100UND,PERUFARMA GENERICO,0.0,10.0,2.0,2025-03-22 15:07:45,9,3,Otoño
104863,LORATADINA 10MG COM CJAX100UND,PERUFARMA GENERICO,0.0,10.0,2.0,2025-03-22 16:38:47,3,3,Otoño
104863,LORATADINA 10MG COM CJAX100UND,PERUFARMA GENERICO,0.0,10.0,2.0,2025-03-22 19:19:14,4,3,Otoño
104863,LORATADINA 10MG COM CJAX100UND,PERUFARMA GENERICO,0.0,1.0,0.2,2025-03-22 20:53:43,13,3,Otoño
104863,LORATADINA 10MG COM CJAX100UND,PERUFARMA GENERICO,0.0,10.0,2.0,2025-03-22 20:55:18,2,3,Otoño
104863,LORATADINA 10MG COM CJAX100UND,PERUFARMA GENERICO,0.0,10.0,2.0,2025-03-23 16:14:33,2,3,Otoño
104863,LORATADINA 10MG COM CJAX100UND,PERUFARMA GENERICO,0.0,10.0,2.0,2025-03-23 19:29:31,2,3,Otoño
104863,LORATADINA 10MG COM CJAX100UND,PERUFARMA GENERICO,0.0,10.0,2.0,2025-03-23 19:32:47,2,3,Otoño
104863,LORATADINA 10MG COM CJAX100UND,PERUFARMA GENERICO,0.0,-10.0,-2.0,2025-03-23 19:41:48,2,3,Otoño
104863,LORATADINA 10MG COM CJAX100UND,PERUFARMA GENERICO,0.0,10.0,2.0,2025-03-23 19:44:32,2,3,Otoño
104863,LORATADINA 10MG COM CJAX100UND,PERUFARMA GENERICO,0.0,10.0,2.0,2025-03-23 20:08:48,12,3,Otoño
104863,LORATADINA 10MG COM CJAX100UND,PERUFARMA GENERICO,0.0,10.0,2.0,2025-03-23 20:17:14,7,3,Otoño
104863,LORATADINA 10MG COM CJAX100UND,PERUFARMA GENERICO,0.0,10.0,2.0,2025-03-23 22:34:58,7,3,Otoño
104863,LORATADINA 10MG COM CJAX100UND,PERUFARMA GENERICO,0.0,5.0,1.0,2025-03-24 20:16:15,13,3,Otoño
104863,LORATADINA 10MG COM CJAX100UND,PERUFARMA GENERICO,0.0,10.0,2.0,2025-03-25 07:45:22,13,3,Otoño
104863,LORATADINA 10MG COM CJAX100UND,PERUFARMA GENERICO,0.0,10.0,2.0,2025-03-25 09:11:08,1,3,Otoño
104863,LORATADINA 10MG COM CJAX100UND,PERUFARMA GENERICO,0.0,10.0,2.0,2025-03-25 12:34:17,6,3,Otoño
104863,LORATADINA 10MG COM CJAX100UND,PERUFARMA GENERICO,0.0,10.0,2.0,2025-03-25 18:00:03,1,3,Otoño
104863,LORATADINA 10MG COM CJAX100UND,PERUFARMA GENERICO,0.0,10.0,2.0,2025-03-25 18:17:33,8,3,Otoño
104863,LORATADINA 10MG COM CJAX100UND,PERUFARMA GENERICO,0.0,10.0,2.0,2025-03-26 09:10:28,11,3,Otoño
104863,LORATADINA 10MG COM CJAX100UND,PERUFARMA GENERICO,0.0,5.0,1.0,2025-03-26 20:00:26,6,3,Otoño
104863,LORATADINA 10MG COM CJAX100UND,PERUFARMA GENERICO,0.0,20.0,4.0,2025-03-27 08:56:34,3,3,Otoño
104863,LORATADINA 10MG COM CJAX100UND,PERUFARMA GENERICO,0.0,10.0,2.0,2025-03-27 09:19:53,3,3,Otoño
104863,LORATADINA 10MG COM CJAX100UND,PERUFARMA GENERICO,0.0,10.0,2.0,2025-03-27 18:47:22,2,3,Otoño
104863,LORATADINA 10MG COM CJAX100UND,PERUFARMA GENERICO,0.0,10.0,2.0,2025-03-27 19:23:41,8,3,Otoño
104863,LORATADINA 10MG COM CJAX100UND,PERUFARMA GENERICO,0.0,10.0,1.9,2025-03-27 20:15:55,7,3,Otoño
104863,LORATADINA 10MG COM CJAX100UND,PERUFARMA GENERICO,0.0,10.0,2.0,2025-03-27 20:20:03,6,3,Otoño
104863,LORATADINA 10MG COM CJAX100UND,PERUFARMA GENERICO,0.0,10.0,2.0,2025-03-27 22:08:31,6,3,Otoño
104863,LORATADINA 10MG COM CJAX100UND,PERUFARMA GENERICO,0.0,2.0,0.4,2025-03-28 18:28:39,6,3,Otoño
104863,LORATADINA 10MG COM CJAX100UND,PERUFARMA GENERICO,0.0,5.0,1.0,2025-03-28 19:29:19,12,3,Otoño
104863,LORATADINA 10MG COM CJAX100UND,PERUFARMA GENERICO,0.0,5.0,1.0,2025-03-28 21:08:42,8,3,Otoño
104863,LORATADINA 10MG COM CJAX100UND,PERUFARMA GENERICO,0.0,5.0,1.0,2025-03-29 09:33:24,7,3,Otoño
104863,LORATADINA 10MG COM CJAX100UND,PERUFARMA GENERICO,0.0,10.0,2.0,2025-03-29 17:21:38,15,3,Otoño
104863,LORATADINA 10MG COM CJAX100UND,PERUFARMA GENERICO,0.0,10.0,2.0,2025-03-29 18:32:23,10,3,Otoño
104863,LORATADINA 10MG COM CJAX100UND,PERUFARMA GENERICO,0.0,10.0,2.0,2025-03-29 19:51:22,14,3,Otoño
104863,LORATADINA 10MG COM CJAX100UND,PERUFARMA GENERICO,0.0,10.0,2.0,2025-03-29 19:54:17,6,3,Otoño
104863,LORATADINA 10MG COM CJAX100UND,PERUFARMA GENERICO,0.0,10.0,2.0,2025-03-29 20:02:02,9,3,Otoño
104863,LORATADINA 10MG COM CJAX100UND,PERUFARMA GENERICO,0.0,10.0,2.0,2025-03-30 11:22:44,5,3,Otoño
104863,LORATADINA 10MG COM CJAX100UND,PERUFARMA GENERICO,0.0,10.0,2.0,2025-03-30 21:15:50,4,3,Otoño
104863,LORATADINA 10MG COM CJAX100UND,PERUFARMA GENERICO,0.0,10.0,2.0,2025-03-31 10:38:28,1,3,Otoño
104863,LORATADINA 10MG COM CJAX100UND,PERUFARMA GENERICO,0.0,25.0,5.0,2025-03-31 12:17:28,6,3,Otoño
104863,LORATADINA 10MG COM CJAX100UND,PERUFARMA GENERICO,0.0,10.0,2.0,2025-03-31 12:56:59,13,3,Otoño
104863,LORATADINA 10MG COM CJAX100UND,PERUFARMA GENERICO,0.0,30.0,6.0,2025-03-31 15:14:59,5,3,Otoño
104863,LORATADINA 10MG COM CJAX100UND,PERUFARMA GENERICO,0.0,31.0,6.2,2025-03-31 20:54:26,1,3,Otoño
104863,LORATADINA 10MG COM CJAX100UND,PERUFARMA GENERICO,0.0,10.0,2.0,2025-04-01 16:59:30,12,4,Otoño
104863,LORATADINA 10MG COM CJAX100UND,PERUFARMA GENERICO,0.0,10.0,2.0,2025-04-02 10:20:59,6,4,Otoño
104863,LORATADINA 10MG COM CJAX100UND,PERUFARMA GENERICO,0.0,10.0,2.0,2025-04-02 19:29:27,12,4,Otoño
104863,LORATADINA 10MG COM CJAX100UND,PERUFARMA GENERICO,0.0,10.0,2.0,2025-04-02 19:49:19,2,4,Otoño
104863,LORATADINA 10MG COM CJAX100UND,PERUFARMA GENERICO,0.0,20.0,4.0,2025-04-02 21:16:33,3,4,Otoño
104863,LORATADINA 10MG COM CJAX100UND,PERUFARMA GENERICO,0.0,10.0,2.0,2025-04-02 22:47:04,1,4,Otoño
104863,LORATADINA 10MG COM CJAX100UND,PERUFARMA GENERICO,0.0,10.0,2.0,2025-04-03 18:00:17,5,4,Otoño
104863,LORATADINA 10MG COM CJAX100UND,PERUFARMA GENERICO,0.0,10.0,2.0,2025-04-03 19:13:29,9,4,Otoño
104863,LORATADINA 10MG COM CJAX100UND,PERUFARMA GENERICO,0.0,10.0,2.0,2025-04-03 19:13:48,12,4,Otoño
104863,LORATADINA 10MG COM CJAX100UND,PERUFARMA GENERICO,0.0,10.0,2.0,2025-04-03 20:47:16,1,4,Otoño
104863,LORATADINA 10MG COM CJAX100UND,PERUFARMA GENERICO,0.0,10.0,2.0,2025-04-03 22:55:55,6,4,Otoño
104863,LORATADINA 10MG COM CJAX100UND,PERUFARMA GENERICO,0.0,10.0,2.0,2025-04-04 17:40:53,12,4,Otoño
104863,LORATADINA 10MG COM CJAX100UND,PERUFARMA GENERICO,0.0,10.0,2.0,2025-04-04 19:19:41,7,4,Otoño
104863,LORATADINA 10MG COM CJAX100UND,PERUFARMA GENERICO,0.0,5.0,0.95,2025-04-04 23:00:04,12,4,Otoño
104863,LORATADINA 10MG COM CJAX100UND,PERUFARMA GENERICO,0.0,7.0,1.4,2025-04-05 10:14:59,1,4,Otoño
104863,LORATADINA 10MG COM CJAX100UND,PERUFARMA GENERICO,0.0,10.0,2.0,2025-04-05 16:20:03,1,4,Otoño
104863,LORATADINA 10MG COM CJAX100UND,PERUFARMA GENERICO,0.0,10.0,2.0,2025-04-05 18:08:43,3,4,Otoño
104863,LORATADINA 10MG COM CJAX100UND,PERUFARMA GENERICO,0.0,10.0,2.0,2025-04-05 19:57:22,6,4,Otoño
104863,LORATADINA 10MG COM CJAX100UND,PERUFARMA GENERICO,0.0,20.0,4.0,2025-04-05 21:23:40,6,4,Otoño
104863,LORATADINA 10MG COM CJAX100UND,PERUFARMA GENERICO,0.0,10.0,2.0,2025-04-06 20:39:29,3,4,Otoño
104863,LORATADINA 10MG COM CJAX100UND,PERUFARMA GENERICO,0.0,10.0,2.0,2025-04-06 20:40:45,5,4,Otoño
104863,LORATADINA 10MG COM CJAX100UND,PERUFARMA GENERICO,0.0,10.0,2.0,2025-04-06 21:50:36,13,4,Otoño
104863,LORATADINA 10MG COM CJAX100UND,PERUFARMA GENERICO,0.0,10.0,2.0,2025-04-07 10:43:03,3,4,Otoño
104863,LORATADINA 10MG COM CJAX100UND,PERUFARMA GENERICO,0.0,10.0,2.0,2025-04-07 11:04:54,2,4,Otoño
104863,LORATADINA 10MG COM CJAX100UND,PERUFARMA GENERICO,0.0,10.0,2.0,2025-04-07 12:45:18,11,4,Otoño
104863,LORATADINA 10MG COM CJAX100UND,PERUFARMA GENERICO,0.0,10.0,2.0,2025-04-07 18:08:04,5,4,Otoño
104863,LORATADINA 10MG COM CJAX100UND,PERUFARMA GENERICO,0.0,10.0,2.0,2025-04-07 18:57:31,5,4,Otoño
104863,LORATADINA 10MG COM CJAX100UND,PERUFARMA GENERICO,0.0,10.0,2.0,2025-04-07 20:04:40,14,4,Otoño
104863,LORATADINA 10MG COM CJAX100UND,PERUFARMA GENERICO,0.0,10.0,2.0,2025-04-07 20:10:19,9,4,Otoño
104863,LORATADINA 10MG COM CJAX100UND,PERUFARMA GENERICO,0.0,6.0,1.2,2025-04-08 11:37:01,4,4,Otoño
104863,LORATADINA 10MG COM CJAX100UND,PERUFARMA GENERICO,0.0,10.0,2.0,2025-04-08 11:54:30,11,4,Otoño
104863,LORATADINA 10MG COM CJAX100UND,PERUFARMA GENERICO,0.0,10.0,2.0,2025-04-08 16:03:25,3,4,Otoño
104863,LORATADINA 10MG COM CJAX100UND,PERUFARMA GENERICO,0.0,20.0,4.0,2025-04-08 17:01:15,3,4,Otoño
104863,LORATADINA 10MG COM CJAX100UND,PERUFARMA GENERICO,0.0,10.0,2.0,2025-04-08 17:04:29,1,4,Otoño
104863,LORATADINA 10MG COM CJAX100UND,PERUFARMA GENERICO,0.0,10.0,2.0,2025-04-08 18:28:10,12,4,Otoño
104863,LORATADINA 10MG COM CJAX100UND,PERUFARMA GENERICO,0.0,10.0,2.0,2025-04-09 07:42:59,5,4,Otoño
104863,LORATADINA 10MG COM CJAX100UND,PERUFARMA GENERICO,0.0,10.0,2.0,2025-04-09 09:35:28,1,4,Otoño
104863,LORATADINA 10MG COM CJAX100UND,PERUFARMA GENERICO,0.0,10.0,2.0,2025-04-09 20:10:07,15,4,Otoño
104863,LORATADINA 10MG COM CJAX100UND,PERUFARMA GENERICO,0.0,10.0,2.0,2025-04-10 08:17:27,9,4,Otoño
104863,LORATADINA 10MG COM CJAX100UND,PERUFARMA GENERICO,0.0,20.0,4.0,2025-04-11 16:58:03,5,4,Otoño
104863,LORATADINA 10MG COM CJAX100UND,PERUFARMA GENERICO,0.0,10.0,2.0,2025-04-11 18:19:44,1,4,Otoño
104863,LORATADINA 10MG COM CJAX100UND,PERUFARMA GENERICO,0.0,20.0,4.0,2025-04-12 13:19:07,2,4,Otoño
104863,LORATADINA 10MG COM CJAX100UND,PERUFARMA GENERICO,0.0,10.0,2.0,2025-04-12 18:01:44,10,4,Otoño
104863,LORATADINA 10MG COM CJAX100UND,PERUFARMA GENERICO,0.0,5.0,1.0,2025-04-13 14:36:23,11,4,Otoño
104863,LORATADINA 10MG COM CJAX100UND,PERUFARMA GENERICO,0.0,3.0,0.6,2025-04-13 17:17:31,12,4,Otoño
104863,LORATADINA 10MG COM CJAX100UND,PERUFARMA GENERICO,0.0,10.0,2.0,2025-04-13 18:11:21,14,4,Otoño
104863,LORATADINA 10MG COM CJAX100UND,PERUFARMA GENERICO,0.0,10.0,2.0,2025-04-13 19:28:01,11,4,Otoño
104863,LORATADINA 10MG COM CJAX100UND,PERUFARMA GENERICO,0.0,5.0,1.0,2025-04-13 21:28:02,15,4,Otoño
104863,LORATADINA 10MG COM CJAX100UND,PERUFARMA GENERICO,0.0,10.0,2.0,2025-04-14 15:22:13,10,4,Otoño
104863,LORATADINA 10MG COM CJAX100UND,PERUFARMA GENERICO,0.0,10.0,2.0,2025-04-14 15:26:42,10,4,Otoño
104863,LORATADINA 10MG COM CJAX100UND,PERUFARMA GENERICO,0.0,-10.0,-2.0,2025-04-14 15:28:00,10,4,Otoño
104863,LORATADINA 10MG COM CJAX100UND,PERUFARMA GENERICO,0.0,20.0,4.0,2025-04-14 18:41:44,3,4,Otoño
104863,LORATADINA 10MG COM CJAX100UND,PERUFARMA GENERICO,0.0,10.0,2.0,2025-04-14 19:20:03,13,4,Otoño
104863,LORATADINA 10MG COM CJAX100UND,PERUFARMA GENERICO,0.0,10.0,2.0,2025-04-14 19:39:20,3,4,Otoño
104863,LORATADINA 10MG COM CJAX100UND,PERUFARMA GENERICO,0.0,10.0,2.0,2025-04-14 19:46:37,15,4,Otoño
104863,LORATADINA 10MG COM CJAX100UND,PERUFARMA GENERICO,0.0,10.0,2.0,2025-04-15 11:15:22,1,4,Otoño
104863,LORATADINA 10MG COM CJAX100UND,PERUFARMA GENERICO,0.0,10.0,2.0,2025-04-15 13:49:51,6,4,Otoño
104863,LORATADINA 10MG COM CJAX100UND,PERUFARMA GENERICO,0.0,20.0,4.0,2025-04-15 21:14:10,11,4,Otoño
104863,LORATADINA 10MG COM CJAX100UND,PERUFARMA GENERICO,0.0,5.0,1.0,2025-04-17 20:24:43,5,4,Otoño
104863,LORATADINA 10MG COM CJAX100UND,PERUFARMA GENERICO,0.0,6.0,1.2,2025-04-17 20:42:15,15,4,Otoño
104863,LORATADINA 10MG COM CJAX100UND,PERUFARMA GENERICO,0.0,10.0,2.0,2025-04-17 20:53:11,5,4,Otoño
104863,LORATADINA 10MG COM CJAX100UND,PERUFARMA GENERICO,0.0,-10.0,-2.0,2025-04-18 12:00:00,12,4,Otoño
104863,LORATADINA 10MG COM CJAX100UND,PERUFARMA GENERICO,0.0,10.0,2.0,2025-04-18 15:23:44,12,4,Otoño
104863,LORATADINA 10MG COM CJAX100UND,PERUFARMA GENERICO,0.0,10.0,2.0,2025-04-18 19:34:08,7,4,Otoño
104863,LORATADINA 10MG COM CJAX100UND,PERUFARMA GENERICO,0.0,50.0,10.0,2025-04-19 11:48:30,13,4,Otoño
104863,LORATADINA 10MG COM CJAX100UND,PERUFARMA GENERICO,0.0,49.0,9.8,2025-04-19 15:03:43,13,4,Otoño
104863,LORATADINA 10MG COM CJAX100UND,PERUFARMA GENERICO,0.0,20.0,4.0,2025-04-19 18:09:28,1,4,Otoño
104863,LORATADINA 10MG COM CJAX100UND,PERUFARMA GENERICO,0.0,40.0,8.0,2025-04-19 18:14:09,1,4,Otoño
104863,LORATADINA 10MG COM CJAX100UND,PERUFARMA GENERICO,0.0,20.0,4.0,2025-04-19 18:23:54,10,4,Otoño
104863,LORATADINA 10MG COM CJAX100UND,PERUFARMA GENERICO,0.0,10.0,2.0,2025-04-19 19:31:12,5,4,Otoño
104863,LORATADINA 10MG COM CJAX100UND,PERUFARMA GENERICO,0.0,10.0,2.0,2025-04-19 19:55:57,1,4,Otoño
104863,LORATADINA 10MG COM CJAX100UND,PERUFARMA GENERICO,0.0,30.0,6.0,2025-04-21 11:09:47,7,4,Otoño
104863,LORATADINA 10MG COM CJAX100UND,PERUFARMA GENERICO,0.0,10.0,2.0,2025-04-21 18:28:17,8,4,Otoño
104863,LORATADINA 10MG COM CJAX100UND,PERUFARMA GENERICO,0.0,10.0,2.0,2025-04-21 18:46:12,8,4,Otoño
104863,LORATADINA 10MG COM CJAX100UND,PERUFARMA GENERICO,0.0,10.0,2.0,2025-04-22 08:00:23,1,4,Otoño
104863,LORATADINA 10MG COM CJAX100UND,PERUFARMA GENERICO,0.0,10.0,1.9,2025-04-22 22:25:11,12,4,Otoño
104863,LORATADINA 10MG COM CJAX100UND,PERUFARMA GENERICO,0.0,10.0,2.0,2025-04-23 07:03:21,12,4,Otoño
104863,LORATADINA 10MG COM CJAX100UND,PERUFARMA GENERICO,0.0,10.0,2.0,2025-04-23 11:53:18,3,4,Otoño
104863,LORATADINA 10MG COM CJAX100UND,PERUFARMA GENERICO,0.0,10.0,2.0,2025-04-23 18:41:09,8,4,Otoño
104863,LORATADINA 10MG COM CJAX100UND,PERUFARMA GENERICO,0.0,10.0,2.0,2025-04-23 19:46:09,8,4,Otoño
104863,LORATADINA 10MG COM CJAX100UND,PERUFARMA GENERICO,0.0,10.0,2.0,2025-04-23 20:37:40,2,4,Otoño
104863,LORATADINA 10MG COM CJAX100UND,PERUFARMA GENERICO,0.0,10.0,2.0,2025-04-24 18:30:17,10,4,Otoño
104863,LORATADINA 10MG COM CJAX100UND,PERUFARMA GENERICO,0.0,10.0,2.0,2025-04-24 22:14:27,6,4,Otoño
104863,LORATADINA 10MG COM CJAX100UND,PERUFARMA GENERICO,0.0,5.0,1.0,2025-04-24 22:54:20,14,4,Otoño
104863,LORATADINA 10MG COM CJAX100UND,PERUFARMA GENERICO,0.0,10.0,2.0,2025-04-25 20:55:58,1,4,Otoño
104863,LORATADINA 10MG COM CJAX100UND,PERUFARMA GENERICO,0.0,5.0,1.0,2025-04-26 10:45:29,5,4,Otoño
104863,LORATADINA 10MG COM CJAX100UND,PERUFARMA GENERICO,0.0,10.0,2.0,2025-04-26 11:19:14,12,4,Otoño
104863,LORATADINA 10MG COM CJAX100UND,PERUFARMA GENERICO,0.0,10.0,2.0,2025-04-26 12:26:46,1,4,Otoño
104863,LORATADINA 10MG COM CJAX100UND,PERUFARMA GENERICO,0.0,4.0,0.8,2025-04-26 19:08:41,12,4,Otoño
104863,LORATADINA 10MG COM CJAX100UND,PERUFARMA GENERICO,0.0,20.0,4.0,2025-04-27 15:22:15,2,4,Otoño
104863,LORATADINA 10MG COM CJAX100UND,PERUFARMA GENERICO,0.0,1.0,0.2,2025-04-27 18:32:10,5,4,Otoño
104863,LORATADINA 10MG COM CJAX100UND,PERUFARMA GENERICO,0.0,10.0,2.0,2025-04-28 13:29:48,15,4,Otoño
104863,LORATADINA 10MG COM CJAX100UND,PERUFARMA GENERICO,0.0,10.0,2.0,2025-04-28 14:15:55,9,4,Otoño
104863,LORATADINA 10MG COM CJAX100UND,PERUFARMA GENERICO,0.0,20.0,4.0,2025-04-28 14:16:46,9,4,Otoño
104863,LORATADINA 10MG COM CJAX100UND,PERUFARMA GENERICO,0.0,10.0,2.0,2025-04-29 14:17:16,9,4,Otoño
104863,LORATADINA 10MG COM CJAX100UND,PERUFARMA GENERICO,0.0,10.0,2.0,2025-04-29 19:05:28,3,4,Otoño
104863,LORATADINA 10MG COM CJAX100UND,PERUFARMA GENERICO,0.0,10.0,2.0,2025-04-29 19:10:11,6,4,Otoño
104863,LORATADINA 10MG COM CJAX100UND,PERUFARMA GENERICO,0.0,10.0,2.0,2025-04-29 20:27:57,11,4,Otoño
104863,LORATADINA 10MG COM CJAX100UND,PERUFARMA GENERICO,0.0,10.0,2.0,2025-04-29 22:02:16,5,4,Otoño
104863,LORATADINA 10MG COM CJAX100UND,PERUFARMA GENERICO,0.0,5.0,1.0,2025-04-30 10:38:22,12,4,Otoño
104863,LORATADINA 10MG COM CJAX100UND,PERUFARMA GENERICO,0.0,10.0,2.0,2025-04-30 18:30:37,7,4,Otoño
104863,LORATADINA 10MG COM CJAX100UND,PERUFARMA GENERICO,0.0,1.0,0.2,2025-04-30 21:02:36,12,4,Otoño
104863,LORATADINA 10MG COM CJAX100UND,PERUFARMA GENERICO,0.0,1.0,0.2,2025-04-30 22:02:26,12,4,Otoño
104863,LORATADINA 10MG COM CJAX100UND,PERUFARMA GENERICO,0.0,10.0,2.0,2025-05-01 09:04:40,13,5,Otoño
104863,LORATADINA 10MG COM CJAX100UND,PERUFARMA GENERICO,0.0,10.0,2.0,2025-05-01 11:11:49,13,5,Otoño
104863,LORATADINA 10MG COM CJAX100UND,PERUFARMA GENERICO,0.0,10.0,2.0,2025-05-01 12:44:59,3,5,Otoño
104863,LORATADINA 10MG COM CJAX100UND,PERUFARMA GENERICO,0.0,5.0,0.95,2025-05-01 20:35:50,12,5,Otoño
104863,LORATADINA 10MG COM CJAX100UND,PERUFARMA GENERICO,0.0,10.0,2.0,2025-05-02 11:39:18,3,5,Otoño
104863,LORATADINA 10MG COM CJAX100UND,PERUFARMA GENERICO,0.0,10.0,1.9,2025-05-02 17:23:00,8,5,Otoño
104863,LORATADINA 10MG COM CJAX100UND,PERUFARMA GENERICO,0.0,10.0,2.0,2025-05-03 20:54:23,1,5,Otoño
104863,LORATADINA 10MG COM CJAX100UND,PERUFARMA GENERICO,0.0,10.0,2.0,2025-05-04 16:22:20,1,5,Otoño
104863,LORATADINA 10MG COM CJAX100UND,PERUFARMA GENERICO,0.0,2.0,0.4,2025-05-05 15:50:00,5,5,Otoño
104863,LORATADINA 10MG COM CJAX100UND,PERUFARMA GENERICO,0.0,10.0,2.0,2025-05-07 16:32:37,3,5,Otoño
104863,LORATADINA 10MG COM CJAX100UND,PERUFARMA GENERICO,0.0,20.0,4.0,2025-05-07 19:54:40,5,5,Otoño
104863,LORATADINA 10MG COM CJAX100UND,PERUFARMA GENERICO,0.0,10.0,2.0,2025-05-07 20:46:31,14,5,Otoño
104863,LORATADINA 10MG COM CJAX100UND,PERUFARMA GENERICO,0.0,10.0,2.0,2025-05-07 22:16:11,1,5,Otoño
104863,LORATADINA 10MG COM CJAX100UND,PERUFARMA GENERICO,0.0,10.0,2.0,2025-05-08 19:13:13,3,5,Otoño
104863,LORATADINA 10MG COM CJAX100UND,PERUFARMA GENERICO,0.0,10.0,2.0,2025-05-08 20:16:20,14,5,Otoño
104863,LORATADINA 10MG COM CJAX100UND,PERUFARMA GENERICO,0.0,10.0,2.0,2025-05-08 22:43:29,14,5,Otoño
104863,LORATADINA 10MG COM CJAX100UND,PERUFARMA GENERICO,0.0,10.0,2.0,2025-05-09 18:37:14,15,5,Otoño
104863,LORATADINA 10MG COM CJAX100UND,PERUFARMA GENERICO,1.0,0.0,20.0,2025-05-09 19:28:01,1,5,Otoño
104863,LORATADINA 10MG COM CJAX100UND,PERUFARMA GENERICO,0.0,1.0,0.2,2025-05-09 21:40:10,3,5,Otoño
104863,LORATADINA 10MG COM CJAX100UND,PERUFARMA GENERICO,0.0,10.0,2.0,2025-05-10 11:16:19,1,5,Otoño
104863,LORATADINA 10MG COM CJAX100UND,PERUFARMA GENERICO,0.0,10.0,2.0,2025-05-10 14:44:00,7,5,Otoño
104863,LORATADINA 10MG COM CJAX100UND,PERUFARMA GENERICO,0.0,2.0,0.4,2025-05-10 17:47:46,5,5,Otoño
104863,LORATADINA 10MG COM CJAX100UND,PERUFARMA GENERICO,0.0,10.0,2.0,2025-05-11 11:37:38,5,5,Otoño
104863,LORATADINA 10MG COM CJAX100UND,PERUFARMA GENERICO,0.0,10.0,2.0,2025-05-11 17:55:11,12,5,Otoño
104863,LORATADINA 10MG COM CJAX100UND,PERUFARMA GENERICO,0.0,10.0,2.0,2025-05-12 15:42:11,6,5,Otoño
104863,LORATADINA 10MG COM CJAX100UND,PERUFARMA GENERICO,0.0,10.0,2.0,2025-05-12 16:58:43,9,5,Otoño
104863,LORATADINA 10MG COM CJAX100UND,PERUFARMA GENERICO,0.0,10.0,2.0,2025-05-12 18:03:39,1,5,Otoño
104863,LORATADINA 10MG COM CJAX100UND,PERUFARMA GENERICO,0.0,10.0,2.0,2025-05-13 15:22:31,12,5,Otoño
104863,LORATADINA 10MG COM CJAX100UND,PERUFARMA GENERICO,0.0,10.0,2.0,2025-05-13 15:38:33,12,5,Otoño
104863,LORATADINA 10MG COM CJAX100UND,PERUFARMA GENERICO,0.0,30.0,6.0,2025-05-13 16:18:56,9,5,Otoño
104863,LORATADINA 10MG COM CJAX100UND,PERUFARMA GENERICO,0.0,10.0,2.0,2025-05-13 20:43:35,5,5,Otoño
104863,LORATADINA 10MG COM CJAX100UND,PERUFARMA GENERICO,0.0,6.0,1.2,2025-05-14 09:16:19,13,5,Otoño
104863,LORATADINA 10MG COM CJAX100UND,PERUFARMA GENERICO,0.0,20.0,4.0,2025-05-14 10:14:46,5,5,Otoño
104863,LORATADINA 10MG COM CJAX100UND,PERUFARMA GENERICO,0.0,-10.0,-2.0,2025-05-14 12:00:00,12,5,Otoño
104863,LORATADINA 10MG COM CJAX100UND,PERUFARMA GENERICO,0.0,10.0,2.0,2025-05-14 19:06:09,12,5,Otoño
104863,LORATADINA 10MG COM CJAX100UND,PERUFARMA GENERICO,0.0,10.0,2.0,2025-05-14 19:09:21,12,5,Otoño
104863,LORATADINA 10MG COM CJAX100UND,PERUFARMA GENERICO,0.0,10.0,2.0,2025-05-14 19:34:02,8,5,Otoño
104863,LORATADINA 10MG COM CJAX100UND,PERUFARMA GENERICO,0.0,20.0,4.0,2025-05-14 20:28:07,8,5,Otoño
104863,LORATADINA 10MG COM CJAX100UND,PERUFARMA GENERICO,0.0,20.0,4.0,2025-05-15 07:35:45,6,5,Otoño
104863,LORATADINA 10MG COM CJAX100UND,PERUFARMA GENERICO,0.0,10.0,2.0,2025-05-15 18:01:23,10,5,Otoño
104863,LORATADINA 10MG COM CJAX100UND,PERUFARMA GENERICO,0.0,10.0,2.0,2025-05-15 19:29:58,5,5,Otoño
104863,LORATADINA 10MG COM CJAX100UND,PERUFARMA GENERICO,0.0,10.0,2.0,2025-05-15 19:52:18,6,5,Otoño
104863,LORATADINA 10MG COM CJAX100UND,PERUFARMA GENERICO,0.0,10.0,2.0,2025-05-15 20:19:41,1,5,Otoño
104863,LORATADINA 10MG COM CJAX100UND,PERUFARMA GENERICO,0.0,10.0,2.0,2025-05-16 12:53:37,9,5,Otoño
104863,LORATADINA 10MG COM CJAX100UND,PERUFARMA GENERICO,0.0,10.0,2.0,2025-05-17 22:37:33,1,5,Otoño
104863,LORATADINA 10MG COM CJAX100UND,PERUFARMA GENERICO,0.0,10.0,2.0,2025-05-18 09:58:19,11,5,Otoño
104863,LORATADINA 10MG COM CJAX100UND,PERUFARMA GENERICO,0.0,10.0,2.0,2025-05-18 11:00:04,10,5,Otoño
104863,LORATADINA 10MG COM CJAX100UND,PERUFARMA GENERICO,0.0,4.0,0.8,2025-05-18 12:04:40,1,5,Otoño
104863,LORATADINA 10MG COM CJAX100UND,PERUFARMA GENERICO,0.0,20.0,4.0,2025-05-19 11:58:34,6,5,Otoño
104863,LORATADINA 10MG COM CJAX100UND,PERUFARMA GENERICO,0.0,5.0,1.0,2025-05-20 11:00:06,12,5,Otoño
104863,LORATADINA 10MG COM CJAX100UND,PERUFARMA GENERICO,0.0,2.0,0.4,2025-05-20 15:04:23,1,5,Otoño
104863,LORATADINA 10MG COM CJAX100UND,PERUFARMA GENERICO,0.0,5.0,1.0,2025-05-20 16:06:25,11,5,Otoño
104863,LORATADINA 10MG COM CJAX100UND,PERUFARMA GENERICO,0.0,10.0,2.0,2025-05-20 21:26:45,6,5,Otoño
104863,LORATADINA 10MG COM CJAX100UND,PERUFARMA GENERICO,0.0,1.0,0.2,2025-05-21 16:29:00,12,5,Otoño
104863,LORATADINA 10MG COM CJAX100UND,PERUFARMA GENERICO,0.0,10.0,2.0,2025-05-21 18:22:22,5,5,Otoño
104863,LORATADINA 10MG COM CJAX100UND,PERUFARMA GENERICO,0.0,7.0,1.4,2025-05-22 17:33:48,11,5,Otoño
104863,LORATADINA 10MG COM CJAX100UND,PERUFARMA GENERICO,0.0,10.0,2.0,2025-05-22 21:26:24,8,5,Otoño
104863,LORATADINA 10MG COM CJAX100UND,PERUFARMA GENERICO,0.0,10.0,2.0,2025-05-22 21:57:40,7,5,Otoño
104863,LORATADINA 10MG COM CJAX100UND,PERUFARMA GENERICO,0.0,15.0,3.0,2025-05-23 17:49:09,1,5,Otoño
104863,LORATADINA 10MG COM CJAX100UND,PERUFARMA GENERICO,0.0,10.0,2.0,2025-05-24 11:28:29,12,5,Otoño
104863,LORATADINA 10MG COM CJAX100UND,PERUFARMA GENERICO,0.0,5.0,1.0,2025-05-24 11:35:13,12,5,Otoño
104863,LORATADINA 10MG COM CJAX100UND,PERUFARMA GENERICO,0.0,10.0,2.0,2025-05-24 12:08:28,7,5,Otoño
104863,LORATADINA 10MG COM CJAX100UND,PERUFARMA GENERICO,0.0,10.0,2.0,2025-05-24 13:52:11,6,5,Otoño
104863,LORATADINA 10MG COM CJAX100UND,PERUFARMA GENERICO,0.0,10.0,2.0,2025-05-24 18:28:34,10,5,Otoño
104863,LORATADINA 10MG COM CJAX100UND,PERUFARMA GENERICO,0.0,10.0,2.0,2025-05-24 19:22:38,13,5,Otoño
104863,LORATADINA 10MG COM CJAX100UND,PERUFARMA GENERICO,0.0,10.0,2.0,2025-05-24 21:10:47,8,5,Otoño
104863,LORATADINA 10MG COM CJAX100UND,PERUFARMA GENERICO,0.0,2.0,0.4,2025-05-25 21:25:11,1,5,Otoño
104863,LORATADINA 10MG COM CJAX100UND,PERUFARMA GENERICO,0.0,10.0,2.0,2025-05-26 09:52:46,13,5,Otoño
104863,LORATADINA 10MG COM CJAX100UND,PERUFARMA GENERICO,0.0,10.0,2.0,2025-05-26 15:33:37,7,5,Otoño
104863,LORATADINA 10MG COM CJAX100UND,PERUFARMA GENERICO,0.0,20.0,4.0,2025-05-26 21:33:32,5,5,Otoño
104863,LORATADINA 10MG COM CJAX100UND,PERUFARMA GENERICO,0.0,10.0,2.0,2025-05-26 22:03:37,5,5,Otoño
104863,LORATADINA 10MG COM CJAX100UND,PERUFARMA GENERICO,0.0,7.0,1.4,2025-05-27 07:47:58,6,5,Otoño
104863,LORATADINA 10MG COM CJAX100UND,PERUFARMA GENERICO,0.0,10.0,2.0,2025-05-27 12:00:26,6,5,Otoño
104863,LORATADINA 10MG COM CJAX100UND,PERUFARMA GENERICO,0.0,10.0,2.0,2025-05-29 07:05:38,4,5,Otoño
104863,LORATADINA 10MG COM CJAX100UND,PERUFARMA GENERICO,0.0,10.0,2.0,2025-05-29 20:11:53,5,5,Otoño
104863,LORATADINA 10MG COM CJAX100UND,PERUFARMA GENERICO,0.0,20.0,4.0,2025-05-29 20:36:30,13,5,Otoño
104863,LORATADINA 10MG COM CJAX100UND,PERUFARMA GENERICO,0.0,20.0,4.0,2025-05-30 13:21:30,1,5,Otoño
104863,LORATADINA 10MG COM CJAX100UND,PERUFARMA GENERICO,0.0,10.0,2.0,2025-05-30 19:48:57,5,5,Otoño
104863,LORATADINA 10MG COM CJAX100UND,PERUFARMA GENERICO,0.0,10.0,2.0,2025-05-30 21:49:16,12,5,Otoño
104863,LORATADINA 10MG COM CJAX100UND,PERUFARMA GENERICO,0.0,10.0,2.0,2025-05-31 10:51:26,12,5,Otoño
104863,LORATADINA 10MG COM CJAX100UND,PERUFARMA GENERICO,0.0,10.0,2.0,2025-05-31 12:12:02,4,5,Otoño
104863,LORATADINA 10MG COM CJAX100UND,PERUFARMA GENERICO,0.0,10.0,2.0,2025-05-31 19:46:09,9,5,Otoño
104863,LORATADINA 10MG COM CJAX100UND,PERUFARMA GENERICO,0.0,10.0,2.0,2025-05-31 20:07:20,14,5,Otoño
104863,LORATADINA 10MG COM CJAX100UND,PERUFARMA GENERICO,0.0,10.0,2.0,2025-06-01 18:45:26,5,6,Invierno
104863,LORATADINA 10MG COM CJAX100UND,PERUFARMA GENERICO,0.0,10.0,2.0,2025-06-01 21:30:38,14,6,Invierno
104863,LORATADINA 10MG COM CJAX100UND,PERUFARMA GENERICO,0.0,10.0,2.0,2025-06-02 12:24:09,1,6,Invierno
104863,LORATADINA 10MG COM CJAX100UND,PERUFARMA GENERICO,0.0,2.0,0.4,2025-06-02 21:52:54,5,6,Invierno
104863,LORATADINA 10MG COM CJAX100UND,PERUFARMA GENERICO,0.0,5.0,1.0,2025-06-03 15:30:50,12,6,Invierno
104863,LORATADINA 10MG COM CJAX100UND,PERUFARMA GENERICO,0.0,5.0,0.95,2025-06-03 15:49:09,5,6,Invierno
104863,LORATADINA 10MG COM CJAX100UND,PERUFARMA GENERICO,0.0,20.0,4.0,2025-06-03 18:43:37,8,6,Invierno
104863,LORATADINA 10MG COM CJAX100UND,PERUFARMA GENERICO,0.0,10.0,2.0,2025-06-03 21:30:43,1,6,Invierno
104863,LORATADINA 10MG COM CJAX100UND,PERUFARMA GENERICO,0.0,10.0,2.0,2025-06-03 21:31:43,12,6,Invierno
104863,LORATADINA 10MG COM CJAX100UND,PERUFARMA GENERICO,0.0,20.0,4.0,2025-06-04 13:30:06,6,6,Invierno
104863,LORATADINA 10MG COM CJAX100UND,PERUFARMA GENERICO,0.0,10.0,2.0,2025-06-04 17:34:05,8,6,Invierno
104863,LORATADINA 10MG COM CJAX100UND,PERUFARMA GENERICO,0.0,10.0,2.0,2025-06-04 19:40:01,1,6,Invierno
104863,LORATADINA 10MG COM CJAX100UND,PERUFARMA GENERICO,0.0,10.0,2.0,2025-06-04 19:45:52,13,6,Invierno
104863,LORATADINA 10MG COM CJAX100UND,PERUFARMA GENERICO,0.0,10.0,2.0,2025-06-04 21:26:27,13,6,Invierno
104863,LORATADINA 10MG COM CJAX100UND,PERUFARMA GENERICO,0.0,10.0,2.0,2025-06-04 22:07:44,5,6,Invierno
104863,LORATADINA 10MG COM CJAX100UND,PERUFARMA GENERICO,0.0,10.0,2.0,2025-06-05 18:24:42,1,6,Invierno
104863,LORATADINA 10MG COM CJAX100UND,PERUFARMA GENERICO,0.0,-10.0,-2.0,2025-06-06 12:00:00,5,6,Invierno
104863,LORATADINA 10MG COM CJAX100UND,PERUFARMA GENERICO,0.0,10.0,2.0,2025-06-06 12:53:20,6,6,Invierno
104863,LORATADINA 10MG COM CJAX100UND,PERUFARMA GENERICO,0.0,10.0,2.0,2025-06-06 14:42:38,5,6,Invierno
104863,LORATADINA 10MG COM CJAX100UND,PERUFARMA GENERICO,0.0,10.0,2.0,2025-06-06 14:49:19,5,6,Invierno
104863,LORATADINA 10MG COM CJAX100UND,PERUFARMA GENERICO,0.0,10.0,2.0,2025-06-06 14:53:08,5,6,Invierno
104863,LORATADINA 10MG COM CJAX100UND,PERUFARMA GENERICO,0.0,10.0,2.0,2025-06-06 15:15:03,5,6,Invierno
104863,LORATADINA 10MG COM CJAX100UND,PERUFARMA GENERICO,0.0,10.0,2.0,2025-06-06 20:11:42,1,6,Invierno
104863,LORATADINA 10MG COM CJAX100UND,PERUFARMA GENERICO,0.0,10.0,2.0,2025-06-06 20:48:14,1,6,Invierno
104863,LORATADINA 10MG COM CJAX100UND,PERUFARMA GENERICO,0.0,3.0,0.6,2025-06-07 09:21:13,13,6,Invierno
104863,LORATADINA 10MG COM CJAX100UND,PERUFARMA GENERICO,0.0,10.0,2.0,2025-06-08 09:20:42,8,6,Invierno
104863,LORATADINA 10MG COM CJAX100UND,PERUFARMA GENERICO,0.0,10.0,2.0,2025-06-08 12:11:53,5,6,Invierno
104863,LORATADINA 10MG COM CJAX100UND,PERUFARMA GENERICO,0.0,5.0,1.0,2025-06-08 15:43:20,10,6,Invierno
104863,LORATADINA 10MG COM CJAX100UND,PERUFARMA GENERICO,0.0,10.0,2.0,2025-06-08 15:44:12,12,6,Invierno
104863,LORATADINA 10MG COM CJAX100UND,PERUFARMA GENERICO,0.0,10.0,2.0,2025-06-08 18:44:44,12,6,Invierno
104863,LORATADINA 10MG COM CJAX100UND,PERUFARMA GENERICO,0.0,10.0,2.0,2025-06-10 07:47:15,12,6,Invierno
104863,LORATADINA 10MG COM CJAX100UND,PERUFARMA GENERICO,0.0,10.0,2.0,2025-06-10 12:10:26,15,6,Invierno
104863,LORATADINA 10MG COM CJAX100UND,PERUFARMA GENERICO,0.0,10.0,2.0,2025-06-10 13:13:01,16,6,Invierno
104863,LORATADINA 10MG COM CJAX100UND,PERUFARMA GENERICO,0.0,10.0,2.0,2025-06-10 15:27:53,5,6,Invierno
104863,LORATADINA 10MG COM CJAX100UND,PERUFARMA GENERICO,0.0,10.0,2.0,2025-06-10 17:37:49,8,6,Invierno
104863,LORATADINA 10MG COM CJAX100UND,PERUFARMA GENERICO,0.0,10.0,2.0,2025-06-10 18:55:18,5,6,Invierno
104863,LORATADINA 10MG COM CJAX100UND,PERUFARMA GENERICO,0.0,5.0,0.95,2025-06-11 00:37:54,15,6,Invierno
104863,LORATADINA 10MG COM CJAX100UND,PERUFARMA GENERICO,0.0,10.0,2.0,2025-06-11 09:24:32,8,6,Invierno
104863,LORATADINA 10MG COM CJAX100UND,PERUFARMA GENERICO,0.0,10.0,2.0,2025-06-11 11:04:57,3,6,Invierno
104863,LORATADINA 10MG COM CJAX100UND,PERUFARMA GENERICO,0.0,5.0,1.0,2025-06-11 18:57:58,12,6,Invierno
104863,LORATADINA 10MG COM CJAX100UND,PERUFARMA GENERICO,0.0,10.0,2.0,2025-06-11 20:55:39,12,6,Invierno
104863,LORATADINA 10MG COM CJAX100UND,PERUFARMA GENERICO,0.0,10.0,2.0,2025-06-12 18:35:53,14,6,Invierno
104863,LORATADINA 10MG COM CJAX100UND,PERUFARMA GENERICO,0.0,10.0,2.0,2025-06-12 20:05:23,8,6,Invierno
104863,LORATADINA 10MG COM CJAX100UND,PERUFARMA GENERICO,0.0,10.0,2.0,2025-06-12 20:55:22,5,6,Invierno
104863,LORATADINA 10MG COM CJAX100UND,PERUFARMA GENERICO,0.0,10.0,2.0,2025-06-13 20:06:54,1,6,Invierno
104863,LORATADINA 10MG COM CJAX100UND,PERUFARMA GENERICO,0.0,10.0,2.0,2025-06-14 08:16:52,5,6,Invierno
104863,LORATADINA 10MG COM CJAX100UND,PERUFARMA GENERICO,0.0,10.0,2.0,2025-06-15 16:00:07,7,6,Invierno
104863,LORATADINA 10MG COM CJAX100UND,PERUFARMA GENERICO,0.0,29.0,5.8,2025-06-15 19:09:43,6,6,Invierno
104863,LORATADINA 10MG COM CJAX100UND,PERUFARMA GENERICO,0.0,10.0,2.0,2025-06-15 20:16:22,5,6,Invierno
104863,LORATADINA 10MG COM CJAX100UND,PERUFARMA GENERICO,0.0,10.0,2.0,2025-06-16 10:30:04,4,6,Invierno
104863,LORATADINA 10MG COM CJAX100UND,PERUFARMA GENERICO,0.0,20.0,3.8,2025-06-16 12:04:36,14,6,Invierno
104863,LORATADINA 10MG COM CJAX100UND,PERUFARMA GENERICO,0.0,10.0,2.0,2025-06-16 12:22:30,4,6,Invierno
104863,LORATADINA 10MG COM CJAX100UND,PERUFARMA GENERICO,0.0,10.0,2.0,2025-06-16 14:51:19,14,6,Invierno
104863,LORATADINA 10MG COM CJAX100UND,PERUFARMA GENERICO,0.0,10.0,2.0,2025-06-17 16:11:24,13,6,Invierno
104863,LORATADINA 10MG COM CJAX100UND,PERUFARMA GENERICO,0.0,20.0,4.0,2025-06-17 17:28:40,8,6,Invierno
104863,LORATADINA 10MG COM CJAX100UND,PERUFARMA GENERICO,0.0,10.0,2.0,2025-06-17 17:29:11,1,6,Invierno
104863,LORATADINA 10MG COM CJAX100UND,PERUFARMA GENERICO,0.0,10.0,2.0,2025-06-17 19:45:33,15,6,Invierno
104863,LORATADINA 10MG COM CJAX100UND,PERUFARMA GENERICO,0.0,5.0,1.0,2025-06-17 19:54:11,13,6,Invierno
104863,LORATADINA 10MG COM CJAX100UND,PERUFARMA GENERICO,0.0,10.0,2.0,2025-06-17 22:09:07,7,6,Invierno
104863,LORATADINA 10MG COM CJAX100UND,PERUFARMA GENERICO,0.0,5.0,1.0,2025-06-18 09:36:52,1,6,Invierno
104863,LORATADINA 10MG COM CJAX100UND,PERUFARMA GENERICO,0.0,10.0,2.0,2025-06-18 12:50:40,5,6,Invierno
104863,LORATADINA 10MG COM CJAX100UND,PERUFARMA GENERICO,0.0,5.0,1.0,2025-06-18 16:13:09,12,6,Invierno
104863,LORATADINA 10MG COM CJAX100UND,PERUFARMA GENERICO,0.0,5.0,1.0,2025-06-18 17:24:04,4,6,Invierno
104863,LORATADINA 10MG COM CJAX100UND,PERUFARMA GENERICO,0.0,10.0,2.0,2025-06-18 20:38:06,1,6,Invierno
104863,LORATADINA 10MG COM CJAX100UND,PERUFARMA GENERICO,0.0,2.0,0.38,2025-06-18 22:37:48,12,6,Invierno
104863,LORATADINA 10MG COM CJAX100UND,PERUFARMA GENERICO,0.0,10.0,2.0,2025-06-19 14:00:43,3,6,Invierno
104863,LORATADINA 10MG COM CJAX100UND,PERUFARMA GENERICO,0.0,20.0,4.0,2025-06-19 14:51:35,4,6,Invierno
104863,LORATADINA 10MG COM CJAX100UND,PERUFARMA GENERICO,0.0,10.0,2.0,2025-06-19 17:49:43,1,6,Invierno
104863,LORATADINA 10MG COM CJAX100UND,PERUFARMA GENERICO,0.0,30.0,6.0,2025-06-20 13:54:26,1,6,Invierno
104863,LORATADINA 10MG COM CJAX100UND,PERUFARMA GENERICO,0.0,5.0,1.0,2025-06-20 17:20:18,1,6,Invierno
104863,LORATADINA 10MG COM CJAX100UND,PERUFARMA GENERICO,0.0,5.0,1.0,2025-06-20 18:37:45,1,6,Invierno
104863,LORATADINA 10MG COM CJAX100UND,PERUFARMA GENERICO,0.0,10.0,2.0,2025-06-20 22:52:32,15,6,Invierno
104863,LORATADINA 10MG COM CJAX100UND,PERUFARMA GENERICO,0.0,10.0,2.0,2025-06-21 12:34:31,4,6,Invierno
104863,LORATADINA 10MG COM CJAX100UND,PERUFARMA GENERICO,0.0,10.0,2.0,2025-06-21 20:24:46,5,6,Invierno
104863,LORATADINA 10MG COM CJAX100UND,PERUFARMA GENERICO,0.0,10.0,2.0,2025-06-22 14:22:25,15,6,Invierno
104863,LORATADINA 10MG COM CJAX100UND,PERUFARMA GENERICO,0.0,10.0,2.0,2025-06-22 16:30:03,1,6,Invierno
104863,LORATADINA 10MG COM CJAX100UND,PERUFARMA GENERICO,0.0,20.0,4.0,2025-06-22 19:52:38,1,6,Invierno
104863,LORATADINA 10MG COM CJAX100UND,PERUFARMA GENERICO,0.0,10.0,2.0,2025-06-22 21:07:45,5,6,Invierno
104863,LORATADINA 10MG COM CJAX100UND,PERUFARMA GENERICO,0.0,1.0,0.2,2025-06-23 16:04:23,5,6,Invierno
104863,LORATADINA 10MG COM CJAX100UND,PERUFARMA GENERICO,0.0,10.0,1.9,2025-06-23 17:33:25,14,6,Invierno
104863,LORATADINA 10MG COM CJAX100UND,PERUFARMA GENERICO,0.0,10.0,2.0,2025-06-23 22:16:06,5,6,Invierno
104863,LORATADINA 10MG COM CJAX100UND,PERUFARMA GENERICO,0.0,10.0,2.0,2025-06-24 13:31:10,7,6,Invierno
104863,LORATADINA 10MG COM CJAX100UND,PERUFARMA GENERICO,0.0,10.0,2.0,2025-06-24 14:46:10,3,6,Invierno
104863,LORATADINA 10MG COM CJAX100UND,PERUFARMA GENERICO,0.0,10.0,2.0,2025-06-24 17:25:30,12,6,Invierno
104863,LORATADINA 10MG COM CJAX100UND,PERUFARMA GENERICO,0.0,10.0,2.0,2025-06-24 18:29:03,15,6,Invierno
104863,LORATADINA 10MG COM CJAX100UND,PERUFARMA GENERICO,0.0,20.0,4.0,2025-06-26 09:34:14,11,6,Invierno
104863,LORATADINA 10MG COM CJAX100UND,PERUFARMA GENERICO,0.0,30.0,6.0,2025-06-26 16:21:39,15,6,Invierno
104863,LORATADINA 10MG COM CJAX100UND,PERUFARMA GENERICO,0.0,40.0,8.0,2025-06-26 17:47:41,1,6,Invierno
104863,LORATADINA 10MG COM CJAX100UND,PERUFARMA GENERICO,0.0,10.0,2.0,2025-06-26 22:48:22,4,6,Invierno
104863,LORATADINA 10MG COM CJAX100UND,PERUFARMA GENERICO,0.0,10.0,2.0,2025-06-27 09:16:36,3,6,Invierno
104863,LORATADINA 10MG COM CJAX100UND,PERUFARMA GENERICO,0.0,14.0,2.8,2025-06-27 10:18:44,15,6,Invierno
104863,LORATADINA 10MG COM CJAX100UND,PERUFARMA GENERICO,0.0,10.0,1.9,2025-06-27 12:07:05,12,6,Invierno
104863,LORATADINA 10MG COM CJAX100UND,PERUFARMA GENERICO,0.0,10.0,2.0,2025-06-27 12:49:53,14,6,Invierno
104863,LORATADINA 10MG COM CJAX100UND,PERUFARMA GENERICO,0.0,10.0,2.0,2025-06-27 17:29:39,2,6,Invierno
104863,LORATADINA 10MG COM CJAX100UND,PERUFARMA GENERICO,0.0,10.0,2.0,2025-06-28 09:44:49,3,6,Invierno
104863,LORATADINA 10MG COM CJAX100UND,PERUFARMA GENERICO,0.0,10.0,2.0,2025-06-28 14:30:11,16,6,Invierno
104863,LORATADINA 10MG COM CJAX100UND,PERUFARMA GENERICO,0.0,10.0,2.0,2025-06-28 17:21:40,5,6,Invierno
104863,LORATADINA 10MG COM CJAX100UND,PERUFARMA GENERICO,0.0,10.0,2.0,2025-06-28 20:36:37,3,6,Invierno
104863,LORATADINA 10MG COM CJAX100UND,PERUFARMA GENERICO,0.0,10.0,1.9,2025-06-28 21:13:55,8,6,Invierno
104863,LORATADINA 10MG COM CJAX100UND,PERUFARMA GENERICO,0.0,10.0,2.0,2025-06-28 21:41:59,7,6,Invierno
104863,LORATADINA 10MG COM CJAX100UND,PERUFARMA GENERICO,0.0,10.0,2.0,2025-06-28 23:04:10,10,6,Invierno
104863,LORATADINA 10MG COM CJAX100UND,PERUFARMA GENERICO,0.0,30.0,6.0,2025-06-30 09:02:59,6,6,Invierno
104863,LORATADINA 10MG COM CJAX100UND,PERUFARMA GENERICO,0.0,10.0,2.0,2025-06-30 09:33:04,3,6,Invierno
104863,LORATADINA 10MG COM CJAX100UND,PERUFARMA GENERICO,0.0,10.0,2.0,2025-06-30 13:52:28,10,6,Invierno
104863,LORATADINA 10MG COM CJAX100UND,PERUFARMA GENERICO,0.0,20.0,4.0,2025-06-30 21:11:59,1,6,Invierno
104863,LORATADINA 10MG COM CJAX100UND,PERUFARMA GENERICO,0.0,10.0,2.0,2025-07-01 16:55:12,10,7,Invierno
104863,LORATADINA 10MG COM CJAX100UND,PERUFARMA GENERICO,0.0,20.0,4.0,2025-07-01 18:24:09,5,7,Invierno
104863,LORATADINA 10MG COM CJAX100UND,PERUFARMA GENERICO,0.0,10.0,2.0,2025-07-01 23:01:55,10,7,Invierno
104863,LORATADINA 10MG COM CJAX100UND,PERUFARMA GENERICO,0.0,10.0,2.0,2025-07-01 23:06:12,5,7,Invierno
104863,LORATADINA 10MG COM CJAX100UND,PERUFARMA GENERICO,0.0,10.0,2.0,2025-07-02 09:30:51,11,7,Invierno
104863,LORATADINA 10MG COM CJAX100UND,PERUFARMA GENERICO,0.0,10.0,2.0,2025-07-02 10:55:19,5,7,Invierno
104863,LORATADINA 10MG COM CJAX100UND,PERUFARMA GENERICO,0.0,20.0,4.0,2025-07-02 14:15:29,5,7,Invierno
104863,LORATADINA 10MG COM CJAX100UND,PERUFARMA GENERICO,0.0,2.0,0.4,2025-07-02 14:37:12,14,7,Invierno
104863,LORATADINA 10MG COM CJAX100UND,PERUFARMA GENERICO,0.0,10.0,2.0,2025-07-02 14:56:42,10,7,Invierno
104863,LORATADINA 10MG COM CJAX100UND,PERUFARMA GENERICO,0.0,10.0,2.0,2025-07-02 18:56:15,11,7,Invierno
104863,LORATADINA 10MG COM CJAX100UND,PERUFARMA GENERICO,0.0,10.0,2.0,2025-07-02 19:38:38,10,7,Invierno
104863,LORATADINA 10MG COM CJAX100UND,PERUFARMA GENERICO,0.0,10.0,2.0,2025-07-02 20:40:10,9,7,Invierno
104863,LORATADINA 10MG COM CJAX100UND,PERUFARMA GENERICO,0.0,10.0,2.0,2025-07-02 21:15:29,1,7,Invierno
104863,LORATADINA 10MG COM CJAX100UND,PERUFARMA GENERICO,0.0,10.0,2.0,2025-07-03 14:10:44,10,7,Invierno
104863,LORATADINA 10MG COM CJAX100UND,PERUFARMA GENERICO,0.0,5.0,1.0,2025-07-03 16:53:00,2,7,Invierno
104863,LORATADINA 10MG COM CJAX100UND,PERUFARMA GENERICO,0.0,10.0,2.0,2025-07-03 18:58:27,3,7,Invierno
104863,LORATADINA 10MG COM CJAX100UND,PERUFARMA GENERICO,0.0,10.0,2.0,2025-07-03 20:11:32,10,7,Invierno
104863,LORATADINA 10MG COM CJAX100UND,PERUFARMA GENERICO,0.0,10.0,2.0,2025-07-04 09:26:46,2,7,Invierno
104863,LORATADINA 10MG COM CJAX100UND,PERUFARMA GENERICO,0.0,10.0,2.0,2025-07-04 15:26:18,1,7,Invierno
104863,LORATADINA 10MG COM CJAX100UND,PERUFARMA GENERICO,0.0,10.0,2.0,2025-07-04 17:08:19,1,7,Invierno
104863,LORATADINA 10MG COM CJAX100UND,PERUFARMA GENERICO,0.0,-10.0,-2.0,2025-07-04 17:11:52,1,7,Invierno
104863,LORATADINA 10MG COM CJAX100UND,PERUFARMA GENERICO,0.0,10.0,2.0,2025-07-04 17:12:52,1,7,Invierno
104863,LORATADINA 10MG COM CJAX100UND,PERUFARMA GENERICO,0.0,8.0,1.6,2025-07-04 18:09:24,4,7,Invierno
104863,LORATADINA 10MG COM CJAX100UND,PERUFARMA GENERICO,0.0,10.0,2.0,2025-07-04 20:15:51,6,7,Invierno
104863,LORATADINA 10MG COM CJAX100UND,PERUFARMA GENERICO,0.0,-8.0,-1.6,2025-07-04 23:15:06,4,7,Invierno
104863,LORATADINA 10MG COM CJAX100UND,PERUFARMA GENERICO,0.0,10.0,2.0,2025-07-05 12:51:06,9,7,Invierno
104863,LORATADINA 10MG COM CJAX100UND,PERUFARMA GENERICO,0.0,10.0,2.0,2025-07-05 13:30:31,2,7,Invierno
104863,LORATADINA 10MG COM CJAX100UND,PERUFARMA GENERICO,0.0,10.0,2.0,2025-07-05 15:54:54,9,7,Invierno
104863,LORATADINA 10MG COM CJAX100UND,PERUFARMA GENERICO,0.0,10.0,2.0,2025-07-05 18:49:38,15,7,Invierno
104863,LORATADINA 10MG COM CJAX100UND,PERUFARMA GENERICO,0.0,10.0,2.0,2025-07-05 22:49:13,4,7,Invierno
104863,LORATADINA 10MG COM CJAX100UND,PERUFARMA GENERICO,0.0,20.0,4.0,2025-07-06 09:45:01,6,7,Invierno
104863,LORATADINA 10MG COM CJAX100UND,PERUFARMA GENERICO,0.0,10.0,2.0,2025-07-06 12:59:29,1,7,Invierno
104863,LORATADINA 10MG COM CJAX100UND,PERUFARMA GENERICO,0.0,10.0,2.0,2025-07-06 15:57:09,3,7,Invierno
104863,LORATADINA 10MG COM CJAX100UND,PERUFARMA GENERICO,0.0,20.0,3.8,2025-07-06 19:11:45,14,7,Invierno
104863,LORATADINA 10MG COM CJAX100UND,PERUFARMA GENERICO,0.0,10.0,2.0,2025-07-06 21:23:51,1,7,Invierno
104863,LORATADINA 10MG COM CJAX100UND,PERUFARMA GENERICO,0.0,10.0,2.0,2025-07-06 21:39:15,7,7,Invierno
104863,LORATADINA 10MG COM CJAX100UND,PERUFARMA GENERICO,0.0,10.0,2.0,2025-07-07 09:34:22,6,7,Invierno
104863,LORATADINA 10MG COM CJAX100UND,PERUFARMA GENERICO,0.0,5.0,1.0,2025-07-08 11:37:16,14,7,Invierno
104863,LORATADINA 10MG COM CJAX100UND,PERUFARMA GENERICO,0.0,10.0,2.0,2025-07-08 12:16:33,9,7,Invierno
104863,LORATADINA 10MG COM CJAX100UND,PERUFARMA GENERICO,0.0,10.0,2.0,2025-07-08 20:42:21,9,7,Invierno
104863,LORATADINA 10MG COM CJAX100UND,PERUFARMA GENERICO,0.0,10.0,2.0,2025-07-08 21:28:48,10,7,Invierno
104863,LORATADINA 10MG COM CJAX100UND,PERUFARMA GENERICO,0.0,10.0,2.0,2025-07-08 21:32:35,2,7,Invierno
104863,LORATADINA 10MG COM CJAX100UND,PERUFARMA GENERICO,0.0,20.0,4.0,2025-07-09 09:29:04,12,7,Invierno
104863,LORATADINA 10MG COM CJAX100UND,PERUFARMA GENERICO,0.0,10.0,2.0,2025-07-09 10:40:33,6,7,Invierno
104863,LORATADINA 10MG COM CJAX100UND,PERUFARMA GENERICO,0.0,5.0,1.0,2025-07-09 20:18:00,12,7,Invierno
104863,LORATADINA 10MG COM CJAX100UND,PERUFARMA GENERICO,0.0,30.0,6.0,2025-07-09 21:40:59,11,7,Invierno
104863,LORATADINA 10MG COM CJAX100UND,PERUFARMA GENERICO,0.0,10.0,2.0,2025-07-09 22:40:43,12,7,Invierno
104863,LORATADINA 10MG COM CJAX100UND,PERUFARMA GENERICO,0.0,10.0,2.0,2025-07-10 08:49:23,11,7,Invierno
104863,LORATADINA 10MG COM CJAX100UND,PERUFARMA GENERICO,0.0,20.0,4.0,2025-07-10 09:51:41,10,7,Invierno
104863,LORATADINA 10MG COM CJAX100UND,PERUFARMA GENERICO,0.0,10.0,2.0,2025-07-10 11:45:08,14,7,Invierno
104863,LORATADINA 10MG COM CJAX100UND,PERUFARMA GENERICO,0.0,10.0,2.0,2025-07-10 13:12:07,12,7,Invierno
104863,LORATADINA 10MG COM CJAX100UND,PERUFARMA GENERICO,0.0,10.0,2.0,2025-07-10 14:29:09,1,7,Invierno
104863,LORATADINA 10MG COM CJAX100UND,PERUFARMA GENERICO,0.0,10.0,2.0,2025-07-10 16:25:53,2,7,Invierno
104863,LORATADINA 10MG COM CJAX100UND,PERUFARMA GENERICO,0.0,3.0,0.6,2025-07-10 18:11:32,1,7,Invierno
104863,LORATADINA 10MG COM CJAX100UND,PERUFARMA GENERICO,0.0,10.0,2.0,2025-07-10 18:46:01,16,7,Invierno
104863,LORATADINA 10MG COM CJAX100UND,PERUFARMA GENERICO,0.0,10.0,2.0,2025-07-10 20:51:08,3,7,Invierno
104863,LORATADINA 10MG COM CJAX100UND,PERUFARMA GENERICO,0.0,20.0,4.0,2025-07-10 21:07:28,2,7,Invierno
104863,LORATADINA 10MG COM CJAX100UND,PERUFARMA GENERICO,0.0,10.0,2.0,2025-07-11 07:35:50,6,7,Invierno
104863,LORATADINA 10MG COM CJAX100UND,PERUFARMA GENERICO,0.0,10.0,2.0,2025-07-11 11:36:51,14,7,Invierno
104863,LORATADINA 10MG COM CJAX100UND,PERUFARMA GENERICO,0.0,10.0,2.0,2025-07-11 13:24:47,12,7,Invierno
104863,LORATADINA 10MG COM CJAX100UND,PERUFARMA GENERICO,0.0,10.0,2.0,2025-07-11 17:48:39,8,7,Invierno
104863,LORATADINA 10MG COM CJAX100UND,PERUFARMA GENERICO,0.0,4.0,0.8,2025-07-11 18:10:59,1,7,Invierno
104863,LORATADINA 10MG COM CJAX100UND,PERUFARMA GENERICO,0.0,10.0,2.0,2025-07-11 21:10:16,9,7,Invierno
104863,LORATADINA 10MG COM CJAX100UND,PERUFARMA GENERICO,0.0,10.0,2.0,2025-07-12 11:10:31,11,7,Invierno
104863,LORATADINA 10MG COM CJAX100UND,PERUFARMA GENERICO,0.0,10.0,2.0,2025-07-12 16:35:50,7,7,Invierno
104863,LORATADINA 10MG COM CJAX100UND,PERUFARMA GENERICO,0.0,10.0,2.0,2025-07-12 19:04:55,14,7,Invierno
104863,LORATADINA 10MG COM CJAX100UND,PERUFARMA GENERICO,0.0,10.0,2.0,2025-07-12 19:13:32,8,7,Invierno
104863,LORATADINA 10MG COM CJAX100UND,PERUFARMA GENERICO,0.0,10.0,2.0,2025-07-12 21:27:10,1,7,Invierno
104863,LORATADINA 10MG COM CJAX100UND,PERUFARMA GENERICO,0.0,6.0,1.2,2025-07-13 11:13:38,15,7,Invierno
104863,LORATADINA 10MG COM CJAX100UND,PERUFARMA GENERICO,0.0,10.0,2.0,2025-07-13 13:19:35,15,7,Invierno
104863,LORATADINA 10MG COM CJAX100UND,PERUFARMA GENERICO,0.0,10.0,2.0,2025-07-13 14:07:40,10,7,Invierno
104863,LORATADINA 10MG COM CJAX100UND,PERUFARMA GENERICO,0.0,10.0,2.0,2025-07-13 16:18:07,11,7,Invierno
104863,LORATADINA 10MG COM CJAX100UND,PERUFARMA GENERICO,0.0,10.0,2.0,2025-07-13 17:06:42,3,7,Invierno
104863,LORATADINA 10MG COM CJAX100UND,PERUFARMA GENERICO,0.0,10.0,2.0,2025-07-13 19:12:24,12,7,Invierno
104863,LORATADINA 10MG COM CJAX100UND,PERUFARMA GENERICO,0.0,10.0,2.0,2025-07-13 20:23:45,8,7,Invierno
104863,LORATADINA 10MG COM CJAX100UND,PERUFARMA GENERICO,0.0,10.0,2.0,2025-07-14 11:00:02,3,7,Invierno
104863,LORATADINA 10MG COM CJAX100UND,PERUFARMA GENERICO,0.0,10.0,2.0,2025-07-14 12:39:44,2,7,Invierno
104863,LORATADINA 10MG COM CJAX100UND,PERUFARMA GENERICO,0.0,10.0,2.0,2025-07-14 15:48:40,9,7,Invierno
104863,LORATADINA 10MG COM CJAX100UND,PERUFARMA GENERICO,0.0,10.0,2.0,2025-07-14 15:51:14,3,7,Invierno
104863,LORATADINA 10MG COM CJAX100UND,PERUFARMA GENERICO,0.0,10.0,1.9,2025-07-14 15:52:54,3,7,Invierno
104863,LORATADINA 10MG COM CJAX100UND,PERUFARMA GENERICO,0.0,10.0,2.0,2025-07-14 18:14:45,2,7,Invierno
104863,LORATADINA 10MG COM CJAX100UND,PERUFARMA GENERICO,0.0,10.0,2.0,2025-07-14 20:04:25,1,7,Invierno
104863,LORATADINA 10MG COM CJAX100UND,PERUFARMA GENERICO,0.0,10.0,2.0,2025-07-15 11:24:43,3,7,Invierno
104863,LORATADINA 10MG COM CJAX100UND,PERUFARMA GENERICO,0.0,10.0,2.0,2025-07-15 19:48:12,10,7,Invierno
104863,LORATADINA 10MG COM CJAX100UND,PERUFARMA GENERICO,0.0,10.0,2.0,2025-07-15 21:36:09,1,7,Invierno
104863,LORATADINA 10MG COM CJAX100UND,PERUFARMA GENERICO,0.0,3.0,0.6,2025-07-15 22:05:31,12,7,Invierno
104863,LORATADINA 10MG COM CJAX100UND,PERUFARMA GENERICO,0.0,10.0,2.0,2025-07-16 18:11:27,4,7,Invierno
104863,LORATADINA 10MG COM CJAX100UND,PERUFARMA GENERICO,0.0,10.0,2.0,2025-07-16 19:02:00,1,7,Invierno
104863,LORATADINA 10MG COM CJAX100UND,PERUFARMA GENERICO,0.0,10.0,2.0,2025-07-16 20:04:42,2,7,Invierno
104863,LORATADINA 10MG COM CJAX100UND,PERUFARMA GENERICO,0.0,10.0,2.0,2025-07-17 14:01:23,10,7,Invierno
104863,LORATADINA 10MG COM CJAX100UND,PERUFARMA GENERICO,0.0,10.0,2.0,2025-07-17 19:06:39,10,7,Invierno
104863,LORATADINA 10MG COM CJAX100UND,PERUFARMA GENERICO,0.0,10.0,2.0,2025-07-17 19:34:07,15,7,Invierno
104863,LORATADINA 10MG COM CJAX100UND,PERUFARMA GENERICO,0.0,10.0,2.0,2025-07-17 19:45:53,11,7,Invierno
104863,LORATADINA 10MG COM CJAX100UND,PERUFARMA GENERICO,0.0,10.0,2.0,2025-07-17 20:31:18,9,7,Invierno
104863,LORATADINA 10MG COM CJAX100UND,PERUFARMA GENERICO,0.0,10.0,2.0,2025-07-17 20:39:41,9,7,Invierno
104863,LORATADINA 10MG COM CJAX100UND,PERUFARMA GENERICO,0.0,10.0,2.0,2025-07-18 12:20:41,1,7,Invierno
104863,LORATADINA 10MG COM CJAX100UND,PERUFARMA GENERICO,0.0,30.0,6.0,2025-07-18 13:04:19,1,7,Invierno
104863,LORATADINA 10MG COM CJAX100UND,PERUFARMA GENERICO,0.0,-30.0,-6.0,2025-07-18 13:35:23,1,7,Invierno
104863,LORATADINA 10MG COM CJAX100UND,PERUFARMA GENERICO,0.0,30.0,6.0,2025-07-18 13:37:09,1,7,Invierno
104863,LORATADINA 10MG COM CJAX100UND,PERUFARMA GENERICO,0.0,10.0,2.0,2025-07-18 15:02:30,2,7,Invierno
104863,LORATADINA 10MG COM CJAX100UND,PERUFARMA GENERICO,0.0,20.0,4.0,2025-07-18 20:28:13,6,7,Invierno
104863,LORATADINA 10MG COM CJAX100UND,PERUFARMA GENERICO,0.0,20.0,4.0,2025-07-18 20:28:41,12,7,Invierno
104863,LORATADINA 10MG COM CJAX100UND,PERUFARMA GENERICO,0.0,20.0,4.0,2025-07-19 12:13:39,6,7,Invierno
104863,LORATADINA 10MG COM CJAX100UND,PERUFARMA GENERICO,0.0,10.0,2.0,2025-07-19 12:51:03,15,7,Invierno
104863,LORATADINA 10MG COM CJAX100UND,PERUFARMA GENERICO,0.0,20.0,4.0,2025-07-19 16:24:54,1,7,Invierno
104863,LORATADINA 10MG COM CJAX100UND,PERUFARMA GENERICO,0.0,10.0,2.0,2025-07-19 16:50:57,9,7,Invierno
104863,LORATADINA 10MG COM CJAX100UND,PERUFARMA GENERICO,0.0,4.0,0.72,2025-07-19 19:17:35,6,7,Invierno
104863,LORATADINA 10MG COM CJAX100UND,PERUFARMA GENERICO,0.0,10.0,2.0,2025-07-19 21:43:53,15,7,Invierno
104863,LORATADINA 10MG COM CJAX100UND,PERUFARMA GENERICO,0.0,-10.0,-2.0,2025-07-19 21:53:47,15,7,Invierno
104863,LORATADINA 10MG COM CJAX100UND,PERUFARMA GENERICO,0.0,10.0,2.0,2025-07-19 21:54:23,15,7,Invierno
104863,LORATADINA 10MG COM CJAX100UND,PERUFARMA GENERICO,0.0,20.0,4.0,2025-07-20 15:54:11,15,7,Invierno
104863,LORATADINA 10MG COM CJAX100UND,PERUFARMA GENERICO,0.0,10.0,2.0,2025-07-20 17:50:03,11,7,Invierno
104863,LORATADINA 10MG COM CJAX100UND,PERUFARMA GENERICO,0.0,4.0,0.8,2025-07-20 18:47:34,12,7,Invierno
104863,LORATADINA 10MG COM CJAX100UND,PERUFARMA GENERICO,0.0,10.0,2.0,2025-07-20 19:52:21,2,7,Invierno
104863,LORATADINA 10MG COM CJAX100UND,PERUFARMA GENERICO,0.0,10.0,2.0,2025-07-20 21:07:51,1,7,Invierno
104863,LORATADINA 10MG COM CJAX100UND,PERUFARMA GENERICO,0.0,10.0,2.0,2025-07-21 11:35:51,6,7,Invierno
104863,LORATADINA 10MG COM CJAX100UND,PERUFARMA GENERICO,0.0,30.0,6.0,2025-07-21 16:11:04,1,7,Invierno
104863,LORATADINA 10MG COM CJAX100UND,PERUFARMA GENERICO,2.0,0.0,31.2,2025-07-21 19:37:04,16,7,Invierno
104863,LORATADINA 10MG COM CJAX100UND,PERUFARMA GENERICO,0.0,10.0,2.0,2025-07-21 21:40:55,16,7,Invierno
104863,LORATADINA 10MG COM CJAX100UND,PERUFARMA GENERICO,0.0,7.0,1.4,2025-07-22 12:36:09,12,7,Invierno
104863,LORATADINA 10MG COM CJAX100UND,PERUFARMA GENERICO,0.0,10.0,2.0,2025-07-22 19:34:03,1,7,Invierno
104863,LORATADINA 10MG COM CJAX100UND,PERUFARMA GENERICO,0.0,10.0,2.0,2025-07-22 20:04:28,15,7,Invierno
104863,LORATADINA 10MG COM CJAX100UND,PERUFARMA GENERICO,2.0,0.0,31.2,2025-07-22 20:30:55,16,7,Invierno
104863,LORATADINA 10MG COM CJAX100UND,PERUFARMA GENERICO,0.0,10.0,2.0,2025-07-23 08:56:58,9,7,Invierno
104863,LORATADINA 10MG COM CJAX100UND,PERUFARMA GENERICO,0.0,20.0,4.0,2025-07-23 12:23:36,14,7,Invierno
104863,LORATADINA 10MG COM CJAX100UND,PERUFARMA GENERICO,0.0,10.0,2.0,2025-07-23 21:12:39,13,7,Invierno
104863,LORATADINA 10MG COM CJAX100UND,PERUFARMA GENERICO,0.0,10.0,2.0,2025-07-25 08:54:36,3,7,Invierno
104863,LORATADINA 10MG COM CJAX100UND,PERUFARMA GENERICO,0.0,12.0,2.4,2025-07-25 09:44:41,6,7,Invierno
104863,LORATADINA 10MG COM CJAX100UND,PERUFARMA GENERICO,0.0,10.0,2.0,2025-07-25 11:42:59,2,7,Invierno
104863,LORATADINA 10MG COM CJAX100UND,PERUFARMA GENERICO,0.0,14.0,2.8,2025-07-25 14:43:58,10,7,Invierno
104863,LORATADINA 10MG COM CJAX100UND,PERUFARMA GENERICO,0.0,10.0,2.0,2025-07-25 17:22:02,12,7,Invierno
104863,LORATADINA 10MG COM CJAX100UND,PERUFARMA GENERICO,0.0,10.0,2.0,2025-07-25 18:55:07,3,7,Invierno
104863,LORATADINA 10MG COM CJAX100UND,PERUFARMA GENERICO,0.0,8.0,1.6,2025-07-25 22:09:12,1,7,Invierno
104863,LORATADINA 10MG COM CJAX100UND,PERUFARMA GENERICO,0.0,10.0,2.0,2025-07-25 22:54:20,4,7,Invierno
104863,LORATADINA 10MG COM CJAX100UND,PERUFARMA GENERICO,0.0,10.0,2.0,2025-07-26 10:28:09,2,7,Invierno
104863,LORATADINA 10MG COM CJAX100UND,PERUFARMA GENERICO,0.0,10.0,2.0,2025-07-26 13:03:33,9,7,Invierno
104863,LORATADINA 10MG COM CJAX100UND,PERUFARMA GENERICO,0.0,10.0,2.0,2025-07-26 19:00:14,9,7,Invierno
104863,LORATADINA 10MG COM CJAX100UND,PERUFARMA GENERICO,0.0,5.0,1.0,2025-07-26 23:41:23,4,7,Invierno
104863,LORATADINA 10MG COM CJAX100UND,PERUFARMA GENERICO,0.0,10.0,2.0,2025-07-27 10:07:24,14,7,Invierno
104863,LORATADINA 10MG COM CJAX100UND,PERUFARMA GENERICO,0.0,10.0,2.0,2025-07-27 15:30:31,15,7,Invierno
104863,LORATADINA 10MG COM CJAX100UND,PERUFARMA GENERICO,0.0,10.0,2.0,2025-07-27 15:59:59,16,7,Invierno
104863,LORATADINA 10MG COM CJAX100UND,PERUFARMA GENERICO,0.0,10.0,2.0,2025-07-28 11:20:00,13,7,Invierno
104863,LORATADINA 10MG COM CJAX100UND,PERUFARMA GENERICO,0.0,10.0,2.0,2025-07-28 18:59:12,15,7,Invierno
104863,LORATADINA 10MG COM CJAX100UND,PERUFARMA GENERICO,0.0,10.0,2.0,2025-07-28 21:50:53,10,7,Invierno
104863,LORATADINA 10MG COM CJAX100UND,PERUFARMA GENERICO,0.0,10.0,2.0,2025-07-29 12:11:25,12,7,Invierno
104863,LORATADINA 10MG COM CJAX100UND,PERUFARMA GENERICO,0.0,10.0,2.0,2025-07-29 12:11:40,6,7,Invierno
104863,LORATADINA 10MG COM CJAX100UND,PERUFARMA GENERICO,0.0,10.0,2.0,2025-07-29 19:28:25,9,7,Invierno
104863,LORATADINA 10MG COM CJAX100UND,PERUFARMA GENERICO,0.0,10.0,2.0,2025-07-29 19:58:16,9,7,Invierno
104863,LORATADINA 10MG COM CJAX100UND,PERUFARMA GENERICO,0.0,10.0,2.0,2025-07-30 10:51:06,3,7,Invierno
104863,LORATADINA 10MG COM CJAX100UND,PERUFARMA GENERICO,0.0,10.0,2.0,2025-07-30 11:07:54,6,7,Invierno
104863,LORATADINA 10MG COM CJAX100UND,PERUFARMA GENERICO,0.0,10.0,2.0,2025-07-30 11:07:59,7,7,Invierno
104863,LORATADINA 10MG COM CJAX100UND,PERUFARMA GENERICO,0.0,10.0,2.0,2025-07-30 14:50:54,6,7,Invierno
104863,LORATADINA 10MG COM CJAX100UND,PERUFARMA GENERICO,0.0,20.0,4.0,2025-07-30 20:15:21,10,7,Invierno
104863,LORATADINA 10MG COM CJAX100UND,PERUFARMA GENERICO,0.0,10.0,2.0,2025-07-31 10:42:27,12,7,Invierno
104863,LORATADINA 10MG COM CJAX100UND,PERUFARMA GENERICO,0.0,10.0,2.0,2025-07-31 14:18:58,8,7,Invierno
104863,LORATADINA 10MG COM CJAX100UND,PERUFARMA GENERICO,0.0,10.0,2.0,2025-07-31 15:02:27,2,7,Invierno
104863,LORATADINA 10MG COM CJAX100UND,PERUFARMA GENERICO,0.0,10.0,2.0,2025-07-31 16:01:30,13,7,Invierno
104863,LORATADINA 10MG COM CJAX100UND,PERUFARMA GENERICO,0.0,10.0,2.0,2025-07-31 17:18:30,2,7,Invierno
104863,LORATADINA 10MG COM CJAX100UND,PERUFARMA GENERICO,0.0,10.0,2.0,2025-07-31 18:10:14,6,7,Invierno
104863,LORATADINA 10MG COM CJAX100UND,PERUFARMA GENERICO,0.0,10.0,2.0,2025-07-31 22:24:50,15,7,Invierno
104863,LORATADINA 10MG COM CJAX100UND,PERUFARMA GENERICO,0.0,10.0,2.0,2025-08-01 11:46:24,3,8,Invierno
104863,LORATADINA 10MG COM CJAX100UND,PERUFARMA GENERICO,1.0,0.0,15.6,2025-08-01 11:59:04,2,8,Invierno
104863,LORATADINA 10MG COM CJAX100UND,PERUFARMA GENERICO,0.0,20.0,4.0,2025-08-01 15:24:15,9,8,Invierno
104863,LORATADINA 10MG COM CJAX100UND,PERUFARMA GENERICO,0.0,10.0,2.0,2025-08-01 16:49:21,9,8,Invierno
104863,LORATADINA 10MG COM CJAX100UND,PERUFARMA GENERICO,0.0,10.0,2.0,2025-08-01 19:48:45,15,8,Invierno
104863,LORATADINA 10MG COM CJAX100UND,PERUFARMA GENERICO,0.0,10.0,2.0,2025-08-01 21:16:15,11,8,Invierno
104863,LORATADINA 10MG COM CJAX100UND,PERUFARMA GENERICO,0.0,10.0,2.0,2025-08-02 12:18:40,6,8,Invierno
104863,LORATADINA 10MG COM CJAX100UND,PERUFARMA GENERICO,0.0,10.0,2.0,2025-08-02 14:04:28,14,8,Invierno
104863,LORATADINA 10MG COM CJAX100UND,PERUFARMA GENERICO,0.0,10.0,2.0,2025-08-02 15:39:07,6,8,Invierno
104863,LORATADINA 10MG COM CJAX100UND,PERUFARMA GENERICO,0.0,10.0,1.5,2025-08-02 22:39:18,12,8,Invierno
104863,LORATADINA 10MG COM CJAX100UND,PERUFARMA GENERICO,0.0,10.0,1.5,2025-08-03 09:40:20,3,8,Invierno
104863,LORATADINA 10MG COM CJAX100UND,PERUFARMA GENERICO,0.0,20.0,3.0,2025-08-03 09:49:07,11,8,Invierno
104863,LORATADINA 10MG COM CJAX100UND,PERUFARMA GENERICO,0.0,10.0,1.5,2025-08-03 14:35:01,3,8,Invierno
104863,LORATADINA 10MG COM CJAX100UND,PERUFARMA GENERICO,0.0,2.0,0.3,2025-08-03 15:25:32,5,8,Invierno
104863,LORATADINA 10MG COM CJAX100UND,PERUFARMA GENERICO,0.0,20.0,3.0,2025-08-03 20:59:12,12,8,Invierno
104863,LORATADINA 10MG COM CJAX100UND,PERUFARMA GENERICO,0.0,10.0,1.5,2025-08-04 10:14:46,8,8,Invierno
104863,LORATADINA 10MG COM CJAX100UND,PERUFARMA GENERICO,0.0,4.0,0.6,2025-08-04 18:43:18,12,8,Invierno
104863,LORATADINA 10MG COM CJAX100UND,PERUFARMA GENERICO,0.0,10.0,1.5,2025-08-05 18:37:04,9,8,Invierno
104863,LORATADINA 10MG COM CJAX100UND,PERUFARMA GENERICO,0.0,10.0,1.5,2025-08-06 10:42:50,6,8,Invierno
104863,LORATADINA 10MG COM CJAX100UND,PERUFARMA GENERICO,0.0,10.0,1.5,2025-08-06 11:50:52,9,8,Invierno
104863,LORATADINA 10MG COM CJAX100UND,PERUFARMA GENERICO,0.0,10.0,1.5,2025-08-06 19:57:37,7,8,Invierno
104863,LORATADINA 10MG COM CJAX100UND,PERUFARMA GENERICO,0.0,10.0,1.5,2025-08-06 20:26:12,14,8,Invierno
104863,LORATADINA 10MG COM CJAX100UND,PERUFARMA GENERICO,0.0,10.0,1.5,2025-08-07 07:06:02,6,8,Invierno
104863,LORATADINA 10MG COM CJAX100UND,PERUFARMA GENERICO,0.0,20.0,3.0,2025-08-07 10:58:25,8,8,Invierno
104863,LORATADINA 10MG COM CJAX100UND,PERUFARMA GENERICO,0.0,10.0,1.5,2025-08-07 18:22:51,2,8,Invierno
104863,LORATADINA 10MG COM CJAX100UND,PERUFARMA GENERICO,0.0,10.0,1.5,2025-08-08 19:49:36,2,8,Invierno
104863,LORATADINA 10MG COM CJAX100UND,PERUFARMA GENERICO,0.0,10.0,1.5,2025-08-08 20:27:21,6,8,Invierno
104863,LORATADINA 10MG COM CJAX100UND,PERUFARMA GENERICO,0.0,7.0,1.05,2025-08-08 21:33:15,2,8,Invierno
104863,LORATADINA 10MG COM CJAX100UND,PERUFARMA GENERICO,0.0,10.0,1.5,2025-08-09 10:53:20,10,8,Invierno
104863,LORATADINA 10MG COM CJAX100UND,PERUFARMA GENERICO,0.0,10.0,1.5,2025-08-09 15:48:48,10,8,Invierno
104863,LORATADINA 10MG COM CJAX100UND,PERUFARMA GENERICO,0.0,10.0,1.5,2025-08-09 21:20:59,15,8,Invierno
104863,LORATADINA 10MG COM CJAX100UND,PERUFARMA GENERICO,0.0,30.0,4.5,2025-08-09 21:30:34,12,8,Invierno
104863,LORATADINA 10MG COM CJAX100UND,PERUFARMA GENERICO,0.0,10.0,1.5,2025-08-10 10:48:56,6,8,Invierno
104863,LORATADINA 10MG COM CJAX100UND,PERUFARMA GENERICO,0.0,10.0,1.5,2025-08-10 11:51:11,6,8,Invierno
104863,LORATADINA 10MG COM CJAX100UND,PERUFARMA GENERICO,0.0,10.0,1.5,2025-08-10 14:37:18,5,8,Invierno
104863,LORATADINA 10MG COM CJAX100UND,PERUFARMA GENERICO,0.0,10.0,1.5,2025-08-10 14:53:55,7,8,Invierno
104863,LORATADINA 10MG COM CJAX100UND,PERUFARMA GENERICO,0.0,10.0,1.5,2025-08-10 21:16:13,7,8,Invierno
104863,LORATADINA 10MG COM CJAX100UND,PERUFARMA GENERICO,0.0,20.0,3.0,2025-08-11 08:57:18,12,8,Invierno
104863,LORATADINA 10MG COM CJAX100UND,PERUFARMA GENERICO,0.0,10.0,1.5,2025-08-11 19:14:43,10,8,Invierno
104863,LORATADINA 10MG COM CJAX100UND,PERUFARMA GENERICO,0.0,10.0,1.5,2025-08-11 19:45:23,10,8,Invierno
104863,LORATADINA 10MG COM CJAX100UND,PERUFARMA GENERICO,0.0,10.0,1.5,2025-08-12 09:47:36,14,8,Invierno
104863,LORATADINA 10MG COM CJAX100UND,PERUFARMA GENERICO,0.0,20.0,3.0,2025-08-12 10:22:52,12,8,Invierno
104863,LORATADINA 10MG COM CJAX100UND,PERUFARMA GENERICO,0.0,10.0,1.5,2025-08-12 13:29:31,15,8,Invierno
104863,LORATADINA 10MG COM CJAX100UND,PERUFARMA GENERICO,0.0,10.0,1.5,2025-08-13 14:31:57,10,8,Invierno
104863,LORATADINA 10MG COM CJAX100UND,PERUFARMA GENERICO,0.0,10.0,1.5,2025-08-13 18:24:31,5,8,Invierno
104863,LORATADINA 10MG COM CJAX100UND,PERUFARMA GENERICO,0.0,20.0,3.0,2025-08-13 18:25:30,13,8,Invierno
104863,LORATADINA 10MG COM CJAX100UND,PERUFARMA GENERICO,0.0,50.0,7.5,2025-08-14 13:26:48,1,8,Invierno
104863,LORATADINA 10MG COM CJAX100UND,PERUFARMA GENERICO,0.0,5.0,0.75,2025-08-14 16:58:34,5,8,Invierno
104863,LORATADINA 10MG COM CJAX100UND,PERUFARMA GENERICO,0.0,20.0,3.0,2025-08-14 19:38:22,1,8,Invierno
104863,LORATADINA 10MG COM CJAX100UND,PERUFARMA GENERICO,0.0,10.0,1.5,2025-08-15 09:23:07,13,8,Invierno
104863,LORATADINA 10MG COM CJAX100UND,PERUFARMA GENERICO,0.0,10.0,1.5,2025-08-15 11:10:25,9,8,Invierno
104863,LORATADINA 10MG COM CJAX100UND,PERUFARMA GENERICO,0.0,20.0,3.0,2025-08-15 20:11:08,10,8,Invierno
104863,LORATADINA 10MG COM CJAX100UND,PERUFARMA GENERICO,0.0,10.0,1.5,2025-08-15 22:08:54,6,8,Invierno
104863,LORATADINA 10MG COM CJAX100UND,PERUFARMA GENERICO,0.0,10.0,1.5,2025-08-16 08:48:39,13,8,Invierno
104863,LORATADINA 10MG COM CJAX100UND,PERUFARMA GENERICO,0.0,10.0,1.5,2025-08-16 10:35:07,6,8,Invierno
104863,LORATADINA 10MG COM CJAX100UND,PERUFARMA GENERICO,0.0,10.0,1.5,2025-08-16 21:00:46,7,8,Invierno
104863,LORATADINA 10MG COM CJAX100UND,PERUFARMA GENERICO,0.0,30.0,4.5,2025-08-16 21:11:10,1,8,Invierno
104863,LORATADINA 10MG COM CJAX100UND,PERUFARMA GENERICO,0.0,10.0,1.5,2025-08-16 22:21:47,3,8,Invierno
104863,LORATADINA 10MG COM CJAX100UND,PERUFARMA GENERICO,0.0,10.0,1.5,2025-08-17 13:15:22,11,8,Invierno
104863,LORATADINA 10MG COM CJAX100UND,PERUFARMA GENERICO,0.0,10.0,1.5,2025-08-17 18:10:42,9,8,Invierno
104863,LORATADINA 10MG COM CJAX100UND,PERUFARMA GENERICO,0.0,10.0,1.5,2025-08-17 18:56:34,5,8,Invierno
104863,LORATADINA 10MG COM CJAX100UND,PERUFARMA GENERICO,0.0,10.0,1.5,2025-08-17 18:57:27,15,8,Invierno
104863,LORATADINA 10MG COM CJAX100UND,PERUFARMA GENERICO,0.0,20.0,3.0,2025-08-17 21:48:54,3,8,Invierno
104863,LORATADINA 10MG COM CJAX100UND,PERUFARMA GENERICO,0.0,8.0,1.2,2025-08-18 07:52:55,2,8,Invierno
104863,LORATADINA 10MG COM CJAX100UND,PERUFARMA GENERICO,0.0,10.0,1.5,2025-08-18 17:15:28,10,8,Invierno
104863,LORATADINA 10MG COM CJAX100UND,PERUFARMA GENERICO,0.0,10.0,1.5,2025-08-18 18:56:24,12,8,Invierno
104863,LORATADINA 10MG COM CJAX100UND,PERUFARMA GENERICO,0.0,10.0,1.5,2025-08-18 19:27:49,12,8,Invierno
104863,LORATADINA 10MG COM CJAX100UND,PERUFARMA GENERICO,0.0,10.0,1.5,2025-08-18 19:30:56,16,8,Invierno
104863,LORATADINA 10MG COM CJAX100UND,PERUFARMA GENERICO,0.0,10.0,1.5,2025-08-19 12:36:53,5,8,Invierno
104863,LORATADINA 10MG COM CJAX100UND,PERUFARMA GENERICO,0.0,10.0,1.5,2025-08-19 13:32:19,6,8,Invierno
104863,LORATADINA 10MG COM CJAX100UND,PERUFARMA GENERICO,0.0,10.0,1.5,2025-08-19 18:17:02,9,8,Invierno
104863,LORATADINA 10MG COM CJAX100UND,PERUFARMA GENERICO,0.0,14.0,2.1,2025-08-19 19:34:38,1,8,Invierno
104863,LORATADINA 10MG COM CJAX100UND,PERUFARMA GENERICO,0.0,10.0,1.5,2025-08-19 20:41:13,15,8,Invierno
104863,LORATADINA 10MG COM CJAX100UND,PERUFARMA GENERICO,0.0,10.0,1.5,2025-08-20 12:54:20,12,8,Invierno
104863,LORATADINA 10MG COM CJAX100UND,PERUFARMA GENERICO,0.0,2.0,0.3,2025-08-20 14:43:11,16,8,Invierno
104863,LORATADINA 10MG COM CJAX100UND,PERUFARMA GENERICO,0.0,10.0,1.5,2025-08-20 17:53:53,10,8,Invierno
104863,LORATADINA 10MG COM CJAX100UND,PERUFARMA GENERICO,0.0,10.0,1.5,2025-08-20 19:22:05,10,8,Invierno
104863,LORATADINA 10MG COM CJAX100UND,PERUFARMA GENERICO,0.0,7.0,1.05,2025-08-20 19:39:04,1,8,Invierno
104863,LORATADINA 10MG COM CJAX100UND,PERUFARMA GENERICO,0.0,10.0,1.5,2025-08-20 23:35:27,4,8,Invierno
104863,LORATADINA 10MG COM CJAX100UND,PERUFARMA GENERICO,0.0,10.0,1.5,2025-08-21 14:41:31,5,8,Invierno
104863,LORATADINA 10MG COM CJAX100UND,PERUFARMA GENERICO,0.0,10.0,1.5,2025-08-21 15:01:33,15,8,Invierno
104863,LORATADINA 10MG COM CJAX100UND,PERUFARMA GENERICO,0.0,10.0,1.5,2025-08-22 18:33:36,8,8,Invierno
104863,LORATADINA 10MG COM CJAX100UND,PERUFARMA GENERICO,0.0,10.0,1.5,2025-08-23 18:19:51,9,8,Invierno
104863,LORATADINA 10MG COM CJAX100UND,PERUFARMA GENERICO,0.0,10.0,1.5,2025-08-24 19:57:55,9,8,Invierno
104863,LORATADINA 10MG COM CJAX100UND,PERUFARMA GENERICO,0.0,10.0,1.5,2025-08-24 21:10:03,9,8,Invierno
104863,LORATADINA 10MG COM CJAX100UND,PERUFARMA GENERICO,0.0,10.0,1.5,2025-08-25 13:38:39,11,8,Invierno
104863,LORATADINA 10MG COM CJAX100UND,PERUFARMA GENERICO,0.0,10.0,1.5,2025-08-25 20:24:19,1,8,Invierno
104863,LORATADINA 10MG COM CJAX100UND,PERUFARMA GENERICO,0.0,20.0,3.0,2025-08-25 20:29:02,10,8,Invierno
104863,LORATADINA 10MG COM CJAX100UND,PERUFARMA GENERICO,0.0,10.0,1.5,2025-08-26 10:45:34,9,8,Invierno
104863,LORATADINA 10MG COM CJAX100UND,PERUFARMA GENERICO,0.0,10.0,1.5,2025-08-26 12:16:39,16,8,Invierno
104863,LORATADINA 10MG COM CJAX100UND,PERUFARMA GENERICO,0.0,10.0,1.5,2025-08-26 16:57:59,15,8,Invierno
104863,LORATADINA 10MG COM CJAX100UND,PERUFARMA GENERICO,0.0,10.0,1.5,2025-08-26 18:50:46,1,8,Invierno
104863,LORATADINA 10MG COM CJAX100UND,PERUFARMA GENERICO,0.0,4.0,0.6,2025-08-26 19:14:21,7,8,Invierno
104863,LORATADINA 10MG COM CJAX100UND,PERUFARMA GENERICO,0.0,10.0,1.5,2025-08-26 22:08:08,10,8,Invierno
104863,LORATADINA 10MG COM CJAX100UND,PERUFARMA GENERICO,0.0,10.0,1.5,2025-08-27 08:56:01,3,8,Invierno
104863,LORATADINA 10MG COM CJAX100UND,PERUFARMA GENERICO,0.0,10.0,1.5,2025-08-27 19:55:19,5,8,Invierno
104863,LORATADINA 10MG COM CJAX100UND,PERUFARMA GENERICO,0.0,2.0,0.3,2025-08-28 17:09:45,12,8,Invierno
104863,LORATADINA 10MG COM CJAX100UND,PERUFARMA GENERICO,0.0,10.0,1.5,2025-08-28 18:33:38,10,8,Invierno
104863,LORATADINA 10MG COM CJAX100UND,PERUFARMA GENERICO,0.0,20.0,3.0,2025-08-28 22:54:00,14,8,Invierno
104863,LORATADINA 10MG COM CJAX100UND,PERUFARMA GENERICO,0.0,10.0,1.5,2025-08-29 11:50:09,8,8,Invierno
104863,LORATADINA 10MG COM CJAX100UND,PERUFARMA GENERICO,0.0,10.0,1.5,2025-08-29 13:57:16,4,8,Invierno
104863,LORATADINA 10MG COM CJAX100UND,PERUFARMA GENERICO,0.0,4.0,0.6,2025-08-30 15:48:37,6,8,Invierno
104863,LORATADINA 10MG COM CJAX100UND,PERUFARMA GENERICO,0.0,30.0,4.5,2025-08-30 19:35:05,5,8,Invierno
104863,LORATADINA 10MG COM CJAX100UND,PERUFARMA GENERICO,0.0,10.0,1.5,2025-08-31 11:31:25,11,8,Invierno
104863,LORATADINA 10MG COM CJAX100UND,PERUFARMA GENERICO,0.0,30.0,4.5,2025-08-31 19:46:02,5,8,Invierno
104863,LORATADINA 10MG COM CJAX100UND,PERUFARMA GENERICO,0.0,4.0,0.6,2025-09-01 14:42:09,5,9,Primavera
104863,LORATADINA 10MG COM CJAX100UND,PERUFARMA GENERICO,0.0,10.0,1.5,2025-09-01 17:28:34,14,9,Primavera
104863,LORATADINA 10MG COM CJAX100UND,PERUFARMA GENERICO,0.0,10.0,1.5,2025-09-01 20:20:32,12,9,Primavera
104863,LORATADINA 10MG COM CJAX100UND,PERUFARMA GENERICO,0.0,10.0,1.5,2025-09-02 09:20:51,15,9,Primavera
104863,LORATADINA 10MG COM CJAX100UND,PERUFARMA GENERICO,0.0,10.0,1.5,2025-09-02 14:55:32,16,9,Primavera
104863,LORATADINA 10MG COM CJAX100UND,PERUFARMA GENERICO,0.0,10.0,1.5,2025-09-02 19:35:52,4,9,Primavera
104863,LORATADINA 10MG COM CJAX100UND,PERUFARMA GENERICO,0.0,10.0,1.5,2025-09-02 21:09:50,14,9,Primavera
104863,LORATADINA 10MG COM CJAX100UND,PERUFARMA GENERICO,0.0,2.0,0.3,2025-09-03 10:54:47,5,9,Primavera
104863,LORATADINA 10MG COM CJAX100UND,PERUFARMA GENERICO,0.0,10.0,1.5,2025-09-03 14:41:56,15,9,Primavera
104863,LORATADINA 10MG COM CJAX100UND,PERUFARMA GENERICO,0.0,20.0,3.0,2025-09-03 18:14:25,8,9,Primavera
104863,LORATADINA 10MG COM CJAX100UND,PERUFARMA GENERICO,0.0,10.0,1.5,2025-09-03 19:17:29,14,9,Primavera
104863,LORATADINA 10MG COM CJAX100UND,PERUFARMA GENERICO,0.0,10.0,1.5,2025-09-03 19:31:29,5,9,Primavera
104863,LORATADINA 10MG COM CJAX100UND,PERUFARMA GENERICO,0.0,3.0,0.45,2025-09-04 13:20:24,15,9,Primavera
104863,LORATADINA 10MG COM CJAX100UND,PERUFARMA GENERICO,0.0,10.0,1.5,2025-09-04 16:47:07,13,9,Primavera
104863,LORATADINA 10MG COM CJAX100UND,PERUFARMA GENERICO,0.0,10.0,1.5,2025-09-04 20:13:44,5,9,Primavera
104863,LORATADINA 10MG COM CJAX100UND,PERUFARMA GENERICO,0.0,10.0,1.5,2025-09-05 09:44:58,11,9,Primavera
104863,LORATADINA 10MG COM CJAX100UND,PERUFARMA GENERICO,0.0,10.0,1.5,2025-09-05 10:26:41,9,9,Primavera
104863,LORATADINA 10MG COM CJAX100UND,PERUFARMA GENERICO,0.0,10.0,1.5,2025-09-05 21:26:34,8,9,Primavera
104863,LORATADINA 10MG COM CJAX100UND,PERUFARMA GENERICO,0.0,30.0,4.5,2025-09-05 21:44:00,5,9,Primavera
104863,LORATADINA 10MG COM CJAX100UND,PERUFARMA GENERICO,0.0,10.0,1.5,2025-09-06 12:34:17,14,9,Primavera
104863,LORATADINA 10MG COM CJAX100UND,PERUFARMA GENERICO,0.0,10.0,1.5,2025-09-06 14:25:00,3,9,Primavera
104863,LORATADINA 10MG COM CJAX100UND,PERUFARMA GENERICO,0.0,10.0,1.5,2025-09-06 18:18:35,15,9,Primavera
104863,LORATADINA 10MG COM CJAX100UND,PERUFARMA GENERICO,0.0,20.0,3.0,2025-09-06 19:48:20,8,9,Primavera
104863,LORATADINA 10MG COM CJAX100UND,PERUFARMA GENERICO,0.0,10.0,1.5,2025-09-06 22:42:57,4,9,Primavera
104863,LORATADINA 10MG COM CJAX100UND,PERUFARMA GENERICO,0.0,10.0,1.5,2025-09-07 14:42:46,12,9,Primavera
104863,LORATADINA 10MG COM CJAX100UND,PERUFARMA GENERICO,0.0,10.0,1.5,2025-09-07 16:57:25,16,9,Primavera
104863,LORATADINA 10MG COM CJAX100UND,PERUFARMA GENERICO,0.0,10.0,1.5,2025-09-08 09:20:18,5,9,Primavera
104863,LORATADINA 10MG COM CJAX100UND,PERUFARMA GENERICO,0.0,10.0,1.5,2025-09-08 12:40:20,3,9,Primavera
104863,LORATADINA 10MG COM CJAX100UND,PERUFARMA GENERICO,0.0,10.0,1.5,2025-09-08 13:23:13,1,9,Primavera
104863,LORATADINA 10MG COM CJAX100UND,PERUFARMA GENERICO,0.0,10.0,1.5,2025-09-08 21:43:02,2,9,Primavera
104863,LORATADINA 10MG COM CJAX100UND,PERUFARMA GENERICO,0.0,10.0,1.5,2025-09-08 22:21:40,10,9,Primavera
104863,LORATADINA 10MG COM CJAX100UND,PERUFARMA GENERICO,0.0,10.0,1.5,2025-09-09 21:40:07,16,9,Primavera
104863,LORATADINA 10MG COM CJAX100UND,PERUFARMA GENERICO,0.0,10.0,1.5,2025-09-10 08:03:45,13,9,Primavera
104863,LORATADINA 10MG COM CJAX100UND,PERUFARMA GENERICO,0.0,5.0,0.75,2025-09-10 11:15:01,5,9,Primavera
104863,LORATADINA 10MG COM CJAX100UND,PERUFARMA GENERICO,0.0,10.0,1.5,2025-09-10 18:36:05,4,9,Primavera
104863,LORATADINA 10MG COM CJAX100UND,PERUFARMA GENERICO,0.0,10.0,1.5,2025-09-11 10:11:10,9,9,Primavera
104863,LORATADINA 10MG COM CJAX100UND,PERUFARMA GENERICO,0.0,10.0,1.5,2025-09-11 10:45:56,1,9,Primavera
104863,LORATADINA 10MG COM CJAX100UND,PERUFARMA GENERICO,0.0,3.0,0.45,2025-09-11 21:20:44,1,9,Primavera
104863,LORATADINA 10MG COM CJAX100UND,PERUFARMA GENERICO,0.0,4.0,0.6,2025-09-12 06:59:15,5,9,Primavera
104863,LORATADINA 10MG COM CJAX100UND,PERUFARMA GENERICO,0.0,10.0,1.5,2025-09-12 12:53:08,11,9,Primavera
104863,LORATADINA 10MG COM CJAX100UND,PERUFARMA GENERICO,0.0,8.0,1.2,2025-09-13 13:19:38,16,9,Primavera
104863,LORATADINA 10MG COM CJAX100UND,PERUFARMA GENERICO,0.0,10.0,1.5,2025-09-13 19:15:07,6,9,Primavera
104863,LORATADINA 10MG COM CJAX100UND,PERUFARMA GENERICO,0.0,10.0,1.5,2025-09-13 19:17:18,14,9,Primavera
104863,LORATADINA 10MG COM CJAX100UND,PERUFARMA GENERICO,0.0,10.0,1.5,2025-09-13 19:54:33,1,9,Primavera
104863,LORATADINA 10MG COM CJAX100UND,PERUFARMA GENERICO,0.0,10.0,1.5,2025-09-13 21:02:16,1,9,Primavera
104863,LORATADINA 10MG COM CJAX100UND,PERUFARMA GENERICO,0.0,2.0,0.3,2025-09-14 15:16:14,13,9,Primavera
104863,LORATADINA 10MG COM CJAX100UND,PERUFARMA GENERICO,0.0,10.0,1.5,2025-09-14 18:30:08,14,9,Primavera
104863,LORATADINA 10MG COM CJAX100UND,PERUFARMA GENERICO,0.0,10.0,1.5,2025-09-14 18:46:37,3,9,Primavera
104863,LORATADINA 10MG COM CJAX100UND,PERUFARMA GENERICO,0.0,4.0,0.6,2025-09-15 15:32:47,6,9,Primavera
104863,LORATADINA 10MG COM CJAX100UND,PERUFARMA GENERICO,0.0,20.0,3.0,2025-09-15 16:34:35,10,9,Primavera
104863,LORATADINA 10MG COM CJAX100UND,PERUFARMA GENERICO,0.0,10.0,1.5,2025-09-15 16:40:52,1,9,Primavera
104863,LORATADINA 10MG COM CJAX100UND,PERUFARMA GENERICO,0.0,10.0,1.5,2025-09-15 19:02:05,10,9,Primavera
104863,LORATADINA 10MG COM CJAX100UND,PERUFARMA GENERICO,0.0,10.0,1.5,2025-09-15 19:30:06,1,9,Primavera
104863,LORATADINA 10MG COM CJAX100UND,PERUFARMA GENERICO,0.0,8.0,1.2,2025-09-15 22:15:11,1,9,Primavera
104863,LORATADINA 10MG COM CJAX100UND,PERUFARMA GENERICO,0.0,20.0,3.0,2025-09-16 08:52:56,1,9,Primavera
104863,LORATADINA 10MG COM CJAX100UND,PERUFARMA GENERICO,0.0,10.0,1.5,2025-09-16 09:19:09,3,9,Primavera
104863,LORATADINA 10MG COM CJAX100UND,PERUFARMA GENERICO,0.0,10.0,1.5,2025-09-16 11:10:23,8,9,Primavera
104863,LORATADINA 10MG COM CJAX100UND,PERUFARMA GENERICO,0.0,10.0,1.5,2025-09-16 16:36:45,5,9,Primavera
104863,LORATADINA 10MG COM CJAX100UND,PERUFARMA GENERICO,0.0,10.0,1.5,2025-09-16 17:10:19,15,9,Primavera
104863,LORATADINA 10MG COM CJAX100UND,PERUFARMA GENERICO,0.0,10.0,1.5,2025-09-16 18:54:56,5,9,Primavera
104863,LORATADINA 10MG COM CJAX100UND,PERUFARMA GENERICO,0.0,10.0,1.5,2025-09-17 12:57:54,2,9,Primavera
104863,LORATADINA 10MG COM CJAX100UND,PERUFARMA GENERICO,0.0,10.0,1.5,2025-09-17 13:42:48,1,9,Primavera
104863,LORATADINA 10MG COM CJAX100UND,PERUFARMA GENERICO,0.0,20.0,3.0,2025-09-17 16:36:57,10,9,Primavera
104863,LORATADINA 10MG COM CJAX100UND,PERUFARMA GENERICO,0.0,10.0,1.5,2025-09-17 19:25:38,2,9,Primavera
104863,LORATADINA 10MG COM CJAX100UND,PERUFARMA GENERICO,0.0,10.0,1.5,2025-09-17 19:40:41,2,9,Primavera
104863,LORATADINA 10MG COM CJAX100UND,PERUFARMA GENERICO,0.0,10.0,1.5,2025-09-17 21:23:31,8,9,Primavera
104863,LORATADINA 10MG COM CJAX100UND,PERUFARMA GENERICO,0.0,10.0,1.5,2025-09-18 12:24:00,1,9,Primavera
104863,LORATADINA 10MG COM CJAX100UND,PERUFARMA GENERICO,0.0,10.0,1.5,2025-09-18 17:10:12,2,9,Primavera
104863,LORATADINA 10MG COM CJAX100UND,PERUFARMA GENERICO,0.0,10.0,1.5,2025-09-18 17:35:01,12,9,Primavera
104863,LORATADINA 10MG COM CJAX100UND,PERUFARMA GENERICO,0.0,10.0,1.5,2025-09-19 08:50:14,1,9,Primavera
104863,LORATADINA 10MG COM CJAX100UND,PERUFARMA GENERICO,0.0,10.0,1.5,2025-09-19 10:51:32,3,9,Primavera
104863,LORATADINA 10MG COM CJAX100UND,PERUFARMA GENERICO,0.0,20.0,3.0,2025-09-19 12:51:39,3,9,Primavera
104863,LORATADINA 10MG COM CJAX100UND,PERUFARMA GENERICO,0.0,10.0,1.5,2025-09-19 21:20:23,8,9,Primavera
104863,LORATADINA 10MG COM CJAX100UND,PERUFARMA GENERICO,0.0,10.0,1.5,2025-09-20 11:33:01,12,9,Primavera
104863,LORATADINA 10MG COM CJAX100UND,PERUFARMA GENERICO,0.0,10.0,1.5,2025-09-20 12:36:07,1,9,Primavera
104863,LORATADINA 10MG COM CJAX100UND,PERUFARMA GENERICO,0.0,10.0,1.5,2025-09-20 14:31:32,1,9,Primavera
104863,LORATADINA 10MG COM CJAX100UND,PERUFARMA GENERICO,0.0,10.0,1.5,2025-09-20 16:49:31,6,9,Primavera
104863,LORATADINA 10MG COM CJAX100UND,PERUFARMA GENERICO,0.0,40.0,6.0,2025-09-20 20:43:58,8,9,Primavera
104863,LORATADINA 10MG COM CJAX100UND,PERUFARMA GENERICO,0.0,1.0,0.15,2025-09-20 21:02:43,8,9,Primavera
104863,LORATADINA 10MG COM CJAX100UND,PERUFARMA GENERICO,0.0,10.0,1.5,2025-09-21 12:36:28,14,9,Primavera
104863,LORATADINA 10MG COM CJAX100UND,PERUFARMA GENERICO,0.0,10.0,1.5,2025-09-21 16:04:18,1,9,Primavera
104863,LORATADINA 10MG COM CJAX100UND,PERUFARMA GENERICO,0.0,2.0,0.3,2025-09-22 09:40:24,3,9,Primavera
104863,LORATADINA 10MG COM CJAX100UND,PERUFARMA GENERICO,0.0,10.0,1.5,2025-09-22 19:21:04,1,9,Primavera
104863,LORATADINA 10MG COM CJAX100UND,PERUFARMA GENERICO,0.0,10.0,1.5,2025-09-23 08:15:37,6,9,Primavera
104863,LORATADINA 10MG COM CJAX100UND,PERUFARMA GENERICO,0.0,2.0,0.3,2025-09-23 10:08:10,6,9,Primavera
104863,LORATADINA 10MG COM CJAX100UND,PERUFARMA GENERICO,0.0,10.0,1.5,2025-09-23 11:16:55,3,9,Primavera
104863,LORATADINA 10MG COM CJAX100UND,PERUFARMA GENERICO,0.0,4.0,0.56,2025-09-23 13:09:01,6,9,Primavera
104863,LORATADINA 10MG COM CJAX100UND,PERUFARMA GENERICO,0.0,10.0,1.5,2025-09-23 14:09:08,6,9,Primavera
104863,LORATADINA 10MG COM CJAX100UND,PERUFARMA GENERICO,0.0,10.0,1.5,2025-09-24 13:08:10,1,9,Primavera
104863,LORATADINA 10MG COM CJAX100UND,PERUFARMA GENERICO,0.0,10.0,1.5,2025-09-24 18:53:14,15,9,Primavera
104863,LORATADINA 10MG COM CJAX100UND,PERUFARMA GENERICO,0.0,10.0,1.4,2025-09-24 21:07:10,14,9,Primavera
104863,LORATADINA 10MG COM CJAX100UND,PERUFARMA GENERICO,0.0,10.0,1.5,2025-09-25 13:16:39,15,9,Primavera
104863,LORATADINA 10MG COM CJAX100UND,PERUFARMA GENERICO,0.0,10.0,1.5,2025-09-25 13:24:48,2,9,Primavera
104863,LORATADINA 10MG COM CJAX100UND,PERUFARMA GENERICO,0.0,10.0,1.5,2025-09-25 17:30:56,5,9,Primavera
104863,LORATADINA 10MG COM CJAX100UND,PERUFARMA GENERICO,0.0,10.0,1.5,2025-09-25 19:16:48,15,9,Primavera
104863,LORATADINA 10MG COM CJAX100UND,PERUFARMA GENERICO,0.0,10.0,1.5,2025-09-25 20:45:19,14,9,Primavera
104863,LORATADINA 10MG COM CJAX100UND,PERUFARMA GENERICO,0.0,10.0,1.5,2025-09-26 18:42:43,3,9,Primavera
104863,LORATADINA 10MG COM CJAX100UND,PERUFARMA GENERICO,0.0,10.0,1.5,2025-09-26 18:58:40,6,9,Primavera
104863,LORATADINA 10MG COM CJAX100UND,PERUFARMA GENERICO,0.0,10.0,1.5,2025-09-26 19:51:10,2,9,Primavera
104863,LORATADINA 10MG COM CJAX100UND,PERUFARMA GENERICO,0.0,10.0,1.5,2025-09-26 19:51:20,16,9,Primavera
104863,LORATADINA 10MG COM CJAX100UND,PERUFARMA GENERICO,0.0,10.0,1.5,2025-09-26 19:55:31,1,9,Primavera
104863,LORATADINA 10MG COM CJAX100UND,PERUFARMA GENERICO,0.0,10.0,1.5,2025-09-27 10:35:21,3,9,Primavera
104863,LORATADINA 10MG COM CJAX100UND,PERUFARMA GENERICO,0.0,4.0,0.6,2025-09-27 17:54:29,13,9,Primavera
104863,LORATADINA 10MG COM CJAX100UND,PERUFARMA GENERICO,0.0,10.0,1.5,2025-09-27 18:19:55,1,9,Primavera
104863,LORATADINA 10MG COM CJAX100UND,PERUFARMA GENERICO,0.0,30.0,4.5,2025-09-28 14:46:24,5,9,Primavera
104863,LORATADINA 10MG COM CJAX100UND,PERUFARMA GENERICO,0.0,10.0,1.5,2025-09-29 08:58:42,3,9,Primavera
104863,LORATADINA 10MG COM CJAX100UND,PERUFARMA GENERICO,0.0,10.0,1.5,2025-09-29 22:22:49,5,9,Primavera
104863,LORATADINA 10MG COM CJAX100UND,PERUFARMA GENERICO,0.0,20.0,3.0,2025-09-29 23:29:44,16,9,Primavera
104863,LORATADINA 10MG COM CJAX100UND,PERUFARMA GENERICO,0.0,40.0,6.0,2025-09-30 07:36:34,2,9,Primavera
104863,LORATADINA 10MG COM CJAX100UND,PERUFARMA GENERICO,0.0,10.0,1.5,2025-09-30 09:49:26,6,9,Primavera
104863,LORATADINA 10MG COM CJAX100UND,PERUFARMA GENERICO,0.0,10.0,1.5,2025-09-30 17:44:28,5,9,Primavera
104863,LORATADINA 10MG COM CJAX100UND,PERUFARMA GENERICO,0.0,9.0,1.35,2025-09-30 21:31:43,1,9,Primavera
104863,LORATADINA 10MG COM CJAX100UND,PERUFARMA GENERICO,0.0,30.0,4.5,2025-10-01 17:17:30,2,10,Primavera
104863,LORATADINA 10MG COM CJAX100UND,PERUFARMA GENERICO,0.0,10.0,1.5,2025-10-02 11:42:10,6,10,Primavera
104863,LORATADINA 10MG COM CJAX100UND,PERUFARMA GENERICO,0.0,10.0,1.5,2025-10-02 16:31:31,8,10,Primavera
104863,LORATADINA 10MG COM CJAX100UND,PERUFARMA GENERICO,0.0,10.0,1.5,2025-10-03 15:29:35,2,10,Primavera
104863,LORATADINA 10MG COM CJAX100UND,PERUFARMA GENERICO,0.0,5.0,0.75,2025-10-03 16:53:03,1,10,Primavera
104863,LORATADINA 10MG COM CJAX100UND,PERUFARMA GENERICO,0.0,20.0,3.0,2025-10-03 19:22:06,2,10,Primavera
104863,LORATADINA 10MG COM CJAX100UND,PERUFARMA GENERICO,0.0,10.0,1.5,2025-10-03 19:22:45,3,10,Primavera
104863,LORATADINA 10MG COM CJAX100UND,PERUFARMA GENERICO,0.0,10.0,1.5,2025-10-03 20:05:49,15,10,Primavera
104863,LORATADINA 10MG COM CJAX100UND,PERUFARMA GENERICO,0.0,10.0,1.5,2025-10-03 20:47:08,1,10,Primavera
104863,LORATADINA 10MG COM CJAX100UND,PERUFARMA GENERICO,0.0,10.0,1.5,2025-10-05 20:19:35,12,10,Primavera
104863,LORATADINA 10MG COM CJAX100UND,PERUFARMA GENERICO,0.0,10.0,1.5,2025-10-06 07:06:48,16,10,Primavera
104863,LORATADINA 10MG COM CJAX100UND,PERUFARMA GENERICO,0.0,40.0,6.0,2025-10-06 08:15:59,11,10,Primavera
104863,LORATADINA 10MG COM CJAX100UND,PERUFARMA GENERICO,0.0,10.0,1.5,2025-10-06 13:07:20,16,10,Primavera
104863,LORATADINA 10MG COM CJAX100UND,PERUFARMA GENERICO,0.0,-10.0,-1.5,2025-10-06 13:11:13,16,10,Primavera
104863,LORATADINA 10MG COM CJAX100UND,PERUFARMA GENERICO,0.0,10.0,1.5,2025-10-06 13:12:01,16,10,Primavera
104863,LORATADINA 10MG COM CJAX100UND,PERUFARMA GENERICO,0.0,10.0,1.5,2025-10-06 18:17:41,15,10,Primavera
104863,LORATADINA 10MG COM CJAX100UND,PERUFARMA GENERICO,0.0,10.0,1.5,2025-10-06 20:51:35,16,10,Primavera
104863,LORATADINA 10MG COM CJAX100UND,PERUFARMA GENERICO,0.0,10.0,1.5,2025-10-06 22:36:44,12,10,Primavera
104863,LORATADINA 10MG COM CJAX100UND,PERUFARMA GENERICO,0.0,10.0,1.5,2025-10-06 23:08:08,16,10,Primavera
104863,LORATADINA 10MG COM CJAX100UND,PERUFARMA GENERICO,0.0,10.0,1.5,2025-10-07 11:16:03,5,10,Primavera
104863,LORATADINA 10MG COM CJAX100UND,PERUFARMA GENERICO,0.0,30.0,4.5,2025-10-07 14:37:47,11,10,Primavera
104863,LORATADINA 10MG COM CJAX100UND,PERUFARMA GENERICO,0.0,10.0,1.5,2025-10-07 19:24:45,1,10,Primavera
104863,LORATADINA 10MG COM CJAX100UND,PERUFARMA GENERICO,0.0,20.0,3.0,2025-10-08 10:11:29,2,10,Primavera
104863,LORATADINA 10MG COM CJAX100UND,PERUFARMA GENERICO,0.0,10.0,1.5,2025-10-08 17:05:26,15,10,Primavera
104863,LORATADINA 10MG COM CJAX100UND,PERUFARMA GENERICO,0.0,10.0,1.5,2025-10-09 14:35:50,6,10,Primavera
104863,LORATADINA 10MG COM CJAX100UND,PERUFARMA GENERICO,0.0,10.0,1.5,2025-10-09 18:14:43,5,10,Primavera
104863,LORATADINA 10MG COM CJAX100UND,PERUFARMA GENERICO,0.0,10.0,1.5,2025-10-09 19:30:02,16,10,Primavera
104863,LORATADINA 10MG COM CJAX100UND,PERUFARMA GENERICO,0.0,10.0,1.4,2025-10-09 20:17:12,1,10,Primavera
104863,LORATADINA 10MG COM CJAX100UND,PERUFARMA GENERICO,0.0,10.0,1.5,2025-10-09 21:25:13,16,10,Primavera
104863,LORATADINA 10MG COM CJAX100UND,PERUFARMA GENERICO,0.0,10.0,1.5,2025-10-10 10:44:39,3,10,Primavera
104863,LORATADINA 10MG COM CJAX100UND,PERUFARMA GENERICO,0.0,10.0,1.5,2025-10-10 12:28:18,3,10,Primavera
104863,LORATADINA 10MG COM CJAX100UND,PERUFARMA GENERICO,0.0,10.0,1.5,2025-10-11 13:20:11,6,10,Primavera
104863,LORATADINA 10MG COM CJAX100UND,PERUFARMA GENERICO,0.0,10.0,1.5,2025-10-11 17:51:50,15,10,Primavera
104863,LORATADINA 10MG COM CJAX100UND,PERUFARMA GENERICO,0.0,10.0,1.5,2025-10-12 10:09:58,6,10,Primavera
104863,LORATADINA 10MG COM CJAX100UND,PERUFARMA GENERICO,0.0,10.0,1.4,2025-10-12 12:53:13,2,10,Primavera
104863,LORATADINA 10MG COM CJAX100UND,PERUFARMA GENERICO,0.0,10.0,1.5,2025-10-12 15:56:37,6,10,Primavera
104863,LORATADINA 10MG COM CJAX100UND,PERUFARMA GENERICO,0.0,20.0,3.0,2025-10-12 17:42:18,6,10,Primavera
104863,LORATADINA 10MG COM CJAX100UND,PERUFARMA GENERICO,0.0,10.0,1.5,2025-10-12 20:16:52,15,10,Primavera
104863,LORATADINA 10MG COM CJAX100UND,PERUFARMA GENERICO,0.0,10.0,1.5,2025-10-12 21:54:14,6,10,Primavera
104863,LORATADINA 10MG COM CJAX100UND,PERUFARMA GENERICO,0.0,10.0,1.5,2025-10-13 08:56:11,1,10,Primavera
104863,LORATADINA 10MG COM CJAX100UND,PERUFARMA GENERICO,0.0,10.0,1.5,2025-10-13 15:23:19,15,10,Primavera
104863,LORATADINA 10MG COM CJAX100UND,PERUFARMA GENERICO,0.0,10.0,1.5,2025-10-14 11:46:53,2,10,Primavera
104863,LORATADINA 10MG COM CJAX100UND,PERUFARMA GENERICO,0.0,10.0,1.5,2025-10-14 13:28:37,15,10,Primavera
104863,LORATADINA 10MG COM CJAX100UND,PERUFARMA GENERICO,0.0,10.0,1.5,2025-10-14 15:31:29,12,10,Primavera
104863,LORATADINA 10MG COM CJAX100UND,PERUFARMA GENERICO,0.0,10.0,1.5,2025-10-14 15:55:19,1,10,Primavera
104863,LORATADINA 10MG COM CJAX100UND,PERUFARMA GENERICO,0.0,10.0,1.5,2025-10-14 20:17:37,8,10,Primavera
104863,LORATADINA 10MG COM CJAX100UND,PERUFARMA GENERICO,0.0,5.0,0.75,2025-10-15 08:58:37,1,10,Primavera
104863,LORATADINA 10MG COM CJAX100UND,PERUFARMA GENERICO,0.0,10.0,1.5,2025-10-15 10:41:50,10,10,Primavera
104863,LORATADINA 10MG COM CJAX100UND,PERUFARMA GENERICO,0.0,10.0,1.5,2025-10-15 19:08:32,15,10,Primavera
104863,LORATADINA 10MG COM CJAX100UND,PERUFARMA GENERICO,0.0,10.0,1.4,2025-10-15 20:35:20,12,10,Primavera
104863,LORATADINA 10MG COM CJAX100UND,PERUFARMA GENERICO,0.0,20.0,3.0,2025-10-16 19:12:23,15,10,Primavera
104863,LORATADINA 10MG COM CJAX100UND,PERUFARMA GENERICO,0.0,10.0,1.5,2025-10-16 20:42:53,9,10,Primavera
104863,LORATADINA 10MG COM CJAX100UND,PERUFARMA GENERICO,0.0,10.0,1.5,2025-10-16 21:14:08,15,10,Primavera
104863,LORATADINA 10MG COM CJAX100UND,PERUFARMA GENERICO,0.0,4.0,0.6,2025-10-16 21:19:03,6,10,Primavera
104863,LORATADINA 10MG COM CJAX100UND,PERUFARMA GENERICO,0.0,10.0,1.5,2025-10-17 10:18:31,3,10,Primavera
104863,LORATADINA 10MG COM CJAX100UND,PERUFARMA GENERICO,0.0,10.0,1.5,2025-10-17 14:47:50,15,10,Primavera
104863,LORATADINA 10MG COM CJAX100UND,PERUFARMA GENERICO,0.0,10.0,1.5,2025-10-17 18:22:46,3,10,Primavera
104863,LORATADINA 10MG COM CJAX100UND,PERUFARMA GENERICO,0.0,10.0,1.5,2025-10-17 19:08:57,3,10,Primavera
104863,LORATADINA 10MG COM CJAX100UND,PERUFARMA GENERICO,0.0,10.0,1.5,2025-10-18 12:13:34,16,10,Primavera
104863,LORATADINA 10MG COM CJAX100UND,PERUFARMA GENERICO,0.0,10.0,1.5,2025-10-19 12:14:28,2,10,Primavera
104863,LORATADINA 10MG COM CJAX100UND,PERUFARMA GENERICO,0.0,10.0,1.5,2025-10-19 13:50:00,10,10,Primavera
104863,LORATADINA 10MG COM CJAX100UND,PERUFARMA GENERICO,0.0,10.0,1.5,2025-10-19 14:11:33,11,10,Primavera
104863,LORATADINA 10MG COM CJAX100UND,PERUFARMA GENERICO,0.0,10.0,1.5,2025-10-19 16:15:46,11,10,Primavera
104863,LORATADINA 10MG COM CJAX100UND,PERUFARMA GENERICO,0.0,10.0,1.5,2025-10-20 08:40:51,16,10,Primavera
104863,LORATADINA 10MG COM CJAX100UND,PERUFARMA GENERICO,0.0,10.0,1.5,2025-10-20 17:09:41,1,10,Primavera
104863,LORATADINA 10MG COM CJAX100UND,PERUFARMA GENERICO,0.0,10.0,1.5,2025-10-20 18:06:39,3,10,Primavera
104863,LORATADINA 10MG COM CJAX100UND,PERUFARMA GENERICO,0.0,10.0,1.5,2025-10-20 22:19:33,14,10,Primavera
104863,LORATADINA 10MG COM CJAX100UND,PERUFARMA GENERICO,0.0,10.0,1.5,2025-10-21 13:00:12,2,10,Primavera
104863,LORATADINA 10MG COM CJAX100UND,PERUFARMA GENERICO,0.0,20.0,3.0,2025-10-21 14:58:14,2,10,Primavera
104863,LORATADINA 10MG COM CJAX100UND,PERUFARMA GENERICO,0.0,10.0,1.5,2025-10-22 15:55:28,2,10,Primavera
104863,LORATADINA 10MG COM CJAX100UND,PERUFARMA GENERICO,0.0,10.0,1.5,2025-10-22 15:59:02,10,10,Primavera
104863,LORATADINA 10MG COM CJAX100UND,PERUFARMA GENERICO,0.0,2.0,0.28,2025-10-23 10:43:51,16,10,Primavera
104863,LORATADINA 10MG COM CJAX100UND,PERUFARMA GENERICO,0.0,30.0,4.5,2025-10-23 16:55:42,1,10,Primavera
104863,LORATADINA 10MG COM CJAX100UND,PERUFARMA GENERICO,0.0,20.0,3.0,2025-10-23 18:39:20,15,10,Primavera
104863,LORATADINA 10MG COM CJAX100UND,PERUFARMA GENERICO,0.0,10.0,1.5,2025-10-23 19:23:23,1,10,Primavera
104863,LORATADINA 10MG COM CJAX100UND,PERUFARMA GENERICO,0.0,10.0,1.5,2025-10-23 21:55:30,16,10,Primavera
104863,LORATADINA 10MG COM CJAX100UND,PERUFARMA GENERICO,0.0,10.0,1.5,2025-10-24 19:08:36,9,10,Primavera
104863,LORATADINA 10MG COM CJAX100UND,PERUFARMA GENERICO,0.0,20.0,3.0,2025-10-24 20:34:12,1,10,Primavera
104863,LORATADINA 10MG COM CJAX100UND,PERUFARMA GENERICO,0.0,10.0,1.5,2025-10-24 20:56:10,1,10,Primavera
104863,LORATADINA 10MG COM CJAX100UND,PERUFARMA GENERICO,0.0,10.0,1.5,2025-10-24 21:45:15,12,10,Primavera
104863,LORATADINA 10MG COM CJAX100UND,PERUFARMA GENERICO,0.0,10.0,1.5,2025-10-24 22:06:04,2,10,Primavera
104863,LORATADINA 10MG COM CJAX100UND,PERUFARMA GENERICO,0.0,10.0,1.5,2025-10-25 12:42:11,14,10,Primavera
104863,LORATADINA 10MG COM CJAX100UND,PERUFARMA GENERICO,0.0,20.0,3.0,2025-10-25 18:36:26,2,10,Primavera
104863,LORATADINA 10MG COM CJAX100UND,PERUFARMA GENERICO,0.0,10.0,1.5,2025-10-25 19:10:57,2,10,Primavera
104863,LORATADINA 10MG COM CJAX100UND,PERUFARMA GENERICO,0.0,10.0,1.5,2025-10-25 20:57:53,12,10,Primavera
104863,LORATADINA 10MG COM CJAX100UND,PERUFARMA GENERICO,0.0,10.0,1.5,2025-10-25 21:54:39,12,10,Primavera
104863,LORATADINA 10MG COM CJAX100UND,PERUFARMA GENERICO,0.0,10.0,1.5,2025-10-25 21:56:29,1,10,Primavera
104863,LORATADINA 10MG COM CJAX100UND,PERUFARMA GENERICO,0.0,10.0,1.5,2025-10-26 11:26:58,11,10,Primavera
104863,LORATADINA 10MG COM CJAX100UND,PERUFARMA GENERICO,0.0,10.0,1.5,2025-10-26 13:14:41,9,10,Primavera
104863,LORATADINA 10MG COM CJAX100UND,PERUFARMA GENERICO,0.0,10.0,1.5,2025-10-26 18:07:54,11,10,Primavera
104863,LORATADINA 10MG COM CJAX100UND,PERUFARMA GENERICO,0.0,10.0,1.5,2025-10-26 21:00:23,1,10,Primavera
104863,LORATADINA 10MG COM CJAX100UND,PERUFARMA GENERICO,0.0,20.0,3.0,2025-10-27 12:33:07,10,10,Primavera
104863,LORATADINA 10MG COM CJAX100UND,PERUFARMA GENERICO,0.0,10.0,1.5,2025-10-27 20:56:06,1,10,Primavera
104863,LORATADINA 10MG COM CJAX100UND,PERUFARMA GENERICO,0.0,2.0,0.3,2025-10-27 21:37:04,12,10,Primavera
104863,LORATADINA 10MG COM CJAX100UND,PERUFARMA GENERICO,0.0,10.0,1.5,2025-10-28 07:52:54,4,10,Primavera
104863,LORATADINA 10MG COM CJAX100UND,PERUFARMA GENERICO,0.0,10.0,1.5,2025-10-28 14:35:08,2,10,Primavera
104863,LORATADINA 10MG COM CJAX100UND,PERUFARMA GENERICO,0.0,19.0,2.66,2025-10-28 15:02:56,12,10,Primavera
104863,LORATADINA 10MG COM CJAX100UND,PERUFARMA GENERICO,0.0,10.0,1.5,2025-10-28 18:11:39,2,10,Primavera
104863,LORATADINA 10MG COM CJAX100UND,PERUFARMA GENERICO,0.0,10.0,1.5,2025-10-28 21:27:56,3,10,Primavera
104863,LORATADINA 10MG COM CJAX100UND,PERUFARMA GENERICO,0.0,10.0,1.5,2025-10-28 21:28:02,14,10,Primavera
104863,LORATADINA 10MG COM CJAX100UND,PERUFARMA GENERICO,0.0,10.0,1.5,2025-10-29 17:02:26,3,10,Primavera
104863,LORATADINA 10MG COM CJAX100UND,PERUFARMA GENERICO,0.0,10.0,1.5,2025-10-29 19:20:48,6,10,Primavera
104863,LORATADINA 10MG COM CJAX100UND,PERUFARMA GENERICO,0.0,10.0,1.5,2025-10-29 20:58:21,12,10,Primavera
104863,LORATADINA 10MG COM CJAX100UND,PERUFARMA GENERICO,0.0,10.0,1.5,2025-10-30 14:06:46,1,10,Primavera
104863,LORATADINA 10MG COM CJAX100UND,PERUFARMA GENERICO,0.0,20.0,3.0,2025-10-30 21:58:31,1,10,Primavera
104863,LORATADINA 10MG COM CJAX100UND,PERUFARMA GENERICO,0.0,10.0,1.5,2025-10-31 17:50:56,16,10,Primavera
104863,LORATADINA 10MG COM CJAX100UND,PERUFARMA GENERICO,0.0,20.0,3.0,2025-10-31 17:55:27,11,10,Primavera
104863,LORATADINA 10MG COM CJAX100UND,PERUFARMA GENERICO,0.0,10.0,1.5,2025-11-01 08:04:45,6,11,Primavera
104863,LORATADINA 10MG COM CJAX100UND,PERUFARMA GENERICO,0.0,10.0,1.5,2025-11-01 10:26:47,6,11,Primavera
104863,LORATADINA 10MG COM CJAX100UND,PERUFARMA GENERICO,0.0,20.0,3.0,2025-11-01 14:01:54,7,11,Primavera
104863,LORATADINA 10MG COM CJAX100UND,PERUFARMA GENERICO,0.0,20.0,3.0,2025-11-01 17:37:30,2,11,Primavera
104863,LORATADINA 10MG COM CJAX100UND,PERUFARMA GENERICO,0.0,10.0,1.5,2025-11-02 10:12:38,5,11,Primavera
104863,LORATADINA 10MG COM CJAX100UND,PERUFARMA GENERICO,0.0,30.0,4.5,2025-11-03 10:45:43,5,11,Primavera
104863,LORATADINA 10MG COM CJAX100UND,PERUFARMA GENERICO,0.0,10.0,1.5,2025-11-03 11:28:48,15,11,Primavera
104863,LORATADINA 10MG COM CJAX100UND,PERUFARMA GENERICO,0.0,5.0,0.75,2025-11-03 12:05:32,5,11,Primavera
104863,LORATADINA 10MG COM CJAX100UND,PERUFARMA GENERICO,0.0,10.0,1.5,2025-11-03 20:57:08,5,11,Primavera
104863,LORATADINA 10MG COM CJAX100UND,PERUFARMA GENERICO,0.0,10.0,1.5,2025-11-03 22:29:09,2,11,Primavera
104863,LORATADINA 10MG COM CJAX100UND,PERUFARMA GENERICO,0.0,10.0,1.5,2025-11-04 09:18:28,16,11,Primavera
104863,LORATADINA 10MG COM CJAX100UND,PERUFARMA GENERICO,0.0,10.0,1.5,2025-11-04 11:13:21,6,11,Primavera
104863,LORATADINA 10MG COM CJAX100UND,PERUFARMA GENERICO,0.0,10.0,1.5,2025-11-04 14:33:36,2,11,Primavera
104863,LORATADINA 10MG COM CJAX100UND,PERUFARMA GENERICO,0.0,10.0,1.5,2025-11-04 21:12:12,1,11,Primavera
104863,LORATADINA 10MG COM CJAX100UND,PERUFARMA GENERICO,0.0,10.0,1.5,2025-11-04 21:59:05,10,11,Primavera
104863,LORATADINA 10MG COM CJAX100UND,PERUFARMA GENERICO,0.0,10.0,1.5,2025-11-05 07:57:57,6,11,Primavera
104863,LORATADINA 10MG COM CJAX100UND,PERUFARMA GENERICO,0.0,15.0,2.25,2025-11-05 12:00:37,1,11,Primavera
104863,LORATADINA 10MG COM CJAX100UND,PERUFARMA GENERICO,0.0,10.0,1.5,2025-11-05 14:36:59,1,11,Primavera
104863,LORATADINA 10MG COM CJAX100UND,PERUFARMA GENERICO,0.0,10.0,1.5,2025-11-05 18:37:30,16,11,Primavera
104863,LORATADINA 10MG COM CJAX100UND,PERUFARMA GENERICO,0.0,10.0,1.5,2025-11-05 20:22:07,6,11,Primavera
104863,LORATADINA 10MG COM CJAX100UND,PERUFARMA GENERICO,0.0,10.0,1.5,2025-11-06 00:28:56,10,11,Primavera
104863,LORATADINA 10MG COM CJAX100UND,PERUFARMA GENERICO,0.0,10.0,1.5,2025-11-06 08:32:19,15,11,Primavera
104863,LORATADINA 10MG COM CJAX100UND,PERUFARMA GENERICO,0.0,20.0,3.0,2025-11-06 09:42:14,1,11,Primavera
104863,LORATADINA 10MG COM CJAX100UND,PERUFARMA GENERICO,0.0,10.0,1.5,2025-11-06 10:41:12,5,11,Primavera
104863,LORATADINA 10MG COM CJAX100UND,PERUFARMA GENERICO,0.0,10.0,1.5,2025-11-06 13:32:36,2,11,Primavera
104863,LORATADINA 10MG COM CJAX100UND,PERUFARMA GENERICO,0.0,1.0,0.14,2025-11-06 18:54:41,10,11,Primavera
104863,LORATADINA 10MG COM CJAX100UND,PERUFARMA GENERICO,0.0,10.0,1.5,2025-11-06 19:49:31,2,11,Primavera
104863,LORATADINA 10MG COM CJAX100UND,PERUFARMA GENERICO,0.0,10.0,1.5,2025-11-06 20:22:41,15,11,Primavera
104863,LORATADINA 10MG COM CJAX100UND,PERUFARMA GENERICO,0.0,10.0,1.5,2025-11-06 20:53:20,13,11,Primavera
104863,LORATADINA 10MG COM CJAX100UND,PERUFARMA GENERICO,0.0,10.0,1.5,2025-11-07 19:10:16,2,11,Primavera
104863,LORATADINA 10MG COM CJAX100UND,PERUFARMA GENERICO,0.0,10.0,1.5,2025-11-07 19:20:36,1,11,Primavera
104863,LORATADINA 10MG COM CJAX100UND,PERUFARMA GENERICO,0.0,10.0,1.5,2025-11-07 21:14:57,5,11,Primavera
104863,LORATADINA 10MG COM CJAX100UND,PERUFARMA GENERICO,0.0,10.0,1.5,2025-11-08 08:56:35,14,11,Primavera
104863,LORATADINA 10MG COM CJAX100UND,PERUFARMA GENERICO,0.0,10.0,1.5,2025-12-23 17:01:28,3,12,Verano
104863,LORATADINA 10MG COM CJAX100UND,PERUFARMA GENERICO,0.0,10.0,1.5,2025-12-27 19:08:46,3,12,Verano
104863,LORATADINA 10MG COM CJAX100UND,PERUFARMA GENERICO,0.0,10.0,1.5,2025-12-30 17:20:22,3,12,Verano
104863,LORATADINA 10MG COM CJAX100UND,PERUFARMA GENERICO,0.0,10.0,1.5,2026-01-09 21:59:09,3,1,Verano
104863,LORATADINA 10MG COM CJAX100UND,PERUFARMA GENERICO,0.0,20.0,3.0,2026-01-10 09:00:27,3,1,Verano
104863,LORATADINA 10MG COM CJAX100UND,PERUFARMA GENERICO,0.0,9.0,1.35,2026-01-12 11:03:55,3,1,Verano
