codpro,prod,tipo,cantidad,unidades,total,fecdoc,sucursal,mes,estacion
101767,LOSARTAN 50MG TAB. CJAX30UNID.,GENFAR,1.0,0.0,8.3,2025-01-01 19:02:29,6,1,Verano
101767,LOSARTAN 50MG TAB. CJAX30UNID.,GENFAR,1.0,0.0,8.3,2025-01-02 17:02:28,11,1,Verano
101767,LOSARTAN 50MG TAB. CJAX30UNID.,GENFAR,1.0,0.0,8.3,2025-01-02 19:29:17,4,1,Verano
101767,LOSARTAN 50MG TAB. CJAX30UNID.,GENFAR,0.0,10.0,3.0,2025-01-03 10:40:06,6,1,Verano
101767,LOSARTAN 50MG TAB. CJAX30UNID.,GENFAR,1.0,0.0,8.3,2025-01-03 18:33:35,4,1,Verano
101767,LOSARTAN 50MG TAB. CJAX30UNID.,GENFAR,2.0,0.0,16.6,2025-01-04 08:24:42,15,1,Verano
101767,LOSARTAN 50MG TAB. CJAX30UNID.,GENFAR,1.0,0.0,8.3,2025-01-04 14:23:07,13,1,Verano
101767,LOSARTAN 50MG TAB. CJAX30UNID.,GENFAR,1.0,0.0,8.3,2025-01-04 18:43:41,5,1,Verano
101767,LOSARTAN 50MG TAB. CJAX30UNID.,GENFAR,1.0,0.0,8.3,2025-01-04 19:47:20,12,1,Verano
101767,LOSARTAN 50MG TAB. CJAX30UNID.,GENFAR,1.0,0.0,8.3,2025-01-05 11:08:38,2,1,Verano
101767,LOSARTAN 50MG TAB. CJAX30UNID.,GENFAR,0.0,10.0,3.0,2025-01-05 18:49:20,5,1,Verano
101767,LOSARTAN 50MG TAB. CJAX30UNID.,GENFAR,0.0,12.0,3.6,2025-01-05 19:03:05,5,1,Verano
101767,LOSARTAN 50MG TAB. CJAX30UNID.,GENFAR,1.0,0.0,8.3,2025-01-06 15:54:38,15,1,Verano
101767,LOSARTAN 50MG TAB. CJAX30UNID.,GENFAR,2.0,0.0,16.6,2025-01-06 18:00:19,8,1,Verano
101767,LOSARTAN 50MG TAB. CJAX30UNID.,GENFAR,1.0,0.0,8.3,2025-01-06 20:28:14,14,1,Verano
101767,LOSARTAN 50MG TAB. CJAX30UNID.,GENFAR,1.0,0.0,8.3,2025-01-06 22:07:22,7,1,Verano
101767,LOSARTAN 50MG TAB. CJAX30UNID.,GENFAR,1.0,0.0,8.3,2025-01-07 11:10:20,11,1,Verano
101767,LOSARTAN 50MG TAB. CJAX30UNID.,GENFAR,0.0,10.0,3.0,2025-01-07 17:16:49,2,1,Verano
101767,LOSARTAN 50MG TAB. CJAX30UNID.,GENFAR,0.0,-10.0,-3.0,2025-01-07 17:17:21,2,1,Verano
101767,LOSARTAN 50MG TAB. CJAX30UNID.,GENFAR,1.0,0.0,8.3,2025-01-08 12:23:51,15,1,Verano
101767,LOSARTAN 50MG TAB. CJAX30UNID.,GENFAR,1.0,0.0,8.3,2025-01-08 20:24:04,6,1,Verano
101767,LOSARTAN 50MG TAB. CJAX30UNID.,GENFAR,1.0,0.0,8.3,2025-01-08 20:38:25,7,1,Verano
101767,LOSARTAN 50MG TAB. CJAX30UNID.,GENFAR,1.0,0.0,8.3,2025-01-08 21:52:15,5,1,Verano
101767,LOSARTAN 50MG TAB. CJAX30UNID.,GENFAR,0.0,30.0,9.0,2025-01-09 15:34:30,10,1,Verano
101767,LOSARTAN 50MG TAB. CJAX30UNID.,GENFAR,0.0,-30.0,-9.0,2025-01-09 15:41:39,10,1,Verano
101767,LOSARTAN 50MG TAB. CJAX30UNID.,GENFAR,0.0,30.0,9.0,2025-01-09 15:43:47,10,1,Verano
101767,LOSARTAN 50MG TAB. CJAX30UNID.,GENFAR,3.0,0.0,24.9,2025-01-09 19:15:38,2,1,Verano
101767,LOSARTAN 50MG TAB. CJAX30UNID.,GENFAR,1.0,0.0,8.3,2025-01-09 20:21:26,2,1,Verano
101767,LOSARTAN 50MG TAB. CJAX30UNID.,GENFAR,1.0,0.0,8.3,2025-01-09 20:30:24,2,1,Verano
101767,LOSARTAN 50MG TAB. CJAX30UNID.,GENFAR,1.0,0.0,8.3,2025-01-10 13:19:57,11,1,Verano
101767,LOSARTAN 50MG TAB. CJAX30UNID.,GENFAR,1.0,0.0,8.3,2025-01-10 13:35:29,15,1,Verano
101767,LOSARTAN 50MG TAB. CJAX30UNID.,GENFAR,1.0,0.0,8.3,2025-01-10 15:27:05,1,1,Verano
101767,LOSARTAN 50MG TAB. CJAX30UNID.,GENFAR,1.0,0.0,8.3,2025-01-10 17:18:34,7,1,Verano
101767,LOSARTAN 50MG TAB. CJAX30UNID.,GENFAR,1.0,0.0,8.3,2025-01-10 17:21:38,5,1,Verano
101767,LOSARTAN 50MG TAB. CJAX30UNID.,GENFAR,1.0,0.0,8.3,2025-01-10 20:56:35,5,1,Verano
101767,LOSARTAN 50MG TAB. CJAX30UNID.,GENFAR,0.0,10.0,3.0,2025-01-10 22:27:14,10,1,Verano
101767,LOSARTAN 50MG TAB. CJAX30UNID.,GENFAR,0.0,10.0,3.0,2025-01-10 22:49:07,10,1,Verano
101767,LOSARTAN 50MG TAB. CJAX30UNID.,GENFAR,1.0,0.0,8.3,2025-01-11 10:31:37,5,1,Verano
101767,LOSARTAN 50MG TAB. CJAX30UNID.,GENFAR,1.0,0.0,8.3,2025-01-11 12:56:44,14,1,Verano
101767,LOSARTAN 50MG TAB. CJAX30UNID.,GENFAR,1.0,0.0,8.3,2025-01-11 16:07:58,6,1,Verano
101767,LOSARTAN 50MG TAB. CJAX30UNID.,GENFAR,0.0,10.0,3.0,2025-01-11 19:18:23,13,1,Verano
101767,LOSARTAN 50MG TAB. CJAX30UNID.,GENFAR,0.0,10.0,3.0,2025-01-11 19:59:08,4,1,Verano
101767,LOSARTAN 50MG TAB. CJAX30UNID.,GENFAR,1.0,0.0,8.3,2025-01-11 20:15:12,10,1,Verano
101767,LOSARTAN 50MG TAB. CJAX30UNID.,GENFAR,1.0,0.0,8.3,2025-01-12 11:10:35,11,1,Verano
101767,LOSARTAN 50MG TAB. CJAX30UNID.,GENFAR,0.0,60.0,18.0,2025-01-12 17:38:13,3,1,Verano
101767,LOSARTAN 50MG TAB. CJAX30UNID.,GENFAR,0.0,10.0,3.0,2025-01-13 18:17:39,10,1,Verano
101767,LOSARTAN 50MG TAB. CJAX30UNID.,GENFAR,0.0,20.0,6.0,2025-01-13 18:20:36,10,1,Verano
101767,LOSARTAN 50MG TAB. CJAX30UNID.,GENFAR,1.0,0.0,8.3,2025-01-13 19:03:23,14,1,Verano
101767,LOSARTAN 50MG TAB. CJAX30UNID.,GENFAR,1.0,0.0,8.3,2025-01-13 20:58:12,8,1,Verano
101767,LOSARTAN 50MG TAB. CJAX30UNID.,GENFAR,1.0,0.0,8.3,2025-01-14 19:36:34,2,1,Verano
101767,LOSARTAN 50MG TAB. CJAX30UNID.,GENFAR,0.0,30.0,9.0,2025-01-14 20:29:30,6,1,Verano
101767,LOSARTAN 50MG TAB. CJAX30UNID.,GENFAR,1.0,0.0,8.3,2025-01-15 09:32:42,5,1,Verano
101767,LOSARTAN 50MG TAB. CJAX30UNID.,GENFAR,1.0,0.0,8.3,2025-01-15 19:27:50,8,1,Verano
101767,LOSARTAN 50MG TAB. CJAX30UNID.,GENFAR,1.0,0.0,8.3,2025-01-16 10:06:06,1,1,Verano
101767,LOSARTAN 50MG TAB. CJAX30UNID.,GENFAR,1.0,0.0,8.3,2025-01-16 10:11:15,13,1,Verano
101767,LOSARTAN 50MG TAB. CJAX30UNID.,GENFAR,0.0,3.0,0.9,2025-01-16 16:11:08,3,1,Verano
101767,LOSARTAN 50MG TAB. CJAX30UNID.,GENFAR,0.0,5.0,1.5,2025-01-16 21:20:23,12,1,Verano
101767,LOSARTAN 50MG TAB. CJAX30UNID.,GENFAR,2.0,0.0,16.6,2025-01-17 10:44:07,2,1,Verano
101767,LOSARTAN 50MG TAB. CJAX30UNID.,GENFAR,0.0,1.0,0.3,2025-01-17 17:04:08,3,1,Verano
101767,LOSARTAN 50MG TAB. CJAX30UNID.,GENFAR,1.0,0.0,8.3,2025-01-18 08:23:19,5,1,Verano
101767,LOSARTAN 50MG TAB. CJAX30UNID.,GENFAR,1.0,0.0,8.3,2025-01-18 12:42:39,1,1,Verano
101767,LOSARTAN 50MG TAB. CJAX30UNID.,GENFAR,2.0,0.0,16.6,2025-01-18 17:23:35,5,1,Verano
101767,LOSARTAN 50MG TAB. CJAX30UNID.,GENFAR,1.0,0.0,8.3,2025-01-18 18:17:51,10,1,Verano
101767,LOSARTAN 50MG TAB. CJAX30UNID.,GENFAR,1.0,0.0,8.3,2025-01-18 21:09:54,6,1,Verano
101767,LOSARTAN 50MG TAB. CJAX30UNID.,GENFAR,1.0,0.0,8.3,2025-01-19 20:11:47,6,1,Verano
101767,LOSARTAN 50MG TAB. CJAX30UNID.,GENFAR,1.0,0.0,8.3,2025-01-19 21:15:09,1,1,Verano
101767,LOSARTAN 50MG TAB. CJAX30UNID.,GENFAR,1.0,0.0,8.3,2025-01-20 09:18:05,4,1,Verano
101767,LOSARTAN 50MG TAB. CJAX30UNID.,GENFAR,2.0,0.0,16.6,2025-01-20 11:40:04,9,1,Verano
101767,LOSARTAN 50MG TAB. CJAX30UNID.,GENFAR,-1.0,0.0,-8.3,2025-01-20 12:00:00,4,1,Verano
101767,LOSARTAN 50MG TAB. CJAX30UNID.,GENFAR,1.0,0.0,8.3,2025-01-20 13:56:47,13,1,Verano
101767,LOSARTAN 50MG TAB. CJAX30UNID.,GENFAR,1.0,0.0,8.3,2025-01-20 21:03:56,8,1,Verano
101767,LOSARTAN 50MG TAB. CJAX30UNID.,GENFAR,0.0,10.0,3.0,2025-01-21 07:25:41,12,1,Verano
101767,LOSARTAN 50MG TAB. CJAX30UNID.,GENFAR,0.0,10.0,3.0,2025-01-21 08:34:09,4,1,Verano
101767,LOSARTAN 50MG TAB. CJAX30UNID.,GENFAR,0.0,10.0,3.0,2025-01-21 11:06:33,2,1,Verano
101767,LOSARTAN 50MG TAB. CJAX30UNID.,GENFAR,1.0,0.0,8.3,2025-01-21 12:18:23,10,1,Verano
101767,LOSARTAN 50MG TAB. CJAX30UNID.,GENFAR,1.0,0.0,8.3,2025-01-21 12:50:04,6,1,Verano
101767,LOSARTAN 50MG TAB. CJAX30UNID.,GENFAR,1.0,0.0,8.3,2025-01-21 19:40:25,3,1,Verano
101767,LOSARTAN 50MG TAB. CJAX30UNID.,GENFAR,1.0,0.0,8.3,2025-01-22 11:47:56,4,1,Verano
101767,LOSARTAN 50MG TAB. CJAX30UNID.,GENFAR,0.0,10.0,3.0,2025-01-22 18:52:36,10,1,Verano
101767,LOSARTAN 50MG TAB. CJAX30UNID.,GENFAR,1.0,0.0,8.3,2025-01-22 20:04:14,2,1,Verano
101767,LOSARTAN 50MG TAB. CJAX30UNID.,GENFAR,1.0,0.0,8.3,2025-01-22 20:32:17,2,1,Verano
101767,LOSARTAN 50MG TAB. CJAX30UNID.,GENFAR,3.0,0.0,24.9,2025-01-23 09:01:10,15,1,Verano
101767,LOSARTAN 50MG TAB. CJAX30UNID.,GENFAR,1.0,0.0,8.3,2025-01-23 18:17:49,5,1,Verano
101767,LOSARTAN 50MG TAB. CJAX30UNID.,GENFAR,0.0,10.0,3.0,2025-01-24 11:07:07,10,1,Verano
101767,LOSARTAN 50MG TAB. CJAX30UNID.,GENFAR,1.0,0.0,8.3,2025-01-24 22:08:39,3,1,Verano
101767,LOSARTAN 50MG TAB. CJAX30UNID.,GENFAR,1.0,0.0,8.3,2025-01-25 17:55:33,13,1,Verano
101767,LOSARTAN 50MG TAB. CJAX30UNID.,GENFAR,1.0,0.0,8.3,2025-01-25 21:45:59,2,1,Verano
101767,LOSARTAN 50MG TAB. CJAX30UNID.,GENFAR,1.0,0.0,8.3,2025-01-26 13:32:29,2,1,Verano
101767,LOSARTAN 50MG TAB. CJAX30UNID.,GENFAR,1.0,0.0,8.3,2025-01-26 17:51:24,4,1,Verano
101767,LOSARTAN 50MG TAB. CJAX30UNID.,GENFAR,1.0,0.0,8.3,2025-01-26 20:24:23,14,1,Verano
101767,LOSARTAN 50MG TAB. CJAX30UNID.,GENFAR,1.0,0.0,8.3,2025-01-26 22:12:13,14,1,Verano
101767,LOSARTAN 50MG TAB. CJAX30UNID.,GENFAR,1.0,0.0,8.3,2025-01-27 08:26:28,2,1,Verano
101767,LOSARTAN 50MG TAB. CJAX30UNID.,GENFAR,-1.0,0.0,-8.3,2025-01-27 08:29:23,2,1,Verano
101767,LOSARTAN 50MG TAB. CJAX30UNID.,GENFAR,1.0,0.0,8.3,2025-01-27 08:32:29,2,1,Verano
101767,LOSARTAN 50MG TAB. CJAX30UNID.,GENFAR,1.0,0.0,8.3,2025-01-27 10:48:56,13,1,Verano
101767,LOSARTAN 50MG TAB. CJAX30UNID.,GENFAR,1.0,0.0,8.3,2025-01-27 19:44:44,9,1,Verano
101767,LOSARTAN 50MG TAB. CJAX30UNID.,GENFAR,1.0,0.0,8.3,2025-01-27 23:10:11,4,1,Verano
101767,LOSARTAN 50MG TAB. CJAX30UNID.,GENFAR,0.0,10.0,3.0,2025-01-28 18:52:46,12,1,Verano
101767,LOSARTAN 50MG TAB. CJAX30UNID.,GENFAR,1.0,0.0,8.3,2025-01-29 10:33:45,15,1,Verano
101767,LOSARTAN 50MG TAB. CJAX30UNID.,GENFAR,1.0,0.0,8.3,2025-01-29 12:46:30,14,1,Verano
101767,LOSARTAN 50MG TAB. CJAX30UNID.,GENFAR,0.0,8.0,2.4,2025-01-29 22:11:55,13,1,Verano
101767,LOSARTAN 50MG TAB. CJAX30UNID.,GENFAR,1.0,0.0,8.3,2025-01-30 10:06:24,11,1,Verano
101767,LOSARTAN 50MG TAB. CJAX30UNID.,GENFAR,1.0,0.0,8.3,2025-01-30 19:06:49,15,1,Verano
101767,LOSARTAN 50MG TAB. CJAX30UNID.,GENFAR,1.0,0.0,8.3,2025-01-31 10:02:36,6,1,Verano
101767,LOSARTAN 50MG TAB. CJAX30UNID.,GENFAR,1.0,0.0,8.3,2025-01-31 15:35:43,12,1,Verano
101767,LOSARTAN 50MG TAB. CJAX30UNID.,GENFAR,1.0,0.0,8.3,2025-01-31 21:31:52,15,1,Verano
101767,LOSARTAN 50MG TAB. CJAX30UNID.,GENFAR,1.0,0.0,8.3,2025-02-01 10:00:13,13,2,Verano
101767,LOSARTAN 50MG TAB. CJAX30UNID.,GENFAR,1.0,0.0,8.3,2025-02-01 12:35:13,1,2,Verano
101767,LOSARTAN 50MG TAB. CJAX30UNID.,GENFAR,5.0,0.0,41.5,2025-02-01 16:18:33,11,2,Verano
101767,LOSARTAN 50MG TAB. CJAX30UNID.,GENFAR,0.0,10.0,3.0,2025-02-03 07:07:09,12,2,Verano
101767,LOSARTAN 50MG TAB. CJAX30UNID.,GENFAR,1.0,0.0,8.3,2025-02-03 11:28:22,15,2,Verano
101767,LOSARTAN 50MG TAB. CJAX30UNID.,GENFAR,1.0,0.0,8.3,2025-02-03 13:21:09,6,2,Verano
101767,LOSARTAN 50MG TAB. CJAX30UNID.,GENFAR,1.0,0.0,8.3,2025-02-03 19:50:28,9,2,Verano
101767,LOSARTAN 50MG TAB. CJAX30UNID.,GENFAR,1.0,0.0,8.3,2025-02-03 20:08:39,4,2,Verano
101767,LOSARTAN 50MG TAB. CJAX30UNID.,GENFAR,1.0,0.0,8.3,2025-02-04 09:41:55,3,2,Verano
101767,LOSARTAN 50MG TAB. CJAX30UNID.,GENFAR,0.0,30.0,9.0,2025-02-04 18:09:31,10,2,Verano
101767,LOSARTAN 50MG TAB. CJAX30UNID.,GENFAR,0.0,2.0,0.6,2025-02-05 08:50:07,12,2,Verano
101767,LOSARTAN 50MG TAB. CJAX30UNID.,GENFAR,1.0,0.0,8.3,2025-02-05 09:42:25,6,2,Verano
101767,LOSARTAN 50MG TAB. CJAX30UNID.,GENFAR,0.0,28.0,8.4,2025-02-05 10:46:39,3,2,Verano
101767,LOSARTAN 50MG TAB. CJAX30UNID.,GENFAR,1.0,0.0,8.3,2025-02-05 13:51:00,13,2,Verano
101767,LOSARTAN 50MG TAB. CJAX30UNID.,GENFAR,3.0,0.0,24.9,2025-02-05 20:56:28,12,2,Verano
101767,LOSARTAN 50MG TAB. CJAX30UNID.,GENFAR,1.0,0.0,8.3,2025-02-06 13:37:05,15,2,Verano
101767,LOSARTAN 50MG TAB. CJAX30UNID.,GENFAR,1.0,0.0,8.3,2025-02-06 18:58:59,15,2,Verano
101767,LOSARTAN 50MG TAB. CJAX30UNID.,GENFAR,0.0,30.0,9.0,2025-02-06 19:34:10,10,2,Verano
101767,LOSARTAN 50MG TAB. CJAX30UNID.,GENFAR,1.0,0.0,8.3,2025-02-08 09:47:58,14,2,Verano
101767,LOSARTAN 50MG TAB. CJAX30UNID.,GENFAR,2.0,0.0,16.6,2025-02-08 16:44:44,5,2,Verano
101767,LOSARTAN 50MG TAB. CJAX30UNID.,GENFAR,1.0,0.0,8.3,2025-02-08 18:46:15,14,2,Verano
101767,LOSARTAN 50MG TAB. CJAX30UNID.,GENFAR,1.0,0.0,8.3,2025-02-09 13:03:49,3,2,Verano
101767,LOSARTAN 50MG TAB. CJAX30UNID.,GENFAR,1.0,0.0,8.3,2025-02-10 10:37:57,2,2,Verano
101767,LOSARTAN 50MG TAB. CJAX30UNID.,GENFAR,1.0,0.0,8.3,2025-02-10 17:29:32,7,2,Verano
101767,LOSARTAN 50MG TAB. CJAX30UNID.,GENFAR,1.0,0.0,8.3,2025-02-10 19:59:24,8,2,Verano
101767,LOSARTAN 50MG TAB. CJAX30UNID.,GENFAR,1.0,0.0,8.3,2025-02-10 20:07:46,7,2,Verano
101767,LOSARTAN 50MG TAB. CJAX30UNID.,GENFAR,1.0,0.0,8.3,2025-02-11 10:49:49,6,2,Verano
101767,LOSARTAN 50MG TAB. CJAX30UNID.,GENFAR,1.0,0.0,8.3,2025-02-11 14:14:27,15,2,Verano
101767,LOSARTAN 50MG TAB. CJAX30UNID.,GENFAR,1.0,0.0,8.3,2025-02-11 20:38:17,12,2,Verano
101767,LOSARTAN 50MG TAB. CJAX30UNID.,GENFAR,1.0,0.0,8.3,2025-02-12 11:07:36,9,2,Verano
101767,LOSARTAN 50MG TAB. CJAX30UNID.,GENFAR,0.0,10.0,3.0,2025-02-12 11:18:42,5,2,Verano
101767,LOSARTAN 50MG TAB. CJAX30UNID.,GENFAR,1.0,0.0,8.3,2025-02-12 14:35:47,13,2,Verano
101767,LOSARTAN 50MG TAB. CJAX30UNID.,GENFAR,1.0,0.0,8.3,2025-02-12 19:35:12,1,2,Verano
101767,LOSARTAN 50MG TAB. CJAX30UNID.,GENFAR,1.0,0.0,8.3,2025-02-12 19:51:36,11,2,Verano
101767,LOSARTAN 50MG TAB. CJAX30UNID.,GENFAR,1.0,0.0,8.3,2025-02-12 22:29:28,6,2,Verano
101767,LOSARTAN 50MG TAB. CJAX30UNID.,GENFAR,1.0,0.0,8.3,2025-02-13 07:40:19,4,2,Verano
101767,LOSARTAN 50MG TAB. CJAX30UNID.,GENFAR,0.0,10.0,3.0,2025-02-13 08:20:51,12,2,Verano
101767,LOSARTAN 50MG TAB. CJAX30UNID.,GENFAR,1.0,0.0,8.3,2025-02-13 09:24:51,14,2,Verano
101767,LOSARTAN 50MG TAB. CJAX30UNID.,GENFAR,1.0,0.0,8.3,2025-02-13 16:19:12,6,2,Verano
101767,LOSARTAN 50MG TAB. CJAX30UNID.,GENFAR,2.0,0.0,16.6,2025-02-13 18:31:05,5,2,Verano
101767,LOSARTAN 50MG TAB. CJAX30UNID.,GENFAR,0.0,20.0,6.0,2025-02-13 18:34:37,2,2,Verano
101767,LOSARTAN 50MG TAB. CJAX30UNID.,GENFAR,2.0,0.0,16.6,2025-02-13 21:04:19,8,2,Verano
101767,LOSARTAN 50MG TAB. CJAX30UNID.,GENFAR,1.0,0.0,8.3,2025-02-13 22:34:21,4,2,Verano
101767,LOSARTAN 50MG TAB. CJAX30UNID.,GENFAR,1.0,0.0,8.3,2025-02-14 09:08:44,11,2,Verano
101767,LOSARTAN 50MG TAB. CJAX30UNID.,GENFAR,1.0,0.0,8.3,2025-02-14 20:49:26,15,2,Verano
101767,LOSARTAN 50MG TAB. CJAX30UNID.,GENFAR,1.0,0.0,8.3,2025-02-15 09:31:57,6,2,Verano
101767,LOSARTAN 50MG TAB. CJAX30UNID.,GENFAR,1.0,0.0,8.3,2025-02-15 10:00:34,6,2,Verano
101767,LOSARTAN 50MG TAB. CJAX30UNID.,GENFAR,1.0,0.0,8.3,2025-02-15 10:54:37,1,2,Verano
101767,LOSARTAN 50MG TAB. CJAX30UNID.,GENFAR,1.0,0.0,8.3,2025-02-15 12:21:06,1,2,Verano
101767,LOSARTAN 50MG TAB. CJAX30UNID.,GENFAR,2.0,0.0,16.6,2025-02-15 12:27:14,15,2,Verano
101767,LOSARTAN 50MG TAB. CJAX30UNID.,GENFAR,1.0,0.0,8.3,2025-02-15 20:14:32,10,2,Verano
101767,LOSARTAN 50MG TAB. CJAX30UNID.,GENFAR,1.0,0.0,8.3,2025-02-16 10:59:56,5,2,Verano
101767,LOSARTAN 50MG TAB. CJAX30UNID.,GENFAR,1.0,0.0,8.3,2025-02-16 13:03:34,11,2,Verano
101767,LOSARTAN 50MG TAB. CJAX30UNID.,GENFAR,1.0,0.0,8.3,2025-02-17 16:24:58,4,2,Verano
101767,LOSARTAN 50MG TAB. CJAX30UNID.,GENFAR,1.0,0.0,8.3,2025-02-18 12:44:42,5,2,Verano
101767,LOSARTAN 50MG TAB. CJAX30UNID.,GENFAR,2.0,0.0,16.6,2025-02-18 16:59:15,1,2,Verano
101767,LOSARTAN 50MG TAB. CJAX30UNID.,GENFAR,0.0,10.0,3.0,2025-02-19 10:23:16,6,2,Verano
101767,LOSARTAN 50MG TAB. CJAX30UNID.,GENFAR,1.0,0.0,8.3,2025-02-19 10:55:22,6,2,Verano
101767,LOSARTAN 50MG TAB. CJAX30UNID.,GENFAR,1.0,0.0,8.3,2025-02-19 13:38:29,3,2,Verano
101767,LOSARTAN 50MG TAB. CJAX30UNID.,GENFAR,1.0,0.0,8.3,2025-02-19 17:37:28,1,2,Verano
101767,LOSARTAN 50MG TAB. CJAX30UNID.,GENFAR,1.0,0.0,8.3,2025-02-19 19:36:11,15,2,Verano
101767,LOSARTAN 50MG TAB. CJAX30UNID.,GENFAR,1.0,0.0,8.3,2025-02-19 20:05:13,1,2,Verano
101767,LOSARTAN 50MG TAB. CJAX30UNID.,GENFAR,1.0,0.0,8.3,2025-02-19 22:17:45,14,2,Verano
101767,LOSARTAN 50MG TAB. CJAX30UNID.,GENFAR,2.0,0.0,16.6,2025-02-20 17:46:07,2,2,Verano
101767,LOSARTAN 50MG TAB. CJAX30UNID.,GENFAR,1.0,0.0,8.3,2025-02-20 18:34:03,5,2,Verano
101767,LOSARTAN 50MG TAB. CJAX30UNID.,GENFAR,1.0,0.0,8.3,2025-02-20 19:40:30,4,2,Verano
101767,LOSARTAN 50MG TAB. CJAX30UNID.,GENFAR,1.0,0.0,8.3,2025-02-21 11:31:57,9,2,Verano
101767,LOSARTAN 50MG TAB. CJAX30UNID.,GENFAR,1.0,0.0,8.3,2025-02-21 12:31:00,8,2,Verano
101767,LOSARTAN 50MG TAB. CJAX30UNID.,GENFAR,1.0,0.0,8.3,2025-02-21 13:24:31,12,2,Verano
101767,LOSARTAN 50MG TAB. CJAX30UNID.,GENFAR,1.0,0.0,8.3,2025-02-21 13:39:47,6,2,Verano
101767,LOSARTAN 50MG TAB. CJAX30UNID.,GENFAR,1.0,0.0,8.3,2025-02-21 13:49:57,9,2,Verano
101767,LOSARTAN 50MG TAB. CJAX30UNID.,GENFAR,1.0,0.0,8.3,2025-02-21 15:08:39,12,2,Verano
101767,LOSARTAN 50MG TAB. CJAX30UNID.,GENFAR,2.0,0.0,16.6,2025-02-21 15:26:50,3,2,Verano
101767,LOSARTAN 50MG TAB. CJAX30UNID.,GENFAR,1.0,0.0,8.3,2025-02-21 22:13:41,8,2,Verano
101767,LOSARTAN 50MG TAB. CJAX30UNID.,GENFAR,0.0,30.0,9.0,2025-02-22 11:08:11,2,2,Verano
101767,LOSARTAN 50MG TAB. CJAX30UNID.,GENFAR,2.0,0.0,16.6,2025-02-22 19:20:37,1,2,Verano
101767,LOSARTAN 50MG TAB. CJAX30UNID.,GENFAR,2.0,0.0,16.6,2025-02-23 09:58:17,5,2,Verano
101767,LOSARTAN 50MG TAB. CJAX30UNID.,GENFAR,2.0,0.0,16.6,2025-02-23 18:29:47,14,2,Verano
101767,LOSARTAN 50MG TAB. CJAX30UNID.,GENFAR,1.0,0.0,8.3,2025-02-24 11:44:53,9,2,Verano
101767,LOSARTAN 50MG TAB. CJAX30UNID.,GENFAR,1.0,0.0,8.3,2025-02-24 18:16:09,9,2,Verano
101767,LOSARTAN 50MG TAB. CJAX30UNID.,GENFAR,1.0,0.0,8.3,2025-02-24 18:46:19,8,2,Verano
101767,LOSARTAN 50MG TAB. CJAX30UNID.,GENFAR,1.0,0.0,8.3,2025-02-24 20:14:57,15,2,Verano
101767,LOSARTAN 50MG TAB. CJAX30UNID.,GENFAR,0.0,2.0,0.6,2025-02-24 21:01:11,1,2,Verano
101767,LOSARTAN 50MG TAB. CJAX30UNID.,GENFAR,1.0,0.0,8.3,2025-02-25 19:08:21,7,2,Verano
101767,LOSARTAN 50MG TAB. CJAX30UNID.,GENFAR,1.0,0.0,8.3,2025-02-26 10:11:23,6,2,Verano
101767,LOSARTAN 50MG TAB. CJAX30UNID.,GENFAR,1.0,0.0,7.88,2025-02-26 10:12:49,11,2,Verano
101767,LOSARTAN 50MG TAB. CJAX30UNID.,GENFAR,0.0,10.0,3.0,2025-02-26 10:37:02,2,2,Verano
101767,LOSARTAN 50MG TAB. CJAX30UNID.,GENFAR,0.0,20.0,6.0,2025-02-26 10:43:36,2,2,Verano
101767,LOSARTAN 50MG TAB. CJAX30UNID.,GENFAR,1.0,0.0,8.3,2025-02-26 14:32:33,2,2,Verano
101767,LOSARTAN 50MG TAB. CJAX30UNID.,GENFAR,3.0,0.0,24.9,2025-02-26 18:57:46,10,2,Verano
101767,LOSARTAN 50MG COM.REC CJAX30UND,GENFAR,1.0,0.0,8.5,2025-02-27 07:17:44,14,2,Verano
101767,LOSARTAN 50MG COM.REC CJAX30UND,GENFAR,1.0,0.0,8.5,2025-02-27 08:18:02,6,2,Verano
101767,LOSARTAN 50MG COM.REC CJAX30UND,GENFAR,1.0,0.0,8.5,2025-02-27 11:09:36,11,2,Verano
101767,LOSARTAN 50MG COM.REC CJAX30UND,GENFAR,2.0,0.0,17.0,2025-02-27 12:03:35,1,2,Verano
101767,LOSARTAN 50MG COM.REC CJAX30UND,GENFAR,1.0,0.0,8.5,2025-02-27 17:43:57,2,2,Verano
101767,LOSARTAN 50MG COM.REC CJAX30UND,GENFAR,1.0,0.0,8.5,2025-02-28 20:08:27,1,2,Verano
101767,LOSARTAN 50MG COM.REC CJAX30UND,GENFAR,1.0,0.0,8.5,2025-03-01 09:31:12,14,3,Otoño
101767,LOSARTAN 50MG COM.REC CJAX30UND,GENFAR,1.0,0.0,8.5,2025-03-01 11:21:33,3,3,Otoño
101767,LOSARTAN 50MG COM.REC CJAX30UND,GENFAR,1.0,0.0,8.5,2025-03-01 18:20:52,5,3,Otoño
101767,LOSARTAN 50MG COM.REC CJAX30UND,GENFAR,1.0,0.0,8.5,2025-03-02 08:30:21,7,3,Otoño
101767,LOSARTAN 50MG COM.REC CJAX30UND,GENFAR,1.0,0.0,8.5,2025-03-02 11:16:02,7,3,Otoño
101767,LOSARTAN 50MG COM.REC CJAX30UND,GENFAR,1.0,0.0,8.5,2025-03-02 19:11:24,4,3,Otoño
101767,LOSARTAN 50MG COM.REC CJAX30UND,GENFAR,0.0,10.0,3.0,2025-03-02 22:11:11,13,3,Otoño
101767,LOSARTAN 50MG COM.REC CJAX30UND,GENFAR,1.0,0.0,8.5,2025-03-03 08:59:07,3,3,Otoño
101767,LOSARTAN 50MG COM.REC CJAX30UND,GENFAR,1.0,0.0,8.5,2025-03-03 12:33:12,15,3,Otoño
101767,LOSARTAN 50MG COM.REC CJAX30UND,GENFAR,0.0,30.0,9.0,2025-03-03 20:01:59,14,3,Otoño
101767,LOSARTAN 50MG COM.REC CJAX30UND,GENFAR,1.0,0.0,8.5,2025-03-04 07:42:18,12,3,Otoño
101767,LOSARTAN 50MG COM.REC CJAX30UND,GENFAR,1.0,0.0,8.5,2025-03-04 07:51:53,15,3,Otoño
101767,LOSARTAN 50MG COM.REC CJAX30UND,GENFAR,1.0,0.0,8.5,2025-03-04 15:41:56,2,3,Otoño
101767,LOSARTAN 50MG COM.REC CJAX30UND,GENFAR,1.0,0.0,8.5,2025-03-05 13:44:32,2,3,Otoño
101767,LOSARTAN 50MG COM.REC CJAX30UND,GENFAR,1.0,0.0,8.5,2025-03-05 19:03:45,6,3,Otoño
101767,LOSARTAN 50MG COM.REC CJAX30UND,GENFAR,0.0,10.0,3.0,2025-03-05 20:00:28,3,3,Otoño
101767,LOSARTAN 50MG COM.REC CJAX30UND,GENFAR,1.0,0.0,8.5,2025-03-06 09:10:39,1,3,Otoño
101767,LOSARTAN 50MG COM.REC CJAX30UND,GENFAR,1.0,0.0,8.5,2025-03-06 15:01:39,2,3,Otoño
101767,LOSARTAN 50MG COM.REC CJAX30UND,GENFAR,1.0,0.0,8.5,2025-03-06 18:43:05,9,3,Otoño
101767,LOSARTAN 50MG COM.REC CJAX30UND,GENFAR,1.0,0.0,8.5,2025-03-06 19:33:19,9,3,Otoño
101767,LOSARTAN 50MG COM.REC CJAX30UND,GENFAR,1.0,0.0,8.5,2025-03-06 20:04:42,9,3,Otoño
101767,LOSARTAN 50MG COM.REC CJAX30UND,GENFAR,2.0,0.0,17.0,2025-03-06 20:40:07,1,3,Otoño
101767,LOSARTAN 50MG COM.REC CJAX30UND,GENFAR,1.0,0.0,8.5,2025-03-07 07:57:31,2,3,Otoño
101767,LOSARTAN 50MG COM.REC CJAX30UND,GENFAR,1.0,0.0,8.5,2025-03-07 09:40:36,4,3,Otoño
101767,LOSARTAN 50MG COM.REC CJAX30UND,GENFAR,1.0,0.0,8.5,2025-03-07 11:26:19,9,3,Otoño
101767,LOSARTAN 50MG COM.REC CJAX30UND,GENFAR,1.0,0.0,8.5,2025-03-07 11:28:46,4,3,Otoño
101767,LOSARTAN 50MG COM.REC CJAX30UND,GENFAR,1.0,0.0,8.5,2025-03-07 19:55:22,1,3,Otoño
101767,LOSARTAN 50MG COM.REC CJAX30UND,GENFAR,2.0,0.0,17.0,2025-03-07 19:58:13,2,3,Otoño
101767,LOSARTAN 50MG COM.REC CJAX30UND,GENFAR,1.0,0.0,8.5,2025-03-07 23:02:27,4,3,Otoño
101767,LOSARTAN 50MG COM.REC CJAX30UND,GENFAR,1.0,0.0,8.5,2025-03-08 09:51:39,6,3,Otoño
101767,LOSARTAN 50MG COM.REC CJAX30UND,GENFAR,1.0,0.0,8.5,2025-03-08 10:38:17,6,3,Otoño
101767,LOSARTAN 50MG COM.REC CJAX30UND,GENFAR,1.0,0.0,8.5,2025-03-08 13:20:05,3,3,Otoño
101767,LOSARTAN 50MG COM.REC CJAX30UND,GENFAR,1.0,0.0,8.5,2025-03-08 17:14:37,4,3,Otoño
101767,LOSARTAN 50MG COM.REC CJAX30UND,GENFAR,0.0,30.0,9.0,2025-03-08 20:33:53,1,3,Otoño
101767,LOSARTAN 50MG COM.REC CJAX30UND,GENFAR,1.0,0.0,8.5,2025-03-08 21:13:08,12,3,Otoño
101767,LOSARTAN 50MG COM.REC CJAX30UND,GENFAR,0.0,3.0,0.9,2025-03-08 22:57:37,13,3,Otoño
101767,LOSARTAN 50MG COM.REC CJAX30UND,GENFAR,1.0,0.0,8.5,2025-03-09 09:16:26,13,3,Otoño
101767,LOSARTAN 50MG COM.REC CJAX30UND,GENFAR,-1.0,0.0,-8.5,2025-03-09 12:00:00,5,3,Otoño
101767,LOSARTAN 50MG COM.REC CJAX30UND,GENFAR,1.0,0.0,8.5,2025-03-09 12:46:23,5,3,Otoño
101767,LOSARTAN 50MG COM.REC CJAX30UND,GENFAR,1.0,0.0,8.5,2025-03-09 12:49:19,5,3,Otoño
101767,LOSARTAN 50MG COM.REC CJAX30UND,GENFAR,1.0,0.0,8.5,2025-03-09 20:53:29,5,3,Otoño
101767,LOSARTAN 50MG COM.REC CJAX30UND,GENFAR,1.0,0.0,8.5,2025-03-10 11:09:21,2,3,Otoño
101767,LOSARTAN 50MG COM.REC CJAX30UND,GENFAR,2.0,0.0,17.0,2025-03-10 12:15:40,1,3,Otoño
101767,LOSARTAN 50MG COM.REC CJAX30UND,GENFAR,1.0,0.0,8.5,2025-03-10 17:36:52,10,3,Otoño
101767,LOSARTAN 50MG COM.REC CJAX30UND,GENFAR,0.0,10.0,3.0,2025-03-10 20:43:22,10,3,Otoño
101767,LOSARTAN 50MG COM.REC CJAX30UND,GENFAR,1.0,0.0,8.5,2025-03-10 21:38:38,8,3,Otoño
101767,LOSARTAN 50MG COM.REC CJAX30UND,GENFAR,1.0,0.0,8.5,2025-03-11 08:21:15,13,3,Otoño
101767,LOSARTAN 50MG COM.REC CJAX30UND,GENFAR,0.0,2.0,0.6,2025-03-11 14:31:16,12,3,Otoño
101767,LOSARTAN 50MG COM.REC CJAX30UND,GENFAR,1.0,0.0,8.5,2025-03-11 14:50:24,12,3,Otoño
101767,LOSARTAN 50MG COM.REC CJAX30UND,GENFAR,1.0,0.0,8.5,2025-03-11 21:19:20,2,3,Otoño
101767,LOSARTAN 50MG COM.REC CJAX30UND,GENFAR,1.0,0.0,8.5,2025-03-11 22:21:20,8,3,Otoño
101767,LOSARTAN 50MG COM.REC CJAX30UND,GENFAR,0.0,10.0,3.0,2025-03-12 09:58:27,6,3,Otoño
101767,LOSARTAN 50MG COM.REC CJAX30UND,GENFAR,1.0,0.0,8.5,2025-03-12 11:17:51,9,3,Otoño
101767,LOSARTAN 50MG COM.REC CJAX30UND,GENFAR,1.0,0.0,8.5,2025-03-12 13:12:41,2,3,Otoño
101767,LOSARTAN 50MG COM.REC CJAX30UND,GENFAR,0.0,20.0,6.0,2025-03-12 14:15:22,5,3,Otoño
101767,LOSARTAN 50MG COM.REC CJAX30UND,GENFAR,1.0,0.0,8.5,2025-03-12 15:54:02,6,3,Otoño
101767,LOSARTAN 50MG COM.REC CJAX30UND,GENFAR,1.0,0.0,8.5,2025-03-12 18:46:00,13,3,Otoño
101767,LOSARTAN 50MG COM.REC CJAX30UND,GENFAR,0.0,10.0,3.0,2025-03-12 19:44:04,6,3,Otoño
101767,LOSARTAN 50MG COM.REC CJAX30UND,GENFAR,1.0,0.0,8.5,2025-03-12 22:19:52,10,3,Otoño
101767,LOSARTAN 50MG COM.REC CJAX30UND,GENFAR,1.0,0.0,8.5,2025-03-13 08:43:37,5,3,Otoño
101767,LOSARTAN 50MG COM.REC CJAX30UND,GENFAR,1.0,0.0,8.5,2025-03-13 11:15:36,3,3,Otoño
101767,LOSARTAN 50MG COM.REC CJAX30UND,GENFAR,1.0,0.0,8.5,2025-03-13 16:27:31,7,3,Otoño
101767,LOSARTAN 50MG COM.REC CJAX30UND,GENFAR,0.0,10.0,3.0,2025-03-13 20:01:09,1,3,Otoño
101767,LOSARTAN 50MG COM.REC CJAX30UND,GENFAR,0.0,10.0,3.0,2025-03-14 11:22:53,5,3,Otoño
101767,LOSARTAN 50MG COM.REC CJAX30UND,GENFAR,0.0,10.0,3.0,2025-03-14 17:03:01,10,3,Otoño
101767,LOSARTAN 50MG COM.REC CJAX30UND,GENFAR,1.0,0.0,8.5,2025-03-14 18:21:11,1,3,Otoño
101767,LOSARTAN 50MG COM.REC CJAX30UND,GENFAR,1.0,0.0,8.5,2025-03-14 18:49:01,2,3,Otoño
101767,LOSARTAN 50MG COM.REC CJAX30UND,GENFAR,1.0,0.0,8.5,2025-03-14 21:45:48,12,3,Otoño
101767,LOSARTAN 50MG COM.REC CJAX30UND,GENFAR,1.0,0.0,8.5,2025-03-15 13:42:05,2,3,Otoño
101767,LOSARTAN 50MG COM.REC CJAX30UND,GENFAR,0.0,7.0,2.1,2025-03-15 20:59:20,5,3,Otoño
101767,LOSARTAN 50MG COM.REC CJAX30UND,GENFAR,1.0,0.0,8.5,2025-03-15 21:45:00,14,3,Otoño
101767,LOSARTAN 50MG COM.REC CJAX30UND,GENFAR,0.0,10.0,3.0,2025-03-16 08:51:25,5,3,Otoño
101767,LOSARTAN 50MG COM.REC CJAX30UND,GENFAR,1.0,0.0,8.5,2025-03-16 14:45:20,4,3,Otoño
101767,LOSARTAN 50MG COM.REC CJAX30UND,GENFAR,0.0,30.0,9.0,2025-03-16 16:18:47,4,3,Otoño
101767,LOSARTAN 50MG COM.REC CJAX30UND,GENFAR,1.0,0.0,8.5,2025-03-16 18:25:08,10,3,Otoño
101767,LOSARTAN 50MG COM.REC CJAX30UND,GENFAR,0.0,11.0,3.3,2025-03-17 17:48:53,12,3,Otoño
101767,LOSARTAN 50MG COM.REC CJAX30UND,GENFAR,2.0,0.0,17.0,2025-03-17 17:51:43,5,3,Otoño
101767,LOSARTAN 50MG COM.REC CJAX30UND,GENFAR,1.0,0.0,8.5,2025-03-17 19:45:36,1,3,Otoño
101767,LOSARTAN 50MG COM.REC CJAX30UND,GENFAR,1.0,0.0,8.5,2025-03-17 20:43:31,5,3,Otoño
101767,LOSARTAN 50MG COM.REC CJAX30UND,GENFAR,1.0,0.0,8.5,2025-03-18 10:03:05,1,3,Otoño
101767,LOSARTAN 50MG COM.REC CJAX30UND,GENFAR,1.0,0.0,8.5,2025-03-18 14:03:16,14,3,Otoño
101767,LOSARTAN 50MG COM.REC CJAX30UND,GENFAR,2.0,0.0,17.0,2025-03-18 16:55:26,1,3,Otoño
101767,LOSARTAN 50MG COM.REC CJAX30UND,GENFAR,1.0,0.0,8.5,2025-03-19 09:16:12,6,3,Otoño
101767,LOSARTAN 50MG COM.REC CJAX30UND,GENFAR,1.0,0.0,8.5,2025-03-19 09:20:23,3,3,Otoño
101767,LOSARTAN 50MG COM.REC CJAX30UND,GENFAR,1.0,0.0,8.5,2025-03-19 10:26:20,6,3,Otoño
101767,LOSARTAN 50MG COM.REC CJAX30UND,GENFAR,1.0,0.0,8.5,2025-03-19 11:05:55,9,3,Otoño
101767,LOSARTAN 50MG COM.REC CJAX30UND,GENFAR,1.0,0.0,8.5,2025-03-19 13:03:30,2,3,Otoño
101767,LOSARTAN 50MG COM.REC CJAX30UND,GENFAR,3.0,0.0,25.5,2025-03-19 20:11:25,5,3,Otoño
101767,LOSARTAN 50MG COM.REC CJAX30UND,GENFAR,1.0,0.0,8.5,2025-03-19 20:50:12,7,3,Otoño
101767,LOSARTAN 50MG COM.REC CJAX30UND,GENFAR,1.0,0.0,8.5,2025-03-19 20:59:13,8,3,Otoño
101767,LOSARTAN 50MG COM.REC CJAX30UND,GENFAR,1.0,0.0,8.5,2025-03-20 10:35:14,6,3,Otoño
101767,LOSARTAN 50MG COM.REC CJAX30UND,GENFAR,1.0,0.0,8.5,2025-03-20 15:40:44,6,3,Otoño
101767,LOSARTAN 50MG COM.REC CJAX30UND,GENFAR,1.0,0.0,8.5,2025-03-20 18:33:33,8,3,Otoño
101767,LOSARTAN 50MG COM.REC CJAX30UND,GENFAR,1.0,0.0,8.5,2025-03-20 20:04:31,15,3,Otoño
101767,LOSARTAN 50MG COM.REC CJAX30UND,GENFAR,1.0,0.0,8.5,2025-03-21 13:33:32,2,3,Otoño
101767,LOSARTAN 50MG COM.REC CJAX30UND,GENFAR,1.0,0.0,8.5,2025-03-21 20:17:47,4,3,Otoño
101767,LOSARTAN 50MG COM.REC CJAX30UND,GENFAR,1.0,0.0,8.5,2025-03-21 20:33:34,6,3,Otoño
101767,LOSARTAN 50MG COM.REC CJAX30UND,GENFAR,3.0,0.0,25.5,2025-03-21 20:58:36,15,3,Otoño
101767,LOSARTAN 50MG COM.REC CJAX30UND,GENFAR,1.0,0.0,8.5,2025-03-22 07:56:01,6,3,Otoño
101767,LOSARTAN 50MG COM.REC CJAX30UND,GENFAR,0.0,-10.0,-3.0,2025-03-22 12:00:00,9,3,Otoño
101767,LOSARTAN 50MG COM.REC CJAX30UND,GENFAR,2.0,0.0,17.0,2025-03-22 15:08:41,13,3,Otoño
101767,LOSARTAN 50MG COM.REC CJAX30UND,GENFAR,1.0,0.0,8.5,2025-03-22 16:41:56,3,3,Otoño
101767,LOSARTAN 50MG COM.REC CJAX30UND,GENFAR,0.0,10.0,3.0,2025-03-22 18:27:59,9,3,Otoño
101767,LOSARTAN 50MG COM.REC CJAX30UND,GENFAR,1.0,0.0,8.5,2025-03-22 18:29:40,9,3,Otoño
101767,LOSARTAN 50MG COM.REC CJAX30UND,GENFAR,3.0,0.0,25.5,2025-03-22 19:23:23,1,3,Otoño
101767,LOSARTAN 50MG COM.REC CJAX30UND,GENFAR,0.0,3.0,0.9,2025-03-22 19:52:09,5,3,Otoño
101767,LOSARTAN 50MG COM.REC CJAX30UND,GENFAR,1.0,0.0,8.5,2025-03-23 09:39:13,6,3,Otoño
101767,LOSARTAN 50MG COM.REC CJAX30UND,GENFAR,1.0,0.0,8.5,2025-03-23 19:00:22,4,3,Otoño
101767,LOSARTAN 50MG COM.REC CJAX30UND,GENFAR,1.0,0.0,8.5,2025-03-24 11:58:13,5,3,Otoño
101767,LOSARTAN 50MG COM.REC CJAX30UND,GENFAR,0.0,1.0,0.3,2025-03-24 19:13:52,1,3,Otoño
101767,LOSARTAN 50MG COM.REC CJAX30UND,GENFAR,2.0,0.0,17.0,2025-03-24 22:21:53,5,3,Otoño
101767,LOSARTAN 50MG COM.REC CJAX30UND,GENFAR,1.0,0.0,8.5,2025-03-25 12:14:44,5,3,Otoño
101767,LOSARTAN 50MG COM.REC CJAX30UND,GENFAR,0.0,1.0,0.3,2025-03-25 19:43:30,1,3,Otoño
101767,LOSARTAN 50MG COM.REC CJAX30UND,GENFAR,1.0,0.0,8.5,2025-03-25 21:35:21,15,3,Otoño
101767,LOSARTAN 50MG COM.REC CJAX30UND,GENFAR,0.0,2.0,0.6,2025-03-26 08:11:12,1,3,Otoño
101767,LOSARTAN 50MG COM.REC CJAX30UND,GENFAR,1.0,0.0,8.5,2025-03-26 08:23:50,7,3,Otoño
101767,LOSARTAN 50MG COM.REC CJAX30UND,GENFAR,1.0,0.0,8.5,2025-03-26 09:05:25,3,3,Otoño
101767,LOSARTAN 50MG COM.REC CJAX30UND,GENFAR,1.0,0.0,8.5,2025-03-26 16:53:14,7,3,Otoño
101767,LOSARTAN 50MG COM.REC CJAX30UND,GENFAR,1.0,0.0,8.5,2025-03-26 18:05:44,6,3,Otoño
101767,LOSARTAN 50MG COM.REC CJAX30UND,GENFAR,1.0,0.0,8.5,2025-03-26 19:08:38,15,3,Otoño
101767,LOSARTAN 50MG COM.REC CJAX30UND,GENFAR,0.0,40.0,12.0,2025-03-26 19:15:00,2,3,Otoño
101767,LOSARTAN 50MG COM.REC CJAX30UND,GENFAR,2.0,0.0,17.0,2025-03-26 20:17:47,15,3,Otoño
101767,LOSARTAN 50MG COM.REC CJAX30UND,GENFAR,1.0,0.0,8.5,2025-03-26 20:23:26,5,3,Otoño
101767,LOSARTAN 50MG COM.REC CJAX30UND,GENFAR,1.0,0.0,8.5,2025-03-27 14:59:47,15,3,Otoño
101767,LOSARTAN 50MG COM.REC CJAX30UND,GENFAR,1.0,0.0,8.5,2025-03-27 17:02:35,15,3,Otoño
101767,LOSARTAN 50MG COM.REC CJAX30UND,GENFAR,1.0,0.0,8.5,2025-03-27 19:34:39,10,3,Otoño
101767,LOSARTAN 50MG COM.REC CJAX30UND,GENFAR,0.0,20.0,6.0,2025-03-27 19:39:23,3,3,Otoño
101767,LOSARTAN 50MG COM.REC CJAX30UND,GENFAR,1.0,0.0,8.5,2025-03-27 20:12:40,8,3,Otoño
101767,LOSARTAN 50MG COM.REC CJAX30UND,GENFAR,0.0,8.0,2.4,2025-03-27 20:46:36,5,3,Otoño
101767,LOSARTAN 50MG COM.REC CJAX30UND,GENFAR,0.0,20.0,6.0,2025-03-28 07:36:05,6,3,Otoño
101767,LOSARTAN 50MG COM.REC CJAX30UND,GENFAR,0.0,10.0,3.0,2025-03-28 18:57:10,1,3,Otoño
101767,LOSARTAN 50MG COM.REC CJAX30UND,GENFAR,2.0,0.0,17.0,2025-03-28 19:46:32,3,3,Otoño
101767,LOSARTAN 50MG COM.REC CJAX30UND,GENFAR,1.0,0.0,8.5,2025-03-28 19:56:47,12,3,Otoño
101767,LOSARTAN 50MG COM.REC CJAX30UND,GENFAR,1.0,0.0,8.5,2025-03-29 09:12:46,13,3,Otoño
101767,LOSARTAN 50MG COM.REC CJAX30UND,GENFAR,2.0,0.0,17.0,2025-03-29 11:37:19,1,3,Otoño
101767,LOSARTAN 50MG COM.REC CJAX30UND,GENFAR,1.0,0.0,8.5,2025-03-29 11:43:09,11,3,Otoño
101767,LOSARTAN 50MG COM.REC CJAX30UND,GENFAR,-2.0,0.0,-17.0,2025-03-29 12:00:00,12,3,Otoño
101767,LOSARTAN 50MG COM.REC CJAX30UND,GENFAR,0.0,60.0,18.0,2025-03-29 14:51:23,1,3,Otoño
101767,LOSARTAN 50MG COM.REC CJAX30UND,GENFAR,2.0,0.0,17.0,2025-03-29 14:52:15,12,3,Otoño
101767,LOSARTAN 50MG COM.REC CJAX30UND,GENFAR,2.0,0.0,17.0,2025-03-29 14:57:25,12,3,Otoño
101767,LOSARTAN 50MG COM.REC CJAX30UND,GENFAR,1.0,0.0,8.07,2025-03-29 16:27:36,10,3,Otoño
101767,LOSARTAN 50MG COM.REC CJAX30UND,GENFAR,1.0,0.0,8.5,2025-03-30 18:36:24,7,3,Otoño
101767,LOSARTAN 50MG COM.REC CJAX30UND,GENFAR,1.0,0.0,8.5,2025-03-31 08:42:58,13,3,Otoño
101767,LOSARTAN 50MG COM.REC CJAX30UND,GENFAR,1.0,0.0,8.5,2025-03-31 15:52:30,9,3,Otoño
101767,LOSARTAN 50MG COM.REC CJAX30UND,GENFAR,1.0,0.0,8.5,2025-04-01 09:05:33,11,4,Otoño
101767,LOSARTAN 50MG COM.REC CJAX30UND,GENFAR,0.0,29.0,8.7,2025-04-01 18:41:51,2,4,Otoño
101767,LOSARTAN 50MG COM.REC CJAX30UND,GENFAR,1.0,0.0,8.5,2025-04-02 08:55:52,15,4,Otoño
101767,LOSARTAN 50MG COM.REC CJAX30UND,GENFAR,1.0,0.0,8.5,2025-04-02 12:04:40,3,4,Otoño
101767,LOSARTAN 50MG COM.REC CJAX30UND,GENFAR,1.0,0.0,8.5,2025-04-02 14:20:22,14,4,Otoño
101767,LOSARTAN 50MG COM.REC CJAX30UND,GENFAR,0.0,24.0,7.2,2025-04-02 14:43:36,1,4,Otoño
101767,LOSARTAN 50MG COM.REC CJAX30UND,GENFAR,1.0,0.0,8.5,2025-04-02 19:16:53,3,4,Otoño
101767,LOSARTAN 50MG COM.REC CJAX30UND,GENFAR,1.0,0.0,8.5,2025-04-03 09:59:50,2,4,Otoño
101767,LOSARTAN 50MG COM.REC CJAX30UND,GENFAR,1.0,0.0,8.5,2025-04-03 12:02:43,14,4,Otoño
101767,LOSARTAN 50MG COM.REC CJAX30UND,GENFAR,1.0,0.0,8.5,2025-04-03 14:22:39,3,4,Otoño
101767,LOSARTAN 50MG COM.REC CJAX30UND,GENFAR,2.0,0.0,17.0,2025-04-03 18:34:54,12,4,Otoño
101767,LOSARTAN 50MG COM.REC CJAX30UND,GENFAR,0.0,30.0,9.0,2025-04-03 20:45:29,14,4,Otoño
101767,LOSARTAN 50MG COM.REC CJAX30UND,GENFAR,1.0,0.0,8.5,2025-04-09 13:13:16,15,4,Otoño
101767,LOSARTAN 50MG COM.REC CJAX30UND,GENFAR,1.0,0.0,8.5,2025-04-09 16:46:15,3,4,Otoño
101767,LOSARTAN 50MG COM.REC CJAX30UND,GENFAR,1.0,0.0,8.5,2025-04-09 17:18:46,14,4,Otoño
101767,LOSARTAN 50MG COM.REC CJAX30UND,GENFAR,2.0,0.0,17.0,2025-04-09 21:13:35,1,4,Otoño
101767,LOSARTAN 50MG COM.REC CJAX30UND,GENFAR,1.0,0.0,8.5,2025-04-10 15:27:44,6,4,Otoño
101767,LOSARTAN 50MG COM.REC CJAX30UND,GENFAR,0.0,19.0,5.7,2025-04-10 20:21:38,13,4,Otoño
101767,LOSARTAN 50MG COM.REC CJAX30UND,GENFAR,1.0,0.0,8.5,2025-04-11 14:33:11,15,4,Otoño
101767,LOSARTAN 50MG COM.REC CJAX30UND,GENFAR,2.0,0.0,17.0,2025-04-11 17:54:22,6,4,Otoño
101767,LOSARTAN 50MG COM.REC CJAX30UND,GENFAR,1.0,0.0,8.5,2025-04-11 17:57:23,1,4,Otoño
101767,LOSARTAN 50MG COM.REC CJAX30UND,GENFAR,1.0,0.0,8.5,2025-04-11 18:52:20,1,4,Otoño
101767,LOSARTAN 50MG COM.REC CJAX30UND,GENFAR,1.0,0.0,8.5,2025-04-11 19:15:51,1,4,Otoño
101767,LOSARTAN 50MG COM.REC CJAX30UND,GENFAR,1.0,0.0,8.5,2025-04-11 20:26:38,7,4,Otoño
101767,LOSARTAN 50MG COM.REC CJAX30UND,GENFAR,1.0,0.0,8.5,2025-04-12 11:35:44,9,4,Otoño
101767,LOSARTAN 50MG COM.REC CJAX30UND,GENFAR,1.0,0.0,8.5,2025-04-12 14:49:00,14,4,Otoño
101767,LOSARTAN 50MG COM.REC CJAX30UND,GENFAR,1.0,0.0,8.5,2025-04-12 22:14:54,6,4,Otoño
101767,LOSARTAN 50MG COM.REC CJAX30UND,GENFAR,2.0,0.0,17.0,2025-04-13 09:41:41,5,4,Otoño
101767,LOSARTAN 50MG COM.REC CJAX30UND,GENFAR,1.0,0.0,8.5,2025-04-13 11:51:06,11,4,Otoño
101767,LOSARTAN 50MG COM.REC CJAX30UND,GENFAR,1.0,0.0,8.5,2025-04-13 14:40:10,3,4,Otoño
101767,LOSARTAN 50MG COM.REC CJAX30UND,GENFAR,1.0,0.0,8.5,2025-04-13 18:01:47,4,4,Otoño
101767,LOSARTAN 50MG COM.REC CJAX30UND,GENFAR,0.0,10.0,3.0,2025-04-13 18:29:59,2,4,Otoño
101767,LOSARTAN 50MG COM.REC CJAX30UND,GENFAR,1.0,0.0,8.5,2025-04-13 19:00:41,3,4,Otoño
101767,LOSARTAN 50MG COM.REC CJAX30UND,GENFAR,1.0,0.0,8.5,2025-04-13 22:04:04,4,4,Otoño
101767,LOSARTAN 50MG COM.REC CJAX30UND,GENFAR,1.0,0.0,8.5,2025-04-14 07:01:00,14,4,Otoño
101767,LOSARTAN 50MG COM.REC CJAX30UND,GENFAR,1.0,0.0,8.5,2025-04-14 10:41:50,12,4,Otoño
101767,LOSARTAN 50MG COM.REC CJAX30UND,GENFAR,1.0,0.0,8.5,2025-04-14 12:27:41,6,4,Otoño
101767,LOSARTAN 50MG COM.REC CJAX30UND,GENFAR,1.0,0.0,8.5,2025-04-14 12:39:27,11,4,Otoño
101767,LOSARTAN 50MG COM.REC CJAX30UND,GENFAR,2.0,0.0,17.0,2025-04-14 17:56:27,8,4,Otoño
101767,LOSARTAN 50MG COM.REC CJAX30UND,GENFAR,1.0,0.0,8.5,2025-04-14 19:53:33,7,4,Otoño
101767,LOSARTAN 50MG COM.REC CJAX30UND,GENFAR,1.0,0.0,8.5,2025-04-15 07:47:20,15,4,Otoño
101767,LOSARTAN 50MG COM.REC CJAX30UND,GENFAR,0.0,10.0,3.0,2025-04-15 09:07:31,4,4,Otoño
101767,LOSARTAN 50MG COM.REC CJAX30UND,GENFAR,1.0,0.0,8.5,2025-04-15 11:09:42,6,4,Otoño
101767,LOSARTAN 50MG COM.REC CJAX30UND,GENFAR,1.0,0.0,8.5,2025-04-15 12:09:23,9,4,Otoño
101767,LOSARTAN 50MG COM.REC CJAX30UND,GENFAR,1.0,0.0,8.5,2025-04-15 12:53:22,5,4,Otoño
101767,LOSARTAN 50MG COM.REC CJAX30UND,GENFAR,1.0,0.0,8.5,2025-04-15 20:06:32,8,4,Otoño
101767,LOSARTAN 50MG COM.REC CJAX30UND,GENFAR,1.0,0.0,8.5,2025-04-16 09:40:45,6,4,Otoño
101767,LOSARTAN 50MG COM.REC CJAX30UND,GENFAR,1.0,0.0,8.5,2025-04-16 09:42:02,8,4,Otoño
101767,LOSARTAN 50MG COM.REC CJAX30UND,GENFAR,2.0,0.0,17.0,2025-04-16 11:52:21,5,4,Otoño
101767,LOSARTAN 50MG COM.REC CJAX30UND,GENFAR,1.0,0.0,8.5,2025-04-17 10:26:32,9,4,Otoño
101767,LOSARTAN 50MG COM.REC CJAX30UND,GENFAR,1.0,0.0,8.5,2025-04-17 10:35:52,9,4,Otoño
101767,LOSARTAN 50MG COM.REC CJAX30UND,GENFAR,2.0,0.0,17.0,2025-04-17 11:56:54,2,4,Otoño
101767,LOSARTAN 50MG COM.REC CJAX30UND,GENFAR,1.0,0.0,8.5,2025-04-17 12:35:34,4,4,Otoño
101767,LOSARTAN 50MG COM.REC CJAX30UND,GENFAR,1.0,0.0,8.5,2025-04-18 09:36:42,1,4,Otoño
101767,LOSARTAN 50MG COM.REC CJAX30UND,GENFAR,1.0,0.0,8.5,2025-04-18 09:57:33,6,4,Otoño
101767,LOSARTAN 50MG COM.REC CJAX30UND,GENFAR,1.0,0.0,8.5,2025-04-18 10:10:49,1,4,Otoño
101767,LOSARTAN 50MG COM.REC CJAX30UND,GENFAR,0.0,-20.0,-6.0,2025-04-18 12:00:00,13,4,Otoño
101767,LOSARTAN 50MG COM.REC CJAX30UND,GENFAR,0.0,20.0,6.0,2025-04-18 12:03:16,13,4,Otoño
101767,LOSARTAN 50MG COM.REC CJAX30UND,GENFAR,1.0,0.0,8.5,2025-04-18 14:37:48,1,4,Otoño
101767,LOSARTAN 50MG COM.REC CJAX30UND,GENFAR,1.0,0.0,8.5,2025-04-19 10:35:00,3,4,Otoño
101767,LOSARTAN 50MG COM.REC CJAX30UND,GENFAR,1.0,0.0,8.5,2025-04-19 16:51:40,6,4,Otoño
101767,LOSARTAN 50MG COM.REC CJAX30UND,GENFAR,1.0,0.0,8.5,2025-04-19 21:34:36,6,4,Otoño
101767,LOSARTAN 50MG COM.REC CJAX30UND,GENFAR,2.0,0.0,17.0,2025-04-21 17:28:45,8,4,Otoño
101767,LOSARTAN 50MG COM.REC CJAX30UND,GENFAR,1.0,0.0,8.5,2025-04-21 18:25:49,15,4,Otoño
101767,LOSARTAN 50MG COM.REC CJAX30UND,GENFAR,1.0,0.0,8.5,2025-04-22 11:28:41,2,4,Otoño
101767,LOSARTAN 50MG COM.REC CJAX30UND,GENFAR,1.0,0.0,8.5,2025-04-22 17:13:53,8,4,Otoño
101767,LOSARTAN 50MG COM.REC CJAX30UND,GENFAR,1.0,0.0,8.5,2025-04-22 18:59:53,10,4,Otoño
101767,LOSARTAN 50MG COM.REC CJAX30UND,GENFAR,1.0,0.0,8.5,2025-04-22 21:52:02,4,4,Otoño
101767,LOSARTAN 50MG COM.REC CJAX30UND,GENFAR,1.0,0.0,8.5,2025-04-23 08:19:12,13,4,Otoño
101767,LOSARTAN 50MG COM.REC CJAX30UND,GENFAR,2.0,0.0,17.0,2025-04-23 09:44:03,5,4,Otoño
101767,LOSARTAN 50MG COM.REC CJAX30UND,GENFAR,1.0,0.0,8.5,2025-04-23 15:10:57,5,4,Otoño
101767,LOSARTAN 50MG COM.REC CJAX30UND,GENFAR,1.0,0.0,8.5,2025-04-23 18:10:57,11,4,Otoño
101767,LOSARTAN 50MG COM.REC CJAX30UND,GENFAR,1.0,0.0,8.5,2025-04-23 19:57:27,5,4,Otoño
101767,LOSARTAN 50MG COM.REC CJAX30UND,GENFAR,1.0,0.0,8.5,2025-04-23 20:18:55,7,4,Otoño
101767,LOSARTAN 50MG COM.REC CJAX30UND,GENFAR,1.0,0.0,8.5,2025-04-24 11:45:29,9,4,Otoño
101767,LOSARTAN 50MG COM.REC CJAX30UND,GENFAR,1.0,0.0,8.5,2025-04-24 12:18:19,9,4,Otoño
101767,LOSARTAN 50MG COM.REC CJAX30UND,GENFAR,0.0,1.0,0.3,2025-04-24 16:23:54,2,4,Otoño
101767,LOSARTAN 50MG COM.REC CJAX30UND,GENFAR,1.0,0.0,8.5,2025-04-24 18:22:00,14,4,Otoño
101767,LOSARTAN 50MG COM.REC CJAX30UND,GENFAR,1.0,0.0,8.5,2025-04-24 18:48:15,8,4,Otoño
101767,LOSARTAN 50MG COM.REC CJAX30UND,GENFAR,1.0,0.0,8.5,2025-04-24 20:11:57,7,4,Otoño
101767,LOSARTAN 50MG COM.REC CJAX30UND,GENFAR,0.0,10.0,3.0,2025-04-25 19:26:23,2,4,Otoño
101767,LOSARTAN 50MG COM.REC CJAX30UND,GENFAR,2.0,0.0,17.0,2025-04-26 07:24:54,13,4,Otoño
101767,LOSARTAN 50MG COM.REC CJAX30UND,GENFAR,0.0,10.0,3.0,2025-04-26 08:10:07,3,4,Otoño
101767,LOSARTAN 50MG COM.REC CJAX30UND,GENFAR,0.0,-10.0,-3.0,2025-04-26 12:00:00,11,4,Otoño
101767,LOSARTAN 50MG COM.REC CJAX30UND,GENFAR,0.0,-10.0,-3.0,2025-04-26 12:00:00,3,4,Otoño
101767,LOSARTAN 50MG COM.REC CJAX30UND,GENFAR,0.0,10.0,3.0,2025-04-26 19:58:55,11,4,Otoño
101767,LOSARTAN 50MG COM.REC CJAX30UND,GENFAR,1.0,0.0,8.5,2025-04-26 21:57:29,12,4,Otoño
101767,LOSARTAN 50MG COM.REC CJAX30UND,GENFAR,1.0,0.0,8.5,2025-04-27 07:47:53,13,4,Otoño
101767,LOSARTAN 50MG COM.REC CJAX30UND,GENFAR,1.0,0.0,8.5,2025-04-27 15:51:31,15,4,Otoño
101767,LOSARTAN 50MG COM.REC CJAX30UND,GENFAR,0.0,30.0,9.0,2025-04-27 18:58:53,10,4,Otoño
101767,LOSARTAN 50MG COM.REC CJAX30UND,GENFAR,0.0,-30.0,-9.0,2025-04-27 19:00:37,10,4,Otoño
101767,LOSARTAN 50MG COM.REC CJAX30UND,GENFAR,1.0,0.0,8.5,2025-04-27 19:01:04,10,4,Otoño
101767,LOSARTAN 50MG COM.REC CJAX30UND,GENFAR,2.0,0.0,17.0,2025-04-28 12:33:37,14,4,Otoño
101767,LOSARTAN 50MG COM.REC CJAX30UND,GENFAR,1.0,0.0,8.5,2025-04-28 19:11:53,2,4,Otoño
101767,LOSARTAN 50MG COM.REC CJAX30UND,GENFAR,1.0,0.0,8.5,2025-04-29 14:54:11,13,4,Otoño
101767,LOSARTAN 50MG COM.REC CJAX30UND,GENFAR,1.0,0.0,8.5,2025-04-29 19:40:54,3,4,Otoño
101767,LOSARTAN 50MG COM.REC CJAX30UND,GENFAR,1.0,0.0,8.5,2025-04-30 13:43:43,5,4,Otoño
101767,LOSARTAN 50MG COM.REC CJAX30UND,GENFAR,1.0,0.0,8.5,2025-04-30 17:32:50,1,4,Otoño
101767,LOSARTAN 50MG COM.REC CJAX30UND,GENFAR,1.0,0.0,8.5,2025-04-30 18:34:48,1,4,Otoño
101767,LOSARTAN 50MG COM.REC CJAX30UND,GENFAR,2.0,0.0,17.0,2025-04-30 18:49:22,1,4,Otoño
101767,LOSARTAN 50MG COM.REC CJAX30UND,GENFAR,1.0,0.0,8.5,2025-05-01 19:12:12,9,5,Otoño
101767,LOSARTAN 50MG COM.REC CJAX30UND,GENFAR,1.0,0.0,8.3,2025-05-03 20:32:21,10,5,Otoño
101767,LOSARTAN 50MG COM.REC CJAX30UND,GENFAR,1.0,0.0,8.3,2025-05-04 11:46:03,5,5,Otoño
101767,LOSARTAN 50MG COM.REC CJAX30UND,GENFAR,2.0,0.0,16.6,2025-05-04 12:21:12,5,5,Otoño
101767,LOSARTAN 50MG COM.REC CJAX30UND,GENFAR,1.0,0.0,8.3,2025-05-04 19:01:23,14,5,Otoño
101767,LOSARTAN 50MG COM.REC CJAX30UND,GENFAR,3.0,0.0,24.9,2025-05-05 07:22:49,4,5,Otoño
101767,LOSARTAN 50MG COM.REC CJAX30UND,GENFAR,1.0,0.0,8.3,2025-05-05 08:21:46,7,5,Otoño
101767,LOSARTAN 50MG COM.REC CJAX30UND,GENFAR,1.0,0.0,8.3,2025-05-05 11:08:02,4,5,Otoño
101767,LOSARTAN 50MG COM.REC CJAX30UND,GENFAR,1.0,0.0,8.3,2025-05-05 15:33:11,3,5,Otoño
101767,LOSARTAN 50MG COM.REC CJAX30UND,GENFAR,1.0,0.0,8.3,2025-05-05 18:01:04,1,5,Otoño
101767,LOSARTAN 50MG COM.REC CJAX30UND,GENFAR,1.0,0.0,8.3,2025-05-05 20:05:24,10,5,Otoño
101767,LOSARTAN 50MG COM.REC CJAX30UND,GENFAR,1.0,0.0,8.3,2025-05-06 15:19:50,2,5,Otoño
101767,LOSARTAN 50MG COM.REC CJAX30UND,GENFAR,1.0,0.0,8.3,2025-05-06 18:35:07,6,5,Otoño
101767,LOSARTAN 50MG COM.REC CJAX30UND,GENFAR,1.0,0.0,8.3,2025-05-07 12:13:28,6,5,Otoño
101767,LOSARTAN 50MG COM.REC CJAX30UND,GENFAR,0.0,30.0,9.0,2025-05-07 19:10:34,13,5,Otoño
101767,LOSARTAN 50MG COM.REC CJAX30UND,GENFAR,0.0,30.0,9.0,2025-05-07 19:12:10,13,5,Otoño
101767,LOSARTAN 50MG COM.REC CJAX30UND,GENFAR,0.0,10.0,3.0,2025-05-07 20:02:06,12,5,Otoño
101767,LOSARTAN 50MG COM.REC CJAX30UND,GENFAR,1.0,0.0,8.3,2025-05-08 17:54:37,5,5,Otoño
101767,LOSARTAN 50MG COM.REC CJAX30UND,GENFAR,3.0,0.0,24.9,2025-05-08 19:20:26,2,5,Otoño
101767,LOSARTAN 50MG COM.REC CJAX30UND,GENFAR,1.0,0.0,8.3,2025-05-09 11:04:31,2,5,Otoño
101767,LOSARTAN 50MG COM.REC CJAX30UND,GENFAR,1.0,0.0,8.3,2025-05-09 12:16:46,1,5,Otoño
101767,LOSARTAN 50MG COM.REC CJAX30UND,GENFAR,1.0,0.0,8.3,2025-05-09 19:29:39,13,5,Otoño
101767,LOSARTAN 50MG COM.REC CJAX30UND,GENFAR,1.0,0.0,8.3,2025-05-09 20:00:13,2,5,Otoño
101767,LOSARTAN 50MG COM.REC CJAX30UND,GENFAR,1.0,0.0,8.3,2025-05-10 12:41:07,2,5,Otoño
101767,LOSARTAN 50MG COM.REC CJAX30UND,GENFAR,1.0,0.0,8.3,2025-05-10 16:39:04,15,5,Otoño
101767,LOSARTAN 50MG COM.REC CJAX30UND,GENFAR,1.0,0.0,8.3,2025-05-10 18:47:22,9,5,Otoño
101767,LOSARTAN 50MG COM.REC CJAX30UND,GENFAR,1.0,0.0,8.3,2025-05-10 18:58:06,15,5,Otoño
101767,LOSARTAN 50MG COM.REC CJAX30UND,GENFAR,2.0,0.0,15.76,2025-05-11 14:29:17,11,5,Otoño
101767,LOSARTAN 50MG COM.REC CJAX30UND,GENFAR,1.0,0.0,8.3,2025-05-11 20:28:13,14,5,Otoño
101767,LOSARTAN 50MG COM.REC CJAX30UND,GENFAR,0.0,10.0,3.0,2025-05-11 22:06:31,4,5,Otoño
101767,LOSARTAN 50MG COM.REC CJAX30UND,GENFAR,1.0,0.0,8.3,2025-05-12 10:08:14,13,5,Otoño
101767,LOSARTAN 50MG COM.REC CJAX30UND,GENFAR,1.0,0.0,8.3,2025-05-12 16:38:15,2,5,Otoño
101767,LOSARTAN 50MG COM.REC CJAX30UND,GENFAR,1.0,0.0,8.3,2025-05-13 13:20:29,6,5,Otoño
101767,LOSARTAN 50MG COM.REC CJAX30UND,GENFAR,1.0,0.0,8.3,2025-05-13 16:01:42,14,5,Otoño
101767,LOSARTAN 50MG COM.REC CJAX30UND,GENFAR,1.0,0.0,8.3,2025-05-13 17:38:15,4,5,Otoño
101767,LOSARTAN 50MG COM.REC CJAX30UND,GENFAR,0.0,30.0,9.0,2025-05-13 19:59:42,4,5,Otoño
101767,LOSARTAN 50MG COM.REC CJAX30UND,GENFAR,1.0,0.0,8.3,2025-05-14 09:57:16,14,5,Otoño
101767,LOSARTAN 50MG COM.REC CJAX30UND,GENFAR,0.0,30.0,9.0,2025-05-14 18:38:22,3,5,Otoño
101767,LOSARTAN 50MG COM.REC CJAX30UND,GENFAR,1.0,0.0,8.3,2025-05-14 18:53:11,5,5,Otoño
101767,LOSARTAN 50MG COM.REC CJAX30UND,GENFAR,2.0,0.0,16.6,2025-05-14 20:30:06,5,5,Otoño
101767,LOSARTAN 50MG COM.REC CJAX30UND,GENFAR,2.0,0.0,16.6,2025-05-15 14:01:50,3,5,Otoño
101767,LOSARTAN 50MG COM.REC CJAX30UND,GENFAR,1.0,0.0,8.3,2025-05-15 20:38:32,13,5,Otoño
101767,LOSARTAN 50MG COM.REC CJAX30UND,GENFAR,1.0,0.0,8.3,2025-05-16 08:36:06,5,5,Otoño
101767,LOSARTAN 50MG COM.REC CJAX30UND,GENFAR,1.0,0.0,8.3,2025-05-16 09:02:54,5,5,Otoño
101767,LOSARTAN 50MG COM.REC CJAX30UND,GENFAR,1.0,0.0,8.3,2025-05-16 10:34:15,9,5,Otoño
101767,LOSARTAN 50MG COM.REC CJAX30UND,GENFAR,-1.0,0.0,-8.3,2025-05-16 12:00:00,5,5,Otoño
101767,LOSARTAN 50MG COM.REC CJAX30UND,GENFAR,1.0,0.0,8.3,2025-05-16 18:33:25,1,5,Otoño
101767,LOSARTAN 50MG COM.REC CJAX30UND,GENFAR,1.0,0.0,8.3,2025-05-17 08:23:25,4,5,Otoño
101767,LOSARTAN 50MG COM.REC CJAX30UND,GENFAR,1.0,0.0,8.3,2025-05-17 11:48:30,1,5,Otoño
101767,LOSARTAN 50MG COM.REC CJAX30UND,GENFAR,0.0,60.0,18.0,2025-05-17 15:01:33,9,5,Otoño
101767,LOSARTAN 50MG COM.REC CJAX30UND,GENFAR,1.0,0.0,8.3,2025-05-17 17:12:32,3,5,Otoño
101767,LOSARTAN 50MG COM.REC CJAX30UND,GENFAR,1.0,0.0,8.3,2025-05-18 12:36:14,6,5,Otoño
101767,LOSARTAN 50MG COM.REC CJAX30UND,GENFAR,1.0,0.0,8.3,2025-05-18 17:53:34,6,5,Otoño
101767,LOSARTAN 50MG COM.REC CJAX30UND,GENFAR,1.0,0.0,8.3,2025-05-18 20:42:45,8,5,Otoño
101767,LOSARTAN 50MG COM.REC CJAX30UND,GENFAR,1.0,0.0,8.3,2025-05-19 10:02:24,6,5,Otoño
101767,LOSARTAN 50MG COM.REC CJAX30UND,GENFAR,1.0,0.0,8.3,2025-05-19 11:12:23,9,5,Otoño
101767,LOSARTAN 50MG COM.REC CJAX30UND,GENFAR,1.0,0.0,7.88,2025-05-19 11:27:09,13,5,Otoño
101767,LOSARTAN 50MG COM.REC CJAX30UND,GENFAR,0.0,-10.0,-3.0,2025-05-19 12:00:00,8,5,Otoño
101767,LOSARTAN 50MG COM.REC CJAX30UND,GENFAR,0.0,30.0,9.0,2025-05-19 18:54:55,7,5,Otoño
101767,LOSARTAN 50MG COM.REC CJAX30UND,GENFAR,1.0,0.0,8.3,2025-05-19 19:46:31,3,5,Otoño
101767,LOSARTAN 50MG COM.REC CJAX30UND,GENFAR,0.0,10.0,3.0,2025-05-19 19:49:45,8,5,Otoño
101767,LOSARTAN 50MG COM.REC CJAX30UND,GENFAR,1.0,0.0,7.88,2025-05-19 20:50:11,14,5,Otoño
101767,LOSARTAN 50MG COM.REC CJAX30UND,GENFAR,1.0,0.0,8.3,2025-05-20 12:23:28,12,5,Otoño
101767,LOSARTAN 50MG COM.REC CJAX30UND,GENFAR,0.0,10.0,3.0,2025-05-20 12:23:28,12,5,Otoño
101767,LOSARTAN 50MG COM.REC CJAX30UND,GENFAR,1.0,0.0,8.3,2025-05-20 19:47:38,14,5,Otoño
101767,LOSARTAN 50MG COM.REC CJAX30UND,GENFAR,1.0,0.0,8.3,2025-05-20 21:43:01,3,5,Otoño
101767,LOSARTAN 50MG COM.REC CJAX30UND,GENFAR,1.0,0.0,8.3,2025-05-21 17:58:30,6,5,Otoño
101767,LOSARTAN 50MG COM.REC CJAX30UND,GENFAR,1.0,0.0,8.3,2025-05-21 22:20:45,6,5,Otoño
101767,LOSARTAN 50MG COM.REC CJAX30UND,GENFAR,1.0,0.0,8.3,2025-05-22 10:43:35,3,5,Otoño
101767,LOSARTAN 50MG COM.REC CJAX30UND,GENFAR,1.0,0.0,8.3,2025-05-22 17:54:08,6,5,Otoño
101767,LOSARTAN 50MG COM.REC CJAX30UND,GENFAR,1.0,0.0,8.3,2025-05-22 18:31:15,15,5,Otoño
101767,LOSARTAN 50MG COM.REC CJAX30UND,GENFAR,1.0,0.0,8.3,2025-05-22 20:44:41,15,5,Otoño
101767,LOSARTAN 50MG COM.REC CJAX30UND,GENFAR,1.0,0.0,8.3,2025-05-23 08:03:07,12,5,Otoño
101767,LOSARTAN 50MG COM.REC CJAX30UND,GENFAR,1.0,0.0,8.3,2025-05-23 10:35:39,10,5,Otoño
101767,LOSARTAN 50MG COM.REC CJAX30UND,GENFAR,2.0,0.0,16.6,2025-05-23 15:45:39,2,5,Otoño
101767,LOSARTAN 50MG COM.REC CJAX30UND,GENFAR,1.0,0.0,8.3,2025-05-24 08:59:58,13,5,Otoño
101767,LOSARTAN 50MG COM.REC CJAX30UND,GENFAR,0.0,30.0,9.0,2025-05-25 09:55:46,3,5,Otoño
101767,LOSARTAN 50MG COM.REC CJAX30UND,GENFAR,0.0,-30.0,-9.0,2025-05-25 12:00:00,3,5,Otoño
101767,LOSARTAN 50MG COM.REC CJAX30UND,GENFAR,1.0,0.0,8.3,2025-05-25 13:02:00,5,5,Otoño
101767,LOSARTAN 50MG COM.REC CJAX30UND,GENFAR,0.0,120.0,36.0,2025-05-25 16:25:36,10,5,Otoño
101767,LOSARTAN 50MG COM.REC CJAX30UND,GENFAR,0.0,-120.0,-36.0,2025-05-25 16:27:24,10,5,Otoño
101767,LOSARTAN 50MG COM.REC CJAX30UND,GENFAR,4.0,0.0,33.2,2025-05-25 16:28:09,10,5,Otoño
101767,LOSARTAN 50MG COM.REC CJAX30UND,GENFAR,1.0,0.0,8.3,2025-05-26 09:43:51,4,5,Otoño
101767,LOSARTAN 50MG COM.REC CJAX30UND,GENFAR,1.0,0.0,8.3,2025-05-26 15:24:46,9,5,Otoño
101767,LOSARTAN 50MG COM.REC CJAX30UND,GENFAR,1.0,0.0,8.3,2025-05-26 17:20:04,11,5,Otoño
101767,LOSARTAN 50MG COM.REC CJAX30UND,GENFAR,1.0,0.0,8.3,2025-05-26 17:20:28,2,5,Otoño
101767,LOSARTAN 50MG COM.REC CJAX30UND,GENFAR,1.0,0.0,8.3,2025-05-27 08:50:51,4,5,Otoño
101767,LOSARTAN 50MG COM.REC CJAX30UND,GENFAR,1.0,0.0,8.3,2025-05-27 17:33:21,6,5,Otoño
101767,LOSARTAN 50MG COM.REC CJAX30UND,GENFAR,1.0,0.0,8.3,2025-05-27 18:51:54,2,5,Otoño
101767,LOSARTAN 50MG COM.REC CJAX30UND,GENFAR,1.0,0.0,8.3,2025-05-28 08:55:36,13,5,Otoño
101767,LOSARTAN 50MG COM.REC CJAX30UND,GENFAR,2.0,0.0,16.6,2025-05-28 11:56:10,6,5,Otoño
101767,LOSARTAN 50MG COM.REC CJAX30UND,GENFAR,1.0,0.0,8.3,2025-05-28 18:36:45,12,5,Otoño
101767,LOSARTAN 50MG COM.REC CJAX30UND,GENFAR,1.0,0.0,8.3,2025-05-28 21:42:44,9,5,Otoño
101767,LOSARTAN 50MG COM.REC CJAX30UND,GENFAR,1.0,0.0,8.3,2025-05-29 11:01:36,9,5,Otoño
101767,LOSARTAN 50MG COM.REC CJAX30UND,GENFAR,1.0,0.0,8.3,2025-05-29 11:15:58,6,5,Otoño
101767,LOSARTAN 50MG COM.REC CJAX30UND,GENFAR,1.0,0.0,8.3,2025-05-29 15:14:06,14,5,Otoño
101767,LOSARTAN 50MG COM.REC CJAX30UND,GENFAR,0.0,10.0,3.0,2025-05-29 20:26:12,2,5,Otoño
101767,LOSARTAN 50MG COM.REC CJAX30UND,GENFAR,0.0,20.0,6.0,2025-05-29 20:28:20,2,5,Otoño
101767,LOSARTAN 50MG COM.REC CJAX30UND,GENFAR,1.0,0.0,8.3,2025-05-29 21:08:02,2,5,Otoño
101767,LOSARTAN 50MG COM.REC CJAX30UND,GENFAR,2.0,0.0,16.6,2025-05-30 12:44:38,2,5,Otoño
101767,LOSARTAN 50MG COM.REC CJAX30UND,GENFAR,1.0,0.0,8.3,2025-05-30 15:00:21,1,5,Otoño
101767,LOSARTAN 50MG COM.REC CJAX30UND,GENFAR,1.0,0.0,8.3,2025-05-30 17:20:47,14,5,Otoño
101767,LOSARTAN 50MG COM.REC CJAX30UND,GENFAR,0.0,21.0,6.3,2025-05-30 20:23:51,4,5,Otoño
101767,LOSARTAN 50MG COM.REC CJAX30UND,GENFAR,1.0,0.0,8.3,2025-05-30 21:03:32,9,5,Otoño
101767,LOSARTAN 50MG COM.REC CJAX30UND,GENFAR,1.0,0.0,8.3,2025-05-31 10:17:18,3,5,Otoño
101767,LOSARTAN 50MG COM.REC CJAX30UND,GENFAR,1.0,0.0,8.3,2025-05-31 10:56:48,5,5,Otoño
101767,LOSARTAN 50MG COM.REC CJAX30UND,GENFAR,1.0,0.0,8.3,2025-05-31 13:07:57,15,5,Otoño
101767,LOSARTAN 50MG COM.REC CJAX30UND,GENFAR,1.0,0.0,8.3,2025-05-31 14:12:19,13,5,Otoño
101767,LOSARTAN 50MG COM.REC CJAX30UND,GENFAR,1.0,0.0,8.3,2025-05-31 18:43:43,13,5,Otoño
101767,LOSARTAN 50MG COM.REC CJAX30UND,GENFAR,1.0,0.0,8.3,2025-05-31 20:17:41,1,5,Otoño
101767,LOSARTAN 50MG COM.REC CJAX30UND,GENFAR,1.0,0.0,8.3,2025-06-01 08:02:12,6,6,Invierno
101767,LOSARTAN 50MG COM.REC CJAX30UND,GENFAR,1.0,0.0,8.3,2025-06-01 14:57:55,14,6,Invierno
101767,LOSARTAN 50MG COM.REC CJAX30UND,GENFAR,1.0,0.0,8.3,2025-06-01 16:58:15,8,6,Invierno
101767,LOSARTAN 50MG COM.REC CJAX30UND,GENFAR,1.0,0.0,8.3,2025-06-01 17:58:30,9,6,Invierno
101767,LOSARTAN 50MG COM.REC CJAX30UND,GENFAR,1.0,0.0,8.3,2025-06-01 22:13:48,16,6,Invierno
101767,LOSARTAN 50MG COM.REC CJAX30UND,GENFAR,-1.0,0.0,-8.3,2025-06-01 22:18:18,16,6,Invierno
101767,LOSARTAN 50MG COM.REC CJAX30UND,GENFAR,2.0,0.0,16.6,2025-06-02 15:33:55,11,6,Invierno
101767,LOSARTAN 50MG COM.REC CJAX30UND,GENFAR,2.0,0.0,16.6,2025-06-02 20:03:30,1,6,Invierno
101767,LOSARTAN 50MG COM.REC CJAX30UND,GENFAR,1.0,0.0,8.3,2025-06-02 22:03:08,16,6,Invierno
101767,LOSARTAN 50MG COM.REC CJAX30UND,GENFAR,2.0,0.0,16.6,2025-06-03 19:40:24,5,6,Invierno
101767,LOSARTAN 50MG COM.REC CJAX30UND,GENFAR,1.0,0.0,8.3,2025-06-04 11:33:58,9,6,Invierno
101767,LOSARTAN 50MG COM.REC CJAX30UND,GENFAR,2.0,0.0,16.6,2025-06-04 11:34:08,9,6,Invierno
101767,LOSARTAN 50MG COM.REC CJAX30UND,GENFAR,1.0,0.0,8.3,2025-06-04 16:10:07,7,6,Invierno
101767,LOSARTAN 50MG COM.REC CJAX30UND,GENFAR,1.0,0.0,8.3,2025-06-04 18:48:14,3,6,Invierno
101767,LOSARTAN 50MG COM.REC CJAX30UND,GENFAR,1.0,0.0,8.3,2025-06-04 22:56:38,2,6,Invierno
101767,LOSARTAN 50MG COM.REC CJAX30UND,GENFAR,2.0,0.0,16.6,2025-06-05 16:46:35,15,6,Invierno
101767,LOSARTAN 50MG COM.REC CJAX30UND,GENFAR,0.0,9.0,2.7,2025-06-05 18:30:02,2,6,Invierno
101767,LOSARTAN 50MG COM.REC CJAX30UND,GENFAR,1.0,0.0,8.3,2025-06-05 18:52:41,13,6,Invierno
101767,LOSARTAN 50MG COM.REC CJAX30UND,GENFAR,1.0,0.0,8.3,2025-06-05 19:39:37,3,6,Invierno
101767,LOSARTAN 50MG COM.REC CJAX30UND,GENFAR,2.0,0.0,16.6,2025-06-06 18:44:13,7,6,Invierno
101767,LOSARTAN 50MG COM.REC CJAX30UND,GENFAR,2.0,0.0,16.6,2025-06-06 20:29:22,1,6,Invierno
101767,LOSARTAN 50MG COM.REC CJAX30UND,GENFAR,3.0,0.0,24.9,2025-06-06 20:35:41,5,6,Invierno
101767,LOSARTAN 50MG COM.REC CJAX30UND,GENFAR,1.0,0.0,8.3,2025-06-06 21:41:58,1,6,Invierno
101767,LOSARTAN 50MG COM.REC CJAX30UND,GENFAR,0.0,10.0,3.0,2025-06-09 08:59:06,12,6,Invierno
101767,LOSARTAN 50MG COM.REC CJAX30UND,GENFAR,1.0,0.0,8.3,2025-06-09 11:15:15,2,6,Invierno
101767,LOSARTAN 50MG COM.REC CJAX30UND,GENFAR,1.0,0.0,8.3,2025-06-09 16:14:44,7,6,Invierno
101767,LOSARTAN 50MG COM.REC CJAX30UND,GENFAR,2.0,0.0,16.6,2025-06-09 18:49:32,15,6,Invierno
101767,LOSARTAN 50MG COM.REC CJAX30UND,GENFAR,1.0,0.0,8.3,2025-06-10 12:42:36,2,6,Invierno
101767,LOSARTAN 50MG COM.REC CJAX30UND,GENFAR,1.0,0.0,8.3,2025-06-10 12:48:43,10,6,Invierno
101767,LOSARTAN 50MG COM.REC CJAX30UND,GENFAR,0.0,5.0,1.5,2025-06-11 17:57:33,2,6,Invierno
101767,LOSARTAN 50MG COM.REC CJAX30UND,GENFAR,1.0,0.0,8.3,2025-06-11 18:41:48,14,6,Invierno
101767,LOSARTAN 50MG COM.REC CJAX30UND,GENFAR,1.0,0.0,8.3,2025-06-12 11:44:00,2,6,Invierno
101767,LOSARTAN 50MG COM.REC CJAX30UND,GENFAR,1.0,0.0,8.3,2025-06-12 18:24:41,3,6,Invierno
101767,LOSARTAN 50MG COM.REC CJAX30UND,GENFAR,1.0,0.0,8.3,2025-06-12 18:46:02,15,6,Invierno
101767,LOSARTAN 50MG COM.REC CJAX30UND,GENFAR,1.0,0.0,8.3,2025-06-13 10:08:13,2,6,Invierno
101767,LOSARTAN 50MG COM.REC CJAX30UND,GENFAR,1.0,0.0,8.3,2025-06-13 19:11:01,14,6,Invierno
101767,LOSARTAN 50MG COM.REC CJAX30UND,GENFAR,1.0,0.0,8.3,2025-06-17 17:15:14,9,6,Invierno
101767,LOSARTAN 50MG COM.REC CJAX30UND,GENFAR,1.0,0.0,8.3,2025-06-17 18:30:21,9,6,Invierno
101767,LOSARTAN 50MG COM.REC CJAX30UND,GENFAR,1.0,0.0,8.3,2025-06-17 20:04:29,14,6,Invierno
101767,LOSARTAN 50MG COM.REC CJAX30UND,GENFAR,1.0,0.0,8.3,2025-06-18 07:15:53,10,6,Invierno
101767,LOSARTAN 50MG COM.REC CJAX30UND,GENFAR,1.0,0.0,8.3,2025-06-18 11:09:04,15,6,Invierno
101767,LOSARTAN 50MG COM.REC CJAX30UND,GENFAR,1.0,0.0,8.3,2025-06-18 11:22:09,2,6,Invierno
101767,LOSARTAN 50MG COM.REC CJAX30UND,GENFAR,1.0,0.0,8.3,2025-06-19 11:49:00,14,6,Invierno
101767,LOSARTAN 50MG COM.REC CJAX30UND,GENFAR,2.0,0.0,16.6,2025-06-20 18:33:29,10,6,Invierno
101767,LOSARTAN 50MG COM.REC CJAX30UND,GENFAR,-2.0,0.0,-16.6,2025-06-20 18:33:41,10,6,Invierno
101767,LOSARTAN 50MG COM.REC CJAX30UND,GENFAR,2.0,0.0,16.6,2025-06-20 21:03:12,10,6,Invierno
101767,LOSARTAN 50MG COM.REC CJAX30UND,GENFAR,1.0,0.0,8.3,2025-06-21 16:30:37,3,6,Invierno
101767,LOSARTAN 50MG COM.REC CJAX30UND,GENFAR,2.0,0.0,16.6,2025-06-21 17:29:31,5,6,Invierno
101767,LOSARTAN 50MG COM.REC CJAX30UND,GENFAR,1.0,0.0,8.3,2025-06-21 18:49:32,5,6,Invierno
101767,LOSARTAN 50MG COM.REC CJAX30UND,GENFAR,-2.0,0.0,-16.6,2025-06-22 19:33:45,10,6,Invierno
101767,LOSARTAN 50MG COM.REC CJAX30UND,GENFAR,2.0,0.0,16.6,2025-06-22 20:05:40,10,6,Invierno
101767,LOSARTAN 50MG COM.REC CJAX30UND,GENFAR,0.0,10.0,3.0,2025-06-23 11:13:06,10,6,Invierno
101767,LOSARTAN 50MG COM.REC CJAX30UND,GENFAR,1.0,0.0,8.3,2025-06-24 08:30:51,11,6,Invierno
101767,LOSARTAN 50MG COM.REC CJAX30UND,GENFAR,0.0,25.0,7.5,2025-06-24 12:50:31,2,6,Invierno
101767,LOSARTAN 50MG COM.REC CJAX30UND,GENFAR,1.0,0.0,8.3,2025-06-25 18:14:19,5,6,Invierno
101767,LOSARTAN 50MG COM.REC CJAX30UND,GENFAR,1.0,0.0,8.3,2025-06-26 20:52:55,15,6,Invierno
101767,LOSARTAN 50MG COM.REC CJAX30UND,GENFAR,1.0,0.0,8.3,2025-06-26 21:40:25,14,6,Invierno
101767,LOSARTAN 50MG COM.REC CJAX30UND,GENFAR,1.0,0.0,8.3,2025-06-27 13:47:02,16,6,Invierno
101767,LOSARTAN 50MG COM.REC CJAX30UND,GENFAR,-1.0,0.0,-8.3,2025-06-27 13:48:52,16,6,Invierno
101767,LOSARTAN 50MG COM.REC CJAX30UND,GENFAR,1.0,0.0,8.3,2025-06-27 13:49:49,16,6,Invierno
101767,LOSARTAN 50MG COM.REC CJAX30UND,GENFAR,1.0,0.0,8.3,2025-06-28 10:53:22,14,6,Invierno
101767,LOSARTAN 50MG COM.REC CJAX30UND,GENFAR,0.0,30.0,9.0,2025-06-30 20:08:20,10,6,Invierno
101767,LOSARTAN 50MG COM.REC CJAX30UND,GENFAR,1.0,0.0,8.3,2025-06-30 21:44:01,9,6,Invierno
101767,LOSARTAN 50MG COM.REC CJAX30UND,GENFAR,1.0,0.0,7.5,2025-07-01 18:00:04,3,7,Invierno
101767,LOSARTAN 50MG COM.REC CJAX30UND,GENFAR,0.0,10.0,3.0,2025-07-02 18:36:51,12,7,Invierno
101767,LOSARTAN 50MG COM.REC CJAX30UND,GENFAR,1.0,0.0,7.5,2025-07-03 12:57:42,6,7,Invierno
101767,LOSARTAN 50MG COM.REC CJAX30UND,GENFAR,0.0,10.0,3.0,2025-07-03 16:51:48,9,7,Invierno
101767,LOSARTAN 50MG COM.REC CJAX30UND,GENFAR,2.0,0.0,15.0,2025-07-03 20:29:22,3,7,Invierno
101767,LOSARTAN 50MG COM.REC CJAX30UND,GENFAR,1.0,0.0,7.5,2025-07-03 22:01:03,7,7,Invierno
101767,LOSARTAN 50MG COM.REC CJAX30UND,GENFAR,1.0,0.0,7.5,2025-07-03 22:23:25,4,7,Invierno
101767,LOSARTAN 50MG COM.REC CJAX30UND,GENFAR,0.0,30.0,9.0,2025-07-04 09:22:48,5,7,Invierno
101767,LOSARTAN 50MG COM.REC CJAX30UND,GENFAR,1.0,0.0,7.5,2025-07-04 09:28:50,7,7,Invierno
101767,LOSARTAN 50MG COM.REC CJAX30UND,GENFAR,1.0,0.0,7.5,2025-07-04 19:54:50,2,7,Invierno
101767,LOSARTAN 50MG COM.REC CJAX30UND,GENFAR,1.0,0.0,7.5,2025-07-04 21:21:21,16,7,Invierno
101767,LOSARTAN 50MG COM.REC CJAX30UND,GENFAR,1.0,0.0,7.5,2025-07-04 21:38:56,15,7,Invierno
101767,LOSARTAN 50MG COM.REC CJAX30UND,GENFAR,2.0,0.0,15.0,2025-07-05 10:29:56,5,7,Invierno
101767,LOSARTAN 50MG COM.REC CJAX30UND,GENFAR,1.0,0.0,7.5,2025-07-05 12:44:23,6,7,Invierno
101767,LOSARTAN 50MG COM.REC CJAX30UND,GENFAR,1.0,0.0,7.5,2025-07-05 18:38:05,2,7,Invierno
101767,LOSARTAN 50MG COM.REC CJAX30UND,GENFAR,1.0,0.0,7.5,2025-07-05 19:02:43,13,7,Invierno
101767,LOSARTAN 50MG COM.REC CJAX30UND,GENFAR,1.0,0.0,7.5,2025-07-05 21:42:18,8,7,Invierno
101767,LOSARTAN 50MG COM.REC CJAX30UND,GENFAR,5.0,0.0,37.5,2025-07-06 13:34:29,1,7,Invierno
101767,LOSARTAN 50MG COM.REC CJAX30UND,GENFAR,1.0,0.0,7.5,2025-07-06 14:58:23,3,7,Invierno
101767,LOSARTAN 50MG COM.REC CJAX30UND,GENFAR,1.0,0.0,7.5,2025-07-07 09:42:10,5,7,Invierno
101767,LOSARTAN 50MG COM.REC CJAX30UND,GENFAR,1.0,0.0,7.5,2025-07-07 10:48:13,15,7,Invierno
101767,LOSARTAN 50MG COM.REC CJAX30UND,GENFAR,1.0,0.0,7.5,2025-07-07 13:07:53,6,7,Invierno
101767,LOSARTAN 50MG COM.REC CJAX30UND,GENFAR,1.0,0.0,7.5,2025-07-07 15:35:47,10,7,Invierno
101767,LOSARTAN 50MG COM.REC CJAX30UND,GENFAR,3.0,0.0,22.5,2025-07-07 16:56:08,16,7,Invierno
101767,LOSARTAN 50MG COM.REC CJAX30UND,GENFAR,1.0,0.0,7.5,2025-07-07 18:16:15,5,7,Invierno
101767,LOSARTAN 50MG COM.REC CJAX30UND,GENFAR,1.0,0.0,7.5,2025-07-08 16:14:35,5,7,Invierno
101767,LOSARTAN 50MG COM.REC CJAX30UND,GENFAR,1.0,0.0,7.5,2025-07-08 17:29:57,6,7,Invierno
101767,LOSARTAN 50MG COM.REC CJAX30UND,GENFAR,1.0,0.0,7.5,2025-07-08 20:48:22,4,7,Invierno
101767,LOSARTAN 50MG COM.REC CJAX30UND,GENFAR,1.0,0.0,7.5,2025-07-09 09:57:59,1,7,Invierno
101767,LOSARTAN 50MG COM.REC CJAX30UND,GENFAR,1.0,0.0,7.5,2025-07-09 15:32:58,6,7,Invierno
101767,LOSARTAN 50MG COM.REC CJAX30UND,GENFAR,1.0,0.0,7.5,2025-07-09 16:03:16,14,7,Invierno
101767,LOSARTAN 50MG COM.REC CJAX30UND,GENFAR,1.0,0.0,7.5,2025-07-09 16:42:42,9,7,Invierno
101767,LOSARTAN 50MG COM.REC CJAX30UND,GENFAR,1.0,0.0,7.5,2025-07-09 19:29:55,2,7,Invierno
101767,LOSARTAN 50MG COM.REC CJAX30UND,GENFAR,-1.0,0.0,-7.5,2025-07-09 19:34:04,2,7,Invierno
101767,LOSARTAN 50MG COM.REC CJAX30UND,GENFAR,0.0,15.0,4.5,2025-07-09 22:16:41,2,7,Invierno
101767,LOSARTAN 50MG COM.REC CJAX30UND,GENFAR,1.0,0.0,7.5,2025-07-10 17:26:44,7,7,Invierno
101767,LOSARTAN 50MG COM.REC CJAX30UND,GENFAR,2.0,0.0,15.0,2025-07-10 17:36:41,1,7,Invierno
101767,LOSARTAN 50MG COM.REC CJAX30UND,GENFAR,1.0,0.0,7.5,2025-07-10 17:37:28,7,7,Invierno
101767,LOSARTAN 50MG COM.REC CJAX30UND,GENFAR,0.0,30.0,9.0,2025-07-10 17:58:57,12,7,Invierno
101767,LOSARTAN 50MG COM.REC CJAX30UND,GENFAR,1.0,0.0,7.5,2025-07-10 20:12:02,12,7,Invierno
101767,LOSARTAN 50MG COM.REC CJAX30UND,GENFAR,1.0,0.0,7.5,2025-07-10 22:31:14,13,7,Invierno
101767,LOSARTAN 50MG COM.REC CJAX30UND,GENFAR,1.0,0.0,7.5,2025-07-11 10:53:51,6,7,Invierno
101767,LOSARTAN 50MG COM.REC CJAX30UND,GENFAR,3.0,0.0,22.5,2025-07-11 12:13:20,7,7,Invierno
101767,LOSARTAN 50MG COM.REC CJAX30UND,GENFAR,2.0,0.0,15.0,2025-07-11 15:02:44,5,7,Invierno
101767,LOSARTAN 50MG COM.REC CJAX30UND,GENFAR,1.0,0.0,7.5,2025-07-11 16:59:24,12,7,Invierno
101767,LOSARTAN 50MG COM.REC CJAX30UND,GENFAR,1.0,0.0,7.5,2025-07-11 18:04:20,9,7,Invierno
101767,LOSARTAN 50MG COM.REC CJAX30UND,GENFAR,1.0,0.0,7.5,2025-07-11 19:00:49,2,7,Invierno
101767,LOSARTAN 50MG COM.REC CJAX30UND,GENFAR,1.0,0.0,7.5,2025-07-11 19:33:00,13,7,Invierno
101767,LOSARTAN 50MG COM.REC CJAX30UND,GENFAR,1.0,0.0,7.5,2025-07-11 21:27:58,14,7,Invierno
101767,LOSARTAN 50MG COM.REC CJAX30UND,GENFAR,1.0,0.0,7.5,2025-07-11 22:03:56,4,7,Invierno
101767,LOSARTAN 50MG COM.REC CJAX30UND,GENFAR,1.0,0.0,7.5,2025-07-12 17:18:29,5,7,Invierno
101767,LOSARTAN 50MG COM.REC CJAX30UND,GENFAR,1.0,0.0,7.5,2025-07-13 10:57:47,16,7,Invierno
101767,LOSARTAN 50MG COM.REC CJAX30UND,GENFAR,1.0,0.0,7.5,2025-07-13 10:59:08,2,7,Invierno
101767,LOSARTAN 50MG COM.REC CJAX30UND,GENFAR,1.0,0.0,7.5,2025-07-13 11:04:40,5,7,Invierno
101767,LOSARTAN 50MG COM.REC CJAX30UND,GENFAR,1.0,0.0,7.5,2025-07-13 13:27:43,11,7,Invierno
101767,LOSARTAN 50MG COM.REC CJAX30UND,GENFAR,0.0,3.0,0.9,2025-07-13 18:00:05,9,7,Invierno
101767,LOSARTAN 50MG COM.REC CJAX30UND,GENFAR,1.0,0.0,7.5,2025-07-13 21:15:27,10,7,Invierno
101767,LOSARTAN 50MG COM.REC CJAX30UND,GENFAR,1.0,0.0,7.5,2025-07-14 11:21:22,3,7,Invierno
101767,LOSARTAN 50MG COM.REC CJAX30UND,GENFAR,1.0,0.0,7.5,2025-07-14 12:00:43,3,7,Invierno
101767,LOSARTAN 50MG COM.REC CJAX30UND,GENFAR,1.0,0.0,7.5,2025-07-14 12:01:06,3,7,Invierno
101767,LOSARTAN 50MG COM.REC CJAX30UND,GENFAR,1.0,0.0,7.5,2025-07-14 17:57:38,2,7,Invierno
101767,LOSARTAN 50MG COM.REC CJAX30UND,GENFAR,1.0,0.0,7.5,2025-07-15 11:36:56,2,7,Invierno
101767,LOSARTAN 50MG COM.REC CJAX30UND,GENFAR,1.0,0.0,7.5,2025-07-15 15:31:46,4,7,Invierno
101767,LOSARTAN 50MG COM.REC CJAX30UND,GENFAR,1.0,0.0,7.5,2025-07-15 18:05:52,15,7,Invierno
101767,LOSARTAN 50MG COM.REC CJAX30UND,GENFAR,1.0,0.0,7.5,2025-07-15 19:38:58,3,7,Invierno
101767,LOSARTAN 50MG COM.REC CJAX30UND,GENFAR,1.0,0.0,7.5,2025-07-15 21:54:23,1,7,Invierno
101767,LOSARTAN 50MG COM.REC CJAX30UND,GENFAR,1.0,0.0,7.5,2025-07-15 22:39:17,4,7,Invierno
101767,LOSARTAN 50MG COM.REC CJAX30UND,GENFAR,1.0,0.0,7.5,2025-07-15 23:15:55,16,7,Invierno
101767,LOSARTAN 50MG COM.REC CJAX30UND,GENFAR,0.0,1.0,0.3,2025-07-16 11:45:47,5,7,Invierno
101767,LOSARTAN 50MG COM.REC CJAX30UND,GENFAR,0.0,-30.0,-9.0,2025-07-16 12:00:00,9,7,Invierno
101767,LOSARTAN 50MG COM.REC CJAX30UND,GENFAR,1.0,0.0,7.5,2025-07-16 14:28:29,15,7,Invierno
101767,LOSARTAN 50MG COM.REC CJAX30UND,GENFAR,0.0,30.0,9.0,2025-07-16 18:50:05,9,7,Invierno
101767,LOSARTAN 50MG COM.REC CJAX30UND,GENFAR,1.0,0.0,7.12,2025-07-16 18:53:58,9,7,Invierno
101767,LOSARTAN 50MG COM.REC CJAX30UND,GENFAR,1.0,0.0,7.5,2025-07-16 19:55:21,1,7,Invierno
101767,LOSARTAN 50MG COM.REC CJAX30UND,GENFAR,0.0,15.0,4.5,2025-07-17 10:34:30,2,7,Invierno
101767,LOSARTAN 50MG COM.REC CJAX30UND,GENFAR,-1.0,0.0,-7.5,2025-07-17 12:00:00,11,7,Invierno
101767,LOSARTAN 50MG COM.REC CJAX30UND,GENFAR,1.0,0.0,7.5,2025-07-17 16:15:08,14,7,Invierno
101767,LOSARTAN 50MG COM.REC CJAX30UND,GENFAR,1.0,0.0,7.5,2025-07-17 17:19:04,6,7,Invierno
101767,LOSARTAN 50MG COM.REC CJAX30UND,GENFAR,1.0,0.0,7.5,2025-07-17 17:28:00,2,7,Invierno
101767,LOSARTAN 50MG COM.REC CJAX30UND,GENFAR,0.0,20.0,6.0,2025-07-17 19:07:39,2,7,Invierno
101767,LOSARTAN 50MG COM.REC CJAX30UND,GENFAR,0.0,-20.0,-6.0,2025-07-17 19:10:23,2,7,Invierno
101767,LOSARTAN 50MG COM.REC CJAX30UND,GENFAR,2.0,0.0,15.0,2025-07-17 19:13:41,14,7,Invierno
101767,LOSARTAN 50MG COM.REC CJAX30UND,GENFAR,1.0,0.0,7.5,2025-07-17 19:43:31,14,7,Invierno
101767,LOSARTAN 50MG COM.REC CJAX30UND,GENFAR,1.0,0.0,7.5,2025-07-17 19:52:34,11,7,Invierno
101767,LOSARTAN 50MG COM.REC CJAX30UND,GENFAR,1.0,0.0,7.5,2025-07-18 08:41:04,10,7,Invierno
101767,LOSARTAN 50MG COM.REC CJAX30UND,GENFAR,1.0,0.0,7.5,2025-07-18 08:49:45,6,7,Invierno
101767,LOSARTAN 50MG COM.REC CJAX30UND,GENFAR,1.0,0.0,7.5,2025-07-18 19:10:01,2,7,Invierno
101767,LOSARTAN 50MG COM.REC CJAX30UND,GENFAR,2.0,0.0,15.0,2025-07-18 19:53:14,10,7,Invierno
101767,LOSARTAN 50MG COM.REC CJAX30UND,GENFAR,1.0,0.0,7.5,2025-07-18 21:10:41,3,7,Invierno
101767,LOSARTAN 50MG COM.REC CJAX30UND,GENFAR,0.0,10.0,3.0,2025-07-18 21:31:50,16,7,Invierno
101767,LOSARTAN 50MG COM.REC CJAX30UND,GENFAR,1.0,0.0,7.12,2025-07-19 09:52:08,9,7,Invierno
101767,LOSARTAN 50MG COM.REC CJAX30UND,GENFAR,1.0,0.0,7.5,2025-07-19 18:56:54,13,7,Invierno
101767,LOSARTAN 50MG COM.REC CJAX30UND,GENFAR,1.0,0.0,7.5,2025-07-19 19:15:39,6,7,Invierno
101767,LOSARTAN 50MG COM.REC CJAX30UND,GENFAR,2.0,0.0,15.0,2025-07-20 07:45:35,7,7,Invierno
101767,LOSARTAN 50MG COM.REC CJAX30UND,GENFAR,1.0,0.0,7.5,2025-07-20 08:48:17,6,7,Invierno
101767,LOSARTAN 50MG COM.REC CJAX30UND,GENFAR,1.0,0.0,7.5,2025-07-20 18:29:07,9,7,Invierno
101767,LOSARTAN 50MG COM.REC CJAX30UND,GENFAR,1.0,0.0,7.5,2025-07-21 07:45:58,9,7,Invierno
101767,LOSARTAN 50MG COM.REC CJAX30UND,GENFAR,1.0,0.0,7.5,2025-07-21 08:46:14,16,7,Invierno
101767,LOSARTAN 50MG COM.REC CJAX30UND,GENFAR,2.0,0.0,15.0,2025-07-21 11:08:55,10,7,Invierno
101767,LOSARTAN 50MG COM.REC CJAX30UND,GENFAR,2.0,0.0,15.0,2025-07-21 11:43:53,2,7,Invierno
101767,LOSARTAN 50MG COM.REC CJAX30UND,GENFAR,1.0,0.0,7.5,2025-07-21 14:06:06,10,7,Invierno
101767,LOSARTAN 50MG COM.REC CJAX30UND,GENFAR,0.0,10.0,3.0,2025-07-21 18:28:54,9,7,Invierno
101767,LOSARTAN 50MG COM.REC CJAX30UND,GENFAR,1.0,0.0,7.5,2025-07-21 20:28:17,2,7,Invierno
101767,LOSARTAN 50MG COM.REC CJAX30UND,GENFAR,1.0,0.0,9.0,2025-07-22 07:03:38,2,7,Invierno
101767,LOSARTAN 50MG COM.REC CJAX30UND,GENFAR,1.0,0.0,7.5,2025-07-22 09:26:21,7,7,Invierno
101767,LOSARTAN 50MG COM.REC CJAX30UND,GENFAR,1.0,0.0,7.12,2025-07-22 14:02:52,11,7,Invierno
101767,LOSARTAN 50MG COM.REC CJAX30UND,GENFAR,4.0,0.0,36.0,2025-07-22 18:21:22,2,7,Invierno
101767,LOSARTAN 50MG COM.REC CJAX30UND,GENFAR,2.0,0.0,18.0,2025-07-23 14:57:33,3,7,Invierno
101767,LOSARTAN 50MG COM.REC CJAX30UND,GENFAR,1.0,0.0,9.0,2025-07-24 10:51:03,4,7,Invierno
101767,LOSARTAN 50MG COM.REC CJAX30UND,GENFAR,1.0,0.0,9.0,2025-07-24 10:59:39,4,7,Invierno
101767,LOSARTAN 50MG COM.REC CJAX30UND,GENFAR,-1.0,0.0,-9.0,2025-07-24 11:00:01,4,7,Invierno
101767,LOSARTAN 50MG COM.REC CJAX30UND,GENFAR,1.0,0.0,9.0,2025-07-24 13:16:22,12,7,Invierno
101767,LOSARTAN 50MG COM.REC CJAX30UND,GENFAR,1.0,0.0,9.0,2025-07-24 14:55:24,9,7,Invierno
101767,LOSARTAN 50MG COM.REC CJAX30UND,GENFAR,1.0,0.0,9.0,2025-07-24 17:44:15,5,7,Invierno
101767,LOSARTAN 50MG COM.REC CJAX30UND,GENFAR,1.0,0.0,9.0,2025-07-24 18:36:22,3,7,Invierno
101767,LOSARTAN 50MG COM.REC CJAX30UND,GENFAR,1.0,0.0,9.0,2025-07-24 21:32:40,1,7,Invierno
101767,LOSARTAN 50MG COM.REC CJAX30UND,GENFAR,0.0,10.0,3.0,2025-07-24 21:41:16,7,7,Invierno
101767,LOSARTAN 50MG COM.REC CJAX30UND,GENFAR,0.0,40.0,12.0,2025-07-25 11:21:59,5,7,Invierno
101767,LOSARTAN 50MG COM.REC CJAX30UND,GENFAR,2.0,0.0,18.0,2025-07-25 11:25:11,2,7,Invierno
101767,LOSARTAN 50MG COM.REC CJAX30UND,GENFAR,2.0,0.0,18.0,2025-07-25 22:50:54,4,7,Invierno
101767,LOSARTAN 50MG COM.REC CJAX30UND,GENFAR,1.0,0.0,9.0,2025-07-25 23:33:37,4,7,Invierno
101767,LOSARTAN 50MG COM.REC CJAX30UND,GENFAR,1.0,0.0,9.0,2025-07-26 08:58:51,3,7,Invierno
101767,LOSARTAN 50MG COM.REC CJAX30UND,GENFAR,1.0,0.0,9.0,2025-07-26 17:17:15,3,7,Invierno
101767,LOSARTAN 50MG COM.REC CJAX30UND,GENFAR,1.0,0.0,9.0,2025-07-26 19:29:11,5,7,Invierno
101767,LOSARTAN 50MG COM.REC CJAX30UND,GENFAR,1.0,0.0,9.0,2025-07-26 20:42:51,12,7,Invierno
101767,LOSARTAN 50MG COM.REC CJAX30UND,GENFAR,1.0,0.0,9.0,2025-07-26 21:45:25,5,7,Invierno
101767,LOSARTAN 50MG COM.REC CJAX30UND,GENFAR,0.0,10.0,3.0,2025-07-27 16:22:54,9,7,Invierno
101767,LOSARTAN 50MG COM.REC CJAX30UND,GENFAR,2.0,0.0,18.0,2025-07-27 18:50:25,12,7,Invierno
101767,LOSARTAN 50MG COM.REC CJAX30UND,GENFAR,0.0,1.0,0.3,2025-07-28 08:27:55,9,7,Invierno
101767,LOSARTAN 50MG COM.REC CJAX30UND,GENFAR,1.0,0.0,9.0,2025-07-28 11:20:24,6,7,Invierno
101767,LOSARTAN 50MG COM.REC CJAX30UND,GENFAR,1.0,0.0,9.0,2025-07-28 17:42:01,11,7,Invierno
101767,LOSARTAN 50MG COM.REC CJAX30UND,GENFAR,0.0,15.0,4.5,2025-07-28 21:57:26,3,7,Invierno
101767,LOSARTAN 50MG COM.REC CJAX30UND,GENFAR,1.0,0.0,9.0,2025-07-30 07:33:58,4,7,Invierno
101767,LOSARTAN 50MG COM.REC CJAX30UND,GENFAR,1.0,0.0,9.0,2025-07-30 08:06:03,15,7,Invierno
101767,LOSARTAN 50MG COM.REC CJAX30UND,GENFAR,1.0,0.0,9.0,2025-07-30 09:34:49,6,7,Invierno
101767,LOSARTAN 50MG COM.REC CJAX30UND,GENFAR,1.0,0.0,9.0,2025-07-30 14:14:23,9,7,Invierno
101767,LOSARTAN 50MG COM.REC CJAX30UND,GENFAR,0.0,5.0,1.5,2025-07-30 14:40:53,2,7,Invierno
101767,LOSARTAN 50MG COM.REC CJAX30UND,GENFAR,1.0,0.0,9.0,2025-07-30 16:42:16,1,7,Invierno
101767,LOSARTAN 50MG COM.REC CJAX30UND,GENFAR,2.0,0.0,18.0,2025-07-30 17:01:15,7,7,Invierno
101767,LOSARTAN 50MG COM.REC CJAX30UND,GENFAR,1.0,0.0,9.0,2025-07-30 17:29:55,6,7,Invierno
101767,LOSARTAN 50MG COM.REC CJAX30UND,GENFAR,1.0,0.0,9.0,2025-07-30 18:06:41,4,7,Invierno
101767,LOSARTAN 50MG COM.REC CJAX30UND,GENFAR,2.0,0.0,18.0,2025-07-30 19:12:43,8,7,Invierno
101767,LOSARTAN 50MG COM.REC CJAX30UND,GENFAR,1.0,0.0,9.0,2025-07-30 19:43:34,7,7,Invierno
101767,LOSARTAN 50MG COM.REC CJAX30UND,GENFAR,2.0,0.0,18.0,2025-07-31 18:00:41,9,7,Invierno
101767,LOSARTAN 50MG COM.REC CJAX30UND,GENFAR,1.0,0.0,9.0,2025-08-01 18:15:51,14,8,Invierno
101767,LOSARTAN 50MG COM.REC CJAX30UND,GENFAR,1.0,0.0,9.0,2025-08-02 16:47:46,16,8,Invierno
101767,LOSARTAN 50MG COM.REC CJAX30UND,GENFAR,1.0,0.0,9.0,2025-08-03 18:44:31,14,8,Invierno
101767,LOSARTAN 50MG COM.REC CJAX30UND,GENFAR,2.0,0.0,18.0,2025-08-03 19:02:34,1,8,Invierno
101767,LOSARTAN 50MG COM.REC CJAX30UND,GENFAR,1.0,0.0,9.0,2025-08-03 20:12:17,3,8,Invierno
101767,LOSARTAN 50MG COM.REC CJAX30UND,GENFAR,0.0,10.0,3.0,2025-08-03 22:14:05,7,8,Invierno
101767,LOSARTAN 50MG COM.REC CJAX30UND,GENFAR,0.0,3.0,0.9,2025-08-04 14:36:41,9,8,Invierno
101767,LOSARTAN 50MG COM.REC CJAX30UND,GENFAR,1.0,0.0,9.0,2025-08-04 17:25:37,2,8,Invierno
101767,LOSARTAN 50MG COM.REC CJAX30UND,GENFAR,0.0,10.0,3.0,2025-08-04 17:48:30,7,8,Invierno
101767,LOSARTAN 50MG COM.REC CJAX30UND,GENFAR,1.0,0.0,9.0,2025-08-04 20:26:21,15,8,Invierno
101767,LOSARTAN 50MG COM.REC CJAX30UND,GENFAR,1.0,0.0,9.0,2025-08-04 21:07:22,15,8,Invierno
101767,LOSARTAN 50MG COM.REC CJAX30UND,GENFAR,1.0,0.0,9.0,2025-08-04 21:12:17,3,8,Invierno
101767,LOSARTAN 50MG COM.REC CJAX30UND,GENFAR,1.0,0.0,9.0,2025-08-05 07:32:57,6,8,Invierno
101767,LOSARTAN 50MG COM.REC CJAX30UND,GENFAR,0.0,15.0,4.5,2025-08-05 15:57:23,1,8,Invierno
101767,LOSARTAN 50MG COM.REC CJAX30UND,GENFAR,1.0,0.0,9.0,2025-08-05 18:07:28,14,8,Invierno
101767,LOSARTAN 50MG COM.REC CJAX30UND,GENFAR,1.0,0.0,9.0,2025-08-05 18:38:03,13,8,Invierno
101767,LOSARTAN 50MG COM.REC CJAX30UND,GENFAR,1.0,0.0,9.0,2025-08-06 08:53:57,5,8,Invierno
101767,LOSARTAN 50MG COM.REC CJAX30UND,GENFAR,1.0,0.0,9.0,2025-08-06 16:47:52,7,8,Invierno
101767,LOSARTAN 50MG COM.REC CJAX30UND,GENFAR,0.0,10.0,3.0,2025-08-07 11:08:06,9,8,Invierno
101767,LOSARTAN 50MG COM.REC CJAX30UND,GENFAR,0.0,10.0,3.0,2025-08-07 11:36:59,10,8,Invierno
101767,LOSARTAN 50MG COM.REC CJAX30UND,GENFAR,1.0,0.0,9.0,2025-08-07 17:21:30,11,8,Invierno
101767,LOSARTAN 50MG COM.REC CJAX30UND,GENFAR,1.0,0.0,9.0,2025-08-07 17:45:19,9,8,Invierno
101767,LOSARTAN 50MG COM.REC CJAX30UND,GENFAR,1.0,0.0,9.0,2025-08-07 17:52:13,5,8,Invierno
101767,LOSARTAN 50MG COM.REC CJAX30UND,GENFAR,1.0,0.0,9.0,2025-08-07 17:58:26,2,8,Invierno
101767,LOSARTAN 50MG COM.REC CJAX30UND,GENFAR,1.0,0.0,9.0,2025-08-07 18:00:37,7,8,Invierno
101767,LOSARTAN 50MG COM.REC CJAX30UND,GENFAR,0.0,50.0,15.0,2025-08-07 20:37:01,1,8,Invierno
101767,LOSARTAN 50MG COM.REC CJAX30UND,GENFAR,1.0,0.0,9.0,2025-08-07 20:41:57,11,8,Invierno
101767,LOSARTAN 50MG COM.REC CJAX30UND,GENFAR,1.0,0.0,9.0,2025-08-08 18:05:23,11,8,Invierno
101767,LOSARTAN 50MG COM.REC CJAX30UND,GENFAR,1.0,0.0,9.0,2025-08-08 19:40:11,1,8,Invierno
101767,LOSARTAN 50MG COM.REC CJAX30UND,GENFAR,1.0,0.0,9.0,2025-08-08 20:31:56,12,8,Invierno
101767,LOSARTAN 50MG COM.REC CJAX30UND,GENFAR,1.0,0.0,9.0,2025-08-08 22:06:08,16,8,Invierno
101767,LOSARTAN 50MG COM.REC CJAX30UND,GENFAR,0.0,10.0,3.0,2025-08-08 22:55:06,10,8,Invierno
101767,LOSARTAN 50MG COM.REC CJAX30UND,GENFAR,0.0,20.0,6.0,2025-08-08 23:55:51,16,8,Invierno
101767,LOSARTAN 50MG COM.REC CJAX30UND,GENFAR,1.0,0.0,9.0,2025-08-09 09:25:38,6,8,Invierno
101767,LOSARTAN 50MG COM.REC CJAX30UND,GENFAR,1.0,0.0,9.0,2025-08-09 10:35:13,5,8,Invierno
101767,LOSARTAN 50MG COM.REC CJAX30UND,GENFAR,0.0,30.0,9.0,2025-08-09 14:12:27,2,8,Invierno
101767,LOSARTAN 50MG COM.REC CJAX30UND,GENFAR,1.0,0.0,9.0,2025-08-09 16:43:02,8,8,Invierno
101767,LOSARTAN 50MG COM.REC CJAX30UND,GENFAR,1.0,0.0,9.0,2025-08-10 09:14:37,3,8,Invierno
101767,LOSARTAN 50MG COM.REC CJAX30UND,GENFAR,1.0,0.0,9.0,2025-08-10 14:23:25,14,8,Invierno
101767,LOSARTAN 50MG COM.REC CJAX30UND,GENFAR,1.0,0.0,9.0,2025-08-10 20:56:23,1,8,Invierno
101767,LOSARTAN 50MG COM.REC CJAX30UND,GENFAR,1.0,0.0,9.0,2025-08-11 11:09:08,1,8,Invierno
101767,LOSARTAN 50MG COM.REC CJAX30UND,GENFAR,1.0,0.0,9.0,2025-08-11 19:00:00,5,8,Invierno
101767,LOSARTAN 50MG COM.REC CJAX30UND,GENFAR,0.0,10.0,3.0,2025-08-12 10:15:01,13,8,Invierno
101767,LOSARTAN 50MG COM.REC CJAX30UND,GENFAR,2.0,0.0,18.0,2025-08-12 15:34:12,5,8,Invierno
101767,LOSARTAN 50MG COM.REC CJAX30UND,GENFAR,1.0,0.0,9.0,2025-08-12 16:28:24,5,8,Invierno
101767,LOSARTAN 50MG COM.REC CJAX30UND,GENFAR,0.0,10.0,3.0,2025-08-13 11:02:18,9,8,Invierno
101767,LOSARTAN 50MG COM.REC CJAX30UND,GENFAR,0.0,3.0,0.9,2025-08-13 13:03:49,9,8,Invierno
101767,LOSARTAN 50MG COM.REC CJAX30UND,GENFAR,1.0,0.0,9.0,2025-08-13 18:18:18,2,8,Invierno
101767,LOSARTAN 50MG COM.REC CJAX30UND,GENFAR,-1.0,0.0,-9.0,2025-08-13 18:20:28,2,8,Invierno
101767,LOSARTAN 50MG COM.REC CJAX30UND,GENFAR,1.0,0.0,8.55,2025-08-13 20:30:06,9,8,Invierno
101767,LOSARTAN 50MG COM.REC CJAX30UND,GENFAR,0.0,10.0,3.0,2025-08-13 22:12:27,5,8,Invierno
101767,LOSARTAN 50MG COM.REC CJAX30UND,GENFAR,1.0,0.0,9.0,2025-08-14 20:16:55,8,8,Invierno
101767,LOSARTAN 50MG COM.REC CJAX30UND,GENFAR,1.0,0.0,9.0,2025-08-14 21:10:11,4,8,Invierno
101767,LOSARTAN 50MG COM.REC CJAX30UND,GENFAR,1.0,0.0,9.0,2025-08-15 15:11:20,8,8,Invierno
101767,LOSARTAN 50MG COM.REC CJAX30UND,GENFAR,1.0,0.0,9.0,2025-08-15 15:18:26,15,8,Invierno
101767,LOSARTAN 50MG COM.REC CJAX30UND,GENFAR,2.0,0.0,18.0,2025-08-15 18:10:44,10,8,Invierno
101767,LOSARTAN 50MG COM.REC CJAX30UND,GENFAR,1.0,0.0,9.0,2025-08-15 21:17:21,1,8,Invierno
101767,LOSARTAN 50MG COM.REC CJAX30UND,GENFAR,2.0,0.0,18.0,2025-08-16 08:22:23,5,8,Invierno
101767,LOSARTAN 50MG COM.REC CJAX30UND,GENFAR,1.0,0.0,9.0,2025-08-16 12:52:40,8,8,Invierno
101767,LOSARTAN 50MG COM.REC CJAX30UND,GENFAR,2.0,0.0,18.0,2025-08-16 13:52:07,15,8,Invierno
101767,LOSARTAN 50MG COM.REC CJAX30UND,GENFAR,1.0,0.0,9.0,2025-08-16 14:01:35,5,8,Invierno
101767,LOSARTAN 50MG COM.REC CJAX30UND,GENFAR,1.0,0.0,9.0,2025-08-16 16:56:21,9,8,Invierno
101767,LOSARTAN 50MG COM.REC CJAX30UND,GENFAR,1.0,0.0,9.0,2025-08-17 15:12:25,7,8,Invierno
101767,LOSARTAN 50MG COM.REC CJAX30UND,GENFAR,1.0,0.0,9.0,2025-08-17 17:29:56,2,8,Invierno
101767,LOSARTAN 50MG COM.REC CJAX30UND,GENFAR,2.0,0.0,18.0,2025-08-17 20:09:54,3,8,Invierno
101767,LOSARTAN 50MG COM.REC CJAX30UND,GENFAR,1.0,0.0,9.0,2025-08-17 20:14:10,6,8,Invierno
101767,LOSARTAN 50MG COM.REC CJAX30UND,GENFAR,1.0,0.0,9.0,2025-08-17 21:01:14,3,8,Invierno
101767,LOSARTAN 50MG COM.REC CJAX30UND,GENFAR,1.0,0.0,9.0,2025-08-18 16:04:21,14,8,Invierno
101767,LOSARTAN 50MG COM.REC CJAX30UND,GENFAR,1.0,0.0,9.0,2025-08-19 09:56:14,7,8,Invierno
101767,LOSARTAN 50MG COM.REC CJAX30UND,GENFAR,2.0,0.0,18.0,2025-08-19 12:40:12,2,8,Invierno
101767,LOSARTAN 50MG COM.REC CJAX30UND,GENFAR,2.0,0.0,18.0,2025-08-19 13:09:34,10,8,Invierno
101767,LOSARTAN 50MG COM.REC CJAX30UND,GENFAR,1.0,0.0,9.0,2025-08-19 14:07:45,15,8,Invierno
101767,LOSARTAN 50MG COM.REC CJAX30UND,GENFAR,1.0,0.0,9.0,2025-08-19 15:02:43,6,8,Invierno
101767,LOSARTAN 50MG COM.REC CJAX30UND,GENFAR,1.0,0.0,9.0,2025-08-19 17:11:25,10,8,Invierno
101767,LOSARTAN 50MG COM.REC CJAX30UND,GENFAR,1.0,0.0,9.0,2025-08-19 17:49:58,14,8,Invierno
101767,LOSARTAN 50MG COM.REC CJAX30UND,GENFAR,1.0,0.0,9.0,2025-08-19 18:42:14,2,8,Invierno
101767,LOSARTAN 50MG COM.REC CJAX30UND,GENFAR,1.0,0.0,9.0,2025-08-19 18:42:31,10,8,Invierno
101767,LOSARTAN 50MG COM.REC CJAX30UND,GENFAR,1.0,0.0,9.0,2025-08-19 18:51:53,9,8,Invierno
101767,LOSARTAN 50MG COM.REC CJAX30UND,GENFAR,1.0,0.0,9.0,2025-08-20 11:08:41,9,8,Invierno
101767,LOSARTAN 50MG COM.REC CJAX30UND,GENFAR,1.0,0.0,9.0,2025-08-20 11:26:14,10,8,Invierno
101767,LOSARTAN 50MG COM.REC CJAX30UND,GENFAR,1.0,0.0,9.0,2025-08-20 11:54:37,9,8,Invierno
101767,LOSARTAN 50MG COM.REC CJAX30UND,GENFAR,1.0,0.0,9.0,2025-08-20 16:58:27,1,8,Invierno
101767,LOSARTAN 50MG COM.REC CJAX30UND,GENFAR,1.0,0.0,9.0,2025-08-20 17:57:05,1,8,Invierno
101767,LOSARTAN 50MG COM.REC CJAX30UND,GENFAR,1.0,0.0,9.0,2025-08-20 18:50:29,2,8,Invierno
101767,LOSARTAN 50MG COM.REC CJAX30UND,GENFAR,1.0,0.0,9.0,2025-08-20 20:13:52,2,8,Invierno
101767,LOSARTAN 50MG COM.REC CJAX30UND,GENFAR,1.0,0.0,9.0,2025-08-20 20:44:18,13,8,Invierno
101767,LOSARTAN 50MG COM.REC CJAX30UND,GENFAR,1.0,0.0,9.0,2025-08-21 10:15:20,2,8,Invierno
101767,LOSARTAN 50MG COM.REC CJAX30UND,GENFAR,1.0,0.0,9.0,2025-08-21 18:40:49,14,8,Invierno
101767,LOSARTAN 50MG COM.REC CJAX30UND,GENFAR,1.0,0.0,9.0,2025-08-21 20:26:48,10,8,Invierno
101767,LOSARTAN 50MG COM.REC CJAX30UND,GENFAR,0.0,10.0,3.0,2025-08-21 21:05:26,5,8,Invierno
101767,LOSARTAN 50MG COM.REC CJAX30UND,GENFAR,1.0,0.0,9.0,2025-08-21 22:09:49,7,8,Invierno
101767,LOSARTAN 50MG COM.REC CJAX30UND,GENFAR,1.0,0.0,9.0,2025-08-22 07:30:24,12,8,Invierno
101767,LOSARTAN 50MG COM.REC CJAX30UND,GENFAR,1.0,0.0,9.0,2025-08-22 16:44:04,13,8,Invierno
101767,LOSARTAN 50MG COM.REC CJAX30UND,GENFAR,2.0,0.0,18.0,2025-08-22 18:29:32,2,8,Invierno
101767,LOSARTAN 50MG COM.REC CJAX30UND,GENFAR,1.0,0.0,9.0,2025-08-22 20:12:42,2,8,Invierno
101767,LOSARTAN 50MG COM.REC CJAX30UND,GENFAR,1.0,0.0,9.0,2025-08-22 20:14:49,4,8,Invierno
101767,LOSARTAN 50MG COM.REC CJAX30UND,GENFAR,1.0,0.0,9.0,2025-08-23 11:14:33,6,8,Invierno
101767,LOSARTAN 50MG COM.REC CJAX30UND,GENFAR,1.0,0.0,9.0,2025-08-23 13:12:44,15,8,Invierno
101767,LOSARTAN 50MG COM.REC CJAX30UND,GENFAR,1.0,0.0,9.0,2025-08-23 16:58:31,2,8,Invierno
101767,LOSARTAN 50MG COM.REC CJAX30UND,GENFAR,1.0,0.0,9.0,2025-08-24 10:01:19,8,8,Invierno
101767,LOSARTAN 50MG COM.REC CJAX30UND,GENFAR,0.0,3.0,0.9,2025-08-24 16:08:05,13,8,Invierno
101767,LOSARTAN 50MG COM.REC CJAX30UND,GENFAR,0.0,10.0,3.0,2025-08-25 11:51:41,12,8,Invierno
101767,LOSARTAN 50MG COM.REC CJAX30UND,GENFAR,-2.0,0.0,-18.0,2025-08-25 15:36:31,15,8,Invierno
101767,LOSARTAN 50MG COM.REC CJAX30UND,GENFAR,1.0,0.0,9.0,2025-08-25 15:41:10,15,8,Invierno
101767,LOSARTAN 50MG COM.REC CJAX30UND,GENFAR,1.0,0.0,9.0,2025-08-26 09:19:48,12,8,Invierno
101767,LOSARTAN 50MG COM.REC CJAX30UND,GENFAR,1.0,0.0,9.0,2025-08-26 17:33:14,12,8,Invierno
101767,LOSARTAN 50MG COM.REC CJAX30UND,GENFAR,1.0,0.0,9.0,2025-08-26 18:18:14,1,8,Invierno
101767,LOSARTAN 50MG COM.REC CJAX30UND,GENFAR,2.0,0.0,18.0,2025-08-27 09:46:51,1,8,Invierno
101767,LOSARTAN 50MG COM.REC CJAX30UND,GENFAR,2.0,0.0,18.0,2025-08-27 16:48:48,11,8,Invierno
101767,LOSARTAN 50MG COM.REC CJAX30UND,GENFAR,0.0,20.0,6.0,2025-08-28 18:49:41,12,8,Invierno
101767,LOSARTAN 50MG COM.REC CJAX30UND,GENFAR,1.0,0.0,8.9,2025-08-28 20:39:26,3,8,Invierno
101767,LOSARTAN 50MG COM.REC CJAX30UND,GENFAR,1.0,0.0,8.9,2025-08-28 21:20:22,2,8,Invierno
101767,LOSARTAN 50MG COM.REC CJAX30UND,GENFAR,1.0,0.0,8.9,2025-08-29 09:41:03,11,8,Invierno
101767,LOSARTAN 50MG COM.REC CJAX30UND,GENFAR,1.0,0.0,8.45,2025-08-29 14:13:44,2,8,Invierno
101767,LOSARTAN 50MG COM.REC CJAX30UND,GENFAR,3.0,0.0,26.7,2025-08-29 19:40:24,15,8,Invierno
101767,LOSARTAN 50MG COM.REC CJAX30UND,GENFAR,0.0,10.0,3.0,2025-08-29 20:02:57,12,8,Invierno
101767,LOSARTAN 50MG COM.REC CJAX30UND,GENFAR,1.0,0.0,8.9,2025-08-29 21:09:39,3,8,Invierno
101767,LOSARTAN 50MG COM.REC CJAX30UND,GENFAR,1.0,0.0,8.9,2025-08-30 14:20:09,3,8,Invierno
101767,LOSARTAN 50MG COM.REC CJAX30UND,GENFAR,1.0,0.0,8.9,2025-08-30 18:17:10,3,8,Invierno
101767,LOSARTAN 50MG COM.REC CJAX30UND,GENFAR,1.0,0.0,8.45,2025-08-31 09:49:10,14,8,Invierno
101767,LOSARTAN 50MG COM.REC CJAX30UND,GENFAR,1.0,0.0,8.9,2025-08-31 14:10:48,15,8,Invierno
101767,LOSARTAN 50MG COM.REC CJAX30UND,GENFAR,0.0,10.0,3.0,2025-08-31 19:41:14,12,8,Invierno
101767,LOSARTAN 50MG COM.REC CJAX30UND,GENFAR,2.0,0.0,17.8,2025-09-01 10:38:30,15,9,Primavera
101767,LOSARTAN 50MG COM.REC CJAX30UND,GENFAR,1.0,0.0,8.9,2025-09-01 12:01:26,12,9,Primavera
101767,LOSARTAN 50MG COM.REC CJAX30UND,GENFAR,1.0,0.0,8.9,2025-09-01 19:39:58,1,9,Primavera
101767,LOSARTAN 50MG COM.REC CJAX30UND,GENFAR,3.0,0.0,26.7,2025-09-01 20:13:33,5,9,Primavera
101767,LOSARTAN 50MG COM.REC CJAX30UND,GENFAR,1.0,0.0,8.9,2025-09-01 22:01:07,1,9,Primavera
101767,LOSARTAN 50MG COM.REC CJAX30UND,GENFAR,1.0,0.0,8.9,2025-09-02 18:34:08,6,9,Primavera
101767,LOSARTAN 50MG COM.REC CJAX30UND,GENFAR,1.0,0.0,8.9,2025-09-02 19:37:05,5,9,Primavera
101767,LOSARTAN 50MG COM.REC CJAX30UND,GENFAR,1.0,0.0,8.9,2025-09-02 20:07:09,15,9,Primavera
101767,LOSARTAN 50MG COM.REC CJAX30UND,GENFAR,1.0,0.0,8.9,2025-09-02 20:28:26,11,9,Primavera
101767,LOSARTAN 50MG COM.REC CJAX30UND,GENFAR,1.0,0.0,8.9,2025-09-02 22:08:33,2,9,Primavera
101767,LOSARTAN 50MG COM.REC CJAX30UND,GENFAR,1.0,0.0,8.9,2025-09-03 10:14:13,1,9,Primavera
101767,LOSARTAN 50MG COM.REC CJAX30UND,GENFAR,0.0,30.0,9.0,2025-09-03 13:25:15,8,9,Primavera
101767,LOSARTAN 50MG COM.REC CJAX30UND,GENFAR,1.0,0.0,8.9,2025-09-03 13:40:38,9,9,Primavera
101767,LOSARTAN 50MG COM.REC CJAX30UND,GENFAR,1.0,0.0,8.9,2025-09-03 19:58:35,2,9,Primavera
101767,LOSARTAN 50MG COM.REC CJAX30UND,GENFAR,1.0,0.0,8.9,2025-09-03 21:13:24,7,9,Primavera
101767,LOSARTAN 50MG COM.REC CJAX30UND,GENFAR,3.0,0.0,26.7,2025-09-03 21:22:55,15,9,Primavera
101767,LOSARTAN 50MG COM.REC CJAX30UND,GENFAR,1.0,0.0,8.9,2025-09-03 21:49:12,3,9,Primavera
101767,LOSARTAN 50MG COM.REC CJAX30UND,GENFAR,1.0,0.0,8.9,2025-09-04 09:28:59,1,9,Primavera
101767,LOSARTAN 50MG COM.REC CJAX30UND,GENFAR,1.0,0.0,8.9,2025-09-04 20:18:10,11,9,Primavera
101767,LOSARTAN 50MG COM.REC CJAX30UND,GENFAR,1.0,0.0,8.9,2025-09-04 21:00:12,5,9,Primavera
101767,LOSARTAN 50MG COM.REC CJAX30UND,GENFAR,1.0,0.0,8.9,2025-09-04 21:39:11,2,9,Primavera
101767,LOSARTAN 50MG COM.REC CJAX30UND,GENFAR,1.0,0.0,8.9,2025-09-04 22:09:49,1,9,Primavera
101767,LOSARTAN 50MG COM.REC CJAX30UND,GENFAR,1.0,0.0,8.9,2025-09-05 11:19:05,5,9,Primavera
101767,LOSARTAN 50MG COM.REC CJAX30UND,GENFAR,1.0,0.0,8.9,2025-09-05 11:42:49,6,9,Primavera
101767,LOSARTAN 50MG COM.REC CJAX30UND,GENFAR,-1.0,0.0,-8.9,2025-09-05 12:00:00,11,9,Primavera
101767,LOSARTAN 50MG COM.REC CJAX30UND,GENFAR,1.0,0.0,8.9,2025-09-05 13:21:41,11,9,Primavera
101767,LOSARTAN 50MG COM.REC CJAX30UND,GENFAR,1.0,0.0,8.9,2025-09-05 15:45:23,6,9,Primavera
101767,LOSARTAN 50MG COM.REC CJAX30UND,GENFAR,1.0,0.0,8.9,2025-09-05 17:11:35,10,9,Primavera
101767,LOSARTAN 50MG COM.REC CJAX30UND,GENFAR,1.0,0.0,8.9,2025-09-05 22:39:36,6,9,Primavera
101767,LOSARTAN 50MG COM.REC CJAX30UND,GENFAR,1.0,0.0,8.9,2025-09-06 15:06:43,3,9,Primavera
101767,LOSARTAN 50MG COM.REC CJAX30UND,GENFAR,1.0,0.0,8.9,2025-09-06 21:16:53,5,9,Primavera
101767,LOSARTAN 50MG COM.REC CJAX30UND,GENFAR,1.0,0.0,8.9,2025-09-07 09:34:42,3,9,Primavera
101767,LOSARTAN 50MG COM.REC CJAX30UND,GENFAR,1.0,0.0,8.9,2025-09-07 14:37:28,1,9,Primavera
101767,LOSARTAN 50MG COM.REC CJAX30UND,GENFAR,1.0,0.0,8.9,2025-09-07 20:06:10,9,9,Primavera
101767,LOSARTAN 50MG COM.REC CJAX30UND,GENFAR,1.0,0.0,8.9,2025-09-07 20:28:15,7,9,Primavera
101767,LOSARTAN 50MG COM.REC CJAX30UND,GENFAR,1.0,0.0,8.9,2025-09-07 21:00:06,5,9,Primavera
101767,LOSARTAN 50MG COM.REC CJAX30UND,GENFAR,0.0,10.0,3.0,2025-09-08 08:38:57,1,9,Primavera
101767,LOSARTAN 50MG COM.REC CJAX30UND,GENFAR,1.0,0.0,8.9,2025-09-08 13:27:15,7,9,Primavera
101767,LOSARTAN 50MG COM.REC CJAX30UND,GENFAR,1.0,0.0,8.9,2025-09-08 18:19:26,11,9,Primavera
101767,LOSARTAN 50MG COM.REC CJAX30UND,GENFAR,1.0,0.0,8.9,2025-09-08 19:18:08,10,9,Primavera
101767,LOSARTAN 50MG COM.REC CJAX30UND,GENFAR,1.0,0.0,8.9,2025-09-08 19:33:07,3,9,Primavera
101767,LOSARTAN 50MG COM.REC CJAX30UND,GENFAR,1.0,0.0,8.9,2025-09-09 08:11:59,4,9,Primavera
101767,LOSARTAN 50MG COM.REC CJAX30UND,GENFAR,2.0,0.0,17.8,2025-09-09 12:10:34,2,9,Primavera
101767,LOSARTAN 50MG COM.REC CJAX30UND,GENFAR,2.0,0.0,17.8,2025-09-09 13:20:14,2,9,Primavera
101767,LOSARTAN 50MG COM.REC CJAX30UND,GENFAR,1.0,0.0,8.9,2025-09-09 16:22:32,1,9,Primavera
101767,LOSARTAN 50MG COM.REC CJAX30UND,GENFAR,0.0,10.0,3.0,2025-09-09 19:26:37,9,9,Primavera
101767,LOSARTAN 50MG COM.REC CJAX30UND,GENFAR,2.0,0.0,17.8,2025-09-09 19:26:37,9,9,Primavera
101767,LOSARTAN 50MG COM.REC CJAX30UND,GENFAR,1.0,0.0,8.9,2025-09-09 21:34:32,4,9,Primavera
101767,LOSARTAN 50MG COM.REC CJAX30UND,GENFAR,1.0,0.0,8.9,2025-09-10 11:05:03,8,9,Primavera
101767,LOSARTAN 50MG COM.REC CJAX30UND,GENFAR,2.0,0.0,17.8,2025-09-10 11:29:57,1,9,Primavera
101767,LOSARTAN 50MG COM.REC CJAX30UND,GENFAR,1.0,0.0,8.9,2025-09-10 13:02:57,3,9,Primavera
101767,LOSARTAN 50MG COM.REC CJAX30UND,GENFAR,4.0,0.0,35.6,2025-09-10 15:07:46,16,9,Primavera
101767,LOSARTAN 50MG COM.REC CJAX30UND,GENFAR,1.0,0.0,8.9,2025-09-10 16:33:21,2,9,Primavera
101767,LOSARTAN 50MG COM.REC CJAX30UND,GENFAR,1.0,0.0,8.9,2025-09-10 20:57:50,8,9,Primavera
101767,LOSARTAN 50MG COM.REC CJAX30UND,GENFAR,1.0,0.0,8.9,2025-09-11 08:10:54,2,9,Primavera
101767,LOSARTAN 50MG COM.REC CJAX30UND,GENFAR,0.0,1.0,0.3,2025-09-11 08:41:07,7,9,Primavera
101767,LOSARTAN 50MG COM.REC CJAX30UND,GENFAR,1.0,0.0,8.9,2025-09-11 11:59:26,8,9,Primavera
101767,LOSARTAN 50MG COM.REC CJAX30UND,GENFAR,1.0,0.0,8.9,2025-09-11 12:33:04,1,9,Primavera
101767,LOSARTAN 50MG COM.REC CJAX30UND,GENFAR,1.0,0.0,8.9,2025-09-11 18:24:05,7,9,Primavera
101767,LOSARTAN 50MG COM.REC CJAX30UND,GENFAR,1.0,0.0,8.9,2025-09-11 18:45:13,12,9,Primavera
101767,LOSARTAN 50MG COM.REC CJAX30UND,GENFAR,1.0,0.0,8.9,2025-09-12 11:22:51,6,9,Primavera
101767,LOSARTAN 50MG COM.REC CJAX30UND,GENFAR,1.0,0.0,8.9,2025-09-12 16:55:19,5,9,Primavera
101767,LOSARTAN 50MG COM.REC CJAX30UND,GENFAR,0.0,10.0,3.0,2025-09-12 18:58:58,12,9,Primavera
101767,LOSARTAN 50MG COM.REC CJAX30UND,GENFAR,0.0,10.0,3.0,2025-09-12 19:06:11,1,9,Primavera
101767,LOSARTAN 50MG COM.REC CJAX30UND,GENFAR,1.0,0.0,8.9,2025-09-12 20:41:59,15,9,Primavera
101767,LOSARTAN 50MG COM.REC CJAX30UND,GENFAR,1.0,0.0,8.9,2025-09-13 12:15:37,3,9,Primavera
101767,LOSARTAN 50MG COM.REC CJAX30UND,GENFAR,1.0,0.0,8.9,2025-09-13 15:29:12,3,9,Primavera
101767,LOSARTAN 50MG COM.REC CJAX30UND,GENFAR,1.0,0.0,8.9,2025-09-13 15:57:15,1,9,Primavera
101767,LOSARTAN 50MG COM.REC CJAX30UND,GENFAR,1.0,0.0,8.9,2025-09-13 18:43:22,16,9,Primavera
101767,LOSARTAN 50MG COM.REC CJAX30UND,GENFAR,1.0,0.0,8.9,2025-09-14 08:44:07,15,9,Primavera
101767,LOSARTAN 50MG COM.REC CJAX30UND,GENFAR,1.0,0.0,8.9,2025-09-14 11:25:25,14,9,Primavera
101767,LOSARTAN 50MG COM.REC CJAX30UND,GENFAR,1.0,0.0,8.9,2025-09-14 19:55:28,1,9,Primavera
101767,LOSARTAN 50MG COM.REC CJAX30UND,GENFAR,1.0,0.0,8.9,2025-09-14 22:12:40,4,9,Primavera
101767,LOSARTAN 50MG COM.REC CJAX30UND,GENFAR,1.0,0.0,8.9,2025-09-15 10:03:23,3,9,Primavera
101767,LOSARTAN 50MG COM.REC CJAX30UND,GENFAR,1.0,0.0,8.9,2025-09-15 20:42:47,6,9,Primavera
101767,LOSARTAN 50MG COM.REC CJAX30UND,GENFAR,1.0,0.0,8.9,2025-09-16 08:29:28,5,9,Primavera
101767,LOSARTAN 50MG COM.REC CJAX30UND,GENFAR,1.0,0.0,8.9,2025-09-16 15:54:56,15,9,Primavera
101767,LOSARTAN 50MG COM.REC CJAX30UND,GENFAR,0.0,10.0,3.0,2025-09-16 20:03:43,15,9,Primavera
101767,LOSARTAN 50MG COM.REC CJAX30UND,GENFAR,0.0,20.0,6.0,2025-09-16 20:08:27,12,9,Primavera
101767,LOSARTAN 50MG COM.REC CJAX30UND,GENFAR,1.0,0.0,8.9,2025-09-17 10:07:30,14,9,Primavera
101767,LOSARTAN 50MG COM.REC CJAX30UND,GENFAR,1.0,0.0,8.9,2025-09-17 13:57:34,6,9,Primavera
101767,LOSARTAN 50MG COM.REC CJAX30UND,GENFAR,1.0,0.0,8.9,2025-09-17 17:29:31,2,9,Primavera
101767,LOSARTAN 50MG COM.REC CJAX30UND,GENFAR,1.0,0.0,8.9,2025-09-17 19:29:48,8,9,Primavera
101767,LOSARTAN 50MG COM.REC CJAX30UND,GENFAR,0.0,10.0,3.0,2025-09-17 20:17:33,15,9,Primavera
101767,LOSARTAN 50MG COM.REC CJAX30UND,GENFAR,1.0,0.0,8.9,2025-09-18 10:54:49,14,9,Primavera
101767,LOSARTAN 50MG COM.REC CJAX30UND,GENFAR,0.0,29.0,8.7,2025-09-18 14:42:59,7,9,Primavera
101767,LOSARTAN 50MG COM.REC CJAX30UND,GENFAR,2.0,0.0,17.8,2025-09-18 16:38:51,1,9,Primavera
101767,LOSARTAN 50MG COM.REC CJAX30UND,GENFAR,2.0,0.0,17.8,2025-09-18 18:04:37,15,9,Primavera
101767,LOSARTAN 50MG COM.REC CJAX30UND,GENFAR,1.0,0.0,8.9,2025-09-18 19:44:08,13,9,Primavera
101767,LOSARTAN 50MG COM.REC CJAX30UND,GENFAR,2.0,0.0,17.8,2025-09-18 21:21:20,16,9,Primavera
101767,LOSARTAN 50MG COM.REC CJAX30UND,GENFAR,1.0,0.0,8.9,2025-09-19 14:41:12,1,9,Primavera
101767,LOSARTAN 50MG COM.REC CJAX30UND,GENFAR,1.0,0.0,8.9,2025-09-19 18:27:07,14,9,Primavera
101767,LOSARTAN 50MG COM.REC CJAX30UND,GENFAR,2.0,0.0,17.8,2025-09-19 20:21:30,4,9,Primavera
101767,LOSARTAN 50MG COM.REC CJAX30UND,GENFAR,1.0,0.0,8.9,2025-09-20 14:48:02,1,9,Primavera
101767,LOSARTAN 50MG COM.REC CJAX30UND,GENFAR,1.0,0.0,8.9,2025-09-21 16:53:34,4,9,Primavera
101767,LOSARTAN 50MG COM.REC CJAX30UND,GENFAR,1.0,0.0,8.9,2025-09-21 17:20:57,14,9,Primavera
101767,LOSARTAN 50MG COM.REC CJAX30UND,GENFAR,1.0,0.0,8.9,2025-09-21 19:47:07,14,9,Primavera
101767,LOSARTAN 50MG COM.REC CJAX30UND,GENFAR,1.0,0.0,8.9,2025-09-22 19:04:28,3,9,Primavera
101767,LOSARTAN 50MG COM.REC CJAX30UND,GENFAR,1.0,0.0,8.9,2025-09-23 20:17:10,8,9,Primavera
101767,LOSARTAN 50MG COM.REC CJAX30UND,GENFAR,1.0,0.0,8.9,2025-09-24 13:39:31,3,9,Primavera
101767,LOSARTAN 50MG COM.REC CJAX30UND,GENFAR,1.0,0.0,8.9,2025-09-25 09:49:59,13,9,Primavera
101767,LOSARTAN 50MG COM.REC CJAX30UND,GENFAR,1.0,0.0,8.9,2025-09-25 18:23:58,6,9,Primavera
101767,LOSARTAN 50MG COM.REC CJAX30UND,GENFAR,1.0,0.0,8.9,2025-09-25 19:47:43,11,9,Primavera
101767,LOSARTAN 50MG COM.REC CJAX30UND,GENFAR,1.0,0.0,8.9,2025-09-25 20:23:03,13,9,Primavera
101767,LOSARTAN 50MG COM.REC CJAX30UND,GENFAR,1.0,0.0,8.9,2025-09-27 19:04:27,11,9,Primavera
101767,LOSARTAN 50MG COM.REC CJAX30UND,GENFAR,1.0,0.0,8.9,2025-10-01 17:47:04,8,10,Primavera
101767,LOSARTAN 50MG COM.REC CJAX30UND,GENFAR,0.0,15.0,4.5,2025-10-05 10:31:08,3,10,Primavera
101767,LOSARTAN 50MG COM.REC CJAX30UND,GENFAR,0.0,20.0,6.0,2025-10-05 15:42:05,1,10,Primavera
101767,LOSARTAN 50MG COM.REC CJAX30UND,GENFAR,1.0,0.0,6.0,2025-10-07 14:31:59,11,10,Primavera
101767,LOSARTAN 50MG COM.REC CJAX30UND,GENFAR,1.0,0.0,6.0,2025-10-07 17:23:13,1,10,Primavera
101767,LOSARTAN 50MG COM.REC CJAX30UND,GENFAR,1.0,0.0,6.0,2025-10-07 18:22:30,8,10,Primavera
101767,LOSARTAN 50MG COM.REC CJAX30UND,GENFAR,1.0,0.0,6.0,2025-10-07 20:16:02,11,10,Primavera
101767,LOSARTAN 50MG COM.REC CJAX30UND,GENFAR,1.0,0.0,6.0,2025-10-07 20:32:20,8,10,Primavera
101767,LOSARTAN 50MG COM.REC CJAX30UND,GENFAR,1.0,0.0,6.0,2025-10-08 17:48:55,11,10,Primavera
101767,LOSARTAN 50MG COM.REC CJAX30UND,GENFAR,1.0,0.0,6.0,2025-10-08 19:58:56,5,10,Primavera
101767,LOSARTAN 50MG COM.REC CJAX30UND,GENFAR,1.0,0.0,6.0,2025-10-09 08:41:04,5,10,Primavera
101767,LOSARTAN 50MG COM.REC CJAX30UND,GENFAR,1.0,0.0,6.0,2025-10-09 09:24:40,10,10,Primavera
101767,LOSARTAN 50MG COM.REC CJAX30UND,GENFAR,2.0,0.0,12.0,2025-10-09 10:41:28,1,10,Primavera
101767,LOSARTAN 50MG COM.REC CJAX30UND,GENFAR,2.0,0.0,12.0,2025-10-09 12:22:49,2,10,Primavera
101767,LOSARTAN 50MG COM.REC CJAX30UND,GENFAR,1.0,0.0,6.0,2025-10-09 12:52:11,5,10,Primavera
101767,LOSARTAN 50MG COM.REC CJAX30UND,GENFAR,1.0,0.0,6.0,2025-10-09 20:47:26,14,10,Primavera
101767,LOSARTAN 50MG COM.REC CJAX30UND,GENFAR,2.0,0.0,12.0,2025-10-09 21:33:57,9,10,Primavera
101767,LOSARTAN 50MG COM.REC CJAX30UND,GENFAR,0.0,30.0,6.0,2025-10-10 07:07:42,6,10,Primavera
101767,LOSARTAN 50MG COM.REC CJAX30UND,GENFAR,1.0,0.0,6.0,2025-10-10 08:28:15,1,10,Primavera
101767,LOSARTAN 50MG COM.REC CJAX30UND,GENFAR,1.0,0.0,6.0,2025-10-10 11:26:53,15,10,Primavera
101767,LOSARTAN 50MG COM.REC CJAX30UND,GENFAR,1.0,0.0,6.0,2025-10-10 14:18:42,15,10,Primavera
101767,LOSARTAN 50MG COM.REC CJAX30UND,GENFAR,1.0,0.0,6.0,2025-10-10 18:51:44,9,10,Primavera
101767,LOSARTAN 50MG COM.REC CJAX30UND,GENFAR,1.0,0.0,6.0,2025-10-10 19:23:34,1,10,Primavera
101767,LOSARTAN 50MG COM.REC CJAX30UND,GENFAR,2.0,0.0,12.0,2025-10-10 19:47:15,1,10,Primavera
101767,LOSARTAN 50MG COM.REC CJAX30UND,GENFAR,1.0,0.0,6.0,2025-10-10 22:24:06,3,10,Primavera
101767,LOSARTAN 50MG COM.REC CJAX30UND,GENFAR,1.0,0.0,6.0,2025-10-11 08:38:46,5,10,Primavera
101767,LOSARTAN 50MG COM.REC CJAX30UND,GENFAR,1.0,0.0,6.0,2025-10-11 10:03:38,6,10,Primavera
101767,LOSARTAN 50MG COM.REC CJAX30UND,GENFAR,0.0,5.0,1.0,2025-10-11 12:31:12,13,10,Primavera
101767,LOSARTAN 50MG COM.REC CJAX30UND,GENFAR,3.0,0.0,18.0,2025-10-11 13:57:16,10,10,Primavera
101767,LOSARTAN 50MG COM.REC CJAX30UND,GENFAR,1.0,0.0,6.0,2025-10-11 18:38:19,2,10,Primavera
101767,LOSARTAN 50MG COM.REC CJAX30UND,GENFAR,1.0,0.0,6.0,2025-10-11 20:14:58,11,10,Primavera
101767,LOSARTAN 50MG COM.REC CJAX30UND,GENFAR,1.0,0.0,6.0,2025-10-11 23:11:35,4,10,Primavera
101767,LOSARTAN 50MG COM.REC CJAX30UND,GENFAR,1.0,0.0,6.0,2025-10-12 10:47:45,5,10,Primavera
101767,LOSARTAN 50MG COM.REC CJAX30UND,GENFAR,1.0,0.0,6.0,2025-10-12 12:49:58,14,10,Primavera
101767,LOSARTAN 50MG COM.REC CJAX30UND,GENFAR,1.0,0.0,6.0,2025-10-12 18:52:22,3,10,Primavera
101767,LOSARTAN 50MG COM.REC CJAX30UND,GENFAR,1.0,0.0,6.0,2025-10-12 20:15:35,7,10,Primavera
101767,LOSARTAN 50MG COM.REC CJAX30UND,GENFAR,1.0,0.0,6.0,2025-10-12 21:37:30,7,10,Primavera
101767,LOSARTAN 50MG COM.REC CJAX30UND,GENFAR,1.0,0.0,6.0,2025-10-13 18:03:02,16,10,Primavera
101767,LOSARTAN 50MG COM.REC CJAX30UND,GENFAR,1.0,0.0,6.0,2025-10-13 20:01:20,2,10,Primavera
101767,LOSARTAN 50MG COM.REC CJAX30UND,GENFAR,2.0,0.0,12.0,2025-10-13 20:50:02,11,10,Primavera
101767,LOSARTAN 50MG COM.REC CJAX30UND,GENFAR,1.0,0.0,6.0,2025-10-14 09:37:52,15,10,Primavera
101767,LOSARTAN 50MG COM.REC CJAX30UND,GENFAR,-1.0,0.0,-6.0,2025-10-14 12:00:00,8,10,Primavera
101767,LOSARTAN 50MG COM.REC CJAX30UND,GENFAR,1.0,0.0,6.0,2025-10-14 15:47:25,8,10,Primavera
101767,LOSARTAN 50MG COM.REC CJAX30UND,GENFAR,1.0,0.0,6.0,2025-10-14 16:14:32,8,10,Primavera
101767,LOSARTAN 50MG COM.REC CJAX30UND,GENFAR,0.0,10.0,2.0,2025-10-14 18:15:24,10,10,Primavera
101767,LOSARTAN 50MG COM.REC CJAX30UND,GENFAR,2.0,0.0,12.0,2025-10-14 18:58:09,2,10,Primavera
101767,LOSARTAN 50MG COM.REC CJAX30UND,GENFAR,1.0,0.0,6.0,2025-10-14 19:50:11,5,10,Primavera
101767,LOSARTAN 50MG COM.REC CJAX30UND,GENFAR,1.0,0.0,6.0,2025-10-14 20:30:26,1,10,Primavera
101767,LOSARTAN 50MG COM.REC CJAX30UND,GENFAR,3.0,0.0,18.0,2025-10-15 10:35:51,1,10,Primavera
101767,LOSARTAN 50MG COM.REC CJAX30UND,GENFAR,2.0,0.0,12.0,2025-10-15 10:51:05,10,10,Primavera
101767,LOSARTAN 50MG COM.REC CJAX30UND,GENFAR,0.0,30.0,6.0,2025-10-15 19:34:49,2,10,Primavera
101767,LOSARTAN 50MG COM.REC CJAX30UND,GENFAR,1.0,0.0,6.0,2025-10-16 08:59:24,13,10,Primavera
101767,LOSARTAN 50MG COM.REC CJAX30UND,GENFAR,1.0,0.0,6.0,2025-10-16 09:44:14,3,10,Primavera
101767,LOSARTAN 50MG COM.REC CJAX30UND,GENFAR,1.0,0.0,6.0,2025-10-16 10:02:30,15,10,Primavera
101767,LOSARTAN 50MG COM.REC CJAX30UND,GENFAR,-1.0,0.0,-6.0,2025-10-16 12:00:00,13,10,Primavera
101767,LOSARTAN 50MG COM.REC CJAX30UND,GENFAR,1.0,0.0,6.0,2025-10-16 16:09:44,8,10,Primavera
101767,LOSARTAN 50MG COM.REC CJAX30UND,GENFAR,1.0,0.0,6.0,2025-10-16 18:37:05,7,10,Primavera
101767,LOSARTAN 50MG COM.REC CJAX30UND,GENFAR,1.0,0.0,6.0,2025-10-16 21:05:28,5,10,Primavera
101767,LOSARTAN 50MG COM.REC CJAX30UND,GENFAR,1.0,0.0,6.0,2025-10-16 22:01:25,15,10,Primavera
101767,LOSARTAN 50MG COM.REC CJAX30UND,GENFAR,1.0,0.0,6.0,2025-10-17 09:22:37,13,10,Primavera
101767,LOSARTAN 50MG COM.REC CJAX30UND,GENFAR,1.0,0.0,6.0,2025-10-17 10:15:51,7,10,Primavera
101767,LOSARTAN 50MG COM.REC CJAX30UND,GENFAR,1.0,0.0,6.0,2025-10-17 10:44:24,4,10,Primavera
101767,LOSARTAN 50MG COM.REC CJAX30UND,GENFAR,1.0,0.0,6.0,2025-10-17 18:14:36,15,10,Primavera
101767,LOSARTAN 50MG COM.REC CJAX30UND,GENFAR,1.0,0.0,6.0,2025-10-17 21:30:50,14,10,Primavera
101767,LOSARTAN 50MG COM.REC CJAX30UND,GENFAR,1.0,0.0,6.0,2025-10-17 22:49:35,6,10,Primavera
101767,LOSARTAN 50MG COM.REC CJAX30UND,GENFAR,1.0,0.0,6.0,2025-10-18 13:16:30,2,10,Primavera
101767,LOSARTAN 50MG COM.REC CJAX30UND,GENFAR,2.0,0.0,12.0,2025-10-18 13:21:29,9,10,Primavera
101767,LOSARTAN 50MG COM.REC CJAX30UND,GENFAR,1.0,0.0,6.0,2025-10-18 16:19:38,2,10,Primavera
101767,LOSARTAN 50MG COM.REC CJAX30UND,GENFAR,1.0,0.0,6.0,2025-10-18 19:25:50,4,10,Primavera
101767,LOSARTAN 50MG COM.REC CJAX30UND,GENFAR,0.0,6.0,1.2,2025-10-18 19:43:29,13,10,Primavera
101767,LOSARTAN 50MG COM.REC CJAX30UND,GENFAR,1.0,0.0,6.0,2025-10-18 19:43:48,10,10,Primavera
101767,LOSARTAN 50MG COM.REC CJAX30UND,GENFAR,1.0,0.0,6.0,2025-10-18 20:59:15,7,10,Primavera
101767,LOSARTAN 50MG COM.REC CJAX30UND,GENFAR,1.0,0.0,6.0,2025-10-19 08:29:22,6,10,Primavera
101767,LOSARTAN 50MG COM.REC CJAX30UND,GENFAR,1.0,0.0,6.0,2025-10-19 14:35:05,7,10,Primavera
101767,LOSARTAN 50MG COM.REC CJAX30UND,GENFAR,1.0,0.0,6.0,2025-10-19 17:58:04,7,10,Primavera
101767,LOSARTAN 50MG COM.REC CJAX30UND,GENFAR,1.0,0.0,6.0,2025-10-19 18:01:41,2,10,Primavera
101767,LOSARTAN 50MG COM.REC CJAX30UND,GENFAR,2.0,0.0,12.0,2025-10-19 19:53:06,6,10,Primavera
101767,LOSARTAN 50MG COM.REC CJAX30UND,GENFAR,1.0,0.0,6.0,2025-10-19 20:06:58,5,10,Primavera
101767,LOSARTAN 50MG COM.REC CJAX30UND,GENFAR,1.0,0.0,6.0,2025-10-20 09:33:08,16,10,Primavera
101767,LOSARTAN 50MG COM.REC CJAX30UND,GENFAR,3.0,0.0,18.0,2025-10-20 12:26:12,10,10,Primavera
101767,LOSARTAN 50MG COM.REC CJAX30UND,GENFAR,1.0,0.0,6.0,2025-10-20 16:27:22,5,10,Primavera
101767,LOSARTAN 50MG COM.REC CJAX30UND,GENFAR,1.0,0.0,6.0,2025-10-20 16:47:11,8,10,Primavera
101767,LOSARTAN 50MG COM.REC CJAX30UND,GENFAR,2.0,0.0,12.0,2025-10-20 17:39:19,9,10,Primavera
101767,LOSARTAN 50MG COM.REC CJAX30UND,GENFAR,2.0,0.0,12.0,2025-10-20 22:49:21,5,10,Primavera
101767,LOSARTAN 50MG COM.REC CJAX30UND,GENFAR,1.0,0.0,6.0,2025-10-21 12:58:23,7,10,Primavera
101767,LOSARTAN 50MG COM.REC CJAX30UND,GENFAR,1.0,0.0,6.0,2025-10-21 18:02:00,7,10,Primavera
101767,LOSARTAN 50MG COM.REC CJAX30UND,GENFAR,1.0,0.0,6.0,2025-10-21 21:43:00,14,10,Primavera
101767,LOSARTAN 50MG COM.REC CJAX30UND,GENFAR,0.0,10.0,2.0,2025-10-21 22:07:34,4,10,Primavera
101767,LOSARTAN 50MG COM.REC CJAX30UND,GENFAR,0.0,20.0,4.0,2025-10-21 22:11:04,4,10,Primavera
101767,LOSARTAN 50MG COM.REC CJAX30UND,GENFAR,1.0,0.0,6.0,2025-10-22 10:36:33,5,10,Primavera
101767,LOSARTAN 50MG COM.REC CJAX30UND,GENFAR,1.0,0.0,6.0,2025-10-22 18:18:41,12,10,Primavera
101767,LOSARTAN 50MG COM.REC CJAX30UND,GENFAR,1.0,0.0,6.0,2025-10-22 21:43:19,16,10,Primavera
101767,LOSARTAN 50MG COM.REC CJAX30UND,GENFAR,1.0,0.0,6.0,2025-10-22 22:21:52,7,10,Primavera
101767,LOSARTAN 50MG COM.REC CJAX30UND,GENFAR,3.0,0.0,18.0,2025-10-23 16:04:18,5,10,Primavera
101767,LOSARTAN 50MG COM.REC CJAX30UND,GENFAR,1.0,0.0,6.0,2025-10-23 16:58:47,12,10,Primavera
101767,LOSARTAN 50MG COM.REC CJAX30UND,GENFAR,1.0,0.0,6.0,2025-10-23 19:23:00,1,10,Primavera
101767,LOSARTAN 50MG COM.REC CJAX30UND,GENFAR,1.0,0.0,6.0,2025-10-23 20:28:19,14,10,Primavera
101767,LOSARTAN 50MG COM.REC CJAX30UND,GENFAR,1.0,0.0,6.0,2025-10-24 16:22:47,9,10,Primavera
101767,LOSARTAN 50MG COM.REC CJAX30UND,GENFAR,2.0,0.0,12.0,2025-10-24 20:16:43,16,10,Primavera
101767,LOSARTAN 50MG COM.REC CJAX30UND,GENFAR,1.0,0.0,6.0,2025-10-25 12:47:42,3,10,Primavera
101767,LOSARTAN 50MG COM.REC CJAX30UND,GENFAR,1.0,0.0,6.0,2025-10-25 17:42:45,6,10,Primavera
101767,LOSARTAN 50MG COM.REC CJAX30UND,GENFAR,1.0,0.0,6.0,2025-10-25 18:55:31,15,10,Primavera
101767,LOSARTAN 50MG COM.REC CJAX30UND,GENFAR,3.0,0.0,18.0,2025-10-25 19:37:18,1,10,Primavera
101767,LOSARTAN 50MG COM.REC CJAX30UND,GENFAR,0.0,10.0,2.0,2025-10-25 19:45:11,16,10,Primavera
101767,LOSARTAN 50MG COM.REC CJAX30UND,GENFAR,1.0,0.0,6.0,2025-10-26 19:59:11,6,10,Primavera
101767,LOSARTAN 50MG COM.REC CJAX30UND,GENFAR,1.0,0.0,6.0,2025-10-27 08:27:39,12,10,Primavera
101767,LOSARTAN 50MG COM.REC CJAX30UND,GENFAR,1.0,0.0,6.0,2025-10-27 17:07:50,7,10,Primavera
101767,LOSARTAN 50MG COM.REC CJAX30UND,GENFAR,1.0,0.0,6.0,2025-10-27 21:23:57,16,10,Primavera
101767,LOSARTAN 50MG COM.REC CJAX30UND,GENFAR,1.0,0.0,6.0,2025-10-27 22:57:12,12,10,Primavera
101767,LOSARTAN 50MG COM.REC CJAX30UND,GENFAR,1.0,0.0,6.0,2025-10-28 20:48:28,16,10,Primavera
101767,LOSARTAN 50MG COM.REC CJAX30UND,GENFAR,1.0,0.0,6.0,2025-10-29 22:07:41,3,10,Primavera
101767,LOSARTAN 50MG COM.REC CJAX30UND,GENFAR,1.0,0.0,6.0,2025-10-29 22:41:36,15,10,Primavera
101767,LOSARTAN 50MG COM.REC CJAX30UND,GENFAR,1.0,0.0,6.0,2025-10-30 08:50:41,3,10,Primavera
101767,LOSARTAN 50MG COM.REC CJAX30UND,GENFAR,1.0,0.0,6.0,2025-10-30 20:15:37,5,10,Primavera
101767,LOSARTAN 50MG COM.REC CJAX30UND,GENFAR,1.0,0.0,6.0,2025-11-01 12:20:52,12,11,Primavera
101767,LOSARTAN 50MG COM.REC CJAX30UND,GENFAR,1.0,0.0,6.0,2025-11-02 09:25:39,3,11,Primavera
101767,LOSARTAN 50MG COM.REC CJAX30UND,GENFAR,1.0,0.0,6.0,2025-11-02 09:30:54,3,11,Primavera
101767,LOSARTAN 50MG COM.REC CJAX30UND,GENFAR,2.0,0.0,12.0,2025-11-02 14:59:19,9,11,Primavera
101767,LOSARTAN 50MG COM.REC CJAX30UND,GENFAR,2.0,0.0,12.0,2025-11-02 15:14:43,9,11,Primavera
101767,LOSARTAN 50MG COM.REC CJAX30UND,GENFAR,2.0,0.0,12.0,2025-11-03 10:53:15,11,11,Primavera
101767,LOSARTAN 50MG COM.REC CJAX30UND,GENFAR,1.0,0.0,6.0,2025-11-05 20:59:06,14,11,Primavera
101767,LOSARTAN 50MG COM.REC CJAX30UND,GENFAR,1.0,0.0,9.0,2025-11-06 08:23:11,12,11,Primavera
101767,LOSARTAN 50MG COM.REC CJAX30UND,GENFAR,1.0,0.0,9.0,2025-11-07 09:43:00,12,11,Primavera
101767,LOSARTAN 50MG COM.REC CJAX30UND,GENFAR,2.0,0.0,18.0,2025-11-08 07:35:08,1,11,Primavera
101767,LOSARTAN 50MG COM.REC CJAX30UND,GENFAR,1.0,0.0,9.0,2025-11-08 08:09:59,13,11,Primavera
101767,LOSARTAN 50MG COM.REC CJAX30UND,GENFAR,1.0,0.0,8.55,2025-11-10 10:43:50,7,11,Primavera
101767,LOSARTAN 50MG COM.REC CJAX30UND,GENFAR,2.0,0.0,18.0,2025-11-10 10:53:52,1,11,Primavera
101767,LOSARTAN 50MG COM.REC CJAX30UND,GENFAR,1.0,0.0,9.0,2025-11-10 11:24:15,8,11,Primavera
101767,LOSARTAN 50MG COM.REC CJAX30UND,GENFAR,2.0,0.0,18.0,2025-11-10 13:29:08,10,11,Primavera
101767,LOSARTAN 50MG COM.REC CJAX30UND,GENFAR,2.0,0.0,18.0,2025-11-10 13:33:09,16,11,Primavera
101767,LOSARTAN 50MG COM.REC CJAX30UND,GENFAR,1.0,0.0,9.0,2025-11-10 17:53:46,1,11,Primavera
101767,LOSARTAN 50MG COM.REC CJAX30UND,GENFAR,0.0,30.0,9.0,2025-11-11 10:27:55,2,11,Primavera
101767,LOSARTAN 50MG COM.REC CJAX30UND,GENFAR,2.0,0.0,18.0,2025-11-11 17:13:27,1,11,Primavera
101767,LOSARTAN 50MG COM.REC CJAX30UND,GENFAR,1.0,0.0,9.0,2025-11-11 19:24:46,2,11,Primavera
101767,LOSARTAN 50MG COM.REC CJAX30UND,GENFAR,1.0,0.0,9.0,2025-11-11 20:41:34,15,11,Primavera
101767,LOSARTAN 50MG COM.REC CJAX30UND,GENFAR,1.0,0.0,9.0,2025-11-11 20:49:26,5,11,Primavera
101767,LOSARTAN 50MG COM.REC CJAX30UND,GENFAR,2.0,0.0,18.0,2025-11-12 15:19:00,2,11,Primavera
101767,LOSARTAN 50MG COM.REC CJAX30UND,GENFAR,1.0,0.0,9.0,2025-11-12 18:20:03,15,11,Primavera
101767,LOSARTAN 50MG COM.REC CJAX30UND,GENFAR,1.0,0.0,8.55,2025-11-12 21:50:29,2,11,Primavera
101767,LOSARTAN 50MG COM.REC CJAX30UND,GENFAR,1.0,0.0,9.0,2025-11-13 14:39:38,16,11,Primavera
101767,LOSARTAN 50MG COM.REC CJAX30UND,GENFAR,-1.0,0.0,-9.0,2025-11-13 16:18:02,16,11,Primavera
101767,LOSARTAN 50MG COM.REC CJAX30UND,GENFAR,1.0,0.0,9.0,2025-11-13 16:35:47,15,11,Primavera
101767,LOSARTAN 50MG COM.REC CJAX30UND,GENFAR,1.0,0.0,9.0,2025-11-13 20:43:08,8,11,Primavera
101767,LOSARTAN 50MG COM.REC CJAX30UND,GENFAR,3.0,0.0,27.0,2025-11-13 20:57:29,10,11,Primavera
101767,LOSARTAN 50MG COM.REC CJAX30UND,GENFAR,1.0,0.0,9.0,2025-11-14 09:25:27,14,11,Primavera
101767,LOSARTAN 50MG COM.REC CJAX30UND,GENFAR,0.0,30.0,9.0,2025-11-14 09:34:29,3,11,Primavera
101767,LOSARTAN 50MG COM.REC CJAX30UND,GENFAR,1.0,0.0,9.0,2025-11-14 15:54:56,1,11,Primavera
101767,LOSARTAN 50MG COM.REC CJAX30UND,GENFAR,1.0,0.0,9.0,2025-11-15 09:33:59,6,11,Primavera
101767,LOSARTAN 50MG COM.REC CJAX30UND,GENFAR,1.0,0.0,9.0,2025-11-15 12:30:05,9,11,Primavera
101767,LOSARTAN 50MG COM.REC CJAX30UND,GENFAR,2.0,0.0,18.0,2025-11-15 12:39:01,11,11,Primavera
101767,LOSARTAN 50MG COM.REC CJAX30UND,GENFAR,1.0,0.0,9.0,2025-11-15 17:47:42,1,11,Primavera
101767,LOSARTAN 50MG COM.REC CJAX30UND,GENFAR,1.0,0.0,9.0,2025-11-16 09:30:33,7,11,Primavera
101767,LOSARTAN 50MG COM.REC CJAX30UND,GENFAR,1.0,0.0,9.0,2025-11-16 10:46:59,14,11,Primavera
101767,LOSARTAN 50MG COM.REC CJAX30UND,GENFAR,1.0,0.0,9.0,2025-11-16 19:09:01,7,11,Primavera
101767,LOSARTAN 50MG COM.REC CJAX30UND,GENFAR,1.0,0.0,9.0,2025-11-17 10:14:08,6,11,Primavera
101767,LOSARTAN 50MG COM.REC CJAX30UND,GENFAR,2.0,0.0,18.0,2025-11-17 18:20:47,5,11,Primavera
101767,LOSARTAN 50MG COM.REC CJAX30UND,GENFAR,1.0,0.0,9.0,2025-11-17 18:21:58,1,11,Primavera
101767,LOSARTAN 50MG COM.REC CJAX30UND,GENFAR,0.0,30.0,9.0,2025-11-17 21:11:29,9,11,Primavera
101767,LOSARTAN 50MG COM.REC CJAX30UND,GENFAR,1.0,0.0,9.0,2025-11-18 14:18:29,3,11,Primavera
101767,LOSARTAN 50MG COM.REC CJAX30UND,GENFAR,0.0,30.0,9.0,2025-11-18 17:18:19,8,11,Primavera
101767,LOSARTAN 50MG COM.REC CJAX30UND,GENFAR,1.0,0.0,9.0,2025-11-18 20:03:00,9,11,Primavera
101767,LOSARTAN 50MG COM.REC CJAX30UND,GENFAR,1.0,0.0,9.0,2025-11-18 20:37:31,16,11,Primavera
101767,LOSARTAN 50MG COM.REC CJAX30UND,GENFAR,0.0,30.0,9.0,2025-11-19 08:35:53,9,11,Primavera
101767,LOSARTAN 50MG COM.REC CJAX30UND,GENFAR,1.0,0.0,9.0,2025-11-19 13:17:48,5,11,Primavera
101767,LOSARTAN 50MG COM.REC CJAX30UND,GENFAR,1.0,0.0,9.0,2025-11-19 14:50:10,5,11,Primavera
101767,LOSARTAN 50MG COM.REC CJAX30UND,GENFAR,1.0,0.0,9.0,2025-11-19 16:44:55,5,11,Primavera
101767,LOSARTAN 50MG COM.REC CJAX30UND,GENFAR,1.0,0.0,9.0,2025-11-19 17:57:56,5,11,Primavera
101767,LOSARTAN 50MG COM.REC CJAX30UND,GENFAR,1.0,0.0,9.0,2025-11-19 19:36:55,1,11,Primavera
101767,LOSARTAN 50MG COM.REC CJAX30UND,GENFAR,2.0,0.0,18.0,2025-11-19 22:21:25,10,11,Primavera
101767,LOSARTAN 50MG COM.REC CJAX30UND,GENFAR,1.0,0.0,9.0,2025-11-20 19:40:39,4,11,Primavera
101767,LOSARTAN 50MG COM.REC CJAX30UND,GENFAR,0.0,10.0,3.0,2025-11-20 20:06:10,5,11,Primavera
101767,LOSARTAN 50MG COM.REC CJAX30UND,GENFAR,1.0,0.0,9.0,2025-11-20 21:51:00,7,11,Primavera
101767,LOSARTAN 50MG COM.REC CJAX30UND,GENFAR,1.0,0.0,9.0,2025-11-21 09:24:59,1,11,Primavera
101767,LOSARTAN 50MG COM.REC CJAX30UND,GENFAR,1.0,0.0,9.0,2025-11-21 19:32:51,1,11,Primavera
101767,LOSARTAN 50MG COM.REC CJAX30UND,GENFAR,1.0,0.0,9.0,2025-11-21 20:24:13,2,11,Primavera
101767,LOSARTAN 50MG COM.REC CJAX30UND,GENFAR,0.0,10.0,3.0,2025-11-21 21:15:47,5,11,Primavera
101767,LOSARTAN 50MG COM.REC CJAX30UND,GENFAR,1.0,0.0,9.0,2025-11-21 22:24:58,12,11,Primavera
101767,LOSARTAN 50MG COM.REC CJAX30UND,GENFAR,0.0,10.0,3.0,2025-11-22 20:02:02,5,11,Primavera
101767,LOSARTAN 50MG COM.REC CJAX30UND,GENFAR,2.0,0.0,18.0,2025-11-22 21:47:00,4,11,Primavera
101767,LOSARTAN 50MG COM.REC CJAX30UND,GENFAR,1.0,0.0,9.0,2025-11-24 16:50:00,3,11,Primavera
101767,LOSARTAN 50MG COM.REC CJAX30UND,GENFAR,1.0,0.0,9.0,2025-11-24 19:25:51,16,11,Primavera
101767,LOSARTAN 50MG COM.REC CJAX30UND,GENFAR,1.0,0.0,9.0,2025-11-24 19:37:39,2,11,Primavera
101767,LOSARTAN 50MG COM.REC CJAX30UND,GENFAR,0.0,20.0,6.0,2025-11-24 20:09:19,3,11,Primavera
101767,LOSARTAN 50MG COM.REC CJAX30UND,GENFAR,0.0,10.0,3.0,2025-11-24 20:12:17,3,11,Primavera
101767,LOSARTAN 50MG COM.REC CJAX30UND,GENFAR,1.0,0.0,9.0,2025-11-25 09:50:11,1,11,Primavera
101767,LOSARTAN 50MG COM.REC CJAX30UND,GENFAR,1.0,0.0,9.0,2025-11-25 10:43:33,11,11,Primavera
101767,LOSARTAN 50MG COM.REC CJAX30UND,GENFAR,1.0,0.0,9.0,2025-11-25 14:05:16,14,11,Primavera
101767,LOSARTAN 50MG COM.REC CJAX30UND,GENFAR,2.0,0.0,18.0,2025-11-25 16:08:07,12,11,Primavera
101767,LOSARTAN 50MG COM.REC CJAX30UND,GENFAR,1.0,0.0,9.0,2025-11-25 19:40:24,8,11,Primavera
101767,LOSARTAN 50MG COM.REC CJAX30UND,GENFAR,0.0,30.0,9.0,2025-11-25 21:15:43,3,11,Primavera
101767,LOSARTAN 50MG COM.REC CJAX30UND,GENFAR,1.0,0.0,9.0,2025-11-26 19:22:11,4,11,Primavera
101767,LOSARTAN 50MG COM.REC CJAX30UND,GENFAR,1.0,0.0,9.0,2025-11-26 20:08:01,15,11,Primavera
101767,LOSARTAN 50MG COM.REC CJAX30UND,GENFAR,1.0,0.0,9.0,2025-11-26 20:55:40,12,11,Primavera
101767,LOSARTAN 50MG COM.REC CJAX30UND,GENFAR,0.0,15.0,4.5,2025-11-27 13:29:17,1,11,Primavera
101767,LOSARTAN 50MG COM.REC CJAX30UND,GENFAR,1.0,0.0,9.0,2025-11-27 18:40:18,5,11,Primavera
101767,LOSARTAN 50MG COM.REC CJAX30UND,GENFAR,1.0,0.0,9.0,2025-11-27 20:02:20,1,11,Primavera
101767,LOSARTAN 50MG COM.REC CJAX30UND,GENFAR,0.0,30.0,9.0,2025-11-28 17:09:39,9,11,Primavera
101767,LOSARTAN 50MG COM.REC CJAX30UND,GENFAR,1.0,0.0,9.0,2025-11-28 19:59:56,15,11,Primavera
101767,LOSARTAN 50MG COM.REC CJAX30UND,GENFAR,2.0,0.0,18.0,2025-11-28 20:47:44,15,11,Primavera
101767,LOSARTAN 50MG COM.REC CJAX30UND,GENFAR,0.0,15.0,4.5,2025-11-29 10:06:28,7,11,Primavera
101767,LOSARTAN 50MG COM.REC CJAX30UND,GENFAR,1.0,0.0,9.0,2025-11-29 12:40:42,2,11,Primavera
101767,LOSARTAN 50MG COM.REC CJAX30UND,GENFAR,1.0,0.0,9.0,2025-11-29 21:06:03,10,11,Primavera
101767,LOSARTAN 50MG COM.REC CJAX30UND,GENFAR,1.0,0.0,9.0,2025-11-30 09:32:28,3,11,Primavera
101767,LOSARTAN 50MG COM.REC CJAX30UND,GENFAR,1.0,0.0,9.0,2025-11-30 14:00:59,2,11,Primavera
101767,LOSARTAN 50MG COM.REC CJAX30UND,GENFAR,2.0,0.0,18.0,2025-12-01 14:33:38,5,12,Verano
101767,LOSARTAN 50MG COM.REC CJAX30UND,GENFAR,1.0,0.0,9.0,2025-12-01 14:39:28,14,12,Verano
101767,LOSARTAN 50MG COM.REC CJAX30UND,GENFAR,0.0,6.0,1.8,2025-12-01 17:18:14,1,12,Verano
101767,LOSARTAN 50MG COM.REC CJAX30UND,GENFAR,1.0,0.0,9.0,2025-12-02 08:53:25,13,12,Verano
101767,LOSARTAN 50MG COM.REC CJAX30UND,GENFAR,1.0,0.0,9.0,2025-12-02 12:41:29,13,12,Verano
101767,LOSARTAN 50MG COM.REC CJAX30UND,GENFAR,1.0,0.0,9.0,2025-12-02 13:55:10,17,12,Verano
101767,LOSARTAN 50MG COM.REC CJAX30UND,GENFAR,1.0,0.0,9.0,2025-12-02 19:44:37,9,12,Verano
101767,LOSARTAN 50MG COM.REC CJAX30UND,GENFAR,1.0,0.0,9.0,2025-12-02 20:04:07,1,12,Verano
101767,LOSARTAN 50MG COM.REC CJAX30UND,GENFAR,1.0,0.0,9.0,2025-12-02 20:52:56,6,12,Verano
101767,LOSARTAN 50MG COM.REC CJAX30UND,GENFAR,0.0,30.0,9.0,2025-12-03 12:38:11,10,12,Verano
101767,LOSARTAN 50MG COM.REC CJAX30UND,GENFAR,2.0,0.0,18.0,2025-12-03 13:36:20,1,12,Verano
101767,LOSARTAN 50MG COM.REC CJAX30UND,GENFAR,1.0,0.0,9.0,2025-12-03 15:06:32,1,12,Verano
101767,LOSARTAN 50MG COM.REC CJAX30UND,GENFAR,1.0,0.0,9.0,2025-12-03 19:06:53,12,12,Verano
101767,LOSARTAN 50MG COM.REC CJAX30UND,GENFAR,1.0,0.0,9.0,2025-12-03 20:47:19,7,12,Verano
101767,LOSARTAN 50MG COM.REC CJAX30UND,GENFAR,1.0,0.0,9.0,2025-12-03 21:10:02,15,12,Verano
101767,LOSARTAN 50MG COM.REC CJAX30UND,GENFAR,2.0,0.0,18.0,2025-12-04 07:32:51,6,12,Verano
101767,LOSARTAN 50MG COM.REC CJAX30UND,GENFAR,1.0,0.0,9.0,2025-12-04 07:48:22,1,12,Verano
101767,LOSARTAN 50MG COM.REC CJAX30UND,GENFAR,1.0,0.0,9.0,2025-12-04 10:06:45,6,12,Verano
101767,LOSARTAN 50MG COM.REC CJAX30UND,GENFAR,1.0,0.0,9.0,2025-12-04 19:24:38,15,12,Verano
101767,LOSARTAN 50MG COM.REC CJAX30UND,GENFAR,1.0,0.0,9.0,2025-12-04 20:01:01,4,12,Verano
101767,LOSARTAN 50MG COM.REC CJAX30UND,GENFAR,1.0,0.0,9.0,2025-12-04 22:49:57,4,12,Verano
101767,LOSARTAN 50MG COM.REC CJAX30UND,GENFAR,1.0,0.0,9.0,2025-12-05 07:25:01,4,12,Verano
101767,LOSARTAN 50MG COM.REC CJAX30UND,GENFAR,1.0,0.0,9.0,2025-12-05 12:01:28,1,12,Verano
101767,LOSARTAN 50MG COM.REC CJAX30UND,GENFAR,1.0,0.0,9.0,2025-12-05 19:32:14,12,12,Verano
101767,LOSARTAN 50MG COM.REC CJAX30UND,GENFAR,1.0,0.0,9.0,2025-12-05 21:58:36,5,12,Verano
101767,LOSARTAN 50MG COM.REC CJAX30UND,GENFAR,0.0,10.0,3.0,2025-12-06 09:01:19,11,12,Verano
101767,LOSARTAN 50MG COM.REC CJAX30UND,GENFAR,1.0,0.0,9.0,2025-12-06 10:55:35,14,12,Verano
101767,LOSARTAN 50MG COM.REC CJAX30UND,GENFAR,0.0,15.0,4.5,2025-12-06 19:10:46,7,12,Verano
101767,LOSARTAN 50MG COM.REC CJAX30UND,GENFAR,1.0,0.0,9.0,2025-12-07 08:55:20,5,12,Verano
101767,LOSARTAN 50MG COM.REC CJAX30UND,GENFAR,2.0,0.0,18.0,2025-12-08 09:40:57,9,12,Verano
101767,LOSARTAN 50MG COM.REC CJAX30UND,GENFAR,1.0,0.0,9.0,2025-12-08 10:41:20,10,12,Verano
101767,LOSARTAN 50MG COM.REC CJAX30UND,GENFAR,1.0,0.0,9.0,2025-12-08 21:08:39,15,12,Verano
101767,LOSARTAN 50MG COM.REC CJAX30UND,GENFAR,1.0,0.0,9.0,2025-12-08 22:38:25,16,12,Verano
101767,LOSARTAN 50MG COM.REC CJAX30UND,GENFAR,1.0,0.0,7.53,2025-12-09 11:06:32,2,12,Verano
101767,LOSARTAN 50MG COM.REC CJAX30UND,GENFAR,1.0,0.0,9.0,2025-12-09 18:31:53,1,12,Verano
101767,LOSARTAN 50MG COM.REC CJAX30UND,GENFAR,1.0,0.0,9.0,2025-12-09 19:49:26,9,12,Verano
101767,LOSARTAN 50MG COM.REC CJAX30UND,GENFAR,2.0,0.0,18.0,2025-12-10 11:50:25,1,12,Verano
101767,LOSARTAN 50MG COM.REC CJAX30UND,GENFAR,1.0,0.0,9.0,2025-12-10 13:55:58,15,12,Verano
101767,LOSARTAN 50MG COM.REC CJAX30UND,GENFAR,2.0,0.0,18.0,2025-12-10 20:27:34,11,12,Verano
101767,LOSARTAN 50MG COM.REC CJAX30UND,GENFAR,1.0,0.0,9.0,2025-12-10 20:38:58,1,12,Verano
101767,LOSARTAN 50MG COM.REC CJAX30UND,GENFAR,1.0,0.0,9.0,2025-12-12 08:51:29,1,12,Verano
101767,LOSARTAN 50MG COM.REC CJAX30UND,GENFAR,1.0,0.0,9.0,2025-12-12 09:31:01,3,12,Verano
101767,LOSARTAN 50MG COM.REC CJAX30UND,GENFAR,1.0,0.0,9.0,2025-12-12 10:16:38,12,12,Verano
101767,LOSARTAN 50MG COM.REC CJAX30UND,GENFAR,1.0,0.0,9.0,2025-12-12 11:30:59,1,12,Verano
101767,LOSARTAN 50MG COM.REC CJAX30UND,GENFAR,1.0,0.0,9.0,2025-12-13 12:01:12,16,12,Verano
101767,LOSARTAN 50MG COM.REC CJAX30UND,GENFAR,2.0,0.0,18.0,2025-12-13 12:07:17,5,12,Verano
101767,LOSARTAN 50MG COM.REC CJAX30UND,GENFAR,1.0,0.0,9.0,2025-12-13 12:08:19,15,12,Verano
101767,LOSARTAN 50MG COM.REC CJAX30UND,GENFAR,-2.0,0.0,-18.0,2025-12-13 13:12:09,5,12,Verano
101767,LOSARTAN 50MG COM.REC CJAX30UND,GENFAR,2.0,0.0,18.0,2025-12-13 14:29:19,5,12,Verano
101767,LOSARTAN 50MG COM.REC CJAX30UND,GENFAR,1.0,0.0,9.0,2025-12-13 15:09:03,2,12,Verano
101767,LOSARTAN 50MG COM.REC CJAX30UND,GENFAR,1.0,0.0,9.0,2025-12-13 16:29:16,1,12,Verano
101767,LOSARTAN 50MG COM.REC CJAX30UND,GENFAR,2.0,0.0,18.0,2025-12-13 18:12:28,16,12,Verano
101767,LOSARTAN 50MG COM.REC CJAX30UND,GENFAR,1.0,0.0,9.0,2025-12-13 18:26:14,4,12,Verano
101767,LOSARTAN 50MG COM.REC CJAX30UND,GENFAR,1.0,0.0,9.0,2025-12-13 20:07:18,12,12,Verano
101767,LOSARTAN 50MG COM.REC CJAX30UND,GENFAR,1.0,0.0,9.0,2025-12-14 11:48:38,15,12,Verano
101767,LOSARTAN 50MG COM.REC CJAX30UND,GENFAR,1.0,0.0,9.0,2025-12-14 11:57:25,6,12,Verano
101767,LOSARTAN 50MG COM.REC CJAX30UND,GENFAR,1.0,0.0,9.0,2025-12-14 18:08:27,5,12,Verano
101767,LOSARTAN 50MG COM.REC CJAX30UND,GENFAR,0.0,1.0,0.3,2025-12-14 19:04:33,13,12,Verano
101767,LOSARTAN 50MG COM.REC CJAX30UND,GENFAR,1.0,0.0,9.0,2025-12-15 10:12:28,7,12,Verano
101767,LOSARTAN 50MG COM.REC CJAX30UND,GENFAR,1.0,0.0,9.0,2025-12-15 11:35:59,5,12,Verano
101767,LOSARTAN 50MG COM.REC CJAX30UND,GENFAR,1.0,0.0,9.0,2025-12-15 17:39:28,5,12,Verano
101767,LOSARTAN 50MG COM.REC CJAX30UND,GENFAR,1.0,0.0,9.0,2025-12-15 19:32:24,3,12,Verano
101767,LOSARTAN 50MG COM.REC CJAX30UND,GENFAR,2.0,0.0,18.0,2025-12-15 23:31:27,10,12,Verano
101767,LOSARTAN 50MG COM.REC CJAX30UND,GENFAR,1.0,0.0,9.0,2025-12-16 11:54:11,3,12,Verano
101767,LOSARTAN 50MG COM.REC CJAX30UND,GENFAR,0.0,10.0,3.0,2025-12-16 13:08:18,11,12,Verano
101767,LOSARTAN 50MG COM.REC CJAX30UND,GENFAR,1.0,0.0,9.0,2025-12-16 13:28:13,15,12,Verano
101767,LOSARTAN 50MG COM.REC CJAX30UND,GENFAR,3.0,0.0,25.65,2025-12-16 17:46:42,2,12,Verano
101767,LOSARTAN 50MG COM.REC CJAX30UND,GENFAR,1.0,0.0,9.0,2025-12-16 18:46:01,1,12,Verano
101767,LOSARTAN 50MG COM.REC CJAX30UND,GENFAR,1.0,0.0,9.0,2025-12-16 20:11:36,12,12,Verano
101767,LOSARTAN 50MG COM.REC CJAX30UND,GENFAR,1.0,0.0,9.0,2025-12-16 21:29:52,10,12,Verano
101767,LOSARTAN 50MG COM.REC CJAX30UND,GENFAR,1.0,0.0,9.0,2025-12-16 21:43:36,13,12,Verano
101767,LOSARTAN 50MG COM.REC CJAX30UND,GENFAR,2.0,0.0,18.0,2025-12-16 23:57:35,10,12,Verano
101767,LOSARTAN 50MG COM.REC CJAX30UND,GENFAR,1.0,0.0,9.0,2025-12-17 18:27:58,6,12,Verano
101767,LOSARTAN 50MG COM.REC CJAX30UND,GENFAR,1.0,0.0,9.0,2025-12-17 21:58:05,1,12,Verano
101767,LOSARTAN 50MG COM.REC CJAX30UND,GENFAR,1.0,0.0,9.0,2025-12-18 08:29:59,5,12,Verano
101767,LOSARTAN 50MG COM.REC CJAX30UND,GENFAR,1.0,0.0,9.0,2025-12-18 09:41:07,11,12,Verano
101767,LOSARTAN 50MG COM.REC CJAX30UND,GENFAR,1.0,0.0,9.0,2025-12-18 10:25:48,6,12,Verano
101767,LOSARTAN 50MG COM.REC CJAX30UND,GENFAR,1.0,0.0,9.0,2025-12-18 11:16:38,9,12,Verano
101767,LOSARTAN 50MG COM.REC CJAX30UND,GENFAR,1.0,0.0,9.0,2025-12-18 17:05:48,5,12,Verano
101767,LOSARTAN 50MG COM.REC CJAX30UND,GENFAR,1.0,0.0,9.0,2025-12-18 17:40:23,15,12,Verano
101767,LOSARTAN 50MG COM.REC CJAX30UND,GENFAR,1.0,0.0,9.0,2025-12-18 18:25:35,5,12,Verano
101767,LOSARTAN 50MG COM.REC CJAX30UND,GENFAR,1.0,0.0,9.0,2025-12-18 19:10:59,7,12,Verano
101767,LOSARTAN 50MG COM.REC CJAX30UND,GENFAR,0.0,10.0,3.0,2025-12-18 19:13:43,15,12,Verano
101767,LOSARTAN 50MG COM.REC CJAX30UND,GENFAR,1.0,0.0,9.0,2025-12-19 07:55:33,4,12,Verano
101767,LOSARTAN 50MG COM.REC CJAX30UND,GENFAR,0.0,30.0,9.0,2025-12-19 10:52:54,6,12,Verano
101767,LOSARTAN 50MG COM.REC CJAX30UND,GENFAR,2.0,0.0,18.0,2025-12-19 12:35:02,2,12,Verano
101767,LOSARTAN 50MG COM.REC CJAX30UND,GENFAR,1.0,0.0,9.0,2025-12-19 19:19:54,1,12,Verano
101767,LOSARTAN 50MG COM.REC CJAX30UND,GENFAR,1.0,0.0,8.55,2025-12-20 14:48:15,2,12,Verano
101767,LOSARTAN 50MG COM.REC CJAX30UND,GENFAR,1.0,0.0,9.0,2025-12-20 22:12:01,9,12,Verano
101767,LOSARTAN 50MG COM.REC CJAX30UND,GENFAR,1.0,0.0,9.0,2025-12-21 08:59:31,6,12,Verano
101767,LOSARTAN 50MG COM.REC CJAX30UND,GENFAR,0.0,3.0,0.9,2025-12-21 09:07:36,2,12,Verano
101767,LOSARTAN 50MG COM.REC CJAX30UND,GENFAR,1.0,0.0,8.55,2025-12-21 15:03:26,7,12,Verano
101767,LOSARTAN 50MG COM.REC CJAX30UND,GENFAR,1.0,0.0,9.0,2025-12-21 16:26:51,8,12,Verano
101767,LOSARTAN 50MG COM.REC CJAX30UND,GENFAR,1.0,0.0,9.0,2025-12-21 17:39:45,3,12,Verano
101767,LOSARTAN 50MG COM.REC CJAX30UND,GENFAR,1.0,0.0,9.0,2025-12-21 19:46:16,11,12,Verano
101767,LOSARTAN 50MG COM.REC CJAX30UND,GENFAR,1.0,0.0,9.0,2025-12-22 13:19:38,14,12,Verano
101767,LOSARTAN 50MG COM.REC CJAX30UND,GENFAR,1.0,0.0,9.0,2025-12-24 13:27:16,16,12,Verano
101767,LOSARTAN 50MG COM.REC CJAX30UND,GENFAR,1.0,0.0,9.0,2025-12-24 16:09:21,3,12,Verano
101767,LOSARTAN 50MG COM.REC CJAX30UND,GENFAR,1.0,0.0,9.0,2025-12-25 12:41:57,16,12,Verano
101767,LOSARTAN 50MG COM.REC CJAX30UND,GENFAR,2.0,0.0,18.0,2025-12-26 20:59:13,8,12,Verano
101767,LOSARTAN 50MG COM.REC CJAX30UND,GENFAR,1.0,0.0,9.0,2025-12-27 18:14:28,10,12,Verano
101767,LOSARTAN 50MG COM.REC CJAX30UND,GENFAR,1.0,0.0,9.0,2025-12-27 22:38:11,2,12,Verano
101767,LOSARTAN 50MG COM.REC CJAX30UND,GENFAR,2.0,0.0,18.0,2025-12-28 22:14:23,14,12,Verano
101767,LOSARTAN 50MG COM.REC CJAX30UND,GENFAR,1.0,0.0,9.0,2025-12-28 23:10:25,4,12,Verano
101767,LOSARTAN 50MG COM.REC CJAX30UND,GENFAR,0.0,27.0,7.7,2025-12-29 10:27:27,2,12,Verano
101767,LOSARTAN 50MG COM.REC CJAX30UND,GENFAR,1.0,0.0,9.0,2025-12-29 14:29:34,8,12,Verano
101767,LOSARTAN 50MG COM.REC CJAX30UND,GENFAR,0.0,2.0,0.6,2025-12-29 21:26:39,11,12,Verano
101767,LOSARTAN 50MG COM.REC CJAX30UND,GENFAR,1.0,0.0,9.0,2025-12-30 17:12:32,4,12,Verano
101767,LOSARTAN 50MG COM.REC CJAX30UND,GENFAR,1.0,0.0,9.0,2025-12-30 18:07:22,4,12,Verano
101767,LOSARTAN 50MG COM.REC CJAX30UND,GENFAR,1.0,0.0,9.0,2025-12-30 18:19:05,4,12,Verano
101767,LOSARTAN 50MG COM.REC CJAX30UND,GENFAR,1.0,0.0,9.0,2025-12-31 19:22:25,7,12,Verano
101767,LOSARTAN 50MG COM.REC CJAX30UND,GENFAR,2.0,0.0,18.0,2026-01-02 20:03:59,4,1,Verano
101767,LOSARTAN 50MG COM.REC CJAX30UND,GENFAR,1.0,0.0,9.0,2026-01-07 09:11:25,17,1,Verano
101767,LOSARTAN 50MG COM.REC CJAX30UND,GENFAR,0.0,1.0,0.3,2026-01-14 08:28:26,11,1,Verano
101767,LOSARTAN 50MG COM.REC CJAX30UND,GENFAR,0.0,7.0,2.1,2026-01-15 09:51:04,11,1,Verano
101767,LOSARTAN 50MG COM.REC CJAX30UND,GENFAR,0.0,9.0,2.7,2026-01-16 18:01:23,1,1,Verano
101767,LOSARTAN 50MG COM.REC CJAX30UND,GENFAR,0.0,2.0,0.6,2026-01-28 22:20:52,13,1,Verano
101767,LOSARTAN 50MG COM.REC CJAX30UND,GENFAR,1.0,0.0,6.0,2026-03-05 17:15:47,1,3,Otoño
101767,LOSARTAN 50MG COM.REC CJAX30UND,GENFAR,2.0,0.0,12.0,2026-03-05 19:35:28,1,3,Otoño
101767,LOSARTAN 50MG COM.REC CJAX30UND,GENFAR,1.0,0.0,6.0,2026-03-06 19:43:21,10,3,Otoño
101767,LOSARTAN 50MG COM.REC CJAX30UND,GENFAR,3.0,0.0,18.0,2026-03-06 19:51:05,2,3,Otoño
101767,LOSARTAN 50MG COM.REC CJAX30UND,GENFAR,1.0,0.0,6.0,2026-03-06 20:32:53,14,3,Otoño
101767,LOSARTAN 50MG COM.REC CJAX30UND,GENFAR,1.0,0.0,6.0,2026-03-06 20:45:04,16,3,Otoño
101767,LOSARTAN 50MG COM.REC CJAX30UND,GENFAR,2.0,0.0,12.0,2026-03-06 20:54:16,5,3,Otoño
101767,LOSARTAN 50MG COM.REC CJAX30UND,GENFAR,2.0,0.0,12.0,2026-03-06 21:48:00,14,3,Otoño
101767,LOSARTAN 50MG COM.REC CJAX30UND,GENFAR,0.0,10.0,2.0,2026-03-07 10:59:57,11,3,Otoño
101767,LOSARTAN 50MG COM.REC CJAX30UND,GENFAR,0.0,-10.0,-2.0,2026-03-07 11:06:58,11,3,Otoño
101767,LOSARTAN 50MG COM.REC CJAX30UND,GENFAR,0.0,10.0,2.0,2026-03-07 11:09:04,11,3,Otoño
101767,LOSARTAN 50MG COM.REC CJAX30UND,GENFAR,1.0,0.0,6.0,2026-03-07 15:58:21,5,3,Otoño
101767,LOSARTAN 50MG COM.REC CJAX30UND,GENFAR,1.0,0.0,6.0,2026-03-07 18:48:29,5,3,Otoño
101767,LOSARTAN 50MG COM.REC CJAX30UND,GENFAR,1.0,0.0,6.0,2026-03-07 19:42:31,2,3,Otoño
101767,LOSARTAN 50MG COM.REC CJAX30UND,GENFAR,1.0,0.0,6.0,2026-03-07 19:57:02,3,3,Otoño
101767,LOSARTAN 50MG COM.REC CJAX30UND,GENFAR,1.0,0.0,5.7,2026-03-07 20:34:44,12,3,Otoño
101767,LOSARTAN 50MG COM.REC CJAX30UND,GENFAR,0.0,10.0,2.0,2026-03-07 21:52:20,6,3,Otoño
101767,LOSARTAN 50MG COM.REC CJAX30UND,GENFAR,0.0,20.0,4.0,2026-03-07 21:56:13,6,3,Otoño
101767,LOSARTAN 50MG COM.REC CJAX30UND,GENFAR,1.0,0.0,6.0,2026-03-08 08:37:50,16,3,Otoño
101767,LOSARTAN 50MG COM.REC CJAX30UND,GENFAR,4.0,0.0,24.0,2026-03-08 09:36:38,4,3,Otoño
101767,LOSARTAN 50MG COM.REC CJAX30UND,GENFAR,1.0,0.0,6.0,2026-03-08 19:16:02,10,3,Otoño
101767,LOSARTAN 50MG COM.REC CJAX30UND,GENFAR,0.0,30.0,6.0,2026-03-08 19:42:58,5,3,Otoño
101767,LOSARTAN 50MG COM.REC CJAX30UND,GENFAR,2.0,0.0,12.0,2026-03-09 11:10:09,1,3,Otoño
101767,LOSARTAN 50MG COM.REC CJAX30UND,GENFAR,1.0,0.0,6.0,2026-03-09 12:57:51,1,3,Otoño
101767,LOSARTAN 50MG COM.REC CJAX30UND,GENFAR,0.0,1.0,0.2,2026-03-09 13:15:57,1,3,Otoño
101767,LOSARTAN 50MG COM.REC CJAX30UND,GENFAR,0.0,10.0,2.0,2026-03-09 17:13:14,16,3,Otoño
101767,LOSARTAN 50MG COM.REC CJAX30UND,GENFAR,0.0,10.0,2.0,2026-03-09 20:50:48,7,3,Otoño
101767,LOSARTAN 50MG COM.REC CJAX30UND,GENFAR,2.0,0.0,12.0,2026-03-10 08:47:13,13,3,Otoño
101767,LOSARTAN 50MG COM.REC CJAX30UND,GENFAR,1.0,0.0,6.0,2026-03-10 17:39:12,6,3,Otoño
101767,LOSARTAN 50MG COM.REC CJAX30UND,GENFAR,1.0,0.0,6.0,2026-03-10 19:17:18,13,3,Otoño
101767,LOSARTAN 50MG COM.REC CJAX30UND,GENFAR,1.0,0.0,6.0,2026-03-10 22:31:13,12,3,Otoño
101767,LOSARTAN 50MG COM.REC CJAX30UND,GENFAR,1.0,0.0,6.0,2026-03-10 22:32:29,16,3,Otoño
101767,LOSARTAN 50MG COM.REC CJAX30UND,GENFAR,1.0,0.0,6.0,2026-03-10 22:34:43,5,3,Otoño
101767,LOSARTAN 50MG COM.REC CJAX30UND,GENFAR,1.0,0.0,6.0,2026-03-11 12:33:21,11,3,Otoño
101767,LOSARTAN 50MG COM.REC CJAX30UND,GENFAR,1.0,0.0,5.7,2026-03-11 13:55:45,3,3,Otoño
101767,LOSARTAN 50MG COM.REC CJAX30UND,GENFAR,2.0,0.0,12.0,2026-03-11 19:53:53,11,3,Otoño
101767,LOSARTAN 50MG COM.REC CJAX30UND,GENFAR,0.0,10.0,2.0,2026-03-12 10:34:34,4,3,Otoño
101767,LOSARTAN 50MG COM.REC CJAX30UND,GENFAR,0.0,20.0,4.0,2026-03-12 11:39:50,15,3,Otoño
101767,LOSARTAN 50MG COM.REC CJAX30UND,GENFAR,1.0,0.0,6.0,2026-03-12 13:15:17,2,3,Otoño
101767,LOSARTAN 50MG COM.REC CJAX30UND,GENFAR,1.0,0.0,6.0,2026-03-12 18:50:15,18,3,Otoño
101767,LOSARTAN 50MG COM.REC CJAX30UND,GENFAR,1.0,0.0,6.0,2026-03-12 20:00:58,9,3,Otoño
101767,LOSARTAN 50MG COM.REC CJAX30UND,GENFAR,2.0,0.0,12.0,2026-03-12 20:33:47,14,3,Otoño
101767,LOSARTAN 50MG COM.REC CJAX30UND,GENFAR,1.0,0.0,6.0,2026-03-12 21:08:36,6,3,Otoño
101767,LOSARTAN 50MG COM.REC CJAX30UND,GENFAR,0.0,10.0,2.0,2026-03-13 09:11:28,5,3,Otoño
101767,LOSARTAN 50MG COM.REC CJAX30UND,GENFAR,1.0,0.0,6.0,2026-03-13 13:48:08,8,3,Otoño
101767,LOSARTAN 50MG COM.REC CJAX30UND,GENFAR,2.0,0.0,12.0,2026-03-13 15:01:59,2,3,Otoño
101767,LOSARTAN 50MG COM.REC CJAX30UND,GENFAR,0.0,20.0,4.0,2026-03-13 16:27:31,16,3,Otoño
101767,LOSARTAN 50MG COM.REC CJAX30UND,GENFAR,0.0,20.0,4.0,2026-03-13 18:26:54,10,3,Otoño
101767,LOSARTAN 50MG COM.REC CJAX30UND,GENFAR,1.0,0.0,6.0,2026-03-13 20:03:27,5,3,Otoño
101767,LOSARTAN 50MG COM.REC CJAX30UND,GENFAR,0.0,10.0,2.0,2026-03-13 22:18:21,4,3,Otoño
101767,LOSARTAN 50MG COM.REC CJAX30UND,GENFAR,1.0,0.0,6.0,2026-03-14 09:09:24,4,3,Otoño
101767,LOSARTAN 50MG COM.REC CJAX30UND,GENFAR,1.0,0.0,6.0,2026-03-14 12:52:57,1,3,Otoño
101767,LOSARTAN 50MG COM.REC CJAX30UND,GENFAR,1.0,0.0,6.0,2026-03-14 13:00:09,11,3,Otoño
101767,LOSARTAN 50MG COM.REC CJAX30UND,GENFAR,1.0,0.0,6.0,2026-03-14 17:20:52,16,3,Otoño
101767,LOSARTAN 50MG COM.REC CJAX30UND,GENFAR,0.0,20.0,4.0,2026-03-14 18:16:03,5,3,Otoño
101767,LOSARTAN 50MG COM.REC CJAX30UND,GENFAR,1.0,0.0,6.0,2026-03-14 18:42:53,1,3,Otoño
101767,LOSARTAN 50MG COM.REC CJAX30UND,GENFAR,0.0,10.0,2.0,2026-03-14 19:00:58,5,3,Otoño
101767,LOSARTAN 50MG COM.REC CJAX30UND,GENFAR,1.0,0.0,6.0,2026-03-14 22:15:14,5,3,Otoño
101767,LOSARTAN 50MG COM.REC CJAX30UND,GENFAR,1.0,0.0,6.0,2026-03-14 23:43:38,7,3,Otoño
101767,LOSARTAN 50MG COM.REC CJAX30UND,GENFAR,1.0,0.0,6.0,2026-03-15 08:51:54,6,3,Otoño
101767,LOSARTAN 50MG COM.REC CJAX30UND,GENFAR,1.0,0.0,6.0,2026-03-15 17:58:21,2,3,Otoño
101767,LOSARTAN 50MG COM.REC CJAX30UND,GENFAR,2.0,0.0,12.0,2026-03-15 18:15:59,16,3,Otoño
101767,LOSARTAN 50MG COM.REC CJAX30UND,GENFAR,1.0,0.0,6.0,2026-03-15 19:24:22,1,3,Otoño
101767,LOSARTAN 50MG COM.REC CJAX30UND,GENFAR,0.0,30.0,6.0,2026-03-15 20:23:04,15,3,Otoño
101767,LOSARTAN 50MG COM.REC CJAX30UND,GENFAR,1.0,0.0,6.0,2026-03-16 11:22:49,9,3,Otoño
101767,LOSARTAN 50MG COM.REC CJAX30UND,GENFAR,1.0,0.0,6.0,2026-03-16 13:33:03,2,3,Otoño
101767,LOSARTAN 50MG COM.REC CJAX30UND,GENFAR,1.0,0.0,6.0,2026-03-16 17:12:29,3,3,Otoño
101767,LOSARTAN 50MG COM.REC CJAX30UND,GENFAR,1.0,0.0,6.0,2026-03-16 20:44:17,14,3,Otoño
101767,LOSARTAN 50MG COM.REC CJAX30UND,GENFAR,2.0,0.0,12.0,2026-03-17 07:53:08,1,3,Otoño
101767,LOSARTAN 50MG COM.REC CJAX30UND,GENFAR,1.0,0.0,6.0,2026-03-17 09:19:12,16,3,Otoño
101767,LOSARTAN 50MG COM.REC CJAX30UND,GENFAR,1.0,0.0,6.0,2026-03-17 14:04:26,11,3,Otoño
101767,LOSARTAN 50MG COM.REC CJAX30UND,GENFAR,0.0,20.0,4.0,2026-03-17 15:25:52,5,3,Otoño
101767,LOSARTAN 50MG COM.REC CJAX30UND,GENFAR,1.0,0.0,6.0,2026-03-17 17:18:16,16,3,Otoño
101767,LOSARTAN 50MG COM.REC CJAX30UND,GENFAR,1.0,0.0,6.0,2026-03-17 17:54:13,2,3,Otoño
101767,LOSARTAN 50MG COM.REC CJAX30UND,GENFAR,1.0,0.0,6.0,2026-03-17 18:40:59,12,3,Otoño
101767,LOSARTAN 50MG COM.REC CJAX30UND,GENFAR,1.0,0.0,6.0,2026-03-17 19:18:13,15,3,Otoño
101767,LOSARTAN 50MG COM.REC CJAX30UND,GENFAR,1.0,0.0,6.0,2026-03-18 09:29:54,15,3,Otoño
101767,LOSARTAN 50MG COM.REC CJAX30UND,GENFAR,1.0,0.0,6.0,2026-03-18 10:51:22,9,3,Otoño
101767,LOSARTAN 50MG COM.REC CJAX30UND,GENFAR,1.0,0.0,6.0,2026-03-18 11:08:45,2,3,Otoño
101767,LOSARTAN 50MG COM.REC CJAX30UND,GENFAR,1.0,0.0,6.0,2026-03-18 12:23:07,11,3,Otoño
101767,LOSARTAN 50MG COM.REC CJAX30UND,GENFAR,1.0,0.0,6.0,2026-03-18 13:39:23,1,3,Otoño
101767,LOSARTAN 50MG COM.REC CJAX30UND,GENFAR,0.0,1.0,0.2,2026-03-18 17:50:52,5,3,Otoño
101767,LOSARTAN 50MG COM.REC CJAX30UND,GENFAR,0.0,2.0,0.4,2026-03-18 18:25:14,10,3,Otoño
101767,LOSARTAN 50MG COM.REC CJAX30UND,GENFAR,1.0,0.0,6.0,2026-03-18 18:33:43,1,3,Otoño
101767,LOSARTAN 50MG COM.REC CJAX30UND,GENFAR,1.0,0.0,6.0,2026-03-18 18:50:09,9,3,Otoño
101767,LOSARTAN 50MG COM.REC CJAX30UND,GENFAR,1.0,0.0,6.0,2026-03-18 20:18:00,2,3,Otoño
101767,LOSARTAN 50MG COM.REC CJAX30UND,GENFAR,3.0,0.0,18.0,2026-03-18 20:24:26,4,3,Otoño
101767,LOSARTAN 50MG COM.REC CJAX30UND,GENFAR,2.0,0.0,12.0,2026-03-18 20:24:38,9,3,Otoño
101767,LOSARTAN 50MG COM.REC CJAX30UND,GENFAR,1.0,0.0,6.0,2026-03-19 08:29:52,5,3,Otoño
101767,LOSARTAN 50MG COM.REC CJAX30UND,GENFAR,0.0,30.0,6.0,2026-03-19 12:28:20,18,3,Otoño
101767,LOSARTAN 50MG COM.REC CJAX30UND,GENFAR,1.0,0.0,6.0,2026-03-19 17:46:42,2,3,Otoño
101767,LOSARTAN 50MG COM.REC CJAX30UND,GENFAR,1.0,0.0,6.0,2026-03-19 18:03:02,16,3,Otoño
101767,LOSARTAN 50MG COM.REC CJAX30UND,GENFAR,1.0,0.0,6.0,2026-03-19 20:13:47,5,3,Otoño
101767,LOSARTAN 50MG COM.REC CJAX30UND,GENFAR,1.0,0.0,6.0,2026-03-19 21:17:14,14,3,Otoño
101767,LOSARTAN 50MG COM.REC CJAX30UND,GENFAR,2.0,0.0,12.0,2026-03-20 07:41:10,6,3,Otoño
101767,LOSARTAN 50MG COM.REC CJAX30UND,GENFAR,1.0,0.0,6.0,2026-03-20 10:51:11,12,3,Otoño
101767,LOSARTAN 50MG COM.REC CJAX30UND,GENFAR,1.0,0.0,6.0,2026-03-20 10:52:15,13,3,Otoño
101767,LOSARTAN 50MG COM.REC CJAX30UND,GENFAR,1.0,0.0,6.0,2026-03-20 17:42:12,13,3,Otoño
101767,LOSARTAN 50MG COM.REC CJAX30UND,GENFAR,2.0,0.0,12.0,2026-03-20 17:49:45,8,3,Otoño
101767,LOSARTAN 50MG COM.REC CJAX30UND,GENFAR,1.0,0.0,6.0,2026-03-20 18:01:28,3,3,Otoño
101767,LOSARTAN 50MG COM.REC CJAX30UND,GENFAR,1.0,0.0,6.0,2026-03-20 20:57:59,2,3,Otoño
101767,LOSARTAN 50MG COM.REC CJAX30UND,GENFAR,1.0,0.0,6.0,2026-03-20 21:05:19,12,3,Otoño
101767,LOSARTAN 50MG COM.REC CJAX30UND,GENFAR,1.0,0.0,6.0,2026-03-21 09:19:04,12,3,Otoño
101767,LOSARTAN 50MG COM.REC CJAX30UND,GENFAR,1.0,0.0,6.0,2026-03-21 10:29:21,6,3,Otoño
101767,LOSARTAN 50MG COM.REC CJAX30UND,GENFAR,1.0,0.0,6.0,2026-03-21 13:27:31,16,3,Otoño
101767,LOSARTAN 50MG COM.REC CJAX30UND,GENFAR,2.0,0.0,12.0,2026-03-21 14:12:19,8,3,Otoño
101767,LOSARTAN 50MG COM.REC CJAX30UND,GENFAR,1.0,0.0,6.0,2026-03-21 19:05:15,16,3,Otoño
101767,LOSARTAN 50MG COM.REC CJAX30UND,GENFAR,1.0,0.0,6.0,2026-03-21 19:42:30,4,3,Otoño
101767,LOSARTAN 50MG COM.REC CJAX30UND,GENFAR,2.0,0.0,12.0,2026-03-22 10:09:59,6,3,Otoño
101767,LOSARTAN 50MG COM.REC CJAX30UND,GENFAR,1.0,0.0,6.0,2026-03-22 12:34:38,11,3,Otoño
101767,LOSARTAN 50MG COM.REC CJAX30UND,GENFAR,1.0,0.0,6.0,2026-03-22 14:34:46,4,3,Otoño
101767,LOSARTAN 50MG COM.REC CJAX30UND,GENFAR,1.0,0.0,6.0,2026-03-22 17:44:10,9,3,Otoño
101767,LOSARTAN 50MG COM.REC CJAX30UND,GENFAR,1.0,0.0,6.0,2026-03-22 18:52:00,4,3,Otoño
101767,LOSARTAN 50MG COM.REC CJAX30UND,GENFAR,1.0,0.0,6.0,2026-03-22 19:16:56,3,3,Otoño
101767,LOSARTAN 50MG COM.REC CJAX30UND,GENFAR,2.0,0.0,12.0,2026-03-23 08:33:08,5,3,Otoño
101767,LOSARTAN 50MG COM.REC CJAX30UND,GENFAR,1.0,0.0,6.0,2026-03-23 09:40:11,17,3,Otoño
101767,LOSARTAN 50MG COM.REC CJAX30UND,GENFAR,2.0,0.0,12.0,2026-03-23 10:49:44,9,3,Otoño
101767,LOSARTAN 50MG COM.REC CJAX30UND,GENFAR,1.0,0.0,6.0,2026-03-23 11:14:15,16,3,Otoño
101767,LOSARTAN 50MG COM.REC CJAX30UND,GENFAR,1.0,0.0,6.0,2026-03-23 12:15:16,9,3,Otoño
101767,LOSARTAN 50MG COM.REC CJAX30UND,GENFAR,1.0,0.0,6.0,2026-03-23 14:09:42,1,3,Otoño
101767,LOSARTAN 50MG COM.REC CJAX30UND,GENFAR,1.0,0.0,6.0,2026-03-23 15:05:59,10,3,Otoño
101767,LOSARTAN 50MG COM.REC CJAX30UND,GENFAR,1.0,0.0,6.0,2026-03-23 16:53:24,2,3,Otoño
101767,LOSARTAN 50MG COM.REC CJAX30UND,GENFAR,-1.0,0.0,-6.0,2026-03-23 16:55:58,2,3,Otoño
101767,LOSARTAN 50MG COM.REC CJAX30UND,GENFAR,1.0,0.0,6.0,2026-03-23 18:30:46,11,3,Otoño
101767,LOSARTAN 50MG COM.REC CJAX30UND,GENFAR,1.0,0.0,6.0,2026-03-23 19:05:16,8,3,Otoño
101767,LOSARTAN 50MG COM.REC CJAX30UND,GENFAR,1.0,0.0,6.0,2026-03-23 19:40:49,12,3,Otoño
101767,LOSARTAN 50MG COM.REC CJAX30UND,GENFAR,1.0,0.0,6.0,2026-03-23 21:34:16,6,3,Otoño
101767,LOSARTAN 50MG COM.REC CJAX30UND,GENFAR,1.0,0.0,6.0,2026-03-24 07:26:08,12,3,Otoño
101767,LOSARTAN 50MG COM.REC CJAX30UND,GENFAR,1.0,0.0,6.0,2026-03-24 08:46:56,13,3,Otoño
101767,LOSARTAN 50MG COM.REC CJAX30UND,GENFAR,1.0,0.0,6.0,2026-03-24 14:43:24,3,3,Otoño
101767,LOSARTAN 50MG COM.REC CJAX30UND,GENFAR,1.0,0.0,6.0,2026-03-24 15:55:21,12,3,Otoño
101767,LOSARTAN 50MG COM.REC CJAX30UND,GENFAR,1.0,0.0,6.0,2026-03-24 16:36:05,2,3,Otoño
101767,LOSARTAN 50MG COM.REC CJAX30UND,GENFAR,1.0,0.0,6.0,2026-03-24 16:40:42,5,3,Otoño
101767,LOSARTAN 50MG COM.REC CJAX30UND,GENFAR,1.0,0.0,6.0,2026-03-24 17:43:00,12,3,Otoño
101767,LOSARTAN 50MG COM.REC CJAX30UND,GENFAR,1.0,0.0,6.0,2026-03-24 18:09:43,10,3,Otoño
101767,LOSARTAN 50MG COM.REC CJAX30UND,GENFAR,2.0,0.0,12.0,2026-03-24 18:35:14,16,3,Otoño
101767,LOSARTAN 50MG COM.REC CJAX30UND,GENFAR,1.0,0.0,6.0,2026-03-24 20:11:53,11,3,Otoño
101767,LOSARTAN 50MG COM.REC CJAX30UND,GENFAR,1.0,0.0,6.0,2026-03-24 21:36:52,5,3,Otoño
101767,LOSARTAN 50MG COM.REC CJAX30UND,GENFAR,1.0,0.0,6.0,2026-03-25 07:23:39,16,3,Otoño
101767,LOSARTAN 50MG COM.REC CJAX30UND,GENFAR,1.0,0.0,6.0,2026-03-25 09:10:29,17,3,Otoño
101767,LOSARTAN 50MG COM.REC CJAX30UND,GENFAR,1.0,0.0,6.0,2026-03-25 09:29:57,5,3,Otoño
101767,LOSARTAN 50MG COM.REC CJAX30UND,GENFAR,1.0,0.0,6.0,2026-03-25 14:39:12,16,3,Otoño
101767,LOSARTAN 50MG COM.REC CJAX30UND,GENFAR,1.0,0.0,6.0,2026-03-25 17:22:32,5,3,Otoño
101767,LOSARTAN 50MG COM.REC CJAX30UND,GENFAR,1.0,0.0,6.0,2026-03-25 18:42:31,1,3,Otoño
101767,LOSARTAN 50MG COM.REC CJAX30UND,GENFAR,1.0,0.0,6.0,2026-03-25 19:48:06,1,3,Otoño
101767,LOSARTAN 50MG COM.REC CJAX30UND,GENFAR,1.0,0.0,6.0,2026-03-25 20:55:28,1,3,Otoño
101767,LOSARTAN 50MG COM.REC CJAX30UND,GENFAR,2.0,0.0,12.0,2026-03-25 21:21:00,4,3,Otoño
101767,LOSARTAN 50MG COM.REC CJAX30UND,GENFAR,1.0,0.0,6.0,2026-03-25 23:43:45,5,3,Otoño
101767,LOSARTAN 50MG COM.REC CJAX30UND,GENFAR,1.0,0.0,6.0,2026-03-26 12:54:52,4,3,Otoño
101767,LOSARTAN 50MG COM.REC CJAX30UND,GENFAR,1.0,0.0,6.0,2026-03-26 13:12:43,14,3,Otoño
101767,LOSARTAN 50MG COM.REC CJAX30UND,GENFAR,1.0,0.0,6.0,2026-03-26 16:17:43,2,3,Otoño
101767,LOSARTAN 50MG COM.REC CJAX30UND,GENFAR,1.0,0.0,6.0,2026-03-26 20:19:25,14,3,Otoño
101767,LOSARTAN 50MG COM.REC CJAX30UND,GENFAR,1.0,0.0,6.0,2026-03-26 21:02:37,11,3,Otoño
101767,LOSARTAN 50MG COM.REC CJAX30UND,GENFAR,1.0,0.0,6.0,2026-03-26 21:35:57,2,3,Otoño
101767,LOSARTAN 50MG COM.REC CJAX30UND,GENFAR,1.0,0.0,6.0,2026-03-26 22:53:07,4,3,Otoño
101767,LOSARTAN 50MG COM.REC CJAX30UND,GENFAR,1.0,0.0,6.0,2026-03-27 08:36:09,4,3,Otoño
101767,LOSARTAN 50MG COM.REC CJAX30UND,GENFAR,0.0,30.0,6.0,2026-03-27 09:17:42,13,3,Otoño
101767,LOSARTAN 50MG COM.REC CJAX30UND,GENFAR,1.0,0.0,6.0,2026-03-27 10:16:37,19,3,Otoño
101767,LOSARTAN 50MG COM.REC CJAX30UND,GENFAR,1.0,0.0,6.0,2026-03-27 12:44:06,15,3,Otoño
101767,LOSARTAN 50MG COM.REC CJAX30UND,GENFAR,1.0,0.0,6.0,2026-03-27 18:04:41,3,3,Otoño
101767,LOSARTAN 50MG COM.REC CJAX30UND,GENFAR,0.0,10.0,2.0,2026-03-27 18:22:54,16,3,Otoño
101767,LOSARTAN 50MG COM.REC CJAX30UND,GENFAR,0.0,10.0,2.0,2026-03-27 18:24:37,16,3,Otoño
101767,LOSARTAN 50MG COM.REC CJAX30UND,GENFAR,2.0,0.0,12.0,2026-03-27 18:28:37,19,3,Otoño
101767,LOSARTAN 50MG COM.REC CJAX30UND,GENFAR,1.0,0.0,6.0,2026-03-27 20:39:24,4,3,Otoño
101767,LOSARTAN 50MG COM.REC CJAX30UND,GENFAR,0.0,10.0,2.0,2026-03-27 21:05:36,16,3,Otoño
101767,LOSARTAN 50MG COM.REC CJAX30UND,GENFAR,1.0,0.0,6.0,2026-03-28 08:32:29,14,3,Otoño
101767,LOSARTAN 50MG COM.REC CJAX30UND,GENFAR,0.0,10.0,2.0,2026-03-28 08:52:02,3,3,Otoño
101767,LOSARTAN 50MG COM.REC CJAX30UND,GENFAR,2.0,0.0,12.0,2026-03-28 09:09:33,12,3,Otoño
101767,LOSARTAN 50MG COM.REC CJAX30UND,GENFAR,1.0,0.0,6.0,2026-03-28 09:15:27,2,3,Otoño
101767,LOSARTAN 50MG COM.REC CJAX30UND,GENFAR,1.0,0.0,6.0,2026-03-28 09:57:27,14,3,Otoño
101767,LOSARTAN 50MG COM.REC CJAX30UND,GENFAR,1.0,0.0,6.0,2026-03-28 10:00:53,1,3,Otoño
101767,LOSARTAN 50MG COM.REC CJAX30UND,GENFAR,1.0,0.0,6.0,2026-03-28 10:09:20,8,3,Otoño
101767,LOSARTAN 50MG COM.REC CJAX30UND,GENFAR,4.0,0.0,24.0,2026-03-28 11:59:44,10,3,Otoño
101767,LOSARTAN 50MG COM.REC CJAX30UND,GENFAR,0.0,-10.0,-2.0,2026-03-28 12:01:51,16,3,Otoño
101767,LOSARTAN 50MG COM.REC CJAX30UND,GENFAR,1.0,0.0,6.0,2026-03-28 15:49:29,1,3,Otoño
101767,LOSARTAN 50MG COM.REC CJAX30UND,GENFAR,1.0,0.0,6.0,2026-03-28 16:09:00,2,3,Otoño
101767,LOSARTAN 50MG COM.REC CJAX30UND,GENFAR,0.0,10.0,2.0,2026-03-28 17:11:07,3,3,Otoño
101767,LOSARTAN 50MG COM.REC CJAX30UND,GENFAR,2.0,0.0,12.0,2026-03-28 17:19:27,11,3,Otoño
101767,LOSARTAN 50MG COM.REC CJAX30UND,GENFAR,1.0,0.0,6.0,2026-03-28 20:09:15,6,3,Otoño
101767,LOSARTAN 50MG COM.REC CJAX30UND,GENFAR,2.0,0.0,12.0,2026-03-28 20:38:14,9,3,Otoño
101767,LOSARTAN 50MG COM.REC CJAX30UND,GENFAR,1.0,0.0,6.0,2026-03-28 21:02:57,16,3,Otoño
101767,LOSARTAN 50MG COM.REC CJAX30UND,GENFAR,1.0,0.0,6.0,2026-03-28 22:15:20,2,3,Otoño
101767,LOSARTAN 50MG COM.REC CJAX30UND,GENFAR,1.0,0.0,6.0,2026-03-28 22:47:20,14,3,Otoño
101767,LOSARTAN 50MG COM.REC CJAX30UND,GENFAR,2.0,0.0,12.0,2026-03-29 10:52:08,15,3,Otoño
101767,LOSARTAN 50MG COM.REC CJAX30UND,GENFAR,1.0,0.0,6.0,2026-03-29 20:12:47,5,3,Otoño
101767,LOSARTAN 50MG COM.REC CJAX30UND,GENFAR,1.0,0.0,6.0,2026-03-29 20:44:46,11,3,Otoño
101767,LOSARTAN 50MG COM.REC CJAX30UND,GENFAR,0.0,30.0,6.0,2026-03-29 21:10:33,15,3,Otoño
101767,LOSARTAN 50MG COM.REC CJAX30UND,GENFAR,1.0,0.0,6.0,2026-03-29 22:01:26,4,3,Otoño
101767,LOSARTAN 50MG COM.REC CJAX30UND,GENFAR,1.0,0.0,6.0,2026-03-29 22:28:53,5,3,Otoño
101767,LOSARTAN 50MG COM.REC CJAX30UND,GENFAR,0.0,15.0,3.0,2026-03-30 09:28:01,5,3,Otoño
101767,LOSARTAN 50MG COM.REC CJAX30UND,GENFAR,1.0,0.0,6.0,2026-03-30 12:06:30,8,3,Otoño
101767,LOSARTAN 50MG COM.REC CJAX30UND,GENFAR,1.0,0.0,6.0,2026-03-30 14:43:43,3,3,Otoño
101767,LOSARTAN 50MG COM.REC CJAX30UND,GENFAR,1.0,0.0,6.0,2026-03-30 17:49:42,10,3,Otoño
101767,LOSARTAN 50MG COM.REC CJAX30UND,GENFAR,1.0,0.0,6.0,2026-03-30 18:05:11,14,3,Otoño
101767,LOSARTAN 50MG COM.REC CJAX30UND,GENFAR,1.0,0.0,6.0,2026-03-30 18:06:04,2,3,Otoño
101767,LOSARTAN 50MG COM.REC CJAX30UND,GENFAR,1.0,0.0,6.0,2026-03-30 19:07:25,12,3,Otoño
101767,LOSARTAN 50MG COM.REC CJAX30UND,GENFAR,1.0,0.0,6.0,2026-03-30 20:21:47,4,3,Otoño
101767,LOSARTAN 50MG COM.REC CJAX30UND,GENFAR,1.0,0.0,6.0,2026-03-30 22:49:46,5,3,Otoño
101767,LOSARTAN 50MG COM.REC CJAX30UND,GENFAR,1.0,0.0,6.0,2026-03-31 08:24:10,5,3,Otoño
101767,LOSARTAN 50MG COM.REC CJAX30UND,GENFAR,0.0,60.0,12.0,2026-03-31 08:36:33,18,3,Otoño
101767,LOSARTAN 50MG COM.REC CJAX30UND,GENFAR,1.0,0.0,6.0,2026-03-31 09:15:41,5,3,Otoño
101767,LOSARTAN 50MG COM.REC CJAX30UND,GENFAR,1.0,0.0,6.0,2026-03-31 09:50:11,5,3,Otoño
101767,LOSARTAN 50MG COM.REC CJAX30UND,GENFAR,1.0,0.0,6.0,2026-03-31 10:40:30,5,3,Otoño
101767,LOSARTAN 50MG COM.REC CJAX30UND,GENFAR,0.0,10.0,2.0,2026-03-31 13:43:11,7,3,Otoño
101767,LOSARTAN 50MG COM.REC CJAX30UND,GENFAR,1.0,0.0,6.0,2026-03-31 17:43:22,4,3,Otoño
101767,LOSARTAN 50MG COM.REC CJAX30UND,GENFAR,1.0,0.0,6.0,2026-03-31 17:46:35,16,3,Otoño
101767,LOSARTAN 50MG COM.REC CJAX30UND,GENFAR,1.0,0.0,6.0,2026-03-31 17:47:42,5,3,Otoño
101767,LOSARTAN 50MG COM.REC CJAX30UND,GENFAR,1.0,0.0,6.0,2026-03-31 17:57:51,5,3,Otoño
101767,LOSARTAN 50MG COM.REC CJAX30UND,GENFAR,1.0,0.0,6.0,2026-03-31 18:20:05,16,3,Otoño
101767,LOSARTAN 50MG COM.REC CJAX30UND,GENFAR,0.0,14.0,2.8,2026-03-31 18:41:20,1,3,Otoño
101767,LOSARTAN 50MG COM.REC CJAX30UND,GENFAR,1.0,0.0,6.0,2026-03-31 22:28:08,7,3,Otoño
101767,LOSARTAN 50MG COM.REC CJAX30UND,GENFAR,0.0,5.0,1.0,2026-04-01 10:40:31,19,4,Otoño
101767,LOSARTAN 50MG COM.REC CJAX30UND,GENFAR,0.0,5.0,1.0,2026-04-01 11:09:10,11,4,Otoño
101767,LOSARTAN 50MG COM.REC CJAX30UND,GENFAR,1.0,0.0,6.0,2026-04-01 17:15:39,11,4,Otoño
101767,LOSARTAN 50MG COM.REC CJAX30UND,GENFAR,2.0,0.0,12.0,2026-04-01 17:32:12,15,4,Otoño
101767,LOSARTAN 50MG COM.REC CJAX30UND,GENFAR,0.0,1.0,0.2,2026-04-01 19:04:46,4,4,Otoño
101767,LOSARTAN 50MG COM.REC CJAX30UND,GENFAR,2.0,0.0,12.0,2026-04-01 19:15:59,9,4,Otoño
101767,LOSARTAN 50MG COM.REC CJAX30UND,GENFAR,1.0,0.0,6.0,2026-04-01 19:32:59,5,4,Otoño
101767,LOSARTAN 50MG COM.REC CJAX30UND,GENFAR,1.0,0.0,6.0,2026-04-01 19:35:17,3,4,Otoño
101767,LOSARTAN 50MG COM.REC CJAX30UND,GENFAR,0.0,10.0,2.0,2026-04-01 22:36:33,6,4,Otoño
101767,LOSARTAN 50MG COM.REC CJAX30UND,GENFAR,1.0,0.0,6.0,2026-04-02 09:31:38,12,4,Otoño
101767,LOSARTAN 50MG COM.REC CJAX30UND,GENFAR,2.0,0.0,12.0,2026-04-02 09:55:33,5,4,Otoño
101767,LOSARTAN 50MG COM.REC CJAX30UND,GENFAR,1.0,0.0,6.0,2026-04-02 10:13:34,16,4,Otoño
101767,LOSARTAN 50MG COM.REC CJAX30UND,GENFAR,0.0,24.0,4.8,2026-04-02 10:44:17,5,4,Otoño
101767,LOSARTAN 50MG COM.REC CJAX30UND,GENFAR,1.0,0.0,6.0,2026-04-02 11:17:44,12,4,Otoño
101767,LOSARTAN 50MG COM.REC CJAX30UND,GENFAR,1.0,0.0,6.0,2026-04-02 15:16:39,7,4,Otoño
101767,LOSARTAN 50MG COM.REC CJAX30UND,GENFAR,1.0,0.0,6.0,2026-04-02 18:01:14,16,4,Otoño
101767,LOSARTAN 50MG COM.REC CJAX30UND,GENFAR,4.0,0.0,24.0,2026-04-02 20:09:29,2,4,Otoño
101767,LOSARTAN 50MG COM.REC CJAX30UND,GENFAR,-4.0,0.0,-24.0,2026-04-02 20:11:02,2,4,Otoño
101767,LOSARTAN 50MG COM.REC CJAX30UND,GENFAR,3.0,0.0,18.0,2026-04-02 20:11:41,2,4,Otoño
101767,LOSARTAN 50MG COM.REC CJAX30UND,GENFAR,1.0,0.0,6.0,2026-04-02 20:37:41,15,4,Otoño
101767,LOSARTAN 50MG COM.REC CJAX30UND,GENFAR,1.0,0.0,6.0,2026-04-02 20:58:12,14,4,Otoño
101767,LOSARTAN 50MG COM.REC CJAX30UND,GENFAR,1.0,0.0,6.0,2026-04-02 21:00:04,15,4,Otoño
101767,LOSARTAN 50MG COM.REC CJAX30UND,GENFAR,1.0,0.0,6.0,2026-04-02 21:06:36,14,4,Otoño
101767,LOSARTAN 50MG COM.REC CJAX30UND,GENFAR,1.0,0.0,6.0,2026-04-03 13:00:08,3,4,Otoño
101767,LOSARTAN 50MG COM.REC CJAX30UND,GENFAR,2.0,0.0,12.0,2026-04-03 18:04:12,19,4,Otoño
101767,LOSARTAN 50MG COM.REC CJAX30UND,GENFAR,2.0,0.0,12.0,2026-04-03 19:07:55,5,4,Otoño
101767,LOSARTAN 50MG COM.REC CJAX30UND,GENFAR,0.0,1.0,0.2,2026-04-03 19:09:08,15,4,Otoño
101767,LOSARTAN 50MG COM.REC CJAX30UND,GENFAR,1.0,0.0,6.0,2026-04-04 08:39:31,3,4,Otoño
101767,LOSARTAN 50MG COM.REC CJAX30UND,GENFAR,1.0,0.0,6.0,2026-04-04 08:42:31,11,4,Otoño
101767,LOSARTAN 50MG COM.REC CJAX30UND,GENFAR,1.0,0.0,6.0,2026-04-04 10:33:09,3,4,Otoño
101767,LOSARTAN 50MG COM.REC CJAX30UND,GENFAR,1.0,0.0,6.0,2026-04-04 11:57:05,10,4,Otoño
101767,LOSARTAN 50MG COM.REC CJAX30UND,GENFAR,1.0,0.0,6.0,2026-04-04 15:08:05,5,4,Otoño
101767,LOSARTAN 50MG COM.REC CJAX30UND,GENFAR,3.0,0.0,18.0,2026-04-04 16:44:30,10,4,Otoño
101767,LOSARTAN 50MG COM.REC CJAX30UND,GENFAR,1.0,0.0,6.0,2026-04-04 16:55:58,10,4,Otoño
101767,LOSARTAN 50MG COM.REC CJAX30UND,GENFAR,0.0,20.0,4.0,2026-04-04 20:44:13,7,4,Otoño
101767,LOSARTAN 50MG COM.REC CJAX30UND,GENFAR,2.0,0.0,12.0,2026-04-05 08:47:34,1,4,Otoño
101767,LOSARTAN 50MG COM.REC CJAX30UND,GENFAR,0.0,10.0,2.0,2026-04-05 09:39:30,6,4,Otoño
101767,LOSARTAN 50MG COM.REC CJAX30UND,GENFAR,0.0,20.0,4.0,2026-04-05 09:41:28,6,4,Otoño
101767,LOSARTAN 50MG COM.REC CJAX30UND,GENFAR,1.0,0.0,6.0,2026-04-05 11:33:07,15,4,Otoño
101767,LOSARTAN 50MG COM.REC CJAX30UND,GENFAR,1.0,0.0,6.0,2026-04-05 13:19:57,6,4,Otoño
101767,LOSARTAN 50MG COM.REC CJAX30UND,GENFAR,0.0,30.0,6.0,2026-04-05 15:07:58,3,4,Otoño
101767,LOSARTAN 50MG COM.REC CJAX30UND,GENFAR,0.0,20.0,4.0,2026-04-05 17:48:57,6,4,Otoño
101767,LOSARTAN 50MG COM.REC CJAX30UND,GENFAR,1.0,0.0,6.0,2026-04-05 20:29:02,3,4,Otoño
101767,LOSARTAN 50MG COM.REC CJAX30UND,GENFAR,1.0,0.0,6.0,2026-04-06 08:54:24,12,4,Otoño
101767,LOSARTAN 50MG COM.REC CJAX30UND,GENFAR,1.0,0.0,6.0,2026-04-06 10:29:04,14,4,Otoño
101767,LOSARTAN 50MG COM.REC CJAX30UND,GENFAR,-1.0,0.0,-6.0,2026-04-06 10:33:18,14,4,Otoño
101767,LOSARTAN 50MG COM.REC CJAX30UND,GENFAR,1.0,0.0,6.0,2026-04-06 11:46:16,12,4,Otoño
101767,LOSARTAN 50MG COM.REC CJAX30UND,GENFAR,1.0,0.0,6.0,2026-04-06 12:18:30,11,4,Otoño
101767,LOSARTAN 50MG COM.REC CJAX30UND,GENFAR,1.0,0.0,5.7,2026-04-06 15:11:21,3,4,Otoño
101767,LOSARTAN 50MG COM.REC CJAX30UND,GENFAR,1.0,0.0,6.0,2026-04-07 09:09:38,5,4,Otoño
101767,LOSARTAN 50MG COM.REC CJAX30UND,GENFAR,1.0,0.0,6.0,2026-04-07 10:18:37,5,4,Otoño
101767,LOSARTAN 50MG COM.REC CJAX30UND,GENFAR,1.0,0.0,6.0,2026-04-07 10:57:22,5,4,Otoño
101767,LOSARTAN 50MG COM.REC CJAX30UND,GENFAR,1.0,0.0,6.0,2026-04-07 16:09:46,2,4,Otoño
101767,LOSARTAN 50MG COM.REC CJAX30UND,GENFAR,-1.0,0.0,-6.0,2026-04-07 16:19:35,2,4,Otoño
101767,LOSARTAN 50MG COM.REC CJAX30UND,GENFAR,1.0,0.0,6.0,2026-04-07 17:16:51,11,4,Otoño
101767,LOSARTAN 50MG COM.REC CJAX30UND,GENFAR,0.0,20.0,4.0,2026-04-07 21:33:23,19,4,Otoño
101767,LOSARTAN 50MG COM.REC CJAX30UND,GENFAR,1.0,0.0,6.0,2026-04-07 21:33:30,9,4,Otoño
101767,LOSARTAN 50MG COM.REC CJAX30UND,GENFAR,1.0,0.0,6.0,2026-04-08 10:03:07,19,4,Otoño
101767,LOSARTAN 50MG COM.REC CJAX30UND,GENFAR,0.0,8.0,1.6,2026-04-09 08:02:18,15,4,Otoño
101767,LOSARTAN 50MG COM.REC CJAX30UND,GENFAR,1.0,0.0,6.0,2026-04-09 16:43:56,11,4,Otoño
101767,LOSARTAN 50MG COM.REC CJAX30UND,GENFAR,1.0,0.0,6.0,2026-04-09 16:56:20,11,4,Otoño
101767,LOSARTAN 50MG COM.REC CJAX30UND,GENFAR,1.0,0.0,6.0,2026-04-10 22:06:45,4,4,Otoño
101767,LOSARTAN 50MG COM.REC CJAX30UND,GENFAR,-1.0,0.0,-6.0,2026-04-10 22:09:38,4,4,Otoño
101767,LOSARTAN 50MG COM.REC CJAX30UND,GENFAR,0.0,15.0,3.0,2026-04-11 21:20:31,11,4,Otoño
101767,LOSARTAN 50MG COM.REC CJAX30UND,GENFAR,1.0,0.0,6.0,2026-04-12 14:25:00,14,4,Otoño
101767,LOSARTAN 50MG COM.REC CJAX30UND,GENFAR,1.0,0.0,6.0,2026-04-12 14:51:49,14,4,Otoño
101767,LOSARTAN 50MG COM.REC CJAX30UND,GENFAR,0.0,30.0,6.0,2026-04-12 17:31:33,19,4,Otoño
101767,LOSARTAN 50MG COM.REC CJAX30UND,GENFAR,0.0,20.0,4.0,2026-04-12 19:17:56,17,4,Otoño
101767,LOSARTAN 50MG COM.REC CJAX30UND,GENFAR,0.0,-20.0,-4.0,2026-04-12 19:19:47,17,4,Otoño
101767,LOSARTAN 50MG COM.REC CJAX30UND,GENFAR,2.0,0.0,12.0,2026-04-13 08:49:03,13,4,Otoño
101767,LOSARTAN 50MG COM.REC CJAX30UND,GENFAR,1.0,0.0,6.0,2026-04-13 12:26:06,13,4,Otoño
101767,LOSARTAN 50MG COM.REC CJAX30UND,GENFAR,1.0,0.0,6.0,2026-04-13 12:49:36,8,4,Otoño
101767,LOSARTAN 50MG COM.REC CJAX30UND,GENFAR,0.0,30.0,6.0,2026-04-15 09:08:50,19,4,Otoño
101767,LOSARTAN 50MG COM.REC CJAX30UND,GENFAR,1.0,0.0,6.0,2026-04-15 10:23:38,19,4,Otoño
101767,LOSARTAN 50MG COM.REC CJAX30UND,GENFAR,0.0,5.0,1.0,2026-04-15 20:09:31,19,4,Otoño
101767,LOSARTAN 50MG COM.REC CJAX30UND,GENFAR,0.0,10.0,2.0,2026-04-16 11:32:40,1,4,Otoño
101767,LOSARTAN 50MG COM.REC CJAX30UND,GENFAR,0.0,1.0,0.2,2026-04-18 07:42:09,4,4,Otoño
101767,LOSARTAN 50MG COM.REC CJAX30UND,GENFAR,1.0,0.0,6.0,2026-04-18 19:56:30,14,4,Otoño
101767,LOSARTAN 50MG COM.REC CJAX30UND,GENFAR,0.0,5.0,1.0,2026-04-19 11:21:04,1,4,Otoño
101767,LOSARTAN 50MG COM.REC CJAX30UND,GENFAR,2.0,0.0,12.0,2026-04-20 19:37:03,18,4,Otoño
101767,LOSARTAN 50MG COM.REC CJAX30UND,GENFAR,1.0,0.0,6.0,2026-04-20 22:25:47,14,4,Otoño
101767,LOSARTAN 50MG COM.REC CJAX30UND,GENFAR,0.0,5.0,1.0,2026-04-21 16:06:17,4,4,Otoño
101767,LOSARTAN 50MG COM.REC CJAX30UND,GENFAR,0.0,1.0,0.2,2026-04-24 10:02:12,4,4,Otoño
101767,LOSARTAN 50MG COM.REC CJAX30UND,GENFAR,1.0,0.0,6.0,2026-04-27 09:07:08,17,4,Otoño
101767,LOSARTAN 50MG COM.REC CJAX30UND,GENFAR,1.0,0.0,9.0,2026-04-30 21:43:39,10,4,Otoño
101767,LOSARTAN 50MG COM.REC CJAX30UND,GENFAR,1.0,0.0,9.0,2026-04-30 21:55:58,10,4,Otoño
101767,LOSARTAN 50MG COM.REC CJAX30UND,GENFAR,0.0,10.0,3.0,2026-05-01 13:47:38,17,5,Otoño
101767,LOSARTAN 50MG COM.REC CJAX30UND,GENFAR,1.0,0.0,9.0,2026-05-01 20:46:07,15,5,Otoño
101767,LOSARTAN 50MG COM.REC CJAX30UND,GENFAR,0.0,4.0,1.2,2026-05-02 09:01:51,17,5,Otoño
101767,LOSARTAN 50MG COM.REC CJAX30UND,GENFAR,1.0,0.0,9.0,2026-05-02 13:29:10,3,5,Otoño
101767,LOSARTAN 50MG COM.REC CJAX30UND,GENFAR,0.0,30.0,9.0,2026-05-02 19:04:36,5,5,Otoño
101767,LOSARTAN 50MG COM.REC CJAX30UND,GENFAR,1.0,0.0,9.0,2026-05-02 19:05:25,3,5,Otoño
101767,LOSARTAN 50MG COM.REC CJAX30UND,GENFAR,1.0,0.0,9.0,2026-05-02 22:37:01,14,5,Otoño
101767,LOSARTAN 50MG COM.REC CJAX30UND,GENFAR,1.0,0.0,9.0,2026-05-04 08:32:18,5,5,Otoño
101767,LOSARTAN 50MG COM.REC CJAX30UND,GENFAR,1.0,0.0,9.0,2026-05-04 10:07:07,12,5,Otoño
101767,LOSARTAN 50MG COM.REC CJAX30UND,GENFAR,1.0,0.0,9.0,2026-05-04 11:58:23,12,5,Otoño
101767,LOSARTAN 50MG COM.REC CJAX30UND,GENFAR,1.0,0.0,9.0,2026-05-04 20:50:25,12,5,Otoño
101767,LOSARTAN 50MG COM.REC CJAX30UND,GENFAR,1.0,0.0,9.0,2026-05-05 17:48:39,14,5,Otoño
101767,LOSARTAN 50MG COM.REC CJAX30UND,GENFAR,1.0,0.0,9.0,2026-05-05 18:57:14,1,5,Otoño
101767,LOSARTAN 50MG COM.REC CJAX30UND,GENFAR,1.0,0.0,9.0,2026-05-05 19:34:53,8,5,Otoño
101767,LOSARTAN 50MG COM.REC CJAX30UND,GENFAR,1.0,0.0,9.0,2026-05-05 19:59:40,16,5,Otoño
101767,LOSARTAN 50MG COM.REC CJAX30UND,GENFAR,1.0,0.0,9.0,2026-05-05 22:28:56,13,5,Otoño
101767,LOSARTAN 50MG COM.REC CJAX30UND,GENFAR,1.0,0.0,9.0,2026-05-06 07:44:28,2,5,Otoño
101767,LOSARTAN 50MG COM.REC CJAX30UND,GENFAR,1.0,0.0,9.0,2026-05-06 09:43:35,2,5,Otoño
101767,LOSARTAN 50MG COM.REC CJAX30UND,GENFAR,1.0,0.0,9.0,2026-05-06 14:34:45,7,5,Otoño
101767,LOSARTAN 50MG COM.REC CJAX30UND,GENFAR,1.0,0.0,9.0,2026-05-06 16:00:16,5,5,Otoño
101767,LOSARTAN 50MG COM.REC CJAX30UND,GENFAR,1.0,0.0,9.0,2026-05-06 17:29:56,10,5,Otoño
101767,LOSARTAN 50MG COM.REC CJAX30UND,GENFAR,1.0,0.0,9.0,2026-05-06 19:15:39,15,5,Otoño
101767,LOSARTAN 50MG COM.REC CJAX30UND,GENFAR,1.0,0.0,9.0,2026-05-06 20:06:50,8,5,Otoño
101767,LOSARTAN 50MG COM.REC CJAX30UND,GENFAR,1.0,0.0,9.0,2026-05-06 23:17:09,5,5,Otoño
101767,LOSARTAN 50MG COM.REC CJAX30UND,GENFAR,1.0,0.0,9.0,2026-05-07 07:27:14,11,5,Otoño
101767,LOSARTAN 50MG COM.REC CJAX30UND,GENFAR,1.0,0.0,9.0,2026-05-07 13:03:45,13,5,Otoño
101767,LOSARTAN 50MG COM.REC CJAX30UND,GENFAR,1.0,0.0,9.0,2026-05-07 18:31:17,3,5,Otoño
101767,LOSARTAN 50MG COM.REC CJAX30UND,GENFAR,1.0,0.0,9.0,2026-05-07 21:22:43,3,5,Otoño
101767,LOSARTAN 50MG COM.REC CJAX30UND,GENFAR,1.0,0.0,9.0,2026-05-08 11:28:55,2,5,Otoño
101767,LOSARTAN 50MG COM.REC CJAX30UND,GENFAR,1.0,0.0,9.0,2026-05-08 18:12:34,15,5,Otoño
101767,LOSARTAN 50MG COM.REC CJAX30UND,GENFAR,1.0,0.0,9.0,2026-05-08 23:29:34,16,5,Otoño
101767,LOSARTAN 50MG COM.REC CJAX30UND,GENFAR,1.0,0.0,9.0,2026-05-09 08:21:00,7,5,Otoño
101767,LOSARTAN 50MG COM.REC CJAX30UND,GENFAR,1.0,0.0,9.0,2026-05-09 09:45:16,7,5,Otoño
101767,LOSARTAN 50MG COM.REC CJAX30UND,GENFAR,1.0,0.0,9.0,2026-05-10 19:50:51,13,5,Otoño
101767,LOSARTAN 50MG COM.REC CJAX30UND,GENFAR,1.0,0.0,9.0,2026-05-10 20:28:59,9,5,Otoño
101767,LOSARTAN 50MG COM.REC CJAX30UND,GENFAR,1.0,0.0,9.0,2026-05-11 09:28:22,2,5,Otoño
101767,LOSARTAN 50MG COM.REC CJAX30UND,GENFAR,1.0,0.0,9.0,2026-05-11 10:25:21,4,5,Otoño
101767,LOSARTAN 50MG COM.REC CJAX30UND,GENFAR,2.0,0.0,18.0,2026-05-11 10:51:31,1,5,Otoño
101767,LOSARTAN 50MG COM.REC CJAX30UND,GENFAR,0.0,1.0,0.3,2026-05-11 11:28:12,16,5,Otoño
101767,LOSARTAN 50MG COM.REC CJAX30UND,GENFAR,1.0,0.0,9.0,2026-05-11 17:13:11,5,5,Otoño
101767,LOSARTAN 50MG COM.REC CJAX30UND,GENFAR,1.0,0.0,9.0,2026-05-12 08:32:01,12,5,Otoño
101767,LOSARTAN 50MG COM.REC CJAX30UND,GENFAR,1.0,0.0,9.0,2026-05-12 08:41:57,1,5,Otoño
101767,LOSARTAN 50MG COM.REC CJAX30UND,GENFAR,1.0,0.0,9.0,2026-05-12 09:23:37,3,5,Otoño
101767,LOSARTAN 50MG COM.REC CJAX30UND,GENFAR,1.0,0.0,9.0,2026-05-12 10:26:33,10,5,Otoño
101767,LOSARTAN 50MG COM.REC CJAX30UND,GENFAR,1.0,0.0,9.0,2026-05-12 13:33:43,7,5,Otoño
101767,LOSARTAN 50MG COM.REC CJAX30UND,GENFAR,1.0,0.0,9.0,2026-05-12 16:47:06,16,5,Otoño
101767,LOSARTAN 50MG COM.REC CJAX30UND,GENFAR,1.0,0.0,9.0,2026-05-12 22:01:26,12,5,Otoño
101767,LOSARTAN 50MG COM.REC CJAX30UND,GENFAR,1.0,0.0,9.0,2026-05-13 07:10:48,5,5,Otoño
101767,LOSARTAN 50MG COM.REC CJAX30UND,GENFAR,1.0,0.0,9.0,2026-05-13 08:32:40,13,5,Otoño
101767,LOSARTAN 50MG COM.REC CJAX30UND,GENFAR,1.0,0.0,9.0,2026-05-13 10:30:35,15,5,Otoño
101767,LOSARTAN 50MG COM.REC CJAX30UND,GENFAR,2.0,0.0,18.0,2026-05-13 12:07:03,13,5,Otoño
101767,LOSARTAN 50MG COM.REC CJAX30UND,GENFAR,1.0,0.0,9.0,2026-05-13 13:28:32,3,5,Otoño
101767,LOSARTAN 50MG COM.REC CJAX30UND,GENFAR,2.0,0.0,18.0,2026-05-13 16:26:03,7,5,Otoño
101767,LOSARTAN 50MG COM.REC CJAX30UND,GENFAR,1.0,0.0,9.0,2026-05-14 18:25:54,3,5,Otoño
101767,LOSARTAN 50MG COM.REC CJAX30UND,GENFAR,1.0,0.0,9.0,2026-05-14 20:02:42,2,5,Otoño
101767,LOSARTAN 50MG COM.REC CJAX30UND,GENFAR,0.0,2.0,0.6,2026-05-16 18:07:11,4,5,Otoño
101767,LOSARTAN 50MG COM.REC CJAX30UND,GENFAR,1.0,0.0,9.0,2026-05-17 13:37:34,11,5,Otoño
101767,LOSARTAN 50MG COM.REC CJAX30UND,GENFAR,1.0,0.0,9.0,2026-05-17 21:33:59,4,5,Otoño
101767,LOSARTAN 50MG COM.REC CJAX30UND,GENFAR,1.0,0.0,9.0,2026-05-18 12:26:37,5,5,Otoño
101767,LOSARTAN 50MG COM.REC CJAX30UND,GENFAR,1.0,0.0,9.0,2026-05-18 16:33:53,16,5,Otoño
101767,LOSARTAN 50MG COM.REC CJAX30UND,GENFAR,1.0,0.0,9.0,2026-05-18 18:03:35,3,5,Otoño
101767,LOSARTAN 50MG COM.REC CJAX30UND,GENFAR,1.0,0.0,9.0,2026-05-18 20:08:20,9,5,Otoño
101767,LOSARTAN 50MG COM.REC CJAX30UND,GENFAR,1.0,0.0,9.0,2026-05-18 20:23:46,14,5,Otoño
101767,LOSARTAN 50MG COM.REC CJAX30UND,GENFAR,1.0,0.0,9.0,2026-05-18 21:55:20,12,5,Otoño
101767,LOSARTAN 50MG COM.REC CJAX30UND,GENFAR,1.0,0.0,9.0,2026-05-20 10:26:37,5,5,Otoño
101767,LOSARTAN 50MG COM.REC CJAX30UND,GENFAR,2.0,0.0,18.0,2026-05-20 15:39:28,5,5,Otoño
101767,LOSARTAN 50MG COM.REC CJAX30UND,GENFAR,1.0,0.0,9.0,2026-05-21 09:22:29,16,5,Otoño
101767,LOSARTAN 50MG COM.REC CJAX30UND,GENFAR,1.0,0.0,9.0,2026-05-25 07:46:42,12,5,Otoño
101767,LOSARTAN 50MG COM.REC CJAX30UND,GENFAR,1.0,0.0,9.0,2026-05-25 08:31:47,18,5,Otoño
101767,LOSARTAN 50MG COM.REC CJAX30UND,GENFAR,1.0,0.0,9.0,2026-05-25 14:17:33,16,5,Otoño
101767,LOSARTAN 50MG COM.REC CJAX30UND,GENFAR,1.0,0.0,9.0,2026-05-26 18:51:01,5,5,Otoño
101767,LOSARTAN 50MG COM.REC CJAX30UND,GENFAR,0.0,31.0,9.3,2026-05-30 18:28:29,4,5,Otoño
101767,LOSARTAN 50MG COM.REC CJAX30UND,GENFAR,0.0,30.0,9.0,2026-06-02 17:18:04,2,6,Invierno
101767,LOSARTAN 50MG COM.REC CJAX30UND,GENFAR,0.0,16.0,4.8,2026-06-02 20:28:29,17,6,Invierno
101767,LOSARTAN 50MG COM.REC CJAX30UND,GENFAR,1.0,0.0,9.0,2026-06-03 19:16:43,5,6,Invierno
101767,LOSARTAN 50MG COM.REC CJAX30UND,GENFAR,1.0,0.0,9.0,2026-06-04 09:59:10,5,6,Invierno
101767,LOSARTAN 50MG COM.REC CJAX30UND,GENFAR,0.0,10.0,3.0,2026-06-04 10:26:28,2,6,Invierno
101767,LOSARTAN 50MG COM.REC CJAX30UND,GENFAR,1.0,0.0,9.0,2026-06-04 20:00:11,5,6,Invierno
101767,LOSARTAN 50MG COM.REC CJAX30UND,GENFAR,1.0,0.0,9.0,2026-06-05 18:53:40,11,6,Invierno
101767,LOSARTAN 50MG COM.REC CJAX30UND,GENFAR,1.0,0.0,9.0,2026-06-06 07:50:19,14,6,Invierno
101767,LOSARTAN 50MG COM.REC CJAX30UND,GENFAR,1.0,0.0,9.0,2026-06-06 08:59:12,5,6,Invierno
101767,LOSARTAN 50MG COM.REC CJAX30UND,GENFAR,1.0,0.0,9.0,2026-06-06 13:08:20,5,6,Invierno
101767,LOSARTAN 50MG COM.REC CJAX30UND,GENFAR,1.0,0.0,9.0,2026-06-06 13:10:17,5,6,Invierno
101767,LOSARTAN 50MG COM.REC CJAX30UND,GENFAR,1.0,0.0,9.0,2026-06-06 15:13:58,1,6,Invierno
101767,LOSARTAN 50MG COM.REC CJAX30UND,GENFAR,2.0,0.0,18.0,2026-06-06 16:14:51,5,6,Invierno
101767,LOSARTAN 50MG COM.REC CJAX30UND,GENFAR,2.0,0.0,18.0,2026-06-06 19:20:13,2,6,Invierno
101767,LOSARTAN 50MG COM.REC CJAX30UND,GENFAR,1.0,0.0,9.0,2026-06-06 20:28:43,15,6,Invierno
101767,LOSARTAN 50MG COM.REC CJAX30UND,GENFAR,1.0,0.0,9.0,2026-06-07 09:00:23,13,6,Invierno
101767,LOSARTAN 50MG COM.REC CJAX30UND,GENFAR,1.0,0.0,9.0,2026-06-07 12:39:16,5,6,Invierno
101767,LOSARTAN 50MG COM.REC CJAX30UND,GENFAR,2.0,0.0,18.0,2026-06-07 14:33:58,13,6,Invierno
101767,LOSARTAN 50MG COM.REC CJAX30UND,GENFAR,2.0,0.0,18.0,2026-06-07 18:28:33,15,6,Invierno
101767,LOSARTAN 50MG COM.REC CJAX30UND,GENFAR,1.0,0.0,9.0,2026-06-07 21:00:43,4,6,Invierno
101767,LOSARTAN 50MG COM.REC CJAX30UND,GENFAR,1.0,0.0,9.0,2026-06-08 10:42:27,7,6,Invierno
101767,LOSARTAN 50MG COM.REC CJAX30UND,GENFAR,2.0,0.0,18.0,2026-06-08 10:49:09,1,6,Invierno
101767,LOSARTAN 50MG COM.REC CJAX30UND,GENFAR,1.0,0.0,9.0,2026-06-08 13:32:29,2,6,Invierno
101767,LOSARTAN 50MG COM.REC CJAX30UND,GENFAR,1.0,0.0,9.0,2026-06-08 19:18:53,11,6,Invierno
101767,LOSARTAN 50MG COM.REC CJAX30UND,GENFAR,1.0,0.0,9.0,2026-06-09 11:25:45,6,6,Invierno
101767,LOSARTAN 50MG COM.REC CJAX30UND,GENFAR,1.0,0.0,9.0,2026-06-09 11:37:21,11,6,Invierno
101767,LOSARTAN 50MG COM.REC CJAX30UND,GENFAR,0.0,60.0,18.0,2026-06-09 12:28:37,1,6,Invierno
101767,LOSARTAN 50MG COM.REC CJAX30UND,GENFAR,1.0,0.0,9.0,2026-06-09 14:00:05,15,6,Invierno
101767,LOSARTAN 50MG COM.REC CJAX30UND,GENFAR,1.0,0.0,9.0,2026-06-09 14:40:14,6,6,Invierno
101767,LOSARTAN 50MG COM.REC CJAX30UND,GENFAR,1.0,0.0,9.0,2026-06-09 16:07:59,1,6,Invierno
101767,LOSARTAN 50MG COM.REC CJAX30UND,GENFAR,1.0,0.0,9.0,2026-06-09 17:59:37,15,6,Invierno
101767,LOSARTAN 50MG COM.REC CJAX30UND,GENFAR,1.0,0.0,9.0,2026-06-10 10:49:23,6,6,Invierno
101767,LOSARTAN 50MG COM.REC CJAX30UND,GENFAR,1.0,0.0,9.0,2026-06-10 11:57:15,16,6,Invierno
101767,LOSARTAN 50MG COM.REC CJAX30UND,GENFAR,1.0,0.0,9.0,2026-06-10 12:54:54,2,6,Invierno
101767,LOSARTAN 50MG COM.REC CJAX30UND,GENFAR,1.0,0.0,9.0,2026-06-10 21:14:41,15,6,Invierno
101767,LOSARTAN 50MG COM.REC CJAX30UND,GENFAR,1.0,0.0,9.0,2026-06-11 07:57:36,4,6,Invierno
101767,LOSARTAN 50MG COM.REC CJAX30UND,GENFAR,0.0,15.0,4.5,2026-06-11 10:37:48,5,6,Invierno
101767,LOSARTAN 50MG COM.REC CJAX30UND,GENFAR,1.0,0.0,9.0,2026-06-11 10:55:38,2,6,Invierno
101767,LOSARTAN 50MG COM.REC CJAX30UND,GENFAR,1.0,0.0,9.0,2026-06-11 12:16:23,3,6,Invierno
101767,LOSARTAN 50MG COM.REC CJAX30UND,GENFAR,1.0,0.0,9.0,2026-06-11 12:19:11,1,6,Invierno
101767,LOSARTAN 50MG COM.REC CJAX30UND,GENFAR,1.0,0.0,9.0,2026-06-11 12:41:10,12,6,Invierno
101767,LOSARTAN 50MG COM.REC CJAX30UND,GENFAR,1.0,0.0,9.0,2026-06-11 17:54:17,11,6,Invierno
101767,LOSARTAN 50MG COM.REC CJAX30UND,GENFAR,1.0,0.0,9.0,2026-06-11 18:41:17,15,6,Invierno
101767,LOSARTAN 50MG COM.REC CJAX30UND,GENFAR,1.0,0.0,9.0,2026-06-11 22:25:58,10,6,Invierno
101767,LOSARTAN 50MG COM.REC CJAX30UND,GENFAR,1.0,0.0,9.0,2026-06-12 08:27:39,6,6,Invierno
101767,LOSARTAN 50MG COM.REC CJAX30UND,GENFAR,1.0,0.0,9.0,2026-06-12 11:31:27,3,6,Invierno
101767,LOSARTAN 50MG COM.REC CJAX30UND,GENFAR,0.0,10.0,3.0,2026-06-12 12:50:43,4,6,Invierno
101767,LOSARTAN 50MG COM.REC CJAX30UND,GENFAR,1.0,0.0,9.0,2026-06-12 14:51:26,16,6,Invierno
101767,LOSARTAN 50MG COM.REC CJAX30UND,GENFAR,1.0,0.0,9.0,2026-06-13 11:19:02,8,6,Invierno
101767,LOSARTAN 50MG COM.REC CJAX30UND,GENFAR,1.0,0.0,9.0,2026-06-13 11:27:12,5,6,Invierno
101767,LOSARTAN 50MG COM.REC CJAX30UND,GENFAR,0.0,10.0,3.0,2026-06-13 11:40:55,9,6,Invierno
101767,LOSARTAN 50MG COM.REC CJAX30UND,GENFAR,0.0,30.0,9.0,2026-06-13 16:57:38,18,6,Invierno
101767,LOSARTAN 50MG COM.REC CJAX30UND,GENFAR,0.0,20.0,6.0,2026-06-13 18:20:26,8,6,Invierno
101767,LOSARTAN 50MG COM.REC CJAX30UND,GENFAR,0.0,10.0,3.0,2026-06-13 18:22:15,8,6,Invierno
101767,LOSARTAN 50MG COM.REC CJAX30UND,GENFAR,1.0,0.0,9.0,2026-06-14 12:13:24,13,6,Invierno
101767,LOSARTAN 50MG COM.REC CJAX30UND,GENFAR,1.0,0.0,9.0,2026-06-14 18:36:09,12,6,Invierno
101767,LOSARTAN 50MG COM.REC CJAX30UND,GENFAR,2.0,0.0,18.0,2026-06-15 18:51:39,10,6,Invierno
101767,LOSARTAN 50MG COM.REC CJAX30UND,GENFAR,1.0,0.0,9.0,2026-06-15 19:08:47,8,6,Invierno
101767,LOSARTAN 50MG COM.REC CJAX30UND,GENFAR,1.0,0.0,9.0,2026-06-15 19:57:11,9,6,Invierno
101767,LOSARTAN 50MG COM.REC CJAX30UND,GENFAR,1.0,0.0,9.0,2026-06-17 19:26:48,15,6,Invierno
101767,LOSARTAN 50MG COM.REC CJAX30UND,GENFAR,1.0,0.0,9.0,2026-06-17 21:41:39,15,6,Invierno
101767,LOSARTAN 50MG COM.REC CJAX30UND,GENFAR,1.0,0.0,9.0,2026-06-17 22:54:26,4,6,Invierno
101767,LOSARTAN 50MG COM.REC CJAX30UND,GENFAR,1.0,0.0,9.0,2026-06-18 16:11:23,5,6,Invierno
101767,LOSARTAN 50MG COM.REC CJAX30UND,GENFAR,1.0,0.0,9.0,2026-06-18 16:21:17,17,6,Invierno
101767,LOSARTAN 50MG COM.REC CJAX30UND,GENFAR,1.0,0.0,9.0,2026-06-18 17:49:47,2,6,Invierno
101767,LOSARTAN 50MG COM.REC CJAX30UND,GENFAR,1.0,0.0,9.0,2026-06-18 20:04:53,3,6,Invierno
101767,LOSARTAN 50MG COM.REC CJAX30UND,GENFAR,0.0,15.0,4.5,2026-06-18 20:07:54,5,6,Invierno
101767,LOSARTAN 50MG COM.REC CJAX30UND,GENFAR,1.0,0.0,9.0,2026-06-18 21:43:01,15,6,Invierno
101767,LOSARTAN 50MG COM.REC CJAX30UND,GENFAR,1.0,0.0,9.0,2026-06-19 10:44:14,19,6,Invierno
101767,LOSARTAN 50MG COM.REC CJAX30UND,GENFAR,1.0,0.0,9.0,2026-06-20 10:27:21,4,6,Invierno
101767,LOSARTAN 50MG COM.REC CJAX30UND,GENFAR,1.0,0.0,9.0,2026-06-20 19:32:56,17,6,Invierno
101767,LOSARTAN 50MG COM.REC CJAX30UND,GENFAR,1.0,0.0,9.0,2026-06-21 07:42:51,13,6,Invierno
101767,LOSARTAN 50MG COM.REC CJAX30UND,GENFAR,1.0,0.0,9.0,2026-06-21 11:40:25,2,6,Invierno
101767,LOSARTAN 50MG COM.REC CJAX30UND,GENFAR,1.0,0.0,9.0,2026-06-21 16:01:47,12,6,Invierno
101767,LOSARTAN 50MG COM.REC CJAX30UND,GENFAR,0.0,10.0,3.0,2026-06-21 21:38:24,4,6,Invierno
101767,LOSARTAN 50MG COM.REC CJAX30UND,GENFAR,1.0,0.0,9.0,2026-06-21 22:50:44,7,6,Invierno
101767,LOSARTAN 50MG COM.REC CJAX30UND,GENFAR,1.0,0.0,9.0,2026-06-22 11:12:45,19,6,Invierno
101767,LOSARTAN 50MG COM.REC CJAX30UND,GENFAR,1.0,0.0,9.0,2026-06-22 13:49:34,12,6,Invierno
101767,LOSARTAN 50MG COM.REC CJAX30UND,GENFAR,1.0,0.0,9.0,2026-06-22 20:35:39,3,6,Invierno
101767,LOSARTAN 50MG COM.REC CJAX30UND,GENFAR,1.0,0.0,9.0,2026-06-23 15:36:04,2,6,Invierno
101767,LOSARTAN 50MG COM.REC CJAX30UND,GENFAR,1.0,0.0,9.0,2026-06-24 15:01:15,8,6,Invierno
101767,LOSARTAN 50MG COM.REC CJAX30UND,GENFAR,1.0,0.0,9.0,2026-06-25 10:47:17,2,6,Invierno
101767,LOSARTAN 50MG COM.REC CJAX30UND,GENFAR,1.0,0.0,9.0,2026-06-25 13:01:28,9,6,Invierno
101767,LOSARTAN 50MG COM.REC CJAX30UND,GENFAR,1.0,0.0,9.0,2026-06-25 15:28:52,9,6,Invierno
101767,LOSARTAN 50MG COM.REC CJAX30UND,GENFAR,2.0,0.0,18.0,2026-06-25 18:07:15,8,6,Invierno
101767,LOSARTAN 50MG COM.REC CJAX30UND,GENFAR,1.0,0.0,9.0,2026-06-26 19:49:19,19,6,Invierno
101767,LOSARTAN 50MG COM.REC CJAX30UND,GENFAR,1.0,0.0,9.0,2026-06-28 08:15:09,10,6,Invierno
101767,LOSARTAN 50MG COM.REC CJAX30UND,GENFAR,1.0,0.0,9.0,2026-06-28 20:54:58,12,6,Invierno
101767,LOSARTAN 50MG COM.REC CJAX30UND,GENFAR,0.0,10.0,3.0,2026-06-29 09:38:51,2,6,Invierno
101767,LOSARTAN 50MG COM.REC CJAX30UND,GENFAR,1.0,0.0,9.0,2026-06-29 17:51:17,9,6,Invierno
101767,LOSARTAN 50MG COM.REC CJAX30UND,GENFAR,1.0,0.0,9.0,2026-07-01 15:36:52,14,7,Invierno
101767,LOSARTAN 50MG COM.REC CJAX30UND,GENFAR,1.0,0.0,9.0,2026-07-01 19:49:09,12,7,Invierno
101767,LOSARTAN 50MG COM.REC CJAX30UND,GENFAR,2.0,0.0,17.8,2026-07-02 18:25:13,14,7,Invierno
101767,LOSARTAN 50MG COM.REC CJAX30UND,GENFAR,1.0,0.0,8.9,2026-07-03 21:04:29,4,7,Invierno
101767,LOSARTAN 50MG COM.REC CJAX30UND,GENFAR,1.0,0.0,8.9,2026-07-04 18:08:13,2,7,Invierno
101767,LOSARTAN 50MG COM.REC CJAX30UND,GENFAR,0.0,20.0,6.0,2026-07-05 18:36:34,4,7,Invierno
101767,LOSARTAN 50MG COM.REC CJAX30UND,GENFAR,1.0,0.0,8.9,2026-07-05 21:27:19,14,7,Invierno
101767,LOSARTAN 50MG COM.REC CJAX30UND,GENFAR,1.0,0.0,8.9,2026-07-06 08:44:39,4,7,Invierno
101767,LOSARTAN 50MG COM.REC CJAX30UND,GENFAR,1.0,0.0,8.9,2026-07-06 11:23:43,16,7,Invierno
101767,LOSARTAN 50MG COM.REC CJAX30UND,GENFAR,1.0,0.0,8.9,2026-07-06 14:14:08,7,7,Invierno
101767,LOSARTAN 50MG COM.REC CJAX30UND,GENFAR,1.0,0.0,8.9,2026-07-06 16:48:03,12,7,Invierno
101767,LOSARTAN 50MG COM.REC CJAX30UND,GENFAR,1.0,0.0,8.9,2026-07-06 19:22:28,2,7,Invierno
101767,LOSARTAN 50MG COM.REC CJAX30UND,GENFAR,1.0,0.0,8.9,2026-07-06 21:14:37,12,7,Invierno
101767,LOSARTAN 50MG COM.REC CJAX30UND,GENFAR,1.0,0.0,8.9,2026-07-06 21:22:57,11,7,Invierno
101767,LOSARTAN 50MG COM.REC CJAX30UND,GENFAR,1.0,0.0,8.9,2026-07-07 08:13:05,7,7,Invierno
101767,LOSARTAN 50MG COM.REC CJAX30UND,GENFAR,1.0,0.0,8.9,2026-07-07 09:53:01,4,7,Invierno
101767,LOSARTAN 50MG COM.REC CJAX30UND,GENFAR,1.0,0.0,8.9,2026-07-07 13:21:00,10,7,Invierno
101767,LOSARTAN 50MG COM.REC CJAX30UND,GENFAR,0.0,10.0,3.0,2026-07-07 13:28:53,8,7,Invierno
101767,LOSARTAN 50MG COM.REC CJAX30UND,GENFAR,0.0,10.0,3.0,2026-07-07 13:30:04,8,7,Invierno
101767,LOSARTAN 50MG COM.REC CJAX30UND,GENFAR,1.0,0.0,8.9,2026-07-07 17:50:26,2,7,Invierno
101767,LOSARTAN 50MG COM.REC CJAX30UND,GENFAR,1.0,0.0,8.9,2026-07-07 19:20:19,14,7,Invierno
101767,LOSARTAN 50MG COM.REC CJAX30UND,GENFAR,2.0,0.0,17.8,2026-07-07 19:49:10,15,7,Invierno
101767,LOSARTAN 50MG COM.REC CJAX30UND,GENFAR,1.0,0.0,8.9,2026-07-07 21:05:19,16,7,Invierno
101767,LOSARTAN 50MG COM.REC CJAX30UND,GENFAR,1.0,0.0,8.9,2026-07-07 21:32:56,8,7,Invierno
101767,LOSARTAN 50MG COM.REC CJAX30UND,GENFAR,1.0,0.0,8.9,2026-07-08 07:59:06,14,7,Invierno
101767,LOSARTAN 50MG COM.REC CJAX30UND,GENFAR,1.0,0.0,8.9,2026-07-08 08:43:43,8,7,Invierno
101767,LOSARTAN 50MG COM.REC CJAX30UND,GENFAR,1.0,0.0,8.9,2026-07-08 08:57:43,5,7,Invierno
101767,LOSARTAN 50MG COM.REC CJAX30UND,GENFAR,1.0,0.0,8.9,2026-07-08 09:52:53,5,7,Invierno
101767,LOSARTAN 50MG COM.REC CJAX30UND,GENFAR,1.0,0.0,8.9,2026-07-08 10:06:20,3,7,Invierno
101767,LOSARTAN 50MG COM.REC CJAX30UND,GENFAR,0.0,10.0,3.0,2026-07-08 11:14:20,2,7,Invierno
101767,LOSARTAN 50MG COM.REC CJAX30UND,GENFAR,0.0,10.0,3.0,2026-07-08 11:16:07,2,7,Invierno
101767,LOSARTAN 50MG COM.REC CJAX30UND,GENFAR,0.0,20.0,6.0,2026-07-08 11:28:41,11,7,Invierno
101767,LOSARTAN 50MG COM.REC CJAX30UND,GENFAR,1.0,0.0,8.9,2026-07-08 12:39:18,2,7,Invierno
101767,LOSARTAN 50MG COM.REC CJAX30UND,GENFAR,1.0,0.0,8.9,2026-07-08 17:07:22,2,7,Invierno
101767,LOSARTAN 50MG COM.REC CJAX30UND,GENFAR,1.0,0.0,8.9,2026-07-08 18:48:51,1,7,Invierno
101767,LOSARTAN 50MG COM.REC CJAX30UND,GENFAR,1.0,0.0,8.9,2026-07-08 19:39:45,8,7,Invierno
101767,LOSARTAN 50MG COM.REC CJAX30UND,GENFAR,0.0,5.0,1.5,2026-07-08 21:11:34,11,7,Invierno
101767,LOSARTAN 50MG COM.REC CJAX30UND,GENFAR,2.0,0.0,17.8,2026-07-08 22:07:36,3,7,Invierno
101767,LOSARTAN 50MG COM.REC CJAX30UND,GENFAR,2.0,0.0,17.8,2026-07-09 09:21:08,1,7,Invierno
101767,LOSARTAN 50MG COM.REC CJAX30UND,GENFAR,1.0,0.0,8.9,2026-07-09 09:52:48,13,7,Invierno
101767,LOSARTAN 50MG COM.REC CJAX30UND,GENFAR,3.0,0.0,26.7,2026-07-09 11:56:16,1,7,Invierno
101767,LOSARTAN 50MG COM.REC CJAX30UND,GENFAR,1.0,0.0,8.9,2026-07-10 18:32:06,2,7,Invierno
101767,LOSARTAN 50MG COM.REC CJAX30UND,GENFAR,2.0,0.0,17.8,2026-07-10 19:03:19,3,7,Invierno
101767,LOSARTAN 50MG COM.REC CJAX30UND,GENFAR,1.0,0.0,8.9,2026-07-10 19:44:05,3,7,Invierno
101767,LOSARTAN 50MG COM.REC CJAX30UND,GENFAR,1.0,0.0,8.9,2026-07-10 23:30:39,5,7,Invierno
101767,LOSARTAN 50MG COM.REC CJAX30UND,GENFAR,1.0,0.0,8.9,2026-07-11 08:54:48,1,7,Invierno
101767,LOSARTAN 50MG COM.REC CJAX30UND,GENFAR,2.0,0.0,17.8,2026-07-11 09:11:13,13,7,Invierno
101767,LOSARTAN 50MG COM.REC CJAX30UND,GENFAR,0.0,10.0,3.0,2026-07-11 15:29:05,15,7,Invierno
101767,LOSARTAN 50MG COM.REC CJAX30UND,GENFAR,0.0,-10.0,-3.0,2026-07-11 15:32:23,15,7,Invierno
101767,LOSARTAN 50MG COM.REC CJAX30UND,GENFAR,0.0,120.0,36.0,2026-07-11 17:50:28,12,7,Invierno
101767,LOSARTAN 50MG COM.REC CJAX30UND,GENFAR,1.0,0.0,8.9,2026-07-11 19:37:34,2,7,Invierno
101767,LOSARTAN 50MG COM.REC CJAX30UND,GENFAR,1.0,0.0,8.9,2026-07-12 10:38:51,13,7,Invierno
101767,LOSARTAN 50MG COM.REC CJAX30UND,GENFAR,0.0,10.0,3.0,2026-07-12 15:42:45,9,7,Invierno
101767,LOSARTAN 50MG COM.REC CJAX30UND,GENFAR,1.0,0.0,8.9,2026-07-12 16:53:30,6,7,Invierno
101767,LOSARTAN 50MG COM.REC CJAX30UND,GENFAR,1.0,0.0,8.9,2026-07-12 20:11:24,15,7,Invierno
101767,LOSARTAN 50MG COM.REC CJAX30UND,GENFAR,1.0,0.0,8.9,2026-07-13 14:42:46,16,7,Invierno
101767,LOSARTAN 50MG COM.REC CJAX30UND,GENFAR,1.0,0.0,8.9,2026-07-13 15:55:53,2,7,Invierno
101767,LOSARTAN 50MG COM.REC CJAX30UND,GENFAR,1.0,0.0,8.9,2026-07-13 16:38:31,11,7,Invierno
101767,LOSARTAN 50MG COM.REC CJAX30UND,GENFAR,1.0,0.0,8.9,2026-07-13 17:51:28,7,7,Invierno
101767,LOSARTAN 50MG COM.REC CJAX30UND,GENFAR,1.0,0.0,8.9,2026-07-13 18:58:54,11,7,Invierno
101767,LOSARTAN 50MG COM.REC CJAX30UND,GENFAR,1.0,0.0,8.9,2026-07-14 10:50:53,2,7,Invierno
101767,LOSARTAN 50MG COM.REC CJAX30UND,GENFAR,1.0,0.0,8.9,2026-07-14 11:11:38,13,7,Invierno
101767,LOSARTAN 50MG COM.REC CJAX30UND,GENFAR,2.0,0.0,17.8,2026-07-14 11:12:40,13,7,Invierno
101767,LOSARTAN 50MG COM.REC CJAX30UND,GENFAR,0.0,10.0,3.0,2026-07-14 11:39:25,11,7,Invierno
101767,LOSARTAN 50MG COM.REC CJAX30UND,GENFAR,1.0,0.0,8.9,2026-07-14 13:17:26,5,7,Invierno
101767,LOSARTAN 50MG COM.REC CJAX30UND,GENFAR,0.0,30.0,9.0,2026-07-14 19:24:43,7,7,Invierno
101767,LOSARTAN 50MG COM.REC CJAX30UND,GENFAR,0.0,30.0,9.0,2026-07-14 21:49:13,7,7,Invierno
101767,LOSARTAN 50MG COM.REC CJAX30UND,GENFAR,1.0,0.0,8.9,2026-07-14 21:49:16,2,7,Invierno
101767,LOSARTAN 50MG COM.REC CJAX30UND,GENFAR,1.0,0.0,8.9,2026-07-15 09:00:05,11,7,Invierno
101767,LOSARTAN 50MG COM.REC CJAX30UND,GENFAR,1.0,0.0,8.9,2026-07-15 10:32:12,2,7,Invierno
101767,LOSARTAN 50MG COM.REC CJAX30UND,GENFAR,1.0,0.0,8.9,2026-07-15 10:44:30,4,7,Invierno
101767,LOSARTAN 50MG COM.REC CJAX30UND,GENFAR,1.0,0.0,8.9,2026-07-15 11:04:08,11,7,Invierno
101767,LOSARTAN 50MG COM.REC CJAX30UND,GENFAR,1.0,0.0,8.9,2026-07-15 11:27:11,2,7,Invierno
101767,LOSARTAN 50MG COM.REC CJAX30UND,GENFAR,1.0,0.0,8.9,2026-07-15 17:13:25,14,7,Invierno
101767,LOSARTAN 50MG COM.REC CJAX30UND,GENFAR,1.0,0.0,8.9,2026-07-15 21:50:54,16,7,Invierno
101767,LOSARTAN 50MG COM.REC CJAX30UND,GENFAR,1.0,0.0,8.9,2026-07-15 21:53:06,2,7,Invierno
101767,LOSARTAN 50MG COM.REC CJAX30UND,GENFAR,1.0,0.0,8.9,2026-07-16 08:20:21,5,7,Invierno
101767,LOSARTAN 50MG COM.REC CJAX30UND,GENFAR,1.0,0.0,8.9,2026-07-16 08:59:53,17,7,Invierno
101767,LOSARTAN 50MG COM.REC CJAX30UND,GENFAR,1.0,0.0,8.9,2026-07-16 10:53:39,8,7,Invierno
101767,LOSARTAN 50MG COM.REC CJAX30UND,GENFAR,1.0,0.0,8.9,2026-07-16 14:17:30,9,7,Invierno
101767,LOSARTAN 50MG COM.REC CJAX30UND,GENFAR,1.0,0.0,8.9,2026-07-16 17:48:01,8,7,Invierno
101767,LOSARTAN 50MG COM.REC CJAX30UND,GENFAR,0.0,10.0,3.0,2026-07-16 18:07:09,7,7,Invierno
101767,LOSARTAN 50MG COM.REC CJAX30UND,GENFAR,1.0,0.0,8.9,2026-07-16 19:21:07,2,7,Invierno
101767,LOSARTAN 50MG COM.REC CJAX30UND,GENFAR,2.0,0.0,17.8,2026-07-17 08:51:09,15,7,Invierno
101767,LOSARTAN 50MG COM.REC CJAX30UND,GENFAR,1.0,0.0,8.9,2026-07-17 09:02:50,6,7,Invierno
101767,LOSARTAN 50MG COM.REC CJAX30UND,GENFAR,1.0,0.0,8.9,2026-07-17 10:49:08,6,7,Invierno
101767,LOSARTAN 50MG COM.REC CJAX30UND,GENFAR,1.0,0.0,8.9,2026-07-17 19:35:48,15,7,Invierno
101767,LOSARTAN 50MG COM.REC CJAX30UND,GENFAR,1.0,0.0,8.9,2026-07-17 20:56:31,2,7,Invierno
101767,LOSARTAN 50MG COM.REC CJAX30UND,GENFAR,1.0,0.0,8.9,2026-07-18 09:13:19,5,7,Invierno
101767,LOSARTAN 50MG COM.REC CJAX30UND,GENFAR,1.0,0.0,8.9,2026-07-18 10:22:09,1,7,Invierno
101767,LOSARTAN 50MG COM.REC CJAX30UND,GENFAR,1.0,0.0,8.9,2026-07-18 13:17:19,3,7,Invierno
101767,LOSARTAN 50MG COM.REC CJAX30UND,GENFAR,1.0,0.0,8.9,2026-07-18 21:40:07,2,7,Invierno
101767,LOSARTAN 50MG COM.REC CJAX30UND,GENFAR,0.0,30.0,9.0,2026-07-19 09:45:56,7,7,Invierno
101767,LOSARTAN 50MG COM.REC CJAX30UND,GENFAR,1.0,0.0,8.9,2026-07-19 19:38:20,15,7,Invierno
101767,LOSARTAN 50MG COM.REC CJAX30UND,GENFAR,1.0,0.0,8.9,2026-07-19 20:04:46,8,7,Invierno
101767,LOSARTAN 50MG COM.REC CJAX30UND,GENFAR,1.0,0.0,8.9,2026-07-20 07:45:13,6,7,Invierno
101767,LOSARTAN 50MG COM.REC CJAX30UND,GENFAR,1.0,0.0,8.9,2026-07-20 09:46:17,2,7,Invierno
101767,LOSARTAN 50MG COM.REC CJAX30UND,GENFAR,1.0,0.0,8.9,2026-07-20 10:30:12,10,7,Invierno
101767,LOSARTAN 50MG COM.REC CJAX30UND,GENFAR,-1.0,0.0,-8.9,2026-07-20 14:01:49,2,7,Invierno
101767,LOSARTAN 50MG COM.REC CJAX30UND,GENFAR,1.0,0.0,8.9,2026-07-20 15:52:28,2,7,Invierno
101767,LOSARTAN 50MG COM.REC CJAX30UND,GENFAR,1.0,0.0,8.9,2026-07-20 19:15:18,11,7,Invierno
101767,LOSARTAN 50MG COM.REC CJAX30UND,GENFAR,1.0,0.0,8.9,2026-07-20 19:20:42,5,7,Invierno
101767,LOSARTAN 50MG COM.REC CJAX30UND,GENFAR,1.0,0.0,8.9,2026-07-20 21:44:38,14,7,Invierno
101767,LOSARTAN 50MG COM.REC CJAX30UND,GENFAR,0.0,10.0,3.0,2026-07-20 22:28:08,2,7,Invierno
101767,LOSARTAN 50MG COM.REC CJAX30UND,GENFAR,0.0,10.0,3.0,2026-07-21 08:09:10,6,7,Invierno
101767,LOSARTAN 50MG COM.REC CJAX30UND,GENFAR,0.0,20.0,6.0,2026-07-21 08:10:16,6,7,Invierno
101767,LOSARTAN 50MG COM.REC CJAX30UND,GENFAR,5.0,0.0,44.5,2026-07-21 08:52:44,1,7,Invierno
101767,LOSARTAN 50MG COM.REC CJAX30UND,GENFAR,2.0,0.0,17.8,2026-07-21 10:29:24,5,7,Invierno
101767,LOSARTAN 50MG COM.REC CJAX30UND,GENFAR,1.0,0.0,8.9,2026-07-21 10:44:29,10,7,Invierno
101767,LOSARTAN 50MG COM.REC CJAX30UND,GENFAR,1.0,0.0,8.9,2026-07-21 15:15:34,12,7,Invierno
101767,LOSARTAN 50MG COM.REC CJAX30UND,GENFAR,2.0,0.0,17.8,2026-07-21 16:12:08,6,7,Invierno
101767,LOSARTAN 50MG COM.REC CJAX30UND,GENFAR,1.0,0.0,8.9,2026-07-21 19:50:59,4,7,Invierno
101767,LOSARTAN 50MG COM.REC CJAX30UND,GENFAR,0.0,10.0,3.0,2026-07-21 21:32:16,19,7,Invierno
101767,LOSARTAN 50MG COM.REC CJAX30UND,GENFAR,1.0,0.0,8.9,2026-07-22 11:15:43,4,7,Invierno
101767,LOSARTAN 50MG COM.REC CJAX30UND,GENFAR,1.0,0.0,8.9,2026-07-22 13:01:49,17,7,Invierno
101767,LOSARTAN 50MG COM.REC CJAX30UND,GENFAR,5.0,0.0,44.5,2026-07-22 14:04:16,10,7,Invierno
101767,LOSARTAN 50MG COM.REC CJAX30UND,GENFAR,1.0,0.0,8.9,2026-07-22 15:13:03,7,7,Invierno
101767,LOSARTAN 50MG COM.REC CJAX30UND,GENFAR,1.0,0.0,8.9,2026-07-22 16:38:25,16,7,Invierno
101767,LOSARTAN 50MG COM.REC CJAX30UND,GENFAR,0.0,15.0,4.5,2026-07-22 21:06:10,10,7,Invierno
101767,LOSARTAN 50MG COM.REC CJAX30UND,GENFAR,1.0,0.0,8.9,2026-07-23 12:48:46,9,7,Invierno
101767,LOSARTAN 50MG COM.REC CJAX30UND,GENFAR,1.0,0.0,8.9,2026-07-23 18:01:35,2,7,Invierno
101767,LOSARTAN 50MG COM.REC CJAX30UND,GENFAR,1.0,0.0,8.9,2026-07-23 19:25:59,5,7,Invierno
101767,LOSARTAN 50MG COM.REC CJAX30UND,GENFAR,2.0,0.0,17.8,2026-07-23 21:30:28,15,7,Invierno
101767,LOSARTAN 50MG COM.REC CJAX30UND,GENFAR,1.0,0.0,8.9,2026-07-24 07:28:52,4,7,Invierno
101767,LOSARTAN 50MG COM.REC CJAX30UND,GENFAR,1.0,0.0,8.9,2026-07-24 07:59:00,13,7,Invierno
101767,LOSARTAN 50MG COM.REC CJAX30UND,GENFAR,1.0,0.0,8.9,2026-07-24 08:49:47,8,7,Invierno
101767,LOSARTAN 50MG COM.REC CJAX30UND,GENFAR,0.0,10.0,3.0,2026-07-24 11:31:32,12,7,Invierno
101767,LOSARTAN 50MG COM.REC CJAX30UND,GENFAR,1.0,0.0,8.9,2026-07-24 17:47:31,17,7,Invierno
101767,LOSARTAN 50MG COM.REC CJAX30UND,GENFAR,1.0,0.0,8.9,2026-07-24 20:16:05,16,7,Invierno
101767,LOSARTAN 50MG COM.REC CJAX30UND,GENFAR,1.0,0.0,8.9,2026-07-25 17:36:33,6,7,Invierno
101767,LOSARTAN 50MG COM.REC CJAX30UND,GENFAR,1.0,0.0,8.9,2026-07-25 21:23:35,5,7,Invierno
101767,LOSARTAN 50MG COM.REC CJAX30UND,GENFAR,1.0,0.0,8.9,2026-07-25 22:26:34,4,7,Invierno
101767,LOSARTAN 50MG COM.REC CJAX30UND,GENFAR,1.0,0.0,8.9,2026-07-25 23:23:41,5,7,Invierno
101767,LOSARTAN 50MG COM.REC CJAX30UND,GENFAR,2.0,0.0,17.8,2026-07-26 09:54:17,3,7,Invierno
101767,LOSARTAN 50MG COM.REC CJAX30UND,GENFAR,2.0,0.0,17.8,2026-07-26 15:08:55,2,7,Invierno
101767,LOSARTAN 50MG COM.REC CJAX30UND,GENFAR,1.0,0.0,8.9,2026-07-26 18:54:52,17,7,Invierno
101767,LOSARTAN 50MG COM.REC CJAX30UND,GENFAR,1.0,0.0,8.9,2026-07-26 20:48:21,1,7,Invierno
101767,LOSARTAN 50MG COM.REC CJAX30UND,GENFAR,1.0,0.0,8.9,2026-07-26 21:46:20,16,7,Invierno
101767,LOSARTAN 50MG COM.REC CJAX30UND,GENFAR,1.0,0.0,8.9,2026-07-26 22:15:28,13,7,Invierno
101767,LOSARTAN 50MG COM.REC CJAX30UND,GENFAR,1.0,0.0,8.46,2026-07-27 13:45:44,14,7,Invierno
101767,LOSARTAN 50MG COM.REC CJAX30UND,GENFAR,1.0,0.0,8.9,2026-07-27 14:13:39,10,7,Invierno
101767,LOSARTAN 50MG COM.REC CJAX30UND,GENFAR,2.0,0.0,17.8,2026-07-27 16:07:01,13,7,Invierno
101767,LOSARTAN 50MG COM.REC CJAX30UND,GENFAR,1.0,0.0,8.9,2026-07-27 20:03:25,16,7,Invierno
101767,LOSARTAN 50MG COM.REC CJAX30UND,GENFAR,1.0,0.0,8.9,2026-07-27 23:05:30,16,7,Invierno
101767,LOSARTAN 50MG COM.REC CJAX30UND,GENFAR,1.0,0.0,8.9,2026-07-28 11:08:47,11,7,Invierno
101767,LOSARTAN 50MG COM.REC CJAX30UND,GENFAR,1.0,0.0,8.9,2026-07-28 12:24:06,5,7,Invierno
101767,LOSARTAN 50MG COM.REC CJAX30UND,GENFAR,1.0,0.0,8.9,2026-07-28 12:53:10,14,7,Invierno
101767,LOSARTAN 50MG COM.REC CJAX30UND,GENFAR,0.0,30.0,9.0,2026-07-28 15:59:40,7,7,Invierno
101767,LOSARTAN 50MG COM.REC CJAX30UND,GENFAR,1.0,0.0,8.9,2026-07-29 09:44:54,5,7,Invierno
101767,LOSARTAN 50MG COM.REC CJAX30UND,GENFAR,0.0,10.0,3.0,2026-07-29 15:42:37,11,7,Invierno
101767,LOSARTAN 50MG COM.REC CJAX30UND,GENFAR,1.0,0.0,8.9,2026-07-29 20:37:46,9,7,Invierno
101767,LOSARTAN 50MG COM.REC CJAX30UND,GENFAR,1.0,0.0,8.9,2026-07-29 21:32:07,15,7,Invierno
101767,LOSARTAN 50MG COM.REC CJAX30UND,GENFAR,1.0,0.0,8.9,2026-07-30 12:47:09,2,7,Invierno
101767,LOSARTAN 50MG COM.REC CJAX30UND,GENFAR,1.0,0.0,8.9,2026-07-30 14:49:36,9,7,Invierno
101767,LOSARTAN 50MG COM.REC CJAX30UND,GENFAR,1.0,0.0,8.9,2026-07-30 17:06:45,11,7,Invierno
101767,LOSARTAN 50MG COM.REC CJAX30UND,GENFAR,0.0,20.0,6.0,2026-07-30 20:45:46,7,7,Invierno
101767,LOSARTAN 50MG COM.REC CJAX30UND,GENFAR,1.0,0.0,8.9,2026-07-30 20:59:33,5,7,Invierno
101767,LOSARTAN 50MG COM.REC CJAX30UND,GENFAR,0.0,10.0,3.0,2026-07-30 21:22:32,19,7,Invierno
101767,LOSARTAN 50MG COM.REC CJAX30UND,GENFAR,1.0,0.0,8.9,2026-07-31 05:21:28,15,7,Invierno
101767,LOSARTAN 50MG COM.REC CJAX30UND,GENFAR,1.0,0.0,8.9,2026-07-31 08:42:42,13,7,Invierno
101767,LOSARTAN 50MG COM.REC CJAX30UND,GENFAR,1.0,0.0,8.9,2026-07-31 11:22:51,5,7,Invierno
101767,LOSARTAN 50MG COM.REC CJAX30UND,GENFAR,2.0,0.0,17.8,2026-07-31 12:05:32,16,7,Invierno
101767,LOSARTAN 50MG COM.REC CJAX30UND,GENFAR,1.0,0.0,8.9,2026-07-31 12:17:03,2,7,Invierno
101767,LOSARTAN 50MG COM.REC CJAX30UND,GENFAR,0.0,30.0,9.0,2026-07-31 14:03:25,12,7,Invierno
101767,LOSARTAN 50MG COM.REC CJAX30UND,GENFAR,1.0,0.0,8.9,2026-07-31 15:38:32,11,7,Invierno
101767,LOSARTAN 50MG COM.REC CJAX30UND,GENFAR,1.0,0.0,8.9,2026-07-31 16:38:28,5,7,Invierno
101767,LOSARTAN 50MG COM.REC CJAX30UND,GENFAR,2.0,0.0,17.8,2026-07-31 17:51:05,13,7,Invierno
101767,LOSARTAN 50MG COM.REC CJAX30UND,GENFAR,1.0,0.0,8.9,2026-07-31 22:33:57,14,7,Invierno
101767,LOSARTAN 50MG COM.REC CJAX30UND,GENFAR,1.0,0.0,8.9,2026-07-31 22:53:49,12,7,Invierno
