codpro,prod,tipo,cantidad,unidades,total,fecdoc,sucursal,mes,estacion
102721,LOSARTAN 50MGX100TAB,PERUFARMA GENERICO,0.0,20.0,4.0,2024-01-01 15:15:19,2,1,Verano
102721,LOSARTAN 50MGX100TAB,PERUFARMA GENERICO,0.0,10.0,2.0,2024-01-02 10:03:44,1,1,Verano
102721,LOSARTAN 50MGX100TAB,PERUFARMA GENERICO,0.0,10.0,2.0,2024-01-02 10:28:01,5,1,Verano
102721,LOSARTAN 50MGX100TAB,PERUFARMA GENERICO,0.0,30.0,6.0,2024-01-02 11:30:41,9,1,Verano
102721,LOSARTAN 50MGX100TAB,PERUFARMA GENERICO,0.0,30.0,6.0,2024-01-02 12:51:29,10,1,Verano
102721,LOSARTAN 50MGX100TAB,PERUFARMA GENERICO,0.0,10.0,2.0,2024-01-02 19:07:35,3,1,Verano
102721,LOSARTAN 50MGX100TAB,PERUFARMA GENERICO,0.0,10.0,2.0,2024-01-02 19:39:15,9,1,Verano
102721,LOSARTAN 50MGX100TAB,PERUFARMA GENERICO,0.0,20.0,4.0,2024-01-02 21:11:28,2,1,Verano
102721,LOSARTAN 50MGX100TAB,PERUFARMA GENERICO,0.0,20.0,4.0,2024-01-02 21:29:17,1,1,Verano
102721,LOSARTAN 50MGX100TAB,PERUFARMA GENERICO,0.0,10.0,2.0,2024-01-02 21:41:48,10,1,Verano
102721,LOSARTAN 50MGX100TAB,PERUFARMA GENERICO,0.0,10.0,2.0,2024-01-03 09:16:28,8,1,Verano
102721,LOSARTAN 50MGX100TAB,PERUFARMA GENERICO,0.0,10.0,2.0,2024-01-03 09:45:31,5,1,Verano
102721,LOSARTAN 50MGX100TAB,PERUFARMA GENERICO,0.0,10.0,2.0,2024-01-03 11:15:59,9,1,Verano
102721,LOSARTAN 50MGX100TAB,PERUFARMA GENERICO,-1.0,0.0,-20.0,2024-01-03 12:00:00,1,1,Verano
102721,LOSARTAN 50MGX100TAB,PERUFARMA GENERICO,0.0,10.0,2.0,2024-01-03 13:19:43,5,1,Verano
102721,LOSARTAN 50MGX100TAB,PERUFARMA GENERICO,1.0,0.0,20.0,2024-01-03 16:50:14,1,1,Verano
102721,LOSARTAN 50MGX100TAB,PERUFARMA GENERICO,1.0,0.0,20.0,2024-01-03 16:54:13,1,1,Verano
102721,LOSARTAN 50MGX100TAB,PERUFARMA GENERICO,0.0,10.0,2.0,2024-01-03 17:56:01,6,1,Verano
102721,LOSARTAN 50MGX100TAB,PERUFARMA GENERICO,0.0,10.0,2.0,2024-01-03 18:25:14,9,1,Verano
102721,LOSARTAN 50MGX100TAB,PERUFARMA GENERICO,0.0,40.0,8.0,2024-01-03 21:19:39,6,1,Verano
102721,LOSARTAN 50MGX100TAB,PERUFARMA GENERICO,0.0,20.0,4.0,2024-01-04 08:42:16,7,1,Verano
102721,LOSARTAN 50MGX100TAB,PERUFARMA GENERICO,1.0,0.0,20.0,2024-01-04 12:38:06,1,1,Verano
102721,LOSARTAN 50MGX100TAB,PERUFARMA GENERICO,0.0,20.0,4.0,2024-01-04 14:48:06,1,1,Verano
102721,LOSARTAN 50MGX100TAB,PERUFARMA GENERICO,0.0,10.0,2.0,2024-01-04 16:23:57,8,1,Verano
102721,LOSARTAN 50MGX100TAB,PERUFARMA GENERICO,0.0,40.0,8.0,2024-01-04 20:48:53,10,1,Verano
102721,LOSARTAN 50MGX100TAB,PERUFARMA GENERICO,1.0,0.0,20.0,2024-01-05 10:30:04,5,1,Verano
102721,LOSARTAN 50MGX100TAB,PERUFARMA GENERICO,0.0,100.0,20.0,2024-01-05 11:51:22,2,1,Verano
102721,LOSARTAN 50MGX100TAB,PERUFARMA GENERICO,0.0,30.0,6.0,2024-01-05 12:00:51,1,1,Verano
102721,LOSARTAN 50MGX100TAB,PERUFARMA GENERICO,0.0,10.0,2.0,2024-01-05 12:09:44,10,1,Verano
102721,LOSARTAN 50MGX100TAB,PERUFARMA GENERICO,0.0,20.0,4.0,2024-01-05 17:29:05,2,1,Verano
102721,LOSARTAN 50MGX100TAB,PERUFARMA GENERICO,0.0,30.0,6.0,2024-01-05 19:02:50,1,1,Verano
102721,LOSARTAN 50MGX100TAB,PERUFARMA GENERICO,0.0,20.0,4.0,2024-01-05 20:55:18,8,1,Verano
102721,LOSARTAN 50MGX100TAB,PERUFARMA GENERICO,0.0,10.0,2.0,2024-01-05 21:17:05,4,1,Verano
102721,LOSARTAN 50MGX100TAB,PERUFARMA GENERICO,0.0,10.0,2.0,2024-01-06 09:41:05,9,1,Verano
102721,LOSARTAN 50MGX100TAB,PERUFARMA GENERICO,0.0,10.0,2.0,2024-01-06 10:14:11,9,1,Verano
102721,LOSARTAN 50MGX100TAB,PERUFARMA GENERICO,0.0,10.0,2.0,2024-01-06 13:20:33,8,1,Verano
102721,LOSARTAN 50MGX100TAB,PERUFARMA GENERICO,0.0,100.0,19.0,2024-01-06 20:09:21,5,1,Verano
102721,LOSARTAN 50MGX100TAB,PERUFARMA GENERICO,0.0,10.0,2.0,2024-01-06 20:19:03,10,1,Verano
102721,LOSARTAN 50MGX100TAB,PERUFARMA GENERICO,0.0,50.0,10.0,2024-01-07 12:34:12,10,1,Verano
102721,LOSARTAN 50MGX100TAB,PERUFARMA GENERICO,0.0,30.0,6.0,2024-01-07 19:09:13,3,1,Verano
102721,LOSARTAN 50MGX100TAB,PERUFARMA GENERICO,0.0,10.0,2.0,2024-01-07 20:04:43,1,1,Verano
102721,LOSARTAN 50MGX100TAB,PERUFARMA GENERICO,0.0,10.0,2.0,2024-01-07 21:03:41,3,1,Verano
102721,LOSARTAN 50MGX100TAB,PERUFARMA GENERICO,0.0,10.0,2.0,2024-01-07 21:07:23,7,1,Verano
102721,LOSARTAN 50MGX100TAB,PERUFARMA GENERICO,0.0,10.0,2.0,2024-01-07 21:51:51,10,1,Verano
102721,LOSARTAN 50MGX100TAB,PERUFARMA GENERICO,0.0,10.0,2.0,2024-01-08 12:22:44,7,1,Verano
102721,LOSARTAN 50MGX100TAB,PERUFARMA GENERICO,0.0,10.0,2.0,2024-01-08 16:52:56,9,1,Verano
102721,LOSARTAN 50MGX100TAB,PERUFARMA GENERICO,0.0,100.0,20.0,2024-01-08 19:54:43,4,1,Verano
102721,LOSARTAN 50MGX100TAB,PERUFARMA GENERICO,0.0,10.0,2.0,2024-01-09 10:04:29,9,1,Verano
102721,LOSARTAN 50MGX100TAB,PERUFARMA GENERICO,0.0,10.0,2.0,2024-01-09 10:37:37,7,1,Verano
102721,LOSARTAN 50MGX100TAB,PERUFARMA GENERICO,0.0,20.0,4.0,2024-01-09 12:01:39,2,1,Verano
102721,LOSARTAN 50MGX100TAB,PERUFARMA GENERICO,0.0,10.0,2.0,2024-01-09 19:33:26,9,1,Verano
102721,LOSARTAN 50MGX100TAB,PERUFARMA GENERICO,0.0,20.0,4.0,2024-01-10 08:33:03,9,1,Verano
102721,LOSARTAN 50MGX100TAB,PERUFARMA GENERICO,0.0,10.0,2.0,2024-01-10 10:20:18,5,1,Verano
102721,LOSARTAN 50MGX100TAB,PERUFARMA GENERICO,0.0,10.0,2.0,2024-01-10 10:41:12,4,1,Verano
102721,LOSARTAN 50MGX100TAB,PERUFARMA GENERICO,0.0,50.0,10.0,2024-01-10 10:53:13,3,1,Verano
102721,LOSARTAN 50MGX100TAB,PERUFARMA GENERICO,1.0,0.0,20.0,2024-01-10 11:43:59,2,1,Verano
102721,LOSARTAN 50MGX100TAB,PERUFARMA GENERICO,0.0,10.0,2.0,2024-01-10 13:20:31,10,1,Verano
102721,LOSARTAN 50MGX100TAB,PERUFARMA GENERICO,0.0,20.0,4.0,2024-01-10 21:01:32,10,1,Verano
102721,LOSARTAN 50MGX100TAB,PERUFARMA GENERICO,0.0,10.0,2.0,2024-01-11 16:30:39,9,1,Verano
102721,LOSARTAN 50MGX100TAB,PERUFARMA GENERICO,0.0,30.0,6.0,2024-01-11 17:46:27,1,1,Verano
102721,LOSARTAN 50MGX100TAB,PERUFARMA GENERICO,0.0,10.0,2.0,2024-01-11 17:49:08,1,1,Verano
102721,LOSARTAN 50MGX100TAB,PERUFARMA GENERICO,0.0,10.0,3.0,2024-01-11 20:24:55,9,1,Verano
102721,LOSARTAN 50MGX100TAB,PERUFARMA GENERICO,0.0,10.0,3.0,2024-01-12 13:46:51,1,1,Verano
102721,LOSARTAN 50MGX100TAB,PERUFARMA GENERICO,0.0,10.0,3.0,2024-01-12 17:29:17,2,1,Verano
102721,LOSARTAN 50MGX100TAB,PERUFARMA GENERICO,0.0,5.0,1.5,2024-01-12 21:45:00,10,1,Verano
102721,LOSARTAN 50MGX100TAB,PERUFARMA GENERICO,0.0,10.0,3.0,2024-01-13 07:16:03,5,1,Verano
102721,LOSARTAN 50MGX100TAB,PERUFARMA GENERICO,0.0,20.0,6.0,2024-01-13 09:51:42,3,1,Verano
102721,LOSARTAN 50MGX100TAB,PERUFARMA GENERICO,0.0,10.0,3.0,2024-01-13 17:24:04,5,1,Verano
102721,LOSARTAN 50MGX100TAB,PERUFARMA GENERICO,0.0,10.0,3.0,2024-01-13 22:24:42,10,1,Verano
102721,LOSARTAN 50MGX100TAB,PERUFARMA GENERICO,0.0,10.0,3.0,2024-01-14 19:40:51,1,1,Verano
102721,LOSARTAN 50MGX100TAB,PERUFARMA GENERICO,1.0,0.0,20.7,2024-01-15 08:02:57,1,1,Verano
102721,LOSARTAN 50MGX100TAB,PERUFARMA GENERICO,0.0,20.0,6.0,2024-01-15 08:46:34,6,1,Verano
102721,LOSARTAN 50MGX100TAB,PERUFARMA GENERICO,1.0,0.0,20.7,2024-01-15 19:33:33,2,1,Verano
102721,LOSARTAN 50MGX100TAB,PERUFARMA GENERICO,0.0,10.0,3.0,2024-01-15 21:30:53,9,1,Verano
102721,LOSARTAN 50MGX100TAB,PERUFARMA GENERICO,1.0,0.0,20.7,2024-01-16 07:43:35,4,1,Verano
102721,LOSARTAN 50MGX100TAB,PERUFARMA GENERICO,0.0,10.0,3.0,2024-01-16 08:49:39,8,1,Verano
102721,LOSARTAN 50MGX100TAB,PERUFARMA GENERICO,0.0,10.0,3.0,2024-01-16 08:53:39,6,1,Verano
102721,LOSARTAN 50MGX100TAB,PERUFARMA GENERICO,0.0,10.0,3.0,2024-01-16 10:32:21,1,1,Verano
102721,LOSARTAN 50MGX100TAB,PERUFARMA GENERICO,0.0,10.0,3.0,2024-01-16 12:49:27,6,1,Verano
102721,LOSARTAN 50MGX100TAB,PERUFARMA GENERICO,0.0,10.0,3.0,2024-01-16 18:36:05,1,1,Verano
102721,LOSARTAN 50MGX100TAB,PERUFARMA GENERICO,0.0,10.0,3.0,2024-01-16 20:34:14,7,1,Verano
102721,LOSARTAN 50MGX100TAB,PERUFARMA GENERICO,1.0,0.0,20.7,2024-01-16 21:22:27,4,1,Verano
102721,LOSARTAN 50MGX100TAB,PERUFARMA GENERICO,0.0,10.0,3.0,2024-01-17 08:24:55,9,1,Verano
102721,LOSARTAN 50MGX100TAB,PERUFARMA GENERICO,0.0,10.0,3.0,2024-01-17 10:13:11,1,1,Verano
102721,LOSARTAN 50MGX100TAB,PERUFARMA GENERICO,0.0,10.0,3.0,2024-01-17 10:41:02,4,1,Verano
102721,LOSARTAN 50MGX100TAB,PERUFARMA GENERICO,0.0,10.0,3.0,2024-01-17 10:52:36,8,1,Verano
102721,LOSARTAN 50MGX100TAB,PERUFARMA GENERICO,0.0,10.0,3.0,2024-01-17 19:00:56,9,1,Verano
102721,LOSARTAN 50MGX100TAB,PERUFARMA GENERICO,0.0,20.0,6.0,2024-01-17 19:56:46,5,1,Verano
102721,LOSARTAN 50MGX100TAB,PERUFARMA GENERICO,0.0,10.0,3.0,2024-01-17 21:43:33,5,1,Verano
102721,LOSARTAN 50MGX100TAB,PERUFARMA GENERICO,0.0,10.0,3.0,2024-01-18 10:44:26,2,1,Verano
102721,LOSARTAN 50MGX100TAB,PERUFARMA GENERICO,0.0,10.0,3.0,2024-01-18 13:43:42,2,1,Verano
102721,LOSARTAN 50MGX100TAB,PERUFARMA GENERICO,0.0,100.0,30.0,2024-01-18 15:31:09,2,1,Verano
102721,LOSARTAN 50MGX100TAB,PERUFARMA GENERICO,0.0,10.0,3.0,2024-01-18 19:30:11,1,1,Verano
102721,LOSARTAN 50MGX100TAB,PERUFARMA GENERICO,0.0,10.0,3.0,2024-01-18 20:26:09,1,1,Verano
102721,LOSARTAN 50MGX100TAB,PERUFARMA GENERICO,0.0,10.0,3.0,2024-01-19 12:35:28,6,1,Verano
102721,LOSARTAN 50MGX100TAB,PERUFARMA GENERICO,0.0,10.0,3.0,2024-01-19 14:08:07,9,1,Verano
102721,LOSARTAN 50MGX100TAB,PERUFARMA GENERICO,0.0,10.0,3.0,2024-01-19 14:44:34,2,1,Verano
102721,LOSARTAN 50MGX100TAB,PERUFARMA GENERICO,0.0,10.0,3.0,2024-01-19 19:11:52,4,1,Verano
102721,LOSARTAN 50MGX100TAB,PERUFARMA GENERICO,0.0,10.0,3.0,2024-01-19 19:22:35,10,1,Verano
102721,LOSARTAN 50MGX100TAB,PERUFARMA GENERICO,0.0,20.0,6.0,2024-01-20 14:15:38,1,1,Verano
102721,LOSARTAN 50MGX100TAB,PERUFARMA GENERICO,0.0,30.0,9.0,2024-01-20 16:04:33,2,1,Verano
102721,LOSARTAN 50MGX100TAB,PERUFARMA GENERICO,0.0,10.0,3.0,2024-01-20 18:29:43,6,1,Verano
102721,LOSARTAN 50MGX100TAB,PERUFARMA GENERICO,0.0,20.0,6.0,2024-01-20 19:45:38,3,1,Verano
102721,LOSARTAN 50MGX100TAB,PERUFARMA GENERICO,0.0,10.0,3.0,2024-01-20 20:21:07,10,1,Verano
102721,LOSARTAN 50MGX100TAB,PERUFARMA GENERICO,0.0,10.0,3.0,2024-01-20 21:36:05,4,1,Verano
102721,LOSARTAN 50MGX100TAB,PERUFARMA GENERICO,0.0,20.0,6.0,2024-01-20 21:36:13,2,1,Verano
102721,LOSARTAN 50MGX100TAB,PERUFARMA GENERICO,1.0,0.0,20.7,2024-01-21 16:46:31,9,1,Verano
102721,LOSARTAN 50MGX100TAB,PERUFARMA GENERICO,0.0,10.0,3.0,2024-01-21 21:06:29,5,1,Verano
102721,LOSARTAN 50MGX100TAB,PERUFARMA GENERICO,1.0,0.0,20.7,2024-01-22 07:38:58,10,1,Verano
102721,LOSARTAN 50MGX100TAB,PERUFARMA GENERICO,0.0,10.0,3.0,2024-01-22 08:32:08,6,1,Verano
102721,LOSARTAN 50MGX100TAB,PERUFARMA GENERICO,0.0,10.0,3.0,2024-01-22 10:50:22,5,1,Verano
102721,LOSARTAN 50MGX100TAB,PERUFARMA GENERICO,0.0,10.0,3.0,2024-01-22 16:28:31,9,1,Verano
102721,LOSARTAN 50MGX100TAB,PERUFARMA GENERICO,0.0,10.0,3.0,2024-01-22 18:10:37,1,1,Verano
102721,LOSARTAN 50MGX100TAB,PERUFARMA GENERICO,0.0,10.0,3.0,2024-01-22 21:51:09,7,1,Verano
102721,LOSARTAN 50MGX100TAB,PERUFARMA GENERICO,1.0,0.0,20.7,2024-01-22 23:20:49,4,1,Verano
102721,LOSARTAN 50MGX100TAB,PERUFARMA GENERICO,0.0,20.0,6.0,2024-01-23 10:29:54,1,1,Verano
102721,LOSARTAN 50MGX100TAB,PERUFARMA GENERICO,0.0,20.0,6.0,2024-01-23 10:45:09,2,1,Verano
102721,LOSARTAN 50MGX100TAB,PERUFARMA GENERICO,0.0,5.0,1.5,2024-01-23 11:30:12,3,1,Verano
102721,LOSARTAN 50MGX100TAB,PERUFARMA GENERICO,0.0,10.0,3.0,2024-01-23 12:57:48,5,1,Verano
102721,LOSARTAN 50MGX100TAB,PERUFARMA GENERICO,0.0,20.0,6.0,2024-01-23 16:10:52,1,1,Verano
102721,LOSARTAN 50MGX100TAB,PERUFARMA GENERICO,0.0,20.0,6.0,2024-01-23 17:24:22,3,1,Verano
102721,LOSARTAN 50MGX100TAB,PERUFARMA GENERICO,1.0,0.0,20.7,2024-01-23 19:32:06,10,1,Verano
102721,LOSARTAN 50MGX100TAB,PERUFARMA GENERICO,0.0,10.0,3.0,2024-01-23 20:44:26,6,1,Verano
102721,LOSARTAN 50MGX100TAB,PERUFARMA GENERICO,0.0,10.0,3.0,2024-01-23 21:03:35,6,1,Verano
102721,LOSARTAN 50MGX100TAB,PERUFARMA GENERICO,0.0,42.0,12.6,2024-01-23 21:19:31,4,1,Verano
102721,LOSARTAN 50MGX100TAB,PERUFARMA GENERICO,0.0,10.0,3.0,2024-01-23 22:21:27,10,1,Verano
102721,LOSARTAN 50MGX100TAB,PERUFARMA GENERICO,0.0,30.0,9.0,2024-01-23 22:27:03,7,1,Verano
102721,LOSARTAN 50MGX100TAB,PERUFARMA GENERICO,0.0,3.0,0.9,2024-01-24 11:43:52,6,1,Verano
102721,LOSARTAN 50MGX100TAB,PERUFARMA GENERICO,0.0,5.0,1.5,2024-01-24 12:34:33,9,1,Verano
102721,LOSARTAN 50MGX100TAB,PERUFARMA GENERICO,0.0,10.0,3.0,2024-01-24 12:56:34,6,1,Verano
102721,LOSARTAN 50MGX100TAB,PERUFARMA GENERICO,0.0,10.0,3.0,2024-01-24 13:35:30,9,1,Verano
102721,LOSARTAN 50MGX100TAB,PERUFARMA GENERICO,0.0,10.0,3.0,2024-01-24 15:57:26,2,1,Verano
102721,LOSARTAN 50MGX100TAB,PERUFARMA GENERICO,0.0,10.0,3.0,2024-01-24 18:33:14,5,1,Verano
102721,LOSARTAN 50MGX100TAB,PERUFARMA GENERICO,0.0,10.0,3.0,2024-01-24 19:26:08,5,1,Verano
102721,LOSARTAN 50MGX100TAB,PERUFARMA GENERICO,0.0,10.0,3.0,2024-01-24 21:45:57,3,1,Verano
102721,LOSARTAN 50MGX100TAB,PERUFARMA GENERICO,0.0,10.0,3.0,2024-01-25 09:01:11,1,1,Verano
102721,LOSARTAN 50MGX100TAB,PERUFARMA GENERICO,0.0,30.0,9.0,2024-01-25 15:28:56,9,1,Verano
102721,LOSARTAN 50MGX100TAB,PERUFARMA GENERICO,0.0,10.0,3.0,2024-01-25 18:30:28,1,1,Verano
102721,LOSARTAN 50MGX100TAB,PERUFARMA GENERICO,0.0,10.0,3.0,2024-01-25 19:26:46,3,1,Verano
102721,LOSARTAN 50MGX100TAB,PERUFARMA GENERICO,0.0,10.0,3.0,2024-01-25 20:21:12,1,1,Verano
102721,LOSARTAN 50MGX100TAB,PERUFARMA GENERICO,1.0,0.0,20.7,2024-01-26 10:36:34,1,1,Verano
102721,LOSARTAN 50MGX100TAB,PERUFARMA GENERICO,0.0,10.0,3.0,2024-01-26 17:57:18,5,1,Verano
102721,LOSARTAN 50MGX100TAB,PERUFARMA GENERICO,0.0,10.0,3.0,2024-01-26 18:08:59,1,1,Verano
102721,LOSARTAN 50MGX100TAB,PERUFARMA GENERICO,0.0,10.0,3.0,2024-01-26 18:54:27,10,1,Verano
102721,LOSARTAN 50MGX100TAB,PERUFARMA GENERICO,0.0,10.0,3.0,2024-01-26 19:05:04,2,1,Verano
102721,LOSARTAN 50MGX100TAB,PERUFARMA GENERICO,0.0,10.0,3.0,2024-01-26 20:14:14,1,1,Verano
102721,LOSARTAN 50MGX100TAB,PERUFARMA GENERICO,0.0,30.0,9.0,2024-01-27 11:24:17,10,1,Verano
102721,LOSARTAN 50MGX100TAB,PERUFARMA GENERICO,0.0,30.0,9.0,2024-01-27 11:25:56,10,1,Verano
102721,LOSARTAN 50MGX100TAB,PERUFARMA GENERICO,0.0,-30.0,-9.0,2024-01-27 12:00:00,10,1,Verano
102721,LOSARTAN 50MGX100TAB,PERUFARMA GENERICO,-1.0,0.0,-20.7,2024-01-27 12:00:00,10,1,Verano
102721,LOSARTAN 50MGX100TAB,PERUFARMA GENERICO,1.0,0.0,20.7,2024-01-27 15:04:06,10,1,Verano
102721,LOSARTAN 50MGX100TAB,PERUFARMA GENERICO,0.0,20.0,6.0,2024-01-27 15:06:47,9,1,Verano
102721,LOSARTAN 50MGX100TAB,PERUFARMA GENERICO,0.0,10.0,3.0,2024-01-27 17:26:26,2,1,Verano
102721,LOSARTAN 50MGX100TAB,PERUFARMA GENERICO,0.0,10.0,3.0,2024-01-27 20:42:49,6,1,Verano
102721,LOSARTAN 50MGX100TAB,PERUFARMA GENERICO,0.0,2.0,0.6,2024-01-27 20:46:27,1,1,Verano
102721,LOSARTAN 50MGX100TAB,PERUFARMA GENERICO,1.0,0.0,20.7,2024-01-28 18:41:17,5,1,Verano
102721,LOSARTAN 50MGX100TAB,PERUFARMA GENERICO,0.0,10.0,3.0,2024-01-28 20:32:56,5,1,Verano
102721,LOSARTAN 50MGX100TAB,PERUFARMA GENERICO,0.0,1.0,0.3,2024-01-29 10:06:38,9,1,Verano
102721,LOSARTAN 50MGX100TAB,PERUFARMA GENERICO,0.0,10.0,3.0,2024-01-29 12:35:28,6,1,Verano
102721,LOSARTAN 50MGX100TAB,PERUFARMA GENERICO,0.0,10.0,3.0,2024-01-29 12:47:41,6,1,Verano
102721,LOSARTAN 50MGX100TAB,PERUFARMA GENERICO,0.0,10.0,3.0,2024-01-29 16:57:18,9,1,Verano
102721,LOSARTAN 50MGX100TAB,PERUFARMA GENERICO,0.0,10.0,3.0,2024-01-29 21:01:35,3,1,Verano
102721,LOSARTAN 50MGX100TAB,PERUFARMA GENERICO,0.0,10.0,3.0,2024-01-29 22:21:09,10,1,Verano
102721,LOSARTAN 50MGX100TAB,PERUFARMA GENERICO,0.0,20.0,6.0,2024-01-30 09:42:35,1,1,Verano
102721,LOSARTAN 50MGX100TAB,PERUFARMA GENERICO,0.0,10.0,3.0,2024-01-30 10:41:09,5,1,Verano
102721,LOSARTAN 50MGX100TAB,PERUFARMA GENERICO,0.0,1.0,0.3,2024-01-31 08:58:09,6,1,Verano
102721,LOSARTAN 50MGX100TAB,PERUFARMA GENERICO,1.0,0.0,19.66,2024-01-31 14:15:50,1,1,Verano
102721,LOSARTAN 50MGX100TAB,PERUFARMA GENERICO,0.0,30.0,9.0,2024-02-01 08:08:48,1,2,Verano
102721,LOSARTAN 50MGX100TAB,PERUFARMA GENERICO,1.0,0.0,19.66,2024-02-01 15:32:36,9,2,Verano
102721,LOSARTAN 50MGX100TAB,PERUFARMA GENERICO,1.0,0.0,20.7,2024-02-01 19:18:03,1,2,Verano
102721,LOSARTAN 50MGX100TAB,PERUFARMA GENERICO,0.0,10.0,3.0,2024-02-01 20:10:56,6,2,Verano
102721,LOSARTAN 50MGX100TAB,PERUFARMA GENERICO,0.0,20.0,6.0,2024-02-01 20:27:19,3,2,Verano
102721,LOSARTAN 50MGX100TAB,PERUFARMA GENERICO,1.0,0.0,20.7,2024-02-01 21:08:43,1,2,Verano
102721,LOSARTAN 50MGX100TAB,PERUFARMA GENERICO,0.0,10.0,3.0,2024-02-02 13:41:07,1,2,Verano
102721,LOSARTAN 50MGX100TAB,PERUFARMA GENERICO,1.0,0.0,20.7,2024-02-02 18:42:51,2,2,Verano
102721,LOSARTAN 50MGX100TAB,PERUFARMA GENERICO,0.0,10.0,3.0,2024-02-02 18:59:48,1,2,Verano
102721,LOSARTAN 50MGX100TAB,PERUFARMA GENERICO,0.0,10.0,3.0,2024-02-02 20:25:23,10,2,Verano
102721,LOSARTAN 50MGX100TAB,PERUFARMA GENERICO,0.0,10.0,3.0,2024-02-02 20:32:59,5,2,Verano
102721,LOSARTAN 50MGX100TAB,PERUFARMA GENERICO,0.0,10.0,3.0,2024-02-03 11:35:58,2,2,Verano
102721,LOSARTAN 50MGX100TAB,PERUFARMA GENERICO,0.0,-10.0,-3.0,2024-02-03 12:00:00,2,2,Verano
102721,LOSARTAN 50MGX100TAB,PERUFARMA GENERICO,1.0,0.0,20.7,2024-02-03 16:22:25,1,2,Verano
102721,LOSARTAN 50MGX100TAB,PERUFARMA GENERICO,1.0,0.0,20.7,2024-02-03 21:32:51,1,2,Verano
102721,LOSARTAN 50MGX100TAB,PERUFARMA GENERICO,0.0,10.0,3.0,2024-02-04 11:15:04,6,2,Verano
102721,LOSARTAN 50MGX100TAB,PERUFARMA GENERICO,1.0,0.0,20.7,2024-02-04 13:25:55,10,2,Verano
102721,LOSARTAN 50MGX100TAB,PERUFARMA GENERICO,0.0,20.0,6.0,2024-02-04 18:59:56,3,2,Verano
102721,LOSARTAN 50MGX100TAB,PERUFARMA GENERICO,0.0,10.0,3.0,2024-02-05 14:29:50,9,2,Verano
102721,LOSARTAN 50MGX100TAB,PERUFARMA GENERICO,0.0,20.0,6.0,2024-02-05 22:37:45,5,2,Verano
102721,LOSARTAN 50MGX100TAB,PERUFARMA GENERICO,0.0,7.0,2.1,2024-02-06 12:58:15,6,2,Verano
102721,LOSARTAN 50MGX100TAB,PERUFARMA GENERICO,0.0,20.0,6.0,2024-02-06 19:18:22,5,2,Verano
102721,LOSARTAN 50MGX100TAB,PERUFARMA GENERICO,0.0,10.0,3.0,2024-02-07 08:13:55,6,2,Verano
102721,LOSARTAN 50MGX100TAB,PERUFARMA GENERICO,0.0,10.0,3.0,2024-02-07 12:58:27,8,2,Verano
102721,LOSARTAN 50MGX100TAB,PERUFARMA GENERICO,0.0,10.0,3.0,2024-02-07 18:33:37,7,2,Verano
102721,LOSARTAN 50MGX100TAB,PERUFARMA GENERICO,0.0,10.0,3.0,2024-02-07 22:19:29,5,2,Verano
102721,LOSARTAN 50MGX100TAB,PERUFARMA GENERICO,0.0,10.0,3.0,2024-02-08 08:12:47,7,2,Verano
102721,LOSARTAN 50MGX100TAB,PERUFARMA GENERICO,0.0,10.0,3.0,2024-02-08 20:05:11,10,2,Verano
102721,LOSARTAN 50MGX100TAB,PERUFARMA GENERICO,0.0,10.0,3.0,2024-02-08 22:32:25,10,2,Verano
102721,LOSARTAN 50MGX100TAB,PERUFARMA GENERICO,0.0,100.0,30.0,2024-02-09 08:12:49,7,2,Verano
102721,LOSARTAN 50MGX100TAB,PERUFARMA GENERICO,0.0,20.0,6.0,2024-02-09 11:09:34,6,2,Verano
102721,LOSARTAN 50MGX100TAB,PERUFARMA GENERICO,1.0,0.0,20.7,2024-02-09 23:09:35,4,2,Verano
102721,LOSARTAN 50MGX100TAB,PERUFARMA GENERICO,0.0,10.0,3.0,2024-02-10 19:00:40,9,2,Verano
102721,LOSARTAN 50MGX100TAB,PERUFARMA GENERICO,0.0,20.0,4.0,2024-02-11 12:49:07,7,2,Verano
102721,LOSARTAN 50MGX100TAB,PERUFARMA GENERICO,0.0,40.0,8.0,2024-02-12 08:39:27,6,2,Verano
102721,LOSARTAN 50MGX100TAB,PERUFARMA GENERICO,0.0,20.0,4.0,2024-02-12 20:04:11,7,2,Verano
102721,LOSARTAN 50MGX100TAB,PERUFARMA GENERICO,0.0,20.0,4.0,2024-02-12 21:26:24,7,2,Verano
102721,LOSARTAN 50MGX100TAB,PERUFARMA GENERICO,0.0,10.0,2.0,2024-02-13 18:55:16,9,2,Verano
102721,LOSARTAN 50MGX100TAB,PERUFARMA GENERICO,0.0,10.0,2.0,2024-02-13 20:30:00,5,2,Verano
102721,LOSARTAN 50MGX100TAB,PERUFARMA GENERICO,1.0,0.0,20.7,2024-02-14 13:21:26,2,2,Verano
102721,LOSARTAN 50MGX100TAB,PERUFARMA GENERICO,1.0,0.0,20.7,2024-02-14 16:44:18,1,2,Verano
102721,LOSARTAN 50MGX100TAB,PERUFARMA GENERICO,1.0,0.0,20.7,2024-02-14 17:08:42,3,2,Verano
102721,LOSARTAN 50MGX100TAB,PERUFARMA GENERICO,0.0,10.0,2.0,2024-02-14 17:17:26,9,2,Verano
102721,LOSARTAN 50MGX100TAB,PERUFARMA GENERICO,0.0,50.0,10.0,2024-02-14 17:52:53,10,2,Verano
102721,LOSARTAN 50MGX100TAB,PERUFARMA GENERICO,0.0,10.0,2.0,2024-02-14 18:07:54,7,2,Verano
102721,LOSARTAN 50MGX100TAB,PERUFARMA GENERICO,0.0,10.0,2.0,2024-02-15 16:16:57,5,2,Verano
102721,LOSARTAN 50MGX100TAB,PERUFARMA GENERICO,1.0,0.0,20.7,2024-02-15 18:12:21,4,2,Verano
102721,LOSARTAN 50MGX100TAB,PERUFARMA GENERICO,0.0,10.0,2.0,2024-02-15 18:27:02,5,2,Verano
102721,LOSARTAN 50MGX100TAB,PERUFARMA GENERICO,1.0,0.0,20.7,2024-02-16 15:57:21,4,2,Verano
102721,LOSARTAN 50MGX100TAB,PERUFARMA GENERICO,0.0,10.0,2.0,2024-02-16 18:42:36,1,2,Verano
102721,LOSARTAN 50MGX100TAB,PERUFARMA GENERICO,0.0,10.0,2.0,2024-02-17 11:27:47,1,2,Verano
102721,LOSARTAN 50MGX100TAB,PERUFARMA GENERICO,0.0,-10.0,-2.0,2024-02-17 12:00:00,1,2,Verano
102721,LOSARTAN 50MGX100TAB,PERUFARMA GENERICO,0.0,10.0,2.0,2024-02-17 12:24:09,3,2,Verano
102721,LOSARTAN 50MGX100TAB,PERUFARMA GENERICO,0.0,10.0,2.0,2024-02-17 22:08:25,10,2,Verano
102721,LOSARTAN 50MGX100TAB,PERUFARMA GENERICO,0.0,10.0,2.0,2024-02-17 22:09:51,10,2,Verano
102721,LOSARTAN 50MGX100TAB,PERUFARMA GENERICO,0.0,10.0,2.0,2024-02-18 09:34:03,9,2,Verano
102721,LOSARTAN 50MGX100TAB,PERUFARMA GENERICO,0.0,10.0,2.0,2024-02-18 14:19:38,6,2,Verano
102721,LOSARTAN 50MGX100TAB,PERUFARMA GENERICO,0.0,10.0,2.0,2024-02-18 17:29:10,2,2,Verano
102721,LOSARTAN 50MGX100TAB,PERUFARMA GENERICO,1.0,0.0,20.7,2024-02-20 07:41:41,4,2,Verano
102721,LOSARTAN 50MGX100TAB,PERUFARMA GENERICO,1.0,0.0,20.7,2024-02-20 08:51:16,1,2,Verano
102721,LOSARTAN 50MGX100TAB,PERUFARMA GENERICO,0.0,10.0,2.0,2024-02-20 09:22:56,4,2,Verano
102721,LOSARTAN 50MGX100TAB,PERUFARMA GENERICO,-1.0,0.0,-20.7,2024-02-20 12:00:00,1,2,Verano
102721,LOSARTAN 50MGX100TAB,PERUFARMA GENERICO,1.0,0.0,20.7,2024-02-20 19:35:51,9,2,Verano
102721,LOSARTAN 50MGX100TAB,PERUFARMA GENERICO,0.0,3.0,0.6,2024-02-20 20:14:31,8,2,Verano
102721,LOSARTAN 50MGX100TAB,PERUFARMA GENERICO,0.0,10.0,2.0,2024-02-20 20:14:45,4,2,Verano
102721,LOSARTAN 50MGX100TAB,PERUFARMA GENERICO,0.0,20.0,4.0,2024-02-21 13:03:11,1,2,Verano
102721,LOSARTAN 50MGX100TAB,PERUFARMA GENERICO,0.0,10.0,2.0,2024-02-22 08:21:44,5,2,Verano
102721,LOSARTAN 50MGX100TAB,PERUFARMA GENERICO,0.0,10.0,2.0,2024-02-22 08:32:23,3,2,Verano
102721,LOSARTAN 50MGX100TAB,PERUFARMA GENERICO,1.0,0.0,20.7,2024-02-22 19:58:47,4,2,Verano
102721,LOSARTAN 50MGX100TAB,PERUFARMA GENERICO,0.0,10.0,2.0,2024-02-23 15:34:25,5,2,Verano
102721,LOSARTAN 50MGX100TAB,PERUFARMA GENERICO,0.0,10.0,2.0,2024-02-24 08:07:33,6,2,Verano
102721,LOSARTAN 50MGX100TAB,PERUFARMA GENERICO,0.0,20.0,4.0,2024-02-24 11:42:10,5,2,Verano
102721,LOSARTAN 50MGX100TAB,PERUFARMA GENERICO,0.0,1.0,0.2,2024-02-24 15:59:46,2,2,Verano
102721,LOSARTAN 50MGX100TAB,PERUFARMA GENERICO,0.0,10.0,2.0,2024-02-24 20:51:03,7,2,Verano
102721,LOSARTAN 50MGX100TAB,PERUFARMA GENERICO,0.0,20.0,4.0,2024-02-25 14:50:43,4,2,Verano
102721,LOSARTAN 50MGX100TAB,PERUFARMA GENERICO,0.0,10.0,2.0,2024-02-25 19:19:05,10,2,Verano
102721,LOSARTAN 50MGX100TAB,PERUFARMA GENERICO,0.0,20.0,4.0,2024-02-25 19:20:06,7,2,Verano
102721,LOSARTAN 50MGX100TAB,PERUFARMA GENERICO,0.0,10.0,2.0,2024-02-25 22:04:37,6,2,Verano
102721,LOSARTAN 50MGX100TAB,PERUFARMA GENERICO,0.0,20.0,4.0,2024-02-26 09:06:06,6,2,Verano
102721,LOSARTAN 50MGX100TAB,PERUFARMA GENERICO,0.0,10.0,2.0,2024-02-26 19:54:59,8,2,Verano
102721,LOSARTAN 50MGX100TAB,PERUFARMA GENERICO,0.0,10.0,2.0,2024-02-26 20:48:32,2,2,Verano
102721,LOSARTAN 50MGX100TAB,PERUFARMA GENERICO,1.0,0.0,20.7,2024-02-26 21:16:40,7,2,Verano
102721,LOSARTAN 50MGX100TAB,PERUFARMA GENERICO,0.0,10.0,2.0,2024-02-26 22:05:41,4,2,Verano
102721,LOSARTAN 50MGX100TAB,PERUFARMA GENERICO,0.0,20.0,4.0,2024-02-27 08:45:40,3,2,Verano
102721,LOSARTAN 50MGX100TAB,PERUFARMA GENERICO,0.0,20.0,4.0,2024-02-27 09:42:06,6,2,Verano
102721,LOSARTAN 50MGX100TAB,PERUFARMA GENERICO,0.0,60.0,12.0,2024-02-27 18:03:50,2,2,Verano
102721,LOSARTAN 50MGX100TAB,PERUFARMA GENERICO,0.0,10.0,2.0,2024-02-28 10:09:15,4,2,Verano
102721,LOSARTAN 50MGX100TAB,PERUFARMA GENERICO,0.0,10.0,2.0,2024-02-28 11:19:57,8,2,Verano
102721,LOSARTAN 50MGX100TAB,PERUFARMA GENERICO,0.0,2.0,0.4,2024-02-28 12:25:43,2,2,Verano
102721,LOSARTAN 50MGX100TAB,PERUFARMA GENERICO,0.0,10.0,2.0,2024-02-28 18:24:24,1,2,Verano
102721,LOSARTAN 50MGX100TAB,PERUFARMA GENERICO,0.0,10.0,2.0,2024-02-28 19:28:31,5,2,Verano
102721,LOSARTAN 50MGX100TAB,PERUFARMA GENERICO,0.0,10.0,2.0,2024-02-28 19:38:37,9,2,Verano
102721,LOSARTAN 50MGX100TAB,PERUFARMA GENERICO,0.0,10.0,2.0,2024-02-28 20:56:45,1,2,Verano
102721,LOSARTAN 50MGX100TAB,PERUFARMA GENERICO,0.0,10.0,2.0,2024-02-29 11:08:37,6,2,Verano
102721,LOSARTAN 50MGX100TAB,PERUFARMA GENERICO,0.0,10.0,2.0,2024-02-29 11:26:45,5,2,Verano
102721,LOSARTAN 50MGX100TAB,PERUFARMA GENERICO,0.0,20.0,4.0,2024-02-29 11:27:36,6,2,Verano
102721,LOSARTAN 50MGX100TAB,PERUFARMA GENERICO,0.0,-60.0,-12.0,2024-02-29 12:00:00,2,2,Verano
102721,LOSARTAN 50MGX100TAB,PERUFARMA GENERICO,0.0,10.0,2.0,2024-02-29 13:19:38,4,2,Verano
102721,LOSARTAN 50MGX100TAB,PERUFARMA GENERICO,0.0,60.0,12.0,2024-02-29 17:51:53,2,2,Verano
102721,LOSARTAN 50MGX100TAB,PERUFARMA GENERICO,0.0,10.0,2.0,2024-03-01 07:58:57,2,3,Otoño
102721,LOSARTAN 50MGX100TAB,PERUFARMA GENERICO,1.0,0.0,20.7,2024-03-01 12:15:54,4,3,Otoño
102721,LOSARTAN 50MGX100TAB,PERUFARMA GENERICO,0.0,10.0,2.0,2024-03-01 17:17:50,4,3,Otoño
102721,LOSARTAN 50MGX100TAB,PERUFARMA GENERICO,0.0,10.0,2.0,2024-03-02 16:41:11,4,3,Otoño
102721,LOSARTAN 50MGX100TAB,PERUFARMA GENERICO,0.0,30.0,6.0,2024-03-02 17:17:59,1,3,Otoño
102721,LOSARTAN 50MGX100TAB,PERUFARMA GENERICO,0.0,70.0,14.0,2024-03-02 17:19:58,1,3,Otoño
102721,LOSARTAN 50MGX100TAB,PERUFARMA GENERICO,0.0,10.0,2.0,2024-03-02 19:20:01,9,3,Otoño
102721,LOSARTAN 50MGX100TAB,PERUFARMA GENERICO,0.0,20.0,4.0,2024-03-04 10:40:14,9,3,Otoño
102721,LOSARTAN 50MGX100TAB,PERUFARMA GENERICO,0.0,40.0,8.0,2024-03-04 14:20:09,1,3,Otoño
102721,LOSARTAN 50MGX100TAB,PERUFARMA GENERICO,1.0,0.0,20.7,2024-03-04 19:45:07,1,3,Otoño
102721,LOSARTAN 50MGX100TAB,PERUFARMA GENERICO,0.0,10.0,2.0,2024-03-04 20:07:16,9,3,Otoño
102721,LOSARTAN 50MGX100TAB,PERUFARMA GENERICO,0.0,10.0,2.0,2024-03-05 08:47:49,5,3,Otoño
102721,LOSARTAN 50MGX100TAB,PERUFARMA GENERICO,0.0,20.0,4.0,2024-03-05 10:19:16,1,3,Otoño
102721,LOSARTAN 50MGX100TAB,PERUFARMA GENERICO,1.0,0.0,20.7,2024-03-05 13:08:28,2,3,Otoño
102721,LOSARTAN 50MGX100TAB,PERUFARMA GENERICO,0.0,40.0,8.0,2024-03-05 20:39:26,6,3,Otoño
102721,LOSARTAN 50MGX100TAB,PERUFARMA GENERICO,0.0,20.0,4.0,2024-03-05 21:27:54,4,3,Otoño
102721,LOSARTAN 50MGX100TAB,PERUFARMA GENERICO,0.0,10.0,3.0,2024-03-06 17:47:08,7,3,Otoño
102721,LOSARTAN 50MGX100TAB,PERUFARMA GENERICO,1.0,0.0,20.7,2024-03-06 22:12:30,10,3,Otoño
102721,LOSARTAN 50MGX100TAB,PERUFARMA GENERICO,0.0,10.0,3.0,2024-03-07 16:05:05,10,3,Otoño
102721,LOSARTAN 50MGX100TAB,PERUFARMA GENERICO,0.0,10.0,3.0,2024-03-07 16:07:45,10,3,Otoño
102721,LOSARTAN 50MGX100TAB,PERUFARMA GENERICO,0.0,10.0,3.0,2024-03-07 20:08:31,5,3,Otoño
102721,LOSARTAN 50MGX100TAB,PERUFARMA GENERICO,0.0,10.0,3.0,2024-03-07 21:16:37,1,3,Otoño
102721,LOSARTAN 50MGX100TAB,PERUFARMA GENERICO,0.0,10.0,3.0,2024-03-08 17:47:23,9,3,Otoño
102721,LOSARTAN 50MGX100TAB,PERUFARMA GENERICO,0.0,10.0,3.0,2024-03-09 11:39:43,1,3,Otoño
102721,LOSARTAN 50MGX100TAB,PERUFARMA GENERICO,0.0,10.0,3.0,2024-03-09 12:39:10,1,3,Otoño
102721,LOSARTAN 50MGX100TAB,PERUFARMA GENERICO,0.0,10.0,3.0,2024-03-09 14:36:26,1,3,Otoño
102721,LOSARTAN 50MGX100TAB,PERUFARMA GENERICO,0.0,3.0,0.9,2024-03-10 10:22:30,6,3,Otoño
102721,LOSARTAN 50MGX100TAB,PERUFARMA GENERICO,0.0,10.0,3.0,2024-03-10 11:00:44,6,3,Otoño
102721,LOSARTAN 50MGX100TAB,PERUFARMA GENERICO,0.0,6.0,1.8,2024-03-10 12:57:04,10,3,Otoño
102721,LOSARTAN 50MGX100TAB,PERUFARMA GENERICO,0.0,10.0,3.0,2024-03-11 08:06:23,6,3,Otoño
102721,LOSARTAN 50MGX100TAB,PERUFARMA GENERICO,1.0,0.0,20.7,2024-03-11 17:14:25,4,3,Otoño
102721,LOSARTAN 50MGX100TAB,PERUFARMA GENERICO,0.0,10.0,3.0,2024-03-11 18:33:37,7,3,Otoño
102721,LOSARTAN 50MGX100TAB,PERUFARMA GENERICO,0.0,10.0,3.0,2024-03-11 19:57:59,7,3,Otoño
102721,LOSARTAN 50MGX100TAB,PERUFARMA GENERICO,0.0,10.0,3.0,2024-03-12 08:43:43,3,3,Otoño
102721,LOSARTAN 50MGX100TAB,PERUFARMA GENERICO,0.0,10.0,3.0,2024-03-12 09:07:08,6,3,Otoño
102721,LOSARTAN 50MGX100TAB,PERUFARMA GENERICO,0.0,20.0,6.0,2024-03-12 10:47:50,9,3,Otoño
102721,LOSARTAN 50MGX100TAB,PERUFARMA GENERICO,0.0,10.0,3.0,2024-03-12 18:29:18,1,3,Otoño
102721,LOSARTAN 50MGX100TAB,PERUFARMA GENERICO,0.0,10.0,3.0,2024-03-13 13:17:37,3,3,Otoño
102721,LOSARTAN 50MGX100TAB,PERUFARMA GENERICO,0.0,10.0,3.0,2024-03-13 13:21:40,1,3,Otoño
102721,LOSARTAN 50MGX100TAB,PERUFARMA GENERICO,0.0,10.0,3.0,2024-03-13 13:28:29,5,3,Otoño
102721,LOSARTAN 50MGX100TAB,PERUFARMA GENERICO,0.0,10.0,3.0,2024-03-14 17:41:14,5,3,Otoño
102721,LOSARTAN 50MGX100TAB,PERUFARMA GENERICO,0.0,5.0,1.5,2024-03-14 19:56:00,9,3,Otoño
102721,LOSARTAN 50MGX100TAB,PERUFARMA GENERICO,0.0,3.0,0.9,2024-03-14 20:43:18,5,3,Otoño
102721,LOSARTAN 50MGX100TAB,PERUFARMA GENERICO,0.0,30.0,9.0,2024-03-15 07:28:54,6,3,Otoño
102721,LOSARTAN 50MGX100TAB,PERUFARMA GENERICO,0.0,10.0,3.0,2024-03-15 12:40:22,8,3,Otoño
102721,LOSARTAN 50MGX100TAB,PERUFARMA GENERICO,1.0,0.0,20.7,2024-03-15 20:41:42,9,3,Otoño
102721,LOSARTAN 50MGX100TAB,PERUFARMA GENERICO,0.0,10.0,3.0,2024-03-15 20:42:20,5,3,Otoño
102721,LOSARTAN 50MGX100TAB,PERUFARMA GENERICO,0.0,10.0,3.0,2024-03-16 08:39:58,5,3,Otoño
102721,LOSARTAN 50MGX100TAB,PERUFARMA GENERICO,0.0,10.0,3.0,2024-03-16 12:41:27,1,3,Otoño
102721,LOSARTAN 50MGX100TAB,PERUFARMA GENERICO,0.0,10.0,3.0,2024-03-16 17:49:00,7,3,Otoño
102721,LOSARTAN 50MGX100TAB,PERUFARMA GENERICO,0.0,5.0,1.5,2024-03-16 21:09:20,5,3,Otoño
102721,LOSARTAN 50MGX100TAB,PERUFARMA GENERICO,0.0,10.0,3.0,2024-03-16 21:14:58,1,3,Otoño
102721,LOSARTAN 50MGX100TAB,PERUFARMA GENERICO,0.0,10.0,3.0,2024-03-16 21:40:16,10,3,Otoño
102721,LOSARTAN 50MGX100TAB,PERUFARMA GENERICO,1.0,0.0,19.66,2024-03-17 08:29:05,7,3,Otoño
102721,LOSARTAN 50MGX100TAB,PERUFARMA GENERICO,0.0,10.0,2.5,2024-03-17 21:57:04,10,3,Otoño
102721,LOSARTAN 50MGX100TAB,PERUFARMA GENERICO,0.0,50.0,12.5,2024-03-18 11:12:23,10,3,Otoño
102721,LOSARTAN 50MGX100TAB,PERUFARMA GENERICO,0.0,10.0,2.5,2024-03-18 15:11:06,5,3,Otoño
102721,LOSARTAN 50MGX100TAB,PERUFARMA GENERICO,0.0,10.0,2.5,2024-03-18 15:20:37,2,3,Otoño
102721,LOSARTAN 50MGX100TAB,PERUFARMA GENERICO,1.0,0.0,25.0,2024-03-19 15:40:46,4,3,Otoño
102721,LOSARTAN 50MGX100TAB,PERUFARMA GENERICO,0.0,20.0,5.0,2024-03-19 18:01:18,1,3,Otoño
102721,LOSARTAN 50MGX100TAB,PERUFARMA GENERICO,0.0,10.0,2.5,2024-03-20 20:28:19,6,3,Otoño
102721,LOSARTAN 50MGX100TAB,PERUFARMA GENERICO,0.0,10.0,2.5,2024-03-21 08:20:06,5,3,Otoño
102721,LOSARTAN 50MGX100TAB,PERUFARMA GENERICO,0.0,10.0,2.5,2024-03-21 18:20:44,9,3,Otoño
102721,LOSARTAN 50MGX100TAB,PERUFARMA GENERICO,0.0,10.0,2.5,2024-03-21 18:24:07,3,3,Otoño
102721,LOSARTAN 50MGX100TAB,PERUFARMA GENERICO,0.0,30.0,7.5,2024-03-21 18:28:44,5,3,Otoño
102721,LOSARTAN 50MGX100TAB,PERUFARMA GENERICO,0.0,10.0,2.5,2024-03-21 19:40:50,9,3,Otoño
102721,LOSARTAN 50MGX100TAB,PERUFARMA GENERICO,0.0,10.0,2.5,2024-03-22 07:51:27,12,3,Otoño
102721,LOSARTAN 50MGX100TAB,PERUFARMA GENERICO,0.0,20.0,5.0,2024-03-23 08:34:45,3,3,Otoño
102721,LOSARTAN 50MGX100TAB,PERUFARMA GENERICO,0.0,10.0,2.5,2024-03-23 11:20:22,1,3,Otoño
102721,LOSARTAN 50MGX100TAB,PERUFARMA GENERICO,0.0,10.0,2.5,2024-03-23 17:22:33,10,3,Otoño
102721,LOSARTAN 50MGX100TAB,PERUFARMA GENERICO,0.0,10.0,2.5,2024-03-23 17:22:56,10,3,Otoño
102721,LOSARTAN 50MGX100TAB,PERUFARMA GENERICO,0.0,15.0,3.75,2024-03-23 19:10:44,2,3,Otoño
102721,LOSARTAN 50MGX100TAB,PERUFARMA GENERICO,0.0,10.0,2.5,2024-03-23 20:25:13,10,3,Otoño
102721,LOSARTAN 50MGX100TAB,PERUFARMA GENERICO,0.0,5.0,1.25,2024-03-23 21:19:37,4,3,Otoño
102721,LOSARTAN 50MGX100TAB,PERUFARMA GENERICO,0.0,10.0,2.5,2024-03-24 20:36:38,6,3,Otoño
102721,LOSARTAN 50MGX100TAB,PERUFARMA GENERICO,0.0,5.0,1.25,2024-03-24 21:55:30,10,3,Otoño
102721,LOSARTAN 50MGX100TAB,PERUFARMA GENERICO,0.0,10.0,2.5,2024-03-25 07:57:55,7,3,Otoño
102721,LOSARTAN 50MGX100TAB,PERUFARMA GENERICO,0.0,10.0,2.5,2024-03-25 08:02:50,1,3,Otoño
102721,LOSARTAN 50MGX100TAB,PERUFARMA GENERICO,0.0,20.0,5.0,2024-03-25 10:17:25,5,3,Otoño
102721,LOSARTAN 50MGX100TAB,PERUFARMA GENERICO,0.0,10.0,2.5,2024-03-26 16:10:11,10,3,Otoño
102721,LOSARTAN 50MGX100TAB,PERUFARMA GENERICO,0.0,10.0,2.5,2024-03-26 16:10:41,10,3,Otoño
102721,LOSARTAN 50MGX100TAB,PERUFARMA GENERICO,0.0,20.0,5.0,2024-03-26 18:01:47,1,3,Otoño
102721,LOSARTAN 50MGX100TAB,PERUFARMA GENERICO,0.0,10.0,2.5,2024-03-26 18:34:16,7,3,Otoño
102721,LOSARTAN 50MGX100TAB,PERUFARMA GENERICO,0.0,10.0,2.5,2024-03-26 18:42:44,6,3,Otoño
102721,LOSARTAN 50MGX100TAB,PERUFARMA GENERICO,0.0,20.0,5.0,2024-03-26 19:13:03,3,3,Otoño
102721,LOSARTAN 50MGX100TAB,PERUFARMA GENERICO,0.0,20.0,5.0,2024-03-26 19:40:08,6,3,Otoño
102721,LOSARTAN 50MGX100TAB,PERUFARMA GENERICO,0.0,20.0,5.0,2024-03-27 09:34:47,6,3,Otoño
102721,LOSARTAN 50MGX100TAB,PERUFARMA GENERICO,0.0,10.0,2.5,2024-03-27 12:18:13,3,3,Otoño
102721,LOSARTAN 50MGX100TAB,PERUFARMA GENERICO,0.0,10.0,2.5,2024-03-27 18:25:27,10,3,Otoño
102721,LOSARTAN 50MGX100TAB,PERUFARMA GENERICO,0.0,20.0,5.0,2024-03-27 19:32:08,11,3,Otoño
102721,LOSARTAN 50MGX100TAB,PERUFARMA GENERICO,0.0,10.0,2.5,2024-03-28 11:35:24,10,3,Otoño
102721,LOSARTAN 50MGX100TAB,PERUFARMA GENERICO,0.0,-10.0,-2.5,2024-03-28 12:00:00,3,3,Otoño
102721,LOSARTAN 50MGX100TAB,PERUFARMA GENERICO,0.0,90.0,22.5,2024-03-28 12:10:41,4,3,Otoño
102721,LOSARTAN 50MGX100TAB,PERUFARMA GENERICO,1.0,0.0,25.0,2024-03-28 12:53:32,5,3,Otoño
102721,LOSARTAN 50MGX100TAB,PERUFARMA GENERICO,0.0,10.0,2.5,2024-03-28 14:03:38,3,3,Otoño
102721,LOSARTAN 50MGX100TAB,PERUFARMA GENERICO,0.0,10.0,2.5,2024-03-28 18:11:18,5,3,Otoño
102721,LOSARTAN 50MGX100TAB,PERUFARMA GENERICO,0.0,50.0,12.5,2024-03-28 18:39:35,3,3,Otoño
102721,LOSARTAN 50MGX100TAB,PERUFARMA GENERICO,0.0,10.0,2.5,2024-03-29 14:59:37,2,3,Otoño
102721,LOSARTAN 50MGX100TAB,PERUFARMA GENERICO,0.0,30.0,7.5,2024-03-30 12:27:22,3,3,Otoño
102721,LOSARTAN 50MGX100TAB,PERUFARMA GENERICO,0.0,8.0,2.0,2024-03-30 12:31:30,9,3,Otoño
102721,LOSARTAN 50MGX100TAB,PERUFARMA GENERICO,0.0,10.0,2.5,2024-03-30 18:23:04,12,3,Otoño
102721,LOSARTAN 50MGX100TAB,PERUFARMA GENERICO,0.0,60.0,15.0,2024-03-30 18:38:54,3,3,Otoño
102721,LOSARTAN 50MGX100TAB,PERUFARMA GENERICO,0.0,20.0,5.0,2024-03-31 09:25:41,4,3,Otoño
102721,LOSARTAN 50MGX100TAB,PERUFARMA GENERICO,0.0,2.0,0.5,2024-03-31 09:52:35,7,3,Otoño
102721,LOSARTAN 50MGX100TAB,PERUFARMA GENERICO,0.0,20.0,5.0,2024-03-31 10:03:26,4,3,Otoño
102721,LOSARTAN 50MGX100TAB,PERUFARMA GENERICO,0.0,20.0,5.0,2024-03-31 18:10:24,7,3,Otoño
102721,LOSARTAN 50MGX100TAB,PERUFARMA GENERICO,0.0,6.0,1.5,2024-03-31 19:06:07,5,3,Otoño
102721,LOSARTAN 50MGX100TAB,PERUFARMA GENERICO,0.0,10.0,2.5,2024-03-31 22:52:26,5,3,Otoño
102721,LOSARTAN 50MGX100TAB,PERUFARMA GENERICO,0.0,10.0,2.5,2024-04-01 10:10:02,9,4,Otoño
102721,LOSARTAN 50MGX100TAB,PERUFARMA GENERICO,0.0,10.0,2.5,2024-04-01 14:23:30,3,4,Otoño
102721,LOSARTAN 50MGX100TAB,PERUFARMA GENERICO,0.0,10.0,2.5,2024-04-01 17:02:39,2,4,Otoño
102721,LOSARTAN 50MGX100TAB,PERUFARMA GENERICO,0.0,20.0,5.0,2024-04-02 11:32:27,3,4,Otoño
102721,LOSARTAN 50MGX100TAB,PERUFARMA GENERICO,0.0,10.0,2.5,2024-04-02 12:59:17,6,4,Otoño
102721,LOSARTAN 50MGX100TAB,PERUFARMA GENERICO,0.0,9.0,2.25,2024-04-02 14:12:20,3,4,Otoño
102721,LOSARTAN 50MGX100TAB,PERUFARMA GENERICO,0.0,10.0,2.5,2024-04-03 13:01:16,7,4,Otoño
102721,LOSARTAN 50MGX100TAB,PERUFARMA GENERICO,0.0,10.0,2.5,2024-04-03 17:58:46,5,4,Otoño
102721,LOSARTAN 50MGX100TAB,PERUFARMA GENERICO,1.0,0.0,25.0,2024-04-04 10:06:50,1,4,Otoño
102721,LOSARTAN 50MGX100TAB,PERUFARMA GENERICO,0.0,10.0,2.5,2024-04-04 11:50:15,10,4,Otoño
102721,LOSARTAN 50MGX100TAB,PERUFARMA GENERICO,0.0,10.0,2.5,2024-04-04 14:24:16,5,4,Otoño
102721,LOSARTAN 50MGX100TAB,PERUFARMA GENERICO,0.0,6.0,1.5,2024-04-04 14:47:44,3,4,Otoño
102721,LOSARTAN 50MGX100TAB,PERUFARMA GENERICO,1.0,0.0,25.0,2024-04-04 18:04:01,5,4,Otoño
102721,LOSARTAN 50MGX100TAB,PERUFARMA GENERICO,1.0,0.0,25.0,2024-04-04 18:58:52,1,4,Otoño
102721,LOSARTAN 50MGX100TAB,PERUFARMA GENERICO,0.0,30.0,7.5,2024-04-05 09:20:45,10,4,Otoño
102721,LOSARTAN 50MGX100TAB,PERUFARMA GENERICO,1.0,0.0,25.0,2024-04-05 12:09:06,10,4,Otoño
102721,LOSARTAN 50MGX100TAB,PERUFARMA GENERICO,0.0,20.0,5.0,2024-04-06 00:00:00,2,4,Otoño
102721,LOSARTAN 50MGX100TAB,PERUFARMA GENERICO,0.0,10.0,2.5,2024-04-06 14:38:45,4,4,Otoño
102721,LOSARTAN 50MGX100TAB,PERUFARMA GENERICO,0.0,30.0,7.5,2024-04-06 17:32:26,10,4,Otoño
102721,LOSARTAN 50MGX100TAB,PERUFARMA GENERICO,0.0,10.0,2.5,2024-04-06 18:46:07,9,4,Otoño
102721,LOSARTAN 50MGX100TAB,PERUFARMA GENERICO,0.0,10.0,2.5,2024-04-06 20:12:03,6,4,Otoño
102721,LOSARTAN 50MGX100TAB,PERUFARMA GENERICO,0.0,30.0,7.5,2024-04-08 09:19:10,6,4,Otoño
102721,LOSARTAN 50MGX100TAB,PERUFARMA GENERICO,0.0,40.0,10.0,2024-04-08 10:39:24,4,4,Otoño
102721,LOSARTAN 50MGX100TAB,PERUFARMA GENERICO,0.0,100.0,25.0,2024-04-08 12:25:31,2,4,Otoño
102721,LOSARTAN 50MGX100TAB,PERUFARMA GENERICO,0.0,10.0,2.5,2024-04-08 14:07:57,10,4,Otoño
102721,LOSARTAN 50MGX100TAB,PERUFARMA GENERICO,0.0,10.0,2.5,2024-04-08 17:02:37,10,4,Otoño
102721,LOSARTAN 50MGX100TAB,PERUFARMA GENERICO,0.0,10.0,2.5,2024-04-08 20:06:51,9,4,Otoño
102721,LOSARTAN 50MGX100TAB,PERUFARMA GENERICO,0.0,10.0,2.5,2024-04-08 21:41:40,5,4,Otoño
102721,LOSARTAN 50MGX100TAB,PERUFARMA GENERICO,0.0,5.0,1.25,2024-04-09 07:40:33,1,4,Otoño
102721,LOSARTAN 50MGX100TAB,PERUFARMA GENERICO,0.0,10.0,2.5,2024-04-09 10:08:57,9,4,Otoño
102721,LOSARTAN 50MGX100TAB,PERUFARMA GENERICO,0.0,10.0,2.5,2024-04-09 19:30:00,9,4,Otoño
102721,LOSARTAN 50MGX100TAB,PERUFARMA GENERICO,0.0,10.0,2.5,2024-04-09 20:58:28,5,4,Otoño
102721,LOSARTAN 50MGX100TAB,PERUFARMA GENERICO,0.0,10.0,2.5,2024-04-10 12:51:59,6,4,Otoño
102721,LOSARTAN 50MGX100TAB,PERUFARMA GENERICO,0.0,2.0,0.5,2024-04-10 20:24:53,8,4,Otoño
102721,LOSARTAN 50MGX100TAB,PERUFARMA GENERICO,0.0,5.0,1.25,2024-04-11 07:36:28,6,4,Otoño
102721,LOSARTAN 50MGX100TAB,PERUFARMA GENERICO,0.0,40.0,10.0,2024-04-11 13:24:31,3,4,Otoño
102721,LOSARTAN 50MGX100TAB,PERUFARMA GENERICO,1.0,0.0,25.0,2024-04-11 14:59:42,1,4,Otoño
102721,LOSARTAN 50MGX100TAB,PERUFARMA GENERICO,0.0,1.0,0.25,2024-04-11 18:08:00,3,4,Otoño
102721,LOSARTAN 50MGX100TAB,PERUFARMA GENERICO,0.0,20.0,5.0,2024-04-11 19:50:19,7,4,Otoño
102721,LOSARTAN 50MGX100TAB,PERUFARMA GENERICO,0.0,10.0,2.5,2024-04-11 19:59:54,12,4,Otoño
102721,LOSARTAN 50MGX100TAB,PERUFARMA GENERICO,0.0,10.0,2.5,2024-04-11 20:10:42,6,4,Otoño
102721,LOSARTAN 50MGX100TAB,PERUFARMA GENERICO,1.0,0.0,25.0,2024-04-11 20:22:30,7,4,Otoño
102721,LOSARTAN 50MGX100TAB,PERUFARMA GENERICO,0.0,40.0,10.0,2024-04-12 08:14:39,3,4,Otoño
102721,LOSARTAN 50MGX100TAB,PERUFARMA GENERICO,0.0,10.0,2.5,2024-04-12 08:57:27,4,4,Otoño
102721,LOSARTAN 50MGX100TAB,PERUFARMA GENERICO,0.0,-40.0,-10.0,2024-04-12 12:00:00,1,4,Otoño
102721,LOSARTAN 50MGX100TAB,PERUFARMA GENERICO,0.0,40.0,10.0,2024-04-12 15:00:16,1,4,Otoño
102721,LOSARTAN 50MGX100TAB,PERUFARMA GENERICO,0.0,40.0,10.0,2024-04-12 15:09:31,1,4,Otoño
102721,LOSARTAN 50MGX100TAB,PERUFARMA GENERICO,1.0,0.0,25.0,2024-04-12 15:55:16,9,4,Otoño
102721,LOSARTAN 50MGX100TAB,PERUFARMA GENERICO,0.0,10.0,2.5,2024-04-12 21:57:35,9,4,Otoño
102721,LOSARTAN 50MGX100TAB,PERUFARMA GENERICO,1.0,0.0,25.0,2024-04-13 14:42:09,8,4,Otoño
102721,LOSARTAN 50MGX100TAB,PERUFARMA GENERICO,0.0,5.0,1.25,2024-04-13 17:13:29,10,4,Otoño
102721,LOSARTAN 50MGX100TAB,PERUFARMA GENERICO,0.0,20.0,5.0,2024-04-13 19:59:50,3,4,Otoño
102721,LOSARTAN 50MGX100TAB,PERUFARMA GENERICO,1.0,0.0,25.0,2024-04-13 20:44:39,4,4,Otoño
102721,LOSARTAN 50MGX100TAB,PERUFARMA GENERICO,0.0,10.0,2.5,2024-04-14 12:26:06,9,4,Otoño
102721,LOSARTAN 50MGX100TAB,PERUFARMA GENERICO,0.0,10.0,2.5,2024-04-14 15:27:38,2,4,Otoño
102721,LOSARTAN 50MGX100TAB,PERUFARMA GENERICO,1.0,0.0,25.0,2024-04-14 17:34:27,4,4,Otoño
102721,LOSARTAN 50MGX100TAB,PERUFARMA GENERICO,0.0,10.0,2.5,2024-04-15 08:57:09,1,4,Otoño
102721,LOSARTAN 50MGX100TAB,PERUFARMA GENERICO,0.0,10.0,2.5,2024-04-15 10:10:38,9,4,Otoño
102721,LOSARTAN 50MGX100TAB,PERUFARMA GENERICO,0.0,20.0,5.0,2024-04-15 17:06:45,4,4,Otoño
102721,LOSARTAN 50MGX100TAB,PERUFARMA GENERICO,0.0,20.0,5.0,2024-04-15 17:21:13,12,4,Otoño
102721,LOSARTAN 50MGX100TAB,PERUFARMA GENERICO,0.0,10.0,2.5,2024-04-15 19:27:13,5,4,Otoño
102721,LOSARTAN 50MGX100TAB,PERUFARMA GENERICO,0.0,10.0,2.5,2024-04-15 20:49:01,4,4,Otoño
102721,LOSARTAN 50MGX100TAB,PERUFARMA GENERICO,0.0,20.0,5.0,2024-04-15 21:53:52,6,4,Otoño
102721,LOSARTAN 50MGX100TAB,PERUFARMA GENERICO,0.0,20.0,5.0,2024-04-16 19:20:19,3,4,Otoño
102721,LOSARTAN 50MGX100TAB,PERUFARMA GENERICO,0.0,40.0,10.0,2024-04-17 07:22:43,4,4,Otoño
102721,LOSARTAN 50MGX100TAB,PERUFARMA GENERICO,0.0,10.0,2.5,2024-04-17 08:22:38,7,4,Otoño
102721,LOSARTAN 50MGX100TAB,PERUFARMA GENERICO,0.0,20.0,5.0,2024-04-17 08:41:04,12,4,Otoño
102721,LOSARTAN 50MGX100TAB,PERUFARMA GENERICO,0.0,10.0,2.5,2024-04-17 16:18:17,10,4,Otoño
102721,LOSARTAN 50MGX100TAB,PERUFARMA GENERICO,0.0,20.0,5.0,2024-04-17 21:12:41,1,4,Otoño
102721,LOSARTAN 50MGX100TAB,PERUFARMA GENERICO,0.0,10.0,2.5,2024-04-18 19:16:05,10,4,Otoño
102721,LOSARTAN 50MGX100TAB,PERUFARMA GENERICO,0.0,10.0,2.5,2024-04-19 08:00:30,6,4,Otoño
102721,LOSARTAN 50MGX100TAB,PERUFARMA GENERICO,0.0,10.0,2.5,2024-04-19 10:17:48,3,4,Otoño
102721,LOSARTAN 50MGX100TAB,PERUFARMA GENERICO,0.0,10.0,2.5,2024-04-19 12:23:36,6,4,Otoño
102721,LOSARTAN 50MGX100TAB,PERUFARMA GENERICO,0.0,20.0,5.0,2024-04-19 13:57:56,12,4,Otoño
102721,LOSARTAN 50MGX100TAB,PERUFARMA GENERICO,0.0,10.0,2.5,2024-04-19 22:13:25,12,4,Otoño
102721,LOSARTAN 50MGX100TAB,PERUFARMA GENERICO,0.0,10.0,2.5,2024-04-20 08:27:33,6,4,Otoño
102721,LOSARTAN 50MGX100TAB,PERUFARMA GENERICO,0.0,10.0,2.5,2024-04-20 09:03:14,4,4,Otoño
102721,LOSARTAN 50MGX100TAB,PERUFARMA GENERICO,0.0,20.0,5.0,2024-04-20 18:49:33,3,4,Otoño
102721,LOSARTAN 50MGX100TAB,PERUFARMA GENERICO,0.0,10.0,2.5,2024-04-20 20:30:30,9,4,Otoño
102721,LOSARTAN 50MGX100TAB,PERUFARMA GENERICO,0.0,20.0,5.0,2024-04-20 21:58:15,5,4,Otoño
102721,LOSARTAN 50MGX100TAB,PERUFARMA GENERICO,0.0,10.0,2.5,2024-04-20 22:05:46,10,4,Otoño
102721,LOSARTAN 50MGX100TAB,PERUFARMA GENERICO,0.0,4.0,1.0,2024-04-21 10:10:57,6,4,Otoño
102721,LOSARTAN 50MGX100TAB,PERUFARMA GENERICO,0.0,20.0,5.0,2024-04-21 12:16:11,3,4,Otoño
102721,LOSARTAN 50MGX100TAB,PERUFARMA GENERICO,0.0,20.0,5.0,2024-04-21 13:52:05,9,4,Otoño
102721,LOSARTAN 50MGX100TAB,PERUFARMA GENERICO,0.0,10.0,2.5,2024-04-21 13:54:25,1,4,Otoño
102721,LOSARTAN 50MGX100TAB,PERUFARMA GENERICO,0.0,2.0,0.5,2024-04-21 19:44:33,1,4,Otoño
102721,LOSARTAN 50MGX100TAB,PERUFARMA GENERICO,0.0,10.0,2.5,2024-04-21 21:28:09,7,4,Otoño
102721,LOSARTAN 50MGX100TAB,PERUFARMA GENERICO,0.0,10.0,2.5,2024-04-21 22:21:23,4,4,Otoño
102721,LOSARTAN 50MGX100TAB,PERUFARMA GENERICO,0.0,20.0,5.0,2024-04-22 09:36:47,6,4,Otoño
102721,LOSARTAN 50MGX100TAB,PERUFARMA GENERICO,1.0,0.0,25.0,2024-04-22 10:42:10,10,4,Otoño
102721,LOSARTAN 50MGX100TAB,PERUFARMA GENERICO,0.0,20.0,5.0,2024-04-22 17:38:18,2,4,Otoño
102721,LOSARTAN 50MGX100TAB,PERUFARMA GENERICO,0.0,10.0,2.5,2024-04-22 19:29:15,3,4,Otoño
102721,LOSARTAN 50MGX100TAB,PERUFARMA GENERICO,0.0,20.0,5.0,2024-04-22 23:18:35,4,4,Otoño
102721,LOSARTAN 50MGX100TAB,PERUFARMA GENERICO,0.0,30.0,7.5,2024-04-23 09:25:28,6,4,Otoño
102721,LOSARTAN 50MGX100TAB,PERUFARMA GENERICO,0.0,30.0,7.5,2024-04-23 10:51:31,10,4,Otoño
102721,LOSARTAN 50MGX100TAB,PERUFARMA GENERICO,0.0,2.0,0.5,2024-04-23 14:00:53,1,4,Otoño
102721,LOSARTAN 50MGX100TAB,PERUFARMA GENERICO,0.0,10.0,2.5,2024-04-23 19:37:15,9,4,Otoño
102721,LOSARTAN 50MGX100TAB,PERUFARMA GENERICO,0.0,10.0,2.5,2024-04-23 20:25:54,10,4,Otoño
102721,LOSARTAN 50MGX100TAB,PERUFARMA GENERICO,1.0,0.0,25.0,2024-04-23 21:34:10,1,4,Otoño
102721,LOSARTAN 50MGX100TAB,PERUFARMA GENERICO,0.0,10.0,2.5,2024-04-24 13:07:22,4,4,Otoño
102721,LOSARTAN 50MGX100TAB,PERUFARMA GENERICO,0.0,10.0,2.5,2024-04-24 17:49:31,3,4,Otoño
102721,LOSARTAN 50MGX100TAB,PERUFARMA GENERICO,0.0,10.0,2.5,2024-04-24 20:04:09,6,4,Otoño
102721,LOSARTAN 50MGX100TAB,PERUFARMA GENERICO,0.0,10.0,2.5,2024-04-25 10:59:50,2,4,Otoño
102721,LOSARTAN 50MGX100TAB,PERUFARMA GENERICO,0.0,-10.0,-2.5,2024-04-25 12:00:00,3,4,Otoño
102721,LOSARTAN 50MGX100TAB,PERUFARMA GENERICO,0.0,30.0,7.5,2024-04-25 17:28:14,9,4,Otoño
102721,LOSARTAN 50MGX100TAB,PERUFARMA GENERICO,1.0,0.0,25.0,2024-04-25 18:17:10,9,4,Otoño
102721,LOSARTAN 50MGX100TAB,PERUFARMA GENERICO,1.0,0.0,25.0,2024-04-25 18:27:37,1,4,Otoño
102721,LOSARTAN 50MGX100TAB,PERUFARMA GENERICO,0.0,10.0,2.5,2024-04-25 21:20:43,4,4,Otoño
102721,LOSARTAN 50MGX100TAB,PERUFARMA GENERICO,0.0,10.0,2.5,2024-04-25 21:26:02,3,4,Otoño
102721,LOSARTAN 50MGX100TAB,PERUFARMA GENERICO,0.0,10.0,2.5,2024-04-25 21:26:35,3,4,Otoño
102721,LOSARTAN 50MGX100TAB,PERUFARMA GENERICO,1.0,0.0,25.0,2024-04-26 10:42:29,8,4,Otoño
102721,LOSARTAN 50MGX100TAB,PERUFARMA GENERICO,1.0,0.0,25.0,2024-04-26 18:21:18,4,4,Otoño
102721,LOSARTAN 50MGX100TAB,PERUFARMA GENERICO,0.0,10.0,2.5,2024-04-26 19:33:18,11,4,Otoño
102721,LOSARTAN 50MGX100TAB,PERUFARMA GENERICO,1.0,0.0,25.0,2024-04-27 08:19:59,1,4,Otoño
102721,LOSARTAN 50MGX100TAB,PERUFARMA GENERICO,0.0,10.0,2.5,2024-04-27 14:05:54,10,4,Otoño
102721,LOSARTAN 50MGX100TAB,PERUFARMA GENERICO,0.0,10.0,2.5,2024-04-27 20:07:30,5,4,Otoño
102721,LOSARTAN 50MGX100TAB,PERUFARMA GENERICO,0.0,10.0,2.5,2024-04-28 11:05:32,9,4,Otoño
102721,LOSARTAN 50MGX100TAB,PERUFARMA GENERICO,0.0,1.0,0.25,2024-04-28 12:04:21,10,4,Otoño
102721,LOSARTAN 50MGX100TAB,PERUFARMA GENERICO,0.0,30.0,7.5,2024-04-28 13:24:12,9,4,Otoño
102721,LOSARTAN 50MGX100TAB,PERUFARMA GENERICO,0.0,2.0,0.5,2024-04-28 14:48:29,10,4,Otoño
102721,LOSARTAN 50MGX100TAB,PERUFARMA GENERICO,1.0,0.0,25.0,2024-04-28 18:26:43,5,4,Otoño
102721,LOSARTAN 50MGX100TAB,PERUFARMA GENERICO,0.0,10.0,2.5,2024-04-28 19:52:36,5,4,Otoño
102721,LOSARTAN 50MGX100TAB,PERUFARMA GENERICO,0.0,10.0,2.5,2024-04-29 09:26:59,6,4,Otoño
102721,LOSARTAN 50MGX100TAB,PERUFARMA GENERICO,0.0,10.0,2.5,2024-04-29 12:53:31,3,4,Otoño
102721,LOSARTAN 50MGX100TAB,PERUFARMA GENERICO,0.0,10.0,2.5,2024-04-29 16:51:38,6,4,Otoño
102721,LOSARTAN 50MGX100TAB,PERUFARMA GENERICO,0.0,20.0,5.0,2024-04-29 18:11:31,6,4,Otoño
102721,LOSARTAN 50MGX100TAB,PERUFARMA GENERICO,0.0,60.0,15.0,2024-04-29 18:15:40,3,4,Otoño
102721,LOSARTAN 50MGX100TAB,PERUFARMA GENERICO,1.0,0.0,25.0,2024-04-29 19:17:52,1,4,Otoño
102721,LOSARTAN 50MGX100TAB,PERUFARMA GENERICO,0.0,10.0,2.5,2024-04-30 10:00:18,6,4,Otoño
102721,LOSARTAN 50MGX100TAB,PERUFARMA GENERICO,1.0,0.0,25.0,2024-04-30 10:00:44,4,4,Otoño
102721,LOSARTAN 50MGX100TAB,PERUFARMA GENERICO,0.0,10.0,2.5,2024-04-30 12:53:47,3,4,Otoño
102721,LOSARTAN 50MGX100TAB,PERUFARMA GENERICO,0.0,10.0,2.5,2024-05-01 00:00:00,10,5,Otoño
102721,LOSARTAN 50MGX100TAB,PERUFARMA GENERICO,0.0,10.0,2.5,2024-05-01 10:48:01,4,5,Otoño
102721,LOSARTAN 50MGX100TAB,PERUFARMA GENERICO,0.0,10.0,2.5,2024-05-01 18:14:26,3,5,Otoño
102721,LOSARTAN 50MGX100TAB,PERUFARMA GENERICO,0.0,10.0,2.5,2024-05-02 08:52:42,7,5,Otoño
102721,LOSARTAN 50MGX100TAB,PERUFARMA GENERICO,0.0,20.0,5.0,2024-05-02 11:12:11,6,5,Otoño
102721,LOSARTAN 50MGX100TAB,PERUFARMA GENERICO,0.0,10.0,2.5,2024-05-02 11:25:35,7,5,Otoño
102721,LOSARTAN 50MGX100TAB,PERUFARMA GENERICO,0.0,10.0,2.5,2024-05-02 18:37:51,5,5,Otoño
102721,LOSARTAN 50MGX100TAB,PERUFARMA GENERICO,0.0,10.0,2.5,2024-05-02 20:53:48,7,5,Otoño
102721,LOSARTAN 50MGX100TAB,PERUFARMA GENERICO,0.0,10.0,2.5,2024-05-03 10:20:31,2,5,Otoño
102721,LOSARTAN 50MGX100TAB,PERUFARMA GENERICO,0.0,10.0,2.5,2024-05-03 10:34:01,3,5,Otoño
102721,LOSARTAN 50MGX100TAB,PERUFARMA GENERICO,0.0,10.0,2.5,2024-05-03 11:11:40,8,5,Otoño
102721,LOSARTAN 50MGX100TAB,PERUFARMA GENERICO,0.0,50.0,12.5,2024-05-03 19:13:14,1,5,Otoño
102721,LOSARTAN 50MGX100TAB,PERUFARMA GENERICO,0.0,10.0,2.5,2024-05-03 21:38:11,3,5,Otoño
102721,LOSARTAN 50MGX100TAB,PERUFARMA GENERICO,0.0,10.0,2.5,2024-05-04 15:28:16,8,5,Otoño
102721,LOSARTAN 50MGX100TAB,PERUFARMA GENERICO,0.0,10.0,2.5,2024-05-04 16:53:14,8,5,Otoño
102721,LOSARTAN 50MGX100TAB,PERUFARMA GENERICO,0.0,10.0,2.5,2024-05-04 18:50:25,9,5,Otoño
102721,LOSARTAN 50MGX100TAB,PERUFARMA GENERICO,0.0,2.0,0.5,2024-05-04 19:55:15,8,5,Otoño
102721,LOSARTAN 50MGX100TAB,PERUFARMA GENERICO,0.0,10.0,2.5,2024-05-05 15:44:19,6,5,Otoño
102721,LOSARTAN 50MGX100TAB,PERUFARMA GENERICO,0.0,10.0,2.5,2024-05-05 19:43:45,1,5,Otoño
102721,LOSARTAN 50MGX100TAB,PERUFARMA GENERICO,0.0,5.0,1.25,2024-05-06 09:53:18,6,5,Otoño
102721,LOSARTAN 50MGX100TAB,PERUFARMA GENERICO,0.0,10.0,2.5,2024-05-06 19:57:31,7,5,Otoño
102721,LOSARTAN 50MGX100TAB,PERUFARMA GENERICO,0.0,20.0,5.0,2024-05-07 09:23:55,11,5,Otoño
102721,LOSARTAN 50MGX100TAB,PERUFARMA GENERICO,0.0,20.0,5.0,2024-05-07 10:53:46,6,5,Otoño
102721,LOSARTAN 50MGX100TAB,PERUFARMA GENERICO,0.0,10.0,2.5,2024-05-07 19:39:30,5,5,Otoño
102721,LOSARTAN 50MGX100TAB,PERUFARMA GENERICO,0.0,10.0,2.5,2024-05-08 11:56:47,3,5,Otoño
102721,LOSARTAN 50MGX100TAB,PERUFARMA GENERICO,1.0,0.0,25.0,2024-05-08 12:23:59,3,5,Otoño
102721,LOSARTAN 50MGX100TAB,PERUFARMA GENERICO,0.0,40.0,10.0,2024-05-08 17:31:17,5,5,Otoño
102721,LOSARTAN 50MGX100TAB,PERUFARMA GENERICO,0.0,4.0,1.0,2024-05-08 17:45:37,3,5,Otoño
102721,LOSARTAN 50MGX100TAB,PERUFARMA GENERICO,0.0,10.0,2.5,2024-05-08 18:59:34,5,5,Otoño
102721,LOSARTAN 50MGX100TAB,PERUFARMA GENERICO,0.0,20.0,5.0,2024-05-08 19:15:48,5,5,Otoño
102721,LOSARTAN 50MGX100TAB,PERUFARMA GENERICO,0.0,10.0,2.5,2024-05-08 20:16:59,1,5,Otoño
102721,LOSARTAN 50MGX100TAB,PERUFARMA GENERICO,0.0,10.0,2.5,2024-05-08 22:23:01,1,5,Otoño
102721,LOSARTAN 50MGX100TAB,PERUFARMA GENERICO,0.0,40.0,10.0,2024-05-09 12:03:20,1,5,Otoño
102721,LOSARTAN 50MGX100TAB,PERUFARMA GENERICO,0.0,10.0,2.5,2024-05-10 08:09:22,9,5,Otoño
102721,LOSARTAN 50MGX100TAB,PERUFARMA GENERICO,0.0,10.0,2.5,2024-05-10 08:25:10,9,5,Otoño
102721,LOSARTAN 50MGX100TAB,PERUFARMA GENERICO,0.0,10.0,2.5,2024-05-10 08:55:32,11,5,Otoño
102721,LOSARTAN 50MGX100TAB,PERUFARMA GENERICO,0.0,10.0,2.5,2024-05-10 12:23:38,3,5,Otoño
102721,LOSARTAN 50MGX100TAB,PERUFARMA GENERICO,2.0,0.0,50.0,2024-05-10 17:43:14,1,5,Otoño
102721,LOSARTAN 50MGX100TAB,PERUFARMA GENERICO,0.0,10.0,2.5,2024-05-10 20:40:45,7,5,Otoño
102721,LOSARTAN 50MGX100TAB,PERUFARMA GENERICO,0.0,10.0,2.5,2024-05-11 15:51:26,6,5,Otoño
102721,LOSARTAN 50MGX100TAB,PERUFARMA GENERICO,0.0,10.0,2.5,2024-05-11 16:02:21,7,5,Otoño
102721,LOSARTAN 50MGX100TAB,PERUFARMA GENERICO,0.0,20.0,5.0,2024-05-11 20:35:16,7,5,Otoño
102721,LOSARTAN 50MGX100TAB,PERUFARMA GENERICO,0.0,10.0,2.5,2024-05-12 09:52:13,1,5,Otoño
102721,LOSARTAN 50MGX100TAB,PERUFARMA GENERICO,0.0,10.0,2.5,2024-05-12 18:12:34,1,5,Otoño
102721,LOSARTAN 50MGX100TAB,PERUFARMA GENERICO,0.0,10.0,2.5,2024-05-12 19:24:58,6,5,Otoño
102721,LOSARTAN 50MGX100TAB,PERUFARMA GENERICO,0.0,20.0,5.0,2024-05-13 17:11:37,5,5,Otoño
102721,LOSARTAN 50MGX100TAB,PERUFARMA GENERICO,0.0,10.0,2.5,2024-05-13 18:39:43,6,5,Otoño
102721,LOSARTAN 50MGX100TAB,PERUFARMA GENERICO,0.0,20.0,5.0,2024-05-14 08:50:45,3,5,Otoño
102721,LOSARTAN 50MGX100TAB,PERUFARMA GENERICO,0.0,10.0,2.5,2024-05-14 09:29:45,6,5,Otoño
102721,LOSARTAN 50MGX100TAB,PERUFARMA GENERICO,0.0,20.0,5.0,2024-05-14 17:34:50,3,5,Otoño
102721,LOSARTAN 50MGX100TAB,PERUFARMA GENERICO,0.0,40.0,10.0,2024-05-14 19:31:16,9,5,Otoño
102721,LOSARTAN 50MGX100TAB,PERUFARMA GENERICO,0.0,10.0,2.5,2024-05-14 20:57:14,10,5,Otoño
102721,LOSARTAN 50MGX100TAB,PERUFARMA GENERICO,0.0,10.0,2.5,2024-05-15 10:07:25,7,5,Otoño
102721,LOSARTAN 50MGX100TAB,PERUFARMA GENERICO,1.0,0.0,25.0,2024-05-15 10:51:38,3,5,Otoño
102721,LOSARTAN 50MGX100TAB,PERUFARMA GENERICO,0.0,10.0,2.5,2024-05-15 16:13:41,9,5,Otoño
102721,LOSARTAN 50MGX100TAB,PERUFARMA GENERICO,0.0,20.0,5.0,2024-05-16 09:51:18,9,5,Otoño
102721,LOSARTAN 50MGX100TAB,PERUFARMA GENERICO,0.0,10.0,2.5,2024-05-16 15:43:24,1,5,Otoño
102721,LOSARTAN 50MGX100TAB,PERUFARMA GENERICO,0.0,2.0,0.5,2024-05-16 16:48:44,4,5,Otoño
102721,LOSARTAN 50MGX100TAB,PERUFARMA GENERICO,0.0,10.0,2.5,2024-05-17 09:23:56,6,5,Otoño
102721,LOSARTAN 50MGX100TAB,PERUFARMA GENERICO,0.0,10.0,2.5,2024-05-17 12:10:45,11,5,Otoño
102721,LOSARTAN 50MGX100TAB,PERUFARMA GENERICO,0.0,10.0,2.5,2024-05-17 12:14:37,11,5,Otoño
102721,LOSARTAN 50MGX100TAB,PERUFARMA GENERICO,0.0,10.0,2.5,2024-05-17 20:19:32,6,5,Otoño
102721,LOSARTAN 50MGX100TAB,PERUFARMA GENERICO,0.0,40.0,10.0,2024-05-17 20:29:38,1,5,Otoño
102721,LOSARTAN 50MGX100TAB,PERUFARMA GENERICO,0.0,20.0,5.0,2024-05-18 08:18:36,3,5,Otoño
102721,LOSARTAN 50MGX100TAB,PERUFARMA GENERICO,0.0,10.0,2.5,2024-05-18 11:03:12,6,5,Otoño
102721,LOSARTAN 50MGX100TAB,PERUFARMA GENERICO,0.0,10.0,2.5,2024-05-18 18:16:58,11,5,Otoño
102721,LOSARTAN 50MGX100TAB,PERUFARMA GENERICO,0.0,10.0,2.5,2024-05-18 22:41:48,1,5,Otoño
102721,LOSARTAN 50MGX100TAB,PERUFARMA GENERICO,0.0,20.0,5.0,2024-05-19 10:43:04,3,5,Otoño
102721,LOSARTAN 50MGX100TAB,PERUFARMA GENERICO,0.0,10.0,2.5,2024-05-20 09:23:01,10,5,Otoño
102721,LOSARTAN 50MGX100TAB,PERUFARMA GENERICO,1.0,0.0,25.0,2024-05-20 09:44:29,6,5,Otoño
102721,LOSARTAN 50MGX100TAB,PERUFARMA GENERICO,0.0,20.0,5.0,2024-05-20 11:03:14,6,5,Otoño
102721,LOSARTAN 50MGX100TAB,PERUFARMA GENERICO,0.0,40.0,10.0,2024-05-20 14:07:32,3,5,Otoño
102721,LOSARTAN 50MGX100TAB,PERUFARMA GENERICO,0.0,10.0,2.5,2024-05-20 16:28:06,1,5,Otoño
102721,LOSARTAN 50MGX100TAB,PERUFARMA GENERICO,0.0,60.0,15.0,2024-05-20 16:39:40,8,5,Otoño
102721,LOSARTAN 50MGX100TAB,PERUFARMA GENERICO,1.0,0.0,25.0,2024-05-20 17:02:04,2,5,Otoño
102721,LOSARTAN 50MGX100TAB,PERUFARMA GENERICO,0.0,20.0,5.0,2024-05-20 19:52:14,11,5,Otoño
102721,LOSARTAN 50MGX100TAB,PERUFARMA GENERICO,0.0,10.0,2.5,2024-05-20 19:58:48,1,5,Otoño
102721,LOSARTAN 50MGX100TAB,PERUFARMA GENERICO,0.0,50.0,12.5,2024-05-20 21:10:09,3,5,Otoño
102721,LOSARTAN 50MGX100TAB,PERUFARMA GENERICO,0.0,10.0,2.5,2024-05-21 17:47:57,2,5,Otoño
102721,LOSARTAN 50MGX100TAB,PERUFARMA GENERICO,0.0,20.0,5.0,2024-05-21 21:40:40,1,5,Otoño
102721,LOSARTAN 50MGX100TAB,PERUFARMA GENERICO,0.0,10.0,2.5,2024-05-21 22:03:37,7,5,Otoño
102721,LOSARTAN 50MGX100TAB,PERUFARMA GENERICO,0.0,20.0,5.0,2024-05-22 12:14:43,1,5,Otoño
102721,LOSARTAN 50MGX100TAB,PERUFARMA GENERICO,0.0,10.0,2.5,2024-05-22 14:52:26,9,5,Otoño
102721,LOSARTAN 50MGX100TAB,PERUFARMA GENERICO,0.0,10.0,2.0,2024-05-23 08:14:34,3,5,Otoño
102721,LOSARTAN 50MGX100TAB,PERUFARMA GENERICO,0.0,10.0,2.0,2024-05-23 09:42:20,5,5,Otoño
102721,LOSARTAN 50MGX100TAB,PERUFARMA GENERICO,0.0,10.0,2.0,2024-05-23 10:34:45,2,5,Otoño
102721,LOSARTAN 50MGX100TAB,PERUFARMA GENERICO,0.0,30.0,6.0,2024-05-23 14:38:48,1,5,Otoño
102721,LOSARTAN 50MGX100TAB,PERUFARMA GENERICO,0.0,10.0,2.0,2024-05-23 15:44:11,6,5,Otoño
102721,LOSARTAN 50MGX100TAB,PERUFARMA GENERICO,0.0,10.0,2.0,2024-05-23 18:42:24,3,5,Otoño
102721,LOSARTAN 50MGX100TAB,PERUFARMA GENERICO,2.0,0.0,40.0,2024-05-23 20:44:44,3,5,Otoño
102721,LOSARTAN 50MGX100TAB,PERUFARMA GENERICO,0.0,10.0,2.0,2024-05-24 15:14:29,3,5,Otoño
102721,LOSARTAN 50MGX100TAB,PERUFARMA GENERICO,0.0,5.0,1.0,2024-05-24 17:03:41,3,5,Otoño
102721,LOSARTAN 50MGX100TAB,PERUFARMA GENERICO,0.0,10.0,2.0,2024-05-25 13:33:03,5,5,Otoño
102721,LOSARTAN 50MGX100TAB,PERUFARMA GENERICO,0.0,10.0,2.0,2024-05-25 18:38:59,6,5,Otoño
102721,LOSARTAN 50MGX100TAB,PERUFARMA GENERICO,0.0,10.0,2.0,2024-05-25 20:35:08,6,5,Otoño
102721,LOSARTAN 50MGX100TAB,PERUFARMA GENERICO,1.0,0.0,20.0,2024-05-26 09:14:20,3,5,Otoño
102721,LOSARTAN 50MGX100TAB,PERUFARMA GENERICO,1.0,0.0,20.0,2024-05-26 18:29:59,1,5,Otoño
102721,LOSARTAN 50MGX100TAB,PERUFARMA GENERICO,0.0,10.0,2.0,2024-05-26 21:02:09,7,5,Otoño
102721,LOSARTAN 50MGX100TAB,PERUFARMA GENERICO,0.0,10.0,2.0,2024-05-27 12:30:16,8,5,Otoño
102721,LOSARTAN 50MGX100TAB,PERUFARMA GENERICO,0.0,10.0,2.0,2024-05-27 17:32:46,1,5,Otoño
102721,LOSARTAN 50MGX100TAB,PERUFARMA GENERICO,0.0,60.0,12.0,2024-05-27 17:45:25,9,5,Otoño
102721,LOSARTAN 50MGX100TAB,PERUFARMA GENERICO,0.0,10.0,2.0,2024-05-27 19:13:41,9,5,Otoño
102721,LOSARTAN 50MGX100TAB,PERUFARMA GENERICO,1.0,0.0,20.0,2024-05-28 10:56:00,3,5,Otoño
102721,LOSARTAN 50MGX100TAB,PERUFARMA GENERICO,1.0,0.0,20.0,2024-05-28 12:16:00,5,5,Otoño
102721,LOSARTAN 50MGX100TAB,PERUFARMA GENERICO,0.0,10.0,2.0,2024-05-28 16:48:57,1,5,Otoño
102721,LOSARTAN 50MGX100TAB,PERUFARMA GENERICO,1.0,0.0,20.0,2024-05-28 17:09:00,1,5,Otoño
102721,LOSARTAN 50MGX100TAB,PERUFARMA GENERICO,0.0,10.0,2.0,2024-05-28 18:23:17,11,5,Otoño
102721,LOSARTAN 50MGX100TAB,PERUFARMA GENERICO,0.0,10.0,2.0,2024-05-29 08:29:52,2,5,Otoño
102721,LOSARTAN 50MGX100TAB,PERUFARMA GENERICO,0.0,10.0,2.0,2024-05-29 12:02:29,6,5,Otoño
102721,LOSARTAN 50MGX100TAB,PERUFARMA GENERICO,0.0,10.0,2.0,2024-05-29 13:33:38,2,5,Otoño
102721,LOSARTAN 50MGX100TAB,PERUFARMA GENERICO,0.0,20.0,4.0,2024-05-29 17:48:05,10,5,Otoño
102721,LOSARTAN 50MGX100TAB,PERUFARMA GENERICO,0.0,10.0,2.0,2024-05-29 20:17:11,6,5,Otoño
102721,LOSARTAN 50MGX100TAB,PERUFARMA GENERICO,0.0,10.0,2.0,2024-05-29 21:14:49,3,5,Otoño
102721,LOSARTAN 50MGX100TAB,PERUFARMA GENERICO,0.0,10.0,2.0,2024-05-30 08:02:07,5,5,Otoño
102721,LOSARTAN 50MGX100TAB,PERUFARMA GENERICO,0.0,10.0,2.0,2024-05-30 10:10:10,6,5,Otoño
102721,LOSARTAN 50MGX100TAB,PERUFARMA GENERICO,0.0,30.0,6.0,2024-05-30 13:04:19,1,5,Otoño
102721,LOSARTAN 50MGX100TAB,PERUFARMA GENERICO,0.0,10.0,2.0,2024-05-30 13:19:16,12,5,Otoño
102721,LOSARTAN 50MG CJAX100TAB,PERUFARMA GENERICO,0.0,10.0,2.0,2024-05-30 13:38:44,3,5,Otoño
102721,LOSARTAN 50MG CJAX100TAB,PERUFARMA GENERICO,1.0,0.0,20.0,2024-05-31 10:27:19,5,5,Otoño
102721,LOSARTAN 50MG CJAX100TAB,PERUFARMA GENERICO,1.0,0.0,20.0,2024-05-31 10:29:43,5,5,Otoño
102721,LOSARTAN 50MG CJAX100TAB,PERUFARMA GENERICO,-1.0,0.0,-20.0,2024-05-31 12:00:00,5,5,Otoño
102721,LOSARTAN 50MG CJAX100TAB,PERUFARMA GENERICO,0.0,1.0,0.2,2024-05-31 12:23:32,9,5,Otoño
102721,LOSARTAN 50MG CJAX100TAB,PERUFARMA GENERICO,0.0,10.0,2.0,2024-05-31 13:00:50,11,5,Otoño
102721,LOSARTAN 50MG CJAX100TAB,PERUFARMA GENERICO,0.0,10.0,2.0,2024-05-31 17:49:02,11,5,Otoño
102721,LOSARTAN 50MG CJAX100TAB,PERUFARMA GENERICO,0.0,10.0,2.0,2024-05-31 17:54:20,7,5,Otoño
102721,LOSARTAN 50MG CJAX100TAB,PERUFARMA GENERICO,0.0,40.0,8.0,2024-06-01 09:00:03,9,6,Invierno
102721,LOSARTAN 50MG CJAX100TAB,PERUFARMA GENERICO,0.0,10.0,2.0,2024-06-01 11:06:47,1,6,Invierno
102721,LOSARTAN 50MG CJAX100TAB,PERUFARMA GENERICO,0.0,30.0,6.0,2024-06-01 16:08:11,7,6,Invierno
102721,LOSARTAN 50MG CJAX100TAB,PERUFARMA GENERICO,0.0,2.0,0.4,2024-06-01 20:01:19,2,6,Invierno
102721,LOSARTAN 50MG CJAX100TAB,PERUFARMA GENERICO,0.0,20.0,4.0,2024-06-01 22:21:14,5,6,Invierno
102721,LOSARTAN 50MG CJAX100TAB,PERUFARMA GENERICO,0.0,3.0,0.6,2024-06-01 22:27:49,7,6,Invierno
102721,LOSARTAN 50MG CJAX100TAB,PERUFARMA GENERICO,0.0,30.0,6.0,2024-06-02 09:48:06,3,6,Invierno
102721,LOSARTAN 50MG CJAX100TAB,PERUFARMA GENERICO,0.0,10.0,2.0,2024-06-02 09:58:22,9,6,Invierno
102721,LOSARTAN 50MG CJAX100TAB,PERUFARMA GENERICO,0.0,20.0,4.0,2024-06-02 09:58:50,6,6,Invierno
102721,LOSARTAN 50MG CJAX100TAB,PERUFARMA GENERICO,0.0,10.0,2.0,2024-06-02 10:30:56,1,6,Invierno
102721,LOSARTAN 50MG CJAX100TAB,PERUFARMA GENERICO,0.0,10.0,2.0,2024-06-02 17:03:09,9,6,Invierno
102721,LOSARTAN 50MG CJAX100TAB,PERUFARMA GENERICO,0.0,20.0,4.0,2024-06-02 18:56:08,3,6,Invierno
102721,LOSARTAN 50MG CJAX100TAB,PERUFARMA GENERICO,0.0,20.0,4.0,2024-06-02 22:07:28,7,6,Invierno
102721,LOSARTAN 50MG CJAX100TAB,PERUFARMA GENERICO,0.0,30.0,6.0,2024-06-03 12:49:03,7,6,Invierno
102721,LOSARTAN 50MG CJAX100TAB,PERUFARMA GENERICO,0.0,10.0,2.0,2024-06-03 16:59:42,1,6,Invierno
102721,LOSARTAN 50MG CJAX100TAB,PERUFARMA GENERICO,0.0,10.0,2.0,2024-06-03 17:08:55,4,6,Invierno
102721,LOSARTAN 50MG CJAX100TAB,PERUFARMA GENERICO,0.0,10.0,2.0,2024-06-03 20:34:06,2,6,Invierno
102721,LOSARTAN 50MG CJAX100TAB,PERUFARMA GENERICO,1.0,0.0,20.0,2024-06-03 21:43:01,12,6,Invierno
102721,LOSARTAN 50MG CJAX100TAB,PERUFARMA GENERICO,0.0,10.0,2.0,2024-06-04 08:03:12,6,6,Invierno
102721,LOSARTAN 50MG CJAX100TAB,PERUFARMA GENERICO,0.0,10.0,2.0,2024-06-04 09:48:51,7,6,Invierno
102721,LOSARTAN 50MG CJAX100TAB,PERUFARMA GENERICO,0.0,10.0,2.0,2024-06-04 11:17:22,10,6,Invierno
102721,LOSARTAN 50MG CJAX100TAB,PERUFARMA GENERICO,0.0,10.0,2.0,2024-06-04 11:23:05,10,6,Invierno
102721,LOSARTAN 50MG CJAX100TAB,PERUFARMA GENERICO,0.0,-10.0,-2.0,2024-06-04 12:00:00,10,6,Invierno
102721,LOSARTAN 50MG CJAX100TAB,PERUFARMA GENERICO,0.0,-20.0,-4.0,2024-06-04 12:00:00,6,6,Invierno
102721,LOSARTAN 50MG CJAX100TAB,PERUFARMA GENERICO,0.0,60.0,12.0,2024-06-04 17:50:08,3,6,Invierno
102721,LOSARTAN 50MG CJAX100TAB,PERUFARMA GENERICO,0.0,20.0,4.0,2024-06-04 18:18:50,6,6,Invierno
102721,LOSARTAN 50MG CJAX100TAB,PERUFARMA GENERICO,0.0,90.0,18.0,2024-06-04 22:40:49,5,6,Invierno
102721,LOSARTAN 50MG CJAX100TAB,PERUFARMA GENERICO,0.0,10.0,2.0,2024-06-05 08:30:12,3,6,Invierno
102721,LOSARTAN 50MG CJAX100TAB,PERUFARMA GENERICO,0.0,10.0,2.0,2024-06-05 10:54:27,6,6,Invierno
102721,LOSARTAN 50MG CJAX100TAB,PERUFARMA GENERICO,0.0,30.0,6.0,2024-06-05 11:46:36,5,6,Invierno
102721,LOSARTAN 50MG CJAX100TAB,PERUFARMA GENERICO,0.0,10.0,2.0,2024-06-05 11:56:25,6,6,Invierno
102721,LOSARTAN 50MG CJAX100TAB,PERUFARMA GENERICO,0.0,30.0,6.0,2024-06-05 17:52:40,10,6,Invierno
102721,LOSARTAN 50MG CJAX100TAB,PERUFARMA GENERICO,0.0,10.0,2.0,2024-06-05 18:19:22,9,6,Invierno
102721,LOSARTAN 50MG CJAX100TAB,PERUFARMA GENERICO,0.0,10.0,2.0,2024-06-05 18:25:47,1,6,Invierno
102721,LOSARTAN 50MG CJAX100TAB,PERUFARMA GENERICO,0.0,10.0,2.0,2024-06-05 18:31:11,5,6,Invierno
102721,LOSARTAN 50MG CJAX100TAB,PERUFARMA GENERICO,0.0,10.0,2.0,2024-06-05 18:41:51,5,6,Invierno
102721,LOSARTAN 50MG CJAX100TAB,PERUFARMA GENERICO,0.0,10.0,2.0,2024-06-05 19:17:57,9,6,Invierno
102721,LOSARTAN 50MG CJAX100TAB,PERUFARMA GENERICO,0.0,10.0,2.0,2024-06-05 20:51:02,10,6,Invierno
102721,LOSARTAN 50MG CJAX100TAB,PERUFARMA GENERICO,0.0,50.0,10.0,2024-06-06 08:34:35,12,6,Invierno
102721,LOSARTAN 50MG CJAX100TAB,PERUFARMA GENERICO,0.0,20.0,4.0,2024-06-06 13:54:01,2,6,Invierno
102721,LOSARTAN 50MG CJAX100TAB,PERUFARMA GENERICO,0.0,10.0,2.0,2024-06-06 15:00:29,6,6,Invierno
102721,LOSARTAN 50MG CJAX100TAB,PERUFARMA GENERICO,0.0,10.0,2.0,2024-06-06 17:34:12,10,6,Invierno
102721,LOSARTAN 50MG CJAX100TAB,PERUFARMA GENERICO,0.0,10.0,2.0,2024-06-06 18:40:07,11,6,Invierno
102721,LOSARTAN 50MG CJAX100TAB,PERUFARMA GENERICO,0.0,20.0,4.0,2024-06-06 19:25:50,1,6,Invierno
102721,LOSARTAN 50MG CJAX100TAB,PERUFARMA GENERICO,0.0,20.0,4.0,2024-06-06 20:21:38,5,6,Invierno
102721,LOSARTAN 50MG CJAX100TAB,PERUFARMA GENERICO,0.0,10.0,2.0,2024-06-07 09:41:02,5,6,Invierno
102721,LOSARTAN 50MG CJAX100TAB,PERUFARMA GENERICO,1.0,0.0,20.0,2024-06-07 10:08:14,5,6,Invierno
102721,LOSARTAN 50MG CJAX100TAB,PERUFARMA GENERICO,0.0,10.0,2.0,2024-06-07 10:48:57,10,6,Invierno
102721,LOSARTAN 50MG CJAX100TAB,PERUFARMA GENERICO,0.0,20.0,4.0,2024-06-07 11:39:48,5,6,Invierno
102721,LOSARTAN 50MG CJAX100TAB,PERUFARMA GENERICO,0.0,10.0,2.0,2024-06-07 12:01:38,2,6,Invierno
102721,LOSARTAN 50MG CJAX100TAB,PERUFARMA GENERICO,0.0,10.0,2.0,2024-06-07 12:33:19,10,6,Invierno
102721,LOSARTAN 50MG CJAX100TAB,PERUFARMA GENERICO,0.0,20.0,4.0,2024-06-07 14:49:27,1,6,Invierno
102721,LOSARTAN 50MG CJAX100TAB,PERUFARMA GENERICO,0.0,20.0,4.0,2024-06-07 18:29:15,5,6,Invierno
102721,LOSARTAN 50MG CJAX100TAB,PERUFARMA GENERICO,0.0,10.0,2.0,2024-06-07 19:56:19,6,6,Invierno
102721,LOSARTAN 50MG CJAX100TAB,PERUFARMA GENERICO,0.0,20.0,4.0,2024-06-08 08:21:40,8,6,Invierno
102721,LOSARTAN 50MG CJAX100TAB,PERUFARMA GENERICO,1.0,0.0,20.0,2024-06-08 10:33:33,1,6,Invierno
102721,LOSARTAN 50MG CJAX100TAB,PERUFARMA GENERICO,0.0,5.0,1.0,2024-06-08 19:39:08,3,6,Invierno
102721,LOSARTAN 50MG CJAX100TAB,PERUFARMA GENERICO,0.0,10.0,2.0,2024-06-09 20:57:53,10,6,Invierno
102721,LOSARTAN 50MG CJAX100TAB,PERUFARMA GENERICO,0.0,20.0,4.0,2024-06-10 08:48:22,3,6,Invierno
102721,LOSARTAN 50MG CJAX100TAB,PERUFARMA GENERICO,0.0,10.0,2.0,2024-06-10 10:05:47,2,6,Invierno
102721,LOSARTAN 50MG CJAX100TAB,PERUFARMA GENERICO,1.0,0.0,20.0,2024-06-10 15:16:33,10,6,Invierno
102721,LOSARTAN 50MG CJAX100TAB,PERUFARMA GENERICO,0.0,10.0,2.0,2024-06-10 17:18:13,10,6,Invierno
102721,LOSARTAN 50MG CJAX100TAB,PERUFARMA GENERICO,0.0,10.0,2.0,2024-06-10 18:35:26,5,6,Invierno
102721,LOSARTAN 50MG CJAX100TAB,PERUFARMA GENERICO,0.0,20.0,4.0,2024-06-10 18:55:48,3,6,Invierno
102721,LOSARTAN 50MG CJAX100TAB,PERUFARMA GENERICO,0.0,20.0,4.0,2024-06-12 08:11:22,7,6,Invierno
102721,LOSARTAN 50MG CJAX100TAB,PERUFARMA GENERICO,0.0,-20.0,-4.0,2024-06-12 12:00:00,6,6,Invierno
102721,LOSARTAN 50MG CJAX100TAB,PERUFARMA GENERICO,0.0,10.0,2.0,2024-06-12 12:22:34,6,6,Invierno
102721,LOSARTAN 50MG CJAX100TAB,PERUFARMA GENERICO,0.0,20.0,4.0,2024-06-12 14:18:46,7,6,Invierno
102721,LOSARTAN 50MG CJAX100TAB,PERUFARMA GENERICO,0.0,10.0,2.0,2024-06-12 16:07:47,8,6,Invierno
102721,LOSARTAN 50MG CJAX100TAB,PERUFARMA GENERICO,0.0,10.0,2.0,2024-06-13 09:12:33,3,6,Invierno
102721,LOSARTAN 50MG CJAX100TAB,PERUFARMA GENERICO,0.0,10.0,2.0,2024-06-13 18:18:44,8,6,Invierno
102721,LOSARTAN 50MG CJAX100TAB,PERUFARMA GENERICO,0.0,10.0,2.0,2024-06-13 19:43:10,7,6,Invierno
102721,LOSARTAN 50MG CJAX100TAB,PERUFARMA GENERICO,0.0,10.0,2.0,2024-06-14 18:20:22,5,6,Invierno
102721,LOSARTAN 50MG CJAX100TAB,PERUFARMA GENERICO,0.0,10.0,2.0,2024-06-14 18:47:35,3,6,Invierno
102721,LOSARTAN 50MG CJAX100TAB,PERUFARMA GENERICO,0.0,30.0,6.0,2024-06-14 19:04:48,3,6,Invierno
102721,LOSARTAN 50MG CJAX100TAB,PERUFARMA GENERICO,1.0,0.0,20.0,2024-06-15 17:10:09,1,6,Invierno
102721,LOSARTAN 50MG CJAX100TAB,PERUFARMA GENERICO,0.0,10.0,2.0,2024-06-15 17:34:21,6,6,Invierno
102721,LOSARTAN 50MG CJAX100TAB,PERUFARMA GENERICO,0.0,10.0,2.0,2024-06-15 18:29:27,5,6,Invierno
102721,LOSARTAN 50MG CJAX100TAB,PERUFARMA GENERICO,1.0,0.0,20.0,2024-06-15 19:50:54,5,6,Invierno
102721,LOSARTAN 50MG CJAX100TAB,PERUFARMA GENERICO,0.0,10.0,2.0,2024-06-16 09:59:02,4,6,Invierno
102721,LOSARTAN 50MG CJAX100TAB,PERUFARMA GENERICO,0.0,10.0,2.0,2024-06-16 18:58:36,7,6,Invierno
102721,LOSARTAN 50MG CJAX100TAB,PERUFARMA GENERICO,0.0,10.0,2.0,2024-06-17 09:49:16,1,6,Invierno
102721,LOSARTAN 50MG CJAX100TAB,PERUFARMA GENERICO,0.0,10.0,2.0,2024-06-18 07:56:20,7,6,Invierno
102721,LOSARTAN 50MG CJAX100TAB,PERUFARMA GENERICO,0.0,10.0,2.0,2024-06-18 08:25:49,7,6,Invierno
102721,LOSARTAN 50MG CJAX100TAB,PERUFARMA GENERICO,0.0,20.0,4.0,2024-06-18 08:52:43,9,6,Invierno
102721,LOSARTAN 50MG CJAX100TAB,PERUFARMA GENERICO,0.0,10.0,2.0,2024-06-18 09:07:23,3,6,Invierno
102721,LOSARTAN 50MG CJAX100TAB,PERUFARMA GENERICO,0.0,10.0,2.0,2024-06-18 09:17:14,6,6,Invierno
102721,LOSARTAN 50MG CJAX100TAB,PERUFARMA GENERICO,1.0,0.0,20.0,2024-06-18 12:24:34,4,6,Invierno
102721,LOSARTAN 50MG CJAX100TAB,PERUFARMA GENERICO,0.0,10.0,2.0,2024-06-18 17:40:24,10,6,Invierno
102721,LOSARTAN 50MG CJAX100TAB,PERUFARMA GENERICO,0.0,10.0,2.0,2024-06-18 17:46:22,1,6,Invierno
102721,LOSARTAN POTASICO 50MG CJAX100TAB,PERUFARMA GENERICO,0.0,20.0,4.0,2024-06-19 15:28:10,1,6,Invierno
102721,LOSARTAN POTASICO 50MG CJAX100TAB,PERUFARMA GENERICO,0.0,20.0,4.0,2024-06-19 16:54:31,7,6,Invierno
102721,LOSARTAN 50MG CJAX100TAB,PERUFARMA GENERICO,0.0,10.0,2.0,2024-06-19 18:41:49,6,6,Invierno
102721,LOSARTAN POTASICO 50MG CJAX100TAB,PERUFARMA GENERICO,0.0,10.0,2.0,2024-06-19 22:01:08,5,6,Invierno
102721,LOSARTAN POTASICO 50MG CJAX100TAB,PERUFARMA GENERICO,0.0,10.0,2.0,2024-06-20 17:03:11,1,6,Invierno
102721,LOSARTAN POTASICO 50MG CJAX100TAB,PERUFARMA GENERICO,0.0,10.0,2.0,2024-06-20 18:54:30,9,6,Invierno
102721,LOSARTAN POTASICO 50MG CJAX100TAB,PERUFARMA GENERICO,0.0,10.0,2.0,2024-06-21 17:05:37,4,6,Invierno
102721,LOSARTAN POTASICO 50MG CJAX100TAB,PERUFARMA GENERICO,0.0,5.0,1.0,2024-06-21 18:18:50,7,6,Invierno
102721,LOSARTAN POTASICO 50MG CJAX100TAB,PERUFARMA GENERICO,0.0,10.0,2.0,2024-06-21 19:06:08,7,6,Invierno
102721,LOSARTAN POTASICO 50MG CJAX100TAB,PERUFARMA GENERICO,0.0,50.0,10.0,2024-06-21 19:27:37,3,6,Invierno
102721,LOSARTAN POTASICO 50MG CJAX100TAB,PERUFARMA GENERICO,0.0,10.0,2.0,2024-06-21 22:26:53,1,6,Invierno
102721,LOSARTAN POTASICO 50MG CJAX100TAB,PERUFARMA GENERICO,0.0,10.0,2.0,2024-06-22 08:59:00,3,6,Invierno
102721,LOSARTAN POTASICO 50MG CJAX100TAB,PERUFARMA GENERICO,0.0,60.0,12.0,2024-06-22 09:28:10,9,6,Invierno
102721,LOSARTAN POTASICO 50MG CJAX100TAB,PERUFARMA GENERICO,0.0,10.0,2.0,2024-06-22 11:11:30,9,6,Invierno
102721,LOSARTAN POTASICO 50MG CJAX100TAB,PERUFARMA GENERICO,0.0,30.0,6.0,2024-06-22 19:40:47,5,6,Invierno
102721,LOSARTAN POTASICO 50MG CJAX100TAB,PERUFARMA GENERICO,0.0,10.0,2.0,2024-06-22 22:57:21,4,6,Invierno
102721,LOSARTAN POTASICO 50MG CJAX100TAB,PERUFARMA GENERICO,0.0,30.0,6.0,2024-06-23 14:37:01,7,6,Invierno
102721,LOSARTAN POTASICO 50MG CJAX100TAB,PERUFARMA GENERICO,0.0,10.0,2.0,2024-06-24 08:37:55,7,6,Invierno
102721,LOSARTAN POTASICO 50MG CJAX100TAB,PERUFARMA GENERICO,0.0,20.0,4.0,2024-06-24 11:41:43,11,6,Invierno
102721,LOSARTAN POTASICO 50MG CJAX100TAB,PERUFARMA GENERICO,0.0,10.0,2.0,2024-06-24 15:31:27,3,6,Invierno
102721,LOSARTAN POTASICO 50MG CJAX100TAB,PERUFARMA GENERICO,1.0,0.0,20.0,2024-06-25 12:45:02,5,6,Invierno
102721,LOSARTAN POTASICO 50MG CJAX100TAB,PERUFARMA GENERICO,0.0,10.0,2.0,2024-06-25 18:14:23,3,6,Invierno
102721,LOSARTAN POTASICO 50MG CJAX100TAB,PERUFARMA GENERICO,0.0,10.0,2.0,2024-06-25 20:09:30,9,6,Invierno
102721,LOSARTAN POTASICO 50MG CJAX100TAB,PERUFARMA GENERICO,0.0,10.0,2.0,2024-06-25 21:51:53,5,6,Invierno
102721,LOSARTAN POTASICO 50MG CJAX100TAB,PERUFARMA GENERICO,0.0,20.0,4.0,2024-06-26 09:45:14,5,6,Invierno
102721,LOSARTAN POTASICO 50MG CJAX100TAB,PERUFARMA GENERICO,0.0,10.0,2.0,2024-06-26 17:55:32,9,6,Invierno
102721,LOSARTAN POTASICO 50MG CJAX100TAB,PERUFARMA GENERICO,0.0,10.0,2.0,2024-06-26 18:55:00,5,6,Invierno
102721,LOSARTAN POTASICO 50MG CJAX100TAB,PERUFARMA GENERICO,0.0,30.0,6.0,2024-06-28 13:51:10,3,6,Invierno
102721,LOSARTAN POTASICO 50MG CJAX100TAB,PERUFARMA GENERICO,0.0,30.0,6.0,2024-06-28 14:45:06,4,6,Invierno
102721,LOSARTAN POTASICO 50MG CJAX100TAB,PERUFARMA GENERICO,0.0,20.0,4.0,2024-06-28 14:45:37,1,6,Invierno
102721,LOSARTAN POTASICO 50MG CJAX100TAB,PERUFARMA GENERICO,0.0,30.0,6.0,2024-06-28 21:37:24,7,6,Invierno
102721,LOSARTAN POTASICO 50MG CJAX100TAB,PERUFARMA GENERICO,0.0,10.0,2.0,2024-06-28 21:40:11,7,6,Invierno
102721,LOSARTAN POTASICO 50MG CJAX100TAB,PERUFARMA GENERICO,0.0,20.0,4.0,2024-06-29 08:55:59,10,6,Invierno
102721,LOSARTAN POTASICO 50MG CJAX100TAB,PERUFARMA GENERICO,1.0,0.0,20.0,2024-06-29 11:26:14,10,6,Invierno
102721,LOSARTAN POTASICO 50MG CJAX100TAB,PERUFARMA GENERICO,0.0,10.0,2.0,2024-06-29 12:48:34,1,6,Invierno
102721,LOSARTAN POTASICO 50MG CJAX100TAB,PERUFARMA GENERICO,0.0,10.0,2.0,2024-06-29 16:47:24,6,6,Invierno
102721,LOSARTAN POTASICO 50MG CJAX100TAB,PERUFARMA GENERICO,0.0,20.0,4.0,2024-06-30 08:53:23,6,6,Invierno
102721,LOSARTAN POTASICO 50MG CJAX100TAB,PERUFARMA GENERICO,0.0,10.0,2.0,2024-06-30 09:15:38,9,6,Invierno
102721,LOSARTAN POTASICO 50MG CJAX100TAB,PERUFARMA GENERICO,0.0,20.0,4.0,2024-06-30 09:59:18,6,6,Invierno
102721,LOSARTAN POTASICO 50MG CJAX100TAB,PERUFARMA GENERICO,0.0,10.0,2.0,2024-06-30 10:19:43,7,6,Invierno
102721,LOSARTAN POTASICO 50MG CJAX100TAB,PERUFARMA GENERICO,0.0,10.0,2.0,2024-06-30 10:43:33,10,6,Invierno
102721,LOSARTAN POTASICO 50MG CJAX100TAB,PERUFARMA GENERICO,0.0,10.0,2.0,2024-06-30 10:55:50,10,6,Invierno
102721,LOSARTAN POTASICO 50MG CJAX100TAB,PERUFARMA GENERICO,0.0,10.0,2.0,2024-06-30 12:09:15,5,6,Invierno
102721,LOSARTAN POTASICO 50MG CJAX100TAB,PERUFARMA GENERICO,0.0,10.0,2.0,2024-06-30 13:04:47,6,6,Invierno
102721,LOSARTAN POTASICO 50MG CJAX100TAB,PERUFARMA GENERICO,0.0,10.0,2.0,2024-06-30 14:44:02,7,6,Invierno
102721,LOSARTAN POTASICO 50MG CJAX100TAB,PERUFARMA GENERICO,1.0,0.0,20.0,2024-06-30 22:21:09,4,6,Invierno
102721,LOSARTAN POTASICO 50MG CJAX100TAB,PERUFARMA GENERICO,0.0,10.0,2.0,2024-07-01 08:44:14,6,7,Invierno
102721,LOSARTAN POTASICO 50MG CJAX100TAB,PERUFARMA GENERICO,0.0,10.0,2.0,2024-07-01 10:26:27,6,7,Invierno
102721,LOSARTAN POTASICO 50MG CJAX100TAB,PERUFARMA GENERICO,0.0,-10.0,-2.0,2024-07-01 12:00:00,6,7,Invierno
102721,LOSARTAN POTASICO 50MG CJAX100TAB,PERUFARMA GENERICO,0.0,10.0,2.0,2024-07-01 12:55:07,6,7,Invierno
102721,LOSARTAN POTASICO 50MG CJAX100TAB,PERUFARMA GENERICO,1.0,0.0,20.0,2024-07-01 16:17:42,3,7,Invierno
102721,LOSARTAN POTASICO 50MG CJAX100TAB,PERUFARMA GENERICO,0.0,10.0,2.0,2024-07-01 16:33:18,1,7,Invierno
102721,LOSARTAN POTASICO 50MG CJAX100TAB,PERUFARMA GENERICO,1.0,0.0,20.0,2024-07-02 08:00:49,5,7,Invierno
102721,LOSARTAN POTASICO 50MG CJAX100TAB,PERUFARMA GENERICO,1.0,0.0,20.0,2024-07-02 12:10:55,1,7,Invierno
102721,LOSARTAN POTASICO 50MG CJAX100TAB,PERUFARMA GENERICO,0.0,10.0,2.0,2024-07-02 16:52:19,8,7,Invierno
102721,LOSARTAN POTASICO 50MG CJAX100TAB,PERUFARMA GENERICO,0.0,20.0,4.0,2024-07-02 21:24:41,1,7,Invierno
102721,LOSARTAN POTASICO 50MG CJAX100TAB,PERUFARMA GENERICO,0.0,-10.0,-2.0,2024-07-03 12:00:00,6,7,Invierno
102721,LOSARTAN POTASICO 50MG CJAX100TAB,PERUFARMA GENERICO,0.0,10.0,2.0,2024-07-03 12:35:29,6,7,Invierno
102721,LOSARTAN POTASICO 50MG CJAX100TAB,PERUFARMA GENERICO,1.0,0.0,20.0,2024-07-03 13:15:41,3,7,Invierno
102721,LOSARTAN POTASICO 50MG CJAX100TAB,PERUFARMA GENERICO,0.0,30.0,6.0,2024-07-03 18:42:44,5,7,Invierno
102721,LOSARTAN POTASICO 50MG CJAX100TAB,PERUFARMA GENERICO,0.0,10.0,2.0,2024-07-03 19:44:56,3,7,Invierno
102721,LOSARTAN POTASICO 50MG CJAX100TAB,PERUFARMA GENERICO,0.0,10.0,2.0,2024-07-04 12:14:45,7,7,Invierno
102721,LOSARTAN POTASICO 50MG CJAX100TAB,PERUFARMA GENERICO,0.0,10.0,2.0,2024-07-04 13:04:48,6,7,Invierno
102721,LOSARTAN POTASICO 50MG CJAX100TAB,PERUFARMA GENERICO,0.0,20.0,4.0,2024-07-04 18:32:45,6,7,Invierno
102721,LOSARTAN POTASICO 50MG CJAX100TAB,PERUFARMA GENERICO,0.0,10.0,2.0,2024-07-04 18:48:01,3,7,Invierno
102721,LOSARTAN POTASICO 50MG CJAX100TAB,PERUFARMA GENERICO,0.0,50.0,10.0,2024-07-04 21:28:18,10,7,Invierno
102721,LOSARTAN POTASICO 50MG CJAX100TAB,PERUFARMA GENERICO,0.0,10.0,2.0,2024-07-05 09:42:55,1,7,Invierno
102721,LOSARTAN POTASICO 50MG CJAX100TAB,PERUFARMA GENERICO,0.0,20.0,4.0,2024-07-05 13:48:17,7,7,Invierno
102721,LOSARTAN POTASICO 50MG CJAX100TAB,PERUFARMA GENERICO,0.0,50.0,10.0,2024-07-05 18:35:53,12,7,Invierno
102721,LOSARTAN POTASICO 50MG CJAX100TAB,PERUFARMA GENERICO,1.0,0.0,20.0,2024-07-05 20:03:47,2,7,Invierno
102721,LOSARTAN POTASICO 50MG CJAX100TAB,PERUFARMA GENERICO,0.0,10.0,2.0,2024-07-06 08:26:06,6,7,Invierno
102721,LOSARTAN POTASICO 50MG CJAX100TAB,PERUFARMA GENERICO,0.0,10.0,2.0,2024-07-06 08:28:02,7,7,Invierno
102721,LOSARTAN POTASICO 50MG CJAX100TAB,PERUFARMA GENERICO,0.0,40.0,8.0,2024-07-06 11:18:16,2,7,Invierno
102721,LOSARTAN POTASICO 50MG CJAX100TAB,PERUFARMA GENERICO,1.0,0.0,20.0,2024-07-07 10:22:12,1,7,Invierno
102721,LOSARTAN POTASICO 50MG CJAX100TAB,PERUFARMA GENERICO,0.0,10.0,2.0,2024-07-07 10:26:08,3,7,Invierno
102721,LOSARTAN POTASICO 50MG CJAX100TAB,PERUFARMA GENERICO,0.0,20.0,4.0,2024-07-07 10:56:10,4,7,Invierno
102721,LOSARTAN POTASICO 50MG CJAX100TAB,PERUFARMA GENERICO,0.0,10.0,2.0,2024-07-07 22:01:35,7,7,Invierno
102721,LOSARTAN POTASICO 50MG CJAX100TAB,PERUFARMA GENERICO,1.0,0.0,20.0,2024-07-08 17:19:56,3,7,Invierno
102721,LOSARTAN POTASICO 50MG CJAX100TAB,PERUFARMA GENERICO,0.0,15.0,3.0,2024-07-08 18:02:43,9,7,Invierno
102721,LOSARTAN POTASICO 50MG CJAX100TAB,PERUFARMA GENERICO,0.0,10.0,2.0,2024-07-08 19:08:45,9,7,Invierno
102721,LOSARTAN POTASICO 50MG CJAX100TAB,PERUFARMA GENERICO,0.0,20.0,4.0,2024-07-08 19:20:55,3,7,Invierno
102721,LOSARTAN POTASICO 50MG CJAX100TAB,PERUFARMA GENERICO,0.0,10.0,2.0,2024-07-08 19:52:12,7,7,Invierno
102721,LOSARTAN POTASICO 50MG CJAX100TAB,PERUFARMA GENERICO,0.0,10.0,2.0,2024-07-09 12:07:57,6,7,Invierno
102721,LOSARTAN POTASICO 50MG CJAX100TAB,PERUFARMA GENERICO,0.0,10.0,2.0,2024-07-09 18:31:59,10,7,Invierno
102721,LOSARTAN POTASICO 50MG CJAX100TAB,PERUFARMA GENERICO,1.0,0.0,20.0,2024-07-10 08:30:44,7,7,Invierno
102721,LOSARTAN POTASICO 50MG CJAX100TAB,PERUFARMA GENERICO,0.0,10.0,2.0,2024-07-10 13:40:16,1,7,Invierno
102721,LOSARTAN POTASICO 50MG CJAX100TAB,PERUFARMA GENERICO,0.0,20.0,4.0,2024-07-10 14:00:59,9,7,Invierno
102721,LOSARTAN POTASICO 50MG CJAX100TAB,PERUFARMA GENERICO,0.0,10.0,2.0,2024-07-10 14:24:01,1,7,Invierno
102721,LOSARTAN POTASICO 50MG CJAX100TAB,PERUFARMA GENERICO,0.0,20.0,4.0,2024-07-10 14:33:21,7,7,Invierno
102721,LOSARTAN POTASICO 50MG CJAX100TAB,PERUFARMA GENERICO,0.0,10.0,2.0,2024-07-10 20:39:57,2,7,Invierno
102721,LOSARTAN POTASICO 50MG CJAX100TAB,PERUFARMA GENERICO,0.0,10.0,2.0,2024-07-10 21:34:51,5,7,Invierno
102721,LOSARTAN POTASICO 50MG CJAX100TAB,PERUFARMA GENERICO,0.0,10.0,2.0,2024-07-11 10:04:55,3,7,Invierno
102721,LOSARTAN POTASICO 50MG CJAX100TAB,PERUFARMA GENERICO,0.0,60.0,12.0,2024-07-11 15:29:18,10,7,Invierno
102721,LOSARTAN POTASICO 50MG CJAX100TAB,PERUFARMA GENERICO,0.0,30.0,6.0,2024-07-11 16:54:11,3,7,Invierno
102721,LOSARTAN POTASICO 50MG CJAX100TAB,PERUFARMA GENERICO,0.0,10.0,2.0,2024-07-11 18:03:43,5,7,Invierno
102721,LOSARTAN POTASICO 50MG CJAX100TAB,PERUFARMA GENERICO,0.0,10.0,2.0,2024-07-11 19:06:36,10,7,Invierno
102721,LOSARTAN POTASICO 50MG CJAX100TAB,PERUFARMA GENERICO,0.0,10.0,2.0,2024-07-11 19:40:43,3,7,Invierno
102721,LOSARTAN POTASICO 50MG CJAX100TAB,PERUFARMA GENERICO,0.0,10.0,2.0,2024-07-11 21:04:00,9,7,Invierno
102721,LOSARTAN POTASICO 50MG CJAX100TAB,PERUFARMA GENERICO,0.0,10.0,2.0,2024-07-11 22:26:48,1,7,Invierno
102721,LOSARTAN POTASICO 50MG CJAX100TAB,PERUFARMA GENERICO,0.0,10.0,2.0,2024-07-12 08:12:18,6,7,Invierno
102721,LOSARTAN POTASICO 50MG CJAX100TAB,PERUFARMA GENERICO,0.0,10.0,2.0,2024-07-12 14:35:54,5,7,Invierno
102721,LOSARTAN POTASICO 50MG CJAX100TAB,PERUFARMA GENERICO,0.0,30.0,6.0,2024-07-12 15:28:18,1,7,Invierno
102721,LOSARTAN POTASICO 50MG CJAX100TAB,PERUFARMA GENERICO,0.0,10.0,2.0,2024-07-12 20:09:41,7,7,Invierno
102721,LOSARTAN POTASICO 50MG CJAX100TAB,PERUFARMA GENERICO,1.0,0.0,20.0,2024-07-12 21:34:04,5,7,Invierno
102721,LOSARTAN POTASICO 50MG CJAX100TAB,PERUFARMA GENERICO,0.0,20.0,4.0,2024-07-13 13:19:43,8,7,Invierno
102721,LOSARTAN POTASICO 50MG CJAX100TAB,PERUFARMA GENERICO,0.0,10.0,2.0,2024-07-14 08:43:45,6,7,Invierno
102721,LOSARTAN POTASICO 50MG CJAX100TAB,PERUFARMA GENERICO,0.0,10.0,2.0,2024-07-14 14:35:12,7,7,Invierno
102721,LOSARTAN POTASICO 50MG CJAX100TAB,PERUFARMA GENERICO,0.0,10.0,2.0,2024-07-14 18:36:15,7,7,Invierno
102721,LOSARTAN POTASICO 50MG CJAX100TAB,PERUFARMA GENERICO,0.0,10.0,2.0,2024-07-15 08:19:19,4,7,Invierno
102721,LOSARTAN POTASICO 50MG CJAX100TAB,PERUFARMA GENERICO,0.0,10.0,2.0,2024-07-15 09:20:38,6,7,Invierno
102721,LOSARTAN POTASICO 50MG CJAX100TAB,PERUFARMA GENERICO,0.0,10.0,2.0,2024-07-15 10:25:07,3,7,Invierno
102721,LOSARTAN POTASICO 50MG CJAX100TAB,PERUFARMA GENERICO,1.0,0.0,20.0,2024-07-15 10:52:48,5,7,Invierno
102721,LOSARTAN POTASICO 50MG CJAX100TAB,PERUFARMA GENERICO,0.0,30.0,6.0,2024-07-15 19:27:59,10,7,Invierno
102721,LOSARTAN POTASICO 50MG CJAX100TAB,PERUFARMA GENERICO,0.0,10.0,2.0,2024-07-15 19:40:42,3,7,Invierno
102721,LOSARTAN POTASICO 50MG CJAX100TAB,PERUFARMA GENERICO,0.0,10.0,2.0,2024-07-15 20:33:19,10,7,Invierno
102721,LOSARTAN POTASICO 50MG CJAX100TAB,PERUFARMA GENERICO,0.0,10.0,2.0,2024-07-16 08:58:52,5,7,Invierno
102721,LOSARTAN POTASICO 50MG CJAX100TAB,PERUFARMA GENERICO,0.0,10.0,2.0,2024-07-16 10:55:23,10,7,Invierno
102721,LOSARTAN POTASICO 50MG CJAX100TAB,PERUFARMA GENERICO,0.0,20.0,4.0,2024-07-16 10:55:52,10,7,Invierno
102721,LOSARTAN POTASICO 50MG CJAX100TAB,PERUFARMA GENERICO,0.0,10.0,2.0,2024-07-16 11:18:56,6,7,Invierno
102721,LOSARTAN POTASICO 50MG CJAX100TAB,PERUFARMA GENERICO,0.0,30.0,6.0,2024-07-16 15:40:02,1,7,Invierno
102721,LOSARTAN POTASICO 50MG CJAX100TAB,PERUFARMA GENERICO,0.0,20.0,4.0,2024-07-16 16:43:03,7,7,Invierno
102721,LOSARTAN POTASICO 50MG CJAX100TAB,PERUFARMA GENERICO,0.0,20.0,4.0,2024-07-16 18:50:25,7,7,Invierno
102721,LOSARTAN POTASICO 50MG CJAX100TAB,PERUFARMA GENERICO,0.0,10.0,2.0,2024-07-16 20:04:47,10,7,Invierno
102721,LOSARTAN POTASICO 50MG CJAX100TAB,PERUFARMA GENERICO,0.0,10.0,2.0,2024-07-16 21:35:24,1,7,Invierno
102721,LOSARTAN POTASICO 50MG CJAX100TAB,PERUFARMA GENERICO,0.0,10.0,2.0,2024-07-17 09:09:22,3,7,Invierno
102721,LOSARTAN POTASICO 50MG CJAX100TAB,PERUFARMA GENERICO,0.0,10.0,2.0,2024-07-17 18:41:14,6,7,Invierno
102721,LOSARTAN POTASICO 50MG CJAX100TAB,PERUFARMA GENERICO,0.0,10.0,2.0,2024-07-17 20:16:36,6,7,Invierno
102721,LOSARTAN POTASICO 50MG CJAX100TAB,PERUFARMA GENERICO,0.0,50.0,10.0,2024-07-18 11:39:27,9,7,Invierno
102721,LOSARTAN POTASICO 50MG CJAX100TAB,PERUFARMA GENERICO,0.0,20.0,4.0,2024-07-18 12:05:57,6,7,Invierno
102721,LOSARTAN POTASICO 50MG CJAX100TAB,PERUFARMA GENERICO,0.0,10.0,2.0,2024-07-18 12:08:18,6,7,Invierno
102721,LOSARTAN POTASICO 50MG CJAX100TAB,PERUFARMA GENERICO,0.0,10.0,2.0,2024-07-18 18:04:03,2,7,Invierno
102721,LOSARTAN POTASICO 50MG CJAX100TAB,PERUFARMA GENERICO,0.0,10.0,2.0,2024-07-18 19:03:10,7,7,Invierno
102721,LOSARTAN POTASICO 50MG CJAX100TAB,PERUFARMA GENERICO,0.0,100.0,20.0,2024-07-18 20:05:15,10,7,Invierno
102721,LOSARTAN POTASICO 50MG CJAX100TAB,PERUFARMA GENERICO,0.0,10.0,2.0,2024-07-18 20:24:32,7,7,Invierno
102721,LOSARTAN POTASICO 50MG CJAX100TAB,PERUFARMA GENERICO,0.0,10.0,2.0,2024-07-18 21:09:17,3,7,Invierno
102721,LOSARTAN POTASICO 50MG CJAX100TAB,PERUFARMA GENERICO,0.0,30.0,6.0,2024-07-19 09:20:08,4,7,Invierno
102721,LOSARTAN POTASICO 50MG CJAX100TAB,PERUFARMA GENERICO,0.0,20.0,4.0,2024-07-19 09:35:59,10,7,Invierno
102721,LOSARTAN POTASICO 50MG CJAX100TAB,PERUFARMA GENERICO,0.0,10.0,2.0,2024-07-19 18:29:08,7,7,Invierno
102721,LOSARTAN POTASICO 50MG CJAX100TAB,PERUFARMA GENERICO,0.0,20.0,4.0,2024-07-19 19:14:24,4,7,Invierno
102721,LOSARTAN POTASICO 50MG CJAX100TAB,PERUFARMA GENERICO,0.0,10.0,2.0,2024-07-20 19:56:27,3,7,Invierno
102721,LOSARTAN POTASICO 50MG CJAX100TAB,PERUFARMA GENERICO,0.0,10.0,2.0,2024-07-20 20:42:27,7,7,Invierno
102721,LOSARTAN POTASICO 50MG CJAX100TAB,PERUFARMA GENERICO,0.0,20.0,4.0,2024-07-21 10:12:08,6,7,Invierno
102721,LOSARTAN POTASICO 50MG CJAX100TAB,PERUFARMA GENERICO,0.0,79.0,15.8,2024-07-21 16:40:24,1,7,Invierno
102721,LOSARTAN POTASICO 50MG CJAX100TAB,PERUFARMA GENERICO,0.0,-79.0,-15.8,2024-07-21 16:40:57,1,7,Invierno
102721,LOSARTAN POTASICO 50MG CJAX100TAB,PERUFARMA GENERICO,0.0,69.0,13.8,2024-07-21 16:41:27,1,7,Invierno
102721,LOSARTAN POTASICO 50MG CJAX100TAB,PERUFARMA GENERICO,0.0,-10.0,-2.0,2024-07-22 12:00:00,6,7,Invierno
102721,LOSARTAN POTASICO 50MG CJAX100TAB,PERUFARMA GENERICO,0.0,10.0,2.0,2024-07-22 12:33:46,3,7,Invierno
102721,LOSARTAN POTASICO 50MG CJAX100TAB,PERUFARMA GENERICO,0.0,10.0,2.0,2024-07-22 17:52:56,9,7,Invierno
102721,LOSARTAN POTASICO 50MG CJAX100TAB,PERUFARMA GENERICO,0.0,10.0,2.0,2024-07-22 18:38:59,7,7,Invierno
102721,LOSARTAN POTASICO 50MG CJAX100TAB,PERUFARMA GENERICO,0.0,10.0,2.0,2024-07-22 20:27:50,6,7,Invierno
102721,LOSARTAN POTASICO 50MG CJAX100TAB,PERUFARMA GENERICO,0.0,20.0,4.0,2024-07-23 13:09:33,12,7,Invierno
102721,LOSARTAN POTASICO 50MG CJAX100TAB,PERUFARMA GENERICO,0.0,10.0,2.0,2024-07-23 14:08:45,6,7,Invierno
102721,LOSARTAN POTASICO 50MG CJAX100TAB,PERUFARMA GENERICO,0.0,10.0,2.0,2024-07-23 15:41:50,7,7,Invierno
102721,LOSARTAN POTASICO 50MG CJAX100TAB,PERUFARMA GENERICO,0.0,10.0,2.0,2024-07-24 19:39:21,4,7,Invierno
102721,LOSARTAN POTASICO 50MG CJAX100TAB,PERUFARMA GENERICO,0.0,10.0,2.0,2024-07-24 21:26:13,4,7,Invierno
102721,LOSARTAN POTASICO 50MG CJAX100TAB,PERUFARMA GENERICO,0.0,10.0,2.0,2024-07-24 23:18:54,4,7,Invierno
102721,LOSARTAN POTASICO 50MG CJAX100TAB,PERUFARMA GENERICO,0.0,10.0,2.0,2024-07-25 12:29:49,4,7,Invierno
102721,LOSARTAN POTASICO 50MG CJAX100TAB,PERUFARMA GENERICO,0.0,10.0,2.0,2024-07-25 17:42:34,9,7,Invierno
102721,LOSARTAN POTASICO 50MG CJAX100TAB,PERUFARMA GENERICO,0.0,20.0,4.0,2024-07-25 17:59:22,11,7,Invierno
102721,LOSARTAN POTASICO 50MG CJAX100TAB,PERUFARMA GENERICO,0.0,10.0,2.0,2024-07-25 19:30:31,11,7,Invierno
102721,LOSARTAN POTASICO 50MG CJAX100TAB,PERUFARMA GENERICO,0.0,10.0,2.0,2024-07-25 19:40:31,7,7,Invierno
102721,LOSARTAN POTASICO 50MG CJAX100TAB,PERUFARMA GENERICO,0.0,10.0,2.0,2024-07-25 21:13:07,6,7,Invierno
102721,LOSARTAN POTASICO 50MG CJAX100TAB,PERUFARMA GENERICO,0.0,10.0,2.0,2024-07-25 21:13:44,6,7,Invierno
102721,LOSARTAN POTASICO 50MG CJAX100TAB,PERUFARMA GENERICO,0.0,10.0,2.0,2024-07-26 08:32:18,3,7,Invierno
102721,LOSARTAN POTASICO 50MG CJAX100TAB,PERUFARMA GENERICO,0.0,30.0,6.0,2024-07-27 11:33:35,3,7,Invierno
102721,LOSARTAN POTASICO 50MG CJAX100TAB,PERUFARMA GENERICO,0.0,20.0,4.0,2024-07-27 12:07:18,6,7,Invierno
102721,LOSARTAN POTASICO 50MG CJAX100TAB,PERUFARMA GENERICO,0.0,10.0,2.0,2024-07-27 12:33:54,3,7,Invierno
102721,LOSARTAN POTASICO 50MG CJAX100TAB,PERUFARMA GENERICO,0.0,5.0,1.0,2024-07-27 18:40:25,7,7,Invierno
102721,LOSARTAN POTASICO 50MG CJAX100TAB,PERUFARMA GENERICO,0.0,10.0,2.0,2024-07-27 19:17:41,3,7,Invierno
102721,LOSARTAN POTASICO 50MG CJAX100TAB,PERUFARMA GENERICO,0.0,10.0,2.0,2024-07-27 19:29:52,7,7,Invierno
102721,LOSARTAN POTASICO 50MG CJAX100TAB,PERUFARMA GENERICO,0.0,30.0,6.0,2024-07-27 20:35:01,7,7,Invierno
102721,LOSARTAN POTASICO 50MG CJAX100TAB,PERUFARMA GENERICO,0.0,20.0,4.0,2024-07-27 21:21:04,7,7,Invierno
102721,LOSARTAN POTASICO 50MG CJAX100TAB,PERUFARMA GENERICO,0.0,10.0,2.0,2024-07-29 10:57:12,9,7,Invierno
102721,LOSARTAN POTASICO 50MG CJAX100TAB,PERUFARMA GENERICO,0.0,10.0,2.0,2024-07-29 11:19:11,3,7,Invierno
102721,LOSARTAN POTASICO 50MG CJAX100TAB,PERUFARMA GENERICO,0.0,10.0,2.0,2024-07-29 11:53:55,7,7,Invierno
102721,LOSARTAN POTASICO 50MG CJAX100TAB,PERUFARMA GENERICO,0.0,10.0,2.0,2024-07-29 18:57:49,6,7,Invierno
102721,LOSARTAN POTASICO 50MG CJAX100TAB,PERUFARMA GENERICO,0.0,10.0,2.0,2024-07-30 10:23:06,2,7,Invierno
102721,LOSARTAN POTASICO 50MG CJAX100TAB,PERUFARMA GENERICO,0.0,10.0,2.0,2024-07-30 14:32:43,3,7,Invierno
102721,LOSARTAN POTASICO 50MG CJAX100TAB,PERUFARMA GENERICO,0.0,20.0,4.0,2024-07-30 16:57:00,11,7,Invierno
102721,LOSARTAN POTASICO 50MG CJAX100TAB,PERUFARMA GENERICO,0.0,10.0,2.0,2024-07-30 19:18:27,6,7,Invierno
102721,LOSARTAN POTASICO 50MG CJAX100TAB,PERUFARMA GENERICO,0.0,10.0,2.0,2024-07-31 12:56:01,6,7,Invierno
102721,LOSARTAN POTASICO 50MG CJAX100TAB,PERUFARMA GENERICO,0.0,10.0,2.0,2024-08-01 08:38:16,6,8,Invierno
102721,LOSARTAN POTASICO 50MG CJAX100TAB,PERUFARMA GENERICO,0.0,10.0,2.0,2024-08-01 09:06:07,3,8,Invierno
102721,LOSARTAN POTASICO 50MG CJAX100TAB,PERUFARMA GENERICO,0.0,20.0,4.0,2024-08-01 09:57:17,6,8,Invierno
102721,LOSARTAN POTASICO 50MG CJAX100TAB,PERUFARMA GENERICO,0.0,10.0,2.0,2024-08-01 22:28:04,2,8,Invierno
102721,LOSARTAN POTASICO 50MG CJAX100TAB,PERUFARMA GENERICO,0.0,10.0,2.0,2024-08-02 13:13:03,3,8,Invierno
102721,LOSARTAN POTASICO 50MG CJAX100TAB,PERUFARMA GENERICO,0.0,10.0,2.0,2024-08-02 18:20:11,11,8,Invierno
102721,LOSARTAN POTASICO 50MG CJAX100TAB,PERUFARMA GENERICO,0.0,20.0,4.0,2024-08-03 08:24:32,3,8,Invierno
102721,LOSARTAN POTASICO 50MG CJAX100TAB,PERUFARMA GENERICO,0.0,10.0,2.0,2024-08-04 17:38:46,3,8,Invierno
102721,LOSARTAN POTASICO 50MG CJAX100TAB,PERUFARMA GENERICO,0.0,10.0,2.0,2024-08-04 19:14:32,7,8,Invierno
102721,LOSARTAN POTASICO 50MG CJAX100TAB,PERUFARMA GENERICO,1.0,0.0,20.0,2024-08-04 19:49:49,7,8,Invierno
102721,LOSARTAN POTASICO 50MG CJAX100TAB,PERUFARMA GENERICO,0.0,10.0,2.0,2024-08-04 20:07:33,9,8,Invierno
102721,LOSARTAN POTASICO 50MG CJAX100TAB,PERUFARMA GENERICO,0.0,10.0,2.0,2024-08-05 08:25:29,3,8,Invierno
102721,LOSARTAN POTASICO 50MG CJAX100TAB,PERUFARMA GENERICO,0.0,10.0,2.0,2024-08-05 08:39:38,6,8,Invierno
102721,LOSARTAN POTASICO 50MG CJAX100TAB,PERUFARMA GENERICO,1.0,0.0,20.0,2024-08-05 18:00:56,4,8,Invierno
102721,LOSARTAN POTASICO 50MG CJAX100TAB,PERUFARMA GENERICO,0.0,10.0,2.0,2024-08-05 20:36:17,9,8,Invierno
102721,LOSARTAN POTASICO 50MG CJAX100TAB,PERUFARMA GENERICO,0.0,20.0,4.0,2024-08-05 20:46:49,4,8,Invierno
102721,LOSARTAN POTASICO 50MG CJAX100TAB,PERUFARMA GENERICO,0.0,30.0,6.0,2024-08-06 08:51:00,2,8,Invierno
102721,LOSARTAN POTASICO 50MG CJAX100TAB,PERUFARMA GENERICO,0.0,20.0,4.0,2024-08-06 09:41:46,12,8,Invierno
102721,LOSARTAN POTASICO 50MG CJAX100TAB,PERUFARMA GENERICO,0.0,10.0,2.0,2024-08-06 17:53:32,11,8,Invierno
102721,LOSARTAN POTASICO 50MG CJAX100TAB,PERUFARMA GENERICO,1.0,0.0,20.0,2024-08-06 19:33:30,3,8,Invierno
102721,LOSARTAN POTASICO 50MG CJAX100TAB,PERUFARMA GENERICO,0.0,10.0,2.0,2024-08-06 19:49:16,3,8,Invierno
102721,LOSARTAN POTASICO 50MG CJAX100TAB,PERUFARMA GENERICO,1.0,0.0,20.0,2024-08-06 20:48:08,4,8,Invierno
102721,LOSARTAN POTASICO 50MG CJAX100TAB,PERUFARMA GENERICO,0.0,20.0,4.0,2024-08-06 21:45:59,7,8,Invierno
102721,LOSARTAN POTASICO 50MG CJAX100TAB,PERUFARMA GENERICO,0.0,10.0,2.0,2024-08-07 10:02:15,11,8,Invierno
102721,LOSARTAN POTASICO 50MG CJAX100TAB,PERUFARMA GENERICO,0.0,60.0,12.0,2024-08-07 15:19:38,2,8,Invierno
102721,LOSARTAN POTASICO 50MG CJAX100TAB,PERUFARMA GENERICO,0.0,10.0,2.0,2024-08-07 15:58:28,3,8,Invierno
102721,LOSARTAN POTASICO 50MG CJAX100TAB,PERUFARMA GENERICO,0.0,30.0,6.0,2024-08-07 18:10:29,3,8,Invierno
102721,LOSARTAN POTASICO 50MG CJAX100TAB,PERUFARMA GENERICO,1.0,0.0,20.0,2024-08-07 19:37:36,2,8,Invierno
102721,LOSARTAN POTASICO 50MG CJAX100TAB,PERUFARMA GENERICO,0.0,10.0,2.0,2024-08-07 20:44:15,4,8,Invierno
102721,LOSARTAN POTASICO 50MG CJAX100TAB,PERUFARMA GENERICO,0.0,10.0,2.0,2024-08-08 19:57:17,2,8,Invierno
102721,LOSARTAN POTASICO 50MG CJAX100TAB,PERUFARMA GENERICO,0.0,30.0,6.0,2024-08-09 11:58:32,2,8,Invierno
102721,LOSARTAN POTASICO 50MG CJAX100TAB,PERUFARMA GENERICO,0.0,5.0,1.0,2024-08-09 15:22:54,3,8,Invierno
102721,LOSARTAN POTASICO 50MG CJAX100TAB,PERUFARMA GENERICO,0.0,10.0,2.0,2024-08-09 16:36:57,3,8,Invierno
102721,LOSARTAN POTASICO 50MG CJAX100TAB,PERUFARMA GENERICO,0.0,10.0,2.0,2024-08-09 17:43:13,1,8,Invierno
102721,LOSARTAN POTASICO 50MG CJAX100TAB,PERUFARMA GENERICO,0.0,5.0,1.0,2024-08-09 20:01:51,9,8,Invierno
102721,LOSARTAN POTASICO 50MG CJAX100TAB,PERUFARMA GENERICO,0.0,20.0,4.0,2024-08-09 20:20:45,3,8,Invierno
102721,LOSARTAN POTASICO 50MG CJAX100TAB,PERUFARMA GENERICO,0.0,10.0,2.0,2024-08-10 10:28:18,6,8,Invierno
102721,LOSARTAN POTASICO 50MG CJAX100TAB,PERUFARMA GENERICO,0.0,20.0,4.0,2024-08-10 13:11:16,7,8,Invierno
102721,LOSARTAN POTASICO 50MG CJAX100TAB,PERUFARMA GENERICO,0.0,10.0,2.0,2024-08-10 13:14:35,6,8,Invierno
102721,LOSARTAN POTASICO 50MG CJAX100TAB,PERUFARMA GENERICO,0.0,40.0,8.0,2024-08-10 18:07:44,3,8,Invierno
102721,LOSARTAN POTASICO 50MG CJAX100TAB,PERUFARMA GENERICO,0.0,10.0,2.0,2024-08-10 21:03:42,2,8,Invierno
102721,LOSARTAN POTASICO 50MG CJAX100TAB,PERUFARMA GENERICO,0.0,10.0,2.0,2024-08-10 22:59:48,4,8,Invierno
102721,LOSARTAN POTASICO 50MG CJAX100TAB,PERUFARMA GENERICO,0.0,30.0,6.0,2024-08-12 08:39:25,3,8,Invierno
102721,LOSARTAN POTASICO 50MG CJAX100TAB,PERUFARMA GENERICO,0.0,14.0,2.8,2024-08-12 12:15:04,4,8,Invierno
102721,LOSARTAN POTASICO 50MG CJAX100TAB,PERUFARMA GENERICO,0.0,20.0,4.0,2024-08-12 16:53:48,11,8,Invierno
102721,LOSARTAN POTASICO 50MG CJAX100TAB,PERUFARMA GENERICO,0.0,10.0,2.0,2024-08-12 20:00:05,3,8,Invierno
102721,LOSARTAN POTASICO 50MG CJAX100TAB,PERUFARMA GENERICO,0.0,10.0,2.0,2024-08-12 20:37:37,3,8,Invierno
102721,LOSARTAN POTASICO 50MG CJAX100TAB,PERUFARMA GENERICO,0.0,10.0,2.0,2024-08-12 21:06:52,3,8,Invierno
102721,LOSARTAN POTASICO 50MG CJAX100TAB,PERUFARMA GENERICO,0.0,20.0,4.0,2024-08-13 18:16:24,3,8,Invierno
102721,LOSARTAN POTASICO 50MG CJAX100TAB,PERUFARMA GENERICO,0.0,10.0,2.0,2024-08-14 13:05:09,12,8,Invierno
102721,LOSARTAN POTASICO 50MG CJAX100TAB,PERUFARMA GENERICO,1.0,0.0,20.0,2024-08-14 14:13:16,4,8,Invierno
102721,LOSARTAN POTASICO 50MG CJAX100TAB,PERUFARMA GENERICO,0.0,2.0,0.4,2024-08-14 18:17:01,3,8,Invierno
102721,LOSARTAN POTASICO 50MG CJAX100TAB,PERUFARMA GENERICO,0.0,10.0,2.0,2024-08-14 21:23:22,12,8,Invierno
102721,LOSARTAN POTASICO 50MG CJAX100TAB,PERUFARMA GENERICO,0.0,10.0,2.0,2024-08-15 08:56:34,3,8,Invierno
102721,LOSARTAN POTASICO 50MG CJAX100TAB,PERUFARMA GENERICO,0.0,10.0,2.0,2024-08-15 18:54:42,12,8,Invierno
102721,LOSARTAN POTASICO 50MG CJAX100TAB,PERUFARMA GENERICO,0.0,10.0,2.0,2024-08-16 14:20:11,2,8,Invierno
102721,LOSARTAN POTASICO 50MG CJAX100TAB,PERUFARMA GENERICO,0.0,20.0,4.0,2024-08-16 14:21:34,2,8,Invierno
102721,LOSARTAN POTASICO 50MG CJAX100TAB,PERUFARMA GENERICO,0.0,9.0,1.8,2024-08-16 19:17:47,6,8,Invierno
102721,LOSARTAN POTASICO 50MG CJAX100TAB,PERUFARMA GENERICO,0.0,10.0,2.0,2024-08-17 19:12:26,12,8,Invierno
102721,LOSARTAN POTASICO 50MG CJAX100TAB,PERUFARMA GENERICO,0.0,20.0,4.0,2024-08-18 18:12:44,4,8,Invierno
102721,LOSARTAN POTASICO 50MG CJAX100TAB,PERUFARMA GENERICO,0.0,10.0,2.0,2024-08-18 18:43:54,8,8,Invierno
102721,LOSARTAN POTASICO 50MG CJAX100TAB,PERUFARMA GENERICO,0.0,10.0,2.0,2024-08-19 08:19:23,4,8,Invierno
102721,LOSARTAN POTASICO 50MG CJAX100TAB,PERUFARMA GENERICO,0.0,10.0,2.0,2024-08-19 08:33:53,3,8,Invierno
102721,LOSARTAN POTASICO 50MG CJAX100TAB,PERUFARMA GENERICO,0.0,40.0,8.0,2024-08-22 17:24:15,4,8,Invierno
102721,LOSARTAN POTASICO 50MG CJAX100TAB,PERUFARMA GENERICO,0.0,10.0,2.0,2024-08-24 11:17:26,4,8,Invierno
102721,LOSARTAN POTASICO 50MG CJAX100TAB,PERUFARMA GENERICO,0.0,18.0,3.6,2024-08-24 21:32:08,4,8,Invierno
102721,LOSARTAN POTASICO 50MG CJAX100TAB,PERUFARMA GENERICO,0.0,5.0,1.0,2024-08-26 15:48:58,8,8,Invierno
102721,LOSARTAN POTASICO 50MG CJAX100TAB,PERUFARMA GENERICO,0.0,10.0,2.0,2024-08-27 12:47:45,12,8,Invierno
102721,LOSARTAN POTASICO 50MG CJAX100TAB,PERUFARMA GENERICO,0.0,10.0,2.0,2024-08-29 08:02:26,11,8,Invierno
102721,LOSARTAN POTASICO 50MG CJAX100TAB,PERUFARMA GENERICO,0.0,1.0,0.2,2024-08-29 18:37:31,11,8,Invierno
102721,LOSARTAN POTASICO 50MG CJAX100TAB,PERUFARMA GENERICO,0.0,10.0,2.0,2024-08-29 19:32:49,11,8,Invierno
102721,LOSARTAN POTASICO 50MG CJAX100TAB,PERUFARMA GENERICO,0.0,10.0,2.0,2024-08-30 15:54:05,8,8,Invierno
102721,LOSARTAN POTASICO 50MG CJAX100TAB,PERUFARMA GENERICO,0.0,10.0,2.0,2024-08-30 18:45:18,12,8,Invierno
102721,LOSARTAN POTASICO 50MG CJAX100TAB,PERUFARMA GENERICO,1.0,0.0,20.0,2024-08-30 19:38:25,11,8,Invierno
102721,LOSARTAN POTASICO 50MG CJAX100TAB,PERUFARMA GENERICO,0.0,40.0,8.0,2024-09-07 14:25:59,8,9,Primavera
102721,LOSARTAN POTASICO 50MG CJAX100TAB,PERUFARMA GENERICO,0.0,10.0,2.0,2024-09-08 18:17:50,8,9,Primavera
102721,LOSARTAN POTASICO 50MG CJAX100TAB,PERUFARMA GENERICO,0.0,50.0,10.0,2024-09-08 19:15:46,8,9,Primavera
102721,LOSARTAN POTASICO 50MG CJAX100TAB,PERUFARMA GENERICO,0.0,10.0,2.0,2024-09-09 11:48:49,12,9,Primavera
102721,LOSARTAN POTASICO 50MG CJAX100TAB,PERUFARMA GENERICO,0.0,10.0,2.0,2024-09-09 18:02:39,8,9,Primavera
102721,LOSARTAN POTASICO 50MG CJAX100TAB,PERUFARMA GENERICO,0.0,10.0,2.0,2024-09-12 15:21:19,12,9,Primavera
102721,LOSARTAN POTASICO 50MG CJAX100TAB,PERUFARMA GENERICO,0.0,10.0,2.0,2024-09-20 07:58:49,12,9,Primavera
102721,LOSARTAN POTASICO 50MG CJAX100TAB,PERUFARMA GENERICO,0.0,10.0,2.0,2024-09-26 13:10:45,8,9,Primavera
102721,LOSARTAN POTASICO 50MG CJAX100TAB,PERUFARMA GENERICO,0.0,10.0,2.0,2024-09-30 12:32:08,8,9,Primavera
102721,LOSARTAN POTASICO 50MG CJAX100TAB,PERUFARMA GENERICO,2.0,0.0,40.0,2024-10-11 10:55:01,2,10,Primavera
102721,LOSARTAN POTASICO 50MG CJAX100TAB,PERUFARMA GENERICO,0.0,20.0,4.0,2024-10-11 15:47:40,11,10,Primavera
102721,LOSARTAN POTASICO 50MG CJAX100TAB,PERUFARMA GENERICO,0.0,10.0,2.0,2024-10-12 18:10:29,4,10,Primavera
102721,LOSARTAN POTASICO 50MG CJAX100TAB,PERUFARMA GENERICO,0.0,20.0,4.0,2024-10-12 21:13:40,7,10,Primavera
102721,LOSARTAN POTASICO 50MG CJAX100TAB,PERUFARMA GENERICO,0.0,5.0,1.0,2024-10-14 12:37:12,8,10,Primavera
102721,LOSARTAN POTASICO 50MG CJAX100TAB,PERUFARMA GENERICO,0.0,10.0,2.0,2024-10-14 17:36:11,2,10,Primavera
102721,LOSARTAN POTASICO 50MG CJAX100TAB,PERUFARMA GENERICO,0.0,10.0,2.0,2024-10-15 08:55:48,4,10,Primavera
102721,LOSARTAN POTASICO 50MG CJAX100TAB,PERUFARMA GENERICO,0.0,10.0,2.0,2024-10-16 09:23:37,7,10,Primavera
102721,LOSARTAN POTASICO 50MG CJAX100TAB,PERUFARMA GENERICO,0.0,10.0,2.0,2024-10-16 09:25:15,7,10,Primavera
102721,LOSARTAN POTASICO 50MG CJAX100TAB,PERUFARMA GENERICO,0.0,10.0,2.0,2024-10-16 10:07:55,3,10,Primavera
102721,LOSARTAN POTASICO 50MG CJAX100TAB,PERUFARMA GENERICO,0.0,-10.0,-2.0,2024-10-16 12:00:00,7,10,Primavera
102721,LOSARTAN POTASICO 50MG CJAX100TAB,PERUFARMA GENERICO,0.0,20.0,4.0,2024-10-17 07:48:20,6,10,Primavera
102721,LOSARTAN POTASICO 50MG CJAX100TAB,PERUFARMA GENERICO,0.0,20.0,4.0,2024-10-17 17:41:33,8,10,Primavera
102721,LOSARTAN POTASICO 50MG CJAX100TAB,PERUFARMA GENERICO,0.0,10.0,2.0,2024-10-17 19:15:04,3,10,Primavera
102721,LOSARTAN POTASICO 50MG CJAX100TAB,PERUFARMA GENERICO,0.0,30.0,6.0,2024-10-17 19:55:08,4,10,Primavera
102721,LOSARTAN POTASICO 50MG CJAX100TAB,PERUFARMA GENERICO,0.0,10.0,2.0,2024-10-18 20:40:02,6,10,Primavera
102721,LOSARTAN POTASICO 50MG CJAX100TAB,PERUFARMA GENERICO,0.0,10.0,2.0,2024-10-19 08:48:59,6,10,Primavera
102721,LOSARTAN POTASICO 50MG CJAX100TAB,PERUFARMA GENERICO,0.0,-10.0,-2.0,2024-10-19 12:00:00,6,10,Primavera
102721,LOSARTAN POTASICO 50MG CJAX100TAB,PERUFARMA GENERICO,0.0,10.0,2.0,2024-10-19 17:52:45,9,10,Primavera
102721,LOSARTAN POTASICO 50MG CJAX100TAB,PERUFARMA GENERICO,0.0,20.0,4.0,2024-10-19 18:25:30,3,10,Primavera
102721,LOSARTAN POTASICO 50MG CJAX100TAB,PERUFARMA GENERICO,0.0,10.0,2.0,2024-10-19 18:30:44,4,10,Primavera
102721,LOSARTAN POTASICO 50MG CJAX100TAB,PERUFARMA GENERICO,0.0,20.0,4.0,2024-10-19 22:39:54,4,10,Primavera
102721,LOSARTAN POTASICO 50MG CJAX100TAB,PERUFARMA GENERICO,0.0,10.0,2.0,2024-10-20 18:02:12,3,10,Primavera
102721,LOSARTAN POTASICO 50MG CJAX100TAB,PERUFARMA GENERICO,0.0,100.0,20.0,2024-10-20 19:06:01,5,10,Primavera
102721,LOSARTAN POTASICO 50MG CJAX100TAB,PERUFARMA GENERICO,0.0,10.0,2.0,2024-10-21 11:11:36,9,10,Primavera
102721,LOSARTAN POTASICO 50MG CJAX100TAB,PERUFARMA GENERICO,0.0,-30.0,-6.0,2024-10-22 12:00:00,4,10,Primavera
102721,LOSARTAN POTASICO 50MG CJAX100TAB,PERUFARMA GENERICO,0.0,30.0,6.0,2024-10-22 15:03:34,4,10,Primavera
102721,LOSARTAN POTASICO 50MG CJAX100TAB,PERUFARMA GENERICO,0.0,10.0,2.0,2024-10-23 14:20:27,6,10,Primavera
102721,LOSARTAN POTASICO 50MG CJAX100TAB,PERUFARMA GENERICO,0.0,10.0,2.0,2024-10-23 18:17:00,6,10,Primavera
102721,LOSARTAN POTASICO 50MG CJAX100TAB,PERUFARMA GENERICO,0.0,10.0,2.0,2024-10-24 12:29:22,9,10,Primavera
102721,LOSARTAN POTASICO 50MG CJAX100TAB,PERUFARMA GENERICO,0.0,10.0,2.0,2024-10-24 12:46:46,6,10,Primavera
102721,LOSARTAN POTASICO 50MG CJAX100TAB,PERUFARMA GENERICO,0.0,5.0,1.0,2024-10-24 19:20:54,3,10,Primavera
102721,LOSARTAN POTASICO 50MG CJAX100TAB,PERUFARMA GENERICO,0.0,10.0,2.0,2024-10-25 10:38:54,9,10,Primavera
102721,LOSARTAN POTASICO 50MG CJAX100TAB,PERUFARMA GENERICO,0.0,5.0,1.0,2024-10-25 12:54:35,12,10,Primavera
102721,LOSARTAN POTASICO 50MG CJAX100TAB,PERUFARMA GENERICO,0.0,5.0,1.0,2024-10-25 12:57:06,12,10,Primavera
102721,LOSARTAN POTASICO 50MG CJAX100TAB,PERUFARMA GENERICO,0.0,10.0,2.0,2024-10-25 18:13:32,1,10,Primavera
102721,LOSARTAN POTASICO 50MG CJAX100TAB,PERUFARMA GENERICO,0.0,10.0,2.0,2024-10-25 20:44:17,3,10,Primavera
102721,LOSARTAN POTASICO 50MG CJAX100TAB,PERUFARMA GENERICO,0.0,30.0,6.0,2024-10-25 22:20:16,7,10,Primavera
102721,LOSARTAN POTASICO 50MG CJAX100TAB,PERUFARMA GENERICO,1.0,0.0,20.0,2024-10-26 10:15:07,1,10,Primavera
102721,LOSARTAN POTASICO 50MG CJAX100TAB,PERUFARMA GENERICO,0.0,10.0,2.0,2024-10-27 21:15:06,4,10,Primavera
102721,LOSARTAN POTASICO 50MG CJAX100TAB,PERUFARMA GENERICO,0.0,10.0,2.0,2024-10-27 21:46:09,4,10,Primavera
102721,LOSARTAN POTASICO 50MG CJAX100TAB,PERUFARMA GENERICO,0.0,10.0,2.0,2024-10-28 11:16:34,3,10,Primavera
102721,LOSARTAN POTASICO 50MG CJAX100TAB,PERUFARMA GENERICO,0.0,10.0,2.0,2024-10-28 12:24:13,7,10,Primavera
102721,LOSARTAN POTASICO 50MG CJAX100TAB,PERUFARMA GENERICO,0.0,10.0,2.0,2024-10-28 14:29:41,6,10,Primavera
102721,LOSARTAN POTASICO 50MG CJAX100TAB,PERUFARMA GENERICO,0.0,10.0,2.0,2024-10-28 16:48:27,6,10,Primavera
102721,LOSARTAN POTASICO 50MG CJAX100TAB,PERUFARMA GENERICO,0.0,10.0,2.0,2024-10-29 18:50:14,9,10,Primavera
102721,LOSARTAN POTASICO 50MG CJAX100TAB,PERUFARMA GENERICO,0.0,10.0,2.0,2024-10-31 08:11:56,4,10,Primavera
102721,LOSARTAN POTASICO 50MG CJAX100TAB,PERUFARMA GENERICO,0.0,10.0,2.0,2024-11-01 14:54:25,3,11,Primavera
102721,LOSARTAN POTASICO 50MG CJAX100TAB,PERUFARMA GENERICO,0.0,10.0,2.0,2024-11-01 16:06:30,6,11,Primavera
102721,LOSARTAN POTASICO 50MG CJAX100TAB,PERUFARMA GENERICO,0.0,10.0,2.0,2024-11-01 17:04:10,6,11,Primavera
102721,LOSARTAN POTASICO 50MG CJAX100TAB,PERUFARMA GENERICO,0.0,20.0,4.0,2024-11-01 17:39:21,2,11,Primavera
102721,LOSARTAN POTASICO 50MG CJAX100TAB,PERUFARMA GENERICO,0.0,30.0,6.0,2024-11-01 22:18:50,7,11,Primavera
102721,LOSARTAN POTASICO 50MG CJAX100TAB,PERUFARMA GENERICO,0.0,40.0,8.0,2024-11-02 09:53:18,3,11,Primavera
102721,LOSARTAN POTASICO 50MG CJAX100TAB,PERUFARMA GENERICO,1.0,0.0,20.0,2024-11-02 21:14:11,7,11,Primavera
102721,LOSARTAN POTASICO 50MG CJAX100TAB,PERUFARMA GENERICO,0.0,30.0,6.0,2024-11-03 10:25:42,8,11,Primavera
102721,LOSARTAN POTASICO 50MG CJAX100TAB,PERUFARMA GENERICO,0.0,10.0,2.0,2024-11-03 15:48:38,12,11,Primavera
102721,LOSARTAN POTASICO 50MG CJAX100TAB,PERUFARMA GENERICO,1.0,0.0,20.0,2024-11-04 07:48:42,6,11,Primavera
102721,LOSARTAN POTASICO 50MG CJAX100TAB,PERUFARMA GENERICO,0.0,20.0,4.0,2024-11-04 09:05:17,9,11,Primavera
102721,LOSARTAN POTASICO 50MG CJAX100TAB,PERUFARMA GENERICO,0.0,10.0,2.0,2024-11-07 16:04:47,6,11,Primavera
102721,LOSARTAN POTASICO 50MG CJAX100TAB,PERUFARMA GENERICO,0.0,10.0,2.0,2024-11-08 19:07:13,9,11,Primavera
102721,LOSARTAN POTASICO 50MG CJAX100TAB,PERUFARMA GENERICO,0.0,10.0,2.0,2024-11-10 10:49:56,1,11,Primavera
102721,LOSARTAN POTASICO 50MG CJAX100TAB,PERUFARMA GENERICO,0.0,10.0,2.0,2024-11-10 10:58:49,6,11,Primavera
102721,LOSARTAN POTASICO 50MG CJAX100TAB,PERUFARMA GENERICO,0.0,10.0,2.0,2024-11-10 16:23:47,9,11,Primavera
102721,LOSARTAN POTASICO 50MG CJAX100TAB,PERUFARMA GENERICO,1.0,0.0,20.0,2024-11-11 18:43:56,9,11,Primavera
102721,LOSARTAN POTASICO 50MG CJAX100TAB,PERUFARMA GENERICO,0.0,10.0,2.0,2024-11-12 13:44:41,8,11,Primavera
102721,LOSARTAN POTASICO 50MG CJAX100TAB,PERUFARMA GENERICO,0.0,10.0,2.0,2024-11-13 13:02:36,8,11,Primavera
102721,LOSARTAN POTASICO 50MG CJAX100TAB,PERUFARMA GENERICO,0.0,10.0,2.0,2024-11-13 14:12:45,6,11,Primavera
102721,LOSARTAN POTASICO 50MG CJAX100TAB,PERUFARMA GENERICO,0.0,10.0,2.0,2024-11-14 10:08:23,9,11,Primavera
102721,LOSARTAN POTASICO 50MG CJAX100TAB,PERUFARMA GENERICO,0.0,30.0,6.0,2024-11-14 11:14:31,1,11,Primavera
102721,LOSARTAN POTASICO 50MG CJAX100TAB,PERUFARMA GENERICO,0.0,-30.0,-6.0,2024-11-14 11:16:53,1,11,Primavera
102721,LOSARTAN POTASICO 50MG CJAX100TAB,PERUFARMA GENERICO,0.0,30.0,6.0,2024-11-14 11:21:20,1,11,Primavera
102721,LOSARTAN POTASICO 50MG CJAX100TAB,PERUFARMA GENERICO,0.0,10.0,2.0,2024-11-16 11:51:17,8,11,Primavera
102721,LOSARTAN POTASICO 50MG CJAX100TAB,PERUFARMA GENERICO,0.0,10.0,2.0,2024-11-17 15:55:55,1,11,Primavera
102721,LOSARTAN POTASICO 50MG CJAX100TAB,PERUFARMA GENERICO,0.0,10.0,2.0,2024-11-18 09:01:59,13,11,Primavera
102721,LOSARTAN POTASICO 50MG CJAX100TAB,PERUFARMA GENERICO,0.0,10.0,2.0,2024-11-18 11:06:34,4,11,Primavera
102721,LOSARTAN POTASICO 50MG CJAX100TAB,PERUFARMA GENERICO,0.0,3.0,0.6,2024-11-19 13:35:25,8,11,Primavera
102721,LOSARTAN POTASICO 50MG CJAX100TAB,PERUFARMA GENERICO,0.0,1.0,0.2,2024-11-20 12:41:18,12,11,Primavera
102721,LOSARTAN POTASICO 50MG CJAX100TAB,PERUFARMA GENERICO,0.0,10.0,2.0,2024-11-20 19:50:53,11,11,Primavera
102721,LOSARTAN POTASICO 50MG CJAX100TAB,PERUFARMA GENERICO,0.0,10.0,2.0,2024-11-20 20:01:03,13,11,Primavera
102721,LOSARTAN POTASICO 50MG CJAX100TAB,PERUFARMA GENERICO,0.0,10.0,2.0,2024-11-21 14:47:16,3,11,Primavera
102721,LOSARTAN POTASICO 50MG CJAX100TAB,PERUFARMA GENERICO,0.0,30.0,6.0,2024-11-22 19:55:42,9,11,Primavera
102721,LOSARTAN POTASICO 50MG CJAX100TAB,PERUFARMA GENERICO,1.0,0.0,20.0,2024-11-23 19:58:20,1,11,Primavera
102721,LOSARTAN POTASICO 50MG CJAX100TAB,PERUFARMA GENERICO,0.0,10.0,2.0,2024-11-24 14:32:03,7,11,Primavera
102721,LOSARTAN POTASICO 50MG CJAX100TAB,PERUFARMA GENERICO,1.0,0.0,20.0,2024-11-25 10:53:30,10,11,Primavera
102721,LOSARTAN POTASICO 50MG CJAX100TAB,PERUFARMA GENERICO,0.0,10.0,2.0,2024-11-26 08:30:13,6,11,Primavera
102721,LOSARTAN POTASICO 50MG CJAX100TAB,PERUFARMA GENERICO,0.0,10.0,2.0,2024-11-26 22:44:47,4,11,Primavera
102721,LOSARTAN POTASICO 50MG CJAX100TAB,PERUFARMA GENERICO,0.0,10.0,2.0,2024-11-27 10:10:40,1,11,Primavera
102721,LOSARTAN POTASICO 50MG CJAX100TAB,PERUFARMA GENERICO,0.0,50.0,10.0,2024-11-28 18:26:09,4,11,Primavera
102721,LOSARTAN POTASICO 50MG CJAX100TAB,PERUFARMA GENERICO,1.0,0.0,20.0,2024-11-28 22:01:54,1,11,Primavera
102721,LOSARTAN POTASICO 50MG CJAX100TAB,PERUFARMA GENERICO,0.0,20.0,4.0,2024-11-29 16:38:43,12,11,Primavera
102721,LOSARTAN POTASICO 50MG CJAX100TAB,PERUFARMA GENERICO,0.0,30.0,6.0,2024-11-29 17:57:07,12,11,Primavera
102721,LOSARTAN POTASICO 50MG CJAX100TAB,PERUFARMA GENERICO,0.0,10.0,2.0,2024-11-30 14:12:55,10,11,Primavera
102721,LOSARTAN POTASICO 50MG CJAX100TAB,PERUFARMA GENERICO,1.0,0.0,20.0,2024-11-30 16:26:37,8,11,Primavera
102721,LOSARTAN POTASICO 50MG CJAX100TAB,PERUFARMA GENERICO,0.0,10.0,2.0,2024-11-30 19:48:14,1,11,Primavera
102721,LOSARTAN POTASICO 50MG CJAX100TAB,PERUFARMA GENERICO,0.0,-10.0,-2.0,2024-11-30 20:14:38,1,11,Primavera
102721,LOSARTAN POTASICO 50MG CJAX100TAB,PERUFARMA GENERICO,0.0,20.0,4.0,2024-12-02 17:20:40,7,12,Verano
102721,LOSARTAN POTASICO 50MG CJAX100TAB,PERUFARMA GENERICO,1.0,0.0,20.0,2024-12-02 20:49:09,9,12,Verano
102721,LOSARTAN POTASICO 50MG CJAX100TAB,PERUFARMA GENERICO,1.0,0.0,20.0,2024-12-03 08:08:36,4,12,Verano
102721,LOSARTAN POTASICO 50MG CJAX100TAB,PERUFARMA GENERICO,0.0,10.0,2.0,2024-12-03 12:56:56,6,12,Verano
102721,LOSARTAN POTASICO 50MG CJAX100TAB,PERUFARMA GENERICO,0.0,10.0,2.0,2024-12-04 14:37:43,5,12,Verano
102721,LOSARTAN POTASICO 50MG CJAX100TAB,PERUFARMA GENERICO,0.0,10.0,2.0,2024-12-05 09:29:59,3,12,Verano
102721,LOSARTAN POTASICO 50MG CJAX100TAB,PERUFARMA GENERICO,0.0,30.0,6.0,2024-12-06 16:45:17,3,12,Verano
102721,LOSARTAN POTASICO 50MG CJAX100TAB,PERUFARMA GENERICO,0.0,20.0,4.0,2024-12-07 19:36:23,3,12,Verano
102721,LOSARTAN POTASICO 50MG CJAX100TAB,PERUFARMA GENERICO,0.0,10.0,2.0,2024-12-08 09:06:27,12,12,Verano
102721,LOSARTAN POTASICO 50MG CJAX100TAB,PERUFARMA GENERICO,0.0,20.0,4.0,2024-12-08 23:13:45,4,12,Verano
102721,LOSARTAN POTASICO 50MG CJAX100TAB,PERUFARMA GENERICO,0.0,10.0,2.0,2024-12-09 10:35:50,9,12,Verano
102721,LOSARTAN POTASICO 50MG CJAX100TAB,PERUFARMA GENERICO,0.0,10.0,2.0,2024-12-10 08:15:08,3,12,Verano
102721,LOSARTAN POTASICO 50MG CJAX100TAB,PERUFARMA GENERICO,0.0,40.0,8.0,2024-12-10 15:01:17,6,12,Verano
102721,LOSARTAN POTASICO 50MG CJAX100TAB,PERUFARMA GENERICO,0.0,10.0,2.0,2024-12-10 16:07:49,2,12,Verano
102721,LOSARTAN POTASICO 50MG CJAX100TAB,PERUFARMA GENERICO,0.0,10.0,2.0,2024-12-10 19:12:07,6,12,Verano
102721,LOSARTAN POTASICO 50MG CJAX100TAB,PERUFARMA GENERICO,0.0,5.0,1.0,2024-12-10 20:28:52,1,12,Verano
102721,LOSARTAN POTASICO 50MG CJAX100TAB,PERUFARMA GENERICO,0.0,20.0,4.0,2024-12-11 17:43:56,3,12,Verano
102721,LOSARTAN POTASICO 50MG CJAX100TAB,PERUFARMA GENERICO,0.0,10.0,2.0,2024-12-12 10:02:55,6,12,Verano
102721,LOSARTAN POTASICO 50MG CJAX100TAB,PERUFARMA GENERICO,0.0,10.0,2.0,2024-12-12 13:20:08,8,12,Verano
102721,LOSARTAN POTASICO 50MG CJAX100TAB,PERUFARMA GENERICO,0.0,10.0,2.0,2024-12-13 08:56:16,7,12,Verano
102721,LOSARTAN POTASICO 50MG CJAX100TAB,PERUFARMA GENERICO,0.0,10.0,2.0,2024-12-14 09:07:19,6,12,Verano
102721,LOSARTAN POTASICO 50MG CJAX100TAB,PERUFARMA GENERICO,1.0,0.0,20.0,2024-12-14 20:23:04,12,12,Verano
102721,LOSARTAN POTASICO 50MG CJAX100TAB,PERUFARMA GENERICO,0.0,10.0,2.0,2024-12-16 17:28:45,4,12,Verano
102721,LOSARTAN POTASICO 50MG CJAX100TAB,PERUFARMA GENERICO,0.0,10.0,2.0,2024-12-16 22:17:13,10,12,Verano
102721,LOSARTAN POTASICO 50MG CJAX100TAB,PERUFARMA GENERICO,0.0,-10.0,-2.0,2024-12-16 22:19:31,10,12,Verano
102721,LOSARTAN POTASICO 50MG CJAX100TAB,PERUFARMA GENERICO,1.0,0.0,20.0,2024-12-17 21:08:26,3,12,Verano
102721,LOSARTAN POTASICO 50MG CJAX100TAB,PERUFARMA GENERICO,0.0,20.0,4.0,2024-12-18 10:17:18,10,12,Verano
102721,LOSARTAN POTASICO 50MG CJAX100TAB,PERUFARMA GENERICO,0.0,10.0,2.0,2024-12-18 10:28:36,10,12,Verano
102721,LOSARTAN POTASICO 50MG CJAX100TAB,PERUFARMA GENERICO,0.0,10.0,2.0,2024-12-19 13:29:45,4,12,Verano
102721,LOSARTAN POTASICO 50MG CJAX100TAB,PERUFARMA GENERICO,0.0,10.0,2.0,2024-12-20 20:03:07,3,12,Verano
102721,LOSARTAN POTASICO 50MG CJAX100TAB,PERUFARMA GENERICO,0.0,20.0,4.0,2024-12-21 16:17:54,7,12,Verano
102721,LOSARTAN POTASICO 50MG CJAX100TAB,PERUFARMA GENERICO,0.0,5.0,1.0,2024-12-22 11:14:18,10,12,Verano
102721,LOSARTAN POTASICO 50MG CJAX100TAB,PERUFARMA GENERICO,0.0,20.0,4.0,2024-12-22 11:18:19,1,12,Verano
102721,LOSARTAN POTASICO 50MG CJAX100TAB,PERUFARMA GENERICO,0.0,10.0,2.0,2024-12-22 11:24:33,7,12,Verano
102721,LOSARTAN POTASICO 50MG CJAX100TAB,PERUFARMA GENERICO,0.0,10.0,2.0,2024-12-22 18:56:39,13,12,Verano
102721,LOSARTAN POTASICO 50MG CJAX100TAB,PERUFARMA GENERICO,1.0,0.0,20.0,2024-12-23 18:41:02,4,12,Verano
102721,LOSARTAN POTASICO 50MG CJAX100TAB,PERUFARMA GENERICO,0.0,10.0,2.0,2024-12-24 13:23:45,7,12,Verano
102721,LOSARTAN POTASICO 50MG CJAX100TAB,PERUFARMA GENERICO,0.0,20.0,4.0,2024-12-25 15:35:24,5,12,Verano
102721,LOSARTAN POTASICO 50MG CJAX100TAB,PERUFARMA GENERICO,0.0,10.0,2.0,2024-12-25 17:53:54,13,12,Verano
102721,LOSARTAN POTASICO 50MG CJAX100TAB,PERUFARMA GENERICO,0.0,10.0,2.0,2024-12-25 18:35:47,7,12,Verano
102721,LOSARTAN POTASICO 50MG CJAX100TAB,PERUFARMA GENERICO,0.0,30.0,6.0,2024-12-25 21:17:42,10,12,Verano
102721,LOSARTAN POTASICO 50MG CJAX100TAB,PERUFARMA GENERICO,0.0,10.0,2.0,2024-12-26 11:00:33,7,12,Verano
102721,LOSARTAN POTASICO 50MG CJAX100TAB,PERUFARMA GENERICO,0.0,10.0,2.0,2024-12-26 18:39:35,10,12,Verano
102721,LOSARTAN POTASICO 50MG CJAX100TAB,PERUFARMA GENERICO,0.0,10.0,2.0,2024-12-27 10:18:50,5,12,Verano
102721,LOSARTAN POTASICO 50MG CJAX100TAB,PERUFARMA GENERICO,0.0,10.0,2.0,2024-12-28 08:38:36,4,12,Verano
102721,LOSARTAN POTASICO 50MG CJAX100TAB,PERUFARMA GENERICO,0.0,10.0,2.0,2024-12-29 20:44:22,10,12,Verano
102721,LOSARTAN POTASICO 50MG CJAX100TAB,PERUFARMA GENERICO,0.0,10.0,2.0,2024-12-30 11:07:39,3,12,Verano
102721,LOSARTAN POTASICO 50MG CJAX100TAB,PERUFARMA GENERICO,0.0,10.0,2.0,2024-12-31 10:51:40,6,12,Verano
102721,LOSARTAN POTASICO 50MG CJAX100TAB,PERUFARMA GENERICO,0.0,10.0,2.0,2024-12-31 17:36:49,1,12,Verano
102721,LOSARTAN POTASICO 50MG CJAX100TAB,PERUFARMA GENERICO,0.0,30.0,6.0,2024-12-31 20:45:40,7,12,Verano
102721,LOSARTAN POTASICO 50MG CJAX100TAB,PERUFARMA GENERICO,0.0,10.0,2.0,2025-01-01 11:10:12,6,1,Verano
102721,LOSARTAN POTASICO 50MG CJAX100TAB,PERUFARMA GENERICO,0.0,10.0,2.0,2025-01-02 17:36:10,5,1,Verano
102721,LOSARTAN POTASICO 50MG CJAX100TAB,PERUFARMA GENERICO,0.0,10.0,2.0,2025-01-03 10:16:53,6,1,Verano
102721,LOSARTAN POTASICO 50MG CJAX100TAB,PERUFARMA GENERICO,0.0,30.0,6.0,2025-01-03 18:16:04,4,1,Verano
102721,LOSARTAN POTASICO 50MG CJAX100TAB,PERUFARMA GENERICO,0.0,10.0,2.0,2025-01-04 07:56:59,2,1,Verano
102721,LOSARTAN POTASICO 50MG CJAX100TAB,PERUFARMA GENERICO,0.0,10.0,2.0,2025-01-04 07:57:22,2,1,Verano
102721,LOSARTAN POTASICO 50MG CJAX100TAB,PERUFARMA GENERICO,0.0,10.0,2.0,2025-01-05 14:25:33,2,1,Verano
102721,LOSARTAN 50MG COM. REC CJAX100UND,PERUFARMA GENERICO,1.0,0.0,20.0,2025-01-05 16:52:48,9,1,Verano
102721,LOSARTAN 50MG COM. REC CJAX100UND,PERUFARMA GENERICO,1.0,0.0,20.0,2025-01-05 19:13:43,10,1,Verano
102721,LOSARTAN 50MG COM. REC CJAX100UND,PERUFARMA GENERICO,0.0,30.0,6.0,2025-01-06 15:22:21,4,1,Verano
102721,LOSARTAN 50MG COM. REC CJAX100UND,PERUFARMA GENERICO,0.0,5.0,1.0,2025-01-07 15:26:45,6,1,Verano
102721,LOSARTAN 50MG COM. REC CJAX100UND,PERUFARMA GENERICO,0.0,10.0,2.0,2025-01-08 09:35:03,1,1,Verano
102721,LOSARTAN 50MG COM. REC CJAX100UND,PERUFARMA GENERICO,0.0,10.0,2.0,2025-01-08 20:36:41,2,1,Verano
102721,LOSARTAN 50MG COM. REC CJAX100UND,PERUFARMA GENERICO,0.0,10.0,2.0,2025-01-09 08:24:36,12,1,Verano
102721,LOSARTAN 50MG COM. REC CJAX100UND,PERUFARMA GENERICO,0.0,10.0,2.0,2025-01-10 10:48:04,6,1,Verano
102721,LOSARTAN 50MG COM. REC CJAX100UND,PERUFARMA GENERICO,0.0,10.0,2.0,2025-01-11 08:08:20,6,1,Verano
102721,LOSARTAN 50MG COM. REC CJAX100UND,PERUFARMA GENERICO,0.0,10.0,2.0,2025-01-11 18:15:46,3,1,Verano
102721,LOSARTAN 50MG COM. REC CJAX100UND,PERUFARMA GENERICO,0.0,10.0,2.0,2025-01-11 20:28:55,15,1,Verano
102721,LOSARTAN 50MG COM. REC CJAX100UND,PERUFARMA GENERICO,0.0,30.0,6.0,2025-01-12 10:27:31,5,1,Verano
102721,LOSARTAN 50MG COM. REC CJAX100UND,PERUFARMA GENERICO,0.0,-20.0,-4.0,2025-01-12 12:00:00,6,1,Verano
102721,LOSARTAN 50MG COM. REC CJAX100UND,PERUFARMA GENERICO,0.0,20.0,4.0,2025-01-12 16:13:51,6,1,Verano
102721,LOSARTAN 50MG COM. REC CJAX100UND,PERUFARMA GENERICO,0.0,20.0,4.0,2025-01-12 16:48:56,6,1,Verano
102721,LOSARTAN 50MG COM. REC CJAX100UND,PERUFARMA GENERICO,0.0,10.0,2.0,2025-01-12 19:58:39,10,1,Verano
102721,LOSARTAN 50MG COM. REC CJAX100UND,PERUFARMA GENERICO,0.0,100.0,20.0,2025-01-13 11:41:13,13,1,Verano
102721,LOSARTAN 50MG COM. REC CJAX100UND,PERUFARMA GENERICO,0.0,10.0,2.0,2025-01-13 11:53:47,6,1,Verano
102721,LOSARTAN 50MG COM. REC CJAX100UND,PERUFARMA GENERICO,0.0,-100.0,-20.0,2025-01-13 12:00:00,13,1,Verano
102721,LOSARTAN 50MG COM. REC CJAX100UND,PERUFARMA GENERICO,0.0,10.0,2.0,2025-01-14 17:22:32,10,1,Verano
102721,LOSARTAN 50MG COM. REC CJAX100UND,PERUFARMA GENERICO,0.0,60.0,12.0,2025-01-14 17:59:37,8,1,Verano
102721,LOSARTAN 50MG COM. REC CJAX100UND,PERUFARMA GENERICO,0.0,20.0,4.0,2025-01-15 11:22:12,1,1,Verano
102721,LOSARTAN 50MG COM. REC CJAX100UND,PERUFARMA GENERICO,0.0,20.0,4.0,2025-01-16 19:45:27,7,1,Verano
102721,LOSARTAN 50MG COM. REC CJAX100UND,PERUFARMA GENERICO,0.0,30.0,6.0,2025-01-16 22:52:21,10,1,Verano
102721,LOSARTAN 50MG COM. REC CJAX100UND,PERUFARMA GENERICO,0.0,10.0,2.0,2025-01-17 21:07:07,1,1,Verano
102721,LOSARTAN 50MG COM. REC CJAX100UND,PERUFARMA GENERICO,1.0,0.0,20.0,2025-01-18 10:04:33,5,1,Verano
102721,LOSARTAN 50MG COM. REC CJAX100UND,PERUFARMA GENERICO,1.0,0.0,20.0,2025-01-19 10:00:51,4,1,Verano
102721,LOSARTAN 50MG COM. REC CJAX100UND,PERUFARMA GENERICO,1.0,0.0,20.0,2025-01-19 16:23:30,4,1,Verano
102721,LOSARTAN 50MG COM. REC CJAX100UND,PERUFARMA GENERICO,0.0,20.0,4.0,2025-01-19 22:15:09,7,1,Verano
102721,LOSARTAN 50MG COM. REC CJAX100UND,PERUFARMA GENERICO,5.0,0.0,100.0,2025-01-20 19:33:06,1,1,Verano
102721,LOSARTAN 50MG COM. REC CJAX100UND,PERUFARMA GENERICO,0.0,10.0,2.0,2025-01-20 21:38:21,7,1,Verano
102721,LOSARTAN 50MG COM. REC CJAX100UND,PERUFARMA GENERICO,0.0,-10.0,-2.0,2025-01-21 15:49:09,2,1,Verano
102721,LOSARTAN 50MG COM. REC CJAX100UND,PERUFARMA GENERICO,0.0,10.0,2.0,2025-01-21 17:40:15,2,1,Verano
102721,LOSARTAN 50MG COM. REC CJAX100UND,PERUFARMA GENERICO,0.0,10.0,2.0,2025-01-22 11:30:08,6,1,Verano
102721,LOSARTAN 50MG COM. REC CJAX100UND,PERUFARMA GENERICO,0.0,10.0,2.0,2025-01-22 11:35:24,6,1,Verano
102721,LOSARTAN 50MG COM. REC CJAX100UND,PERUFARMA GENERICO,0.0,-10.0,-2.0,2025-01-22 12:00:00,6,1,Verano
102721,LOSARTAN 50MG COM. REC CJAX100UND,PERUFARMA GENERICO,0.0,10.0,2.0,2025-01-22 17:31:37,11,1,Verano
102721,LOSARTAN 50MG COM. REC CJAX100UND,PERUFARMA GENERICO,0.0,10.0,2.0,2025-01-22 18:54:58,6,1,Verano
102721,LOSARTAN 50MG COM. REC CJAX100UND,PERUFARMA GENERICO,0.0,30.0,6.0,2025-01-22 19:21:51,14,1,Verano
102721,LOSARTAN 50MG COM. REC CJAX100UND,PERUFARMA GENERICO,1.0,0.0,20.0,2025-01-23 11:18:02,9,1,Verano
102721,LOSARTAN 50MG COM. REC CJAX100UND,PERUFARMA GENERICO,0.0,50.0,10.0,2025-01-23 18:15:52,4,1,Verano
102721,LOSARTAN 50MG COM. REC CJAX100UND,PERUFARMA GENERICO,0.0,30.0,6.0,2025-01-23 19:30:59,7,1,Verano
102721,LOSARTAN 50MG COM. REC CJAX100UND,PERUFARMA GENERICO,0.0,50.0,10.0,2025-01-24 21:40:50,7,1,Verano
102721,LOSARTAN 50MG COM. REC CJAX100UND,PERUFARMA GENERICO,0.0,100.0,20.0,2025-01-25 19:52:55,2,1,Verano
102721,LOSARTAN 50MG COM. REC CJAX100UND,PERUFARMA GENERICO,0.0,10.0,2.0,2025-01-26 10:52:48,6,1,Verano
102721,LOSARTAN 50MG COM. REC CJAX100UND,PERUFARMA GENERICO,1.0,0.0,20.0,2025-01-27 20:13:00,1,1,Verano
102721,LOSARTAN 50MG COM. REC CJAX100UND,PERUFARMA GENERICO,0.0,10.0,2.0,2025-01-28 20:18:42,10,1,Verano
102721,LOSARTAN 50MG COM. REC CJAX100UND,PERUFARMA GENERICO,0.0,10.0,2.0,2025-01-28 20:53:50,2,1,Verano
102721,LOSARTAN 50MG COM. REC CJAX100UND,PERUFARMA GENERICO,0.0,10.0,2.0,2025-01-29 20:15:03,6,1,Verano
102721,LOSARTAN 50MG COM. REC CJAX100UND,PERUFARMA GENERICO,0.0,10.0,2.0,2025-01-29 21:03:42,5,1,Verano
102721,LOSARTAN 50MG COM. REC CJAX100UND,PERUFARMA GENERICO,0.0,13.0,2.6,2025-01-29 21:24:31,12,1,Verano
102721,LOSARTAN 50MG COM. REC CJAX100UND,PERUFARMA GENERICO,0.0,30.0,6.0,2025-01-30 08:28:22,2,1,Verano
102721,LOSARTAN 50MG COM. REC CJAX100UND,PERUFARMA GENERICO,0.0,10.0,2.0,2025-01-30 08:36:46,3,1,Verano
102721,LOSARTAN 50MG COM. REC CJAX100UND,PERUFARMA GENERICO,0.0,10.0,2.0,2025-01-30 08:37:30,3,1,Verano
102721,LOSARTAN 50MG COM. REC CJAX100UND,PERUFARMA GENERICO,0.0,20.0,4.0,2025-01-30 10:45:39,8,1,Verano
102721,LOSARTAN 50MG COM. REC CJAX100UND,PERUFARMA GENERICO,0.0,10.0,2.0,2025-01-30 16:47:55,12,1,Verano
102721,LOSARTAN 50MG COM. REC CJAX100UND,PERUFARMA GENERICO,0.0,10.0,2.0,2025-01-31 08:14:44,5,1,Verano
102721,LOSARTAN 50MG COM. REC CJAX100UND,PERUFARMA GENERICO,0.0,30.0,6.0,2025-01-31 10:20:02,6,1,Verano
102721,LOSARTAN 50MG COM. REC CJAX100UND,PERUFARMA GENERICO,0.0,10.0,2.0,2025-01-31 15:01:50,5,1,Verano
102721,LOSARTAN 50MG COM. REC CJAX100UND,PERUFARMA GENERICO,1.0,0.0,20.0,2025-01-31 15:29:49,7,1,Verano
102721,LOSARTAN 50MG COM. REC CJAX100UND,PERUFARMA GENERICO,1.0,0.0,20.0,2025-01-31 17:31:22,1,1,Verano
102721,LOSARTAN 50MG COM. REC CJAX100UND,PERUFARMA GENERICO,0.0,50.0,10.0,2025-01-31 17:38:24,5,1,Verano
102721,LOSARTAN 50MG COM. REC CJAX100UND,PERUFARMA GENERICO,0.0,5.0,1.0,2025-01-31 18:07:37,13,1,Verano
102721,LOSARTAN 50MG COM. REC CJAX100UND,PERUFARMA GENERICO,0.0,50.0,10.0,2025-01-31 21:03:55,5,1,Verano
102721,LOSARTAN 50MG COM. REC CJAX100UND,PERUFARMA GENERICO,0.0,10.0,2.0,2025-02-01 13:01:00,2,2,Verano
102721,LOSARTAN 50MG COM. REC CJAX100UND,PERUFARMA GENERICO,1.0,0.0,20.0,2025-02-01 17:25:48,1,2,Verano
102721,LOSARTAN 50MG COM. REC CJAX100UND,PERUFARMA GENERICO,1.0,0.0,20.0,2025-02-01 18:10:46,5,2,Verano
102721,LOSARTAN 50MG COM. REC CJAX100UND,PERUFARMA GENERICO,1.0,0.0,20.0,2025-02-01 21:26:56,3,2,Verano
102721,LOSARTAN 50MG COM. REC CJAX100UND,PERUFARMA GENERICO,0.0,20.0,4.0,2025-02-01 21:34:11,10,2,Verano
102721,LOSARTAN 50MG COM. REC CJAX100UND,PERUFARMA GENERICO,0.0,10.0,2.0,2025-02-01 22:33:21,4,2,Verano
102721,LOSARTAN 50MG COM. REC CJAX100UND,PERUFARMA GENERICO,0.0,10.0,2.0,2025-02-02 21:06:47,4,2,Verano
102721,LOSARTAN 50MG COM. REC CJAX100UND,PERUFARMA GENERICO,0.0,20.0,4.0,2025-02-02 21:31:21,6,2,Verano
102721,LOSARTAN 50MG COM. REC CJAX100UND,PERUFARMA GENERICO,0.0,20.0,4.0,2025-02-03 10:04:00,1,2,Verano
102721,LOSARTAN 50MG COM. REC CJAX100UND,PERUFARMA GENERICO,0.0,10.0,2.0,2025-02-03 18:07:37,12,2,Verano
102721,LOSARTAN 50MG COM. REC CJAX100UND,PERUFARMA GENERICO,0.0,10.0,2.0,2025-02-03 20:02:01,5,2,Verano
102721,LOSARTAN 50MG COM. REC CJAX100UND,PERUFARMA GENERICO,0.0,20.0,4.0,2025-02-04 08:13:21,12,2,Verano
102721,LOSARTAN 50MG COM. REC CJAX100UND,PERUFARMA GENERICO,0.0,20.0,4.0,2025-02-04 13:15:06,11,2,Verano
102721,LOSARTAN 50MG COM. REC CJAX100UND,PERUFARMA GENERICO,0.0,10.0,2.0,2025-02-04 21:38:42,10,2,Verano
102721,LOSARTAN 50MG COM. REC CJAX100UND,PERUFARMA GENERICO,0.0,10.0,2.0,2025-02-04 22:00:07,11,2,Verano
102721,LOSARTAN 50MG COM. REC CJAX100UND,PERUFARMA GENERICO,0.0,20.0,4.0,2025-02-04 22:10:18,8,2,Verano
102721,LOSARTAN 50MG COM. REC CJAX100UND,PERUFARMA GENERICO,0.0,100.0,19.0,2025-02-04 23:54:38,4,2,Verano
102721,LOSARTAN 50MG COM. REC CJAX100UND,PERUFARMA GENERICO,0.0,50.0,10.0,2025-02-05 07:27:57,5,2,Verano
102721,LOSARTAN 50MG COM. REC CJAX100UND,PERUFARMA GENERICO,0.0,10.0,2.0,2025-02-05 07:57:58,6,2,Verano
102721,LOSARTAN 50MG COM. REC CJAX100UND,PERUFARMA GENERICO,1.0,0.0,20.0,2025-02-05 10:09:01,5,2,Verano
102721,LOSARTAN 50MG COM. REC CJAX100UND,PERUFARMA GENERICO,0.0,10.0,2.0,2025-02-05 17:12:18,12,2,Verano
102721,LOSARTAN 50MG COM. REC CJAX100UND,PERUFARMA GENERICO,0.0,10.0,2.0,2025-02-06 12:02:01,5,2,Verano
102721,LOSARTAN 50MG COM. REC CJAX100UND,PERUFARMA GENERICO,0.0,10.0,2.0,2025-02-06 19:14:23,6,2,Verano
102721,LOSARTAN 50MG COM. REC CJAX100UND,PERUFARMA GENERICO,0.0,70.0,14.0,2025-02-06 19:29:52,14,2,Verano
102721,LOSARTAN 50MG COM. REC CJAX100UND,PERUFARMA GENERICO,0.0,10.0,2.0,2025-02-06 21:16:40,4,2,Verano
102721,LOSARTAN 50MG COM. REC CJAX100UND,PERUFARMA GENERICO,0.0,10.0,2.0,2025-02-07 09:48:59,7,2,Verano
102721,LOSARTAN 50MG COM. REC CJAX100UND,PERUFARMA GENERICO,0.0,10.0,2.0,2025-02-08 11:17:45,5,2,Verano
102721,LOSARTAN 50MG COM. REC CJAX100UND,PERUFARMA GENERICO,0.0,-10.0,-2.0,2025-02-08 12:00:00,4,2,Verano
102721,LOSARTAN 50MG COM. REC CJAX100UND,PERUFARMA GENERICO,0.0,19.0,3.8,2025-02-08 18:09:04,11,2,Verano
102721,LOSARTAN 50MG COM. REC CJAX100UND,PERUFARMA GENERICO,1.0,0.0,20.0,2025-02-08 19:26:50,1,2,Verano
102721,LOSARTAN 50MG COM. REC CJAX100UND,PERUFARMA GENERICO,0.0,20.0,4.0,2025-02-08 20:01:43,3,2,Verano
102721,LOSARTAN 50MG COM. REC CJAX100UND,PERUFARMA GENERICO,0.0,10.0,2.0,2025-02-08 20:24:33,4,2,Verano
102721,LOSARTAN 50MG COM. REC CJAX100UND,PERUFARMA GENERICO,0.0,10.0,2.0,2025-02-08 20:28:47,4,2,Verano
102721,LOSARTAN 50MG COM. REC CJAX100UND,PERUFARMA GENERICO,0.0,20.0,4.0,2025-02-08 20:37:23,12,2,Verano
102721,LOSARTAN 50MG COM. REC CJAX100UND,PERUFARMA GENERICO,0.0,50.0,10.0,2025-02-08 20:49:27,6,2,Verano
102721,LOSARTAN 50MG COM. REC CJAX100UND,PERUFARMA GENERICO,0.0,10.0,2.0,2025-02-09 15:33:29,12,2,Verano
102721,LOSARTAN 50MG COM. REC CJAX100UND,PERUFARMA GENERICO,0.0,10.0,2.0,2025-02-09 20:43:54,6,2,Verano
102721,LOSARTAN 50MG COM. REC CJAX100UND,PERUFARMA GENERICO,0.0,30.0,6.0,2025-02-09 21:13:50,1,2,Verano
102721,LOSARTAN 50MG COM. REC CJAX100UND,PERUFARMA GENERICO,1.0,0.0,20.0,2025-02-10 11:29:35,12,2,Verano
102721,LOSARTAN 50MG COM. REC CJAX100UND,PERUFARMA GENERICO,0.0,10.0,2.0,2025-02-10 19:00:00,3,2,Verano
102721,LOSARTAN 50MG COM. REC CJAX100UND,PERUFARMA GENERICO,0.0,30.0,6.0,2025-02-10 19:45:48,7,2,Verano
102721,LOSARTAN 50MG COM. REC CJAX100UND,PERUFARMA GENERICO,0.0,10.0,2.0,2025-02-10 20:29:50,12,2,Verano
102721,LOSARTAN 50MG COM. REC CJAX100UND,PERUFARMA GENERICO,0.0,30.0,6.0,2025-02-11 09:49:59,5,2,Verano
102721,LOSARTAN 50MG COM. REC CJAX100UND,PERUFARMA GENERICO,0.0,10.0,2.0,2025-02-11 10:21:05,7,2,Verano
102721,LOSARTAN 50MG COM. REC CJAX100UND,PERUFARMA GENERICO,0.0,30.0,6.0,2025-02-12 19:29:16,1,2,Verano
102721,LOSARTAN 50MG COM. REC CJAX100UND,PERUFARMA GENERICO,0.0,-30.0,-6.0,2025-02-12 19:57:53,1,2,Verano
102721,LOSARTAN 50MG COM. REC CJAX100UND,PERUFARMA GENERICO,0.0,10.0,2.0,2025-02-13 11:21:55,9,2,Verano
102721,LOSARTAN 50MG COM. REC CJAX100UND,PERUFARMA GENERICO,0.0,10.0,2.0,2025-02-13 18:36:12,2,2,Verano
102721,LOSARTAN 50MG COM. REC CJAX100UND,PERUFARMA GENERICO,0.0,10.0,2.0,2025-02-13 22:00:02,1,2,Verano
102721,LOSARTAN 50MG COM. REC CJAX100UND,PERUFARMA GENERICO,1.0,0.0,20.0,2025-02-14 19:03:10,1,2,Verano
102721,LOSARTAN 50MG COM. REC CJAX100UND,PERUFARMA GENERICO,0.0,10.0,2.0,2025-02-14 21:18:01,4,2,Verano
102721,LOSARTAN 50MG COM. REC CJAX100UND,PERUFARMA GENERICO,0.0,10.0,2.0,2025-02-14 22:31:59,1,2,Verano
102721,LOSARTAN 50MG COM. REC CJAX100UND,PERUFARMA GENERICO,0.0,30.0,6.0,2025-02-15 10:46:51,6,2,Verano
102721,LOSARTAN 50MG COM. REC CJAX100UND,PERUFARMA GENERICO,1.0,0.0,20.0,2025-02-15 10:52:57,8,2,Verano
102721,LOSARTAN 50MG COM. REC CJAX100UND,PERUFARMA GENERICO,0.0,10.0,2.0,2025-02-15 11:31:26,1,2,Verano
102721,LOSARTAN 50MG COM. REC CJAX100UND,PERUFARMA GENERICO,0.0,10.0,2.0,2025-02-15 19:40:11,3,2,Verano
102721,LOSARTAN 50MG COM. REC CJAX100UND,PERUFARMA GENERICO,0.0,10.0,2.0,2025-02-15 20:17:01,1,2,Verano
102721,LOSARTAN 50MG COM. REC CJAX100UND,PERUFARMA GENERICO,0.0,20.0,4.0,2025-02-15 21:26:22,10,2,Verano
102721,LOSARTAN 50MG COM. REC CJAX100UND,PERUFARMA GENERICO,0.0,10.0,2.0,2025-02-16 10:14:46,6,2,Verano
102721,LOSARTAN 50MG COM. REC CJAX100UND,PERUFARMA GENERICO,0.0,20.0,4.0,2025-02-16 17:35:31,3,2,Verano
102721,LOSARTAN 50MG COM. REC CJAX100UND,PERUFARMA GENERICO,0.0,10.0,2.0,2025-02-16 21:58:17,4,2,Verano
102721,LOSARTAN 50MG COM. REC CJAX100UND,PERUFARMA GENERICO,0.0,10.0,2.0,2025-02-17 10:22:07,11,2,Verano
102721,LOSARTAN 50MG COM. REC CJAX100UND,PERUFARMA GENERICO,0.0,10.0,2.0,2025-02-17 12:59:41,10,2,Verano
102721,LOSARTAN 50MG COM. REC CJAX100UND,PERUFARMA GENERICO,1.0,0.0,20.0,2025-02-18 18:26:19,1,2,Verano
102721,LOSARTAN 50MG COM. REC CJAX100UND,PERUFARMA GENERICO,0.0,20.0,4.0,2025-02-18 19:24:30,1,2,Verano
102721,LOSARTAN 50MG COM. REC CJAX100UND,PERUFARMA GENERICO,0.0,10.0,2.0,2025-02-18 20:38:09,5,2,Verano
102721,LOSARTAN 50MG COM. REC CJAX100UND,PERUFARMA GENERICO,0.0,10.0,2.0,2025-02-18 22:04:11,5,2,Verano
102721,LOSARTAN 50MG COM. REC CJAX100UND,PERUFARMA GENERICO,0.0,30.0,6.0,2025-02-19 07:44:48,12,2,Verano
102721,LOSARTAN 50MG COM. REC CJAX100UND,PERUFARMA GENERICO,0.0,20.0,4.0,2025-02-19 08:35:59,3,2,Verano
102721,LOSARTAN 50MG COM. REC CJAX100UND,PERUFARMA GENERICO,1.0,0.0,20.0,2025-02-19 09:41:33,9,2,Verano
102721,LOSARTAN 50MG COM. REC CJAX100UND,PERUFARMA GENERICO,1.0,0.0,20.0,2025-02-19 11:07:51,15,2,Verano
102721,LOSARTAN 50MG COM. REC CJAX100UND,PERUFARMA GENERICO,0.0,50.0,10.0,2025-02-19 11:14:43,14,2,Verano
102721,LOSARTAN 50MG COM. REC CJAX100UND,PERUFARMA GENERICO,0.0,20.0,4.0,2025-02-19 11:52:29,1,2,Verano
102721,LOSARTAN 50MG COM. REC CJAX100UND,PERUFARMA GENERICO,0.0,10.0,2.0,2025-02-19 12:41:39,15,2,Verano
102721,LOSARTAN 50MG COM. REC CJAX100UND,PERUFARMA GENERICO,0.0,10.0,2.0,2025-02-19 18:43:36,8,2,Verano
102721,LOSARTAN 50MG COM. REC CJAX100UND,PERUFARMA GENERICO,0.0,10.0,2.0,2025-02-20 10:37:38,9,2,Verano
102721,LOSARTAN 50MG COM. REC CJAX100UND,PERUFARMA GENERICO,1.0,0.0,20.0,2025-02-20 11:20:11,10,2,Verano
102721,LOSARTAN 50MG COM. REC CJAX100UND,PERUFARMA GENERICO,1.0,0.0,20.0,2025-02-20 15:16:18,2,2,Verano
102721,LOSARTAN 50MG COM. REC CJAX100UND,PERUFARMA GENERICO,0.0,10.0,2.0,2025-02-21 10:06:34,5,2,Verano
102721,LOSARTAN 50MG COM. REC CJAX100UND,PERUFARMA GENERICO,0.0,10.0,2.0,2025-02-21 11:26:15,9,2,Verano
102721,LOSARTAN 50MG COM. REC CJAX100UND,PERUFARMA GENERICO,0.0,-10.0,-2.0,2025-02-21 12:00:00,9,2,Verano
102721,LOSARTAN 50MG COM. REC CJAX100UND,PERUFARMA GENERICO,0.0,20.0,4.0,2025-02-21 16:48:35,11,2,Verano
102721,LOSARTAN 50MG COM. REC CJAX100UND,PERUFARMA GENERICO,0.0,10.0,2.0,2025-02-21 20:00:33,9,2,Verano
102721,LOSARTAN 50MG COM. REC CJAX100UND,PERUFARMA GENERICO,0.0,10.0,2.0,2025-02-22 17:19:14,2,2,Verano
102721,LOSARTAN 50MG COM. REC CJAX100UND,PERUFARMA GENERICO,0.0,10.0,2.0,2025-02-22 20:07:42,2,2,Verano
102721,LOSARTAN 50MG COM. REC CJAX100UND,PERUFARMA GENERICO,0.0,10.0,2.0,2025-02-23 12:44:02,1,2,Verano
102721,LOSARTAN 50MG COM. REC CJAX100UND,PERUFARMA GENERICO,1.0,0.0,20.0,2025-02-23 22:59:27,5,2,Verano
102721,LOSARTAN 50MG COM. REC CJAX100UND,PERUFARMA GENERICO,0.0,10.0,2.0,2025-02-24 07:52:02,1,2,Verano
102721,LOSARTAN 50MG COM. REC CJAX100UND,PERUFARMA GENERICO,0.0,20.0,4.0,2025-02-24 10:18:22,10,2,Verano
102721,LOSARTAN 50MG COM. REC CJAX100UND,PERUFARMA GENERICO,0.0,-20.0,-4.0,2025-02-24 10:22:10,10,2,Verano
102721,LOSARTAN 50MG COM. REC CJAX100UND,PERUFARMA GENERICO,0.0,20.0,4.0,2025-02-24 10:22:51,10,2,Verano
102721,LOSARTAN 50MG COM. REC CJAX100UND,PERUFARMA GENERICO,1.0,0.0,20.0,2025-02-24 20:58:51,5,2,Verano
102721,LOSARTAN 50MG COM. REC CJAX100UND,PERUFARMA GENERICO,0.0,10.0,2.0,2025-02-25 10:55:53,6,2,Verano
102721,LOSARTAN 50MG COM. REC CJAX100UND,PERUFARMA GENERICO,0.0,10.0,2.0,2025-02-25 21:35:52,1,2,Verano
102721,LOSARTAN 50MG COM. REC CJAX100UND,PERUFARMA GENERICO,0.0,10.0,2.0,2025-02-26 19:06:40,8,2,Verano
102721,LOSARTAN 50MG COM. REC CJAX100UND,PERUFARMA GENERICO,0.0,10.0,2.0,2025-02-27 08:58:16,8,2,Verano
102721,LOSARTAN 50MG COM. REC CJAX100UND,PERUFARMA GENERICO,0.0,20.0,4.0,2025-02-27 15:02:52,8,2,Verano
102721,LOSARTAN 50MG COM. REC CJAX100UND,PERUFARMA GENERICO,0.0,10.0,2.0,2025-02-27 16:55:54,9,2,Verano
102721,LOSARTAN 50MG COM. REC CJAX100UND,PERUFARMA GENERICO,1.0,0.0,20.0,2025-02-27 18:50:58,14,2,Verano
102721,LOSARTAN 50MG COM. REC CJAX100UND,PERUFARMA GENERICO,0.0,1.0,0.2,2025-02-27 21:04:19,10,2,Verano
102721,LOSARTAN 50MG COM. REC CJAX100UND,PERUFARMA GENERICO,0.0,10.0,2.0,2025-02-28 07:51:47,6,2,Verano
102721,LOSARTAN 50MG COM. REC CJAX100UND,PERUFARMA GENERICO,0.0,20.0,4.0,2025-02-28 11:54:56,9,2,Verano
102721,LOSARTAN 50MG COM. REC CJAX100UND,PERUFARMA GENERICO,0.0,-10.0,-2.0,2025-02-28 12:00:00,8,2,Verano
102721,LOSARTAN 50MG COM. REC CJAX100UND,PERUFARMA GENERICO,0.0,10.0,2.0,2025-02-28 16:44:54,6,2,Verano
102721,LOSARTAN 50MG COM. REC CJAX100UND,PERUFARMA GENERICO,0.0,10.0,2.0,2025-02-28 19:16:21,8,2,Verano
102721,LOSARTAN 50MG COM. REC CJAX100UND,PERUFARMA GENERICO,0.0,10.0,2.0,2025-02-28 19:23:00,13,2,Verano
102721,LOSARTAN 50MG COM. REC CJAX100UND,PERUFARMA GENERICO,0.0,10.0,2.0,2025-02-28 19:29:32,3,2,Verano
102721,LOSARTAN 50MG COM. REC CJAX100UND,PERUFARMA GENERICO,0.0,10.0,2.0,2025-02-28 21:56:12,1,2,Verano
102721,LOSARTAN 50MG COM. REC CJAX100UND,PERUFARMA GENERICO,1.0,0.0,20.0,2025-03-01 18:14:46,1,3,Otoño
102721,LOSARTAN 50MG COM. REC CJAX100UND,PERUFARMA GENERICO,0.0,10.0,2.0,2025-03-01 21:18:35,3,3,Otoño
102721,LOSARTAN 50MG COM. REC CJAX100UND,PERUFARMA GENERICO,0.0,10.0,2.0,2025-03-02 10:15:23,5,3,Otoño
102721,LOSARTAN 50MG COM. REC CJAX100UND,PERUFARMA GENERICO,0.0,50.0,10.0,2025-03-02 19:00:35,7,3,Otoño
102721,LOSARTAN 50MG COM. REC CJAX100UND,PERUFARMA GENERICO,1.0,0.0,20.0,2025-03-02 19:50:54,2,3,Otoño
102721,LOSARTAN 50MG COM. REC CJAX100UND,PERUFARMA GENERICO,0.0,10.0,2.0,2025-03-02 20:54:31,7,3,Otoño
102721,LOSARTAN 50MG COM. REC CJAX100UND,PERUFARMA GENERICO,0.0,10.0,2.0,2025-03-02 22:42:17,5,3,Otoño
102721,LOSARTAN 50MG COM. REC CJAX100UND,PERUFARMA GENERICO,0.0,10.0,2.0,2025-03-03 08:33:34,11,3,Otoño
102721,LOSARTAN 50MG COM. REC CJAX100UND,PERUFARMA GENERICO,0.0,5.0,1.0,2025-03-03 08:50:38,5,3,Otoño
102721,LOSARTAN 50MG COM. REC CJAX100UND,PERUFARMA GENERICO,0.0,10.0,2.0,2025-03-03 10:04:57,10,3,Otoño
102721,LOSARTAN 50MG COM. REC CJAX100UND,PERUFARMA GENERICO,1.0,0.0,20.0,2025-03-03 10:15:25,8,3,Otoño
102721,LOSARTAN 50MG COM. REC CJAX100UND,PERUFARMA GENERICO,0.0,10.0,2.0,2025-03-03 12:55:23,6,3,Otoño
102721,LOSARTAN 50MG COM. REC CJAX100UND,PERUFARMA GENERICO,0.0,20.0,4.0,2025-03-03 13:45:37,7,3,Otoño
102721,LOSARTAN 50MG COM. REC CJAX100UND,PERUFARMA GENERICO,0.0,10.0,2.0,2025-03-03 18:49:52,10,3,Otoño
102721,LOSARTAN 50MG COM. REC CJAX100UND,PERUFARMA GENERICO,0.0,50.0,10.0,2025-03-04 16:30:46,1,3,Otoño
102721,LOSARTAN 50MG COM. REC CJAX100UND,PERUFARMA GENERICO,1.0,0.0,20.0,2025-03-04 18:21:16,9,3,Otoño
102721,LOSARTAN 50MG COM. REC CJAX100UND,PERUFARMA GENERICO,0.0,50.0,10.0,2025-03-04 19:06:46,6,3,Otoño
102721,LOSARTAN 50MG COM. REC CJAX100UND,PERUFARMA GENERICO,0.0,10.0,2.0,2025-03-04 19:19:59,12,3,Otoño
102721,LOSARTAN 50MG COM. REC CJAX100UND,PERUFARMA GENERICO,0.0,10.0,2.0,2025-03-04 19:20:50,12,3,Otoño
102721,LOSARTAN 50MG COM. REC CJAX100UND,PERUFARMA GENERICO,0.0,10.0,2.0,2025-03-05 09:37:43,5,3,Otoño
102721,LOSARTAN 50MG COM. REC CJAX100UND,PERUFARMA GENERICO,0.0,10.0,2.0,2025-03-05 22:14:18,5,3,Otoño
102721,LOSARTAN 50MG COM. REC CJAX100UND,PERUFARMA GENERICO,0.0,10.0,2.0,2025-03-06 09:52:25,1,3,Otoño
102721,LOSARTAN 50MG COM. REC CJAX100UND,PERUFARMA GENERICO,0.0,20.0,4.0,2025-03-06 13:52:04,10,3,Otoño
102721,LOSARTAN 50MG COM. REC CJAX100UND,PERUFARMA GENERICO,0.0,20.0,4.0,2025-03-06 16:47:57,5,3,Otoño
102721,LOSARTAN 50MG COM. REC CJAX100UND,PERUFARMA GENERICO,1.0,0.0,20.0,2025-03-06 19:10:41,10,3,Otoño
102721,LOSARTAN 50MG COM. REC CJAX100UND,PERUFARMA GENERICO,0.0,20.0,4.0,2025-03-06 19:58:18,3,3,Otoño
102721,LOSARTAN 50MG COM. REC CJAX100UND,PERUFARMA GENERICO,0.0,20.0,4.0,2025-03-06 21:07:57,1,3,Otoño
102721,LOSARTAN 50MG COM. REC CJAX100UND,PERUFARMA GENERICO,0.0,10.0,2.0,2025-03-07 18:51:33,6,3,Otoño
102721,LOSARTAN 50MG COM. REC CJAX100UND,PERUFARMA GENERICO,0.0,20.0,4.0,2025-03-07 20:18:12,2,3,Otoño
102721,LOSARTAN 50MG COM. REC CJAX100UND,PERUFARMA GENERICO,0.0,10.0,2.0,2025-03-07 20:33:22,13,3,Otoño
102721,LOSARTAN 50MG COM. REC CJAX100UND,PERUFARMA GENERICO,0.0,20.0,4.0,2025-03-08 11:27:50,2,3,Otoño
102721,LOSARTAN 50MG COM. REC CJAX100UND,PERUFARMA GENERICO,0.0,10.0,2.0,2025-03-08 13:02:47,4,3,Otoño
102721,LOSARTAN 50MG COM. REC CJAX100UND,PERUFARMA GENERICO,0.0,10.0,2.0,2025-03-08 16:11:51,1,3,Otoño
102721,LOSARTAN 50MG COM. REC CJAX100UND,PERUFARMA GENERICO,0.0,10.0,2.0,2025-03-08 19:08:26,7,3,Otoño
102721,LOSARTAN 50MG COM. REC CJAX100UND,PERUFARMA GENERICO,0.0,30.0,6.0,2025-03-09 09:49:41,12,3,Otoño
102721,LOSARTAN 50MG COM. REC CJAX100UND,PERUFARMA GENERICO,0.0,10.0,2.0,2025-03-09 09:59:46,2,3,Otoño
102721,LOSARTAN 50MG COM. REC CJAX100UND,PERUFARMA GENERICO,0.0,10.0,2.0,2025-03-09 10:30:37,5,3,Otoño
102721,LOSARTAN 50MG COM. REC CJAX100UND,PERUFARMA GENERICO,0.0,10.0,2.0,2025-03-09 10:43:32,5,3,Otoño
102721,LOSARTAN 50MG COM. REC CJAX100UND,PERUFARMA GENERICO,1.0,0.0,20.0,2025-03-09 21:45:00,15,3,Otoño
102721,LOSARTAN 50MG COM. REC CJAX100UND,PERUFARMA GENERICO,0.0,20.0,4.0,2025-03-10 08:18:19,1,3,Otoño
102721,LOSARTAN 50MG COM. REC CJAX100UND,PERUFARMA GENERICO,0.0,20.0,4.0,2025-03-10 09:06:21,4,3,Otoño
102721,LOSARTAN 50MG COM. REC CJAX100UND,PERUFARMA GENERICO,1.0,0.0,20.0,2025-03-10 11:35:36,1,3,Otoño
102721,LOSARTAN 50MG COM. REC CJAX100UND,PERUFARMA GENERICO,0.0,10.0,2.0,2025-03-10 12:30:36,10,3,Otoño
102721,LOSARTAN 50MG COM. REC CJAX100UND,PERUFARMA GENERICO,0.0,30.0,6.0,2025-03-10 18:58:47,3,3,Otoño
102721,LOSARTAN 50MG COM. REC CJAX100UND,PERUFARMA GENERICO,0.0,10.0,2.0,2025-03-10 21:04:55,8,3,Otoño
102721,LOSARTAN 50MG COM. REC CJAX100UND,PERUFARMA GENERICO,0.0,10.0,2.0,2025-03-11 08:19:25,13,3,Otoño
102721,LOSARTAN 50MG COM. REC CJAX100UND,PERUFARMA GENERICO,1.0,0.0,20.0,2025-03-11 11:48:40,5,3,Otoño
102721,LOSARTAN 50MG COM. REC CJAX100UND,PERUFARMA GENERICO,0.0,-10.0,-2.0,2025-03-11 12:00:00,13,3,Otoño
102721,LOSARTAN 50MG COM. REC CJAX100UND,PERUFARMA GENERICO,0.0,55.0,11.0,2025-03-12 09:19:03,5,3,Otoño
102721,LOSARTAN 50MG COM. REC CJAX100UND,PERUFARMA GENERICO,0.0,20.0,4.0,2025-03-12 18:22:03,1,3,Otoño
102721,LOSARTAN 50MG COM. REC CJAX100UND,PERUFARMA GENERICO,0.0,50.0,10.0,2025-03-12 20:50:06,3,3,Otoño
102721,LOSARTAN 50MG COM. REC CJAX100UND,PERUFARMA GENERICO,0.0,10.0,2.0,2025-03-12 21:22:25,3,3,Otoño
102721,LOSARTAN 50MG COM. REC CJAX100UND,PERUFARMA GENERICO,0.0,10.0,2.0,2025-03-13 09:23:40,7,3,Otoño
102721,LOSARTAN 50MG COM. REC CJAX100UND,PERUFARMA GENERICO,0.0,10.0,2.0,2025-03-13 16:33:55,10,3,Otoño
102721,LOSARTAN 50MG COM. REC CJAX100UND,PERUFARMA GENERICO,0.0,30.0,6.0,2025-03-13 20:15:56,7,3,Otoño
102721,LOSARTAN 50MG COM. REC CJAX100UND,PERUFARMA GENERICO,0.0,10.0,2.0,2025-03-14 15:16:29,2,3,Otoño
102721,LOSARTAN 50MG COM. REC CJAX100UND,PERUFARMA GENERICO,0.0,10.0,2.0,2025-03-14 15:45:28,2,3,Otoño
102721,LOSARTAN 50MG COM. REC CJAX100UND,PERUFARMA GENERICO,1.0,0.0,20.0,2025-03-14 18:16:37,14,3,Otoño
102721,LOSARTAN 50MG COM. REC CJAX100UND,PERUFARMA GENERICO,0.0,5.0,1.0,2025-03-14 18:34:52,12,3,Otoño
102721,LOSARTAN 50MG COM. REC CJAX100UND,PERUFARMA GENERICO,0.0,10.0,2.0,2025-03-15 08:33:03,3,3,Otoño
102721,LOSARTAN 50MG COM. REC CJAX100UND,PERUFARMA GENERICO,1.0,0.0,20.0,2025-03-15 15:18:16,5,3,Otoño
102721,LOSARTAN 50MG COM. REC CJAX100UND,PERUFARMA GENERICO,0.0,60.0,12.0,2025-03-15 18:23:14,15,3,Otoño
102721,LOSARTAN 50MG COM. REC CJAX100UND,PERUFARMA GENERICO,0.0,10.0,2.0,2025-03-16 17:05:30,4,3,Otoño
102721,LOSARTAN 50MG COM. REC CJAX100UND,PERUFARMA GENERICO,0.0,50.0,10.0,2025-03-16 19:31:09,4,3,Otoño
102721,LOSARTAN 50MG COM. REC CJAX100UND,PERUFARMA GENERICO,0.0,40.0,8.0,2025-03-16 20:24:51,12,3,Otoño
102721,LOSARTAN 50MG COM. REC CJAX100UND,PERUFARMA GENERICO,0.0,5.0,1.0,2025-03-17 17:49:40,1,3,Otoño
102721,LOSARTAN 50MG COM. REC CJAX100UND,PERUFARMA GENERICO,0.0,20.0,4.0,2025-03-18 17:41:46,6,3,Otoño
102721,LOSARTAN 50MG COM. REC CJAX100UND,PERUFARMA GENERICO,0.0,5.0,1.0,2025-03-19 20:03:44,3,3,Otoño
102721,LOSARTAN 50MG COM. REC CJAX100UND,PERUFARMA GENERICO,0.0,10.0,2.0,2025-03-19 21:22:28,4,3,Otoño
102721,LOSARTAN 50MG COM. REC CJAX100UND,PERUFARMA GENERICO,0.0,-10.0,-2.0,2025-03-19 21:35:59,4,3,Otoño
102721,LOSARTAN 50MG COM. REC CJAX100UND,PERUFARMA GENERICO,1.0,0.0,20.0,2025-03-20 11:29:19,6,3,Otoño
102721,LOSARTAN 50MG COM. REC CJAX100UND,PERUFARMA GENERICO,0.0,10.0,2.0,2025-03-20 20:03:50,5,3,Otoño
102721,LOSARTAN 50MG COM. REC CJAX100UND,PERUFARMA GENERICO,0.0,10.0,2.0,2025-03-21 13:01:10,2,3,Otoño
102721,LOSARTAN 50MG COM. REC CJAX100UND,PERUFARMA GENERICO,0.0,10.0,2.0,2025-03-22 17:13:55,13,3,Otoño
102721,LOSARTAN 50MG COM. REC CJAX100UND,PERUFARMA GENERICO,0.0,30.0,6.0,2025-03-22 19:07:21,5,3,Otoño
102721,LOSARTAN 50MG COM. REC CJAX100UND,PERUFARMA GENERICO,0.0,10.0,2.0,2025-03-23 09:12:12,2,3,Otoño
102721,LOSARTAN 50MG COM. REC CJAX100UND,PERUFARMA GENERICO,0.0,10.0,2.0,2025-03-23 13:52:26,11,3,Otoño
102721,LOSARTAN 50MG COM. REC CJAX100UND,PERUFARMA GENERICO,0.0,5.0,1.0,2025-03-23 18:36:46,12,3,Otoño
102721,LOSARTAN 50MG COM. REC CJAX100UND,PERUFARMA GENERICO,0.0,20.0,4.0,2025-03-23 21:17:33,7,3,Otoño
102721,LOSARTAN 50MG COM. REC CJAX100UND,PERUFARMA GENERICO,0.0,10.0,2.0,2025-03-24 08:08:35,2,3,Otoño
102721,LOSARTAN 50MG COM. REC CJAX100UND,PERUFARMA GENERICO,0.0,10.0,2.0,2025-03-24 10:53:54,11,3,Otoño
102721,LOSARTAN 50MG COM. REC CJAX100UND,PERUFARMA GENERICO,0.0,60.0,12.0,2025-03-24 16:54:52,1,3,Otoño
102721,LOSARTAN 50MG COM. REC CJAX100UND,PERUFARMA GENERICO,0.0,10.0,2.0,2025-03-24 20:03:31,12,3,Otoño
102721,LOSARTAN 50MG COM. REC CJAX100UND,PERUFARMA GENERICO,0.0,10.0,2.0,2025-03-24 21:41:33,4,3,Otoño
102721,LOSARTAN 50MG COM. REC CJAX100UND,PERUFARMA GENERICO,0.0,20.0,4.0,2025-03-25 07:30:23,12,3,Otoño
102721,LOSARTAN 50MG COM. REC CJAX100UND,PERUFARMA GENERICO,0.0,10.0,2.0,2025-03-25 08:06:52,4,3,Otoño
102721,LOSARTAN 50MG COM. REC CJAX100UND,PERUFARMA GENERICO,0.0,20.0,4.0,2025-03-25 18:52:01,2,3,Otoño
102721,LOSARTAN 50MG COM. REC CJAX100UND,PERUFARMA GENERICO,0.0,10.0,2.0,2025-03-26 19:17:13,12,3,Otoño
102721,LOSARTAN 50MG COM. REC CJAX100UND,PERUFARMA GENERICO,0.0,10.0,2.0,2025-03-26 22:32:13,6,3,Otoño
102721,LOSARTAN 50MG COM. REC CJAX100UND,PERUFARMA GENERICO,0.0,10.0,2.0,2025-03-26 22:43:16,5,3,Otoño
102721,LOSARTAN 50MG COM. REC CJAX100UND,PERUFARMA GENERICO,0.0,30.0,6.0,2025-03-27 12:13:31,4,3,Otoño
102721,LOSARTAN 50MG COM. REC CJAX100UND,PERUFARMA GENERICO,0.0,10.0,2.0,2025-03-27 13:14:15,2,3,Otoño
102721,LOSARTAN 50MG COM. REC CJAX100UND,PERUFARMA GENERICO,0.0,10.0,2.0,2025-03-27 16:58:56,1,3,Otoño
102721,LOSARTAN 50MG COM. REC CJAX100UND,PERUFARMA GENERICO,0.0,3.0,0.6,2025-03-27 18:04:26,1,3,Otoño
102721,LOSARTAN 50MG COM. REC CJAX100UND,PERUFARMA GENERICO,0.0,20.0,4.0,2025-03-28 08:56:12,4,3,Otoño
102721,LOSARTAN 50MG COM. REC CJAX100UND,PERUFARMA GENERICO,0.0,10.0,2.0,2025-03-28 10:53:08,2,3,Otoño
102721,LOSARTAN 50MG COM. REC CJAX100UND,PERUFARMA GENERICO,1.0,0.0,20.0,2025-03-28 13:37:10,4,3,Otoño
102721,LOSARTAN 50MG COM. REC CJAX100UND,PERUFARMA GENERICO,0.0,10.0,2.0,2025-03-28 13:44:48,5,3,Otoño
102721,LOSARTAN 50MG COM. REC CJAX100UND,PERUFARMA GENERICO,0.0,10.0,2.0,2025-03-28 17:58:23,6,3,Otoño
102721,LOSARTAN 50MG COM. REC CJAX100UND,PERUFARMA GENERICO,0.0,10.0,2.0,2025-03-28 21:40:19,2,3,Otoño
102721,LOSARTAN 50MG COM. REC CJAX100UND,PERUFARMA GENERICO,0.0,10.0,2.0,2025-03-29 08:38:53,5,3,Otoño
102721,LOSARTAN 50MG COM. REC CJAX100UND,PERUFARMA GENERICO,1.0,0.0,20.0,2025-03-29 10:29:38,9,3,Otoño
102721,LOSARTAN 50MG COM. REC CJAX100UND,PERUFARMA GENERICO,1.0,0.0,20.0,2025-03-29 10:35:45,11,3,Otoño
102721,LOSARTAN 50MG COM. REC CJAX100UND,PERUFARMA GENERICO,0.0,10.0,2.0,2025-03-29 10:38:00,3,3,Otoño
102721,LOSARTAN 50MG COM. REC CJAX100UND,PERUFARMA GENERICO,1.0,0.0,20.0,2025-03-29 14:28:34,5,3,Otoño
102721,LOSARTAN 50MG COM. REC CJAX100UND,PERUFARMA GENERICO,1.0,0.0,20.0,2025-03-29 19:02:57,5,3,Otoño
102721,LOSARTAN 50MG COM. REC CJAX100UND,PERUFARMA GENERICO,1.0,0.0,20.0,2025-03-29 19:35:45,3,3,Otoño
102721,LOSARTAN 50MG COM. REC CJAX100UND,PERUFARMA GENERICO,0.0,10.0,2.0,2025-03-29 21:59:28,6,3,Otoño
102721,LOSARTAN 50MG COM. REC CJAX100UND,PERUFARMA GENERICO,0.0,10.0,2.0,2025-03-29 22:57:16,7,3,Otoño
102721,LOSARTAN 50MG COM. REC CJAX100UND,PERUFARMA GENERICO,0.0,30.0,6.0,2025-03-30 10:18:15,13,3,Otoño
102721,LOSARTAN 50MG COM. REC CJAX100UND,PERUFARMA GENERICO,0.0,30.0,6.0,2025-03-30 11:20:07,5,3,Otoño
102721,LOSARTAN 50MG COM. REC CJAX100UND,PERUFARMA GENERICO,0.0,30.0,6.0,2025-03-30 11:52:48,6,3,Otoño
102721,LOSARTAN 50MG COM. REC CJAX100UND,PERUFARMA GENERICO,0.0,10.0,2.0,2025-03-30 14:30:27,6,3,Otoño
102721,LOSARTAN 50MG COM. REC CJAX100UND,PERUFARMA GENERICO,0.0,5.0,1.0,2025-03-30 20:23:10,6,3,Otoño
102721,LOSARTAN 50MG COM. REC CJAX100UND,PERUFARMA GENERICO,0.0,10.0,2.0,2025-03-31 09:25:56,6,3,Otoño
102721,LOSARTAN 50MG COM. REC CJAX100UND,PERUFARMA GENERICO,1.0,0.0,20.0,2025-03-31 11:37:50,8,3,Otoño
102721,LOSARTAN 50MG COM. REC CJAX100UND,PERUFARMA GENERICO,0.0,9.0,1.8,2025-03-31 15:13:11,2,3,Otoño
102721,LOSARTAN 50MG COM. REC CJAX100UND,PERUFARMA GENERICO,0.0,10.0,2.0,2025-03-31 17:48:01,6,3,Otoño
102721,LOSARTAN 50MG COM. REC CJAX100UND,PERUFARMA GENERICO,0.0,10.0,2.0,2025-03-31 18:09:48,11,3,Otoño
102721,LOSARTAN 50MG COM. REC CJAX100UND,PERUFARMA GENERICO,1.0,0.0,20.0,2025-03-31 18:38:50,6,3,Otoño
102721,LOSARTAN 50MG COM. REC CJAX100UND,PERUFARMA GENERICO,0.0,10.0,2.0,2025-03-31 18:50:58,9,3,Otoño
102721,LOSARTAN 50MG COM. REC CJAX100UND,PERUFARMA GENERICO,1.0,0.0,20.0,2025-03-31 19:08:58,10,3,Otoño
102721,LOSARTAN 50MG COM. REC CJAX100UND,PERUFARMA GENERICO,-1.0,0.0,-20.0,2025-03-31 19:37:00,10,3,Otoño
102721,LOSARTAN 50MG COM. REC CJAX100UND,PERUFARMA GENERICO,1.0,0.0,20.0,2025-03-31 20:20:08,15,3,Otoño
102721,LOSARTAN 50MG COM. REC CJAX100UND,PERUFARMA GENERICO,0.0,30.0,6.0,2025-04-01 07:28:33,12,4,Otoño
102721,LOSARTAN 50MG COM. REC CJAX100UND,PERUFARMA GENERICO,0.0,50.0,10.0,2025-04-01 08:57:58,12,4,Otoño
102721,LOSARTAN 50MG COM. REC CJAX100UND,PERUFARMA GENERICO,0.0,10.0,2.0,2025-04-01 15:06:34,1,4,Otoño
102721,LOSARTAN 50MG COM. REC CJAX100UND,PERUFARMA GENERICO,0.0,10.0,2.0,2025-04-01 15:08:19,1,4,Otoño
102721,LOSARTAN 50MG COM. REC CJAX100UND,PERUFARMA GENERICO,0.0,10.0,2.0,2025-04-01 19:06:38,12,4,Otoño
102721,LOSARTAN 50MG COM. REC CJAX100UND,PERUFARMA GENERICO,0.0,20.0,4.0,2025-04-01 19:25:38,5,4,Otoño
102721,LOSARTAN 50MG COM. REC CJAX100UND,PERUFARMA GENERICO,1.0,0.0,20.0,2025-04-01 19:49:54,1,4,Otoño
102721,LOSARTAN 50MG COM. REC CJAX100UND,PERUFARMA GENERICO,0.0,20.0,4.0,2025-04-01 21:26:40,7,4,Otoño
102721,LOSARTAN 50MG COM. REC CJAX100UND,PERUFARMA GENERICO,0.0,10.0,2.0,2025-04-02 07:33:01,12,4,Otoño
102721,LOSARTAN 50MG COM. REC CJAX100UND,PERUFARMA GENERICO,0.0,20.0,4.0,2025-04-02 08:23:01,3,4,Otoño
102721,LOSARTAN 50MG COM. REC CJAX100UND,PERUFARMA GENERICO,1.0,0.0,20.0,2025-04-02 08:45:48,1,4,Otoño
102721,LOSARTAN 50MG COM. REC CJAX100UND,PERUFARMA GENERICO,0.0,10.0,2.0,2025-04-02 09:39:38,4,4,Otoño
102721,LOSARTAN 50MG COM. REC CJAX100UND,PERUFARMA GENERICO,0.0,10.0,2.0,2025-04-02 09:43:03,6,4,Otoño
102721,LOSARTAN 50MG COM. REC CJAX100UND,PERUFARMA GENERICO,0.0,30.0,6.0,2025-04-02 17:21:01,12,4,Otoño
102721,LOSARTAN 50MG COM. REC CJAX100UND,PERUFARMA GENERICO,0.0,10.0,2.0,2025-04-02 18:43:49,2,4,Otoño
102721,LOSARTAN 50MG COM. REC CJAX100UND,PERUFARMA GENERICO,1.0,0.0,20.0,2025-04-02 18:51:41,2,4,Otoño
102721,LOSARTAN 50MG COM. REC CJAX100UND,PERUFARMA GENERICO,0.0,10.0,2.0,2025-04-02 22:07:52,4,4,Otoño
102721,LOSARTAN 50MG COM. REC CJAX100UND,PERUFARMA GENERICO,0.0,20.0,4.0,2025-04-03 08:44:35,5,4,Otoño
102721,LOSARTAN 50MG COM. REC CJAX100UND,PERUFARMA GENERICO,0.0,20.0,4.0,2025-04-03 11:36:24,3,4,Otoño
102721,LOSARTAN 50MG COM. REC CJAX100UND,PERUFARMA GENERICO,0.0,10.0,2.0,2025-04-03 12:20:43,4,4,Otoño
102721,LOSARTAN 50MG COM. REC CJAX100UND,PERUFARMA GENERICO,0.0,10.0,2.0,2025-04-03 15:12:42,3,4,Otoño
102721,LOSARTAN 50MG COM. REC CJAX100UND,PERUFARMA GENERICO,0.0,10.0,2.0,2025-04-03 17:42:15,8,4,Otoño
102721,LOSARTAN 50MG COM. REC CJAX100UND,PERUFARMA GENERICO,0.0,10.0,2.0,2025-04-03 19:46:08,1,4,Otoño
102721,LOSARTAN 50MG COM. REC CJAX100UND,PERUFARMA GENERICO,0.0,10.0,2.0,2025-04-04 09:50:30,7,4,Otoño
102721,LOSARTAN 50MG COM. REC CJAX100UND,PERUFARMA GENERICO,0.0,10.0,2.0,2025-04-04 11:49:39,6,4,Otoño
102721,LOSARTAN 50MG COM. REC CJAX100UND,PERUFARMA GENERICO,0.0,20.0,4.0,2025-04-04 13:51:00,4,4,Otoño
102721,LOSARTAN 50MG COM. REC CJAX100UND,PERUFARMA GENERICO,0.0,7.0,1.4,2025-04-04 14:24:36,12,4,Otoño
102721,LOSARTAN 50MG COM. REC CJAX100UND,PERUFARMA GENERICO,0.0,10.0,2.0,2025-04-04 18:01:00,8,4,Otoño
102721,LOSARTAN 50MG COM. REC CJAX100UND,PERUFARMA GENERICO,0.0,10.0,2.0,2025-04-04 19:02:24,14,4,Otoño
102721,LOSARTAN 50MG COM. REC CJAX100UND,PERUFARMA GENERICO,0.0,10.0,2.0,2025-04-04 20:40:28,1,4,Otoño
102721,LOSARTAN 50MG COM. REC CJAX100UND,PERUFARMA GENERICO,0.0,10.0,2.0,2025-04-04 20:47:08,1,4,Otoño
102721,LOSARTAN 50MG COM. REC CJAX100UND,PERUFARMA GENERICO,0.0,20.0,4.0,2025-04-04 21:33:15,5,4,Otoño
102721,LOSARTAN 50MG COM. REC CJAX100UND,PERUFARMA GENERICO,0.0,10.0,2.0,2025-04-05 16:43:43,15,4,Otoño
102721,LOSARTAN 50MG COM. REC CJAX100UND,PERUFARMA GENERICO,0.0,30.0,6.0,2025-04-05 17:49:03,1,4,Otoño
102721,LOSARTAN 50MG COM. REC CJAX100UND,PERUFARMA GENERICO,0.0,10.0,2.0,2025-04-05 18:10:47,15,4,Otoño
102721,LOSARTAN 50MG COM. REC CJAX100UND,PERUFARMA GENERICO,0.0,50.0,10.0,2025-04-05 18:24:02,8,4,Otoño
102721,LOSARTAN 50MG COM. REC CJAX100UND,PERUFARMA GENERICO,1.0,0.0,20.0,2025-04-05 20:13:51,8,4,Otoño
102721,LOSARTAN 50MG COM. REC CJAX100UND,PERUFARMA GENERICO,0.0,30.0,6.0,2025-04-05 21:15:16,7,4,Otoño
102721,LOSARTAN 50MG COM. REC CJAX100UND,PERUFARMA GENERICO,0.0,2.0,0.4,2025-04-05 21:26:44,1,4,Otoño
102721,LOSARTAN 50MG COM. REC CJAX100UND,PERUFARMA GENERICO,0.0,10.0,2.0,2025-04-06 10:02:15,13,4,Otoño
102721,LOSARTAN 50MG COM. REC CJAX100UND,PERUFARMA GENERICO,0.0,10.0,2.0,2025-04-06 16:11:31,9,4,Otoño
102721,LOSARTAN 50MG COM. REC CJAX100UND,PERUFARMA GENERICO,0.0,10.0,2.0,2025-04-06 17:51:09,6,4,Otoño
102721,LOSARTAN 50MG COM. REC CJAX100UND,PERUFARMA GENERICO,0.0,10.0,2.0,2025-04-07 10:17:14,6,4,Otoño
102721,LOSARTAN 50MG COM. REC CJAX100UND,PERUFARMA GENERICO,0.0,30.0,6.0,2025-04-07 11:47:16,5,4,Otoño
102721,LOSARTAN 50MG COM. REC CJAX100UND,PERUFARMA GENERICO,0.0,30.0,6.0,2025-04-07 17:16:47,5,4,Otoño
102721,LOSARTAN 50MG COM. REC CJAX100UND,PERUFARMA GENERICO,0.0,20.0,4.0,2025-04-07 18:52:30,9,4,Otoño
102721,LOSARTAN 50MG COM. REC CJAX100UND,PERUFARMA GENERICO,0.0,10.0,2.0,2025-04-07 19:00:20,9,4,Otoño
102721,LOSARTAN 50MG COM. REC CJAX100UND,PERUFARMA GENERICO,0.0,20.0,4.0,2025-04-08 07:44:02,6,4,Otoño
102721,LOSARTAN 50MG COM. REC CJAX100UND,PERUFARMA GENERICO,0.0,10.0,2.0,2025-04-08 09:09:50,1,4,Otoño
102721,LOSARTAN 50MG COM. REC CJAX100UND,PERUFARMA GENERICO,0.0,10.0,2.0,2025-04-08 09:15:45,1,4,Otoño
102721,LOSARTAN 50MG COM. REC CJAX100UND,PERUFARMA GENERICO,1.0,0.0,20.0,2025-04-08 11:54:27,2,4,Otoño
102721,LOSARTAN 50MG COM. REC CJAX100UND,PERUFARMA GENERICO,0.0,10.0,2.0,2025-04-08 17:48:59,9,4,Otoño
102721,LOSARTAN 50MG COM. REC CJAX100UND,PERUFARMA GENERICO,0.0,30.0,6.0,2025-04-08 17:56:03,8,4,Otoño
102721,LOSARTAN 50MG COM. REC CJAX100UND,PERUFARMA GENERICO,0.0,10.0,2.0,2025-04-08 18:10:53,6,4,Otoño
102721,LOSARTAN 50MG COM. REC CJAX100UND,PERUFARMA GENERICO,0.0,10.0,2.0,2025-04-08 18:28:10,12,4,Otoño
102721,LOSARTAN 50MG COM. REC CJAX100UND,PERUFARMA GENERICO,0.0,10.0,2.0,2025-04-08 18:54:15,3,4,Otoño
102721,LOSARTAN 50MG COM. REC CJAX100UND,PERUFARMA GENERICO,0.0,20.0,4.0,2025-04-08 20:04:25,1,4,Otoño
102721,LOSARTAN 50MG COM. REC CJAX100UND,PERUFARMA GENERICO,1.0,0.0,20.0,2025-04-09 09:00:17,12,4,Otoño
102721,LOSARTAN 50MG COM. REC CJAX100UND,PERUFARMA GENERICO,0.0,10.0,2.0,2025-04-09 10:21:04,3,4,Otoño
102721,LOSARTAN 50MG COM. REC CJAX100UND,PERUFARMA GENERICO,0.0,10.0,2.0,2025-04-09 13:26:01,6,4,Otoño
102721,LOSARTAN 50MG COM. REC CJAX100UND,PERUFARMA GENERICO,0.0,20.0,4.0,2025-04-10 08:40:28,5,4,Otoño
102721,LOSARTAN 50MG COM. REC CJAX100UND,PERUFARMA GENERICO,1.0,0.0,20.0,2025-04-10 08:42:31,7,4,Otoño
102721,LOSARTAN 50MG COM. REC CJAX100UND,PERUFARMA GENERICO,0.0,40.0,8.0,2025-04-10 10:11:12,4,4,Otoño
102721,LOSARTAN 50MG COM. REC CJAX100UND,PERUFARMA GENERICO,0.0,-30.0,-6.0,2025-04-10 12:00:00,8,4,Otoño
102721,LOSARTAN 50MG COM. REC CJAX100UND,PERUFARMA GENERICO,0.0,10.0,2.0,2025-04-11 08:27:18,5,4,Otoño
102721,LOSARTAN 50MG COM. REC CJAX100UND,PERUFARMA GENERICO,0.0,10.0,2.0,2025-04-11 12:33:55,10,4,Otoño
102721,LOSARTAN 50MG COM. REC CJAX100UND,PERUFARMA GENERICO,0.0,10.0,2.0,2025-04-11 16:10:41,9,4,Otoño
102721,LOSARTAN 50MG COM. REC CJAX100UND,PERUFARMA GENERICO,0.0,10.0,2.0,2025-04-11 18:16:05,15,4,Otoño
102721,LOSARTAN 50MG COM. REC CJAX100UND,PERUFARMA GENERICO,0.0,60.0,12.0,2025-04-11 19:32:35,1,4,Otoño
102721,LOSARTAN 50MG COM. REC CJAX100UND,PERUFARMA GENERICO,0.0,10.0,2.0,2025-04-11 20:10:55,3,4,Otoño
102721,LOSARTAN 50MG COM. REC CJAX100UND,PERUFARMA GENERICO,0.0,10.0,2.0,2025-04-12 13:55:22,10,4,Otoño
102721,LOSARTAN 50MG COM. REC CJAX100UND,PERUFARMA GENERICO,0.0,20.0,4.0,2025-04-12 15:10:33,1,4,Otoño
102721,LOSARTAN 50MG COM. REC CJAX100UND,PERUFARMA GENERICO,0.0,30.0,6.0,2025-04-12 20:07:51,3,4,Otoño
102721,LOSARTAN 50MG COM. REC CJAX100UND,PERUFARMA GENERICO,0.0,10.0,2.0,2025-04-13 20:40:36,5,4,Otoño
102721,LOSARTAN 50MG COM. REC CJAX100UND,PERUFARMA GENERICO,0.0,20.0,4.0,2025-04-13 21:57:56,7,4,Otoño
102721,LOSARTAN 50MG COM. REC CJAX100UND,PERUFARMA GENERICO,0.0,10.0,2.0,2025-04-15 09:11:42,4,4,Otoño
102721,LOSARTAN 50MG COM. REC CJAX100UND,PERUFARMA GENERICO,0.0,20.0,4.0,2025-04-15 10:07:07,12,4,Otoño
102721,LOSARTAN 50MG COM. REC CJAX100UND,PERUFARMA GENERICO,0.0,20.0,4.0,2025-04-15 12:37:15,12,4,Otoño
102721,LOSARTAN 50MG COM. REC CJAX100UND,PERUFARMA GENERICO,1.0,0.0,20.0,2025-04-15 16:56:49,5,4,Otoño
102721,LOSARTAN 50MG COM. REC CJAX100UND,PERUFARMA GENERICO,1.0,0.0,20.0,2025-04-15 16:58:52,9,4,Otoño
102721,LOSARTAN 50MG COM. REC CJAX100UND,PERUFARMA GENERICO,0.0,10.0,2.0,2025-04-15 18:27:05,12,4,Otoño
102721,LOSARTAN 50MG COM. REC CJAX100UND,PERUFARMA GENERICO,0.0,10.0,2.0,2025-04-15 18:39:05,5,4,Otoño
102721,LOSARTAN 50MG COM. REC CJAX100UND,PERUFARMA GENERICO,0.0,10.0,2.0,2025-04-15 18:56:57,13,4,Otoño
102721,LOSARTAN 50MG COM. REC CJAX100UND,PERUFARMA GENERICO,0.0,10.0,2.0,2025-04-15 20:01:54,1,4,Otoño
102721,LOSARTAN 50MG COM. REC CJAX100UND,PERUFARMA GENERICO,2.0,0.0,40.0,2025-04-15 21:50:17,4,4,Otoño
102721,LOSARTAN 50MG COM. REC CJAX100UND,PERUFARMA GENERICO,1.0,0.0,20.0,2025-04-16 10:17:50,5,4,Otoño
102721,LOSARTAN 50MG COM. REC CJAX100UND,PERUFARMA GENERICO,1.0,0.0,20.0,2025-04-16 11:56:21,3,4,Otoño
102721,LOSARTAN 50MG COM. REC CJAX100UND,PERUFARMA GENERICO,0.0,10.0,2.0,2025-04-16 18:57:38,7,4,Otoño
102721,LOSARTAN 50MG COM. REC CJAX100UND,PERUFARMA GENERICO,0.0,10.0,2.0,2025-04-17 17:23:22,15,4,Otoño
102721,LOSARTAN 50MG COM. REC CJAX100UND,PERUFARMA GENERICO,2.0,0.0,40.0,2025-04-17 17:35:25,1,4,Otoño
102721,LOSARTAN 50MG COM. REC CJAX100UND,PERUFARMA GENERICO,0.0,20.0,4.0,2025-04-18 11:29:19,9,4,Otoño
102721,LOSARTAN 50MG COM. REC CJAX100UND,PERUFARMA GENERICO,0.0,20.0,4.0,2025-04-18 11:32:29,9,4,Otoño
102721,LOSARTAN 50MG COM. REC CJAX100UND,PERUFARMA GENERICO,0.0,-20.0,-4.0,2025-04-18 12:00:00,9,4,Otoño
102721,LOSARTAN 50MG COM. REC CJAX100UND,PERUFARMA GENERICO,0.0,10.0,2.0,2025-04-18 17:55:34,12,4,Otoño
102721,LOSARTAN 50MG COM. REC CJAX100UND,PERUFARMA GENERICO,1.0,0.0,20.0,2025-04-18 18:47:45,5,4,Otoño
102721,LOSARTAN 50MG COM. REC CJAX100UND,PERUFARMA GENERICO,0.0,20.0,4.0,2025-04-19 08:56:47,5,4,Otoño
102721,LOSARTAN 50MG COM. REC CJAX100UND,PERUFARMA GENERICO,0.0,30.0,6.0,2025-04-19 10:33:18,3,4,Otoño
102721,LOSARTAN 50MG COM. REC CJAX100UND,PERUFARMA GENERICO,0.0,10.0,2.0,2025-04-19 11:10:55,9,4,Otoño
102721,LOSARTAN 50MG COM. REC CJAX100UND,PERUFARMA GENERICO,0.0,-30.0,-6.0,2025-04-19 12:00:00,3,4,Otoño
102721,LOSARTAN 50MG COM. REC CJAX100UND,PERUFARMA GENERICO,0.0,10.0,2.0,2025-04-19 18:44:04,6,4,Otoño
102721,LOSARTAN 50MG COM. REC CJAX100UND,PERUFARMA GENERICO,0.0,10.0,2.0,2025-04-19 19:33:52,3,4,Otoño
102721,LOSARTAN 50MG COM. REC CJAX100UND,PERUFARMA GENERICO,0.0,10.0,2.0,2025-04-19 22:26:18,6,4,Otoño
102721,LOSARTAN 50MG COM. REC CJAX100UND,PERUFARMA GENERICO,0.0,10.0,2.0,2025-04-20 09:20:45,3,4,Otoño
102721,LOSARTAN 50MG COM. REC CJAX100UND,PERUFARMA GENERICO,0.0,20.0,4.0,2025-04-20 10:25:59,6,4,Otoño
102721,LOSARTAN 50MG COM. REC CJAX100UND,PERUFARMA GENERICO,0.0,10.0,2.0,2025-04-20 15:50:04,6,4,Otoño
102721,LOSARTAN 50MG COM. REC CJAX100UND,PERUFARMA GENERICO,0.0,10.0,2.0,2025-04-20 22:00:57,5,4,Otoño
102721,LOSARTAN 50MG COM. REC CJAX100UND,PERUFARMA GENERICO,0.0,10.0,2.0,2025-04-21 07:44:35,4,4,Otoño
102721,LOSARTAN 50MG COM. REC CJAX100UND,PERUFARMA GENERICO,0.0,10.0,2.0,2025-04-21 11:57:42,14,4,Otoño
102721,LOSARTAN 50MG COM. REC CJAX100UND,PERUFARMA GENERICO,0.0,10.0,2.0,2025-04-22 10:37:26,4,4,Otoño
102721,LOSARTAN 50MG COM. REC CJAX100UND,PERUFARMA GENERICO,0.0,50.0,10.0,2025-04-22 17:17:27,6,4,Otoño
102721,LOSARTAN 50MG COM. REC CJAX100UND,PERUFARMA GENERICO,0.0,10.0,2.0,2025-04-22 20:42:20,10,4,Otoño
102721,LOSARTAN 50MG COM. REC CJAX100UND,PERUFARMA GENERICO,0.0,20.0,4.0,2025-04-22 22:13:50,7,4,Otoño
102721,LOSARTAN 50MG COM. REC CJAX100UND,PERUFARMA GENERICO,0.0,10.0,2.0,2025-04-23 08:00:43,4,4,Otoño
102721,LOSARTAN 50MG COM. REC CJAX100UND,PERUFARMA GENERICO,0.0,30.0,6.0,2025-04-23 10:17:50,1,4,Otoño
102721,LOSARTAN 50MG COM. REC CJAX100UND,PERUFARMA GENERICO,0.0,10.0,2.0,2025-04-23 10:18:49,4,4,Otoño
102721,LOSARTAN 50MG COM. REC CJAX100UND,PERUFARMA GENERICO,0.0,10.0,2.0,2025-04-23 18:23:44,4,4,Otoño
102721,LOSARTAN 50MG COM. REC CJAX100UND,PERUFARMA GENERICO,0.0,20.0,4.0,2025-04-24 10:22:24,5,4,Otoño
102721,LOSARTAN 50MG COM. REC CJAX100UND,PERUFARMA GENERICO,0.0,10.0,2.0,2025-04-24 13:21:29,6,4,Otoño
102721,LOSARTAN 50MG COM. REC CJAX100UND,PERUFARMA GENERICO,0.0,10.0,2.0,2025-04-24 18:50:11,6,4,Otoño
102721,LOSARTAN 50MG COM. REC CJAX100UND,PERUFARMA GENERICO,0.0,10.0,2.0,2025-04-24 20:32:33,1,4,Otoño
102721,LOSARTAN 50MG COM. REC CJAX100UND,PERUFARMA GENERICO,0.0,10.0,2.0,2025-04-25 09:20:15,5,4,Otoño
102721,LOSARTAN 50MG COM. REC CJAX100UND,PERUFARMA GENERICO,0.0,50.0,10.0,2025-04-25 16:21:16,1,4,Otoño
102721,LOSARTAN 50MG COM. REC CJAX100UND,PERUFARMA GENERICO,0.0,10.0,2.0,2025-04-25 19:51:47,6,4,Otoño
102721,LOSARTAN 50MG COM. REC CJAX100UND,PERUFARMA GENERICO,0.0,10.0,2.0,2025-04-25 21:37:05,4,4,Otoño
102721,LOSARTAN 50MG COM. REC CJAX100UND,PERUFARMA GENERICO,0.0,10.0,2.0,2025-04-26 08:11:38,3,4,Otoño
102721,LOSARTAN 50MG COM. REC CJAX100UND,PERUFARMA GENERICO,-1.0,0.0,-20.0,2025-04-26 12:00:00,12,4,Otoño
102721,LOSARTAN 50MG COM. REC CJAX100UND,PERUFARMA GENERICO,0.0,10.0,2.0,2025-04-26 13:06:03,1,4,Otoño
102721,LOSARTAN 50MG COM. REC CJAX100UND,PERUFARMA GENERICO,0.0,10.0,2.0,2025-04-26 19:24:50,13,4,Otoño
102721,LOSARTAN 50MG COM. REC CJAX100UND,PERUFARMA GENERICO,1.0,0.0,20.0,2025-04-26 19:55:50,12,4,Otoño
102721,LOSARTAN 50MG COM. REC CJAX100UND,PERUFARMA GENERICO,0.0,10.0,2.0,2025-04-26 20:00:07,11,4,Otoño
102721,LOSARTAN 50MG COM. REC CJAX100UND,PERUFARMA GENERICO,0.0,10.0,2.0,2025-04-26 20:06:34,5,4,Otoño
102721,LOSARTAN 50MG COM. REC CJAX100UND,PERUFARMA GENERICO,1.0,0.0,20.0,2025-04-26 20:08:25,12,4,Otoño
102721,LOSARTAN 50MG COM. REC CJAX100UND,PERUFARMA GENERICO,0.0,10.0,2.0,2025-04-26 20:13:13,4,4,Otoño
102721,LOSARTAN 50MG COM. REC CJAX100UND,PERUFARMA GENERICO,0.0,-10.0,-2.0,2025-04-26 20:23:14,4,4,Otoño
102721,LOSARTAN 50MG COM. REC CJAX100UND,PERUFARMA GENERICO,0.0,10.0,2.0,2025-04-26 20:24:45,4,4,Otoño
102721,LOSARTAN 50MG COM. REC CJAX100UND,PERUFARMA GENERICO,0.0,10.0,2.0,2025-04-27 08:55:43,5,4,Otoño
102721,LOSARTAN 50MG COM. REC CJAX100UND,PERUFARMA GENERICO,0.0,30.0,6.0,2025-04-27 13:58:26,3,4,Otoño
102721,LOSARTAN 50MG COM. REC CJAX100UND,PERUFARMA GENERICO,0.0,10.0,2.0,2025-04-27 14:50:47,1,4,Otoño
102721,LOSARTAN 50MG COM. REC CJAX100UND,PERUFARMA GENERICO,0.0,10.0,1.9,2025-04-27 19:04:34,11,4,Otoño
102721,LOSARTAN 50MG COM. REC CJAX100UND,PERUFARMA GENERICO,0.0,10.0,2.0,2025-04-28 08:34:30,3,4,Otoño
102721,LOSARTAN 50MG COM. REC CJAX100UND,PERUFARMA GENERICO,0.0,10.0,2.0,2025-04-28 09:32:26,6,4,Otoño
102721,LOSARTAN 50MG COM. REC CJAX100UND,PERUFARMA GENERICO,0.0,10.0,2.0,2025-04-28 11:16:45,10,4,Otoño
102721,LOSARTAN 50MG COM. REC CJAX100UND,PERUFARMA GENERICO,0.0,10.0,2.0,2025-04-28 11:19:58,9,4,Otoño
102721,LOSARTAN 50MG COM. REC CJAX100UND,PERUFARMA GENERICO,1.0,0.0,20.0,2025-04-28 18:25:54,6,4,Otoño
102721,LOSARTAN 50MG COM. REC CJAX100UND,PERUFARMA GENERICO,0.0,20.0,4.0,2025-04-29 08:59:55,4,4,Otoño
102721,LOSARTAN 50MG COM. REC CJAX100UND,PERUFARMA GENERICO,0.0,20.0,4.0,2025-04-29 18:40:37,12,4,Otoño
102721,LOSARTAN 50MG COM. REC CJAX100UND,PERUFARMA GENERICO,0.0,20.0,4.0,2025-04-29 18:53:49,11,4,Otoño
102721,LOSARTAN 50MG COM. REC CJAX100UND,PERUFARMA GENERICO,0.0,10.0,2.0,2025-04-29 20:23:15,7,4,Otoño
102721,LOSARTAN 50MG COM. REC CJAX100UND,PERUFARMA GENERICO,0.0,10.0,2.0,2025-04-30 10:12:12,2,4,Otoño
102721,LOSARTAN 50MG COM. REC CJAX100UND,PERUFARMA GENERICO,0.0,10.0,2.0,2025-04-30 10:29:53,3,4,Otoño
102721,LOSARTAN 50MG COM. REC CJAX100UND,PERUFARMA GENERICO,1.0,0.0,20.0,2025-04-30 11:39:59,5,4,Otoño
102721,LOSARTAN 50MG COM. REC CJAX100UND,PERUFARMA GENERICO,0.0,30.0,6.0,2025-04-30 20:55:24,2,4,Otoño
102721,LOSARTAN 50MG COM. REC CJAX100UND,PERUFARMA GENERICO,0.0,2.0,0.4,2025-04-30 22:00:08,3,4,Otoño
102721,LOSARTAN 50MG COM. REC CJAX100UND,PERUFARMA GENERICO,0.0,20.0,4.0,2025-05-01 08:52:27,5,5,Otoño
102721,LOSARTAN 50MG COM. REC CJAX100UND,PERUFARMA GENERICO,1.0,0.0,20.0,2025-05-01 11:44:27,5,5,Otoño
102721,LOSARTAN 50MG COM. REC CJAX100UND,PERUFARMA GENERICO,0.0,30.0,6.0,2025-05-01 13:06:35,9,5,Otoño
102721,LOSARTAN 50MG COM. REC CJAX100UND,PERUFARMA GENERICO,1.0,0.0,20.0,2025-05-01 19:09:35,1,5,Otoño
102721,LOSARTAN 50MG COM. REC CJAX100UND,PERUFARMA GENERICO,0.0,20.0,4.0,2025-05-01 19:37:28,6,5,Otoño
102721,LOSARTAN 50MG COM. REC CJAX100UND,PERUFARMA GENERICO,0.0,5.0,1.0,2025-05-01 20:27:48,3,5,Otoño
102721,LOSARTAN 50MG COM. REC CJAX100UND,PERUFARMA GENERICO,0.0,20.0,4.0,2025-05-02 07:36:12,12,5,Otoño
102721,LOSARTAN 50MG COM. REC CJAX100UND,PERUFARMA GENERICO,1.0,0.0,20.0,2025-05-02 14:29:52,4,5,Otoño
102721,LOSARTAN 50MG COM. REC CJAX100UND,PERUFARMA GENERICO,0.0,10.0,2.0,2025-05-02 16:52:30,3,5,Otoño
102721,LOSARTAN 50MG COM. REC CJAX100UND,PERUFARMA GENERICO,0.0,10.0,2.0,2025-05-02 19:13:21,1,5,Otoño
102721,LOSARTAN 50MG COM. REC CJAX100UND,PERUFARMA GENERICO,0.0,10.0,2.0,2025-05-02 19:45:01,13,5,Otoño
102721,LOSARTAN 50MG COM. REC CJAX100UND,PERUFARMA GENERICO,0.0,10.0,2.0,2025-05-02 19:53:42,5,5,Otoño
102721,LOSARTAN 50MG COM. REC CJAX100UND,PERUFARMA GENERICO,0.0,40.0,8.0,2025-05-02 21:25:17,3,5,Otoño
102721,LOSARTAN 50MG COM. REC CJAX100UND,PERUFARMA GENERICO,0.0,10.0,2.0,2025-05-02 21:42:57,4,5,Otoño
102721,LOSARTAN 50MG COM. REC CJAX100UND,PERUFARMA GENERICO,0.0,20.0,4.0,2025-05-02 21:53:58,1,5,Otoño
102721,LOSARTAN 50MG COM. REC CJAX100UND,PERUFARMA GENERICO,0.0,20.0,4.0,2025-05-02 21:57:01,12,5,Otoño
102721,LOSARTAN 50MG COM. REC CJAX100UND,PERUFARMA GENERICO,0.0,10.0,2.0,2025-05-02 22:11:25,5,5,Otoño
102721,LOSARTAN 50MG COM. REC CJAX100UND,PERUFARMA GENERICO,0.0,30.0,6.0,2025-05-02 22:21:20,6,5,Otoño
102721,LOSARTAN 50MG COM. REC CJAX100UND,PERUFARMA GENERICO,0.0,10.0,2.0,2025-05-03 09:26:59,6,5,Otoño
102721,LOSARTAN 50MG COM. REC CJAX100UND,PERUFARMA GENERICO,0.0,10.0,2.0,2025-05-03 09:30:34,9,5,Otoño
102721,LOSARTAN 50MG COM. REC CJAX100UND,PERUFARMA GENERICO,0.0,10.0,2.0,2025-05-03 10:24:39,5,5,Otoño
102721,LOSARTAN 50MG COM. REC CJAX100UND,PERUFARMA GENERICO,0.0,50.0,10.0,2025-05-03 17:59:00,3,5,Otoño
102721,LOSARTAN 50MG COM. REC CJAX100UND,PERUFARMA GENERICO,0.0,50.0,10.0,2025-05-03 19:16:54,2,5,Otoño
102721,LOSARTAN 50MG COM. REC CJAX100UND,PERUFARMA GENERICO,0.0,10.0,2.0,2025-05-03 21:23:48,10,5,Otoño
102721,LOSARTAN 50MG COM. REC CJAX100UND,PERUFARMA GENERICO,0.0,10.0,2.0,2025-05-03 21:47:20,9,5,Otoño
102721,LOSARTAN 50MG COM. REC CJAX100UND,PERUFARMA GENERICO,0.0,10.0,2.0,2025-05-04 09:48:16,1,5,Otoño
102721,LOSARTAN 50MG COM. REC CJAX100UND,PERUFARMA GENERICO,0.0,5.0,1.0,2025-05-04 19:51:19,3,5,Otoño
102721,LOSARTAN 50MG COM. REC CJAX100UND,PERUFARMA GENERICO,0.0,10.0,2.0,2025-05-04 20:52:12,6,5,Otoño
102721,LOSARTAN 50MG COM. REC CJAX100UND,PERUFARMA GENERICO,0.0,10.0,2.0,2025-05-05 08:28:40,3,5,Otoño
102721,LOSARTAN 50MG COM. REC CJAX100UND,PERUFARMA GENERICO,0.0,5.0,1.0,2025-05-05 11:04:42,9,5,Otoño
102721,LOSARTAN 50MG COM. REC CJAX100UND,PERUFARMA GENERICO,0.0,10.0,2.0,2025-05-05 12:01:18,6,5,Otoño
102721,LOSARTAN 50MG COM. REC CJAX100UND,PERUFARMA GENERICO,0.0,10.0,2.0,2025-05-05 20:25:25,10,5,Otoño
102721,LOSARTAN 50MG COM. REC CJAX100UND,PERUFARMA GENERICO,0.0,10.0,2.0,2025-05-05 22:53:00,6,5,Otoño
102721,LOSARTAN 50MG COM. REC CJAX100UND,PERUFARMA GENERICO,0.0,10.0,2.0,2025-05-06 08:08:44,9,5,Otoño
102721,LOSARTAN 50MG COM. REC CJAX100UND,PERUFARMA GENERICO,1.0,0.0,20.0,2025-05-06 11:21:40,1,5,Otoño
102721,LOSARTAN 50MG COM. REC CJAX100UND,PERUFARMA GENERICO,0.0,20.0,4.0,2025-05-06 20:34:48,12,5,Otoño
102721,LOSARTAN 50MG COM. REC CJAX100UND,PERUFARMA GENERICO,0.0,5.0,1.0,2025-05-07 08:03:02,4,5,Otoño
102721,LOSARTAN 50MG COM. REC CJAX100UND,PERUFARMA GENERICO,0.0,10.0,2.0,2025-05-07 09:21:52,9,5,Otoño
102721,LOSARTAN 50MG COM. REC CJAX100UND,PERUFARMA GENERICO,0.0,10.0,2.0,2025-05-07 10:12:03,5,5,Otoño
102721,LOSARTAN 50MG COM. REC CJAX100UND,PERUFARMA GENERICO,0.0,10.0,2.0,2025-05-07 11:41:06,9,5,Otoño
102721,LOSARTAN 50MG COM. REC CJAX100UND,PERUFARMA GENERICO,0.0,10.0,2.0,2025-05-07 14:11:26,2,5,Otoño
102721,LOSARTAN 50MG COM. REC CJAX100UND,PERUFARMA GENERICO,0.0,20.0,4.0,2025-05-07 17:24:33,1,5,Otoño
102721,LOSARTAN 50MG COM. REC CJAX100UND,PERUFARMA GENERICO,1.0,0.0,20.0,2025-05-07 18:22:53,9,5,Otoño
102721,LOSARTAN 50MG COM. REC CJAX100UND,PERUFARMA GENERICO,0.0,10.0,2.0,2025-05-07 18:33:32,1,5,Otoño
102721,LOSARTAN 50MG COM. REC CJAX100UND,PERUFARMA GENERICO,0.0,20.0,4.0,2025-05-07 18:39:02,13,5,Otoño
102721,LOSARTAN 50MG COM. REC CJAX100UND,PERUFARMA GENERICO,0.0,10.0,2.0,2025-05-07 21:25:35,14,5,Otoño
102721,LOSARTAN 50MG COM. REC CJAX100UND,PERUFARMA GENERICO,0.0,20.0,4.0,2025-05-07 21:38:14,13,5,Otoño
102721,LOSARTAN 50MG COM. REC CJAX100UND,PERUFARMA GENERICO,0.0,20.0,4.0,2025-05-07 21:56:32,7,5,Otoño
102721,LOSARTAN 50MG COM. REC CJAX100UND,PERUFARMA GENERICO,0.0,10.0,2.0,2025-05-08 07:51:47,12,5,Otoño
102721,LOSARTAN 50MG COM. REC CJAX100UND,PERUFARMA GENERICO,0.0,10.0,2.0,2025-05-08 08:42:10,15,5,Otoño
102721,LOSARTAN 50MG COM. REC CJAX100UND,PERUFARMA GENERICO,0.0,30.0,6.0,2025-05-08 15:10:49,7,5,Otoño
102721,LOSARTAN 50MG COM. REC CJAX100UND,PERUFARMA GENERICO,0.0,10.0,2.0,2025-05-08 17:04:50,3,5,Otoño
102721,LOSARTAN 50MG COM. REC CJAX100UND,PERUFARMA GENERICO,0.0,10.0,2.0,2025-05-08 21:46:51,5,5,Otoño
102721,LOSARTAN 50MG COM. REC CJAX100UND,PERUFARMA GENERICO,0.0,10.0,2.0,2025-05-09 09:12:47,9,5,Otoño
102721,LOSARTAN 50MG COM. REC CJAX100UND,PERUFARMA GENERICO,0.0,20.0,4.0,2025-05-09 12:09:46,3,5,Otoño
102721,LOSARTAN 50MG COM. REC CJAX100UND,PERUFARMA GENERICO,0.0,10.0,2.0,2025-05-09 12:20:45,6,5,Otoño
102721,LOSARTAN 50MG COM. REC CJAX100UND,PERUFARMA GENERICO,0.0,10.0,2.0,2025-05-09 12:47:34,1,5,Otoño
102721,LOSARTAN 50MG COM. REC CJAX100UND,PERUFARMA GENERICO,0.0,10.0,2.0,2025-05-09 18:35:38,12,5,Otoño
102721,LOSARTAN 50MG COM. REC CJAX100UND,PERUFARMA GENERICO,1.0,0.0,20.0,2025-05-09 18:37:07,3,5,Otoño
102721,LOSARTAN 50MG COM. REC CJAX100UND,PERUFARMA GENERICO,0.0,20.0,4.0,2025-05-09 19:37:05,6,5,Otoño
102721,LOSARTAN 50MG COM. REC CJAX100UND,PERUFARMA GENERICO,0.0,10.0,2.0,2025-05-10 07:48:58,6,5,Otoño
102721,LOSARTAN 50MG COM. REC CJAX100UND,PERUFARMA GENERICO,0.0,10.0,2.0,2025-05-10 09:36:21,3,5,Otoño
102721,LOSARTAN 50MG COM. REC CJAX100UND,PERUFARMA GENERICO,0.0,10.0,2.0,2025-05-10 19:40:31,2,5,Otoño
102721,LOSARTAN 50MG COM. REC CJAX100UND,PERUFARMA GENERICO,0.0,10.0,2.0,2025-05-10 21:32:04,15,5,Otoño
102721,LOSARTAN 50MG COM. REC CJAX100UND,PERUFARMA GENERICO,0.0,20.0,4.0,2025-05-10 22:19:08,9,5,Otoño
102721,LOSARTAN 50MG COM. REC CJAX100UND,PERUFARMA GENERICO,0.0,5.0,1.0,2025-05-11 10:51:38,9,5,Otoño
102721,LOSARTAN 50MG COM. REC CJAX100UND,PERUFARMA GENERICO,0.0,10.0,2.0,2025-05-11 13:05:41,3,5,Otoño
102721,LOSARTAN 50MG COM. REC CJAX100UND,PERUFARMA GENERICO,0.0,20.0,4.0,2025-05-11 14:14:33,9,5,Otoño
102721,LOSARTAN 50MG COM. REC CJAX100UND,PERUFARMA GENERICO,0.0,10.0,2.0,2025-05-11 16:24:14,15,5,Otoño
102721,LOSARTAN 50MG COM. REC CJAX100UND,PERUFARMA GENERICO,0.0,10.0,2.0,2025-05-11 17:10:28,10,5,Otoño
102721,LOSARTAN 50MG COM. REC CJAX100UND,PERUFARMA GENERICO,1.0,0.0,20.0,2025-05-11 20:26:29,5,5,Otoño
102721,LOSARTAN 50MG COM. REC CJAX100UND,PERUFARMA GENERICO,0.0,2.0,0.4,2025-05-11 20:56:33,1,5,Otoño
102721,LOSARTAN 50MG COM. REC CJAX100UND,PERUFARMA GENERICO,0.0,10.0,2.0,2025-05-12 08:33:14,4,5,Otoño
102721,LOSARTAN 50MG COM. REC CJAX100UND,PERUFARMA GENERICO,0.0,10.0,2.0,2025-05-12 11:50:52,6,5,Otoño
102721,LOSARTAN 50MG COM. REC CJAX100UND,PERUFARMA GENERICO,0.0,20.0,4.0,2025-05-12 13:20:43,3,5,Otoño
102721,LOSARTAN 50MG COM. REC CJAX100UND,PERUFARMA GENERICO,0.0,10.0,2.0,2025-05-12 20:58:58,2,5,Otoño
102721,LOSARTAN 50MG COM. REC CJAX100UND,PERUFARMA GENERICO,0.0,10.0,2.0,2025-05-12 21:35:25,15,5,Otoño
102721,LOSARTAN 50MG COM. REC CJAX100UND,PERUFARMA GENERICO,0.0,10.0,2.0,2025-05-13 07:40:47,1,5,Otoño
102721,LOSARTAN 50MG COM. REC CJAX100UND,PERUFARMA GENERICO,0.0,20.0,4.0,2025-05-13 08:44:10,5,5,Otoño
102721,LOSARTAN 50MG COM. REC CJAX100UND,PERUFARMA GENERICO,0.0,2.0,0.4,2025-05-13 09:15:01,2,5,Otoño
102721,LOSARTAN 50MG COM. REC CJAX100UND,PERUFARMA GENERICO,0.0,10.0,2.0,2025-05-13 09:19:33,4,5,Otoño
102721,LOSARTAN 50MG COM. REC CJAX100UND,PERUFARMA GENERICO,1.0,0.0,20.0,2025-05-13 09:24:00,4,5,Otoño
102721,LOSARTAN 50MG COM. REC CJAX100UND,PERUFARMA GENERICO,0.0,20.0,4.0,2025-05-13 09:24:16,12,5,Otoño
102721,LOSARTAN 50MG COM. REC CJAX100UND,PERUFARMA GENERICO,0.0,10.0,2.0,2025-05-13 11:27:29,5,5,Otoño
102721,LOSARTAN 50MG COM. REC CJAX100UND,PERUFARMA GENERICO,1.0,0.0,20.0,2025-05-13 12:05:43,1,5,Otoño
102721,LOSARTAN 50MG COM. REC CJAX100UND,PERUFARMA GENERICO,0.0,10.0,2.0,2025-05-13 13:32:01,7,5,Otoño
102721,LOSARTAN 50MG COM. REC CJAX100UND,PERUFARMA GENERICO,0.0,30.0,6.0,2025-05-13 15:00:10,12,5,Otoño
102721,LOSARTAN 50MG COM. REC CJAX100UND,PERUFARMA GENERICO,1.0,0.0,20.0,2025-05-13 17:53:10,13,5,Otoño
102721,LOSARTAN 50MG COM. REC CJAX100UND,PERUFARMA GENERICO,0.0,20.0,4.0,2025-05-13 19:04:42,1,5,Otoño
102721,LOSARTAN 50MG COM. REC CJAX100UND,PERUFARMA GENERICO,0.0,10.0,2.0,2025-05-14 08:08:08,4,5,Otoño
102721,LOSARTAN 50MG COM. REC CJAX100UND,PERUFARMA GENERICO,0.0,10.0,2.0,2025-05-14 09:43:06,3,5,Otoño
102721,LOSARTAN 50MG COM. REC CJAX100UND,PERUFARMA GENERICO,0.0,10.0,2.0,2025-05-14 11:37:35,9,5,Otoño
102721,LOSARTAN 50MG COM. REC CJAX100UND,PERUFARMA GENERICO,0.0,5.0,1.0,2025-05-14 11:58:29,5,5,Otoño
102721,LOSARTAN 50MG COM. REC CJAX100UND,PERUFARMA GENERICO,1.0,0.0,20.0,2025-05-14 12:01:52,2,5,Otoño
102721,LOSARTAN 50MG COM. REC CJAX100UND,PERUFARMA GENERICO,0.0,10.0,2.0,2025-05-14 16:35:20,12,5,Otoño
102721,LOSARTAN 50MG COM. REC CJAX100UND,PERUFARMA GENERICO,1.0,0.0,20.0,2025-05-14 17:11:56,7,5,Otoño
102721,LOSARTAN 50MG COM. REC CJAX100UND,PERUFARMA GENERICO,0.0,10.0,2.0,2025-05-14 21:27:25,1,5,Otoño
102721,LOSARTAN 50MG COM. REC CJAX100UND,PERUFARMA GENERICO,0.0,10.0,2.0,2025-05-15 08:30:50,14,5,Otoño
102721,LOSARTAN 50MG COM. REC CJAX100UND,PERUFARMA GENERICO,0.0,10.0,2.0,2025-05-15 14:18:23,1,5,Otoño
102721,LOSARTAN 50MG COM. REC CJAX100UND,PERUFARMA GENERICO,0.0,10.0,2.0,2025-05-15 18:01:11,1,5,Otoño
102721,LOSARTAN 50MG COM. REC CJAX100UND,PERUFARMA GENERICO,0.0,10.0,2.0,2025-05-15 18:34:40,6,5,Otoño
102721,LOSARTAN 50MG COM. REC CJAX100UND,PERUFARMA GENERICO,0.0,50.0,10.0,2025-05-15 21:29:28,7,5,Otoño
102721,LOSARTAN 50MG COM. REC CJAX100UND,PERUFARMA GENERICO,0.0,20.0,4.0,2025-05-15 22:10:51,7,5,Otoño
102721,LOSARTAN 50MG COM. REC CJAX100UND,PERUFARMA GENERICO,0.0,10.0,2.0,2025-05-16 09:15:32,3,5,Otoño
102721,LOSARTAN 50MG COM. REC CJAX100UND,PERUFARMA GENERICO,0.0,20.0,4.0,2025-05-16 09:26:12,9,5,Otoño
102721,LOSARTAN 50MG COM. REC CJAX100UND,PERUFARMA GENERICO,0.0,50.0,10.0,2025-05-16 17:46:53,1,5,Otoño
102721,LOSARTAN 50MG COM. REC CJAX100UND,PERUFARMA GENERICO,0.0,10.0,2.0,2025-05-16 18:00:05,15,5,Otoño
102721,LOSARTAN 50MG COM. REC CJAX100UND,PERUFARMA GENERICO,0.0,10.0,2.0,2025-05-16 18:31:28,3,5,Otoño
102721,LOSARTAN 50MG COM. REC CJAX100UND,PERUFARMA GENERICO,0.0,10.0,2.0,2025-05-16 19:21:58,13,5,Otoño
102721,LOSARTAN 50MG COM. REC CJAX100UND,PERUFARMA GENERICO,0.0,10.0,2.0,2025-05-16 21:57:36,9,5,Otoño
102721,LOSARTAN 50MG COM. REC CJAX100UND,PERUFARMA GENERICO,1.0,0.0,20.0,2025-05-17 07:42:15,5,5,Otoño
102721,LOSARTAN 50MG COM. REC CJAX100UND,PERUFARMA GENERICO,0.0,20.0,3.8,2025-05-17 13:18:28,3,5,Otoño
102721,LOSARTAN 50MG COM. REC CJAX100UND,PERUFARMA GENERICO,0.0,10.0,2.0,2025-05-17 13:30:19,2,5,Otoño
102721,LOSARTAN 50MG COM. REC CJAX100UND,PERUFARMA GENERICO,0.0,60.0,12.0,2025-05-17 14:26:23,1,5,Otoño
102721,LOSARTAN 50MG COM. REC CJAX100UND,PERUFARMA GENERICO,0.0,20.0,4.0,2025-05-17 18:43:13,13,5,Otoño
102721,LOSARTAN 50MG COM. REC CJAX100UND,PERUFARMA GENERICO,0.0,10.0,2.0,2025-05-17 20:41:26,5,5,Otoño
102721,LOSARTAN 50MG COM. REC CJAX100UND,PERUFARMA GENERICO,1.0,0.0,20.0,2025-05-17 23:01:16,15,5,Otoño
102721,LOSARTAN 50MG COM. REC CJAX100UND,PERUFARMA GENERICO,-1.0,0.0,-20.0,2025-05-17 23:04:35,15,5,Otoño
102721,LOSARTAN 50MG COM. REC CJAX100UND,PERUFARMA GENERICO,0.0,50.0,10.0,2025-05-18 09:24:32,4,5,Otoño
102721,LOSARTAN 50MG COM. REC CJAX100UND,PERUFARMA GENERICO,2.0,0.0,40.0,2025-05-18 13:41:40,4,5,Otoño
102721,LOSARTAN 50MG COM. REC CJAX100UND,PERUFARMA GENERICO,0.0,10.0,2.0,2025-05-18 20:13:41,2,5,Otoño
102721,LOSARTAN 50MG COM. REC CJAX100UND,PERUFARMA GENERICO,0.0,20.0,4.0,2025-05-18 21:16:45,3,5,Otoño
102721,LOSARTAN 50MG COM. REC CJAX100UND,PERUFARMA GENERICO,0.0,10.0,2.0,2025-05-18 21:38:27,4,5,Otoño
102721,LOSARTAN 50MG COM. REC CJAX100UND,PERUFARMA GENERICO,0.0,20.0,4.0,2025-05-19 14:55:37,2,5,Otoño
102721,LOSARTAN 50MG COM. REC CJAX100UND,PERUFARMA GENERICO,0.0,-20.0,-4.0,2025-05-19 14:57:49,2,5,Otoño
102721,LOSARTAN 50MG COM. REC CJAX100UND,PERUFARMA GENERICO,0.0,10.0,2.0,2025-05-19 16:09:27,8,5,Otoño
102721,LOSARTAN 50MG COM. REC CJAX100UND,PERUFARMA GENERICO,0.0,30.0,6.0,2025-05-19 18:27:16,10,5,Otoño
102721,LOSARTAN 50MG COM. REC CJAX100UND,PERUFARMA GENERICO,0.0,20.0,4.0,2025-05-19 18:29:45,11,5,Otoño
102721,LOSARTAN 50MG COM. REC CJAX100UND,PERUFARMA GENERICO,0.0,30.0,6.0,2025-05-19 18:40:13,10,5,Otoño
102721,LOSARTAN 50MG COM. REC CJAX100UND,PERUFARMA GENERICO,0.0,10.0,2.0,2025-05-19 19:42:17,12,5,Otoño
102721,LOSARTAN 50MG COM. REC CJAX100UND,PERUFARMA GENERICO,0.0,10.0,2.0,2025-05-19 19:53:25,4,5,Otoño
102721,LOSARTAN 50MG COM. REC CJAX100UND,PERUFARMA GENERICO,0.0,10.0,2.0,2025-05-19 20:49:55,7,5,Otoño
102721,LOSARTAN 50MG COM. REC CJAX100UND,PERUFARMA GENERICO,0.0,5.0,1.0,2025-05-19 21:18:45,1,5,Otoño
102721,LOSARTAN 50MG COM. REC CJAX100UND,PERUFARMA GENERICO,0.0,10.0,2.0,2025-05-20 08:24:47,7,5,Otoño
102721,LOSARTAN 50MG COM. REC CJAX100UND,PERUFARMA GENERICO,0.0,20.0,4.0,2025-05-20 08:38:56,4,5,Otoño
102721,LOSARTAN 50MG COM. REC CJAX100UND,PERUFARMA GENERICO,0.0,60.0,12.0,2025-05-20 13:28:49,12,5,Otoño
102721,LOSARTAN 50MG COM. REC CJAX100UND,PERUFARMA GENERICO,0.0,10.0,2.0,2025-05-20 21:58:44,14,5,Otoño
102721,LOSARTAN 50MG COM. REC CJAX100UND,PERUFARMA GENERICO,0.0,10.0,2.0,2025-05-21 13:05:13,4,5,Otoño
102721,LOSARTAN 50MG COM. REC CJAX100UND,PERUFARMA GENERICO,0.0,20.0,4.0,2025-05-21 13:06:59,10,5,Otoño
102721,LOSARTAN 50MG COM. REC CJAX100UND,PERUFARMA GENERICO,0.0,50.0,10.0,2025-05-21 15:41:20,14,5,Otoño
102721,LOSARTAN 50MG COM. REC CJAX100UND,PERUFARMA GENERICO,0.0,10.0,2.0,2025-05-21 15:47:37,14,5,Otoño
102721,LOSARTAN 50MG COM. REC CJAX100UND,PERUFARMA GENERICO,0.0,30.0,6.0,2025-05-21 18:00:51,7,5,Otoño
102721,LOSARTAN 50MG COM. REC CJAX100UND,PERUFARMA GENERICO,0.0,20.0,4.0,2025-05-21 18:39:08,13,5,Otoño
102721,LOSARTAN 50MG COM. REC CJAX100UND,PERUFARMA GENERICO,0.0,10.0,2.0,2025-05-21 19:23:29,4,5,Otoño
102721,LOSARTAN 50MG COM. REC CJAX100UND,PERUFARMA GENERICO,0.0,10.0,2.0,2025-05-21 19:30:16,13,5,Otoño
102721,LOSARTAN 50MG COM. REC CJAX100UND,PERUFARMA GENERICO,0.0,10.0,2.0,2025-05-22 07:10:47,6,5,Otoño
102721,LOSARTAN 50MG COM. REC CJAX100UND,PERUFARMA GENERICO,0.0,20.0,4.0,2025-05-22 07:32:54,6,5,Otoño
102721,LOSARTAN 50MG COM. REC CJAX100UND,PERUFARMA GENERICO,0.0,10.0,2.0,2025-05-22 09:16:49,7,5,Otoño
102721,LOSARTAN 50MG COM. REC CJAX100UND,PERUFARMA GENERICO,0.0,10.0,2.0,2025-05-22 12:14:07,9,5,Otoño
102721,LOSARTAN 50MG COM. REC CJAX100UND,PERUFARMA GENERICO,0.0,10.0,2.0,2025-05-22 14:19:10,2,5,Otoño
102721,LOSARTAN 50MG COM. REC CJAX100UND,PERUFARMA GENERICO,0.0,10.0,2.0,2025-05-22 17:24:46,3,5,Otoño
102721,LOSARTAN 50MG COM. REC CJAX100UND,PERUFARMA GENERICO,0.0,10.0,2.0,2025-05-22 18:06:57,1,5,Otoño
102721,LOSARTAN 50MG COM. REC CJAX100UND,PERUFARMA GENERICO,0.0,10.0,2.0,2025-05-22 18:55:14,5,5,Otoño
102721,LOSARTAN 50MG COM. REC CJAX100UND,PERUFARMA GENERICO,0.0,2.0,0.4,2025-05-23 08:32:19,5,5,Otoño
102721,LOSARTAN 50MG COM. REC CJAX100UND,PERUFARMA GENERICO,0.0,20.0,4.0,2025-05-23 09:02:52,3,5,Otoño
102721,LOSARTAN 50MG COM. REC CJAX100UND,PERUFARMA GENERICO,0.0,10.0,2.0,2025-05-23 10:38:03,16,5,Otoño
102721,LOSARTAN 50MG COM. REC CJAX100UND,PERUFARMA GENERICO,0.0,10.0,2.0,2025-05-23 20:42:40,3,5,Otoño
102721,LOSARTAN 50MG COM. REC CJAX100UND,PERUFARMA GENERICO,0.0,5.0,1.0,2025-05-23 21:40:51,9,5,Otoño
102721,LOSARTAN 50MG COM. REC CJAX100UND,PERUFARMA GENERICO,0.0,20.0,4.0,2025-05-24 12:44:20,4,5,Otoño
102721,LOSARTAN 50MG COM. REC CJAX100UND,PERUFARMA GENERICO,0.0,10.0,2.0,2025-05-24 13:39:59,3,5,Otoño
102721,LOSARTAN 50MG COM. REC CJAX100UND,PERUFARMA GENERICO,1.0,0.0,20.0,2025-05-24 14:25:49,1,5,Otoño
102721,LOSARTAN 50MG COM. REC CJAX100UND,PERUFARMA GENERICO,1.0,0.0,20.0,2025-05-24 17:22:19,12,5,Otoño
102721,LOSARTAN 50MG COM. REC CJAX100UND,PERUFARMA GENERICO,0.0,20.0,4.0,2025-05-24 17:52:02,1,5,Otoño
102721,LOSARTAN 50MG COM. REC CJAX100UND,PERUFARMA GENERICO,0.0,10.0,2.0,2025-05-24 19:21:20,9,5,Otoño
102721,LOSARTAN 50MG COM. REC CJAX100UND,PERUFARMA GENERICO,0.0,10.0,2.0,2025-05-24 20:18:21,7,5,Otoño
102721,LOSARTAN 50MG COM. REC CJAX100UND,PERUFARMA GENERICO,0.0,1.0,0.2,2025-05-24 21:16:18,1,5,Otoño
102721,LOSARTAN 50MG COM. REC CJAX100UND,PERUFARMA GENERICO,0.0,10.0,2.0,2025-05-24 23:12:01,7,5,Otoño
102721,LOSARTAN 50MG COM. REC CJAX100UND,PERUFARMA GENERICO,1.0,0.0,20.0,2025-05-25 11:36:18,10,5,Otoño
102721,LOSARTAN 50MG COM. REC CJAX100UND,PERUFARMA GENERICO,0.0,10.0,2.0,2025-05-25 13:29:47,6,5,Otoño
102721,LOSARTAN 50MG COM. REC CJAX100UND,PERUFARMA GENERICO,0.0,10.0,2.0,2025-05-25 14:15:58,1,5,Otoño
102721,LOSARTAN 50MG COM. REC CJAX100UND,PERUFARMA GENERICO,0.0,20.0,4.0,2025-05-25 15:08:05,15,5,Otoño
102721,LOSARTAN 50MG COM. REC CJAX100UND,PERUFARMA GENERICO,0.0,10.0,2.0,2025-05-25 18:15:33,11,5,Otoño
102721,LOSARTAN 50MG COM. REC CJAX100UND,PERUFARMA GENERICO,0.0,10.0,2.0,2025-05-25 18:59:23,9,5,Otoño
102721,LOSARTAN 50MG COM. REC CJAX100UND,PERUFARMA GENERICO,1.0,0.0,20.0,2025-05-25 19:29:11,6,5,Otoño
102721,LOSARTAN 50MG COM. REC CJAX100UND,PERUFARMA GENERICO,0.0,10.0,2.0,2025-05-25 20:31:35,1,5,Otoño
102721,LOSARTAN 50MG COM. REC CJAX100UND,PERUFARMA GENERICO,0.0,10.0,2.0,2025-05-26 08:10:23,6,5,Otoño
102721,LOSARTAN 50MG COM. REC CJAX100UND,PERUFARMA GENERICO,0.0,20.0,4.0,2025-05-26 10:50:22,8,5,Otoño
102721,LOSARTAN 50MG COM. REC CJAX100UND,PERUFARMA GENERICO,0.0,10.0,2.0,2025-05-26 15:39:18,3,5,Otoño
102721,LOSARTAN 50MG COM. REC CJAX100UND,PERUFARMA GENERICO,0.0,30.0,6.0,2025-05-26 19:54:32,3,5,Otoño
102721,LOSARTAN 50MG COM. REC CJAX100UND,PERUFARMA GENERICO,0.0,20.0,4.0,2025-05-26 21:15:57,5,5,Otoño
102721,LOSARTAN 50MG COM. REC CJAX100UND,PERUFARMA GENERICO,0.0,20.0,4.0,2025-05-27 09:38:17,6,5,Otoño
102721,LOSARTAN 50MG COM. REC CJAX100UND,PERUFARMA GENERICO,0.0,10.0,2.0,2025-05-27 11:36:30,3,5,Otoño
102721,LOSARTAN 50MG COM. REC CJAX100UND,PERUFARMA GENERICO,0.0,20.0,4.0,2025-05-27 22:25:05,5,5,Otoño
102721,LOSARTAN 50MG COM. REC CJAX100UND,PERUFARMA GENERICO,0.0,10.0,2.0,2025-05-27 22:25:09,5,5,Otoño
102721,LOSARTAN 50MG COM. REC CJAX100UND,PERUFARMA GENERICO,0.0,10.0,2.0,2025-05-28 07:33:55,6,5,Otoño
102721,LOSARTAN 50MG COM. REC CJAX100UND,PERUFARMA GENERICO,0.0,20.0,4.0,2025-05-28 08:13:45,6,5,Otoño
102721,LOSARTAN 50MG COM. REC CJAX100UND,PERUFARMA GENERICO,0.0,30.0,6.0,2025-05-28 08:56:25,4,5,Otoño
102721,LOSARTAN 50MG COM. REC CJAX100UND,PERUFARMA GENERICO,1.0,0.0,20.0,2025-05-28 09:04:39,4,5,Otoño
102721,LOSARTAN 50MG COM. REC CJAX100UND,PERUFARMA GENERICO,0.0,10.0,2.0,2025-05-28 14:23:36,3,5,Otoño
102721,LOSARTAN 50MG COM. REC CJAX100UND,PERUFARMA GENERICO,1.0,0.0,20.0,2025-05-28 15:51:43,14,5,Otoño
102721,LOSARTAN 50MG COM. REC CJAX100UND,PERUFARMA GENERICO,0.0,10.0,2.0,2025-05-28 18:11:14,1,5,Otoño
102721,LOSARTAN 50MG COM. REC CJAX100UND,PERUFARMA GENERICO,0.0,50.0,10.0,2025-05-28 18:36:13,5,5,Otoño
102721,LOSARTAN 50MG COM. REC CJAX100UND,PERUFARMA GENERICO,0.0,20.0,4.0,2025-05-28 21:43:37,7,5,Otoño
102721,LOSARTAN 50MG COM. REC CJAX100UND,PERUFARMA GENERICO,0.0,10.0,2.0,2025-05-28 23:19:58,4,5,Otoño
102721,LOSARTAN 50MG COM. REC CJAX100UND,PERUFARMA GENERICO,1.0,0.0,20.0,2025-05-29 11:53:29,5,5,Otoño
102721,LOSARTAN 50MG COM. REC CJAX100UND,PERUFARMA GENERICO,0.0,10.0,2.0,2025-05-29 17:06:45,12,5,Otoño
102721,LOSARTAN 50MG COM. REC CJAX100UND,PERUFARMA GENERICO,0.0,10.0,2.0,2025-05-29 17:56:03,12,5,Otoño
102721,LOSARTAN 50MG COM. REC CJAX100UND,PERUFARMA GENERICO,0.0,30.0,6.0,2025-05-29 19:59:13,4,5,Otoño
102721,LOSARTAN 50MG COM. REC CJAX100UND,PERUFARMA GENERICO,0.0,10.0,2.0,2025-05-29 20:40:53,3,5,Otoño
102721,LOSARTAN 50MG COM. REC CJAX100UND,PERUFARMA GENERICO,0.0,5.0,1.0,2025-05-29 21:20:14,1,5,Otoño
102721,LOSARTAN 50MG COM. REC CJAX100UND,PERUFARMA GENERICO,0.0,10.0,2.0,2025-05-29 22:35:06,7,5,Otoño
102721,LOSARTAN 50MG COM. REC CJAX100UND,PERUFARMA GENERICO,0.0,10.0,2.0,2025-05-30 09:59:08,7,5,Otoño
102721,LOSARTAN 50MG COM. REC CJAX100UND,PERUFARMA GENERICO,0.0,10.0,2.0,2025-05-30 12:02:15,1,5,Otoño
102721,LOSARTAN 50MG COM. REC CJAX100UND,PERUFARMA GENERICO,0.0,10.0,2.0,2025-05-30 13:04:48,16,5,Otoño
102721,LOSARTAN 50MG COM. REC CJAX100UND,PERUFARMA GENERICO,0.0,10.0,2.0,2025-05-30 19:37:07,8,5,Otoño
102721,LOSARTAN 50MG COM. REC CJAX100UND,PERUFARMA GENERICO,1.0,0.0,20.0,2025-05-30 20:05:24,2,5,Otoño
102721,LOSARTAN 50MG COM. REC CJAX100UND,PERUFARMA GENERICO,0.0,10.0,2.0,2025-05-30 22:04:41,2,5,Otoño
102721,LOSARTAN 50MG COM. REC CJAX100UND,PERUFARMA GENERICO,2.0,0.0,40.0,2025-05-31 10:56:58,2,5,Otoño
102721,LOSARTAN 50MG COM. REC CJAX100UND,PERUFARMA GENERICO,1.0,0.0,20.0,2025-05-31 19:24:17,15,5,Otoño
102721,LOSARTAN 50MG COM. REC CJAX100UND,PERUFARMA GENERICO,0.0,20.0,4.0,2025-06-01 09:15:19,3,6,Invierno
102721,LOSARTAN 50MG COM. REC CJAX100UND,PERUFARMA GENERICO,0.0,10.0,2.0,2025-06-01 09:17:17,4,6,Invierno
102721,LOSARTAN 50MG COM. REC CJAX100UND,PERUFARMA GENERICO,0.0,10.0,2.0,2025-06-01 10:43:48,8,6,Invierno
102721,LOSARTAN 50MG COM. REC CJAX100UND,PERUFARMA GENERICO,0.0,10.0,2.0,2025-06-01 18:46:40,5,6,Invierno
102721,LOSARTAN 50MG COM. REC CJAX100UND,PERUFARMA GENERICO,0.0,10.0,2.0,2025-06-01 19:23:45,5,6,Invierno
102721,LOSARTAN 50MG COM. REC CJAX100UND,PERUFARMA GENERICO,0.0,10.0,2.0,2025-06-01 20:21:00,3,6,Invierno
102721,LOSARTAN 50MG COM. REC CJAX100UND,PERUFARMA GENERICO,0.0,20.0,4.0,2025-06-02 08:36:04,3,6,Invierno
102721,LOSARTAN 50MG COM. REC CJAX100UND,PERUFARMA GENERICO,0.0,20.0,4.0,2025-06-02 09:50:23,1,6,Invierno
102721,LOSARTAN 50MG COM. REC CJAX100UND,PERUFARMA GENERICO,0.0,80.0,16.0,2025-06-02 15:00:23,12,6,Invierno
102721,LOSARTAN 50MG COM. REC CJAX100UND,PERUFARMA GENERICO,1.0,0.0,20.0,2025-06-02 17:32:38,11,6,Invierno
102721,LOSARTAN 50MG COM. REC CJAX100UND,PERUFARMA GENERICO,0.0,75.0,15.0,2025-06-02 19:49:18,9,6,Invierno
102721,LOSARTAN 50MG COM. REC CJAX100UND,PERUFARMA GENERICO,0.0,10.0,2.0,2025-06-02 19:56:02,7,6,Invierno
102721,LOSARTAN 50MG COM. REC CJAX100UND,PERUFARMA GENERICO,0.0,20.0,4.0,2025-06-03 18:48:24,3,6,Invierno
102721,LOSARTAN 50MG COM. REC CJAX100UND,PERUFARMA GENERICO,0.0,30.0,6.0,2025-06-03 20:52:02,3,6,Invierno
102721,LOSARTAN 50MG COM. REC CJAX100UND,PERUFARMA GENERICO,1.0,0.0,20.0,2025-06-04 10:33:30,3,6,Invierno
102721,LOSARTAN 50MG COM. REC CJAX100UND,PERUFARMA GENERICO,0.0,10.0,2.0,2025-06-04 13:54:16,14,6,Invierno
102721,LOSARTAN 50MG COM. REC CJAX100UND,PERUFARMA GENERICO,0.0,10.0,2.0,2025-06-04 17:40:33,2,6,Invierno
102721,LOSARTAN 50MG COM. REC CJAX100UND,PERUFARMA GENERICO,0.0,20.0,4.0,2025-06-05 18:07:37,13,6,Invierno
102721,LOSARTAN 50MG COM. REC CJAX100UND,PERUFARMA GENERICO,0.0,10.0,2.0,2025-06-05 20:37:00,5,6,Invierno
102721,LOSARTAN 50MG COM. REC CJAX100UND,PERUFARMA GENERICO,0.0,10.0,2.0,2025-06-05 21:05:08,14,6,Invierno
102721,LOSARTAN 50MG COM. REC CJAX100UND,PERUFARMA GENERICO,0.0,20.0,4.0,2025-06-06 08:19:53,4,6,Invierno
102721,LOSARTAN 50MG COM. REC CJAX100UND,PERUFARMA GENERICO,1.0,0.0,20.0,2025-06-06 10:58:27,9,6,Invierno
102721,LOSARTAN 50MG COM. REC CJAX100UND,PERUFARMA GENERICO,0.0,10.0,2.0,2025-06-06 11:37:53,2,6,Invierno
102721,LOSARTAN 50MG COM. REC CJAX100UND,PERUFARMA GENERICO,0.0,10.0,2.0,2025-06-06 12:04:44,11,6,Invierno
102721,LOSARTAN 50MG COM. REC CJAX100UND,PERUFARMA GENERICO,0.0,10.0,2.0,2025-06-06 14:59:56,10,6,Invierno
102721,LOSARTAN 50MG COM. REC CJAX100UND,PERUFARMA GENERICO,0.0,10.0,2.0,2025-06-06 15:06:54,10,6,Invierno
102721,LOSARTAN 50MG COM. REC CJAX100UND,PERUFARMA GENERICO,0.0,10.0,2.0,2025-06-06 16:19:19,3,6,Invierno
102721,LOSARTAN 50MG COM. REC CJAX100UND,PERUFARMA GENERICO,0.0,10.0,2.0,2025-06-06 17:03:48,9,6,Invierno
102721,LOSARTAN 50MG COM. REC CJAX100UND,PERUFARMA GENERICO,0.0,10.0,2.0,2025-06-06 18:26:38,14,6,Invierno
102721,LOSARTAN 50MG COM. REC CJAX100UND,PERUFARMA GENERICO,1.0,0.0,20.0,2025-06-06 18:42:28,2,6,Invierno
102721,LOSARTAN 50MG COM. REC CJAX100UND,PERUFARMA GENERICO,1.0,0.0,20.0,2025-06-06 18:56:21,5,6,Invierno
102721,LOSARTAN 50MG COM. REC CJAX100UND,PERUFARMA GENERICO,0.0,10.0,2.0,2025-06-06 20:03:56,13,6,Invierno
102721,LOSARTAN 50MG COM. REC CJAX100UND,PERUFARMA GENERICO,0.0,10.0,2.0,2025-06-06 20:13:44,3,6,Invierno
102721,LOSARTAN 50MG COM. REC CJAX100UND,PERUFARMA GENERICO,0.0,10.0,2.0,2025-06-07 08:40:29,10,6,Invierno
102721,LOSARTAN 50MG COM. REC CJAX100UND,PERUFARMA GENERICO,0.0,10.0,2.0,2025-06-07 12:44:56,4,6,Invierno
102721,LOSARTAN 50MG COM. REC CJAX100UND,PERUFARMA GENERICO,0.0,10.0,2.0,2025-06-07 17:10:49,1,6,Invierno
102721,LOSARTAN 50MG COM. REC CJAX100UND,PERUFARMA GENERICO,0.0,20.0,4.0,2025-06-07 18:03:53,7,6,Invierno
102721,LOSARTAN 50MG COM. REC CJAX100UND,PERUFARMA GENERICO,0.0,8.0,1.6,2025-06-07 18:17:03,2,6,Invierno
102721,LOSARTAN 50MG COM. REC CJAX100UND,PERUFARMA GENERICO,0.0,40.0,8.0,2025-06-07 20:33:05,1,6,Invierno
102721,LOSARTAN 50MG COM. REC CJAX100UND,PERUFARMA GENERICO,0.0,10.0,2.0,2025-06-08 15:15:47,15,6,Invierno
102721,LOSARTAN 50MG COM. REC CJAX100UND,PERUFARMA GENERICO,0.0,5.0,1.0,2025-06-08 15:23:56,14,6,Invierno
102721,LOSARTAN 50MG COM. REC CJAX100UND,PERUFARMA GENERICO,0.0,10.0,2.0,2025-06-08 18:05:04,4,6,Invierno
102721,LOSARTAN 50MG COM. REC CJAX100UND,PERUFARMA GENERICO,0.0,20.0,4.0,2025-06-08 21:59:19,7,6,Invierno
102721,LOSARTAN 50MG COM. REC CJAX100UND,PERUFARMA GENERICO,0.0,10.0,2.0,2025-06-09 13:52:59,9,6,Invierno
102721,LOSARTAN 50MG COM. REC CJAX100UND,PERUFARMA GENERICO,0.0,10.0,2.0,2025-06-09 18:23:14,1,6,Invierno
102721,LOSARTAN 50MG COM. REC CJAX100UND,PERUFARMA GENERICO,0.0,20.0,4.0,2025-06-09 20:55:42,7,6,Invierno
102721,LOSARTAN 50MG COM. REC CJAX100UND,PERUFARMA GENERICO,0.0,10.0,2.0,2025-06-10 10:29:56,4,6,Invierno
102721,LOSARTAN 50MG COM. REC CJAX100UND,PERUFARMA GENERICO,0.0,10.0,2.0,2025-06-10 21:42:42,14,6,Invierno
102721,LOSARTAN 50MG COM. REC CJAX100UND,PERUFARMA GENERICO,0.0,10.0,2.0,2025-06-10 21:50:55,3,6,Invierno
102721,LOSARTAN 50MG COM. REC CJAX100UND,PERUFARMA GENERICO,0.0,10.0,2.0,2025-06-11 07:33:01,1,6,Invierno
102721,LOSARTAN 50MG COM. REC CJAX100UND,PERUFARMA GENERICO,0.0,10.0,2.0,2025-06-11 08:22:52,4,6,Invierno
102721,LOSARTAN 50MG COM. REC CJAX100UND,PERUFARMA GENERICO,0.0,20.0,4.0,2025-06-11 08:54:00,3,6,Invierno
102721,LOSARTAN 50MG COM. REC CJAX100UND,PERUFARMA GENERICO,0.0,10.0,2.0,2025-06-11 18:39:11,12,6,Invierno
102721,LOSARTAN 50MG COM. REC CJAX100UND,PERUFARMA GENERICO,0.0,10.0,2.0,2025-06-11 20:29:28,12,6,Invierno
102721,LOSARTAN 50MG COM. REC CJAX100UND,PERUFARMA GENERICO,0.0,20.0,4.0,2025-06-11 20:44:18,5,6,Invierno
102721,LOSARTAN 50MG COM. REC CJAX100UND,PERUFARMA GENERICO,0.0,10.0,2.0,2025-06-11 21:22:52,4,6,Invierno
102721,LOSARTAN 50MG COM. REC CJAX100UND,PERUFARMA GENERICO,0.0,20.0,4.0,2025-06-12 09:44:49,13,6,Invierno
102721,LOSARTAN 50MG COM. REC CJAX100UND,PERUFARMA GENERICO,0.0,10.0,2.0,2025-06-12 10:20:28,4,6,Invierno
102721,LOSARTAN 50MG COM. REC CJAX100UND,PERUFARMA GENERICO,0.0,10.0,2.0,2025-06-12 12:20:05,9,6,Invierno
102721,LOSARTAN 50MG COM. REC CJAX100UND,PERUFARMA GENERICO,0.0,10.0,2.0,2025-06-12 20:48:20,4,6,Invierno
102721,LOSARTAN 50MG COM. REC CJAX100UND,PERUFARMA GENERICO,1.0,0.0,20.0,2025-06-13 20:42:03,5,6,Invierno
102721,LOSARTAN 50MG COM. REC CJAX100UND,PERUFARMA GENERICO,0.0,20.0,4.0,2025-06-13 22:16:45,12,6,Invierno
102721,LOSARTAN 50MG COM. REC CJAX100UND,PERUFARMA GENERICO,0.0,3.0,0.6,2025-06-14 13:09:03,5,6,Invierno
102721,LOSARTAN 50MG COM. REC CJAX100UND,PERUFARMA GENERICO,0.0,10.0,2.0,2025-06-14 15:24:28,9,6,Invierno
102721,LOSARTAN 50MG COM. REC CJAX100UND,PERUFARMA GENERICO,0.0,10.0,2.0,2025-06-14 16:14:13,12,6,Invierno
102721,LOSARTAN 50MG COM. REC CJAX100UND,PERUFARMA GENERICO,0.0,10.0,2.0,2025-06-14 16:47:39,12,6,Invierno
102721,LOSARTAN 50MG COM. REC CJAX100UND,PERUFARMA GENERICO,0.0,65.0,13.0,2025-06-14 21:41:23,5,6,Invierno
102721,LOSARTAN 50MG COM. REC CJAX100UND,PERUFARMA GENERICO,0.0,10.0,2.0,2025-06-15 11:36:57,8,6,Invierno
102721,LOSARTAN 50MG COM. REC CJAX100UND,PERUFARMA GENERICO,0.0,10.0,2.0,2025-06-15 11:37:25,5,6,Invierno
102721,LOSARTAN 50MG COM. REC CJAX100UND,PERUFARMA GENERICO,0.0,-65.0,-13.0,2025-06-15 12:00:00,5,6,Invierno
102721,LOSARTAN 50MG COM. REC CJAX100UND,PERUFARMA GENERICO,0.0,10.0,2.0,2025-06-15 13:33:47,13,6,Invierno
102721,LOSARTAN 50MG COM. REC CJAX100UND,PERUFARMA GENERICO,0.0,10.0,2.0,2025-06-15 18:44:13,12,6,Invierno
102721,LOSARTAN 50MG COM. REC CJAX100UND,PERUFARMA GENERICO,0.0,5.0,1.0,2025-06-15 21:21:39,4,6,Invierno
102721,LOSARTAN 50MG COM. REC CJAX100UND,PERUFARMA GENERICO,0.0,50.0,10.0,2025-06-16 08:54:08,11,6,Invierno
102721,LOSARTAN 50MG COM. REC CJAX100UND,PERUFARMA GENERICO,0.0,10.0,2.0,2025-06-16 19:17:49,14,6,Invierno
102721,LOSARTAN 50MG COM. REC CJAX100UND,PERUFARMA GENERICO,0.0,10.0,2.0,2025-06-17 10:38:26,13,6,Invierno
102721,LOSARTAN 50MG COM. REC CJAX100UND,PERUFARMA GENERICO,0.0,10.0,2.0,2025-06-17 12:34:11,1,6,Invierno
102721,LOSARTAN 50MG COM. REC CJAX100UND,PERUFARMA GENERICO,0.0,20.0,4.0,2025-06-17 14:19:59,12,6,Invierno
102721,LOSARTAN 50MG COM. REC CJAX100UND,PERUFARMA GENERICO,0.0,10.0,2.0,2025-06-17 18:43:29,7,6,Invierno
102721,LOSARTAN 50MG COM. REC CJAX100UND,PERUFARMA GENERICO,0.0,10.0,2.0,2025-06-17 20:16:50,5,6,Invierno
102721,LOSARTAN 50MG COM. REC CJAX100UND,PERUFARMA GENERICO,0.0,10.0,2.0,2025-06-18 12:44:47,1,6,Invierno
102721,LOSARTAN 50MG COM. REC CJAX100UND,PERUFARMA GENERICO,0.0,20.0,4.0,2025-06-18 12:47:16,12,6,Invierno
102721,LOSARTAN 50MG COM. REC CJAX100UND,PERUFARMA GENERICO,0.0,20.0,4.0,2025-06-18 14:45:14,14,6,Invierno
102721,LOSARTAN 50MG COM. REC CJAX100UND,PERUFARMA GENERICO,0.0,10.0,2.0,2025-06-18 14:53:28,7,6,Invierno
102721,LOSARTAN 50MG COM. REC CJAX100UND,PERUFARMA GENERICO,0.0,10.0,2.0,2025-06-19 15:58:08,7,6,Invierno
102721,LOSARTAN 50MG COM. REC CJAX100UND,PERUFARMA GENERICO,0.0,10.0,2.0,2025-06-19 16:33:42,6,6,Invierno
102721,LOSARTAN 50MG COM. REC CJAX100UND,PERUFARMA GENERICO,0.0,3.0,0.6,2025-06-19 19:22:44,9,6,Invierno
102721,LOSARTAN 50MG COM. REC CJAX100UND,PERUFARMA GENERICO,0.0,10.0,2.0,2025-06-19 19:37:34,8,6,Invierno
102721,LOSARTAN 50MG COM. REC CJAX100UND,PERUFARMA GENERICO,0.0,10.0,2.0,2025-06-20 19:34:33,2,6,Invierno
102721,LOSARTAN 50MG COM. REC CJAX100UND,PERUFARMA GENERICO,0.0,8.0,1.6,2025-06-21 08:22:51,3,6,Invierno
102721,LOSARTAN 50MG COM. REC CJAX100UND,PERUFARMA GENERICO,0.0,20.0,4.0,2025-06-21 17:20:53,1,6,Invierno
102721,LOSARTAN 50MG COM. REC CJAX100UND,PERUFARMA GENERICO,0.0,20.0,4.0,2025-06-21 21:32:30,7,6,Invierno
102721,LOSARTAN 50MG COM. REC CJAX100UND,PERUFARMA GENERICO,0.0,10.0,2.0,2025-06-21 22:30:15,7,6,Invierno
102721,LOSARTAN 50MG COM. REC CJAX100UND,PERUFARMA GENERICO,0.0,20.0,4.0,2025-06-22 09:22:33,13,6,Invierno
102721,LOSARTAN 50MG COM. REC CJAX100UND,PERUFARMA GENERICO,0.0,20.0,4.0,2025-06-22 10:10:40,7,6,Invierno
102721,LOSARTAN 50MG COM. REC CJAX100UND,PERUFARMA GENERICO,0.0,10.0,2.0,2025-06-22 15:05:44,5,6,Invierno
102721,LOSARTAN 50MG COM. REC CJAX100UND,PERUFARMA GENERICO,0.0,10.0,2.0,2025-06-23 10:22:53,7,6,Invierno
102721,LOSARTAN 50MG COM. REC CJAX100UND,PERUFARMA GENERICO,0.0,10.0,2.0,2025-06-23 11:23:16,7,6,Invierno
102721,LOSARTAN 50MG COM. REC CJAX100UND,PERUFARMA GENERICO,0.0,10.0,2.0,2025-06-23 17:18:25,5,6,Invierno
102721,LOSARTAN 50MG COM. REC CJAX100UND,PERUFARMA GENERICO,0.0,20.0,4.0,2025-06-23 18:20:50,5,6,Invierno
102721,LOSARTAN 50MG COM. REC CJAX100UND,PERUFARMA GENERICO,0.0,10.0,2.0,2025-06-24 18:09:32,12,6,Invierno
102721,LOSARTAN 50MG COM. REC CJAX100UND,PERUFARMA GENERICO,0.0,30.0,6.0,2025-06-24 18:52:10,1,6,Invierno
102721,LOSARTAN 50MG COM. REC CJAX100UND,PERUFARMA GENERICO,1.0,0.0,19.6,2025-06-24 20:45:07,8,6,Invierno
102721,LOSARTAN 50MG COM. REC CJAX100UND,PERUFARMA GENERICO,0.0,10.0,2.0,2025-06-25 08:43:50,12,6,Invierno
102721,LOSARTAN 50MG COM. REC CJAX100UND,PERUFARMA GENERICO,0.0,20.0,4.0,2025-06-25 10:10:04,7,6,Invierno
102721,LOSARTAN 50MG COM. REC CJAX100UND,PERUFARMA GENERICO,0.0,10.0,2.0,2025-06-25 18:00:52,13,6,Invierno
102721,LOSARTAN 50MG COM. REC CJAX100UND,PERUFARMA GENERICO,0.0,20.0,4.0,2025-06-25 18:08:49,10,6,Invierno
102721,LOSARTAN 50MG COM. REC CJAX100UND,PERUFARMA GENERICO,0.0,20.0,4.0,2025-06-25 19:28:38,12,6,Invierno
102721,LOSARTAN 50MG COM. REC CJAX100UND,PERUFARMA GENERICO,0.0,20.0,4.0,2025-06-25 21:04:04,13,6,Invierno
102721,LOSARTAN 50MG COM. REC CJAX100UND,PERUFARMA GENERICO,0.0,10.0,2.0,2025-06-26 11:39:59,1,6,Invierno
102721,LOSARTAN 50MG COM. REC CJAX100UND,PERUFARMA GENERICO,1.0,0.0,19.6,2025-06-26 22:48:22,4,6,Invierno
102721,LOSARTAN 50MG COM. REC CJAX100UND,PERUFARMA GENERICO,0.0,5.0,1.0,2025-06-27 08:50:43,9,6,Invierno
102721,LOSARTAN 50MG COM. REC CJAX100UND,PERUFARMA GENERICO,0.0,30.0,6.0,2025-06-27 19:37:13,2,6,Invierno
102721,LOSARTAN 50MG COM. REC CJAX100UND,PERUFARMA GENERICO,0.0,10.0,2.0,2025-06-27 20:18:42,2,6,Invierno
102721,LOSARTAN 50MG COM. REC CJAX100UND,PERUFARMA GENERICO,0.0,10.0,2.0,2025-06-28 11:32:22,9,6,Invierno
102721,LOSARTAN 50MG COM. REC CJAX100UND,PERUFARMA GENERICO,0.0,10.0,2.0,2025-06-28 13:22:38,14,6,Invierno
102721,LOSARTAN 50MG COM. REC CJAX100UND,PERUFARMA GENERICO,0.0,20.0,4.0,2025-06-28 14:55:49,12,6,Invierno
102721,LOSARTAN 50MG COM. REC CJAX100UND,PERUFARMA GENERICO,1.0,0.0,19.6,2025-06-28 21:37:35,10,6,Invierno
102721,LOSARTAN 50MG COM. REC CJAX100UND,PERUFARMA GENERICO,0.0,20.0,4.0,2025-06-28 21:51:02,7,6,Invierno
102721,LOSARTAN 50MG COM. REC CJAX100UND,PERUFARMA GENERICO,0.0,2.0,0.4,2025-06-29 12:47:50,2,6,Invierno
102721,LOSARTAN 50MG COM. REC CJAX100UND,PERUFARMA GENERICO,0.0,20.0,4.0,2025-06-29 13:15:45,3,6,Invierno
102721,LOSARTAN 50MG COM. REC CJAX100UND,PERUFARMA GENERICO,2.0,0.0,39.2,2025-06-29 13:22:04,3,6,Invierno
102721,LOSARTAN 50MG COM. REC CJAX100UND,PERUFARMA GENERICO,0.0,10.0,2.0,2025-06-29 18:16:04,12,6,Invierno
102721,LOSARTAN 50MG COM. REC CJAX100UND,PERUFARMA GENERICO,0.0,5.0,1.0,2025-06-29 23:32:57,10,6,Invierno
102721,LOSARTAN 50MG COM. REC CJAX100UND,PERUFARMA GENERICO,0.0,20.0,4.0,2025-06-30 10:04:04,5,6,Invierno
102721,LOSARTAN 50MG COM. REC CJAX100UND,PERUFARMA GENERICO,0.0,20.0,4.0,2025-06-30 13:31:44,1,6,Invierno
102721,LOSARTAN 50MG COM. REC CJAX100UND,PERUFARMA GENERICO,1.0,0.0,19.6,2025-07-01 09:32:19,6,7,Invierno
102721,LOSARTAN 50MG COM. REC CJAX100UND,PERUFARMA GENERICO,0.0,10.0,2.0,2025-07-01 09:55:15,7,7,Invierno
102721,LOSARTAN 50MG COM. REC CJAX100UND,PERUFARMA GENERICO,0.0,2.0,0.4,2025-07-01 10:04:24,1,7,Invierno
102721,LOSARTAN 50MG COM. REC CJAX100UND,PERUFARMA GENERICO,0.0,10.0,2.0,2025-07-01 10:48:01,8,7,Invierno
102721,LOSARTAN 50MG COM. REC CJAX100UND,PERUFARMA GENERICO,0.0,10.0,2.0,2025-07-01 12:53:18,9,7,Invierno
102721,LOSARTAN 50MG COM. REC CJAX100UND,PERUFARMA GENERICO,0.0,10.0,2.0,2025-07-01 13:16:54,8,7,Invierno
102721,LOSARTAN 50MG COM. REC CJAX100UND,PERUFARMA GENERICO,0.0,30.0,6.0,2025-07-01 17:21:41,7,7,Invierno
102721,LOSARTAN 50MG COM. REC CJAX100UND,PERUFARMA GENERICO,0.0,10.0,2.0,2025-07-02 07:15:26,7,7,Invierno
102721,LOSARTAN 50MG COM. REC CJAX100UND,PERUFARMA GENERICO,1.0,0.0,19.6,2025-07-02 10:26:28,1,7,Invierno
102721,LOSARTAN 50MG COM. REC CJAX100UND,PERUFARMA GENERICO,1.0,0.0,19.6,2025-07-02 10:30:03,1,7,Invierno
102721,LOSARTAN 50MG COM. REC CJAX100UND,PERUFARMA GENERICO,0.0,10.0,2.0,2025-07-02 11:45:28,1,7,Invierno
102721,LOSARTAN 50MG COM. REC CJAX100UND,PERUFARMA GENERICO,0.0,10.0,2.0,2025-07-02 18:41:32,3,7,Invierno
102721,LOSARTAN 50MG COM. REC CJAX100UND,PERUFARMA GENERICO,0.0,20.0,4.0,2025-07-02 19:01:14,3,7,Invierno
102721,LOSARTAN 50MG COM. REC CJAX100UND,PERUFARMA GENERICO,0.0,20.0,4.0,2025-07-02 19:16:15,7,7,Invierno
102721,LOSARTAN 50MG COM. REC CJAX100UND,PERUFARMA GENERICO,0.0,10.0,2.0,2025-07-02 21:16:19,11,7,Invierno
102721,LOSARTAN 50MG COM. REC CJAX100UND,PERUFARMA GENERICO,0.0,10.0,2.0,2025-07-03 18:32:24,9,7,Invierno
102721,LOSARTAN 50MG COM. REC CJAX100UND,PERUFARMA GENERICO,0.0,20.0,4.0,2025-07-03 20:34:45,7,7,Invierno
102721,LOSARTAN 50MG COM. REC CJAX100UND,PERUFARMA GENERICO,0.0,10.0,2.0,2025-07-04 19:38:36,1,7,Invierno
102721,LOSARTAN 50MG COM. REC CJAX100UND,PERUFARMA GENERICO,0.0,10.0,2.0,2025-07-04 19:45:56,8,7,Invierno
102721,LOSARTAN 50MG COM. REC CJAX100UND,PERUFARMA GENERICO,0.0,10.0,2.0,2025-07-04 19:46:09,3,7,Invierno
102721,LOSARTAN 50MG COM. REC CJAX100UND,PERUFARMA GENERICO,0.0,10.0,2.0,2025-07-05 18:28:11,9,7,Invierno
102721,LOSARTAN 50MG COM. REC CJAX100UND,PERUFARMA GENERICO,0.0,30.0,6.0,2025-07-05 19:23:04,13,7,Invierno
102721,LOSARTAN 50MG COM. REC CJAX100UND,PERUFARMA GENERICO,0.0,10.0,2.0,2025-07-05 20:13:29,8,7,Invierno
102721,LOSARTAN 50MG COM. REC CJAX100UND,PERUFARMA GENERICO,0.0,20.0,4.0,2025-07-05 21:23:53,7,7,Invierno
102721,LOSARTAN 50MG COM. REC CJAX100UND,PERUFARMA GENERICO,0.0,10.0,2.0,2025-07-05 22:46:09,4,7,Invierno
102721,LOSARTAN 50MG COM. REC CJAX100UND,PERUFARMA GENERICO,0.0,10.0,2.0,2025-07-06 10:38:45,6,7,Invierno
102721,LOSARTAN 50MG COM. REC CJAX100UND,PERUFARMA GENERICO,0.0,10.0,2.0,2025-07-06 15:47:19,7,7,Invierno
102721,LOSARTAN 50MG COM. REC CJAX100UND,PERUFARMA GENERICO,0.0,10.0,2.0,2025-07-06 21:35:48,1,7,Invierno
102721,LOSARTAN 50MG COM. REC CJAX100UND,PERUFARMA GENERICO,0.0,20.0,4.0,2025-07-07 11:04:31,2,7,Invierno
102721,LOSARTAN 50MG COM. REC CJAX100UND,PERUFARMA GENERICO,0.0,30.0,6.0,2025-07-07 13:07:10,2,7,Invierno
102721,LOSARTAN 50MG COM. REC CJAX100UND,PERUFARMA GENERICO,0.0,10.0,2.0,2025-07-07 13:57:37,4,7,Invierno
102721,LOSARTAN 50MG COM. REC CJAX100UND,PERUFARMA GENERICO,0.0,10.0,2.0,2025-07-07 16:46:38,5,7,Invierno
102721,LOSARTAN 50MG COM. REC CJAX100UND,PERUFARMA GENERICO,0.0,10.0,2.0,2025-07-07 17:51:23,1,7,Invierno
102721,LOSARTAN 50MG COM. REC CJAX100UND,PERUFARMA GENERICO,0.0,10.0,2.0,2025-07-07 19:17:11,4,7,Invierno
102721,LOSARTAN 50MG COM. REC CJAX100UND,PERUFARMA GENERICO,0.0,20.0,4.0,2025-07-07 19:50:56,6,7,Invierno
102721,LOSARTAN 50MG COM. REC CJAX100UND,PERUFARMA GENERICO,0.0,10.0,2.0,2025-07-07 20:07:22,3,7,Invierno
102721,LOSARTAN 50MG COM. REC CJAX100UND,PERUFARMA GENERICO,0.0,10.0,2.0,2025-07-07 20:46:57,14,7,Invierno
102721,LOSARTAN 50MG COM. REC CJAX100UND,PERUFARMA GENERICO,1.0,0.0,19.6,2025-07-07 21:00:10,7,7,Invierno
102721,LOSARTAN 50MG COM. REC CJAX100UND,PERUFARMA GENERICO,0.0,10.0,2.0,2025-07-07 22:08:02,6,7,Invierno
102721,LOSARTAN 50MG COM. REC CJAX100UND,PERUFARMA GENERICO,0.0,10.0,2.0,2025-07-08 07:04:24,4,7,Invierno
102721,LOSARTAN 50MG COM. REC CJAX100UND,PERUFARMA GENERICO,0.0,-10.0,-2.0,2025-07-08 12:00:00,6,7,Invierno
102721,LOSARTAN 50MG COM. REC CJAX100UND,PERUFARMA GENERICO,0.0,10.0,2.0,2025-07-08 17:25:41,6,7,Invierno
102721,LOSARTAN 50MG COM. REC CJAX100UND,PERUFARMA GENERICO,0.0,10.0,2.0,2025-07-08 21:06:51,5,7,Invierno
102721,LOSARTAN 50MG COM. REC CJAX100UND,PERUFARMA GENERICO,0.0,10.0,2.0,2025-07-08 21:46:16,9,7,Invierno
102721,LOSARTAN 50MG COM. REC CJAX100UND,PERUFARMA GENERICO,0.0,30.0,6.0,2025-07-09 17:21:15,3,7,Invierno
102721,LOSARTAN 50MG COM. REC CJAX100UND,PERUFARMA GENERICO,0.0,20.0,4.0,2025-07-09 18:12:31,1,7,Invierno
102721,LOSARTAN 50MG COM. REC CJAX100UND,PERUFARMA GENERICO,1.0,0.0,19.6,2025-07-09 21:41:57,15,7,Invierno
102721,LOSARTAN 50MG COM. REC CJAX100UND,PERUFARMA GENERICO,0.0,10.0,2.0,2025-07-09 21:44:50,12,7,Invierno
102721,LOSARTAN 50MG COM. REC CJAX100UND,PERUFARMA GENERICO,0.0,10.0,2.0,2025-07-10 15:06:28,9,7,Invierno
102721,LOSARTAN 50MG COM. REC CJAX100UND,PERUFARMA GENERICO,0.0,10.0,2.0,2025-07-10 18:55:20,5,7,Invierno
102721,LOSARTAN 50MG COM. REC CJAX100UND,PERUFARMA GENERICO,1.0,0.0,19.6,2025-07-11 14:41:40,2,7,Invierno
102721,LOSARTAN 50MG COM. REC CJAX100UND,PERUFARMA GENERICO,0.0,10.0,2.0,2025-07-11 21:48:54,11,7,Invierno
102721,LOSARTAN 50MG COM. REC CJAX100UND,PERUFARMA GENERICO,0.0,10.0,2.0,2025-07-12 07:55:12,6,7,Invierno
102721,LOSARTAN 50MG COM. REC CJAX100UND,PERUFARMA GENERICO,0.0,10.0,2.0,2025-07-12 15:32:12,8,7,Invierno
102721,LOSARTAN 50MG COM. REC CJAX100UND,PERUFARMA GENERICO,0.0,30.0,6.0,2025-07-12 17:51:56,4,7,Invierno
102721,LOSARTAN 50MG COM. REC CJAX100UND,PERUFARMA GENERICO,0.0,20.0,4.0,2025-07-12 21:50:49,3,7,Invierno
102721,LOSARTAN 50MG COM. REC CJAX100UND,PERUFARMA GENERICO,0.0,10.0,2.0,2025-07-12 22:09:00,2,7,Invierno
102721,LOSARTAN 50MG COM. REC CJAX100UND,PERUFARMA GENERICO,0.0,20.0,4.0,2025-07-12 22:09:51,2,7,Invierno
102721,LOSARTAN 50MG COM. REC CJAX100UND,PERUFARMA GENERICO,0.0,10.0,2.0,2025-07-13 11:52:26,5,7,Invierno
102721,LOSARTAN 50MG COM. REC CJAX100UND,PERUFARMA GENERICO,0.0,10.0,2.0,2025-07-13 15:15:30,6,7,Invierno
102721,LOSARTAN 50MG COM. REC CJAX100UND,PERUFARMA GENERICO,0.0,5.0,1.0,2025-07-13 19:48:50,13,7,Invierno
102721,LOSARTAN 50MG COM. REC CJAX100UND,PERUFARMA GENERICO,1.0,0.0,19.6,2025-07-13 21:03:11,4,7,Invierno
102721,LOSARTAN 50MG COM. REC CJAX100UND,PERUFARMA GENERICO,0.0,60.0,12.0,2025-07-14 18:21:36,2,7,Invierno
102721,LOSARTAN 50MG COM. REC CJAX100UND,PERUFARMA GENERICO,0.0,30.0,6.0,2025-07-14 18:43:22,7,7,Invierno
102721,LOSARTAN 50MG COM. REC CJAX100UND,PERUFARMA GENERICO,0.0,10.0,2.0,2025-07-14 20:53:47,2,7,Invierno
102721,LOSARTAN 50MG COM. REC CJAX100UND,PERUFARMA GENERICO,1.0,0.0,19.6,2025-07-15 08:42:02,3,7,Invierno
102721,LOSARTAN 50MG COM. REC CJAX100UND,PERUFARMA GENERICO,0.0,10.0,2.0,2025-07-15 14:49:18,3,7,Invierno
102721,LOSARTAN 50MG COM. REC CJAX100UND,PERUFARMA GENERICO,0.0,10.0,2.0,2025-07-15 20:27:58,15,7,Invierno
102721,LOSARTAN 50MG COM. REC CJAX100UND,PERUFARMA GENERICO,0.0,20.0,4.0,2025-07-15 20:30:26,6,7,Invierno
102721,LOSARTAN 50MG COM. REC CJAX100UND,PERUFARMA GENERICO,0.0,20.0,4.0,2025-07-15 21:25:54,11,7,Invierno
102721,LOSARTAN 50MG COM. REC CJAX100UND,PERUFARMA GENERICO,0.0,5.0,1.0,2025-07-15 21:44:36,16,7,Invierno
102721,LOSARTAN 50MG COM. REC CJAX100UND,PERUFARMA GENERICO,0.0,10.0,2.0,2025-07-16 08:04:10,16,7,Invierno
102721,LOSARTAN 50MG COM. REC CJAX100UND,PERUFARMA GENERICO,0.0,10.0,2.0,2025-07-16 09:58:08,3,7,Invierno
102721,LOSARTAN 50MG COM. REC CJAX100UND,PERUFARMA GENERICO,0.0,20.0,4.0,2025-07-16 10:39:05,9,7,Invierno
102721,LOSARTAN 50MG COM. REC CJAX100UND,PERUFARMA GENERICO,0.0,10.0,2.0,2025-07-16 14:14:31,8,7,Invierno
102721,LOSARTAN 50MG COM. REC CJAX100UND,PERUFARMA GENERICO,0.0,10.0,2.0,2025-07-16 16:35:27,3,7,Invierno
102721,LOSARTAN 50MG COM. REC CJAX100UND,PERUFARMA GENERICO,0.0,10.0,2.0,2025-07-16 16:50:02,14,7,Invierno
102721,LOSARTAN 50MG COM. REC CJAX100UND,PERUFARMA GENERICO,0.0,10.0,2.0,2025-07-17 21:38:58,7,7,Invierno
102721,LOSARTAN 50MG COM. REC CJAX100UND,PERUFARMA GENERICO,0.0,-20.0,-4.0,2025-07-18 12:00:00,7,7,Invierno
102721,LOSARTAN 50MG COM. REC CJAX100UND,PERUFARMA GENERICO,0.0,10.0,2.0,2025-07-18 20:18:12,8,7,Invierno
102721,LOSARTAN 50MG COM. REC CJAX100UND,PERUFARMA GENERICO,0.0,20.0,4.0,2025-07-18 21:22:54,1,7,Invierno
102721,LOSARTAN 50MG COM. REC CJAX100UND,PERUFARMA GENERICO,0.0,20.0,4.0,2025-07-18 22:23:53,7,7,Invierno
102721,LOSARTAN 50MG COM. REC CJAX100UND,PERUFARMA GENERICO,0.0,10.0,2.0,2025-07-18 22:28:03,7,7,Invierno
102721,LOSARTAN 50MG COM. REC CJAX100UND,PERUFARMA GENERICO,0.0,2.0,0.4,2025-07-19 08:43:04,9,7,Invierno
102721,LOSARTAN 50MG COM. REC CJAX100UND,PERUFARMA GENERICO,0.0,20.0,4.0,2025-07-19 17:58:35,9,7,Invierno
102721,LOSARTAN 50MG COM. REC CJAX100UND,PERUFARMA GENERICO,0.0,10.0,2.0,2025-07-20 10:15:44,5,7,Invierno
102721,LOSARTAN 50MG COM. REC CJAX100UND,PERUFARMA GENERICO,0.0,10.0,2.0,2025-07-20 15:16:05,14,7,Invierno
102721,LOSARTAN 50MG COM. REC CJAX100UND,PERUFARMA GENERICO,0.0,5.0,1.0,2025-07-20 17:05:19,7,7,Invierno
102721,LOSARTAN 50MG COM. REC CJAX100UND,PERUFARMA GENERICO,0.0,10.0,2.0,2025-07-20 19:13:10,11,7,Invierno
102721,LOSARTAN 50MG COM. REC CJAX100UND,PERUFARMA GENERICO,0.0,10.0,2.0,2025-07-21 09:13:54,4,7,Invierno
102721,LOSARTAN 50MG COM. REC CJAX100UND,PERUFARMA GENERICO,0.0,10.0,2.0,2025-07-21 12:14:22,6,7,Invierno
102721,LOSARTAN 50MG COM. REC CJAX100UND,PERUFARMA GENERICO,0.0,8.0,1.6,2025-07-21 14:50:29,2,7,Invierno
102721,LOSARTAN 50MG COM. REC CJAX100UND,PERUFARMA GENERICO,0.0,10.0,2.0,2025-07-21 20:40:00,8,7,Invierno
102721,LOSARTAN 50MG COM. REC CJAX100UND,PERUFARMA GENERICO,1.0,0.0,19.6,2025-07-21 21:10:27,5,7,Invierno
102721,LOSARTAN 50MG COM. REC CJAX100UND,PERUFARMA GENERICO,0.0,20.0,4.0,2025-07-21 22:24:48,5,7,Invierno
102721,LOSARTAN 50MG COM. REC CJAX100UND,PERUFARMA GENERICO,0.0,10.0,2.0,2025-07-22 08:05:10,4,7,Invierno
102721,LOSARTAN 50MG COM. REC CJAX100UND,PERUFARMA GENERICO,0.0,20.0,4.0,2025-07-22 10:06:38,3,7,Invierno
102721,LOSARTAN 50MG COM. REC CJAX100UND,PERUFARMA GENERICO,0.0,10.0,2.0,2025-07-22 10:08:05,3,7,Invierno
102721,LOSARTAN 50MG COM. REC CJAX100UND,PERUFARMA GENERICO,0.0,10.0,2.0,2025-07-22 11:05:22,4,7,Invierno
102721,LOSARTAN 50MG COM. REC CJAX100UND,PERUFARMA GENERICO,0.0,10.0,2.0,2025-07-23 10:09:14,5,7,Invierno
102721,LOSARTAN 50MG COM. REC CJAX100UND,PERUFARMA GENERICO,1.0,0.0,19.6,2025-07-23 12:32:49,12,7,Invierno
102721,LOSARTAN 50MG COM. REC CJAX100UND,PERUFARMA GENERICO,0.0,10.0,2.0,2025-07-23 14:54:35,8,7,Invierno
102721,LOSARTAN 50MG COM. REC CJAX100UND,PERUFARMA GENERICO,1.0,0.0,19.6,2025-07-23 20:13:08,8,7,Invierno
102721,LOSARTAN 50MG COM. REC CJAX100UND,PERUFARMA GENERICO,0.0,10.0,2.0,2025-07-25 11:21:20,6,7,Invierno
102721,LOSARTAN 50MG COM. REC CJAX100UND,PERUFARMA GENERICO,0.0,60.0,12.0,2025-07-25 18:00:02,9,7,Invierno
102721,LOSARTAN 50MG COM. REC CJAX100UND,PERUFARMA GENERICO,1.0,0.0,19.6,2025-07-25 19:21:56,4,7,Invierno
102721,LOSARTAN 50MG COM. REC CJAX100UND,PERUFARMA GENERICO,0.0,10.0,2.0,2025-07-25 20:55:50,8,7,Invierno
102721,LOSARTAN 50MG COM. REC CJAX100UND,PERUFARMA GENERICO,0.0,20.0,4.0,2025-07-26 07:40:02,6,7,Invierno
102721,LOSARTAN 50MG COM. REC CJAX100UND,PERUFARMA GENERICO,0.0,1.0,0.2,2025-07-26 11:02:30,1,7,Invierno
102721,LOSARTAN 50MG COM. REC CJAX100UND,PERUFARMA GENERICO,0.0,2.0,0.4,2025-07-27 20:48:43,3,7,Invierno
102721,LOSARTAN 50MG COM. REC CJAX100UND,PERUFARMA GENERICO,0.0,20.0,4.0,2025-07-28 11:20:21,11,7,Invierno
102721,LOSARTAN 50MG COM. REC CJAX100UND,PERUFARMA GENERICO,0.0,-20.0,-4.0,2025-07-28 12:00:00,6,7,Invierno
102721,LOSARTAN 50MG COM. REC CJAX100UND,PERUFARMA GENERICO,0.0,20.0,4.0,2025-07-28 12:10:04,6,7,Invierno
102721,LOSARTAN 50MG COM. REC CJAX100UND,PERUFARMA GENERICO,0.0,20.0,4.0,2025-07-28 12:17:05,6,7,Invierno
102721,LOSARTAN 50MG COM. REC CJAX100UND,PERUFARMA GENERICO,0.0,20.0,4.0,2025-07-30 22:05:46,15,7,Invierno
102721,LOSARTAN 50MG COM. REC CJAX100UND,PERUFARMA GENERICO,0.0,10.0,2.0,2025-07-31 09:58:44,3,7,Invierno
102721,LOSARTAN 50MG COM. REC CJAX100UND,PERUFARMA GENERICO,0.0,10.0,2.0,2025-08-05 22:17:39,16,8,Invierno
102721,LOSARTAN 50MG COM. REC CJAX100UND,PERUFARMA GENERICO,0.0,10.0,2.0,2025-08-07 10:56:48,6,8,Invierno
102721,LOSARTAN 50MG COM. REC CJAX100UND,PERUFARMA GENERICO,0.0,10.0,2.0,2025-08-07 11:40:15,11,8,Invierno
102721,LOSARTAN 50MG COM. REC CJAX100UND,PERUFARMA GENERICO,0.0,10.0,2.0,2025-08-08 15:33:45,6,8,Invierno
102721,LOSARTAN 50MG COM. REC CJAX100UND,PERUFARMA GENERICO,0.0,5.0,1.0,2025-08-08 18:42:39,5,8,Invierno
102721,LOSARTAN 50MG COM. REC CJAX100UND,PERUFARMA GENERICO,1.0,0.0,19.6,2025-08-08 20:39:23,13,8,Invierno
102721,LOSARTAN 50MG COM. REC CJAX100UND,PERUFARMA GENERICO,0.0,10.0,2.0,2025-08-08 21:01:59,11,8,Invierno
102721,LOSARTAN 50MG COM. REC CJAX100UND,PERUFARMA GENERICO,0.0,20.0,4.0,2025-08-10 09:26:15,6,8,Invierno
102721,LOSARTAN 50MG COM. REC CJAX100UND,PERUFARMA GENERICO,0.0,10.0,2.0,2025-08-11 08:28:03,9,8,Invierno
102721,LOSARTAN 50MG COM. REC CJAX100UND,PERUFARMA GENERICO,0.0,9.0,1.8,2025-08-11 19:41:37,8,8,Invierno
102721,LOSARTAN 50MG COM. REC CJAX100UND,PERUFARMA GENERICO,0.0,5.0,1.0,2025-08-11 22:12:04,16,8,Invierno
102721,LOSARTAN 50MG COM. REC CJAX100UND,PERUFARMA GENERICO,0.0,10.0,2.0,2025-08-15 09:23:48,6,8,Invierno
102721,LOSARTAN 50MG COM. REC CJAX100UND,PERUFARMA GENERICO,1.0,0.0,19.6,2025-08-15 09:56:07,3,8,Invierno
102721,LOSARTAN 50MG COM. REC CJAX100UND,PERUFARMA GENERICO,0.0,2.0,0.4,2025-08-19 12:38:11,3,8,Invierno
102721,LOSARTAN 50MG COM. REC CJAX100UND,PERUFARMA GENERICO,0.0,10.0,2.0,2025-08-19 13:11:31,6,8,Invierno
102721,LOSARTAN 50MG COM. REC CJAX100UND,PERUFARMA GENERICO,0.0,6.0,1.2,2025-08-21 17:34:54,3,8,Invierno
102721,LOSARTAN 50MG COM. REC CJAX100UND,PERUFARMA GENERICO,0.0,30.0,6.0,2025-08-23 09:01:44,16,8,Invierno
102721,LOSARTAN 50MG COM. REC CJAX100UND,PERUFARMA GENERICO,0.0,10.0,2.0,2025-08-27 09:55:48,15,8,Invierno
102721,LOSARTAN 50MG COM. REC CJAX100UND,PERUFARMA GENERICO,0.0,10.0,2.0,2025-08-27 19:21:10,6,8,Invierno
102721,LOSARTAN 50MG COM. REC CJAX100UND,PERUFARMA GENERICO,0.0,10.0,2.0,2025-09-08 17:34:45,14,9,Primavera
102721,LOSARTAN 50MG COM. REC CJAX100UND,PERUFARMA GENERICO,0.0,10.0,2.0,2025-09-08 19:01:19,1,9,Primavera
102721,LOSARTAN 50MG COM. REC CJAX100UND,PERUFARMA GENERICO,0.0,10.0,2.0,2025-09-08 19:48:26,6,9,Primavera
102721,LOSARTAN 50MG COM. REC CJAX100UND,PERUFARMA GENERICO,0.0,5.0,1.0,2025-09-08 20:41:43,3,9,Primavera
102721,LOSARTAN 50MG COM. REC CJAX100UND,PERUFARMA GENERICO,1.0,0.0,19.6,2025-09-10 08:15:52,6,9,Primavera
102721,LOSARTAN 50MG COM. REC CJAX100UND,PERUFARMA GENERICO,0.0,20.0,4.0,2025-09-10 22:45:51,5,9,Primavera
102721,LOSARTAN 50MG COM. REC CJAX100UND,PERUFARMA GENERICO,0.0,10.0,2.0,2025-09-11 07:26:52,4,9,Primavera
102721,LOSARTAN 50MG COM. REC CJAX100UND,PERUFARMA GENERICO,0.0,10.0,2.0,2025-09-11 15:00:30,8,9,Primavera
102721,LOSARTAN 50MG COM. REC CJAX100UND,PERUFARMA GENERICO,0.0,25.0,5.0,2025-09-11 17:03:08,1,9,Primavera
102721,LOSARTAN 50MG COM. REC CJAX100UND,PERUFARMA GENERICO,0.0,30.0,6.0,2025-09-11 22:21:43,5,9,Primavera
102721,LOSARTAN 50MG COM. REC CJAX100UND,PERUFARMA GENERICO,1.0,0.0,19.6,2025-09-12 11:10:13,10,9,Primavera
102721,LOSARTAN 50MG COM. REC CJAX100UND,PERUFARMA GENERICO,1.0,0.0,19.6,2025-09-12 11:55:41,1,9,Primavera
102721,LOSARTAN 50MG COM. REC CJAX100UND,PERUFARMA GENERICO,0.0,30.0,6.0,2025-09-12 18:47:24,8,9,Primavera
102721,LOSARTAN 50MG COM. REC CJAX100UND,PERUFARMA GENERICO,0.0,20.0,4.0,2025-09-12 18:50:46,8,9,Primavera
102721,LOSARTAN 50MG COM. REC CJAX100UND,PERUFARMA GENERICO,0.0,10.0,2.0,2025-09-12 21:27:13,3,9,Primavera
102721,LOSARTAN 50MG COM. REC CJAX100UND,PERUFARMA GENERICO,0.0,10.0,2.0,2025-09-13 08:53:18,8,9,Primavera
102721,LOSARTAN 50MG COM. REC CJAX100UND,PERUFARMA GENERICO,0.0,10.0,2.0,2025-09-13 12:21:19,6,9,Primavera
102721,LOSARTAN 50MG COM. REC CJAX100UND,PERUFARMA GENERICO,0.0,10.0,2.0,2025-09-13 16:09:46,5,9,Primavera
102721,LOSARTAN 50MG COM. REC CJAX100UND,PERUFARMA GENERICO,0.0,10.0,2.0,2025-09-13 17:51:06,6,9,Primavera
102721,LOSARTAN 50MG COM. REC CJAX100UND,PERUFARMA GENERICO,1.0,0.0,19.6,2025-09-13 18:04:07,5,9,Primavera
102721,LOSARTAN 50MG COM. REC CJAX100UND,PERUFARMA GENERICO,0.0,10.0,2.0,2025-09-13 20:51:21,6,9,Primavera
102721,LOSARTAN 50MG COM. REC CJAX100UND,PERUFARMA GENERICO,0.0,10.0,2.0,2025-09-13 21:14:55,9,9,Primavera
102721,LOSARTAN 50MG COM. REC CJAX100UND,PERUFARMA GENERICO,0.0,10.0,2.0,2025-09-14 10:58:42,14,9,Primavera
102721,LOSARTAN 50MG COM. REC CJAX100UND,PERUFARMA GENERICO,0.0,10.0,2.0,2025-09-14 12:56:15,4,9,Primavera
102721,LOSARTAN 50MG COM. REC CJAX100UND,PERUFARMA GENERICO,0.0,50.0,10.0,2025-09-14 13:23:30,8,9,Primavera
102721,LOSARTAN 50MG COM. REC CJAX100UND,PERUFARMA GENERICO,0.0,5.0,1.0,2025-09-14 21:23:36,1,9,Primavera
102721,LOSARTAN 50MG COM. REC CJAX100UND,PERUFARMA GENERICO,0.0,10.0,2.0,2025-09-15 18:28:42,6,9,Primavera
102721,LOSARTAN 50MG COM. REC CJAX100UND,PERUFARMA GENERICO,0.0,10.0,2.0,2025-09-15 18:46:19,11,9,Primavera
102721,LOSARTAN 50MG COM. REC CJAX100UND,PERUFARMA GENERICO,0.0,10.0,2.0,2025-09-16 09:38:44,16,9,Primavera
102721,LOSARTAN 50MG COM. REC CJAX100UND,PERUFARMA GENERICO,0.0,10.0,2.0,2025-09-16 15:10:20,3,9,Primavera
102721,LOSARTAN 50MG COM. REC CJAX100UND,PERUFARMA GENERICO,0.0,20.0,4.0,2025-09-16 16:17:08,7,9,Primavera
102721,LOSARTAN 50MG COM. REC CJAX100UND,PERUFARMA GENERICO,0.0,30.0,6.0,2025-09-16 17:19:32,1,9,Primavera
102721,LOSARTAN 50MG COM. REC CJAX100UND,PERUFARMA GENERICO,2.0,0.0,39.2,2025-09-16 18:20:33,1,9,Primavera
102721,LOSARTAN 50MG COM. REC CJAX100UND,PERUFARMA GENERICO,2.0,0.0,39.2,2025-09-16 18:23:48,1,9,Primavera
102721,LOSARTAN 50MG COM. REC CJAX100UND,PERUFARMA GENERICO,-2.0,0.0,-39.2,2025-09-16 18:26:38,1,9,Primavera
102721,LOSARTAN 50MG COM. REC CJAX100UND,PERUFARMA GENERICO,0.0,40.0,8.0,2025-09-16 18:45:27,9,9,Primavera
102721,LOSARTAN 50MG COM. REC CJAX100UND,PERUFARMA GENERICO,0.0,20.0,4.0,2025-09-17 18:41:07,6,9,Primavera
102721,LOSARTAN 50MG COM. REC CJAX100UND,PERUFARMA GENERICO,0.0,10.0,2.0,2025-09-17 20:13:32,5,9,Primavera
102721,LOSARTAN 50MG COM. REC CJAX100UND,PERUFARMA GENERICO,0.0,30.0,6.0,2025-09-18 16:28:44,1,9,Primavera
102721,LOSARTAN 50MG COM. REC CJAX100UND,PERUFARMA GENERICO,0.0,-30.0,-6.0,2025-09-18 16:35:27,1,9,Primavera
102721,LOSARTAN 50MG COM. REC CJAX100UND,PERUFARMA GENERICO,0.0,5.0,1.0,2025-09-18 17:09:53,9,9,Primavera
102721,LOSARTAN 50MG COM. REC CJAX100UND,PERUFARMA GENERICO,0.0,30.0,6.0,2025-09-18 19:30:24,5,9,Primavera
102721,LOSARTAN 50MG COM. REC CJAX100UND,PERUFARMA GENERICO,0.0,10.0,2.0,2025-09-18 22:05:36,15,9,Primavera
102721,LOSARTAN 50MG COM. REC CJAX100UND,PERUFARMA GENERICO,0.0,10.0,2.0,2025-09-19 07:07:33,9,9,Primavera
102721,LOSARTAN 50MG COM. REC CJAX100UND,PERUFARMA GENERICO,0.0,10.0,2.0,2025-09-19 11:45:55,6,9,Primavera
102721,LOSARTAN 50MG COM. REC CJAX100UND,PERUFARMA GENERICO,0.0,10.0,2.0,2025-09-19 13:04:59,6,9,Primavera
102721,LOSARTAN 50MG COM. REC CJAX100UND,PERUFARMA GENERICO,0.0,10.0,2.0,2025-09-19 13:38:24,8,9,Primavera
102721,LOSARTAN 50MG COM. REC CJAX100UND,PERUFARMA GENERICO,0.0,10.0,2.0,2025-09-19 13:48:19,6,9,Primavera
102721,LOSARTAN 50MG COM. REC CJAX100UND,PERUFARMA GENERICO,0.0,10.0,2.0,2025-09-19 13:56:01,9,9,Primavera
102721,LOSARTAN 50MG COM. REC CJAX100UND,PERUFARMA GENERICO,0.0,10.0,2.0,2025-09-19 20:41:27,8,9,Primavera
102721,LOSARTAN 50MG COM. REC CJAX100UND,PERUFARMA GENERICO,0.0,10.0,2.0,2025-09-19 22:19:33,2,9,Primavera
102721,LOSARTAN 50MG COM. REC CJAX100UND,PERUFARMA GENERICO,0.0,20.0,4.0,2025-09-19 22:46:19,2,9,Primavera
102721,LOSARTAN 50MG COM. REC CJAX100UND,PERUFARMA GENERICO,1.0,0.0,19.6,2025-09-20 14:46:17,1,9,Primavera
102721,LOSARTAN 50MG COM. REC CJAX100UND,PERUFARMA GENERICO,0.0,10.0,2.0,2025-09-20 16:22:34,1,9,Primavera
102721,LOSARTAN 50MG COM. REC CJAX100UND,PERUFARMA GENERICO,0.0,10.0,2.0,2025-09-21 10:17:39,1,9,Primavera
102721,LOSARTAN 50MG COM. REC CJAX100UND,PERUFARMA GENERICO,0.0,5.0,1.0,2025-09-21 17:43:25,13,9,Primavera
102721,LOSARTAN 50MG COM. REC CJAX100UND,PERUFARMA GENERICO,0.0,10.0,2.0,2025-09-21 20:37:53,3,9,Primavera
102721,LOSARTAN 50MG COM. REC CJAX100UND,PERUFARMA GENERICO,0.0,50.0,10.0,2025-09-22 11:49:18,6,9,Primavera
102721,LOSARTAN 50MG COM. REC CJAX100UND,PERUFARMA GENERICO,0.0,10.0,2.0,2025-09-22 13:57:10,16,9,Primavera
102721,LOSARTAN 50MG COM. REC CJAX100UND,PERUFARMA GENERICO,0.0,100.0,20.0,2025-09-22 19:49:35,12,9,Primavera
102721,LOSARTAN 50MG COM. REC CJAX100UND,PERUFARMA GENERICO,0.0,30.0,6.0,2025-09-22 19:55:34,2,9,Primavera
102721,LOSARTAN 50MG COM. REC CJAX100UND,PERUFARMA GENERICO,0.0,10.0,2.0,2025-09-23 08:08:44,6,9,Primavera
102721,LOSARTAN 50MG COM. REC CJAX100UND,PERUFARMA GENERICO,0.0,20.0,4.0,2025-09-23 08:38:21,9,9,Primavera
102721,LOSARTAN 50MG COM. REC CJAX100UND,PERUFARMA GENERICO,0.0,10.0,2.0,2025-09-23 15:51:18,1,9,Primavera
102721,LOSARTAN 50MG COM. REC CJAX100UND,PERUFARMA GENERICO,1.0,0.0,19.6,2025-09-24 11:47:34,16,9,Primavera
102721,LOSARTAN 50MG COM. REC CJAX100UND,PERUFARMA GENERICO,1.0,0.0,19.6,2025-09-24 16:30:43,3,9,Primavera
102721,LOSARTAN 50MG COM. REC CJAX100UND,PERUFARMA GENERICO,0.0,10.0,2.0,2025-09-24 19:26:00,3,9,Primavera
102721,LOSARTAN 50MG COM. REC CJAX100UND,PERUFARMA GENERICO,0.0,20.0,4.0,2025-09-24 20:59:13,16,9,Primavera
102721,LOSARTAN 50MG COM. REC CJAX100UND,PERUFARMA GENERICO,0.0,10.0,2.0,2025-09-25 08:58:42,6,9,Primavera
102721,LOSARTAN 50MG COM. REC CJAX100UND,PERUFARMA GENERICO,1.0,0.0,19.6,2025-09-25 11:48:52,1,9,Primavera
102721,LOSARTAN 50MG COM. REC CJAX100UND,PERUFARMA GENERICO,0.0,10.0,2.0,2025-09-25 12:38:37,12,9,Primavera
102721,LOSARTAN 50MG COM. REC CJAX100UND,PERUFARMA GENERICO,0.0,10.0,2.0,2025-09-25 17:34:03,7,9,Primavera
102721,LOSARTAN 50MG COM. REC CJAX100UND,PERUFARMA GENERICO,0.0,10.0,2.0,2025-09-25 21:12:34,16,9,Primavera
102721,LOSARTAN 50MG COM. REC CJAX100UND,PERUFARMA GENERICO,0.0,10.0,2.0,2025-09-25 21:33:03,15,9,Primavera
102721,LOSARTAN 50MG COM. REC CJAX100UND,PERUFARMA GENERICO,0.0,150.0,30.0,2025-09-26 10:24:29,2,9,Primavera
102721,LOSARTAN 50MG COM. REC CJAX100UND,PERUFARMA GENERICO,0.0,10.0,2.0,2025-09-26 17:57:03,8,9,Primavera
102721,LOSARTAN 50MG COM. REC CJAX100UND,PERUFARMA GENERICO,0.0,10.0,2.0,2025-09-26 21:28:16,6,9,Primavera
102721,LOSARTAN 50MG COM. REC CJAX100UND,PERUFARMA GENERICO,0.0,10.0,2.0,2025-09-27 11:47:52,8,9,Primavera
102721,LOSARTAN 50MG COM. REC CJAX100UND,PERUFARMA GENERICO,0.0,10.0,2.0,2025-09-27 18:02:50,9,9,Primavera
102721,LOSARTAN 50MG COM. REC CJAX100UND,PERUFARMA GENERICO,0.0,10.0,2.0,2025-09-27 19:50:57,1,9,Primavera
102721,LOSARTAN 50MG COM. REC CJAX100UND,PERUFARMA GENERICO,0.0,60.0,12.0,2025-09-27 21:09:28,15,9,Primavera
102721,LOSARTAN 50MG COM. REC CJAX100UND,PERUFARMA GENERICO,0.0,10.0,2.0,2025-09-28 19:40:28,8,9,Primavera
102721,LOSARTAN 50MG COM. REC CJAX100UND,PERUFARMA GENERICO,1.0,0.0,19.6,2025-09-29 12:57:51,11,9,Primavera
102721,LOSARTAN 50MG COM. REC CJAX100UND,PERUFARMA GENERICO,0.0,10.0,2.0,2025-09-29 15:34:13,8,9,Primavera
102721,LOSARTAN 50MG COM. REC CJAX100UND,PERUFARMA GENERICO,0.0,80.0,16.0,2025-09-29 17:13:55,2,9,Primavera
102721,LOSARTAN 50MG COM. REC CJAX100UND,PERUFARMA GENERICO,0.0,10.0,2.0,2025-09-29 18:25:25,8,9,Primavera
102721,LOSARTAN 50MG COM. REC CJAX100UND,PERUFARMA GENERICO,0.0,10.0,2.0,2025-09-29 19:35:51,9,9,Primavera
102721,LOSARTAN 50MG COM. REC CJAX100UND,PERUFARMA GENERICO,0.0,5.0,1.0,2025-09-30 18:19:05,1,9,Primavera
102721,LOSARTAN 50MG COM. REC CJAX100UND,PERUFARMA GENERICO,0.0,10.0,2.0,2025-09-30 19:44:16,9,9,Primavera
102721,LOSARTAN 50MG COM. REC CJAX100UND,PERUFARMA GENERICO,0.0,10.0,2.0,2025-10-01 07:51:15,9,10,Primavera
102721,LOSARTAN 50MG COM. REC CJAX100UND,PERUFARMA GENERICO,1.0,0.0,19.6,2025-10-01 12:00:07,3,10,Primavera
102721,LOSARTAN 50MG COM. REC CJAX100UND,PERUFARMA GENERICO,0.0,10.0,2.0,2025-10-01 21:40:59,7,10,Primavera
102721,LOSARTAN 50MG COM. REC CJAX100UND,PERUFARMA GENERICO,0.0,10.0,2.0,2025-10-02 14:44:32,6,10,Primavera
102721,LOSARTAN 50MG COM. REC CJAX100UND,PERUFARMA GENERICO,0.0,20.0,4.0,2025-10-03 08:54:09,4,10,Primavera
102721,LOSARTAN 50MG COM. REC CJAX100UND,PERUFARMA GENERICO,0.0,10.0,2.0,2025-10-03 09:59:32,3,10,Primavera
102721,LOSARTAN 50MG COM. REC CJAX100UND,PERUFARMA GENERICO,0.0,10.0,2.0,2025-10-03 13:28:57,15,10,Primavera
102721,LOSARTAN 50MG COM. REC CJAX100UND,PERUFARMA GENERICO,0.0,10.0,2.0,2025-10-03 17:54:08,12,10,Primavera
102721,LOSARTAN 50MG COM. REC CJAX100UND,PERUFARMA GENERICO,1.0,0.0,19.6,2025-10-03 18:13:25,1,10,Primavera
102721,LOSARTAN 50MG COM. REC CJAX100UND,PERUFARMA GENERICO,1.0,0.0,19.6,2025-10-03 20:59:58,13,10,Primavera
102721,LOSARTAN 50MG COM. REC CJAX100UND,PERUFARMA GENERICO,0.0,-60.0,-12.0,2025-10-04 12:00:00,7,10,Primavera
102721,LOSARTAN 50MG COM. REC CJAX100UND,PERUFARMA GENERICO,0.0,60.0,12.0,2025-10-04 17:08:42,7,10,Primavera
102721,LOSARTAN 50MG COM. REC CJAX100UND,PERUFARMA GENERICO,0.0,60.0,12.0,2025-10-04 17:11:02,7,10,Primavera
102721,LOSARTAN 50MG COM. REC CJAX100UND,PERUFARMA GENERICO,0.0,20.0,4.0,2025-10-04 19:13:14,9,10,Primavera
102721,LOSARTAN 50MG COM. REC CJAX100UND,PERUFARMA GENERICO,0.0,5.0,1.0,2025-10-04 20:10:09,1,10,Primavera
102721,LOSARTAN 50MG COM. REC CJAX100UND,PERUFARMA GENERICO,0.0,10.0,2.0,2025-10-04 20:44:44,13,10,Primavera
102721,LOSARTAN 50MG COM. REC CJAX100UND,PERUFARMA GENERICO,0.0,10.0,2.0,2025-10-05 19:11:55,9,10,Primavera
102721,LOSARTAN 50MG COM. REC CJAX100UND,PERUFARMA GENERICO,0.0,10.0,2.0,2025-10-05 19:45:40,7,10,Primavera
102721,LOSARTAN 50MG COM. REC CJAX100UND,PERUFARMA GENERICO,0.0,10.0,2.0,2025-10-06 08:26:47,4,10,Primavera
102721,LOSARTAN 50MG COM. REC CJAX100UND,PERUFARMA GENERICO,1.0,0.0,19.6,2025-10-06 09:30:46,6,10,Primavera
102721,LOSARTAN 50MG COM. REC CJAX100UND,PERUFARMA GENERICO,0.0,30.0,6.0,2025-10-06 18:23:11,11,10,Primavera
102721,LOSARTAN 50MG COM. REC CJAX100UND,PERUFARMA GENERICO,0.0,50.0,10.0,2025-10-07 16:50:13,1,10,Primavera
102721,LOSARTAN 50MG COM. REC CJAX100UND,PERUFARMA GENERICO,0.0,20.0,4.0,2025-10-07 18:23:46,2,10,Primavera
102721,LOSARTAN 50MG COM. REC CJAX100UND,PERUFARMA GENERICO,1.0,0.0,19.6,2025-10-07 20:51:57,12,10,Primavera
102721,LOSARTAN 50MG COM. REC CJAX100UND,PERUFARMA GENERICO,2.0,0.0,39.2,2025-10-08 09:44:30,6,10,Primavera
102721,LOSARTAN 50MG COM. REC CJAX100UND,PERUFARMA GENERICO,0.0,50.0,10.0,2025-10-09 08:42:58,4,10,Primavera
102721,LOSARTAN 50MG COM. REC CJAX100UND,PERUFARMA GENERICO,0.0,10.0,2.0,2025-10-09 11:24:40,10,10,Primavera
102721,LOSARTAN 50MG COM. REC CJAX100UND,PERUFARMA GENERICO,0.0,10.0,2.0,2025-10-09 13:30:11,2,10,Primavera
102721,LOSARTAN 50MG COM. REC CJAX100UND,PERUFARMA GENERICO,0.0,20.0,4.0,2025-10-09 21:13:41,8,10,Primavera
102721,LOSARTAN 50MG COM. REC CJAX100UND,PERUFARMA GENERICO,0.0,10.0,2.0,2025-10-10 15:02:08,1,10,Primavera
102721,LOSARTAN 50MG COM. REC CJAX100UND,PERUFARMA GENERICO,0.0,10.0,2.0,2025-10-11 13:21:38,11,10,Primavera
102721,LOSARTAN 50MG COM. REC CJAX100UND,PERUFARMA GENERICO,0.0,10.0,2.0,2025-10-13 10:42:07,8,10,Primavera
102721,LOSARTAN 50MG COM. REC CJAX100UND,PERUFARMA GENERICO,0.0,20.0,4.0,2025-10-13 13:42:12,7,10,Primavera
102721,LOSARTAN 50MG COM. REC CJAX100UND,PERUFARMA GENERICO,0.0,10.0,2.0,2025-10-14 19:19:09,14,10,Primavera
102721,LOSARTAN 50MG COM. REC CJAX100UND,PERUFARMA GENERICO,0.0,10.0,2.0,2025-10-17 10:21:43,8,10,Primavera
102721,LOSARTAN 50MG COM. REC CJAX100UND,PERUFARMA GENERICO,0.0,10.0,2.0,2025-10-17 18:30:21,7,10,Primavera
102721,LOSARTAN 50MG COM. REC CJAX100UND,PERUFARMA GENERICO,1.0,0.0,19.5,2025-10-17 19:45:52,5,10,Primavera
102721,LOSARTAN 50MG COM. REC CJAX100UND,PERUFARMA GENERICO,0.0,10.0,2.0,2025-10-18 08:45:52,3,10,Primavera
102721,LOSARTAN 50MG COM. REC CJAX100UND,PERUFARMA GENERICO,0.0,10.0,2.0,2025-10-18 17:32:37,6,10,Primavera
102721,LOSARTAN 50MG COM. REC CJAX100UND,PERUFARMA GENERICO,0.0,10.0,2.0,2025-10-18 18:12:00,14,10,Primavera
102721,LOSARTAN 50MG COM. REC CJAX100UND,PERUFARMA GENERICO,0.0,10.0,2.0,2025-10-18 21:18:37,3,10,Primavera
102721,LOSARTAN 50MG COM. REC CJAX100UND,PERUFARMA GENERICO,0.0,10.0,2.0,2025-10-18 23:08:02,7,10,Primavera
102721,LOSARTAN 50MG COM. REC CJAX100UND,PERUFARMA GENERICO,0.0,10.0,2.0,2025-10-19 07:33:56,6,10,Primavera
102721,LOSARTAN 50MG COM. REC CJAX100UND,PERUFARMA GENERICO,0.0,80.0,16.0,2025-10-19 19:58:12,10,10,Primavera
102721,LOSARTAN 50MG COM. REC CJAX100UND,PERUFARMA GENERICO,0.0,10.0,2.0,2025-10-19 21:35:50,1,10,Primavera
102721,LOSARTAN 50MG COM. REC CJAX100UND,PERUFARMA GENERICO,1.0,0.0,19.5,2025-10-20 19:07:48,5,10,Primavera
102721,LOSARTAN 50MG COM. REC CJAX100UND,PERUFARMA GENERICO,0.0,10.0,2.0,2025-10-20 20:10:42,1,10,Primavera
102721,LOSARTAN 50MG COM. REC CJAX100UND,PERUFARMA GENERICO,0.0,20.0,4.0,2025-10-21 10:19:28,5,10,Primavera
102721,LOSARTAN 50MG COM. REC CJAX100UND,PERUFARMA GENERICO,0.0,10.0,2.0,2025-10-21 10:39:03,8,10,Primavera
102721,LOSARTAN 50MG COM. REC CJAX100UND,PERUFARMA GENERICO,0.0,10.0,2.0,2025-10-21 18:34:30,13,10,Primavera
102721,LOSARTAN 50MG COM. REC CJAX100UND,PERUFARMA GENERICO,0.0,10.0,2.0,2025-10-22 12:26:31,1,10,Primavera
102721,LOSARTAN 50MG COM. REC CJAX100UND,PERUFARMA GENERICO,0.0,10.0,2.0,2025-10-22 16:06:58,1,10,Primavera
102721,LOSARTAN 50MG COM. REC CJAX100UND,PERUFARMA GENERICO,0.0,10.0,2.0,2025-10-22 18:50:06,2,10,Primavera
102721,LOSARTAN 50MG COM. REC CJAX100UND,PERUFARMA GENERICO,0.0,50.0,10.0,2025-10-22 19:51:37,1,10,Primavera
102721,LOSARTAN 50MG COM. REC CJAX100UND,PERUFARMA GENERICO,1.0,0.0,19.5,2025-10-23 10:20:39,6,10,Primavera
102721,LOSARTAN 50MG COM. REC CJAX100UND,PERUFARMA GENERICO,0.0,10.0,2.0,2025-10-23 18:04:45,8,10,Primavera
102721,LOSARTAN 50MG COM. REC CJAX100UND,PERUFARMA GENERICO,0.0,10.0,2.0,2025-10-24 07:20:04,6,10,Primavera
102721,LOSARTAN 50MG COM. REC CJAX100UND,PERUFARMA GENERICO,0.0,2.0,0.4,2025-10-24 12:01:58,3,10,Primavera
102721,LOSARTAN 50MG COM. REC CJAX100UND,PERUFARMA GENERICO,4.0,0.0,78.0,2025-10-24 12:05:14,5,10,Primavera
102721,LOSARTAN 50MG COM. REC CJAX100UND,PERUFARMA GENERICO,0.0,50.0,10.0,2025-10-25 11:17:44,1,10,Primavera
102721,LOSARTAN 50MG COM. REC CJAX100UND,PERUFARMA GENERICO,0.0,30.0,6.0,2025-10-25 18:48:22,10,10,Primavera
102721,LOSARTAN 50MG COM. REC CJAX100UND,PERUFARMA GENERICO,0.0,10.0,2.0,2025-10-25 19:12:08,2,10,Primavera
102721,LOSARTAN 50MG COM. REC CJAX100UND,PERUFARMA GENERICO,0.0,10.0,2.0,2025-10-25 20:12:53,12,10,Primavera
102721,LOSARTAN 50MG COM. REC CJAX100UND,PERUFARMA GENERICO,0.0,10.0,2.0,2025-10-27 17:16:23,1,10,Primavera
102721,LOSARTAN 50MG COM. REC CJAX100UND,PERUFARMA GENERICO,0.0,10.0,2.0,2025-10-28 10:05:27,7,10,Primavera
102721,LOSARTAN 50MG COM. REC CJAX100UND,PERUFARMA GENERICO,0.0,20.0,4.0,2025-10-28 13:16:05,10,10,Primavera
102721,LOSARTAN 50MG COM. REC CJAX100UND,PERUFARMA GENERICO,0.0,10.0,2.0,2025-10-28 18:16:18,2,10,Primavera
102721,LOSARTAN 50MG COM. REC CJAX100UND,PERUFARMA GENERICO,0.0,10.0,2.0,2025-10-28 19:41:07,15,10,Primavera
102721,LOSARTAN 50MG COM. REC CJAX100UND,PERUFARMA GENERICO,0.0,20.0,4.0,2025-10-29 20:38:36,2,10,Primavera
102721,LOSARTAN 50MG COM. REC CJAX100UND,PERUFARMA GENERICO,0.0,20.0,3.8,2025-10-30 19:19:55,6,10,Primavera
102721,LOSARTAN 50MG COM. REC CJAX100UND,PERUFARMA GENERICO,0.0,5.0,1.0,2025-10-30 19:35:29,9,10,Primavera
102721,LOSARTAN 50MG COM. REC CJAX100UND,PERUFARMA GENERICO,1.0,0.0,19.5,2025-10-30 19:54:48,6,10,Primavera
102721,LOSARTAN 50MG COM. REC CJAX100UND,PERUFARMA GENERICO,0.0,10.0,2.0,2025-10-31 11:26:09,1,10,Primavera
102721,LOSARTAN 50MG COM. REC CJAX100UND,PERUFARMA GENERICO,1.0,0.0,19.5,2025-11-01 08:27:20,4,11,Primavera
102721,LOSARTAN 50MG COM. REC CJAX100UND,PERUFARMA GENERICO,0.0,10.0,2.0,2025-11-01 15:06:08,2,11,Primavera
102721,LOSARTAN 50MG COM. REC CJAX100UND,PERUFARMA GENERICO,0.0,10.0,2.0,2025-11-03 08:45:23,13,11,Primavera
102721,LOSARTAN 50MG COM. REC CJAX100UND,PERUFARMA GENERICO,0.0,20.0,4.0,2025-11-03 09:52:47,1,11,Primavera
102721,LOSARTAN 50MG COM. REC CJAX100UND,PERUFARMA GENERICO,0.0,10.0,2.0,2025-11-03 14:53:21,1,11,Primavera
102721,LOSARTAN 50MG COM. REC CJAX100UND,PERUFARMA GENERICO,0.0,10.0,2.0,2025-11-03 18:10:32,1,11,Primavera
102721,LOSARTAN 50MG COM. REC CJAX100UND,PERUFARMA GENERICO,0.0,30.0,6.0,2025-11-03 19:14:49,13,11,Primavera
102721,LOSARTAN 50MG COM. REC CJAX100UND,PERUFARMA GENERICO,0.0,50.0,10.0,2025-11-03 20:57:45,2,11,Primavera
102721,LOSARTAN 50MG COM. REC CJAX100UND,PERUFARMA GENERICO,0.0,20.0,4.0,2025-11-04 11:16:31,6,11,Primavera
102721,LOSARTAN 50MG COM. REC CJAX100UND,PERUFARMA GENERICO,0.0,10.0,2.0,2025-11-04 13:00:17,6,11,Primavera
102721,LOSARTAN 50MG COM. REC CJAX100UND,PERUFARMA GENERICO,0.0,10.0,2.0,2025-11-04 18:15:32,10,11,Primavera
102721,LOSARTAN 50MG COM. REC CJAX100UND,PERUFARMA GENERICO,0.0,10.0,2.0,2025-11-04 19:16:08,13,11,Primavera
102721,LOSARTAN 50MG COM. REC CJAX100UND,PERUFARMA GENERICO,0.0,10.0,2.0,2025-11-04 21:31:50,11,11,Primavera
102721,LOSARTAN 50MG COM. REC CJAX100UND,PERUFARMA GENERICO,0.0,20.0,4.0,2025-11-05 19:40:31,11,11,Primavera
102721,LOSARTAN 50MG COM. REC CJAX100UND,PERUFARMA GENERICO,0.0,10.0,2.0,2025-11-06 10:00:49,6,11,Primavera
102721,LOSARTAN 50MG COM. REC CJAX100UND,PERUFARMA GENERICO,0.0,10.0,2.0,2025-11-06 17:47:47,6,11,Primavera
102721,LOSARTAN 50MG COM. REC CJAX100UND,PERUFARMA GENERICO,0.0,30.0,6.0,2025-11-07 16:07:22,2,11,Primavera
102721,LOSARTAN 50MG COM. REC CJAX100UND,PERUFARMA GENERICO,0.0,10.0,2.0,2025-11-07 19:08:53,2,11,Primavera
102721,LOSARTAN 50MG COM. REC CJAX100UND,PERUFARMA GENERICO,0.0,20.0,4.0,2025-11-07 22:43:40,7,11,Primavera
102721,LOSARTAN 50MG COM. REC CJAX100UND,PERUFARMA GENERICO,0.0,10.0,2.0,2025-11-08 07:40:39,15,11,Primavera
102721,LOSARTAN 50MG COM. REC CJAX100UND,PERUFARMA GENERICO,0.0,2.0,0.4,2025-12-30 08:57:09,3,12,Verano
102721,LOSARTAN 50MG COM. REC CJAX100UND,PERUFARMA GENERICO,0.0,10.0,2.0,2026-01-06 21:43:35,3,1,Verano
102721,LOSARTAN 50MG COM. REC CJAX100UND,PERUFARMA GENERICO,1.0,0.0,19.5,2026-01-07 11:57:07,3,1,Verano
102721,LOSARTAN 50MG COM. REC CJAX100UND,PERUFARMA GENERICO,0.0,20.0,4.0,2026-01-08 13:46:08,3,1,Verano
102721,LOSARTAN 50MG COM. REC CJAX100UND,PERUFARMA GENERICO,0.0,3.0,0.6,2026-01-23 14:57:25,3,1,Verano
