codpro,prod,tipo,cantidad,unidades,total,fecdoc,sucursal,mes,estacion
106081,NAPROXENO 550MG TAB. REC CJAX100UND,PORTUGAL GENERICO,0.0,10.0,3.0,2025-07-15 20:07:25,13,7,Invierno
106081,NAPROXENO 550MG TAB. REC CJAX100UND,PORTUGAL GENERICO,0.0,10.0,3.0,2025-07-18 09:28:19,13,7,Invierno
106081,NAPROXENO 550MG TAB. REC CJAX100UND,PORTUGAL GENERICO,0.0,10.0,3.0,2025-07-18 18:12:53,9,7,Invierno
106081,NAPROXENO 550MG TAB. REC CJAX100UND,PORTUGAL GENERICO,0.0,6.0,1.8,2025-07-18 19:01:55,9,7,Invierno
106081,NAPROXENO 550MG TAB. REC CJAX100UND,PORTUGAL GENERICO,0.0,10.0,3.0,2025-07-19 08:32:58,9,7,Invierno
106081,NAPROXENO 550MG TAB. REC CJAX100UND,PORTUGAL GENERICO,0.0,10.0,3.0,2025-07-19 08:41:15,9,7,Invierno
106081,NAPROXENO 550MG TAB. REC CJAX100UND,PORTUGAL GENERICO,0.0,10.0,3.0,2025-07-19 12:09:25,9,7,Invierno
106081,NAPROXENO 550MG TAB. REC CJAX100UND,PORTUGAL GENERICO,0.0,10.0,2.8,2025-07-20 16:00:56,9,7,Invierno
106081,NAPROXENO 550MG TAB. REC CJAX100UND,PORTUGAL GENERICO,0.0,10.0,3.0,2025-07-20 18:57:08,9,7,Invierno
106081,NAPROXENO 550MG TAB. REC CJAX100UND,PORTUGAL GENERICO,0.0,10.0,3.0,2025-07-21 15:15:59,9,7,Invierno
106081,NAPROXENO 550MG TAB. REC CJAX100UND,PORTUGAL GENERICO,0.0,10.0,3.0,2025-07-21 15:31:52,9,7,Invierno
106081,NAPROXENO 550MG TAB. REC CJAX100UND,PORTUGAL GENERICO,0.0,10.0,3.0,2025-07-22 12:45:57,9,7,Invierno
106081,NAPROXENO 550MG TAB. REC CJAX100UND,PORTUGAL GENERICO,0.0,10.0,3.0,2025-07-22 20:59:18,1,7,Invierno
106081,NAPROXENO 550MG TAB. REC CJAX100UND,PORTUGAL GENERICO,0.0,10.0,3.0,2025-07-22 21:35:46,1,7,Invierno
106081,NAPROXENO 550MG TAB. REC CJAX100UND,PORTUGAL GENERICO,0.0,10.0,3.0,2025-07-23 09:49:14,1,7,Invierno
106081,NAPROXENO 550MG TAB. REC CJAX100UND,PORTUGAL GENERICO,0.0,20.0,6.0,2025-07-23 15:58:04,1,7,Invierno
106081,NAPROXENO 550MG TAB. REC CJAX100UND,PORTUGAL GENERICO,0.0,10.0,3.0,2025-07-24 08:49:51,9,7,Invierno
106081,NAPROXENO 550MG TAB. REC CJAX100UND,PORTUGAL GENERICO,0.0,10.0,3.0,2025-07-24 09:52:27,1,7,Invierno
106081,NAPROXENO 550MG TAB. REC CJAX100UND,PORTUGAL GENERICO,0.0,3.0,0.9,2025-07-24 11:08:12,13,7,Invierno
106081,NAPROXENO 550MG TAB. REC CJAX100UND,PORTUGAL GENERICO,0.0,10.0,3.0,2025-07-24 13:57:13,1,7,Invierno
106081,NAPROXENO 550MG TAB. REC CJAX100UND,PORTUGAL GENERICO,0.0,10.0,3.0,2025-07-24 15:03:56,9,7,Invierno
106081,NAPROXENO 550MG TAB. REC CJAX100UND,PORTUGAL GENERICO,0.0,10.0,3.0,2025-07-24 18:06:10,1,7,Invierno
106081,NAPROXENO 550MG TAB. REC CJAX100UND,PORTUGAL GENERICO,0.0,4.0,1.2,2025-07-24 19:13:26,9,7,Invierno
106081,NAPROXENO 550MG TAB. REC CJAX100UND,PORTUGAL GENERICO,0.0,10.0,3.0,2025-07-25 09:28:43,9,7,Invierno
106081,NAPROXENO 550MG TAB. REC CJAX100UND,PORTUGAL GENERICO,0.0,20.0,6.0,2025-07-25 18:53:09,1,7,Invierno
106081,NAPROXENO 550MG TAB. REC CJAX100UND,PORTUGAL GENERICO,0.0,10.0,3.0,2025-07-25 19:23:16,1,7,Invierno
106081,NAPROXENO 550MG TAB. REC CJAX100UND,PORTUGAL GENERICO,0.0,10.0,3.0,2025-07-25 20:55:24,13,7,Invierno
106081,NAPROXENO 550MG TAB. REC CJAX100UND,PORTUGAL GENERICO,0.0,10.0,3.0,2025-07-25 21:17:16,9,7,Invierno
106081,NAPROXENO 550MG TAB. REC CJAX100UND,PORTUGAL GENERICO,0.0,10.0,3.0,2025-07-26 09:44:12,9,7,Invierno
106081,NAPROXENO 550MG TAB. REC CJAX100UND,PORTUGAL GENERICO,0.0,15.0,4.5,2025-07-26 10:25:03,9,7,Invierno
106081,NAPROXENO 550MG TAB. REC CJAX100UND,PORTUGAL GENERICO,0.0,10.0,3.0,2025-07-26 13:12:45,1,7,Invierno
106081,NAPROXENO 550MG TAB. REC CJAX100UND,PORTUGAL GENERICO,0.0,10.0,3.0,2025-07-26 16:45:20,9,7,Invierno
106081,NAPROXENO 550MG TAB. REC CJAX100UND,PORTUGAL GENERICO,0.0,10.0,3.0,2025-07-27 10:39:19,4,7,Invierno
106081,NAPROXENO 550MG TAB. REC CJAX100UND,PORTUGAL GENERICO,0.0,10.0,3.0,2025-07-27 10:43:29,9,7,Invierno
106081,NAPROXENO 550MG TAB. REC CJAX100UND,PORTUGAL GENERICO,0.0,10.0,3.0,2025-07-27 12:35:40,1,7,Invierno
106081,NAPROXENO 550MG TAB. REC CJAX100UND,PORTUGAL GENERICO,0.0,10.0,3.0,2025-07-27 13:31:00,1,7,Invierno
106081,NAPROXENO 550MG TAB. REC CJAX100UND,PORTUGAL GENERICO,0.0,10.0,3.0,2025-07-27 18:22:21,3,7,Invierno
106081,NAPROXENO 550MG TAB. REC CJAX100UND,PORTUGAL GENERICO,0.0,10.0,3.0,2025-07-27 18:54:29,13,7,Invierno
106081,NAPROXENO 550MG TAB. REC CJAX100UND,PORTUGAL GENERICO,0.0,10.0,3.0,2025-07-28 10:42:03,13,7,Invierno
106081,NAPROXENO 550MG TAB. REC CJAX100UND,PORTUGAL GENERICO,0.0,10.0,3.0,2025-07-28 11:10:44,3,7,Invierno
106081,NAPROXENO 550MG TAB. REC CJAX100UND,PORTUGAL GENERICO,0.0,10.0,3.0,2025-07-28 14:38:52,3,7,Invierno
106081,NAPROXENO 550MG TAB. REC CJAX100UND,PORTUGAL GENERICO,0.0,10.0,3.0,2025-07-28 21:38:08,4,7,Invierno
106081,NAPROXENO 550MG TAB. REC CJAX100UND,PORTUGAL GENERICO,0.0,30.0,9.0,2025-07-28 23:51:10,4,7,Invierno
106081,NAPROXENO 550MG TAB. REC CJAX100UND,PORTUGAL GENERICO,0.0,10.0,3.0,2025-07-29 08:31:58,9,7,Invierno
106081,NAPROXENO 550MG TAB. REC CJAX100UND,PORTUGAL GENERICO,0.0,3.0,0.9,2025-07-29 10:25:47,3,7,Invierno
106081,NAPROXENO 550MG TAB. REC CJAX100UND,PORTUGAL GENERICO,0.0,10.0,3.0,2025-07-29 14:28:12,3,7,Invierno
106081,NAPROXENO 550MG TAB. REC CJAX100UND,PORTUGAL GENERICO,0.0,20.0,6.0,2025-07-29 15:50:34,1,7,Invierno
106081,NAPROXENO 550MG TAB. REC CJAX100UND,PORTUGAL GENERICO,0.0,30.0,9.0,2025-07-29 18:12:50,13,7,Invierno
106081,NAPROXENO 550MG TAB. REC CJAX100UND,PORTUGAL GENERICO,0.0,10.0,3.0,2025-07-29 20:08:35,9,7,Invierno
106081,NAPROXENO 550MG TAB. REC CJAX100UND,PORTUGAL GENERICO,0.0,10.0,3.0,2025-07-29 20:25:24,9,7,Invierno
106081,NAPROXENO 550MG TAB. REC CJAX100UND,PORTUGAL GENERICO,0.0,10.0,3.0,2025-07-29 21:19:03,1,7,Invierno
106081,NAPROXENO 550MG TAB. REC CJAX100UND,PORTUGAL GENERICO,0.0,10.0,3.0,2025-07-30 08:13:04,1,7,Invierno
106081,NAPROXENO 550MG TAB. REC CJAX100UND,PORTUGAL GENERICO,0.0,10.0,3.0,2025-07-30 09:32:55,9,7,Invierno
106081,NAPROXENO 550MG TAB. REC CJAX100UND,PORTUGAL GENERICO,0.0,20.0,6.0,2025-07-30 10:19:00,3,7,Invierno
106081,NAPROXENO 550MG TAB. REC CJAX100UND,PORTUGAL GENERICO,0.0,6.0,1.8,2025-07-30 16:27:24,3,7,Invierno
106081,NAPROXENO 550MG TAB. REC CJAX100UND,PORTUGAL GENERICO,0.0,10.0,3.0,2025-07-30 20:01:34,1,7,Invierno
106081,NAPROXENO 550MG TAB. REC CJAX100UND,PORTUGAL GENERICO,0.0,10.0,3.0,2025-07-30 20:12:56,4,7,Invierno
106081,NAPROXENO 550MG TAB. REC CJAX100UND,PORTUGAL GENERICO,0.0,10.0,3.0,2025-07-30 20:54:45,1,7,Invierno
106081,NAPROXENO 550MG TAB. REC CJAX100UND,PORTUGAL GENERICO,0.0,2.0,0.6,2025-07-30 21:10:46,3,7,Invierno
106081,NAPROXENO 550MG TAB. REC CJAX100UND,PORTUGAL GENERICO,0.0,10.0,3.0,2025-07-30 21:19:08,3,7,Invierno
106081,NAPROXENO 550MG TAB. REC CJAX100UND,PORTUGAL GENERICO,0.0,10.0,3.0,2025-07-30 23:11:47,16,7,Invierno
106081,NAPROXENO 550MG TAB. REC CJAX100UND,PORTUGAL GENERICO,0.0,10.0,3.0,2025-07-31 08:27:39,4,7,Invierno
106081,NAPROXENO 550MG TAB. REC CJAX100UND,PORTUGAL GENERICO,0.0,10.0,3.0,2025-07-31 09:15:00,1,7,Invierno
106081,NAPROXENO 550MG TAB. REC CJAX100UND,PORTUGAL GENERICO,0.0,10.0,3.0,2025-07-31 21:58:43,16,7,Invierno
106081,NAPROXENO 550MG TAB. REC CJAX100UND,PORTUGAL GENERICO,0.0,10.0,3.0,2025-08-01 08:49:38,4,8,Invierno
106081,NAPROXENO 550MG TAB. REC CJAX100UND,PORTUGAL GENERICO,0.0,10.0,3.0,2025-08-01 10:34:32,4,8,Invierno
106081,NAPROXENO 550MG TAB. REC CJAX100UND,PORTUGAL GENERICO,0.0,10.0,3.0,2025-08-01 11:51:47,3,8,Invierno
106081,NAPROXENO 550MG TAB. REC CJAX100UND,PORTUGAL GENERICO,0.0,10.0,3.0,2025-08-01 14:21:34,2,8,Invierno
106081,NAPROXENO 550MG TAB. REC CJAX100UND,PORTUGAL GENERICO,0.0,2.0,0.6,2025-08-01 14:23:02,9,8,Invierno
106081,NAPROXENO 550MG TAB. REC CJAX100UND,PORTUGAL GENERICO,0.0,10.0,3.0,2025-08-01 15:12:09,2,8,Invierno
106081,NAPROXENO 550MG TAB. REC CJAX100UND,PORTUGAL GENERICO,0.0,5.0,1.5,2025-08-01 17:12:22,2,8,Invierno
106081,NAPROXENO 550MG TAB. REC CJAX100UND,PORTUGAL GENERICO,2.0,0.0,60.0,2025-08-01 17:51:14,2,8,Invierno
106081,NAPROXENO 550MG TAB. REC CJAX100UND,PORTUGAL GENERICO,0.0,9.0,2.7,2025-08-01 18:14:32,9,8,Invierno
106081,NAPROXENO 550MG TAB. REC CJAX100UND,PORTUGAL GENERICO,0.0,10.0,3.0,2025-08-01 18:14:50,1,8,Invierno
106081,NAPROXENO 550MG TAB. REC CJAX100UND,PORTUGAL GENERICO,0.0,10.0,3.0,2025-08-01 19:53:56,9,8,Invierno
106081,NAPROXENO 550MG TAB. REC CJAX100UND,PORTUGAL GENERICO,0.0,10.0,3.0,2025-08-01 21:08:58,9,8,Invierno
106081,NAPROXENO 550MG TAB. REC CJAX100UND,PORTUGAL GENERICO,0.0,10.0,3.0,2025-08-01 23:08:37,4,8,Invierno
106081,NAPROXENO 550MG TAB. REC CJAX100UND,PORTUGAL GENERICO,0.0,10.0,3.0,2025-08-02 09:31:08,9,8,Invierno
106081,NAPROXENO 550MG TAB. REC CJAX100UND,PORTUGAL GENERICO,0.0,10.0,3.0,2025-08-02 12:49:08,2,8,Invierno
106081,NAPROXENO 550MG TAB. REC CJAX100UND,PORTUGAL GENERICO,0.0,10.0,3.0,2025-08-02 15:38:58,1,8,Invierno
106081,NAPROXENO 550MG TAB. REC CJAX100UND,PORTUGAL GENERICO,0.0,30.0,9.0,2025-08-02 17:09:42,13,8,Invierno
106081,NAPROXENO 550MG TAB. REC CJAX100UND,PORTUGAL GENERICO,0.0,20.0,6.0,2025-08-02 17:59:57,9,8,Invierno
106081,NAPROXENO 550MG TAB. REC CJAX100UND,PORTUGAL GENERICO,0.0,10.0,3.0,2025-08-02 18:50:12,2,8,Invierno
106081,NAPROXENO 550MG TAB. REC CJAX100UND,PORTUGAL GENERICO,0.0,10.0,3.0,2025-08-02 19:22:41,3,8,Invierno
106081,NAPROXENO 550MG TAB. REC CJAX100UND,PORTUGAL GENERICO,0.0,10.0,3.0,2025-08-02 19:44:16,3,8,Invierno
106081,NAPROXENO 550MG TAB. REC CJAX100UND,PORTUGAL GENERICO,0.0,10.0,3.0,2025-08-02 20:10:36,3,8,Invierno
106081,NAPROXENO 550MG TAB. REC CJAX100UND,PORTUGAL GENERICO,0.0,10.0,3.0,2025-08-02 22:13:40,5,8,Invierno
106081,NAPROXENO 550MG TAB. REC CJAX100UND,PORTUGAL GENERICO,0.0,10.0,3.0,2025-08-03 09:16:16,1,8,Invierno
106081,NAPROXENO 550MG TAB. REC CJAX100UND,PORTUGAL GENERICO,0.0,10.0,3.0,2025-08-03 11:30:45,5,8,Invierno
106081,NAPROXENO 550MG TAB. REC CJAX100UND,PORTUGAL GENERICO,0.0,10.0,3.0,2025-08-03 11:39:35,9,8,Invierno
106081,NAPROXENO 550MG TAB. REC CJAX100UND,PORTUGAL GENERICO,0.0,10.0,3.0,2025-08-03 18:04:22,9,8,Invierno
106081,NAPROXENO 550MG TAB. REC CJAX100UND,PORTUGAL GENERICO,0.0,10.0,3.0,2025-08-03 21:00:18,3,8,Invierno
106081,NAPROXENO 550MG TAB. REC CJAX100UND,PORTUGAL GENERICO,0.0,10.0,3.0,2025-08-03 23:09:19,4,8,Invierno
106081,NAPROXENO 550MG TAB. REC CJAX100UND,PORTUGAL GENERICO,0.0,10.0,3.0,2025-08-04 11:38:41,5,8,Invierno
106081,NAPROXENO 550MG TAB. REC CJAX100UND,PORTUGAL GENERICO,0.0,10.0,3.0,2025-08-04 12:37:24,9,8,Invierno
106081,NAPROXENO 550MG TAB. REC CJAX100UND,PORTUGAL GENERICO,0.0,10.0,3.0,2025-08-04 15:51:55,2,8,Invierno
106081,NAPROXENO 550MG TAB. REC CJAX100UND,PORTUGAL GENERICO,0.0,30.0,9.0,2025-08-04 18:02:22,4,8,Invierno
106081,NAPROXENO 550MG TAB. REC CJAX100UND,PORTUGAL GENERICO,0.0,10.0,3.0,2025-08-04 18:50:02,2,8,Invierno
106081,NAPROXENO 550MG TAB. REC CJAX100UND,PORTUGAL GENERICO,0.0,10.0,3.0,2025-08-04 18:54:53,9,8,Invierno
106081,NAPROXENO 550MG TAB. REC CJAX100UND,PORTUGAL GENERICO,0.0,10.0,3.0,2025-08-04 21:25:39,5,8,Invierno
106081,NAPROXENO 550MG TAB. REC CJAX100UND,PORTUGAL GENERICO,0.0,10.0,3.0,2025-08-04 22:45:29,5,8,Invierno
106081,NAPROXENO 550MG TAB. REC CJAX100UND,PORTUGAL GENERICO,0.0,10.0,3.0,2025-08-05 07:31:13,4,8,Invierno
106081,NAPROXENO 550MG TAB. REC CJAX100UND,PORTUGAL GENERICO,0.0,10.0,3.0,2025-08-05 10:28:55,2,8,Invierno
106081,NAPROXENO 550MG TAB. REC CJAX100UND,PORTUGAL GENERICO,0.0,20.0,6.0,2025-08-05 13:47:21,3,8,Invierno
106081,NAPROXENO 550MG TAB. REC CJAX100UND,PORTUGAL GENERICO,0.0,10.0,3.0,2025-08-05 13:57:32,3,8,Invierno
106081,NAPROXENO 550MG TAB. REC CJAX100UND,PORTUGAL GENERICO,0.0,10.0,3.0,2025-08-05 15:01:42,3,8,Invierno
106081,NAPROXENO 550MG TAB. REC CJAX100UND,PORTUGAL GENERICO,0.0,10.0,3.0,2025-08-05 17:29:31,1,8,Invierno
106081,NAPROXENO 550MG TAB. REC CJAX100UND,PORTUGAL GENERICO,0.0,5.0,1.5,2025-08-05 21:44:37,1,8,Invierno
106081,NAPROXENO 550MG TAB. REC CJAX100UND,PORTUGAL GENERICO,0.0,10.0,3.0,2025-08-05 22:31:39,1,8,Invierno
106081,NAPROXENO 550MG TAB. REC CJAX100UND,PORTUGAL GENERICO,0.0,10.0,3.0,2025-08-06 08:20:12,13,8,Invierno
106081,NAPROXENO 550MG TAB. REC CJAX100UND,PORTUGAL GENERICO,0.0,5.0,1.5,2025-08-06 18:53:57,1,8,Invierno
106081,NAPROXENO 550MG TAB. REC CJAX100UND,PORTUGAL GENERICO,0.0,20.0,6.0,2025-08-06 19:14:15,4,8,Invierno
106081,NAPROXENO 550MG TAB. REC CJAX100UND,PORTUGAL GENERICO,0.0,10.0,3.0,2025-08-06 19:50:44,1,8,Invierno
106081,NAPROXENO 550MG TAB. REC CJAX100UND,PORTUGAL GENERICO,0.0,10.0,3.0,2025-08-06 20:08:00,5,8,Invierno
106081,NAPROXENO 550MG TAB. REC CJAX100UND,PORTUGAL GENERICO,0.0,10.0,3.0,2025-08-06 21:37:53,5,8,Invierno
106081,NAPROXENO 550MG TAB. REC CJAX100UND,PORTUGAL GENERICO,0.0,10.0,3.0,2025-08-06 21:47:19,5,8,Invierno
106081,NAPROXENO 550MG TAB. REC CJAX100UND,PORTUGAL GENERICO,0.0,10.0,3.0,2025-08-07 16:54:38,9,8,Invierno
106081,NAPROXENO 550MG TAB. REC CJAX100UND,PORTUGAL GENERICO,0.0,10.0,3.0,2025-08-07 17:20:40,5,8,Invierno
106081,NAPROXENO 550MG TAB. REC CJAX100UND,PORTUGAL GENERICO,0.0,10.0,3.0,2025-08-07 21:19:49,3,8,Invierno
106081,NAPROXENO 550MG TAB. REC CJAX100UND,PORTUGAL GENERICO,0.0,10.0,3.0,2025-08-07 23:48:40,4,8,Invierno
106081,NAPROXENO 550MG TAB. REC CJAX100UND,PORTUGAL GENERICO,0.0,20.0,6.0,2025-08-08 06:57:57,5,8,Invierno
106081,NAPROXENO 550MG TAB. REC CJAX100UND,PORTUGAL GENERICO,0.0,10.0,3.0,2025-08-08 09:48:06,1,8,Invierno
106081,NAPROXENO 550MG TAB. REC CJAX100UND,PORTUGAL GENERICO,0.0,1.0,0.3,2025-08-08 17:04:36,3,8,Invierno
106081,NAPROXENO 550MG TAB. REC CJAX100UND,PORTUGAL GENERICO,1.0,0.0,30.0,2025-08-08 17:46:23,1,8,Invierno
106081,NAPROXENO 550MG TAB. REC CJAX100UND,PORTUGAL GENERICO,0.0,10.0,3.0,2025-08-08 21:20:19,1,8,Invierno
106081,NAPROXENO 550MG TAB. REC CJAX100UND,PORTUGAL GENERICO,0.0,20.0,6.0,2025-08-09 08:32:49,4,8,Invierno
106081,NAPROXENO 550MG TAB. REC CJAX100UND,PORTUGAL GENERICO,0.0,10.0,3.0,2025-08-09 10:32:05,1,8,Invierno
106081,NAPROXENO 550MG TAB. REC CJAX100UND,PORTUGAL GENERICO,0.0,2.0,0.6,2025-08-09 17:59:22,9,8,Invierno
106081,NAPROXENO 550MG TAB. REC CJAX100UND,PORTUGAL GENERICO,0.0,10.0,3.0,2025-08-09 18:13:19,9,8,Invierno
106081,NAPROXENO 550MG TAB. REC CJAX100UND,PORTUGAL GENERICO,0.0,10.0,3.0,2025-08-09 19:32:29,1,8,Invierno
106081,NAPROXENO 550MG TAB. REC CJAX100UND,PORTUGAL GENERICO,0.0,10.0,3.0,2025-08-10 11:00:36,9,8,Invierno
106081,NAPROXENO 550MG TAB. REC CJAX100UND,PORTUGAL GENERICO,0.0,20.0,6.0,2025-08-10 12:19:50,1,8,Invierno
106081,NAPROXENO 550MG TAB. REC CJAX100UND,PORTUGAL GENERICO,0.0,10.0,3.0,2025-08-10 16:07:36,3,8,Invierno
106081,NAPROXENO 550MG TAB. REC CJAX100UND,PORTUGAL GENERICO,0.0,10.0,3.0,2025-08-10 17:39:50,5,8,Invierno
106081,NAPROXENO 550MG TAB. REC CJAX100UND,PORTUGAL GENERICO,0.0,10.0,3.0,2025-08-10 21:33:12,1,8,Invierno
106081,NAPROXENO 550MG TAB. REC CJAX100UND,PORTUGAL GENERICO,0.0,4.0,1.2,2025-08-11 09:55:35,3,8,Invierno
106081,NAPROXENO 550MG TAB. REC CJAX100UND,PORTUGAL GENERICO,0.0,10.0,3.0,2025-08-11 09:57:51,5,8,Invierno
106081,NAPROXENO 550MG TAB. REC CJAX100UND,PORTUGAL GENERICO,0.0,1.0,0.3,2025-08-11 15:17:03,9,8,Invierno
106081,NAPROXENO 550MG TAB. REC CJAX100UND,PORTUGAL GENERICO,0.0,2.0,0.6,2025-08-11 17:16:58,3,8,Invierno
106081,NAPROXENO 550MG TAB. REC CJAX100UND,PORTUGAL GENERICO,0.0,10.0,3.0,2025-08-11 18:42:21,9,8,Invierno
106081,NAPROXENO 550MG TAB. REC CJAX100UND,PORTUGAL GENERICO,0.0,2.0,0.6,2025-08-12 06:57:17,13,8,Invierno
106081,NAPROXENO 550MG TAB. REC CJAX100UND,PORTUGAL GENERICO,0.0,20.0,6.0,2025-08-12 09:18:55,4,8,Invierno
106081,NAPROXENO 550MG TAB. REC CJAX100UND,PORTUGAL GENERICO,0.0,10.0,3.0,2025-08-12 11:55:02,16,8,Invierno
106081,NAPROXENO 550MG TAB. REC CJAX100UND,PORTUGAL GENERICO,0.0,10.0,3.0,2025-08-12 15:02:07,1,8,Invierno
106081,NAPROXENO 550MG TAB. REC CJAX100UND,PORTUGAL GENERICO,0.0,10.0,3.0,2025-08-12 16:37:54,9,8,Invierno
106081,NAPROXENO 550MG TAB. REC CJAX100UND,PORTUGAL GENERICO,0.0,10.0,3.0,2025-08-12 18:05:48,1,8,Invierno
106081,NAPROXENO 550MG TAB. REC CJAX100UND,PORTUGAL GENERICO,0.0,10.0,3.0,2025-08-12 20:02:50,16,8,Invierno
106081,NAPROXENO 550MG TAB. REC CJAX100UND,PORTUGAL GENERICO,0.0,20.0,6.0,2025-08-12 20:51:28,4,8,Invierno
106081,NAPROXENO 550MG TAB. REC CJAX100UND,PORTUGAL GENERICO,0.0,10.0,3.0,2025-08-12 22:08:57,5,8,Invierno
106081,NAPROXENO 550MG TAB. REC CJAX100UND,PORTUGAL GENERICO,0.0,3.0,0.9,2025-08-12 22:35:10,13,8,Invierno
106081,NAPROXENO 550MG TAB. REC CJAX100UND,PORTUGAL GENERICO,0.0,10.0,3.0,2025-08-13 12:04:47,13,8,Invierno
106081,NAPROXENO 550MG TAB. REC CJAX100UND,PORTUGAL GENERICO,0.0,10.0,3.0,2025-08-13 12:13:30,9,8,Invierno
106081,NAPROXENO 550MG TAB. REC CJAX100UND,PORTUGAL GENERICO,1.0,0.0,30.0,2025-08-13 12:41:41,9,8,Invierno
106081,NAPROXENO 550MG TAB. REC CJAX100UND,PORTUGAL GENERICO,0.0,10.0,3.0,2025-08-13 14:51:00,9,8,Invierno
106081,NAPROXENO 550MG TAB. REC CJAX100UND,PORTUGAL GENERICO,0.0,2.0,0.6,2025-08-13 15:21:00,3,8,Invierno
106081,NAPROXENO 550MG TAB. REC CJAX100UND,PORTUGAL GENERICO,0.0,10.0,3.0,2025-08-13 17:48:16,5,8,Invierno
106081,NAPROXENO 550MG TAB. REC CJAX100UND,PORTUGAL GENERICO,0.0,1.0,0.3,2025-08-13 18:13:46,9,8,Invierno
106081,NAPROXENO 550MG TAB. REC CJAX100UND,PORTUGAL GENERICO,0.0,20.0,5.6,2025-08-13 21:59:01,9,8,Invierno
106081,NAPROXENO 550MG TAB. REC CJAX100UND,PORTUGAL GENERICO,0.0,10.0,3.0,2025-08-14 10:35:34,4,8,Invierno
106081,NAPROXENO 550MG TAB. REC CJAX100UND,PORTUGAL GENERICO,0.0,-10.0,-3.0,2025-08-14 10:36:46,4,8,Invierno
106081,NAPROXENO 550MG TAB. REC CJAX100UND,PORTUGAL GENERICO,0.0,10.0,3.0,2025-08-14 12:28:53,9,8,Invierno
106081,NAPROXENO 550MG TAB. REC CJAX100UND,PORTUGAL GENERICO,0.0,10.0,3.0,2025-08-14 17:51:07,13,8,Invierno
106081,NAPROXENO 550MG TAB. REC CJAX100UND,PORTUGAL GENERICO,0.0,10.0,3.0,2025-08-14 19:18:59,13,8,Invierno
106081,NAPROXENO 550MG TAB. REC CJAX100UND,PORTUGAL GENERICO,0.0,20.0,6.0,2025-08-15 07:58:01,9,8,Invierno
106081,NAPROXENO 550MG TAB. REC CJAX100UND,PORTUGAL GENERICO,0.0,10.0,2.8,2025-08-15 09:21:34,9,8,Invierno
106081,NAPROXENO 550MG TAB. REC CJAX100UND,PORTUGAL GENERICO,0.0,5.0,1.4,2025-08-15 10:46:00,9,8,Invierno
106081,NAPROXENO 550MG TAB. REC CJAX100UND,PORTUGAL GENERICO,0.0,6.0,1.8,2025-08-15 14:11:40,1,8,Invierno
106081,NAPROXENO 550MG TAB. REC CJAX100UND,PORTUGAL GENERICO,0.0,10.0,3.0,2025-08-15 19:00:40,9,8,Invierno
106081,NAPROXENO 550MG TAB. REC CJAX100UND,PORTUGAL GENERICO,0.0,10.0,3.0,2025-08-15 19:25:26,4,8,Invierno
106081,NAPROXENO 550MG TAB. REC CJAX100UND,PORTUGAL GENERICO,0.0,20.0,6.0,2025-08-16 09:14:13,9,8,Invierno
106081,NAPROXENO 550MG TAB. REC CJAX100UND,PORTUGAL GENERICO,0.0,10.0,3.0,2025-08-16 13:58:07,4,8,Invierno
106081,NAPROXENO 550MG TAB. REC CJAX100UND,PORTUGAL GENERICO,0.0,10.0,3.0,2025-08-16 19:43:28,13,8,Invierno
106081,NAPROXENO 550MG TAB. REC CJAX100UND,PORTUGAL GENERICO,0.0,10.0,3.0,2025-08-16 20:27:37,16,8,Invierno
106081,NAPROXENO 550MG TAB. REC CJAX100UND,PORTUGAL GENERICO,0.0,10.0,3.0,2025-08-16 22:09:13,9,8,Invierno
106081,NAPROXENO 550MG TAB. REC CJAX100UND,PORTUGAL GENERICO,0.0,10.0,3.0,2025-08-16 22:54:36,1,8,Invierno
106081,NAPROXENO 550MG TAB. REC CJAX100UND,PORTUGAL GENERICO,0.0,10.0,3.0,2025-08-17 08:19:05,13,8,Invierno
106081,NAPROXENO 550MG TAB. REC CJAX100UND,PORTUGAL GENERICO,0.0,6.0,1.68,2025-08-17 11:35:41,9,8,Invierno
106081,NAPROXENO 550MG TAB. REC CJAX100UND,PORTUGAL GENERICO,0.0,2.0,0.6,2025-08-17 15:18:40,13,8,Invierno
106081,NAPROXENO 550MG TAB. REC CJAX100UND,PORTUGAL GENERICO,0.0,10.0,3.0,2025-08-17 20:34:22,4,8,Invierno
106081,NAPROXENO 550MG TAB. REC CJAX100UND,PORTUGAL GENERICO,0.0,10.0,3.0,2025-08-18 12:34:52,2,8,Invierno
106081,NAPROXENO 550MG TAB. REC CJAX100UND,PORTUGAL GENERICO,0.0,10.0,3.0,2025-08-18 14:25:52,9,8,Invierno
106081,NAPROXENO 550MG TAB. REC CJAX100UND,PORTUGAL GENERICO,0.0,2.0,0.6,2025-08-18 14:48:06,3,8,Invierno
106081,NAPROXENO 550MG TAB. REC CJAX100UND,PORTUGAL GENERICO,0.0,10.0,3.0,2025-08-18 15:33:09,4,8,Invierno
106081,NAPROXENO 550MG TAB. REC CJAX100UND,PORTUGAL GENERICO,0.0,10.0,3.0,2025-08-18 19:36:13,13,8,Invierno
106081,NAPROXENO 550MG TAB. REC CJAX100UND,PORTUGAL GENERICO,0.0,10.0,3.0,2025-08-18 19:55:58,1,8,Invierno
106081,NAPROXENO 550MG TAB. REC CJAX100UND,PORTUGAL GENERICO,0.0,10.0,3.0,2025-08-19 07:17:15,4,8,Invierno
106081,NAPROXENO 550MG TAB. REC CJAX100UND,PORTUGAL GENERICO,0.0,5.0,1.5,2025-08-19 08:35:00,11,8,Invierno
106081,NAPROXENO 550MG TAB. REC CJAX100UND,PORTUGAL GENERICO,0.0,10.0,3.0,2025-08-19 10:26:10,9,8,Invierno
106081,NAPROXENO 550MG TAB. REC CJAX100UND,PORTUGAL GENERICO,0.0,10.0,3.0,2025-08-19 11:15:43,4,8,Invierno
106081,NAPROXENO 550MG TAB. REC CJAX100UND,PORTUGAL GENERICO,0.0,10.0,3.0,2025-08-19 11:42:00,5,8,Invierno
106081,NAPROXENO 550MG TAB. REC CJAX100UND,PORTUGAL GENERICO,0.0,20.0,6.0,2025-08-19 12:08:57,9,8,Invierno
106081,NAPROXENO 550MG TAB. REC CJAX100UND,PORTUGAL GENERICO,0.0,10.0,3.0,2025-08-19 13:58:57,5,8,Invierno
106081,NAPROXENO 550MG TAB. REC CJAX100UND,PORTUGAL GENERICO,0.0,10.0,3.0,2025-08-19 15:10:54,9,8,Invierno
106081,NAPROXENO 550MG TAB. REC CJAX100UND,PORTUGAL GENERICO,0.0,10.0,3.0,2025-08-19 17:26:59,9,8,Invierno
106081,NAPROXENO 550MG TAB. REC CJAX100UND,PORTUGAL GENERICO,0.0,10.0,3.0,2025-08-19 19:12:22,13,8,Invierno
106081,NAPROXENO 550MG TAB. REC CJAX100UND,PORTUGAL GENERICO,0.0,10.0,3.0,2025-08-19 19:15:45,1,8,Invierno
106081,NAPROXENO 550MG TAB. REC CJAX100UND,PORTUGAL GENERICO,0.0,10.0,2.8,2025-08-19 22:02:23,13,8,Invierno
106081,NAPROXENO 550MG TAB. REC CJAX100UND,PORTUGAL GENERICO,0.0,10.0,3.0,2025-08-20 12:54:04,5,8,Invierno
106081,NAPROXENO 550MG TAB. REC CJAX100UND,PORTUGAL GENERICO,0.0,10.0,3.0,2025-08-20 15:13:35,13,8,Invierno
106081,NAPROXENO 550MG TAB. REC CJAX100UND,PORTUGAL GENERICO,0.0,7.0,2.1,2025-08-20 17:06:08,13,8,Invierno
106081,NAPROXENO 550MG TAB. REC CJAX100UND,PORTUGAL GENERICO,0.0,4.0,1.2,2025-08-20 17:10:39,9,8,Invierno
106081,NAPROXENO 550MG TAB. REC CJAX100UND,PORTUGAL GENERICO,0.0,10.0,3.0,2025-08-20 18:56:15,4,8,Invierno
106081,NAPROXENO 550MG TAB. REC CJAX100UND,PORTUGAL GENERICO,0.0,10.0,3.0,2025-08-20 20:07:42,5,8,Invierno
106081,NAPROXENO 550MG TAB. REC CJAX100UND,PORTUGAL GENERICO,0.0,10.0,3.0,2025-08-20 21:16:44,1,8,Invierno
106081,NAPROXENO 550MG TAB. REC CJAX100UND,PORTUGAL GENERICO,0.0,5.0,1.5,2025-08-21 08:50:35,5,8,Invierno
106081,NAPROXENO 550MG TAB. REC CJAX100UND,PORTUGAL GENERICO,0.0,1.0,0.3,2025-08-21 10:25:53,3,8,Invierno
106081,NAPROXENO 550MG TAB. REC CJAX100UND,PORTUGAL GENERICO,0.0,10.0,3.0,2025-08-21 19:43:28,9,8,Invierno
106081,NAPROXENO 550MG TAB. REC CJAX100UND,PORTUGAL GENERICO,0.0,10.0,3.0,2025-08-21 19:52:10,5,8,Invierno
106081,NAPROXENO 550MG TAB. REC CJAX100UND,PORTUGAL GENERICO,0.0,5.0,1.5,2025-08-21 21:38:15,9,8,Invierno
106081,NAPROXENO 550MG TAB. REC CJAX100UND,PORTUGAL GENERICO,0.0,10.0,3.0,2025-08-22 13:43:30,13,8,Invierno
106081,NAPROXENO 550MG TAB. REC CJAX100UND,PORTUGAL GENERICO,0.0,20.0,6.0,2025-08-22 16:33:36,9,8,Invierno
106081,NAPROXENO 550MG TAB. REC CJAX100UND,PORTUGAL GENERICO,0.0,20.0,6.0,2025-08-22 17:31:39,5,8,Invierno
106081,NAPROXENO 550MG TAB. REC CJAX100UND,PORTUGAL GENERICO,0.0,10.0,3.0,2025-08-22 20:12:42,2,8,Invierno
106081,NAPROXENO 550MG TAB. REC CJAX100UND,PORTUGAL GENERICO,0.0,10.0,3.0,2025-08-22 21:53:46,16,8,Invierno
106081,NAPROXENO 550MG TAB. REC CJAX100UND,PORTUGAL GENERICO,0.0,10.0,3.0,2025-08-23 19:57:48,4,8,Invierno
106081,NAPROXENO 550MG TAB. REC CJAX100UND,PORTUGAL GENERICO,0.0,10.0,3.0,2025-08-23 21:19:27,4,8,Invierno
106081,NAPROXENO 550MG TAB. REC CJAX100UND,PORTUGAL GENERICO,0.0,10.0,3.0,2025-08-24 10:25:48,4,8,Invierno
106081,NAPROXENO 550MG TAB. REC CJAX100UND,PORTUGAL GENERICO,0.0,10.0,3.0,2025-08-24 12:39:07,4,8,Invierno
106081,NAPROXENO 550MG TAB. REC CJAX100UND,PORTUGAL GENERICO,0.0,6.0,1.8,2025-08-24 15:24:25,13,8,Invierno
106081,NAPROXENO 550MG TAB. REC CJAX100UND,PORTUGAL GENERICO,0.0,10.0,3.0,2025-08-24 15:42:36,13,8,Invierno
106081,NAPROXENO 550MG TAB. REC CJAX100UND,PORTUGAL GENERICO,0.0,10.0,3.0,2025-08-24 17:05:07,9,8,Invierno
106081,NAPROXENO 550MG TAB. REC CJAX100UND,PORTUGAL GENERICO,0.0,10.0,3.0,2025-08-24 18:36:15,13,8,Invierno
106081,NAPROXENO 550MG TAB. REC CJAX100UND,PORTUGAL GENERICO,0.0,20.0,6.0,2025-08-24 18:52:02,1,8,Invierno
106081,NAPROXENO 550MG TAB. REC CJAX100UND,PORTUGAL GENERICO,0.0,10.0,3.0,2025-08-24 18:55:26,1,8,Invierno
106081,NAPROXENO 550MG TAB. REC CJAX100UND,PORTUGAL GENERICO,0.0,10.0,3.0,2025-08-24 19:39:07,9,8,Invierno
106081,NAPROXENO 550MG TAB. REC CJAX100UND,PORTUGAL GENERICO,0.0,10.0,3.0,2025-08-24 20:30:41,1,8,Invierno
106081,NAPROXENO 550MG TAB. REC CJAX100UND,PORTUGAL GENERICO,0.0,10.0,3.0,2025-08-24 20:43:16,2,8,Invierno
106081,NAPROXENO 550MG TAB. REC CJAX100UND,PORTUGAL GENERICO,0.0,30.0,9.0,2025-08-24 21:10:33,1,8,Invierno
106081,NAPROXENO 550MG TAB. REC CJAX100UND,PORTUGAL GENERICO,0.0,10.0,3.0,2025-08-25 12:54:27,2,8,Invierno
106081,NAPROXENO 550MG TAB. REC CJAX100UND,PORTUGAL GENERICO,0.0,10.0,3.0,2025-08-25 15:30:28,1,8,Invierno
106081,NAPROXENO 550MG TAB. REC CJAX100UND,PORTUGAL GENERICO,0.0,10.0,3.0,2025-08-25 16:59:12,13,8,Invierno
106081,NAPROXENO 550MG TAB. REC CJAX100UND,PORTUGAL GENERICO,0.0,5.0,1.5,2025-08-26 08:26:31,13,8,Invierno
106081,NAPROXENO 550MG TAB. REC CJAX100UND,PORTUGAL GENERICO,0.0,10.0,3.0,2025-08-26 14:16:34,11,8,Invierno
106081,NAPROXENO 550MG TAB. REC CJAX100UND,PORTUGAL GENERICO,0.0,10.0,3.0,2025-08-26 20:07:05,1,8,Invierno
106081,NAPROXENO 550MG TAB. REC CJAX100UND,PORTUGAL GENERICO,0.0,10.0,3.0,2025-08-26 20:43:10,5,8,Invierno
106081,NAPROXENO 550MG TAB. REC CJAX100UND,PORTUGAL GENERICO,0.0,10.0,3.0,2025-08-26 21:10:04,1,8,Invierno
106081,NAPROXENO 550MG TAB. REC CJAX100UND,PORTUGAL GENERICO,0.0,10.0,3.0,2025-08-26 21:13:09,1,8,Invierno
106081,NAPROXENO 550MG TAB. REC CJAX100UND,PORTUGAL GENERICO,0.0,10.0,3.0,2025-08-26 21:53:37,4,8,Invierno
106081,NAPROXENO 550MG TAB. REC CJAX100UND,PORTUGAL GENERICO,0.0,10.0,3.0,2025-08-27 09:27:04,16,8,Invierno
106081,NAPROXENO 550MG TAB. REC CJAX100UND,PORTUGAL GENERICO,0.0,20.0,6.0,2025-08-27 17:07:17,5,8,Invierno
106081,NAPROXENO 550MG TAB. REC CJAX100UND,PORTUGAL GENERICO,0.0,20.0,6.0,2025-08-27 20:01:01,5,8,Invierno
106081,NAPROXENO 550MG TAB. REC CJAX100UND,PORTUGAL GENERICO,0.0,10.0,3.0,2025-08-27 20:07:54,5,8,Invierno
106081,NAPROXENO 550MG TAB. REC CJAX100UND,PORTUGAL GENERICO,0.0,10.0,3.0,2025-08-27 20:12:25,2,8,Invierno
106081,NAPROXENO 550MG TAB. REC CJAX100UND,PORTUGAL GENERICO,0.0,10.0,3.0,2025-08-27 20:13:11,5,8,Invierno
106081,NAPROXENO 550MG TAB. REC CJAX100UND,PORTUGAL GENERICO,0.0,10.0,3.0,2025-08-28 10:52:00,1,8,Invierno
106081,NAPROXENO 550MG TAB. REC CJAX100UND,PORTUGAL GENERICO,0.0,3.0,0.9,2025-08-28 17:05:23,3,8,Invierno
106081,NAPROXENO 550MG TAB. REC CJAX100UND,PORTUGAL GENERICO,0.0,10.0,3.0,2025-08-28 19:58:08,1,8,Invierno
106081,NAPROXENO 550MG TAB. REC CJAX100UND,PORTUGAL GENERICO,0.0,10.0,3.0,2025-08-29 16:12:54,2,8,Invierno
106081,NAPROXENO 550MG TAB. REC CJAX100UND,PORTUGAL GENERICO,0.0,10.0,3.0,2025-08-29 17:47:38,13,8,Invierno
106081,NAPROXENO 550MG TAB. REC CJAX100UND,PORTUGAL GENERICO,0.0,10.0,3.0,2025-08-29 18:18:54,9,8,Invierno
106081,NAPROXENO 550MG TAB. REC CJAX100UND,PORTUGAL GENERICO,0.0,20.0,6.0,2025-08-29 18:54:44,2,8,Invierno
106081,NAPROXENO 550MG TAB. REC CJAX100UND,PORTUGAL GENERICO,0.0,10.0,3.0,2025-08-29 19:07:44,1,8,Invierno
106081,NAPROXENO 550MG TAB. REC CJAX100UND,PORTUGAL GENERICO,0.0,3.0,0.9,2025-08-29 20:15:00,13,8,Invierno
106081,NAPROXENO 550MG TAB. REC CJAX100UND,PORTUGAL GENERICO,0.0,10.0,3.0,2025-08-29 22:01:04,9,8,Invierno
106081,NAPROXENO 550MG TAB. REC CJAX100UND,PORTUGAL GENERICO,0.0,10.0,3.0,2025-08-30 13:17:37,16,8,Invierno
106081,NAPROXENO 550MG TAB. REC CJAX100UND,PORTUGAL GENERICO,0.0,1.0,0.3,2025-08-30 14:36:48,9,8,Invierno
106081,NAPROXENO 550MG TAB. REC CJAX100UND,PORTUGAL GENERICO,0.0,10.0,3.0,2025-08-30 18:54:45,13,8,Invierno
106081,NAPROXENO 550MG TAB. REC CJAX100UND,PORTUGAL GENERICO,0.0,1.0,0.3,2025-08-30 19:30:22,9,8,Invierno
106081,NAPROXENO 550MG TAB. REC CJAX100UND,PORTUGAL GENERICO,0.0,10.0,3.0,2025-08-30 19:31:34,9,8,Invierno
106081,NAPROXENO 550MG TAB. REC CJAX100UND,PORTUGAL GENERICO,0.0,10.0,2.8,2025-08-30 21:10:19,9,8,Invierno
106081,NAPROXENO 550MG TAB. REC CJAX100UND,PORTUGAL GENERICO,0.0,10.0,3.0,2025-08-30 21:54:41,2,8,Invierno
106081,NAPROXENO 550MG TAB. REC CJAX100UND,PORTUGAL GENERICO,0.0,10.0,3.0,2025-08-31 08:37:24,2,8,Invierno
106081,NAPROXENO 550MG TAB. REC CJAX100UND,PORTUGAL GENERICO,0.0,5.0,1.5,2025-08-31 15:30:51,11,8,Invierno
106081,NAPROXENO 550MG TAB. REC CJAX100UND,PORTUGAL GENERICO,0.0,5.0,1.5,2025-08-31 16:37:56,2,8,Invierno
106081,NAPROXENO 550MG TAB. REC CJAX100UND,PORTUGAL GENERICO,0.0,3.0,0.9,2025-08-31 18:44:04,13,8,Invierno
106081,NAPROXENO 550MG TAB. REC CJAX100UND,PORTUGAL GENERICO,0.0,10.0,3.0,2025-08-31 19:10:10,5,8,Invierno
106081,NAPROXENO 550MG TAB. REC CJAX100UND,PORTUGAL GENERICO,0.0,10.0,3.0,2025-08-31 20:04:54,5,8,Invierno
106081,NAPROXENO 550MG TAB. REC CJAX100UND,PORTUGAL GENERICO,0.0,20.0,6.0,2025-08-31 20:34:45,2,8,Invierno
106081,NAPROXENO 550MG TAB. REC CJAX100UND,PORTUGAL GENERICO,0.0,10.0,3.0,2025-08-31 20:35:58,2,8,Invierno
106081,NAPROXENO 550MG TAB. REC CJAX100UND,PORTUGAL GENERICO,0.0,20.0,6.0,2025-08-31 20:42:15,4,8,Invierno
106081,NAPROXENO 550MG TAB. REC CJAX100UND,PORTUGAL GENERICO,0.0,20.0,6.0,2025-09-01 07:18:55,13,9,Primavera
106081,NAPROXENO 550MG TAB. REC CJAX100UND,PORTUGAL GENERICO,0.0,10.0,3.0,2025-09-01 08:31:37,5,9,Primavera
106081,NAPROXENO 550MG TAB. REC CJAX100UND,PORTUGAL GENERICO,0.0,10.0,3.0,2025-09-01 09:59:06,9,9,Primavera
106081,NAPROXENO 550MG TAB. REC CJAX100UND,PORTUGAL GENERICO,0.0,10.0,3.0,2025-09-01 10:11:50,3,9,Primavera
106081,NAPROXENO 550MG TAB. REC CJAX100UND,PORTUGAL GENERICO,0.0,20.0,6.0,2025-09-01 11:29:34,4,9,Primavera
106081,NAPROXENO 550MG TAB. REC CJAX100UND,PORTUGAL GENERICO,0.0,10.0,3.0,2025-09-01 12:14:08,2,9,Primavera
106081,NAPROXENO 550MG TAB. REC CJAX100UND,PORTUGAL GENERICO,0.0,1.0,0.3,2025-09-01 16:03:12,2,9,Primavera
106081,NAPROXENO 550MG TAB. REC CJAX100UND,PORTUGAL GENERICO,0.0,10.0,3.0,2025-09-01 18:29:01,13,9,Primavera
106081,NAPROXENO 550MG TAB. REC CJAX100UND,PORTUGAL GENERICO,0.0,10.0,3.0,2025-09-02 12:24:02,2,9,Primavera
106081,NAPROXENO 550MG TAB. REC CJAX100UND,PORTUGAL GENERICO,0.0,3.0,0.9,2025-09-02 16:24:36,3,9,Primavera
106081,NAPROXENO 550MG TAB. REC CJAX100UND,PORTUGAL GENERICO,0.0,10.0,3.0,2025-09-02 17:00:06,1,9,Primavera
106081,NAPROXENO 550MG TAB. REC CJAX100UND,PORTUGAL GENERICO,0.0,20.0,6.0,2025-09-02 19:26:25,1,9,Primavera
106081,NAPROXENO 550MG TAB. REC CJAX100UND,PORTUGAL GENERICO,0.0,10.0,3.0,2025-09-02 19:28:10,1,9,Primavera
106081,NAPROXENO 550MG TAB. REC CJAX100UND,PORTUGAL GENERICO,0.0,10.0,3.0,2025-09-02 20:15:44,2,9,Primavera
106081,NAPROXENO 550MG TAB. REC CJAX100UND,PORTUGAL GENERICO,0.0,5.0,1.5,2025-09-02 20:37:19,2,9,Primavera
106081,NAPROXENO 550MG TAB. REC CJAX100UND,PORTUGAL GENERICO,0.0,10.0,3.0,2025-09-02 20:43:40,13,9,Primavera
106081,NAPROXENO 550MG TAB. REC CJAX100UND,PORTUGAL GENERICO,0.0,10.0,3.0,2025-09-02 21:27:26,16,9,Primavera
106081,NAPROXENO 550MG TAB. REC CJAX100UND,PORTUGAL GENERICO,0.0,10.0,3.0,2025-09-02 22:21:59,1,9,Primavera
106081,NAPROXENO 550MG TAB. REC CJAX100UND,PORTUGAL GENERICO,0.0,10.0,3.0,2025-09-03 11:31:16,1,9,Primavera
106081,NAPROXENO 550MG TAB. REC CJAX100UND,PORTUGAL GENERICO,0.0,-10.0,-3.0,2025-09-03 11:48:56,1,9,Primavera
106081,NAPROXENO 550MG TAB. REC CJAX100UND,PORTUGAL GENERICO,0.0,10.0,3.0,2025-09-03 13:50:10,1,9,Primavera
106081,NAPROXENO 550MG TAB. REC CJAX100UND,PORTUGAL GENERICO,0.0,5.0,1.5,2025-09-03 14:18:23,2,9,Primavera
106081,NAPROXENO 550MG TAB. REC CJAX100UND,PORTUGAL GENERICO,0.0,10.0,3.0,2025-09-03 15:03:04,2,9,Primavera
106081,NAPROXENO 550MG TAB. REC CJAX100UND,PORTUGAL GENERICO,0.0,10.0,3.0,2025-09-03 17:01:23,5,9,Primavera
106081,NAPROXENO 550MG TAB. REC CJAX100UND,PORTUGAL GENERICO,0.0,10.0,3.0,2025-09-03 22:35:01,13,9,Primavera
106081,NAPROXENO 550MG TAB. REC CJAX100UND,PORTUGAL GENERICO,0.0,10.0,3.0,2025-09-04 10:10:46,9,9,Primavera
106081,NAPROXENO 550MG TAB. REC CJAX100UND,PORTUGAL GENERICO,0.0,2.0,0.6,2025-09-04 12:17:09,3,9,Primavera
106081,NAPROXENO 550MG TAB. REC CJAX100UND,PORTUGAL GENERICO,0.0,6.0,1.8,2025-09-04 13:17:40,1,9,Primavera
106081,NAPROXENO 550MG TAB. REC CJAX100UND,PORTUGAL GENERICO,0.0,1.0,0.3,2025-09-04 18:14:24,13,9,Primavera
106081,NAPROXENO 550MG TAB. REC CJAX100UND,PORTUGAL GENERICO,0.0,10.0,3.0,2025-09-04 19:07:19,2,9,Primavera
106081,NAPROXENO 550MG TAB. REC CJAX100UND,PORTUGAL GENERICO,0.0,5.0,1.5,2025-09-04 20:06:20,9,9,Primavera
106081,NAPROXENO 550MG TAB. REC CJAX100UND,PORTUGAL GENERICO,0.0,3.0,0.9,2025-09-04 20:39:47,9,9,Primavera
106081,NAPROXENO 550MG TAB. REC CJAX100UND,PORTUGAL GENERICO,0.0,10.0,2.8,2025-09-04 21:16:58,15,9,Primavera
106081,NAPROXENO 550MG TAB. REC CJAX100UND,PORTUGAL GENERICO,0.0,1.0,0.3,2025-09-04 21:42:09,1,9,Primavera
106081,NAPROXENO 550MG TAB. REC CJAX100UND,PORTUGAL GENERICO,0.0,10.0,3.0,2025-09-04 22:37:34,16,9,Primavera
106081,NAPROXENO 550MG TAB. REC CJAX100UND,PORTUGAL GENERICO,0.0,10.0,3.0,2025-09-05 09:33:39,9,9,Primavera
106081,NAPROXENO 550MG TAB. REC CJAX100UND,PORTUGAL GENERICO,0.0,5.0,1.5,2025-09-05 10:47:45,2,9,Primavera
106081,NAPROXENO 550MG TAB. REC CJAX100UND,PORTUGAL GENERICO,0.0,10.0,3.0,2025-09-05 11:11:23,15,9,Primavera
106081,NAPROXENO 550MG TAB. REC CJAX100UND,PORTUGAL GENERICO,0.0,10.0,3.0,2025-09-05 13:35:32,9,9,Primavera
106081,NAPROXENO 550MG TAB. REC CJAX100UND,PORTUGAL GENERICO,0.0,10.0,3.0,2025-09-05 14:46:34,1,9,Primavera
106081,NAPROXENO 550MG TAB. REC CJAX100UND,PORTUGAL GENERICO,0.0,10.0,3.0,2025-09-05 15:19:39,9,9,Primavera
106081,NAPROXENO 550MG TAB. REC CJAX100UND,PORTUGAL GENERICO,0.0,10.0,3.0,2025-09-05 15:35:51,3,9,Primavera
106081,NAPROXENO 550MG TAB. REC CJAX100UND,PORTUGAL GENERICO,0.0,15.0,4.5,2025-09-05 15:40:41,9,9,Primavera
106081,NAPROXENO 550MG TAB. REC CJAX100UND,PORTUGAL GENERICO,0.0,20.0,6.0,2025-09-05 15:47:09,1,9,Primavera
106081,NAPROXENO 550MG TAB. REC CJAX100UND,PORTUGAL GENERICO,0.0,10.0,3.0,2025-09-05 18:21:29,11,9,Primavera
106081,NAPROXENO 550MG TAB. REC CJAX100UND,PORTUGAL GENERICO,0.0,10.0,3.0,2025-09-05 18:35:50,3,9,Primavera
106081,NAPROXENO 550MG TAB. REC CJAX100UND,PORTUGAL GENERICO,0.0,10.0,3.0,2025-09-05 19:49:43,1,9,Primavera
106081,NAPROXENO 550MG TAB. REC CJAX100UND,PORTUGAL GENERICO,0.0,10.0,3.0,2025-09-05 19:52:56,9,9,Primavera
106081,NAPROXENO 550MG TAB. REC CJAX100UND,PORTUGAL GENERICO,0.0,10.0,3.0,2025-09-05 20:12:52,1,9,Primavera
106081,NAPROXENO 550MG TAB. REC CJAX100UND,PORTUGAL GENERICO,0.0,10.0,3.0,2025-09-06 10:25:55,16,9,Primavera
106081,NAPROXENO 550MG TAB. REC CJAX100UND,PORTUGAL GENERICO,0.0,10.0,3.0,2025-09-06 13:01:42,1,9,Primavera
106081,NAPROXENO 550MG TAB. REC CJAX100UND,PORTUGAL GENERICO,0.0,10.0,3.0,2025-09-06 13:35:01,5,9,Primavera
106081,NAPROXENO 550MG TAB. REC CJAX100UND,PORTUGAL GENERICO,0.0,10.0,3.0,2025-09-06 18:37:16,2,9,Primavera
106081,NAPROXENO 550MG TAB. REC CJAX100UND,PORTUGAL GENERICO,0.0,10.0,3.0,2025-09-06 20:04:17,1,9,Primavera
106081,NAPROXENO 550MG TAB. REC CJAX100UND,PORTUGAL GENERICO,0.0,3.0,0.9,2025-09-06 20:22:43,2,9,Primavera
106081,NAPROXENO 550MG TAB. REC CJAX100UND,PORTUGAL GENERICO,0.0,10.0,3.0,2025-09-07 08:29:52,1,9,Primavera
106081,NAPROXENO 550MG TAB. REC CJAX100UND,PORTUGAL GENERICO,0.0,10.0,3.0,2025-09-07 12:14:35,16,9,Primavera
106081,NAPROXENO 550MG TAB. REC CJAX100UND,PORTUGAL GENERICO,0.0,30.0,9.0,2025-09-07 12:22:02,16,9,Primavera
106081,NAPROXENO 550MG TAB. REC CJAX100UND,PORTUGAL GENERICO,0.0,10.0,3.0,2025-09-07 13:16:52,9,9,Primavera
106081,NAPROXENO 550MG TAB. REC CJAX100UND,PORTUGAL GENERICO,0.0,10.0,3.0,2025-09-07 13:34:07,9,9,Primavera
106081,NAPROXENO 550MG TAB. REC CJAX100UND,PORTUGAL GENERICO,0.0,5.0,1.5,2025-09-07 18:44:25,9,9,Primavera
106081,NAPROXENO 550MG TAB. REC CJAX100UND,PORTUGAL GENERICO,0.0,10.0,3.0,2025-09-07 19:21:38,16,9,Primavera
106081,NAPROXENO 550MG TAB. REC CJAX100UND,PORTUGAL GENERICO,0.0,5.0,1.5,2025-09-08 10:08:54,1,9,Primavera
106081,NAPROXENO 550MG TAB. REC CJAX100UND,PORTUGAL GENERICO,0.0,10.0,3.0,2025-09-08 11:10:09,13,9,Primavera
106081,NAPROXENO 550MG TAB. REC CJAX100UND,PORTUGAL GENERICO,0.0,10.0,3.0,2025-09-08 13:00:29,2,9,Primavera
106081,NAPROXENO 550MG TAB. REC CJAX100UND,PORTUGAL GENERICO,0.0,20.0,6.0,2025-09-08 13:16:54,9,9,Primavera
106081,NAPROXENO 550MG TAB. REC CJAX100UND,PORTUGAL GENERICO,0.0,10.0,3.0,2025-09-08 17:23:41,9,9,Primavera
106081,NAPROXENO 550MG TAB. REC CJAX100UND,PORTUGAL GENERICO,0.0,20.0,5.6,2025-09-08 17:53:48,9,9,Primavera
106081,NAPROXENO 550MG TAB. REC CJAX100UND,PORTUGAL GENERICO,0.0,10.0,3.0,2025-09-08 18:23:04,1,9,Primavera
106081,NAPROXENO 550MG TAB. REC CJAX100UND,PORTUGAL GENERICO,0.0,4.0,1.12,2025-09-08 20:15:41,9,9,Primavera
106081,NAPROXENO 550MG TAB. REC CJAX100UND,PORTUGAL GENERICO,0.0,10.0,3.0,2025-09-08 22:29:45,1,9,Primavera
106081,NAPROXENO 550MG TAB. REC CJAX100UND,PORTUGAL GENERICO,0.0,10.0,3.0,2025-09-09 11:14:12,11,9,Primavera
106081,NAPROXENO 550MG TAB. REC CJAX100UND,PORTUGAL GENERICO,0.0,10.0,3.0,2025-09-09 12:06:27,1,9,Primavera
106081,NAPROXENO 550MG TAB. REC CJAX100UND,PORTUGAL GENERICO,0.0,20.0,6.0,2025-09-09 17:48:42,11,9,Primavera
106081,NAPROXENO 550MG TAB. REC CJAX100UND,PORTUGAL GENERICO,0.0,10.0,3.0,2025-09-09 22:12:04,9,9,Primavera
106081,NAPROXENO 550MG TAB. REC CJAX100UND,PORTUGAL GENERICO,0.0,10.0,3.0,2025-09-10 15:38:11,3,9,Primavera
106081,NAPROXENO 550MG TAB. REC CJAX100UND,PORTUGAL GENERICO,0.0,10.0,3.0,2025-09-10 17:07:48,9,9,Primavera
106081,NAPROXENO 550MG TAB. REC CJAX100UND,PORTUGAL GENERICO,0.0,10.0,3.0,2025-09-10 17:20:08,1,9,Primavera
106081,NAPROXENO 550MG TAB. REC CJAX100UND,PORTUGAL GENERICO,0.0,10.0,3.0,2025-09-10 17:45:46,11,9,Primavera
106081,NAPROXENO 550MG TAB. REC CJAX100UND,PORTUGAL GENERICO,0.0,10.0,3.0,2025-09-10 18:08:16,13,9,Primavera
106081,NAPROXENO 550MG TAB. REC CJAX100UND,PORTUGAL GENERICO,0.0,10.0,3.0,2025-09-10 19:38:28,11,9,Primavera
106081,NAPROXENO 550MG TAB. REC CJAX100UND,PORTUGAL GENERICO,0.0,10.0,3.0,2025-09-10 20:17:21,13,9,Primavera
106081,NAPROXENO 550MG TAB. REC CJAX100UND,PORTUGAL GENERICO,0.0,10.0,3.0,2025-09-11 07:53:45,13,9,Primavera
106081,NAPROXENO 550MG TAB. REC CJAX100UND,PORTUGAL GENERICO,0.0,10.0,3.0,2025-09-11 12:17:16,1,9,Primavera
106081,NAPROXENO 550MG TAB. REC CJAX100UND,PORTUGAL GENERICO,0.0,3.0,0.9,2025-09-11 18:11:13,9,9,Primavera
106081,NAPROXENO 550MG TAB. REC CJAX100UND,PORTUGAL GENERICO,0.0,10.0,3.0,2025-09-11 20:02:55,9,9,Primavera
106081,NAPROXENO 550MG TAB. REC CJAX100UND,PORTUGAL GENERICO,0.0,10.0,3.0,2025-09-11 21:50:28,9,9,Primavera
106081,NAPROXENO 550MG TAB. REC CJAX100UND,PORTUGAL GENERICO,0.0,10.0,3.0,2025-09-12 09:15:42,16,9,Primavera
106081,NAPROXENO 550MG TAB. REC CJAX100UND,PORTUGAL GENERICO,0.0,20.0,5.6,2025-09-12 11:07:16,3,9,Primavera
106081,NAPROXENO 550MG TAB. REC CJAX100UND,PORTUGAL GENERICO,0.0,10.0,3.0,2025-09-12 12:52:23,11,9,Primavera
106081,NAPROXENO 550MG TAB. REC CJAX100UND,PORTUGAL GENERICO,0.0,10.0,3.0,2025-09-12 17:05:54,1,9,Primavera
106081,NAPROXENO 550MG TAB. REC CJAX100UND,PORTUGAL GENERICO,0.0,10.0,2.8,2025-09-12 20:01:39,11,9,Primavera
106081,NAPROXENO 550MG TAB. REC CJAX100UND,PORTUGAL GENERICO,0.0,10.0,3.0,2025-09-12 20:47:01,3,9,Primavera
106081,NAPROXENO 550MG TAB. REC CJAX100UND,PORTUGAL GENERICO,0.0,10.0,3.0,2025-09-12 21:20:37,13,9,Primavera
106081,NAPROXENO 550MG TAB. REC CJAX100UND,PORTUGAL GENERICO,0.0,10.0,3.0,2025-09-12 21:25:55,9,9,Primavera
106081,NAPROXENO 550MG TAB. REC CJAX100UND,PORTUGAL GENERICO,0.0,10.0,3.0,2025-09-12 21:35:51,1,9,Primavera
106081,NAPROXENO 550MG TAB. REC CJAX100UND,PORTUGAL GENERICO,0.0,5.0,1.5,2025-09-13 07:28:11,9,9,Primavera
106081,NAPROXENO 550MG TAB. REC CJAX100UND,PORTUGAL GENERICO,0.0,10.0,3.0,2025-09-13 09:51:01,9,9,Primavera
106081,NAPROXENO 550MG TAB. REC CJAX100UND,PORTUGAL GENERICO,0.0,10.0,3.0,2025-09-13 19:54:49,15,9,Primavera
106081,NAPROXENO 550MG TAB. REC CJAX100UND,PORTUGAL GENERICO,0.0,2.0,0.6,2025-09-14 13:25:08,3,9,Primavera
106081,NAPROXENO 550MG TAB. REC CJAX100UND,PORTUGAL GENERICO,0.0,2.0,0.6,2025-09-14 15:16:14,13,9,Primavera
106081,NAPROXENO 550MG TAB. REC CJAX100UND,PORTUGAL GENERICO,0.0,10.0,3.0,2025-09-14 18:51:06,11,9,Primavera
106081,NAPROXENO 550MG TAB. REC CJAX100UND,PORTUGAL GENERICO,0.0,10.0,3.0,2025-09-15 09:21:33,13,9,Primavera
106081,NAPROXENO 550MG TAB. REC CJAX100UND,PORTUGAL GENERICO,0.0,10.0,3.0,2025-09-15 19:10:29,1,9,Primavera
106081,NAPROXENO 550MG TAB. REC CJAX100UND,PORTUGAL GENERICO,0.0,10.0,3.0,2025-09-15 21:41:03,1,9,Primavera
106081,NAPROXENO 550MG TAB. REC CJAX100UND,PORTUGAL GENERICO,0.0,10.0,3.0,2025-09-16 10:12:38,1,9,Primavera
106081,NAPROXENO 550MG TAB. REC CJAX100UND,PORTUGAL GENERICO,0.0,10.0,3.0,2025-09-16 10:51:14,15,9,Primavera
106081,NAPROXENO 550MG TAB. REC CJAX100UND,PORTUGAL GENERICO,0.0,10.0,3.0,2025-09-16 18:48:19,13,9,Primavera
106081,NAPROXENO 550MG TAB. REC CJAX100UND,PORTUGAL GENERICO,0.0,10.0,3.0,2025-09-17 12:16:00,1,9,Primavera
106081,NAPROXENO 550MG TAB. REC CJAX100UND,PORTUGAL GENERICO,0.0,10.0,3.0,2025-09-17 12:16:14,13,9,Primavera
106081,NAPROXENO 550MG TAB. REC CJAX100UND,PORTUGAL GENERICO,0.0,10.0,3.0,2025-09-17 17:56:10,11,9,Primavera
106081,NAPROXENO 550MG TAB. REC CJAX100UND,PORTUGAL GENERICO,0.0,10.0,3.0,2025-09-17 18:39:15,3,9,Primavera
106081,NAPROXENO 550MG TAB. REC CJAX100UND,PORTUGAL GENERICO,0.0,10.0,3.0,2025-09-17 19:46:54,1,9,Primavera
106081,NAPROXENO 550MG TAB. REC CJAX100UND,PORTUGAL GENERICO,0.0,20.0,6.0,2025-09-18 12:53:55,13,9,Primavera
106081,NAPROXENO 550MG TAB. REC CJAX100UND,PORTUGAL GENERICO,1.0,0.0,30.0,2025-09-18 17:41:48,3,9,Primavera
106081,NAPROXENO 550MG TAB. REC CJAX100UND,PORTUGAL GENERICO,0.0,10.0,3.0,2025-09-18 19:06:58,16,9,Primavera
106081,NAPROXENO 550MG TAB. REC CJAX100UND,PORTUGAL GENERICO,0.0,10.0,3.0,2025-09-18 19:57:11,16,9,Primavera
106081,NAPROXENO 550MG TAB. REC CJAX100UND,PORTUGAL GENERICO,0.0,10.0,3.0,2025-09-18 20:16:41,1,9,Primavera
106081,NAPROXENO 550MG TAB. REC CJAX100UND,PORTUGAL GENERICO,0.0,10.0,3.0,2025-09-18 22:37:14,1,9,Primavera
106081,NAPROXENO 550MG TAB. REC CJAX100UND,PORTUGAL GENERICO,0.0,20.0,6.0,2025-09-19 09:17:59,13,9,Primavera
106081,NAPROXENO 550MG TAB. REC CJAX100UND,PORTUGAL GENERICO,0.0,20.0,6.0,2025-09-19 14:09:55,11,9,Primavera
106081,NAPROXENO 550MG TAB. REC CJAX100UND,PORTUGAL GENERICO,0.0,10.0,2.8,2025-09-19 18:15:40,11,9,Primavera
106081,NAPROXENO 550MG TAB. REC CJAX100UND,PORTUGAL GENERICO,0.0,3.0,0.9,2025-09-19 18:44:54,3,9,Primavera
106081,NAPROXENO 550MG TAB. REC CJAX100UND,PORTUGAL GENERICO,0.0,10.0,3.0,2025-09-19 18:58:23,16,9,Primavera
106081,NAPROXENO 550MG TAB. REC CJAX100UND,PORTUGAL GENERICO,0.0,10.0,3.0,2025-09-19 21:48:13,15,9,Primavera
106081,NAPROXENO 550MG TAB. REC CJAX100UND,PORTUGAL GENERICO,0.0,10.0,3.0,2025-09-20 18:59:55,13,9,Primavera
106081,NAPROXENO 550MG TAB. REC CJAX100UND,PORTUGAL GENERICO,0.0,10.0,3.0,2025-09-20 19:10:01,16,9,Primavera
106081,NAPROXENO 550MG TAB. REC CJAX100UND,PORTUGAL GENERICO,0.0,10.0,3.0,2025-09-21 14:41:23,15,9,Primavera
106081,NAPROXENO 550MG TAB. REC CJAX100UND,PORTUGAL GENERICO,0.0,10.0,3.0,2025-09-21 20:31:43,1,9,Primavera
106081,NAPROXENO 550MG TAB. REC CJAX100UND,PORTUGAL GENERICO,0.0,10.0,3.0,2025-09-21 22:19:41,16,9,Primavera
106081,NAPROXENO 550MG TAB. REC CJAX100UND,PORTUGAL GENERICO,0.0,2.0,0.6,2025-09-22 15:17:12,3,9,Primavera
106081,NAPROXENO 550MG TAB. REC CJAX100UND,PORTUGAL GENERICO,0.0,5.0,1.5,2025-09-22 18:46:28,1,9,Primavera
106081,NAPROXENO 550MG TAB. REC CJAX100UND,PORTUGAL GENERICO,0.0,10.0,3.0,2025-09-22 21:10:29,11,9,Primavera
106081,NAPROXENO 550MG TAB. REC CJAX100UND,PORTUGAL GENERICO,0.0,10.0,3.0,2025-09-23 19:26:55,11,9,Primavera
106081,NAPROXENO 550MG TAB. REC CJAX100UND,PORTUGAL GENERICO,0.0,10.0,3.0,2025-09-23 19:35:02,1,9,Primavera
106081,NAPROXENO 550MG TAB. REC CJAX100UND,PORTUGAL GENERICO,0.0,10.0,3.0,2025-09-23 20:00:35,1,9,Primavera
106081,NAPROXENO 550MG TAB. REC CJAX100UND,PORTUGAL GENERICO,0.0,2.0,0.6,2025-09-23 21:00:42,3,9,Primavera
106081,NAPROXENO 550MG TAB. REC CJAX100UND,PORTUGAL GENERICO,0.0,2.0,0.6,2025-09-24 15:03:39,2,9,Primavera
106081,NAPROXENO 550MG TAB. REC CJAX100UND,PORTUGAL GENERICO,0.0,10.0,3.0,2025-09-24 17:19:56,1,9,Primavera
106081,NAPROXENO 550MG TAB. REC CJAX100UND,PORTUGAL GENERICO,0.0,10.0,3.0,2025-09-25 15:12:17,11,9,Primavera
106081,NAPROXENO 550MG TAB. REC CJAX100UND,PORTUGAL GENERICO,0.0,5.0,1.5,2025-09-26 13:47:11,5,9,Primavera
106081,NAPROXENO 550MG TAB. REC CJAX100UND,PORTUGAL GENERICO,0.0,10.0,3.0,2025-09-26 17:59:38,1,9,Primavera
106081,NAPROXENO 550MG TAB. REC CJAX100UND,PORTUGAL GENERICO,0.0,5.0,1.5,2025-09-29 09:56:16,13,9,Primavera
106081,NAPROXENO 550MG TAB. REC CJAX100UND,PORTUGAL GENERICO,0.0,10.0,3.0,2025-09-29 10:02:12,1,9,Primavera
106081,NAPROXENO 550MG TAB. REC CJAX100UND,PORTUGAL GENERICO,0.0,100.0,30.0,2025-09-29 10:47:02,1,9,Primavera
106081,NAPROXENO 550MG TAB. REC CJAX100UND,PORTUGAL GENERICO,0.0,1.0,0.3,2025-09-29 18:37:34,13,9,Primavera
106081,NAPROXENO 550MG TAB. REC CJAX100UND,PORTUGAL GENERICO,0.0,10.0,3.0,2025-09-30 19:19:45,15,9,Primavera
106081,NAPROXENO 550MG TAB. REC CJAX100UND,PORTUGAL GENERICO,0.0,10.0,3.0,2025-10-01 10:44:59,12,10,Primavera
106081,NAPROXENO 550MG TAB. REC CJAX100UND,PORTUGAL GENERICO,0.0,20.0,6.0,2025-10-02 11:58:40,11,10,Primavera
106081,NAPROXENO 550MG TAB. REC CJAX100UND,PORTUGAL GENERICO,0.0,10.0,3.0,2025-10-02 17:33:49,1,10,Primavera
106081,NAPROXENO 550MG TAB. REC CJAX100UND,PORTUGAL GENERICO,0.0,10.0,3.0,2025-10-02 19:14:22,9,10,Primavera
106081,NAPROXENO 550MG TAB. REC CJAX100UND,PORTUGAL GENERICO,0.0,10.0,3.0,2025-10-03 10:51:20,12,10,Primavera
106081,NAPROXENO 550MG TAB. REC CJAX100UND,PORTUGAL GENERICO,0.0,50.0,15.0,2025-10-03 16:21:37,9,10,Primavera
106081,NAPROXENO 550MG TAB. REC CJAX100UND,PORTUGAL GENERICO,0.0,10.0,3.0,2025-10-03 16:24:27,9,10,Primavera
106081,NAPROXENO 550MG TAB. REC CJAX100UND,PORTUGAL GENERICO,0.0,10.0,3.0,2025-10-04 07:13:22,12,10,Primavera
106081,NAPROXENO 550MG TAB. REC CJAX100UND,PORTUGAL GENERICO,0.0,5.0,1.5,2025-10-04 09:53:00,9,10,Primavera
106081,NAPROXENO 550MG TAB. REC CJAX100UND,PORTUGAL GENERICO,0.0,3.0,0.9,2025-10-04 11:39:26,3,10,Primavera
106081,NAPROXENO 550MG TAB. REC CJAX100UND,PORTUGAL GENERICO,0.0,10.0,3.0,2025-10-04 14:00:14,9,10,Primavera
106081,NAPROXENO 550MG TAB. REC CJAX100UND,PORTUGAL GENERICO,0.0,10.0,3.0,2025-10-04 14:06:41,1,10,Primavera
106081,NAPROXENO 550MG TAB. REC CJAX100UND,PORTUGAL GENERICO,0.0,10.0,3.0,2025-10-04 16:38:58,5,10,Primavera
106081,NAPROXENO 550MG TAB. REC CJAX100UND,PORTUGAL GENERICO,0.0,10.0,3.0,2025-10-04 16:58:43,5,10,Primavera
106081,NAPROXENO 550MG TAB. REC CJAX100UND,PORTUGAL GENERICO,0.0,10.0,3.0,2025-10-05 09:02:46,5,10,Primavera
106081,NAPROXENO 550MG TAB. REC CJAX100UND,PORTUGAL GENERICO,0.0,10.0,3.0,2025-10-05 09:51:22,3,10,Primavera
106081,NAPROXENO 550MG TAB. REC CJAX100UND,PORTUGAL GENERICO,0.0,10.0,3.0,2025-10-05 09:51:55,16,10,Primavera
106081,NAPROXENO 550MG TAB. REC CJAX100UND,PORTUGAL GENERICO,0.0,10.0,3.0,2025-10-05 11:22:34,3,10,Primavera
106081,NAPROXENO 550MG TAB. REC CJAX100UND,PORTUGAL GENERICO,0.0,10.0,3.0,2025-10-05 12:07:48,13,10,Primavera
106081,NAPROXENO 550MG TAB. REC CJAX100UND,PORTUGAL GENERICO,0.0,10.0,3.0,2025-10-05 12:53:36,5,10,Primavera
106081,NAPROXENO 550MG TAB. REC CJAX100UND,PORTUGAL GENERICO,0.0,5.0,1.5,2025-10-05 13:35:43,2,10,Primavera
106081,NAPROXENO 550MG TAB. REC CJAX100UND,PORTUGAL GENERICO,0.0,10.0,3.0,2025-10-05 13:50:45,1,10,Primavera
106081,NAPROXENO 550MG TAB. REC CJAX100UND,PORTUGAL GENERICO,0.0,10.0,2.8,2025-10-06 08:42:01,15,10,Primavera
106081,NAPROXENO 550MG TAB. REC CJAX100UND,PORTUGAL GENERICO,0.0,5.0,1.5,2025-10-06 15:19:01,15,10,Primavera
106081,NAPROXENO 550MG TAB. REC CJAX100UND,PORTUGAL GENERICO,0.0,10.0,3.0,2025-10-06 18:11:43,9,10,Primavera
106081,NAPROXENO 550MG TAB. REC CJAX100UND,PORTUGAL GENERICO,0.0,10.0,3.0,2025-10-06 18:42:57,16,10,Primavera
106081,NAPROXENO 550MG TAB. REC CJAX100UND,PORTUGAL GENERICO,0.0,10.0,3.0,2025-10-06 19:58:50,9,10,Primavera
106081,NAPROXENO 550MG TAB. REC CJAX100UND,PORTUGAL GENERICO,0.0,10.0,3.0,2025-10-06 20:25:32,5,10,Primavera
106081,NAPROXENO 550MG TAB. REC CJAX100UND,PORTUGAL GENERICO,0.0,4.0,1.2,2025-10-06 22:11:32,9,10,Primavera
106081,NAPROXENO 550MG TAB. REC CJAX100UND,PORTUGAL GENERICO,0.0,10.0,3.0,2025-10-07 07:38:41,5,10,Primavera
106081,NAPROXENO 550MG TAB. REC CJAX100UND,PORTUGAL GENERICO,0.0,10.0,3.0,2025-10-07 09:18:45,9,10,Primavera
106081,NAPROXENO 550MG TAB. REC CJAX100UND,PORTUGAL GENERICO,0.0,-10.0,-3.0,2025-10-07 12:00:00,9,10,Primavera
106081,NAPROXENO 550MG TAB. REC CJAX100UND,PORTUGAL GENERICO,0.0,10.0,3.0,2025-10-07 12:31:53,9,10,Primavera
106081,NAPROXENO 550MG TAB. REC CJAX100UND,PORTUGAL GENERICO,0.0,10.0,3.0,2025-10-07 12:45:10,3,10,Primavera
106081,NAPROXENO 550MG TAB. REC CJAX100UND,PORTUGAL GENERICO,0.0,20.0,6.0,2025-10-07 13:36:37,3,10,Primavera
106081,NAPROXENO 550MG TAB. REC CJAX100UND,PORTUGAL GENERICO,0.0,10.0,3.0,2025-10-07 18:02:08,2,10,Primavera
106081,NAPROXENO 550MG TAB. REC CJAX100UND,PORTUGAL GENERICO,0.0,10.0,3.0,2025-10-07 18:07:08,3,10,Primavera
106081,NAPROXENO 550MG TAB. REC CJAX100UND,PORTUGAL GENERICO,0.0,10.0,2.8,2025-10-07 18:10:56,2,10,Primavera
106081,NAPROXENO 550MG TAB. REC CJAX100UND,PORTUGAL GENERICO,0.0,10.0,3.0,2025-10-07 18:28:07,1,10,Primavera
106081,NAPROXENO 550MG TAB. REC CJAX100UND,PORTUGAL GENERICO,0.0,10.0,3.0,2025-10-07 18:48:22,5,10,Primavera
106081,NAPROXENO 550MG TAB. REC CJAX100UND,PORTUGAL GENERICO,0.0,10.0,3.0,2025-10-07 18:50:33,5,10,Primavera
106081,NAPROXENO 550MG TAB. REC CJAX100UND,PORTUGAL GENERICO,0.0,10.0,3.0,2025-10-07 18:51:20,1,10,Primavera
106081,NAPROXENO 550MG TAB. REC CJAX100UND,PORTUGAL GENERICO,0.0,10.0,3.0,2025-10-07 19:08:21,2,10,Primavera
106081,NAPROXENO 550MG TAB. REC CJAX100UND,PORTUGAL GENERICO,0.0,10.0,3.0,2025-10-07 20:20:18,5,10,Primavera
106081,NAPROXENO 550MG TAB. REC CJAX100UND,PORTUGAL GENERICO,0.0,20.0,6.0,2025-10-07 21:01:03,2,10,Primavera
106081,NAPROXENO 550MG TAB. REC CJAX100UND,PORTUGAL GENERICO,0.0,20.0,6.0,2025-10-08 11:42:37,1,10,Primavera
106081,NAPROXENO 550MG TAB. REC CJAX100UND,PORTUGAL GENERICO,0.0,10.0,3.0,2025-10-08 12:22:31,13,10,Primavera
106081,NAPROXENO 550MG TAB. REC CJAX100UND,PORTUGAL GENERICO,0.0,10.0,3.0,2025-10-08 13:35:05,1,10,Primavera
106081,NAPROXENO 550MG TAB. REC CJAX100UND,PORTUGAL GENERICO,0.0,10.0,3.0,2025-10-08 18:46:52,1,10,Primavera
106081,NAPROXENO 550MG TAB. REC CJAX100UND,PORTUGAL GENERICO,0.0,10.0,3.0,2025-10-08 19:08:14,3,10,Primavera
106081,NAPROXENO 550MG TAB. REC CJAX100UND,PORTUGAL GENERICO,0.0,40.0,12.0,2025-10-08 19:46:38,5,10,Primavera
106081,NAPROXENO 550MG TAB. REC CJAX100UND,PORTUGAL GENERICO,0.0,10.0,3.0,2025-10-08 19:52:26,9,10,Primavera
106081,NAPROXENO 550MG TAB. REC CJAX100UND,PORTUGAL GENERICO,0.0,10.0,3.0,2025-10-08 21:53:17,5,10,Primavera
106081,NAPROXENO 550MG TAB. REC CJAX100UND,PORTUGAL GENERICO,0.0,10.0,3.0,2025-10-09 08:25:53,3,10,Primavera
106081,NAPROXENO 550MG TAB. REC CJAX100UND,PORTUGAL GENERICO,0.0,10.0,3.0,2025-10-09 08:33:28,9,10,Primavera
106081,NAPROXENO 550MG TAB. REC CJAX100UND,PORTUGAL GENERICO,0.0,10.0,3.0,2025-10-09 10:28:13,5,10,Primavera
106081,NAPROXENO 550MG TAB. REC CJAX100UND,PORTUGAL GENERICO,0.0,10.0,3.0,2025-10-09 10:59:15,5,10,Primavera
106081,NAPROXENO 550MG TAB. REC CJAX100UND,PORTUGAL GENERICO,0.0,10.0,3.0,2025-10-09 11:17:34,1,10,Primavera
106081,NAPROXENO 550MG TAB. REC CJAX100UND,PORTUGAL GENERICO,0.0,30.0,9.0,2025-10-09 12:13:49,1,10,Primavera
106081,NAPROXENO 550MG TAB. REC CJAX100UND,PORTUGAL GENERICO,0.0,10.0,3.0,2025-10-09 16:15:46,9,10,Primavera
106081,NAPROXENO 550MG TAB. REC CJAX100UND,PORTUGAL GENERICO,0.0,10.0,3.0,2025-10-09 16:27:09,1,10,Primavera
106081,NAPROXENO 550MG TAB. REC CJAX100UND,PORTUGAL GENERICO,0.0,10.0,3.0,2025-10-09 18:33:08,1,10,Primavera
106081,NAPROXENO 550MG TAB. REC CJAX100UND,PORTUGAL GENERICO,0.0,10.0,3.0,2025-10-09 19:53:19,1,10,Primavera
106081,NAPROXENO 550MG TAB. REC CJAX100UND,PORTUGAL GENERICO,0.0,10.0,3.0,2025-10-09 20:25:00,2,10,Primavera
106081,NAPROXENO 550MG TAB. REC CJAX100UND,PORTUGAL GENERICO,0.0,10.0,3.0,2025-10-09 20:28:20,2,10,Primavera
106081,NAPROXENO 550MG TAB. REC CJAX100UND,PORTUGAL GENERICO,0.0,10.0,3.0,2025-10-10 08:32:19,9,10,Primavera
106081,NAPROXENO 550MG TAB. REC CJAX100UND,PORTUGAL GENERICO,0.0,10.0,3.0,2025-10-10 08:35:03,1,10,Primavera
106081,NAPROXENO 550MG TAB. REC CJAX100UND,PORTUGAL GENERICO,0.0,10.0,3.0,2025-10-10 11:30:23,13,10,Primavera
106081,NAPROXENO 550MG TAB. REC CJAX100UND,PORTUGAL GENERICO,0.0,10.0,3.0,2025-10-10 11:53:17,12,10,Primavera
106081,NAPROXENO 550MG TAB. REC CJAX100UND,PORTUGAL GENERICO,0.0,20.0,6.0,2025-10-10 13:05:22,1,10,Primavera
106081,NAPROXENO 550MG TAB. REC CJAX100UND,PORTUGAL GENERICO,0.0,10.0,3.0,2025-10-10 13:12:44,1,10,Primavera
106081,NAPROXENO 550MG TAB. REC CJAX100UND,PORTUGAL GENERICO,0.0,5.0,1.5,2025-10-10 13:30:21,9,10,Primavera
106081,NAPROXENO 550MG TAB. REC CJAX100UND,PORTUGAL GENERICO,0.0,10.0,3.0,2025-10-10 16:42:59,1,10,Primavera
106081,NAPROXENO 550MG TAB. REC CJAX100UND,PORTUGAL GENERICO,0.0,10.0,3.0,2025-10-10 18:39:46,1,10,Primavera
106081,NAPROXENO 550MG TAB. REC CJAX100UND,PORTUGAL GENERICO,0.0,10.0,3.0,2025-10-10 19:08:30,2,10,Primavera
106081,NAPROXENO 550MG TAB. REC CJAX100UND,PORTUGAL GENERICO,0.0,10.0,3.0,2025-10-10 19:08:34,3,10,Primavera
106081,NAPROXENO 550MG TAB. REC CJAX100UND,PORTUGAL GENERICO,0.0,10.0,3.0,2025-10-10 19:09:38,13,10,Primavera
106081,NAPROXENO 550MG TAB. REC CJAX100UND,PORTUGAL GENERICO,0.0,10.0,3.0,2025-10-11 11:57:30,13,10,Primavera
106081,NAPROXENO 550MG TAB. REC CJAX100UND,PORTUGAL GENERICO,1.0,0.0,30.0,2025-10-11 12:27:24,10,10,Primavera
106081,NAPROXENO 550MG TAB. REC CJAX100UND,PORTUGAL GENERICO,0.0,10.0,3.0,2025-10-11 12:48:08,1,10,Primavera
106081,NAPROXENO 550MG TAB. REC CJAX100UND,PORTUGAL GENERICO,0.0,10.0,3.0,2025-10-11 12:48:35,9,10,Primavera
106081,NAPROXENO 550MG TAB. REC CJAX100UND,PORTUGAL GENERICO,0.0,10.0,3.0,2025-10-11 13:21:57,3,10,Primavera
106081,NAPROXENO 550MG TAB. REC CJAX100UND,PORTUGAL GENERICO,0.0,50.0,15.0,2025-10-11 15:43:31,9,10,Primavera
106081,NAPROXENO 550MG TAB. REC CJAX100UND,PORTUGAL GENERICO,0.0,5.0,1.5,2025-10-11 17:31:24,5,10,Primavera
106081,NAPROXENO 550MG TAB. REC CJAX100UND,PORTUGAL GENERICO,0.0,30.0,9.0,2025-10-11 18:30:43,9,10,Primavera
106081,NAPROXENO 550MG TAB. REC CJAX100UND,PORTUGAL GENERICO,0.0,10.0,3.0,2025-10-11 19:09:58,3,10,Primavera
106081,NAPROXENO 550MG TAB. REC CJAX100UND,PORTUGAL GENERICO,0.0,10.0,3.0,2025-10-11 22:19:04,9,10,Primavera
106081,NAPROXENO 550MG TAB. REC CJAX100UND,PORTUGAL GENERICO,0.0,10.0,3.0,2025-10-12 09:13:20,16,10,Primavera
106081,NAPROXENO 550MG TAB. REC CJAX100UND,PORTUGAL GENERICO,0.0,10.0,3.0,2025-10-12 13:28:26,2,10,Primavera
106081,NAPROXENO 550MG TAB. REC CJAX100UND,PORTUGAL GENERICO,0.0,5.0,1.5,2025-10-12 14:54:30,9,10,Primavera
106081,NAPROXENO 550MG TAB. REC CJAX100UND,PORTUGAL GENERICO,0.0,10.0,3.0,2025-10-12 14:58:21,3,10,Primavera
106081,NAPROXENO 550MG TAB. REC CJAX100UND,PORTUGAL GENERICO,0.0,10.0,3.0,2025-10-12 15:03:38,16,10,Primavera
106081,NAPROXENO 550MG TAB. REC CJAX100UND,PORTUGAL GENERICO,0.0,2.0,0.6,2025-10-12 16:18:07,15,10,Primavera
106081,NAPROXENO 550MG TAB. REC CJAX100UND,PORTUGAL GENERICO,0.0,10.0,3.0,2025-10-12 20:16:09,3,10,Primavera
106081,NAPROXENO 550MG TAB. REC CJAX100UND,PORTUGAL GENERICO,0.0,10.0,3.0,2025-10-12 21:25:56,5,10,Primavera
106081,NAPROXENO 550MG TAB. REC CJAX100UND,PORTUGAL GENERICO,0.0,10.0,3.0,2025-10-12 21:46:12,16,10,Primavera
106081,NAPROXENO 550MG TAB. REC CJAX100UND,PORTUGAL GENERICO,0.0,10.0,3.0,2025-10-13 10:02:35,11,10,Primavera
106081,NAPROXENO 550MG TAB. REC CJAX100UND,PORTUGAL GENERICO,0.0,15.0,4.5,2025-10-13 10:03:34,9,10,Primavera
106081,NAPROXENO 550MG TAB. REC CJAX100UND,PORTUGAL GENERICO,1.0,0.0,30.0,2025-10-13 12:40:22,2,10,Primavera
106081,NAPROXENO 550MG TAB. REC CJAX100UND,PORTUGAL GENERICO,-1.0,0.0,-30.0,2025-10-13 13:01:58,2,10,Primavera
106081,NAPROXENO 550MG TAB. REC CJAX100UND,PORTUGAL GENERICO,1.0,0.0,30.0,2025-10-13 13:03:14,2,10,Primavera
106081,NAPROXENO 550MG TAB. REC CJAX100UND,PORTUGAL GENERICO,0.0,10.0,3.0,2025-10-13 13:07:50,5,10,Primavera
106081,NAPROXENO 550MG TAB. REC CJAX100UND,PORTUGAL GENERICO,0.0,10.0,3.0,2025-10-13 18:59:18,9,10,Primavera
106081,NAPROXENO 550MG TAB. REC CJAX100UND,PORTUGAL GENERICO,0.0,10.0,3.0,2025-10-13 20:20:52,16,10,Primavera
106081,NAPROXENO 550MG TAB. REC CJAX100UND,PORTUGAL GENERICO,0.0,10.0,3.0,2025-10-13 20:23:56,9,10,Primavera
106081,NAPROXENO 550MG TAB. REC CJAX100UND,PORTUGAL GENERICO,0.0,10.0,3.0,2025-10-13 20:34:01,5,10,Primavera
106081,NAPROXENO 550MG TAB. REC CJAX100UND,PORTUGAL GENERICO,0.0,10.0,3.0,2025-10-13 21:10:50,1,10,Primavera
106081,NAPROXENO 550MG TAB. REC CJAX100UND,PORTUGAL GENERICO,0.0,10.0,3.0,2025-10-13 21:11:12,2,10,Primavera
106081,NAPROXENO 550MG TAB. REC CJAX100UND,PORTUGAL GENERICO,0.0,10.0,3.0,2025-10-14 08:54:35,3,10,Primavera
106081,NAPROXENO 550MG TAB. REC CJAX100UND,PORTUGAL GENERICO,0.0,10.0,3.0,2025-10-14 10:25:48,12,10,Primavera
106081,NAPROXENO 550MG TAB. REC CJAX100UND,PORTUGAL GENERICO,0.0,10.0,3.0,2025-10-14 14:04:01,4,10,Primavera
106081,NAPROXENO 550MG TAB. REC CJAX100UND,PORTUGAL GENERICO,0.0,10.0,3.0,2025-10-14 17:59:07,2,10,Primavera
106081,NAPROXENO 550MG TAB. REC CJAX100UND,PORTUGAL GENERICO,0.0,10.0,3.0,2025-10-14 17:59:24,9,10,Primavera
106081,NAPROXENO 550MG TAB. REC CJAX100UND,PORTUGAL GENERICO,0.0,6.0,1.68,2025-10-14 19:29:32,2,10,Primavera
106081,NAPROXENO 550MG TAB. REC CJAX100UND,PORTUGAL GENERICO,0.0,10.0,3.0,2025-10-14 19:43:22,12,10,Primavera
106081,NAPROXENO 550MG TAB. REC CJAX100UND,PORTUGAL GENERICO,0.0,10.0,3.0,2025-10-14 19:52:40,12,10,Primavera
106081,NAPROXENO 550MG TAB. REC CJAX100UND,PORTUGAL GENERICO,0.0,10.0,3.0,2025-10-14 20:09:14,1,10,Primavera
106081,NAPROXENO 550MG TAB. REC CJAX100UND,PORTUGAL GENERICO,0.0,6.0,1.8,2025-10-14 20:35:19,9,10,Primavera
106081,NAPROXENO 550MG TAB. REC CJAX100UND,PORTUGAL GENERICO,0.0,10.0,3.0,2025-10-14 22:04:13,16,10,Primavera
106081,NAPROXENO 550MG TAB. REC CJAX100UND,PORTUGAL GENERICO,0.0,10.0,3.0,2025-10-15 09:09:12,2,10,Primavera
106081,NAPROXENO 550MG TAB. REC CJAX100UND,PORTUGAL GENERICO,0.0,5.0,1.5,2025-10-15 09:25:47,5,10,Primavera
106081,NAPROXENO 550MG TAB. REC CJAX100UND,PORTUGAL GENERICO,0.0,10.0,3.0,2025-10-15 09:33:51,2,10,Primavera
106081,NAPROXENO 550MG TAB. REC CJAX100UND,PORTUGAL GENERICO,0.0,10.0,3.0,2025-10-15 10:13:34,12,10,Primavera
106081,NAPROXENO 550MG TAB. REC CJAX100UND,PORTUGAL GENERICO,0.0,5.0,1.5,2025-10-15 11:24:57,3,10,Primavera
106081,NAPROXENO 550MG TAB. REC CJAX100UND,PORTUGAL GENERICO,0.0,5.0,1.5,2025-10-15 11:46:21,4,10,Primavera
106081,NAPROXENO 550MG TAB. REC CJAX100UND,PORTUGAL GENERICO,0.0,10.0,3.0,2025-10-15 11:47:21,12,10,Primavera
106081,NAPROXENO 550MG TAB. REC CJAX100UND,PORTUGAL GENERICO,0.0,2.0,0.6,2025-10-15 15:27:08,3,10,Primavera
106081,NAPROXENO 550MG TAB. REC CJAX100UND,PORTUGAL GENERICO,0.0,10.0,3.0,2025-10-15 19:57:39,1,10,Primavera
106081,NAPROXENO 550MG TAB. REC CJAX100UND,PORTUGAL GENERICO,0.0,5.0,1.5,2025-10-15 20:54:42,2,10,Primavera
106081,NAPROXENO 550MG TAB. REC CJAX100UND,PORTUGAL GENERICO,0.0,10.0,3.0,2025-10-15 22:36:08,16,10,Primavera
106081,NAPROXENO 550MG TAB. REC CJAX100UND,PORTUGAL GENERICO,0.0,10.0,3.0,2025-10-16 16:53:06,11,10,Primavera
106081,NAPROXENO 550MG TAB. REC CJAX100UND,PORTUGAL GENERICO,0.0,10.0,3.0,2025-10-16 18:19:24,12,10,Primavera
106081,NAPROXENO 550MG TAB. REC CJAX100UND,PORTUGAL GENERICO,0.0,20.0,6.0,2025-10-16 19:24:52,10,10,Primavera
106081,NAPROXENO 550MG TAB. REC CJAX100UND,PORTUGAL GENERICO,0.0,10.0,3.0,2025-10-17 17:58:37,9,10,Primavera
106081,NAPROXENO 550MG TAB. REC CJAX100UND,PORTUGAL GENERICO,0.0,10.0,3.0,2025-10-17 19:56:07,1,10,Primavera
106081,NAPROXENO 550MG TAB. REC CJAX100UND,PORTUGAL GENERICO,0.0,10.0,3.0,2025-10-18 10:09:12,5,10,Primavera
106081,NAPROXENO 550MG TAB. REC CJAX100UND,PORTUGAL GENERICO,0.0,10.0,3.0,2025-10-18 10:13:53,4,10,Primavera
106081,NAPROXENO 550MG TAB. REC CJAX100UND,PORTUGAL GENERICO,0.0,10.0,3.0,2025-10-18 10:40:32,4,10,Primavera
106081,NAPROXENO 550MG TAB. REC CJAX100UND,PORTUGAL GENERICO,0.0,10.0,2.8,2025-10-18 14:42:12,15,10,Primavera
106081,NAPROXENO 550MG TAB. REC CJAX100UND,PORTUGAL GENERICO,0.0,10.0,3.0,2025-10-18 17:03:24,11,10,Primavera
106081,NAPROXENO 550MG TAB. REC CJAX100UND,PORTUGAL GENERICO,0.0,20.0,6.0,2025-10-18 17:51:32,1,10,Primavera
106081,NAPROXENO 550MG TAB. REC CJAX100UND,PORTUGAL GENERICO,0.0,10.0,3.0,2025-10-18 18:51:16,9,10,Primavera
106081,NAPROXENO 550MG TAB. REC CJAX100UND,PORTUGAL GENERICO,0.0,2.0,0.6,2025-10-18 19:28:35,11,10,Primavera
106081,NAPROXENO 550MG TAB. REC CJAX100UND,PORTUGAL GENERICO,0.0,10.0,3.0,2025-10-18 19:33:12,3,10,Primavera
106081,NAPROXENO 550MG TAB. REC CJAX100UND,PORTUGAL GENERICO,0.0,10.0,3.0,2025-10-18 21:56:36,4,10,Primavera
106081,NAPROXENO 550MG TAB. REC CJAX100UND,PORTUGAL GENERICO,0.0,10.0,3.0,2025-10-19 13:25:59,11,10,Primavera
106081,NAPROXENO 550MG TAB. REC CJAX100UND,PORTUGAL GENERICO,0.0,10.0,3.0,2025-10-19 17:05:06,9,10,Primavera
106081,NAPROXENO 550MG TAB. REC CJAX100UND,PORTUGAL GENERICO,0.0,10.0,3.0,2025-10-19 18:16:23,1,10,Primavera
106081,NAPROXENO 550MG TAB. REC CJAX100UND,PORTUGAL GENERICO,0.0,10.0,3.0,2025-10-19 22:03:55,15,10,Primavera
106081,NAPROXENO 550MG TAB. REC CJAX100UND,PORTUGAL GENERICO,0.0,10.0,3.0,2025-10-20 08:45:01,13,10,Primavera
106081,NAPROXENO 550MG TAB. REC CJAX100UND,PORTUGAL GENERICO,0.0,15.0,4.5,2025-10-20 09:05:51,4,10,Primavera
106081,NAPROXENO 550MG TAB. REC CJAX100UND,PORTUGAL GENERICO,0.0,10.0,3.0,2025-10-20 11:28:13,1,10,Primavera
106081,NAPROXENO 550MG TAB. REC CJAX100UND,PORTUGAL GENERICO,0.0,10.0,3.0,2025-10-20 11:33:28,2,10,Primavera
106081,NAPROXENO 550MG TAB. REC CJAX100UND,PORTUGAL GENERICO,0.0,10.0,3.0,2025-10-20 12:05:00,3,10,Primavera
106081,NAPROXENO 550MG TAB. REC CJAX100UND,PORTUGAL GENERICO,0.0,10.0,3.0,2025-10-20 13:27:09,9,10,Primavera
106081,NAPROXENO 550MG TAB. REC CJAX100UND,PORTUGAL GENERICO,0.0,5.0,1.5,2025-10-20 14:53:49,9,10,Primavera
106081,NAPROXENO 550MG TAB. REC CJAX100UND,PORTUGAL GENERICO,0.0,5.0,1.5,2025-10-20 15:38:30,15,10,Primavera
106081,NAPROXENO 550MG TAB. REC CJAX100UND,PORTUGAL GENERICO,0.0,20.0,6.0,2025-10-20 19:12:48,1,10,Primavera
106081,NAPROXENO 550MG TAB. REC CJAX100UND,PORTUGAL GENERICO,0.0,10.0,3.0,2025-10-20 21:10:53,9,10,Primavera
106081,NAPROXENO 550MG TAB. REC CJAX100UND,PORTUGAL GENERICO,0.0,10.0,3.0,2025-10-21 15:23:54,2,10,Primavera
106081,NAPROXENO 550MG TAB. REC CJAX100UND,PORTUGAL GENERICO,0.0,10.0,3.0,2025-10-21 15:49:11,5,10,Primavera
106081,NAPROXENO 550MG TAB. REC CJAX100UND,PORTUGAL GENERICO,0.0,10.0,3.0,2025-10-21 17:06:42,2,10,Primavera
106081,NAPROXENO 550MG TAB. REC CJAX100UND,PORTUGAL GENERICO,0.0,10.0,3.0,2025-10-21 19:25:04,9,10,Primavera
106081,NAPROXENO 550MG TAB. REC CJAX100UND,PORTUGAL GENERICO,0.0,1.0,0.3,2025-10-21 19:42:02,13,10,Primavera
106081,NAPROXENO 550MG TAB. REC CJAX100UND,PORTUGAL GENERICO,0.0,10.0,3.0,2025-10-21 20:16:56,4,10,Primavera
106081,NAPROXENO 550MG TAB. REC CJAX100UND,PORTUGAL GENERICO,0.0,10.0,3.0,2025-10-21 20:35:06,9,10,Primavera
106081,NAPROXENO 550MG TAB. REC CJAX100UND,PORTUGAL GENERICO,0.0,30.0,9.0,2025-10-21 20:38:51,9,10,Primavera
106081,NAPROXENO 550MG TAB. REC CJAX100UND,PORTUGAL GENERICO,0.0,10.0,3.0,2025-10-21 20:50:34,2,10,Primavera
106081,NAPROXENO 550MG TAB. REC CJAX100UND,PORTUGAL GENERICO,0.0,10.0,3.0,2025-10-21 21:11:59,4,10,Primavera
106081,NAPROXENO 550MG TAB. REC CJAX100UND,PORTUGAL GENERICO,0.0,5.0,1.5,2025-10-22 09:57:13,1,10,Primavera
106081,NAPROXENO 550MG TAB. REC CJAX100UND,PORTUGAL GENERICO,0.0,20.0,6.0,2025-10-22 12:19:16,15,10,Primavera
106081,NAPROXENO 550MG TAB. REC CJAX100UND,PORTUGAL GENERICO,0.0,10.0,3.0,2025-10-22 13:24:08,1,10,Primavera
106081,NAPROXENO 550MG TAB. REC CJAX100UND,PORTUGAL GENERICO,0.0,10.0,3.0,2025-10-22 14:01:46,5,10,Primavera
106081,NAPROXENO 550MG TAB. REC CJAX100UND,PORTUGAL GENERICO,0.0,10.0,3.0,2025-10-22 17:57:37,1,10,Primavera
106081,NAPROXENO 550MG TAB. REC CJAX100UND,PORTUGAL GENERICO,0.0,5.0,1.5,2025-10-22 19:27:33,2,10,Primavera
106081,NAPROXENO 550MG TAB. REC CJAX100UND,PORTUGAL GENERICO,0.0,10.0,3.0,2025-10-22 19:38:17,2,10,Primavera
106081,NAPROXENO 550MG TAB. REC CJAX100UND,PORTUGAL GENERICO,0.0,10.0,3.0,2025-10-22 19:52:55,1,10,Primavera
106081,NAPROXENO 550MG TAB. REC CJAX100UND,PORTUGAL GENERICO,0.0,10.0,3.0,2025-10-22 20:41:25,1,10,Primavera
106081,NAPROXENO 550MG TAB. REC CJAX100UND,PORTUGAL GENERICO,0.0,10.0,3.0,2025-10-22 22:49:44,5,10,Primavera
106081,NAPROXENO 550MG TAB. REC CJAX100UND,PORTUGAL GENERICO,0.0,20.0,6.0,2025-10-23 11:03:19,9,10,Primavera
106081,NAPROXENO 550MG TAB. REC CJAX100UND,PORTUGAL GENERICO,0.0,10.0,3.0,2025-10-23 13:17:24,1,10,Primavera
106081,NAPROXENO 550MG TAB. REC CJAX100UND,PORTUGAL GENERICO,0.0,10.0,3.0,2025-10-23 15:24:56,2,10,Primavera
106081,NAPROXENO 550MG TAB. REC CJAX100UND,PORTUGAL GENERICO,0.0,20.0,6.0,2025-10-23 18:48:45,1,10,Primavera
106081,NAPROXENO 550MG TAB. REC CJAX100UND,PORTUGAL GENERICO,0.0,10.0,3.0,2025-10-23 19:13:59,11,10,Primavera
106081,NAPROXENO 550MG TAB. REC CJAX100UND,PORTUGAL GENERICO,0.0,1.0,0.3,2025-10-23 19:52:48,11,10,Primavera
106081,NAPROXENO 550MG TAB. REC CJAX100UND,PORTUGAL GENERICO,0.0,10.0,3.0,2025-10-24 07:42:36,10,10,Primavera
106081,NAPROXENO 550MG TAB. REC CJAX100UND,PORTUGAL GENERICO,0.0,10.0,3.0,2025-10-24 08:15:45,13,10,Primavera
106081,NAPROXENO 550MG TAB. REC CJAX100UND,PORTUGAL GENERICO,0.0,10.0,3.0,2025-10-24 08:51:34,9,10,Primavera
106081,NAPROXENO 550MG TAB. REC CJAX100UND,PORTUGAL GENERICO,0.0,10.0,3.0,2025-10-24 11:00:14,3,10,Primavera
106081,NAPROXENO 550MG TAB. REC CJAX100UND,PORTUGAL GENERICO,0.0,10.0,3.0,2025-10-24 11:50:07,5,10,Primavera
106081,NAPROXENO 550MG TAB. REC CJAX100UND,PORTUGAL GENERICO,0.0,10.0,3.0,2025-10-24 12:17:51,1,10,Primavera
106081,NAPROXENO 550MG TAB. REC CJAX100UND,PORTUGAL GENERICO,0.0,10.0,3.0,2025-10-24 14:00:35,9,10,Primavera
106081,NAPROXENO 550MG TAB. REC CJAX100UND,PORTUGAL GENERICO,0.0,10.0,3.0,2025-10-24 16:13:44,4,10,Primavera
106081,NAPROXENO 550MG TAB. REC CJAX100UND,PORTUGAL GENERICO,0.0,10.0,3.0,2025-10-24 16:57:05,4,10,Primavera
106081,NAPROXENO 550MG TAB. REC CJAX100UND,PORTUGAL GENERICO,0.0,1.0,0.28,2025-10-24 17:54:25,4,10,Primavera
106081,NAPROXENO 550MG TAB. REC CJAX100UND,PORTUGAL GENERICO,0.0,10.0,3.0,2025-10-24 17:59:01,1,10,Primavera
106081,NAPROXENO 550MG TAB. REC CJAX100UND,PORTUGAL GENERICO,0.0,10.0,3.0,2025-10-24 18:13:23,2,10,Primavera
106081,NAPROXENO 550MG TAB. REC CJAX100UND,PORTUGAL GENERICO,0.0,10.0,3.0,2025-10-24 18:24:54,9,10,Primavera
106081,NAPROXENO 550MG TAB. REC CJAX100UND,PORTUGAL GENERICO,0.0,10.0,3.0,2025-10-24 18:55:49,9,10,Primavera
106081,NAPROXENO 550MG TAB. REC CJAX100UND,PORTUGAL GENERICO,0.0,10.0,3.0,2025-10-24 19:02:53,1,10,Primavera
106081,NAPROXENO 550MG TAB. REC CJAX100UND,PORTUGAL GENERICO,0.0,10.0,2.8,2025-10-24 19:09:01,2,10,Primavera
106081,NAPROXENO 550MG TAB. REC CJAX100UND,PORTUGAL GENERICO,0.0,10.0,3.0,2025-10-24 20:15:45,9,10,Primavera
106081,NAPROXENO 550MG TAB. REC CJAX100UND,PORTUGAL GENERICO,0.0,10.0,3.0,2025-10-24 21:07:47,9,10,Primavera
106081,NAPROXENO 550MG TAB. REC CJAX100UND,PORTUGAL GENERICO,0.0,10.0,3.0,2025-10-25 09:58:29,2,10,Primavera
106081,NAPROXENO 550MG TAB. REC CJAX100UND,PORTUGAL GENERICO,1.0,0.0,30.0,2025-10-25 11:09:02,12,10,Primavera
106081,NAPROXENO 550MG TAB. REC CJAX100UND,PORTUGAL GENERICO,0.0,30.0,9.0,2025-10-25 14:52:17,2,10,Primavera
106081,NAPROXENO 550MG TAB. REC CJAX100UND,PORTUGAL GENERICO,0.0,5.0,1.5,2025-10-25 15:52:30,5,10,Primavera
106081,NAPROXENO 550MG TAB. REC CJAX100UND,PORTUGAL GENERICO,0.0,20.0,6.0,2025-10-25 17:18:39,2,10,Primavera
106081,NAPROXENO 550MG TAB. REC CJAX100UND,PORTUGAL GENERICO,0.0,10.0,3.0,2025-10-25 21:09:22,9,10,Primavera
106081,NAPROXENO 550MG TAB. REC CJAX100UND,PORTUGAL GENERICO,0.0,20.0,6.0,2025-10-25 21:10:06,2,10,Primavera
106081,NAPROXENO 550MG TAB. REC CJAX100UND,PORTUGAL GENERICO,0.0,2.0,0.6,2025-10-26 10:46:30,9,10,Primavera
106081,NAPROXENO 550MG TAB. REC CJAX100UND,PORTUGAL GENERICO,0.0,1.0,0.3,2025-10-26 10:49:24,9,10,Primavera
106081,NAPROXENO 550MG TAB. REC CJAX100UND,PORTUGAL GENERICO,0.0,10.0,3.0,2025-10-26 11:50:21,11,10,Primavera
106081,NAPROXENO 550MG TAB. REC CJAX100UND,PORTUGAL GENERICO,0.0,10.0,3.0,2025-10-26 17:24:49,9,10,Primavera
106081,NAPROXENO 550MG TAB. REC CJAX100UND,PORTUGAL GENERICO,0.0,30.0,9.0,2025-10-26 18:00:38,5,10,Primavera
106081,NAPROXENO 550MG TAB. REC CJAX100UND,PORTUGAL GENERICO,0.0,10.0,3.0,2025-10-26 18:24:54,9,10,Primavera
106081,NAPROXENO 550MG TAB. REC CJAX100UND,PORTUGAL GENERICO,0.0,10.0,3.0,2025-10-26 19:11:14,1,10,Primavera
106081,NAPROXENO 550MG TAB. REC CJAX100UND,PORTUGAL GENERICO,0.0,10.0,3.0,2025-10-27 09:43:16,10,10,Primavera
106081,NAPROXENO 550MG TAB. REC CJAX100UND,PORTUGAL GENERICO,0.0,10.0,3.0,2025-10-27 11:36:27,11,10,Primavera
106081,NAPROXENO 550MG TAB. REC CJAX100UND,PORTUGAL GENERICO,0.0,20.0,6.0,2025-10-27 14:34:00,5,10,Primavera
106081,NAPROXENO 550MG TAB. REC CJAX100UND,PORTUGAL GENERICO,0.0,5.0,1.5,2025-10-27 18:23:07,2,10,Primavera
106081,NAPROXENO 550MG TAB. REC CJAX100UND,PORTUGAL GENERICO,0.0,-50.0,-15.0,2025-10-28 12:00:00,9,10,Primavera
106081,NAPROXENO 550MG TAB. REC CJAX100UND,PORTUGAL GENERICO,0.0,10.0,3.0,2025-10-28 12:36:21,3,10,Primavera
106081,NAPROXENO 550MG TAB. REC CJAX100UND,PORTUGAL GENERICO,0.0,6.0,1.8,2025-10-28 17:11:48,2,10,Primavera
106081,NAPROXENO 550MG TAB. REC CJAX100UND,PORTUGAL GENERICO,0.0,10.0,3.0,2025-10-28 17:57:15,1,10,Primavera
106081,NAPROXENO 550MG TAB. REC CJAX100UND,PORTUGAL GENERICO,0.0,10.0,3.0,2025-10-28 18:11:03,1,10,Primavera
106081,NAPROXENO 550MG TAB. REC CJAX100UND,PORTUGAL GENERICO,0.0,50.0,15.0,2025-10-28 18:22:57,9,10,Primavera
106081,NAPROXENO 550MG TAB. REC CJAX100UND,PORTUGAL GENERICO,0.0,50.0,15.0,2025-10-28 18:26:32,9,10,Primavera
106081,NAPROXENO 550MG TAB. REC CJAX100UND,PORTUGAL GENERICO,0.0,10.0,3.0,2025-10-28 20:19:52,11,10,Primavera
106081,NAPROXENO 550MG TAB. REC CJAX100UND,PORTUGAL GENERICO,0.0,10.0,2.8,2025-10-28 21:20:33,4,10,Primavera
106081,NAPROXENO 550MG TAB. REC CJAX100UND,PORTUGAL GENERICO,0.0,10.0,3.0,2025-10-29 08:55:51,2,10,Primavera
106081,NAPROXENO 550MG TAB. REC CJAX100UND,PORTUGAL GENERICO,0.0,10.0,3.0,2025-10-29 10:08:09,14,10,Primavera
106081,NAPROXENO 550MG TAB. REC CJAX100UND,PORTUGAL GENERICO,0.0,10.0,3.0,2025-10-29 11:28:57,5,10,Primavera
106081,NAPROXENO 550MG TAB. REC CJAX100UND,PORTUGAL GENERICO,0.0,10.0,3.0,2025-10-29 12:11:11,4,10,Primavera
106081,NAPROXENO 550MG TAB. REC CJAX100UND,PORTUGAL GENERICO,0.0,4.0,1.2,2025-10-29 12:41:54,13,10,Primavera
106081,NAPROXENO 550MG TAB. REC CJAX100UND,PORTUGAL GENERICO,0.0,10.0,3.0,2025-10-29 13:41:58,2,10,Primavera
106081,NAPROXENO 550MG TAB. REC CJAX100UND,PORTUGAL GENERICO,0.0,5.0,1.5,2025-10-29 15:40:50,15,10,Primavera
106081,NAPROXENO 550MG TAB. REC CJAX100UND,PORTUGAL GENERICO,0.0,10.0,3.0,2025-10-29 18:47:06,5,10,Primavera
106081,NAPROXENO 550MG TAB. REC CJAX100UND,PORTUGAL GENERICO,0.0,10.0,3.0,2025-10-29 19:32:19,2,10,Primavera
106081,NAPROXENO 550MG TAB. REC CJAX100UND,PORTUGAL GENERICO,0.0,1000.0,200.0,2025-10-30 13:53:03,3,10,Primavera
106081,NAPROXENO 550MG TAB. REC CJAX100UND,PORTUGAL GENERICO,0.0,10.0,3.0,2025-10-30 16:52:04,13,10,Primavera
106081,NAPROXENO 550MG TAB. REC CJAX100UND,PORTUGAL GENERICO,0.0,10.0,3.0,2025-10-30 18:23:29,3,10,Primavera
106081,NAPROXENO 550MG TAB. REC CJAX100UND,PORTUGAL GENERICO,0.0,10.0,3.0,2025-10-31 11:15:59,2,10,Primavera
106081,NAPROXENO 550MG TAB. REC CJAX100UND,PORTUGAL GENERICO,0.0,10.0,3.0,2025-10-31 11:32:57,2,10,Primavera
106081,NAPROXENO 550MG TAB. REC CJAX100UND,PORTUGAL GENERICO,0.0,10.0,2.8,2025-10-31 12:28:38,16,10,Primavera
106081,NAPROXENO 550MG TAB. REC CJAX100UND,PORTUGAL GENERICO,0.0,5.0,1.5,2025-10-31 14:36:18,4,10,Primavera
106081,NAPROXENO 550MG TAB. REC CJAX100UND,PORTUGAL GENERICO,0.0,10.0,3.0,2025-10-31 17:54:14,5,10,Primavera
106081,NAPROXENO 550MG TAB. REC CJAX100UND,PORTUGAL GENERICO,0.0,4.0,1.2,2025-11-01 10:32:04,13,11,Primavera
106081,NAPROXENO 550MG TAB. REC CJAX100UND,PORTUGAL GENERICO,0.0,30.0,9.0,2025-11-01 17:32:28,4,11,Primavera
106081,NAPROXENO 550MG TAB. REC CJAX100UND,PORTUGAL GENERICO,0.0,20.0,6.0,2025-11-01 19:15:08,5,11,Primavera
106081,NAPROXENO 550MG TAB. REC CJAX100UND,PORTUGAL GENERICO,0.0,10.0,2.8,2025-11-01 20:58:21,14,11,Primavera
106081,NAPROXENO 550MG TAB. REC CJAX100UND,PORTUGAL GENERICO,0.0,10.0,3.0,2025-11-01 21:05:12,1,11,Primavera
106081,NAPROXENO 550MG TAB. REC CJAX100UND,PORTUGAL GENERICO,0.0,10.0,3.0,2025-11-01 21:47:02,2,11,Primavera
106081,NAPROXENO 550MG TAB. REC CJAX100UND,PORTUGAL GENERICO,0.0,10.0,3.0,2025-11-01 22:09:34,5,11,Primavera
106081,NAPROXENO 550MG TAB. REC CJAX100UND,PORTUGAL GENERICO,0.0,10.0,3.0,2025-11-02 10:42:22,4,11,Primavera
106081,NAPROXENO 550MG TAB. REC CJAX100UND,PORTUGAL GENERICO,0.0,10.0,3.0,2025-11-02 11:13:29,3,11,Primavera
106081,NAPROXENO 550MG TAB. REC CJAX100UND,PORTUGAL GENERICO,0.0,5.0,1.5,2025-11-02 16:42:51,11,11,Primavera
106081,NAPROXENO 550MG TAB. REC CJAX100UND,PORTUGAL GENERICO,0.0,4.0,1.2,2025-11-02 18:14:11,5,11,Primavera
106081,NAPROXENO 550MG TAB. REC CJAX100UND,PORTUGAL GENERICO,0.0,10.0,3.0,2025-11-02 19:29:20,3,11,Primavera
106081,NAPROXENO 550MG TAB. REC CJAX100UND,PORTUGAL GENERICO,0.0,10.0,3.0,2025-11-02 20:05:51,11,11,Primavera
106081,NAPROXENO 550MG TAB. REC CJAX100UND,PORTUGAL GENERICO,0.0,10.0,3.0,2025-11-03 13:29:58,4,11,Primavera
106081,NAPROXENO 550MG TAB. REC CJAX100UND,PORTUGAL GENERICO,0.0,10.0,3.0,2025-11-03 13:45:25,4,11,Primavera
106081,NAPROXENO 550MG TAB. REC CJAX100UND,PORTUGAL GENERICO,0.0,10.0,3.0,2025-11-03 15:48:47,5,11,Primavera
106081,NAPROXENO 550MG TAB. REC CJAX100UND,PORTUGAL GENERICO,0.0,1.0,0.3,2025-11-03 16:10:51,2,11,Primavera
106081,NAPROXENO 550MG TAB. REC CJAX100UND,PORTUGAL GENERICO,0.0,10.0,3.0,2025-11-03 17:26:00,4,11,Primavera
106081,NAPROXENO 550MG TAB. REC CJAX100UND,PORTUGAL GENERICO,0.0,20.0,6.0,2025-11-03 18:21:31,11,11,Primavera
106081,NAPROXENO 550MG TAB. REC CJAX100UND,PORTUGAL GENERICO,0.0,20.0,6.0,2025-11-03 19:27:57,5,11,Primavera
106081,NAPROXENO 550MG TAB. REC CJAX100UND,PORTUGAL GENERICO,0.0,10.0,3.0,2025-11-03 23:20:31,10,11,Primavera
106081,NAPROXENO 550MG TAB. REC CJAX100UND,PORTUGAL GENERICO,0.0,10.0,3.0,2025-11-04 09:31:17,4,11,Primavera
106081,NAPROXENO 550MG TAB. REC CJAX100UND,PORTUGAL GENERICO,0.0,10.0,3.0,2025-11-04 13:34:04,4,11,Primavera
106081,NAPROXENO 550MG TAB. REC CJAX100UND,PORTUGAL GENERICO,0.0,2.0,0.6,2025-11-04 20:39:26,13,11,Primavera
106081,NAPROXENO 550MG TAB. REC CJAX100UND,PORTUGAL GENERICO,0.0,6.0,1.68,2025-11-04 22:04:10,13,11,Primavera
106081,NAPROXENO 550MG TAB. REC CJAX100UND,PORTUGAL GENERICO,0.0,10.0,3.0,2025-11-05 17:54:37,11,11,Primavera
106081,NAPROXENO 550MG TAB. REC CJAX100UND,PORTUGAL GENERICO,0.0,20.0,6.0,2025-11-06 12:44:56,1,11,Primavera
106081,NAPROXENO 550MG TAB. REC CJAX100UND,PORTUGAL GENERICO,0.0,10.0,3.0,2025-11-06 15:13:59,16,11,Primavera
106081,NAPROXENO 550MG TAB. REC CJAX100UND,PORTUGAL GENERICO,0.0,10.0,3.0,2025-11-06 20:45:00,1,11,Primavera
106081,NAPROXENO 550MG TAB. REC CJAX100UND,PORTUGAL GENERICO,0.0,10.0,3.0,2025-11-06 21:58:49,14,11,Primavera
106081,NAPROXENO 550MG TAB. REC CJAX100UND,PORTUGAL GENERICO,0.0,10.0,3.0,2025-11-07 07:17:56,11,11,Primavera
106081,NAPROXENO 550MG TAB. REC CJAX100UND,PORTUGAL GENERICO,0.0,10.0,3.0,2025-11-07 13:18:48,3,11,Primavera
106081,NAPROXENO 550MG TAB. REC CJAX100UND,PORTUGAL GENERICO,0.0,10.0,3.0,2025-11-07 15:47:35,3,11,Primavera
106081,NAPROXENO 550MG TAB. REC CJAX100UND,PORTUGAL GENERICO,0.0,10.0,3.0,2025-11-07 20:02:34,3,11,Primavera
106081,NAPROXENO 550MG TAB. REC CJAX100UND,PORTUGAL GENERICO,0.0,10.0,3.0,2025-11-07 21:18:56,16,11,Primavera
106081,NAPROXENO 550MG TAB. REC CJAX100UND,PORTUGAL GENERICO,0.0,5.0,1.5,2025-11-07 21:47:44,10,11,Primavera
106081,NAPROXENO 550MG TAB. REC CJAX100UND,PORTUGAL GENERICO,0.0,10.0,3.0,2025-11-08 14:02:19,3,11,Primavera
106081,NAPROXENO 550MG TAB. REC CJAX100UND,PORTUGAL GENERICO,0.0,20.0,6.0,2025-11-08 15:20:53,3,11,Primavera
106081,NAPROXENO 550MG TAB. REC CJAX100UND,PORTUGAL GENERICO,0.0,10.0,3.0,2025-11-08 18:54:13,3,11,Primavera
106081,NAPROXENO 550MG TAB. REC CJAX100UND,PORTUGAL GENERICO,0.0,5.0,1.5,2025-11-08 19:04:21,4,11,Primavera
106081,NAPROXENO 550MG TAB. REC CJAX100UND,PORTUGAL GENERICO,0.0,10.0,3.0,2025-11-08 20:36:08,10,11,Primavera
106081,NAPROXENO 550MG TAB. REC CJAX100UND,PORTUGAL GENERICO,0.0,10.0,3.0,2025-11-08 20:41:58,11,11,Primavera
106081,NAPROXENO 550MG TAB. REC CJAX100UND,PORTUGAL GENERICO,0.0,60.0,18.0,2025-11-09 09:18:00,11,11,Primavera
106081,NAPROXENO 550MG TAB. REC CJAX100UND,PORTUGAL GENERICO,0.0,10.0,3.0,2025-11-09 16:38:12,1,11,Primavera
106081,NAPROXENO 550MG TAB. REC CJAX100UND,PORTUGAL GENERICO,0.0,10.0,3.0,2025-11-09 19:38:19,16,11,Primavera
106081,NAPROXENO 550MG TAB. REC CJAX100UND,PORTUGAL GENERICO,0.0,20.0,6.0,2025-11-09 20:54:26,16,11,Primavera
106081,NAPROXENO 550MG TAB. REC CJAX100UND,PORTUGAL GENERICO,0.0,10.0,3.0,2025-11-10 10:05:33,16,11,Primavera
106081,NAPROXENO 550MG TAB. REC CJAX100UND,PORTUGAL GENERICO,0.0,2.0,0.6,2025-11-10 10:45:20,9,11,Primavera
106081,NAPROXENO 550MG TAB. REC CJAX100UND,PORTUGAL GENERICO,0.0,10.0,3.0,2025-11-10 11:40:18,10,11,Primavera
106081,NAPROXENO 550MG TAB. REC CJAX100UND,PORTUGAL GENERICO,0.0,10.0,3.0,2025-11-10 12:53:08,3,11,Primavera
106081,NAPROXENO 550MG TAB. REC CJAX100UND,PORTUGAL GENERICO,0.0,10.0,3.0,2025-11-10 13:05:27,1,11,Primavera
106081,NAPROXENO 550MG TAB. REC CJAX100UND,PORTUGAL GENERICO,0.0,10.0,3.0,2025-11-10 18:07:27,4,11,Primavera
106081,NAPROXENO 550MG TAB. REC CJAX100UND,PORTUGAL GENERICO,0.0,10.0,3.0,2025-11-10 18:34:41,1,11,Primavera
106081,NAPROXENO 550MG TAB. REC CJAX100UND,PORTUGAL GENERICO,0.0,10.0,3.0,2025-11-10 19:30:44,1,11,Primavera
106081,NAPROXENO 550MG TAB. REC CJAX100UND,PORTUGAL GENERICO,0.0,10.0,3.0,2025-11-10 20:19:41,10,11,Primavera
106081,NAPROXENO 550MG TAB. REC CJAX100UND,PORTUGAL GENERICO,0.0,10.0,3.0,2025-11-10 20:47:02,3,11,Primavera
106081,NAPROXENO 550MG TAB. REC CJAX100UND,PORTUGAL GENERICO,1.0,0.0,30.0,2025-11-11 08:25:01,2,11,Primavera
106081,NAPROXENO 550MG TAB. REC CJAX100UND,PORTUGAL GENERICO,0.0,10.0,3.0,2025-11-11 08:38:33,4,11,Primavera
106081,NAPROXENO 550MG TAB. REC CJAX100UND,PORTUGAL GENERICO,0.0,2.0,0.6,2025-11-11 08:49:32,11,11,Primavera
106081,NAPROXENO 550MG TAB. REC CJAX100UND,PORTUGAL GENERICO,0.0,4.0,1.2,2025-11-11 12:32:51,14,11,Primavera
106081,NAPROXENO 550MG TAB. REC CJAX100UND,PORTUGAL GENERICO,0.0,25.0,7.0,2025-11-11 13:22:04,10,11,Primavera
106081,NAPROXENO 550MG TAB. REC CJAX100UND,PORTUGAL GENERICO,0.0,20.0,6.0,2025-11-11 16:35:15,4,11,Primavera
106081,NAPROXENO 550MG TAB. REC CJAX100UND,PORTUGAL GENERICO,0.0,10.0,3.0,2025-11-11 17:34:45,15,11,Primavera
106081,NAPROXENO 550MG TAB. REC CJAX100UND,PORTUGAL GENERICO,0.0,10.0,3.0,2025-11-11 18:28:56,14,11,Primavera
106081,NAPROXENO 550MG TAB. REC CJAX100UND,PORTUGAL GENERICO,0.0,10.0,3.0,2025-11-11 18:34:52,3,11,Primavera
106081,NAPROXENO 550MG TAB. REC CJAX100UND,PORTUGAL GENERICO,0.0,10.0,3.0,2025-11-11 19:17:21,1,11,Primavera
106081,NAPROXENO 550MG TAB. REC CJAX100UND,PORTUGAL GENERICO,0.0,10.0,3.0,2025-11-11 22:12:27,15,11,Primavera
106081,NAPROXENO 550MG TAB. REC CJAX100UND,PORTUGAL GENERICO,0.0,10.0,3.0,2025-11-11 22:14:01,1,11,Primavera
106081,NAPROXENO 550MG TAB. REC CJAX100UND,PORTUGAL GENERICO,0.0,10.0,3.0,2025-11-11 22:40:42,4,11,Primavera
106081,NAPROXENO 550MG TAB. REC CJAX100UND,PORTUGAL GENERICO,0.0,10.0,3.0,2025-11-11 23:04:34,16,11,Primavera
106081,NAPROXENO 550MG TAB. REC CJAX100UND,PORTUGAL GENERICO,0.0,3.0,0.9,2025-11-12 12:22:58,3,11,Primavera
106081,NAPROXENO 550MG TAB. REC CJAX100UND,PORTUGAL GENERICO,0.0,10.0,3.0,2025-11-12 15:00:58,7,11,Primavera
106081,NAPROXENO 550MG TAB. REC CJAX100UND,PORTUGAL GENERICO,0.0,10.0,3.0,2025-11-12 16:14:24,1,11,Primavera
106081,NAPROXENO 550MG TAB. REC CJAX100UND,PORTUGAL GENERICO,0.0,10.0,3.0,2025-11-12 19:52:45,1,11,Primavera
106081,NAPROXENO 550MG TAB. REC CJAX100UND,PORTUGAL GENERICO,0.0,10.0,3.0,2025-11-12 21:58:25,16,11,Primavera
106081,NAPROXENO 550MG TAB. REC CJAX100UND,PORTUGAL GENERICO,0.0,10.0,3.0,2025-11-12 22:18:08,7,11,Primavera
106081,NAPROXENO 550MG TAB. REC CJAX100UND,PORTUGAL GENERICO,0.0,10.0,3.0,2025-11-13 07:18:12,16,11,Primavera
106081,NAPROXENO 550MG TAB. REC CJAX100UND,PORTUGAL GENERICO,0.0,10.0,3.0,2025-11-13 09:02:57,8,11,Primavera
106081,NAPROXENO 550MG TAB. REC CJAX100UND,PORTUGAL GENERICO,0.0,20.0,6.0,2025-11-13 10:28:54,4,11,Primavera
106081,NAPROXENO 550MG TAB. REC CJAX100UND,PORTUGAL GENERICO,0.0,10.0,3.0,2025-11-13 11:08:02,8,11,Primavera
106081,NAPROXENO 550MG TAB. REC CJAX100UND,PORTUGAL GENERICO,0.0,10.0,3.0,2025-11-13 13:18:37,1,11,Primavera
106081,NAPROXENO 550MG TAB. REC CJAX100UND,PORTUGAL GENERICO,0.0,10.0,3.0,2025-11-13 13:37:41,7,11,Primavera
106081,NAPROXENO 550MG TAB. REC CJAX100UND,PORTUGAL GENERICO,0.0,3.0,0.9,2025-11-13 14:23:30,1,11,Primavera
106081,NAPROXENO 550MG TAB. REC CJAX100UND,PORTUGAL GENERICO,0.0,10.0,3.0,2025-11-13 15:24:15,8,11,Primavera
106081,NAPROXENO 550MG TAB. REC CJAX100UND,PORTUGAL GENERICO,0.0,10.0,3.0,2025-11-13 16:26:02,3,11,Primavera
106081,NAPROXENO 550MG TAB. REC CJAX100UND,PORTUGAL GENERICO,0.0,10.0,3.0,2025-11-13 19:03:31,15,11,Primavera
106081,NAPROXENO 550MG TAB. REC CJAX100UND,PORTUGAL GENERICO,0.0,10.0,3.0,2025-11-13 19:31:53,1,11,Primavera
106081,NAPROXENO 550MG TAB. REC CJAX100UND,PORTUGAL GENERICO,0.0,10.0,3.0,2025-11-13 20:44:51,8,11,Primavera
106081,NAPROXENO 550MG TAB. REC CJAX100UND,PORTUGAL GENERICO,0.0,10.0,3.0,2025-11-13 22:08:12,15,11,Primavera
106081,NAPROXENO 550MG TAB. REC CJAX100UND,PORTUGAL GENERICO,0.0,5.0,1.5,2025-11-14 09:27:10,3,11,Primavera
106081,NAPROXENO 550MG TAB. REC CJAX100UND,PORTUGAL GENERICO,0.0,5.0,1.5,2025-11-14 13:50:22,3,11,Primavera
106081,NAPROXENO 550MG TAB. REC CJAX100UND,PORTUGAL GENERICO,0.0,10.0,3.0,2025-11-14 16:38:24,8,11,Primavera
106081,NAPROXENO 550MG TAB. REC CJAX100UND,PORTUGAL GENERICO,0.0,10.0,3.0,2025-11-14 17:14:38,15,11,Primavera
106081,NAPROXENO 550MG TAB. REC CJAX100UND,PORTUGAL GENERICO,0.0,5.0,1.5,2025-11-14 17:57:27,16,11,Primavera
106081,NAPROXENO 550MG TAB. REC CJAX100UND,PORTUGAL GENERICO,0.0,4.0,1.2,2025-11-14 18:46:46,1,11,Primavera
106081,NAPROXENO 550MG TAB. REC CJAX100UND,PORTUGAL GENERICO,0.0,10.0,3.0,2025-11-14 19:25:47,15,11,Primavera
106081,NAPROXENO 550MG TAB. REC CJAX100UND,PORTUGAL GENERICO,0.0,10.0,3.0,2025-11-14 21:53:38,15,11,Primavera
106081,NAPROXENO 550MG TAB. REC CJAX100UND,PORTUGAL GENERICO,0.0,10.0,3.0,2025-11-15 11:36:03,3,11,Primavera
106081,NAPROXENO 550MG TAB. REC CJAX100UND,PORTUGAL GENERICO,0.0,23.0,6.9,2025-11-15 11:57:14,3,11,Primavera
106081,NAPROXENO 550MG TAB. REC CJAX100UND,PORTUGAL GENERICO,0.0,10.0,3.0,2025-11-15 19:07:27,3,11,Primavera
106081,NAPROXENO 550MG TAB. REC CJAX100UND,PORTUGAL GENERICO,0.0,10.0,3.0,2025-11-15 19:43:09,16,11,Primavera
106081,NAPROXENO 550MG TAB. REC CJAX100UND,PORTUGAL GENERICO,0.0,10.0,3.0,2025-11-15 20:10:11,3,11,Primavera
106081,NAPROXENO 550MG TAB. REC CJAX100UND,PORTUGAL GENERICO,0.0,10.0,3.0,2025-11-15 20:25:14,14,11,Primavera
106081,NAPROXENO 550MG TAB. REC CJAX100UND,PORTUGAL GENERICO,0.0,10.0,3.0,2025-11-15 21:46:31,1,11,Primavera
106081,NAPROXENO 550MG TAB. REC CJAX100UND,PORTUGAL GENERICO,0.0,1.0,0.3,2025-11-16 12:33:15,3,11,Primavera
106081,NAPROXENO 550MG TAB. REC CJAX100UND,PORTUGAL GENERICO,0.0,10.0,3.0,2025-11-16 12:44:03,3,11,Primavera
106081,NAPROXENO 550MG TAB. REC CJAX100UND,PORTUGAL GENERICO,0.0,10.0,3.0,2025-11-17 08:58:12,3,11,Primavera
106081,NAPROXENO 550MG TAB. REC CJAX100UND,PORTUGAL GENERICO,0.0,3.0,0.9,2025-11-17 12:22:52,15,11,Primavera
106081,NAPROXENO 550MG TAB. REC CJAX100UND,PORTUGAL GENERICO,0.0,-3.0,-0.9,2025-11-17 12:23:47,15,11,Primavera
106081,NAPROXENO 550MG TAB. REC CJAX100UND,PORTUGAL GENERICO,0.0,6.0,1.8,2025-11-17 14:35:14,1,11,Primavera
106081,NAPROXENO 550MG TAB. REC CJAX100UND,PORTUGAL GENERICO,0.0,10.0,3.0,2025-11-17 20:12:35,3,11,Primavera
106081,NAPROXENO 550MG TAB. REC CJAX100UND,PORTUGAL GENERICO,0.0,30.0,9.0,2025-11-17 21:10:46,3,11,Primavera
106081,NAPROXENO 550MG TAB. REC CJAX100UND,PORTUGAL GENERICO,0.0,5.0,1.5,2025-11-18 08:22:29,16,11,Primavera
106081,NAPROXENO 550MG TAB. REC CJAX100UND,PORTUGAL GENERICO,0.0,10.0,3.0,2025-11-18 14:37:16,3,11,Primavera
106081,NAPROXENO 550MG TAB. REC CJAX100UND,PORTUGAL GENERICO,0.0,10.0,3.0,2025-11-18 17:10:59,3,11,Primavera
106081,NAPROXENO 550MG TAB. REC CJAX100UND,PORTUGAL GENERICO,0.0,10.0,3.0,2025-11-18 18:31:27,3,11,Primavera
106081,NAPROXENO 550MG TAB. REC CJAX100UND,PORTUGAL GENERICO,0.0,10.0,3.0,2025-11-18 20:37:12,14,11,Primavera
106081,NAPROXENO 550MG TAB. REC CJAX100UND,PORTUGAL GENERICO,0.0,9.0,2.7,2025-11-19 12:06:34,4,11,Primavera
106081,NAPROXENO 550MG TAB. REC CJAX100UND,PORTUGAL GENERICO,0.0,10.0,3.0,2025-11-19 21:23:34,14,11,Primavera
106081,NAPROXENO 550MG TAB. REC CJAX100UND,PORTUGAL GENERICO,0.0,10.0,3.0,2025-11-20 12:48:31,3,11,Primavera
106081,NAPROXENO 550MG TAB. REC CJAX100UND,PORTUGAL GENERICO,0.0,1.0,0.3,2025-11-22 08:05:43,5,11,Primavera
106081,NAPROXENO 550MG TAB. REC CJAX100UND,PORTUGAL GENERICO,0.0,1.0,0.3,2025-11-22 11:14:58,9,11,Primavera
106081,NAPROXENO 550MG TAB. REC CJAX100UND,PORTUGAL GENERICO,0.0,10.0,3.0,2025-11-22 13:51:09,14,11,Primavera
106081,NAPROXENO 550MG TAB. REC CJAX100UND,PORTUGAL GENERICO,0.0,10.0,3.0,2025-11-22 19:27:14,14,11,Primavera
106081,NAPROXENO 550MG TAB. REC CJAX100UND,PORTUGAL GENERICO,0.0,5.0,1.5,2025-11-23 19:25:16,9,11,Primavera
106081,NAPROXENO 550MG TAB. REC CJAX100UND,PORTUGAL GENERICO,0.0,2.0,0.6,2025-11-25 13:53:06,5,11,Primavera
106081,NAPROXENO 550MG TAB. REC CJAX100UND,PORTUGAL GENERICO,0.0,10.0,3.0,2025-11-25 16:33:05,14,11,Primavera
106081,NAPROXENO 550MG TAB. REC CJAX100UND,PORTUGAL GENERICO,0.0,10.0,3.0,2025-11-25 21:22:19,14,11,Primavera
106081,NAPROXENO 550MG TAB. REC CJAX100UND,PORTUGAL GENERICO,0.0,10.0,3.0,2025-11-26 12:05:24,14,11,Primavera
106081,NAPROXENO 550MG TAB. REC CJAX100UND,PORTUGAL GENERICO,0.0,20.0,6.0,2025-11-26 19:26:07,14,11,Primavera
106081,NAPROXENO 550MG TAB. REC CJAX100UND,PORTUGAL GENERICO,0.0,10.0,3.0,2025-11-27 18:22:54,14,11,Primavera
106081,NAPROXENO 550MG TAB. REC CJAX100UND,PORTUGAL GENERICO,0.0,20.0,6.0,2025-11-28 21:33:49,14,11,Primavera
106081,NAPROXENO 550MG TAB. REC CJAX100UND,PORTUGAL GENERICO,0.0,3.0,0.9,2025-11-30 12:50:47,3,11,Primavera
106081,NAPROXENO 550MG TAB. REC CJAX100UND,PORTUGAL GENERICO,0.0,10.0,3.0,2025-11-30 19:03:39,14,11,Primavera
106081,NAPROXENO 550MG TAB. REC CJAX100UND,PORTUGAL GENERICO,0.0,10.0,3.0,2025-11-30 21:07:48,14,11,Primavera
106081,NAPROXENO 550MG TAB. REC CJAX100UND,PORTUGAL GENERICO,0.0,6.0,1.8,2025-12-02 10:32:29,14,12,Verano
106081,NAPROXENO 550MG TAB. REC CJAX100UND,PORTUGAL GENERICO,0.0,-1000.0,-200.0,2025-12-06 08:35:09,3,12,Verano
106081,NAPROXENO 550MG TAB. REC CJAX100UND,PORTUGAL GENERICO,0.0,1000.0,200.0,2025-12-06 12:59:44,3,12,Verano
106081,NAPROXENO 550MG TAB. REC CJAX100UND,PORTUGAL GENERICO,0.0,-1000.0,-200.0,2025-12-18 11:45:23,3,12,Verano
106081,NAPROXENO 550MG TAB. REC CJAX100UND,PORTUGAL GENERICO,0.0,1000.0,200.0,2025-12-18 12:33:51,3,12,Verano
106081,NAPROXENO 550MG TAB. REC CJAX100UND,PORTUGAL GENERICO,0.0,3.0,0.9,2026-01-28 14:04:58,15,1,Verano
106081,NAPROXENO 550MG TAB. REC CJAX100UND,PORTUGAL GENERICO,0.0,10.0,3.0,2026-02-14 17:48:27,5,2,Verano
106081,NAPROXENO 550MG TAB. REC CJAX100UND,PORTUGAL GENERICO,0.0,10.0,3.0,2026-02-14 23:01:47,16,2,Verano
106081,NAPROXENO 550MG TAB. REC CJAX100UND,PORTUGAL GENERICO,0.0,10.0,3.0,2026-02-15 20:51:11,5,2,Verano
106081,NAPROXENO 550MG TAB. REC CJAX100UND,PORTUGAL GENERICO,0.0,10.0,3.0,2026-02-15 22:04:36,5,2,Verano
106081,NAPROXENO 550MG TAB. REC CJAX100UND,PORTUGAL GENERICO,0.0,10.0,3.0,2026-02-16 11:02:30,9,2,Verano
106081,NAPROXENO 550MG TAB. REC CJAX100UND,PORTUGAL GENERICO,0.0,2.0,0.6,2026-02-16 12:13:13,9,2,Verano
106081,NAPROXENO 550MG TAB. REC CJAX100UND,PORTUGAL GENERICO,0.0,10.0,3.0,2026-02-16 12:34:19,9,2,Verano
106081,NAPROXENO 550MG TAB. REC CJAX100UND,PORTUGAL GENERICO,0.0,20.0,6.0,2026-02-16 13:47:04,8,2,Verano
106081,NAPROXENO 550MG TAB. REC CJAX100UND,PORTUGAL GENERICO,0.0,10.0,3.0,2026-02-16 18:32:36,1,2,Verano
106081,NAPROXENO 550MG TAB. REC CJAX100UND,PORTUGAL GENERICO,0.0,10.0,3.0,2026-02-16 19:28:16,5,2,Verano
106081,NAPROXENO 550MG TAB. REC CJAX100UND,PORTUGAL GENERICO,0.0,10.0,3.0,2026-02-16 19:41:00,3,2,Verano
106081,NAPROXENO 550MG TAB. REC CJAX100UND,PORTUGAL GENERICO,0.0,20.0,6.0,2026-02-16 22:14:28,5,2,Verano
106081,NAPROXENO 550MG TAB. REC CJAX100UND,PORTUGAL GENERICO,0.0,10.0,3.0,2026-02-17 08:51:42,9,2,Verano
106081,NAPROXENO 550MG TAB. REC CJAX100UND,PORTUGAL GENERICO,0.0,10.0,3.0,2026-02-17 11:32:20,8,2,Verano
106081,NAPROXENO 550MG TAB. REC CJAX100UND,PORTUGAL GENERICO,0.0,10.0,3.0,2026-02-17 12:46:16,1,2,Verano
106081,NAPROXENO 550MG TAB. REC CJAX100UND,PORTUGAL GENERICO,0.0,10.0,3.0,2026-02-17 13:08:56,9,2,Verano
106081,NAPROXENO 550MG TAB. REC CJAX100UND,PORTUGAL GENERICO,0.0,10.0,3.0,2026-02-17 16:44:34,8,2,Verano
106081,NAPROXENO 550MG TAB. REC CJAX100UND,PORTUGAL GENERICO,0.0,20.0,6.0,2026-02-17 18:16:57,9,2,Verano
106081,NAPROXENO 550MG TAB. REC CJAX100UND,PORTUGAL GENERICO,0.0,10.0,3.0,2026-02-17 18:24:25,1,2,Verano
106081,NAPROXENO 550MG TAB. REC CJAX100UND,PORTUGAL GENERICO,0.0,10.0,3.0,2026-02-17 18:44:25,9,2,Verano
106081,NAPROXENO 550MG TAB. REC CJAX100UND,PORTUGAL GENERICO,0.0,10.0,3.0,2026-02-17 19:11:25,1,2,Verano
106081,NAPROXENO 550MG TAB. REC CJAX100UND,PORTUGAL GENERICO,0.0,10.0,3.0,2026-02-17 19:33:37,1,2,Verano
106081,NAPROXENO 550MG TAB. REC CJAX100UND,PORTUGAL GENERICO,0.0,10.0,3.0,2026-02-17 21:03:14,5,2,Verano
106081,NAPROXENO 550MG TAB. REC CJAX100UND,PORTUGAL GENERICO,0.0,20.0,6.0,2026-02-18 12:37:03,8,2,Verano
106081,NAPROXENO 550MG TAB. REC CJAX100UND,PORTUGAL GENERICO,0.0,10.0,3.0,2026-02-18 14:10:58,7,2,Verano
106081,NAPROXENO 550MG TAB. REC CJAX100UND,PORTUGAL GENERICO,0.0,10.0,3.0,2026-02-18 14:35:05,15,2,Verano
106081,NAPROXENO 550MG TAB. REC CJAX100UND,PORTUGAL GENERICO,0.0,10.0,3.0,2026-02-18 15:04:13,7,2,Verano
106081,NAPROXENO 550MG TAB. REC CJAX100UND,PORTUGAL GENERICO,0.0,10.0,3.0,2026-02-18 15:31:19,1,2,Verano
106081,NAPROXENO 550MG TAB. REC CJAX100UND,PORTUGAL GENERICO,0.0,10.0,3.0,2026-02-18 17:11:25,14,2,Verano
106081,NAPROXENO 550MG TAB. REC CJAX100UND,PORTUGAL GENERICO,0.0,10.0,3.0,2026-02-18 18:50:11,7,2,Verano
106081,NAPROXENO 550MG TAB. REC CJAX100UND,PORTUGAL GENERICO,0.0,10.0,3.0,2026-02-18 20:08:08,9,2,Verano
106081,NAPROXENO 550MG TAB. REC CJAX100UND,PORTUGAL GENERICO,0.0,10.0,3.0,2026-02-18 20:26:29,5,2,Verano
106081,NAPROXENO 550MG TAB. REC CJAX100UND,PORTUGAL GENERICO,0.0,10.0,3.0,2026-02-18 20:31:31,7,2,Verano
106081,NAPROXENO 550MG TAB. REC CJAX100UND,PORTUGAL GENERICO,0.0,6.0,1.8,2026-02-18 21:14:20,18,2,Verano
106081,NAPROXENO 550MG TAB. REC CJAX100UND,PORTUGAL GENERICO,0.0,10.0,3.0,2026-02-18 21:23:47,1,2,Verano
106081,NAPROXENO 550MG TAB. REC CJAX100UND,PORTUGAL GENERICO,0.0,5.0,1.5,2026-02-18 21:47:55,8,2,Verano
106081,NAPROXENO 550MG TAB. REC CJAX100UND,PORTUGAL GENERICO,0.0,3.0,0.9,2026-02-18 22:11:45,1,2,Verano
106081,NAPROXENO 550MG TAB. REC CJAX100UND,PORTUGAL GENERICO,0.0,10.0,3.0,2026-02-18 22:21:08,7,2,Verano
106081,NAPROXENO 550MG TAB. REC CJAX100UND,PORTUGAL GENERICO,0.0,20.0,6.0,2026-02-18 22:33:50,7,2,Verano
106081,NAPROXENO 550MG TAB. REC CJAX100UND,PORTUGAL GENERICO,0.0,10.0,3.0,2026-02-18 22:52:44,5,2,Verano
106081,NAPROXENO 550MG TAB. REC CJAX100UND,PORTUGAL GENERICO,0.0,10.0,3.0,2026-02-19 11:22:48,15,2,Verano
106081,NAPROXENO 550MG TAB. REC CJAX100UND,PORTUGAL GENERICO,0.0,10.0,3.0,2026-02-19 11:25:42,4,2,Verano
106081,NAPROXENO 550MG TAB. REC CJAX100UND,PORTUGAL GENERICO,0.0,10.0,3.0,2026-02-19 12:24:51,5,2,Verano
106081,NAPROXENO 550MG TAB. REC CJAX100UND,PORTUGAL GENERICO,0.0,10.0,3.0,2026-02-19 12:46:15,3,2,Verano
106081,NAPROXENO 550MG TAB. REC CJAX100UND,PORTUGAL GENERICO,0.0,20.0,6.0,2026-02-19 13:18:39,14,2,Verano
106081,NAPROXENO 550MG TAB. REC CJAX100UND,PORTUGAL GENERICO,0.0,3.0,0.9,2026-02-19 13:57:17,3,2,Verano
106081,NAPROXENO 550MG TAB. REC CJAX100UND,PORTUGAL GENERICO,0.0,10.0,3.0,2026-02-19 14:18:22,14,2,Verano
106081,NAPROXENO 550MG TAB. REC CJAX100UND,PORTUGAL GENERICO,0.0,10.0,3.0,2026-02-19 16:12:12,5,2,Verano
106081,NAPROXENO 550MG TAB. REC CJAX100UND,PORTUGAL GENERICO,0.0,5.0,1.5,2026-02-19 19:39:38,5,2,Verano
106081,NAPROXENO 550MG TAB. REC CJAX100UND,PORTUGAL GENERICO,0.0,10.0,3.0,2026-02-19 20:02:33,1,2,Verano
106081,NAPROXENO 550MG TAB. REC CJAX100UND,PORTUGAL GENERICO,0.0,10.0,3.0,2026-02-19 20:06:34,5,2,Verano
106081,NAPROXENO 550MG TAB. REC CJAX100UND,PORTUGAL GENERICO,0.0,10.0,3.0,2026-02-19 20:16:00,1,2,Verano
106081,NAPROXENO 550MG TAB. REC CJAX100UND,PORTUGAL GENERICO,0.0,2.0,0.6,2026-02-19 20:34:33,5,2,Verano
106081,NAPROXENO 550MG TAB. REC CJAX100UND,PORTUGAL GENERICO,0.0,5.0,1.5,2026-02-19 20:49:53,5,2,Verano
106081,NAPROXENO 550MG TAB. REC CJAX100UND,PORTUGAL GENERICO,0.0,10.0,3.0,2026-02-19 21:01:33,5,2,Verano
106081,NAPROXENO 550MG TAB. REC CJAX100UND,PORTUGAL GENERICO,0.0,10.0,3.0,2026-02-19 21:39:05,9,2,Verano
106081,NAPROXENO 550MG TAB. REC CJAX100UND,PORTUGAL GENERICO,0.0,10.0,3.0,2026-02-19 21:40:33,1,2,Verano
106081,NAPROXENO 550MG TAB. REC CJAX100UND,PORTUGAL GENERICO,0.0,10.0,3.0,2026-02-20 07:22:48,1,2,Verano
106081,NAPROXENO 550MG TAB. REC CJAX100UND,PORTUGAL GENERICO,0.0,10.0,3.0,2026-02-20 07:42:31,6,2,Verano
106081,NAPROXENO 550MG TAB. REC CJAX100UND,PORTUGAL GENERICO,0.0,10.0,3.0,2026-02-20 08:27:30,9,2,Verano
106081,NAPROXENO 550MG TAB. REC CJAX100UND,PORTUGAL GENERICO,0.0,10.0,3.0,2026-02-20 10:43:36,9,2,Verano
106081,NAPROXENO 550MG TAB. REC CJAX100UND,PORTUGAL GENERICO,0.0,5.0,1.5,2026-02-20 11:16:10,1,2,Verano
106081,NAPROXENO 550MG TAB. REC CJAX100UND,PORTUGAL GENERICO,0.0,80.0,24.0,2026-02-20 11:56:01,1,2,Verano
106081,NAPROXENO 550MG TAB. REC CJAX100UND,PORTUGAL GENERICO,0.0,10.0,3.0,2026-02-20 13:09:21,7,2,Verano
106081,NAPROXENO 550MG TAB. REC CJAX100UND,PORTUGAL GENERICO,0.0,10.0,3.0,2026-02-20 14:19:06,7,2,Verano
106081,NAPROXENO 550MG TAB. REC CJAX100UND,PORTUGAL GENERICO,0.0,10.0,3.0,2026-02-20 14:47:47,9,2,Verano
106081,NAPROXENO 550MG TAB. REC CJAX100UND,PORTUGAL GENERICO,0.0,20.0,6.0,2026-02-20 15:27:25,7,2,Verano
106081,NAPROXENO 550MG TAB. REC CJAX100UND,PORTUGAL GENERICO,0.0,10.0,3.0,2026-02-20 16:01:31,1,2,Verano
106081,NAPROXENO 550MG TAB. REC CJAX100UND,PORTUGAL GENERICO,0.0,10.0,3.0,2026-02-20 18:30:51,15,2,Verano
106081,NAPROXENO 550MG TAB. REC CJAX100UND,PORTUGAL GENERICO,0.0,10.0,3.0,2026-02-20 18:41:29,12,2,Verano
106081,NAPROXENO 550MG TAB. REC CJAX100UND,PORTUGAL GENERICO,0.0,10.0,2.85,2026-02-20 18:50:27,3,2,Verano
106081,NAPROXENO 550MG TAB. REC CJAX100UND,PORTUGAL GENERICO,0.0,10.0,3.0,2026-02-20 19:31:04,7,2,Verano
106081,NAPROXENO 550MG TAB. REC CJAX100UND,PORTUGAL GENERICO,0.0,10.0,3.0,2026-02-20 19:40:13,14,2,Verano
106081,NAPROXENO 550MG TAB. REC CJAX100UND,PORTUGAL GENERICO,0.0,10.0,3.0,2026-02-20 19:42:01,15,2,Verano
106081,NAPROXENO 550MG TAB. REC CJAX100UND,PORTUGAL GENERICO,0.0,10.0,3.0,2026-02-20 21:08:11,15,2,Verano
106081,NAPROXENO 550MG TAB. REC CJAX100UND,PORTUGAL GENERICO,0.0,10.0,3.0,2026-02-20 21:17:40,7,2,Verano
106081,NAPROXENO 550MG TAB. REC CJAX100UND,PORTUGAL GENERICO,0.0,10.0,3.0,2026-02-20 22:49:45,5,2,Verano
106081,NAPROXENO 550MG TAB. REC CJAX100UND,PORTUGAL GENERICO,0.0,10.0,3.0,2026-02-20 22:59:50,5,2,Verano
106081,NAPROXENO 550MG TAB. REC CJAX100UND,PORTUGAL GENERICO,0.0,10.0,3.0,2026-02-21 09:03:39,15,2,Verano
106081,NAPROXENO 550MG TAB. REC CJAX100UND,PORTUGAL GENERICO,0.0,10.0,3.0,2026-02-21 09:17:34,5,2,Verano
106081,NAPROXENO 550MG TAB. REC CJAX100UND,PORTUGAL GENERICO,0.0,10.0,3.0,2026-02-21 09:46:42,12,2,Verano
106081,NAPROXENO 550MG TAB. REC CJAX100UND,PORTUGAL GENERICO,0.0,5.0,1.5,2026-02-21 09:54:01,9,2,Verano
106081,NAPROXENO 550MG TAB. REC CJAX100UND,PORTUGAL GENERICO,0.0,1.0,0.3,2026-02-21 10:57:05,6,2,Verano
106081,NAPROXENO 550MG TAB. REC CJAX100UND,PORTUGAL GENERICO,0.0,10.0,3.0,2026-02-21 11:02:27,15,2,Verano
106081,NAPROXENO 550MG TAB. REC CJAX100UND,PORTUGAL GENERICO,0.0,10.0,3.0,2026-02-21 12:25:32,6,2,Verano
106081,NAPROXENO 550MG TAB. REC CJAX100UND,PORTUGAL GENERICO,0.0,10.0,3.0,2026-02-21 12:54:30,6,2,Verano
106081,NAPROXENO 550MG TAB. REC CJAX100UND,PORTUGAL GENERICO,0.0,5.0,1.5,2026-02-21 15:11:55,9,2,Verano
106081,NAPROXENO 550MG TAB. REC CJAX100UND,PORTUGAL GENERICO,0.0,10.0,2.85,2026-02-21 15:38:47,6,2,Verano
106081,NAPROXENO 550MG TAB. REC CJAX100UND,PORTUGAL GENERICO,0.0,5.0,1.5,2026-02-21 19:13:11,9,2,Verano
106081,NAPROXENO 550MG TAB. REC CJAX100UND,PORTUGAL GENERICO,0.0,10.0,3.0,2026-02-21 19:26:43,5,2,Verano
106081,NAPROXENO 550MG TAB. REC CJAX100UND,PORTUGAL GENERICO,0.0,10.0,3.0,2026-02-21 20:08:37,12,2,Verano
106081,NAPROXENO 550MG TAB. REC CJAX100UND,PORTUGAL GENERICO,0.0,20.0,6.0,2026-02-21 21:03:35,1,2,Verano
106081,NAPROXENO 550MG TAB. REC CJAX100UND,PORTUGAL GENERICO,0.0,10.0,3.0,2026-02-21 21:17:54,4,2,Verano
106081,NAPROXENO 550MG TAB. REC CJAX100UND,PORTUGAL GENERICO,0.0,10.0,3.0,2026-02-21 21:40:25,16,2,Verano
106081,NAPROXENO 550MG TAB. REC CJAX100UND,PORTUGAL GENERICO,0.0,10.0,3.0,2026-02-21 21:44:28,7,2,Verano
106081,NAPROXENO 550MG TAB. REC CJAX100UND,PORTUGAL GENERICO,0.0,20.0,6.0,2026-02-21 21:45:23,14,2,Verano
106081,NAPROXENO 550MG TAB. REC CJAX100UND,PORTUGAL GENERICO,0.0,10.0,3.0,2026-02-21 21:51:29,1,2,Verano
106081,NAPROXENO 550MG TAB. REC CJAX100UND,PORTUGAL GENERICO,0.0,10.0,3.0,2026-02-21 22:20:59,7,2,Verano
106081,NAPROXENO 550MG TAB. REC CJAX100UND,PORTUGAL GENERICO,0.0,10.0,3.0,2026-02-22 08:47:35,15,2,Verano
106081,NAPROXENO 550MG TAB. REC CJAX100UND,PORTUGAL GENERICO,0.0,10.0,3.0,2026-02-22 10:31:42,9,2,Verano
106081,NAPROXENO 550MG TAB. REC CJAX100UND,PORTUGAL GENERICO,0.0,10.0,3.0,2026-02-22 12:50:48,4,2,Verano
106081,NAPROXENO 550MG TAB. REC CJAX100UND,PORTUGAL GENERICO,0.0,20.0,6.0,2026-02-22 15:35:59,15,2,Verano
106081,NAPROXENO 550MG TAB. REC CJAX100UND,PORTUGAL GENERICO,0.0,10.0,3.0,2026-02-22 15:57:30,14,2,Verano
106081,NAPROXENO 550MG TAB. REC CJAX100UND,PORTUGAL GENERICO,0.0,10.0,3.0,2026-02-22 16:03:05,3,2,Verano
106081,NAPROXENO 550MG TAB. REC CJAX100UND,PORTUGAL GENERICO,0.0,10.0,3.0,2026-02-22 18:38:20,6,2,Verano
106081,NAPROXENO 550MG TAB. REC CJAX100UND,PORTUGAL GENERICO,0.0,10.0,3.0,2026-02-22 18:47:02,4,2,Verano
106081,NAPROXENO 550MG TAB. REC CJAX100UND,PORTUGAL GENERICO,0.0,10.0,3.0,2026-02-22 19:13:51,16,2,Verano
106081,NAPROXENO 550MG TAB. REC CJAX100UND,PORTUGAL GENERICO,0.0,20.0,6.0,2026-02-22 19:23:16,7,2,Verano
106081,NAPROXENO 550MG TAB. REC CJAX100UND,PORTUGAL GENERICO,0.0,10.0,3.0,2026-02-22 19:29:46,5,2,Verano
106081,NAPROXENO 550MG TAB. REC CJAX100UND,PORTUGAL GENERICO,0.0,10.0,3.0,2026-02-22 19:33:39,16,2,Verano
106081,NAPROXENO 550MG TAB. REC CJAX100UND,PORTUGAL GENERICO,0.0,10.0,3.0,2026-02-22 20:22:27,14,2,Verano
106081,NAPROXENO 550MG TAB. REC CJAX100UND,PORTUGAL GENERICO,0.0,10.0,3.0,2026-02-22 20:47:14,9,2,Verano
106081,NAPROXENO 550MG TAB. REC CJAX100UND,PORTUGAL GENERICO,0.0,10.0,3.0,2026-02-22 21:16:00,9,2,Verano
106081,NAPROXENO 550MG TAB. REC CJAX100UND,PORTUGAL GENERICO,0.0,10.0,3.0,2026-02-22 21:20:20,16,2,Verano
106081,NAPROXENO 550MG TAB. REC CJAX100UND,PORTUGAL GENERICO,0.0,10.0,3.0,2026-02-22 21:42:42,7,2,Verano
106081,NAPROXENO 550MG TAB. REC CJAX100UND,PORTUGAL GENERICO,0.0,10.0,3.0,2026-02-22 21:56:35,14,2,Verano
106081,NAPROXENO 550MG TAB. REC CJAX100UND,PORTUGAL GENERICO,0.0,10.0,3.0,2026-02-23 08:12:45,16,2,Verano
106081,NAPROXENO 550MG TAB. REC CJAX100UND,PORTUGAL GENERICO,0.0,10.0,3.0,2026-02-23 08:46:00,1,2,Verano
106081,NAPROXENO 550MG TAB. REC CJAX100UND,PORTUGAL GENERICO,0.0,10.0,3.0,2026-02-23 13:40:32,18,2,Verano
106081,NAPROXENO 550MG TAB. REC CJAX100UND,PORTUGAL GENERICO,0.0,10.0,3.0,2026-02-23 16:00:42,6,2,Verano
106081,NAPROXENO 550MG TAB. REC CJAX100UND,PORTUGAL GENERICO,0.0,10.0,3.0,2026-02-23 16:30:53,18,2,Verano
106081,NAPROXENO 550MG TAB. REC CJAX100UND,PORTUGAL GENERICO,0.0,10.0,3.0,2026-02-23 18:32:16,15,2,Verano
106081,NAPROXENO 550MG TAB. REC CJAX100UND,PORTUGAL GENERICO,0.0,10.0,3.0,2026-02-23 18:34:13,4,2,Verano
106081,NAPROXENO 550MG TAB. REC CJAX100UND,PORTUGAL GENERICO,0.0,10.0,3.0,2026-02-23 19:12:50,15,2,Verano
106081,NAPROXENO 550MG TAB. REC CJAX100UND,PORTUGAL GENERICO,0.0,10.0,3.0,2026-02-23 19:50:40,18,2,Verano
106081,NAPROXENO 550MG TAB. REC CJAX100UND,PORTUGAL GENERICO,0.0,10.0,3.0,2026-02-23 19:52:37,4,2,Verano
106081,NAPROXENO 550MG TAB. REC CJAX100UND,PORTUGAL GENERICO,0.0,10.0,3.0,2026-02-23 20:14:41,8,2,Verano
106081,NAPROXENO 550MG TAB. REC CJAX100UND,PORTUGAL GENERICO,0.0,10.0,3.0,2026-02-23 20:44:11,1,2,Verano
106081,NAPROXENO 550MG TAB. REC CJAX100UND,PORTUGAL GENERICO,0.0,10.0,3.0,2026-02-23 21:59:43,5,2,Verano
106081,NAPROXENO 550MG TAB. REC CJAX100UND,PORTUGAL GENERICO,0.0,10.0,3.0,2026-02-23 22:06:21,7,2,Verano
106081,NAPROXENO 550MG TAB. REC CJAX100UND,PORTUGAL GENERICO,0.0,10.0,3.0,2026-02-24 07:21:13,18,2,Verano
106081,NAPROXENO 550MG TAB. REC CJAX100UND,PORTUGAL GENERICO,0.0,10.0,3.0,2026-02-24 07:49:54,7,2,Verano
106081,NAPROXENO 550MG TAB. REC CJAX100UND,PORTUGAL GENERICO,0.0,2.0,0.6,2026-02-24 12:18:28,3,2,Verano
106081,NAPROXENO 550MG TAB. REC CJAX100UND,PORTUGAL GENERICO,0.0,10.0,3.0,2026-02-24 12:48:28,12,2,Verano
106081,NAPROXENO 550MG TAB. REC CJAX100UND,PORTUGAL GENERICO,0.0,10.0,3.0,2026-02-24 13:23:05,4,2,Verano
106081,NAPROXENO 550MG TAB. REC CJAX100UND,PORTUGAL GENERICO,0.0,10.0,3.0,2026-02-24 13:32:37,12,2,Verano
106081,NAPROXENO 550MG TAB. REC CJAX100UND,PORTUGAL GENERICO,0.0,10.0,3.0,2026-02-24 13:36:14,6,2,Verano
106081,NAPROXENO 550MG TAB. REC CJAX100UND,PORTUGAL GENERICO,0.0,5.0,1.5,2026-02-24 15:50:53,3,2,Verano
106081,NAPROXENO 550MG TAB. REC CJAX100UND,PORTUGAL GENERICO,0.0,10.0,3.0,2026-02-24 19:36:30,11,2,Verano
106081,NAPROXENO 550MG TAB. REC CJAX100UND,PORTUGAL GENERICO,0.0,10.0,3.0,2026-02-24 20:12:32,9,2,Verano
106081,NAPROXENO 550MG TAB. REC CJAX100UND,PORTUGAL GENERICO,0.0,10.0,3.0,2026-02-24 20:18:21,16,2,Verano
106081,NAPROXENO 550MG TAB. REC CJAX100UND,PORTUGAL GENERICO,0.0,10.0,3.0,2026-02-24 20:50:26,6,2,Verano
106081,NAPROXENO 550MG TAB. REC CJAX100UND,PORTUGAL GENERICO,0.0,5.0,1.5,2026-02-24 21:34:22,7,2,Verano
106081,NAPROXENO 550MG TAB. REC CJAX100UND,PORTUGAL GENERICO,0.0,10.0,3.0,2026-02-24 21:41:50,15,2,Verano
106081,NAPROXENO 550MG TAB. REC CJAX100UND,PORTUGAL GENERICO,0.0,5.0,1.5,2026-02-24 21:49:42,16,2,Verano
106081,NAPROXENO 550MG TAB. REC CJAX100UND,PORTUGAL GENERICO,0.0,10.0,3.0,2026-02-24 23:31:41,5,2,Verano
106081,NAPROXENO 550MG TAB. REC CJAX100UND,PORTUGAL GENERICO,0.0,10.0,3.0,2026-02-24 23:32:10,5,2,Verano
106081,NAPROXENO 550MG TAB. REC CJAX100UND,PORTUGAL GENERICO,0.0,10.0,3.0,2026-02-25 07:49:05,1,2,Verano
106081,NAPROXENO 550MG TAB. REC CJAX100UND,PORTUGAL GENERICO,0.0,10.0,3.0,2026-02-25 07:49:15,5,2,Verano
106081,NAPROXENO 550MG TAB. REC CJAX100UND,PORTUGAL GENERICO,0.0,12.0,3.6,2026-02-25 07:59:22,5,2,Verano
106081,NAPROXENO 550MG TAB. REC CJAX100UND,PORTUGAL GENERICO,0.0,10.0,3.0,2026-02-25 08:19:16,8,2,Verano
106081,NAPROXENO 550MG TAB. REC CJAX100UND,PORTUGAL GENERICO,0.0,10.0,3.0,2026-02-25 09:19:05,2,2,Verano
106081,NAPROXENO 550MG TAB. REC CJAX100UND,PORTUGAL GENERICO,0.0,10.0,3.0,2026-02-25 10:03:18,5,2,Verano
106081,NAPROXENO 550MG TAB. REC CJAX100UND,PORTUGAL GENERICO,0.0,10.0,3.0,2026-02-25 10:27:11,2,2,Verano
106081,NAPROXENO 550MG TAB. REC CJAX100UND,PORTUGAL GENERICO,1.0,0.0,30.0,2026-02-25 10:56:37,9,2,Verano
106081,NAPROXENO 550MG TAB. REC CJAX100UND,PORTUGAL GENERICO,0.0,20.0,6.0,2026-02-25 11:53:44,11,2,Verano
106081,NAPROXENO 550MG TAB. REC CJAX100UND,PORTUGAL GENERICO,0.0,20.0,6.0,2026-02-25 12:05:21,5,2,Verano
106081,NAPROXENO 550MG TAB. REC CJAX100UND,PORTUGAL GENERICO,0.0,20.0,6.0,2026-02-25 15:04:17,6,2,Verano
106081,NAPROXENO 550MG TAB. REC CJAX100UND,PORTUGAL GENERICO,0.0,10.0,3.0,2026-02-25 15:12:33,5,2,Verano
106081,NAPROXENO 550MG TAB. REC CJAX100UND,PORTUGAL GENERICO,0.0,10.0,3.0,2026-02-25 15:18:08,5,2,Verano
106081,NAPROXENO 550MG TAB. REC CJAX100UND,PORTUGAL GENERICO,0.0,-10.0,-3.0,2026-02-25 15:19:23,5,2,Verano
106081,NAPROXENO 550MG TAB. REC CJAX100UND,PORTUGAL GENERICO,0.0,10.0,3.0,2026-02-25 17:09:24,6,2,Verano
106081,NAPROXENO 550MG TAB. REC CJAX100UND,PORTUGAL GENERICO,0.0,10.0,3.0,2026-02-25 18:39:14,1,2,Verano
106081,NAPROXENO 550MG TAB. REC CJAX100UND,PORTUGAL GENERICO,0.0,10.0,2.85,2026-02-25 19:00:45,11,2,Verano
106081,NAPROXENO 550MG TAB. REC CJAX100UND,PORTUGAL GENERICO,0.0,5.0,1.5,2026-02-25 19:28:32,5,2,Verano
106081,NAPROXENO 550MG TAB. REC CJAX100UND,PORTUGAL GENERICO,0.0,1.0,0.3,2026-02-25 19:29:59,3,2,Verano
106081,NAPROXENO 550MG TAB. REC CJAX100UND,PORTUGAL GENERICO,0.0,10.0,3.0,2026-02-25 20:48:09,15,2,Verano
106081,NAPROXENO 550MG TAB. REC CJAX100UND,PORTUGAL GENERICO,0.0,10.0,3.0,2026-02-25 21:15:13,9,2,Verano
106081,NAPROXENO 550MG TAB. REC CJAX100UND,PORTUGAL GENERICO,0.0,10.0,3.0,2026-02-25 22:07:57,1,2,Verano
106081,NAPROXENO 550MG TAB. REC CJAX100UND,PORTUGAL GENERICO,0.0,10.0,3.0,2026-02-25 22:12:07,5,2,Verano
106081,NAPROXENO 550MG TAB. REC CJAX100UND,PORTUGAL GENERICO,0.0,10.0,3.0,2026-02-26 08:58:27,13,2,Verano
106081,NAPROXENO 550MG TAB. REC CJAX100UND,PORTUGAL GENERICO,0.0,13.0,3.9,2026-02-26 09:55:02,9,2,Verano
106081,NAPROXENO 550MG TAB. REC CJAX100UND,PORTUGAL GENERICO,0.0,-13.0,-3.9,2026-02-26 09:56:12,9,2,Verano
106081,NAPROXENO 550MG TAB. REC CJAX100UND,PORTUGAL GENERICO,0.0,10.0,3.0,2026-02-26 12:05:06,3,2,Verano
106081,NAPROXENO 550MG TAB. REC CJAX100UND,PORTUGAL GENERICO,0.0,10.0,3.0,2026-02-26 13:07:26,3,2,Verano
106081,NAPROXENO 550MG TAB. REC CJAX100UND,PORTUGAL GENERICO,0.0,10.0,3.0,2026-02-26 14:13:51,16,2,Verano
106081,NAPROXENO 550MG TAB. REC CJAX100UND,PORTUGAL GENERICO,0.0,10.0,3.0,2026-02-26 14:35:16,6,2,Verano
106081,NAPROXENO 550MG TAB. REC CJAX100UND,PORTUGAL GENERICO,0.0,20.0,5.71,2026-02-26 14:40:36,6,2,Verano
106081,NAPROXENO 550MG TAB. REC CJAX100UND,PORTUGAL GENERICO,0.0,10.0,3.0,2026-02-26 14:47:11,19,2,Verano
106081,NAPROXENO 550MG TAB. REC CJAX100UND,PORTUGAL GENERICO,0.0,2.0,0.6,2026-02-26 16:10:23,9,2,Verano
106081,NAPROXENO 550MG TAB. REC CJAX100UND,PORTUGAL GENERICO,0.0,10.0,3.0,2026-02-26 18:40:04,8,2,Verano
106081,NAPROXENO 550MG TAB. REC CJAX100UND,PORTUGAL GENERICO,0.0,10.0,3.0,2026-02-26 18:54:21,7,2,Verano
106081,NAPROXENO 550MG TAB. REC CJAX100UND,PORTUGAL GENERICO,0.0,10.0,3.0,2026-02-26 20:28:50,11,2,Verano
106081,NAPROXENO 550MG TAB. REC CJAX100UND,PORTUGAL GENERICO,0.0,10.0,3.0,2026-02-26 20:32:43,16,2,Verano
106081,NAPROXENO 550MG TAB. REC CJAX100UND,PORTUGAL GENERICO,0.0,10.0,3.0,2026-02-26 20:45:16,5,2,Verano
106081,NAPROXENO 550MG TAB. REC CJAX100UND,PORTUGAL GENERICO,0.0,10.0,3.0,2026-02-26 20:59:19,7,2,Verano
106081,NAPROXENO 550MG TAB. REC CJAX100UND,PORTUGAL GENERICO,0.0,10.0,3.0,2026-02-26 21:10:58,13,2,Verano
106081,NAPROXENO 550MG TAB. REC CJAX100UND,PORTUGAL GENERICO,0.0,10.0,3.0,2026-02-26 21:21:05,13,2,Verano
106081,NAPROXENO 550MG TAB. REC CJAX100UND,PORTUGAL GENERICO,0.0,10.0,3.0,2026-02-26 21:46:49,15,2,Verano
106081,NAPROXENO 550MG TAB. REC CJAX100UND,PORTUGAL GENERICO,0.0,10.0,3.0,2026-02-26 22:39:41,12,2,Verano
106081,NAPROXENO 550MG TAB. REC CJAX100UND,PORTUGAL GENERICO,0.0,10.0,3.0,2026-02-27 10:02:22,2,2,Verano
106081,NAPROXENO 550MG TAB. REC CJAX100UND,PORTUGAL GENERICO,0.0,10.0,3.0,2026-02-27 10:41:12,5,2,Verano
106081,NAPROXENO 550MG TAB. REC CJAX100UND,PORTUGAL GENERICO,0.0,10.0,3.0,2026-02-27 11:05:38,2,2,Verano
106081,NAPROXENO 550MG TAB. REC CJAX100UND,PORTUGAL GENERICO,0.0,3.0,0.9,2026-02-27 14:08:56,1,2,Verano
106081,NAPROXENO 550MG TAB. REC CJAX100UND,PORTUGAL GENERICO,0.0,10.0,3.0,2026-02-27 14:53:00,10,2,Verano
106081,NAPROXENO 550MG TAB. REC CJAX100UND,PORTUGAL GENERICO,0.0,10.0,3.0,2026-02-27 15:37:39,1,2,Verano
106081,NAPROXENO 550MG TAB. REC CJAX100UND,PORTUGAL GENERICO,0.0,10.0,3.0,2026-02-27 19:04:23,19,2,Verano
106081,NAPROXENO 550MG TAB. REC CJAX100UND,PORTUGAL GENERICO,0.0,10.0,3.0,2026-02-27 20:05:13,3,2,Verano
106081,NAPROXENO 550MG TAB. REC CJAX100UND,PORTUGAL GENERICO,0.0,10.0,3.0,2026-02-27 20:10:35,5,2,Verano
106081,NAPROXENO 550MG TAB. REC CJAX100UND,PORTUGAL GENERICO,0.0,10.0,3.0,2026-02-27 20:24:30,1,2,Verano
106081,NAPROXENO 550MG TAB. REC CJAX100UND,PORTUGAL GENERICO,0.0,10.0,3.0,2026-02-28 10:19:12,1,2,Verano
106081,NAPROXENO 550MG TAB. REC CJAX100UND,PORTUGAL GENERICO,0.0,20.0,6.0,2026-02-28 11:13:21,5,2,Verano
106081,NAPROXENO 550MG TAB. REC CJAX100UND,PORTUGAL GENERICO,0.0,10.0,3.0,2026-02-28 11:54:04,18,2,Verano
106081,NAPROXENO 550MG TAB. REC CJAX100UND,PORTUGAL GENERICO,0.0,10.0,3.0,2026-02-28 11:58:34,1,2,Verano
106081,NAPROXENO 550MG TAB. REC CJAX100UND,PORTUGAL GENERICO,0.0,10.0,3.0,2026-02-28 13:56:13,3,2,Verano
106081,NAPROXENO 550MG TAB. REC CJAX100UND,PORTUGAL GENERICO,0.0,10.0,3.0,2026-02-28 15:32:54,18,2,Verano
106081,NAPROXENO 550MG TAB. REC CJAX100UND,PORTUGAL GENERICO,0.0,10.0,3.0,2026-02-28 18:40:49,2,2,Verano
106081,NAPROXENO 550MG TAB. REC CJAX100UND,PORTUGAL GENERICO,0.0,10.0,3.0,2026-02-28 20:24:22,1,2,Verano
106081,NAPROXENO 550MG TAB. REC CJAX100UND,PORTUGAL GENERICO,0.0,10.0,3.0,2026-02-28 20:28:21,7,2,Verano
106081,NAPROXENO 550MG TAB. REC CJAX100UND,PORTUGAL GENERICO,0.0,10.0,3.0,2026-02-28 21:07:48,1,2,Verano
106081,NAPROXENO 550MG TAB. REC CJAX100UND,PORTUGAL GENERICO,0.0,10.0,3.0,2026-02-28 22:38:38,7,2,Verano
106081,NAPROXENO 550MG TAB. REC CJAX100UND,PORTUGAL GENERICO,0.0,10.0,3.0,2026-03-01 10:13:00,3,3,Otoño
106081,NAPROXENO 550MG TAB. REC CJAX100UND,PORTUGAL GENERICO,0.0,10.0,3.0,2026-03-01 12:48:30,15,3,Otoño
106081,NAPROXENO 550MG TAB. REC CJAX100UND,PORTUGAL GENERICO,0.0,10.0,3.0,2026-03-01 15:00:36,3,3,Otoño
106081,NAPROXENO 550MG TAB. REC CJAX100UND,PORTUGAL GENERICO,0.0,10.0,3.0,2026-03-01 17:13:42,1,3,Otoño
106081,NAPROXENO 550MG TAB. REC CJAX100UND,PORTUGAL GENERICO,0.0,10.0,3.0,2026-03-01 18:19:40,5,3,Otoño
106081,NAPROXENO 550MG TAB. REC CJAX100UND,PORTUGAL GENERICO,0.0,10.0,3.0,2026-03-01 18:54:13,12,3,Otoño
106081,NAPROXENO 550MG TAB. REC CJAX100UND,PORTUGAL GENERICO,0.0,10.0,3.0,2026-03-01 19:23:07,3,3,Otoño
106081,NAPROXENO 550MG TAB. REC CJAX100UND,PORTUGAL GENERICO,0.0,10.0,3.0,2026-03-01 20:25:31,3,3,Otoño
106081,NAPROXENO 550MG TAB. REC CJAX100UND,PORTUGAL GENERICO,0.0,10.0,3.0,2026-03-01 21:00:34,16,3,Otoño
106081,NAPROXENO 550MG TAB. REC CJAX100UND,PORTUGAL GENERICO,0.0,5.0,1.5,2026-03-01 21:55:28,5,3,Otoño
106081,NAPROXENO 550MG TAB. REC CJAX100UND,PORTUGAL GENERICO,0.0,10.0,3.0,2026-03-01 22:49:51,5,3,Otoño
106081,NAPROXENO 550MG TAB. REC CJAX100UND,PORTUGAL GENERICO,0.0,10.0,3.0,2026-03-02 10:08:29,6,3,Otoño
106081,NAPROXENO 550MG TAB. REC CJAX100UND,PORTUGAL GENERICO,0.0,10.0,3.0,2026-03-02 11:58:42,7,3,Otoño
106081,NAPROXENO 550MG TAB. REC CJAX100UND,PORTUGAL GENERICO,0.0,10.0,3.0,2026-03-02 12:00:16,1,3,Otoño
106081,NAPROXENO 550MG TAB. REC CJAX100UND,PORTUGAL GENERICO,0.0,20.0,6.0,2026-03-02 13:51:33,18,3,Otoño
106081,NAPROXENO 550MG TAB. REC CJAX100UND,PORTUGAL GENERICO,0.0,10.0,3.0,2026-03-02 14:14:40,6,3,Otoño
106081,NAPROXENO 550MG TAB. REC CJAX100UND,PORTUGAL GENERICO,0.0,10.0,3.0,2026-03-02 16:51:33,7,3,Otoño
106081,NAPROXENO 550MG TAB. REC CJAX100UND,PORTUGAL GENERICO,0.0,10.0,3.0,2026-03-02 18:18:07,10,3,Otoño
106081,NAPROXENO 550MG TAB. REC CJAX100UND,PORTUGAL GENERICO,0.0,20.0,6.0,2026-03-02 18:53:12,1,3,Otoño
106081,NAPROXENO 550MG TAB. REC CJAX100UND,PORTUGAL GENERICO,0.0,10.0,3.0,2026-03-02 19:29:51,12,3,Otoño
106081,NAPROXENO 550MG TAB. REC CJAX100UND,PORTUGAL GENERICO,0.0,10.0,3.0,2026-03-02 19:32:31,13,3,Otoño
106081,NAPROXENO 550MG TAB. REC CJAX100UND,PORTUGAL GENERICO,0.0,3.0,0.9,2026-03-02 19:57:59,9,3,Otoño
106081,NAPROXENO 550MG TAB. REC CJAX100UND,PORTUGAL GENERICO,0.0,10.0,3.0,2026-03-02 20:26:17,5,3,Otoño
106081,NAPROXENO 550MG TAB. REC CJAX100UND,PORTUGAL GENERICO,0.0,10.0,3.0,2026-03-02 20:30:25,19,3,Otoño
106081,NAPROXENO 550MG TAB. REC CJAX100UND,PORTUGAL GENERICO,0.0,20.0,6.0,2026-03-02 20:42:20,19,3,Otoño
106081,NAPROXENO 550MG TAB. REC CJAX100UND,PORTUGAL GENERICO,0.0,10.0,3.0,2026-03-02 21:25:24,7,3,Otoño
106081,NAPROXENO 550MG TAB. REC CJAX100UND,PORTUGAL GENERICO,0.0,10.0,3.0,2026-03-02 21:26:02,4,3,Otoño
106081,NAPROXENO 550MG TAB. REC CJAX100UND,PORTUGAL GENERICO,0.0,10.0,3.0,2026-03-02 21:39:58,7,3,Otoño
106081,NAPROXENO 550MG TAB. REC CJAX100UND,PORTUGAL GENERICO,0.0,10.0,3.0,2026-03-02 21:43:23,19,3,Otoño
106081,NAPROXENO 550MG TAB. REC CJAX100UND,PORTUGAL GENERICO,0.0,10.0,3.0,2026-03-02 22:05:07,7,3,Otoño
106081,NAPROXENO 550MG TAB. REC CJAX100UND,PORTUGAL GENERICO,0.0,10.0,3.0,2026-03-02 22:17:33,15,3,Otoño
106081,NAPROXENO 550MG TAB. REC CJAX100UND,PORTUGAL GENERICO,0.0,10.0,3.0,2026-03-02 23:25:51,5,3,Otoño
106081,NAPROXENO 550MG TAB. REC CJAX100UND,PORTUGAL GENERICO,0.0,10.0,3.0,2026-03-03 10:48:51,1,3,Otoño
106081,NAPROXENO 550MG TAB. REC CJAX100UND,PORTUGAL GENERICO,0.0,10.0,3.0,2026-03-03 10:49:26,19,3,Otoño
106081,NAPROXENO 550MG TAB. REC CJAX100UND,PORTUGAL GENERICO,0.0,10.0,3.0,2026-03-03 11:48:15,12,3,Otoño
106081,NAPROXENO 550MG TAB. REC CJAX100UND,PORTUGAL GENERICO,0.0,30.0,9.0,2026-03-03 11:55:37,18,3,Otoño
106081,NAPROXENO 550MG TAB. REC CJAX100UND,PORTUGAL GENERICO,0.0,10.0,3.0,2026-03-03 12:19:35,18,3,Otoño
106081,NAPROXENO 550MG TAB. REC CJAX100UND,PORTUGAL GENERICO,0.0,10.0,3.0,2026-03-03 12:48:58,10,3,Otoño
106081,NAPROXENO 550MG TAB. REC CJAX100UND,PORTUGAL GENERICO,0.0,10.0,3.0,2026-03-03 13:04:20,8,3,Otoño
106081,NAPROXENO 550MG TAB. REC CJAX100UND,PORTUGAL GENERICO,0.0,10.0,3.0,2026-03-03 13:56:34,6,3,Otoño
106081,NAPROXENO 550MG TAB. REC CJAX100UND,PORTUGAL GENERICO,0.0,10.0,3.0,2026-03-03 14:09:04,11,3,Otoño
106081,NAPROXENO 550MG TAB. REC CJAX100UND,PORTUGAL GENERICO,0.0,10.0,3.0,2026-03-03 16:30:19,5,3,Otoño
106081,NAPROXENO 550MG TAB. REC CJAX100UND,PORTUGAL GENERICO,0.0,10.0,3.0,2026-03-03 17:04:57,1,3,Otoño
106081,NAPROXENO 550MG TAB. REC CJAX100UND,PORTUGAL GENERICO,0.0,10.0,3.0,2026-03-03 17:19:25,13,3,Otoño
106081,NAPROXENO 550MG TAB. REC CJAX100UND,PORTUGAL GENERICO,0.0,10.0,3.0,2026-03-03 17:40:36,18,3,Otoño
106081,NAPROXENO 550MG TAB. REC CJAX100UND,PORTUGAL GENERICO,0.0,5.0,1.5,2026-03-03 18:59:05,7,3,Otoño
106081,NAPROXENO 550MG TAB. REC CJAX100UND,PORTUGAL GENERICO,0.0,20.0,6.0,2026-03-03 19:52:35,5,3,Otoño
106081,NAPROXENO 550MG TAB. REC CJAX100UND,PORTUGAL GENERICO,0.0,5.0,1.5,2026-03-03 20:27:41,13,3,Otoño
106081,NAPROXENO 550MG TAB. REC CJAX100UND,PORTUGAL GENERICO,0.0,10.0,3.0,2026-03-03 20:50:04,5,3,Otoño
106081,NAPROXENO 550MG TAB. REC CJAX100UND,PORTUGAL GENERICO,0.0,10.0,3.0,2026-03-03 21:01:06,5,3,Otoño
106081,NAPROXENO 550MG TAB. REC CJAX100UND,PORTUGAL GENERICO,0.0,10.0,3.0,2026-03-03 21:07:54,4,3,Otoño
106081,NAPROXENO 550MG TAB. REC CJAX100UND,PORTUGAL GENERICO,0.0,10.0,3.0,2026-03-03 21:45:31,8,3,Otoño
106081,NAPROXENO 550MG TAB. REC CJAX100UND,PORTUGAL GENERICO,0.0,10.0,3.0,2026-03-03 23:29:14,5,3,Otoño
106081,NAPROXENO 550MG TAB. REC CJAX100UND,PORTUGAL GENERICO,0.0,10.0,3.0,2026-03-04 08:42:05,17,3,Otoño
106081,NAPROXENO 550MG TAB. REC CJAX100UND,PORTUGAL GENERICO,0.0,20.0,6.0,2026-03-04 08:57:12,18,3,Otoño
106081,NAPROXENO 550MG TAB. REC CJAX100UND,PORTUGAL GENERICO,0.0,1.0,0.3,2026-03-04 10:27:03,3,3,Otoño
106081,NAPROXENO 550MG TAB. REC CJAX100UND,PORTUGAL GENERICO,0.0,10.0,3.0,2026-03-04 11:17:05,12,3,Otoño
106081,NAPROXENO 550MG TAB. REC CJAX100UND,PORTUGAL GENERICO,0.0,10.0,3.0,2026-03-04 12:22:11,5,3,Otoño
106081,NAPROXENO 550MG TAB. REC CJAX100UND,PORTUGAL GENERICO,0.0,10.0,3.0,2026-03-04 12:32:48,8,3,Otoño
106081,NAPROXENO 550MG TAB. REC CJAX100UND,PORTUGAL GENERICO,0.0,3.0,0.9,2026-03-04 13:08:48,17,3,Otoño
106081,NAPROXENO 550MG TAB. REC CJAX100UND,PORTUGAL GENERICO,0.0,10.0,3.0,2026-03-04 15:25:44,19,3,Otoño
106081,NAPROXENO 550MG TAB. REC CJAX100UND,PORTUGAL GENERICO,0.0,10.0,3.0,2026-03-04 16:07:37,5,3,Otoño
106081,NAPROXENO 550MG TAB. REC CJAX100UND,PORTUGAL GENERICO,0.0,10.0,3.0,2026-03-04 17:11:47,5,3,Otoño
106081,NAPROXENO 550MG TAB. REC CJAX100UND,PORTUGAL GENERICO,0.0,30.0,9.0,2026-03-04 18:00:44,11,3,Otoño
106081,NAPROXENO 550MG TAB. REC CJAX100UND,PORTUGAL GENERICO,0.0,10.0,3.0,2026-03-04 18:54:53,17,3,Otoño
106081,NAPROXENO 550MG TAB. REC CJAX100UND,PORTUGAL GENERICO,0.0,10.0,3.0,2026-03-04 19:02:18,11,3,Otoño
106081,NAPROXENO 550MG TAB. REC CJAX100UND,PORTUGAL GENERICO,0.0,10.0,3.0,2026-03-04 19:29:41,5,3,Otoño
106081,NAPROXENO 550MG TAB. REC CJAX100UND,PORTUGAL GENERICO,0.0,10.0,3.0,2026-03-04 20:00:52,15,3,Otoño
106081,NAPROXENO 550MG TAB. REC CJAX100UND,PORTUGAL GENERICO,0.0,10.0,3.0,2026-03-04 21:19:18,18,3,Otoño
106081,NAPROXENO 550MG TAB. REC CJAX100UND,PORTUGAL GENERICO,0.0,2.0,0.6,2026-03-04 21:37:21,17,3,Otoño
106081,NAPROXENO 550MG TAB. REC CJAX100UND,PORTUGAL GENERICO,0.0,10.0,3.0,2026-03-04 21:52:12,8,3,Otoño
106081,NAPROXENO 550MG TAB. REC CJAX100UND,PORTUGAL GENERICO,0.0,10.0,3.0,2026-03-04 23:22:31,4,3,Otoño
106081,NAPROXENO 550MG TAB. REC CJAX100UND,PORTUGAL GENERICO,0.0,10.0,3.0,2026-03-04 23:47:20,10,3,Otoño
106081,NAPROXENO 550MG TAB. REC CJAX100UND,PORTUGAL GENERICO,0.0,10.0,3.0,2026-03-05 10:03:57,6,3,Otoño
106081,NAPROXENO 550MG TAB. REC CJAX100UND,PORTUGAL GENERICO,0.0,20.0,6.0,2026-03-05 10:37:53,1,3,Otoño
106081,NAPROXENO 550MG TAB. REC CJAX100UND,PORTUGAL GENERICO,0.0,10.0,3.0,2026-03-05 10:53:12,10,3,Otoño
106081,NAPROXENO 550MG TAB. REC CJAX100UND,PORTUGAL GENERICO,0.0,5.0,1.5,2026-03-05 11:00:58,13,3,Otoño
106081,NAPROXENO 550MG TAB. REC CJAX100UND,PORTUGAL GENERICO,0.0,10.0,3.0,2026-03-05 11:18:55,11,3,Otoño
106081,NAPROXENO 550MG TAB. REC CJAX100UND,PORTUGAL GENERICO,0.0,10.0,3.0,2026-03-05 11:20:07,3,3,Otoño
106081,NAPROXENO 550MG TAB. REC CJAX100UND,PORTUGAL GENERICO,0.0,10.0,3.0,2026-03-05 11:44:13,8,3,Otoño
106081,NAPROXENO 550MG TAB. REC CJAX100UND,PORTUGAL GENERICO,0.0,10.0,3.0,2026-03-05 18:21:53,1,3,Otoño
106081,NAPROXENO 550MG TAB. REC CJAX100UND,PORTUGAL GENERICO,0.0,20.0,6.0,2026-03-05 19:34:45,6,3,Otoño
106081,NAPROXENO 550MG TAB. REC CJAX100UND,PORTUGAL GENERICO,0.0,10.0,3.0,2026-03-05 19:46:40,3,3,Otoño
106081,NAPROXENO 550MG TAB. REC CJAX100UND,PORTUGAL GENERICO,0.0,10.0,3.0,2026-03-05 19:58:50,17,3,Otoño
106081,NAPROXENO 550MG TAB. REC CJAX100UND,PORTUGAL GENERICO,0.0,20.0,6.0,2026-03-05 20:05:19,1,3,Otoño
106081,NAPROXENO 550MG TAB. REC CJAX100UND,PORTUGAL GENERICO,0.0,5.0,1.43,2026-03-05 22:07:53,15,3,Otoño
106081,NAPROXENO 550MG TAB. REC CJAX100UND,PORTUGAL GENERICO,0.0,10.0,3.0,2026-03-06 08:12:38,6,3,Otoño
106081,NAPROXENO 550MG TAB. REC CJAX100UND,PORTUGAL GENERICO,0.0,10.0,3.0,2026-03-06 09:27:44,12,3,Otoño
106081,NAPROXENO 550MG TAB. REC CJAX100UND,PORTUGAL GENERICO,0.0,10.0,3.0,2026-03-06 10:35:15,8,3,Otoño
106081,NAPROXENO 550MG TAB. REC CJAX100UND,PORTUGAL GENERICO,0.0,10.0,3.0,2026-03-06 12:53:11,15,3,Otoño
106081,NAPROXENO 550MG TAB. REC CJAX100UND,PORTUGAL GENERICO,0.0,10.0,3.0,2026-03-06 15:01:25,4,3,Otoño
106081,NAPROXENO 550MG TAB. REC CJAX100UND,PORTUGAL GENERICO,0.0,10.0,3.0,2026-03-06 16:09:40,19,3,Otoño
106081,NAPROXENO 550MG TAB. REC CJAX100UND,PORTUGAL GENERICO,0.0,10.0,3.0,2026-03-06 17:25:36,16,3,Otoño
106081,NAPROXENO 550MG TAB. REC CJAX100UND,PORTUGAL GENERICO,0.0,5.0,1.5,2026-03-06 17:34:26,6,3,Otoño
106081,NAPROXENO 550MG TAB. REC CJAX100UND,PORTUGAL GENERICO,0.0,10.0,3.0,2026-03-06 18:42:18,1,3,Otoño
106081,NAPROXENO 550MG TAB. REC CJAX100UND,PORTUGAL GENERICO,0.0,10.0,3.0,2026-03-06 18:46:10,18,3,Otoño
106081,NAPROXENO 550MG TAB. REC CJAX100UND,PORTUGAL GENERICO,0.0,6.0,1.8,2026-03-06 19:00:51,5,3,Otoño
106081,NAPROXENO 550MG TAB. REC CJAX100UND,PORTUGAL GENERICO,0.0,10.0,3.0,2026-03-06 19:33:15,18,3,Otoño
106081,NAPROXENO 550MG TAB. REC CJAX100UND,PORTUGAL GENERICO,0.0,20.0,6.0,2026-03-06 19:50:00,8,3,Otoño
106081,NAPROXENO 550MG TAB. REC CJAX100UND,PORTUGAL GENERICO,0.0,10.0,3.0,2026-03-06 20:16:07,16,3,Otoño
106081,NAPROXENO 550MG TAB. REC CJAX100UND,PORTUGAL GENERICO,0.0,10.0,3.0,2026-03-06 20:28:02,16,3,Otoño
106081,NAPROXENO 550MG TAB. REC CJAX100UND,PORTUGAL GENERICO,0.0,30.0,9.0,2026-03-06 21:03:36,16,3,Otoño
106081,NAPROXENO 550MG TAB. REC CJAX100UND,PORTUGAL GENERICO,0.0,10.0,3.0,2026-03-06 21:26:55,3,3,Otoño
106081,NAPROXENO 550MG TAB. REC CJAX100UND,PORTUGAL GENERICO,0.0,10.0,3.0,2026-03-06 21:43:53,1,3,Otoño
106081,NAPROXENO 550MG TAB. REC CJAX100UND,PORTUGAL GENERICO,0.0,10.0,3.0,2026-03-06 22:54:26,15,3,Otoño
106081,NAPROXENO 550MG TAB. REC CJAX100UND,PORTUGAL GENERICO,0.0,10.0,3.0,2026-03-07 07:17:45,16,3,Otoño
106081,NAPROXENO 550MG TAB. REC CJAX100UND,PORTUGAL GENERICO,0.0,8.0,2.4,2026-03-07 09:43:11,9,3,Otoño
106081,NAPROXENO 550MG TAB. REC CJAX100UND,PORTUGAL GENERICO,0.0,10.0,3.0,2026-03-07 09:49:23,1,3,Otoño
106081,NAPROXENO 550MG TAB. REC CJAX100UND,PORTUGAL GENERICO,0.0,10.0,3.0,2026-03-07 09:50:01,3,3,Otoño
106081,NAPROXENO 550MG TAB. REC CJAX100UND,PORTUGAL GENERICO,0.0,10.0,3.0,2026-03-07 09:55:36,11,3,Otoño
106081,NAPROXENO 550MG TAB. REC CJAX100UND,PORTUGAL GENERICO,0.0,10.0,3.0,2026-03-07 12:12:12,12,3,Otoño
106081,NAPROXENO 550MG TAB. REC CJAX100UND,PORTUGAL GENERICO,0.0,10.0,3.0,2026-03-07 12:29:20,1,3,Otoño
106081,NAPROXENO 550MG TAB. REC CJAX100UND,PORTUGAL GENERICO,0.0,10.0,3.0,2026-03-07 19:45:50,1,3,Otoño
106081,NAPROXENO 550MG TAB. REC CJAX100UND,PORTUGAL GENERICO,0.0,10.0,3.0,2026-03-07 20:20:21,16,3,Otoño
106081,NAPROXENO 550MG TAB. REC CJAX100UND,PORTUGAL GENERICO,0.0,10.0,3.0,2026-03-07 21:00:33,6,3,Otoño
106081,NAPROXENO 550MG TAB. REC CJAX100UND,PORTUGAL GENERICO,0.0,10.0,3.0,2026-03-07 21:21:16,1,3,Otoño
106081,NAPROXENO 550MG TAB. REC CJAX100UND,PORTUGAL GENERICO,0.0,10.0,3.0,2026-03-07 21:55:16,17,3,Otoño
106081,NAPROXENO 550MG TAB. REC CJAX100UND,PORTUGAL GENERICO,0.0,10.0,3.0,2026-03-07 22:30:29,1,3,Otoño
106081,NAPROXENO 550MG TAB. REC CJAX100UND,PORTUGAL GENERICO,0.0,10.0,3.0,2026-03-08 14:01:58,1,3,Otoño
106081,NAPROXENO 550MG TAB. REC CJAX100UND,PORTUGAL GENERICO,0.0,10.0,3.0,2026-03-08 15:22:46,19,3,Otoño
106081,NAPROXENO 550MG TAB. REC CJAX100UND,PORTUGAL GENERICO,0.0,10.0,3.0,2026-03-08 19:08:23,12,3,Otoño
106081,NAPROXENO 550MG TAB. REC CJAX100UND,PORTUGAL GENERICO,0.0,6.0,1.8,2026-03-08 21:06:52,18,3,Otoño
106081,NAPROXENO 550MG TAB. REC CJAX100UND,PORTUGAL GENERICO,0.0,1.0,0.3,2026-03-08 21:24:16,3,3,Otoño
106081,NAPROXENO 550MG TAB. REC CJAX100UND,PORTUGAL GENERICO,0.0,10.0,3.0,2026-03-08 21:34:26,7,3,Otoño
106081,NAPROXENO 550MG TAB. REC CJAX100UND,PORTUGAL GENERICO,0.0,10.0,3.0,2026-03-08 21:43:46,7,3,Otoño
106081,NAPROXENO 550MG TAB. REC CJAX100UND,PORTUGAL GENERICO,0.0,10.0,3.0,2026-03-08 21:48:55,12,3,Otoño
106081,NAPROXENO 550MG TAB. REC CJAX100UND,PORTUGAL GENERICO,0.0,10.0,3.0,2026-03-08 22:07:58,13,3,Otoño
106081,NAPROXENO 550MG TAB. REC CJAX100UND,PORTUGAL GENERICO,0.0,10.0,3.0,2026-03-09 08:51:16,17,3,Otoño
106081,NAPROXENO 550MG TAB. REC CJAX100UND,PORTUGAL GENERICO,0.0,10.0,3.0,2026-03-09 10:46:04,1,3,Otoño
106081,NAPROXENO 550MG TAB. REC CJAX100UND,PORTUGAL GENERICO,0.0,2.0,0.6,2026-03-09 14:18:23,3,3,Otoño
106081,NAPROXENO 550MG TAB. REC CJAX100UND,PORTUGAL GENERICO,0.0,10.0,3.0,2026-03-09 16:18:19,12,3,Otoño
106081,NAPROXENO 550MG TAB. REC CJAX100UND,PORTUGAL GENERICO,0.0,10.0,3.0,2026-03-09 17:21:02,8,3,Otoño
106081,NAPROXENO 550MG TAB. REC CJAX100UND,PORTUGAL GENERICO,0.0,10.0,3.0,2026-03-09 17:31:18,1,3,Otoño
106081,NAPROXENO 550MG TAB. REC CJAX100UND,PORTUGAL GENERICO,0.0,10.0,3.0,2026-03-09 18:42:48,18,3,Otoño
106081,NAPROXENO 550MG TAB. REC CJAX100UND,PORTUGAL GENERICO,0.0,10.0,3.0,2026-03-09 19:06:04,10,3,Otoño
106081,NAPROXENO 550MG TAB. REC CJAX100UND,PORTUGAL GENERICO,0.0,10.0,3.0,2026-03-09 19:17:35,13,3,Otoño
106081,NAPROXENO 550MG TAB. REC CJAX100UND,PORTUGAL GENERICO,0.0,30.0,9.0,2026-03-09 19:40:42,1,3,Otoño
106081,NAPROXENO 550MG TAB. REC CJAX100UND,PORTUGAL GENERICO,0.0,10.0,3.0,2026-03-09 19:44:44,12,3,Otoño
106081,NAPROXENO 550MG TAB. REC CJAX100UND,PORTUGAL GENERICO,0.0,10.0,3.0,2026-03-09 19:58:50,12,3,Otoño
106081,NAPROXENO 550MG TAB. REC CJAX100UND,PORTUGAL GENERICO,0.0,10.0,3.0,2026-03-09 20:03:42,6,3,Otoño
106081,NAPROXENO 550MG TAB. REC CJAX100UND,PORTUGAL GENERICO,0.0,10.0,3.0,2026-03-09 20:15:27,13,3,Otoño
106081,NAPROXENO 550MG TAB. REC CJAX100UND,PORTUGAL GENERICO,0.0,10.0,3.0,2026-03-09 20:22:31,6,3,Otoño
106081,NAPROXENO 550MG TAB. REC CJAX100UND,PORTUGAL GENERICO,0.0,10.0,3.0,2026-03-09 20:22:35,7,3,Otoño
106081,NAPROXENO 550MG TAB. REC CJAX100UND,PORTUGAL GENERICO,0.0,10.0,3.0,2026-03-09 20:45:13,13,3,Otoño
106081,NAPROXENO 550MG TAB. REC CJAX100UND,PORTUGAL GENERICO,0.0,20.0,6.0,2026-03-09 21:49:28,3,3,Otoño
106081,NAPROXENO 550MG TAB. REC CJAX100UND,PORTUGAL GENERICO,0.0,10.0,3.0,2026-03-09 22:19:25,12,3,Otoño
106081,NAPROXENO 550MG TAB. REC CJAX100UND,PORTUGAL GENERICO,0.0,5.0,1.5,2026-03-10 09:49:31,12,3,Otoño
106081,NAPROXENO 550MG TAB. REC CJAX100UND,PORTUGAL GENERICO,0.0,10.0,3.0,2026-03-10 10:36:17,6,3,Otoño
106081,NAPROXENO 550MG TAB. REC CJAX100UND,PORTUGAL GENERICO,0.0,20.0,6.0,2026-03-10 11:13:45,10,3,Otoño
106081,NAPROXENO 550MG TAB. REC CJAX100UND,PORTUGAL GENERICO,0.0,4.0,1.2,2026-03-10 11:41:56,3,3,Otoño
106081,NAPROXENO 550MG TAB. REC CJAX100UND,PORTUGAL GENERICO,0.0,3.0,0.9,2026-03-10 14:41:23,18,3,Otoño
106081,NAPROXENO 550MG TAB. REC CJAX100UND,PORTUGAL GENERICO,0.0,10.0,3.0,2026-03-10 17:53:13,3,3,Otoño
106081,NAPROXENO 550MG TAB. REC CJAX100UND,PORTUGAL GENERICO,0.0,20.0,6.0,2026-03-10 19:59:03,8,3,Otoño
106081,NAPROXENO 550MG TAB. REC CJAX100UND,PORTUGAL GENERICO,0.0,9.0,2.7,2026-03-10 21:00:11,1,3,Otoño
106081,NAPROXENO 550MG TAB. REC CJAX100UND,PORTUGAL GENERICO,0.0,10.0,3.0,2026-03-11 07:28:05,15,3,Otoño
106081,NAPROXENO 550MG TAB. REC CJAX100UND,PORTUGAL GENERICO,0.0,20.0,6.0,2026-03-11 10:21:22,8,3,Otoño
106081,NAPROXENO 550MG TAB. REC CJAX100UND,PORTUGAL GENERICO,0.0,10.0,3.0,2026-03-11 10:21:54,11,3,Otoño
106081,NAPROXENO 550MG TAB. REC CJAX100UND,PORTUGAL GENERICO,0.0,10.0,3.0,2026-03-11 10:36:40,17,3,Otoño
106081,NAPROXENO 550MG TAB. REC CJAX100UND,PORTUGAL GENERICO,0.0,10.0,3.0,2026-03-11 11:21:25,10,3,Otoño
106081,NAPROXENO 550MG TAB. REC CJAX100UND,PORTUGAL GENERICO,0.0,10.0,3.0,2026-03-11 12:09:56,10,3,Otoño
106081,NAPROXENO 550MG TAB. REC CJAX100UND,PORTUGAL GENERICO,0.0,10.0,3.0,2026-03-11 12:48:03,4,3,Otoño
106081,NAPROXENO 550MG TAB. REC CJAX100UND,PORTUGAL GENERICO,0.0,10.0,3.0,2026-03-11 13:31:57,11,3,Otoño
106081,NAPROXENO 550MG TAB. REC CJAX100UND,PORTUGAL GENERICO,0.0,10.0,3.0,2026-03-11 17:46:33,18,3,Otoño
106081,NAPROXENO 550MG TAB. REC CJAX100UND,PORTUGAL GENERICO,0.0,10.0,3.0,2026-03-11 18:53:25,3,3,Otoño
106081,NAPROXENO 550MG TAB. REC CJAX100UND,PORTUGAL GENERICO,0.0,10.0,3.0,2026-03-11 19:07:06,1,3,Otoño
106081,NAPROXENO 550MG TAB. REC CJAX100UND,PORTUGAL GENERICO,0.0,10.0,3.0,2026-03-11 19:26:50,11,3,Otoño
106081,NAPROXENO 550MG TAB. REC CJAX100UND,PORTUGAL GENERICO,0.0,5.0,1.5,2026-03-11 21:49:26,12,3,Otoño
106081,NAPROXENO 550MG TAB. REC CJAX100UND,PORTUGAL GENERICO,0.0,10.0,3.0,2026-03-11 21:59:08,12,3,Otoño
106081,NAPROXENO 550MG TAB. REC CJAX100UND,PORTUGAL GENERICO,0.0,10.0,2.85,2026-03-12 08:06:18,13,3,Otoño
106081,NAPROXENO 550MG TAB. REC CJAX100UND,PORTUGAL GENERICO,0.0,10.0,3.0,2026-03-12 12:34:30,16,3,Otoño
106081,NAPROXENO 550MG TAB. REC CJAX100UND,PORTUGAL GENERICO,0.0,10.0,3.0,2026-03-12 13:00:46,1,3,Otoño
106081,NAPROXENO 550MG TAB. REC CJAX100UND,PORTUGAL GENERICO,0.0,5.0,1.5,2026-03-12 15:00:31,18,3,Otoño
106081,NAPROXENO 550MG TAB. REC CJAX100UND,PORTUGAL GENERICO,0.0,10.0,2.85,2026-03-12 16:12:27,12,3,Otoño
106081,NAPROXENO 550MG TAB. REC CJAX100UND,PORTUGAL GENERICO,0.0,10.0,3.0,2026-03-12 21:05:23,3,3,Otoño
106081,NAPROXENO 550MG TAB. REC CJAX100UND,PORTUGAL GENERICO,0.0,10.0,3.0,2026-03-12 22:06:10,3,3,Otoño
106081,NAPROXENO 550MG TAB. REC CJAX100UND,PORTUGAL GENERICO,0.0,6.0,1.8,2026-03-13 10:12:13,18,3,Otoño
106081,NAPROXENO 550MG TAB. REC CJAX100UND,PORTUGAL GENERICO,0.0,1.0,0.3,2026-03-13 10:13:05,18,3,Otoño
106081,NAPROXENO 550MG TAB. REC CJAX100UND,PORTUGAL GENERICO,0.0,10.0,3.0,2026-03-13 10:24:21,1,3,Otoño
106081,NAPROXENO 550MG TAB. REC CJAX100UND,PORTUGAL GENERICO,0.0,2.0,0.6,2026-03-13 11:13:23,3,3,Otoño
106081,NAPROXENO 550MG TAB. REC CJAX100UND,PORTUGAL GENERICO,0.0,2.0,0.6,2026-03-13 12:18:42,10,3,Otoño
106081,NAPROXENO 550MG TAB. REC CJAX100UND,PORTUGAL GENERICO,0.0,10.0,3.0,2026-03-13 14:14:22,3,3,Otoño
106081,NAPROXENO 550MG TAB. REC CJAX100UND,PORTUGAL GENERICO,0.0,10.0,3.0,2026-03-13 19:51:31,11,3,Otoño
106081,NAPROXENO 550MG TAB. REC CJAX100UND,PORTUGAL GENERICO,0.0,10.0,3.0,2026-03-13 19:55:32,10,3,Otoño
106081,NAPROXENO 550MG TAB. REC CJAX100UND,PORTUGAL GENERICO,0.0,10.0,3.0,2026-03-13 20:16:32,10,3,Otoño
106081,NAPROXENO 550MG TAB. REC CJAX100UND,PORTUGAL GENERICO,0.0,10.0,3.0,2026-03-13 21:11:49,1,3,Otoño
106081,NAPROXENO 550MG TAB. REC CJAX100UND,PORTUGAL GENERICO,0.0,10.0,3.0,2026-03-13 21:23:34,12,3,Otoño
106081,NAPROXENO 550MG TAB. REC CJAX100UND,PORTUGAL GENERICO,0.0,5.0,1.43,2026-03-13 21:38:08,12,3,Otoño
106081,NAPROXENO 550MG TAB. REC CJAX100UND,PORTUGAL GENERICO,0.0,10.0,3.0,2026-03-14 11:01:39,15,3,Otoño
106081,NAPROXENO 550MG TAB. REC CJAX100UND,PORTUGAL GENERICO,0.0,9.0,2.7,2026-03-14 11:55:04,18,3,Otoño
106081,NAPROXENO 550MG TAB. REC CJAX100UND,PORTUGAL GENERICO,0.0,10.0,3.0,2026-03-14 13:37:29,4,3,Otoño
106081,NAPROXENO 550MG TAB. REC CJAX100UND,PORTUGAL GENERICO,0.0,10.0,3.0,2026-03-14 17:10:21,11,3,Otoño
106081,NAPROXENO 550MG TAB. REC CJAX100UND,PORTUGAL GENERICO,0.0,10.0,3.0,2026-03-14 17:56:04,18,3,Otoño
106081,NAPROXENO 550MG TAB. REC CJAX100UND,PORTUGAL GENERICO,0.0,10.0,3.0,2026-03-14 18:16:02,12,3,Otoño
106081,NAPROXENO 550MG TAB. REC CJAX100UND,PORTUGAL GENERICO,0.0,10.0,3.0,2026-03-14 18:26:20,12,3,Otoño
106081,NAPROXENO 550MG TAB. REC CJAX100UND,PORTUGAL GENERICO,0.0,10.0,3.0,2026-03-14 19:18:07,11,3,Otoño
106081,NAPROXENO 550MG TAB. REC CJAX100UND,PORTUGAL GENERICO,0.0,5.0,1.5,2026-03-14 20:15:41,8,3,Otoño
106081,NAPROXENO 550MG TAB. REC CJAX100UND,PORTUGAL GENERICO,0.0,10.0,3.0,2026-03-14 21:34:59,11,3,Otoño
106081,NAPROXENO 550MG TAB. REC CJAX100UND,PORTUGAL GENERICO,0.0,10.0,3.0,2026-03-14 21:39:48,13,3,Otoño
106081,NAPROXENO 550MG TAB. REC CJAX100UND,PORTUGAL GENERICO,0.0,10.0,3.0,2026-03-14 21:43:59,13,3,Otoño
106081,NAPROXENO 550MG TAB. REC CJAX100UND,PORTUGAL GENERICO,0.0,10.0,3.0,2026-03-14 22:46:08,1,3,Otoño
106081,NAPROXENO 550MG TAB. REC CJAX100UND,PORTUGAL GENERICO,0.0,10.0,3.0,2026-03-14 23:07:05,7,3,Otoño
106081,NAPROXENO 550MG TAB. REC CJAX100UND,PORTUGAL GENERICO,0.0,10.0,3.0,2026-03-15 08:07:17,13,3,Otoño
106081,NAPROXENO 550MG TAB. REC CJAX100UND,PORTUGAL GENERICO,0.0,5.0,1.5,2026-03-15 09:32:42,6,3,Otoño
106081,NAPROXENO 550MG TAB. REC CJAX100UND,PORTUGAL GENERICO,0.0,10.0,3.0,2026-03-15 12:09:25,18,3,Otoño
106081,NAPROXENO 550MG TAB. REC CJAX100UND,PORTUGAL GENERICO,0.0,20.0,6.0,2026-03-15 12:55:40,12,3,Otoño
106081,NAPROXENO 550MG TAB. REC CJAX100UND,PORTUGAL GENERICO,0.0,10.0,3.0,2026-03-15 14:39:11,1,3,Otoño
106081,NAPROXENO 550MG TAB. REC CJAX100UND,PORTUGAL GENERICO,0.0,10.0,3.0,2026-03-15 16:03:46,17,3,Otoño
106081,NAPROXENO 550MG TAB. REC CJAX100UND,PORTUGAL GENERICO,0.0,1.0,0.3,2026-03-15 16:39:00,3,3,Otoño
106081,NAPROXENO 550MG TAB. REC CJAX100UND,PORTUGAL GENERICO,0.0,10.0,3.0,2026-03-15 18:33:02,15,3,Otoño
106081,NAPROXENO 550MG TAB. REC CJAX100UND,PORTUGAL GENERICO,0.0,10.0,3.0,2026-03-15 18:33:52,11,3,Otoño
106081,NAPROXENO 550MG TAB. REC CJAX100UND,PORTUGAL GENERICO,0.0,5.0,1.5,2026-03-15 18:39:18,6,3,Otoño
106081,NAPROXENO 550MG TAB. REC CJAX100UND,PORTUGAL GENERICO,0.0,10.0,3.0,2026-03-15 19:06:42,15,3,Otoño
106081,NAPROXENO 550MG TAB. REC CJAX100UND,PORTUGAL GENERICO,0.0,10.0,3.0,2026-03-15 19:36:54,7,3,Otoño
106081,NAPROXENO 550MG TAB. REC CJAX100UND,PORTUGAL GENERICO,0.0,10.0,3.0,2026-03-15 19:53:27,19,3,Otoño
106081,NAPROXENO 550MG TAB. REC CJAX100UND,PORTUGAL GENERICO,0.0,20.0,6.0,2026-03-15 21:34:13,5,3,Otoño
106081,NAPROXENO 550MG TAB. REC CJAX100UND,PORTUGAL GENERICO,0.0,5.0,1.5,2026-03-15 22:43:32,13,3,Otoño
106081,NAPROXENO 550MG TAB. REC CJAX100UND,PORTUGAL GENERICO,0.0,10.0,3.0,2026-03-16 09:41:48,7,3,Otoño
106081,NAPROXENO 550MG TAB. REC CJAX100UND,PORTUGAL GENERICO,0.0,10.0,3.0,2026-03-16 12:01:29,8,3,Otoño
106081,NAPROXENO 550MG TAB. REC CJAX100UND,PORTUGAL GENERICO,0.0,10.0,3.0,2026-03-16 12:26:48,17,3,Otoño
106081,NAPROXENO 550MG TAB. REC CJAX100UND,PORTUGAL GENERICO,0.0,10.0,3.0,2026-03-16 18:15:08,17,3,Otoño
106081,NAPROXENO 550MG TAB. REC CJAX100UND,PORTUGAL GENERICO,0.0,10.0,3.0,2026-03-16 18:19:34,17,3,Otoño
106081,NAPROXENO 550MG TAB. REC CJAX100UND,PORTUGAL GENERICO,0.0,10.0,3.0,2026-03-16 18:51:47,1,3,Otoño
106081,NAPROXENO 550MG TAB. REC CJAX100UND,PORTUGAL GENERICO,0.0,10.0,3.0,2026-03-16 19:53:52,4,3,Otoño
106081,NAPROXENO 550MG TAB. REC CJAX100UND,PORTUGAL GENERICO,0.0,10.0,3.0,2026-03-16 20:20:56,4,3,Otoño
106081,NAPROXENO 550MG TAB. REC CJAX100UND,PORTUGAL GENERICO,0.0,10.0,3.0,2026-03-16 20:44:37,7,3,Otoño
106081,NAPROXENO 550MG TAB. REC CJAX100UND,PORTUGAL GENERICO,0.0,20.0,6.0,2026-03-16 21:49:47,6,3,Otoño
106081,NAPROXENO 550MG TAB. REC CJAX100UND,PORTUGAL GENERICO,0.0,10.0,3.0,2026-03-16 21:54:55,15,3,Otoño
106081,NAPROXENO 550MG TAB. REC CJAX100UND,PORTUGAL GENERICO,0.0,5.0,1.5,2026-03-16 22:22:51,4,3,Otoño
106081,NAPROXENO 550MG TAB. REC CJAX100UND,PORTUGAL GENERICO,0.0,10.0,3.0,2026-03-16 23:09:23,4,3,Otoño
106081,NAPROXENO 550MG TAB. REC CJAX100UND,PORTUGAL GENERICO,0.0,10.0,3.0,2026-03-17 07:56:52,3,3,Otoño
106081,NAPROXENO 550MG TAB. REC CJAX100UND,PORTUGAL GENERICO,0.0,10.0,3.0,2026-03-17 08:01:47,13,3,Otoño
106081,NAPROXENO 550MG TAB. REC CJAX100UND,PORTUGAL GENERICO,0.0,10.0,3.0,2026-03-17 10:43:19,1,3,Otoño
106081,NAPROXENO 550MG TAB. REC CJAX100UND,PORTUGAL GENERICO,0.0,10.0,3.0,2026-03-17 11:27:15,19,3,Otoño
106081,NAPROXENO 550MG TAB. REC CJAX100UND,PORTUGAL GENERICO,0.0,-10.0,-3.0,2026-03-17 11:28:50,19,3,Otoño
106081,NAPROXENO 550MG TAB. REC CJAX100UND,PORTUGAL GENERICO,0.0,10.0,3.0,2026-03-17 13:00:31,4,3,Otoño
106081,NAPROXENO 550MG TAB. REC CJAX100UND,PORTUGAL GENERICO,0.0,6.0,1.8,2026-03-17 14:05:28,15,3,Otoño
106081,NAPROXENO 550MG TAB. REC CJAX100UND,PORTUGAL GENERICO,0.0,10.0,3.0,2026-03-17 15:08:26,7,3,Otoño
106081,NAPROXENO 550MG TAB. REC CJAX100UND,PORTUGAL GENERICO,0.0,10.0,3.0,2026-03-17 18:07:39,6,3,Otoño
106081,NAPROXENO 550MG TAB. REC CJAX100UND,PORTUGAL GENERICO,0.0,20.0,6.0,2026-03-17 18:08:24,10,3,Otoño
106081,NAPROXENO 550MG TAB. REC CJAX100UND,PORTUGAL GENERICO,0.0,10.0,3.0,2026-03-17 18:42:33,5,3,Otoño
106081,NAPROXENO 550MG TAB. REC CJAX100UND,PORTUGAL GENERICO,0.0,10.0,3.0,2026-03-17 19:59:49,5,3,Otoño
106081,NAPROXENO 550MG TAB. REC CJAX100UND,PORTUGAL GENERICO,0.0,10.0,3.0,2026-03-17 20:48:58,1,3,Otoño
106081,NAPROXENO 550MG TAB. REC CJAX100UND,PORTUGAL GENERICO,0.0,10.0,3.0,2026-03-17 21:43:11,4,3,Otoño
106081,NAPROXENO 550MG TAB. REC CJAX100UND,PORTUGAL GENERICO,0.0,10.0,3.0,2026-03-18 10:12:02,13,3,Otoño
106081,NAPROXENO 550MG TAB. REC CJAX100UND,PORTUGAL GENERICO,0.0,4.0,1.2,2026-03-18 11:36:08,6,3,Otoño
106081,NAPROXENO 550MG TAB. REC CJAX100UND,PORTUGAL GENERICO,0.0,10.0,3.0,2026-03-18 13:18:08,12,3,Otoño
106081,NAPROXENO 550MG TAB. REC CJAX100UND,PORTUGAL GENERICO,0.0,10.0,3.0,2026-03-18 14:13:08,7,3,Otoño
106081,NAPROXENO 550MG TAB. REC CJAX100UND,PORTUGAL GENERICO,0.0,10.0,3.0,2026-03-18 14:38:27,12,3,Otoño
106081,NAPROXENO 550MG TAB. REC CJAX100UND,PORTUGAL GENERICO,0.0,10.0,3.0,2026-03-18 16:23:59,10,3,Otoño
106081,NAPROXENO 550MG TAB. REC CJAX100UND,PORTUGAL GENERICO,0.0,5.0,1.5,2026-03-18 18:32:34,11,3,Otoño
106081,NAPROXENO 550MG TAB. REC CJAX100UND,PORTUGAL GENERICO,0.0,15.0,4.5,2026-03-18 19:56:51,4,3,Otoño
106081,NAPROXENO 550MG TAB. REC CJAX100UND,PORTUGAL GENERICO,0.0,10.0,3.0,2026-03-18 21:05:36,5,3,Otoño
106081,NAPROXENO 550MG TAB. REC CJAX100UND,PORTUGAL GENERICO,0.0,10.0,3.0,2026-03-18 21:16:10,11,3,Otoño
106081,NAPROXENO 550MG TAB. REC CJAX100UND,PORTUGAL GENERICO,0.0,10.0,3.0,2026-03-18 21:39:44,5,3,Otoño
106081,NAPROXENO 550MG TAB. REC CJAX100UND,PORTUGAL GENERICO,0.0,10.0,3.0,2026-03-18 21:57:51,7,3,Otoño
106081,NAPROXENO 550MG TAB. REC CJAX100UND,PORTUGAL GENERICO,0.0,10.0,3.0,2026-03-18 22:06:40,1,3,Otoño
106081,NAPROXENO 550MG TAB. REC CJAX100UND,PORTUGAL GENERICO,0.0,10.0,2.85,2026-03-19 08:25:23,12,3,Otoño
106081,NAPROXENO 550MG TAB. REC CJAX100UND,PORTUGAL GENERICO,0.0,10.0,3.0,2026-03-19 08:26:12,12,3,Otoño
106081,NAPROXENO 550MG TAB. REC CJAX100UND,PORTUGAL GENERICO,0.0,10.0,2.85,2026-03-19 08:27:50,12,3,Otoño
106081,NAPROXENO 550MG TAB. REC CJAX100UND,PORTUGAL GENERICO,0.0,10.0,3.0,2026-03-19 13:53:32,10,3,Otoño
106081,NAPROXENO 550MG TAB. REC CJAX100UND,PORTUGAL GENERICO,0.0,6.0,1.8,2026-03-19 16:15:35,18,3,Otoño
106081,NAPROXENO 550MG TAB. REC CJAX100UND,PORTUGAL GENERICO,0.0,20.0,6.0,2026-03-19 17:03:37,5,3,Otoño
106081,NAPROXENO 550MG TAB. REC CJAX100UND,PORTUGAL GENERICO,0.0,20.0,6.0,2026-03-19 17:32:47,3,3,Otoño
106081,NAPROXENO 550MG TAB. REC CJAX100UND,PORTUGAL GENERICO,0.0,10.0,3.0,2026-03-19 18:42:51,17,3,Otoño
106081,NAPROXENO 550MG TAB. REC CJAX100UND,PORTUGAL GENERICO,0.0,10.0,3.0,2026-03-19 19:28:32,3,3,Otoño
106081,NAPROXENO 550MG TAB. REC CJAX100UND,PORTUGAL GENERICO,0.0,10.0,3.0,2026-03-19 19:43:59,18,3,Otoño
106081,NAPROXENO 550MG TAB. REC CJAX100UND,PORTUGAL GENERICO,0.0,10.0,3.0,2026-03-19 20:25:52,18,3,Otoño
106081,NAPROXENO 550MG TAB. REC CJAX100UND,PORTUGAL GENERICO,0.0,2.0,0.6,2026-03-19 20:33:29,17,3,Otoño
106081,NAPROXENO 550MG TAB. REC CJAX100UND,PORTUGAL GENERICO,0.0,10.0,3.0,2026-03-19 20:34:23,11,3,Otoño
106081,NAPROXENO 550MG TAB. REC CJAX100UND,PORTUGAL GENERICO,0.0,10.0,3.0,2026-03-19 21:09:58,7,3,Otoño
106081,NAPROXENO 550MG TAB. REC CJAX100UND,PORTUGAL GENERICO,0.0,10.0,3.0,2026-03-19 21:35:08,12,3,Otoño
106081,NAPROXENO 550MG TAB. REC CJAX100UND,PORTUGAL GENERICO,0.0,10.0,3.0,2026-03-19 22:33:29,5,3,Otoño
106081,NAPROXENO 550MG TAB. REC CJAX100UND,PORTUGAL GENERICO,0.0,10.0,3.0,2026-03-19 23:03:47,10,3,Otoño
106081,NAPROXENO 550MG TAB. REC CJAX100UND,PORTUGAL GENERICO,0.0,5.0,1.43,2026-03-19 23:14:34,5,3,Otoño
106081,NAPROXENO 550MG TAB. REC CJAX100UND,PORTUGAL GENERICO,0.0,10.0,2.85,2026-03-19 23:52:04,10,3,Otoño
106081,NAPROXENO 550MG TAB. REC CJAX100UND,PORTUGAL GENERICO,0.0,20.0,6.0,2026-03-20 12:48:04,12,3,Otoño
106081,NAPROXENO 550MG TAB. REC CJAX100UND,PORTUGAL GENERICO,0.0,10.0,3.0,2026-03-20 12:53:36,15,3,Otoño
106081,NAPROXENO 550MG TAB. REC CJAX100UND,PORTUGAL GENERICO,0.0,5.0,1.5,2026-03-20 14:43:55,5,3,Otoño
106081,NAPROXENO 550MG TAB. REC CJAX100UND,PORTUGAL GENERICO,0.0,20.0,6.0,2026-03-20 14:59:47,15,3,Otoño
106081,NAPROXENO 550MG TAB. REC CJAX100UND,PORTUGAL GENERICO,0.0,8.0,2.4,2026-03-20 16:41:41,3,3,Otoño
106081,NAPROXENO 550MG TAB. REC CJAX100UND,PORTUGAL GENERICO,0.0,10.0,3.0,2026-03-20 17:50:44,7,3,Otoño
106081,NAPROXENO 550MG TAB. REC CJAX100UND,PORTUGAL GENERICO,0.0,10.0,3.0,2026-03-20 18:22:30,8,3,Otoño
106081,NAPROXENO 550MG TAB. REC CJAX100UND,PORTUGAL GENERICO,0.0,10.0,3.0,2026-03-20 18:58:03,18,3,Otoño
106081,NAPROXENO 550MG TAB. REC CJAX100UND,PORTUGAL GENERICO,0.0,5.0,1.5,2026-03-20 21:14:27,16,3,Otoño
106081,NAPROXENO 550MG TAB. REC CJAX100UND,PORTUGAL GENERICO,0.0,10.0,3.0,2026-03-20 21:57:29,12,3,Otoño
106081,NAPROXENO 550MG TAB. REC CJAX100UND,PORTUGAL GENERICO,0.0,10.0,3.0,2026-03-20 22:03:39,16,3,Otoño
106081,NAPROXENO 550MG TAB. REC CJAX100UND,PORTUGAL GENERICO,0.0,10.0,3.0,2026-03-20 22:56:58,7,3,Otoño
106081,NAPROXENO 550MG TAB. REC CJAX100UND,PORTUGAL GENERICO,0.0,1.0,0.3,2026-03-21 08:32:16,10,3,Otoño
106081,NAPROXENO 550MG TAB. REC CJAX100UND,PORTUGAL GENERICO,0.0,10.0,3.0,2026-03-21 11:30:59,13,3,Otoño
106081,NAPROXENO 550MG TAB. REC CJAX100UND,PORTUGAL GENERICO,0.0,10.0,3.0,2026-03-21 12:31:20,7,3,Otoño
106081,NAPROXENO 550MG TAB. REC CJAX100UND,PORTUGAL GENERICO,0.0,1.0,0.3,2026-03-21 14:43:51,10,3,Otoño
106081,NAPROXENO 550MG TAB. REC CJAX100UND,PORTUGAL GENERICO,0.0,10.0,3.0,2026-03-21 16:08:45,18,3,Otoño
106081,NAPROXENO 550MG TAB. REC CJAX100UND,PORTUGAL GENERICO,0.0,5.0,1.5,2026-03-21 18:12:01,7,3,Otoño
106081,NAPROXENO 550MG TAB. REC CJAX100UND,PORTUGAL GENERICO,0.0,10.0,3.0,2026-03-21 18:38:27,18,3,Otoño
106081,NAPROXENO 550MG TAB. REC CJAX100UND,PORTUGAL GENERICO,0.0,20.0,6.0,2026-03-21 22:02:56,7,3,Otoño
106081,NAPROXENO 550MG TAB. REC CJAX100UND,PORTUGAL GENERICO,0.0,5.0,1.5,2026-03-22 10:35:43,7,3,Otoño
106081,NAPROXENO 550MG TAB. REC CJAX100UND,PORTUGAL GENERICO,0.0,10.0,3.0,2026-03-22 10:44:04,18,3,Otoño
106081,NAPROXENO 550MG TAB. REC CJAX100UND,PORTUGAL GENERICO,0.0,10.0,2.85,2026-03-22 11:46:59,12,3,Otoño
106081,NAPROXENO 550MG TAB. REC CJAX100UND,PORTUGAL GENERICO,0.0,20.0,5.7,2026-03-22 13:04:34,12,3,Otoño
106081,NAPROXENO 550MG TAB. REC CJAX100UND,PORTUGAL GENERICO,0.0,2.0,0.57,2026-03-22 13:47:40,13,3,Otoño
106081,NAPROXENO 550MG TAB. REC CJAX100UND,PORTUGAL GENERICO,0.0,10.0,3.0,2026-03-22 13:51:38,18,3,Otoño
106081,NAPROXENO 550MG TAB. REC CJAX100UND,PORTUGAL GENERICO,0.0,10.0,3.0,2026-03-22 14:10:05,15,3,Otoño
106081,NAPROXENO 550MG TAB. REC CJAX100UND,PORTUGAL GENERICO,0.0,10.0,2.85,2026-03-22 14:28:29,13,3,Otoño
106081,NAPROXENO 550MG TAB. REC CJAX100UND,PORTUGAL GENERICO,0.0,5.0,1.5,2026-03-22 20:10:25,11,3,Otoño
106081,NAPROXENO 550MG TAB. REC CJAX100UND,PORTUGAL GENERICO,0.0,10.0,3.0,2026-03-23 09:40:48,13,3,Otoño
106081,NAPROXENO 550MG TAB. REC CJAX100UND,PORTUGAL GENERICO,0.0,10.0,3.0,2026-03-23 12:50:16,12,3,Otoño
106081,NAPROXENO 550MG TAB. REC CJAX100UND,PORTUGAL GENERICO,0.0,20.0,6.0,2026-03-23 17:28:44,7,3,Otoño
106081,NAPROXENO 550MG TAB. REC CJAX100UND,PORTUGAL GENERICO,0.0,10.0,3.0,2026-03-23 18:31:04,10,3,Otoño
106081,NAPROXENO 550MG TAB. REC CJAX100UND,PORTUGAL GENERICO,0.0,10.0,3.0,2026-03-23 19:49:12,15,3,Otoño
106081,NAPROXENO 550MG TAB. REC CJAX100UND,PORTUGAL GENERICO,0.0,10.0,3.0,2026-03-23 20:53:40,12,3,Otoño
106081,NAPROXENO 550MG TAB. REC CJAX100UND,PORTUGAL GENERICO,0.0,10.0,3.0,2026-03-23 22:01:32,12,3,Otoño
106081,NAPROXENO 550MG TAB. REC CJAX100UND,PORTUGAL GENERICO,0.0,10.0,3.0,2026-03-23 23:21:57,7,3,Otoño
106081,NAPROXENO 550MG TAB. REC CJAX100UND,PORTUGAL GENERICO,0.0,10.0,3.0,2026-03-24 09:19:03,7,3,Otoño
106081,NAPROXENO 550MG TAB. REC CJAX100UND,PORTUGAL GENERICO,0.0,6.0,1.8,2026-03-24 09:23:41,10,3,Otoño
106081,NAPROXENO 550MG TAB. REC CJAX100UND,PORTUGAL GENERICO,0.0,10.0,3.0,2026-03-24 13:38:23,17,3,Otoño
106081,NAPROXENO 550MG TAB. REC CJAX100UND,PORTUGAL GENERICO,0.0,1.0,0.3,2026-03-24 13:39:27,17,3,Otoño
106081,NAPROXENO 550MG TAB. REC CJAX100UND,PORTUGAL GENERICO,0.0,10.0,3.0,2026-03-24 19:28:56,19,3,Otoño
106081,NAPROXENO 550MG TAB. REC CJAX100UND,PORTUGAL GENERICO,0.0,10.0,3.0,2026-03-24 20:08:09,17,3,Otoño
106081,NAPROXENO 550MG TAB. REC CJAX100UND,PORTUGAL GENERICO,0.0,10.0,3.0,2026-03-24 21:05:45,7,3,Otoño
106081,NAPROXENO 550MG TAB. REC CJAX100UND,PORTUGAL GENERICO,0.0,5.0,1.5,2026-03-24 21:18:14,7,3,Otoño
106081,NAPROXENO 550MG TAB. REC CJAX100UND,PORTUGAL GENERICO,0.0,20.0,6.0,2026-03-24 21:30:36,19,3,Otoño
106081,NAPROXENO 550MG TAB. REC CJAX100UND,PORTUGAL GENERICO,0.0,10.0,3.0,2026-03-25 14:50:20,11,3,Otoño
106081,NAPROXENO 550MG TAB. REC CJAX100UND,PORTUGAL GENERICO,0.0,10.0,3.0,2026-03-25 15:35:47,11,3,Otoño
106081,NAPROXENO 550MG TAB. REC CJAX100UND,PORTUGAL GENERICO,0.0,6.0,1.8,2026-03-25 17:40:41,18,3,Otoño
106081,NAPROXENO 550MG TAB. REC CJAX100UND,PORTUGAL GENERICO,0.0,10.0,3.0,2026-03-25 18:32:27,19,3,Otoño
106081,NAPROXENO 550MG TAB. REC CJAX100UND,PORTUGAL GENERICO,0.0,10.0,3.0,2026-03-25 20:22:24,7,3,Otoño
106081,NAPROXENO 550MG TAB. REC CJAX100UND,PORTUGAL GENERICO,0.0,10.0,3.0,2026-03-25 21:49:05,14,3,Otoño
106081,NAPROXENO 550MG TAB. REC CJAX100UND,PORTUGAL GENERICO,0.0,10.0,3.0,2026-03-26 07:34:33,1,3,Otoño
106081,NAPROXENO 550MG TAB. REC CJAX100UND,PORTUGAL GENERICO,0.0,10.0,3.0,2026-03-26 09:25:20,5,3,Otoño
106081,NAPROXENO 550MG TAB. REC CJAX100UND,PORTUGAL GENERICO,0.0,10.0,3.0,2026-03-26 10:09:33,17,3,Otoño
106081,NAPROXENO 550MG TAB. REC CJAX100UND,PORTUGAL GENERICO,0.0,10.0,3.0,2026-03-26 12:20:50,15,3,Otoño
106081,NAPROXENO 550MG TAB. REC CJAX100UND,PORTUGAL GENERICO,0.0,10.0,3.0,2026-03-26 14:12:13,15,3,Otoño
106081,NAPROXENO 550MG TAB. REC CJAX100UND,PORTUGAL GENERICO,0.0,10.0,3.0,2026-03-26 15:59:02,8,3,Otoño
106081,NAPROXENO 550MG TAB. REC CJAX100UND,PORTUGAL GENERICO,0.0,10.0,3.0,2026-03-26 17:11:08,3,3,Otoño
106081,NAPROXENO 550MG TAB. REC CJAX100UND,PORTUGAL GENERICO,0.0,10.0,3.0,2026-03-26 18:33:20,2,3,Otoño
106081,NAPROXENO 550MG TAB. REC CJAX100UND,PORTUGAL GENERICO,0.0,3.0,0.9,2026-03-26 18:33:34,13,3,Otoño
106081,NAPROXENO 550MG TAB. REC CJAX100UND,PORTUGAL GENERICO,0.0,10.0,3.0,2026-03-26 18:33:44,14,3,Otoño
106081,NAPROXENO 550MG TAB. REC CJAX100UND,PORTUGAL GENERICO,0.0,10.0,3.0,2026-03-26 19:06:21,14,3,Otoño
106081,NAPROXENO 550MG TAB. REC CJAX100UND,PORTUGAL GENERICO,0.0,10.0,3.0,2026-03-26 19:44:27,5,3,Otoño
106081,NAPROXENO 550MG TAB. REC CJAX100UND,PORTUGAL GENERICO,0.0,20.0,6.0,2026-03-26 19:44:38,3,3,Otoño
106081,NAPROXENO 550MG TAB. REC CJAX100UND,PORTUGAL GENERICO,0.0,10.0,3.0,2026-03-26 19:55:24,3,3,Otoño
106081,NAPROXENO 550MG TAB. REC CJAX100UND,PORTUGAL GENERICO,0.0,3.0,0.9,2026-03-26 20:32:53,18,3,Otoño
106081,NAPROXENO 550MG TAB. REC CJAX100UND,PORTUGAL GENERICO,0.0,10.0,3.0,2026-03-26 21:37:24,1,3,Otoño
106081,NAPROXENO 550MG TAB. REC CJAX100UND,PORTUGAL GENERICO,0.0,10.0,3.0,2026-03-26 21:38:24,15,3,Otoño
106081,NAPROXENO 550MG TAB. REC CJAX100UND,PORTUGAL GENERICO,0.0,10.0,3.0,2026-03-26 21:49:37,7,3,Otoño
106081,NAPROXENO 550MG TAB. REC CJAX100UND,PORTUGAL GENERICO,0.0,10.0,3.0,2026-03-26 22:27:35,7,3,Otoño
106081,NAPROXENO 550MG TAB. REC CJAX100UND,PORTUGAL GENERICO,0.0,10.0,3.0,2026-03-27 09:13:01,6,3,Otoño
106081,NAPROXENO 550MG TAB. REC CJAX100UND,PORTUGAL GENERICO,0.0,10.0,3.0,2026-03-27 11:22:48,19,3,Otoño
106081,NAPROXENO 550MG TAB. REC CJAX100UND,PORTUGAL GENERICO,0.0,10.0,3.0,2026-03-27 13:12:21,6,3,Otoño
106081,NAPROXENO 550MG TAB. REC CJAX100UND,PORTUGAL GENERICO,0.0,1.0,0.3,2026-03-27 15:20:13,3,3,Otoño
106081,NAPROXENO 550MG TAB. REC CJAX100UND,PORTUGAL GENERICO,0.0,10.0,3.0,2026-03-27 15:36:39,9,3,Otoño
106081,NAPROXENO 550MG TAB. REC CJAX100UND,PORTUGAL GENERICO,0.0,10.0,3.0,2026-03-27 17:52:20,9,3,Otoño
106081,NAPROXENO 550MG TAB. REC CJAX100UND,PORTUGAL GENERICO,0.0,10.0,3.0,2026-03-27 18:10:21,19,3,Otoño
106081,NAPROXENO 550MG TAB. REC CJAX100UND,PORTUGAL GENERICO,0.0,1.0,0.3,2026-03-27 18:32:41,17,3,Otoño
106081,NAPROXENO 550MG TAB. REC CJAX100UND,PORTUGAL GENERICO,0.0,10.0,3.0,2026-03-27 18:32:50,14,3,Otoño
106081,NAPROXENO 550MG TAB. REC CJAX100UND,PORTUGAL GENERICO,0.0,20.0,6.0,2026-03-27 19:31:39,9,3,Otoño
106081,NAPROXENO 550MG TAB. REC CJAX100UND,PORTUGAL GENERICO,0.0,20.0,6.0,2026-03-27 19:36:54,2,3,Otoño
106081,NAPROXENO 550MG TAB. REC CJAX100UND,PORTUGAL GENERICO,0.0,10.0,3.0,2026-03-27 20:18:28,11,3,Otoño
106081,NAPROXENO 550MG TAB. REC CJAX100UND,PORTUGAL GENERICO,0.0,10.0,3.0,2026-03-27 20:18:41,19,3,Otoño
106081,NAPROXENO 550MG TAB. REC CJAX100UND,PORTUGAL GENERICO,0.0,10.0,3.0,2026-03-27 20:57:25,1,3,Otoño
106081,NAPROXENO 550MG TAB. REC CJAX100UND,PORTUGAL GENERICO,0.0,10.0,3.0,2026-03-28 08:26:16,9,3,Otoño
106081,NAPROXENO 550MG TAB. REC CJAX100UND,PORTUGAL GENERICO,0.0,10.0,3.0,2026-03-28 08:30:45,5,3,Otoño
106081,NAPROXENO 550MG TAB. REC CJAX100UND,PORTUGAL GENERICO,0.0,10.0,3.0,2026-03-28 08:32:36,15,3,Otoño
106081,NAPROXENO 550MG TAB. REC CJAX100UND,PORTUGAL GENERICO,0.0,20.0,6.0,2026-03-28 09:30:58,11,3,Otoño
106081,NAPROXENO 550MG TAB. REC CJAX100UND,PORTUGAL GENERICO,0.0,11.0,3.3,2026-03-28 09:40:04,15,3,Otoño
106081,NAPROXENO 550MG TAB. REC CJAX100UND,PORTUGAL GENERICO,0.0,10.0,3.0,2026-03-28 09:58:55,7,3,Otoño
106081,NAPROXENO 550MG TAB. REC CJAX100UND,PORTUGAL GENERICO,0.0,10.0,3.0,2026-03-28 10:18:42,11,3,Otoño
106081,NAPROXENO 550MG TAB. REC CJAX100UND,PORTUGAL GENERICO,0.0,20.0,6.0,2026-03-28 10:47:08,18,3,Otoño
106081,NAPROXENO 550MG TAB. REC CJAX100UND,PORTUGAL GENERICO,0.0,10.0,3.0,2026-03-28 11:28:55,11,3,Otoño
106081,NAPROXENO 550MG TAB. REC CJAX100UND,PORTUGAL GENERICO,0.0,10.0,3.0,2026-03-28 12:12:08,8,3,Otoño
106081,NAPROXENO 550MG TAB. REC CJAX100UND,PORTUGAL GENERICO,0.0,5.0,1.5,2026-03-28 13:21:21,9,3,Otoño
106081,NAPROXENO 550MG TAB. REC CJAX100UND,PORTUGAL GENERICO,0.0,10.0,3.0,2026-03-28 14:15:48,1,3,Otoño
106081,NAPROXENO 550MG TAB. REC CJAX100UND,PORTUGAL GENERICO,0.0,20.0,6.0,2026-03-28 14:24:03,5,3,Otoño
106081,NAPROXENO 550MG TAB. REC CJAX100UND,PORTUGAL GENERICO,0.0,10.0,3.0,2026-03-28 14:54:27,5,3,Otoño
106081,NAPROXENO 550MG TAB. REC CJAX100UND,PORTUGAL GENERICO,0.0,20.0,6.0,2026-03-28 17:50:38,1,3,Otoño
106081,NAPROXENO 550MG TAB. REC CJAX100UND,PORTUGAL GENERICO,0.0,20.0,6.0,2026-03-28 18:25:48,3,3,Otoño
106081,NAPROXENO 550MG TAB. REC CJAX100UND,PORTUGAL GENERICO,0.0,10.0,3.0,2026-03-28 18:49:10,1,3,Otoño
106081,NAPROXENO 550MG TAB. REC CJAX100UND,PORTUGAL GENERICO,0.0,10.0,3.0,2026-03-28 19:32:34,8,3,Otoño
106081,NAPROXENO 550MG TAB. REC CJAX100UND,PORTUGAL GENERICO,0.0,10.0,3.0,2026-03-28 19:51:58,17,3,Otoño
106081,NAPROXENO 550MG TAB. REC CJAX100UND,PORTUGAL GENERICO,0.0,10.0,3.0,2026-03-28 19:54:55,2,3,Otoño
106081,NAPROXENO 550MG TAB. REC CJAX100UND,PORTUGAL GENERICO,0.0,10.0,3.0,2026-03-28 20:04:46,9,3,Otoño
106081,NAPROXENO 550MG TAB. REC CJAX100UND,PORTUGAL GENERICO,0.0,10.0,3.0,2026-03-28 20:12:36,3,3,Otoño
106081,NAPROXENO 550MG TAB. REC CJAX100UND,PORTUGAL GENERICO,0.0,20.0,6.0,2026-03-28 20:13:05,5,3,Otoño
106081,NAPROXENO 550MG TAB. REC CJAX100UND,PORTUGAL GENERICO,0.0,10.0,3.0,2026-03-28 21:09:13,14,3,Otoño
106081,NAPROXENO 550MG TAB. REC CJAX100UND,PORTUGAL GENERICO,0.0,10.0,3.0,2026-03-28 21:11:53,17,3,Otoño
106081,NAPROXENO 550MG TAB. REC CJAX100UND,PORTUGAL GENERICO,0.0,10.0,3.0,2026-03-28 21:47:47,16,3,Otoño
106081,NAPROXENO 550MG TAB. REC CJAX100UND,PORTUGAL GENERICO,0.0,10.0,3.0,2026-03-28 21:57:23,6,3,Otoño
106081,NAPROXENO 550MG TAB. REC CJAX100UND,PORTUGAL GENERICO,0.0,10.0,3.0,2026-03-28 23:36:30,16,3,Otoño
106081,NAPROXENO 550MG TAB. REC CJAX100UND,PORTUGAL GENERICO,0.0,20.0,6.0,2026-03-28 23:48:13,5,3,Otoño
106081,NAPROXENO 550MG TAB. REC CJAX100UND,PORTUGAL GENERICO,0.0,10.0,3.0,2026-03-29 08:06:11,19,3,Otoño
106081,NAPROXENO 550MG TAB. REC CJAX100UND,PORTUGAL GENERICO,0.0,5.0,1.5,2026-03-29 09:43:12,13,3,Otoño
106081,NAPROXENO 550MG TAB. REC CJAX100UND,PORTUGAL GENERICO,0.0,10.0,3.0,2026-03-29 10:41:55,8,3,Otoño
106081,NAPROXENO 550MG TAB. REC CJAX100UND,PORTUGAL GENERICO,0.0,10.0,3.0,2026-03-29 11:11:44,19,3,Otoño
106081,NAPROXENO 550MG TAB. REC CJAX100UND,PORTUGAL GENERICO,0.0,10.0,3.0,2026-03-29 11:43:11,5,3,Otoño
106081,NAPROXENO 550MG TAB. REC CJAX100UND,PORTUGAL GENERICO,0.0,10.0,3.0,2026-03-29 12:14:03,16,3,Otoño
106081,NAPROXENO 550MG TAB. REC CJAX100UND,PORTUGAL GENERICO,0.0,10.0,3.0,2026-03-29 12:28:05,11,3,Otoño
106081,NAPROXENO 550MG TAB. REC CJAX100UND,PORTUGAL GENERICO,0.0,10.0,3.0,2026-03-29 12:33:40,5,3,Otoño
106081,NAPROXENO 550MG TAB. REC CJAX100UND,PORTUGAL GENERICO,0.0,20.0,6.0,2026-03-29 12:35:12,11,3,Otoño
106081,NAPROXENO 550MG TAB. REC CJAX100UND,PORTUGAL GENERICO,0.0,30.0,9.0,2026-03-29 13:42:35,5,3,Otoño
106081,NAPROXENO 550MG TAB. REC CJAX100UND,PORTUGAL GENERICO,0.0,10.0,3.0,2026-03-29 15:01:58,15,3,Otoño
106081,NAPROXENO 550MG TAB. REC CJAX100UND,PORTUGAL GENERICO,0.0,10.0,3.0,2026-03-29 15:02:08,7,3,Otoño
106081,NAPROXENO 550MG TAB. REC CJAX100UND,PORTUGAL GENERICO,0.0,5.0,1.5,2026-03-29 15:17:21,19,3,Otoño
106081,NAPROXENO 550MG TAB. REC CJAX100UND,PORTUGAL GENERICO,0.0,10.0,3.0,2026-03-29 16:19:52,16,3,Otoño
106081,NAPROXENO 550MG TAB. REC CJAX100UND,PORTUGAL GENERICO,0.0,2.0,0.6,2026-03-29 16:54:16,9,3,Otoño
106081,NAPROXENO 550MG TAB. REC CJAX100UND,PORTUGAL GENERICO,0.0,10.0,3.0,2026-03-29 16:57:19,7,3,Otoño
106081,NAPROXENO 550MG TAB. REC CJAX100UND,PORTUGAL GENERICO,0.0,10.0,3.0,2026-03-29 17:00:06,7,3,Otoño
106081,NAPROXENO 550MG TAB. REC CJAX100UND,PORTUGAL GENERICO,0.0,10.0,3.0,2026-03-29 18:25:17,1,3,Otoño
106081,NAPROXENO 550MG TAB. REC CJAX100UND,PORTUGAL GENERICO,0.0,10.0,3.0,2026-03-29 18:37:24,6,3,Otoño
106081,NAPROXENO 550MG TAB. REC CJAX100UND,PORTUGAL GENERICO,0.0,10.0,3.0,2026-03-29 19:17:54,6,3,Otoño
106081,NAPROXENO 550MG TAB. REC CJAX100UND,PORTUGAL GENERICO,0.0,10.0,3.0,2026-03-29 19:35:42,2,3,Otoño
106081,NAPROXENO 550MG TAB. REC CJAX100UND,PORTUGAL GENERICO,0.0,10.0,3.0,2026-03-29 19:44:32,6,3,Otoño
106081,NAPROXENO 550MG TAB. REC CJAX100UND,PORTUGAL GENERICO,0.0,10.0,3.0,2026-03-29 20:43:02,8,3,Otoño
106081,NAPROXENO 550MG TAB. REC CJAX100UND,PORTUGAL GENERICO,0.0,10.0,3.0,2026-03-29 21:10:22,13,3,Otoño
106081,NAPROXENO 550MG TAB. REC CJAX100UND,PORTUGAL GENERICO,0.0,10.0,3.0,2026-03-29 21:10:39,5,3,Otoño
106081,NAPROXENO 550MG TAB. REC CJAX100UND,PORTUGAL GENERICO,0.0,10.0,3.0,2026-03-29 21:32:24,1,3,Otoño
106081,NAPROXENO 550MG TAB. REC CJAX100UND,PORTUGAL GENERICO,0.0,10.0,3.0,2026-03-29 21:54:18,14,3,Otoño
106081,NAPROXENO 550MG TAB. REC CJAX100UND,PORTUGAL GENERICO,0.0,5.0,1.5,2026-03-30 07:41:46,12,3,Otoño
106081,NAPROXENO 550MG TAB. REC CJAX100UND,PORTUGAL GENERICO,0.0,10.0,3.0,2026-03-30 07:47:44,2,3,Otoño
106081,NAPROXENO 550MG TAB. REC CJAX100UND,PORTUGAL GENERICO,0.0,10.0,3.0,2026-03-30 09:35:34,13,3,Otoño
106081,NAPROXENO 550MG TAB. REC CJAX100UND,PORTUGAL GENERICO,0.0,10.0,3.0,2026-03-30 09:36:39,13,3,Otoño
106081,NAPROXENO 550MG TAB. REC CJAX100UND,PORTUGAL GENERICO,0.0,5.0,1.5,2026-03-30 11:42:00,6,3,Otoño
106081,NAPROXENO 550MG TAB. REC CJAX100UND,PORTUGAL GENERICO,0.0,10.0,3.0,2026-03-30 12:57:15,7,3,Otoño
106081,NAPROXENO 550MG TAB. REC CJAX100UND,PORTUGAL GENERICO,0.0,10.0,3.0,2026-03-30 14:33:20,5,3,Otoño
106081,NAPROXENO 550MG TAB. REC CJAX100UND,PORTUGAL GENERICO,0.0,10.0,3.0,2026-03-30 16:43:17,11,3,Otoño
106081,NAPROXENO 550MG TAB. REC CJAX100UND,PORTUGAL GENERICO,0.0,10.0,3.0,2026-03-30 16:53:22,6,3,Otoño
106081,NAPROXENO 550MG TAB. REC CJAX100UND,PORTUGAL GENERICO,0.0,10.0,3.0,2026-03-30 17:42:51,6,3,Otoño
106081,NAPROXENO 550MG TAB. REC CJAX100UND,PORTUGAL GENERICO,0.0,10.0,3.0,2026-03-30 18:56:28,4,3,Otoño
106081,NAPROXENO 550MG TAB. REC CJAX100UND,PORTUGAL GENERICO,0.0,10.0,3.0,2026-03-30 19:13:23,9,3,Otoño
106081,NAPROXENO 550MG TAB. REC CJAX100UND,PORTUGAL GENERICO,0.0,10.0,3.0,2026-03-30 19:30:58,2,3,Otoño
106081,NAPROXENO 550MG TAB. REC CJAX100UND,PORTUGAL GENERICO,0.0,10.0,3.0,2026-03-30 20:11:38,7,3,Otoño
106081,NAPROXENO 550MG TAB. REC CJAX100UND,PORTUGAL GENERICO,0.0,10.0,3.0,2026-03-30 20:25:16,5,3,Otoño
106081,NAPROXENO 550MG TAB. REC CJAX100UND,PORTUGAL GENERICO,0.0,10.0,3.0,2026-03-30 22:33:15,14,3,Otoño
106081,NAPROXENO 550MG TAB. REC CJAX100UND,PORTUGAL GENERICO,0.0,10.0,3.0,2026-03-30 23:29:20,4,3,Otoño
106081,NAPROXENO 550MG TAB. REC CJAX100UND,PORTUGAL GENERICO,1.0,0.0,27.5,2026-03-31 10:40:30,5,3,Otoño
106081,NAPROXENO 550MG TAB. REC CJAX100UND,PORTUGAL GENERICO,0.0,10.0,3.0,2026-03-31 10:45:21,15,3,Otoño
106081,NAPROXENO 550MG TAB. REC CJAX100UND,PORTUGAL GENERICO,0.0,10.0,3.0,2026-03-31 11:04:51,11,3,Otoño
106081,NAPROXENO 550MG TAB. REC CJAX100UND,PORTUGAL GENERICO,0.0,10.0,3.0,2026-03-31 11:18:01,6,3,Otoño
106081,NAPROXENO 550MG TAB. REC CJAX100UND,PORTUGAL GENERICO,0.0,20.0,6.0,2026-03-31 11:31:57,1,3,Otoño
106081,NAPROXENO 550MG TAB. REC CJAX100UND,PORTUGAL GENERICO,0.0,10.0,3.0,2026-03-31 11:57:13,2,3,Otoño
106081,NAPROXENO 550MG TAB. REC CJAX100UND,PORTUGAL GENERICO,0.0,10.0,3.0,2026-03-31 12:22:31,10,3,Otoño
106081,NAPROXENO 550MG TAB. REC CJAX100UND,PORTUGAL GENERICO,0.0,2.0,0.6,2026-03-31 13:07:50,3,3,Otoño
106081,NAPROXENO 550MG TAB. REC CJAX100UND,PORTUGAL GENERICO,0.0,10.0,3.0,2026-03-31 15:02:42,5,3,Otoño
106081,NAPROXENO 550MG TAB. REC CJAX100UND,PORTUGAL GENERICO,0.0,5.0,1.5,2026-03-31 17:27:31,7,3,Otoño
106081,NAPROXENO 550MG TAB. REC CJAX100UND,PORTUGAL GENERICO,1.0,0.0,27.5,2026-03-31 17:42:30,11,3,Otoño
106081,NAPROXENO 550MG TAB. REC CJAX100UND,PORTUGAL GENERICO,0.0,20.0,6.0,2026-03-31 18:10:58,2,3,Otoño
106081,NAPROXENO 550MG TAB. REC CJAX100UND,PORTUGAL GENERICO,0.0,2.0,0.6,2026-03-31 18:40:49,13,3,Otoño
106081,NAPROXENO 550MG TAB. REC CJAX100UND,PORTUGAL GENERICO,0.0,10.0,3.0,2026-03-31 19:16:07,13,3,Otoño
106081,NAPROXENO 550MG TAB. REC CJAX100UND,PORTUGAL GENERICO,0.0,10.0,3.0,2026-03-31 19:28:47,11,3,Otoño
106081,NAPROXENO 550MG TAB. REC CJAX100UND,PORTUGAL GENERICO,0.0,10.0,3.0,2026-03-31 19:35:57,1,3,Otoño
106081,NAPROXENO 550MG TAB. REC CJAX100UND,PORTUGAL GENERICO,0.0,10.0,3.0,2026-03-31 19:37:16,3,3,Otoño
106081,NAPROXENO 550MG TAB. REC CJAX100UND,PORTUGAL GENERICO,0.0,10.0,3.0,2026-03-31 20:27:40,5,3,Otoño
106081,NAPROXENO 550MG TAB. REC CJAX100UND,PORTUGAL GENERICO,0.0,10.0,3.0,2026-03-31 20:50:45,15,3,Otoño
106081,NAPROXENO 550MG TAB. REC CJAX100UND,PORTUGAL GENERICO,0.0,10.0,3.0,2026-03-31 22:00:44,16,3,Otoño
106081,NAPROXENO 550MG TAB. REC CJAX100UND,PORTUGAL GENERICO,0.0,10.0,3.0,2026-03-31 22:29:07,7,3,Otoño
106081,NAPROXENO 550MG TAB. REC CJAX100UND,PORTUGAL GENERICO,0.0,-10.0,-3.0,2026-03-31 22:37:05,7,3,Otoño
106081,NAPROXENO 550MG TAB. REC CJAX100UND,PORTUGAL GENERICO,0.0,10.0,3.0,2026-03-31 22:39:38,7,3,Otoño
106081,NAPROXENO 550MG TAB. REC CJAX100UND,PORTUGAL GENERICO,0.0,20.0,6.0,2026-04-01 08:15:06,3,4,Otoño
106081,NAPROXENO 550MG TAB. REC CJAX100UND,PORTUGAL GENERICO,0.0,10.0,3.0,2026-04-01 12:33:38,2,4,Otoño
106081,NAPROXENO 550MG TAB. REC CJAX100UND,PORTUGAL GENERICO,0.0,10.0,3.0,2026-04-01 13:48:25,7,4,Otoño
106081,NAPROXENO 550MG TAB. REC CJAX100UND,PORTUGAL GENERICO,0.0,10.0,3.0,2026-04-01 14:14:58,3,4,Otoño
106081,NAPROXENO 550MG TAB. REC CJAX100UND,PORTUGAL GENERICO,0.0,10.0,3.0,2026-04-01 14:41:48,13,4,Otoño
106081,NAPROXENO 550MG TAB. REC CJAX100UND,PORTUGAL GENERICO,0.0,2.0,0.6,2026-04-01 15:16:32,3,4,Otoño
106081,NAPROXENO 550MG TAB. REC CJAX100UND,PORTUGAL GENERICO,0.0,10.0,3.0,2026-04-01 15:24:26,8,4,Otoño
106081,NAPROXENO 550MG TAB. REC CJAX100UND,PORTUGAL GENERICO,0.0,10.0,3.0,2026-04-01 16:04:31,9,4,Otoño
106081,NAPROXENO 550MG TAB. REC CJAX100UND,PORTUGAL GENERICO,0.0,10.0,3.0,2026-04-01 16:44:28,1,4,Otoño
106081,NAPROXENO 550MG TAB. REC CJAX100UND,PORTUGAL GENERICO,0.0,10.0,3.0,2026-04-01 16:44:35,7,4,Otoño
106081,NAPROXENO 550MG TAB. REC CJAX100UND,PORTUGAL GENERICO,0.0,30.0,9.0,2026-04-01 17:01:23,2,4,Otoño
106081,NAPROXENO 550MG TAB. REC CJAX100UND,PORTUGAL GENERICO,0.0,10.0,3.0,2026-04-01 18:15:42,5,4,Otoño
106081,NAPROXENO 550MG TAB. REC CJAX100UND,PORTUGAL GENERICO,0.0,10.0,3.0,2026-04-01 18:31:25,1,4,Otoño
106081,NAPROXENO 550MG TAB. REC CJAX100UND,PORTUGAL GENERICO,0.0,10.0,3.0,2026-04-01 18:42:27,5,4,Otoño
106081,NAPROXENO 550MG TAB. REC CJAX100UND,PORTUGAL GENERICO,0.0,10.0,3.0,2026-04-01 19:27:22,17,4,Otoño
106081,NAPROXENO 550MG TAB. REC CJAX100UND,PORTUGAL GENERICO,0.0,10.0,3.0,2026-04-01 21:49:36,12,4,Otoño
106081,NAPROXENO 550MG TAB. REC CJAX100UND,PORTUGAL GENERICO,0.0,10.0,3.0,2026-04-01 21:54:44,10,4,Otoño
106081,NAPROXENO 550MG TAB. REC CJAX100UND,PORTUGAL GENERICO,0.0,10.0,3.0,2026-04-01 22:03:07,3,4,Otoño
106081,NAPROXENO 550MG TAB. REC CJAX100UND,PORTUGAL GENERICO,0.0,10.0,3.0,2026-04-01 22:39:02,1,4,Otoño
106081,NAPROXENO 550MG TAB. REC CJAX100UND,PORTUGAL GENERICO,0.0,10.0,3.0,2026-04-01 22:57:39,16,4,Otoño
106081,NAPROXENO 550MG TAB. REC CJAX100UND,PORTUGAL GENERICO,0.0,5.0,1.5,2026-04-01 23:01:07,2,4,Otoño
106081,NAPROXENO 550MG TAB. REC CJAX100UND,PORTUGAL GENERICO,0.0,10.0,3.0,2026-04-01 23:35:59,5,4,Otoño
106081,NAPROXENO 550MG TAB. REC CJAX100UND,PORTUGAL GENERICO,0.0,10.0,3.0,2026-04-02 09:11:20,5,4,Otoño
106081,NAPROXENO 550MG TAB. REC CJAX100UND,PORTUGAL GENERICO,0.0,10.0,3.0,2026-04-02 09:14:18,5,4,Otoño
106081,NAPROXENO 550MG TAB. REC CJAX100UND,PORTUGAL GENERICO,0.0,10.0,3.0,2026-04-02 10:09:40,5,4,Otoño
106081,NAPROXENO 550MG TAB. REC CJAX100UND,PORTUGAL GENERICO,0.0,10.0,2.85,2026-04-02 10:41:31,3,4,Otoño
106081,NAPROXENO 550MG TAB. REC CJAX100UND,PORTUGAL GENERICO,0.0,10.0,3.0,2026-04-02 12:28:49,2,4,Otoño
106081,NAPROXENO 550MG TAB. REC CJAX100UND,PORTUGAL GENERICO,0.0,10.0,3.0,2026-04-02 12:42:06,6,4,Otoño
106081,NAPROXENO 550MG TAB. REC CJAX100UND,PORTUGAL GENERICO,0.0,10.0,3.0,2026-04-02 12:50:30,2,4,Otoño
106081,NAPROXENO 550MG TAB. REC CJAX100UND,PORTUGAL GENERICO,0.0,10.0,3.0,2026-04-02 13:52:12,17,4,Otoño
106081,NAPROXENO 550MG TAB. REC CJAX100UND,PORTUGAL GENERICO,0.0,10.0,3.0,2026-04-02 14:07:15,9,4,Otoño
106081,NAPROXENO 550MG TAB. REC CJAX100UND,PORTUGAL GENERICO,0.0,20.0,6.0,2026-04-02 14:10:09,2,4,Otoño
106081,NAPROXENO 550MG TAB. REC CJAX100UND,PORTUGAL GENERICO,0.0,10.0,3.0,2026-04-02 15:07:38,12,4,Otoño
106081,NAPROXENO 550MG TAB. REC CJAX100UND,PORTUGAL GENERICO,0.0,10.0,3.0,2026-04-02 16:18:28,9,4,Otoño
106081,NAPROXENO 550MG TAB. REC CJAX100UND,PORTUGAL GENERICO,0.0,20.0,6.0,2026-04-02 17:49:41,8,4,Otoño
106081,NAPROXENO 550MG TAB. REC CJAX100UND,PORTUGAL GENERICO,0.0,20.0,6.0,2026-04-02 18:08:35,12,4,Otoño
106081,NAPROXENO 550MG TAB. REC CJAX100UND,PORTUGAL GENERICO,0.0,10.0,3.0,2026-04-02 19:21:23,8,4,Otoño
106081,NAPROXENO 550MG TAB. REC CJAX100UND,PORTUGAL GENERICO,0.0,10.0,3.0,2026-04-02 20:00:33,15,4,Otoño
106081,NAPROXENO 550MG TAB. REC CJAX100UND,PORTUGAL GENERICO,0.0,10.0,3.0,2026-04-02 21:07:21,7,4,Otoño
106081,NAPROXENO 550MG TAB. REC CJAX100UND,PORTUGAL GENERICO,0.0,2.0,0.6,2026-04-02 21:14:52,3,4,Otoño
106081,NAPROXENO 550MG TAB. REC CJAX100UND,PORTUGAL GENERICO,0.0,1.0,0.3,2026-04-02 21:17:21,4,4,Otoño
106081,NAPROXENO 550MG TAB. REC CJAX100UND,PORTUGAL GENERICO,0.0,10.0,3.0,2026-04-02 21:26:34,15,4,Otoño
106081,NAPROXENO 550MG TAB. REC CJAX100UND,PORTUGAL GENERICO,0.0,5.0,1.5,2026-04-02 23:58:11,7,4,Otoño
106081,NAPROXENO 550MG TAB. REC CJAX100UND,PORTUGAL GENERICO,0.0,10.0,3.0,2026-04-03 08:24:17,13,4,Otoño
106081,NAPROXENO 550MG TAB. REC CJAX100UND,PORTUGAL GENERICO,0.0,10.0,3.0,2026-04-03 08:49:28,6,4,Otoño
106081,NAPROXENO 550MG TAB. REC CJAX100UND,PORTUGAL GENERICO,0.0,10.0,3.0,2026-04-03 09:51:10,12,4,Otoño
106081,NAPROXENO 550MG TAB. REC CJAX100UND,PORTUGAL GENERICO,0.0,10.0,3.0,2026-04-03 10:09:38,3,4,Otoño
106081,NAPROXENO 550MG TAB. REC CJAX100UND,PORTUGAL GENERICO,0.0,10.0,3.0,2026-04-03 11:49:52,6,4,Otoño
106081,NAPROXENO 550MG TAB. REC CJAX100UND,PORTUGAL GENERICO,0.0,10.0,3.0,2026-04-03 12:01:25,6,4,Otoño
106081,NAPROXENO 550MG TAB. REC CJAX100UND,PORTUGAL GENERICO,0.0,2.0,0.6,2026-04-03 12:14:53,3,4,Otoño
106081,NAPROXENO 550MG TAB. REC CJAX100UND,PORTUGAL GENERICO,0.0,20.0,6.0,2026-04-03 13:17:00,9,4,Otoño
106081,NAPROXENO 550MG TAB. REC CJAX100UND,PORTUGAL GENERICO,0.0,10.0,3.0,2026-04-03 14:46:41,5,4,Otoño
106081,NAPROXENO 550MG TAB. REC CJAX100UND,PORTUGAL GENERICO,0.0,10.0,3.0,2026-04-03 15:29:45,16,4,Otoño
106081,NAPROXENO 550MG TAB. REC CJAX100UND,PORTUGAL GENERICO,0.0,10.0,3.0,2026-04-03 15:58:49,9,4,Otoño
106081,NAPROXENO 550MG TAB. REC CJAX100UND,PORTUGAL GENERICO,0.0,5.0,1.5,2026-04-03 16:41:00,5,4,Otoño
106081,NAPROXENO 550MG TAB. REC CJAX100UND,PORTUGAL GENERICO,0.0,10.0,3.0,2026-04-03 17:16:29,5,4,Otoño
106081,NAPROXENO 550MG TAB. REC CJAX100UND,PORTUGAL GENERICO,0.0,10.0,3.0,2026-04-03 18:00:07,10,4,Otoño
106081,NAPROXENO 550MG TAB. REC CJAX100UND,PORTUGAL GENERICO,0.0,5.0,1.5,2026-04-03 18:07:42,8,4,Otoño
106081,NAPROXENO 550MG TAB. REC CJAX100UND,PORTUGAL GENERICO,0.0,10.0,3.0,2026-04-03 18:45:53,4,4,Otoño
106081,NAPROXENO 550MG TAB. REC CJAX100UND,PORTUGAL GENERICO,0.0,10.0,3.0,2026-04-03 18:48:32,15,4,Otoño
106081,NAPROXENO 550MG TAB. REC CJAX100UND,PORTUGAL GENERICO,0.0,10.0,3.0,2026-04-03 18:51:08,12,4,Otoño
106081,NAPROXENO 550MG TAB. REC CJAX100UND,PORTUGAL GENERICO,0.0,10.0,3.0,2026-04-03 19:25:49,19,4,Otoño
106081,NAPROXENO 550MG TAB. REC CJAX100UND,PORTUGAL GENERICO,0.0,10.0,3.0,2026-04-03 19:35:10,16,4,Otoño
106081,NAPROXENO 550MG TAB. REC CJAX100UND,PORTUGAL GENERICO,0.0,10.0,3.0,2026-04-03 20:51:58,13,4,Otoño
106081,NAPROXENO 550MG TAB. REC CJAX100UND,PORTUGAL GENERICO,0.0,10.0,3.0,2026-04-03 21:02:52,18,4,Otoño
106081,NAPROXENO 550MG TAB. REC CJAX100UND,PORTUGAL GENERICO,0.0,10.0,3.0,2026-04-03 21:24:13,13,4,Otoño
106081,NAPROXENO 550MG TAB. REC CJAX100UND,PORTUGAL GENERICO,0.0,10.0,3.0,2026-04-03 22:18:09,16,4,Otoño
106081,NAPROXENO 550MG TAB. REC CJAX100UND,PORTUGAL GENERICO,0.0,10.0,3.0,2026-04-03 22:39:08,15,4,Otoño
106081,NAPROXENO 550MG TAB. REC CJAX100UND,PORTUGAL GENERICO,0.0,10.0,3.0,2026-04-04 07:13:23,12,4,Otoño
106081,NAPROXENO 550MG TAB. REC CJAX100UND,PORTUGAL GENERICO,0.0,5.0,1.5,2026-04-04 07:41:19,14,4,Otoño
106081,NAPROXENO 550MG TAB. REC CJAX100UND,PORTUGAL GENERICO,0.0,5.0,1.5,2026-04-04 09:46:37,6,4,Otoño
106081,NAPROXENO 550MG TAB. REC CJAX100UND,PORTUGAL GENERICO,0.0,10.0,3.0,2026-04-04 09:59:00,14,4,Otoño
106081,NAPROXENO 550MG TAB. REC CJAX100UND,PORTUGAL GENERICO,0.0,10.0,3.0,2026-04-04 10:22:11,2,4,Otoño
106081,NAPROXENO 550MG TAB. REC CJAX100UND,PORTUGAL GENERICO,0.0,10.0,3.0,2026-04-04 10:42:30,2,4,Otoño
106081,NAPROXENO 550MG TAB. REC CJAX100UND,PORTUGAL GENERICO,0.0,20.0,6.0,2026-04-04 11:26:15,7,4,Otoño
106081,NAPROXENO 550MG TAB. REC CJAX100UND,PORTUGAL GENERICO,0.0,10.0,3.0,2026-04-04 12:07:30,14,4,Otoño
106081,NAPROXENO 550MG TAB. REC CJAX100UND,PORTUGAL GENERICO,0.0,10.0,3.0,2026-04-04 12:17:06,1,4,Otoño
106081,NAPROXENO 550MG TAB. REC CJAX100UND,PORTUGAL GENERICO,0.0,10.0,3.0,2026-04-04 13:04:52,2,4,Otoño
106081,NAPROXENO 550MG TAB. REC CJAX100UND,PORTUGAL GENERICO,0.0,10.0,3.0,2026-04-04 14:18:25,5,4,Otoño
106081,NAPROXENO 550MG TAB. REC CJAX100UND,PORTUGAL GENERICO,0.0,10.0,3.0,2026-04-04 14:56:20,6,4,Otoño
106081,NAPROXENO 550MG TAB. REC CJAX100UND,PORTUGAL GENERICO,0.0,10.0,3.0,2026-04-04 15:40:11,19,4,Otoño
106081,NAPROXENO 550MG TAB. REC CJAX100UND,PORTUGAL GENERICO,0.0,3.0,0.9,2026-04-04 15:50:22,10,4,Otoño
106081,NAPROXENO 550MG TAB. REC CJAX100UND,PORTUGAL GENERICO,0.0,10.0,3.0,2026-04-04 15:52:41,10,4,Otoño
106081,NAPROXENO 550MG TAB. REC CJAX100UND,PORTUGAL GENERICO,0.0,15.0,4.5,2026-04-04 17:00:33,9,4,Otoño
106081,NAPROXENO 550MG TAB. REC CJAX100UND,PORTUGAL GENERICO,0.0,20.0,6.0,2026-04-04 18:02:31,2,4,Otoño
106081,NAPROXENO 550MG TAB. REC CJAX100UND,PORTUGAL GENERICO,0.0,10.0,3.0,2026-04-04 18:03:11,1,4,Otoño
106081,NAPROXENO 550MG TAB. REC CJAX100UND,PORTUGAL GENERICO,0.0,10.0,3.0,2026-04-04 18:39:43,7,4,Otoño
106081,NAPROXENO 550MG TAB. REC CJAX100UND,PORTUGAL GENERICO,0.0,10.0,3.0,2026-04-04 18:47:26,4,4,Otoño
106081,NAPROXENO 550MG TAB. REC CJAX100UND,PORTUGAL GENERICO,0.0,10.0,3.0,2026-04-04 19:03:20,18,4,Otoño
106081,NAPROXENO 550MG TAB. REC CJAX100UND,PORTUGAL GENERICO,0.0,10.0,3.0,2026-04-04 19:12:35,6,4,Otoño
106081,NAPROXENO 550MG TAB. REC CJAX100UND,PORTUGAL GENERICO,0.0,10.0,3.0,2026-04-04 19:52:08,15,4,Otoño
106081,NAPROXENO 550MG TAB. REC CJAX100UND,PORTUGAL GENERICO,0.0,10.0,3.0,2026-04-04 20:10:06,2,4,Otoño
106081,NAPROXENO 550MG TAB. REC CJAX100UND,PORTUGAL GENERICO,0.0,10.0,3.0,2026-04-04 20:34:33,15,4,Otoño
106081,NAPROXENO 550MG TAB. REC CJAX100UND,PORTUGAL GENERICO,0.0,10.0,3.0,2026-04-04 21:01:05,16,4,Otoño
106081,NAPROXENO 550MG TAB. REC CJAX100UND,PORTUGAL GENERICO,0.0,10.0,3.0,2026-04-04 21:23:10,7,4,Otoño
106081,NAPROXENO 550MG TAB. REC CJAX100UND,PORTUGAL GENERICO,0.0,10.0,3.0,2026-04-04 21:38:08,1,4,Otoño
106081,NAPROXENO 550MG TAB. REC CJAX100UND,PORTUGAL GENERICO,0.0,10.0,3.0,2026-04-04 22:27:57,4,4,Otoño
106081,NAPROXENO 550MG TAB. REC CJAX100UND,PORTUGAL GENERICO,0.0,10.0,3.0,2026-04-04 23:22:10,5,4,Otoño
106081,NAPROXENO 550MG TAB. REC CJAX100UND,PORTUGAL GENERICO,0.0,10.0,3.0,2026-04-05 08:34:28,1,4,Otoño
106081,NAPROXENO 550MG TAB. REC CJAX100UND,PORTUGAL GENERICO,0.0,10.0,3.0,2026-04-05 09:24:41,9,4,Otoño
106081,NAPROXENO 550MG TAB. REC CJAX100UND,PORTUGAL GENERICO,0.0,10.0,3.0,2026-04-05 10:08:25,15,4,Otoño
106081,NAPROXENO 550MG TAB. REC CJAX100UND,PORTUGAL GENERICO,0.0,2.0,0.6,2026-04-05 11:41:29,3,4,Otoño
106081,NAPROXENO 550MG TAB. REC CJAX100UND,PORTUGAL GENERICO,0.0,10.0,3.0,2026-04-05 12:16:33,12,4,Otoño
106081,NAPROXENO 550MG TAB. REC CJAX100UND,PORTUGAL GENERICO,0.0,10.0,3.0,2026-04-05 12:34:01,16,4,Otoño
106081,NAPROXENO 550MG TAB. REC CJAX100UND,PORTUGAL GENERICO,0.0,10.0,3.0,2026-04-05 12:55:06,9,4,Otoño
106081,NAPROXENO 550MG TAB. REC CJAX100UND,PORTUGAL GENERICO,0.0,10.0,3.0,2026-04-05 13:30:13,12,4,Otoño
106081,NAPROXENO 550MG TAB. REC CJAX100UND,PORTUGAL GENERICO,0.0,15.0,4.5,2026-04-05 14:50:02,7,4,Otoño
106081,NAPROXENO 550MG TAB. REC CJAX100UND,PORTUGAL GENERICO,0.0,10.0,3.0,2026-04-05 15:12:53,9,4,Otoño
106081,NAPROXENO 550MG TAB. REC CJAX100UND,PORTUGAL GENERICO,0.0,10.0,3.0,2026-04-05 15:13:40,8,4,Otoño
106081,NAPROXENO 550MG TAB. REC CJAX100UND,PORTUGAL GENERICO,0.0,20.0,6.0,2026-04-05 17:12:48,16,4,Otoño
106081,NAPROXENO 550MG TAB. REC CJAX100UND,PORTUGAL GENERICO,0.0,10.0,3.0,2026-04-05 17:40:28,7,4,Otoño
106081,NAPROXENO 550MG TAB. REC CJAX100UND,PORTUGAL GENERICO,0.0,20.0,6.0,2026-04-05 18:05:01,9,4,Otoño
106081,NAPROXENO 550MG TAB. REC CJAX100UND,PORTUGAL GENERICO,0.0,10.0,3.0,2026-04-05 19:12:48,17,4,Otoño
106081,NAPROXENO 550MG TAB. REC CJAX100UND,PORTUGAL GENERICO,0.0,10.0,3.0,2026-04-05 19:18:24,3,4,Otoño
106081,NAPROXENO 550MG TAB. REC CJAX100UND,PORTUGAL GENERICO,0.0,10.0,3.0,2026-04-05 19:27:24,5,4,Otoño
106081,NAPROXENO 550MG TAB. REC CJAX100UND,PORTUGAL GENERICO,0.0,10.0,3.0,2026-04-05 20:02:12,7,4,Otoño
106081,NAPROXENO 550MG TAB. REC CJAX100UND,PORTUGAL GENERICO,0.0,10.0,3.0,2026-04-05 20:29:18,8,4,Otoño
106081,NAPROXENO 550MG TAB. REC CJAX100UND,PORTUGAL GENERICO,0.0,10.0,3.0,2026-04-05 20:53:40,12,4,Otoño
106081,NAPROXENO 550MG TAB. REC CJAX100UND,PORTUGAL GENERICO,0.0,10.0,3.0,2026-04-05 21:47:38,5,4,Otoño
106081,NAPROXENO 550MG TAB. REC CJAX100UND,PORTUGAL GENERICO,0.0,10.0,3.0,2026-04-05 22:20:46,16,4,Otoño
106081,NAPROXENO 550MG TAB. REC CJAX100UND,PORTUGAL GENERICO,0.0,10.0,3.0,2026-04-05 23:23:11,5,4,Otoño
106081,NAPROXENO 550MG TAB. REC CJAX100UND,PORTUGAL GENERICO,0.0,10.0,3.0,2026-04-06 07:29:08,9,4,Otoño
106081,NAPROXENO 550MG TAB. REC CJAX100UND,PORTUGAL GENERICO,0.0,10.0,3.0,2026-04-06 08:38:43,5,4,Otoño
106081,NAPROXENO 550MG TAB. REC CJAX100UND,PORTUGAL GENERICO,0.0,1.0,0.3,2026-04-06 09:28:12,19,4,Otoño
106081,NAPROXENO 550MG TAB. REC CJAX100UND,PORTUGAL GENERICO,0.0,10.0,3.0,2026-04-06 10:07:09,6,4,Otoño
106081,NAPROXENO 550MG TAB. REC CJAX100UND,PORTUGAL GENERICO,0.0,10.0,3.0,2026-04-06 10:30:50,3,4,Otoño
106081,NAPROXENO 550MG TAB. REC CJAX100UND,PORTUGAL GENERICO,0.0,20.0,6.0,2026-04-06 10:51:53,1,4,Otoño
106081,NAPROXENO 550MG TAB. REC CJAX100UND,PORTUGAL GENERICO,0.0,10.0,3.0,2026-04-06 10:52:25,6,4,Otoño
106081,NAPROXENO 550MG TAB. REC CJAX100UND,PORTUGAL GENERICO,0.0,10.0,3.0,2026-04-06 11:25:25,9,4,Otoño
106081,NAPROXENO 550MG TAB. REC CJAX100UND,PORTUGAL GENERICO,0.0,10.0,3.0,2026-04-06 11:27:49,2,4,Otoño
106081,NAPROXENO 550MG TAB. REC CJAX100UND,PORTUGAL GENERICO,0.0,10.0,3.0,2026-04-06 12:23:09,2,4,Otoño
106081,NAPROXENO 550MG TAB. REC CJAX100UND,PORTUGAL GENERICO,0.0,10.0,3.0,2026-04-06 13:15:46,10,4,Otoño
106081,NAPROXENO 550MG TAB. REC CJAX100UND,PORTUGAL GENERICO,0.0,10.0,3.0,2026-04-06 13:45:28,9,4,Otoño
106081,NAPROXENO 550MG TAB. REC CJAX100UND,PORTUGAL GENERICO,0.0,2.0,0.6,2026-04-06 14:14:43,6,4,Otoño
106081,NAPROXENO 550MG TAB. REC CJAX100UND,PORTUGAL GENERICO,0.0,2.0,0.6,2026-04-06 14:26:04,13,4,Otoño
106081,NAPROXENO 550MG TAB. REC CJAX100UND,PORTUGAL GENERICO,0.0,10.0,3.0,2026-04-06 14:54:46,6,4,Otoño
106081,NAPROXENO 550MG TAB. REC CJAX100UND,PORTUGAL GENERICO,0.0,10.0,3.0,2026-04-06 15:10:03,5,4,Otoño
106081,NAPROXENO 550MG TAB. REC CJAX100UND,PORTUGAL GENERICO,0.0,8.0,2.4,2026-04-06 15:36:40,9,4,Otoño
106081,NAPROXENO 550MG TAB. REC CJAX100UND,PORTUGAL GENERICO,0.0,10.0,3.0,2026-04-06 15:53:59,10,4,Otoño
106081,NAPROXENO 550MG TAB. REC CJAX100UND,PORTUGAL GENERICO,0.0,10.0,3.0,2026-04-06 16:20:49,9,4,Otoño
106081,NAPROXENO 550MG TAB. REC CJAX100UND,PORTUGAL GENERICO,0.0,10.0,3.0,2026-04-06 16:56:55,5,4,Otoño
106081,NAPROXENO 550MG TAB. REC CJAX100UND,PORTUGAL GENERICO,0.0,10.0,3.0,2026-04-06 17:04:18,6,4,Otoño
106081,NAPROXENO 550MG TAB. REC CJAX100UND,PORTUGAL GENERICO,0.0,10.0,3.0,2026-04-06 19:39:44,8,4,Otoño
106081,NAPROXENO 550MG TAB. REC CJAX100UND,PORTUGAL GENERICO,0.0,10.0,3.0,2026-04-06 20:01:48,11,4,Otoño
106081,NAPROXENO 550MG TAB. REC CJAX100UND,PORTUGAL GENERICO,0.0,10.0,3.0,2026-04-06 20:15:26,7,4,Otoño
106081,NAPROXENO 550MG TAB. REC CJAX100UND,PORTUGAL GENERICO,0.0,10.0,3.0,2026-04-06 20:17:59,1,4,Otoño
106081,NAPROXENO 550MG TAB. REC CJAX100UND,PORTUGAL GENERICO,0.0,10.0,3.0,2026-04-06 20:20:56,7,4,Otoño
106081,NAPROXENO 550MG TAB. REC CJAX100UND,PORTUGAL GENERICO,0.0,10.0,3.0,2026-04-06 20:37:47,16,4,Otoño
106081,NAPROXENO 550MG TAB. REC CJAX100UND,PORTUGAL GENERICO,0.0,10.0,3.0,2026-04-06 21:09:50,1,4,Otoño
106081,NAPROXENO 550MG TAB. REC CJAX100UND,PORTUGAL GENERICO,0.0,10.0,3.0,2026-04-06 23:30:52,16,4,Otoño
106081,NAPROXENO 550MG TAB. REC CJAX100UND,PORTUGAL GENERICO,0.0,10.0,3.0,2026-04-07 07:08:15,4,4,Otoño
106081,NAPROXENO 550MG TAB. REC CJAX100UND,PORTUGAL GENERICO,0.0,5.0,1.5,2026-04-07 07:56:13,10,4,Otoño
106081,NAPROXENO 550MG TAB. REC CJAX100UND,PORTUGAL GENERICO,0.0,10.0,3.0,2026-04-07 09:05:14,10,4,Otoño
106081,NAPROXENO 550MG TAB. REC CJAX100UND,PORTUGAL GENERICO,0.0,10.0,3.0,2026-04-07 09:21:56,8,4,Otoño
106081,NAPROXENO 550MG TAB. REC CJAX100UND,PORTUGAL GENERICO,0.0,20.0,6.0,2026-04-07 10:53:39,7,4,Otoño
106081,NAPROXENO 550MG TAB. REC CJAX100UND,PORTUGAL GENERICO,0.0,10.0,3.0,2026-04-07 11:53:41,7,4,Otoño
106081,NAPROXENO 550MG TAB. REC CJAX100UND,PORTUGAL GENERICO,0.0,10.0,3.0,2026-04-07 12:41:28,1,4,Otoño
106081,NAPROXENO 550MG TAB. REC CJAX100UND,PORTUGAL GENERICO,0.0,10.0,3.0,2026-04-07 13:14:05,2,4,Otoño
106081,NAPROXENO 550MG TAB. REC CJAX100UND,PORTUGAL GENERICO,0.0,20.0,6.0,2026-04-07 14:49:58,1,4,Otoño
106081,NAPROXENO 550MG TAB. REC CJAX100UND,PORTUGAL GENERICO,0.0,20.0,6.0,2026-04-07 16:02:52,6,4,Otoño
106081,NAPROXENO 550MG TAB. REC CJAX100UND,PORTUGAL GENERICO,0.0,10.0,3.0,2026-04-07 16:46:41,1,4,Otoño
106081,NAPROXENO 550MG TAB. REC CJAX100UND,PORTUGAL GENERICO,0.0,10.0,3.0,2026-04-07 17:29:09,7,4,Otoño
106081,NAPROXENO 550MG TAB. REC CJAX100UND,PORTUGAL GENERICO,0.0,20.0,6.0,2026-04-07 17:45:34,7,4,Otoño
106081,NAPROXENO 550MG TAB. REC CJAX100UND,PORTUGAL GENERICO,0.0,10.0,3.0,2026-04-07 17:56:32,18,4,Otoño
106081,NAPROXENO 550MG TAB. REC CJAX100UND,PORTUGAL GENERICO,0.0,10.0,3.0,2026-04-07 18:37:09,9,4,Otoño
106081,NAPROXENO 550MG TAB. REC CJAX100UND,PORTUGAL GENERICO,0.0,10.0,3.0,2026-04-07 19:09:56,8,4,Otoño
106081,NAPROXENO 550MG TAB. REC CJAX100UND,PORTUGAL GENERICO,0.0,10.0,3.0,2026-04-07 19:10:30,19,4,Otoño
106081,NAPROXENO 550MG TAB. REC CJAX100UND,PORTUGAL GENERICO,0.0,10.0,3.0,2026-04-07 19:21:40,9,4,Otoño
106081,NAPROXENO 550MG TAB. REC CJAX100UND,PORTUGAL GENERICO,0.0,5.0,1.5,2026-04-07 20:22:40,13,4,Otoño
106081,NAPROXENO 550MG TAB. REC CJAX100UND,PORTUGAL GENERICO,0.0,20.0,6.0,2026-04-07 20:37:34,9,4,Otoño
106081,NAPROXENO 550MG TAB. REC CJAX100UND,PORTUGAL GENERICO,0.0,10.0,3.0,2026-04-07 21:18:02,7,4,Otoño
106081,NAPROXENO 550MG TAB. REC CJAX100UND,PORTUGAL GENERICO,0.0,10.0,3.0,2026-04-07 21:28:30,14,4,Otoño
106081,NAPROXENO 550MG TAB. REC CJAX100UND,PORTUGAL GENERICO,0.0,10.0,3.0,2026-04-07 21:56:59,3,4,Otoño
106081,NAPROXENO 550MG TAB. REC CJAX100UND,PORTUGAL GENERICO,0.0,10.0,3.0,2026-04-07 22:36:34,17,4,Otoño
106081,NAPROXENO 550MG TAB. REC CJAX100UND,PORTUGAL GENERICO,0.0,10.0,3.0,2026-04-08 08:44:06,16,4,Otoño
106081,NAPROXENO 550MG TAB. REC CJAX100UND,PORTUGAL GENERICO,0.0,10.0,3.0,2026-04-08 10:13:16,2,4,Otoño
106081,NAPROXENO 550MG TAB. REC CJAX100UND,PORTUGAL GENERICO,0.0,10.0,3.0,2026-04-08 10:38:23,3,4,Otoño
106081,NAPROXENO 550MG TAB. REC CJAX100UND,PORTUGAL GENERICO,0.0,10.0,3.0,2026-04-08 11:08:59,6,4,Otoño
106081,NAPROXENO 550MG TAB. REC CJAX100UND,PORTUGAL GENERICO,0.0,10.0,3.0,2026-04-08 11:18:02,11,4,Otoño
106081,NAPROXENO 550MG TAB. REC CJAX100UND,PORTUGAL GENERICO,0.0,10.0,3.0,2026-04-08 12:34:37,3,4,Otoño
106081,NAPROXENO 550MG TAB. REC CJAX100UND,PORTUGAL GENERICO,0.0,10.0,3.0,2026-04-08 12:55:06,6,4,Otoño
106081,NAPROXENO 550MG TAB. REC CJAX100UND,PORTUGAL GENERICO,0.0,20.0,6.0,2026-04-08 13:56:10,1,4,Otoño
106081,NAPROXENO 550MG TAB. REC CJAX100UND,PORTUGAL GENERICO,0.0,10.0,3.0,2026-04-08 16:14:31,6,4,Otoño
106081,NAPROXENO 550MG TAB. REC CJAX100UND,PORTUGAL GENERICO,0.0,10.0,3.0,2026-04-08 16:31:56,2,4,Otoño
106081,NAPROXENO 550MG TAB. REC CJAX100UND,PORTUGAL GENERICO,0.0,10.0,3.0,2026-04-08 16:52:32,18,4,Otoño
106081,NAPROXENO 550MG TAB. REC CJAX100UND,PORTUGAL GENERICO,0.0,5.0,1.5,2026-04-08 17:15:50,2,4,Otoño
106081,NAPROXENO 550MG TAB. REC CJAX100UND,PORTUGAL GENERICO,0.0,2.0,0.6,2026-04-08 18:17:52,15,4,Otoño
106081,NAPROXENO 550MG TAB. REC CJAX100UND,PORTUGAL GENERICO,0.0,10.0,3.0,2026-04-08 18:27:14,9,4,Otoño
106081,NAPROXENO 550MG TAB. REC CJAX100UND,PORTUGAL GENERICO,0.0,10.0,3.0,2026-04-08 19:01:53,1,4,Otoño
106081,NAPROXENO 550MG TAB. REC CJAX100UND,PORTUGAL GENERICO,0.0,10.0,3.0,2026-04-08 19:02:44,11,4,Otoño
106081,NAPROXENO 550MG TAB. REC CJAX100UND,PORTUGAL GENERICO,0.0,2.0,0.6,2026-04-08 19:22:14,13,4,Otoño
106081,NAPROXENO 550MG TAB. REC CJAX100UND,PORTUGAL GENERICO,0.0,30.0,9.0,2026-04-09 07:10:08,13,4,Otoño
106081,NAPROXENO 550MG TAB. REC CJAX100UND,PORTUGAL GENERICO,0.0,10.0,3.0,2026-04-09 07:25:01,4,4,Otoño
106081,NAPROXENO 550MG TAB. REC CJAX100UND,PORTUGAL GENERICO,0.0,10.0,3.0,2026-04-09 08:50:15,5,4,Otoño
106081,NAPROXENO 550MG TAB. REC CJAX100UND,PORTUGAL GENERICO,0.0,10.0,3.0,2026-04-09 09:26:05,14,4,Otoño
106081,NAPROXENO 550MG TAB. REC CJAX100UND,PORTUGAL GENERICO,0.0,10.0,3.0,2026-04-09 09:59:34,11,4,Otoño
106081,NAPROXENO 550MG TAB. REC CJAX100UND,PORTUGAL GENERICO,0.0,10.0,3.0,2026-04-09 10:32:29,11,4,Otoño
106081,NAPROXENO 550MG TAB. REC CJAX100UND,PORTUGAL GENERICO,0.0,2.0,0.6,2026-04-09 10:49:34,9,4,Otoño
106081,NAPROXENO 550MG TAB. REC CJAX100UND,PORTUGAL GENERICO,0.0,5.0,1.5,2026-04-09 11:18:34,2,4,Otoño
106081,NAPROXENO 550MG TAB. REC CJAX100UND,PORTUGAL GENERICO,0.0,10.0,3.0,2026-04-09 13:43:52,2,4,Otoño
106081,NAPROXENO 550MG TAB. REC CJAX100UND,PORTUGAL GENERICO,0.0,20.0,6.0,2026-04-09 16:35:43,16,4,Otoño
106081,NAPROXENO 550MG TAB. REC CJAX100UND,PORTUGAL GENERICO,0.0,10.0,3.0,2026-04-09 17:40:18,5,4,Otoño
106081,NAPROXENO 550MG TAB. REC CJAX100UND,PORTUGAL GENERICO,0.0,10.0,3.0,2026-04-09 18:10:41,2,4,Otoño
106081,NAPROXENO 550MG TAB. REC CJAX100UND,PORTUGAL GENERICO,0.0,10.0,3.0,2026-04-09 18:15:14,3,4,Otoño
106081,NAPROXENO 550MG TAB. REC CJAX100UND,PORTUGAL GENERICO,0.0,10.0,3.0,2026-04-09 18:16:38,2,4,Otoño
106081,NAPROXENO 550MG TAB. REC CJAX100UND,PORTUGAL GENERICO,0.0,10.0,3.0,2026-04-09 19:12:12,16,4,Otoño
106081,NAPROXENO 550MG TAB. REC CJAX100UND,PORTUGAL GENERICO,0.0,10.0,3.0,2026-04-09 20:32:52,18,4,Otoño
106081,NAPROXENO 550MG TAB. REC CJAX100UND,PORTUGAL GENERICO,0.0,10.0,3.0,2026-04-09 20:35:00,8,4,Otoño
106081,NAPROXENO 550MG TAB. REC CJAX100UND,PORTUGAL GENERICO,0.0,10.0,3.0,2026-04-09 20:56:58,15,4,Otoño
106081,NAPROXENO 550MG TAB. REC CJAX100UND,PORTUGAL GENERICO,0.0,10.0,3.0,2026-04-09 21:24:52,5,4,Otoño
106081,NAPROXENO 550MG TAB. REC CJAX100UND,PORTUGAL GENERICO,0.0,10.0,3.0,2026-04-09 21:38:29,9,4,Otoño
106081,NAPROXENO 550MG TAB. REC CJAX100UND,PORTUGAL GENERICO,0.0,10.0,3.0,2026-04-10 09:21:05,13,4,Otoño
106081,NAPROXENO 550MG TAB. REC CJAX100UND,PORTUGAL GENERICO,0.0,10.0,3.0,2026-04-10 10:27:56,9,4,Otoño
106081,NAPROXENO 550MG TAB. REC CJAX100UND,PORTUGAL GENERICO,0.0,10.0,3.0,2026-04-10 11:36:05,2,4,Otoño
106081,NAPROXENO 550MG TAB. REC CJAX100UND,PORTUGAL GENERICO,0.0,10.0,3.0,2026-04-10 13:41:24,15,4,Otoño
106081,NAPROXENO 550MG TAB. REC CJAX100UND,PORTUGAL GENERICO,0.0,10.0,3.0,2026-04-10 15:07:07,11,4,Otoño
106081,NAPROXENO 550MG TAB. REC CJAX100UND,PORTUGAL GENERICO,0.0,10.0,3.0,2026-04-10 15:49:00,9,4,Otoño
106081,NAPROXENO 550MG TAB. REC CJAX100UND,PORTUGAL GENERICO,0.0,10.0,3.0,2026-04-10 16:44:00,7,4,Otoño
106081,NAPROXENO 550MG TAB. REC CJAX100UND,PORTUGAL GENERICO,0.0,20.0,6.0,2026-04-10 18:32:27,9,4,Otoño
106081,NAPROXENO 550MG TAB. REC CJAX100UND,PORTUGAL GENERICO,0.0,10.0,3.0,2026-04-10 19:04:05,2,4,Otoño
106081,NAPROXENO 550MG TAB. REC CJAX100UND,PORTUGAL GENERICO,0.0,10.0,3.0,2026-04-10 19:18:37,11,4,Otoño
106081,NAPROXENO 550MG TAB. REC CJAX100UND,PORTUGAL GENERICO,0.0,10.0,3.0,2026-04-10 19:34:04,3,4,Otoño
106081,NAPROXENO 550MG TAB. REC CJAX100UND,PORTUGAL GENERICO,0.0,20.0,6.0,2026-04-10 19:53:00,18,4,Otoño
106081,NAPROXENO 550MG TAB. REC CJAX100UND,PORTUGAL GENERICO,0.0,20.0,6.0,2026-04-10 21:46:37,3,4,Otoño
106081,NAPROXENO 550MG TAB. REC CJAX100UND,PORTUGAL GENERICO,0.0,10.0,3.0,2026-04-10 22:13:33,3,4,Otoño
106081,NAPROXENO 550MG TAB. REC CJAX100UND,PORTUGAL GENERICO,0.0,10.0,3.0,2026-04-11 09:02:55,6,4,Otoño
106081,NAPROXENO 550MG TAB. REC CJAX100UND,PORTUGAL GENERICO,0.0,10.0,3.0,2026-04-11 11:36:22,6,4,Otoño
106081,NAPROXENO 550MG TAB. REC CJAX100UND,PORTUGAL GENERICO,0.0,10.0,3.0,2026-04-11 12:32:11,3,4,Otoño
106081,NAPROXENO 550MG TAB. REC CJAX100UND,PORTUGAL GENERICO,0.0,10.0,3.0,2026-04-11 12:50:04,4,4,Otoño
106081,NAPROXENO 550MG TAB. REC CJAX100UND,PORTUGAL GENERICO,0.0,10.0,3.0,2026-04-11 14:36:46,6,4,Otoño
106081,NAPROXENO 550MG TAB. REC CJAX100UND,PORTUGAL GENERICO,0.0,20.0,6.0,2026-04-11 15:05:33,15,4,Otoño
106081,NAPROXENO 550MG TAB. REC CJAX100UND,PORTUGAL GENERICO,0.0,10.0,3.0,2026-04-11 15:50:48,4,4,Otoño
106081,NAPROXENO 550MG TAB. REC CJAX100UND,PORTUGAL GENERICO,0.0,1.0,0.3,2026-04-11 17:50:14,5,4,Otoño
106081,NAPROXENO 550MG TAB. REC CJAX100UND,PORTUGAL GENERICO,0.0,10.0,3.0,2026-04-11 18:25:01,9,4,Otoño
106081,NAPROXENO 550MG TAB. REC CJAX100UND,PORTUGAL GENERICO,0.0,10.0,3.0,2026-04-11 19:02:01,7,4,Otoño
106081,NAPROXENO 550MG TAB. REC CJAX100UND,PORTUGAL GENERICO,0.0,10.0,3.0,2026-04-11 20:29:03,10,4,Otoño
106081,NAPROXENO 550MG TAB. REC CJAX100UND,PORTUGAL GENERICO,0.0,15.0,4.5,2026-04-11 21:16:18,17,4,Otoño
106081,NAPROXENO 550MG TAB. REC CJAX100UND,PORTUGAL GENERICO,0.0,20.0,6.0,2026-04-11 21:20:08,16,4,Otoño
106081,NAPROXENO 550MG TAB. REC CJAX100UND,PORTUGAL GENERICO,0.0,10.0,3.0,2026-04-11 21:50:29,14,4,Otoño
106081,NAPROXENO 550MG TAB. REC CJAX100UND,PORTUGAL GENERICO,0.0,4.0,1.2,2026-04-12 08:29:31,5,4,Otoño
106081,NAPROXENO 550MG TAB. REC CJAX100UND,PORTUGAL GENERICO,0.0,10.0,3.0,2026-04-12 08:43:04,2,4,Otoño
106081,NAPROXENO 550MG TAB. REC CJAX100UND,PORTUGAL GENERICO,0.0,10.0,3.0,2026-04-12 08:53:44,9,4,Otoño
106081,NAPROXENO 550MG TAB. REC CJAX100UND,PORTUGAL GENERICO,0.0,10.0,3.0,2026-04-12 10:26:36,17,4,Otoño
106081,NAPROXENO 550MG TAB. REC CJAX100UND,PORTUGAL GENERICO,0.0,10.0,3.0,2026-04-12 11:21:29,9,4,Otoño
106081,NAPROXENO 550MG TAB. REC CJAX100UND,PORTUGAL GENERICO,0.0,3.0,0.9,2026-04-12 12:51:05,14,4,Otoño
106081,NAPROXENO 550MG TAB. REC CJAX100UND,PORTUGAL GENERICO,0.0,10.0,3.0,2026-04-12 13:02:32,16,4,Otoño
106081,NAPROXENO 550MG TAB. REC CJAX100UND,PORTUGAL GENERICO,0.0,10.0,3.0,2026-04-12 13:17:54,2,4,Otoño
106081,NAPROXENO 550MG TAB. REC CJAX100UND,PORTUGAL GENERICO,0.0,10.0,3.0,2026-04-12 15:35:07,9,4,Otoño
106081,NAPROXENO 550MG TAB. REC CJAX100UND,PORTUGAL GENERICO,0.0,3.0,0.9,2026-04-12 17:00:05,9,4,Otoño
106081,NAPROXENO 550MG TAB. REC CJAX100UND,PORTUGAL GENERICO,0.0,15.0,4.5,2026-04-12 17:18:01,10,4,Otoño
106081,NAPROXENO 550MG TAB. REC CJAX100UND,PORTUGAL GENERICO,0.0,30.0,9.0,2026-04-12 18:22:49,2,4,Otoño
106081,NAPROXENO 550MG TAB. REC CJAX100UND,PORTUGAL GENERICO,0.0,10.0,3.0,2026-04-12 18:40:51,6,4,Otoño
106081,NAPROXENO 550MG TAB. REC CJAX100UND,PORTUGAL GENERICO,0.0,10.0,3.0,2026-04-12 20:12:36,4,4,Otoño
106081,NAPROXENO 550MG TAB. REC CJAX100UND,PORTUGAL GENERICO,0.0,20.0,6.0,2026-04-12 20:34:05,10,4,Otoño
106081,NAPROXENO 550MG TAB. REC CJAX100UND,PORTUGAL GENERICO,0.0,8.0,2.4,2026-04-12 20:57:51,6,4,Otoño
106081,NAPROXENO 550MG TAB. REC CJAX100UND,PORTUGAL GENERICO,0.0,10.0,3.0,2026-04-13 07:23:01,2,4,Otoño
106081,NAPROXENO 550MG TAB. REC CJAX100UND,PORTUGAL GENERICO,0.0,10.0,3.0,2026-04-13 09:55:17,13,4,Otoño
106081,NAPROXENO 550MG TAB. REC CJAX100UND,PORTUGAL GENERICO,0.0,10.0,3.0,2026-04-13 12:02:27,17,4,Otoño
106081,NAPROXENO 550MG TAB. REC CJAX100UND,PORTUGAL GENERICO,0.0,10.0,3.0,2026-04-13 12:21:41,3,4,Otoño
106081,NAPROXENO 550MG TAB. REC CJAX100UND,PORTUGAL GENERICO,0.0,2.0,0.6,2026-04-13 12:36:37,14,4,Otoño
106081,NAPROXENO 550MG TAB. REC CJAX100UND,PORTUGAL GENERICO,0.0,9.0,2.7,2026-04-13 13:03:37,19,4,Otoño
106081,NAPROXENO 550MG TAB. REC CJAX100UND,PORTUGAL GENERICO,0.0,2.0,0.6,2026-04-13 13:46:00,10,4,Otoño
106081,NAPROXENO 550MG TAB. REC CJAX100UND,PORTUGAL GENERICO,0.0,10.0,3.0,2026-04-13 18:29:08,13,4,Otoño
106081,NAPROXENO 550MG TAB. REC CJAX100UND,PORTUGAL GENERICO,0.0,10.0,3.0,2026-04-13 19:39:01,17,4,Otoño
106081,NAPROXENO 550MG TAB. REC CJAX100UND,PORTUGAL GENERICO,0.0,10.0,3.0,2026-04-13 20:49:43,6,4,Otoño
106081,NAPROXENO 550MG TAB. REC CJAX100UND,PORTUGAL GENERICO,0.0,10.0,3.0,2026-04-13 21:19:44,13,4,Otoño
106081,NAPROXENO 550MG TAB. REC CJAX100UND,PORTUGAL GENERICO,0.0,10.0,3.0,2026-04-13 22:48:40,18,4,Otoño
106081,NAPROXENO 550MG TAB. REC CJAX100UND,PORTUGAL GENERICO,0.0,30.0,9.0,2026-04-14 08:45:18,4,4,Otoño
106081,NAPROXENO 550MG TAB. REC CJAX100UND,PORTUGAL GENERICO,0.0,10.0,3.0,2026-04-14 09:23:19,6,4,Otoño
106081,NAPROXENO 550MG TAB. REC CJAX100UND,PORTUGAL GENERICO,0.0,10.0,3.0,2026-04-14 10:46:44,18,4,Otoño
106081,NAPROXENO 550MG TAB. REC CJAX100UND,PORTUGAL GENERICO,0.0,10.0,3.0,2026-04-14 13:25:29,2,4,Otoño
106081,NAPROXENO 550MG TAB. REC CJAX100UND,PORTUGAL GENERICO,0.0,10.0,3.0,2026-04-14 18:06:08,2,4,Otoño
106081,NAPROXENO 550MG TAB. REC CJAX100UND,PORTUGAL GENERICO,0.0,10.0,3.0,2026-04-14 19:50:20,14,4,Otoño
106081,NAPROXENO 550MG TAB. REC CJAX100UND,PORTUGAL GENERICO,0.0,10.0,3.0,2026-04-14 20:12:58,7,4,Otoño
106081,NAPROXENO 550MG TAB. REC CJAX100UND,PORTUGAL GENERICO,0.0,10.0,3.0,2026-04-14 20:54:39,3,4,Otoño
106081,NAPROXENO 550MG TAB. REC CJAX100UND,PORTUGAL GENERICO,0.0,10.0,3.0,2026-04-14 21:49:49,11,4,Otoño
106081,NAPROXENO 550MG TAB. REC CJAX100UND,PORTUGAL GENERICO,0.0,10.0,3.0,2026-04-15 08:22:15,6,4,Otoño
106081,NAPROXENO 550MG TAB. REC CJAX100UND,PORTUGAL GENERICO,0.0,10.0,3.0,2026-04-15 08:46:55,4,4,Otoño
106081,NAPROXENO 550MG TAB. REC CJAX100UND,PORTUGAL GENERICO,0.0,10.0,3.0,2026-04-15 10:04:30,10,4,Otoño
106081,NAPROXENO 550MG TAB. REC CJAX100UND,PORTUGAL GENERICO,0.0,5.0,1.5,2026-04-15 10:52:02,11,4,Otoño
106081,NAPROXENO 550MG TAB. REC CJAX100UND,PORTUGAL GENERICO,0.0,3.0,0.9,2026-04-15 10:58:35,4,4,Otoño
106081,NAPROXENO 550MG TAB. REC CJAX100UND,PORTUGAL GENERICO,0.0,20.0,6.0,2026-04-15 11:35:34,14,4,Otoño
106081,NAPROXENO 550MG TAB. REC CJAX100UND,PORTUGAL GENERICO,0.0,10.0,3.0,2026-04-15 16:35:26,7,4,Otoño
106081,NAPROXENO 550MG TAB. REC CJAX100UND,PORTUGAL GENERICO,0.0,10.0,3.0,2026-04-15 17:33:49,11,4,Otoño
106081,NAPROXENO 550MG TAB. REC CJAX100UND,PORTUGAL GENERICO,0.0,10.0,3.0,2026-04-15 17:58:27,13,4,Otoño
106081,NAPROXENO 550MG TAB. REC CJAX100UND,PORTUGAL GENERICO,0.0,10.0,3.0,2026-04-15 19:42:03,11,4,Otoño
106081,NAPROXENO 550MG TAB. REC CJAX100UND,PORTUGAL GENERICO,0.0,10.0,3.0,2026-04-15 20:06:14,14,4,Otoño
106081,NAPROXENO 550MG TAB. REC CJAX100UND,PORTUGAL GENERICO,0.0,10.0,3.0,2026-04-15 23:00:53,18,4,Otoño
106081,NAPROXENO 550MG TAB. REC CJAX100UND,PORTUGAL GENERICO,0.0,10.0,3.0,2026-04-16 08:11:16,11,4,Otoño
106081,NAPROXENO 550MG TAB. REC CJAX100UND,PORTUGAL GENERICO,0.0,20.0,6.0,2026-04-16 09:46:02,11,4,Otoño
106081,NAPROXENO 550MG TAB. REC CJAX100UND,PORTUGAL GENERICO,0.0,10.0,3.0,2026-04-16 10:22:46,4,4,Otoño
106081,NAPROXENO 550MG TAB. REC CJAX100UND,PORTUGAL GENERICO,0.0,-10.0,-3.0,2026-04-16 10:37:26,4,4,Otoño
106081,NAPROXENO 550MG TAB. REC CJAX100UND,PORTUGAL GENERICO,0.0,10.0,3.0,2026-04-16 10:40:34,4,4,Otoño
106081,NAPROXENO 550MG TAB. REC CJAX100UND,PORTUGAL GENERICO,0.0,3.0,0.9,2026-04-16 12:42:12,17,4,Otoño
106081,NAPROXENO 550MG TAB. REC CJAX100UND,PORTUGAL GENERICO,0.0,10.0,3.0,2026-04-16 13:05:42,3,4,Otoño
106081,NAPROXENO 550MG TAB. REC CJAX100UND,PORTUGAL GENERICO,0.0,10.0,3.0,2026-04-16 13:18:37,10,4,Otoño
106081,NAPROXENO 550MG TAB. REC CJAX100UND,PORTUGAL GENERICO,0.0,11.0,3.3,2026-04-16 15:08:59,8,4,Otoño
106081,NAPROXENO 550MG TAB. REC CJAX100UND,PORTUGAL GENERICO,0.0,10.0,3.0,2026-04-16 16:38:18,4,4,Otoño
106081,NAPROXENO 550MG TAB. REC CJAX100UND,PORTUGAL GENERICO,0.0,10.0,3.0,2026-04-16 17:51:14,13,4,Otoño
106081,NAPROXENO 550MG TAB. REC CJAX100UND,PORTUGAL GENERICO,0.0,10.0,3.0,2026-04-16 18:40:37,9,4,Otoño
106081,NAPROXENO 550MG TAB. REC CJAX100UND,PORTUGAL GENERICO,0.0,10.0,3.0,2026-04-16 18:54:08,4,4,Otoño
106081,NAPROXENO 550MG TAB. REC CJAX100UND,PORTUGAL GENERICO,0.0,10.0,3.0,2026-04-16 19:36:50,19,4,Otoño
106081,NAPROXENO 550MG TAB. REC CJAX100UND,PORTUGAL GENERICO,0.0,10.0,3.0,2026-04-16 20:40:52,16,4,Otoño
106081,NAPROXENO 550MG TAB. REC CJAX100UND,PORTUGAL GENERICO,0.0,10.0,3.0,2026-04-16 20:47:29,9,4,Otoño
106081,NAPROXENO 550MG TAB. REC CJAX100UND,PORTUGAL GENERICO,0.0,10.0,3.0,2026-04-16 22:59:39,10,4,Otoño
106081,NAPROXENO 550MG TAB. REC CJAX100UND,PORTUGAL GENERICO,0.0,10.0,3.0,2026-04-17 10:50:07,14,4,Otoño
106081,NAPROXENO 550MG TAB. REC CJAX100UND,PORTUGAL GENERICO,0.0,10.0,3.0,2026-04-17 10:51:15,10,4,Otoño
106081,NAPROXENO 550MG TAB. REC CJAX100UND,PORTUGAL GENERICO,0.0,10.0,3.0,2026-04-17 11:07:16,4,4,Otoño
106081,NAPROXENO 550MG TAB. REC CJAX100UND,PORTUGAL GENERICO,0.0,40.0,12.0,2026-04-17 11:48:53,2,4,Otoño
106081,NAPROXENO 550MG TAB. REC CJAX100UND,PORTUGAL GENERICO,0.0,10.0,3.0,2026-04-17 13:21:29,6,4,Otoño
106081,NAPROXENO 550MG TAB. REC CJAX100UND,PORTUGAL GENERICO,0.0,10.0,3.0,2026-04-17 13:57:46,9,4,Otoño
106081,NAPROXENO 550MG TAB. REC CJAX100UND,PORTUGAL GENERICO,0.0,10.0,3.0,2026-04-17 14:38:36,2,4,Otoño
106081,NAPROXENO 550MG TAB. REC CJAX100UND,PORTUGAL GENERICO,0.0,1.0,0.3,2026-04-17 15:47:20,17,4,Otoño
106081,NAPROXENO 550MG TAB. REC CJAX100UND,PORTUGAL GENERICO,0.0,10.0,3.0,2026-04-17 16:13:35,1,4,Otoño
106081,NAPROXENO 550MG TAB. REC CJAX100UND,PORTUGAL GENERICO,0.0,10.0,3.0,2026-04-17 16:53:05,6,4,Otoño
106081,NAPROXENO 550MG TAB. REC CJAX100UND,PORTUGAL GENERICO,0.0,5.0,1.5,2026-04-17 17:33:20,1,4,Otoño
106081,NAPROXENO 550MG TAB. REC CJAX100UND,PORTUGAL GENERICO,0.0,10.0,3.0,2026-04-17 17:59:35,6,4,Otoño
106081,NAPROXENO 550MG TAB. REC CJAX100UND,PORTUGAL GENERICO,0.0,10.0,3.0,2026-04-17 18:08:49,11,4,Otoño
106081,NAPROXENO 550MG TAB. REC CJAX100UND,PORTUGAL GENERICO,0.0,6.0,1.8,2026-04-17 18:09:40,9,4,Otoño
106081,NAPROXENO 550MG TAB. REC CJAX100UND,PORTUGAL GENERICO,0.0,10.0,3.0,2026-04-17 18:13:21,1,4,Otoño
106081,NAPROXENO 550MG TAB. REC CJAX100UND,PORTUGAL GENERICO,0.0,20.0,6.0,2026-04-17 19:18:28,9,4,Otoño
106081,NAPROXENO 550MG TAB. REC CJAX100UND,PORTUGAL GENERICO,0.0,10.0,3.0,2026-04-17 19:21:34,14,4,Otoño
106081,NAPROXENO 550MG TAB. REC CJAX100UND,PORTUGAL GENERICO,0.0,15.0,4.5,2026-04-17 19:27:28,9,4,Otoño
106081,NAPROXENO 550MG TAB. REC CJAX100UND,PORTUGAL GENERICO,0.0,5.0,1.5,2026-04-17 19:58:49,1,4,Otoño
106081,NAPROXENO 550MG TAB. REC CJAX100UND,PORTUGAL GENERICO,0.0,10.0,3.0,2026-04-17 20:02:40,8,4,Otoño
106081,NAPROXENO 550MG TAB. REC CJAX100UND,PORTUGAL GENERICO,0.0,1.0,0.3,2026-04-17 20:19:21,16,4,Otoño
106081,NAPROXENO 550MG TAB. REC CJAX100UND,PORTUGAL GENERICO,0.0,10.0,3.0,2026-04-17 20:37:16,1,4,Otoño
106081,NAPROXENO 550MG TAB. REC CJAX100UND,PORTUGAL GENERICO,0.0,10.0,3.0,2026-04-17 21:25:15,1,4,Otoño
106081,NAPROXENO 550MG TAB. REC CJAX100UND,PORTUGAL GENERICO,0.0,10.0,3.0,2026-04-17 21:54:03,7,4,Otoño
106081,NAPROXENO 550MG TAB. REC CJAX100UND,PORTUGAL GENERICO,0.0,5.0,1.5,2026-04-17 22:07:52,9,4,Otoño
106081,NAPROXENO 550MG TAB. REC CJAX100UND,PORTUGAL GENERICO,0.0,10.0,3.0,2026-04-17 22:26:00,7,4,Otoño
106081,NAPROXENO 550MG TAB. REC CJAX100UND,PORTUGAL GENERICO,0.0,7.0,2.1,2026-04-17 23:15:30,4,4,Otoño
106081,NAPROXENO 550MG TAB. REC CJAX100UND,PORTUGAL GENERICO,0.0,10.0,3.0,2026-04-18 07:58:00,13,4,Otoño
106081,NAPROXENO 550MG TAB. REC CJAX100UND,PORTUGAL GENERICO,0.0,10.0,3.0,2026-04-18 09:35:53,9,4,Otoño
106081,NAPROXENO 550MG TAB. REC CJAX100UND,PORTUGAL GENERICO,0.0,10.0,3.0,2026-04-18 10:06:11,6,4,Otoño
106081,NAPROXENO 550MG TAB. REC CJAX100UND,PORTUGAL GENERICO,0.0,10.0,3.0,2026-04-18 10:09:08,9,4,Otoño
106081,NAPROXENO 550MG TAB. REC CJAX100UND,PORTUGAL GENERICO,0.0,20.0,6.0,2026-04-18 10:58:48,2,4,Otoño
106081,NAPROXENO 550MG TAB. REC CJAX100UND,PORTUGAL GENERICO,0.0,10.0,3.0,2026-04-18 11:13:41,11,4,Otoño
106081,NAPROXENO 550MG TAB. REC CJAX100UND,PORTUGAL GENERICO,0.0,10.0,3.0,2026-04-18 11:28:37,6,4,Otoño
106081,NAPROXENO 550MG TAB. REC CJAX100UND,PORTUGAL GENERICO,0.0,20.0,6.0,2026-04-18 12:20:38,2,4,Otoño
106081,NAPROXENO 550MG TAB. REC CJAX100UND,PORTUGAL GENERICO,0.0,10.0,3.0,2026-04-18 12:21:21,1,4,Otoño
106081,NAPROXENO 550MG TAB. REC CJAX100UND,PORTUGAL GENERICO,0.0,10.0,3.0,2026-04-18 12:41:32,9,4,Otoño
106081,NAPROXENO 550MG TAB. REC CJAX100UND,PORTUGAL GENERICO,0.0,10.0,3.0,2026-04-18 12:43:33,14,4,Otoño
106081,NAPROXENO 550MG TAB. REC CJAX100UND,PORTUGAL GENERICO,0.0,10.0,3.0,2026-04-18 13:05:20,9,4,Otoño
106081,NAPROXENO 550MG TAB. REC CJAX100UND,PORTUGAL GENERICO,0.0,10.0,3.0,2026-04-18 14:08:40,1,4,Otoño
106081,NAPROXENO 550MG TAB. REC CJAX100UND,PORTUGAL GENERICO,0.0,10.0,3.0,2026-04-18 14:25:39,18,4,Otoño
106081,NAPROXENO 550MG TAB. REC CJAX100UND,PORTUGAL GENERICO,0.0,10.0,3.0,2026-04-18 15:02:01,13,4,Otoño
106081,NAPROXENO 550MG TAB. REC CJAX100UND,PORTUGAL GENERICO,0.0,10.0,3.0,2026-04-18 16:42:33,16,4,Otoño
106081,NAPROXENO 550MG TAB. REC CJAX100UND,PORTUGAL GENERICO,0.0,10.0,3.0,2026-04-18 17:22:12,9,4,Otoño
106081,NAPROXENO 550MG TAB. REC CJAX100UND,PORTUGAL GENERICO,0.0,10.0,3.0,2026-04-18 17:57:46,5,4,Otoño
106081,NAPROXENO 550MG TAB. REC CJAX100UND,PORTUGAL GENERICO,0.0,10.0,3.0,2026-04-18 17:59:46,5,4,Otoño
106081,NAPROXENO 550MG TAB. REC CJAX100UND,PORTUGAL GENERICO,0.0,10.0,3.0,2026-04-18 18:14:37,3,4,Otoño
106081,NAPROXENO 550MG TAB. REC CJAX100UND,PORTUGAL GENERICO,0.0,10.0,3.0,2026-04-18 18:56:59,5,4,Otoño
106081,NAPROXENO 550MG TAB. REC CJAX100UND,PORTUGAL GENERICO,0.0,10.0,3.0,2026-04-18 19:49:59,2,4,Otoño
106081,NAPROXENO 550MG TAB. REC CJAX100UND,PORTUGAL GENERICO,0.0,10.0,3.0,2026-04-18 19:56:19,7,4,Otoño
106081,NAPROXENO 550MG TAB. REC CJAX100UND,PORTUGAL GENERICO,0.0,10.0,3.0,2026-04-18 20:48:47,2,4,Otoño
106081,NAPROXENO 550MG TAB. REC CJAX100UND,PORTUGAL GENERICO,0.0,10.0,3.0,2026-04-18 21:05:38,1,4,Otoño
106081,NAPROXENO 550MG TAB. REC CJAX100UND,PORTUGAL GENERICO,0.0,10.0,3.0,2026-04-18 21:12:29,2,4,Otoño
106081,NAPROXENO 550MG TAB. REC CJAX100UND,PORTUGAL GENERICO,0.0,10.0,3.0,2026-04-18 21:12:47,7,4,Otoño
106081,NAPROXENO 550MG TAB. REC CJAX100UND,PORTUGAL GENERICO,0.0,10.0,3.0,2026-04-18 21:51:50,7,4,Otoño
106081,NAPROXENO 550MG TAB. REC CJAX100UND,PORTUGAL GENERICO,0.0,10.0,3.0,2026-04-18 22:15:33,2,4,Otoño
106081,NAPROXENO 550MG TAB. REC CJAX100UND,PORTUGAL GENERICO,0.0,10.0,3.0,2026-04-18 22:47:43,7,4,Otoño
106081,NAPROXENO 550MG TAB. REC CJAX100UND,PORTUGAL GENERICO,0.0,20.0,6.0,2026-04-18 23:16:53,5,4,Otoño
106081,NAPROXENO 550MG TAB. REC CJAX100UND,PORTUGAL GENERICO,0.0,10.0,3.0,2026-04-19 09:33:51,8,4,Otoño
106081,NAPROXENO 550MG TAB. REC CJAX100UND,PORTUGAL GENERICO,0.0,10.0,3.0,2026-04-19 10:05:51,6,4,Otoño
106081,NAPROXENO 550MG TAB. REC CJAX100UND,PORTUGAL GENERICO,0.0,1.0,0.3,2026-04-19 12:03:39,13,4,Otoño
106081,NAPROXENO 550MG TAB. REC CJAX100UND,PORTUGAL GENERICO,0.0,10.0,3.0,2026-04-19 13:09:08,2,4,Otoño
106081,NAPROXENO 550MG TAB. REC CJAX100UND,PORTUGAL GENERICO,0.0,10.0,3.0,2026-04-19 14:35:18,16,4,Otoño
106081,NAPROXENO 550MG TAB. REC CJAX100UND,PORTUGAL GENERICO,0.0,1.0,0.3,2026-04-19 16:24:52,17,4,Otoño
106081,NAPROXENO 550MG TAB. REC CJAX100UND,PORTUGAL GENERICO,0.0,5.0,1.5,2026-04-19 16:26:19,9,4,Otoño
106081,NAPROXENO 550MG TAB. REC CJAX100UND,PORTUGAL GENERICO,0.0,10.0,3.0,2026-04-19 17:28:17,9,4,Otoño
106081,NAPROXENO 550MG TAB. REC CJAX100UND,PORTUGAL GENERICO,0.0,10.0,3.0,2026-04-19 18:14:13,6,4,Otoño
106081,NAPROXENO 550MG TAB. REC CJAX100UND,PORTUGAL GENERICO,0.0,10.0,3.0,2026-04-19 19:21:01,6,4,Otoño
106081,NAPROXENO 550MG TAB. REC CJAX100UND,PORTUGAL GENERICO,0.0,10.0,3.0,2026-04-19 21:02:34,8,4,Otoño
106081,NAPROXENO 550MG TAB. REC CJAX100UND,PORTUGAL GENERICO,0.0,10.0,3.0,2026-04-19 21:23:18,9,4,Otoño
106081,NAPROXENO 550MG TAB. REC CJAX100UND,PORTUGAL GENERICO,0.0,10.0,3.0,2026-04-20 07:59:59,6,4,Otoño
106081,NAPROXENO 550MG TAB. REC CJAX100UND,PORTUGAL GENERICO,0.0,10.0,3.0,2026-04-20 09:20:39,6,4,Otoño
106081,NAPROXENO 550MG TAB. REC CJAX100UND,PORTUGAL GENERICO,0.0,10.0,3.0,2026-04-20 12:28:30,7,4,Otoño
106081,NAPROXENO 550MG TAB. REC CJAX100UND,PORTUGAL GENERICO,0.0,15.0,4.5,2026-04-20 13:23:35,9,4,Otoño
106081,NAPROXENO 550MG TAB. REC CJAX100UND,PORTUGAL GENERICO,0.0,10.0,3.0,2026-04-20 14:48:37,3,4,Otoño
106081,NAPROXENO 550MG TAB. REC CJAX100UND,PORTUGAL GENERICO,0.0,1.0,0.3,2026-04-20 15:44:09,1,4,Otoño
106081,NAPROXENO 550MG TAB. REC CJAX100UND,PORTUGAL GENERICO,0.0,1.0,0.3,2026-04-20 15:44:28,1,4,Otoño
106081,NAPROXENO 550MG TAB. REC CJAX100UND,PORTUGAL GENERICO,0.0,10.0,3.0,2026-04-20 16:04:52,8,4,Otoño
106081,NAPROXENO 550MG TAB. REC CJAX100UND,PORTUGAL GENERICO,0.0,10.0,3.0,2026-04-20 17:32:50,13,4,Otoño
106081,NAPROXENO 550MG TAB. REC CJAX100UND,PORTUGAL GENERICO,0.0,10.0,3.0,2026-04-20 18:11:51,9,4,Otoño
106081,NAPROXENO 550MG TAB. REC CJAX100UND,PORTUGAL GENERICO,0.0,10.0,3.0,2026-04-20 19:20:02,2,4,Otoño
106081,NAPROXENO 550MG TAB. REC CJAX100UND,PORTUGAL GENERICO,0.0,10.0,3.0,2026-04-20 19:21:20,4,4,Otoño
106081,NAPROXENO 550MG TAB. REC CJAX100UND,PORTUGAL GENERICO,0.0,10.0,3.0,2026-04-20 19:22:27,2,4,Otoño
106081,NAPROXENO 550MG TAB. REC CJAX100UND,PORTUGAL GENERICO,0.0,5.0,1.5,2026-04-20 20:03:14,9,4,Otoño
106081,NAPROXENO 550MG TAB. REC CJAX100UND,PORTUGAL GENERICO,0.0,20.0,6.0,2026-04-20 20:33:51,1,4,Otoño
106081,NAPROXENO 550MG TAB. REC CJAX100UND,PORTUGAL GENERICO,0.0,10.0,3.0,2026-04-20 21:22:19,13,4,Otoño
106081,NAPROXENO 550MG TAB. REC CJAX100UND,PORTUGAL GENERICO,0.0,10.0,3.0,2026-04-20 21:42:24,2,4,Otoño
106081,NAPROXENO 550MG TAB. REC CJAX100UND,PORTUGAL GENERICO,1.0,0.0,30.0,2026-04-20 22:07:31,12,4,Otoño
106081,NAPROXENO 550MG TAB. REC CJAX100UND,PORTUGAL GENERICO,0.0,20.0,6.0,2026-04-20 23:04:47,4,4,Otoño
106081,NAPROXENO 550MG TAB. REC CJAX100UND,PORTUGAL GENERICO,0.0,10.0,3.0,2026-04-21 08:23:03,6,4,Otoño
106081,NAPROXENO 550MG TAB. REC CJAX100UND,PORTUGAL GENERICO,0.0,10.0,3.0,2026-04-21 08:26:54,8,4,Otoño
106081,NAPROXENO 550MG TAB. REC CJAX100UND,PORTUGAL GENERICO,0.0,10.0,3.0,2026-04-21 09:01:20,1,4,Otoño
106081,NAPROXENO 550MG TAB. REC CJAX100UND,PORTUGAL GENERICO,0.0,6.0,1.8,2026-04-21 10:40:56,15,4,Otoño
106081,NAPROXENO 550MG TAB. REC CJAX100UND,PORTUGAL GENERICO,0.0,2.0,0.6,2026-04-21 10:51:12,5,4,Otoño
106081,NAPROXENO 550MG TAB. REC CJAX100UND,PORTUGAL GENERICO,0.0,10.0,3.0,2026-04-21 11:14:44,11,4,Otoño
106081,NAPROXENO 550MG TAB. REC CJAX100UND,PORTUGAL GENERICO,0.0,20.0,6.0,2026-04-21 12:10:32,1,4,Otoño
106081,NAPROXENO 550MG TAB. REC CJAX100UND,PORTUGAL GENERICO,0.0,10.0,3.0,2026-04-21 12:44:52,10,4,Otoño
106081,NAPROXENO 550MG TAB. REC CJAX100UND,PORTUGAL GENERICO,0.0,10.0,3.0,2026-04-21 12:45:08,5,4,Otoño
106081,NAPROXENO 550MG TAB. REC CJAX100UND,PORTUGAL GENERICO,0.0,10.0,3.0,2026-04-21 19:50:43,16,4,Otoño
106081,NAPROXENO 550MG TAB. REC CJAX100UND,PORTUGAL GENERICO,0.0,10.0,3.0,2026-04-21 21:59:18,5,4,Otoño
106081,NAPROXENO 550MG TAB. REC CJAX100UND,PORTUGAL GENERICO,0.0,10.0,3.0,2026-04-21 23:38:28,4,4,Otoño
106081,NAPROXENO 550MG TAB. REC CJAX100UND,PORTUGAL GENERICO,0.0,10.0,3.0,2026-04-22 08:12:08,3,4,Otoño
106081,NAPROXENO 550MG TAB. REC CJAX100UND,PORTUGAL GENERICO,0.0,10.0,3.0,2026-04-22 09:34:43,6,4,Otoño
106081,NAPROXENO 550MG TAB. REC CJAX100UND,PORTUGAL GENERICO,0.0,1.0,0.3,2026-04-22 11:08:03,3,4,Otoño
106081,NAPROXENO 550MG TAB. REC CJAX100UND,PORTUGAL GENERICO,0.0,10.0,3.0,2026-04-22 11:32:27,5,4,Otoño
106081,NAPROXENO 550MG TAB. REC CJAX100UND,PORTUGAL GENERICO,0.0,10.0,3.0,2026-04-22 11:37:19,6,4,Otoño
106081,NAPROXENO 550MG TAB. REC CJAX100UND,PORTUGAL GENERICO,0.0,10.0,3.0,2026-04-22 12:06:34,5,4,Otoño
106081,NAPROXENO 550MG TAB. REC CJAX100UND,PORTUGAL GENERICO,0.0,5.0,1.5,2026-04-22 12:51:24,4,4,Otoño
106081,NAPROXENO 550MG TAB. REC CJAX100UND,PORTUGAL GENERICO,0.0,3.0,0.9,2026-04-22 13:39:15,17,4,Otoño
106081,NAPROXENO 550MG TAB. REC CJAX100UND,PORTUGAL GENERICO,0.0,10.0,3.0,2026-04-22 14:05:13,2,4,Otoño
106081,NAPROXENO 550MG TAB. REC CJAX100UND,PORTUGAL GENERICO,0.0,10.0,3.0,2026-04-22 15:36:23,13,4,Otoño
106081,NAPROXENO 550MG TAB. REC CJAX100UND,PORTUGAL GENERICO,0.0,1.0,0.3,2026-04-22 17:14:03,16,4,Otoño
106081,NAPROXENO 550MG TAB. REC CJAX100UND,PORTUGAL GENERICO,0.0,10.0,3.0,2026-04-22 19:03:17,3,4,Otoño
106081,NAPROXENO 550MG TAB. REC CJAX100UND,PORTUGAL GENERICO,0.0,10.0,3.0,2026-04-22 19:05:45,13,4,Otoño
106081,NAPROXENO 550MG TAB. REC CJAX100UND,PORTUGAL GENERICO,0.0,10.0,3.0,2026-04-22 19:12:09,2,4,Otoño
106081,NAPROXENO 550MG TAB. REC CJAX100UND,PORTUGAL GENERICO,0.0,1.0,0.3,2026-04-22 21:01:29,3,4,Otoño
106081,NAPROXENO 550MG TAB. REC CJAX100UND,PORTUGAL GENERICO,0.0,10.0,3.0,2026-04-23 08:56:58,17,4,Otoño
106081,NAPROXENO 550MG TAB. REC CJAX100UND,PORTUGAL GENERICO,0.0,30.0,9.0,2026-04-23 10:22:15,5,4,Otoño
106081,NAPROXENO 550MG TAB. REC CJAX100UND,PORTUGAL GENERICO,0.0,20.0,6.0,2026-04-23 10:59:15,1,4,Otoño
106081,NAPROXENO 550MG TAB. REC CJAX100UND,PORTUGAL GENERICO,0.0,30.0,9.0,2026-04-23 11:14:39,3,4,Otoño
106081,NAPROXENO 550MG TAB. REC CJAX100UND,PORTUGAL GENERICO,0.0,10.0,3.0,2026-04-23 11:28:59,8,4,Otoño
106081,NAPROXENO 550MG TAB. REC CJAX100UND,PORTUGAL GENERICO,0.0,5.0,1.5,2026-04-23 11:31:22,6,4,Otoño
106081,NAPROXENO 550MG TAB. REC CJAX100UND,PORTUGAL GENERICO,0.0,10.0,3.0,2026-04-23 13:13:49,7,4,Otoño
106081,NAPROXENO 550MG TAB. REC CJAX100UND,PORTUGAL GENERICO,0.0,10.0,3.0,2026-04-23 13:16:42,5,4,Otoño
106081,NAPROXENO 550MG TAB. REC CJAX100UND,PORTUGAL GENERICO,0.0,20.0,6.0,2026-04-23 13:22:44,16,4,Otoño
106081,NAPROXENO 550MG TAB. REC CJAX100UND,PORTUGAL GENERICO,0.0,10.0,3.0,2026-04-23 13:55:11,6,4,Otoño
106081,NAPROXENO 550MG TAB. REC CJAX100UND,PORTUGAL GENERICO,0.0,10.0,3.0,2026-04-23 15:02:15,11,4,Otoño
106081,NAPROXENO 550MG TAB. REC CJAX100UND,PORTUGAL GENERICO,0.0,10.0,3.0,2026-04-23 15:59:42,9,4,Otoño
106081,NAPROXENO 550MG TAB. REC CJAX100UND,PORTUGAL GENERICO,0.0,10.0,3.0,2026-04-23 16:40:11,10,4,Otoño
106081,NAPROXENO 550MG TAB. REC CJAX100UND,PORTUGAL GENERICO,0.0,10.0,3.0,2026-04-23 16:52:49,11,4,Otoño
106081,NAPROXENO 550MG TAB. REC CJAX100UND,PORTUGAL GENERICO,0.0,10.0,3.0,2026-04-23 18:24:43,3,4,Otoño
106081,NAPROXENO 550MG TAB. REC CJAX100UND,PORTUGAL GENERICO,0.0,10.0,3.0,2026-04-23 18:27:24,11,4,Otoño
106081,NAPROXENO 550MG TAB. REC CJAX100UND,PORTUGAL GENERICO,0.0,20.0,6.0,2026-04-23 19:03:03,6,4,Otoño
106081,NAPROXENO 550MG TAB. REC CJAX100UND,PORTUGAL GENERICO,0.0,10.0,3.0,2026-04-23 19:12:16,12,4,Otoño
106081,NAPROXENO 550MG TAB. REC CJAX100UND,PORTUGAL GENERICO,0.0,20.0,6.0,2026-04-23 19:27:55,2,4,Otoño
106081,NAPROXENO 550MG TAB. REC CJAX100UND,PORTUGAL GENERICO,0.0,20.0,6.0,2026-04-23 19:29:48,14,4,Otoño
106081,NAPROXENO 550MG TAB. REC CJAX100UND,PORTUGAL GENERICO,0.0,10.0,3.0,2026-04-23 19:40:48,5,4,Otoño
106081,NAPROXENO 550MG TAB. REC CJAX100UND,PORTUGAL GENERICO,0.0,10.0,3.0,2026-04-23 20:41:49,9,4,Otoño
106081,NAPROXENO 550MG TAB. REC CJAX100UND,PORTUGAL GENERICO,0.0,10.0,3.0,2026-04-23 21:23:23,6,4,Otoño
106081,NAPROXENO 550MG TAB. REC CJAX100UND,PORTUGAL GENERICO,0.0,10.0,3.0,2026-04-23 21:23:46,18,4,Otoño
106081,NAPROXENO 550MG TAB. REC CJAX100UND,PORTUGAL GENERICO,0.0,10.0,3.0,2026-04-23 22:56:21,4,4,Otoño
106081,NAPROXENO 550MG TAB. REC CJAX100UND,PORTUGAL GENERICO,0.0,10.0,3.0,2026-04-24 07:59:10,7,4,Otoño
106081,NAPROXENO 550MG TAB. REC CJAX100UND,PORTUGAL GENERICO,0.0,20.0,6.0,2026-04-24 09:25:03,14,4,Otoño
106081,NAPROXENO 550MG TAB. REC CJAX100UND,PORTUGAL GENERICO,0.0,10.0,3.0,2026-04-24 10:09:44,16,4,Otoño
106081,NAPROXENO 550MG TAB. REC CJAX100UND,PORTUGAL GENERICO,0.0,10.0,3.0,2026-04-24 10:56:16,6,4,Otoño
106081,NAPROXENO 550MG TAB. REC CJAX100UND,PORTUGAL GENERICO,0.0,10.0,3.0,2026-04-24 11:42:40,15,4,Otoño
106081,NAPROXENO 550MG TAB. REC CJAX100UND,PORTUGAL GENERICO,0.0,20.0,6.0,2026-04-24 11:57:32,15,4,Otoño
106081,NAPROXENO 550MG TAB. REC CJAX100UND,PORTUGAL GENERICO,0.0,10.0,3.0,2026-04-24 12:02:03,2,4,Otoño
106081,NAPROXENO 550MG TAB. REC CJAX100UND,PORTUGAL GENERICO,0.0,10.0,3.0,2026-04-24 13:58:21,8,4,Otoño
106081,NAPROXENO 550MG TAB. REC CJAX100UND,PORTUGAL GENERICO,0.0,20.0,6.0,2026-04-24 14:36:41,9,4,Otoño
106081,NAPROXENO 550MG TAB. REC CJAX100UND,PORTUGAL GENERICO,0.0,20.0,6.0,2026-04-24 15:03:18,2,4,Otoño
106081,NAPROXENO 550MG TAB. REC CJAX100UND,PORTUGAL GENERICO,0.0,10.0,3.0,2026-04-24 15:37:09,10,4,Otoño
106081,NAPROXENO 550MG TAB. REC CJAX100UND,PORTUGAL GENERICO,0.0,2.0,0.6,2026-04-24 15:43:13,18,4,Otoño
106081,NAPROXENO 550MG TAB. REC CJAX100UND,PORTUGAL GENERICO,0.0,10.0,3.0,2026-04-24 15:43:26,3,4,Otoño
106081,NAPROXENO 550MG TAB. REC CJAX100UND,PORTUGAL GENERICO,0.0,10.0,3.0,2026-04-24 16:02:29,17,4,Otoño
106081,NAPROXENO 550MG TAB. REC CJAX100UND,PORTUGAL GENERICO,0.0,10.0,3.0,2026-04-24 16:13:06,17,4,Otoño
106081,NAPROXENO 550MG TAB. REC CJAX100UND,PORTUGAL GENERICO,0.0,10.0,3.0,2026-04-24 16:21:43,12,4,Otoño
106081,NAPROXENO 550MG TAB. REC CJAX100UND,PORTUGAL GENERICO,0.0,5.0,1.5,2026-04-24 16:33:01,14,4,Otoño
106081,NAPROXENO 550MG TAB. REC CJAX100UND,PORTUGAL GENERICO,0.0,10.0,3.0,2026-04-24 16:44:45,2,4,Otoño
106081,NAPROXENO 550MG TAB. REC CJAX100UND,PORTUGAL GENERICO,0.0,9.0,2.7,2026-04-24 16:57:55,3,4,Otoño
106081,NAPROXENO 550MG TAB. REC CJAX100UND,PORTUGAL GENERICO,0.0,10.0,3.0,2026-04-24 17:15:38,18,4,Otoño
106081,NAPROXENO 550MG TAB. REC CJAX100UND,PORTUGAL GENERICO,0.0,10.0,3.0,2026-04-24 18:12:06,10,4,Otoño
106081,NAPROXENO 550MG TAB. REC CJAX100UND,PORTUGAL GENERICO,0.0,10.0,3.0,2026-04-24 18:13:47,16,4,Otoño
106081,NAPROXENO 550MG TAB. REC CJAX100UND,PORTUGAL GENERICO,0.0,10.0,3.0,2026-04-24 19:54:21,5,4,Otoño
106081,NAPROXENO 550MG TAB. REC CJAX100UND,PORTUGAL GENERICO,0.0,10.0,3.0,2026-04-24 20:14:48,17,4,Otoño
106081,NAPROXENO 550MG TAB. REC CJAX100UND,PORTUGAL GENERICO,0.0,10.0,3.0,2026-04-24 20:53:17,7,4,Otoño
106081,NAPROXENO 550MG TAB. REC CJAX100UND,PORTUGAL GENERICO,0.0,10.0,3.0,2026-04-24 21:08:54,12,4,Otoño
106081,NAPROXENO 550MG TAB. REC CJAX100UND,PORTUGAL GENERICO,0.0,10.0,3.0,2026-04-24 21:34:36,11,4,Otoño
106081,NAPROXENO 550MG TAB. REC CJAX100UND,PORTUGAL GENERICO,0.0,10.0,3.0,2026-04-24 21:49:44,7,4,Otoño
106081,NAPROXENO 550MG TAB. REC CJAX100UND,PORTUGAL GENERICO,0.0,10.0,3.0,2026-04-24 23:31:57,5,4,Otoño
106081,NAPROXENO 550MG TAB. REC CJAX100UND,PORTUGAL GENERICO,0.0,10.0,3.0,2026-04-25 09:22:39,16,4,Otoño
106081,NAPROXENO 550MG TAB. REC CJAX100UND,PORTUGAL GENERICO,0.0,10.0,3.0,2026-04-25 09:59:19,18,4,Otoño
106081,NAPROXENO 550MG TAB. REC CJAX100UND,PORTUGAL GENERICO,0.0,10.0,3.0,2026-04-25 10:01:23,6,4,Otoño
106081,NAPROXENO 550MG TAB. REC CJAX100UND,PORTUGAL GENERICO,0.0,10.0,3.0,2026-04-25 10:39:58,5,4,Otoño
106081,NAPROXENO 550MG TAB. REC CJAX100UND,PORTUGAL GENERICO,0.0,10.0,3.0,2026-04-25 11:10:14,7,4,Otoño
106081,NAPROXENO 550MG TAB. REC CJAX100UND,PORTUGAL GENERICO,0.0,10.0,3.0,2026-04-25 11:13:33,9,4,Otoño
106081,NAPROXENO 550MG TAB. REC CJAX100UND,PORTUGAL GENERICO,0.0,50.0,15.0,2026-04-25 11:19:38,1,4,Otoño
106081,NAPROXENO 550MG TAB. REC CJAX100UND,PORTUGAL GENERICO,0.0,5.0,1.43,2026-04-25 12:03:48,18,4,Otoño
106081,NAPROXENO 550MG TAB. REC CJAX100UND,PORTUGAL GENERICO,0.0,10.0,3.0,2026-04-25 13:14:49,10,4,Otoño
106081,NAPROXENO 550MG TAB. REC CJAX100UND,PORTUGAL GENERICO,0.0,10.0,3.0,2026-04-25 13:34:15,5,4,Otoño
106081,NAPROXENO 550MG TAB. REC CJAX100UND,PORTUGAL GENERICO,0.0,10.0,3.0,2026-04-25 13:50:01,7,4,Otoño
106081,NAPROXENO 550MG TAB. REC CJAX100UND,PORTUGAL GENERICO,0.0,30.0,9.0,2026-04-25 15:31:43,17,4,Otoño
106081,NAPROXENO 550MG TAB. REC CJAX100UND,PORTUGAL GENERICO,0.0,5.0,1.5,2026-04-25 15:33:10,10,4,Otoño
106081,NAPROXENO 550MG TAB. REC CJAX100UND,PORTUGAL GENERICO,0.0,10.0,3.0,2026-04-25 17:59:03,6,4,Otoño
106081,NAPROXENO 550MG TAB. REC CJAX100UND,PORTUGAL GENERICO,0.0,-10.0,-3.0,2026-04-25 18:01:07,6,4,Otoño
106081,NAPROXENO 550MG TAB. REC CJAX100UND,PORTUGAL GENERICO,0.0,10.0,3.0,2026-04-25 18:02:34,6,4,Otoño
106081,NAPROXENO 550MG TAB. REC CJAX100UND,PORTUGAL GENERICO,0.0,10.0,3.0,2026-04-25 18:40:20,2,4,Otoño
106081,NAPROXENO 550MG TAB. REC CJAX100UND,PORTUGAL GENERICO,0.0,10.0,3.0,2026-04-25 19:27:11,9,4,Otoño
106081,NAPROXENO 550MG TAB. REC CJAX100UND,PORTUGAL GENERICO,0.0,10.0,3.0,2026-04-25 19:28:51,6,4,Otoño
106081,NAPROXENO 550MG TAB. REC CJAX100UND,PORTUGAL GENERICO,0.0,10.0,3.0,2026-04-25 20:16:30,6,4,Otoño
106081,NAPROXENO 550MG TAB. REC CJAX100UND,PORTUGAL GENERICO,0.0,10.0,3.0,2026-04-25 20:17:20,6,4,Otoño
106081,NAPROXENO 550MG TAB. REC CJAX100UND,PORTUGAL GENERICO,0.0,10.0,3.0,2026-04-25 20:43:51,2,4,Otoño
106081,NAPROXENO 550MG TAB. REC CJAX100UND,PORTUGAL GENERICO,0.0,3.0,0.9,2026-04-25 20:57:33,8,4,Otoño
106081,NAPROXENO 550MG TAB. REC CJAX100UND,PORTUGAL GENERICO,0.0,10.0,3.0,2026-04-25 21:16:37,7,4,Otoño
106081,NAPROXENO 550MG TAB. REC CJAX100UND,PORTUGAL GENERICO,0.0,10.0,3.0,2026-04-25 23:19:37,7,4,Otoño
106081,NAPROXENO 550MG TAB. REC CJAX100UND,PORTUGAL GENERICO,0.0,10.0,3.0,2026-04-26 09:05:14,17,4,Otoño
106081,NAPROXENO 550MG TAB. REC CJAX100UND,PORTUGAL GENERICO,0.0,10.0,3.0,2026-04-26 09:11:50,17,4,Otoño
106081,NAPROXENO 550MG TAB. REC CJAX100UND,PORTUGAL GENERICO,0.0,10.0,3.0,2026-04-26 09:16:05,6,4,Otoño
106081,NAPROXENO 550MG TAB. REC CJAX100UND,PORTUGAL GENERICO,0.0,3.0,0.9,2026-04-26 11:37:23,18,4,Otoño
106081,NAPROXENO 550MG TAB. REC CJAX100UND,PORTUGAL GENERICO,0.0,10.0,3.0,2026-04-26 12:43:37,3,4,Otoño
106081,NAPROXENO 550MG TAB. REC CJAX100UND,PORTUGAL GENERICO,0.0,10.0,3.0,2026-04-26 12:58:06,5,4,Otoño
106081,NAPROXENO 550MG TAB. REC CJAX100UND,PORTUGAL GENERICO,0.0,10.0,3.0,2026-04-26 13:03:27,14,4,Otoño
106081,NAPROXENO 550MG TAB. REC CJAX100UND,PORTUGAL GENERICO,0.0,10.0,3.0,2026-04-26 14:42:20,11,4,Otoño
106081,NAPROXENO 550MG TAB. REC CJAX100UND,PORTUGAL GENERICO,1.0,0.0,30.0,2026-04-26 15:59:08,17,4,Otoño
106081,NAPROXENO 550MG TAB. REC CJAX100UND,PORTUGAL GENERICO,0.0,10.0,3.0,2026-04-26 16:49:03,9,4,Otoño
106081,NAPROXENO 550MG TAB. REC CJAX100UND,PORTUGAL GENERICO,0.0,10.0,3.0,2026-04-26 17:00:06,6,4,Otoño
106081,NAPROXENO 550MG TAB. REC CJAX100UND,PORTUGAL GENERICO,0.0,2.0,0.6,2026-04-26 17:25:55,3,4,Otoño
106081,NAPROXENO 550MG TAB. REC CJAX100UND,PORTUGAL GENERICO,0.0,10.0,3.0,2026-04-26 18:28:46,11,4,Otoño
106081,NAPROXENO 550MG TAB. REC CJAX100UND,PORTUGAL GENERICO,0.0,20.0,6.0,2026-04-26 19:39:46,2,4,Otoño
106081,NAPROXENO 550MG TAB. REC CJAX100UND,PORTUGAL GENERICO,0.0,10.0,3.0,2026-04-26 20:30:44,2,4,Otoño
106081,NAPROXENO 550MG TAB. REC CJAX100UND,PORTUGAL GENERICO,0.0,10.0,3.0,2026-04-26 21:02:43,7,4,Otoño
106081,NAPROXENO 550MG TAB. REC CJAX100UND,PORTUGAL GENERICO,0.0,10.0,3.0,2026-04-26 21:04:42,18,4,Otoño
106081,NAPROXENO 550MG TAB. REC CJAX100UND,PORTUGAL GENERICO,0.0,10.0,3.0,2026-04-26 21:06:15,1,4,Otoño
106081,NAPROXENO 550MG TAB. REC CJAX100UND,PORTUGAL GENERICO,0.0,10.0,3.0,2026-04-26 22:23:02,14,4,Otoño
106081,NAPROXENO 550MG TAB. REC CJAX100UND,PORTUGAL GENERICO,0.0,10.0,3.0,2026-04-26 22:39:04,7,4,Otoño
106081,NAPROXENO 550MG TAB. REC CJAX100UND,PORTUGAL GENERICO,0.0,10.0,3.0,2026-04-26 22:55:48,7,4,Otoño
106081,NAPROXENO 550MG TAB. REC CJAX100UND,PORTUGAL GENERICO,0.0,10.0,3.0,2026-04-26 22:57:24,16,4,Otoño
106081,NAPROXENO 550MG TAB. REC CJAX100UND,PORTUGAL GENERICO,0.0,10.0,3.0,2026-04-26 23:18:14,4,4,Otoño
106081,NAPROXENO 550MG TAB. REC CJAX100UND,PORTUGAL GENERICO,0.0,10.0,3.0,2026-04-27 07:38:35,13,4,Otoño
106081,NAPROXENO 550MG TAB. REC CJAX100UND,PORTUGAL GENERICO,0.0,10.0,3.0,2026-04-27 07:54:10,9,4,Otoño
106081,NAPROXENO 550MG TAB. REC CJAX100UND,PORTUGAL GENERICO,0.0,10.0,3.0,2026-04-27 08:24:54,17,4,Otoño
106081,NAPROXENO 550MG TAB. REC CJAX100UND,PORTUGAL GENERICO,0.0,10.0,3.0,2026-04-27 08:59:14,1,4,Otoño
106081,NAPROXENO 550MG TAB. REC CJAX100UND,PORTUGAL GENERICO,0.0,10.0,3.0,2026-04-27 11:00:20,6,4,Otoño
106081,NAPROXENO 550MG TAB. REC CJAX100UND,PORTUGAL GENERICO,0.0,20.0,6.0,2026-04-27 12:57:59,7,4,Otoño
106081,NAPROXENO 550MG TAB. REC CJAX100UND,PORTUGAL GENERICO,0.0,10.0,3.0,2026-04-27 14:42:25,6,4,Otoño
106081,NAPROXENO 550MG TAB. REC CJAX100UND,PORTUGAL GENERICO,0.0,10.0,3.0,2026-04-27 17:27:07,1,4,Otoño
106081,NAPROXENO 550MG TAB. REC CJAX100UND,PORTUGAL GENERICO,0.0,10.0,3.0,2026-04-27 17:46:14,15,4,Otoño
106081,NAPROXENO 550MG TAB. REC CJAX100UND,PORTUGAL GENERICO,0.0,10.0,3.0,2026-04-27 18:34:35,2,4,Otoño
106081,NAPROXENO 550MG TAB. REC CJAX100UND,PORTUGAL GENERICO,0.0,10.0,3.0,2026-04-27 19:29:43,15,4,Otoño
106081,NAPROXENO 550MG TAB. REC CJAX100UND,PORTUGAL GENERICO,0.0,10.0,3.0,2026-04-27 19:49:45,14,4,Otoño
106081,NAPROXENO 550MG TAB. REC CJAX100UND,PORTUGAL GENERICO,0.0,10.0,3.0,2026-04-27 19:54:05,2,4,Otoño
106081,NAPROXENO 550MG TAB. REC CJAX100UND,PORTUGAL GENERICO,0.0,10.0,3.0,2026-04-27 19:54:19,5,4,Otoño
106081,NAPROXENO 550MG TAB. REC CJAX100UND,PORTUGAL GENERICO,0.0,8.0,2.4,2026-04-27 20:03:00,7,4,Otoño
106081,NAPROXENO 550MG TAB. REC CJAX100UND,PORTUGAL GENERICO,0.0,10.0,3.0,2026-04-27 20:29:53,15,4,Otoño
106081,NAPROXENO 550MG TAB. REC CJAX100UND,PORTUGAL GENERICO,0.0,10.0,3.0,2026-04-27 20:35:38,2,4,Otoño
106081,NAPROXENO 550MG TAB. REC CJAX100UND,PORTUGAL GENERICO,0.0,10.0,3.0,2026-04-27 20:41:12,19,4,Otoño
106081,NAPROXENO 550MG TAB. REC CJAX100UND,PORTUGAL GENERICO,0.0,10.0,3.0,2026-04-27 21:15:22,2,4,Otoño
106081,NAPROXENO 550MG TAB. REC CJAX100UND,PORTUGAL GENERICO,0.0,10.0,3.0,2026-04-27 21:52:53,13,4,Otoño
106081,NAPROXENO 550MG TAB. REC CJAX100UND,PORTUGAL GENERICO,0.0,10.0,3.0,2026-04-27 21:59:32,16,4,Otoño
106081,NAPROXENO 550MG TAB. REC CJAX100UND,PORTUGAL GENERICO,0.0,2.0,0.6,2026-04-28 10:43:47,1,4,Otoño
106081,NAPROXENO 550MG TAB. REC CJAX100UND,PORTUGAL GENERICO,0.0,5.0,1.5,2026-04-28 11:02:44,3,4,Otoño
106081,NAPROXENO 550MG TAB. REC CJAX100UND,PORTUGAL GENERICO,0.0,10.0,3.0,2026-04-28 12:06:41,9,4,Otoño
106081,NAPROXENO 550MG TAB. REC CJAX100UND,PORTUGAL GENERICO,0.0,10.0,3.0,2026-04-28 12:23:59,9,4,Otoño
106081,NAPROXENO 550MG TAB. REC CJAX100UND,PORTUGAL GENERICO,0.0,10.0,3.0,2026-04-28 13:11:18,16,4,Otoño
106081,NAPROXENO 550MG TAB. REC CJAX100UND,PORTUGAL GENERICO,0.0,10.0,3.0,2026-04-28 13:27:53,12,4,Otoño
106081,NAPROXENO 550MG TAB. REC CJAX100UND,PORTUGAL GENERICO,0.0,10.0,3.0,2026-04-28 15:59:13,18,4,Otoño
106081,NAPROXENO 550MG TAB. REC CJAX100UND,PORTUGAL GENERICO,0.0,10.0,3.0,2026-04-28 16:03:29,16,4,Otoño
106081,NAPROXENO 550MG TAB. REC CJAX100UND,PORTUGAL GENERICO,0.0,20.0,6.0,2026-04-28 17:17:57,3,4,Otoño
106081,NAPROXENO 550MG TAB. REC CJAX100UND,PORTUGAL GENERICO,0.0,10.0,3.0,2026-04-28 18:09:27,9,4,Otoño
106081,NAPROXENO 550MG TAB. REC CJAX100UND,PORTUGAL GENERICO,0.0,10.0,3.0,2026-04-28 18:10:34,6,4,Otoño
106081,NAPROXENO 550MG TAB. REC CJAX100UND,PORTUGAL GENERICO,0.0,20.0,6.0,2026-04-28 18:34:11,14,4,Otoño
106081,NAPROXENO 550MG TAB. REC CJAX100UND,PORTUGAL GENERICO,0.0,5.0,1.5,2026-04-28 18:45:42,13,4,Otoño
106081,NAPROXENO 550MG TAB. REC CJAX100UND,PORTUGAL GENERICO,0.0,10.0,3.0,2026-04-28 19:08:19,9,4,Otoño
106081,NAPROXENO 550MG TAB. REC CJAX100UND,PORTUGAL GENERICO,0.0,10.0,3.0,2026-04-28 19:50:07,2,4,Otoño
106081,NAPROXENO 550MG TAB. REC CJAX100UND,PORTUGAL GENERICO,0.0,10.0,3.0,2026-04-28 20:11:34,7,4,Otoño
106081,NAPROXENO 550MG TAB. REC CJAX100UND,PORTUGAL GENERICO,0.0,2.0,0.6,2026-04-28 20:21:30,17,4,Otoño
106081,NAPROXENO 550MG TAB. REC CJAX100UND,PORTUGAL GENERICO,0.0,2.0,0.6,2026-04-28 20:57:08,18,4,Otoño
106081,NAPROXENO 550MG TAB. REC CJAX100UND,PORTUGAL GENERICO,0.0,10.0,3.0,2026-04-28 21:07:23,5,4,Otoño
106081,NAPROXENO 550MG TAB. REC CJAX100UND,PORTUGAL GENERICO,0.0,10.0,3.0,2026-04-28 21:16:44,14,4,Otoño
106081,NAPROXENO 550MG TAB. REC CJAX100UND,PORTUGAL GENERICO,0.0,10.0,3.0,2026-04-28 21:53:32,17,4,Otoño
106081,NAPROXENO 550MG TAB. REC CJAX100UND,PORTUGAL GENERICO,0.0,10.0,2.85,2026-04-28 22:11:50,5,4,Otoño
106081,NAPROXENO 550MG TAB. REC CJAX100UND,PORTUGAL GENERICO,0.0,10.0,3.0,2026-04-28 22:40:35,4,4,Otoño
106081,NAPROXENO 550MG TAB. REC CJAX100UND,PORTUGAL GENERICO,0.0,20.0,6.0,2026-04-28 22:41:31,2,4,Otoño
106081,NAPROXENO 550MG TAB. REC CJAX100UND,PORTUGAL GENERICO,0.0,10.0,3.0,2026-04-28 23:33:41,16,4,Otoño
106081,NAPROXENO 550MG TAB. REC CJAX100UND,PORTUGAL GENERICO,0.0,10.0,3.0,2026-04-29 08:03:23,11,4,Otoño
106081,NAPROXENO 550MG TAB. REC CJAX100UND,PORTUGAL GENERICO,0.0,-10.0,-3.0,2026-04-29 08:32:05,11,4,Otoño
106081,NAPROXENO 550MG TAB. REC CJAX100UND,PORTUGAL GENERICO,0.0,10.0,3.0,2026-04-29 08:57:59,14,4,Otoño
106081,NAPROXENO 550MG TAB. REC CJAX100UND,PORTUGAL GENERICO,0.0,10.0,3.0,2026-04-29 10:02:13,9,4,Otoño
106081,NAPROXENO 550MG TAB. REC CJAX100UND,PORTUGAL GENERICO,0.0,2.0,0.6,2026-04-29 11:42:58,17,4,Otoño
106081,NAPROXENO 550MG TAB. REC CJAX100UND,PORTUGAL GENERICO,0.0,10.0,3.0,2026-04-29 12:04:37,16,4,Otoño
106081,NAPROXENO 550MG TAB. REC CJAX100UND,PORTUGAL GENERICO,0.0,-10.0,-3.0,2026-04-29 12:07:35,16,4,Otoño
106081,NAPROXENO 550MG TAB. REC CJAX100UND,PORTUGAL GENERICO,0.0,10.0,3.0,2026-04-29 12:08:12,16,4,Otoño
106081,NAPROXENO 550MG TAB. REC CJAX100UND,PORTUGAL GENERICO,0.0,10.0,3.0,2026-04-29 13:29:25,11,4,Otoño
106081,NAPROXENO 550MG TAB. REC CJAX100UND,PORTUGAL GENERICO,0.0,10.0,3.0,2026-04-29 14:00:50,3,4,Otoño
106081,NAPROXENO 550MG TAB. REC CJAX100UND,PORTUGAL GENERICO,0.0,10.0,3.0,2026-04-29 14:14:38,2,4,Otoño
106081,NAPROXENO 550MG TAB. REC CJAX100UND,PORTUGAL GENERICO,0.0,10.0,3.0,2026-04-29 14:16:20,6,4,Otoño
106081,NAPROXENO 550MG TAB. REC CJAX100UND,PORTUGAL GENERICO,0.0,10.0,3.0,2026-04-29 15:19:32,8,4,Otoño
106081,NAPROXENO 550MG TAB. REC CJAX100UND,PORTUGAL GENERICO,0.0,10.0,3.0,2026-04-29 18:26:14,4,4,Otoño
106081,NAPROXENO 550MG TAB. REC CJAX100UND,PORTUGAL GENERICO,0.0,10.0,3.0,2026-04-29 18:48:28,18,4,Otoño
106081,NAPROXENO 550MG TAB. REC CJAX100UND,PORTUGAL GENERICO,0.0,20.0,6.0,2026-04-29 19:22:20,15,4,Otoño
106081,NAPROXENO 550MG TAB. REC CJAX100UND,PORTUGAL GENERICO,0.0,10.0,3.0,2026-04-29 19:27:50,19,4,Otoño
106081,NAPROXENO 550MG TAB. REC CJAX100UND,PORTUGAL GENERICO,0.0,10.0,3.0,2026-04-29 20:03:33,10,4,Otoño
106081,NAPROXENO 550MG TAB. REC CJAX100UND,PORTUGAL GENERICO,0.0,10.0,3.0,2026-04-29 20:09:25,5,4,Otoño
106081,NAPROXENO 550MG TAB. REC CJAX100UND,PORTUGAL GENERICO,0.0,10.0,3.0,2026-04-29 20:16:24,19,4,Otoño
106081,NAPROXENO 550MG TAB. REC CJAX100UND,PORTUGAL GENERICO,0.0,20.0,6.0,2026-04-29 20:43:06,6,4,Otoño
106081,NAPROXENO 550MG TAB. REC CJAX100UND,PORTUGAL GENERICO,0.0,10.0,3.0,2026-04-29 21:06:28,11,4,Otoño
106081,NAPROXENO 550MG TAB. REC CJAX100UND,PORTUGAL GENERICO,0.0,10.0,3.0,2026-04-29 21:08:15,14,4,Otoño
106081,NAPROXENO 550MG TAB. REC CJAX100UND,PORTUGAL GENERICO,0.0,10.0,3.0,2026-04-29 21:23:19,4,4,Otoño
106081,NAPROXENO 550MG TAB. REC CJAX100UND,PORTUGAL GENERICO,0.0,10.0,3.0,2026-04-29 21:55:43,6,4,Otoño
106081,NAPROXENO 550MG TAB. REC CJAX100UND,PORTUGAL GENERICO,0.0,10.0,3.0,2026-04-29 22:21:32,5,4,Otoño
106081,NAPROXENO 550MG TAB. REC CJAX100UND,PORTUGAL GENERICO,0.0,10.0,3.0,2026-04-29 22:29:41,5,4,Otoño
106081,NAPROXENO 550MG TAB. REC CJAX100UND,PORTUGAL GENERICO,0.0,10.0,3.0,2026-04-29 23:01:03,2,4,Otoño
106081,NAPROXENO 550MG TAB. REC CJAX100UND,PORTUGAL GENERICO,0.0,10.0,3.0,2026-04-30 07:38:29,11,4,Otoño
106081,NAPROXENO 550MG TAB. REC CJAX100UND,PORTUGAL GENERICO,0.0,10.0,3.0,2026-04-30 08:31:44,11,4,Otoño
106081,NAPROXENO 550MG TAB. REC CJAX100UND,PORTUGAL GENERICO,0.0,10.0,3.0,2026-04-30 08:49:42,9,4,Otoño
106081,NAPROXENO 550MG TAB. REC CJAX100UND,PORTUGAL GENERICO,0.0,10.0,3.0,2026-04-30 09:06:15,9,4,Otoño
106081,NAPROXENO 550MG TAB. REC CJAX100UND,PORTUGAL GENERICO,0.0,10.0,3.0,2026-04-30 10:05:54,2,4,Otoño
106081,NAPROXENO 550MG TAB. REC CJAX100UND,PORTUGAL GENERICO,0.0,1.0,0.3,2026-04-30 12:04:48,1,4,Otoño
106081,NAPROXENO 550MG TAB. REC CJAX100UND,PORTUGAL GENERICO,0.0,10.0,3.0,2026-04-30 12:23:36,15,4,Otoño
106081,NAPROXENO 550MG TAB. REC CJAX100UND,PORTUGAL GENERICO,0.0,10.0,3.0,2026-04-30 12:46:24,8,4,Otoño
106081,NAPROXENO 550MG TAB. REC CJAX100UND,PORTUGAL GENERICO,0.0,10.0,3.0,2026-04-30 14:06:22,2,4,Otoño
106081,NAPROXENO 550MG TAB. REC CJAX100UND,PORTUGAL GENERICO,0.0,20.0,6.0,2026-04-30 16:19:29,6,4,Otoño
106081,NAPROXENO 550MG TAB. REC CJAX100UND,PORTUGAL GENERICO,0.0,5.0,1.5,2026-04-30 16:32:15,8,4,Otoño
106081,NAPROXENO 550MG TAB. REC CJAX100UND,PORTUGAL GENERICO,0.0,10.0,3.0,2026-04-30 18:43:55,17,4,Otoño
106081,NAPROXENO 550MG TAB. REC CJAX100UND,PORTUGAL GENERICO,0.0,10.0,3.0,2026-04-30 19:14:07,4,4,Otoño
106081,NAPROXENO 550MG TAB. REC CJAX100UND,PORTUGAL GENERICO,0.0,20.0,6.0,2026-04-30 19:17:07,13,4,Otoño
106081,NAPROXENO 550MG TAB. REC CJAX100UND,PORTUGAL GENERICO,0.0,10.0,3.0,2026-04-30 19:39:03,12,4,Otoño
106081,NAPROXENO 550MG TAB. REC CJAX100UND,PORTUGAL GENERICO,0.0,10.0,3.0,2026-04-30 20:01:36,3,4,Otoño
106081,NAPROXENO 550MG TAB. REC CJAX100UND,PORTUGAL GENERICO,0.0,10.0,3.0,2026-04-30 20:26:46,9,4,Otoño
106081,NAPROXENO 550MG TAB. REC CJAX100UND,PORTUGAL GENERICO,0.0,10.0,3.0,2026-04-30 20:48:05,18,4,Otoño
106081,NAPROXENO 550MG TAB. REC CJAX100UND,PORTUGAL GENERICO,0.0,10.0,3.0,2026-04-30 21:47:07,10,4,Otoño
106081,NAPROXENO 550MG TAB. REC CJAX100UND,PORTUGAL GENERICO,0.0,10.0,3.0,2026-04-30 22:15:39,5,4,Otoño
106081,NAPROXENO 550MG TAB. REC CJAX100UND,PORTUGAL GENERICO,0.0,10.0,3.0,2026-04-30 23:28:09,16,4,Otoño
106081,NAPROXENO 550MG TAB. REC CJAX100UND,PORTUGAL GENERICO,0.0,10.0,3.0,2026-05-01 11:29:12,19,5,Otoño
106081,NAPROXENO 550MG TAB. REC CJAX100UND,PORTUGAL GENERICO,0.0,5.0,1.5,2026-05-01 11:54:30,9,5,Otoño
106081,NAPROXENO 550MG TAB. REC CJAX100UND,PORTUGAL GENERICO,0.0,10.0,3.0,2026-05-01 12:35:55,1,5,Otoño
106081,NAPROXENO 550MG TAB. REC CJAX100UND,PORTUGAL GENERICO,0.0,10.0,3.0,2026-05-01 12:50:05,7,5,Otoño
106081,NAPROXENO 550MG TAB. REC CJAX100UND,PORTUGAL GENERICO,0.0,10.0,3.0,2026-05-01 15:59:27,16,5,Otoño
106081,NAPROXENO 550MG TAB. REC CJAX100UND,PORTUGAL GENERICO,0.0,10.0,3.0,2026-05-01 16:06:02,7,5,Otoño
106081,NAPROXENO 550MG TAB. REC CJAX100UND,PORTUGAL GENERICO,0.0,10.0,3.0,2026-05-01 16:17:31,2,5,Otoño
106081,NAPROXENO 550MG TAB. REC CJAX100UND,PORTUGAL GENERICO,0.0,10.0,3.0,2026-05-01 17:16:34,3,5,Otoño
106081,NAPROXENO 550MG TAB. REC CJAX100UND,PORTUGAL GENERICO,0.0,5.0,1.5,2026-05-01 18:31:22,9,5,Otoño
106081,NAPROXENO 550MG TAB. REC CJAX100UND,PORTUGAL GENERICO,0.0,5.0,1.5,2026-05-01 19:26:17,19,5,Otoño
106081,NAPROXENO 550MG TAB. REC CJAX100UND,PORTUGAL GENERICO,0.0,10.0,3.0,2026-05-01 20:01:43,2,5,Otoño
106081,NAPROXENO 550MG TAB. REC CJAX100UND,PORTUGAL GENERICO,0.0,10.0,3.0,2026-05-01 21:30:23,4,5,Otoño
106081,NAPROXENO 550MG TAB. REC CJAX100UND,PORTUGAL GENERICO,0.0,10.0,3.0,2026-05-01 21:53:48,9,5,Otoño
106081,NAPROXENO 550MG TAB. REC CJAX100UND,PORTUGAL GENERICO,0.0,10.0,3.0,2026-05-01 22:04:02,7,5,Otoño
106081,NAPROXENO 550MG TAB. REC CJAX100UND,PORTUGAL GENERICO,0.0,10.0,3.0,2026-05-02 07:06:32,9,5,Otoño
106081,NAPROXENO 550MG TAB. REC CJAX100UND,PORTUGAL GENERICO,0.0,10.0,3.0,2026-05-02 08:44:20,10,5,Otoño
106081,NAPROXENO 550MG TAB. REC CJAX100UND,PORTUGAL GENERICO,0.0,10.0,3.0,2026-05-02 09:03:03,1,5,Otoño
106081,NAPROXENO 550MG TAB. REC CJAX100UND,PORTUGAL GENERICO,0.0,10.0,3.0,2026-05-02 09:29:35,6,5,Otoño
106081,NAPROXENO 550MG TAB. REC CJAX100UND,PORTUGAL GENERICO,0.0,10.0,3.0,2026-05-02 11:14:05,6,5,Otoño
106081,NAPROXENO 550MG TAB. REC CJAX100UND,PORTUGAL GENERICO,0.0,10.0,3.0,2026-05-02 12:49:19,10,5,Otoño
106081,NAPROXENO 550MG TAB. REC CJAX100UND,PORTUGAL GENERICO,0.0,10.0,3.0,2026-05-02 13:31:06,1,5,Otoño
106081,NAPROXENO 550MG TAB. REC CJAX100UND,PORTUGAL GENERICO,0.0,10.0,3.0,2026-05-02 13:38:06,15,5,Otoño
106081,NAPROXENO 550MG TAB. REC CJAX100UND,PORTUGAL GENERICO,0.0,10.0,3.0,2026-05-02 14:00:03,15,5,Otoño
106081,NAPROXENO 550MG TAB. REC CJAX100UND,PORTUGAL GENERICO,0.0,20.0,6.0,2026-05-02 16:04:34,6,5,Otoño
106081,NAPROXENO 550MG TAB. REC CJAX100UND,PORTUGAL GENERICO,0.0,10.0,3.0,2026-05-02 16:09:12,9,5,Otoño
106081,NAPROXENO 550MG TAB. REC CJAX100UND,PORTUGAL GENERICO,0.0,10.0,3.0,2026-05-02 16:21:11,4,5,Otoño
106081,NAPROXENO 550MG TAB. REC CJAX100UND,PORTUGAL GENERICO,0.0,10.0,3.0,2026-05-02 17:43:25,10,5,Otoño
106081,NAPROXENO 550MG TAB. REC CJAX100UND,PORTUGAL GENERICO,0.0,5.0,1.5,2026-05-02 18:43:31,16,5,Otoño
106081,NAPROXENO 550MG TAB. REC CJAX100UND,PORTUGAL GENERICO,0.0,3.0,0.9,2026-05-02 19:28:17,13,5,Otoño
106081,NAPROXENO 550MG TAB. REC CJAX100UND,PORTUGAL GENERICO,0.0,10.0,3.0,2026-05-02 20:46:28,16,5,Otoño
106081,NAPROXENO 550MG TAB. REC CJAX100UND,PORTUGAL GENERICO,0.0,10.0,3.0,2026-05-02 21:08:01,5,5,Otoño
106081,NAPROXENO 550MG TAB. REC CJAX100UND,PORTUGAL GENERICO,0.0,1.0,0.3,2026-05-02 21:16:18,13,5,Otoño
106081,NAPROXENO 550MG TAB. REC CJAX100UND,PORTUGAL GENERICO,0.0,10.0,3.0,2026-05-02 21:24:46,2,5,Otoño
106081,NAPROXENO 550MG TAB. REC CJAX100UND,PORTUGAL GENERICO,0.0,10.0,3.0,2026-05-02 21:31:26,14,5,Otoño
106081,NAPROXENO 550MG TAB. REC CJAX100UND,PORTUGAL GENERICO,0.0,10.0,3.0,2026-05-02 21:59:01,14,5,Otoño
106081,NAPROXENO 550MG TAB. REC CJAX100UND,PORTUGAL GENERICO,0.0,10.0,3.0,2026-05-03 08:35:46,2,5,Otoño
106081,NAPROXENO 550MG TAB. REC CJAX100UND,PORTUGAL GENERICO,0.0,10.0,3.0,2026-05-03 09:26:51,13,5,Otoño
106081,NAPROXENO 550MG TAB. REC CJAX100UND,PORTUGAL GENERICO,0.0,10.0,3.0,2026-05-03 11:31:38,2,5,Otoño
106081,NAPROXENO 550MG TAB. REC CJAX100UND,PORTUGAL GENERICO,0.0,10.0,3.0,2026-05-03 12:20:44,6,5,Otoño
106081,NAPROXENO 550MG TAB. REC CJAX100UND,PORTUGAL GENERICO,0.0,10.0,3.0,2026-05-03 12:26:19,2,5,Otoño
106081,NAPROXENO 550MG TAB. REC CJAX100UND,PORTUGAL GENERICO,0.0,10.0,3.0,2026-05-03 16:03:40,11,5,Otoño
106081,NAPROXENO 550MG TAB. REC CJAX100UND,PORTUGAL GENERICO,0.0,5.0,1.5,2026-05-03 16:42:29,1,5,Otoño
106081,NAPROXENO 550MG TAB. REC CJAX100UND,PORTUGAL GENERICO,0.0,10.0,3.0,2026-05-03 17:22:37,3,5,Otoño
106081,NAPROXENO 550MG TAB. REC CJAX100UND,PORTUGAL GENERICO,0.0,20.0,6.0,2026-05-03 17:23:44,17,5,Otoño
106081,NAPROXENO 550MG TAB. REC CJAX100UND,PORTUGAL GENERICO,0.0,5.0,1.5,2026-05-03 17:32:45,6,5,Otoño
106081,NAPROXENO 550MG TAB. REC CJAX100UND,PORTUGAL GENERICO,0.0,10.0,3.0,2026-05-03 18:10:51,9,5,Otoño
106081,NAPROXENO 550MG TAB. REC CJAX100UND,PORTUGAL GENERICO,0.0,20.0,6.0,2026-05-03 19:00:40,3,5,Otoño
106081,NAPROXENO 550MG TAB. REC CJAX100UND,PORTUGAL GENERICO,0.0,10.0,3.0,2026-05-03 19:30:24,3,5,Otoño
106081,NAPROXENO 550MG TAB. REC CJAX100UND,PORTUGAL GENERICO,0.0,10.0,3.0,2026-05-03 20:00:53,14,5,Otoño
106081,NAPROXENO 550MG TAB. REC CJAX100UND,PORTUGAL GENERICO,0.0,10.0,3.0,2026-05-03 20:12:39,7,5,Otoño
106081,NAPROXENO 550MG TAB. REC CJAX100UND,PORTUGAL GENERICO,0.0,10.0,3.0,2026-05-03 20:48:48,17,5,Otoño
106081,NAPROXENO 550MG TAB. REC CJAX100UND,PORTUGAL GENERICO,0.0,10.0,3.0,2026-05-03 21:14:48,7,5,Otoño
106081,NAPROXENO 550MG TAB. REC CJAX100UND,PORTUGAL GENERICO,0.0,10.0,3.0,2026-05-04 08:21:02,17,5,Otoño
106081,NAPROXENO 550MG TAB. REC CJAX100UND,PORTUGAL GENERICO,0.0,10.0,3.0,2026-05-04 09:26:44,1,5,Otoño
106081,NAPROXENO 550MG TAB. REC CJAX100UND,PORTUGAL GENERICO,0.0,10.0,3.0,2026-05-04 09:48:15,16,5,Otoño
106081,NAPROXENO 550MG TAB. REC CJAX100UND,PORTUGAL GENERICO,0.0,10.0,3.0,2026-05-04 10:08:44,9,5,Otoño
106081,NAPROXENO 550MG TAB. REC CJAX100UND,PORTUGAL GENERICO,0.0,10.0,3.0,2026-05-04 10:31:40,2,5,Otoño
106081,NAPROXENO 550MG TAB. REC CJAX100UND,PORTUGAL GENERICO,0.0,-10.0,-3.0,2026-05-04 10:34:21,2,5,Otoño
106081,NAPROXENO 550MG TAB. REC CJAX100UND,PORTUGAL GENERICO,0.0,10.0,3.0,2026-05-04 10:38:01,2,5,Otoño
106081,NAPROXENO 550MG TAB. REC CJAX100UND,PORTUGAL GENERICO,0.0,2.0,0.6,2026-05-04 13:13:16,11,5,Otoño
106081,NAPROXENO 550MG TAB. REC CJAX100UND,PORTUGAL GENERICO,0.0,10.0,3.0,2026-05-04 14:17:41,16,5,Otoño
106081,NAPROXENO 550MG TAB. REC CJAX100UND,PORTUGAL GENERICO,0.0,10.0,3.0,2026-05-04 15:54:29,5,5,Otoño
106081,NAPROXENO 550MG TAB. REC CJAX100UND,PORTUGAL GENERICO,0.0,10.0,3.0,2026-05-04 17:34:28,2,5,Otoño
106081,NAPROXENO 550MG TAB. REC CJAX100UND,PORTUGAL GENERICO,0.0,10.0,3.0,2026-05-04 17:55:34,11,5,Otoño
106081,NAPROXENO 550MG TAB. REC CJAX100UND,PORTUGAL GENERICO,0.0,10.0,3.0,2026-05-04 18:23:19,1,5,Otoño
106081,NAPROXENO 550MG TAB. REC CJAX100UND,PORTUGAL GENERICO,0.0,10.0,3.0,2026-05-04 18:42:04,2,5,Otoño
106081,NAPROXENO 550MG TAB. REC CJAX100UND,PORTUGAL GENERICO,0.0,10.0,3.0,2026-05-04 18:56:02,3,5,Otoño
106081,NAPROXENO 550MG TAB. REC CJAX100UND,PORTUGAL GENERICO,0.0,10.0,3.0,2026-05-04 18:59:25,5,5,Otoño
106081,NAPROXENO 550MG TAB. REC CJAX100UND,PORTUGAL GENERICO,0.0,10.0,3.0,2026-05-04 20:44:46,3,5,Otoño
106081,NAPROXENO 550MG TAB. REC CJAX100UND,PORTUGAL GENERICO,0.0,10.0,3.0,2026-05-04 20:46:59,9,5,Otoño
106081,NAPROXENO 550MG TAB. REC CJAX100UND,PORTUGAL GENERICO,0.0,10.0,3.0,2026-05-04 21:08:29,2,5,Otoño
106081,NAPROXENO 550MG TAB. REC CJAX100UND,PORTUGAL GENERICO,0.0,5.0,1.5,2026-05-04 21:29:11,5,5,Otoño
106081,NAPROXENO 550MG TAB. REC CJAX100UND,PORTUGAL GENERICO,0.0,10.0,3.0,2026-05-04 21:29:12,9,5,Otoño
106081,NAPROXENO 550MG TAB. REC CJAX100UND,PORTUGAL GENERICO,0.0,10.0,3.0,2026-05-05 07:13:30,15,5,Otoño
106081,NAPROXENO 550MG TAB. REC CJAX100UND,PORTUGAL GENERICO,0.0,10.0,3.0,2026-05-05 07:50:40,1,5,Otoño
106081,NAPROXENO 550MG TAB. REC CJAX100UND,PORTUGAL GENERICO,0.0,10.0,3.0,2026-05-05 08:30:01,3,5,Otoño
106081,NAPROXENO 550MG TAB. REC CJAX100UND,PORTUGAL GENERICO,0.0,6.0,1.8,2026-05-05 09:19:41,17,5,Otoño
106081,NAPROXENO 550MG TAB. REC CJAX100UND,PORTUGAL GENERICO,0.0,10.0,3.0,2026-05-05 09:44:30,12,5,Otoño
106081,NAPROXENO 550MG TAB. REC CJAX100UND,PORTUGAL GENERICO,0.0,10.0,3.0,2026-05-05 10:49:35,15,5,Otoño
106081,NAPROXENO 550MG TAB. REC CJAX100UND,PORTUGAL GENERICO,0.0,10.0,3.0,2026-05-05 11:01:36,2,5,Otoño
106081,NAPROXENO 550MG TAB. REC CJAX100UND,PORTUGAL GENERICO,0.0,10.0,3.0,2026-05-05 11:08:18,3,5,Otoño
106081,NAPROXENO 550MG TAB. REC CJAX100UND,PORTUGAL GENERICO,0.0,5.0,1.5,2026-05-05 11:11:38,3,5,Otoño
106081,NAPROXENO 550MG TAB. REC CJAX100UND,PORTUGAL GENERICO,0.0,10.0,3.0,2026-05-05 11:34:51,14,5,Otoño
106081,NAPROXENO 550MG TAB. REC CJAX100UND,PORTUGAL GENERICO,0.0,10.0,3.0,2026-05-05 13:17:16,5,5,Otoño
106081,NAPROXENO 550MG TAB. REC CJAX100UND,PORTUGAL GENERICO,0.0,10.0,3.0,2026-05-05 16:22:51,2,5,Otoño
106081,NAPROXENO 550MG TAB. REC CJAX100UND,PORTUGAL GENERICO,0.0,10.0,3.0,2026-05-05 17:52:56,2,5,Otoño
106081,NAPROXENO 550MG TAB. REC CJAX100UND,PORTUGAL GENERICO,0.0,20.0,6.0,2026-05-05 18:00:17,17,5,Otoño
106081,NAPROXENO 550MG TAB. REC CJAX100UND,PORTUGAL GENERICO,0.0,10.0,3.0,2026-05-05 18:14:25,13,5,Otoño
106081,NAPROXENO 550MG TAB. REC CJAX100UND,PORTUGAL GENERICO,0.0,10.0,3.0,2026-05-05 18:47:20,13,5,Otoño
106081,NAPROXENO 550MG TAB. REC CJAX100UND,PORTUGAL GENERICO,0.0,10.0,3.0,2026-05-05 19:19:47,4,5,Otoño
106081,NAPROXENO 550MG TAB. REC CJAX100UND,PORTUGAL GENERICO,0.0,5.0,1.5,2026-05-05 19:39:25,13,5,Otoño
106081,NAPROXENO 550MG TAB. REC CJAX100UND,PORTUGAL GENERICO,0.0,10.0,3.0,2026-05-05 19:45:45,3,5,Otoño
106081,NAPROXENO 550MG TAB. REC CJAX100UND,PORTUGAL GENERICO,0.0,10.0,3.0,2026-05-05 20:24:30,7,5,Otoño
106081,NAPROXENO 550MG TAB. REC CJAX100UND,PORTUGAL GENERICO,0.0,10.0,3.0,2026-05-05 20:50:54,9,5,Otoño
106081,NAPROXENO 550MG TAB. REC CJAX100UND,PORTUGAL GENERICO,0.0,10.0,3.0,2026-05-05 21:11:09,5,5,Otoño
106081,NAPROXENO 550MG TAB. REC CJAX100UND,PORTUGAL GENERICO,0.0,10.0,3.0,2026-05-05 21:17:38,2,5,Otoño
106081,NAPROXENO 550MG TAB. REC CJAX100UND,PORTUGAL GENERICO,0.0,10.0,3.0,2026-05-05 22:28:24,12,5,Otoño
106081,NAPROXENO 550MG TAB. REC CJAX100UND,PORTUGAL GENERICO,0.0,20.0,6.0,2026-05-06 09:38:46,7,5,Otoño
106081,NAPROXENO 550MG TAB. REC CJAX100UND,PORTUGAL GENERICO,0.0,10.0,3.0,2026-05-06 09:58:22,13,5,Otoño
106081,NAPROXENO 550MG TAB. REC CJAX100UND,PORTUGAL GENERICO,0.0,10.0,3.0,2026-05-06 10:03:41,5,5,Otoño
106081,NAPROXENO 550MG TAB. REC CJAX100UND,PORTUGAL GENERICO,0.0,10.0,3.0,2026-05-06 10:26:49,2,5,Otoño
106081,NAPROXENO 550MG TAB. REC CJAX100UND,PORTUGAL GENERICO,0.0,10.0,3.0,2026-05-06 10:32:15,2,5,Otoño
106081,NAPROXENO 550MG TAB. REC CJAX100UND,PORTUGAL GENERICO,0.0,10.0,3.0,2026-05-06 14:46:59,1,5,Otoño
106081,NAPROXENO 550MG TAB. REC CJAX100UND,PORTUGAL GENERICO,0.0,10.0,3.0,2026-05-06 16:30:29,1,5,Otoño
106081,NAPROXENO 550MG TAB. REC CJAX100UND,PORTUGAL GENERICO,0.0,10.0,3.0,2026-05-06 17:43:13,5,5,Otoño
106081,NAPROXENO 550MG TAB. REC CJAX100UND,PORTUGAL GENERICO,0.0,10.0,3.0,2026-05-06 19:00:19,8,5,Otoño
106081,NAPROXENO 550MG TAB. REC CJAX100UND,PORTUGAL GENERICO,0.0,10.0,3.0,2026-05-06 19:13:21,7,5,Otoño
106081,NAPROXENO 550MG TAB. REC CJAX100UND,PORTUGAL GENERICO,0.0,10.0,3.0,2026-05-06 19:18:29,12,5,Otoño
106081,NAPROXENO 550MG TAB. REC CJAX100UND,PORTUGAL GENERICO,0.0,3.0,0.9,2026-05-06 20:32:47,16,5,Otoño
106081,NAPROXENO 550MG TAB. REC CJAX100UND,PORTUGAL GENERICO,0.0,20.0,6.0,2026-05-06 20:54:34,1,5,Otoño
106081,NAPROXENO 550MG TAB. REC CJAX100UND,PORTUGAL GENERICO,0.0,10.0,3.0,2026-05-06 21:14:24,9,5,Otoño
106081,NAPROXENO 550MG TAB. REC CJAX100UND,PORTUGAL GENERICO,0.0,10.0,3.0,2026-05-07 07:39:18,9,5,Otoño
106081,NAPROXENO 550MG TAB. REC CJAX100UND,PORTUGAL GENERICO,0.0,10.0,3.0,2026-05-07 09:38:33,1,5,Otoño
106081,NAPROXENO 550MG TAB. REC CJAX100UND,PORTUGAL GENERICO,0.0,3.0,0.9,2026-05-07 09:59:41,15,5,Otoño
106081,NAPROXENO 550MG TAB. REC CJAX100UND,PORTUGAL GENERICO,0.0,15.0,4.5,2026-05-07 11:59:17,5,5,Otoño
106081,NAPROXENO 550MG TAB. REC CJAX100UND,PORTUGAL GENERICO,0.0,10.0,3.0,2026-05-07 13:58:15,10,5,Otoño
106081,NAPROXENO 550MG TAB. REC CJAX100UND,PORTUGAL GENERICO,0.0,10.0,3.0,2026-05-07 14:28:47,3,5,Otoño
106081,NAPROXENO 550MG TAB. REC CJAX100UND,PORTUGAL GENERICO,0.0,10.0,3.0,2026-05-07 14:53:00,9,5,Otoño
106081,NAPROXENO 550MG TAB. REC CJAX100UND,PORTUGAL GENERICO,0.0,10.0,3.0,2026-05-07 16:06:45,1,5,Otoño
106081,NAPROXENO 550MG TAB. REC CJAX100UND,PORTUGAL GENERICO,0.0,10.0,3.0,2026-05-07 17:11:43,5,5,Otoño
106081,NAPROXENO 550MG TAB. REC CJAX100UND,PORTUGAL GENERICO,0.0,10.0,3.0,2026-05-07 17:44:17,10,5,Otoño
106081,NAPROXENO 550MG TAB. REC CJAX100UND,PORTUGAL GENERICO,0.0,5.0,1.5,2026-05-07 17:47:06,9,5,Otoño
106081,NAPROXENO 550MG TAB. REC CJAX100UND,PORTUGAL GENERICO,0.0,10.0,3.0,2026-05-07 17:47:21,9,5,Otoño
106081,NAPROXENO 550MG TAB. REC CJAX100UND,PORTUGAL GENERICO,0.0,30.0,9.0,2026-05-07 18:12:35,5,5,Otoño
106081,NAPROXENO 550MG TAB. REC CJAX100UND,PORTUGAL GENERICO,0.0,10.0,3.0,2026-05-07 18:29:08,2,5,Otoño
106081,NAPROXENO 550MG TAB. REC CJAX100UND,PORTUGAL GENERICO,0.0,20.0,6.0,2026-05-07 18:50:33,2,5,Otoño
106081,NAPROXENO 550MG TAB. REC CJAX100UND,PORTUGAL GENERICO,0.0,10.0,3.0,2026-05-07 18:53:39,7,5,Otoño
106081,NAPROXENO 550MG TAB. REC CJAX100UND,PORTUGAL GENERICO,0.0,10.0,3.0,2026-05-07 18:53:59,12,5,Otoño
106081,NAPROXENO 550MG TAB. REC CJAX100UND,PORTUGAL GENERICO,0.0,10.0,3.0,2026-05-07 19:34:45,1,5,Otoño
106081,NAPROXENO 550MG TAB. REC CJAX100UND,PORTUGAL GENERICO,0.0,10.0,3.0,2026-05-07 19:57:48,11,5,Otoño
106081,NAPROXENO 550MG TAB. REC CJAX100UND,PORTUGAL GENERICO,0.0,10.0,3.0,2026-05-07 20:00:20,10,5,Otoño
106081,NAPROXENO 550MG TAB. REC CJAX100UND,PORTUGAL GENERICO,0.0,10.0,3.0,2026-05-07 20:37:32,7,5,Otoño
106081,NAPROXENO 550MG TAB. REC CJAX100UND,PORTUGAL GENERICO,0.0,10.0,3.0,2026-05-07 20:43:03,15,5,Otoño
106081,NAPROXENO 550MG TAB. REC CJAX100UND,PORTUGAL GENERICO,0.0,8.0,2.4,2026-05-07 21:12:55,5,5,Otoño
106081,NAPROXENO 550MG TAB. REC CJAX100UND,PORTUGAL GENERICO,0.0,10.0,3.0,2026-05-07 21:14:17,12,5,Otoño
106081,NAPROXENO 550MG TAB. REC CJAX100UND,PORTUGAL GENERICO,0.0,6.0,1.8,2026-05-07 21:53:44,3,5,Otoño
106081,NAPROXENO 550MG TAB. REC CJAX100UND,PORTUGAL GENERICO,0.0,10.0,3.0,2026-05-07 22:23:56,17,5,Otoño
106081,NAPROXENO 550MG TAB. REC CJAX100UND,PORTUGAL GENERICO,0.0,10.0,3.0,2026-05-08 07:36:29,9,5,Otoño
106081,NAPROXENO 550MG TAB. REC CJAX100UND,PORTUGAL GENERICO,0.0,10.0,3.0,2026-05-08 10:25:04,7,5,Otoño
106081,NAPROXENO 550MG TAB. REC CJAX100UND,PORTUGAL GENERICO,0.0,6.0,1.8,2026-05-08 12:27:47,11,5,Otoño
106081,NAPROXENO 550MG TAB. REC CJAX100UND,PORTUGAL GENERICO,0.0,1.0,0.3,2026-05-08 14:36:44,18,5,Otoño
106081,NAPROXENO 550MG TAB. REC CJAX100UND,PORTUGAL GENERICO,0.0,10.0,3.0,2026-05-08 17:32:17,9,5,Otoño
106081,NAPROXENO 550MG TAB. REC CJAX100UND,PORTUGAL GENERICO,0.0,2.0,0.6,2026-05-08 19:03:38,18,5,Otoño
106081,NAPROXENO 550MG TAB. REC CJAX100UND,PORTUGAL GENERICO,0.0,10.0,3.0,2026-05-08 19:13:50,18,5,Otoño
106081,NAPROXENO 550MG TAB. REC CJAX100UND,PORTUGAL GENERICO,0.0,10.0,3.0,2026-05-08 19:29:22,15,5,Otoño
106081,NAPROXENO 550MG TAB. REC CJAX100UND,PORTUGAL GENERICO,0.0,3.0,0.9,2026-05-08 19:51:23,17,5,Otoño
106081,NAPROXENO 550MG TAB. REC CJAX100UND,PORTUGAL GENERICO,0.0,20.0,6.0,2026-05-09 08:55:43,13,5,Otoño
106081,NAPROXENO 550MG TAB. REC CJAX100UND,PORTUGAL GENERICO,0.0,20.0,6.0,2026-05-09 12:45:38,19,5,Otoño
106081,NAPROXENO 550MG TAB. REC CJAX100UND,PORTUGAL GENERICO,0.0,10.0,3.0,2026-05-09 12:58:46,17,5,Otoño
106081,NAPROXENO 550MG TAB. REC CJAX100UND,PORTUGAL GENERICO,0.0,10.0,3.0,2026-05-09 17:30:04,4,5,Otoño
106081,NAPROXENO 550MG TAB. REC CJAX100UND,PORTUGAL GENERICO,0.0,10.0,3.0,2026-05-09 18:31:28,7,5,Otoño
106081,NAPROXENO 550MG TAB. REC CJAX100UND,PORTUGAL GENERICO,0.0,10.0,3.0,2026-05-09 20:15:00,19,5,Otoño
106081,NAPROXENO 550MG TAB. REC CJAX100UND,PORTUGAL GENERICO,0.0,10.0,3.0,2026-05-09 21:21:19,14,5,Otoño
106081,NAPROXENO 550MG TAB. REC CJAX100UND,PORTUGAL GENERICO,0.0,10.0,3.0,2026-05-09 22:36:30,7,5,Otoño
106081,NAPROXENO 550MG TAB. REC CJAX100UND,PORTUGAL GENERICO,0.0,10.0,3.0,2026-05-09 23:52:26,7,5,Otoño
106081,NAPROXENO 550MG TAB. REC CJAX100UND,PORTUGAL GENERICO,0.0,1.0,0.3,2026-05-10 11:44:49,7,5,Otoño
106081,NAPROXENO 550MG TAB. REC CJAX100UND,PORTUGAL GENERICO,0.0,10.0,3.0,2026-05-10 15:33:57,7,5,Otoño
106081,NAPROXENO 550MG TAB. REC CJAX100UND,PORTUGAL GENERICO,0.0,10.0,3.0,2026-05-10 17:32:49,18,5,Otoño
106081,NAPROXENO 550MG TAB. REC CJAX100UND,PORTUGAL GENERICO,0.0,4.0,1.2,2026-05-10 18:50:14,17,5,Otoño
106081,NAPROXENO 550MG TAB. REC CJAX100UND,PORTUGAL GENERICO,0.0,3.0,0.86,2026-05-10 20:38:32,2,5,Otoño
106081,NAPROXENO 550MG TAB. REC CJAX100UND,PORTUGAL GENERICO,0.0,10.0,3.0,2026-05-10 20:42:00,12,5,Otoño
106081,NAPROXENO 550MG TAB. REC CJAX100UND,PORTUGAL GENERICO,0.0,10.0,3.0,2026-05-10 23:29:54,4,5,Otoño
106081,NAPROXENO 550MG TAB. REC CJAX100UND,PORTUGAL GENERICO,0.0,10.0,3.0,2026-05-11 11:33:38,11,5,Otoño
106081,NAPROXENO 550MG TAB. REC CJAX100UND,PORTUGAL GENERICO,0.0,30.0,9.0,2026-05-11 11:36:38,1,5,Otoño
106081,NAPROXENO 550MG TAB. REC CJAX100UND,PORTUGAL GENERICO,0.0,1.0,0.3,2026-05-11 12:07:08,10,5,Otoño
106081,NAPROXENO 550MG TAB. REC CJAX100UND,PORTUGAL GENERICO,0.0,20.0,6.0,2026-05-11 12:13:09,1,5,Otoño
106081,NAPROXENO 550MG TAB. REC CJAX100UND,PORTUGAL GENERICO,0.0,10.0,3.0,2026-05-11 12:28:36,11,5,Otoño
106081,NAPROXENO 550MG TAB. REC CJAX100UND,PORTUGAL GENERICO,0.0,20.0,6.0,2026-05-11 12:42:12,8,5,Otoño
106081,NAPROXENO 550MG TAB. REC CJAX100UND,PORTUGAL GENERICO,0.0,20.0,6.0,2026-05-11 14:19:54,19,5,Otoño
106081,NAPROXENO 550MG TAB. REC CJAX100UND,PORTUGAL GENERICO,0.0,1.0,0.3,2026-05-11 15:27:22,18,5,Otoño
106081,NAPROXENO 550MG TAB. REC CJAX100UND,PORTUGAL GENERICO,0.0,10.0,3.0,2026-05-11 18:36:18,1,5,Otoño
106081,NAPROXENO 550MG TAB. REC CJAX100UND,PORTUGAL GENERICO,0.0,10.0,3.0,2026-05-11 19:01:53,1,5,Otoño
106081,NAPROXENO 550MG TAB. REC CJAX100UND,PORTUGAL GENERICO,0.0,10.0,3.0,2026-05-11 19:13:09,11,5,Otoño
106081,NAPROXENO 550MG TAB. REC CJAX100UND,PORTUGAL GENERICO,0.0,10.0,3.0,2026-05-11 19:39:23,18,5,Otoño
106081,NAPROXENO 550MG TAB. REC CJAX100UND,PORTUGAL GENERICO,0.0,10.0,3.0,2026-05-11 19:44:29,18,5,Otoño
106081,NAPROXENO 550MG TAB. REC CJAX100UND,PORTUGAL GENERICO,0.0,6.0,1.8,2026-05-11 20:16:00,1,5,Otoño
106081,NAPROXENO 550MG TAB. REC CJAX100UND,PORTUGAL GENERICO,0.0,10.0,3.0,2026-05-12 09:57:04,19,5,Otoño
106081,NAPROXENO 550MG TAB. REC CJAX100UND,PORTUGAL GENERICO,0.0,10.0,3.0,2026-05-12 14:47:35,19,5,Otoño
106081,NAPROXENO 550MG TAB. REC CJAX100UND,PORTUGAL GENERICO,0.0,10.0,3.0,2026-05-12 16:05:20,1,5,Otoño
106081,NAPROXENO 550MG TAB. REC CJAX100UND,PORTUGAL GENERICO,0.0,10.0,3.0,2026-05-12 17:55:03,7,5,Otoño
106081,NAPROXENO 550MG TAB. REC CJAX100UND,PORTUGAL GENERICO,0.0,10.0,3.0,2026-05-12 18:15:44,8,5,Otoño
106081,NAPROXENO 550MG TAB. REC CJAX100UND,PORTUGAL GENERICO,0.0,5.0,1.5,2026-05-12 18:18:32,7,5,Otoño
106081,NAPROXENO 550MG TAB. REC CJAX100UND,PORTUGAL GENERICO,0.0,6.0,1.8,2026-05-12 19:08:03,7,5,Otoño
106081,NAPROXENO 550MG TAB. REC CJAX100UND,PORTUGAL GENERICO,0.0,10.0,3.0,2026-05-12 19:09:25,16,5,Otoño
106081,NAPROXENO 550MG TAB. REC CJAX100UND,PORTUGAL GENERICO,0.0,10.0,3.0,2026-05-12 21:33:02,1,5,Otoño
106081,NAPROXENO 550MG TAB. REC CJAX100UND,PORTUGAL GENERICO,0.0,10.0,3.0,2026-05-12 21:38:17,11,5,Otoño
106081,NAPROXENO 550MG TAB. REC CJAX100UND,PORTUGAL GENERICO,0.0,6.0,1.8,2026-05-13 10:21:10,15,5,Otoño
106081,NAPROXENO 550MG TAB. REC CJAX100UND,PORTUGAL GENERICO,0.0,10.0,3.0,2026-05-13 13:18:44,4,5,Otoño
106081,NAPROXENO 550MG TAB. REC CJAX100UND,PORTUGAL GENERICO,0.0,10.0,3.0,2026-05-13 15:23:12,11,5,Otoño
106081,NAPROXENO 550MG TAB. REC CJAX100UND,PORTUGAL GENERICO,0.0,10.0,3.0,2026-05-13 17:33:21,1,5,Otoño
106081,NAPROXENO 550MG TAB. REC CJAX100UND,PORTUGAL GENERICO,0.0,10.0,3.0,2026-05-13 18:08:48,1,5,Otoño
106081,NAPROXENO 550MG TAB. REC CJAX100UND,PORTUGAL GENERICO,0.0,10.0,3.0,2026-05-13 19:09:49,12,5,Otoño
106081,NAPROXENO 550MG TAB. REC CJAX100UND,PORTUGAL GENERICO,0.0,10.0,3.0,2026-05-13 20:59:00,16,5,Otoño
106081,NAPROXENO 550MG TAB. REC CJAX100UND,PORTUGAL GENERICO,0.0,10.0,3.0,2026-05-13 21:00:38,8,5,Otoño
106081,NAPROXENO 550MG TAB. REC CJAX100UND,PORTUGAL GENERICO,0.0,10.0,3.0,2026-05-13 21:06:54,8,5,Otoño
106081,NAPROXENO 550MG TAB. REC CJAX100UND,PORTUGAL GENERICO,0.0,10.0,3.0,2026-05-13 21:24:19,10,5,Otoño
106081,NAPROXENO 550MG TAB. REC CJAX100UND,PORTUGAL GENERICO,0.0,10.0,3.0,2026-05-13 21:42:00,8,5,Otoño
106081,NAPROXENO 550MG TAB. REC CJAX100UND,PORTUGAL GENERICO,0.0,10.0,3.0,2026-05-13 22:41:52,16,5,Otoño
106081,NAPROXENO 550MG TAB. REC CJAX100UND,PORTUGAL GENERICO,0.0,10.0,3.0,2026-05-13 22:57:17,12,5,Otoño
106081,NAPROXENO 550MG TAB. REC CJAX100UND,PORTUGAL GENERICO,0.0,10.0,3.0,2026-05-14 07:32:36,13,5,Otoño
106081,NAPROXENO 550MG TAB. REC CJAX100UND,PORTUGAL GENERICO,0.0,10.0,3.0,2026-05-14 08:58:38,4,5,Otoño
106081,NAPROXENO 550MG TAB. REC CJAX100UND,PORTUGAL GENERICO,0.0,10.0,3.0,2026-05-14 12:43:12,8,5,Otoño
106081,NAPROXENO 550MG TAB. REC CJAX100UND,PORTUGAL GENERICO,0.0,10.0,3.0,2026-05-14 12:53:18,18,5,Otoño
106081,NAPROXENO 550MG TAB. REC CJAX100UND,PORTUGAL GENERICO,0.0,10.0,3.0,2026-05-14 13:04:11,14,5,Otoño
106081,NAPROXENO 550MG TAB. REC CJAX100UND,PORTUGAL GENERICO,0.0,10.0,3.0,2026-05-14 17:04:46,14,5,Otoño
106081,NAPROXENO 550MG TAB. REC CJAX100UND,PORTUGAL GENERICO,0.0,10.0,3.0,2026-05-14 17:52:28,19,5,Otoño
106081,NAPROXENO 550MG TAB. REC CJAX100UND,PORTUGAL GENERICO,0.0,10.0,3.0,2026-05-14 18:23:13,10,5,Otoño
106081,NAPROXENO 550MG TAB. REC CJAX100UND,PORTUGAL GENERICO,0.0,10.0,3.0,2026-05-14 19:52:05,12,5,Otoño
106081,NAPROXENO 550MG TAB. REC CJAX100UND,PORTUGAL GENERICO,0.0,10.0,3.0,2026-05-14 20:02:36,11,5,Otoño
106081,NAPROXENO 550MG TAB. REC CJAX100UND,PORTUGAL GENERICO,0.0,3.0,0.9,2026-05-14 20:32:10,17,5,Otoño
106081,NAPROXENO 550MG TAB. REC CJAX100UND,PORTUGAL GENERICO,0.0,10.0,3.0,2026-05-14 23:05:04,4,5,Otoño
106081,NAPROXENO 550MG TAB. REC CJAX100UND,PORTUGAL GENERICO,0.0,10.0,3.0,2026-05-15 02:37:26,15,5,Otoño
106081,NAPROXENO 550MG TAB. REC CJAX100UND,PORTUGAL GENERICO,0.0,10.0,3.0,2026-05-15 08:22:41,10,5,Otoño
106081,NAPROXENO 550MG TAB. REC CJAX100UND,PORTUGAL GENERICO,0.0,10.0,3.0,2026-05-15 10:19:41,13,5,Otoño
106081,NAPROXENO 550MG TAB. REC CJAX100UND,PORTUGAL GENERICO,0.0,10.0,3.0,2026-05-15 10:25:19,6,5,Otoño
106081,NAPROXENO 550MG TAB. REC CJAX100UND,PORTUGAL GENERICO,0.0,10.0,3.0,2026-05-15 13:31:34,11,5,Otoño
106081,NAPROXENO 550MG TAB. REC CJAX100UND,PORTUGAL GENERICO,0.0,10.0,3.0,2026-05-15 19:43:29,12,5,Otoño
106081,NAPROXENO 550MG TAB. REC CJAX100UND,PORTUGAL GENERICO,0.0,10.0,3.0,2026-05-15 19:59:11,1,5,Otoño
106081,NAPROXENO 550MG TAB. REC CJAX100UND,PORTUGAL GENERICO,0.0,10.0,3.0,2026-05-15 20:23:41,10,5,Otoño
106081,NAPROXENO 550MG TAB. REC CJAX100UND,PORTUGAL GENERICO,0.0,5.0,1.5,2026-05-15 22:28:41,14,5,Otoño
106081,NAPROXENO 550MG TAB. REC CJAX100UND,PORTUGAL GENERICO,0.0,10.0,3.0,2026-05-16 08:54:14,4,5,Otoño
106081,NAPROXENO 550MG TAB. REC CJAX100UND,PORTUGAL GENERICO,0.0,8.0,2.4,2026-05-16 11:32:50,19,5,Otoño
106081,NAPROXENO 550MG TAB. REC CJAX100UND,PORTUGAL GENERICO,0.0,10.0,3.0,2026-05-16 12:27:45,7,5,Otoño
106081,NAPROXENO 550MG TAB. REC CJAX100UND,PORTUGAL GENERICO,0.0,10.0,3.0,2026-05-16 12:34:14,12,5,Otoño
106081,NAPROXENO 550MG TAB. REC CJAX100UND,PORTUGAL GENERICO,0.0,20.0,6.0,2026-05-16 14:23:49,7,5,Otoño
106081,NAPROXENO 550MG TAB. REC CJAX100UND,PORTUGAL GENERICO,0.0,10.0,3.0,2026-05-16 14:25:33,1,5,Otoño
106081,NAPROXENO 550MG TAB. REC CJAX100UND,PORTUGAL GENERICO,0.0,10.0,3.0,2026-05-16 14:29:17,17,5,Otoño
106081,NAPROXENO 550MG TAB. REC CJAX100UND,PORTUGAL GENERICO,0.0,10.0,3.0,2026-05-16 17:09:54,10,5,Otoño
106081,NAPROXENO 550MG TAB. REC CJAX100UND,PORTUGAL GENERICO,0.0,4.0,1.2,2026-05-16 17:39:17,6,5,Otoño
106081,NAPROXENO 550MG TAB. REC CJAX100UND,PORTUGAL GENERICO,0.0,10.0,3.0,2026-05-16 18:43:35,3,5,Otoño
106081,NAPROXENO 550MG TAB. REC CJAX100UND,PORTUGAL GENERICO,0.0,1.0,0.3,2026-05-16 19:36:15,3,5,Otoño
106081,NAPROXENO 550MG TAB. REC CJAX100UND,PORTUGAL GENERICO,0.0,10.0,3.0,2026-05-16 20:13:56,7,5,Otoño
106081,NAPROXENO 550MG TAB. REC CJAX100UND,PORTUGAL GENERICO,0.0,10.0,3.0,2026-05-16 21:30:29,3,5,Otoño
106081,NAPROXENO 550MG TAB. REC CJAX100UND,PORTUGAL GENERICO,0.0,10.0,3.0,2026-05-16 21:36:16,1,5,Otoño
106081,NAPROXENO 550MG TAB. REC CJAX100UND,PORTUGAL GENERICO,0.0,10.0,3.0,2026-05-16 21:57:53,8,5,Otoño
106081,NAPROXENO 550MG TAB. REC CJAX100UND,PORTUGAL GENERICO,0.0,10.0,3.0,2026-05-16 22:12:44,7,5,Otoño
106081,NAPROXENO 550MG TAB. REC CJAX100UND,PORTUGAL GENERICO,0.0,10.0,3.0,2026-05-16 23:15:39,4,5,Otoño
106081,NAPROXENO 550MG TAB. REC CJAX100UND,PORTUGAL GENERICO,0.0,10.0,3.0,2026-05-17 08:17:15,13,5,Otoño
106081,NAPROXENO 550MG TAB. REC CJAX100UND,PORTUGAL GENERICO,0.0,10.0,3.0,2026-05-17 09:24:14,11,5,Otoño
106081,NAPROXENO 550MG TAB. REC CJAX100UND,PORTUGAL GENERICO,0.0,10.0,3.0,2026-05-17 09:24:31,16,5,Otoño
106081,NAPROXENO 550MG TAB. REC CJAX100UND,PORTUGAL GENERICO,0.0,10.0,3.0,2026-05-17 10:31:21,1,5,Otoño
106081,NAPROXENO 550MG TAB. REC CJAX100UND,PORTUGAL GENERICO,0.0,10.0,3.0,2026-05-17 11:39:37,7,5,Otoño
106081,NAPROXENO 550MG TAB. REC CJAX100UND,PORTUGAL GENERICO,0.0,10.0,3.0,2026-05-17 12:33:36,11,5,Otoño
106081,NAPROXENO 550MG TAB. REC CJAX100UND,PORTUGAL GENERICO,0.0,8.0,2.4,2026-05-17 12:36:06,17,5,Otoño
106081,NAPROXENO 550MG TAB. REC CJAX100UND,PORTUGAL GENERICO,0.0,10.0,3.0,2026-05-17 16:41:13,10,5,Otoño
106081,NAPROXENO 550MG TAB. REC CJAX100UND,PORTUGAL GENERICO,0.0,10.0,3.0,2026-05-17 17:05:22,14,5,Otoño
106081,NAPROXENO 550MG TAB. REC CJAX100UND,PORTUGAL GENERICO,0.0,1.0,0.3,2026-05-17 17:10:25,18,5,Otoño
106081,NAPROXENO 550MG TAB. REC CJAX100UND,PORTUGAL GENERICO,0.0,10.0,3.0,2026-05-17 17:55:33,7,5,Otoño
106081,NAPROXENO 550MG TAB. REC CJAX100UND,PORTUGAL GENERICO,0.0,10.0,3.0,2026-05-17 18:30:07,5,5,Otoño
106081,NAPROXENO 550MG TAB. REC CJAX100UND,PORTUGAL GENERICO,0.0,10.0,3.0,2026-05-17 18:33:50,1,5,Otoño
106081,NAPROXENO 550MG TAB. REC CJAX100UND,PORTUGAL GENERICO,0.0,10.0,3.0,2026-05-17 19:01:53,12,5,Otoño
106081,NAPROXENO 550MG TAB. REC CJAX100UND,PORTUGAL GENERICO,0.0,10.0,3.0,2026-05-17 19:38:38,1,5,Otoño
106081,NAPROXENO 550MG TAB. REC CJAX100UND,PORTUGAL GENERICO,0.0,10.0,3.0,2026-05-17 19:46:46,3,5,Otoño
106081,NAPROXENO 550MG TAB. REC CJAX100UND,PORTUGAL GENERICO,0.0,10.0,3.0,2026-05-17 19:47:13,8,5,Otoño
106081,NAPROXENO 550MG TAB. REC CJAX100UND,PORTUGAL GENERICO,0.0,10.0,3.0,2026-05-17 20:42:18,15,5,Otoño
106081,NAPROXENO 550MG TAB. REC CJAX100UND,PORTUGAL GENERICO,0.0,10.0,3.0,2026-05-17 21:36:16,16,5,Otoño
106081,NAPROXENO 550MG TAB. REC CJAX100UND,PORTUGAL GENERICO,0.0,10.0,3.0,2026-05-18 07:42:25,6,5,Otoño
106081,NAPROXENO 550MG TAB. REC CJAX100UND,PORTUGAL GENERICO,0.0,10.0,3.0,2026-05-18 10:42:49,1,5,Otoño
106081,NAPROXENO 550MG TAB. REC CJAX100UND,PORTUGAL GENERICO,0.0,10.0,3.0,2026-05-18 11:42:07,6,5,Otoño
106081,NAPROXENO 550MG TAB. REC CJAX100UND,PORTUGAL GENERICO,0.0,10.0,3.0,2026-05-18 11:46:58,6,5,Otoño
106081,NAPROXENO 550MG TAB. REC CJAX100UND,PORTUGAL GENERICO,0.0,10.0,3.0,2026-05-18 15:09:11,7,5,Otoño
106081,NAPROXENO 550MG TAB. REC CJAX100UND,PORTUGAL GENERICO,0.0,10.0,3.0,2026-05-18 16:08:31,16,5,Otoño
106081,NAPROXENO 550MG TAB. REC CJAX100UND,PORTUGAL GENERICO,0.0,40.0,12.0,2026-05-18 16:40:53,4,5,Otoño
106081,NAPROXENO 550MG TAB. REC CJAX100UND,PORTUGAL GENERICO,0.0,60.0,18.0,2026-05-18 17:11:59,4,5,Otoño
106081,NAPROXENO 550MG TAB. REC CJAX100UND,PORTUGAL GENERICO,0.0,5.0,1.5,2026-05-18 17:37:00,16,5,Otoño
106081,NAPROXENO 550MG TAB. REC CJAX100UND,PORTUGAL GENERICO,0.0,10.0,3.0,2026-05-18 17:56:02,16,5,Otoño
106081,NAPROXENO 550MG TAB. REC CJAX100UND,PORTUGAL GENERICO,0.0,10.0,3.0,2026-05-18 18:25:14,15,5,Otoño
106081,NAPROXENO 550MG TAB. REC CJAX100UND,PORTUGAL GENERICO,0.0,10.0,3.0,2026-05-18 19:30:47,18,5,Otoño
106081,NAPROXENO 550MG TAB. REC CJAX100UND,PORTUGAL GENERICO,0.0,5.0,1.5,2026-05-18 19:35:22,11,5,Otoño
106081,NAPROXENO 550MG TAB. REC CJAX100UND,PORTUGAL GENERICO,0.0,10.0,3.0,2026-05-18 20:15:22,6,5,Otoño
106081,NAPROXENO 550MG TAB. REC CJAX100UND,PORTUGAL GENERICO,0.0,20.0,6.0,2026-05-18 20:30:21,8,5,Otoño
106081,NAPROXENO 550MG TAB. REC CJAX100UND,PORTUGAL GENERICO,0.0,10.0,3.0,2026-05-18 20:38:40,14,5,Otoño
106081,NAPROXENO 550MG TAB. REC CJAX100UND,PORTUGAL GENERICO,0.0,5.0,1.5,2026-05-18 21:40:21,12,5,Otoño
106081,NAPROXENO 550MG TAB. REC CJAX100UND,PORTUGAL GENERICO,0.0,10.0,3.0,2026-05-18 21:46:38,12,5,Otoño
106081,NAPROXENO 550MG TAB. REC CJAX100UND,PORTUGAL GENERICO,0.0,10.0,3.0,2026-05-19 08:24:04,1,5,Otoño
106081,NAPROXENO 550MG TAB. REC CJAX100UND,PORTUGAL GENERICO,0.0,10.0,3.0,2026-05-19 09:42:14,8,5,Otoño
106081,NAPROXENO 550MG TAB. REC CJAX100UND,PORTUGAL GENERICO,0.0,20.0,6.0,2026-05-19 11:00:06,4,5,Otoño
106081,NAPROXENO 550MG TAB. REC CJAX100UND,PORTUGAL GENERICO,0.0,3.0,0.9,2026-05-19 11:43:20,3,5,Otoño
106081,NAPROXENO 550MG TAB. REC CJAX100UND,PORTUGAL GENERICO,0.0,20.0,6.0,2026-05-19 11:59:41,6,5,Otoño
106081,NAPROXENO 550MG TAB. REC CJAX100UND,PORTUGAL GENERICO,0.0,10.0,3.0,2026-05-19 12:40:54,5,5,Otoño
106081,NAPROXENO 550MG TAB. REC CJAX100UND,PORTUGAL GENERICO,0.0,10.0,3.0,2026-05-19 13:05:10,5,5,Otoño
106081,NAPROXENO 550MG TAB. REC CJAX100UND,PORTUGAL GENERICO,0.0,10.0,3.0,2026-05-19 13:48:41,15,5,Otoño
106081,NAPROXENO 550MG TAB. REC CJAX100UND,PORTUGAL GENERICO,0.0,10.0,3.0,2026-05-19 15:28:50,17,5,Otoño
106081,NAPROXENO 550MG TAB. REC CJAX100UND,PORTUGAL GENERICO,0.0,10.0,3.0,2026-05-19 15:56:11,2,5,Otoño
106081,NAPROXENO 550MG TAB. REC CJAX100UND,PORTUGAL GENERICO,0.0,10.0,3.0,2026-05-19 16:42:40,2,5,Otoño
106081,NAPROXENO 550MG TAB. REC CJAX100UND,PORTUGAL GENERICO,0.0,10.0,3.0,2026-05-19 16:56:12,15,5,Otoño
106081,NAPROXENO 550MG TAB. REC CJAX100UND,PORTUGAL GENERICO,0.0,10.0,3.0,2026-05-19 18:27:56,9,5,Otoño
106081,NAPROXENO 550MG TAB. REC CJAX100UND,PORTUGAL GENERICO,0.0,10.0,3.0,2026-05-19 19:12:35,16,5,Otoño
106081,NAPROXENO 550MG TAB. REC CJAX100UND,PORTUGAL GENERICO,0.0,10.0,3.0,2026-05-19 19:32:43,4,5,Otoño
106081,NAPROXENO 550MG TAB. REC CJAX100UND,PORTUGAL GENERICO,0.0,10.0,3.0,2026-05-19 20:51:31,1,5,Otoño
106081,NAPROXENO 550MG TAB. REC CJAX100UND,PORTUGAL GENERICO,0.0,10.0,3.0,2026-05-19 21:05:24,4,5,Otoño
106081,NAPROXENO 550MG TAB. REC CJAX100UND,PORTUGAL GENERICO,0.0,10.0,3.0,2026-05-19 21:06:01,7,5,Otoño
106081,NAPROXENO 550MG TAB. REC CJAX100UND,PORTUGAL GENERICO,0.0,10.0,3.0,2026-05-19 21:09:20,9,5,Otoño
106081,NAPROXENO 550MG TAB. REC CJAX100UND,PORTUGAL GENERICO,0.0,10.0,3.0,2026-05-19 21:26:03,17,5,Otoño
106081,NAPROXENO 550MG TAB. REC CJAX100UND,PORTUGAL GENERICO,0.0,20.0,6.0,2026-05-19 21:36:32,3,5,Otoño
106081,NAPROXENO 550MG TAB. REC CJAX100UND,PORTUGAL GENERICO,0.0,10.0,3.0,2026-05-19 22:29:24,6,5,Otoño
106081,NAPROXENO 550MG TAB. REC CJAX100UND,PORTUGAL GENERICO,0.0,10.0,3.0,2026-05-19 22:31:50,2,5,Otoño
106081,NAPROXENO 550MG TAB. REC CJAX100UND,PORTUGAL GENERICO,0.0,10.0,3.0,2026-05-20 08:13:52,9,5,Otoño
106081,NAPROXENO 550MG TAB. REC CJAX100UND,PORTUGAL GENERICO,0.0,20.0,6.0,2026-05-20 08:15:35,6,5,Otoño
106081,NAPROXENO 550MG TAB. REC CJAX100UND,PORTUGAL GENERICO,0.0,10.0,3.0,2026-05-20 09:14:32,6,5,Otoño
106081,NAPROXENO 550MG TAB. REC CJAX100UND,PORTUGAL GENERICO,0.0,3.0,0.9,2026-05-20 09:45:11,18,5,Otoño
106081,NAPROXENO 550MG TAB. REC CJAX100UND,PORTUGAL GENERICO,0.0,20.0,6.0,2026-05-20 09:59:05,9,5,Otoño
106081,NAPROXENO 550MG TAB. REC CJAX100UND,PORTUGAL GENERICO,0.0,10.0,3.0,2026-05-20 10:04:50,15,5,Otoño
106081,NAPROXENO 550MG TAB. REC CJAX100UND,PORTUGAL GENERICO,0.0,10.0,3.0,2026-05-20 10:55:19,5,5,Otoño
106081,NAPROXENO 550MG TAB. REC CJAX100UND,PORTUGAL GENERICO,0.0,10.0,3.0,2026-05-20 10:57:54,19,5,Otoño
106081,NAPROXENO 550MG TAB. REC CJAX100UND,PORTUGAL GENERICO,0.0,10.0,3.0,2026-05-20 11:09:51,6,5,Otoño
106081,NAPROXENO 550MG TAB. REC CJAX100UND,PORTUGAL GENERICO,0.0,10.0,3.0,2026-05-20 11:43:26,9,5,Otoño
106081,NAPROXENO 550MG TAB. REC CJAX100UND,PORTUGAL GENERICO,0.0,10.0,3.0,2026-05-20 14:14:43,10,5,Otoño
106081,NAPROXENO 550MG TAB. REC CJAX100UND,PORTUGAL GENERICO,0.0,20.0,6.0,2026-05-20 16:01:27,18,5,Otoño
106081,NAPROXENO 550MG TAB. REC CJAX100UND,PORTUGAL GENERICO,0.0,10.0,3.0,2026-05-20 17:47:12,2,5,Otoño
106081,NAPROXENO 550MG TAB. REC CJAX100UND,PORTUGAL GENERICO,0.0,10.0,3.0,2026-05-20 17:58:31,2,5,Otoño
106081,NAPROXENO 550MG TAB. REC CJAX100UND,PORTUGAL GENERICO,0.0,10.0,3.0,2026-05-20 18:06:39,2,5,Otoño
106081,NAPROXENO 550MG TAB. REC CJAX100UND,PORTUGAL GENERICO,0.0,10.0,3.0,2026-05-20 18:16:57,13,5,Otoño
106081,NAPROXENO 550MG TAB. REC CJAX100UND,PORTUGAL GENERICO,0.0,10.0,3.0,2026-05-20 18:17:07,1,5,Otoño
106081,NAPROXENO 550MG TAB. REC CJAX100UND,PORTUGAL GENERICO,0.0,10.0,3.0,2026-05-20 18:18:01,1,5,Otoño
106081,NAPROXENO 550MG TAB. REC CJAX100UND,PORTUGAL GENERICO,0.0,10.0,3.0,2026-05-20 18:27:35,9,5,Otoño
106081,NAPROXENO 550MG TAB. REC CJAX100UND,PORTUGAL GENERICO,0.0,10.0,3.0,2026-05-20 18:44:22,10,5,Otoño
106081,NAPROXENO 550MG TAB. REC CJAX100UND,PORTUGAL GENERICO,0.0,10.0,3.0,2026-05-20 19:15:47,5,5,Otoño
106081,NAPROXENO 550MG TAB. REC CJAX100UND,PORTUGAL GENERICO,0.0,10.0,3.0,2026-05-20 19:47:44,8,5,Otoño
106081,NAPROXENO 550MG TAB. REC CJAX100UND,PORTUGAL GENERICO,0.0,10.0,3.0,2026-05-20 22:32:57,16,5,Otoño
106081,NAPROXENO 550MG TAB. REC CJAX100UND,PORTUGAL GENERICO,0.0,10.0,3.0,2026-05-21 08:04:48,9,5,Otoño
106081,NAPROXENO 550MG TAB. REC CJAX100UND,PORTUGAL GENERICO,0.0,20.0,6.0,2026-05-21 08:17:00,9,5,Otoño
106081,NAPROXENO 550MG TAB. REC CJAX100UND,PORTUGAL GENERICO,0.0,30.0,9.0,2026-05-21 09:54:06,5,5,Otoño
106081,NAPROXENO 550MG TAB. REC CJAX100UND,PORTUGAL GENERICO,0.0,10.0,3.0,2026-05-21 09:54:27,12,5,Otoño
106081,NAPROXENO 550MG TAB. REC CJAX100UND,PORTUGAL GENERICO,0.0,10.0,3.0,2026-05-21 10:44:24,5,5,Otoño
106081,NAPROXENO 550MG TAB. REC CJAX100UND,PORTUGAL GENERICO,0.0,10.0,3.0,2026-05-21 11:40:06,8,5,Otoño
106081,NAPROXENO 550MG TAB. REC CJAX100UND,PORTUGAL GENERICO,0.0,10.0,3.0,2026-05-21 11:59:51,10,5,Otoño
106081,NAPROXENO 550MG TAB. REC CJAX100UND,PORTUGAL GENERICO,0.0,10.0,3.0,2026-05-21 12:28:48,9,5,Otoño
106081,NAPROXENO 550MG TAB. REC CJAX100UND,PORTUGAL GENERICO,0.0,10.0,3.0,2026-05-21 15:24:38,7,5,Otoño
106081,NAPROXENO 550MG TAB. REC CJAX100UND,PORTUGAL GENERICO,0.0,10.0,3.0,2026-05-21 16:09:28,5,5,Otoño
106081,NAPROXENO 550MG TAB. REC CJAX100UND,PORTUGAL GENERICO,0.0,30.0,9.0,2026-05-21 16:44:37,1,5,Otoño
106081,NAPROXENO 550MG TAB. REC CJAX100UND,PORTUGAL GENERICO,0.0,10.0,3.0,2026-05-21 16:45:25,15,5,Otoño
106081,NAPROXENO 550MG TAB. REC CJAX100UND,PORTUGAL GENERICO,0.0,10.0,3.0,2026-05-21 17:04:36,8,5,Otoño
106081,NAPROXENO 550MG TAB. REC CJAX100UND,PORTUGAL GENERICO,0.0,10.0,3.0,2026-05-21 17:59:36,10,5,Otoño
106081,NAPROXENO 550MG TAB. REC CJAX100UND,PORTUGAL GENERICO,0.0,10.0,3.0,2026-05-21 18:03:36,1,5,Otoño
106081,NAPROXENO 550MG TAB. REC CJAX100UND,PORTUGAL GENERICO,0.0,20.0,6.0,2026-05-21 18:19:58,5,5,Otoño
106081,NAPROXENO 550MG TAB. REC CJAX100UND,PORTUGAL GENERICO,0.0,10.0,3.0,2026-05-21 18:53:31,6,5,Otoño
106081,NAPROXENO 550MG TAB. REC CJAX100UND,PORTUGAL GENERICO,0.0,10.0,3.0,2026-05-21 19:15:55,2,5,Otoño
106081,NAPROXENO 550MG TAB. REC CJAX100UND,PORTUGAL GENERICO,0.0,10.0,3.0,2026-05-21 19:30:01,16,5,Otoño
106081,NAPROXENO 550MG TAB. REC CJAX100UND,PORTUGAL GENERICO,0.0,15.0,4.5,2026-05-21 19:38:28,9,5,Otoño
106081,NAPROXENO 550MG TAB. REC CJAX100UND,PORTUGAL GENERICO,0.0,10.0,3.0,2026-05-21 20:20:18,12,5,Otoño
106081,NAPROXENO 550MG TAB. REC CJAX100UND,PORTUGAL GENERICO,0.0,10.0,3.0,2026-05-21 21:01:45,2,5,Otoño
106081,NAPROXENO 550MG TAB. REC CJAX100UND,PORTUGAL GENERICO,0.0,10.0,3.0,2026-05-21 21:18:16,9,5,Otoño
106081,NAPROXENO 550MG TAB. REC CJAX100UND,PORTUGAL GENERICO,0.0,10.0,3.0,2026-05-21 21:20:52,16,5,Otoño
106081,NAPROXENO 550MG TAB. REC CJAX100UND,PORTUGAL GENERICO,0.0,10.0,3.0,2026-05-21 21:47:55,4,5,Otoño
106081,NAPROXENO 550MG TAB. REC CJAX100UND,PORTUGAL GENERICO,0.0,20.0,6.0,2026-05-21 22:45:06,15,5,Otoño
106081,NAPROXENO 550MG TAB. REC CJAX100UND,PORTUGAL GENERICO,0.0,1.0,0.3,2026-05-22 07:52:35,17,5,Otoño
106081,NAPROXENO 550MG TAB. REC CJAX100UND,PORTUGAL GENERICO,0.0,10.0,3.0,2026-05-22 08:33:09,13,5,Otoño
106081,NAPROXENO 550MG TAB. REC CJAX100UND,PORTUGAL GENERICO,0.0,10.0,3.0,2026-05-22 09:18:06,16,5,Otoño
106081,NAPROXENO 550MG TAB. REC CJAX100UND,PORTUGAL GENERICO,0.0,10.0,3.0,2026-05-22 10:05:36,15,5,Otoño
106081,NAPROXENO 550MG TAB. REC CJAX100UND,PORTUGAL GENERICO,0.0,10.0,3.0,2026-05-22 10:21:48,9,5,Otoño
106081,NAPROXENO 550MG TAB. REC CJAX100UND,PORTUGAL GENERICO,0.0,10.0,3.0,2026-05-22 11:04:06,7,5,Otoño
106081,NAPROXENO 550MG TAB. REC CJAX100UND,PORTUGAL GENERICO,0.0,5.0,1.5,2026-05-22 11:47:49,11,5,Otoño
106081,NAPROXENO 550MG TAB. REC CJAX100UND,PORTUGAL GENERICO,0.0,10.0,3.0,2026-05-22 12:57:46,4,5,Otoño
106081,NAPROXENO 550MG TAB. REC CJAX100UND,PORTUGAL GENERICO,0.0,10.0,3.0,2026-05-22 15:20:53,17,5,Otoño
106081,NAPROXENO 550MG TAB. REC CJAX100UND,PORTUGAL GENERICO,0.0,10.0,3.0,2026-05-22 15:25:08,2,5,Otoño
106081,NAPROXENO 550MG TAB. REC CJAX100UND,PORTUGAL GENERICO,0.0,10.0,3.0,2026-05-22 15:27:20,2,5,Otoño
106081,NAPROXENO 550MG TAB. REC CJAX100UND,PORTUGAL GENERICO,0.0,10.0,3.0,2026-05-22 15:28:50,2,5,Otoño
106081,NAPROXENO 550MG TAB. REC CJAX100UND,PORTUGAL GENERICO,0.0,10.0,3.0,2026-05-22 15:54:33,2,5,Otoño
106081,NAPROXENO 550MG TAB. REC CJAX100UND,PORTUGAL GENERICO,0.0,5.0,1.5,2026-05-22 16:07:54,5,5,Otoño
106081,NAPROXENO 550MG TAB. REC CJAX100UND,PORTUGAL GENERICO,0.0,10.0,3.0,2026-05-22 16:42:03,6,5,Otoño
106081,NAPROXENO 550MG TAB. REC CJAX100UND,PORTUGAL GENERICO,0.0,10.0,3.0,2026-05-22 17:24:34,1,5,Otoño
106081,NAPROXENO 550MG TAB. REC CJAX100UND,PORTUGAL GENERICO,0.0,10.0,3.0,2026-05-22 18:25:54,11,5,Otoño
106081,NAPROXENO 550MG TAB. REC CJAX100UND,PORTUGAL GENERICO,0.0,10.0,3.0,2026-05-22 18:46:39,1,5,Otoño
106081,NAPROXENO 550MG TAB. REC CJAX100UND,PORTUGAL GENERICO,0.0,20.0,6.0,2026-05-22 18:48:21,17,5,Otoño
106081,NAPROXENO 550MG TAB. REC CJAX100UND,PORTUGAL GENERICO,0.0,5.0,1.5,2026-05-22 18:54:48,19,5,Otoño
106081,NAPROXENO 550MG TAB. REC CJAX100UND,PORTUGAL GENERICO,0.0,10.0,3.0,2026-05-22 19:01:11,9,5,Otoño
106081,NAPROXENO 550MG TAB. REC CJAX100UND,PORTUGAL GENERICO,0.0,10.0,3.0,2026-05-22 20:44:37,7,5,Otoño
106081,NAPROXENO 550MG TAB. REC CJAX100UND,PORTUGAL GENERICO,0.0,10.0,3.0,2026-05-22 20:45:50,9,5,Otoño
106081,NAPROXENO 550MG TAB. REC CJAX100UND,PORTUGAL GENERICO,0.0,10.0,3.0,2026-05-22 22:08:05,15,5,Otoño
106081,NAPROXENO 550MG TAB. REC CJAX100UND,PORTUGAL GENERICO,0.0,20.0,6.0,2026-05-22 22:20:32,6,5,Otoño
106081,NAPROXENO 550MG TAB. REC CJAX100UND,PORTUGAL GENERICO,0.0,10.0,3.0,2026-05-22 22:22:23,9,5,Otoño
106081,NAPROXENO 550MG TAB. REC CJAX100UND,PORTUGAL GENERICO,0.0,10.0,3.0,2026-05-22 22:39:24,5,5,Otoño
106081,NAPROXENO 550MG TAB. REC CJAX100UND,PORTUGAL GENERICO,0.0,10.0,3.0,2026-05-22 22:53:58,5,5,Otoño
106081,NAPROXENO 550MG TAB. REC CJAX100UND,PORTUGAL GENERICO,0.0,-10.0,-3.0,2026-05-22 22:57:33,5,5,Otoño
106081,NAPROXENO 550MG TAB. REC CJAX100UND,PORTUGAL GENERICO,0.0,10.0,3.0,2026-05-23 08:29:09,4,5,Otoño
106081,NAPROXENO 550MG TAB. REC CJAX100UND,PORTUGAL GENERICO,0.0,10.0,3.0,2026-05-23 08:48:36,6,5,Otoño
106081,NAPROXENO 550MG TAB. REC CJAX100UND,PORTUGAL GENERICO,0.0,10.0,3.0,2026-05-23 09:13:06,19,5,Otoño
106081,NAPROXENO 550MG TAB. REC CJAX100UND,PORTUGAL GENERICO,0.0,10.0,3.0,2026-05-23 09:16:51,2,5,Otoño
106081,NAPROXENO 550MG TAB. REC CJAX100UND,PORTUGAL GENERICO,0.0,10.0,3.0,2026-05-23 09:31:04,6,5,Otoño
106081,NAPROXENO 550MG TAB. REC CJAX100UND,PORTUGAL GENERICO,0.0,5.0,1.5,2026-05-23 10:32:06,2,5,Otoño
106081,NAPROXENO 550MG TAB. REC CJAX100UND,PORTUGAL GENERICO,0.0,10.0,3.0,2026-05-23 11:21:27,9,5,Otoño
106081,NAPROXENO 550MG TAB. REC CJAX100UND,PORTUGAL GENERICO,0.0,10.0,3.0,2026-05-23 13:21:10,7,5,Otoño
106081,NAPROXENO 550MG TAB. REC CJAX100UND,PORTUGAL GENERICO,0.0,10.0,3.0,2026-05-23 13:27:15,5,5,Otoño
106081,NAPROXENO 550MG TAB. REC CJAX100UND,PORTUGAL GENERICO,0.0,10.0,3.0,2026-05-23 14:38:16,14,5,Otoño
106081,NAPROXENO 550MG TAB. REC CJAX100UND,PORTUGAL GENERICO,0.0,10.0,3.0,2026-05-23 15:55:47,9,5,Otoño
106081,NAPROXENO 550MG TAB. REC CJAX100UND,PORTUGAL GENERICO,0.0,10.0,3.0,2026-05-23 16:07:37,7,5,Otoño
106081,NAPROXENO 550MG TAB. REC CJAX100UND,PORTUGAL GENERICO,0.0,10.0,3.0,2026-05-23 16:36:07,16,5,Otoño
106081,NAPROXENO 550MG TAB. REC CJAX100UND,PORTUGAL GENERICO,0.0,10.0,3.0,2026-05-23 17:39:01,6,5,Otoño
106081,NAPROXENO 550MG TAB. REC CJAX100UND,PORTUGAL GENERICO,0.0,10.0,3.0,2026-05-23 17:51:40,3,5,Otoño
106081,NAPROXENO 550MG TAB. REC CJAX100UND,PORTUGAL GENERICO,0.0,10.0,3.0,2026-05-23 18:25:34,11,5,Otoño
106081,NAPROXENO 550MG TAB. REC CJAX100UND,PORTUGAL GENERICO,0.0,10.0,3.0,2026-05-23 18:27:29,1,5,Otoño
106081,NAPROXENO 550MG TAB. REC CJAX100UND,PORTUGAL GENERICO,0.0,30.0,9.0,2026-05-23 18:56:21,9,5,Otoño
106081,NAPROXENO 550MG TAB. REC CJAX100UND,PORTUGAL GENERICO,0.0,10.0,3.0,2026-05-23 20:40:37,10,5,Otoño
106081,NAPROXENO 550MG TAB. REC CJAX100UND,PORTUGAL GENERICO,0.0,10.0,3.0,2026-05-23 21:18:04,11,5,Otoño
106081,NAPROXENO 550MG TAB. REC CJAX100UND,PORTUGAL GENERICO,0.0,10.0,3.0,2026-05-23 21:31:43,3,5,Otoño
106081,NAPROXENO 550MG TAB. REC CJAX100UND,PORTUGAL GENERICO,0.0,10.0,3.0,2026-05-23 22:01:33,1,5,Otoño
106081,NAPROXENO 550MG TAB. REC CJAX100UND,PORTUGAL GENERICO,0.0,10.0,3.0,2026-05-23 22:57:38,7,5,Otoño
106081,NAPROXENO 550MG TAB. REC CJAX100UND,PORTUGAL GENERICO,0.0,10.0,3.0,2026-05-24 11:01:54,11,5,Otoño
106081,NAPROXENO 550MG TAB. REC CJAX100UND,PORTUGAL GENERICO,0.0,10.0,3.0,2026-05-24 12:00:46,6,5,Otoño
106081,NAPROXENO 550MG TAB. REC CJAX100UND,PORTUGAL GENERICO,0.0,10.0,3.0,2026-05-24 12:03:24,19,5,Otoño
106081,NAPROXENO 550MG TAB. REC CJAX100UND,PORTUGAL GENERICO,0.0,10.0,3.0,2026-05-24 12:52:43,14,5,Otoño
106081,NAPROXENO 550MG TAB. REC CJAX100UND,PORTUGAL GENERICO,0.0,10.0,3.0,2026-05-24 14:31:46,15,5,Otoño
106081,NAPROXENO 550MG TAB. REC CJAX100UND,PORTUGAL GENERICO,0.0,10.0,3.0,2026-05-24 16:20:03,11,5,Otoño
106081,NAPROXENO 550MG TAB. REC CJAX100UND,PORTUGAL GENERICO,0.0,10.0,3.0,2026-05-24 17:23:34,7,5,Otoño
106081,NAPROXENO 550MG TAB. REC CJAX100UND,PORTUGAL GENERICO,0.0,10.0,3.0,2026-05-24 18:30:20,15,5,Otoño
106081,NAPROXENO 550MG TAB. REC CJAX100UND,PORTUGAL GENERICO,0.0,10.0,3.0,2026-05-24 19:12:59,6,5,Otoño
106081,NAPROXENO 550MG TAB. REC CJAX100UND,PORTUGAL GENERICO,0.0,10.0,3.0,2026-05-24 19:44:28,5,5,Otoño
106081,NAPROXENO 550MG TAB. REC CJAX100UND,PORTUGAL GENERICO,0.0,10.0,3.0,2026-05-24 19:51:50,11,5,Otoño
106081,NAPROXENO 550MG TAB. REC CJAX100UND,PORTUGAL GENERICO,0.0,10.0,3.0,2026-05-24 20:12:00,1,5,Otoño
106081,NAPROXENO 550MG TAB. REC CJAX100UND,PORTUGAL GENERICO,0.0,10.0,3.0,2026-05-24 20:22:09,15,5,Otoño
106081,NAPROXENO 550MG TAB. REC CJAX100UND,PORTUGAL GENERICO,0.0,10.0,3.0,2026-05-24 21:04:34,5,5,Otoño
106081,NAPROXENO 550MG TAB. REC CJAX100UND,PORTUGAL GENERICO,0.0,10.0,3.0,2026-05-24 22:33:37,4,5,Otoño
106081,NAPROXENO 550MG TAB. REC CJAX100UND,PORTUGAL GENERICO,0.0,30.0,9.0,2026-05-25 07:13:48,6,5,Otoño
106081,NAPROXENO 550MG TAB. REC CJAX100UND,PORTUGAL GENERICO,0.0,10.0,3.0,2026-05-25 09:19:16,3,5,Otoño
106081,NAPROXENO 550MG TAB. REC CJAX100UND,PORTUGAL GENERICO,0.0,10.0,3.0,2026-05-25 09:34:47,3,5,Otoño
106081,NAPROXENO 550MG TAB. REC CJAX100UND,PORTUGAL GENERICO,0.0,10.0,3.0,2026-05-25 10:23:58,11,5,Otoño
106081,NAPROXENO 550MG TAB. REC CJAX100UND,PORTUGAL GENERICO,0.0,10.0,3.0,2026-05-25 10:24:19,4,5,Otoño
106081,NAPROXENO 550MG TAB. REC CJAX100UND,PORTUGAL GENERICO,0.0,10.0,3.0,2026-05-25 10:34:55,6,5,Otoño
106081,NAPROXENO 550MG TAB. REC CJAX100UND,PORTUGAL GENERICO,0.0,20.0,6.0,2026-05-25 13:14:33,8,5,Otoño
106081,NAPROXENO 550MG TAB. REC CJAX100UND,PORTUGAL GENERICO,0.0,10.0,3.0,2026-05-25 13:36:31,5,5,Otoño
106081,NAPROXENO 550MG TAB. REC CJAX100UND,PORTUGAL GENERICO,0.0,10.0,3.0,2026-05-25 14:48:47,16,5,Otoño
106081,NAPROXENO 550MG TAB. REC CJAX100UND,PORTUGAL GENERICO,0.0,10.0,3.0,2026-05-25 15:40:02,6,5,Otoño
106081,NAPROXENO 550MG TAB. REC CJAX100UND,PORTUGAL GENERICO,0.0,20.0,6.0,2026-05-25 19:24:58,7,5,Otoño
106081,NAPROXENO 550MG TAB. REC CJAX100UND,PORTUGAL GENERICO,0.0,10.0,3.0,2026-05-25 20:03:11,16,5,Otoño
106081,NAPROXENO 550MG TAB. REC CJAX100UND,PORTUGAL GENERICO,0.0,10.0,3.0,2026-05-25 20:37:39,3,5,Otoño
106081,NAPROXENO 550MG TAB. REC CJAX100UND,PORTUGAL GENERICO,0.0,10.0,3.0,2026-05-25 21:18:09,6,5,Otoño
106081,NAPROXENO 550MG TAB. REC CJAX100UND,PORTUGAL GENERICO,0.0,10.0,3.0,2026-05-25 21:23:57,2,5,Otoño
106081,NAPROXENO 550MG TAB. REC CJAX100UND,PORTUGAL GENERICO,0.0,10.0,3.0,2026-05-25 21:24:54,16,5,Otoño
106081,NAPROXENO 550MG TAB. REC CJAX100UND,PORTUGAL GENERICO,0.0,10.0,3.0,2026-05-26 09:48:55,16,5,Otoño
106081,NAPROXENO 550MG TAB. REC CJAX100UND,PORTUGAL GENERICO,0.0,10.0,3.0,2026-05-26 10:04:29,2,5,Otoño
106081,NAPROXENO 550MG TAB. REC CJAX100UND,PORTUGAL GENERICO,0.0,10.0,3.0,2026-05-26 10:15:20,6,5,Otoño
106081,NAPROXENO 550MG TAB. REC CJAX100UND,PORTUGAL GENERICO,0.0,10.0,3.0,2026-05-26 12:24:24,1,5,Otoño
106081,NAPROXENO 550MG TAB. REC CJAX100UND,PORTUGAL GENERICO,0.0,20.0,6.0,2026-05-26 13:11:27,3,5,Otoño
106081,NAPROXENO 550MG TAB. REC CJAX100UND,PORTUGAL GENERICO,0.0,10.0,3.0,2026-05-26 15:06:07,14,5,Otoño
106081,NAPROXENO 550MG TAB. REC CJAX100UND,PORTUGAL GENERICO,0.0,10.0,3.0,2026-05-26 15:29:17,1,5,Otoño
106081,NAPROXENO 550MG TAB. REC CJAX100UND,PORTUGAL GENERICO,0.0,10.0,3.0,2026-05-26 16:38:16,3,5,Otoño
106081,NAPROXENO 550MG TAB. REC CJAX100UND,PORTUGAL GENERICO,0.0,10.0,3.0,2026-05-26 17:16:49,5,5,Otoño
106081,NAPROXENO 550MG TAB. REC CJAX100UND,PORTUGAL GENERICO,0.0,10.0,3.0,2026-05-26 17:47:47,10,5,Otoño
106081,NAPROXENO 550MG TAB. REC CJAX100UND,PORTUGAL GENERICO,0.0,10.0,3.0,2026-05-26 18:08:02,9,5,Otoño
106081,NAPROXENO 550MG TAB. REC CJAX100UND,PORTUGAL GENERICO,0.0,10.0,3.0,2026-05-26 18:42:10,19,5,Otoño
106081,NAPROXENO 550MG TAB. REC CJAX100UND,PORTUGAL GENERICO,0.0,10.0,3.0,2026-05-26 18:42:21,13,5,Otoño
106081,NAPROXENO 550MG TAB. REC CJAX100UND,PORTUGAL GENERICO,0.0,10.0,3.0,2026-05-26 19:53:55,9,5,Otoño
106081,NAPROXENO 550MG TAB. REC CJAX100UND,PORTUGAL GENERICO,0.0,10.0,3.0,2026-05-26 20:05:41,4,5,Otoño
106081,NAPROXENO 550MG TAB. REC CJAX100UND,PORTUGAL GENERICO,0.0,5.0,1.5,2026-05-26 22:48:05,16,5,Otoño
106081,NAPROXENO 550MG TAB. REC CJAX100UND,PORTUGAL GENERICO,0.0,10.0,3.0,2026-05-27 09:44:11,6,5,Otoño
106081,NAPROXENO 550MG TAB. REC CJAX100UND,PORTUGAL GENERICO,0.0,10.0,3.0,2026-05-27 09:59:04,5,5,Otoño
106081,NAPROXENO 550MG TAB. REC CJAX100UND,PORTUGAL GENERICO,0.0,10.0,3.0,2026-05-27 11:30:05,13,5,Otoño
106081,NAPROXENO 550MG TAB. REC CJAX100UND,PORTUGAL GENERICO,0.0,10.0,3.0,2026-05-27 14:00:43,9,5,Otoño
106081,NAPROXENO 550MG TAB. REC CJAX100UND,PORTUGAL GENERICO,0.0,10.0,3.0,2026-05-27 14:02:42,3,5,Otoño
106081,NAPROXENO 550MG TAB. REC CJAX100UND,PORTUGAL GENERICO,0.0,9.0,2.7,2026-05-27 14:12:14,3,5,Otoño
106081,NAPROXENO 550MG TAB. REC CJAX100UND,PORTUGAL GENERICO,0.0,3.0,0.9,2026-05-27 14:27:29,18,5,Otoño
106081,NAPROXENO 550MG TAB. REC CJAX100UND,PORTUGAL GENERICO,0.0,10.0,3.0,2026-05-27 14:32:51,1,5,Otoño
106081,NAPROXENO 550MG TAB. REC CJAX100UND,PORTUGAL GENERICO,0.0,10.0,3.0,2026-05-27 16:35:24,8,5,Otoño
106081,NAPROXENO 550MG TAB. REC CJAX100UND,PORTUGAL GENERICO,0.0,10.0,3.0,2026-05-27 16:38:45,2,5,Otoño
106081,NAPROXENO 550MG TAB. REC CJAX100UND,PORTUGAL GENERICO,0.0,10.0,3.0,2026-05-27 16:45:46,5,5,Otoño
106081,NAPROXENO 550MG TAB. REC CJAX100UND,PORTUGAL GENERICO,0.0,10.0,3.0,2026-05-27 18:10:05,11,5,Otoño
106081,NAPROXENO 550MG TAB. REC CJAX100UND,PORTUGAL GENERICO,0.0,5.0,1.5,2026-05-27 18:13:17,5,5,Otoño
106081,NAPROXENO 550MG TAB. REC CJAX100UND,PORTUGAL GENERICO,0.0,10.0,3.0,2026-05-27 18:17:59,3,5,Otoño
106081,NAPROXENO 550MG TAB. REC CJAX100UND,PORTUGAL GENERICO,0.0,10.0,3.0,2026-05-27 18:18:32,4,5,Otoño
106081,NAPROXENO 550MG TAB. REC CJAX100UND,PORTUGAL GENERICO,0.0,10.0,3.0,2026-05-27 18:47:00,1,5,Otoño
106081,NAPROXENO 550MG TAB. REC CJAX100UND,PORTUGAL GENERICO,0.0,10.0,3.0,2026-05-27 19:03:41,5,5,Otoño
106081,NAPROXENO 550MG TAB. REC CJAX100UND,PORTUGAL GENERICO,0.0,10.0,3.0,2026-05-27 19:13:41,2,5,Otoño
106081,NAPROXENO 550MG TAB. REC CJAX100UND,PORTUGAL GENERICO,0.0,10.0,3.0,2026-05-27 20:01:35,19,5,Otoño
106081,NAPROXENO 550MG TAB. REC CJAX100UND,PORTUGAL GENERICO,0.0,10.0,3.0,2026-05-27 20:04:39,10,5,Otoño
106081,NAPROXENO 550MG TAB. REC CJAX100UND,PORTUGAL GENERICO,0.0,10.0,3.0,2026-05-27 20:11:48,5,5,Otoño
106081,NAPROXENO 550MG TAB. REC CJAX100UND,PORTUGAL GENERICO,0.0,10.0,3.0,2026-05-27 20:13:54,9,5,Otoño
106081,NAPROXENO 550MG TAB. REC CJAX100UND,PORTUGAL GENERICO,0.0,10.0,3.0,2026-05-27 20:41:15,2,5,Otoño
106081,NAPROXENO 550MG TAB. REC CJAX100UND,PORTUGAL GENERICO,0.0,10.0,3.0,2026-05-27 21:08:45,2,5,Otoño
106081,NAPROXENO 550MG TAB. REC CJAX100UND,PORTUGAL GENERICO,0.0,10.0,3.0,2026-05-27 21:18:35,9,5,Otoño
106081,NAPROXENO 550MG TAB. REC CJAX100UND,PORTUGAL GENERICO,0.0,10.0,3.0,2026-05-27 21:19:07,9,5,Otoño
106081,NAPROXENO 550MG TAB. REC CJAX100UND,PORTUGAL GENERICO,0.0,10.0,3.0,2026-05-27 21:20:09,9,5,Otoño
106081,NAPROXENO 550MG TAB. REC CJAX100UND,PORTUGAL GENERICO,0.0,10.0,3.0,2026-05-28 07:11:04,2,5,Otoño
106081,NAPROXENO 550MG TAB. REC CJAX100UND,PORTUGAL GENERICO,0.0,10.0,3.0,2026-05-28 08:16:28,4,5,Otoño
106081,NAPROXENO 550MG TAB. REC CJAX100UND,PORTUGAL GENERICO,0.0,10.0,3.0,2026-05-28 08:19:05,13,5,Otoño
106081,NAPROXENO 550MG TAB. REC CJAX100UND,PORTUGAL GENERICO,0.0,10.0,3.0,2026-05-28 08:57:29,10,5,Otoño
106081,NAPROXENO 550MG TAB. REC CJAX100UND,PORTUGAL GENERICO,0.0,10.0,3.0,2026-05-28 10:37:37,3,5,Otoño
106081,NAPROXENO 550MG TAB. REC CJAX100UND,PORTUGAL GENERICO,0.0,10.0,3.0,2026-05-28 11:45:29,3,5,Otoño
106081,NAPROXENO 550MG TAB. REC CJAX100UND,PORTUGAL GENERICO,0.0,10.0,3.0,2026-05-28 12:27:44,5,5,Otoño
106081,NAPROXENO 550MG TAB. REC CJAX100UND,PORTUGAL GENERICO,0.0,10.0,3.0,2026-05-28 14:03:25,10,5,Otoño
106081,NAPROXENO 550MG TAB. REC CJAX100UND,PORTUGAL GENERICO,0.0,10.0,3.0,2026-05-28 14:45:23,5,5,Otoño
106081,NAPROXENO 550MG TAB. REC CJAX100UND,PORTUGAL GENERICO,0.0,10.0,3.0,2026-05-28 15:53:42,2,5,Otoño
106081,NAPROXENO 550MG TAB. REC CJAX100UND,PORTUGAL GENERICO,0.0,10.0,3.0,2026-05-28 15:54:16,13,5,Otoño
106081,NAPROXENO 550MG TAB. REC CJAX100UND,PORTUGAL GENERICO,0.0,10.0,3.0,2026-05-28 18:55:18,5,5,Otoño
106081,NAPROXENO 550MG TAB. REC CJAX100UND,PORTUGAL GENERICO,0.0,5.0,1.5,2026-05-28 19:15:14,2,5,Otoño
106081,NAPROXENO 550MG TAB. REC CJAX100UND,PORTUGAL GENERICO,0.0,20.0,6.0,2026-05-28 19:54:44,5,5,Otoño
106081,NAPROXENO 550MG TAB. REC CJAX100UND,PORTUGAL GENERICO,0.0,10.0,3.0,2026-05-28 20:07:44,5,5,Otoño
106081,NAPROXENO 550MG TAB. REC CJAX100UND,PORTUGAL GENERICO,0.0,10.0,3.0,2026-05-28 20:37:19,7,5,Otoño
106081,NAPROXENO 550MG TAB. REC CJAX100UND,PORTUGAL GENERICO,0.0,20.0,6.0,2026-05-28 20:44:58,8,5,Otoño
106081,NAPROXENO 550MG TAB. REC CJAX100UND,PORTUGAL GENERICO,0.0,10.0,3.0,2026-05-28 20:58:16,16,5,Otoño
106081,NAPROXENO 550MG TAB. REC CJAX100UND,PORTUGAL GENERICO,0.0,10.0,3.0,2026-05-28 21:15:20,15,5,Otoño
106081,NAPROXENO 550MG TAB. REC CJAX100UND,PORTUGAL GENERICO,0.0,30.0,9.0,2026-05-28 21:43:54,5,5,Otoño
106081,NAPROXENO 550MG TAB. REC CJAX100UND,PORTUGAL GENERICO,0.0,10.0,3.0,2026-05-28 21:51:31,3,5,Otoño
106081,NAPROXENO 550MG TAB. REC CJAX100UND,PORTUGAL GENERICO,0.0,10.0,3.0,2026-05-28 22:21:24,1,5,Otoño
106081,NAPROXENO 550MG TAB. REC CJAX100UND,PORTUGAL GENERICO,0.0,10.0,3.0,2026-05-28 22:49:29,4,5,Otoño
106081,NAPROXENO 550MG TAB. REC CJAX100UND,PORTUGAL GENERICO,0.0,10.0,3.0,2026-05-28 22:49:53,5,5,Otoño
106081,NAPROXENO 550MG TAB. REC CJAX100UND,PORTUGAL GENERICO,0.0,10.0,3.0,2026-05-29 07:36:18,14,5,Otoño
106081,NAPROXENO 550MG TAB. REC CJAX100UND,PORTUGAL GENERICO,0.0,10.0,3.0,2026-05-29 10:20:16,5,5,Otoño
106081,NAPROXENO 550MG TAB. REC CJAX100UND,PORTUGAL GENERICO,0.0,30.0,9.0,2026-05-29 11:45:29,14,5,Otoño
106081,NAPROXENO 550MG TAB. REC CJAX100UND,PORTUGAL GENERICO,0.0,10.0,3.0,2026-05-29 12:56:25,5,5,Otoño
106081,NAPROXENO 550MG TAB. REC CJAX100UND,PORTUGAL GENERICO,0.0,20.0,6.0,2026-05-29 13:07:52,9,5,Otoño
106081,NAPROXENO 550MG TAB. REC CJAX100UND,PORTUGAL GENERICO,0.0,10.0,3.0,2026-05-29 14:41:51,12,5,Otoño
106081,NAPROXENO 550MG TAB. REC CJAX100UND,PORTUGAL GENERICO,0.0,10.0,3.0,2026-05-29 17:05:30,5,5,Otoño
106081,NAPROXENO 550MG TAB. REC CJAX100UND,PORTUGAL GENERICO,0.0,10.0,3.0,2026-05-29 18:46:30,16,5,Otoño
106081,NAPROXENO 550MG TAB. REC CJAX100UND,PORTUGAL GENERICO,0.0,10.0,3.0,2026-05-29 20:33:09,5,5,Otoño
106081,NAPROXENO 550MG TAB. REC CJAX100UND,PORTUGAL GENERICO,0.0,10.0,3.0,2026-05-29 20:44:02,3,5,Otoño
106081,NAPROXENO 550MG TAB. REC CJAX100UND,PORTUGAL GENERICO,0.0,10.0,3.0,2026-05-29 21:14:45,7,5,Otoño
106081,NAPROXENO 550MG TAB. REC CJAX100UND,PORTUGAL GENERICO,0.0,10.0,3.0,2026-05-29 21:23:25,4,5,Otoño
106081,NAPROXENO 550MG TAB. REC CJAX100UND,PORTUGAL GENERICO,0.0,10.0,3.0,2026-05-29 22:14:23,18,5,Otoño
106081,NAPROXENO 550MG TAB. REC CJAX100UND,PORTUGAL GENERICO,0.0,30.0,9.0,2026-05-29 22:44:11,5,5,Otoño
106081,NAPROXENO 550MG TAB. REC CJAX100UND,PORTUGAL GENERICO,0.0,5.0,1.5,2026-05-29 22:56:48,12,5,Otoño
106081,NAPROXENO 550MG TAB. REC CJAX100UND,PORTUGAL GENERICO,0.0,10.0,3.0,2026-05-29 23:09:49,7,5,Otoño
106081,NAPROXENO 550MG TAB. REC CJAX100UND,PORTUGAL GENERICO,0.0,10.0,3.0,2026-05-30 09:35:46,6,5,Otoño
106081,NAPROXENO 550MG TAB. REC CJAX100UND,PORTUGAL GENERICO,0.0,10.0,3.0,2026-05-30 11:24:25,8,5,Otoño
106081,NAPROXENO 550MG TAB. REC CJAX100UND,PORTUGAL GENERICO,0.0,5.0,1.5,2026-05-30 12:46:36,16,5,Otoño
106081,NAPROXENO 550MG TAB. REC CJAX100UND,PORTUGAL GENERICO,0.0,10.0,3.0,2026-05-30 13:00:18,16,5,Otoño
106081,NAPROXENO 550MG TAB. REC CJAX100UND,PORTUGAL GENERICO,0.0,10.0,3.0,2026-05-30 14:05:23,13,5,Otoño
106081,NAPROXENO 550MG TAB. REC CJAX100UND,PORTUGAL GENERICO,0.0,10.0,3.0,2026-05-30 14:19:43,15,5,Otoño
106081,NAPROXENO 550MG TAB. REC CJAX100UND,PORTUGAL GENERICO,0.0,10.0,3.0,2026-05-30 16:02:48,13,5,Otoño
106081,NAPROXENO 550MG TAB. REC CJAX100UND,PORTUGAL GENERICO,0.0,10.0,3.0,2026-05-30 16:17:04,13,5,Otoño
106081,NAPROXENO 550MG TAB. REC CJAX100UND,PORTUGAL GENERICO,0.0,10.0,3.0,2026-05-30 16:56:46,1,5,Otoño
106081,NAPROXENO 550MG TAB. REC CJAX100UND,PORTUGAL GENERICO,0.0,10.0,3.0,2026-05-30 17:33:34,9,5,Otoño
106081,NAPROXENO 550MG TAB. REC CJAX100UND,PORTUGAL GENERICO,0.0,10.0,3.0,2026-05-30 17:49:05,10,5,Otoño
106081,NAPROXENO 550MG TAB. REC CJAX100UND,PORTUGAL GENERICO,0.0,20.0,6.0,2026-05-30 18:49:01,1,5,Otoño
106081,NAPROXENO 550MG TAB. REC CJAX100UND,PORTUGAL GENERICO,0.0,10.0,3.0,2026-05-30 19:09:29,9,5,Otoño
106081,NAPROXENO 550MG TAB. REC CJAX100UND,PORTUGAL GENERICO,0.0,10.0,3.0,2026-05-30 22:11:35,10,5,Otoño
106081,NAPROXENO 550MG TAB. REC CJAX100UND,PORTUGAL GENERICO,0.0,10.0,3.0,2026-05-30 22:20:25,7,5,Otoño
106081,NAPROXENO 550MG TAB. REC CJAX100UND,PORTUGAL GENERICO,0.0,10.0,3.0,2026-05-30 22:22:15,5,5,Otoño
106081,NAPROXENO 550MG TAB. REC CJAX100UND,PORTUGAL GENERICO,0.0,10.0,3.0,2026-05-31 08:36:33,17,5,Otoño
106081,NAPROXENO 550MG TAB. REC CJAX100UND,PORTUGAL GENERICO,0.0,5.0,1.5,2026-05-31 11:27:46,7,5,Otoño
106081,NAPROXENO 550MG TAB. REC CJAX100UND,PORTUGAL GENERICO,0.0,10.0,3.0,2026-05-31 12:47:19,4,5,Otoño
106081,NAPROXENO 550MG TAB. REC CJAX100UND,PORTUGAL GENERICO,0.0,10.0,3.0,2026-05-31 13:16:57,18,5,Otoño
106081,NAPROXENO 550MG TAB. REC CJAX100UND,PORTUGAL GENERICO,0.0,10.0,3.0,2026-05-31 15:42:18,5,5,Otoño
106081,NAPROXENO 550MG TAB. REC CJAX100UND,PORTUGAL GENERICO,0.0,10.0,3.0,2026-05-31 16:08:20,10,5,Otoño
106081,NAPROXENO 550MG TAB. REC CJAX100UND,PORTUGAL GENERICO,0.0,10.0,3.0,2026-05-31 17:17:21,15,5,Otoño
106081,NAPROXENO 550MG TAB. REC CJAX100UND,PORTUGAL GENERICO,0.0,10.0,3.0,2026-05-31 18:08:38,11,5,Otoño
106081,NAPROXENO 550MG TAB. REC CJAX100UND,PORTUGAL GENERICO,0.0,10.0,3.0,2026-05-31 19:41:41,7,5,Otoño
106081,NAPROXENO 550MG TAB. REC CJAX100UND,PORTUGAL GENERICO,0.0,10.0,3.0,2026-05-31 19:48:37,14,5,Otoño
106081,NAPROXENO 550MG TAB. REC CJAX100UND,PORTUGAL GENERICO,0.0,10.0,3.0,2026-05-31 20:20:34,11,5,Otoño
106081,NAPROXENO 550MG TAB. REC CJAX100UND,PORTUGAL GENERICO,0.0,10.0,3.0,2026-05-31 20:38:45,3,5,Otoño
106081,NAPROXENO 550MG TAB. REC CJAX100UND,PORTUGAL GENERICO,0.0,5.0,1.5,2026-05-31 21:33:17,3,5,Otoño
106081,NAPROXENO 550MG TAB. REC CJAX100UND,PORTUGAL GENERICO,0.0,10.0,3.0,2026-06-01 08:21:44,4,6,Invierno
106081,NAPROXENO 550MG TAB. REC CJAX100UND,PORTUGAL GENERICO,0.0,10.0,3.0,2026-06-01 10:47:32,3,6,Invierno
106081,NAPROXENO 550MG TAB. REC CJAX100UND,PORTUGAL GENERICO,0.0,10.0,3.0,2026-06-01 11:45:49,13,6,Invierno
106081,NAPROXENO 550MG TAB. REC CJAX100UND,PORTUGAL GENERICO,0.0,10.0,3.0,2026-06-01 13:44:32,6,6,Invierno
106081,NAPROXENO 550MG TAB. REC CJAX100UND,PORTUGAL GENERICO,0.0,10.0,3.0,2026-06-01 14:51:49,3,6,Invierno
106081,NAPROXENO 550MG TAB. REC CJAX100UND,PORTUGAL GENERICO,0.0,10.0,3.0,2026-06-01 15:09:26,12,6,Invierno
106081,NAPROXENO 550MG TAB. REC CJAX100UND,PORTUGAL GENERICO,0.0,10.0,3.0,2026-06-01 15:16:56,9,6,Invierno
106081,NAPROXENO 550MG TAB. REC CJAX100UND,PORTUGAL GENERICO,0.0,10.0,3.0,2026-06-01 17:25:23,1,6,Invierno
106081,NAPROXENO 550MG TAB. REC CJAX100UND,PORTUGAL GENERICO,0.0,10.0,3.0,2026-06-01 18:09:30,14,6,Invierno
106081,NAPROXENO 550MG TAB. REC CJAX100UND,PORTUGAL GENERICO,0.0,10.0,3.0,2026-06-01 19:13:32,1,6,Invierno
106081,NAPROXENO 550MG TAB. REC CJAX100UND,PORTUGAL GENERICO,0.0,20.0,6.0,2026-06-01 19:41:47,8,6,Invierno
106081,NAPROXENO 550MG TAB. REC CJAX100UND,PORTUGAL GENERICO,0.0,10.0,3.0,2026-06-01 20:20:24,10,6,Invierno
106081,NAPROXENO 550MG TAB. REC CJAX100UND,PORTUGAL GENERICO,0.0,10.0,3.0,2026-06-01 20:30:35,6,6,Invierno
106081,NAPROXENO 550MG TAB. REC CJAX100UND,PORTUGAL GENERICO,0.0,10.0,3.0,2026-06-01 20:43:34,6,6,Invierno
106081,NAPROXENO 550MG TAB. REC CJAX100UND,PORTUGAL GENERICO,0.0,10.0,3.0,2026-06-01 20:48:14,6,6,Invierno
106081,NAPROXENO 550MG TAB. REC CJAX100UND,PORTUGAL GENERICO,0.0,9.0,2.7,2026-06-01 23:12:23,10,6,Invierno
106081,NAPROXENO 550MG TAB. REC CJAX100UND,PORTUGAL GENERICO,0.0,10.0,3.0,2026-06-01 23:47:14,5,6,Invierno
106081,NAPROXENO 550MG TAB. REC CJAX100UND,PORTUGAL GENERICO,0.0,10.0,3.0,2026-06-02 08:38:36,6,6,Invierno
106081,NAPROXENO 550MG TAB. REC CJAX100UND,PORTUGAL GENERICO,0.0,10.0,3.0,2026-06-02 09:27:20,6,6,Invierno
106081,NAPROXENO 550MG TAB. REC CJAX100UND,PORTUGAL GENERICO,0.0,30.0,9.0,2026-06-02 10:55:01,5,6,Invierno
106081,NAPROXENO 550MG TAB. REC CJAX100UND,PORTUGAL GENERICO,0.0,10.0,3.0,2026-06-02 11:40:16,3,6,Invierno
106081,NAPROXENO 550MG TAB. REC CJAX100UND,PORTUGAL GENERICO,0.0,10.0,3.0,2026-06-02 13:11:33,4,6,Invierno
106081,NAPROXENO 550MG TAB. REC CJAX100UND,PORTUGAL GENERICO,0.0,10.0,3.0,2026-06-02 13:43:27,9,6,Invierno
106081,NAPROXENO 550MG TAB. REC CJAX100UND,PORTUGAL GENERICO,0.0,5.0,1.5,2026-06-02 14:27:15,9,6,Invierno
106081,NAPROXENO 550MG TAB. REC CJAX100UND,PORTUGAL GENERICO,0.0,10.0,3.0,2026-06-02 14:38:35,9,6,Invierno
106081,NAPROXENO 550MG TAB. REC CJAX100UND,PORTUGAL GENERICO,0.0,30.0,9.0,2026-06-02 15:59:50,12,6,Invierno
106081,NAPROXENO 550MG TAB. REC CJAX100UND,PORTUGAL GENERICO,0.0,10.0,3.0,2026-06-02 16:26:08,6,6,Invierno
106081,NAPROXENO 550MG TAB. REC CJAX100UND,PORTUGAL GENERICO,0.0,10.0,3.0,2026-06-02 19:03:15,8,6,Invierno
106081,NAPROXENO 550MG TAB. REC CJAX100UND,PORTUGAL GENERICO,0.0,10.0,3.0,2026-06-02 19:12:44,11,6,Invierno
106081,NAPROXENO 550MG TAB. REC CJAX100UND,PORTUGAL GENERICO,0.0,5.0,1.5,2026-06-02 19:29:43,7,6,Invierno
106081,NAPROXENO 550MG TAB. REC CJAX100UND,PORTUGAL GENERICO,0.0,10.0,3.0,2026-06-02 19:54:51,7,6,Invierno
106081,NAPROXENO 550MG TAB. REC CJAX100UND,PORTUGAL GENERICO,0.0,5.0,1.5,2026-06-02 19:56:40,14,6,Invierno
106081,NAPROXENO 550MG TAB. REC CJAX100UND,PORTUGAL GENERICO,0.0,10.0,3.0,2026-06-02 21:19:59,1,6,Invierno
106081,NAPROXENO 550MG TAB. REC CJAX100UND,PORTUGAL GENERICO,0.0,10.0,3.0,2026-06-02 21:26:17,17,6,Invierno
106081,NAPROXENO 550MG TAB. REC CJAX100UND,PORTUGAL GENERICO,0.0,10.0,3.0,2026-06-02 22:14:41,1,6,Invierno
106081,NAPROXENO 550MG TAB. REC CJAX100UND,PORTUGAL GENERICO,0.0,2.0,0.6,2026-06-02 22:51:58,13,6,Invierno
106081,NAPROXENO 550MG TAB. REC CJAX100UND,PORTUGAL GENERICO,0.0,10.0,3.0,2026-06-03 08:54:52,4,6,Invierno
106081,NAPROXENO 550MG TAB. REC CJAX100UND,PORTUGAL GENERICO,0.0,10.0,3.0,2026-06-03 08:56:47,9,6,Invierno
106081,NAPROXENO 550MG TAB. REC CJAX100UND,PORTUGAL GENERICO,0.0,10.0,3.0,2026-06-03 08:59:13,9,6,Invierno
106081,NAPROXENO 550MG TAB. REC CJAX100UND,PORTUGAL GENERICO,0.0,10.0,3.0,2026-06-03 09:23:00,9,6,Invierno
106081,NAPROXENO 550MG TAB. REC CJAX100UND,PORTUGAL GENERICO,0.0,10.0,3.0,2026-06-03 11:00:50,13,6,Invierno
106081,NAPROXENO 550MG TAB. REC CJAX100UND,PORTUGAL GENERICO,0.0,20.0,6.0,2026-06-03 11:51:54,11,6,Invierno
106081,NAPROXENO 550MG TAB. REC CJAX100UND,PORTUGAL GENERICO,0.0,10.0,3.0,2026-06-03 12:29:03,5,6,Invierno
106081,NAPROXENO 550MG TAB. REC CJAX100UND,PORTUGAL GENERICO,0.0,10.0,3.0,2026-06-03 16:44:35,1,6,Invierno
106081,NAPROXENO 550MG TAB. REC CJAX100UND,PORTUGAL GENERICO,1.0,0.0,30.0,2026-06-03 18:08:13,1,6,Invierno
106081,NAPROXENO 550MG TAB. REC CJAX100UND,PORTUGAL GENERICO,0.0,10.0,3.0,2026-06-03 18:46:46,19,6,Invierno
106081,NAPROXENO 550MG TAB. REC CJAX100UND,PORTUGAL GENERICO,0.0,10.0,3.0,2026-06-03 18:52:23,1,6,Invierno
106081,NAPROXENO 550MG TAB. REC CJAX100UND,PORTUGAL GENERICO,0.0,10.0,3.0,2026-06-03 18:56:57,3,6,Invierno
106081,NAPROXENO 550MG TAB. REC CJAX100UND,PORTUGAL GENERICO,0.0,10.0,3.0,2026-06-03 18:57:24,4,6,Invierno
106081,NAPROXENO 550MG TAB. REC CJAX100UND,PORTUGAL GENERICO,0.0,10.0,3.0,2026-06-03 19:50:12,3,6,Invierno
106081,NAPROXENO 550MG TAB. REC CJAX100UND,PORTUGAL GENERICO,0.0,10.0,3.0,2026-06-03 20:33:10,17,6,Invierno
106081,NAPROXENO 550MG TAB. REC CJAX100UND,PORTUGAL GENERICO,0.0,10.0,3.0,2026-06-03 20:47:56,15,6,Invierno
106081,NAPROXENO 550MG TAB. REC CJAX100UND,PORTUGAL GENERICO,0.0,10.0,3.0,2026-06-03 20:51:26,3,6,Invierno
106081,NAPROXENO 550MG TAB. REC CJAX100UND,PORTUGAL GENERICO,0.0,10.0,3.0,2026-06-03 21:08:30,18,6,Invierno
106081,NAPROXENO 550MG TAB. REC CJAX100UND,PORTUGAL GENERICO,0.0,10.0,3.0,2026-06-03 21:08:42,7,6,Invierno
106081,NAPROXENO 550MG TAB. REC CJAX100UND,PORTUGAL GENERICO,0.0,10.0,3.0,2026-06-04 07:57:20,6,6,Invierno
106081,NAPROXENO 550MG TAB. REC CJAX100UND,PORTUGAL GENERICO,0.0,10.0,3.0,2026-06-04 08:42:52,17,6,Invierno
106081,NAPROXENO 550MG TAB. REC CJAX100UND,PORTUGAL GENERICO,0.0,20.0,6.0,2026-06-04 09:00:37,6,6,Invierno
106081,NAPROXENO 550MG TAB. REC CJAX100UND,PORTUGAL GENERICO,0.0,10.0,3.0,2026-06-04 09:32:52,17,6,Invierno
106081,NAPROXENO 550MG TAB. REC CJAX100UND,PORTUGAL GENERICO,0.0,10.0,3.0,2026-06-04 10:08:13,6,6,Invierno
106081,NAPROXENO 550MG TAB. REC CJAX100UND,PORTUGAL GENERICO,0.0,5.0,1.5,2026-06-04 10:21:48,5,6,Invierno
106081,NAPROXENO 550MG TAB. REC CJAX100UND,PORTUGAL GENERICO,0.0,10.0,3.0,2026-06-04 10:48:31,6,6,Invierno
106081,NAPROXENO 550MG TAB. REC CJAX100UND,PORTUGAL GENERICO,0.0,10.0,3.0,2026-06-04 11:06:38,3,6,Invierno
106081,NAPROXENO 550MG TAB. REC CJAX100UND,PORTUGAL GENERICO,0.0,10.0,3.0,2026-06-04 11:31:49,3,6,Invierno
106081,NAPROXENO 550MG TAB. REC CJAX100UND,PORTUGAL GENERICO,0.0,10.0,3.0,2026-06-04 12:15:17,14,6,Invierno
106081,NAPROXENO 550MG TAB. REC CJAX100UND,PORTUGAL GENERICO,0.0,10.0,3.0,2026-06-04 13:44:11,1,6,Invierno
106081,NAPROXENO 550MG TAB. REC CJAX100UND,PORTUGAL GENERICO,0.0,10.0,3.0,2026-06-04 13:59:51,5,6,Invierno
106081,NAPROXENO 550MG TAB. REC CJAX100UND,PORTUGAL GENERICO,0.0,10.0,3.0,2026-06-04 16:07:51,2,6,Invierno
106081,NAPROXENO 550MG TAB. REC CJAX100UND,PORTUGAL GENERICO,0.0,10.0,3.0,2026-06-04 16:16:10,5,6,Invierno
106081,NAPROXENO 550MG TAB. REC CJAX100UND,PORTUGAL GENERICO,0.0,30.0,9.0,2026-06-04 16:37:27,8,6,Invierno
106081,NAPROXENO 550MG TAB. REC CJAX100UND,PORTUGAL GENERICO,0.0,1.0,0.3,2026-06-04 17:05:42,9,6,Invierno
106081,NAPROXENO 550MG TAB. REC CJAX100UND,PORTUGAL GENERICO,0.0,10.0,3.0,2026-06-04 17:36:14,6,6,Invierno
106081,NAPROXENO 550MG TAB. REC CJAX100UND,PORTUGAL GENERICO,0.0,10.0,3.0,2026-06-04 18:57:21,11,6,Invierno
106081,NAPROXENO 550MG TAB. REC CJAX100UND,PORTUGAL GENERICO,0.0,10.0,3.0,2026-06-04 19:14:22,12,6,Invierno
106081,NAPROXENO 550MG TAB. REC CJAX100UND,PORTUGAL GENERICO,0.0,10.0,3.0,2026-06-04 19:27:38,15,6,Invierno
106081,NAPROXENO 550MG TAB. REC CJAX100UND,PORTUGAL GENERICO,0.0,10.0,3.0,2026-06-05 09:11:41,5,6,Invierno
106081,NAPROXENO 550MG TAB. REC CJAX100UND,PORTUGAL GENERICO,0.0,9.0,2.7,2026-06-05 11:35:44,1,6,Invierno
106081,NAPROXENO 550MG TAB. REC CJAX100UND,PORTUGAL GENERICO,0.0,10.0,3.0,2026-06-05 13:27:30,4,6,Invierno
106081,NAPROXENO 550MG TAB. REC CJAX100UND,PORTUGAL GENERICO,0.0,10.0,3.0,2026-06-05 14:16:30,11,6,Invierno
106081,NAPROXENO 550MG TAB. REC CJAX100UND,PORTUGAL GENERICO,0.0,10.0,3.0,2026-06-05 15:15:51,18,6,Invierno
106081,NAPROXENO 550MG TAB. REC CJAX100UND,PORTUGAL GENERICO,0.0,10.0,3.0,2026-06-05 15:17:49,2,6,Invierno
106081,NAPROXENO 550MG TAB. REC CJAX100UND,PORTUGAL GENERICO,0.0,10.0,3.0,2026-06-05 15:51:39,7,6,Invierno
106081,NAPROXENO 550MG TAB. REC CJAX100UND,PORTUGAL GENERICO,0.0,10.0,3.0,2026-06-05 15:56:38,16,6,Invierno
106081,NAPROXENO 550MG TAB. REC CJAX100UND,PORTUGAL GENERICO,0.0,5.0,1.5,2026-06-05 17:20:05,2,6,Invierno
106081,NAPROXENO 550MG TAB. REC CJAX100UND,PORTUGAL GENERICO,0.0,10.0,3.0,2026-06-05 19:23:04,7,6,Invierno
106081,NAPROXENO 550MG TAB. REC CJAX100UND,PORTUGAL GENERICO,0.0,10.0,3.0,2026-06-05 20:30:04,15,6,Invierno
106081,NAPROXENO 550MG TAB. REC CJAX100UND,PORTUGAL GENERICO,0.0,10.0,3.0,2026-06-05 20:42:02,16,6,Invierno
106081,NAPROXENO 550MG TAB. REC CJAX100UND,PORTUGAL GENERICO,0.0,10.0,3.0,2026-06-05 21:19:27,1,6,Invierno
106081,NAPROXENO 550MG TAB. REC CJAX100UND,PORTUGAL GENERICO,0.0,5.0,1.5,2026-06-05 21:24:18,5,6,Invierno
106081,NAPROXENO 550MG TAB. REC CJAX100UND,PORTUGAL GENERICO,0.0,10.0,3.0,2026-06-06 08:30:54,12,6,Invierno
106081,NAPROXENO 550MG TAB. REC CJAX100UND,PORTUGAL GENERICO,0.0,10.0,3.0,2026-06-06 08:53:33,12,6,Invierno
106081,NAPROXENO 550MG TAB. REC CJAX100UND,PORTUGAL GENERICO,0.0,10.0,2.85,2026-06-06 08:56:02,3,6,Invierno
106081,NAPROXENO 550MG TAB. REC CJAX100UND,PORTUGAL GENERICO,0.0,10.0,3.0,2026-06-06 10:38:15,6,6,Invierno
106081,NAPROXENO 550MG TAB. REC CJAX100UND,PORTUGAL GENERICO,0.0,10.0,2.85,2026-06-06 11:30:57,11,6,Invierno
106081,NAPROXENO 550MG TAB. REC CJAX100UND,PORTUGAL GENERICO,0.0,10.0,3.0,2026-06-06 11:39:21,7,6,Invierno
106081,NAPROXENO 550MG TAB. REC CJAX100UND,PORTUGAL GENERICO,0.0,10.0,3.0,2026-06-06 12:11:40,5,6,Invierno
106081,NAPROXENO 550MG TAB. REC CJAX100UND,PORTUGAL GENERICO,0.0,10.0,3.0,2026-06-06 12:11:57,5,6,Invierno
106081,NAPROXENO 550MG TAB. REC CJAX100UND,PORTUGAL GENERICO,0.0,10.0,3.0,2026-06-06 14:50:08,11,6,Invierno
106081,NAPROXENO 550MG TAB. REC CJAX100UND,PORTUGAL GENERICO,0.0,10.0,3.0,2026-06-06 15:17:48,12,6,Invierno
106081,NAPROXENO 550MG TAB. REC CJAX100UND,PORTUGAL GENERICO,0.0,10.0,3.0,2026-06-06 15:40:15,4,6,Invierno
106081,NAPROXENO 550MG TAB. REC CJAX100UND,PORTUGAL GENERICO,0.0,10.0,3.0,2026-06-06 15:52:31,13,6,Invierno
106081,NAPROXENO 550MG TAB. REC CJAX100UND,PORTUGAL GENERICO,0.0,5.0,1.5,2026-06-06 16:30:34,5,6,Invierno
106081,NAPROXENO 550MG TAB. REC CJAX100UND,PORTUGAL GENERICO,0.0,10.0,3.0,2026-06-06 17:21:51,14,6,Invierno
106081,NAPROXENO 550MG TAB. REC CJAX100UND,PORTUGAL GENERICO,0.0,10.0,3.0,2026-06-06 18:35:47,6,6,Invierno
106081,NAPROXENO 550MG TAB. REC CJAX100UND,PORTUGAL GENERICO,0.0,10.0,3.0,2026-06-06 19:02:34,2,6,Invierno
106081,NAPROXENO 550MG TAB. REC CJAX100UND,PORTUGAL GENERICO,0.0,10.0,3.0,2026-06-06 20:26:21,12,6,Invierno
106081,NAPROXENO 550MG TAB. REC CJAX100UND,PORTUGAL GENERICO,0.0,10.0,3.0,2026-06-06 21:18:06,8,6,Invierno
106081,NAPROXENO 550MG TAB. REC CJAX100UND,PORTUGAL GENERICO,0.0,10.0,3.0,2026-06-06 23:33:07,5,6,Invierno
106081,NAPROXENO 550MG TAB. REC CJAX100UND,PORTUGAL GENERICO,0.0,20.0,6.0,2026-06-07 09:38:56,1,6,Invierno
106081,NAPROXENO 550MG TAB. REC CJAX100UND,PORTUGAL GENERICO,0.0,10.0,3.0,2026-06-07 09:45:23,17,6,Invierno
106081,NAPROXENO 550MG TAB. REC CJAX100UND,PORTUGAL GENERICO,0.0,2.0,0.6,2026-06-07 10:19:30,5,6,Invierno
106081,NAPROXENO 550MG TAB. REC CJAX100UND,PORTUGAL GENERICO,0.0,20.0,6.0,2026-06-07 11:48:32,5,6,Invierno
106081,NAPROXENO 550MG TAB. REC CJAX100UND,PORTUGAL GENERICO,0.0,10.0,3.0,2026-06-07 11:52:29,17,6,Invierno
106081,NAPROXENO 550MG TAB. REC CJAX100UND,PORTUGAL GENERICO,0.0,2.0,0.6,2026-06-07 12:52:57,11,6,Invierno
106081,NAPROXENO 550MG TAB. REC CJAX100UND,PORTUGAL GENERICO,0.0,10.0,3.0,2026-06-07 14:10:44,2,6,Invierno
106081,NAPROXENO 550MG TAB. REC CJAX100UND,PORTUGAL GENERICO,0.0,-10.0,-3.0,2026-06-07 14:16:48,2,6,Invierno
106081,NAPROXENO 550MG TAB. REC CJAX100UND,PORTUGAL GENERICO,0.0,10.0,3.0,2026-06-07 14:18:15,2,6,Invierno
106081,NAPROXENO 550MG TAB. REC CJAX100UND,PORTUGAL GENERICO,0.0,20.0,6.0,2026-06-07 15:44:45,5,6,Invierno
106081,NAPROXENO 550MG TAB. REC CJAX100UND,PORTUGAL GENERICO,0.0,1.0,0.3,2026-06-07 16:52:15,3,6,Invierno
106081,NAPROXENO 550MG TAB. REC CJAX100UND,PORTUGAL GENERICO,0.0,10.0,3.0,2026-06-07 17:14:45,13,6,Invierno
106081,NAPROXENO 550MG TAB. REC CJAX100UND,PORTUGAL GENERICO,0.0,10.0,3.0,2026-06-07 17:14:55,8,6,Invierno
106081,NAPROXENO 550MG TAB. REC CJAX100UND,PORTUGAL GENERICO,0.0,10.0,3.0,2026-06-07 18:32:08,13,6,Invierno
106081,NAPROXENO 550MG TAB. REC CJAX100UND,PORTUGAL GENERICO,0.0,10.0,3.0,2026-06-07 18:39:13,5,6,Invierno
106081,NAPROXENO 550MG TAB. REC CJAX100UND,PORTUGAL GENERICO,0.0,10.0,3.0,2026-06-07 19:13:05,13,6,Invierno
106081,NAPROXENO 550MG TAB. REC CJAX100UND,PORTUGAL GENERICO,0.0,10.0,3.0,2026-06-07 19:34:07,7,6,Invierno
106081,NAPROXENO 550MG TAB. REC CJAX100UND,PORTUGAL GENERICO,0.0,10.0,3.0,2026-06-07 19:56:24,6,6,Invierno
106081,NAPROXENO 550MG TAB. REC CJAX100UND,PORTUGAL GENERICO,0.0,10.0,3.0,2026-06-07 21:10:14,1,6,Invierno
106081,NAPROXENO 550MG TAB. REC CJAX100UND,PORTUGAL GENERICO,0.0,10.0,3.0,2026-06-07 22:20:24,7,6,Invierno
106081,NAPROXENO 550MG TAB. REC CJAX100UND,PORTUGAL GENERICO,0.0,20.0,6.0,2026-06-07 22:21:18,17,6,Invierno
106081,NAPROXENO 550MG TAB. REC CJAX100UND,PORTUGAL GENERICO,0.0,10.0,3.0,2026-06-07 22:32:42,5,6,Invierno
106081,NAPROXENO 550MG TAB. REC CJAX100UND,PORTUGAL GENERICO,0.0,10.0,3.0,2026-06-08 08:36:12,13,6,Invierno
106081,NAPROXENO 550MG TAB. REC CJAX100UND,PORTUGAL GENERICO,0.0,10.0,3.0,2026-06-08 08:50:58,5,6,Invierno
106081,NAPROXENO 550MG TAB. REC CJAX100UND,PORTUGAL GENERICO,0.0,10.0,3.0,2026-06-08 08:51:55,12,6,Invierno
106081,NAPROXENO 550MG TAB. REC CJAX100UND,PORTUGAL GENERICO,0.0,10.0,3.0,2026-06-08 09:42:12,12,6,Invierno
106081,NAPROXENO 550MG TAB. REC CJAX100UND,PORTUGAL GENERICO,0.0,10.0,3.0,2026-06-08 11:27:53,17,6,Invierno
106081,NAPROXENO 550MG TAB. REC CJAX100UND,PORTUGAL GENERICO,0.0,10.0,3.0,2026-06-08 12:26:47,14,6,Invierno
106081,NAPROXENO 550MG TAB. REC CJAX100UND,PORTUGAL GENERICO,0.0,10.0,3.0,2026-06-08 13:25:27,5,6,Invierno
106081,NAPROXENO 550MG TAB. REC CJAX100UND,PORTUGAL GENERICO,0.0,10.0,3.0,2026-06-08 13:40:24,1,6,Invierno
106081,NAPROXENO 550MG TAB. REC CJAX100UND,PORTUGAL GENERICO,0.0,10.0,3.0,2026-06-08 17:20:57,12,6,Invierno
106081,NAPROXENO 550MG TAB. REC CJAX100UND,PORTUGAL GENERICO,0.0,30.0,9.0,2026-06-08 17:24:00,11,6,Invierno
106081,NAPROXENO 550MG TAB. REC CJAX100UND,PORTUGAL GENERICO,0.0,20.0,6.0,2026-06-08 19:45:40,5,6,Invierno
106081,NAPROXENO 550MG TAB. REC CJAX100UND,PORTUGAL GENERICO,0.0,10.0,3.0,2026-06-08 20:51:38,2,6,Invierno
106081,NAPROXENO 550MG TAB. REC CJAX100UND,PORTUGAL GENERICO,0.0,10.0,3.0,2026-06-08 21:57:50,5,6,Invierno
106081,NAPROXENO 550MG TAB. REC CJAX100UND,PORTUGAL GENERICO,0.0,10.0,3.0,2026-06-08 22:05:55,5,6,Invierno
106081,NAPROXENO 550MG TAB. REC CJAX100UND,PORTUGAL GENERICO,0.0,10.0,3.0,2026-06-08 22:23:59,5,6,Invierno
106081,NAPROXENO 550MG TAB. REC CJAX100UND,PORTUGAL GENERICO,0.0,10.0,3.0,2026-06-09 09:32:00,5,6,Invierno
106081,NAPROXENO 550MG TAB. REC CJAX100UND,PORTUGAL GENERICO,0.0,10.0,3.0,2026-06-09 09:41:03,5,6,Invierno
106081,NAPROXENO 550MG TAB. REC CJAX100UND,PORTUGAL GENERICO,0.0,10.0,3.0,2026-06-09 11:05:27,8,6,Invierno
106081,NAPROXENO 550MG TAB. REC CJAX100UND,PORTUGAL GENERICO,0.0,10.0,3.0,2026-06-09 11:07:56,8,6,Invierno
106081,NAPROXENO 550MG TAB. REC CJAX100UND,PORTUGAL GENERICO,0.0,10.0,3.0,2026-06-09 11:16:18,4,6,Invierno
106081,NAPROXENO 550MG TAB. REC CJAX100UND,PORTUGAL GENERICO,0.0,10.0,3.0,2026-06-09 13:02:15,6,6,Invierno
106081,NAPROXENO 550MG TAB. REC CJAX100UND,PORTUGAL GENERICO,0.0,3.0,0.9,2026-06-09 14:45:45,5,6,Invierno
106081,NAPROXENO 550MG TAB. REC CJAX100UND,PORTUGAL GENERICO,0.0,10.0,3.0,2026-06-09 15:53:33,6,6,Invierno
106081,NAPROXENO 550MG TAB. REC CJAX100UND,PORTUGAL GENERICO,0.0,2.0,0.6,2026-06-09 16:25:02,17,6,Invierno
106081,NAPROXENO 550MG TAB. REC CJAX100UND,PORTUGAL GENERICO,0.0,1.0,0.3,2026-06-09 17:01:17,2,6,Invierno
106081,NAPROXENO 550MG TAB. REC CJAX100UND,PORTUGAL GENERICO,0.0,10.0,3.0,2026-06-09 17:10:09,12,6,Invierno
106081,NAPROXENO 550MG TAB. REC CJAX100UND,PORTUGAL GENERICO,0.0,10.0,3.0,2026-06-09 17:53:15,17,6,Invierno
106081,NAPROXENO 550MG TAB. REC CJAX100UND,PORTUGAL GENERICO,0.0,20.0,6.0,2026-06-09 18:18:40,2,6,Invierno
106081,NAPROXENO 550MG TAB. REC CJAX100UND,PORTUGAL GENERICO,0.0,10.0,3.0,2026-06-09 18:51:07,15,6,Invierno
106081,NAPROXENO 550MG TAB. REC CJAX100UND,PORTUGAL GENERICO,0.0,10.0,3.0,2026-06-09 19:07:35,1,6,Invierno
106081,NAPROXENO 550MG TAB. REC CJAX100UND,PORTUGAL GENERICO,0.0,20.0,6.0,2026-06-09 19:27:43,12,6,Invierno
106081,NAPROXENO 550MG TAB. REC CJAX100UND,PORTUGAL GENERICO,0.0,10.0,3.0,2026-06-09 20:20:19,8,6,Invierno
106081,NAPROXENO 550MG TAB. REC CJAX100UND,PORTUGAL GENERICO,0.0,10.0,3.0,2026-06-09 21:30:11,18,6,Invierno
106081,NAPROXENO 550MG TAB. REC CJAX100UND,PORTUGAL GENERICO,0.0,10.0,3.0,2026-06-09 21:44:57,6,6,Invierno
106081,NAPROXENO 550MG TAB. REC CJAX100UND,PORTUGAL GENERICO,0.0,5.0,1.5,2026-06-09 22:22:38,4,6,Invierno
106081,NAPROXENO 550MG TAB. REC CJAX100UND,PORTUGAL GENERICO,0.0,10.0,3.0,2026-06-10 09:48:03,4,6,Invierno
106081,NAPROXENO 550MG TAB. REC CJAX100UND,PORTUGAL GENERICO,0.0,7.0,2.1,2026-06-10 10:20:08,1,6,Invierno
106081,NAPROXENO 550MG TAB. REC CJAX100UND,PORTUGAL GENERICO,0.0,10.0,3.0,2026-06-10 11:12:55,17,6,Invierno
106081,NAPROXENO 550MG TAB. REC CJAX100UND,PORTUGAL GENERICO,0.0,10.0,3.0,2026-06-10 16:33:15,11,6,Invierno
106081,NAPROXENO 550MG TAB. REC CJAX100UND,PORTUGAL GENERICO,0.0,10.0,3.0,2026-06-10 17:26:35,2,6,Invierno
106081,NAPROXENO 550MG TAB. REC CJAX100UND,PORTUGAL GENERICO,0.0,10.0,3.0,2026-06-10 18:28:40,18,6,Invierno
106081,NAPROXENO 550MG TAB. REC CJAX100UND,PORTUGAL GENERICO,0.0,10.0,3.0,2026-06-10 19:08:51,7,6,Invierno
106081,NAPROXENO 550MG TAB. REC CJAX100UND,PORTUGAL GENERICO,0.0,10.0,3.0,2026-06-10 19:12:40,7,6,Invierno
106081,NAPROXENO 550MG TAB. REC CJAX100UND,PORTUGAL GENERICO,0.0,10.0,3.0,2026-06-10 19:15:59,7,6,Invierno
106081,NAPROXENO 550MG TAB. REC CJAX100UND,PORTUGAL GENERICO,0.0,10.0,3.0,2026-06-10 19:57:53,4,6,Invierno
106081,NAPROXENO 550MG TAB. REC CJAX100UND,PORTUGAL GENERICO,0.0,10.0,3.0,2026-06-10 20:56:11,7,6,Invierno
106081,NAPROXENO 550MG TAB. REC CJAX100UND,PORTUGAL GENERICO,0.0,10.0,3.0,2026-06-10 21:18:16,8,6,Invierno
106081,NAPROXENO 550MG TAB. REC CJAX100UND,PORTUGAL GENERICO,0.0,10.0,3.0,2026-06-10 22:11:36,14,6,Invierno
106081,NAPROXENO 550MG TAB. REC CJAX100UND,PORTUGAL GENERICO,0.0,10.0,3.0,2026-06-11 08:11:36,18,6,Invierno
106081,NAPROXENO 550MG TAB. REC CJAX100UND,PORTUGAL GENERICO,0.0,10.0,3.0,2026-06-11 09:54:00,17,6,Invierno
106081,NAPROXENO 550MG TAB. REC CJAX100UND,PORTUGAL GENERICO,0.0,10.0,3.0,2026-06-11 11:05:00,4,6,Invierno
106081,NAPROXENO 550MG TAB. REC CJAX100UND,PORTUGAL GENERICO,0.0,10.0,3.0,2026-06-11 11:14:01,2,6,Invierno
106081,NAPROXENO 550MG TAB. REC CJAX100UND,PORTUGAL GENERICO,0.0,10.0,3.0,2026-06-11 11:16:43,4,6,Invierno
106081,NAPROXENO 550MG TAB. REC CJAX100UND,PORTUGAL GENERICO,0.0,5.0,1.5,2026-06-11 12:53:04,12,6,Invierno
106081,NAPROXENO 550MG TAB. REC CJAX100UND,PORTUGAL GENERICO,0.0,10.0,3.0,2026-06-11 13:23:50,18,6,Invierno
106081,NAPROXENO 550MG TAB. REC CJAX100UND,PORTUGAL GENERICO,0.0,5.0,1.5,2026-06-11 13:33:46,13,6,Invierno
106081,NAPROXENO 550MG TAB. REC CJAX100UND,PORTUGAL GENERICO,0.0,10.0,3.0,2026-06-11 13:41:42,11,6,Invierno
106081,NAPROXENO 550MG TAB. REC CJAX100UND,PORTUGAL GENERICO,0.0,10.0,3.0,2026-06-11 16:37:52,12,6,Invierno
106081,NAPROXENO 550MG TAB. REC CJAX100UND,PORTUGAL GENERICO,0.0,10.0,3.0,2026-06-11 18:59:30,2,6,Invierno
106081,NAPROXENO 550MG TAB. REC CJAX100UND,PORTUGAL GENERICO,0.0,10.0,3.0,2026-06-11 19:19:46,7,6,Invierno
106081,NAPROXENO 550MG TAB. REC CJAX100UND,PORTUGAL GENERICO,0.0,10.0,3.0,2026-06-11 19:31:00,2,6,Invierno
106081,NAPROXENO 550MG TAB. REC CJAX100UND,PORTUGAL GENERICO,0.0,6.0,1.8,2026-06-11 20:17:05,6,6,Invierno
106081,NAPROXENO 550MG TAB. REC CJAX100UND,PORTUGAL GENERICO,0.0,10.0,3.0,2026-06-11 22:12:51,17,6,Invierno
106081,NAPROXENO 550MG TAB. REC CJAX100UND,PORTUGAL GENERICO,0.0,10.0,3.0,2026-06-12 08:37:22,4,6,Invierno
106081,NAPROXENO 550MG TAB. REC CJAX100UND,PORTUGAL GENERICO,0.0,10.0,3.0,2026-06-12 09:04:06,16,6,Invierno
106081,NAPROXENO 550MG TAB. REC CJAX100UND,PORTUGAL GENERICO,0.0,10.0,3.0,2026-06-12 10:00:02,4,6,Invierno
106081,NAPROXENO 550MG TAB. REC CJAX100UND,PORTUGAL GENERICO,0.0,10.0,3.0,2026-06-12 13:47:04,16,6,Invierno
106081,NAPROXENO 550MG TAB. REC CJAX100UND,PORTUGAL GENERICO,0.0,10.0,3.0,2026-06-12 14:07:51,17,6,Invierno
106081,NAPROXENO 550MG TAB. REC CJAX100UND,PORTUGAL GENERICO,0.0,10.0,3.0,2026-06-12 14:51:18,11,6,Invierno
106081,NAPROXENO 550MG TAB. REC CJAX100UND,PORTUGAL GENERICO,0.0,10.0,3.0,2026-06-12 16:39:06,16,6,Invierno
106081,NAPROXENO 550MG TAB. REC CJAX100UND,PORTUGAL GENERICO,0.0,10.0,3.0,2026-06-12 18:28:25,14,6,Invierno
106081,NAPROXENO 550MG TAB. REC CJAX100UND,PORTUGAL GENERICO,0.0,10.0,3.0,2026-06-12 19:05:54,11,6,Invierno
106081,NAPROXENO 550MG TAB. REC CJAX100UND,PORTUGAL GENERICO,0.0,10.0,3.0,2026-06-12 19:36:41,4,6,Invierno
106081,NAPROXENO 550MG TAB. REC CJAX100UND,PORTUGAL GENERICO,0.0,10.0,3.0,2026-06-12 20:02:39,2,6,Invierno
106081,NAPROXENO 550MG TAB. REC CJAX100UND,PORTUGAL GENERICO,0.0,10.0,3.0,2026-06-12 20:09:20,7,6,Invierno
106081,NAPROXENO 550MG TAB. REC CJAX100UND,PORTUGAL GENERICO,0.0,10.0,3.0,2026-06-12 20:15:56,16,6,Invierno
106081,NAPROXENO 550MG TAB. REC CJAX100UND,PORTUGAL GENERICO,0.0,10.0,3.0,2026-06-12 20:31:57,7,6,Invierno
106081,NAPROXENO 550MG TAB. REC CJAX100UND,PORTUGAL GENERICO,0.0,10.0,3.0,2026-06-12 20:33:47,14,6,Invierno
106081,NAPROXENO 550MG TAB. REC CJAX100UND,PORTUGAL GENERICO,0.0,10.0,3.0,2026-06-12 20:56:36,11,6,Invierno
106081,NAPROXENO 550MG TAB. REC CJAX100UND,PORTUGAL GENERICO,0.0,10.0,3.0,2026-06-12 21:22:33,16,6,Invierno
106081,NAPROXENO 550MG TAB. REC CJAX100UND,PORTUGAL GENERICO,0.0,10.0,3.0,2026-06-12 21:29:09,11,6,Invierno
106081,NAPROXENO 550MG TAB. REC CJAX100UND,PORTUGAL GENERICO,0.0,10.0,3.0,2026-06-13 07:34:15,4,6,Invierno
106081,NAPROXENO 550MG TAB. REC CJAX100UND,PORTUGAL GENERICO,0.0,1.0,0.3,2026-06-13 09:27:34,8,6,Invierno
106081,NAPROXENO 550MG TAB. REC CJAX100UND,PORTUGAL GENERICO,0.0,10.0,3.0,2026-06-13 09:56:52,7,6,Invierno
106081,NAPROXENO 550MG TAB. REC CJAX100UND,PORTUGAL GENERICO,0.0,20.0,6.0,2026-06-13 10:38:08,4,6,Invierno
106081,NAPROXENO 550MG TAB. REC CJAX100UND,PORTUGAL GENERICO,0.0,10.0,3.0,2026-06-13 11:06:41,13,6,Invierno
106081,NAPROXENO 550MG TAB. REC CJAX100UND,PORTUGAL GENERICO,0.0,10.0,3.0,2026-06-13 13:51:06,16,6,Invierno
106081,NAPROXENO 550MG TAB. REC CJAX100UND,PORTUGAL GENERICO,0.0,10.0,3.0,2026-06-13 17:57:26,12,6,Invierno
106081,NAPROXENO 550MG TAB. REC CJAX100UND,PORTUGAL GENERICO,0.0,10.0,3.0,2026-06-13 18:10:14,2,6,Invierno
106081,NAPROXENO 550MG TAB. REC CJAX100UND,PORTUGAL GENERICO,0.0,10.0,3.0,2026-06-13 18:26:25,11,6,Invierno
106081,NAPROXENO 550MG TAB. REC CJAX100UND,PORTUGAL GENERICO,0.0,10.0,3.0,2026-06-13 19:14:14,12,6,Invierno
106081,NAPROXENO 550MG TAB. REC CJAX100UND,PORTUGAL GENERICO,0.0,20.0,6.0,2026-06-13 20:17:14,2,6,Invierno
106081,NAPROXENO 550MG TAB. REC CJAX100UND,PORTUGAL GENERICO,0.0,10.0,3.0,2026-06-13 20:21:45,11,6,Invierno
106081,NAPROXENO 550MG TAB. REC CJAX100UND,PORTUGAL GENERICO,0.0,10.0,3.0,2026-06-13 21:57:29,7,6,Invierno
106081,NAPROXENO 550MG TAB. REC CJAX100UND,PORTUGAL GENERICO,0.0,20.0,6.0,2026-06-13 22:18:42,13,6,Invierno
106081,NAPROXENO 550MG TAB. REC CJAX100UND,PORTUGAL GENERICO,0.0,10.0,3.0,2026-06-13 22:22:50,13,6,Invierno
106081,NAPROXENO 550MG TAB. REC CJAX100UND,PORTUGAL GENERICO,0.0,10.0,3.0,2026-06-13 23:15:57,7,6,Invierno
106081,NAPROXENO 550MG TAB. REC CJAX100UND,PORTUGAL GENERICO,0.0,10.0,3.0,2026-06-14 09:47:51,16,6,Invierno
106081,NAPROXENO 550MG TAB. REC CJAX100UND,PORTUGAL GENERICO,0.0,10.0,3.0,2026-06-14 10:46:48,11,6,Invierno
106081,NAPROXENO 550MG TAB. REC CJAX100UND,PORTUGAL GENERICO,0.0,10.0,3.0,2026-06-14 11:59:03,18,6,Invierno
106081,NAPROXENO 550MG TAB. REC CJAX100UND,PORTUGAL GENERICO,0.0,10.0,3.0,2026-06-14 12:18:58,11,6,Invierno
106081,NAPROXENO 550MG TAB. REC CJAX100UND,PORTUGAL GENERICO,0.0,10.0,3.0,2026-06-14 14:35:01,14,6,Invierno
106081,NAPROXENO 550MG TAB. REC CJAX100UND,PORTUGAL GENERICO,0.0,10.0,3.0,2026-06-14 20:05:57,8,6,Invierno
106081,NAPROXENO 550MG TAB. REC CJAX100UND,PORTUGAL GENERICO,0.0,10.0,3.0,2026-06-14 21:13:40,2,6,Invierno
106081,NAPROXENO 550MG TAB. REC CJAX100UND,PORTUGAL GENERICO,0.0,10.0,3.0,2026-06-14 21:32:46,18,6,Invierno
106081,NAPROXENO 550MG TAB. REC CJAX100UND,PORTUGAL GENERICO,0.0,10.0,3.0,2026-06-15 10:11:13,19,6,Invierno
106081,NAPROXENO 550MG TAB. REC CJAX100UND,PORTUGAL GENERICO,0.0,10.0,3.0,2026-06-15 11:51:35,7,6,Invierno
106081,NAPROXENO 550MG TAB. REC CJAX100UND,PORTUGAL GENERICO,0.0,10.0,3.0,2026-06-15 11:51:58,2,6,Invierno
106081,NAPROXENO 550MG TAB. REC CJAX100UND,PORTUGAL GENERICO,0.0,10.0,3.0,2026-06-15 13:19:23,11,6,Invierno
106081,NAPROXENO 550MG TAB. REC CJAX100UND,PORTUGAL GENERICO,0.0,10.0,3.0,2026-06-15 14:52:46,12,6,Invierno
106081,NAPROXENO 550MG TAB. REC CJAX100UND,PORTUGAL GENERICO,0.0,10.0,3.0,2026-06-15 17:12:59,17,6,Invierno
106081,NAPROXENO 550MG TAB. REC CJAX100UND,PORTUGAL GENERICO,0.0,10.0,3.0,2026-06-15 17:23:11,4,6,Invierno
106081,NAPROXENO 550MG TAB. REC CJAX100UND,PORTUGAL GENERICO,0.0,10.0,3.0,2026-06-15 18:31:45,8,6,Invierno
106081,NAPROXENO 550MG TAB. REC CJAX100UND,PORTUGAL GENERICO,0.0,20.0,6.0,2026-06-15 19:15:36,2,6,Invierno
106081,NAPROXENO 550MG TAB. REC CJAX100UND,PORTUGAL GENERICO,0.0,10.0,3.0,2026-06-15 20:38:23,19,6,Invierno
106081,NAPROXENO 550MG TAB. REC CJAX100UND,PORTUGAL GENERICO,0.0,10.0,3.0,2026-06-15 20:39:48,8,6,Invierno
106081,NAPROXENO 550MG TAB. REC CJAX100UND,PORTUGAL GENERICO,0.0,10.0,3.0,2026-06-15 21:27:13,7,6,Invierno
106081,NAPROXENO 550MG TAB. REC CJAX100UND,PORTUGAL GENERICO,0.0,5.0,1.5,2026-06-15 21:49:59,8,6,Invierno
106081,NAPROXENO 550MG TAB. REC CJAX100UND,PORTUGAL GENERICO,0.0,10.0,3.0,2026-06-16 07:52:53,12,6,Invierno
106081,NAPROXENO 550MG TAB. REC CJAX100UND,PORTUGAL GENERICO,0.0,10.0,3.0,2026-06-16 13:08:03,8,6,Invierno
106081,NAPROXENO 550MG TAB. REC CJAX100UND,PORTUGAL GENERICO,0.0,10.0,3.0,2026-06-16 14:31:00,7,6,Invierno
106081,NAPROXENO 550MG TAB. REC CJAX100UND,PORTUGAL GENERICO,0.0,10.0,2.85,2026-06-16 16:17:27,4,6,Invierno
106081,NAPROXENO 550MG TAB. REC CJAX100UND,PORTUGAL GENERICO,0.0,4.0,1.2,2026-06-16 17:31:10,2,6,Invierno
106081,NAPROXENO 550MG TAB. REC CJAX100UND,PORTUGAL GENERICO,0.0,10.0,3.0,2026-06-16 18:14:36,17,6,Invierno
106081,NAPROXENO 550MG TAB. REC CJAX100UND,PORTUGAL GENERICO,0.0,5.0,1.5,2026-06-16 18:22:59,19,6,Invierno
106081,NAPROXENO 550MG TAB. REC CJAX100UND,PORTUGAL GENERICO,0.0,5.0,1.5,2026-06-16 19:11:43,7,6,Invierno
106081,NAPROXENO 550MG TAB. REC CJAX100UND,PORTUGAL GENERICO,0.0,10.0,3.0,2026-06-16 19:53:54,12,6,Invierno
106081,NAPROXENO 550MG TAB. REC CJAX100UND,PORTUGAL GENERICO,0.0,10.0,3.0,2026-06-16 21:20:03,4,6,Invierno
106081,NAPROXENO 550MG TAB. REC CJAX100UND,PORTUGAL GENERICO,0.0,10.0,3.0,2026-06-16 21:21:24,7,6,Invierno
106081,NAPROXENO 550MG TAB. REC CJAX100UND,PORTUGAL GENERICO,0.0,10.0,3.0,2026-06-16 22:35:57,7,6,Invierno
106081,NAPROXENO 550MG TAB. REC CJAX100UND,PORTUGAL GENERICO,0.0,10.0,3.0,2026-06-16 23:03:14,12,6,Invierno
106081,NAPROXENO 550MG TAB. REC CJAX100UND,PORTUGAL GENERICO,0.0,10.0,3.0,2026-06-17 08:33:27,11,6,Invierno
106081,NAPROXENO 550MG TAB. REC CJAX100UND,PORTUGAL GENERICO,0.0,10.0,3.0,2026-06-17 12:22:46,15,6,Invierno
106081,NAPROXENO 550MG TAB. REC CJAX100UND,PORTUGAL GENERICO,0.0,10.0,3.0,2026-06-17 12:50:28,14,6,Invierno
106081,NAPROXENO 550MG TAB. REC CJAX100UND,PORTUGAL GENERICO,0.0,10.0,3.0,2026-06-17 14:01:25,7,6,Invierno
106081,NAPROXENO 550MG TAB. REC CJAX100UND,PORTUGAL GENERICO,0.0,10.0,3.0,2026-06-17 15:27:44,7,6,Invierno
106081,NAPROXENO 550MG TAB. REC CJAX100UND,PORTUGAL GENERICO,0.0,10.0,3.0,2026-06-17 15:52:49,17,6,Invierno
106081,NAPROXENO 550MG TAB. REC CJAX100UND,PORTUGAL GENERICO,0.0,10.0,3.0,2026-06-17 17:56:56,14,6,Invierno
106081,NAPROXENO 550MG TAB. REC CJAX100UND,PORTUGAL GENERICO,0.0,7.0,2.1,2026-06-17 17:57:28,16,6,Invierno
106081,NAPROXENO 550MG TAB. REC CJAX100UND,PORTUGAL GENERICO,0.0,10.0,3.0,2026-06-17 18:35:33,8,6,Invierno
106081,NAPROXENO 550MG TAB. REC CJAX100UND,PORTUGAL GENERICO,0.0,10.0,3.0,2026-06-17 19:07:19,7,6,Invierno
106081,NAPROXENO 550MG TAB. REC CJAX100UND,PORTUGAL GENERICO,0.0,5.0,1.5,2026-06-17 19:44:02,7,6,Invierno
106081,NAPROXENO 550MG TAB. REC CJAX100UND,PORTUGAL GENERICO,0.0,10.0,3.0,2026-06-17 20:06:34,12,6,Invierno
106081,NAPROXENO 550MG TAB. REC CJAX100UND,PORTUGAL GENERICO,0.0,10.0,3.0,2026-06-17 20:46:10,8,6,Invierno
106081,NAPROXENO 550MG TAB. REC CJAX100UND,PORTUGAL GENERICO,0.0,20.0,6.0,2026-06-17 21:15:04,19,6,Invierno
106081,NAPROXENO 550MG TAB. REC CJAX100UND,PORTUGAL GENERICO,0.0,10.0,3.0,2026-06-17 21:44:34,14,6,Invierno
106081,NAPROXENO 550MG TAB. REC CJAX100UND,PORTUGAL GENERICO,0.0,10.0,3.0,2026-06-17 21:57:00,11,6,Invierno
106081,NAPROXENO 550MG TAB. REC CJAX100UND,PORTUGAL GENERICO,0.0,10.0,3.0,2026-06-18 14:44:30,18,6,Invierno
106081,NAPROXENO 550MG TAB. REC CJAX100UND,PORTUGAL GENERICO,0.0,4.0,1.2,2026-06-18 15:24:46,17,6,Invierno
106081,NAPROXENO 550MG TAB. REC CJAX100UND,PORTUGAL GENERICO,0.0,10.0,3.0,2026-06-18 16:51:12,17,6,Invierno
106081,NAPROXENO 550MG TAB. REC CJAX100UND,PORTUGAL GENERICO,0.0,5.0,1.5,2026-06-18 19:48:01,15,6,Invierno
106081,NAPROXENO 550MG TAB. REC CJAX100UND,PORTUGAL GENERICO,0.0,10.0,3.0,2026-06-18 20:10:06,15,6,Invierno
106081,NAPROXENO 550MG TAB. REC CJAX100UND,PORTUGAL GENERICO,0.0,5.0,1.5,2026-06-18 20:44:37,12,6,Invierno
106081,NAPROXENO 550MG TAB. REC CJAX100UND,PORTUGAL GENERICO,0.0,10.0,3.0,2026-06-18 21:13:25,8,6,Invierno
106081,NAPROXENO 550MG TAB. REC CJAX100UND,PORTUGAL GENERICO,0.0,10.0,3.0,2026-06-18 21:36:48,11,6,Invierno
106081,NAPROXENO 550MG TAB. REC CJAX100UND,PORTUGAL GENERICO,0.0,10.0,3.0,2026-06-18 21:53:09,15,6,Invierno
106081,NAPROXENO 550MG TAB. REC CJAX100UND,PORTUGAL GENERICO,0.0,10.0,3.0,2026-06-19 07:43:03,4,6,Invierno
106081,NAPROXENO 550MG TAB. REC CJAX100UND,PORTUGAL GENERICO,0.0,10.0,3.0,2026-06-19 19:41:03,8,6,Invierno
106081,NAPROXENO 550MG TAB. REC CJAX100UND,PORTUGAL GENERICO,0.0,10.0,3.0,2026-06-19 20:23:48,14,6,Invierno
106081,NAPROXENO 550MG TAB. REC CJAX100UND,PORTUGAL GENERICO,0.0,10.0,3.0,2026-06-19 21:25:15,11,6,Invierno
106081,NAPROXENO 550MG TAB. REC CJAX100UND,PORTUGAL GENERICO,0.0,5.0,1.5,2026-06-20 09:01:26,17,6,Invierno
106081,NAPROXENO 550MG TAB. REC CJAX100UND,PORTUGAL GENERICO,0.0,6.0,1.8,2026-06-20 11:10:51,5,6,Invierno
106081,NAPROXENO 550MG TAB. REC CJAX100UND,PORTUGAL GENERICO,0.0,10.0,3.0,2026-06-20 14:40:12,18,6,Invierno
106081,NAPROXENO 550MG TAB. REC CJAX100UND,PORTUGAL GENERICO,0.0,10.0,3.0,2026-06-21 12:21:26,12,6,Invierno
106081,NAPROXENO 550MG TAB. REC CJAX100UND,PORTUGAL GENERICO,0.0,2.0,0.6,2026-06-21 15:38:57,17,6,Invierno
106081,NAPROXENO 550MG TAB. REC CJAX100UND,PORTUGAL GENERICO,0.0,10.0,3.0,2026-06-21 17:30:46,5,6,Invierno
106081,NAPROXENO 550MG TAB. REC CJAX100UND,PORTUGAL GENERICO,0.0,10.0,3.0,2026-06-21 17:39:23,8,6,Invierno
106081,NAPROXENO 550MG TAB. REC CJAX100UND,PORTUGAL GENERICO,0.0,10.0,3.0,2026-06-21 18:32:30,19,6,Invierno
106081,NAPROXENO 550MG TAB. REC CJAX100UND,PORTUGAL GENERICO,0.0,10.0,3.0,2026-06-21 20:56:25,4,6,Invierno
106081,NAPROXENO 550MG TAB. REC CJAX100UND,PORTUGAL GENERICO,0.0,10.0,3.0,2026-06-21 22:38:30,4,6,Invierno
106081,NAPROXENO 550MG TAB. REC CJAX100UND,PORTUGAL GENERICO,0.0,10.0,3.0,2026-06-22 08:42:46,18,6,Invierno
106081,NAPROXENO 550MG TAB. REC CJAX100UND,PORTUGAL GENERICO,0.0,10.0,3.0,2026-06-22 09:31:49,18,6,Invierno
106081,NAPROXENO 550MG TAB. REC CJAX100UND,PORTUGAL GENERICO,0.0,10.0,3.0,2026-06-22 09:48:24,4,6,Invierno
106081,NAPROXENO 550MG TAB. REC CJAX100UND,PORTUGAL GENERICO,0.0,10.0,3.0,2026-06-22 12:24:45,11,6,Invierno
106081,NAPROXENO 550MG TAB. REC CJAX100UND,PORTUGAL GENERICO,0.0,20.0,6.0,2026-06-22 15:25:58,11,6,Invierno
106081,NAPROXENO 550MG TAB. REC CJAX100UND,PORTUGAL GENERICO,0.0,20.0,6.0,2026-06-22 15:45:08,4,6,Invierno
106081,NAPROXENO 550MG TAB. REC CJAX100UND,PORTUGAL GENERICO,0.0,10.0,3.0,2026-06-22 17:02:16,11,6,Invierno
106081,NAPROXENO 550MG TAB. REC CJAX100UND,PORTUGAL GENERICO,0.0,10.0,3.0,2026-06-22 17:44:48,12,6,Invierno
106081,NAPROXENO 550MG TAB. REC CJAX100UND,PORTUGAL GENERICO,0.0,5.0,1.5,2026-06-22 18:20:12,8,6,Invierno
106081,NAPROXENO 550MG TAB. REC CJAX100UND,PORTUGAL GENERICO,0.0,10.0,3.0,2026-06-22 19:21:27,4,6,Invierno
106081,NAPROXENO 550MG TAB. REC CJAX100UND,PORTUGAL GENERICO,0.0,20.0,6.0,2026-06-22 19:29:06,4,6,Invierno
106081,NAPROXENO 550MG TAB. REC CJAX100UND,PORTUGAL GENERICO,0.0,10.0,3.0,2026-06-22 21:39:34,19,6,Invierno
106081,NAPROXENO 550MG TAB. REC CJAX100UND,PORTUGAL GENERICO,0.0,10.0,3.0,2026-06-23 09:16:04,12,6,Invierno
106081,NAPROXENO 550MG TAB. REC CJAX100UND,PORTUGAL GENERICO,0.0,10.0,3.0,2026-06-23 13:02:55,11,6,Invierno
106081,NAPROXENO 550MG TAB. REC CJAX100UND,PORTUGAL GENERICO,0.0,10.0,3.0,2026-06-23 15:21:24,12,6,Invierno
106081,NAPROXENO 550MG TAB. REC CJAX100UND,PORTUGAL GENERICO,0.0,3.0,0.9,2026-06-23 18:49:02,19,6,Invierno
106081,NAPROXENO 550MG TAB. REC CJAX100UND,PORTUGAL GENERICO,0.0,20.0,6.0,2026-06-23 19:12:17,4,6,Invierno
106081,NAPROXENO 550MG TAB. REC CJAX100UND,PORTUGAL GENERICO,0.0,5.0,1.5,2026-06-23 19:23:40,8,6,Invierno
106081,NAPROXENO 550MG TAB. REC CJAX100UND,PORTUGAL GENERICO,0.0,10.0,3.0,2026-06-23 21:02:09,4,6,Invierno
106081,NAPROXENO 550MG TAB. REC CJAX100UND,PORTUGAL GENERICO,0.0,10.0,3.0,2026-06-23 22:06:12,5,6,Invierno
106081,NAPROXENO 550MG TAB. REC CJAX100UND,PORTUGAL GENERICO,0.0,5.0,1.5,2026-06-23 22:10:50,14,6,Invierno
106081,NAPROXENO 550MG TAB. REC CJAX100UND,PORTUGAL GENERICO,0.0,10.0,3.0,2026-06-24 09:03:35,19,6,Invierno
106081,NAPROXENO 550MG TAB. REC CJAX100UND,PORTUGAL GENERICO,0.0,10.0,3.0,2026-06-24 13:34:43,19,6,Invierno
106081,NAPROXENO 550MG TAB. REC CJAX100UND,PORTUGAL GENERICO,0.0,10.0,3.3,2026-06-24 19:14:56,11,6,Invierno
106081,NAPROXENO 550MG TAB. REC CJAX100UND,PORTUGAL GENERICO,0.0,10.0,3.0,2026-06-24 20:08:15,1,6,Invierno
106081,NAPROXENO 550MG TAB. REC CJAX100UND,PORTUGAL GENERICO,0.0,10.0,3.0,2026-06-24 20:14:01,1,6,Invierno
106081,NAPROXENO 550MG TAB. REC CJAX100UND,PORTUGAL GENERICO,0.0,10.0,3.3,2026-06-24 22:09:17,14,6,Invierno
106081,NAPROXENO 550MG TAB. REC CJAX100UND,PORTUGAL GENERICO,0.0,10.0,3.3,2026-06-25 12:19:33,5,6,Invierno
106081,NAPROXENO 550MG TAB. REC CJAX100UND,PORTUGAL GENERICO,0.0,10.0,3.3,2026-06-25 12:40:55,8,6,Invierno
106081,NAPROXENO 550MG TAB. REC CJAX100UND,PORTUGAL GENERICO,0.0,2.0,0.66,2026-06-25 13:59:50,17,6,Invierno
106081,NAPROXENO 550MG TAB. REC CJAX100UND,PORTUGAL GENERICO,0.0,7.0,2.31,2026-06-25 16:22:30,14,6,Invierno
106081,NAPROXENO 550MG TAB. REC CJAX100UND,PORTUGAL GENERICO,0.0,6.0,1.98,2026-06-25 17:46:10,3,6,Invierno
106081,NAPROXENO 550MG TAB. REC CJAX100UND,PORTUGAL GENERICO,0.0,10.0,3.3,2026-06-25 19:04:22,9,6,Invierno
106081,NAPROXENO 550MG TAB. REC CJAX100UND,PORTUGAL GENERICO,0.0,10.0,3.3,2026-06-25 19:39:41,9,6,Invierno
106081,NAPROXENO 550MG TAB. REC CJAX100UND,PORTUGAL GENERICO,0.0,10.0,3.3,2026-06-25 19:51:11,6,6,Invierno
106081,NAPROXENO 550MG TAB. REC CJAX100UND,PORTUGAL GENERICO,0.0,10.0,3.3,2026-06-25 19:52:58,18,6,Invierno
106081,NAPROXENO 550MG TAB. REC CJAX100UND,PORTUGAL GENERICO,0.0,10.0,3.3,2026-06-25 20:05:39,6,6,Invierno
106081,NAPROXENO 550MG TAB. REC CJAX100UND,PORTUGAL GENERICO,0.0,10.0,3.3,2026-06-25 20:40:31,3,6,Invierno
106081,NAPROXENO 550MG TAB. REC CJAX100UND,PORTUGAL GENERICO,0.0,10.0,3.3,2026-06-25 20:48:21,2,6,Invierno
106081,NAPROXENO 550MG TAB. REC CJAX100UND,PORTUGAL GENERICO,0.0,10.0,3.3,2026-06-25 22:38:28,5,6,Invierno
106081,NAPROXENO 550MG TAB. REC CJAX100UND,PORTUGAL GENERICO,0.0,10.0,3.3,2026-06-25 23:33:45,10,6,Invierno
106081,NAPROXENO 550MG TAB. REC CJAX100UND,PORTUGAL GENERICO,0.0,10.0,3.3,2026-06-26 09:06:24,9,6,Invierno
106081,NAPROXENO 550MG TAB. REC CJAX100UND,PORTUGAL GENERICO,0.0,10.0,3.3,2026-06-26 09:25:57,12,6,Invierno
106081,NAPROXENO 550MG TAB. REC CJAX100UND,PORTUGAL GENERICO,0.0,10.0,3.3,2026-06-26 09:34:17,2,6,Invierno
106081,NAPROXENO 550MG TAB. REC CJAX100UND,PORTUGAL GENERICO,0.0,10.0,3.3,2026-06-26 10:52:42,11,6,Invierno
106081,NAPROXENO 550MG TAB. REC CJAX100UND,PORTUGAL GENERICO,0.0,30.0,9.9,2026-06-26 10:53:58,5,6,Invierno
106081,NAPROXENO 550MG TAB. REC CJAX100UND,PORTUGAL GENERICO,0.0,10.0,3.3,2026-06-26 11:10:08,5,6,Invierno
106081,NAPROXENO 550MG TAB. REC CJAX100UND,PORTUGAL GENERICO,0.0,10.0,3.3,2026-06-26 13:32:07,17,6,Invierno
106081,NAPROXENO 550MG TAB. REC CJAX100UND,PORTUGAL GENERICO,0.0,20.0,6.6,2026-06-26 17:46:53,7,6,Invierno
106081,NAPROXENO 550MG TAB. REC CJAX100UND,PORTUGAL GENERICO,0.0,10.0,3.3,2026-06-26 17:54:08,5,6,Invierno
106081,NAPROXENO 550MG TAB. REC CJAX100UND,PORTUGAL GENERICO,0.0,10.0,3.3,2026-06-26 18:41:11,15,6,Invierno
106081,NAPROXENO 550MG TAB. REC CJAX100UND,PORTUGAL GENERICO,0.0,10.0,3.3,2026-06-26 19:17:54,2,6,Invierno
106081,NAPROXENO 550MG TAB. REC CJAX100UND,PORTUGAL GENERICO,0.0,10.0,3.3,2026-06-26 19:20:35,9,6,Invierno
106081,NAPROXENO 550MG TAB. REC CJAX100UND,PORTUGAL GENERICO,0.0,20.0,6.6,2026-06-26 20:37:36,9,6,Invierno
106081,NAPROXENO 550MG TAB. REC CJAX100UND,PORTUGAL GENERICO,0.0,10.0,3.3,2026-06-26 20:38:28,5,6,Invierno
106081,NAPROXENO 550MG TAB. REC CJAX100UND,PORTUGAL GENERICO,0.0,10.0,3.3,2026-06-26 20:46:06,4,6,Invierno
106081,NAPROXENO 550MG TAB. REC CJAX100UND,PORTUGAL GENERICO,0.0,10.0,3.3,2026-06-26 20:56:41,14,6,Invierno
106081,NAPROXENO 550MG TAB. REC CJAX100UND,PORTUGAL GENERICO,0.0,10.0,3.3,2026-06-26 21:48:39,8,6,Invierno
106081,NAPROXENO 550MG TAB. REC CJAX100UND,PORTUGAL GENERICO,0.0,20.0,6.6,2026-06-26 22:07:07,2,6,Invierno
106081,NAPROXENO 550MG TAB. REC CJAX100UND,PORTUGAL GENERICO,0.0,10.0,3.3,2026-06-26 22:15:53,7,6,Invierno
106081,NAPROXENO 550MG TAB. REC CJAX100UND,PORTUGAL GENERICO,0.0,5.0,1.65,2026-06-26 22:16:42,18,6,Invierno
106081,NAPROXENO 550MG TAB. REC CJAX100UND,PORTUGAL GENERICO,0.0,10.0,3.3,2026-06-27 07:55:46,17,6,Invierno
106081,NAPROXENO 550MG TAB. REC CJAX100UND,PORTUGAL GENERICO,0.0,10.0,3.3,2026-06-27 08:06:10,6,6,Invierno
106081,NAPROXENO 550MG TAB. REC CJAX100UND,PORTUGAL GENERICO,0.0,10.0,3.3,2026-06-27 09:40:36,10,6,Invierno
106081,NAPROXENO 550MG TAB. REC CJAX100UND,PORTUGAL GENERICO,0.0,10.0,3.3,2026-06-27 09:52:19,17,6,Invierno
106081,NAPROXENO 550MG TAB. REC CJAX100UND,PORTUGAL GENERICO,0.0,10.0,3.3,2026-06-27 10:04:14,9,6,Invierno
106081,NAPROXENO 550MG TAB. REC CJAX100UND,PORTUGAL GENERICO,0.0,20.0,6.6,2026-06-27 10:59:20,1,6,Invierno
106081,NAPROXENO 550MG TAB. REC CJAX100UND,PORTUGAL GENERICO,0.0,10.0,3.3,2026-06-27 11:13:05,13,6,Invierno
106081,NAPROXENO 550MG TAB. REC CJAX100UND,PORTUGAL GENERICO,0.0,10.0,3.3,2026-06-27 11:45:16,6,6,Invierno
106081,NAPROXENO 550MG TAB. REC CJAX100UND,PORTUGAL GENERICO,0.0,20.0,6.6,2026-06-27 11:47:10,5,6,Invierno
106081,NAPROXENO 550MG TAB. REC CJAX100UND,PORTUGAL GENERICO,0.0,-10.0,-3.3,2026-06-27 11:49:33,6,6,Invierno
106081,NAPROXENO 550MG TAB. REC CJAX100UND,PORTUGAL GENERICO,0.0,10.0,3.3,2026-06-27 11:51:28,6,6,Invierno
106081,NAPROXENO 550MG TAB. REC CJAX100UND,PORTUGAL GENERICO,0.0,5.0,1.65,2026-06-27 13:01:39,14,6,Invierno
106081,NAPROXENO 550MG TAB. REC CJAX100UND,PORTUGAL GENERICO,0.0,10.0,3.3,2026-06-27 13:23:30,10,6,Invierno
106081,NAPROXENO 550MG TAB. REC CJAX100UND,PORTUGAL GENERICO,0.0,10.0,3.3,2026-06-27 13:59:11,7,6,Invierno
106081,NAPROXENO 550MG TAB. REC CJAX100UND,PORTUGAL GENERICO,0.0,10.0,3.3,2026-06-27 14:02:00,7,6,Invierno
106081,NAPROXENO 550MG TAB. REC CJAX100UND,PORTUGAL GENERICO,0.0,10.0,3.3,2026-06-27 14:05:04,18,6,Invierno
106081,NAPROXENO 550MG TAB. REC CJAX100UND,PORTUGAL GENERICO,0.0,-10.0,-3.3,2026-06-27 14:12:18,18,6,Invierno
106081,NAPROXENO 550MG TAB. REC CJAX100UND,PORTUGAL GENERICO,0.0,10.0,3.3,2026-06-27 14:13:10,18,6,Invierno
106081,NAPROXENO 550MG TAB. REC CJAX100UND,PORTUGAL GENERICO,0.0,10.0,3.3,2026-06-27 14:29:57,9,6,Invierno
106081,NAPROXENO 550MG TAB. REC CJAX100UND,PORTUGAL GENERICO,0.0,5.0,1.65,2026-06-27 14:43:10,10,6,Invierno
106081,NAPROXENO 550MG TAB. REC CJAX100UND,PORTUGAL GENERICO,0.0,10.0,3.3,2026-06-27 14:47:38,2,6,Invierno
106081,NAPROXENO 550MG TAB. REC CJAX100UND,PORTUGAL GENERICO,0.0,10.0,3.3,2026-06-27 15:39:51,6,6,Invierno
106081,NAPROXENO 550MG TAB. REC CJAX100UND,PORTUGAL GENERICO,0.0,10.0,3.3,2026-06-27 15:59:51,18,6,Invierno
106081,NAPROXENO 550MG TAB. REC CJAX100UND,PORTUGAL GENERICO,0.0,10.0,3.3,2026-06-27 17:15:09,2,6,Invierno
106081,NAPROXENO 550MG TAB. REC CJAX100UND,PORTUGAL GENERICO,0.0,10.0,3.3,2026-06-27 17:35:35,9,6,Invierno
106081,NAPROXENO 550MG TAB. REC CJAX100UND,PORTUGAL GENERICO,0.0,10.0,3.3,2026-06-27 17:48:46,12,6,Invierno
106081,NAPROXENO 550MG TAB. REC CJAX100UND,PORTUGAL GENERICO,0.0,10.0,3.3,2026-06-27 17:49:17,7,6,Invierno
106081,NAPROXENO 550MG TAB. REC CJAX100UND,PORTUGAL GENERICO,0.0,20.0,6.6,2026-06-27 18:06:26,2,6,Invierno
106081,NAPROXENO 550MG TAB. REC CJAX100UND,PORTUGAL GENERICO,0.0,10.0,3.3,2026-06-27 18:41:38,2,6,Invierno
106081,NAPROXENO 550MG TAB. REC CJAX100UND,PORTUGAL GENERICO,0.0,10.0,3.3,2026-06-27 21:01:08,15,6,Invierno
106081,NAPROXENO 550MG TAB. REC CJAX100UND,PORTUGAL GENERICO,0.0,10.0,3.3,2026-06-27 21:58:18,5,6,Invierno
106081,NAPROXENO 550MG TAB. REC CJAX100UND,PORTUGAL GENERICO,0.0,20.0,6.6,2026-06-28 07:41:52,15,6,Invierno
106081,NAPROXENO 550MG TAB. REC CJAX100UND,PORTUGAL GENERICO,0.0,10.0,3.3,2026-06-28 08:37:46,13,6,Invierno
106081,NAPROXENO 550MG TAB. REC CJAX100UND,PORTUGAL GENERICO,0.0,3.0,0.99,2026-06-28 09:27:37,13,6,Invierno
106081,NAPROXENO 550MG TAB. REC CJAX100UND,PORTUGAL GENERICO,0.0,10.0,3.3,2026-06-28 12:22:29,8,6,Invierno
106081,NAPROXENO 550MG TAB. REC CJAX100UND,PORTUGAL GENERICO,0.0,10.0,3.3,2026-06-28 12:44:19,14,6,Invierno
106081,NAPROXENO 550MG TAB. REC CJAX100UND,PORTUGAL GENERICO,0.0,10.0,3.3,2026-06-28 13:16:49,19,6,Invierno
106081,NAPROXENO 550MG TAB. REC CJAX100UND,PORTUGAL GENERICO,0.0,10.0,3.3,2026-06-28 16:05:10,7,6,Invierno
106081,NAPROXENO 550MG TAB. REC CJAX100UND,PORTUGAL GENERICO,0.0,10.0,3.3,2026-06-28 16:05:11,8,6,Invierno
106081,NAPROXENO 550MG TAB. REC CJAX100UND,PORTUGAL GENERICO,0.0,10.0,3.3,2026-06-28 16:41:06,15,6,Invierno
106081,NAPROXENO 550MG TAB. REC CJAX100UND,PORTUGAL GENERICO,0.0,20.0,6.6,2026-06-28 17:12:51,6,6,Invierno
106081,NAPROXENO 550MG TAB. REC CJAX100UND,PORTUGAL GENERICO,0.0,10.0,3.3,2026-06-28 17:42:55,7,6,Invierno
106081,NAPROXENO 550MG TAB. REC CJAX100UND,PORTUGAL GENERICO,0.0,5.0,1.65,2026-06-28 18:26:37,5,6,Invierno
106081,NAPROXENO 550MG TAB. REC CJAX100UND,PORTUGAL GENERICO,0.0,20.0,6.6,2026-06-28 19:40:58,5,6,Invierno
106081,NAPROXENO 550MG TAB. REC CJAX100UND,PORTUGAL GENERICO,0.0,10.0,3.3,2026-06-28 19:43:36,9,6,Invierno
106081,NAPROXENO 550MG TAB. REC CJAX100UND,PORTUGAL GENERICO,0.0,10.0,3.3,2026-06-28 20:51:45,4,6,Invierno
106081,NAPROXENO 550MG TAB. REC CJAX100UND,PORTUGAL GENERICO,0.0,5.0,1.65,2026-06-28 20:56:38,9,6,Invierno
106081,NAPROXENO 550MG TAB. REC CJAX100UND,PORTUGAL GENERICO,0.0,5.0,1.65,2026-06-28 21:09:26,10,6,Invierno
106081,NAPROXENO 550MG TAB. REC CJAX100UND,PORTUGAL GENERICO,0.0,10.0,3.3,2026-06-28 21:36:04,10,6,Invierno
106081,NAPROXENO 550MG TAB. REC CJAX100UND,PORTUGAL GENERICO,0.0,10.0,3.3,2026-06-28 21:49:44,5,6,Invierno
106081,NAPROXENO 550MG TAB. REC CJAX100UND,PORTUGAL GENERICO,0.0,5.0,1.65,2026-06-28 22:14:03,14,6,Invierno
106081,NAPROXENO 550MG TAB. REC CJAX100UND,PORTUGAL GENERICO,0.0,10.0,3.3,2026-06-29 08:49:45,6,6,Invierno
106081,NAPROXENO 550MG TAB. REC CJAX100UND,PORTUGAL GENERICO,0.0,10.0,3.3,2026-06-29 09:12:41,6,6,Invierno
106081,NAPROXENO 550MG TAB. REC CJAX100UND,PORTUGAL GENERICO,0.0,10.0,3.3,2026-06-29 09:45:04,1,6,Invierno
106081,NAPROXENO 550MG TAB. REC CJAX100UND,PORTUGAL GENERICO,0.0,10.0,3.3,2026-06-29 09:52:47,6,6,Invierno
106081,NAPROXENO 550MG TAB. REC CJAX100UND,PORTUGAL GENERICO,0.0,10.0,3.3,2026-06-29 10:08:54,5,6,Invierno
106081,NAPROXENO 550MG TAB. REC CJAX100UND,PORTUGAL GENERICO,0.0,10.0,3.3,2026-06-29 10:32:39,19,6,Invierno
106081,NAPROXENO 550MG TAB. REC CJAX100UND,PORTUGAL GENERICO,0.0,20.0,6.6,2026-06-29 10:58:54,7,6,Invierno
106081,NAPROXENO 550MG TAB. REC CJAX100UND,PORTUGAL GENERICO,0.0,1.0,0.33,2026-06-29 11:06:27,13,6,Invierno
106081,NAPROXENO 550MG TAB. REC CJAX100UND,PORTUGAL GENERICO,0.0,10.0,3.3,2026-06-29 12:06:49,16,6,Invierno
106081,NAPROXENO 550MG TAB. REC CJAX100UND,PORTUGAL GENERICO,0.0,10.0,3.3,2026-06-29 12:44:29,2,6,Invierno
106081,NAPROXENO 550MG TAB. REC CJAX100UND,PORTUGAL GENERICO,0.0,10.0,3.3,2026-06-29 13:44:20,5,6,Invierno
106081,NAPROXENO 550MG TAB. REC CJAX100UND,PORTUGAL GENERICO,0.0,10.0,3.3,2026-06-29 14:36:22,6,6,Invierno
106081,NAPROXENO 550MG TAB. REC CJAX100UND,PORTUGAL GENERICO,0.0,10.0,3.3,2026-06-29 14:53:51,6,6,Invierno
106081,NAPROXENO 550MG TAB. REC CJAX100UND,PORTUGAL GENERICO,0.0,2.0,0.66,2026-06-29 16:13:46,6,6,Invierno
106081,NAPROXENO 550MG TAB. REC CJAX100UND,PORTUGAL GENERICO,0.0,10.0,3.3,2026-06-29 17:34:34,11,6,Invierno
106081,NAPROXENO 550MG TAB. REC CJAX100UND,PORTUGAL GENERICO,0.0,10.0,3.3,2026-06-29 18:04:24,5,6,Invierno
106081,NAPROXENO 550MG TAB. REC CJAX100UND,PORTUGAL GENERICO,0.0,10.0,3.3,2026-06-29 18:21:26,2,6,Invierno
106081,NAPROXENO 550MG TAB. REC CJAX100UND,PORTUGAL GENERICO,0.0,10.0,3.3,2026-06-29 18:39:38,10,6,Invierno
106081,NAPROXENO 550MG TAB. REC CJAX100UND,PORTUGAL GENERICO,0.0,10.0,3.3,2026-06-29 19:10:49,9,6,Invierno
106081,NAPROXENO 550MG TAB. REC CJAX100UND,PORTUGAL GENERICO,0.0,10.0,3.3,2026-06-29 19:25:01,1,6,Invierno
106081,NAPROXENO 550MG TAB. REC CJAX100UND,PORTUGAL GENERICO,0.0,10.0,3.3,2026-06-29 19:27:09,18,6,Invierno
106081,NAPROXENO 550MG TAB. REC CJAX100UND,PORTUGAL GENERICO,0.0,10.0,3.3,2026-06-29 19:33:21,12,6,Invierno
106081,NAPROXENO 550MG TAB. REC CJAX100UND,PORTUGAL GENERICO,0.0,10.0,3.3,2026-06-29 19:52:51,16,6,Invierno
106081,NAPROXENO 550MG TAB. REC CJAX100UND,PORTUGAL GENERICO,0.0,10.0,3.3,2026-06-29 19:57:53,5,6,Invierno
106081,NAPROXENO 550MG TAB. REC CJAX100UND,PORTUGAL GENERICO,0.0,10.0,3.3,2026-06-29 20:04:58,18,6,Invierno
106081,NAPROXENO 550MG TAB. REC CJAX100UND,PORTUGAL GENERICO,0.0,10.0,3.3,2026-06-29 20:19:40,16,6,Invierno
106081,NAPROXENO 550MG TAB. REC CJAX100UND,PORTUGAL GENERICO,0.0,10.0,3.3,2026-06-29 20:50:04,13,6,Invierno
106081,NAPROXENO 550MG TAB. REC CJAX100UND,PORTUGAL GENERICO,0.0,10.0,3.3,2026-06-29 20:55:52,8,6,Invierno
106081,NAPROXENO 550MG TAB. REC CJAX100UND,PORTUGAL GENERICO,0.0,10.0,3.3,2026-06-29 21:37:04,5,6,Invierno
106081,NAPROXENO 550MG TAB. REC CJAX100UND,PORTUGAL GENERICO,0.0,-10.0,-3.3,2026-06-29 21:41:46,5,6,Invierno
106081,NAPROXENO 550MG TAB. REC CJAX100UND,PORTUGAL GENERICO,0.0,10.0,3.3,2026-06-29 22:49:49,6,6,Invierno
106081,NAPROXENO 550MG TAB. REC CJAX100UND,PORTUGAL GENERICO,0.0,10.0,3.3,2026-06-30 07:17:01,12,6,Invierno
106081,NAPROXENO 550MG TAB. REC CJAX100UND,PORTUGAL GENERICO,0.0,20.0,6.6,2026-06-30 07:51:26,3,6,Invierno
106081,NAPROXENO 550MG TAB. REC CJAX100UND,PORTUGAL GENERICO,0.0,10.0,3.3,2026-06-30 08:55:46,6,6,Invierno
106081,NAPROXENO 550MG TAB. REC CJAX100UND,PORTUGAL GENERICO,0.0,10.0,3.3,2026-06-30 10:28:36,19,6,Invierno
106081,NAPROXENO 550MG TAB. REC CJAX100UND,PORTUGAL GENERICO,0.0,3.0,0.99,2026-06-30 12:15:38,13,6,Invierno
106081,NAPROXENO 550MG TAB. REC CJAX100UND,PORTUGAL GENERICO,0.0,10.0,3.3,2026-06-30 12:30:30,9,6,Invierno
106081,NAPROXENO 550MG TAB. REC CJAX100UND,PORTUGAL GENERICO,1.0,0.0,33.0,2026-06-30 16:35:59,1,6,Invierno
106081,NAPROXENO 550MG TAB. REC CJAX100UND,PORTUGAL GENERICO,0.0,10.0,3.3,2026-06-30 16:49:12,17,6,Invierno
106081,NAPROXENO 550MG TAB. REC CJAX100UND,PORTUGAL GENERICO,0.0,10.0,3.3,2026-06-30 17:33:12,6,6,Invierno
106081,NAPROXENO 550MG TAB. REC CJAX100UND,PORTUGAL GENERICO,0.0,10.0,3.3,2026-06-30 17:51:09,12,6,Invierno
106081,NAPROXENO 550MG TAB. REC CJAX100UND,PORTUGAL GENERICO,0.0,10.0,3.3,2026-06-30 19:27:40,2,6,Invierno
106081,NAPROXENO 550MG TAB. REC CJAX100UND,PORTUGAL GENERICO,0.0,10.0,3.3,2026-06-30 19:46:33,6,6,Invierno
106081,NAPROXENO 550MG TAB. REC CJAX100UND,PORTUGAL GENERICO,0.0,10.0,3.3,2026-06-30 20:01:33,8,6,Invierno
106081,NAPROXENO 550MG TAB. REC CJAX100UND,PORTUGAL GENERICO,0.0,10.0,3.3,2026-06-30 20:04:05,2,6,Invierno
106081,NAPROXENO 550MG TAB. REC CJAX100UND,PORTUGAL GENERICO,0.0,20.0,6.6,2026-06-30 20:12:57,2,6,Invierno
106081,NAPROXENO 550MG TAB. REC CJAX100UND,PORTUGAL GENERICO,0.0,10.0,3.3,2026-06-30 20:18:28,1,6,Invierno
106081,NAPROXENO 550MG TAB. REC CJAX100UND,PORTUGAL GENERICO,0.0,20.0,6.6,2026-06-30 20:23:38,2,6,Invierno
106081,NAPROXENO 550MG TAB. REC CJAX100UND,PORTUGAL GENERICO,0.0,10.0,3.3,2026-06-30 20:24:08,1,6,Invierno
106081,NAPROXENO 550MG TAB. REC CJAX100UND,PORTUGAL GENERICO,0.0,20.0,6.6,2026-06-30 20:32:15,15,6,Invierno
106081,NAPROXENO 550MG TAB. REC CJAX100UND,PORTUGAL GENERICO,0.0,10.0,3.3,2026-06-30 21:07:10,3,6,Invierno
106081,NAPROXENO 550MG TAB. REC CJAX100UND,PORTUGAL GENERICO,0.0,10.0,3.3,2026-06-30 21:49:07,9,6,Invierno
106081,NAPROXENO 550MG TAB. REC CJAX100UND,PORTUGAL GENERICO,0.0,10.0,3.3,2026-06-30 21:59:10,7,6,Invierno
106081,NAPROXENO 550MG TAB. REC CJAX100UND,PORTUGAL GENERICO,0.0,10.0,3.3,2026-06-30 22:05:57,5,6,Invierno
106081,NAPROXENO 550MG TAB. REC CJAX100UND,PORTUGAL GENERICO,0.0,3.0,0.99,2026-07-01 07:38:14,13,7,Invierno
106081,NAPROXENO 550MG TAB. REC CJAX100UND,PORTUGAL GENERICO,0.0,6.0,1.98,2026-07-01 08:30:38,6,7,Invierno
106081,NAPROXENO 550MG TAB. REC CJAX100UND,PORTUGAL GENERICO,0.0,20.0,6.6,2026-07-01 10:43:59,10,7,Invierno
106081,NAPROXENO 550MG TAB. REC CJAX100UND,PORTUGAL GENERICO,0.0,20.0,6.6,2026-07-01 10:53:33,1,7,Invierno
106081,NAPROXENO 550MG TAB. REC CJAX100UND,PORTUGAL GENERICO,0.0,10.0,3.3,2026-07-01 10:57:14,6,7,Invierno
106081,NAPROXENO 550MG TAB. REC CJAX100UND,PORTUGAL GENERICO,0.0,10.0,3.3,2026-07-01 11:00:06,4,7,Invierno
106081,NAPROXENO 550MG TAB. REC CJAX100UND,PORTUGAL GENERICO,0.0,10.0,3.3,2026-07-01 11:14:23,15,7,Invierno
106081,NAPROXENO 550MG TAB. REC CJAX100UND,PORTUGAL GENERICO,0.0,10.0,3.3,2026-07-01 11:25:21,1,7,Invierno
106081,NAPROXENO 550MG TAB. REC CJAX100UND,PORTUGAL GENERICO,0.0,10.0,3.3,2026-07-01 11:27:45,1,7,Invierno
106081,NAPROXENO 550MG TAB. REC CJAX100UND,PORTUGAL GENERICO,0.0,10.0,3.3,2026-07-01 11:34:26,18,7,Invierno
106081,NAPROXENO 550MG TAB. REC CJAX100UND,PORTUGAL GENERICO,0.0,10.0,3.3,2026-07-01 12:40:45,5,7,Invierno
106081,NAPROXENO 550MG TAB. REC CJAX100UND,PORTUGAL GENERICO,0.0,20.0,6.6,2026-07-01 14:04:39,10,7,Invierno
106081,NAPROXENO 550MG TAB. REC CJAX100UND,PORTUGAL GENERICO,0.0,10.0,3.3,2026-07-01 15:28:30,4,7,Invierno
106081,NAPROXENO 550MG TAB. REC CJAX100UND,PORTUGAL GENERICO,0.0,10.0,3.3,2026-07-01 15:31:55,6,7,Invierno
106081,NAPROXENO 550MG TAB. REC CJAX100UND,PORTUGAL GENERICO,0.0,20.0,6.0,2026-07-01 16:57:58,5,7,Invierno
106081,NAPROXENO 550MG TAB. REC CJAX100UND,PORTUGAL GENERICO,0.0,10.0,3.3,2026-07-01 17:09:17,8,7,Invierno
106081,NAPROXENO 550MG TAB. REC CJAX100UND,PORTUGAL GENERICO,0.0,10.0,3.3,2026-07-01 18:07:13,9,7,Invierno
106081,NAPROXENO 550MG TAB. REC CJAX100UND,PORTUGAL GENERICO,0.0,10.0,3.3,2026-07-01 19:01:27,16,7,Invierno
106081,NAPROXENO 550MG TAB. REC CJAX100UND,PORTUGAL GENERICO,0.0,20.0,6.6,2026-07-01 19:03:08,2,7,Invierno
106081,NAPROXENO 550MG TAB. REC CJAX100UND,PORTUGAL GENERICO,0.0,10.0,3.3,2026-07-01 19:11:27,7,7,Invierno
106081,NAPROXENO 550MG TAB. REC CJAX100UND,PORTUGAL GENERICO,0.0,3.0,0.99,2026-07-01 19:13:33,19,7,Invierno
106081,NAPROXENO 550MG TAB. REC CJAX100UND,PORTUGAL GENERICO,0.0,10.0,3.3,2026-07-01 19:17:05,18,7,Invierno
106081,NAPROXENO 550MG TAB. REC CJAX100UND,PORTUGAL GENERICO,0.0,3.0,0.99,2026-07-01 19:21:27,2,7,Invierno
106081,NAPROXENO 550MG TAB. REC CJAX100UND,PORTUGAL GENERICO,0.0,20.0,6.6,2026-07-01 19:51:01,12,7,Invierno
106081,NAPROXENO 550MG TAB. REC CJAX100UND,PORTUGAL GENERICO,0.0,10.0,3.0,2026-07-01 19:55:00,5,7,Invierno
106081,NAPROXENO 550MG TAB. REC CJAX100UND,PORTUGAL GENERICO,0.0,10.0,3.0,2026-07-01 20:13:01,14,7,Invierno
106081,NAPROXENO 550MG TAB. REC CJAX100UND,PORTUGAL GENERICO,0.0,10.0,3.3,2026-07-01 20:14:13,7,7,Invierno
106081,NAPROXENO 550MG TAB. REC CJAX100UND,PORTUGAL GENERICO,0.0,10.0,3.0,2026-07-01 20:16:49,10,7,Invierno
106081,NAPROXENO 550MG TAB. REC CJAX100UND,PORTUGAL GENERICO,0.0,10.0,3.3,2026-07-01 20:23:24,8,7,Invierno
106081,NAPROXENO 550MG TAB. REC CJAX100UND,PORTUGAL GENERICO,0.0,10.0,3.0,2026-07-01 21:10:03,1,7,Invierno
106081,NAPROXENO 550MG TAB. REC CJAX100UND,PORTUGAL GENERICO,0.0,10.0,3.3,2026-07-01 21:17:21,19,7,Invierno
106081,NAPROXENO 550MG TAB. REC CJAX100UND,PORTUGAL GENERICO,0.0,10.0,3.3,2026-07-01 22:57:48,7,7,Invierno
106081,NAPROXENO 550MG TAB. REC CJAX100UND,PORTUGAL GENERICO,0.0,10.0,3.14,2026-07-01 23:25:24,7,7,Invierno
106081,NAPROXENO 550MG TAB. REC CJAX100UND,PORTUGAL GENERICO,0.0,10.0,3.3,2026-07-02 13:17:32,13,7,Invierno
106081,NAPROXENO 550MG TAB. REC CJAX100UND,PORTUGAL GENERICO,0.0,10.0,3.3,2026-07-02 13:59:29,16,7,Invierno
106081,NAPROXENO 550MG TAB. REC CJAX100UND,PORTUGAL GENERICO,0.0,10.0,3.0,2026-07-02 16:11:40,6,7,Invierno
106081,NAPROXENO 550MG TAB. REC CJAX100UND,PORTUGAL GENERICO,0.0,10.0,3.0,2026-07-02 16:51:54,15,7,Invierno
106081,NAPROXENO 550MG TAB. REC CJAX100UND,PORTUGAL GENERICO,0.0,10.0,3.0,2026-07-02 18:29:38,11,7,Invierno
106081,NAPROXENO 550MG TAB. REC CJAX100UND,PORTUGAL GENERICO,0.0,10.0,3.0,2026-07-02 18:36:54,8,7,Invierno
106081,NAPROXENO 550MG TAB. REC CJAX100UND,PORTUGAL GENERICO,0.0,10.0,3.0,2026-07-02 19:17:15,6,7,Invierno
106081,NAPROXENO 550MG TAB. REC CJAX100UND,PORTUGAL GENERICO,0.0,10.0,3.0,2026-07-02 19:24:56,3,7,Invierno
106081,NAPROXENO 550MG TAB. REC CJAX100UND,PORTUGAL GENERICO,0.0,10.0,3.0,2026-07-02 19:50:28,2,7,Invierno
106081,NAPROXENO 550MG TAB. REC CJAX100UND,PORTUGAL GENERICO,0.0,20.0,6.0,2026-07-02 20:24:52,6,7,Invierno
106081,NAPROXENO 550MG TAB. REC CJAX100UND,PORTUGAL GENERICO,0.0,10.0,3.0,2026-07-02 20:46:12,14,7,Invierno
106081,NAPROXENO 550MG TAB. REC CJAX100UND,PORTUGAL GENERICO,0.0,20.0,6.0,2026-07-02 20:49:00,2,7,Invierno
106081,NAPROXENO 550MG TAB. REC CJAX100UND,PORTUGAL GENERICO,0.0,10.0,3.0,2026-07-02 21:00:15,2,7,Invierno
106081,NAPROXENO 550MG TAB. REC CJAX100UND,PORTUGAL GENERICO,0.0,10.0,3.0,2026-07-02 21:48:01,12,7,Invierno
106081,NAPROXENO 550MG TAB. REC CJAX100UND,PORTUGAL GENERICO,0.0,10.0,3.0,2026-07-02 21:50:54,7,7,Invierno
106081,NAPROXENO 550MG TAB. REC CJAX100UND,PORTUGAL GENERICO,0.0,10.0,3.0,2026-07-02 21:50:56,13,7,Invierno
106081,NAPROXENO 550MG TAB. REC CJAX100UND,PORTUGAL GENERICO,0.0,10.0,3.0,2026-07-03 08:09:48,13,7,Invierno
106081,NAPROXENO 550MG TAB. REC CJAX100UND,PORTUGAL GENERICO,0.0,10.0,3.0,2026-07-03 08:41:50,13,7,Invierno
106081,NAPROXENO 550MG TAB. REC CJAX100UND,PORTUGAL GENERICO,0.0,10.0,3.0,2026-07-03 10:07:29,14,7,Invierno
106081,NAPROXENO 550MG TAB. REC CJAX100UND,PORTUGAL GENERICO,0.0,20.0,6.0,2026-07-03 11:26:42,7,7,Invierno
106081,NAPROXENO 550MG TAB. REC CJAX100UND,PORTUGAL GENERICO,0.0,10.0,3.0,2026-07-03 11:46:16,4,7,Invierno
106081,NAPROXENO 550MG TAB. REC CJAX100UND,PORTUGAL GENERICO,0.0,5.0,1.5,2026-07-03 13:04:39,8,7,Invierno
106081,NAPROXENO 550MG TAB. REC CJAX100UND,PORTUGAL GENERICO,0.0,10.0,3.0,2026-07-03 13:19:19,6,7,Invierno
106081,NAPROXENO 550MG TAB. REC CJAX100UND,PORTUGAL GENERICO,0.0,10.0,3.0,2026-07-03 17:36:54,5,7,Invierno
106081,NAPROXENO 550MG TAB. REC CJAX100UND,PORTUGAL GENERICO,0.0,5.0,1.5,2026-07-03 17:58:24,5,7,Invierno
106081,NAPROXENO 550MG TAB. REC CJAX100UND,PORTUGAL GENERICO,0.0,10.0,3.0,2026-07-03 18:58:58,18,7,Invierno
106081,NAPROXENO 550MG TAB. REC CJAX100UND,PORTUGAL GENERICO,0.0,10.0,3.0,2026-07-03 19:08:09,10,7,Invierno
106081,NAPROXENO 550MG TAB. REC CJAX100UND,PORTUGAL GENERICO,0.0,10.0,3.0,2026-07-03 19:24:33,18,7,Invierno
106081,NAPROXENO 550MG TAB. REC CJAX100UND,PORTUGAL GENERICO,0.0,10.0,3.0,2026-07-03 19:59:33,12,7,Invierno
106081,NAPROXENO 550MG TAB. REC CJAX100UND,PORTUGAL GENERICO,0.0,20.0,6.0,2026-07-03 20:06:50,18,7,Invierno
106081,NAPROXENO 550MG TAB. REC CJAX100UND,PORTUGAL GENERICO,0.0,10.0,3.0,2026-07-03 20:18:30,6,7,Invierno
106081,NAPROXENO 550MG TAB. REC CJAX100UND,PORTUGAL GENERICO,0.0,10.0,3.0,2026-07-03 20:38:46,2,7,Invierno
106081,NAPROXENO 550MG TAB. REC CJAX100UND,PORTUGAL GENERICO,0.0,10.0,3.0,2026-07-03 21:20:48,6,7,Invierno
106081,NAPROXENO 550MG TAB. REC CJAX100UND,PORTUGAL GENERICO,0.0,10.0,3.0,2026-07-03 21:34:56,2,7,Invierno
106081,NAPROXENO 550MG TAB. REC CJAX100UND,PORTUGAL GENERICO,0.0,10.0,3.0,2026-07-03 21:38:18,5,7,Invierno
106081,NAPROXENO 550MG TAB. REC CJAX100UND,PORTUGAL GENERICO,0.0,10.0,3.0,2026-07-03 22:18:31,3,7,Invierno
106081,NAPROXENO 550MG TAB. REC CJAX100UND,PORTUGAL GENERICO,0.0,10.0,3.0,2026-07-03 22:22:24,12,7,Invierno
106081,NAPROXENO 550MG TAB. REC CJAX100UND,PORTUGAL GENERICO,0.0,10.0,3.0,2026-07-03 23:12:29,4,7,Invierno
106081,NAPROXENO 550MG TAB. REC CJAX100UND,PORTUGAL GENERICO,0.0,10.0,3.0,2026-07-04 08:37:06,17,7,Invierno
106081,NAPROXENO 550MG TAB. REC CJAX100UND,PORTUGAL GENERICO,0.0,1.0,0.3,2026-07-04 08:38:31,9,7,Invierno
106081,NAPROXENO 550MG TAB. REC CJAX100UND,PORTUGAL GENERICO,0.0,3.0,0.9,2026-07-04 10:36:30,1,7,Invierno
106081,NAPROXENO 550MG TAB. REC CJAX100UND,PORTUGAL GENERICO,0.0,10.0,3.0,2026-07-04 13:22:55,9,7,Invierno
106081,NAPROXENO 550MG TAB. REC CJAX100UND,PORTUGAL GENERICO,0.0,10.0,3.0,2026-07-04 13:32:55,9,7,Invierno
106081,NAPROXENO 550MG TAB. REC CJAX100UND,PORTUGAL GENERICO,0.0,5.0,1.5,2026-07-04 13:33:33,9,7,Invierno
106081,NAPROXENO 550MG TAB. REC CJAX100UND,PORTUGAL GENERICO,0.0,10.0,3.0,2026-07-04 14:33:39,14,7,Invierno
106081,NAPROXENO 550MG TAB. REC CJAX100UND,PORTUGAL GENERICO,0.0,10.0,3.0,2026-07-04 14:40:23,12,7,Invierno
106081,NAPROXENO 550MG TAB. REC CJAX100UND,PORTUGAL GENERICO,0.0,10.0,3.0,2026-07-04 14:46:12,12,7,Invierno
106081,NAPROXENO 550MG TAB. REC CJAX100UND,PORTUGAL GENERICO,0.0,10.0,3.0,2026-07-04 15:27:01,14,7,Invierno
106081,NAPROXENO 550MG TAB. REC CJAX100UND,PORTUGAL GENERICO,0.0,4.0,1.2,2026-07-04 15:34:29,10,7,Invierno
106081,NAPROXENO 550MG TAB. REC CJAX100UND,PORTUGAL GENERICO,0.0,10.0,3.0,2026-07-04 16:05:10,8,7,Invierno
106081,NAPROXENO 550MG TAB. REC CJAX100UND,PORTUGAL GENERICO,0.0,10.0,3.0,2026-07-04 18:00:05,10,7,Invierno
106081,NAPROXENO 550MG TAB. REC CJAX100UND,PORTUGAL GENERICO,0.0,10.0,3.0,2026-07-04 18:34:05,7,7,Invierno
106081,NAPROXENO 550MG TAB. REC CJAX100UND,PORTUGAL GENERICO,0.0,20.0,6.0,2026-07-04 18:54:47,9,7,Invierno
106081,NAPROXENO 550MG TAB. REC CJAX100UND,PORTUGAL GENERICO,0.0,10.0,3.0,2026-07-04 19:07:08,1,7,Invierno
106081,NAPROXENO 550MG TAB. REC CJAX100UND,PORTUGAL GENERICO,0.0,10.0,3.0,2026-07-04 19:12:20,5,7,Invierno
106081,NAPROXENO 550MG TAB. REC CJAX100UND,PORTUGAL GENERICO,0.0,10.0,3.0,2026-07-04 19:27:45,8,7,Invierno
106081,NAPROXENO 550MG TAB. REC CJAX100UND,PORTUGAL GENERICO,0.0,2.0,0.6,2026-07-04 19:37:16,2,7,Invierno
106081,NAPROXENO 550MG TAB. REC CJAX100UND,PORTUGAL GENERICO,0.0,10.0,3.0,2026-07-04 20:03:28,17,7,Invierno
106081,NAPROXENO 550MG TAB. REC CJAX100UND,PORTUGAL GENERICO,0.0,3.0,0.9,2026-07-04 20:17:46,9,7,Invierno
106081,NAPROXENO 550MG TAB. REC CJAX100UND,PORTUGAL GENERICO,0.0,10.0,3.0,2026-07-04 20:59:26,4,7,Invierno
106081,NAPROXENO 550MG TAB. REC CJAX100UND,PORTUGAL GENERICO,0.0,10.0,3.0,2026-07-04 21:10:20,18,7,Invierno
106081,NAPROXENO 550MG TAB. REC CJAX100UND,PORTUGAL GENERICO,0.0,10.0,3.0,2026-07-04 21:16:02,2,7,Invierno
106081,NAPROXENO 550MG TAB. REC CJAX100UND,PORTUGAL GENERICO,0.0,10.0,3.0,2026-07-04 22:14:23,7,7,Invierno
106081,NAPROXENO 550MG TAB. REC CJAX100UND,PORTUGAL GENERICO,0.0,10.0,3.0,2026-07-04 23:02:10,5,7,Invierno
106081,NAPROXENO 550MG TAB. REC CJAX100UND,PORTUGAL GENERICO,0.0,10.0,3.0,2026-07-04 23:20:43,7,7,Invierno
106081,NAPROXENO 550MG TAB. REC CJAX100UND,PORTUGAL GENERICO,0.0,10.0,3.0,2026-07-05 07:53:29,6,7,Invierno
106081,NAPROXENO 550MG TAB. REC CJAX100UND,PORTUGAL GENERICO,0.0,10.0,3.0,2026-07-05 09:20:40,14,7,Invierno
106081,NAPROXENO 550MG TAB. REC CJAX100UND,PORTUGAL GENERICO,0.0,10.0,3.0,2026-07-05 09:56:39,9,7,Invierno
106081,NAPROXENO 550MG TAB. REC CJAX100UND,PORTUGAL GENERICO,0.0,10.0,3.0,2026-07-05 09:58:57,12,7,Invierno
106081,NAPROXENO 550MG TAB. REC CJAX100UND,PORTUGAL GENERICO,0.0,20.0,6.0,2026-07-05 10:23:36,9,7,Invierno
106081,NAPROXENO 550MG TAB. REC CJAX100UND,PORTUGAL GENERICO,0.0,10.0,3.0,2026-07-05 10:59:20,6,7,Invierno
106081,NAPROXENO 550MG TAB. REC CJAX100UND,PORTUGAL GENERICO,0.0,40.0,12.0,2026-07-05 12:31:52,10,7,Invierno
106081,NAPROXENO 550MG TAB. REC CJAX100UND,PORTUGAL GENERICO,0.0,10.0,3.0,2026-07-05 12:35:41,14,7,Invierno
106081,NAPROXENO 550MG TAB. REC CJAX100UND,PORTUGAL GENERICO,0.0,2.0,0.6,2026-07-05 12:51:47,3,7,Invierno
106081,NAPROXENO 550MG TAB. REC CJAX100UND,PORTUGAL GENERICO,0.0,10.0,3.0,2026-07-05 13:04:54,3,7,Invierno
106081,NAPROXENO 550MG TAB. REC CJAX100UND,PORTUGAL GENERICO,0.0,10.0,3.0,2026-07-05 14:30:58,12,7,Invierno
106081,NAPROXENO 550MG TAB. REC CJAX100UND,PORTUGAL GENERICO,0.0,30.0,9.0,2026-07-05 15:42:45,7,7,Invierno
106081,NAPROXENO 550MG TAB. REC CJAX100UND,PORTUGAL GENERICO,0.0,20.0,6.0,2026-07-05 16:44:49,4,7,Invierno
106081,NAPROXENO 550MG TAB. REC CJAX100UND,PORTUGAL GENERICO,0.0,10.0,3.0,2026-07-05 17:58:55,10,7,Invierno
106081,NAPROXENO 550MG TAB. REC CJAX100UND,PORTUGAL GENERICO,0.0,10.0,3.0,2026-07-05 18:03:00,9,7,Invierno
106081,NAPROXENO 550MG TAB. REC CJAX100UND,PORTUGAL GENERICO,0.0,10.0,3.0,2026-07-05 18:07:10,3,7,Invierno
106081,NAPROXENO 550MG TAB. REC CJAX100UND,PORTUGAL GENERICO,0.0,10.0,3.0,2026-07-05 18:16:53,5,7,Invierno
106081,NAPROXENO 550MG TAB. REC CJAX100UND,PORTUGAL GENERICO,0.0,10.0,3.0,2026-07-05 19:06:41,1,7,Invierno
106081,NAPROXENO 550MG TAB. REC CJAX100UND,PORTUGAL GENERICO,0.0,10.0,3.0,2026-07-05 20:05:03,11,7,Invierno
106081,NAPROXENO 550MG TAB. REC CJAX100UND,PORTUGAL GENERICO,0.0,10.0,3.0,2026-07-05 20:06:14,10,7,Invierno
106081,NAPROXENO 550MG TAB. REC CJAX100UND,PORTUGAL GENERICO,0.0,10.0,3.0,2026-07-05 20:29:44,13,7,Invierno
106081,NAPROXENO 550MG TAB. REC CJAX100UND,PORTUGAL GENERICO,0.0,10.0,3.0,2026-07-05 21:36:15,17,7,Invierno
106081,NAPROXENO 550MG TAB. REC CJAX100UND,PORTUGAL GENERICO,0.0,10.0,3.0,2026-07-05 21:43:53,14,7,Invierno
106081,NAPROXENO 550MG TAB. REC CJAX100UND,PORTUGAL GENERICO,0.0,10.0,3.0,2026-07-05 21:58:36,7,7,Invierno
106081,NAPROXENO 550MG TAB. REC CJAX100UND,PORTUGAL GENERICO,0.0,10.0,3.0,2026-07-05 22:20:50,5,7,Invierno
106081,NAPROXENO 550MG TAB. REC CJAX100UND,PORTUGAL GENERICO,0.0,10.0,3.0,2026-07-06 07:54:53,11,7,Invierno
106081,NAPROXENO 550MG TAB. REC CJAX100UND,PORTUGAL GENERICO,0.0,-10.0,-3.0,2026-07-06 07:58:58,11,7,Invierno
106081,NAPROXENO 550MG TAB. REC CJAX100UND,PORTUGAL GENERICO,0.0,10.0,3.0,2026-07-06 08:00:17,11,7,Invierno
106081,NAPROXENO 550MG TAB. REC CJAX100UND,PORTUGAL GENERICO,0.0,15.0,4.5,2026-07-06 09:36:10,9,7,Invierno
106081,NAPROXENO 550MG TAB. REC CJAX100UND,PORTUGAL GENERICO,0.0,10.0,3.0,2026-07-06 10:56:24,3,7,Invierno
106081,NAPROXENO 550MG TAB. REC CJAX100UND,PORTUGAL GENERICO,0.0,9.0,2.7,2026-07-06 11:25:07,11,7,Invierno
106081,NAPROXENO 550MG TAB. REC CJAX100UND,PORTUGAL GENERICO,0.0,10.0,3.0,2026-07-06 11:56:14,10,7,Invierno
106081,NAPROXENO 550MG TAB. REC CJAX100UND,PORTUGAL GENERICO,0.0,10.0,3.0,2026-07-06 12:58:36,5,7,Invierno
106081,NAPROXENO 550MG TAB. REC CJAX100UND,PORTUGAL GENERICO,0.0,10.0,3.0,2026-07-06 13:14:18,5,7,Invierno
106081,NAPROXENO 550MG TAB. REC CJAX100UND,PORTUGAL GENERICO,0.0,10.0,3.0,2026-07-06 14:36:19,2,7,Invierno
106081,NAPROXENO 550MG TAB. REC CJAX100UND,PORTUGAL GENERICO,0.0,10.0,3.0,2026-07-06 14:51:04,2,7,Invierno
106081,NAPROXENO 550MG TAB. REC CJAX100UND,PORTUGAL GENERICO,0.0,10.0,3.0,2026-07-06 15:19:48,3,7,Invierno
106081,NAPROXENO 550MG TAB. REC CJAX100UND,PORTUGAL GENERICO,0.0,10.0,3.0,2026-07-06 16:11:38,14,7,Invierno
106081,NAPROXENO 550MG TAB. REC CJAX100UND,PORTUGAL GENERICO,0.0,10.0,3.0,2026-07-06 16:34:47,18,7,Invierno
106081,NAPROXENO 550MG TAB. REC CJAX100UND,PORTUGAL GENERICO,0.0,10.0,3.0,2026-07-06 17:28:04,3,7,Invierno
106081,NAPROXENO 550MG TAB. REC CJAX100UND,PORTUGAL GENERICO,0.0,10.0,3.0,2026-07-06 18:42:18,5,7,Invierno
106081,NAPROXENO 550MG TAB. REC CJAX100UND,PORTUGAL GENERICO,0.0,10.0,3.0,2026-07-06 18:48:06,1,7,Invierno
106081,NAPROXENO 550MG TAB. REC CJAX100UND,PORTUGAL GENERICO,0.0,10.0,3.0,2026-07-06 18:48:55,6,7,Invierno
106081,NAPROXENO 550MG TAB. REC CJAX100UND,PORTUGAL GENERICO,0.0,10.0,3.0,2026-07-06 18:51:34,19,7,Invierno
106081,NAPROXENO 550MG TAB. REC CJAX100UND,PORTUGAL GENERICO,0.0,30.0,9.0,2026-07-06 19:16:44,10,7,Invierno
106081,NAPROXENO 550MG TAB. REC CJAX100UND,PORTUGAL GENERICO,0.0,10.0,3.0,2026-07-06 19:31:02,2,7,Invierno
106081,NAPROXENO 550MG TAB. REC CJAX100UND,PORTUGAL GENERICO,0.0,10.0,3.0,2026-07-06 21:10:04,16,7,Invierno
106081,NAPROXENO 550MG TAB. REC CJAX100UND,PORTUGAL GENERICO,0.0,10.0,3.0,2026-07-06 21:17:26,7,7,Invierno
106081,NAPROXENO 550MG TAB. REC CJAX100UND,PORTUGAL GENERICO,0.0,10.0,3.0,2026-07-06 21:51:36,2,7,Invierno
106081,NAPROXENO 550MG TAB. REC CJAX100UND,PORTUGAL GENERICO,1.0,0.0,30.0,2026-07-07 08:25:43,4,7,Invierno
106081,NAPROXENO 550MG TAB. REC CJAX100UND,PORTUGAL GENERICO,0.0,10.0,3.0,2026-07-07 10:06:09,6,7,Invierno
106081,NAPROXENO 550MG TAB. REC CJAX100UND,PORTUGAL GENERICO,0.0,3.0,0.9,2026-07-07 10:44:24,5,7,Invierno
106081,NAPROXENO 550MG TAB. REC CJAX100UND,PORTUGAL GENERICO,0.0,20.0,6.0,2026-07-07 10:48:34,6,7,Invierno
106081,NAPROXENO 550MG TAB. REC CJAX100UND,PORTUGAL GENERICO,0.0,10.0,3.0,2026-07-07 11:41:32,2,7,Invierno
106081,NAPROXENO 550MG TAB. REC CJAX100UND,PORTUGAL GENERICO,0.0,20.0,6.0,2026-07-07 13:23:15,6,7,Invierno
106081,NAPROXENO 550MG TAB. REC CJAX100UND,PORTUGAL GENERICO,0.0,10.0,3.0,2026-07-07 13:26:20,5,7,Invierno
106081,NAPROXENO 550MG TAB. REC CJAX100UND,PORTUGAL GENERICO,0.0,10.0,3.0,2026-07-07 13:34:09,6,7,Invierno
106081,NAPROXENO 550MG TAB. REC CJAX100UND,PORTUGAL GENERICO,0.0,10.0,3.0,2026-07-07 14:19:00,1,7,Invierno
106081,NAPROXENO 550MG TAB. REC CJAX100UND,PORTUGAL GENERICO,0.0,10.0,3.0,2026-07-07 15:09:29,11,7,Invierno
106081,NAPROXENO 550MG TAB. REC CJAX100UND,PORTUGAL GENERICO,0.0,10.0,3.0,2026-07-07 16:03:26,11,7,Invierno
106081,NAPROXENO 550MG TAB. REC CJAX100UND,PORTUGAL GENERICO,0.0,10.0,3.0,2026-07-07 17:35:19,9,7,Invierno
106081,NAPROXENO 550MG TAB. REC CJAX100UND,PORTUGAL GENERICO,0.0,3.0,0.9,2026-07-07 18:00:32,17,7,Invierno
106081,NAPROXENO 550MG TAB. REC CJAX100UND,PORTUGAL GENERICO,0.0,10.0,3.0,2026-07-07 18:16:35,7,7,Invierno
106081,NAPROXENO 550MG TAB. REC CJAX100UND,PORTUGAL GENERICO,0.0,10.0,3.0,2026-07-07 18:25:43,17,7,Invierno
106081,NAPROXENO 550MG TAB. REC CJAX100UND,PORTUGAL GENERICO,0.0,10.0,3.0,2026-07-07 18:28:39,7,7,Invierno
106081,NAPROXENO 550MG TAB. REC CJAX100UND,PORTUGAL GENERICO,0.0,10.0,3.0,2026-07-07 18:59:10,8,7,Invierno
106081,NAPROXENO 550MG TAB. REC CJAX100UND,PORTUGAL GENERICO,0.0,10.0,3.0,2026-07-07 19:47:28,12,7,Invierno
106081,NAPROXENO 550MG TAB. REC CJAX100UND,PORTUGAL GENERICO,0.0,10.0,3.0,2026-07-07 20:43:15,7,7,Invierno
106081,NAPROXENO 550MG TAB. REC CJAX100UND,PORTUGAL GENERICO,0.0,10.0,3.0,2026-07-07 20:48:56,9,7,Invierno
106081,NAPROXENO 550MG TAB. REC CJAX100UND,PORTUGAL GENERICO,0.0,10.0,3.0,2026-07-07 20:54:58,3,7,Invierno
106081,NAPROXENO 550MG TAB. REC CJAX100UND,PORTUGAL GENERICO,0.0,5.0,1.5,2026-07-07 22:54:36,2,7,Invierno
106081,NAPROXENO 550MG TAB. REC CJAX100UND,PORTUGAL GENERICO,0.0,10.0,3.0,2026-07-07 23:39:23,10,7,Invierno
106081,NAPROXENO 550MG TAB. REC CJAX100UND,PORTUGAL GENERICO,0.0,10.0,3.0,2026-07-08 07:29:33,14,7,Invierno
106081,NAPROXENO 550MG TAB. REC CJAX100UND,PORTUGAL GENERICO,0.0,10.0,3.0,2026-07-08 07:59:06,14,7,Invierno
106081,NAPROXENO 550MG TAB. REC CJAX100UND,PORTUGAL GENERICO,0.0,10.0,3.0,2026-07-08 08:22:50,14,7,Invierno
106081,NAPROXENO 550MG TAB. REC CJAX100UND,PORTUGAL GENERICO,0.0,10.0,3.0,2026-07-08 08:28:49,11,7,Invierno
106081,NAPROXENO 550MG TAB. REC CJAX100UND,PORTUGAL GENERICO,0.0,20.0,6.0,2026-07-08 08:45:35,13,7,Invierno
106081,NAPROXENO 550MG TAB. REC CJAX100UND,PORTUGAL GENERICO,0.0,10.0,3.0,2026-07-08 09:15:42,10,7,Invierno
106081,NAPROXENO 550MG TAB. REC CJAX100UND,PORTUGAL GENERICO,0.0,5.0,1.5,2026-07-08 09:59:32,5,7,Invierno
106081,NAPROXENO 550MG TAB. REC CJAX100UND,PORTUGAL GENERICO,0.0,10.0,3.0,2026-07-08 10:07:49,12,7,Invierno
106081,NAPROXENO 550MG TAB. REC CJAX100UND,PORTUGAL GENERICO,0.0,17.0,5.1,2026-07-08 10:09:44,9,7,Invierno
106081,NAPROXENO 550MG TAB. REC CJAX100UND,PORTUGAL GENERICO,0.0,10.0,3.0,2026-07-08 11:15:25,10,7,Invierno
106081,NAPROXENO 550MG TAB. REC CJAX100UND,PORTUGAL GENERICO,0.0,10.0,3.0,2026-07-08 12:59:14,10,7,Invierno
106081,NAPROXENO 550MG TAB. REC CJAX100UND,PORTUGAL GENERICO,0.0,10.0,3.0,2026-07-08 13:38:25,2,7,Invierno
106081,NAPROXENO 550MG TAB. REC CJAX100UND,PORTUGAL GENERICO,0.0,10.0,3.0,2026-07-08 13:39:59,5,7,Invierno
106081,NAPROXENO 550MG TAB. REC CJAX100UND,PORTUGAL GENERICO,0.0,10.0,3.0,2026-07-08 15:40:59,6,7,Invierno
106081,NAPROXENO 550MG TAB. REC CJAX100UND,PORTUGAL GENERICO,0.0,10.0,3.0,2026-07-08 15:45:41,17,7,Invierno
106081,NAPROXENO 550MG TAB. REC CJAX100UND,PORTUGAL GENERICO,0.0,20.0,6.0,2026-07-08 16:14:53,15,7,Invierno
106081,NAPROXENO 550MG TAB. REC CJAX100UND,PORTUGAL GENERICO,0.0,10.0,3.0,2026-07-08 17:33:17,2,7,Invierno
106081,NAPROXENO 550MG TAB. REC CJAX100UND,PORTUGAL GENERICO,0.0,10.0,3.0,2026-07-08 18:10:43,12,7,Invierno
106081,NAPROXENO 550MG TAB. REC CJAX100UND,PORTUGAL GENERICO,0.0,3.0,0.9,2026-07-08 18:23:06,17,7,Invierno
106081,NAPROXENO 550MG TAB. REC CJAX100UND,PORTUGAL GENERICO,0.0,3.0,0.9,2026-07-08 19:14:53,7,7,Invierno
106081,NAPROXENO 550MG TAB. REC CJAX100UND,PORTUGAL GENERICO,0.0,10.0,3.0,2026-07-08 19:25:29,4,7,Invierno
106081,NAPROXENO 550MG TAB. REC CJAX100UND,PORTUGAL GENERICO,0.0,10.0,3.0,2026-07-08 19:32:27,5,7,Invierno
106081,NAPROXENO 550MG TAB. REC CJAX100UND,PORTUGAL GENERICO,0.0,10.0,3.0,2026-07-08 20:12:56,1,7,Invierno
106081,NAPROXENO 550MG TAB. REC CJAX100UND,PORTUGAL GENERICO,0.0,20.0,6.0,2026-07-08 20:24:27,9,7,Invierno
106081,NAPROXENO 550MG TAB. REC CJAX100UND,PORTUGAL GENERICO,0.0,10.0,3.0,2026-07-08 20:28:30,2,7,Invierno
106081,NAPROXENO 550MG TAB. REC CJAX100UND,PORTUGAL GENERICO,0.0,10.0,3.0,2026-07-08 21:12:03,7,7,Invierno
106081,NAPROXENO 550MG TAB. REC CJAX100UND,PORTUGAL GENERICO,0.0,10.0,3.0,2026-07-08 22:11:00,16,7,Invierno
106081,NAPROXENO 550MG TAB. REC CJAX100UND,PORTUGAL GENERICO,0.0,10.0,3.0,2026-07-09 07:20:56,2,7,Invierno
106081,NAPROXENO 550MG TAB. REC CJAX100UND,PORTUGAL GENERICO,0.0,4.0,1.2,2026-07-09 10:58:12,5,7,Invierno
106081,NAPROXENO 550MG TAB. REC CJAX100UND,PORTUGAL GENERICO,0.0,10.0,3.0,2026-07-09 11:03:24,1,7,Invierno
106081,NAPROXENO 550MG TAB. REC CJAX100UND,PORTUGAL GENERICO,0.0,10.0,3.0,2026-07-09 11:57:29,1,7,Invierno
106081,NAPROXENO 550MG TAB. REC CJAX100UND,PORTUGAL GENERICO,0.0,10.0,3.0,2026-07-09 12:03:34,6,7,Invierno
106081,NAPROXENO 550MG TAB. REC CJAX100UND,PORTUGAL GENERICO,0.0,10.0,3.0,2026-07-09 12:48:00,2,7,Invierno
106081,NAPROXENO 550MG TAB. REC CJAX100UND,PORTUGAL GENERICO,0.0,10.0,3.0,2026-07-09 12:57:15,19,7,Invierno
106081,NAPROXENO 550MG TAB. REC CJAX100UND,PORTUGAL GENERICO,0.0,10.0,3.0,2026-07-09 13:05:49,16,7,Invierno
106081,NAPROXENO 550MG TAB. REC CJAX100UND,PORTUGAL GENERICO,0.0,10.0,3.0,2026-07-09 13:39:00,13,7,Invierno
106081,NAPROXENO 550MG TAB. REC CJAX100UND,PORTUGAL GENERICO,0.0,10.0,3.0,2026-07-09 13:42:27,2,7,Invierno
106081,NAPROXENO 550MG TAB. REC CJAX100UND,PORTUGAL GENERICO,0.0,20.0,6.0,2026-07-09 14:59:18,9,7,Invierno
106081,NAPROXENO 550MG TAB. REC CJAX100UND,PORTUGAL GENERICO,0.0,10.0,3.0,2026-07-09 16:26:51,2,7,Invierno
106081,NAPROXENO 550MG TAB. REC CJAX100UND,PORTUGAL GENERICO,0.0,10.0,3.0,2026-07-09 17:23:47,1,7,Invierno
106081,NAPROXENO 550MG TAB. REC CJAX100UND,PORTUGAL GENERICO,0.0,10.0,3.0,2026-07-09 18:12:16,6,7,Invierno
106081,NAPROXENO 550MG TAB. REC CJAX100UND,PORTUGAL GENERICO,0.0,10.0,3.0,2026-07-09 18:14:56,13,7,Invierno
106081,NAPROXENO 550MG TAB. REC CJAX100UND,PORTUGAL GENERICO,0.0,10.0,3.0,2026-07-09 18:25:23,9,7,Invierno
106081,NAPROXENO 550MG TAB. REC CJAX100UND,PORTUGAL GENERICO,0.0,10.0,3.0,2026-07-09 18:42:17,7,7,Invierno
106081,NAPROXENO 550MG TAB. REC CJAX100UND,PORTUGAL GENERICO,0.0,10.0,3.0,2026-07-09 18:44:36,14,7,Invierno
106081,NAPROXENO 550MG TAB. REC CJAX100UND,PORTUGAL GENERICO,0.0,10.0,3.0,2026-07-09 18:52:52,14,7,Invierno
106081,NAPROXENO 550MG TAB. REC CJAX100UND,PORTUGAL GENERICO,0.0,10.0,3.0,2026-07-09 18:57:55,19,7,Invierno
106081,NAPROXENO 550MG TAB. REC CJAX100UND,PORTUGAL GENERICO,0.0,10.0,3.0,2026-07-09 19:39:07,2,7,Invierno
106081,NAPROXENO 550MG TAB. REC CJAX100UND,PORTUGAL GENERICO,0.0,10.0,3.0,2026-07-09 20:18:33,10,7,Invierno
106081,NAPROXENO 550MG TAB. REC CJAX100UND,PORTUGAL GENERICO,0.0,10.0,3.0,2026-07-09 20:26:32,4,7,Invierno
106081,NAPROXENO 550MG TAB. REC CJAX100UND,PORTUGAL GENERICO,0.0,10.0,3.0,2026-07-09 20:32:29,7,7,Invierno
106081,NAPROXENO 550MG TAB. REC CJAX100UND,PORTUGAL GENERICO,0.0,10.0,3.0,2026-07-09 20:32:49,3,7,Invierno
106081,NAPROXENO 550MG TAB. REC CJAX100UND,PORTUGAL GENERICO,0.0,10.0,3.0,2026-07-09 20:46:43,1,7,Invierno
106081,NAPROXENO 550MG TAB. REC CJAX100UND,PORTUGAL GENERICO,0.0,10.0,3.0,2026-07-09 21:25:06,14,7,Invierno
106081,NAPROXENO 550MG TAB. REC CJAX100UND,PORTUGAL GENERICO,0.0,3.0,0.9,2026-07-09 21:35:27,13,7,Invierno
106081,NAPROXENO 550MG TAB. REC CJAX100UND,PORTUGAL GENERICO,0.0,10.0,3.0,2026-07-09 21:47:34,18,7,Invierno
106081,NAPROXENO 550MG TAB. REC CJAX100UND,PORTUGAL GENERICO,0.0,10.0,3.0,2026-07-09 23:08:43,4,7,Invierno
106081,NAPROXENO 550MG TAB. REC CJAX100UND,PORTUGAL GENERICO,0.0,10.0,3.0,2026-07-10 08:16:39,7,7,Invierno
106081,NAPROXENO 550MG TAB. REC CJAX100UND,PORTUGAL GENERICO,0.0,5.0,1.5,2026-07-10 09:04:34,4,7,Invierno
106081,NAPROXENO 550MG TAB. REC CJAX100UND,PORTUGAL GENERICO,0.0,10.0,3.0,2026-07-10 09:08:10,18,7,Invierno
106081,NAPROXENO 550MG TAB. REC CJAX100UND,PORTUGAL GENERICO,0.0,5.0,1.5,2026-07-10 10:35:02,5,7,Invierno
106081,NAPROXENO 550MG TAB. REC CJAX100UND,PORTUGAL GENERICO,0.0,10.0,3.0,2026-07-10 10:39:42,15,7,Invierno
106081,NAPROXENO 550MG TAB. REC CJAX100UND,PORTUGAL GENERICO,0.0,20.0,6.0,2026-07-10 11:04:17,3,7,Invierno
106081,NAPROXENO 550MG TAB. REC CJAX100UND,PORTUGAL GENERICO,0.0,10.0,3.0,2026-07-10 11:42:39,17,7,Invierno
106081,NAPROXENO 550MG TAB. REC CJAX100UND,PORTUGAL GENERICO,0.0,10.0,3.0,2026-07-10 12:46:27,5,7,Invierno
106081,NAPROXENO 550MG TAB. REC CJAX100UND,PORTUGAL GENERICO,0.0,10.0,3.0,2026-07-10 13:16:37,5,7,Invierno
106081,NAPROXENO 550MG TAB. REC CJAX100UND,PORTUGAL GENERICO,0.0,10.0,3.0,2026-07-10 13:17:21,12,7,Invierno
106081,NAPROXENO 550MG TAB. REC CJAX100UND,PORTUGAL GENERICO,0.0,20.0,6.0,2026-07-10 13:54:42,5,7,Invierno
106081,NAPROXENO 550MG TAB. REC CJAX100UND,PORTUGAL GENERICO,0.0,10.0,3.0,2026-07-10 14:12:57,9,7,Invierno
106081,NAPROXENO 550MG TAB. REC CJAX100UND,PORTUGAL GENERICO,0.0,10.0,3.0,2026-07-10 15:51:14,11,7,Invierno
106081,NAPROXENO 550MG TAB. REC CJAX100UND,PORTUGAL GENERICO,0.0,10.0,3.0,2026-07-10 18:33:21,5,7,Invierno
106081,NAPROXENO 550MG TAB. REC CJAX100UND,PORTUGAL GENERICO,0.0,10.0,3.0,2026-07-10 18:45:00,7,7,Invierno
106081,NAPROXENO 550MG TAB. REC CJAX100UND,PORTUGAL GENERICO,0.0,10.0,3.0,2026-07-10 19:54:53,14,7,Invierno
106081,NAPROXENO 550MG TAB. REC CJAX100UND,PORTUGAL GENERICO,0.0,10.0,3.0,2026-07-10 20:06:19,5,7,Invierno
106081,NAPROXENO 550MG TAB. REC CJAX100UND,PORTUGAL GENERICO,0.0,10.0,3.0,2026-07-10 20:35:48,6,7,Invierno
106081,NAPROXENO 550MG TAB. REC CJAX100UND,PORTUGAL GENERICO,0.0,10.0,3.0,2026-07-10 20:42:03,6,7,Invierno
106081,NAPROXENO 550MG TAB. REC CJAX100UND,PORTUGAL GENERICO,0.0,10.0,3.0,2026-07-10 20:46:11,2,7,Invierno
106081,NAPROXENO 550MG TAB. REC CJAX100UND,PORTUGAL GENERICO,0.0,10.0,3.0,2026-07-10 21:16:12,5,7,Invierno
106081,NAPROXENO 550MG TAB. REC CJAX100UND,PORTUGAL GENERICO,0.0,10.0,3.0,2026-07-10 21:54:53,7,7,Invierno
106081,NAPROXENO 550MG TAB. REC CJAX100UND,PORTUGAL GENERICO,0.0,5.0,1.5,2026-07-10 22:15:12,1,7,Invierno
106081,NAPROXENO 550MG TAB. REC CJAX100UND,PORTUGAL GENERICO,0.0,10.0,3.0,2026-07-11 07:56:10,9,7,Invierno
106081,NAPROXENO 550MG TAB. REC CJAX100UND,PORTUGAL GENERICO,0.0,10.0,3.0,2026-07-11 08:54:30,14,7,Invierno
106081,NAPROXENO 550MG TAB. REC CJAX100UND,PORTUGAL GENERICO,0.0,4.0,1.2,2026-07-11 09:38:05,6,7,Invierno
106081,NAPROXENO 550MG TAB. REC CJAX100UND,PORTUGAL GENERICO,0.0,10.0,3.0,2026-07-11 10:41:52,6,7,Invierno
106081,NAPROXENO 550MG TAB. REC CJAX100UND,PORTUGAL GENERICO,0.0,10.0,3.0,2026-07-11 11:17:58,14,7,Invierno
106081,NAPROXENO 550MG TAB. REC CJAX100UND,PORTUGAL GENERICO,0.0,10.0,3.0,2026-07-11 14:01:53,7,7,Invierno
106081,NAPROXENO 550MG TAB. REC CJAX100UND,PORTUGAL GENERICO,0.0,10.0,3.0,2026-07-11 14:19:59,1,7,Invierno
106081,NAPROXENO 550MG TAB. REC CJAX100UND,PORTUGAL GENERICO,0.0,10.0,3.0,2026-07-11 16:05:19,3,7,Invierno
106081,NAPROXENO 550MG TAB. REC CJAX100UND,PORTUGAL GENERICO,0.0,20.0,6.0,2026-07-11 16:23:51,8,7,Invierno
106081,NAPROXENO 550MG TAB. REC CJAX100UND,PORTUGAL GENERICO,0.0,10.0,3.0,2026-07-11 16:28:57,18,7,Invierno
106081,NAPROXENO 550MG TAB. REC CJAX100UND,PORTUGAL GENERICO,0.0,10.0,3.0,2026-07-11 17:12:40,5,7,Invierno
106081,NAPROXENO 550MG TAB. REC CJAX100UND,PORTUGAL GENERICO,0.0,10.0,3.0,2026-07-11 17:22:09,8,7,Invierno
106081,NAPROXENO 550MG TAB. REC CJAX100UND,PORTUGAL GENERICO,0.0,20.0,6.0,2026-07-11 18:49:04,14,7,Invierno
106081,NAPROXENO 550MG TAB. REC CJAX100UND,PORTUGAL GENERICO,0.0,10.0,3.0,2026-07-11 18:51:38,10,7,Invierno
106081,NAPROXENO 550MG TAB. REC CJAX100UND,PORTUGAL GENERICO,0.0,10.0,3.0,2026-07-11 19:03:35,16,7,Invierno
106081,NAPROXENO 550MG TAB. REC CJAX100UND,PORTUGAL GENERICO,0.0,10.0,3.0,2026-07-11 19:35:53,12,7,Invierno
106081,NAPROXENO 550MG TAB. REC CJAX100UND,PORTUGAL GENERICO,0.0,4.0,1.2,2026-07-11 19:39:14,8,7,Invierno
106081,NAPROXENO 550MG TAB. REC CJAX100UND,PORTUGAL GENERICO,0.0,5.0,1.5,2026-07-11 21:48:33,9,7,Invierno
106081,NAPROXENO 550MG TAB. REC CJAX100UND,PORTUGAL GENERICO,0.0,5.0,1.5,2026-07-11 22:14:45,2,7,Invierno
106081,NAPROXENO 550MG TAB. REC CJAX100UND,PORTUGAL GENERICO,0.0,10.0,3.0,2026-07-12 08:35:49,5,7,Invierno
106081,NAPROXENO 550MG TAB. REC CJAX100UND,PORTUGAL GENERICO,0.0,10.0,3.0,2026-07-12 10:53:14,5,7,Invierno
106081,NAPROXENO 550MG TAB. REC CJAX100UND,PORTUGAL GENERICO,0.0,10.0,3.0,2026-07-12 11:26:00,16,7,Invierno
106081,NAPROXENO 550MG TAB. REC CJAX100UND,PORTUGAL GENERICO,0.0,10.0,3.0,2026-07-12 11:53:05,9,7,Invierno
106081,NAPROXENO 550MG TAB. REC CJAX100UND,PORTUGAL GENERICO,0.0,10.0,3.0,2026-07-12 12:10:33,8,7,Invierno
106081,NAPROXENO 550MG TAB. REC CJAX100UND,PORTUGAL GENERICO,0.0,10.0,3.0,2026-07-12 13:05:08,5,7,Invierno
106081,NAPROXENO 550MG TAB. REC CJAX100UND,PORTUGAL GENERICO,0.0,20.0,6.0,2026-07-12 13:49:50,2,7,Invierno
106081,NAPROXENO 550MG TAB. REC CJAX100UND,PORTUGAL GENERICO,0.0,10.0,3.0,2026-07-12 13:56:29,2,7,Invierno
106081,NAPROXENO 550MG TAB. REC CJAX100UND,PORTUGAL GENERICO,0.0,10.0,3.0,2026-07-12 15:47:23,7,7,Invierno
106081,NAPROXENO 550MG TAB. REC CJAX100UND,PORTUGAL GENERICO,0.0,10.0,3.0,2026-07-12 19:02:58,14,7,Invierno
106081,NAPROXENO 550MG TAB. REC CJAX100UND,PORTUGAL GENERICO,0.0,10.0,3.0,2026-07-12 19:33:33,17,7,Invierno
106081,NAPROXENO 550MG TAB. REC CJAX100UND,PORTUGAL GENERICO,0.0,10.0,3.0,2026-07-12 19:42:20,19,7,Invierno
106081,NAPROXENO 550MG TAB. REC CJAX100UND,PORTUGAL GENERICO,0.0,10.0,3.0,2026-07-12 20:05:39,3,7,Invierno
106081,NAPROXENO 550MG TAB. REC CJAX100UND,PORTUGAL GENERICO,0.0,3.0,0.9,2026-07-12 21:45:15,10,7,Invierno
106081,NAPROXENO 550MG TAB. REC CJAX100UND,PORTUGAL GENERICO,0.0,10.0,3.0,2026-07-12 22:10:10,7,7,Invierno
106081,NAPROXENO 550MG TAB. REC CJAX100UND,PORTUGAL GENERICO,0.0,1.0,0.3,2026-07-12 22:13:46,13,7,Invierno
106081,NAPROXENO 550MG TAB. REC CJAX100UND,PORTUGAL GENERICO,0.0,10.0,3.0,2026-07-12 22:35:20,6,7,Invierno
106081,NAPROXENO 550MG TAB. REC CJAX100UND,PORTUGAL GENERICO,0.0,10.0,3.0,2026-07-12 22:41:21,16,7,Invierno
106081,NAPROXENO 550MG TAB. REC CJAX100UND,PORTUGAL GENERICO,0.0,10.0,3.0,2026-07-13 08:06:42,10,7,Invierno
106081,NAPROXENO 550MG TAB. REC CJAX100UND,PORTUGAL GENERICO,0.0,10.0,3.0,2026-07-13 09:08:07,13,7,Invierno
106081,NAPROXENO 550MG TAB. REC CJAX100UND,PORTUGAL GENERICO,0.0,10.0,3.0,2026-07-13 09:37:50,10,7,Invierno
106081,NAPROXENO 550MG TAB. REC CJAX100UND,PORTUGAL GENERICO,0.0,10.0,3.0,2026-07-13 10:36:08,16,7,Invierno
106081,NAPROXENO 550MG TAB. REC CJAX100UND,PORTUGAL GENERICO,0.0,10.0,3.0,2026-07-13 10:39:41,6,7,Invierno
106081,NAPROXENO 550MG TAB. REC CJAX100UND,PORTUGAL GENERICO,0.0,10.0,3.0,2026-07-13 13:05:54,5,7,Invierno
106081,NAPROXENO 550MG TAB. REC CJAX100UND,PORTUGAL GENERICO,0.0,10.0,3.0,2026-07-13 14:48:42,4,7,Invierno
106081,NAPROXENO 550MG TAB. REC CJAX100UND,PORTUGAL GENERICO,0.0,10.0,3.0,2026-07-13 16:53:25,11,7,Invierno
106081,NAPROXENO 550MG TAB. REC CJAX100UND,PORTUGAL GENERICO,0.0,10.0,3.0,2026-07-13 17:00:48,18,7,Invierno
106081,NAPROXENO 550MG TAB. REC CJAX100UND,PORTUGAL GENERICO,0.0,10.0,3.0,2026-07-13 17:01:50,9,7,Invierno
106081,NAPROXENO 550MG TAB. REC CJAX100UND,PORTUGAL GENERICO,0.0,10.0,3.0,2026-07-13 17:13:55,4,7,Invierno
106081,NAPROXENO 550MG TAB. REC CJAX100UND,PORTUGAL GENERICO,0.0,10.0,3.0,2026-07-13 17:20:24,19,7,Invierno
106081,NAPROXENO 550MG TAB. REC CJAX100UND,PORTUGAL GENERICO,0.0,20.0,6.0,2026-07-13 17:39:56,2,7,Invierno
106081,NAPROXENO 550MG TAB. REC CJAX100UND,PORTUGAL GENERICO,0.0,20.0,6.0,2026-07-13 19:05:50,5,7,Invierno
106081,NAPROXENO 550MG TAB. REC CJAX100UND,PORTUGAL GENERICO,0.0,10.0,3.0,2026-07-13 19:12:20,5,7,Invierno
106081,NAPROXENO 550MG TAB. REC CJAX100UND,PORTUGAL GENERICO,0.0,10.0,3.0,2026-07-13 19:41:33,7,7,Invierno
106081,NAPROXENO 550MG TAB. REC CJAX100UND,PORTUGAL GENERICO,0.0,10.0,3.0,2026-07-13 19:58:41,2,7,Invierno
106081,NAPROXENO 550MG TAB. REC CJAX100UND,PORTUGAL GENERICO,0.0,10.0,3.0,2026-07-13 20:05:13,6,7,Invierno
106081,NAPROXENO 550MG TAB. REC CJAX100UND,PORTUGAL GENERICO,0.0,10.0,3.0,2026-07-13 20:08:52,11,7,Invierno
106081,NAPROXENO 550MG TAB. REC CJAX100UND,PORTUGAL GENERICO,0.0,10.0,3.0,2026-07-13 20:13:06,10,7,Invierno
106081,NAPROXENO 550MG TAB. REC CJAX100UND,PORTUGAL GENERICO,0.0,10.0,3.0,2026-07-13 20:28:32,5,7,Invierno
106081,NAPROXENO 550MG TAB. REC CJAX100UND,PORTUGAL GENERICO,0.0,10.0,3.0,2026-07-13 20:29:05,12,7,Invierno
106081,NAPROXENO 550MG TAB. REC CJAX100UND,PORTUGAL GENERICO,0.0,3.0,0.9,2026-07-13 20:51:45,2,7,Invierno
106081,NAPROXENO 550MG TAB. REC CJAX100UND,PORTUGAL GENERICO,0.0,5.0,1.5,2026-07-13 20:57:30,14,7,Invierno
106081,NAPROXENO 550MG TAB. REC CJAX100UND,PORTUGAL GENERICO,0.0,4.0,1.2,2026-07-13 21:11:38,17,7,Invierno
106081,NAPROXENO 550MG TAB. REC CJAX100UND,PORTUGAL GENERICO,0.0,10.0,3.0,2026-07-13 22:05:12,1,7,Invierno
106081,NAPROXENO 550MG TAB. REC CJAX100UND,PORTUGAL GENERICO,0.0,10.0,3.0,2026-07-13 22:17:39,5,7,Invierno
106081,NAPROXENO 550MG TAB. REC CJAX100UND,PORTUGAL GENERICO,0.0,20.0,6.0,2026-07-14 07:36:31,11,7,Invierno
106081,NAPROXENO 550MG TAB. REC CJAX100UND,PORTUGAL GENERICO,0.0,10.0,3.0,2026-07-14 07:38:14,17,7,Invierno
106081,NAPROXENO 550MG TAB. REC CJAX100UND,PORTUGAL GENERICO,0.0,10.0,3.0,2026-07-14 08:01:12,12,7,Invierno
106081,NAPROXENO 550MG TAB. REC CJAX100UND,PORTUGAL GENERICO,0.0,30.0,9.0,2026-07-14 08:25:51,4,7,Invierno
106081,NAPROXENO 550MG TAB. REC CJAX100UND,PORTUGAL GENERICO,0.0,10.0,3.0,2026-07-14 09:18:48,7,7,Invierno
106081,NAPROXENO 550MG TAB. REC CJAX100UND,PORTUGAL GENERICO,0.0,10.0,3.0,2026-07-14 12:24:06,7,7,Invierno
106081,NAPROXENO 550MG TAB. REC CJAX100UND,PORTUGAL GENERICO,0.0,10.0,3.0,2026-07-14 12:25:06,3,7,Invierno
106081,NAPROXENO 550MG TAB. REC CJAX100UND,PORTUGAL GENERICO,0.0,10.0,3.0,2026-07-14 13:13:44,2,7,Invierno
106081,NAPROXENO 550MG TAB. REC CJAX100UND,PORTUGAL GENERICO,0.0,20.0,6.0,2026-07-14 13:16:32,2,7,Invierno
106081,NAPROXENO 550MG TAB. REC CJAX100UND,PORTUGAL GENERICO,0.0,10.0,3.0,2026-07-14 14:35:13,1,7,Invierno
106081,NAPROXENO 550MG TAB. REC CJAX100UND,PORTUGAL GENERICO,0.0,10.0,3.0,2026-07-14 19:00:10,18,7,Invierno
106081,NAPROXENO 550MG TAB. REC CJAX100UND,PORTUGAL GENERICO,0.0,20.0,6.0,2026-07-14 19:20:28,6,7,Invierno
106081,NAPROXENO 550MG TAB. REC CJAX100UND,PORTUGAL GENERICO,0.0,20.0,6.0,2026-07-14 20:07:24,15,7,Invierno
106081,NAPROXENO 550MG TAB. REC CJAX100UND,PORTUGAL GENERICO,0.0,10.0,3.0,2026-07-14 21:01:41,15,7,Invierno
106081,NAPROXENO 550MG TAB. REC CJAX100UND,PORTUGAL GENERICO,0.0,10.0,3.0,2026-07-14 21:17:43,3,7,Invierno
106081,NAPROXENO 550MG TAB. REC CJAX100UND,PORTUGAL GENERICO,0.0,10.0,3.0,2026-07-14 21:49:37,8,7,Invierno
106081,NAPROXENO 550MG TAB. REC CJAX100UND,PORTUGAL GENERICO,0.0,10.0,3.0,2026-07-14 21:59:33,13,7,Invierno
106081,NAPROXENO 550MG TAB. REC CJAX100UND,PORTUGAL GENERICO,0.0,10.0,3.0,2026-07-14 23:39:54,5,7,Invierno
106081,NAPROXENO 550MG TAB. REC CJAX100UND,PORTUGAL GENERICO,0.0,10.0,3.0,2026-07-15 08:48:10,16,7,Invierno
106081,NAPROXENO 550MG TAB. REC CJAX100UND,PORTUGAL GENERICO,0.0,10.0,3.0,2026-07-15 09:26:51,6,7,Invierno
106081,NAPROXENO 550MG TAB. REC CJAX100UND,PORTUGAL GENERICO,0.0,2.0,0.6,2026-07-15 09:34:09,6,7,Invierno
106081,NAPROXENO 550MG TAB. REC CJAX100UND,PORTUGAL GENERICO,0.0,10.0,3.0,2026-07-15 10:27:31,5,7,Invierno
106081,NAPROXENO 550MG TAB. REC CJAX100UND,PORTUGAL GENERICO,0.0,10.0,3.0,2026-07-15 11:28:07,1,7,Invierno
106081,NAPROXENO 550MG TAB. REC CJAX100UND,PORTUGAL GENERICO,0.0,3.0,0.9,2026-07-15 13:36:28,4,7,Invierno
106081,NAPROXENO 550MG TAB. REC CJAX100UND,PORTUGAL GENERICO,0.0,10.0,3.0,2026-07-15 14:14:14,15,7,Invierno
106081,NAPROXENO 550MG TAB. REC CJAX100UND,PORTUGAL GENERICO,0.0,10.0,3.0,2026-07-15 15:33:34,16,7,Invierno
106081,NAPROXENO 550MG TAB. REC CJAX100UND,PORTUGAL GENERICO,0.0,10.0,3.0,2026-07-15 16:49:20,19,7,Invierno
106081,NAPROXENO 550MG TAB. REC CJAX100UND,PORTUGAL GENERICO,0.0,20.0,6.0,2026-07-15 18:02:31,7,7,Invierno
106081,NAPROXENO 550MG TAB. REC CJAX100UND,PORTUGAL GENERICO,0.0,10.0,3.0,2026-07-15 18:47:09,5,7,Invierno
106081,NAPROXENO 550MG TAB. REC CJAX100UND,PORTUGAL GENERICO,0.0,10.0,3.0,2026-07-15 19:48:35,7,7,Invierno
106081,NAPROXENO 550MG TAB. REC CJAX100UND,PORTUGAL GENERICO,0.0,10.0,3.0,2026-07-15 20:02:26,16,7,Invierno
106081,NAPROXENO 550MG TAB. REC CJAX100UND,PORTUGAL GENERICO,0.0,10.0,3.0,2026-07-15 20:24:30,8,7,Invierno
106081,NAPROXENO 550MG TAB. REC CJAX100UND,PORTUGAL GENERICO,0.0,10.0,3.0,2026-07-15 20:59:41,11,7,Invierno
106081,NAPROXENO 550MG TAB. REC CJAX100UND,PORTUGAL GENERICO,0.0,10.0,3.0,2026-07-15 21:20:38,5,7,Invierno
106081,NAPROXENO 550MG TAB. REC CJAX100UND,PORTUGAL GENERICO,0.0,10.0,3.0,2026-07-15 21:28:09,2,7,Invierno
106081,NAPROXENO 550MG TAB. REC CJAX100UND,PORTUGAL GENERICO,0.0,10.0,3.0,2026-07-15 21:38:23,7,7,Invierno
106081,NAPROXENO 550MG TAB. REC CJAX100UND,PORTUGAL GENERICO,0.0,10.0,3.0,2026-07-15 22:02:57,7,7,Invierno
106081,NAPROXENO 550MG TAB. REC CJAX100UND,PORTUGAL GENERICO,0.0,10.0,3.0,2026-07-15 22:08:58,7,7,Invierno
106081,NAPROXENO 550MG TAB. REC CJAX100UND,PORTUGAL GENERICO,1.0,0.0,30.0,2026-07-16 08:12:29,13,7,Invierno
106081,NAPROXENO 550MG TAB. REC CJAX100UND,PORTUGAL GENERICO,0.0,10.0,3.0,2026-07-16 08:35:24,6,7,Invierno
106081,NAPROXENO 550MG TAB. REC CJAX100UND,PORTUGAL GENERICO,0.0,20.0,6.0,2026-07-16 09:37:05,1,7,Invierno
106081,NAPROXENO 550MG TAB. REC CJAX100UND,PORTUGAL GENERICO,0.0,10.0,3.0,2026-07-16 09:48:43,4,7,Invierno
106081,NAPROXENO 550MG TAB. REC CJAX100UND,PORTUGAL GENERICO,0.0,10.0,3.0,2026-07-16 11:38:44,19,7,Invierno
106081,NAPROXENO 550MG TAB. REC CJAX100UND,PORTUGAL GENERICO,0.0,10.0,3.0,2026-07-16 11:44:38,9,7,Invierno
106081,NAPROXENO 550MG TAB. REC CJAX100UND,PORTUGAL GENERICO,0.0,10.0,3.0,2026-07-16 12:03:03,9,7,Invierno
106081,NAPROXENO 550MG TAB. REC CJAX100UND,PORTUGAL GENERICO,0.0,6.0,1.8,2026-07-16 12:39:35,14,7,Invierno
106081,NAPROXENO 550MG TAB. REC CJAX100UND,PORTUGAL GENERICO,0.0,10.0,3.0,2026-07-16 14:41:09,15,7,Invierno
106081,NAPROXENO 550MG TAB. REC CJAX100UND,PORTUGAL GENERICO,0.0,10.0,3.0,2026-07-16 15:47:04,4,7,Invierno
106081,NAPROXENO 550MG TAB. REC CJAX100UND,PORTUGAL GENERICO,0.0,10.0,3.0,2026-07-16 16:27:07,3,7,Invierno
106081,NAPROXENO 550MG TAB. REC CJAX100UND,PORTUGAL GENERICO,0.0,10.0,3.0,2026-07-16 16:47:40,16,7,Invierno
106081,NAPROXENO 550MG TAB. REC CJAX100UND,PORTUGAL GENERICO,0.0,10.0,3.0,2026-07-16 17:30:26,11,7,Invierno
106081,NAPROXENO 550MG TAB. REC CJAX100UND,PORTUGAL GENERICO,0.0,10.0,3.0,2026-07-16 17:50:06,19,7,Invierno
106081,NAPROXENO 550MG TAB. REC CJAX100UND,PORTUGAL GENERICO,0.0,10.0,3.0,2026-07-16 18:12:21,9,7,Invierno
106081,NAPROXENO 550MG TAB. REC CJAX100UND,PORTUGAL GENERICO,0.0,10.0,3.0,2026-07-16 18:47:56,5,7,Invierno
106081,NAPROXENO 550MG TAB. REC CJAX100UND,PORTUGAL GENERICO,0.0,10.0,3.0,2026-07-16 19:00:57,3,7,Invierno
106081,NAPROXENO 550MG TAB. REC CJAX100UND,PORTUGAL GENERICO,0.0,10.0,3.0,2026-07-16 19:07:50,2,7,Invierno
106081,NAPROXENO 550MG TAB. REC CJAX100UND,PORTUGAL GENERICO,0.0,2.0,0.6,2026-07-16 19:09:29,9,7,Invierno
106081,NAPROXENO 550MG TAB. REC CJAX100UND,PORTUGAL GENERICO,0.0,10.0,3.0,2026-07-16 19:20:04,5,7,Invierno
106081,NAPROXENO 550MG TAB. REC CJAX100UND,PORTUGAL GENERICO,0.0,10.0,3.0,2026-07-16 19:24:18,19,7,Invierno
106081,NAPROXENO 550MG TAB. REC CJAX100UND,PORTUGAL GENERICO,0.0,10.0,3.0,2026-07-16 20:16:55,18,7,Invierno
106081,NAPROXENO 550MG TAB. REC CJAX100UND,PORTUGAL GENERICO,0.0,10.0,3.0,2026-07-16 20:18:32,7,7,Invierno
106081,NAPROXENO 550MG TAB. REC CJAX100UND,PORTUGAL GENERICO,0.0,10.0,3.0,2026-07-16 20:23:18,6,7,Invierno
106081,NAPROXENO 550MG TAB. REC CJAX100UND,PORTUGAL GENERICO,0.0,10.0,3.0,2026-07-16 20:36:13,5,7,Invierno
106081,NAPROXENO 550MG TAB. REC CJAX100UND,PORTUGAL GENERICO,0.0,10.0,3.0,2026-07-16 21:00:43,1,7,Invierno
106081,NAPROXENO 550MG TAB. REC CJAX100UND,PORTUGAL GENERICO,0.0,10.0,3.0,2026-07-16 21:07:44,15,7,Invierno
106081,NAPROXENO 550MG TAB. REC CJAX100UND,PORTUGAL GENERICO,0.0,10.0,3.0,2026-07-16 21:09:53,5,7,Invierno
106081,NAPROXENO 550MG TAB. REC CJAX100UND,PORTUGAL GENERICO,0.0,10.0,3.0,2026-07-16 21:11:48,5,7,Invierno
106081,NAPROXENO 550MG TAB. REC CJAX100UND,PORTUGAL GENERICO,0.0,10.0,3.0,2026-07-16 21:18:47,1,7,Invierno
106081,NAPROXENO 550MG TAB. REC CJAX100UND,PORTUGAL GENERICO,0.0,10.0,3.0,2026-07-16 21:22:42,10,7,Invierno
106081,NAPROXENO 550MG TAB. REC CJAX100UND,PORTUGAL GENERICO,0.0,5.0,1.5,2026-07-16 21:25:25,8,7,Invierno
106081,NAPROXENO 550MG TAB. REC CJAX100UND,PORTUGAL GENERICO,0.0,10.0,3.0,2026-07-16 22:21:57,6,7,Invierno
106081,NAPROXENO 550MG TAB. REC CJAX100UND,PORTUGAL GENERICO,0.0,10.0,3.0,2026-07-16 22:57:46,2,7,Invierno
106081,NAPROXENO 550MG TAB. REC CJAX100UND,PORTUGAL GENERICO,0.0,20.0,6.0,2026-07-17 08:13:51,10,7,Invierno
106081,NAPROXENO 550MG TAB. REC CJAX100UND,PORTUGAL GENERICO,0.0,10.0,3.0,2026-07-17 08:51:48,7,7,Invierno
106081,NAPROXENO 550MG TAB. REC CJAX100UND,PORTUGAL GENERICO,0.0,10.0,3.0,2026-07-17 09:23:31,3,7,Invierno
106081,NAPROXENO 550MG TAB. REC CJAX100UND,PORTUGAL GENERICO,0.0,10.0,3.0,2026-07-17 09:28:05,16,7,Invierno
106081,NAPROXENO 550MG TAB. REC CJAX100UND,PORTUGAL GENERICO,0.0,15.0,4.5,2026-07-17 09:28:10,9,7,Invierno
106081,NAPROXENO 550MG TAB. REC CJAX100UND,PORTUGAL GENERICO,0.0,5.0,1.5,2026-07-17 09:35:01,13,7,Invierno
106081,NAPROXENO 550MG TAB. REC CJAX100UND,PORTUGAL GENERICO,0.0,10.0,3.0,2026-07-17 10:36:02,11,7,Invierno
106081,NAPROXENO 550MG TAB. REC CJAX100UND,PORTUGAL GENERICO,0.0,10.0,3.0,2026-07-17 10:36:42,4,7,Invierno
106081,NAPROXENO 550MG TAB. REC CJAX100UND,PORTUGAL GENERICO,0.0,10.0,3.0,2026-07-17 11:17:19,1,7,Invierno
106081,NAPROXENO 550MG TAB. REC CJAX100UND,PORTUGAL GENERICO,0.0,10.0,3.0,2026-07-17 12:12:15,1,7,Invierno
106081,NAPROXENO 550MG TAB. REC CJAX100UND,PORTUGAL GENERICO,0.0,10.0,2.84,2026-07-17 12:34:12,5,7,Invierno
106081,NAPROXENO 550MG TAB. REC CJAX100UND,PORTUGAL GENERICO,0.0,20.0,6.0,2026-07-17 12:41:49,13,7,Invierno
106081,NAPROXENO 550MG TAB. REC CJAX100UND,PORTUGAL GENERICO,0.0,10.0,3.0,2026-07-17 13:05:18,14,7,Invierno
106081,NAPROXENO 550MG TAB. REC CJAX100UND,PORTUGAL GENERICO,0.0,5.0,1.5,2026-07-17 13:41:24,9,7,Invierno
106081,NAPROXENO 550MG TAB. REC CJAX100UND,PORTUGAL GENERICO,0.0,10.0,3.0,2026-07-17 13:50:14,3,7,Invierno
106081,NAPROXENO 550MG TAB. REC CJAX100UND,PORTUGAL GENERICO,0.0,10.0,3.0,2026-07-17 15:02:39,12,7,Invierno
106081,NAPROXENO 550MG TAB. REC CJAX100UND,PORTUGAL GENERICO,0.0,10.0,3.0,2026-07-17 18:42:52,10,7,Invierno
106081,NAPROXENO 550MG TAB. REC CJAX100UND,PORTUGAL GENERICO,0.0,10.0,3.0,2026-07-17 19:21:30,8,7,Invierno
106081,NAPROXENO 550MG TAB. REC CJAX100UND,PORTUGAL GENERICO,0.0,10.0,3.0,2026-07-17 19:47:21,6,7,Invierno
106081,NAPROXENO 550MG TAB. REC CJAX100UND,PORTUGAL GENERICO,0.0,10.0,3.0,2026-07-17 19:52:43,16,7,Invierno
106081,NAPROXENO 550MG TAB. REC CJAX100UND,PORTUGAL GENERICO,0.0,10.0,3.0,2026-07-17 20:20:50,1,7,Invierno
106081,NAPROXENO 550MG TAB. REC CJAX100UND,PORTUGAL GENERICO,0.0,10.0,3.0,2026-07-17 22:10:23,5,7,Invierno
106081,NAPROXENO 550MG TAB. REC CJAX100UND,PORTUGAL GENERICO,0.0,10.0,3.0,2026-07-17 22:30:21,5,7,Invierno
106081,NAPROXENO 550MG TAB. REC CJAX100UND,PORTUGAL GENERICO,0.0,20.0,6.0,2026-07-18 08:04:17,6,7,Invierno
106081,NAPROXENO 550MG TAB. REC CJAX100UND,PORTUGAL GENERICO,0.0,10.0,3.0,2026-07-18 09:03:19,18,7,Invierno
106081,NAPROXENO 550MG TAB. REC CJAX100UND,PORTUGAL GENERICO,0.0,10.0,3.0,2026-07-18 09:27:25,2,7,Invierno
106081,NAPROXENO 550MG TAB. REC CJAX100UND,PORTUGAL GENERICO,0.0,10.0,3.0,2026-07-18 11:14:17,9,7,Invierno
106081,NAPROXENO 550MG TAB. REC CJAX100UND,PORTUGAL GENERICO,0.0,2.0,0.57,2026-07-18 11:57:41,4,7,Invierno
106081,NAPROXENO 550MG TAB. REC CJAX100UND,PORTUGAL GENERICO,0.0,10.0,3.0,2026-07-18 13:55:03,9,7,Invierno
106081,NAPROXENO 550MG TAB. REC CJAX100UND,PORTUGAL GENERICO,0.0,10.0,3.0,2026-07-18 13:57:10,1,7,Invierno
106081,NAPROXENO 550MG TAB. REC CJAX100UND,PORTUGAL GENERICO,1.0,0.0,28.5,2026-07-18 14:38:24,14,7,Invierno
106081,NAPROXENO 550MG TAB. REC CJAX100UND,PORTUGAL GENERICO,0.0,20.0,6.0,2026-07-18 16:04:29,5,7,Invierno
106081,NAPROXENO 550MG TAB. REC CJAX100UND,PORTUGAL GENERICO,0.0,10.0,3.0,2026-07-18 16:55:27,5,7,Invierno
106081,NAPROXENO 550MG TAB. REC CJAX100UND,PORTUGAL GENERICO,0.0,10.0,3.0,2026-07-18 17:37:58,9,7,Invierno
106081,NAPROXENO 550MG TAB. REC CJAX100UND,PORTUGAL GENERICO,0.0,10.0,3.0,2026-07-18 17:50:37,1,7,Invierno
106081,NAPROXENO 550MG TAB. REC CJAX100UND,PORTUGAL GENERICO,0.0,10.0,3.0,2026-07-18 17:51:42,4,7,Invierno
106081,NAPROXENO 550MG TAB. REC CJAX100UND,PORTUGAL GENERICO,0.0,10.0,3.0,2026-07-18 18:36:20,8,7,Invierno
106081,NAPROXENO 550MG TAB. REC CJAX100UND,PORTUGAL GENERICO,0.0,2.0,0.6,2026-07-18 18:52:24,14,7,Invierno
106081,NAPROXENO 550MG TAB. REC CJAX100UND,PORTUGAL GENERICO,0.0,10.0,3.0,2026-07-18 19:32:25,5,7,Invierno
106081,NAPROXENO 550MG TAB. REC CJAX100UND,PORTUGAL GENERICO,0.0,10.0,3.0,2026-07-18 19:50:52,9,7,Invierno
106081,NAPROXENO 550MG TAB. REC CJAX100UND,PORTUGAL GENERICO,0.0,20.0,6.0,2026-07-18 20:14:56,7,7,Invierno
106081,NAPROXENO 550MG TAB. REC CJAX100UND,PORTUGAL GENERICO,0.0,10.0,3.0,2026-07-18 20:49:35,17,7,Invierno
106081,NAPROXENO 550MG TAB. REC CJAX100UND,PORTUGAL GENERICO,0.0,10.0,3.0,2026-07-18 20:51:26,2,7,Invierno
106081,NAPROXENO 550MG TAB. REC CJAX100UND,PORTUGAL GENERICO,0.0,10.0,3.0,2026-07-18 21:12:29,13,7,Invierno
106081,NAPROXENO 550MG TAB. REC CJAX100UND,PORTUGAL GENERICO,0.0,20.0,6.0,2026-07-18 21:48:27,9,7,Invierno
106081,NAPROXENO 550MG TAB. REC CJAX100UND,PORTUGAL GENERICO,0.0,10.0,3.0,2026-07-18 22:34:41,1,7,Invierno
106081,NAPROXENO 550MG TAB. REC CJAX100UND,PORTUGAL GENERICO,0.0,20.0,6.0,2026-07-18 22:40:07,7,7,Invierno
106081,NAPROXENO 550MG TAB. REC CJAX100UND,PORTUGAL GENERICO,0.0,10.0,3.0,2026-07-19 08:18:25,17,7,Invierno
106081,NAPROXENO 550MG TAB. REC CJAX100UND,PORTUGAL GENERICO,0.0,20.0,6.0,2026-07-19 10:19:21,12,7,Invierno
106081,NAPROXENO 550MG TAB. REC CJAX100UND,PORTUGAL GENERICO,0.0,5.0,1.5,2026-07-19 11:04:09,14,7,Invierno
106081,NAPROXENO 550MG TAB. REC CJAX100UND,PORTUGAL GENERICO,0.0,10.0,3.0,2026-07-19 11:19:45,10,7,Invierno
106081,NAPROXENO 550MG TAB. REC CJAX100UND,PORTUGAL GENERICO,0.0,5.0,1.5,2026-07-19 11:34:19,5,7,Invierno
106081,NAPROXENO 550MG TAB. REC CJAX100UND,PORTUGAL GENERICO,0.0,10.0,3.0,2026-07-19 12:12:22,5,7,Invierno
106081,NAPROXENO 550MG TAB. REC CJAX100UND,PORTUGAL GENERICO,0.0,10.0,3.0,2026-07-19 12:42:16,11,7,Invierno
106081,NAPROXENO 550MG TAB. REC CJAX100UND,PORTUGAL GENERICO,0.0,10.0,3.0,2026-07-19 12:51:08,8,7,Invierno
106081,NAPROXENO 550MG TAB. REC CJAX100UND,PORTUGAL GENERICO,0.0,10.0,3.0,2026-07-19 13:58:42,7,7,Invierno
106081,NAPROXENO 550MG TAB. REC CJAX100UND,PORTUGAL GENERICO,0.0,20.0,6.0,2026-07-19 14:33:06,19,7,Invierno
106081,NAPROXENO 550MG TAB. REC CJAX100UND,PORTUGAL GENERICO,0.0,20.0,6.0,2026-07-19 16:45:39,13,7,Invierno
106081,NAPROXENO 550MG TAB. REC CJAX100UND,PORTUGAL GENERICO,0.0,10.0,3.0,2026-07-19 18:27:27,13,7,Invierno
106081,NAPROXENO 550MG TAB. REC CJAX100UND,PORTUGAL GENERICO,0.0,10.0,3.0,2026-07-19 18:49:59,13,7,Invierno
106081,NAPROXENO 550MG TAB. REC CJAX100UND,PORTUGAL GENERICO,0.0,10.0,3.0,2026-07-19 19:04:05,7,7,Invierno
106081,NAPROXENO 550MG TAB. REC CJAX100UND,PORTUGAL GENERICO,0.0,10.0,3.0,2026-07-19 19:36:20,3,7,Invierno
106081,NAPROXENO 550MG TAB. REC CJAX100UND,PORTUGAL GENERICO,0.0,10.0,3.0,2026-07-19 20:15:13,11,7,Invierno
106081,NAPROXENO 550MG TAB. REC CJAX100UND,PORTUGAL GENERICO,0.0,10.0,3.0,2026-07-19 20:51:54,10,7,Invierno
106081,NAPROXENO 550MG TAB. REC CJAX100UND,PORTUGAL GENERICO,0.0,10.0,3.0,2026-07-19 21:27:44,5,7,Invierno
106081,NAPROXENO 550MG TAB. REC CJAX100UND,PORTUGAL GENERICO,0.0,10.0,3.0,2026-07-19 23:29:20,4,7,Invierno
106081,NAPROXENO 550MG TAB. REC CJAX100UND,PORTUGAL GENERICO,0.0,10.0,3.0,2026-07-20 10:36:20,2,7,Invierno
106081,NAPROXENO 550MG TAB. REC CJAX100UND,PORTUGAL GENERICO,0.0,70.0,21.0,2026-07-20 11:15:09,5,7,Invierno
106081,NAPROXENO 550MG TAB. REC CJAX100UND,PORTUGAL GENERICO,0.0,10.0,3.0,2026-07-20 11:17:56,5,7,Invierno
106081,NAPROXENO 550MG TAB. REC CJAX100UND,PORTUGAL GENERICO,0.0,5.0,1.5,2026-07-20 11:33:25,13,7,Invierno
106081,NAPROXENO 550MG TAB. REC CJAX100UND,PORTUGAL GENERICO,0.0,10.0,3.0,2026-07-20 11:50:53,14,7,Invierno
106081,NAPROXENO 550MG TAB. REC CJAX100UND,PORTUGAL GENERICO,0.0,10.0,3.0,2026-07-20 12:29:59,12,7,Invierno
106081,NAPROXENO 550MG TAB. REC CJAX100UND,PORTUGAL GENERICO,0.0,10.0,3.0,2026-07-20 13:02:32,10,7,Invierno
106081,NAPROXENO 550MG TAB. REC CJAX100UND,PORTUGAL GENERICO,1.0,0.0,30.0,2026-07-20 13:15:42,12,7,Invierno
106081,NAPROXENO 550MG TAB. REC CJAX100UND,PORTUGAL GENERICO,0.0,20.0,6.0,2026-07-20 13:18:59,12,7,Invierno
106081,NAPROXENO 550MG TAB. REC CJAX100UND,PORTUGAL GENERICO,0.0,10.0,3.0,2026-07-20 13:48:30,1,7,Invierno
106081,NAPROXENO 550MG TAB. REC CJAX100UND,PORTUGAL GENERICO,0.0,10.0,3.0,2026-07-20 13:56:10,12,7,Invierno
106081,NAPROXENO 550MG TAB. REC CJAX100UND,PORTUGAL GENERICO,0.0,10.0,3.0,2026-07-20 15:26:26,11,7,Invierno
106081,NAPROXENO 550MG TAB. REC CJAX100UND,PORTUGAL GENERICO,0.0,10.0,3.0,2026-07-20 17:53:43,9,7,Invierno
106081,NAPROXENO 550MG TAB. REC CJAX100UND,PORTUGAL GENERICO,0.0,10.0,3.0,2026-07-20 18:07:16,11,7,Invierno
106081,NAPROXENO 550MG TAB. REC CJAX100UND,PORTUGAL GENERICO,0.0,10.0,3.0,2026-07-20 18:29:11,12,7,Invierno
106081,NAPROXENO 550MG TAB. REC CJAX100UND,PORTUGAL GENERICO,0.0,10.0,3.0,2026-07-20 18:56:30,8,7,Invierno
106081,NAPROXENO 550MG TAB. REC CJAX100UND,PORTUGAL GENERICO,0.0,10.0,3.0,2026-07-20 19:13:26,2,7,Invierno
106081,NAPROXENO 550MG TAB. REC CJAX100UND,PORTUGAL GENERICO,0.0,10.0,3.0,2026-07-20 19:24:39,7,7,Invierno
106081,NAPROXENO 550MG TAB. REC CJAX100UND,PORTUGAL GENERICO,0.0,10.0,3.0,2026-07-20 20:06:19,8,7,Invierno
106081,NAPROXENO 550MG TAB. REC CJAX100UND,PORTUGAL GENERICO,0.0,-10.0,-3.0,2026-07-20 20:08:27,8,7,Invierno
106081,NAPROXENO 550MG TAB. REC CJAX100UND,PORTUGAL GENERICO,0.0,10.0,3.0,2026-07-20 20:17:16,11,7,Invierno
106081,NAPROXENO 550MG TAB. REC CJAX100UND,PORTUGAL GENERICO,0.0,10.0,3.0,2026-07-20 20:21:52,4,7,Invierno
106081,NAPROXENO 550MG TAB. REC CJAX100UND,PORTUGAL GENERICO,0.0,10.0,3.0,2026-07-20 20:24:40,6,7,Invierno
106081,NAPROXENO 550MG TAB. REC CJAX100UND,PORTUGAL GENERICO,0.0,5.0,1.5,2026-07-20 22:10:06,5,7,Invierno
106081,NAPROXENO 550MG TAB. REC CJAX100UND,PORTUGAL GENERICO,0.0,10.0,3.0,2026-07-20 22:24:01,12,7,Invierno
106081,NAPROXENO 550MG TAB. REC CJAX100UND,PORTUGAL GENERICO,0.0,10.0,3.0,2026-07-20 22:30:59,2,7,Invierno
106081,NAPROXENO 550MG TAB. REC CJAX100UND,PORTUGAL GENERICO,0.0,10.0,3.0,2026-07-21 07:06:39,14,7,Invierno
106081,NAPROXENO 550MG TAB. REC CJAX100UND,PORTUGAL GENERICO,0.0,10.0,3.0,2026-07-21 08:31:11,7,7,Invierno
106081,NAPROXENO 550MG TAB. REC CJAX100UND,PORTUGAL GENERICO,0.0,10.0,3.0,2026-07-21 08:47:21,7,7,Invierno
106081,NAPROXENO 550MG TAB. REC CJAX100UND,PORTUGAL GENERICO,0.0,10.0,3.0,2026-07-21 09:25:05,12,7,Invierno
106081,NAPROXENO 550MG TAB. REC CJAX100UND,PORTUGAL GENERICO,0.0,10.0,3.0,2026-07-21 11:03:23,2,7,Invierno
106081,NAPROXENO 550MG TAB. REC CJAX100UND,PORTUGAL GENERICO,0.0,10.0,3.0,2026-07-21 12:46:18,2,7,Invierno
106081,NAPROXENO 550MG TAB. REC CJAX100UND,PORTUGAL GENERICO,0.0,10.0,3.0,2026-07-21 12:47:51,2,7,Invierno
106081,NAPROXENO 550MG TAB. REC CJAX100UND,PORTUGAL GENERICO,0.0,10.0,3.0,2026-07-21 12:55:45,6,7,Invierno
106081,NAPROXENO 550MG TAB. REC CJAX100UND,PORTUGAL GENERICO,0.0,10.0,3.0,2026-07-21 13:23:09,9,7,Invierno
106081,NAPROXENO 550MG TAB. REC CJAX100UND,PORTUGAL GENERICO,0.0,10.0,3.0,2026-07-21 14:32:18,16,7,Invierno
106081,NAPROXENO 550MG TAB. REC CJAX100UND,PORTUGAL GENERICO,0.0,10.0,3.0,2026-07-21 14:55:34,16,7,Invierno
106081,NAPROXENO 550MG TAB. REC CJAX100UND,PORTUGAL GENERICO,0.0,10.0,3.0,2026-07-21 15:45:08,2,7,Invierno
106081,NAPROXENO 550MG TAB. REC CJAX100UND,PORTUGAL GENERICO,0.0,10.0,3.0,2026-07-21 17:31:42,10,7,Invierno
106081,NAPROXENO 550MG TAB. REC CJAX100UND,PORTUGAL GENERICO,0.0,10.0,3.0,2026-07-21 17:35:09,6,7,Invierno
106081,NAPROXENO 550MG TAB. REC CJAX100UND,PORTUGAL GENERICO,0.0,10.0,3.0,2026-07-21 18:12:11,14,7,Invierno
106081,NAPROXENO 550MG TAB. REC CJAX100UND,PORTUGAL GENERICO,0.0,10.0,3.0,2026-07-21 18:21:29,5,7,Invierno
106081,NAPROXENO 550MG TAB. REC CJAX100UND,PORTUGAL GENERICO,2.0,0.0,60.0,2026-07-21 19:30:19,16,7,Invierno
106081,NAPROXENO 550MG TAB. REC CJAX100UND,PORTUGAL GENERICO,0.0,10.0,3.0,2026-07-21 19:50:18,9,7,Invierno
106081,NAPROXENO 550MG TAB. REC CJAX100UND,PORTUGAL GENERICO,0.0,10.0,3.0,2026-07-21 19:52:39,10,7,Invierno
106081,NAPROXENO 550MG TAB. REC CJAX100UND,PORTUGAL GENERICO,0.0,10.0,3.0,2026-07-21 21:18:39,12,7,Invierno
106081,NAPROXENO 550MG TAB. REC CJAX100UND,PORTUGAL GENERICO,0.0,10.0,3.0,2026-07-21 21:24:52,12,7,Invierno
106081,NAPROXENO 550MG TAB. REC CJAX100UND,PORTUGAL GENERICO,0.0,20.0,6.0,2026-07-21 22:34:15,5,7,Invierno
106081,NAPROXENO 550MG TAB. REC CJAX100UND,PORTUGAL GENERICO,0.0,10.0,3.0,2026-07-22 08:07:08,13,7,Invierno
106081,NAPROXENO 550MG TAB. REC CJAX100UND,PORTUGAL GENERICO,0.0,10.0,3.0,2026-07-22 08:13:03,7,7,Invierno
106081,NAPROXENO 550MG TAB. REC CJAX100UND,PORTUGAL GENERICO,0.0,10.0,3.0,2026-07-22 09:06:38,10,7,Invierno
106081,NAPROXENO 550MG TAB. REC CJAX100UND,PORTUGAL GENERICO,0.0,10.0,3.0,2026-07-22 11:07:45,10,7,Invierno
106081,NAPROXENO 550MG TAB. REC CJAX100UND,PORTUGAL GENERICO,0.0,1.0,0.3,2026-07-22 11:26:21,9,7,Invierno
106081,NAPROXENO 550MG TAB. REC CJAX100UND,PORTUGAL GENERICO,0.0,10.0,3.0,2026-07-22 11:38:43,2,7,Invierno
106081,NAPROXENO 550MG TAB. REC CJAX100UND,PORTUGAL GENERICO,0.0,10.0,3.0,2026-07-22 14:15:04,18,7,Invierno
106081,NAPROXENO 550MG TAB. REC CJAX100UND,PORTUGAL GENERICO,0.0,1.0,0.3,2026-07-22 16:06:45,3,7,Invierno
106081,NAPROXENO 550MG TAB. REC CJAX100UND,PORTUGAL GENERICO,0.0,20.0,6.0,2026-07-22 18:26:32,2,7,Invierno
106081,NAPROXENO 550MG TAB. REC CJAX100UND,PORTUGAL GENERICO,0.0,10.0,3.0,2026-07-22 18:33:06,11,7,Invierno
106081,NAPROXENO 550MG TAB. REC CJAX100UND,PORTUGAL GENERICO,0.0,10.0,3.0,2026-07-22 19:21:49,16,7,Invierno
106081,NAPROXENO 550MG TAB. REC CJAX100UND,PORTUGAL GENERICO,0.0,3.0,0.9,2026-07-22 20:01:18,18,7,Invierno
106081,NAPROXENO 550MG TAB. REC CJAX100UND,PORTUGAL GENERICO,0.0,10.0,3.0,2026-07-22 20:28:47,1,7,Invierno
106081,NAPROXENO 550MG TAB. REC CJAX100UND,PORTUGAL GENERICO,0.0,10.0,3.0,2026-07-22 20:36:38,11,7,Invierno
106081,NAPROXENO 550MG TAB. REC CJAX100UND,PORTUGAL GENERICO,0.0,10.0,3.0,2026-07-22 20:41:00,11,7,Invierno
106081,NAPROXENO 550MG TAB. REC CJAX100UND,PORTUGAL GENERICO,0.0,10.0,3.0,2026-07-23 14:36:19,3,7,Invierno
106081,NAPROXENO 550MG TAB. REC CJAX100UND,PORTUGAL GENERICO,0.0,10.0,3.0,2026-07-23 16:21:45,1,7,Invierno
106081,NAPROXENO 550MG TAB. REC CJAX100UND,PORTUGAL GENERICO,0.0,1.0,0.3,2026-07-23 16:23:13,3,7,Invierno
106081,NAPROXENO 550MG TAB. REC CJAX100UND,PORTUGAL GENERICO,0.0,10.0,3.0,2026-07-23 16:50:18,4,7,Invierno
106081,NAPROXENO 550MG TAB. REC CJAX100UND,PORTUGAL GENERICO,0.0,10.0,3.0,2026-07-23 17:48:18,5,7,Invierno
106081,NAPROXENO 550MG TAB. REC CJAX100UND,PORTUGAL GENERICO,0.0,1.0,0.3,2026-07-23 17:49:28,5,7,Invierno
106081,NAPROXENO 550MG TAB. REC CJAX100UND,PORTUGAL GENERICO,0.0,10.0,3.0,2026-07-23 18:39:30,5,7,Invierno
106081,NAPROXENO 550MG TAB. REC CJAX100UND,PORTUGAL GENERICO,0.0,10.0,3.0,2026-07-23 18:39:52,7,7,Invierno
106081,NAPROXENO 550MG TAB. REC CJAX100UND,PORTUGAL GENERICO,0.0,10.0,3.0,2026-07-23 19:18:01,8,7,Invierno
106081,NAPROXENO 550MG TAB. REC CJAX100UND,PORTUGAL GENERICO,0.0,10.0,3.0,2026-07-23 19:23:16,7,7,Invierno
106081,NAPROXENO 550MG TAB. REC CJAX100UND,PORTUGAL GENERICO,0.0,5.0,1.5,2026-07-23 19:58:55,18,7,Invierno
106081,NAPROXENO 550MG TAB. REC CJAX100UND,PORTUGAL GENERICO,0.0,10.0,3.0,2026-07-23 20:07:44,14,7,Invierno
106081,NAPROXENO 550MG TAB. REC CJAX100UND,PORTUGAL GENERICO,0.0,10.0,3.0,2026-07-23 20:44:44,14,7,Invierno
106081,NAPROXENO 550MG TAB. REC CJAX100UND,PORTUGAL GENERICO,0.0,10.0,3.0,2026-07-23 21:03:19,2,7,Invierno
106081,NAPROXENO 550MG TAB. REC CJAX100UND,PORTUGAL GENERICO,0.0,10.0,3.0,2026-07-23 21:22:30,5,7,Invierno
106081,NAPROXENO 550MG TAB. REC CJAX100UND,PORTUGAL GENERICO,0.0,10.0,3.0,2026-07-23 21:49:36,5,7,Invierno
106081,NAPROXENO 550MG TAB. REC CJAX100UND,PORTUGAL GENERICO,0.0,10.0,3.0,2026-07-24 09:15:51,8,7,Invierno
106081,NAPROXENO 550MG TAB. REC CJAX100UND,PORTUGAL GENERICO,0.0,10.0,3.0,2026-07-24 10:08:02,18,7,Invierno
106081,NAPROXENO 550MG TAB. REC CJAX100UND,PORTUGAL GENERICO,0.0,10.0,3.0,2026-07-24 10:29:41,18,7,Invierno
106081,NAPROXENO 550MG TAB. REC CJAX100UND,PORTUGAL GENERICO,0.0,10.0,3.0,2026-07-24 10:50:34,9,7,Invierno
106081,NAPROXENO 550MG TAB. REC CJAX100UND,PORTUGAL GENERICO,0.0,20.0,6.0,2026-07-24 11:05:57,10,7,Invierno
106081,NAPROXENO 550MG TAB. REC CJAX100UND,PORTUGAL GENERICO,0.0,10.0,3.0,2026-07-24 12:04:44,12,7,Invierno
106081,NAPROXENO 550MG TAB. REC CJAX100UND,PORTUGAL GENERICO,0.0,10.0,3.0,2026-07-24 15:12:12,5,7,Invierno
106081,NAPROXENO 550MG TAB. REC CJAX100UND,PORTUGAL GENERICO,0.0,10.0,3.0,2026-07-24 15:49:11,18,7,Invierno
106081,NAPROXENO 550MG TAB. REC CJAX100UND,PORTUGAL GENERICO,0.0,600.0,180.0,2026-07-24 15:59:25,3,7,Invierno
106081,NAPROXENO 550MG TAB. REC CJAX100UND,PORTUGAL GENERICO,0.0,10.0,3.0,2026-07-24 16:33:47,11,7,Invierno
106081,NAPROXENO 550MG TAB. REC CJAX100UND,PORTUGAL GENERICO,0.0,10.0,3.0,2026-07-24 17:25:47,8,7,Invierno
106081,NAPROXENO 550MG TAB. REC CJAX100UND,PORTUGAL GENERICO,0.0,10.0,3.0,2026-07-24 17:55:14,17,7,Invierno
106081,NAPROXENO 550MG TAB. REC CJAX100UND,PORTUGAL GENERICO,0.0,10.0,3.0,2026-07-24 19:01:27,9,7,Invierno
106081,NAPROXENO 550MG TAB. REC CJAX100UND,PORTUGAL GENERICO,0.0,10.0,3.0,2026-07-24 19:31:01,18,7,Invierno
106081,NAPROXENO 550MG TAB. REC CJAX100UND,PORTUGAL GENERICO,0.0,10.0,3.0,2026-07-24 20:28:07,14,7,Invierno
106081,NAPROXENO 550MG TAB. REC CJAX100UND,PORTUGAL GENERICO,0.0,1.0,0.3,2026-07-24 21:38:03,10,7,Invierno
106081,NAPROXENO 550MG TAB. REC CJAX100UND,PORTUGAL GENERICO,0.0,10.0,3.0,2026-07-24 22:15:24,5,7,Invierno
106081,NAPROXENO 550MG TAB. REC CJAX100UND,PORTUGAL GENERICO,0.0,10.0,3.0,2026-07-24 22:54:15,7,7,Invierno
106081,NAPROXENO 550MG TAB. REC CJAX100UND,PORTUGAL GENERICO,0.0,10.0,3.0,2026-07-24 23:40:20,4,7,Invierno
106081,NAPROXENO 550MG TAB. REC CJAX100UND,PORTUGAL GENERICO,0.0,20.0,6.0,2026-07-25 09:03:14,13,7,Invierno
106081,NAPROXENO 550MG TAB. REC CJAX100UND,PORTUGAL GENERICO,0.0,10.0,3.0,2026-07-25 09:11:32,9,7,Invierno
106081,NAPROXENO 550MG TAB. REC CJAX100UND,PORTUGAL GENERICO,0.0,20.0,6.0,2026-07-25 09:38:41,11,7,Invierno
106081,NAPROXENO 550MG TAB. REC CJAX100UND,PORTUGAL GENERICO,0.0,10.0,3.0,2026-07-25 10:11:53,9,7,Invierno
106081,NAPROXENO 550MG TAB. REC CJAX100UND,PORTUGAL GENERICO,0.0,10.0,3.0,2026-07-25 10:35:47,6,7,Invierno
106081,NAPROXENO 550MG TAB. REC CJAX100UND,PORTUGAL GENERICO,0.0,10.0,3.0,2026-07-25 10:58:52,6,7,Invierno
106081,NAPROXENO 550MG TAB. REC CJAX100UND,PORTUGAL GENERICO,0.0,10.0,3.0,2026-07-25 11:17:07,6,7,Invierno
106081,NAPROXENO 550MG TAB. REC CJAX100UND,PORTUGAL GENERICO,0.0,10.0,3.0,2026-07-25 11:29:23,16,7,Invierno
106081,NAPROXENO 550MG TAB. REC CJAX100UND,PORTUGAL GENERICO,0.0,10.0,3.0,2026-07-25 11:51:50,14,7,Invierno
106081,NAPROXENO 550MG TAB. REC CJAX100UND,PORTUGAL GENERICO,0.0,10.0,3.0,2026-07-25 11:53:55,12,7,Invierno
106081,NAPROXENO 550MG TAB. REC CJAX100UND,PORTUGAL GENERICO,0.0,10.0,3.0,2026-07-25 12:05:25,2,7,Invierno
106081,NAPROXENO 550MG TAB. REC CJAX100UND,PORTUGAL GENERICO,0.0,20.0,6.0,2026-07-25 12:17:09,14,7,Invierno
106081,NAPROXENO 550MG TAB. REC CJAX100UND,PORTUGAL GENERICO,0.0,10.0,3.0,2026-07-25 12:30:05,19,7,Invierno
106081,NAPROXENO 550MG TAB. REC CJAX100UND,PORTUGAL GENERICO,0.0,10.0,3.0,2026-07-25 13:13:21,2,7,Invierno
106081,NAPROXENO 550MG TAB. REC CJAX100UND,PORTUGAL GENERICO,0.0,10.0,3.0,2026-07-25 13:53:34,18,7,Invierno
106081,NAPROXENO 550MG TAB. REC CJAX100UND,PORTUGAL GENERICO,0.0,10.0,3.0,2026-07-25 14:18:08,5,7,Invierno
106081,NAPROXENO 550MG TAB. REC CJAX100UND,PORTUGAL GENERICO,0.0,10.0,3.0,2026-07-25 14:44:32,8,7,Invierno
106081,NAPROXENO 550MG TAB. REC CJAX100UND,PORTUGAL GENERICO,0.0,10.0,3.0,2026-07-25 15:46:37,3,7,Invierno
106081,NAPROXENO 550MG TAB. REC CJAX100UND,PORTUGAL GENERICO,0.0,10.0,3.0,2026-07-25 16:47:01,10,7,Invierno
106081,NAPROXENO 550MG TAB. REC CJAX100UND,PORTUGAL GENERICO,0.0,10.0,3.0,2026-07-25 18:24:41,9,7,Invierno
106081,NAPROXENO 550MG TAB. REC CJAX100UND,PORTUGAL GENERICO,0.0,5.0,1.5,2026-07-25 19:53:08,17,7,Invierno
106081,NAPROXENO 550MG TAB. REC CJAX100UND,PORTUGAL GENERICO,0.0,10.0,3.0,2026-07-25 19:55:52,8,7,Invierno
106081,NAPROXENO 550MG TAB. REC CJAX100UND,PORTUGAL GENERICO,0.0,10.0,3.0,2026-07-25 20:16:31,3,7,Invierno
106081,NAPROXENO 550MG TAB. REC CJAX100UND,PORTUGAL GENERICO,0.0,10.0,3.0,2026-07-25 21:09:59,5,7,Invierno
106081,NAPROXENO 550MG TAB. REC CJAX100UND,PORTUGAL GENERICO,0.0,10.0,3.0,2026-07-25 21:28:40,5,7,Invierno
106081,NAPROXENO 550MG TAB. REC CJAX100UND,PORTUGAL GENERICO,0.0,20.0,6.0,2026-07-25 23:05:05,4,7,Invierno
106081,NAPROXENO 550MG TAB. REC CJAX100UND,PORTUGAL GENERICO,0.0,10.0,3.0,2026-07-26 10:57:11,7,7,Invierno
106081,NAPROXENO 550MG TAB. REC CJAX100UND,PORTUGAL GENERICO,0.0,10.0,3.0,2026-07-26 11:42:13,6,7,Invierno
106081,NAPROXENO 550MG TAB. REC CJAX100UND,PORTUGAL GENERICO,0.0,10.0,3.0,2026-07-26 11:56:02,6,7,Invierno
106081,NAPROXENO 550MG TAB. REC CJAX100UND,PORTUGAL GENERICO,0.0,20.0,6.0,2026-07-26 12:20:30,6,7,Invierno
106081,NAPROXENO 550MG TAB. REC CJAX100UND,PORTUGAL GENERICO,0.0,3.0,0.9,2026-07-26 12:48:03,5,7,Invierno
106081,NAPROXENO 550MG TAB. REC CJAX100UND,PORTUGAL GENERICO,0.0,10.0,3.0,2026-07-26 16:07:31,12,7,Invierno
106081,NAPROXENO 550MG TAB. REC CJAX100UND,PORTUGAL GENERICO,0.0,10.0,3.0,2026-07-26 16:29:52,7,7,Invierno
106081,NAPROXENO 550MG TAB. REC CJAX100UND,PORTUGAL GENERICO,0.0,10.0,3.0,2026-07-26 16:53:53,16,7,Invierno
106081,NAPROXENO 550MG TAB. REC CJAX100UND,PORTUGAL GENERICO,0.0,10.0,3.0,2026-07-26 18:30:36,9,7,Invierno
106081,NAPROXENO 550MG TAB. REC CJAX100UND,PORTUGAL GENERICO,0.0,10.0,3.0,2026-07-26 19:13:16,3,7,Invierno
106081,NAPROXENO 550MG TAB. REC CJAX100UND,PORTUGAL GENERICO,0.0,10.0,3.0,2026-07-26 19:21:24,12,7,Invierno
106081,NAPROXENO 550MG TAB. REC CJAX100UND,PORTUGAL GENERICO,0.0,10.0,3.0,2026-07-26 20:12:58,11,7,Invierno
106081,NAPROXENO 550MG TAB. REC CJAX100UND,PORTUGAL GENERICO,0.0,10.0,3.0,2026-07-26 20:36:45,14,7,Invierno
106081,NAPROXENO 550MG TAB. REC CJAX100UND,PORTUGAL GENERICO,0.0,10.0,3.0,2026-07-26 21:32:41,15,7,Invierno
106081,NAPROXENO 550MG TAB. REC CJAX100UND,PORTUGAL GENERICO,0.0,10.0,3.0,2026-07-26 22:14:35,5,7,Invierno
106081,NAPROXENO 550MG TAB. REC CJAX100UND,PORTUGAL GENERICO,0.0,10.0,3.0,2026-07-27 07:34:38,9,7,Invierno
106081,NAPROXENO 550MG TAB. REC CJAX100UND,PORTUGAL GENERICO,0.0,10.0,3.0,2026-07-27 08:15:48,13,7,Invierno
106081,NAPROXENO 550MG TAB. REC CJAX100UND,PORTUGAL GENERICO,0.0,10.0,3.0,2026-07-27 09:28:24,10,7,Invierno
106081,NAPROXENO 550MG TAB. REC CJAX100UND,PORTUGAL GENERICO,0.0,10.0,3.0,2026-07-27 16:54:29,17,7,Invierno
106081,NAPROXENO 550MG TAB. REC CJAX100UND,PORTUGAL GENERICO,0.0,5.0,1.5,2026-07-27 17:27:01,5,7,Invierno
106081,NAPROXENO 550MG TAB. REC CJAX100UND,PORTUGAL GENERICO,0.0,10.0,3.0,2026-07-27 18:03:02,19,7,Invierno
106081,NAPROXENO 550MG TAB. REC CJAX100UND,PORTUGAL GENERICO,0.0,10.0,3.0,2026-07-27 18:34:40,2,7,Invierno
106081,NAPROXENO 550MG TAB. REC CJAX100UND,PORTUGAL GENERICO,0.0,2.0,0.6,2026-07-27 18:51:23,3,7,Invierno
106081,NAPROXENO 550MG TAB. REC CJAX100UND,PORTUGAL GENERICO,0.0,10.0,3.0,2026-07-27 18:54:30,6,7,Invierno
106081,NAPROXENO 550MG TAB. REC CJAX100UND,PORTUGAL GENERICO,0.0,10.0,3.0,2026-07-27 19:23:52,1,7,Invierno
106081,NAPROXENO 550MG TAB. REC CJAX100UND,PORTUGAL GENERICO,0.0,10.0,3.0,2026-07-27 19:32:08,2,7,Invierno
106081,NAPROXENO 550MG TAB. REC CJAX100UND,PORTUGAL GENERICO,0.0,10.0,3.0,2026-07-27 20:07:01,8,7,Invierno
106081,NAPROXENO 550MG TAB. REC CJAX100UND,PORTUGAL GENERICO,0.0,10.0,3.0,2026-07-27 20:31:55,2,7,Invierno
106081,NAPROXENO 550MG TAB. REC CJAX100UND,PORTUGAL GENERICO,0.0,10.0,3.0,2026-07-27 20:34:54,19,7,Invierno
106081,NAPROXENO 550MG TAB. REC CJAX100UND,PORTUGAL GENERICO,0.0,10.0,3.0,2026-07-27 20:43:03,1,7,Invierno
106081,NAPROXENO 550MG TAB. REC CJAX100UND,PORTUGAL GENERICO,0.0,10.0,3.0,2026-07-27 21:07:03,6,7,Invierno
106081,NAPROXENO 550MG TAB. REC CJAX100UND,PORTUGAL GENERICO,0.0,10.0,3.0,2026-07-27 21:20:11,8,7,Invierno
106081,NAPROXENO 550MG TAB. REC CJAX100UND,PORTUGAL GENERICO,0.0,10.0,3.0,2026-07-27 21:34:12,14,7,Invierno
106081,NAPROXENO 550MG TAB. REC CJAX100UND,PORTUGAL GENERICO,1.0,0.0,30.0,2026-07-27 21:35:52,10,7,Invierno
106081,NAPROXENO 550MG TAB. REC CJAX100UND,PORTUGAL GENERICO,0.0,10.0,3.0,2026-07-27 21:38:04,16,7,Invierno
106081,NAPROXENO 550MG TAB. REC CJAX100UND,PORTUGAL GENERICO,0.0,10.0,3.0,2026-07-27 21:49:51,5,7,Invierno
106081,NAPROXENO 550MG TAB. REC CJAX100UND,PORTUGAL GENERICO,0.0,10.0,3.0,2026-07-27 21:55:17,15,7,Invierno
106081,NAPROXENO 550MG TAB. REC CJAX100UND,PORTUGAL GENERICO,0.0,1.0,0.3,2026-07-27 21:59:24,7,7,Invierno
106081,NAPROXENO 550MG TAB. REC CJAX100UND,PORTUGAL GENERICO,0.0,20.0,6.0,2026-07-27 22:02:03,12,7,Invierno
106081,NAPROXENO 550MG TAB. REC CJAX100UND,PORTUGAL GENERICO,0.0,1.0,0.3,2026-07-27 23:03:51,7,7,Invierno
106081,NAPROXENO 550MG TAB. REC CJAX100UND,PORTUGAL GENERICO,0.0,1.0,0.3,2026-07-27 23:05:47,7,7,Invierno
106081,NAPROXENO 550MG TAB. REC CJAX100UND,PORTUGAL GENERICO,0.0,20.0,6.0,2026-07-28 09:59:06,13,7,Invierno
106081,NAPROXENO 550MG TAB. REC CJAX100UND,PORTUGAL GENERICO,0.0,10.0,3.0,2026-07-28 10:47:51,11,7,Invierno
106081,NAPROXENO 550MG TAB. REC CJAX100UND,PORTUGAL GENERICO,0.0,10.0,3.0,2026-07-28 11:54:58,17,7,Invierno
106081,NAPROXENO 550MG TAB. REC CJAX100UND,PORTUGAL GENERICO,0.0,10.0,3.0,2026-07-28 13:16:52,15,7,Invierno
106081,NAPROXENO 550MG TAB. REC CJAX100UND,PORTUGAL GENERICO,0.0,1.0,0.3,2026-07-28 13:17:01,16,7,Invierno
106081,NAPROXENO 550MG TAB. REC CJAX100UND,PORTUGAL GENERICO,0.0,10.0,3.0,2026-07-28 13:41:48,9,7,Invierno
106081,NAPROXENO 550MG TAB. REC CJAX100UND,PORTUGAL GENERICO,0.0,1.0,0.3,2026-07-28 13:42:17,17,7,Invierno
106081,NAPROXENO 550MG TAB. REC CJAX100UND,PORTUGAL GENERICO,0.0,20.0,6.0,2026-07-28 13:42:48,9,7,Invierno
106081,NAPROXENO 550MG TAB. REC CJAX100UND,PORTUGAL GENERICO,0.0,10.0,3.0,2026-07-28 13:53:16,16,7,Invierno
106081,NAPROXENO 550MG TAB. REC CJAX100UND,PORTUGAL GENERICO,0.0,10.0,3.0,2026-07-28 15:09:25,1,7,Invierno
106081,NAPROXENO 550MG TAB. REC CJAX100UND,PORTUGAL GENERICO,0.0,10.0,3.0,2026-07-28 15:10:02,8,7,Invierno
106081,NAPROXENO 550MG TAB. REC CJAX100UND,PORTUGAL GENERICO,0.0,10.0,3.0,2026-07-28 15:32:35,4,7,Invierno
106081,NAPROXENO 550MG TAB. REC CJAX100UND,PORTUGAL GENERICO,0.0,10.0,3.0,2026-07-28 15:45:39,18,7,Invierno
106081,NAPROXENO 550MG TAB. REC CJAX100UND,PORTUGAL GENERICO,0.0,10.0,3.0,2026-07-28 16:34:21,5,7,Invierno
106081,NAPROXENO 550MG TAB. REC CJAX100UND,PORTUGAL GENERICO,0.0,10.0,3.0,2026-07-28 17:21:44,6,7,Invierno
106081,NAPROXENO 550MG TAB. REC CJAX100UND,PORTUGAL GENERICO,1.0,0.0,30.0,2026-07-28 17:24:21,2,7,Invierno
106081,NAPROXENO 550MG TAB. REC CJAX100UND,PORTUGAL GENERICO,0.0,10.0,3.0,2026-07-28 18:10:43,6,7,Invierno
106081,NAPROXENO 550MG TAB. REC CJAX100UND,PORTUGAL GENERICO,0.0,10.0,3.0,2026-07-28 18:40:11,17,7,Invierno
106081,NAPROXENO 550MG TAB. REC CJAX100UND,PORTUGAL GENERICO,0.0,10.0,3.0,2026-07-28 18:43:18,2,7,Invierno
106081,NAPROXENO 550MG TAB. REC CJAX100UND,PORTUGAL GENERICO,0.0,10.0,3.0,2026-07-28 18:55:03,13,7,Invierno
106081,NAPROXENO 550MG TAB. REC CJAX100UND,PORTUGAL GENERICO,0.0,10.0,3.0,2026-07-28 18:59:45,4,7,Invierno
106081,NAPROXENO 550MG TAB. REC CJAX100UND,PORTUGAL GENERICO,0.0,20.0,6.0,2026-07-28 19:34:27,5,7,Invierno
106081,NAPROXENO 550MG TAB. REC CJAX100UND,PORTUGAL GENERICO,0.0,10.0,3.0,2026-07-28 19:36:25,19,7,Invierno
106081,NAPROXENO 550MG TAB. REC CJAX100UND,PORTUGAL GENERICO,0.0,10.0,3.0,2026-07-28 19:39:19,2,7,Invierno
106081,NAPROXENO 550MG TAB. REC CJAX100UND,PORTUGAL GENERICO,0.0,10.0,3.0,2026-07-28 20:24:41,2,7,Invierno
106081,NAPROXENO 550MG TAB. REC CJAX100UND,PORTUGAL GENERICO,0.0,10.0,3.0,2026-07-28 20:48:56,15,7,Invierno
106081,NAPROXENO 550MG TAB. REC CJAX100UND,PORTUGAL GENERICO,0.0,10.0,3.0,2026-07-28 20:51:18,15,7,Invierno
106081,NAPROXENO 550MG TAB. REC CJAX100UND,PORTUGAL GENERICO,0.0,-10.0,-3.0,2026-07-28 20:51:41,15,7,Invierno
106081,NAPROXENO 550MG TAB. REC CJAX100UND,PORTUGAL GENERICO,0.0,5.0,1.5,2026-07-28 22:49:27,7,7,Invierno
106081,NAPROXENO 550MG TAB. REC CJAX100UND,PORTUGAL GENERICO,0.0,5.0,1.5,2026-07-29 09:20:11,6,7,Invierno
106081,NAPROXENO 550MG TAB. REC CJAX100UND,PORTUGAL GENERICO,0.0,10.0,3.0,2026-07-29 09:34:41,13,7,Invierno
106081,NAPROXENO 550MG TAB. REC CJAX100UND,PORTUGAL GENERICO,0.0,10.0,3.0,2026-07-29 12:34:38,16,7,Invierno
106081,NAPROXENO 550MG TAB. REC CJAX100UND,PORTUGAL GENERICO,0.0,10.0,3.0,2026-07-29 14:03:00,5,7,Invierno
106081,NAPROXENO 550MG TAB. REC CJAX100UND,PORTUGAL GENERICO,0.0,1.0,0.3,2026-07-29 17:11:59,7,7,Invierno
106081,NAPROXENO 550MG TAB. REC CJAX100UND,PORTUGAL GENERICO,0.0,10.0,3.0,2026-07-29 17:36:25,5,7,Invierno
106081,NAPROXENO 550MG TAB. REC CJAX100UND,PORTUGAL GENERICO,1.0,0.0,30.0,2026-07-29 19:44:07,18,7,Invierno
106081,NAPROXENO 550MG TAB. REC CJAX100UND,PORTUGAL GENERICO,0.0,5.0,1.5,2026-07-29 19:58:44,7,7,Invierno
106081,NAPROXENO 550MG TAB. REC CJAX100UND,PORTUGAL GENERICO,0.0,10.0,3.0,2026-07-29 20:06:39,7,7,Invierno
106081,NAPROXENO 550MG TAB. REC CJAX100UND,PORTUGAL GENERICO,0.0,10.0,3.0,2026-07-29 20:08:53,13,7,Invierno
106081,NAPROXENO 550MG TAB. REC CJAX100UND,PORTUGAL GENERICO,0.0,10.0,3.0,2026-07-29 21:29:52,5,7,Invierno
106081,NAPROXENO 550MG TAB. REC CJAX100UND,PORTUGAL GENERICO,0.0,10.0,3.0,2026-07-29 21:37:34,3,7,Invierno
106081,NAPROXENO 550MG TAB. REC CJAX100UND,PORTUGAL GENERICO,0.0,10.0,3.0,2026-07-29 21:48:07,3,7,Invierno
106081,NAPROXENO 550MG TAB. REC CJAX100UND,PORTUGAL GENERICO,0.0,5.0,1.5,2026-07-29 22:58:34,7,7,Invierno
106081,NAPROXENO 550MG TAB. REC CJAX100UND,PORTUGAL GENERICO,0.0,10.0,3.0,2026-07-30 08:40:55,6,7,Invierno
106081,NAPROXENO 550MG TAB. REC CJAX100UND,PORTUGAL GENERICO,0.0,5.0,1.5,2026-07-30 08:47:54,14,7,Invierno
106081,NAPROXENO 550MG TAB. REC CJAX100UND,PORTUGAL GENERICO,0.0,10.0,3.0,2026-07-30 08:47:54,6,7,Invierno
106081,NAPROXENO 550MG TAB. REC CJAX100UND,PORTUGAL GENERICO,0.0,10.0,3.0,2026-07-30 09:38:16,6,7,Invierno
106081,NAPROXENO 550MG TAB. REC CJAX100UND,PORTUGAL GENERICO,0.0,3.0,0.9,2026-07-30 09:39:35,5,7,Invierno
106081,NAPROXENO 550MG TAB. REC CJAX100UND,PORTUGAL GENERICO,0.0,10.0,3.0,2026-07-30 09:54:11,6,7,Invierno
106081,NAPROXENO 550MG TAB. REC CJAX100UND,PORTUGAL GENERICO,0.0,10.0,3.0,2026-07-30 10:22:03,17,7,Invierno
106081,NAPROXENO 550MG TAB. REC CJAX100UND,PORTUGAL GENERICO,0.0,10.0,3.0,2026-07-30 10:32:25,8,7,Invierno
106081,NAPROXENO 550MG TAB. REC CJAX100UND,PORTUGAL GENERICO,0.0,40.0,12.0,2026-07-30 11:16:48,4,7,Invierno
106081,NAPROXENO 550MG TAB. REC CJAX100UND,PORTUGAL GENERICO,0.0,10.0,3.0,2026-07-30 11:35:38,1,7,Invierno
106081,NAPROXENO 550MG TAB. REC CJAX100UND,PORTUGAL GENERICO,0.0,5.0,1.5,2026-07-30 12:10:40,13,7,Invierno
106081,NAPROXENO 550MG TAB. REC CJAX100UND,PORTUGAL GENERICO,0.0,10.0,3.0,2026-07-30 12:19:16,8,7,Invierno
106081,NAPROXENO 550MG TAB. REC CJAX100UND,PORTUGAL GENERICO,0.0,10.0,3.0,2026-07-30 12:28:16,16,7,Invierno
106081,NAPROXENO 550MG TAB. REC CJAX100UND,PORTUGAL GENERICO,0.0,10.0,3.0,2026-07-30 14:04:43,12,7,Invierno
106081,NAPROXENO 550MG TAB. REC CJAX100UND,PORTUGAL GENERICO,0.0,5.0,1.5,2026-07-30 14:41:13,8,7,Invierno
106081,NAPROXENO 550MG TAB. REC CJAX100UND,PORTUGAL GENERICO,0.0,10.0,3.0,2026-07-30 15:19:19,14,7,Invierno
106081,NAPROXENO 550MG TAB. REC CJAX100UND,PORTUGAL GENERICO,0.0,10.0,3.0,2026-07-30 15:26:23,12,7,Invierno
106081,NAPROXENO 550MG TAB. REC CJAX100UND,PORTUGAL GENERICO,0.0,10.0,3.0,2026-07-30 16:49:38,6,7,Invierno
106081,NAPROXENO 550MG TAB. REC CJAX100UND,PORTUGAL GENERICO,0.0,10.0,3.0,2026-07-30 18:03:01,2,7,Invierno
106081,NAPROXENO 550MG TAB. REC CJAX100UND,PORTUGAL GENERICO,0.0,10.0,3.0,2026-07-30 18:36:47,7,7,Invierno
106081,NAPROXENO 550MG TAB. REC CJAX100UND,PORTUGAL GENERICO,0.0,3.0,0.9,2026-07-30 18:51:45,17,7,Invierno
106081,NAPROXENO 550MG TAB. REC CJAX100UND,PORTUGAL GENERICO,0.0,10.0,3.0,2026-07-30 19:22:14,12,7,Invierno
106081,NAPROXENO 550MG TAB. REC CJAX100UND,PORTUGAL GENERICO,0.0,10.0,3.0,2026-07-30 19:48:07,7,7,Invierno
106081,NAPROXENO 550MG TAB. REC CJAX100UND,PORTUGAL GENERICO,0.0,1.0,0.3,2026-07-30 19:49:47,7,7,Invierno
106081,NAPROXENO 550MG TAB. REC CJAX100UND,PORTUGAL GENERICO,0.0,10.0,3.0,2026-07-30 19:51:48,14,7,Invierno
106081,NAPROXENO 550MG TAB. REC CJAX100UND,PORTUGAL GENERICO,0.0,10.0,3.0,2026-07-30 20:01:46,9,7,Invierno
106081,NAPROXENO 550MG TAB. REC CJAX100UND,PORTUGAL GENERICO,0.0,10.0,3.0,2026-07-30 20:15:03,6,7,Invierno
106081,NAPROXENO 550MG TAB. REC CJAX100UND,PORTUGAL GENERICO,0.0,1.0,0.3,2026-07-30 20:59:29,7,7,Invierno
106081,NAPROXENO 550MG TAB. REC CJAX100UND,PORTUGAL GENERICO,0.0,10.0,3.0,2026-07-30 20:59:51,9,7,Invierno
106081,NAPROXENO 550MG TAB. REC CJAX100UND,PORTUGAL GENERICO,0.0,1.0,0.3,2026-07-30 21:05:23,7,7,Invierno
106081,NAPROXENO 550MG TAB. REC CJAX100UND,PORTUGAL GENERICO,0.0,10.0,3.0,2026-07-30 21:24:30,9,7,Invierno
106081,NAPROXENO 550MG TAB. REC CJAX100UND,PORTUGAL GENERICO,0.0,10.0,3.0,2026-07-30 21:33:57,15,7,Invierno
106081,NAPROXENO 550MG TAB. REC CJAX100UND,PORTUGAL GENERICO,0.0,10.0,3.0,2026-07-31 08:26:23,2,7,Invierno
106081,NAPROXENO 550MG TAB. REC CJAX100UND,PORTUGAL GENERICO,0.0,10.0,3.0,2026-07-31 09:21:40,9,7,Invierno
106081,NAPROXENO 550MG TAB. REC CJAX100UND,PORTUGAL GENERICO,0.0,5.0,1.5,2026-07-31 11:30:38,3,7,Invierno
106081,NAPROXENO 550MG TAB. REC CJAX100UND,PORTUGAL GENERICO,0.0,10.0,3.0,2026-07-31 11:42:47,1,7,Invierno
106081,NAPROXENO 550MG TAB. REC CJAX100UND,PORTUGAL GENERICO,0.0,10.0,3.0,2026-07-31 12:45:33,5,7,Invierno
106081,NAPROXENO 550MG TAB. REC CJAX100UND,PORTUGAL GENERICO,0.0,10.0,3.0,2026-07-31 14:08:34,1,7,Invierno
106081,NAPROXENO 550MG TAB. REC CJAX100UND,PORTUGAL GENERICO,0.0,10.0,3.0,2026-07-31 14:36:47,2,7,Invierno
106081,NAPROXENO 550MG TAB. REC CJAX100UND,PORTUGAL GENERICO,0.0,10.0,3.0,2026-07-31 14:36:51,4,7,Invierno
106081,NAPROXENO 550MG TAB. REC CJAX100UND,PORTUGAL GENERICO,0.0,10.0,3.0,2026-07-31 14:39:17,11,7,Invierno
106081,NAPROXENO 550MG TAB. REC CJAX100UND,PORTUGAL GENERICO,0.0,10.0,3.0,2026-07-31 15:14:26,2,7,Invierno
106081,NAPROXENO 550MG TAB. REC CJAX100UND,PORTUGAL GENERICO,0.0,100.0,30.0,2026-07-31 15:19:15,1,7,Invierno
106081,NAPROXENO 550MG TAB. REC CJAX100UND,PORTUGAL GENERICO,0.0,10.0,3.0,2026-07-31 15:35:40,9,7,Invierno
106081,NAPROXENO 550MG TAB. REC CJAX100UND,PORTUGAL GENERICO,0.0,10.0,3.0,2026-07-31 15:39:13,9,7,Invierno
106081,NAPROXENO 550MG TAB. REC CJAX100UND,PORTUGAL GENERICO,0.0,2.0,0.6,2026-07-31 17:11:00,13,7,Invierno
106081,NAPROXENO 550MG TAB. REC CJAX100UND,PORTUGAL GENERICO,0.0,10.0,3.0,2026-07-31 17:41:38,5,7,Invierno
106081,NAPROXENO 550MG TAB. REC CJAX100UND,PORTUGAL GENERICO,0.0,10.0,3.0,2026-07-31 18:04:00,7,7,Invierno
106081,NAPROXENO 550MG TAB. REC CJAX100UND,PORTUGAL GENERICO,0.0,10.0,3.0,2026-07-31 18:23:38,5,7,Invierno
106081,NAPROXENO 550MG TAB. REC CJAX100UND,PORTUGAL GENERICO,0.0,10.0,3.0,2026-07-31 18:28:46,9,7,Invierno
106081,NAPROXENO 550MG TAB. REC CJAX100UND,PORTUGAL GENERICO,0.0,-10.0,-3.0,2026-07-31 18:42:37,9,7,Invierno
106081,NAPROXENO 550MG TAB. REC CJAX100UND,PORTUGAL GENERICO,0.0,10.0,3.0,2026-07-31 18:43:33,9,7,Invierno
106081,NAPROXENO 550MG TAB. REC CJAX100UND,PORTUGAL GENERICO,0.0,20.0,6.0,2026-07-31 18:49:45,5,7,Invierno
106081,NAPROXENO 550MG TAB. REC CJAX100UND,PORTUGAL GENERICO,0.0,20.0,6.0,2026-07-31 19:33:06,8,7,Invierno
106081,NAPROXENO 550MG TAB. REC CJAX100UND,PORTUGAL GENERICO,0.0,10.0,3.0,2026-07-31 19:46:58,17,7,Invierno
106081,NAPROXENO 550MG TAB. REC CJAX100UND,PORTUGAL GENERICO,0.0,10.0,3.0,2026-07-31 20:16:00,15,7,Invierno
106081,NAPROXENO 550MG TAB. REC CJAX100UND,PORTUGAL GENERICO,0.0,10.0,3.0,2026-07-31 20:44:21,17,7,Invierno
106081,NAPROXENO 550MG TAB. REC CJAX100UND,PORTUGAL GENERICO,0.0,10.0,3.0,2026-07-31 21:43:07,14,7,Invierno
106081,NAPROXENO 550MG TAB. REC CJAX100UND,PORTUGAL GENERICO,0.0,10.0,3.0,2026-07-31 21:59:30,2,7,Invierno
106081,NAPROXENO 550MG TAB. REC CJAX100UND,PORTUGAL GENERICO,0.0,10.0,3.0,2026-07-31 22:04:57,15,7,Invierno
106081,NAPROXENO 550MG TAB. REC CJAX100UND,PORTUGAL GENERICO,0.0,10.0,3.0,2026-08-01 07:30:07,1,8,Invierno
106081,NAPROXENO 550MG TAB. REC CJAX100UND,PORTUGAL GENERICO,0.0,10.0,3.0,2026-08-01 10:33:53,6,8,Invierno
106081,NAPROXENO 550MG TAB. REC CJAX100UND,PORTUGAL GENERICO,0.0,10.0,3.0,2026-08-01 10:34:06,5,8,Invierno
106081,NAPROXENO 550MG TAB. REC CJAX100UND,PORTUGAL GENERICO,0.0,10.0,3.0,2026-08-01 11:07:55,10,8,Invierno
106081,NAPROXENO 550MG TAB. REC CJAX100UND,PORTUGAL GENERICO,0.0,2.0,0.6,2026-08-01 12:26:50,17,8,Invierno
106081,NAPROXENO 550MG TAB. REC CJAX100UND,PORTUGAL GENERICO,0.0,5.0,1.5,2026-08-01 12:34:42,17,8,Invierno
106081,NAPROXENO 550MG TAB. REC CJAX100UND,PORTUGAL GENERICO,0.0,10.0,3.0,2026-08-01 13:02:23,18,8,Invierno
106081,NAPROXENO 550MG TAB. REC CJAX100UND,PORTUGAL GENERICO,0.0,10.0,3.0,2026-08-01 13:09:04,7,8,Invierno
106081,NAPROXENO 550MG TAB. REC CJAX100UND,PORTUGAL GENERICO,0.0,3.0,0.9,2026-08-01 13:29:38,13,8,Invierno
106081,NAPROXENO 550MG TAB. REC CJAX100UND,PORTUGAL GENERICO,0.0,10.0,3.0,2026-08-01 14:11:05,18,8,Invierno
106081,NAPROXENO 550MG TAB. REC CJAX100UND,PORTUGAL GENERICO,0.0,20.0,5.68,2026-08-01 15:25:14,1,8,Invierno
106081,NAPROXENO 550MG TAB. REC CJAX100UND,PORTUGAL GENERICO,0.0,10.0,3.0,2026-08-01 15:46:58,1,8,Invierno
106081,NAPROXENO 550MG TAB. REC CJAX100UND,PORTUGAL GENERICO,0.0,40.0,12.0,2026-08-01 16:11:51,1,8,Invierno
106081,NAPROXENO 550MG TAB. REC CJAX100UND,PORTUGAL GENERICO,0.0,10.0,3.0,2026-08-01 16:27:38,6,8,Invierno
106081,NAPROXENO 550MG TAB. REC CJAX100UND,PORTUGAL GENERICO,0.0,10.0,3.0,2026-08-01 16:31:55,17,8,Invierno
106081,NAPROXENO 550MG TAB. REC CJAX100UND,PORTUGAL GENERICO,0.0,10.0,3.0,2026-08-01 17:11:30,9,8,Invierno
106081,NAPROXENO 550MG TAB. REC CJAX100UND,PORTUGAL GENERICO,0.0,10.0,3.0,2026-08-01 18:00:16,3,8,Invierno
106081,NAPROXENO 550MG TAB. REC CJAX100UND,PORTUGAL GENERICO,0.0,10.0,3.0,2026-08-01 18:13:33,9,8,Invierno
106081,NAPROXENO 550MG TAB. REC CJAX100UND,PORTUGAL GENERICO,0.0,10.0,3.0,2026-08-01 18:52:49,16,8,Invierno
106081,NAPROXENO 550MG TAB. REC CJAX100UND,PORTUGAL GENERICO,0.0,10.0,3.0,2026-08-01 19:10:44,19,8,Invierno
106081,NAPROXENO 550MG TAB. REC CJAX100UND,PORTUGAL GENERICO,0.0,20.0,6.0,2026-08-01 19:13:26,13,8,Invierno
106081,NAPROXENO 550MG TAB. REC CJAX100UND,PORTUGAL GENERICO,0.0,10.0,3.0,2026-08-01 19:17:50,17,8,Invierno
106081,NAPROXENO 550MG TAB. REC CJAX100UND,PORTUGAL GENERICO,0.0,10.0,3.0,2026-08-01 19:46:49,4,8,Invierno
106081,NAPROXENO 550MG TAB. REC CJAX100UND,PORTUGAL GENERICO,0.0,10.0,3.0,2026-08-01 20:22:08,5,8,Invierno
106081,NAPROXENO 550MG TAB. REC CJAX100UND,PORTUGAL GENERICO,0.0,10.0,3.0,2026-08-01 20:30:59,15,8,Invierno
106081,NAPROXENO 550MG TAB. REC CJAX100UND,PORTUGAL GENERICO,0.0,10.0,3.0,2026-08-01 20:46:30,14,8,Invierno
106081,NAPROXENO 550MG TAB. REC CJAX100UND,PORTUGAL GENERICO,0.0,10.0,3.0,2026-08-01 20:47:35,14,8,Invierno
106081,NAPROXENO 550MG TAB. REC CJAX100UND,PORTUGAL GENERICO,0.0,10.0,3.0,2026-08-01 20:51:05,1,8,Invierno
106081,NAPROXENO 550MG TAB. REC CJAX100UND,PORTUGAL GENERICO,0.0,10.0,3.0,2026-08-01 21:04:56,8,8,Invierno
106081,NAPROXENO 550MG TAB. REC CJAX100UND,PORTUGAL GENERICO,0.0,10.0,3.0,2026-08-01 21:22:57,13,8,Invierno
106081,NAPROXENO 550MG TAB. REC CJAX100UND,PORTUGAL GENERICO,0.0,10.0,3.0,2026-08-01 21:55:57,10,8,Invierno
106081,NAPROXENO 550MG TAB. REC CJAX100UND,PORTUGAL GENERICO,0.0,10.0,3.0,2026-08-01 22:08:41,14,8,Invierno
106081,NAPROXENO 550MG TAB. REC CJAX100UND,PORTUGAL GENERICO,0.0,10.0,3.0,2026-08-01 23:02:53,4,8,Invierno
106081,NAPROXENO 550MG TAB. REC CJAX100UND,PORTUGAL GENERICO,0.0,10.0,3.0,2026-08-02 10:03:22,7,8,Invierno
106081,NAPROXENO 550MG TAB. REC CJAX100UND,PORTUGAL GENERICO,0.0,10.0,3.0,2026-08-02 10:32:19,8,8,Invierno
106081,NAPROXENO 550MG TAB. REC CJAX100UND,PORTUGAL GENERICO,0.0,10.0,2.85,2026-08-02 11:02:18,13,8,Invierno
106081,NAPROXENO 550MG TAB. REC CJAX100UND,PORTUGAL GENERICO,0.0,10.0,3.0,2026-08-02 11:07:30,2,8,Invierno
106081,NAPROXENO 550MG TAB. REC CJAX100UND,PORTUGAL GENERICO,0.0,10.0,3.0,2026-08-02 12:53:03,15,8,Invierno
106081,NAPROXENO 550MG TAB. REC CJAX100UND,PORTUGAL GENERICO,0.0,10.0,3.0,2026-08-02 15:26:26,6,8,Invierno
106081,NAPROXENO 550MG TAB. REC CJAX100UND,PORTUGAL GENERICO,0.0,3.0,0.9,2026-08-02 15:49:25,2,8,Invierno
106081,NAPROXENO 550MG TAB. REC CJAX100UND,PORTUGAL GENERICO,0.0,10.0,3.0,2026-08-02 19:01:26,2,8,Invierno
106081,NAPROXENO 550MG TAB. REC CJAX100UND,PORTUGAL GENERICO,0.0,4.0,1.2,2026-08-02 20:09:22,11,8,Invierno
106081,NAPROXENO 550MG TAB. REC CJAX100UND,PORTUGAL GENERICO,0.0,10.0,3.0,2026-08-02 21:24:32,2,8,Invierno
106081,NAPROXENO 550MG TAB. REC CJAX100UND,PORTUGAL GENERICO,0.0,5.0,1.5,2026-08-02 21:52:12,7,8,Invierno
106081,NAPROXENO 550MG TAB. REC CJAX100UND,PORTUGAL GENERICO,0.0,10.0,3.0,2026-08-03 08:56:55,3,8,Invierno
106081,NAPROXENO 550MG TAB. REC CJAX100UND,PORTUGAL GENERICO,0.0,10.0,3.0,2026-08-03 08:58:47,6,8,Invierno
106081,NAPROXENO 550MG TAB. REC CJAX100UND,PORTUGAL GENERICO,0.0,10.0,3.0,2026-08-03 09:04:24,13,8,Invierno
106081,NAPROXENO 550MG TAB. REC CJAX100UND,PORTUGAL GENERICO,0.0,10.0,3.0,2026-08-03 09:06:48,2,8,Invierno
106081,NAPROXENO 550MG TAB. REC CJAX100UND,PORTUGAL GENERICO,0.0,10.0,3.0,2026-08-03 09:17:33,16,8,Invierno
106081,NAPROXENO 550MG TAB. REC CJAX100UND,PORTUGAL GENERICO,0.0,10.0,3.0,2026-08-03 10:04:41,6,8,Invierno
106081,NAPROXENO 550MG TAB. REC CJAX100UND,PORTUGAL GENERICO,0.0,10.0,3.0,2026-08-03 10:17:41,10,8,Invierno
106081,NAPROXENO 550MG TAB. REC CJAX100UND,PORTUGAL GENERICO,0.0,20.0,6.0,2026-08-03 10:22:43,4,8,Invierno
106081,NAPROXENO 550MG TAB. REC CJAX100UND,PORTUGAL GENERICO,0.0,1.0,0.3,2026-08-03 10:43:22,18,8,Invierno
106081,NAPROXENO 550MG TAB. REC CJAX100UND,PORTUGAL GENERICO,0.0,10.0,3.0,2026-08-03 11:51:21,5,8,Invierno
106081,NAPROXENO 550MG TAB. REC CJAX100UND,PORTUGAL GENERICO,0.0,2.0,0.6,2026-08-03 12:08:58,7,8,Invierno
106081,NAPROXENO 550MG TAB. REC CJAX100UND,PORTUGAL GENERICO,0.0,10.0,3.0,2026-08-03 12:36:08,11,8,Invierno
106081,NAPROXENO 550MG TAB. REC CJAX100UND,PORTUGAL GENERICO,0.0,40.0,12.0,2026-08-03 15:24:11,6,8,Invierno
106081,NAPROXENO 550MG TAB. REC CJAX100UND,PORTUGAL GENERICO,0.0,6.0,1.8,2026-08-03 16:27:09,9,8,Invierno
106081,NAPROXENO 550MG TAB. REC CJAX100UND,PORTUGAL GENERICO,0.0,10.0,3.0,2026-08-03 16:39:26,18,8,Invierno
106081,NAPROXENO 550MG TAB. REC CJAX100UND,PORTUGAL GENERICO,0.0,10.0,3.0,2026-08-03 16:42:30,7,8,Invierno
106081,NAPROXENO 550MG TAB. REC CJAX100UND,PORTUGAL GENERICO,0.0,10.0,3.0,2026-08-03 16:48:48,13,8,Invierno
106081,NAPROXENO 550MG TAB. REC CJAX100UND,PORTUGAL GENERICO,0.0,10.0,3.0,2026-08-03 17:35:52,9,8,Invierno
106081,NAPROXENO 550MG TAB. REC CJAX100UND,PORTUGAL GENERICO,0.0,10.0,3.0,2026-08-03 18:26:05,6,8,Invierno
106081,NAPROXENO 550MG TAB. REC CJAX100UND,PORTUGAL GENERICO,0.0,1.0,0.3,2026-08-03 18:30:50,15,8,Invierno
106081,NAPROXENO 550MG TAB. REC CJAX100UND,PORTUGAL GENERICO,0.0,10.0,3.0,2026-08-03 18:49:02,7,8,Invierno
106081,NAPROXENO 550MG TAB. REC CJAX100UND,PORTUGAL GENERICO,0.0,20.0,6.0,2026-08-03 18:56:39,11,8,Invierno
106081,NAPROXENO 550MG TAB. REC CJAX100UND,PORTUGAL GENERICO,0.0,1.0,0.3,2026-08-03 18:58:30,13,8,Invierno
106081,NAPROXENO 550MG TAB. REC CJAX100UND,PORTUGAL GENERICO,0.0,10.0,3.0,2026-08-03 19:55:04,9,8,Invierno
106081,NAPROXENO 550MG TAB. REC CJAX100UND,PORTUGAL GENERICO,0.0,10.0,3.0,2026-08-03 20:10:00,2,8,Invierno
106081,NAPROXENO 550MG TAB. REC CJAX100UND,PORTUGAL GENERICO,0.0,20.0,6.0,2026-08-03 20:55:26,7,8,Invierno
106081,NAPROXENO 550MG TAB. REC CJAX100UND,PORTUGAL GENERICO,0.0,10.0,3.0,2026-08-03 21:12:09,17,8,Invierno
106081,NAPROXENO 550MG TAB. REC CJAX100UND,PORTUGAL GENERICO,0.0,10.0,3.0,2026-08-03 21:15:25,7,8,Invierno
106081,NAPROXENO 550MG TAB. REC CJAX100UND,PORTUGAL GENERICO,0.0,10.0,3.0,2026-08-03 21:26:23,2,8,Invierno
106081,NAPROXENO 550MG TAB. REC CJAX100UND,PORTUGAL GENERICO,0.0,10.0,3.0,2026-08-03 21:47:06,2,8,Invierno
106081,NAPROXENO 550MG TAB. REC CJAX100UND,PORTUGAL GENERICO,0.0,20.0,6.0,2026-08-03 21:49:42,3,8,Invierno
106081,NAPROXENO 550MG TAB. REC CJAX100UND,PORTUGAL GENERICO,0.0,10.0,3.0,2026-08-03 22:04:18,5,8,Invierno
106081,NAPROXENO 550MG TAB. REC CJAX100UND,PORTUGAL GENERICO,0.0,10.0,3.0,2026-08-03 23:14:53,7,8,Invierno
106081,NAPROXENO 550MG TAB. REC CJAX100UND,PORTUGAL GENERICO,0.0,10.0,3.0,2026-08-03 23:41:04,16,8,Invierno
106081,NAPROXENO 550MG TAB. REC CJAX100UND,PORTUGAL GENERICO,0.0,10.0,3.0,2026-08-04 08:15:10,7,8,Invierno
106081,NAPROXENO 550MG TAB. REC CJAX100UND,PORTUGAL GENERICO,0.0,30.0,9.0,2026-08-04 13:31:29,4,8,Invierno
106081,NAPROXENO 550MG TAB. REC CJAX100UND,PORTUGAL GENERICO,0.0,10.0,3.0,2026-08-04 15:14:40,14,8,Invierno
106081,NAPROXENO 550MG TAB. REC CJAX100UND,PORTUGAL GENERICO,0.0,10.0,3.0,2026-08-04 16:14:12,1,8,Invierno
106081,NAPROXENO 550MG TAB. REC CJAX100UND,PORTUGAL GENERICO,0.0,2.0,0.6,2026-08-04 17:06:01,3,8,Invierno
106081,NAPROXENO 550MG TAB. REC CJAX100UND,PORTUGAL GENERICO,0.0,10.0,3.0,2026-08-04 17:16:26,10,8,Invierno
106081,NAPROXENO 550MG TAB. REC CJAX100UND,PORTUGAL GENERICO,0.0,10.0,3.0,2026-08-04 18:17:41,11,8,Invierno
106081,NAPROXENO 550MG TAB. REC CJAX100UND,PORTUGAL GENERICO,0.0,10.0,3.0,2026-08-04 18:53:32,2,8,Invierno
106081,NAPROXENO 550MG TAB. REC CJAX100UND,PORTUGAL GENERICO,0.0,10.0,3.0,2026-08-04 18:57:23,12,8,Invierno
106081,NAPROXENO 550MG TAB. REC CJAX100UND,PORTUGAL GENERICO,0.0,10.0,3.0,2026-08-04 18:59:56,8,8,Invierno
106081,NAPROXENO 550MG TAB. REC CJAX100UND,PORTUGAL GENERICO,0.0,10.0,3.0,2026-08-04 19:06:57,3,8,Invierno
106081,NAPROXENO 550MG TAB. REC CJAX100UND,PORTUGAL GENERICO,0.0,10.0,3.0,2026-08-04 20:44:08,4,8,Invierno
106081,NAPROXENO 550MG TAB. REC CJAX100UND,PORTUGAL GENERICO,0.0,10.0,3.0,2026-08-05 07:54:14,5,8,Invierno
106081,NAPROXENO 550MG TAB. REC CJAX100UND,PORTUGAL GENERICO,0.0,10.0,3.0,2026-08-05 08:01:50,13,8,Invierno
