codpro,prod,tipo,cantidad,unidades,total,fecdoc,sucursal,mes,estacion
106335,OMEPRAZOL 20MG CJAX100CAP,PERUFARMA GENERICO,0.0,10.0,1.5,2025-01-01 14:14:45,9,1,Verano
106335,OMEPRAZOL 20MG CJAX100CAP,PERUFARMA GENERICO,0.0,30.0,4.5,2025-01-02 10:15:12,11,1,Verano
106335,OMEPRAZOL 20MG CJAX100CAP,PERUFARMA GENERICO,0.0,5.0,0.75,2025-01-02 15:41:59,5,1,Verano
106335,OMEPRAZOL 20MG CJAX100CAP,PERUFARMA GENERICO,0.0,10.0,1.5,2025-01-02 21:01:43,13,1,Verano
106335,OMEPRAZOL 20MG CJAX100CAP,PERUFARMA GENERICO,0.0,10.0,1.5,2025-01-03 17:57:12,7,1,Verano
106335,OMEPRAZOL 20MG CJAX100CAP,PERUFARMA GENERICO,0.0,10.0,1.5,2025-01-03 19:11:11,5,1,Verano
106335,OMEPRAZOL 20MG CJAX100CAP,PERUFARMA GENERICO,0.0,10.0,1.5,2025-01-03 21:13:00,9,1,Verano
106335,OMEPRAZOL 20MG CJAX100CAP,PERUFARMA GENERICO,0.0,10.0,1.5,2025-01-03 21:30:22,7,1,Verano
106335,OMEPRAZOL 20MG CJAX100CAP,PERUFARMA GENERICO,0.0,10.0,1.5,2025-01-04 10:26:33,13,1,Verano
106335,OMEPRAZOL 20MG CJAX100CAP,PERUFARMA GENERICO,0.0,4.0,0.6,2025-01-04 11:04:35,7,1,Verano
106335,OMEPRAZOL 20MG CJAX100CAP,PERUFARMA GENERICO,0.0,10.0,1.4,2025-01-04 12:15:17,9,1,Verano
106335,OMEPRAZOL 20MG CJAX100CAP,PERUFARMA GENERICO,0.0,10.0,1.5,2025-01-04 21:19:09,13,1,Verano
106335,OMEPRAZOL 20MG CJAX100CAP,PERUFARMA GENERICO,0.0,10.0,1.5,2025-01-04 21:32:55,5,1,Verano
106335,OMEPRAZOL 20MG CAP CJAX100UND,PERUFARMA GENERICO,0.0,6.0,0.9,2025-01-04 23:18:22,4,1,Verano
106335,OMEPRAZOL 20MG CAP CJAX100UND,PERUFARMA GENERICO,0.0,10.0,1.5,2025-01-06 18:03:49,13,1,Verano
106335,OMEPRAZOL 20MG CAP CJAX100UND,PERUFARMA GENERICO,0.0,10.0,1.5,2025-01-06 19:18:08,7,1,Verano
106335,OMEPRAZOL 20MG CAP CJAX100UND,PERUFARMA GENERICO,0.0,10.0,1.5,2025-01-07 08:23:41,13,1,Verano
106335,OMEPRAZOL 20MG CAP CJAX100UND,PERUFARMA GENERICO,0.0,10.0,1.5,2025-01-07 09:52:02,13,1,Verano
106335,OMEPRAZOL 20MG CAP CJAX100UND,PERUFARMA GENERICO,0.0,40.0,6.0,2025-01-07 14:12:21,7,1,Verano
106335,OMEPRAZOL 20MG CAP CJAX100UND,PERUFARMA GENERICO,0.0,10.0,1.5,2025-01-07 16:55:01,5,1,Verano
106335,OMEPRAZOL 20MG CAP CJAX100UND,PERUFARMA GENERICO,1.0,0.0,15.0,2025-01-08 11:18:24,1,1,Verano
106335,OMEPRAZOL 20MG CAP CJAX100UND,PERUFARMA GENERICO,0.0,10.0,1.5,2025-01-08 20:58:45,6,1,Verano
106335,OMEPRAZOL 20MG CAP CJAX100UND,PERUFARMA GENERICO,0.0,20.0,3.0,2025-01-09 16:19:59,10,1,Verano
106335,OMEPRAZOL 20MG CAP CJAX100UND,PERUFARMA GENERICO,0.0,10.0,1.5,2025-01-09 16:42:32,9,1,Verano
106335,OMEPRAZOL 20MG CAP CJAX100UND,PERUFARMA GENERICO,0.0,10.0,1.5,2025-01-09 17:46:00,13,1,Verano
106335,OMEPRAZOL 20MG CAP CJAX100UND,PERUFARMA GENERICO,0.0,10.0,1.5,2025-01-09 17:47:11,13,1,Verano
106335,OMEPRAZOL 20MG CAP CJAX100UND,PERUFARMA GENERICO,0.0,5.0,0.75,2025-01-09 18:46:50,12,1,Verano
106335,OMEPRAZOL 20MG CAP CJAX100UND,PERUFARMA GENERICO,0.0,10.0,1.5,2025-01-10 08:17:36,12,1,Verano
106335,OMEPRAZOL 20MG CAP CJAX100UND,PERUFARMA GENERICO,0.0,10.0,1.5,2025-01-10 08:57:02,7,1,Verano
106335,OMEPRAZOL 20MG CAP CJAX100UND,PERUFARMA GENERICO,0.0,40.0,6.0,2025-01-10 14:59:32,13,1,Verano
106335,OMEPRAZOL 20MG CAP CJAX100UND,PERUFARMA GENERICO,0.0,10.0,1.5,2025-01-10 17:12:51,5,1,Verano
106335,OMEPRAZOL 20MG CAP CJAX100UND,PERUFARMA GENERICO,0.0,10.0,1.5,2025-01-10 21:52:30,4,1,Verano
106335,OMEPRAZOL 20MG CAP CJAX100UND,PERUFARMA GENERICO,0.0,10.0,1.5,2025-01-11 09:45:17,13,1,Verano
106335,OMEPRAZOL 20MG CAP CJAX100UND,PERUFARMA GENERICO,0.0,10.0,1.5,2025-01-11 10:56:18,6,1,Verano
106335,OMEPRAZOL 20MG CAP CJAX100UND,PERUFARMA GENERICO,0.0,1.0,0.15,2025-01-11 11:05:29,10,1,Verano
106335,OMEPRAZOL 20MG CAP CJAX100UND,PERUFARMA GENERICO,0.0,20.0,3.0,2025-01-11 12:56:45,6,1,Verano
106335,OMEPRAZOL 20MG CAP CJAX100UND,PERUFARMA GENERICO,0.0,10.0,1.5,2025-01-11 13:02:14,15,1,Verano
106335,OMEPRAZOL 20MG CAP CJAX100UND,PERUFARMA GENERICO,0.0,10.0,1.5,2025-01-11 22:26:10,5,1,Verano
106335,OMEPRAZOL 20MG CAP CJAX100UND,PERUFARMA GENERICO,0.0,10.0,1.5,2025-01-12 09:05:51,13,1,Verano
106335,OMEPRAZOL 20MG CAP CJAX100UND,PERUFARMA GENERICO,0.0,10.0,1.5,2025-01-12 19:54:45,7,1,Verano
106335,OMEPRAZOL 20MG CAP CJAX100UND,PERUFARMA GENERICO,0.0,10.0,1.5,2025-01-12 20:45:23,13,1,Verano
106335,OMEPRAZOL 20MG CAP CJAX100UND,PERUFARMA GENERICO,0.0,2.0,0.3,2025-01-12 21:48:18,1,1,Verano
106335,OMEPRAZOL 20MG CAP CJAX100UND,PERUFARMA GENERICO,0.0,10.0,1.5,2025-01-13 08:24:05,13,1,Verano
106335,OMEPRAZOL 20MG CAP CJAX100UND,PERUFARMA GENERICO,0.0,10.0,1.5,2025-01-13 11:24:12,3,1,Verano
106335,OMEPRAZOL 20MG CAP CJAX100UND,PERUFARMA GENERICO,0.0,10.0,1.5,2025-01-13 12:02:34,1,1,Verano
106335,OMEPRAZOL 20MG CAP CJAX100UND,PERUFARMA GENERICO,0.0,10.0,1.5,2025-01-13 13:07:19,1,1,Verano
106335,OMEPRAZOL 20MG CAP CJAX100UND,PERUFARMA GENERICO,0.0,10.0,1.5,2025-01-13 19:34:21,11,1,Verano
106335,OMEPRAZOL 20MG CAP CJAX100UND,PERUFARMA GENERICO,0.0,10.0,1.5,2025-01-13 22:10:49,7,1,Verano
106335,OMEPRAZOL 20MG CAP CJAX100UND,PERUFARMA GENERICO,0.0,10.0,1.5,2025-01-14 08:58:51,5,1,Verano
106335,OMEPRAZOL 20MG CAP CJAX100UND,PERUFARMA GENERICO,0.0,10.0,1.5,2025-01-14 11:41:05,4,1,Verano
106335,OMEPRAZOL 20MG CAP CJAX100UND,PERUFARMA GENERICO,0.0,10.0,1.5,2025-01-14 17:09:15,6,1,Verano
106335,OMEPRAZOL 20MG CAP CJAX100UND,PERUFARMA GENERICO,0.0,10.0,1.5,2025-01-14 21:12:29,3,1,Verano
106335,OMEPRAZOL 20MG CAP CJAX100UND,PERUFARMA GENERICO,0.0,10.0,1.5,2025-01-15 10:42:47,1,1,Verano
106335,OMEPRAZOL 20MG CAP CJAX100UND,PERUFARMA GENERICO,0.0,20.0,3.0,2025-01-15 12:07:50,3,1,Verano
106335,OMEPRAZOL 20MG CAP CJAX100UND,PERUFARMA GENERICO,0.0,10.0,1.5,2025-01-15 16:06:35,5,1,Verano
106335,OMEPRAZOL 20MG CAP CJAX100UND,PERUFARMA GENERICO,0.0,20.0,3.0,2025-01-15 18:40:42,5,1,Verano
106335,OMEPRAZOL 20MG CAP CJAX100UND,PERUFARMA GENERICO,0.0,10.0,1.5,2025-01-15 20:32:05,3,1,Verano
106335,OMEPRAZOL 20MG CAP CJAX100UND,PERUFARMA GENERICO,0.0,10.0,1.5,2025-01-15 21:24:58,11,1,Verano
106335,OMEPRAZOL 20MG CAP CJAX100UND,PERUFARMA GENERICO,0.0,10.0,1.5,2025-01-15 22:05:47,7,1,Verano
106335,OMEPRAZOL 20MG CAP CJAX100UND,PERUFARMA GENERICO,0.0,10.0,1.5,2025-01-16 13:56:30,9,1,Verano
106335,OMEPRAZOL 20MG CAP CJAX100UND,PERUFARMA GENERICO,0.0,10.0,1.5,2025-01-16 17:00:46,13,1,Verano
106335,OMEPRAZOL 20MG CAP CJAX100UND,PERUFARMA GENERICO,0.0,10.0,1.5,2025-01-16 19:19:22,4,1,Verano
106335,OMEPRAZOL 20MG CAP CJAX100UND,PERUFARMA GENERICO,0.0,10.0,1.5,2025-01-16 20:01:33,7,1,Verano
106335,OMEPRAZOL 20MG CAP CJAX100UND,PERUFARMA GENERICO,0.0,10.0,1.5,2025-01-16 20:12:26,6,1,Verano
106335,OMEPRAZOL 20MG CAP CJAX100UND,PERUFARMA GENERICO,0.0,20.0,3.0,2025-01-16 20:21:35,1,1,Verano
106335,OMEPRAZOL 20MG CAP CJAX100UND,PERUFARMA GENERICO,0.0,10.0,1.5,2025-01-16 21:53:07,12,1,Verano
106335,OMEPRAZOL 20MG CAP CJAX100UND,PERUFARMA GENERICO,0.0,30.0,4.5,2025-01-16 23:02:02,4,1,Verano
106335,OMEPRAZOL 20MG CAP CJAX100UND,PERUFARMA GENERICO,0.0,20.0,3.0,2025-01-17 08:43:39,4,1,Verano
106335,OMEPRAZOL 20MG CAP CJAX100UND,PERUFARMA GENERICO,0.0,10.0,1.5,2025-01-17 15:42:20,6,1,Verano
106335,OMEPRAZOL 20MG CAP CJAX100UND,PERUFARMA GENERICO,0.0,20.0,3.0,2025-01-17 17:27:23,2,1,Verano
106335,OMEPRAZOL 20MG CAP CJAX100UND,PERUFARMA GENERICO,0.0,20.0,3.0,2025-01-17 21:40:00,1,1,Verano
106335,OMEPRAZOL 20MG CAP CJAX100UND,PERUFARMA GENERICO,0.0,10.0,1.5,2025-01-17 21:46:57,7,1,Verano
106335,OMEPRAZOL 20MG CAP CJAX100UND,PERUFARMA GENERICO,0.0,20.0,3.0,2025-01-18 10:42:39,5,1,Verano
106335,OMEPRAZOL 20MG CAP CJAX100UND,PERUFARMA GENERICO,0.0,10.0,1.5,2025-01-18 11:02:49,6,1,Verano
106335,OMEPRAZOL 20MG CAP CJAX100UND,PERUFARMA GENERICO,0.0,20.0,3.0,2025-01-18 16:08:02,1,1,Verano
106335,OMEPRAZOL 20MG CAP CJAX100UND,PERUFARMA GENERICO,0.0,20.0,3.0,2025-01-18 19:00:30,12,1,Verano
106335,OMEPRAZOL 20MG CAP CJAX100UND,PERUFARMA GENERICO,0.0,30.0,4.5,2025-01-18 21:23:45,4,1,Verano
106335,OMEPRAZOL 20MG CAP CJAX100UND,PERUFARMA GENERICO,0.0,10.0,1.5,2025-01-18 21:39:14,7,1,Verano
106335,OMEPRAZOL 20MG CAP CJAX100UND,PERUFARMA GENERICO,0.0,10.0,1.5,2025-01-18 22:03:08,8,1,Verano
106335,OMEPRAZOL 20MG CAP CJAX100UND,PERUFARMA GENERICO,0.0,10.0,1.5,2025-01-19 08:31:05,5,1,Verano
106335,OMEPRAZOL 20MG CAP CJAX100UND,PERUFARMA GENERICO,0.0,10.0,1.5,2025-01-19 09:29:31,3,1,Verano
106335,OMEPRAZOL 20MG CAP CJAX100UND,PERUFARMA GENERICO,0.0,20.0,3.0,2025-01-19 09:44:24,6,1,Verano
106335,OMEPRAZOL 20MG CAP CJAX100UND,PERUFARMA GENERICO,0.0,20.0,3.0,2025-01-19 10:00:51,4,1,Verano
106335,OMEPRAZOL 20MG CAP CJAX100UND,PERUFARMA GENERICO,0.0,20.0,3.0,2025-01-19 12:05:54,4,1,Verano
106335,OMEPRAZOL 20MG CAP CJAX100UND,PERUFARMA GENERICO,0.0,20.0,3.0,2025-01-19 12:32:18,2,1,Verano
106335,OMEPRAZOL 20MG CAP CJAX100UND,PERUFARMA GENERICO,0.0,10.0,1.5,2025-01-19 12:44:46,7,1,Verano
106335,OMEPRAZOL 20MG CAP CJAX100UND,PERUFARMA GENERICO,0.0,10.0,1.5,2025-01-19 16:45:32,5,1,Verano
106335,OMEPRAZOL 20MG CAP CJAX100UND,PERUFARMA GENERICO,0.0,10.0,1.5,2025-01-19 21:36:10,11,1,Verano
106335,OMEPRAZOL 20MG CAP CJAX100UND,PERUFARMA GENERICO,0.0,20.0,3.0,2025-01-20 08:51:46,2,1,Verano
106335,OMEPRAZOL 20MG CAP CJAX100UND,PERUFARMA GENERICO,0.0,10.0,1.5,2025-01-20 13:44:56,6,1,Verano
106335,OMEPRAZOL 20MG CAP CJAX100UND,PERUFARMA GENERICO,0.0,10.0,1.5,2025-01-20 19:09:28,2,1,Verano
106335,OMEPRAZOL 20MG CAP CJAX100UND,PERUFARMA GENERICO,0.0,10.0,1.5,2025-01-20 19:43:47,5,1,Verano
106335,OMEPRAZOL 20MG CAP CJAX100UND,PERUFARMA GENERICO,0.0,10.0,1.5,2025-01-20 19:53:26,5,1,Verano
106335,OMEPRAZOL 20MG CAP CJAX100UND,PERUFARMA GENERICO,0.0,20.0,3.0,2025-01-20 21:30:39,7,1,Verano
106335,OMEPRAZOL 20MG CAP CJAX100UND,PERUFARMA GENERICO,0.0,10.0,1.5,2025-01-21 07:25:37,6,1,Verano
106335,OMEPRAZOL 20MG CAP CJAX100UND,PERUFARMA GENERICO,0.0,10.0,1.5,2025-01-21 08:00:03,5,1,Verano
106335,OMEPRAZOL 20MG CAP CJAX100UND,PERUFARMA GENERICO,0.0,1.0,0.15,2025-01-21 08:02:44,4,1,Verano
106335,OMEPRAZOL 20MG CAP CJAX100UND,PERUFARMA GENERICO,0.0,20.0,3.0,2025-01-21 09:05:00,9,1,Verano
106335,OMEPRAZOL 20MG CAP CJAX100UND,PERUFARMA GENERICO,0.0,10.0,1.5,2025-01-21 09:07:16,6,1,Verano
106335,OMEPRAZOL 20MG CAP CJAX100UND,PERUFARMA GENERICO,0.0,10.0,1.5,2025-01-21 12:47:59,9,1,Verano
106335,OMEPRAZOL 20MG CAP CJAX100UND,PERUFARMA GENERICO,0.0,10.0,1.5,2025-01-21 14:51:44,2,1,Verano
106335,OMEPRAZOL 20MG CAP CJAX100UND,PERUFARMA GENERICO,0.0,10.0,1.5,2025-01-21 14:55:58,1,1,Verano
106335,OMEPRAZOL 20MG CAP CJAX100UND,PERUFARMA GENERICO,0.0,10.0,1.5,2025-01-21 16:52:06,12,1,Verano
106335,OMEPRAZOL 20MG CAP CJAX100UND,PERUFARMA GENERICO,0.0,20.0,3.0,2025-01-21 17:16:01,2,1,Verano
106335,OMEPRAZOL 20MG CAP CJAX100UND,PERUFARMA GENERICO,0.0,-20.0,-3.0,2025-01-21 17:57:26,2,1,Verano
106335,OMEPRAZOL 20MG CAP CJAX100UND,PERUFARMA GENERICO,0.0,20.0,3.0,2025-01-21 18:01:34,2,1,Verano
106335,OMEPRAZOL 20MG CAP CJAX100UND,PERUFARMA GENERICO,1.0,0.0,15.0,2025-01-21 18:23:25,4,1,Verano
106335,OMEPRAZOL 20MG CAP CJAX100UND,PERUFARMA GENERICO,0.0,20.0,3.0,2025-01-21 19:26:01,5,1,Verano
106335,OMEPRAZOL 20MG CAP CJAX100UND,PERUFARMA GENERICO,0.0,20.0,3.0,2025-01-21 19:45:51,15,1,Verano
106335,OMEPRAZOL 20MG CAP CJAX100UND,PERUFARMA GENERICO,0.0,10.0,1.5,2025-01-21 20:09:45,7,1,Verano
106335,OMEPRAZOL 20MG CAP CJAX100UND,PERUFARMA GENERICO,0.0,10.0,1.5,2025-01-21 22:03:44,5,1,Verano
106335,OMEPRAZOL 20MG CAP CJAX100UND,PERUFARMA GENERICO,0.0,10.0,1.5,2025-01-22 13:38:06,12,1,Verano
106335,OMEPRAZOL 20MG CAP CJAX100UND,PERUFARMA GENERICO,0.0,10.0,1.5,2025-01-22 16:21:53,9,1,Verano
106335,OMEPRAZOL 20MG CAP CJAX100UND,PERUFARMA GENERICO,0.0,10.0,1.5,2025-01-22 17:23:42,13,1,Verano
106335,OMEPRAZOL 20MG CAP CJAX100UND,PERUFARMA GENERICO,0.0,10.0,1.5,2025-01-22 19:43:15,2,1,Verano
106335,OMEPRAZOL 20MG CAP CJAX100UND,PERUFARMA GENERICO,0.0,10.0,1.5,2025-01-22 20:32:35,1,1,Verano
106335,OMEPRAZOL 20MG CAP CJAX100UND,PERUFARMA GENERICO,0.0,10.0,1.5,2025-01-22 21:02:43,8,1,Verano
106335,OMEPRAZOL 20MG CAP CJAX100UND,PERUFARMA GENERICO,0.0,20.0,3.0,2025-01-22 22:06:11,5,1,Verano
106335,OMEPRAZOL 20MG CAP CJAX100UND,PERUFARMA GENERICO,0.0,30.0,4.5,2025-01-23 10:24:22,5,1,Verano
106335,OMEPRAZOL 20MG CAP CJAX100UND,PERUFARMA GENERICO,0.0,10.0,1.5,2025-01-23 12:58:41,1,1,Verano
106335,OMEPRAZOL 20MG CAP CJAX100UND,PERUFARMA GENERICO,0.0,10.0,1.5,2025-01-23 13:25:43,6,1,Verano
106335,OMEPRAZOL 20MG CAP CJAX100UND,PERUFARMA GENERICO,0.0,10.0,1.5,2025-01-23 13:37:54,4,1,Verano
106335,OMEPRAZOL 20MG CAP CJAX100UND,PERUFARMA GENERICO,1.0,0.0,15.0,2025-01-23 16:15:47,1,1,Verano
106335,OMEPRAZOL 20MG CAP CJAX100UND,PERUFARMA GENERICO,0.0,10.0,1.5,2025-01-23 20:18:17,8,1,Verano
106335,OMEPRAZOL 20MG CAP CJAX100UND,PERUFARMA GENERICO,0.0,10.0,1.5,2025-01-23 22:09:11,7,1,Verano
106335,OMEPRAZOL 20MG CAP CJAX100UND,PERUFARMA GENERICO,0.0,10.0,1.5,2025-01-24 07:50:17,4,1,Verano
106335,OMEPRAZOL 20MG CAP CJAX100UND,PERUFARMA GENERICO,0.0,20.0,3.0,2025-01-24 08:13:32,4,1,Verano
106335,OMEPRAZOL 20MG CAP CJAX100UND,PERUFARMA GENERICO,0.0,9.0,1.35,2025-01-24 08:17:52,4,1,Verano
106335,OMEPRAZOL 20MG CAP CJAX100UND,PERUFARMA GENERICO,0.0,20.0,3.0,2025-01-24 10:30:23,3,1,Verano
106335,OMEPRAZOL 20MG CAP CJAX100UND,PERUFARMA GENERICO,0.0,10.0,1.5,2025-01-24 12:08:15,14,1,Verano
106335,OMEPRAZOL 20MG CAP CJAX100UND,PERUFARMA GENERICO,0.0,10.0,1.5,2025-01-24 12:30:44,2,1,Verano
106335,OMEPRAZOL 20MG CAP CJAX100UND,PERUFARMA GENERICO,1.0,0.0,15.0,2025-01-24 17:21:12,8,1,Verano
106335,OMEPRAZOL 20MG CAP CJAX100UND,PERUFARMA GENERICO,0.0,10.0,1.5,2025-01-24 18:22:46,10,1,Verano
106335,OMEPRAZOL 20MG CAP CJAX100UND,PERUFARMA GENERICO,0.0,10.0,1.5,2025-01-24 20:04:03,2,1,Verano
106335,OMEPRAZOL 20MG CAP CJAX100UND,PERUFARMA GENERICO,0.0,10.0,1.5,2025-01-24 21:46:14,11,1,Verano
106335,OMEPRAZOL 20MG CAP CJAX100UND,PERUFARMA GENERICO,0.0,10.0,1.5,2025-01-25 13:39:39,15,1,Verano
106335,OMEPRAZOL 20MG CAP CJAX100UND,PERUFARMA GENERICO,0.0,10.0,1.5,2025-01-25 15:43:32,7,1,Verano
106335,OMEPRAZOL 20MG CAP CJAX100UND,PERUFARMA GENERICO,0.0,10.0,1.5,2025-01-25 15:44:13,7,1,Verano
106335,OMEPRAZOL 20MG CAP CJAX100UND,PERUFARMA GENERICO,0.0,30.0,4.5,2025-01-25 16:24:26,11,1,Verano
106335,OMEPRAZOL 20MG CAP CJAX100UND,PERUFARMA GENERICO,0.0,10.0,1.5,2025-01-25 17:50:36,6,1,Verano
106335,OMEPRAZOL 20MG CAP CJAX100UND,PERUFARMA GENERICO,0.0,10.0,1.5,2025-01-25 20:11:33,7,1,Verano
106335,OMEPRAZOL 20MG CAP CJAX100UND,PERUFARMA GENERICO,0.0,10.0,1.5,2025-01-26 11:46:40,6,1,Verano
106335,OMEPRAZOL 20MG CAP CJAX100UND,PERUFARMA GENERICO,0.0,10.0,1.5,2025-01-26 12:02:04,6,1,Verano
106335,OMEPRAZOL 20MG CAP CJAX100UND,PERUFARMA GENERICO,0.0,10.0,1.5,2025-01-26 16:57:37,8,1,Verano
106335,OMEPRAZOL 20MG CAP CJAX100UND,PERUFARMA GENERICO,0.0,10.0,1.5,2025-01-26 20:57:54,15,1,Verano
106335,OMEPRAZOL 20MG CAP CJAX100UND,PERUFARMA GENERICO,0.0,10.0,1.5,2025-01-27 06:54:08,2,1,Verano
106335,OMEPRAZOL 20MG CAP CJAX100UND,PERUFARMA GENERICO,0.0,10.0,1.5,2025-01-27 07:13:17,6,1,Verano
106335,OMEPRAZOL 20MG CAP CJAX100UND,PERUFARMA GENERICO,0.0,10.0,1.5,2025-01-27 07:59:29,9,1,Verano
106335,OMEPRAZOL 20MG CAP CJAX100UND,PERUFARMA GENERICO,0.0,10.0,1.5,2025-01-27 18:15:50,2,1,Verano
106335,OMEPRAZOL 20MG CAP CJAX100UND,PERUFARMA GENERICO,0.0,10.0,1.5,2025-01-27 19:40:57,1,1,Verano
106335,OMEPRAZOL 20MG CAP CJAX100UND,PERUFARMA GENERICO,0.0,10.0,1.5,2025-01-27 19:41:59,9,1,Verano
106335,OMEPRAZOL 20MG CAP CJAX100UND,PERUFARMA GENERICO,0.0,10.0,1.5,2025-01-27 20:00:37,11,1,Verano
106335,OMEPRAZOL 20MG CAP CJAX100UND,PERUFARMA GENERICO,0.0,10.0,1.5,2025-01-27 20:11:45,6,1,Verano
106335,OMEPRAZOL 20MG CAP CJAX100UND,PERUFARMA GENERICO,0.0,10.0,1.5,2025-01-27 21:00:58,11,1,Verano
106335,OMEPRAZOL 20MG CAP CJAX100UND,PERUFARMA GENERICO,0.0,30.0,4.5,2025-01-28 09:43:09,4,1,Verano
106335,OMEPRAZOL 20MG CAP CJAX100UND,PERUFARMA GENERICO,0.0,20.0,3.0,2025-01-28 11:11:23,7,1,Verano
106335,OMEPRAZOL 20MG CAP CJAX100UND,PERUFARMA GENERICO,0.0,10.0,1.5,2025-01-28 11:44:58,13,1,Verano
106335,OMEPRAZOL 20MG CAP CJAX100UND,PERUFARMA GENERICO,0.0,10.0,1.5,2025-01-28 12:36:51,13,1,Verano
106335,OMEPRAZOL 20MG CAP CJAX100UND,PERUFARMA GENERICO,0.0,10.0,1.5,2025-01-28 16:08:15,12,1,Verano
106335,OMEPRAZOL 20MG CAP CJAX100UND,PERUFARMA GENERICO,0.0,50.0,7.5,2025-01-28 17:25:56,1,1,Verano
106335,OMEPRAZOL 20MG CAP CJAX100UND,PERUFARMA GENERICO,0.0,10.0,1.5,2025-01-28 21:18:27,15,1,Verano
106335,OMEPRAZOL 20MG CAP CJAX100UND,PERUFARMA GENERICO,0.0,10.0,1.5,2025-01-28 21:20:40,7,1,Verano
106335,OMEPRAZOL 20MG CAP CJAX100UND,PERUFARMA GENERICO,0.0,10.0,1.5,2025-01-29 08:59:06,6,1,Verano
106335,OMEPRAZOL 20MG CAP CJAX100UND,PERUFARMA GENERICO,0.0,10.0,1.5,2025-01-29 09:04:41,3,1,Verano
106335,OMEPRAZOL 20MG CAP CJAX100UND,PERUFARMA GENERICO,0.0,10.0,1.5,2025-01-29 09:19:26,2,1,Verano
106335,OMEPRAZOL 20MG CAP CJAX100UND,PERUFARMA GENERICO,0.0,10.0,1.5,2025-01-29 10:20:00,13,1,Verano
106335,OMEPRAZOL 20MG CAP CJAX100UND,PERUFARMA GENERICO,0.0,10.0,1.5,2025-01-29 12:35:04,6,1,Verano
106335,OMEPRAZOL 20MG CAP CJAX100UND,PERUFARMA GENERICO,0.0,10.0,1.5,2025-01-29 15:24:06,9,1,Verano
106335,OMEPRAZOL 20MG CAP CJAX100UND,PERUFARMA GENERICO,0.0,30.0,4.5,2025-01-29 17:39:15,1,1,Verano
106335,OMEPRAZOL 20MG CAP CJAX100UND,PERUFARMA GENERICO,0.0,10.0,1.5,2025-01-29 18:12:59,2,1,Verano
106335,OMEPRAZOL 20MG CAP CJAX100UND,PERUFARMA GENERICO,0.0,10.0,1.5,2025-01-29 20:01:18,10,1,Verano
106335,OMEPRAZOL 20MG CAP CJAX100UND,PERUFARMA GENERICO,0.0,10.0,1.5,2025-01-29 20:33:50,4,1,Verano
106335,OMEPRAZOL 20MG CAP CJAX100UND,PERUFARMA GENERICO,0.0,10.0,1.5,2025-01-29 21:25:49,9,1,Verano
106335,OMEPRAZOL 20MG CAP CJAX100UND,PERUFARMA GENERICO,0.0,10.0,1.5,2025-01-30 12:07:04,6,1,Verano
106335,OMEPRAZOL 20MG CAP CJAX100UND,PERUFARMA GENERICO,0.0,10.0,1.5,2025-01-30 18:18:31,9,1,Verano
106335,OMEPRAZOL 20MG CAP CJAX100UND,PERUFARMA GENERICO,0.0,10.0,1.5,2025-01-31 09:48:02,3,1,Verano
106335,OMEPRAZOL 20MG CAP CJAX100UND,PERUFARMA GENERICO,1.0,0.0,15.0,2025-01-31 12:12:06,2,1,Verano
106335,OMEPRAZOL 20MG CAP CJAX100UND,PERUFARMA GENERICO,0.0,30.0,4.5,2025-01-31 13:13:54,4,1,Verano
106335,OMEPRAZOL 20MG CAP CJAX100UND,PERUFARMA GENERICO,0.0,90.0,13.5,2025-01-31 16:03:48,7,1,Verano
106335,OMEPRAZOL 20MG CAP CJAX100UND,PERUFARMA GENERICO,0.0,10.0,1.5,2025-01-31 17:10:28,13,1,Verano
106335,OMEPRAZOL 20MG CAP CJAX100UND,PERUFARMA GENERICO,0.0,10.0,1.5,2025-01-31 20:18:48,9,1,Verano
106335,OMEPRAZOL 20MG CAP CJAX100UND,PERUFARMA GENERICO,0.0,10.0,1.5,2025-02-01 10:28:32,13,2,Verano
106335,OMEPRAZOL 20MG CAP CJAX100UND,PERUFARMA GENERICO,0.0,10.0,1.5,2025-02-01 14:00:14,10,2,Verano
106335,OMEPRAZOL 20MG CAP CJAX100UND,PERUFARMA GENERICO,0.0,15.0,2.25,2025-02-01 18:27:06,12,2,Verano
106335,OMEPRAZOL 20MG CAP CJAX100UND,PERUFARMA GENERICO,0.0,10.0,1.5,2025-02-02 14:45:19,6,2,Verano
106335,OMEPRAZOL 20MG CAP CJAX100UND,PERUFARMA GENERICO,0.0,30.0,4.5,2025-02-02 18:26:44,10,2,Verano
106335,OMEPRAZOL 20MG CAP CJAX100UND,PERUFARMA GENERICO,1.0,0.0,15.0,2025-02-02 18:50:52,9,2,Verano
106335,OMEPRAZOL 20MG CAP CJAX100UND,PERUFARMA GENERICO,0.0,10.0,1.5,2025-02-02 20:42:38,1,2,Verano
106335,OMEPRAZOL 20MG CAP CJAX100UND,PERUFARMA GENERICO,0.0,10.0,1.5,2025-02-02 21:07:52,14,2,Verano
106335,OMEPRAZOL 20MG CAP CJAX100UND,PERUFARMA GENERICO,0.0,10.0,1.5,2025-02-02 21:58:34,13,2,Verano
106335,OMEPRAZOL 20MG CAP CJAX100UND,PERUFARMA GENERICO,0.0,10.0,1.5,2025-02-03 07:17:22,4,2,Verano
106335,OMEPRAZOL 20MG CAP CJAX100UND,PERUFARMA GENERICO,0.0,10.0,1.5,2025-02-03 08:11:15,12,2,Verano
106335,OMEPRAZOL 20MG CAP CJAX100UND,PERUFARMA GENERICO,0.0,10.0,1.5,2025-02-03 09:49:25,9,2,Verano
106335,OMEPRAZOL 20MG CAP CJAX100UND,PERUFARMA GENERICO,0.0,10.0,1.5,2025-02-03 10:10:32,8,2,Verano
106335,OMEPRAZOL 20MG CAP CJAX100UND,PERUFARMA GENERICO,0.0,10.0,1.5,2025-02-03 12:24:40,12,2,Verano
106335,OMEPRAZOL 20MG CAP CJAX100UND,PERUFARMA GENERICO,1.0,0.0,15.0,2025-02-03 17:50:02,1,2,Verano
106335,OMEPRAZOL 20MG CAP CJAX100UND,PERUFARMA GENERICO,0.0,10.0,1.5,2025-02-03 21:23:59,1,2,Verano
106335,OMEPRAZOL 20MG CAP CJAX100UND,PERUFARMA GENERICO,0.0,10.0,1.5,2025-02-03 22:47:11,14,2,Verano
106335,OMEPRAZOL 20MG CAP CJAX100UND,PERUFARMA GENERICO,0.0,40.0,6.0,2025-02-04 15:08:50,2,2,Verano
106335,OMEPRAZOL 20MG CAP CJAX100UND,PERUFARMA GENERICO,0.0,10.0,1.5,2025-02-04 16:09:32,4,2,Verano
106335,OMEPRAZOL 20MG CAP CJAX100UND,PERUFARMA GENERICO,0.0,10.0,1.5,2025-02-04 16:23:42,1,2,Verano
106335,OMEPRAZOL 20MG CAP CJAX100UND,PERUFARMA GENERICO,0.0,10.0,1.5,2025-02-05 09:50:09,9,2,Verano
106335,OMEPRAZOL 20MG CAP CJAX100UND,PERUFARMA GENERICO,0.0,10.0,1.5,2025-02-05 10:49:54,1,2,Verano
106335,OMEPRAZOL 20MG CAP CJAX100UND,PERUFARMA GENERICO,0.0,10.0,1.5,2025-02-05 12:02:18,10,2,Verano
106335,OMEPRAZOL 20MG CAP CJAX100UND,PERUFARMA GENERICO,0.0,10.0,1.5,2025-02-05 12:07:22,2,2,Verano
106335,OMEPRAZOL 20MG CAP CJAX100UND,PERUFARMA GENERICO,0.0,20.0,3.0,2025-02-05 15:02:52,9,2,Verano
106335,OMEPRAZOL 20MG CAP CJAX100UND,PERUFARMA GENERICO,0.0,10.0,1.5,2025-02-05 17:26:11,5,2,Verano
106335,OMEPRAZOL 20MG CAP CJAX100UND,PERUFARMA GENERICO,0.0,50.0,7.5,2025-02-05 18:18:03,10,2,Verano
106335,OMEPRAZOL 20MG CAP CJAX100UND,PERUFARMA GENERICO,0.0,10.0,1.5,2025-02-05 20:29:29,12,2,Verano
106335,OMEPRAZOL 20MG CAP CJAX100UND,PERUFARMA GENERICO,0.0,10.0,1.5,2025-02-05 23:51:22,4,2,Verano
106335,OMEPRAZOL 20MG CAP CJAX100UND,PERUFARMA GENERICO,0.0,10.0,1.5,2025-02-06 08:17:35,2,2,Verano
106335,OMEPRAZOL 20MG CAP CJAX100UND,PERUFARMA GENERICO,0.0,10.0,1.5,2025-02-06 08:22:51,7,2,Verano
106335,OMEPRAZOL 20MG CAP CJAX100UND,PERUFARMA GENERICO,0.0,30.0,4.5,2025-02-06 10:38:02,4,2,Verano
106335,OMEPRAZOL 20MG CAP CJAX100UND,PERUFARMA GENERICO,0.0,20.0,3.0,2025-02-06 10:45:13,1,2,Verano
106335,OMEPRAZOL 20MG CAP CJAX100UND,PERUFARMA GENERICO,0.0,10.0,1.5,2025-02-06 11:05:57,2,2,Verano
106335,OMEPRAZOL 20MG CAP CJAX100UND,PERUFARMA GENERICO,0.0,10.0,1.5,2025-02-06 18:21:43,7,2,Verano
106335,OMEPRAZOL 20MG CAP CJAX100UND,PERUFARMA GENERICO,0.0,10.0,1.5,2025-02-06 19:12:44,13,2,Verano
106335,OMEPRAZOL 20MG CAP CJAX100UND,PERUFARMA GENERICO,0.0,10.0,1.5,2025-02-06 19:56:22,6,2,Verano
106335,OMEPRAZOL 20MG CAP CJAX100UND,PERUFARMA GENERICO,0.0,30.0,4.5,2025-02-07 08:50:57,11,2,Verano
106335,OMEPRAZOL 20MG CAP CJAX100UND,PERUFARMA GENERICO,0.0,50.0,7.5,2025-02-07 09:29:07,10,2,Verano
106335,OMEPRAZOL 20MG CAP CJAX100UND,PERUFARMA GENERICO,0.0,10.0,1.5,2025-02-07 11:24:42,5,2,Verano
106335,OMEPRAZOL 20MG CAP CJAX100UND,PERUFARMA GENERICO,0.0,20.0,3.0,2025-02-07 17:16:57,12,2,Verano
106335,OMEPRAZOL 20MG CAP CJAX100UND,PERUFARMA GENERICO,0.0,20.0,3.0,2025-02-07 18:07:21,2,2,Verano
106335,OMEPRAZOL 20MG CAP CJAX100UND,PERUFARMA GENERICO,0.0,10.0,1.5,2025-02-07 18:24:42,2,2,Verano
106335,OMEPRAZOL 20MG CAP CJAX100UND,PERUFARMA GENERICO,0.0,10.0,1.5,2025-02-07 19:06:31,7,2,Verano
106335,OMEPRAZOL 20MG CAP CJAX100UND,PERUFARMA GENERICO,0.0,10.0,1.5,2025-02-07 22:16:26,4,2,Verano
106335,OMEPRAZOL 20MG CAP CJAX100UND,PERUFARMA GENERICO,0.0,10.0,1.5,2025-02-07 22:37:58,4,2,Verano
106335,OMEPRAZOL 20MG CAP CJAX100UND,PERUFARMA GENERICO,0.0,10.0,1.5,2025-02-08 12:30:09,7,2,Verano
106335,OMEPRAZOL 20MG CAP CJAX100UND,PERUFARMA GENERICO,0.0,20.0,3.0,2025-02-08 17:10:33,11,2,Verano
106335,OMEPRAZOL 20MG CAP CJAX100UND,PERUFARMA GENERICO,0.0,20.0,3.0,2025-02-08 20:19:05,1,2,Verano
106335,OMEPRAZOL 20MG CAP CJAX100UND,PERUFARMA GENERICO,0.0,10.0,1.5,2025-02-08 20:23:38,7,2,Verano
106335,OMEPRAZOL 20MG CAP CJAX100UND,PERUFARMA GENERICO,0.0,20.0,3.0,2025-02-08 20:26:54,9,2,Verano
106335,OMEPRAZOL 20MG CAP CJAX100UND,PERUFARMA GENERICO,0.0,10.0,1.5,2025-02-09 11:50:46,9,2,Verano
106335,OMEPRAZOL 20MG CAP CJAX100UND,PERUFARMA GENERICO,0.0,10.0,1.5,2025-02-10 19:03:47,1,2,Verano
106335,OMEPRAZOL 20MG CAP CJAX100UND,PERUFARMA GENERICO,0.0,20.0,3.0,2025-02-10 19:32:42,7,2,Verano
106335,OMEPRAZOL 20MG CAP CJAX100UND,PERUFARMA GENERICO,0.0,10.0,1.5,2025-02-11 10:39:48,7,2,Verano
106335,OMEPRAZOL 20MG CAP CJAX100UND,PERUFARMA GENERICO,0.0,10.0,1.5,2025-02-11 14:26:14,2,2,Verano
106335,OMEPRAZOL 20MG CAP CJAX100UND,PERUFARMA GENERICO,0.0,10.0,1.5,2025-02-11 16:08:58,5,2,Verano
106335,OMEPRAZOL 20MG CAP CJAX100UND,PERUFARMA GENERICO,0.0,10.0,1.5,2025-02-11 19:55:11,5,2,Verano
106335,OMEPRAZOL 20MG CAP CJAX100UND,PERUFARMA GENERICO,0.0,10.0,1.5,2025-02-11 20:46:28,8,2,Verano
106335,OMEPRAZOL 20MG CAP CJAX100UND,PERUFARMA GENERICO,0.0,10.0,1.5,2025-02-11 20:59:15,7,2,Verano
106335,OMEPRAZOL 20MG CAP CJAX100UND,PERUFARMA GENERICO,0.0,10.0,1.5,2025-02-12 18:21:49,8,2,Verano
106335,OMEPRAZOL 20MG CAP CJAX100UND,PERUFARMA GENERICO,0.0,20.0,3.0,2025-02-12 18:45:35,2,2,Verano
106335,OMEPRAZOL 20MG CAP CJAX100UND,PERUFARMA GENERICO,0.0,20.0,3.0,2025-02-12 19:14:03,7,2,Verano
106335,OMEPRAZOL 20MG CAP CJAX100UND,PERUFARMA GENERICO,0.0,1.0,0.15,2025-02-12 19:33:34,9,2,Verano
106335,OMEPRAZOL 20MG CAP CJAX100UND,PERUFARMA GENERICO,0.0,10.0,1.5,2025-02-12 23:43:20,4,2,Verano
106335,OMEPRAZOL 20MG CAP CJAX100UND,PERUFARMA GENERICO,0.0,10.0,1.5,2025-02-13 08:54:54,4,2,Verano
106335,OMEPRAZOL 20MG CAP CJAX100UND,PERUFARMA GENERICO,0.0,10.0,1.5,2025-02-13 09:50:53,6,2,Verano
106335,OMEPRAZOL 20MG CAP CJAX100UND,PERUFARMA GENERICO,1.0,0.0,15.0,2025-02-13 10:09:59,4,2,Verano
106335,OMEPRAZOL 20MG CAP CJAX100UND,PERUFARMA GENERICO,0.0,-10.0,-1.5,2025-02-13 12:00:00,6,2,Verano
106335,OMEPRAZOL 20MG CAP CJAX100UND,PERUFARMA GENERICO,0.0,10.0,1.5,2025-02-13 18:06:04,9,2,Verano
106335,OMEPRAZOL 20MG CAP CJAX100UND,PERUFARMA GENERICO,0.0,30.0,4.5,2025-02-13 18:13:48,9,2,Verano
106335,OMEPRAZOL 20MG CAP CJAX100UND,PERUFARMA GENERICO,0.0,10.0,1.5,2025-02-14 08:57:47,4,2,Verano
106335,OMEPRAZOL 20MG CAP CJAX100UND,PERUFARMA GENERICO,0.0,100.0,15.0,2025-02-14 11:14:59,10,2,Verano
106335,OMEPRAZOL 20MG CAP CJAX100UND,PERUFARMA GENERICO,0.0,10.0,1.5,2025-02-14 11:24:45,10,2,Verano
106335,OMEPRAZOL 20MG CAP CJAX100UND,PERUFARMA GENERICO,0.0,20.0,3.0,2025-02-14 12:33:58,2,2,Verano
106335,OMEPRAZOL 20MG CAP CJAX100UND,PERUFARMA GENERICO,0.0,10.0,1.5,2025-02-14 12:35:19,1,2,Verano
106335,OMEPRAZOL 20MG CAP CJAX100UND,PERUFARMA GENERICO,0.0,10.0,1.5,2025-02-14 17:12:42,5,2,Verano
106335,OMEPRAZOL 20MG CAP CJAX100UND,PERUFARMA GENERICO,0.0,10.0,1.5,2025-02-14 17:37:56,9,2,Verano
106335,OMEPRAZOL 20MG CAP CJAX100UND,PERUFARMA GENERICO,0.0,10.0,1.5,2025-02-14 18:14:51,3,2,Verano
106335,OMEPRAZOL 20MG CAP CJAX100UND,PERUFARMA GENERICO,0.0,20.0,3.0,2025-02-15 09:22:27,2,2,Verano
106335,OMEPRAZOL 20MG CAP CJAX100UND,PERUFARMA GENERICO,0.0,10.0,1.5,2025-02-15 11:01:00,9,2,Verano
106335,OMEPRAZOL 20MG CAP CJAX100UND,PERUFARMA GENERICO,0.0,20.0,3.0,2025-02-15 12:58:09,2,2,Verano
106335,OMEPRAZOL 20MG CAP CJAX100UND,PERUFARMA GENERICO,0.0,20.0,3.0,2025-02-15 14:39:13,1,2,Verano
106335,OMEPRAZOL 20MG CAP CJAX100UND,PERUFARMA GENERICO,0.0,10.0,1.5,2025-02-15 15:47:10,12,2,Verano
106335,OMEPRAZOL 20MG CAP CJAX100UND,PERUFARMA GENERICO,0.0,10.0,1.5,2025-02-15 17:32:58,1,2,Verano
106335,OMEPRAZOL 20MG CAP CJAX100UND,PERUFARMA GENERICO,0.0,20.0,3.0,2025-02-15 17:34:39,13,2,Verano
106335,OMEPRAZOL 20MG CAP CJAX100UND,PERUFARMA GENERICO,0.0,10.0,1.5,2025-02-15 17:55:26,10,2,Verano
106335,OMEPRAZOL 20MG CAP CJAX100UND,PERUFARMA GENERICO,0.0,10.0,1.5,2025-02-15 18:31:26,12,2,Verano
106335,OMEPRAZOL 20MG CAP CJAX100UND,PERUFARMA GENERICO,0.0,10.0,1.5,2025-02-15 20:46:18,13,2,Verano
106335,OMEPRAZOL 20MG CAP CJAX100UND,PERUFARMA GENERICO,0.0,10.0,1.5,2025-02-15 20:47:12,4,2,Verano
106335,OMEPRAZOL 20MG CAP CJAX100UND,PERUFARMA GENERICO,0.0,20.0,3.0,2025-02-16 08:12:54,13,2,Verano
106335,OMEPRAZOL 20MG CAP CJAX100UND,PERUFARMA GENERICO,0.0,10.0,1.5,2025-02-16 11:14:45,7,2,Verano
106335,OMEPRAZOL 20MG CAP CJAX100UND,PERUFARMA GENERICO,0.0,30.0,4.5,2025-02-16 11:16:04,9,2,Verano
106335,OMEPRAZOL 20MG CAP CJAX100UND,PERUFARMA GENERICO,0.0,10.0,1.5,2025-02-16 17:59:07,12,2,Verano
106335,OMEPRAZOL 20MG CAP CJAX100UND,PERUFARMA GENERICO,0.0,30.0,4.5,2025-02-16 19:47:53,1,2,Verano
106335,OMEPRAZOL 20MG CAP CJAX100UND,PERUFARMA GENERICO,0.0,10.0,1.5,2025-02-17 10:50:06,10,2,Verano
106335,OMEPRAZOL 20MG CAP CJAX100UND,PERUFARMA GENERICO,0.0,10.0,1.5,2025-02-17 13:13:44,4,2,Verano
106335,OMEPRAZOL 20MG CAP CJAX100UND,PERUFARMA GENERICO,0.0,20.0,3.0,2025-02-17 13:50:28,2,2,Verano
106335,OMEPRAZOL 20MG CAP CJAX100UND,PERUFARMA GENERICO,0.0,20.0,3.0,2025-02-17 16:34:54,1,2,Verano
106335,OMEPRAZOL 20MG CAP CJAX100UND,PERUFARMA GENERICO,0.0,10.0,1.5,2025-02-17 19:04:53,1,2,Verano
106335,OMEPRAZOL 20MG CAP CJAX100UND,PERUFARMA GENERICO,0.0,10.0,1.5,2025-02-17 19:07:00,3,2,Verano
106335,OMEPRAZOL 20MG CAP CJAX100UND,PERUFARMA GENERICO,0.0,10.0,1.5,2025-02-17 20:12:56,3,2,Verano
106335,OMEPRAZOL 20MG CAP CJAX100UND,PERUFARMA GENERICO,0.0,10.0,1.5,2025-02-17 22:51:23,10,2,Verano
106335,OMEPRAZOL 20MG CAP CJAX100UND,PERUFARMA GENERICO,0.0,10.0,1.5,2025-02-17 23:07:32,4,2,Verano
106335,OMEPRAZOL 20MG CAP CJAX100UND,PERUFARMA GENERICO,0.0,20.0,3.0,2025-02-18 10:23:17,6,2,Verano
106335,OMEPRAZOL 20MG CAP CJAX100UND,PERUFARMA GENERICO,0.0,10.0,1.5,2025-02-18 10:53:47,2,2,Verano
106335,OMEPRAZOL 20MG CAP CJAX100UND,PERUFARMA GENERICO,0.0,10.0,1.5,2025-02-18 10:58:55,2,2,Verano
106335,OMEPRAZOL 20MG CAP CJAX100UND,PERUFARMA GENERICO,0.0,10.0,1.5,2025-02-18 12:26:43,12,2,Verano
106335,OMEPRAZOL 20MG CAP CJAX100UND,PERUFARMA GENERICO,0.0,10.0,1.5,2025-02-18 13:36:05,1,2,Verano
106335,OMEPRAZOL 20MG CAP CJAX100UND,PERUFARMA GENERICO,0.0,10.0,1.5,2025-02-18 18:32:38,14,2,Verano
106335,OMEPRAZOL 20MG CAP CJAX100UND,PERUFARMA GENERICO,0.0,20.0,3.0,2025-02-18 19:24:30,1,2,Verano
106335,OMEPRAZOL 20MG CAP CJAX100UND,PERUFARMA GENERICO,0.0,20.0,3.0,2025-02-18 20:27:54,3,2,Verano
106335,OMEPRAZOL 20MG CAP CJAX100UND,PERUFARMA GENERICO,0.0,10.0,1.5,2025-02-19 09:34:58,5,2,Verano
106335,OMEPRAZOL 20MG CAP CJAX100UND,PERUFARMA GENERICO,0.0,10.0,1.5,2025-02-19 09:43:29,10,2,Verano
106335,OMEPRAZOL 20MG CAP CJAX100UND,PERUFARMA GENERICO,0.0,10.0,1.5,2025-02-19 11:38:39,12,2,Verano
106335,OMEPRAZOL 20MG CAP CJAX100UND,PERUFARMA GENERICO,0.0,20.0,3.0,2025-02-19 11:52:29,1,2,Verano
106335,OMEPRAZOL 20MG CAP CJAX100UND,PERUFARMA GENERICO,0.0,10.0,1.5,2025-02-19 12:12:34,13,2,Verano
106335,OMEPRAZOL 20MG CAP CJAX100UND,PERUFARMA GENERICO,0.0,10.0,1.5,2025-02-19 18:28:55,9,2,Verano
106335,OMEPRAZOL 20MG CAP CJAX100UND,PERUFARMA GENERICO,0.0,10.0,1.5,2025-02-20 14:51:52,10,2,Verano
106335,OMEPRAZOL 20MG CAP CJAX100UND,PERUFARMA GENERICO,0.0,-10.0,-1.5,2025-02-20 15:15:15,10,2,Verano
106335,OMEPRAZOL 20MG CAP CJAX100UND,PERUFARMA GENERICO,0.0,10.0,1.5,2025-02-20 15:16:59,10,2,Verano
106335,OMEPRAZOL 20MG CAP CJAX100UND,PERUFARMA GENERICO,0.0,10.0,1.5,2025-02-20 22:25:20,13,2,Verano
106335,OMEPRAZOL 20MG CAP CJAX100UND,PERUFARMA GENERICO,0.0,10.0,1.5,2025-02-21 11:24:36,3,2,Verano
106335,OMEPRAZOL 20MG CAP CJAX100UND,PERUFARMA GENERICO,0.0,10.0,1.5,2025-02-21 12:18:10,2,2,Verano
106335,OMEPRAZOL 20MG CAP CJAX100UND,PERUFARMA GENERICO,0.0,10.0,1.5,2025-02-21 16:42:59,10,2,Verano
106335,OMEPRAZOL 20MG CAP CJAX100UND,PERUFARMA GENERICO,0.0,10.0,1.5,2025-02-21 18:18:12,8,2,Verano
106335,OMEPRAZOL 20MG CAP CJAX100UND,PERUFARMA GENERICO,0.0,20.0,3.0,2025-02-21 18:53:48,5,2,Verano
106335,OMEPRAZOL 20MG CAP CJAX100UND,PERUFARMA GENERICO,0.0,2.0,0.3,2025-02-21 20:22:53,3,2,Verano
106335,OMEPRAZOL 20MG CAP CJAX100UND,PERUFARMA GENERICO,0.0,10.0,1.5,2025-02-21 21:01:42,4,2,Verano
106335,OMEPRAZOL 20MG CAP CJAX100UND,PERUFARMA GENERICO,0.0,20.0,3.0,2025-02-22 11:00:59,8,2,Verano
106335,OMEPRAZOL 20MG CAP CJAX100UND,PERUFARMA GENERICO,0.0,10.0,1.5,2025-02-22 14:09:30,1,2,Verano
106335,OMEPRAZOL 20MG CAP CJAX100UND,PERUFARMA GENERICO,0.0,20.0,3.0,2025-02-22 18:30:15,2,2,Verano
106335,OMEPRAZOL 20MG CAP CJAX100UND,PERUFARMA GENERICO,0.0,30.0,4.5,2025-02-22 20:11:01,14,2,Verano
106335,OMEPRAZOL 20MG CAP CJAX100UND,PERUFARMA GENERICO,0.0,10.0,1.5,2025-02-22 21:48:42,12,2,Verano
106335,OMEPRAZOL 20MG CAP CJAX100UND,PERUFARMA GENERICO,0.0,10.0,1.5,2025-02-23 08:56:05,12,2,Verano
106335,OMEPRAZOL 20MG CAP CJAX100UND,PERUFARMA GENERICO,0.0,10.0,1.5,2025-02-23 10:24:58,6,2,Verano
106335,OMEPRAZOL 20MG CAP CJAX100UND,PERUFARMA GENERICO,0.0,5.0,0.75,2025-02-23 14:38:14,9,2,Verano
106335,OMEPRAZOL 20MG CAP CJAX100UND,PERUFARMA GENERICO,0.0,10.0,1.5,2025-02-23 18:38:56,14,2,Verano
106335,OMEPRAZOL 20MG CAP CJAX100UND,PERUFARMA GENERICO,0.0,20.0,3.0,2025-02-23 18:42:30,11,2,Verano
106335,OMEPRAZOL 20MG CAP CJAX100UND,PERUFARMA GENERICO,0.0,10.0,1.5,2025-02-23 19:23:24,10,2,Verano
106335,OMEPRAZOL 20MG CAP CJAX100UND,PERUFARMA GENERICO,0.0,30.0,4.5,2025-02-23 21:12:35,14,2,Verano
106335,OMEPRAZOL 20MG CAP CJAX100UND,PERUFARMA GENERICO,0.0,10.0,1.5,2025-02-23 21:55:19,7,2,Verano
106335,OMEPRAZOL 20MG CAP CJAX100UND,PERUFARMA GENERICO,0.0,10.0,1.5,2025-02-24 08:50:57,4,2,Verano
106335,OMEPRAZOL 20MG CAP CJAX100UND,PERUFARMA GENERICO,0.0,10.0,1.5,2025-02-24 09:22:01,3,2,Verano
106335,OMEPRAZOL 20MG CAP CJAX100UND,PERUFARMA GENERICO,0.0,10.0,1.5,2025-02-24 13:03:15,10,2,Verano
106335,OMEPRAZOL 20MG CAP CJAX100UND,PERUFARMA GENERICO,0.0,10.0,1.5,2025-02-24 23:12:58,4,2,Verano
106335,OMEPRAZOL 20MG CAP CJAX100UND,PERUFARMA GENERICO,0.0,10.0,1.5,2025-02-25 08:34:36,12,2,Verano
106335,OMEPRAZOL 20MG CAP CJAX100UND,PERUFARMA GENERICO,0.0,1.0,0.15,2025-02-25 11:10:51,5,2,Verano
106335,OMEPRAZOL 20MG CAP CJAX100UND,PERUFARMA GENERICO,0.0,10.0,1.5,2025-02-25 19:05:20,9,2,Verano
106335,OMEPRAZOL 20MG CAP CJAX100UND,PERUFARMA GENERICO,0.0,10.0,1.5,2025-02-26 13:29:13,2,2,Verano
106335,OMEPRAZOL 20MG CAP CJAX100UND,PERUFARMA GENERICO,0.0,10.0,1.5,2025-02-26 14:21:52,13,2,Verano
106335,OMEPRAZOL 20MG CAP CJAX100UND,PERUFARMA GENERICO,0.0,10.0,1.5,2025-02-26 15:56:39,9,2,Verano
106335,OMEPRAZOL 20MG CAP CJAX100UND,PERUFARMA GENERICO,0.0,10.0,1.5,2025-02-26 16:37:02,13,2,Verano
106335,OMEPRAZOL 20MG CAP CJAX100UND,PERUFARMA GENERICO,0.0,20.0,3.0,2025-02-26 17:28:54,5,2,Verano
106335,OMEPRAZOL 20MG CAP CJAX100UND,PERUFARMA GENERICO,0.0,10.0,1.5,2025-02-26 18:15:02,10,2,Verano
106335,OMEPRAZOL 20MG CAP CJAX100UND,PERUFARMA GENERICO,1.0,0.0,15.0,2025-02-26 18:28:59,14,2,Verano
106335,OMEPRAZOL 20MG CAP CJAX100UND,PERUFARMA GENERICO,0.0,10.0,1.5,2025-02-27 08:15:43,8,2,Verano
106335,OMEPRAZOL 20MG CAP CJAX100UND,PERUFARMA GENERICO,0.0,10.0,1.5,2025-02-27 10:32:57,10,2,Verano
106335,OMEPRAZOL 20MG CAP CJAX100UND,PERUFARMA GENERICO,0.0,20.0,3.0,2025-02-27 19:02:55,5,2,Verano
106335,OMEPRAZOL 20MG CAP CJAX100UND,PERUFARMA GENERICO,0.0,10.0,1.5,2025-02-27 20:08:21,3,2,Verano
106335,OMEPRAZOL 20MG CAP CJAX100UND,PERUFARMA GENERICO,0.0,10.0,1.5,2025-02-27 22:02:24,1,2,Verano
106335,OMEPRAZOL 20MG CAP CJAX100UND,PERUFARMA GENERICO,0.0,10.0,1.5,2025-02-28 07:26:59,12,2,Verano
106335,OMEPRAZOL 20MG CAP CJAX100UND,PERUFARMA GENERICO,0.0,10.0,1.5,2025-02-28 11:14:45,5,2,Verano
106335,OMEPRAZOL 20MG CAP CJAX100UND,PERUFARMA GENERICO,0.0,10.0,1.5,2025-02-28 12:38:46,11,2,Verano
106335,OMEPRAZOL 20MG CAP CJAX100UND,PERUFARMA GENERICO,0.0,10.0,1.5,2025-02-28 16:59:59,1,2,Verano
106335,OMEPRAZOL 20MG CAP CJAX100UND,PERUFARMA GENERICO,0.0,4.0,0.6,2025-02-28 18:36:19,3,2,Verano
106335,OMEPRAZOL 20MG CAP CJAX100UND,PERUFARMA GENERICO,0.0,20.0,3.0,2025-02-28 20:42:17,11,2,Verano
106335,OMEPRAZOL 20MG CAP CJAX100UND,PERUFARMA GENERICO,0.0,2.0,0.3,2025-02-28 20:55:53,5,2,Verano
106335,OMEPRAZOL 20MG CAP CJAX100UND,PERUFARMA GENERICO,0.0,20.0,3.0,2025-02-28 21:00:04,1,2,Verano
106335,OMEPRAZOL 20MG CAP CJAX100UND,PERUFARMA GENERICO,0.0,10.0,1.5,2025-02-28 21:47:24,7,2,Verano
106335,OMEPRAZOL 20MG CAP CJAX100UND,PERUFARMA GENERICO,0.0,10.0,1.5,2025-02-28 23:37:43,4,2,Verano
106335,OMEPRAZOL 20MG CAP CJAX100UND,PERUFARMA GENERICO,0.0,30.0,4.5,2025-03-01 08:04:27,7,3,Otoño
106335,OMEPRAZOL 20MG CAP CJAX100UND,PERUFARMA GENERICO,0.0,10.0,1.5,2025-03-01 08:50:52,6,3,Otoño
106335,OMEPRAZOL 20MG CAP CJAX100UND,PERUFARMA GENERICO,0.0,10.0,1.5,2025-03-01 08:55:07,4,3,Otoño
106335,OMEPRAZOL 20MG CAP CJAX100UND,PERUFARMA GENERICO,0.0,10.0,1.5,2025-03-01 11:15:17,1,3,Otoño
106335,OMEPRAZOL 20MG CAP CJAX100UND,PERUFARMA GENERICO,0.0,10.0,1.5,2025-03-01 12:50:58,6,3,Otoño
106335,OMEPRAZOL 20MG CAP CJAX100UND,PERUFARMA GENERICO,0.0,20.0,3.0,2025-03-01 14:14:08,9,3,Otoño
106335,OMEPRAZOL 20MG CAP CJAX100UND,PERUFARMA GENERICO,0.0,3.0,0.45,2025-03-01 16:58:29,5,3,Otoño
106335,OMEPRAZOL 20MG CAP CJAX100UND,PERUFARMA GENERICO,0.0,40.0,6.0,2025-03-01 18:37:25,1,3,Otoño
106335,OMEPRAZOL 20MG CAP CJAX100UND,PERUFARMA GENERICO,0.0,10.0,1.5,2025-03-02 07:36:52,6,3,Otoño
106335,OMEPRAZOL 20MG CAP CJAX100UND,PERUFARMA GENERICO,0.0,10.0,1.5,2025-03-02 12:19:15,12,3,Otoño
106335,OMEPRAZOL 20MG CAP CJAX100UND,PERUFARMA GENERICO,0.0,10.0,1.5,2025-03-02 19:40:45,15,3,Otoño
106335,OMEPRAZOL 20MG CAP CJAX100UND,PERUFARMA GENERICO,0.0,10.0,1.5,2025-03-02 19:45:37,7,3,Otoño
106335,OMEPRAZOL 20MG CAP CJAX100UND,PERUFARMA GENERICO,0.0,20.0,3.0,2025-03-02 21:10:55,6,3,Otoño
106335,OMEPRAZOL 20MG CAP CJAX100UND,PERUFARMA GENERICO,0.0,10.0,1.5,2025-03-03 08:08:52,13,3,Otoño
106335,OMEPRAZOL 20MG CAP CJAX100UND,PERUFARMA GENERICO,0.0,10.0,1.5,2025-03-03 08:49:30,15,3,Otoño
106335,OMEPRAZOL 20MG CAP CJAX100UND,PERUFARMA GENERICO,0.0,10.0,1.5,2025-03-03 11:14:46,6,3,Otoño
106335,OMEPRAZOL 20MG CAP CJAX100UND,PERUFARMA GENERICO,0.0,60.0,9.0,2025-03-03 12:04:38,11,3,Otoño
106335,OMEPRAZOL 20MG CAP CJAX100UND,PERUFARMA GENERICO,0.0,10.0,1.5,2025-03-03 12:48:18,4,3,Otoño
106335,OMEPRAZOL 20MG CAP CJAX100UND,PERUFARMA GENERICO,0.0,10.0,1.5,2025-03-03 19:35:17,12,3,Otoño
106335,OMEPRAZOL 20MG CAP CJAX100UND,PERUFARMA GENERICO,0.0,10.0,1.5,2025-03-03 20:13:19,14,3,Otoño
106335,OMEPRAZOL 20MG CAP CJAX100UND,PERUFARMA GENERICO,0.0,10.0,1.5,2025-03-03 20:35:18,10,3,Otoño
106335,OMEPRAZOL 20MG CAP CJAX100UND,PERUFARMA GENERICO,0.0,-10.0,-1.5,2025-03-03 20:39:19,10,3,Otoño
106335,OMEPRAZOL 20MG CAP CJAX100UND,PERUFARMA GENERICO,0.0,10.0,1.5,2025-03-03 20:42:41,10,3,Otoño
106335,OMEPRAZOL 20MG CAP CJAX100UND,PERUFARMA GENERICO,0.0,10.0,1.5,2025-03-03 21:24:36,2,3,Otoño
106335,OMEPRAZOL 20MG CAP CJAX100UND,PERUFARMA GENERICO,0.0,10.0,1.5,2025-03-03 21:48:53,5,3,Otoño
106335,OMEPRAZOL 20MG CAP CJAX100UND,PERUFARMA GENERICO,0.0,30.0,4.5,2025-03-03 21:57:22,10,3,Otoño
106335,OMEPRAZOL 20MG CAP CJAX100UND,PERUFARMA GENERICO,0.0,30.0,4.5,2025-03-04 20:07:34,14,3,Otoño
106335,OMEPRAZOL 20MG CAP CJAX100UND,PERUFARMA GENERICO,0.0,9.0,1.35,2025-03-04 20:24:21,8,3,Otoño
106335,OMEPRAZOL 20MG CAP CJAX100UND,PERUFARMA GENERICO,0.0,10.0,1.5,2025-03-05 07:21:21,9,3,Otoño
106335,OMEPRAZOL 20MG CAP CJAX100UND,PERUFARMA GENERICO,0.0,10.0,1.5,2025-03-05 11:59:02,5,3,Otoño
106335,OMEPRAZOL 20MG CAP CJAX100UND,PERUFARMA GENERICO,0.0,10.0,1.5,2025-03-05 13:13:54,8,3,Otoño
106335,OMEPRAZOL 20MG CAP CJAX100UND,PERUFARMA GENERICO,0.0,10.0,1.5,2025-03-05 14:09:06,3,3,Otoño
106335,OMEPRAZOL 20MG CAP CJAX100UND,PERUFARMA GENERICO,0.0,5.0,0.75,2025-03-05 16:46:57,2,3,Otoño
106335,OMEPRAZOL 20MG CAP CJAX100UND,PERUFARMA GENERICO,0.0,10.0,1.5,2025-03-05 17:35:30,4,3,Otoño
106335,OMEPRAZOL 20MG CAP CJAX100UND,PERUFARMA GENERICO,0.0,10.0,1.5,2025-03-05 17:45:20,10,3,Otoño
106335,OMEPRAZOL 20MG CAP CJAX100UND,PERUFARMA GENERICO,0.0,20.0,3.0,2025-03-05 18:09:06,10,3,Otoño
106335,OMEPRAZOL 20MG CAP CJAX100UND,PERUFARMA GENERICO,0.0,10.0,1.5,2025-03-05 19:33:28,7,3,Otoño
106335,OMEPRAZOL 20MG CAP CJAX100UND,PERUFARMA GENERICO,0.0,10.0,1.5,2025-03-05 20:31:32,6,3,Otoño
106335,OMEPRAZOL 20MG CAP CJAX100UND,PERUFARMA GENERICO,0.0,10.0,1.5,2025-03-06 08:05:33,9,3,Otoño
106335,OMEPRAZOL 20MG CAP CJAX100UND,PERUFARMA GENERICO,0.0,10.0,1.5,2025-03-06 08:36:52,7,3,Otoño
106335,OMEPRAZOL 20MG CAP CJAX100UND,PERUFARMA GENERICO,0.0,10.0,1.5,2025-03-06 10:34:07,4,3,Otoño
106335,OMEPRAZOL 20MG CAP CJAX100UND,PERUFARMA GENERICO,0.0,10.0,1.5,2025-03-06 20:54:29,2,3,Otoño
106335,OMEPRAZOL 20MG CAP CJAX100UND,PERUFARMA GENERICO,0.0,10.0,1.5,2025-03-07 20:41:51,8,3,Otoño
106335,OMEPRAZOL 20MG CAP CJAX100UND,PERUFARMA GENERICO,0.0,10.0,1.5,2025-03-07 21:02:57,8,3,Otoño
106335,OMEPRAZOL 20MG CAP CJAX100UND,PERUFARMA GENERICO,1.0,0.0,15.0,2025-03-07 21:12:47,2,3,Otoño
106335,OMEPRAZOL 20MG CAP CJAX100UND,PERUFARMA GENERICO,0.0,10.0,1.5,2025-03-07 22:33:49,10,3,Otoño
106335,OMEPRAZOL 20MG CAP CJAX100UND,PERUFARMA GENERICO,0.0,60.0,9.0,2025-03-08 07:51:34,9,3,Otoño
106335,OMEPRAZOL 20MG CAP CJAX100UND,PERUFARMA GENERICO,0.0,10.0,1.5,2025-03-08 12:31:41,10,3,Otoño
106335,OMEPRAZOL 20MG CAP CJAX100UND,PERUFARMA GENERICO,0.0,10.0,1.5,2025-03-08 16:13:34,15,3,Otoño
106335,OMEPRAZOL 20MG CAP CJAX100UND,PERUFARMA GENERICO,0.0,10.0,1.5,2025-03-08 16:29:06,6,3,Otoño
106335,OMEPRAZOL 20MG CAP CJAX100UND,PERUFARMA GENERICO,0.0,10.0,1.5,2025-03-08 19:04:06,10,3,Otoño
106335,OMEPRAZOL 20MG CAP CJAX100UND,PERUFARMA GENERICO,0.0,20.0,3.0,2025-03-09 09:27:21,9,3,Otoño
106335,OMEPRAZOL 20MG CAP CJAX100UND,PERUFARMA GENERICO,0.0,10.0,1.5,2025-03-09 14:02:59,10,3,Otoño
106335,OMEPRAZOL 20MG CAP CJAX100UND,PERUFARMA GENERICO,0.0,10.0,1.5,2025-03-09 16:18:25,1,3,Otoño
106335,OMEPRAZOL 20MG CAP CJAX100UND,PERUFARMA GENERICO,0.0,10.0,1.5,2025-03-09 16:24:25,6,3,Otoño
106335,OMEPRAZOL 20MG CAP CJAX100UND,PERUFARMA GENERICO,0.0,10.0,1.5,2025-03-10 07:57:21,2,3,Otoño
106335,OMEPRAZOL 20MG CAP CJAX100UND,PERUFARMA GENERICO,0.0,20.0,3.0,2025-03-10 09:18:55,4,3,Otoño
106335,OMEPRAZOL 20MG CAP CJAX100UND,PERUFARMA GENERICO,0.0,10.0,1.5,2025-03-10 09:25:23,7,3,Otoño
106335,OMEPRAZOL 20MG CAP CJAX100UND,PERUFARMA GENERICO,0.0,10.0,1.5,2025-03-10 10:16:20,2,3,Otoño
106335,OMEPRAZOL 20MG CAP CJAX100UND,PERUFARMA GENERICO,0.0,10.0,1.5,2025-03-10 13:17:03,1,3,Otoño
106335,OMEPRAZOL 20MG CAP CJAX100UND,PERUFARMA GENERICO,0.0,50.0,7.5,2025-03-10 17:52:43,5,3,Otoño
106335,OMEPRAZOL 20MG CAP CJAX100UND,PERUFARMA GENERICO,0.0,10.0,1.5,2025-03-10 18:44:57,8,3,Otoño
106335,OMEPRAZOL 20MG CAP CJAX100UND,PERUFARMA GENERICO,0.0,10.0,1.5,2025-03-10 18:53:40,12,3,Otoño
106335,OMEPRAZOL 20MG CAP CJAX100UND,PERUFARMA GENERICO,0.0,20.0,3.0,2025-03-10 19:00:12,4,3,Otoño
106335,OMEPRAZOL 20MG CAP CJAX100UND,PERUFARMA GENERICO,0.0,10.0,1.5,2025-03-10 19:01:55,10,3,Otoño
106335,OMEPRAZOL 20MG CAP CJAX100UND,PERUFARMA GENERICO,0.0,40.0,6.0,2025-03-10 19:33:03,1,3,Otoño
106335,OMEPRAZOL 20MG CAP CJAX100UND,PERUFARMA GENERICO,0.0,10.0,1.5,2025-03-11 07:30:35,14,3,Otoño
106335,OMEPRAZOL 20MG CAP CJAX100UND,PERUFARMA GENERICO,0.0,30.0,4.5,2025-03-11 18:01:51,2,3,Otoño
106335,OMEPRAZOL 20MG CAP CJAX100UND,PERUFARMA GENERICO,0.0,20.0,3.0,2025-03-11 18:48:56,10,3,Otoño
106335,OMEPRAZOL 20MG CAP CJAX100UND,PERUFARMA GENERICO,0.0,10.0,1.5,2025-03-11 20:52:31,3,3,Otoño
106335,OMEPRAZOL 20MG CAP CJAX100UND,PERUFARMA GENERICO,0.0,10.0,1.5,2025-03-11 22:26:10,10,3,Otoño
106335,OMEPRAZOL 20MG CAP CJAX100UND,PERUFARMA GENERICO,0.0,10.0,1.5,2025-03-12 07:54:07,7,3,Otoño
106335,OMEPRAZOL 20MG CAP CJAX100UND,PERUFARMA GENERICO,0.0,10.0,1.5,2025-03-12 10:50:57,1,3,Otoño
106335,OMEPRAZOL 20MG CAP CJAX100UND,PERUFARMA GENERICO,0.0,30.0,4.5,2025-03-12 13:35:09,5,3,Otoño
106335,OMEPRAZOL 20MG CAP CJAX100UND,PERUFARMA GENERICO,0.0,10.0,1.5,2025-03-12 14:24:15,8,3,Otoño
106335,OMEPRAZOL 20MG CAP CJAX100UND,PERUFARMA GENERICO,0.0,10.0,1.5,2025-03-12 19:00:05,6,3,Otoño
106335,OMEPRAZOL 20MG CAP CJAX100UND,PERUFARMA GENERICO,0.0,10.0,1.5,2025-03-12 21:36:43,12,3,Otoño
106335,OMEPRAZOL 20MG CAP CJAX100UND,PERUFARMA GENERICO,0.0,10.0,1.5,2025-03-13 09:14:53,8,3,Otoño
106335,OMEPRAZOL 20MG CAP CJAX100UND,PERUFARMA GENERICO,0.0,10.0,1.5,2025-03-13 11:25:09,9,3,Otoño
106335,OMEPRAZOL 20MG CAP CJAX100UND,PERUFARMA GENERICO,1.0,0.0,15.0,2025-03-13 11:57:46,1,3,Otoño
106335,OMEPRAZOL 20MG CAP CJAX100UND,PERUFARMA GENERICO,0.0,10.0,1.5,2025-03-13 12:47:42,6,3,Otoño
106335,OMEPRAZOL 20MG CAP CJAX100UND,PERUFARMA GENERICO,0.0,10.0,1.5,2025-03-13 13:17:50,5,3,Otoño
106335,OMEPRAZOL 20MG CAP CJAX100UND,PERUFARMA GENERICO,0.0,10.0,1.5,2025-03-13 13:51:56,12,3,Otoño
106335,OMEPRAZOL 20MG CAP CJAX100UND,PERUFARMA GENERICO,0.0,10.0,1.5,2025-03-13 17:58:43,15,3,Otoño
106335,OMEPRAZOL 20MG CAP CJAX100UND,PERUFARMA GENERICO,0.0,10.0,1.5,2025-03-13 18:39:09,5,3,Otoño
106335,OMEPRAZOL 20MG CAP CJAX100UND,PERUFARMA GENERICO,0.0,20.0,3.0,2025-03-13 20:39:18,6,3,Otoño
106335,OMEPRAZOL 20MG CAP CJAX100UND,PERUFARMA GENERICO,0.0,10.0,1.5,2025-03-14 07:22:07,7,3,Otoño
106335,OMEPRAZOL 20MG CAP CJAX100UND,PERUFARMA GENERICO,0.0,10.0,1.5,2025-03-14 15:07:02,9,3,Otoño
106335,OMEPRAZOL 20MG CAP CJAX100UND,PERUFARMA GENERICO,0.0,10.0,1.5,2025-03-14 17:01:54,10,3,Otoño
106335,OMEPRAZOL 20MG CAP CJAX100UND,PERUFARMA GENERICO,0.0,10.0,1.5,2025-03-14 17:53:07,3,3,Otoño
106335,OMEPRAZOL 20MG CAP CJAX100UND,PERUFARMA GENERICO,0.0,10.0,1.5,2025-03-14 20:21:45,5,3,Otoño
106335,OMEPRAZOL 20MG CAP CJAX100UND,PERUFARMA GENERICO,0.0,50.0,7.5,2025-03-15 09:23:44,10,3,Otoño
106335,OMEPRAZOL 20MG CAP CJAX100UND,PERUFARMA GENERICO,0.0,10.0,1.5,2025-03-15 09:27:46,4,3,Otoño
106335,OMEPRAZOL 20MG CAP CJAX100UND,PERUFARMA GENERICO,0.0,10.0,1.5,2025-03-15 10:23:22,7,3,Otoño
106335,OMEPRAZOL 20MG CAP CJAX100UND,PERUFARMA GENERICO,0.0,10.0,1.5,2025-03-15 10:41:52,7,3,Otoño
106335,OMEPRAZOL 20MG CAP CJAX100UND,PERUFARMA GENERICO,0.0,10.0,1.5,2025-03-15 11:10:29,12,3,Otoño
106335,OMEPRAZOL 20MG CAP CJAX100UND,PERUFARMA GENERICO,0.0,20.0,3.0,2025-03-15 15:19:04,5,3,Otoño
106335,OMEPRAZOL 20MG CAP CJAX100UND,PERUFARMA GENERICO,0.0,10.0,1.5,2025-03-16 19:57:38,11,3,Otoño
106335,OMEPRAZOL 20MG CAP CJAX100UND,PERUFARMA GENERICO,0.0,20.0,3.0,2025-03-16 20:50:10,3,3,Otoño
106335,OMEPRAZOL 20MG CAP CJAX100UND,PERUFARMA GENERICO,0.0,20.0,3.0,2025-03-17 07:53:38,12,3,Otoño
106335,OMEPRAZOL 20MG CAP CJAX100UND,PERUFARMA GENERICO,0.0,30.0,4.5,2025-03-17 09:32:32,6,3,Otoño
106335,OMEPRAZOL 20MG CAP CJAX100UND,PERUFARMA GENERICO,0.0,10.0,1.5,2025-03-17 10:05:26,5,3,Otoño
106335,OMEPRAZOL 20MG CAP CJAX100UND,PERUFARMA GENERICO,0.0,10.0,1.5,2025-03-17 11:26:06,8,3,Otoño
106335,OMEPRAZOL 20MG CAP CJAX100UND,PERUFARMA GENERICO,0.0,10.0,1.5,2025-03-17 13:26:56,2,3,Otoño
106335,OMEPRAZOL 20MG CAP CJAX100UND,PERUFARMA GENERICO,0.0,20.0,3.0,2025-03-17 14:01:54,7,3,Otoño
106335,OMEPRAZOL 20MG CAP CJAX100UND,PERUFARMA GENERICO,0.0,5.0,0.75,2025-03-17 15:25:43,10,3,Otoño
106335,OMEPRAZOL 20MG CAP CJAX100UND,PERUFARMA GENERICO,0.0,5.0,0.75,2025-03-17 15:33:25,10,3,Otoño
106335,OMEPRAZOL 20MG CAP CJAX100UND,PERUFARMA GENERICO,0.0,-5.0,-0.75,2025-03-17 15:41:19,10,3,Otoño
106335,OMEPRAZOL 20MG CAP CJAX100UND,PERUFARMA GENERICO,0.0,30.0,4.5,2025-03-17 17:42:40,12,3,Otoño
106335,OMEPRAZOL 20MG CAP CJAX100UND,PERUFARMA GENERICO,0.0,10.0,1.5,2025-03-17 17:43:57,2,3,Otoño
106335,OMEPRAZOL 20MG CAP CJAX100UND,PERUFARMA GENERICO,0.0,10.0,1.5,2025-03-17 17:48:53,12,3,Otoño
106335,OMEPRAZOL 20MG CAP CJAX100UND,PERUFARMA GENERICO,1.0,0.0,15.0,2025-03-17 19:09:52,2,3,Otoño
106335,OMEPRAZOL 20MG CAP CJAX100UND,PERUFARMA GENERICO,0.0,10.0,1.5,2025-03-17 20:17:17,7,3,Otoño
106335,OMEPRAZOL 20MG CAP CJAX100UND,PERUFARMA GENERICO,0.0,10.0,1.5,2025-03-17 21:07:27,3,3,Otoño
106335,OMEPRAZOL 20MG CAP CJAX100UND,PERUFARMA GENERICO,0.0,20.0,3.0,2025-03-18 17:36:54,7,3,Otoño
106335,OMEPRAZOL 20MG CAP CJAX100UND,PERUFARMA GENERICO,0.0,10.0,1.5,2025-03-18 21:00:17,15,3,Otoño
106335,OMEPRAZOL 20MG CAP CJAX100UND,PERUFARMA GENERICO,0.0,10.0,1.5,2025-03-19 17:34:10,6,3,Otoño
106335,OMEPRAZOL 20MG CAP CJAX100UND,PERUFARMA GENERICO,0.0,10.0,1.5,2025-03-19 17:35:16,7,3,Otoño
106335,OMEPRAZOL 20MG CAP CJAX100UND,PERUFARMA GENERICO,0.0,10.0,1.5,2025-03-19 19:20:11,10,3,Otoño
106335,OMEPRAZOL 20MG CAP CJAX100UND,PERUFARMA GENERICO,0.0,10.0,1.5,2025-03-19 21:40:32,14,3,Otoño
106335,OMEPRAZOL 20MG CAP CJAX100UND,PERUFARMA GENERICO,0.0,10.0,1.5,2025-03-20 08:39:23,6,3,Otoño
106335,OMEPRAZOL 20MG CAP CJAX100UND,PERUFARMA GENERICO,0.0,10.0,1.5,2025-03-20 08:49:52,13,3,Otoño
106335,OMEPRAZOL 20MG CAP CJAX100UND,PERUFARMA GENERICO,0.0,10.0,1.5,2025-03-20 08:53:40,6,3,Otoño
106335,OMEPRAZOL 20MG CAP CJAX100UND,PERUFARMA GENERICO,0.0,10.0,1.5,2025-03-20 10:35:53,6,3,Otoño
106335,OMEPRAZOL 20MG CAP CJAX100UND,PERUFARMA GENERICO,0.0,10.0,1.5,2025-03-20 16:54:39,5,3,Otoño
106335,OMEPRAZOL 20MG CAP CJAX100UND,PERUFARMA GENERICO,0.0,10.0,1.5,2025-03-20 16:59:33,10,3,Otoño
106335,OMEPRAZOL 20MG CAP CJAX100UND,PERUFARMA GENERICO,0.0,20.0,3.0,2025-03-20 18:29:13,1,3,Otoño
106335,OMEPRAZOL 20MG CAP CJAX100UND,PERUFARMA GENERICO,0.0,20.0,3.0,2025-03-20 20:52:09,9,3,Otoño
106335,OMEPRAZOL 20MG CAP CJAX100UND,PERUFARMA GENERICO,0.0,10.0,1.5,2025-03-20 20:53:50,2,3,Otoño
106335,OMEPRAZOL 20MG CAP CJAX100UND,PERUFARMA GENERICO,0.0,10.0,1.5,2025-03-20 21:14:42,7,3,Otoño
106335,OMEPRAZOL 20MG CAP CJAX100UND,PERUFARMA GENERICO,0.0,10.0,1.5,2025-03-20 21:24:01,6,3,Otoño
106335,OMEPRAZOL 20MG CAP CJAX100UND,PERUFARMA GENERICO,0.0,10.0,1.5,2025-03-21 11:37:15,2,3,Otoño
106335,OMEPRAZOL 20MG CAP CJAX100UND,PERUFARMA GENERICO,0.0,40.0,6.0,2025-03-21 17:11:31,2,3,Otoño
106335,OMEPRAZOL 20MG CAP CJAX100UND,PERUFARMA GENERICO,0.0,10.0,1.5,2025-03-21 18:12:02,9,3,Otoño
106335,OMEPRAZOL 20MG CAP CJAX100UND,PERUFARMA GENERICO,0.0,20.0,3.0,2025-03-22 08:18:29,1,3,Otoño
106335,OMEPRAZOL 20MG CAP CJAX100UND,PERUFARMA GENERICO,0.0,10.0,1.5,2025-03-22 08:21:47,5,3,Otoño
106335,OMEPRAZOL 20MG CAP CJAX100UND,PERUFARMA GENERICO,0.0,101.0,15.15,2025-03-22 16:44:02,1,3,Otoño
106335,OMEPRAZOL 20MG CAP CJAX100UND,PERUFARMA GENERICO,0.0,20.0,3.0,2025-03-22 17:06:27,9,3,Otoño
106335,OMEPRAZOL 20MG CAP CJAX100UND,PERUFARMA GENERICO,0.0,10.0,1.5,2025-03-22 21:39:21,6,3,Otoño
106335,OMEPRAZOL 20MG CAP CJAX100UND,PERUFARMA GENERICO,0.0,10.0,1.5,2025-03-23 11:07:42,6,3,Otoño
106335,OMEPRAZOL 20MG CAP CJAX100UND,PERUFARMA GENERICO,0.0,10.0,1.5,2025-03-23 11:12:00,10,3,Otoño
106335,OMEPRAZOL 20MG CAP CJAX100UND,PERUFARMA GENERICO,1.0,0.0,15.0,2025-03-23 16:40:14,5,3,Otoño
106335,OMEPRAZOL 20MG CAP CJAX100UND,PERUFARMA GENERICO,0.0,10.0,1.5,2025-03-23 19:22:18,3,3,Otoño
106335,OMEPRAZOL 20MG CAP CJAX100UND,PERUFARMA GENERICO,0.0,10.0,1.5,2025-03-23 19:58:04,12,3,Otoño
106335,OMEPRAZOL 20MG CAP CJAX100UND,PERUFARMA GENERICO,0.0,20.0,3.0,2025-03-24 16:55:33,2,3,Otoño
106335,OMEPRAZOL 20MG CAP CJAX100UND,PERUFARMA GENERICO,0.0,10.0,1.5,2025-03-24 19:42:24,6,3,Otoño
106335,OMEPRAZOL 20MG CAP CJAX100UND,PERUFARMA GENERICO,0.0,10.0,1.5,2025-03-24 20:14:52,5,3,Otoño
106335,OMEPRAZOL 20MG CAP CJAX100UND,PERUFARMA GENERICO,0.0,10.0,1.5,2025-03-24 21:04:01,14,3,Otoño
106335,OMEPRAZOL 20MG CAP CJAX100UND,PERUFARMA GENERICO,0.0,10.0,1.5,2025-03-24 21:55:07,14,3,Otoño
106335,OMEPRAZOL 20MG CAP CJAX100UND,PERUFARMA GENERICO,0.0,15.0,2.25,2025-03-25 14:58:47,5,3,Otoño
106335,OMEPRAZOL 20MG CAP CJAX100UND,PERUFARMA GENERICO,0.0,10.0,1.5,2025-03-25 16:18:21,2,3,Otoño
106335,OMEPRAZOL 20MG CAP CJAX100UND,PERUFARMA GENERICO,0.0,30.0,4.5,2025-03-25 18:49:06,9,3,Otoño
106335,OMEPRAZOL 20MG CAP CJAX100UND,PERUFARMA GENERICO,0.0,10.0,1.5,2025-03-25 19:53:58,9,3,Otoño
106335,OMEPRAZOL 20MG CAP CJAX100UND,PERUFARMA GENERICO,0.0,10.0,1.5,2025-03-26 07:34:17,6,3,Otoño
106335,OMEPRAZOL 20MG CAP CJAX100UND,PERUFARMA GENERICO,0.0,30.0,4.5,2025-03-26 08:36:09,6,3,Otoño
106335,OMEPRAZOL 20MG CAP CJAX100UND,PERUFARMA GENERICO,0.0,2.0,0.3,2025-03-26 10:24:16,3,3,Otoño
106335,OMEPRAZOL 20MG CAP CJAX100UND,PERUFARMA GENERICO,0.0,10.0,1.5,2025-03-26 11:59:27,9,3,Otoño
106335,OMEPRAZOL 20MG CAP CJAX100UND,PERUFARMA GENERICO,0.0,10.0,1.5,2025-03-26 17:37:07,6,3,Otoño
106335,OMEPRAZOL 20MG CAP CJAX100UND,PERUFARMA GENERICO,0.0,10.0,1.5,2025-03-26 19:46:40,2,3,Otoño
106335,OMEPRAZOL 20MG CAP CJAX100UND,PERUFARMA GENERICO,0.0,40.0,6.0,2025-03-26 20:11:22,15,3,Otoño
106335,OMEPRAZOL 20MG CAP CJAX100UND,PERUFARMA GENERICO,0.0,10.0,1.5,2025-03-26 20:30:16,2,3,Otoño
106335,OMEPRAZOL 20MG CAP CJAX100UND,PERUFARMA GENERICO,0.0,10.0,1.5,2025-03-27 09:09:44,13,3,Otoño
106335,OMEPRAZOL 20MG CAP CJAX100UND,PERUFARMA GENERICO,0.0,16.0,2.4,2025-03-27 12:02:08,1,3,Otoño
106335,OMEPRAZOL 20MG CAP CJAX100UND,PERUFARMA GENERICO,0.0,5.0,0.75,2025-03-27 13:32:46,15,3,Otoño
106335,OMEPRAZOL 20MG CAP CJAX100UND,PERUFARMA GENERICO,0.0,2.0,0.3,2025-03-27 13:49:09,3,3,Otoño
106335,OMEPRAZOL 20MG CAP CJAX100UND,PERUFARMA GENERICO,0.0,10.0,1.5,2025-03-27 16:41:52,10,3,Otoño
106335,OMEPRAZOL 20MG CAP CJAX100UND,PERUFARMA GENERICO,0.0,10.0,1.5,2025-03-27 17:04:38,1,3,Otoño
106335,OMEPRAZOL 20MG CAP CJAX100UND,PERUFARMA GENERICO,0.0,10.0,1.5,2025-03-27 18:57:40,2,3,Otoño
106335,OMEPRAZOL 20MG CAP CJAX100UND,PERUFARMA GENERICO,0.0,10.0,1.4,2025-03-27 20:15:55,7,3,Otoño
106335,OMEPRAZOL 20MG CAP CJAX100UND,PERUFARMA GENERICO,0.0,10.0,1.5,2025-03-27 21:19:41,12,3,Otoño
106335,OMEPRAZOL 20MG CAP CJAX100UND,PERUFARMA GENERICO,0.0,10.0,1.5,2025-03-28 11:10:28,4,3,Otoño
106335,OMEPRAZOL 20MG CAP CJAX100UND,PERUFARMA GENERICO,0.0,10.0,1.5,2025-03-28 11:32:23,1,3,Otoño
106335,OMEPRAZOL 20MG CAP CJAX100UND,PERUFARMA GENERICO,0.0,10.0,1.5,2025-03-28 13:19:42,11,3,Otoño
106335,OMEPRAZOL 20MG CAP CJAX100UND,PERUFARMA GENERICO,0.0,20.0,3.0,2025-03-28 13:35:53,4,3,Otoño
106335,OMEPRAZOL 20MG CAP CJAX100UND,PERUFARMA GENERICO,0.0,20.0,3.0,2025-03-28 17:33:05,15,3,Otoño
106335,OMEPRAZOL 20MG CAP CJAX100UND,PERUFARMA GENERICO,0.0,10.0,1.5,2025-03-28 20:12:23,2,3,Otoño
106335,OMEPRAZOL 20MG CAP CJAX100UND,PERUFARMA GENERICO,0.0,10.0,1.5,2025-03-28 20:24:13,9,3,Otoño
106335,OMEPRAZOL 20MG CAP CJAX100UND,PERUFARMA GENERICO,0.0,10.0,1.5,2025-03-29 07:15:26,9,3,Otoño
106335,OMEPRAZOL 20MG CAP CJAX100UND,PERUFARMA GENERICO,0.0,40.0,6.0,2025-03-29 10:37:58,4,3,Otoño
106335,OMEPRAZOL 20MG CAP CJAX100UND,PERUFARMA GENERICO,0.0,10.0,1.5,2025-03-29 10:55:53,1,3,Otoño
106335,OMEPRAZOL 20MG CAP CJAX100UND,PERUFARMA GENERICO,0.0,20.0,3.0,2025-03-29 17:32:20,5,3,Otoño
106335,OMEPRAZOL 20MG CAP CJAX100UND,PERUFARMA GENERICO,0.0,10.0,1.5,2025-03-29 19:17:56,6,3,Otoño
106335,OMEPRAZOL 20MG CAP CJAX100UND,PERUFARMA GENERICO,0.0,10.0,1.5,2025-03-30 09:56:09,6,3,Otoño
106335,OMEPRAZOL 20MG CAP CJAX100UND,PERUFARMA GENERICO,0.0,10.0,1.5,2025-03-30 13:49:37,7,3,Otoño
106335,OMEPRAZOL 20MG CAP CJAX100UND,PERUFARMA GENERICO,0.0,20.0,3.0,2025-03-30 16:06:50,2,3,Otoño
106335,OMEPRAZOL 20MG CAP CJAX100UND,PERUFARMA GENERICO,0.0,10.0,1.5,2025-03-30 17:10:22,2,3,Otoño
106335,OMEPRAZOL 20MG CAP CJAX100UND,PERUFARMA GENERICO,0.0,10.0,1.5,2025-03-30 19:03:57,15,3,Otoño
106335,OMEPRAZOL 20MG CAP CJAX100UND,PERUFARMA GENERICO,0.0,10.0,1.5,2025-03-30 19:54:33,13,3,Otoño
106335,OMEPRAZOL 20MG CAP CJAX100UND,PERUFARMA GENERICO,0.0,10.0,1.5,2025-03-31 12:11:21,4,3,Otoño
106335,OMEPRAZOL 20MG CAP CJAX100UND,PERUFARMA GENERICO,0.0,50.0,7.5,2025-03-31 17:57:52,15,3,Otoño
106335,OMEPRAZOL 20MG CAP CJAX100UND,PERUFARMA GENERICO,0.0,20.0,3.0,2025-03-31 19:29:54,5,3,Otoño
106335,OMEPRAZOL 20MG CAP CJAX100UND,PERUFARMA GENERICO,0.0,10.0,1.5,2025-03-31 19:36:04,1,3,Otoño
106335,OMEPRAZOL 20MG CAP CJAX100UND,PERUFARMA GENERICO,0.0,20.0,3.0,2025-03-31 20:30:30,10,3,Otoño
106335,OMEPRAZOL 20MG CAP CJAX100UND,PERUFARMA GENERICO,0.0,10.0,1.5,2025-03-31 20:30:42,7,3,Otoño
106335,OMEPRAZOL 20MG CAP CJAX100UND,PERUFARMA GENERICO,0.0,10.0,1.5,2025-03-31 20:32:53,8,3,Otoño
106335,OMEPRAZOL 20MG CAP CJAX100UND,PERUFARMA GENERICO,0.0,10.0,1.5,2025-03-31 20:46:17,1,3,Otoño
106335,OMEPRAZOL 20MG CAP CJAX100UND,PERUFARMA GENERICO,0.0,10.0,1.5,2025-03-31 21:06:32,8,3,Otoño
106335,OMEPRAZOL 20MG CAP CJAX100UND,PERUFARMA GENERICO,0.0,10.0,1.5,2025-03-31 22:11:02,5,3,Otoño
106335,OMEPRAZOL 20MG CAP CJAX100UND,PERUFARMA GENERICO,0.0,10.0,1.5,2025-04-01 09:18:46,9,4,Otoño
106335,OMEPRAZOL 20MG CAP CJAX100UND,PERUFARMA GENERICO,0.0,10.0,1.5,2025-04-01 09:58:03,10,4,Otoño
106335,OMEPRAZOL 20MG CAP CJAX100UND,PERUFARMA GENERICO,0.0,10.0,1.5,2025-04-01 12:40:57,12,4,Otoño
106335,OMEPRAZOL 20MG CAP CJAX100UND,PERUFARMA GENERICO,0.0,10.0,1.5,2025-04-01 13:50:44,8,4,Otoño
106335,OMEPRAZOL 20MG CAP CJAX100UND,PERUFARMA GENERICO,0.0,10.0,1.5,2025-04-01 18:11:35,8,4,Otoño
106335,OMEPRAZOL 20MG CAP CJAX100UND,PERUFARMA GENERICO,0.0,40.0,6.0,2025-04-01 19:06:38,12,4,Otoño
106335,OMEPRAZOL 20MG CAP CJAX100UND,PERUFARMA GENERICO,0.0,10.0,1.5,2025-04-01 19:12:49,15,4,Otoño
106335,OMEPRAZOL 20MG CAP CJAX100UND,PERUFARMA GENERICO,0.0,20.0,3.0,2025-04-01 19:45:01,1,4,Otoño
106335,OMEPRAZOL 20MG CAP CJAX100UND,PERUFARMA GENERICO,0.0,20.0,3.0,2025-04-01 19:58:05,1,4,Otoño
106335,OMEPRAZOL 20MG CAP CJAX100UND,PERUFARMA GENERICO,0.0,10.0,1.5,2025-04-01 21:04:26,6,4,Otoño
106335,OMEPRAZOL 20MG CAP CJAX100UND,PERUFARMA GENERICO,0.0,10.0,1.5,2025-04-01 22:49:52,7,4,Otoño
106335,OMEPRAZOL 20MG CAP CJAX100UND,PERUFARMA GENERICO,0.0,20.0,3.0,2025-04-02 10:21:53,9,4,Otoño
106335,OMEPRAZOL 20MG CAP CJAX100UND,PERUFARMA GENERICO,0.0,10.0,1.5,2025-04-02 19:08:07,1,4,Otoño
106335,OMEPRAZOL 20MG CAP CJAX100UND,PERUFARMA GENERICO,0.0,10.0,1.5,2025-04-02 19:12:02,2,4,Otoño
106335,OMEPRAZOL 20MG CAP CJAX100UND,PERUFARMA GENERICO,0.0,10.0,1.5,2025-04-03 07:18:22,1,4,Otoño
106335,OMEPRAZOL 20MG CAP CJAX100UND,PERUFARMA GENERICO,0.0,10.0,1.5,2025-04-03 10:53:11,8,4,Otoño
106335,OMEPRAZOL 20MG CAP CJAX100UND,PERUFARMA GENERICO,0.0,20.0,3.0,2025-04-03 11:44:39,5,4,Otoño
106335,OMEPRAZOL 20MG CAP CJAX100UND,PERUFARMA GENERICO,0.0,30.0,4.5,2025-04-03 14:38:00,12,4,Otoño
106335,OMEPRAZOL 20MG CAP CJAX100UND,PERUFARMA GENERICO,0.0,10.0,1.5,2025-04-03 15:06:06,9,4,Otoño
106335,OMEPRAZOL 20MG CAP CJAX100UND,PERUFARMA GENERICO,0.0,5.0,0.75,2025-04-03 18:41:14,5,4,Otoño
106335,OMEPRAZOL 20MG CAP CJAX100UND,PERUFARMA GENERICO,0.0,20.0,3.0,2025-04-03 18:41:38,8,4,Otoño
106335,OMEPRAZOL 20MG CAP CJAX100UND,PERUFARMA GENERICO,0.0,10.0,1.5,2025-04-03 19:11:36,10,4,Otoño
106335,OMEPRAZOL 20MG CAP CJAX100UND,PERUFARMA GENERICO,0.0,10.0,1.5,2025-04-03 20:38:33,8,4,Otoño
106335,OMEPRAZOL 20MG CAP CJAX100UND,PERUFARMA GENERICO,0.0,10.0,1.5,2025-04-03 23:29:03,4,4,Otoño
106335,OMEPRAZOL 20MG CAP CJAX100UND,PERUFARMA GENERICO,0.0,10.0,1.5,2025-04-04 07:45:26,6,4,Otoño
106335,OMEPRAZOL 20MG CAP CJAX100UND,PERUFARMA GENERICO,0.0,10.0,1.5,2025-04-04 09:56:03,7,4,Otoño
106335,OMEPRAZOL 20MG CAP CJAX100UND,PERUFARMA GENERICO,0.0,10.0,1.5,2025-04-04 12:48:25,3,4,Otoño
106335,OMEPRAZOL 20MG CAP CJAX100UND,PERUFARMA GENERICO,0.0,20.0,3.0,2025-04-04 14:10:29,2,4,Otoño
106335,OMEPRAZOL 20MG CAP CJAX100UND,PERUFARMA GENERICO,0.0,10.0,1.5,2025-04-04 15:20:04,9,4,Otoño
106335,OMEPRAZOL 20MG CAP CJAX100UND,PERUFARMA GENERICO,0.0,30.0,4.5,2025-04-04 16:56:15,1,4,Otoño
106335,OMEPRAZOL 20MG CAP CJAX100UND,PERUFARMA GENERICO,0.0,10.0,1.5,2025-04-04 18:42:15,5,4,Otoño
106335,OMEPRAZOL 20MG CAP CJAX100UND,PERUFARMA GENERICO,0.0,10.0,1.5,2025-04-04 19:13:52,8,4,Otoño
106335,OMEPRAZOL 20MG CAP CJAX100UND,PERUFARMA GENERICO,0.0,10.0,1.5,2025-04-04 20:21:00,5,4,Otoño
106335,OMEPRAZOL 20MG CAP CJAX100UND,PERUFARMA GENERICO,0.0,10.0,1.5,2025-04-04 22:51:24,6,4,Otoño
106335,OMEPRAZOL 20MG CAP CJAX100UND,PERUFARMA GENERICO,0.0,10.0,1.5,2025-04-05 09:04:52,8,4,Otoño
106335,OMEPRAZOL 20MG CAP CJAX100UND,PERUFARMA GENERICO,0.0,10.0,1.5,2025-04-05 09:11:49,8,4,Otoño
106335,OMEPRAZOL 20MG CAP CJAX100UND,PERUFARMA GENERICO,0.0,5.0,0.75,2025-04-05 12:41:14,12,4,Otoño
106335,OMEPRAZOL 20MG CAP CJAX100UND,PERUFARMA GENERICO,0.0,10.0,1.5,2025-04-05 16:14:59,4,4,Otoño
106335,OMEPRAZOL 20MG CAP CJAX100UND,PERUFARMA GENERICO,0.0,10.0,1.5,2025-04-05 19:07:32,1,4,Otoño
106335,OMEPRAZOL 20MG CAP CJAX100UND,PERUFARMA GENERICO,0.0,10.0,1.5,2025-04-05 19:28:07,2,4,Otoño
106335,OMEPRAZOL 20MG CAP CJAX100UND,PERUFARMA GENERICO,0.0,20.0,3.0,2025-04-06 13:07:38,1,4,Otoño
106335,OMEPRAZOL 20MG CAP CJAX100UND,PERUFARMA GENERICO,0.0,20.0,3.0,2025-04-06 19:04:10,2,4,Otoño
106335,OMEPRAZOL 20MG CAP CJAX100UND,PERUFARMA GENERICO,0.0,10.0,1.5,2025-04-06 21:11:16,13,4,Otoño
106335,OMEPRAZOL 20MG CAP CJAX100UND,PERUFARMA GENERICO,0.0,10.0,1.5,2025-04-06 23:06:59,7,4,Otoño
106335,OMEPRAZOL 20MG CAP CJAX100UND,PERUFARMA GENERICO,0.0,20.0,3.0,2025-04-07 09:29:08,10,4,Otoño
106335,OMEPRAZOL 20MG CAP CJAX100UND,PERUFARMA GENERICO,0.0,10.0,1.5,2025-04-07 10:08:18,5,4,Otoño
106335,OMEPRAZOL 20MG CAP CJAX100UND,PERUFARMA GENERICO,0.0,20.0,3.0,2025-04-07 11:19:07,11,4,Otoño
106335,OMEPRAZOL 20MG CAP CJAX100UND,PERUFARMA GENERICO,0.0,100.0,15.0,2025-04-07 12:13:58,11,4,Otoño
106335,OMEPRAZOL 20MG CAP CJAX100UND,PERUFARMA GENERICO,0.0,10.0,1.5,2025-04-07 14:30:25,3,4,Otoño
106335,OMEPRAZOL 20MG CAP CJAX100UND,PERUFARMA GENERICO,0.0,10.0,1.5,2025-04-07 14:53:11,10,4,Otoño
106335,OMEPRAZOL 20MG CAP CJAX100UND,PERUFARMA GENERICO,0.0,20.0,3.0,2025-04-07 18:05:05,13,4,Otoño
106335,OMEPRAZOL 20MG CAP CJAX100UND,PERUFARMA GENERICO,0.0,30.0,4.5,2025-04-07 18:40:31,1,4,Otoño
106335,OMEPRAZOL 20MG CAP CJAX100UND,PERUFARMA GENERICO,0.0,10.0,1.5,2025-04-07 19:14:23,5,4,Otoño
106335,OMEPRAZOL 20MG CAP CJAX100UND,PERUFARMA GENERICO,0.0,10.0,1.5,2025-04-07 19:18:55,7,4,Otoño
106335,OMEPRAZOL 20MG CAP CJAX100UND,PERUFARMA GENERICO,0.0,10.0,1.5,2025-04-07 20:36:02,7,4,Otoño
106335,OMEPRAZOL 20MG CAP CJAX100UND,PERUFARMA GENERICO,0.0,10.0,1.5,2025-04-07 22:07:54,3,4,Otoño
106335,OMEPRAZOL 20MG CAP CJAX100UND,PERUFARMA GENERICO,0.0,10.0,1.5,2025-04-07 22:15:27,5,4,Otoño
106335,OMEPRAZOL 20MG CAP CJAX100UND,PERUFARMA GENERICO,0.0,40.0,6.0,2025-04-08 07:18:50,9,4,Otoño
106335,OMEPRAZOL 20MG CAP CJAX100UND,PERUFARMA GENERICO,0.0,10.0,1.5,2025-04-08 09:34:32,1,4,Otoño
106335,OMEPRAZOL 20MG CAP CJAX100UND,PERUFARMA GENERICO,0.0,10.0,1.5,2025-04-08 20:22:42,6,4,Otoño
106335,OMEPRAZOL 20MG CAP CJAX100UND,PERUFARMA GENERICO,0.0,10.0,1.5,2025-04-09 07:27:11,11,4,Otoño
106335,OMEPRAZOL 20MG CAP CJAX100UND,PERUFARMA GENERICO,0.0,10.0,1.5,2025-04-09 07:45:02,12,4,Otoño
106335,OMEPRAZOL 20MG CAP CJAX100UND,PERUFARMA GENERICO,0.0,10.0,1.5,2025-04-09 08:51:15,9,4,Otoño
106335,OMEPRAZOL 20MG CAP CJAX100UND,PERUFARMA GENERICO,0.0,10.0,1.5,2025-04-09 10:02:18,7,4,Otoño
106335,OMEPRAZOL 20MG CAP CJAX100UND,PERUFARMA GENERICO,0.0,10.0,1.5,2025-04-09 10:42:56,9,4,Otoño
106335,OMEPRAZOL 20MG CAP CJAX100UND,PERUFARMA GENERICO,0.0,20.0,3.0,2025-04-09 12:00:05,10,4,Otoño
106335,OMEPRAZOL 20MG CAP CJAX100UND,PERUFARMA GENERICO,0.0,20.0,3.0,2025-04-09 17:25:24,1,4,Otoño
106335,OMEPRAZOL 20MG CAP CJAX100UND,PERUFARMA GENERICO,0.0,10.0,1.5,2025-04-09 17:57:58,12,4,Otoño
106335,OMEPRAZOL 20MG CAP CJAX100UND,PERUFARMA GENERICO,0.0,10.0,1.5,2025-04-09 19:15:30,9,4,Otoño
106335,OMEPRAZOL 20MG CAP CJAX100UND,PERUFARMA GENERICO,0.0,30.0,4.5,2025-04-09 19:45:01,7,4,Otoño
106335,OMEPRAZOL 20MG CAP CJAX100UND,PERUFARMA GENERICO,0.0,10.0,1.5,2025-04-09 22:21:47,1,4,Otoño
106335,OMEPRAZOL 20MG CAP CJAX100UND,PERUFARMA GENERICO,0.0,10.0,1.5,2025-04-10 11:01:46,5,4,Otoño
106335,OMEPRAZOL 20MG CAP CJAX100UND,PERUFARMA GENERICO,0.0,10.0,1.5,2025-04-10 11:09:58,8,4,Otoño
106335,OMEPRAZOL 20MG CAP CJAX100UND,PERUFARMA GENERICO,0.0,10.0,1.5,2025-04-10 12:12:43,1,4,Otoño
106335,OMEPRAZOL 20MG CAP CJAX100UND,PERUFARMA GENERICO,0.0,10.0,1.5,2025-04-10 14:52:59,9,4,Otoño
106335,OMEPRAZOL 20MG CAP CJAX100UND,PERUFARMA GENERICO,0.0,30.0,4.5,2025-04-10 18:19:52,2,4,Otoño
106335,OMEPRAZOL 20MG CAP CJAX100UND,PERUFARMA GENERICO,0.0,10.0,1.5,2025-04-10 19:37:50,10,4,Otoño
106335,OMEPRAZOL 20MG CAP CJAX100UND,PERUFARMA GENERICO,0.0,20.0,3.0,2025-04-10 20:08:15,14,4,Otoño
106335,OMEPRAZOL 20MG CAP CJAX100UND,PERUFARMA GENERICO,0.0,10.0,1.5,2025-04-10 20:38:45,2,4,Otoño
106335,OMEPRAZOL 20MG CAP CJAX100UND,PERUFARMA GENERICO,0.0,10.0,1.5,2025-04-11 10:34:31,13,4,Otoño
106335,OMEPRAZOL 20MG CAP CJAX100UND,PERUFARMA GENERICO,0.0,30.0,4.5,2025-04-11 10:52:00,14,4,Otoño
106335,OMEPRAZOL 20MG CAP CJAX100UND,PERUFARMA GENERICO,1.0,0.0,15.0,2025-04-11 11:09:41,1,4,Otoño
106335,OMEPRAZOL 20MG CAP CJAX100UND,PERUFARMA GENERICO,0.0,30.0,4.5,2025-04-11 12:39:01,10,4,Otoño
106335,OMEPRAZOL 20MG CAP CJAX100UND,PERUFARMA GENERICO,0.0,10.0,1.5,2025-04-11 13:02:46,1,4,Otoño
106335,OMEPRAZOL 20MG CAP CJAX100UND,PERUFARMA GENERICO,0.0,60.0,9.0,2025-04-11 18:01:11,7,4,Otoño
106335,OMEPRAZOL 20MG CAP CJAX100UND,PERUFARMA GENERICO,0.0,10.0,1.5,2025-04-11 21:25:30,9,4,Otoño
106335,OMEPRAZOL 20MG CAP CJAX100UND,PERUFARMA GENERICO,0.0,10.0,1.5,2025-04-11 21:36:27,5,4,Otoño
106335,OMEPRAZOL 20MG CAP CJAX100UND,PERUFARMA GENERICO,0.0,10.0,1.5,2025-04-12 07:49:53,2,4,Otoño
106335,OMEPRAZOL 20MG CAP CJAX100UND,PERUFARMA GENERICO,0.0,10.0,1.5,2025-04-12 08:43:45,8,4,Otoño
106335,OMEPRAZOL 20MG CAP CJAX100UND,PERUFARMA GENERICO,0.0,10.0,1.5,2025-04-12 08:55:11,9,4,Otoño
106335,OMEPRAZOL 20MG CAP CJAX100UND,PERUFARMA GENERICO,0.0,10.0,1.5,2025-04-12 09:22:55,14,4,Otoño
106335,OMEPRAZOL 20MG CAP CJAX100UND,PERUFARMA GENERICO,0.0,20.0,3.0,2025-04-12 11:12:51,1,4,Otoño
106335,OMEPRAZOL 20MG CAP CJAX100UND,PERUFARMA GENERICO,0.0,10.0,1.5,2025-04-12 19:56:32,10,4,Otoño
106335,OMEPRAZOL 20MG CAP CJAX100UND,PERUFARMA GENERICO,0.0,10.0,1.5,2025-04-12 21:09:38,12,4,Otoño
106335,OMEPRAZOL 20MG CAP CJAX100UND,PERUFARMA GENERICO,0.0,10.0,1.5,2025-04-13 08:34:19,15,4,Otoño
106335,OMEPRAZOL 20MG CAP CJAX100UND,PERUFARMA GENERICO,0.0,20.0,3.0,2025-04-13 11:00:15,6,4,Otoño
106335,OMEPRAZOL 20MG CAP CJAX100UND,PERUFARMA GENERICO,0.0,10.0,1.5,2025-04-13 11:20:51,13,4,Otoño
106335,OMEPRAZOL 20MG CAP CJAX100UND,PERUFARMA GENERICO,0.0,10.0,1.5,2025-04-13 13:16:05,9,4,Otoño
106335,OMEPRAZOL 20MG CAP CJAX100UND,PERUFARMA GENERICO,0.0,20.0,3.0,2025-04-13 16:22:37,1,4,Otoño
106335,OMEPRAZOL 20MG CAP CJAX100UND,PERUFARMA GENERICO,0.0,10.0,1.5,2025-04-13 19:07:49,10,4,Otoño
106335,OMEPRAZOL 20MG CAP CJAX100UND,PERUFARMA GENERICO,0.0,10.0,1.5,2025-04-13 19:26:17,9,4,Otoño
106335,OMEPRAZOL 20MG CAP CJAX100UND,PERUFARMA GENERICO,0.0,10.0,1.5,2025-04-13 21:00:18,12,4,Otoño
106335,OMEPRAZOL 20MG CAP CJAX100UND,PERUFARMA GENERICO,0.0,10.0,1.5,2025-04-14 08:35:54,6,4,Otoño
106335,OMEPRAZOL 20MG CAP CJAX100UND,PERUFARMA GENERICO,0.0,10.0,1.5,2025-04-14 09:23:57,12,4,Otoño
106335,OMEPRAZOL 20MG CAP CJAX100UND,PERUFARMA GENERICO,0.0,10.0,1.5,2025-04-14 10:30:52,9,4,Otoño
106335,OMEPRAZOL 20MG CAP CJAX100UND,PERUFARMA GENERICO,0.0,20.0,3.0,2025-04-14 11:29:36,4,4,Otoño
106335,OMEPRAZOL 20MG CAP CJAX100UND,PERUFARMA GENERICO,0.0,10.0,1.5,2025-04-14 11:49:50,2,4,Otoño
106335,OMEPRAZOL 20MG CAP CJAX100UND,PERUFARMA GENERICO,0.0,10.0,1.5,2025-04-14 18:30:03,1,4,Otoño
106335,OMEPRAZOL 20MG CAP CJAX100UND,PERUFARMA GENERICO,0.0,10.0,1.5,2025-04-14 18:41:00,1,4,Otoño
106335,OMEPRAZOL 20MG CAP CJAX100UND,PERUFARMA GENERICO,0.0,10.0,1.5,2025-04-14 19:50:46,8,4,Otoño
106335,OMEPRAZOL 20MG CAP CJAX100UND,PERUFARMA GENERICO,0.0,20.0,3.0,2025-04-14 20:31:03,12,4,Otoño
106335,OMEPRAZOL 20MG CAP CJAX100UND,PERUFARMA GENERICO,1.0,0.0,15.0,2025-04-15 09:55:44,1,4,Otoño
106335,OMEPRAZOL 20MG CAP CJAX100UND,PERUFARMA GENERICO,0.0,10.0,1.5,2025-04-15 11:05:21,10,4,Otoño
106335,OMEPRAZOL 20MG CAP CJAX100UND,PERUFARMA GENERICO,0.0,10.0,1.5,2025-04-15 12:26:46,3,4,Otoño
106335,OMEPRAZOL 20MG CAP CJAX100UND,PERUFARMA GENERICO,1.0,0.0,14.25,2025-04-15 12:56:26,9,4,Otoño
106335,OMEPRAZOL 20MG CAP CJAX100UND,PERUFARMA GENERICO,0.0,30.0,4.5,2025-04-15 13:03:26,12,4,Otoño
106335,OMEPRAZOL 20MG CAP CJAX100UND,PERUFARMA GENERICO,0.0,10.0,1.5,2025-04-15 15:55:50,9,4,Otoño
106335,OMEPRAZOL 20MG CAP CJAX100UND,PERUFARMA GENERICO,0.0,10.0,1.5,2025-04-15 20:41:56,3,4,Otoño
106335,OMEPRAZOL 20MG CAP CJAX100UND,PERUFARMA GENERICO,0.0,10.0,1.5,2025-04-16 08:24:57,12,4,Otoño
106335,OMEPRAZOL 20MG CAP CJAX100UND,PERUFARMA GENERICO,0.0,10.0,1.5,2025-04-16 08:51:30,13,4,Otoño
106335,OMEPRAZOL 20MG CAP CJAX100UND,PERUFARMA GENERICO,0.0,10.0,1.5,2025-04-16 11:02:16,3,4,Otoño
106335,OMEPRAZOL 20MG CAP CJAX100UND,PERUFARMA GENERICO,0.0,10.0,1.5,2025-04-16 11:41:28,2,4,Otoño
106335,OMEPRAZOL 20MG CAP CJAX100UND,PERUFARMA GENERICO,0.0,10.0,1.5,2025-04-16 14:19:31,14,4,Otoño
106335,OMEPRAZOL 20MG CAP CJAX100UND,PERUFARMA GENERICO,0.0,10.0,1.5,2025-04-16 17:24:11,3,4,Otoño
106335,OMEPRAZOL 20MG CAP CJAX100UND,PERUFARMA GENERICO,0.0,50.0,7.5,2025-04-16 18:39:26,10,4,Otoño
106335,OMEPRAZOL 20MG CAP CJAX100UND,PERUFARMA GENERICO,0.0,20.0,3.0,2025-04-16 19:21:23,13,4,Otoño
106335,OMEPRAZOL 20MG CAP CJAX100UND,PERUFARMA GENERICO,0.0,10.0,1.5,2025-04-16 20:08:58,5,4,Otoño
106335,OMEPRAZOL 20MG CAP CJAX100UND,PERUFARMA GENERICO,0.0,10.0,1.5,2025-04-16 20:38:47,7,4,Otoño
106335,OMEPRAZOL 20MG CAP CJAX100UND,PERUFARMA GENERICO,0.0,10.0,1.5,2025-04-17 10:16:00,3,4,Otoño
106335,OMEPRAZOL 20MG CAP CJAX100UND,PERUFARMA GENERICO,0.0,10.0,1.5,2025-04-17 10:45:42,15,4,Otoño
106335,OMEPRAZOL 20MG CAP CJAX100UND,PERUFARMA GENERICO,0.0,10.0,1.5,2025-04-17 12:34:34,12,4,Otoño
106335,OMEPRAZOL 20MG CAP CJAX100UND,PERUFARMA GENERICO,0.0,10.0,1.5,2025-04-17 20:20:06,5,4,Otoño
106335,OMEPRAZOL 20MG CAP CJAX100UND,PERUFARMA GENERICO,0.0,10.0,1.5,2025-04-18 09:47:37,5,4,Otoño
106335,OMEPRAZOL 20MG CAP CJAX100UND,PERUFARMA GENERICO,0.0,20.0,3.0,2025-04-18 13:28:17,3,4,Otoño
106335,OMEPRAZOL 20MG CAP CJAX100UND,PERUFARMA GENERICO,0.0,10.0,1.5,2025-04-18 18:08:04,5,4,Otoño
106335,OMEPRAZOL 20MG CAP CJAX100UND,PERUFARMA GENERICO,0.0,10.0,1.5,2025-04-18 18:44:56,9,4,Otoño
106335,OMEPRAZOL 20MG CAP CJAX100UND,PERUFARMA GENERICO,0.0,10.0,1.5,2025-04-18 19:57:08,10,4,Otoño
106335,OMEPRAZOL 20MG CAP CJAX100UND,PERUFARMA GENERICO,0.0,10.0,1.5,2025-04-19 08:28:32,4,4,Otoño
106335,OMEPRAZOL 20MG CAP CJAX100UND,PERUFARMA GENERICO,0.0,20.0,3.0,2025-04-19 11:47:46,4,4,Otoño
106335,OMEPRAZOL 20MG CAP CJAX100UND,PERUFARMA GENERICO,0.0,20.0,3.0,2025-04-19 17:15:26,5,4,Otoño
106335,OMEPRAZOL 20MG CAP CJAX100UND,PERUFARMA GENERICO,0.0,10.0,1.5,2025-04-19 18:09:50,12,4,Otoño
106335,OMEPRAZOL 20MG CAP CJAX100UND,PERUFARMA GENERICO,0.0,20.0,3.0,2025-04-19 18:32:17,12,4,Otoño
106335,OMEPRAZOL 20MG CAP CJAX100UND,PERUFARMA GENERICO,0.0,20.0,3.0,2025-04-19 19:03:55,2,4,Otoño
106335,OMEPRAZOL 20MG CAP CJAX100UND,PERUFARMA GENERICO,0.0,10.0,1.5,2025-04-19 20:41:51,10,4,Otoño
106335,OMEPRAZOL 20MG CAP CJAX100UND,PERUFARMA GENERICO,0.0,10.0,1.5,2025-04-20 07:43:49,7,4,Otoño
106335,OMEPRAZOL 20MG CAP CJAX100UND,PERUFARMA GENERICO,0.0,30.0,4.5,2025-04-20 08:55:42,12,4,Otoño
106335,OMEPRAZOL 20MG CAP CJAX100UND,PERUFARMA GENERICO,0.0,10.0,1.5,2025-04-20 09:54:53,9,4,Otoño
106335,OMEPRAZOL 20MG CAP CJAX100UND,PERUFARMA GENERICO,0.0,10.0,1.5,2025-04-20 12:54:57,10,4,Otoño
106335,OMEPRAZOL 20MG CAP CJAX100UND,PERUFARMA GENERICO,0.0,10.0,1.5,2025-04-20 13:52:23,9,4,Otoño
106335,OMEPRAZOL 20MG CAP CJAX100UND,PERUFARMA GENERICO,0.0,10.0,1.5,2025-04-20 15:52:09,10,4,Otoño
106335,OMEPRAZOL 20MG CAP CJAX100UND,PERUFARMA GENERICO,0.0,10.0,1.5,2025-04-20 19:01:12,10,4,Otoño
106335,OMEPRAZOL 20MG CAP CJAX100UND,PERUFARMA GENERICO,0.0,10.0,1.5,2025-04-20 19:29:03,1,4,Otoño
106335,OMEPRAZOL 20MG CAP CJAX100UND,PERUFARMA GENERICO,0.0,20.0,3.0,2025-04-20 20:08:43,5,4,Otoño
106335,OMEPRAZOL 20MG CAP CJAX100UND,PERUFARMA GENERICO,0.0,10.0,1.5,2025-04-21 08:03:42,3,4,Otoño
106335,OMEPRAZOL 20MG CAP CJAX100UND,PERUFARMA GENERICO,0.0,20.0,3.0,2025-04-21 09:14:42,9,4,Otoño
106335,OMEPRAZOL 20MG CAP CJAX100UND,PERUFARMA GENERICO,0.0,20.0,3.0,2025-04-21 09:43:20,9,4,Otoño
106335,OMEPRAZOL 20MG CAP CJAX100UND,PERUFARMA GENERICO,0.0,10.0,1.5,2025-04-21 09:55:33,7,4,Otoño
106335,OMEPRAZOL 20MG CAP CJAX100UND,PERUFARMA GENERICO,0.0,10.0,1.5,2025-04-21 10:25:58,11,4,Otoño
106335,OMEPRAZOL 20MG CAP CJAX100UND,PERUFARMA GENERICO,0.0,10.0,1.5,2025-04-21 12:34:11,8,4,Otoño
106335,OMEPRAZOL 20MG CAP CJAX100UND,PERUFARMA GENERICO,0.0,10.0,1.5,2025-04-21 12:53:09,9,4,Otoño
106335,OMEPRAZOL 20MG CAP CJAX100UND,PERUFARMA GENERICO,0.0,20.0,3.0,2025-04-21 16:20:29,2,4,Otoño
106335,OMEPRAZOL 20MG CAP CJAX100UND,PERUFARMA GENERICO,1.0,0.0,15.0,2025-04-21 16:36:12,10,4,Otoño
106335,OMEPRAZOL 20MG CAP CJAX100UND,PERUFARMA GENERICO,0.0,6.0,0.9,2025-04-21 18:39:26,8,4,Otoño
106335,OMEPRAZOL 20MG CAP CJAX100UND,PERUFARMA GENERICO,0.0,10.0,1.5,2025-04-21 19:14:41,12,4,Otoño
106335,OMEPRAZOL 20MG CAP CJAX100UND,PERUFARMA GENERICO,0.0,20.0,3.0,2025-04-21 20:18:46,10,4,Otoño
106335,OMEPRAZOL 20MG CAP CJAX100UND,PERUFARMA GENERICO,0.0,2.0,0.3,2025-04-21 21:04:24,5,4,Otoño
106335,OMEPRAZOL 20MG CAP CJAX100UND,PERUFARMA GENERICO,0.0,10.0,1.5,2025-04-21 21:19:37,1,4,Otoño
106335,OMEPRAZOL 20MG CAP CJAX100UND,PERUFARMA GENERICO,0.0,10.0,1.5,2025-04-21 21:43:32,6,4,Otoño
106335,OMEPRAZOL 20MG CAP CJAX100UND,PERUFARMA GENERICO,1.0,0.0,15.0,2025-04-22 12:03:55,1,4,Otoño
106335,OMEPRAZOL 20MG CAP CJAX100UND,PERUFARMA GENERICO,0.0,10.0,1.5,2025-04-22 18:52:39,12,4,Otoño
106335,OMEPRAZOL 20MG CAP CJAX100UND,PERUFARMA GENERICO,0.0,10.0,1.5,2025-04-22 19:28:33,1,4,Otoño
106335,OMEPRAZOL 20MG CAP CJAX100UND,PERUFARMA GENERICO,0.0,10.0,1.5,2025-04-22 20:07:44,5,4,Otoño
106335,OMEPRAZOL 20MG CAP CJAX100UND,PERUFARMA GENERICO,0.0,26.0,3.9,2025-04-22 20:42:45,5,4,Otoño
106335,OMEPRAZOL 20MG CAP CJAX100UND,PERUFARMA GENERICO,0.0,10.0,1.5,2025-04-23 07:16:22,12,4,Otoño
106335,OMEPRAZOL 20MG CAP CJAX100UND,PERUFARMA GENERICO,0.0,10.0,1.5,2025-04-23 09:08:20,10,4,Otoño
106335,OMEPRAZOL 20MG CAP CJAX100UND,PERUFARMA GENERICO,0.0,10.0,1.5,2025-04-23 10:04:16,12,4,Otoño
106335,OMEPRAZOL 20MG CAP CJAX100UND,PERUFARMA GENERICO,0.0,10.0,1.5,2025-04-23 19:07:31,7,4,Otoño
106335,OMEPRAZOL 20MG CAP CJAX100UND,PERUFARMA GENERICO,0.0,10.0,1.5,2025-04-24 13:08:42,2,4,Otoño
106335,OMEPRAZOL 20MG CAP CJAX100UND,PERUFARMA GENERICO,0.0,10.0,1.5,2025-04-24 14:33:21,3,4,Otoño
106335,OMEPRAZOL 20MG CAP CJAX100UND,PERUFARMA GENERICO,0.0,10.0,1.5,2025-04-24 18:53:59,12,4,Otoño
106335,OMEPRAZOL 20MG CAP CJAX100UND,PERUFARMA GENERICO,0.0,10.0,1.5,2025-04-24 20:26:53,1,4,Otoño
106335,OMEPRAZOL 20MG CAP CJAX100UND,PERUFARMA GENERICO,0.0,10.0,1.5,2025-04-24 20:54:22,2,4,Otoño
106335,OMEPRAZOL 20MG CAP CJAX100UND,PERUFARMA GENERICO,0.0,10.0,1.5,2025-04-24 21:30:07,3,4,Otoño
106335,OMEPRAZOL 20MG CAP CJAX100UND,PERUFARMA GENERICO,0.0,10.0,1.5,2025-04-24 21:49:01,5,4,Otoño
106335,OMEPRAZOL 20MG CAP CJAX100UND,PERUFARMA GENERICO,0.0,10.0,1.5,2025-04-25 09:17:28,7,4,Otoño
106335,OMEPRAZOL 20MG CAP CJAX100UND,PERUFARMA GENERICO,0.0,4.0,0.6,2025-04-25 13:35:19,9,4,Otoño
106335,OMEPRAZOL 20MG CAP CJAX100UND,PERUFARMA GENERICO,0.0,10.0,1.5,2025-04-25 14:52:39,1,4,Otoño
106335,OMEPRAZOL 20MG CAP CJAX100UND,PERUFARMA GENERICO,0.0,20.0,3.0,2025-04-25 19:30:34,15,4,Otoño
106335,OMEPRAZOL 20MG CAP CJAX100UND,PERUFARMA GENERICO,0.0,10.0,1.5,2025-04-25 21:21:27,1,4,Otoño
106335,OMEPRAZOL 20MG CAP CJAX100UND,PERUFARMA GENERICO,0.0,20.0,3.0,2025-04-25 22:42:07,7,4,Otoño
106335,OMEPRAZOL 20MG CAP CJAX100UND,PERUFARMA GENERICO,0.0,10.0,1.5,2025-04-26 07:20:54,9,4,Otoño
106335,OMEPRAZOL 20MG CAP CJAX100UND,PERUFARMA GENERICO,0.0,10.0,1.5,2025-04-26 10:15:32,5,4,Otoño
106335,OMEPRAZOL 20MG CAP CJAX100UND,PERUFARMA GENERICO,1.0,0.0,15.0,2025-04-26 14:17:15,15,4,Otoño
106335,OMEPRAZOL 20MG CAP CJAX100UND,PERUFARMA GENERICO,0.0,10.0,1.5,2025-04-26 17:27:09,5,4,Otoño
106335,OMEPRAZOL 20MG CAP CJAX100UND,PERUFARMA GENERICO,0.0,10.0,1.5,2025-04-26 20:05:29,2,4,Otoño
106335,OMEPRAZOL 20MG CAP CJAX100UND,PERUFARMA GENERICO,0.0,10.0,1.5,2025-04-26 20:06:29,4,4,Otoño
106335,OMEPRAZOL 20MG CAP CJAX100UND,PERUFARMA GENERICO,0.0,10.0,1.5,2025-04-26 20:41:25,7,4,Otoño
106335,OMEPRAZOL 20MG CAP CJAX100UND,PERUFARMA GENERICO,0.0,10.0,1.5,2025-04-26 22:03:58,4,4,Otoño
106335,OMEPRAZOL 20MG CAP CJAX100UND,PERUFARMA GENERICO,0.0,95.0,14.25,2025-04-27 08:01:03,12,4,Otoño
106335,OMEPRAZOL 20MG CAP CJAX100UND,PERUFARMA GENERICO,0.0,10.0,1.5,2025-04-27 10:29:29,7,4,Otoño
106335,OMEPRAZOL 20MG CAP CJAX100UND,PERUFARMA GENERICO,0.0,10.0,1.5,2025-04-27 13:01:54,14,4,Otoño
106335,OMEPRAZOL 20MG CAP CJAX100UND,PERUFARMA GENERICO,0.0,10.0,1.5,2025-04-27 14:27:00,5,4,Otoño
106335,OMEPRAZOL 20MG CAP CJAX100UND,PERUFARMA GENERICO,0.0,10.0,1.5,2025-04-28 13:35:46,9,4,Otoño
106335,OMEPRAZOL 20MG CAP CJAX100UND,PERUFARMA GENERICO,0.0,10.0,1.5,2025-04-28 17:22:19,5,4,Otoño
106335,OMEPRAZOL 20MG CAP CJAX100UND,PERUFARMA GENERICO,0.0,10.0,1.5,2025-04-28 19:51:06,6,4,Otoño
106335,OMEPRAZOL 20MG CAP CJAX100UND,PERUFARMA GENERICO,0.0,10.0,1.4,2025-04-29 10:22:30,2,4,Otoño
106335,OMEPRAZOL 20MG CAP CJAX100UND,PERUFARMA GENERICO,0.0,20.0,3.0,2025-04-29 13:12:33,4,4,Otoño
106335,OMEPRAZOL 20MG CAP CJAX100UND,PERUFARMA GENERICO,0.0,10.0,1.5,2025-04-29 16:46:43,3,4,Otoño
106335,OMEPRAZOL 20MG CAP CJAX100UND,PERUFARMA GENERICO,0.0,10.0,1.5,2025-04-29 17:18:07,15,4,Otoño
106335,OMEPRAZOL 20MG CAP CJAX100UND,PERUFARMA GENERICO,0.0,20.0,3.0,2025-04-29 18:24:48,5,4,Otoño
106335,OMEPRAZOL 20MG CAP CJAX100UND,PERUFARMA GENERICO,0.0,20.0,3.0,2025-04-29 18:45:28,14,4,Otoño
106335,OMEPRAZOL 20MG CAP CJAX100UND,PERUFARMA GENERICO,0.0,10.0,1.5,2025-04-29 19:10:03,1,4,Otoño
106335,OMEPRAZOL 20MG CAP CJAX100UND,PERUFARMA GENERICO,0.0,10.0,1.5,2025-04-29 20:33:57,5,4,Otoño
106335,OMEPRAZOL 20MG CAP CJAX100UND,PERUFARMA GENERICO,0.0,30.0,4.5,2025-04-29 20:53:38,1,4,Otoño
106335,OMEPRAZOL 20MG CAP CJAX100UND,PERUFARMA GENERICO,0.0,10.0,1.5,2025-04-30 08:31:47,12,4,Otoño
106335,OMEPRAZOL 20MG CAP CJAX100UND,PERUFARMA GENERICO,0.0,10.0,1.5,2025-04-30 09:30:56,12,4,Otoño
106335,OMEPRAZOL 20MG CAP CJAX100UND,PERUFARMA GENERICO,0.0,50.0,7.5,2025-04-30 09:51:01,11,4,Otoño
106335,OMEPRAZOL 20MG CAP CJAX100UND,PERUFARMA GENERICO,0.0,12.0,1.8,2025-04-30 12:01:34,7,4,Otoño
106335,OMEPRAZOL 20MG CAP CJAX100UND,PERUFARMA GENERICO,0.0,10.0,1.5,2025-04-30 15:07:06,10,4,Otoño
106335,OMEPRAZOL 20MG CAP CJAX100UND,PERUFARMA GENERICO,0.0,20.0,3.0,2025-04-30 20:14:40,2,4,Otoño
106335,OMEPRAZOL 20MG CAP CJAX100UND,PERUFARMA GENERICO,0.0,60.0,9.0,2025-04-30 21:12:11,1,4,Otoño
106335,OMEPRAZOL 20MG CAP CJAX100UND,PERUFARMA GENERICO,0.0,10.0,1.5,2025-04-30 21:27:44,9,4,Otoño
106335,OMEPRAZOL 20MG CAP CJAX100UND,PERUFARMA GENERICO,0.0,10.0,1.5,2025-04-30 21:43:54,3,4,Otoño
106335,OMEPRAZOL 20MG CAP CJAX100UND,PERUFARMA GENERICO,0.0,10.0,1.5,2025-05-01 09:28:30,5,5,Otoño
106335,OMEPRAZOL 20MG CAP CJAX100UND,PERUFARMA GENERICO,0.0,10.0,1.5,2025-05-02 08:51:09,3,5,Otoño
106335,OMEPRAZOL 20MG CAP CJAX100UND,PERUFARMA GENERICO,0.0,10.0,1.5,2025-05-02 09:12:33,15,5,Otoño
106335,OMEPRAZOL 20MG CAP CJAX100UND,PERUFARMA GENERICO,0.0,20.0,3.0,2025-05-02 10:27:57,4,5,Otoño
106335,OMEPRAZOL 20MG CAP CJAX100UND,PERUFARMA GENERICO,0.0,20.0,3.0,2025-05-02 11:19:32,6,5,Otoño
106335,OMEPRAZOL 20MG CAP CJAX100UND,PERUFARMA GENERICO,0.0,50.0,7.5,2025-05-02 18:57:12,3,5,Otoño
106335,OMEPRAZOL 20MG CAP CJAX100UND,PERUFARMA GENERICO,0.0,10.0,1.5,2025-05-02 19:02:17,15,5,Otoño
106335,OMEPRAZOL 20MG CAP CJAX100UND,PERUFARMA GENERICO,0.0,10.0,1.5,2025-05-02 19:07:54,9,5,Otoño
106335,OMEPRAZOL 20MG CAP CJAX100UND,PERUFARMA GENERICO,0.0,10.0,1.5,2025-05-02 19:16:12,1,5,Otoño
106335,OMEPRAZOL 20MG CAP CJAX100UND,PERUFARMA GENERICO,0.0,10.0,1.5,2025-05-02 20:31:35,5,5,Otoño
106335,OMEPRAZOL 20MG CAP CJAX100UND,PERUFARMA GENERICO,0.0,10.0,1.5,2025-05-03 09:05:14,8,5,Otoño
106335,OMEPRAZOL 20MG CAP CJAX100UND,PERUFARMA GENERICO,0.0,10.0,1.5,2025-05-03 10:13:26,6,5,Otoño
106335,OMEPRAZOL 20MG CAP CJAX100UND,PERUFARMA GENERICO,0.0,10.0,1.5,2025-05-03 12:07:13,12,5,Otoño
106335,OMEPRAZOL 20MG CAP CJAX100UND,PERUFARMA GENERICO,0.0,20.0,3.0,2025-05-03 14:08:10,3,5,Otoño
106335,OMEPRAZOL 20MG CAP CJAX100UND,PERUFARMA GENERICO,0.0,56.0,8.4,2025-05-03 14:53:42,13,5,Otoño
106335,OMEPRAZOL 20MG CAP CJAX100UND,PERUFARMA GENERICO,0.0,10.0,1.5,2025-05-03 16:39:45,4,5,Otoño
106335,OMEPRAZOL 20MG CAP CJAX100UND,PERUFARMA GENERICO,0.0,10.0,1.5,2025-05-03 17:28:43,5,5,Otoño
106335,OMEPRAZOL 20MG CAP CJAX100UND,PERUFARMA GENERICO,0.0,5.0,0.75,2025-05-03 18:34:13,6,5,Otoño
106335,OMEPRAZOL 20MG CAP CJAX100UND,PERUFARMA GENERICO,0.0,10.0,1.5,2025-05-03 18:42:55,5,5,Otoño
106335,OMEPRAZOL 20MG CAP CJAX100UND,PERUFARMA GENERICO,0.0,10.0,1.5,2025-05-03 19:21:54,2,5,Otoño
106335,OMEPRAZOL 20MG CAP CJAX100UND,PERUFARMA GENERICO,0.0,10.0,1.5,2025-05-03 20:54:23,1,5,Otoño
106335,OMEPRAZOL 20MG CAP CJAX100UND,PERUFARMA GENERICO,0.0,2.0,0.3,2025-05-03 20:59:36,13,5,Otoño
106335,OMEPRAZOL 20MG CAP CJAX100UND,PERUFARMA GENERICO,0.0,10.0,1.5,2025-05-03 21:04:01,1,5,Otoño
106335,OMEPRAZOL 20MG CAP CJAX100UND,PERUFARMA GENERICO,0.0,10.0,1.5,2025-05-03 22:53:53,10,5,Otoño
106335,OMEPRAZOL 20MG CAP CJAX100UND,PERUFARMA GENERICO,0.0,10.0,1.5,2025-05-04 10:30:06,12,5,Otoño
106335,OMEPRAZOL 20MG CAP CJAX100UND,PERUFARMA GENERICO,0.0,5.0,0.75,2025-05-04 11:47:02,5,5,Otoño
106335,OMEPRAZOL 20MG CAP CJAX100UND,PERUFARMA GENERICO,0.0,1.0,0.15,2025-05-04 14:39:48,10,5,Otoño
106335,OMEPRAZOL 20MG CAP CJAX100UND,PERUFARMA GENERICO,0.0,10.0,1.5,2025-05-04 18:42:36,10,5,Otoño
106335,OMEPRAZOL 20MG CAP CJAX100UND,PERUFARMA GENERICO,0.0,10.0,1.5,2025-05-04 20:12:33,7,5,Otoño
106335,OMEPRAZOL 20MG CAP CJAX100UND,PERUFARMA GENERICO,0.0,30.0,4.5,2025-05-05 09:08:20,12,5,Otoño
106335,OMEPRAZOL 20MG CAP CJAX100UND,PERUFARMA GENERICO,0.0,1.0,0.15,2025-05-05 11:05:14,10,5,Otoño
106335,OMEPRAZOL 20MG CAP CJAX100UND,PERUFARMA GENERICO,0.0,10.0,1.5,2025-05-05 11:39:53,7,5,Otoño
106335,OMEPRAZOL 20MG CAP CJAX100UND,PERUFARMA GENERICO,0.0,8.0,1.2,2025-05-05 13:58:15,5,5,Otoño
106335,OMEPRAZOL 20MG CAP CJAX100UND,PERUFARMA GENERICO,0.0,10.0,1.5,2025-05-05 15:23:12,9,5,Otoño
106335,OMEPRAZOL 20MG CAP CJAX100UND,PERUFARMA GENERICO,0.0,20.0,3.0,2025-05-05 17:03:42,5,5,Otoño
106335,OMEPRAZOL 20MG CAP CJAX100UND,PERUFARMA GENERICO,0.0,10.0,1.5,2025-05-05 17:29:17,2,5,Otoño
106335,OMEPRAZOL 20MG CAP CJAX100UND,PERUFARMA GENERICO,0.0,50.0,7.0,2025-05-05 17:33:45,8,5,Otoño
106335,OMEPRAZOL 20MG CAP CJAX100UND,PERUFARMA GENERICO,0.0,10.0,1.5,2025-05-05 19:21:42,6,5,Otoño
106335,OMEPRAZOL 20MG CAP CJAX100UND,PERUFARMA GENERICO,0.0,10.0,1.5,2025-05-05 21:35:08,9,5,Otoño
106335,OMEPRAZOL 20MG CAP CJAX100UND,PERUFARMA GENERICO,0.0,20.0,3.0,2025-05-06 08:08:36,2,5,Otoño
106335,OMEPRAZOL 20MG CAP CJAX100UND,PERUFARMA GENERICO,0.0,10.0,1.5,2025-05-06 08:40:10,13,5,Otoño
106335,OMEPRAZOL 20MG CAP CJAX100UND,PERUFARMA GENERICO,0.0,10.0,1.5,2025-05-06 10:27:54,9,5,Otoño
106335,OMEPRAZOL 20MG CAP CJAX100UND,PERUFARMA GENERICO,0.0,-20.0,-3.0,2025-05-06 12:00:00,5,5,Otoño
106335,OMEPRAZOL 20MG CAP CJAX100UND,PERUFARMA GENERICO,0.0,20.0,3.0,2025-05-06 19:44:56,5,5,Otoño
106335,OMEPRAZOL 20MG CAP CJAX100UND,PERUFARMA GENERICO,0.0,20.0,3.0,2025-05-06 20:09:54,2,5,Otoño
106335,OMEPRAZOL 20MG CAP CJAX100UND,PERUFARMA GENERICO,0.0,10.0,1.5,2025-05-06 21:43:34,12,5,Otoño
106335,OMEPRAZOL 20MG CAP CJAX100UND,PERUFARMA GENERICO,0.0,20.0,3.0,2025-05-06 23:31:53,4,5,Otoño
106335,OMEPRAZOL 20MG CAP CJAX100UND,PERUFARMA GENERICO,0.0,20.0,3.0,2025-05-06 23:49:07,4,5,Otoño
106335,OMEPRAZOL 20MG CAP CJAX100UND,PERUFARMA GENERICO,0.0,20.0,3.0,2025-05-07 11:27:21,2,5,Otoño
106335,OMEPRAZOL 20MG CAP CJAX100UND,PERUFARMA GENERICO,0.0,10.0,1.5,2025-05-07 13:21:14,12,5,Otoño
106335,OMEPRAZOL 20MG CAP CJAX100UND,PERUFARMA GENERICO,0.0,20.0,3.0,2025-05-07 16:51:47,2,5,Otoño
106335,OMEPRAZOL 20MG CAP CJAX100UND,PERUFARMA GENERICO,0.0,10.0,1.5,2025-05-07 16:57:36,7,5,Otoño
106335,OMEPRAZOL 20MG CAP CJAX100UND,PERUFARMA GENERICO,0.0,60.0,9.0,2025-05-07 17:00:59,10,5,Otoño
106335,OMEPRAZOL 20MG CAP CJAX100UND,PERUFARMA GENERICO,0.0,10.0,1.5,2025-05-07 17:31:48,9,5,Otoño
106335,OMEPRAZOL 20MG CAP CJAX100UND,PERUFARMA GENERICO,0.0,10.0,1.5,2025-05-07 17:52:11,2,5,Otoño
106335,OMEPRAZOL 20MG CAP CJAX100UND,PERUFARMA GENERICO,0.0,10.0,1.5,2025-05-07 18:00:50,9,5,Otoño
106335,OMEPRAZOL 20MG CAP CJAX100UND,PERUFARMA GENERICO,0.0,10.0,1.5,2025-05-07 18:03:38,9,5,Otoño
106335,OMEPRAZOL 20MG CAP CJAX100UND,PERUFARMA GENERICO,0.0,10.0,1.5,2025-05-07 18:11:22,1,5,Otoño
106335,OMEPRAZOL 20MG CAP CJAX100UND,PERUFARMA GENERICO,0.0,10.0,1.5,2025-05-07 20:05:34,2,5,Otoño
106335,OMEPRAZOL 20MG CAP CJAX100UND,PERUFARMA GENERICO,0.0,10.0,1.5,2025-05-07 21:24:19,3,5,Otoño
106335,OMEPRAZOL 20MG CAP CJAX100UND,PERUFARMA GENERICO,0.0,10.0,1.5,2025-05-08 12:31:34,5,5,Otoño
106335,OMEPRAZOL 20MG CAP CJAX100UND,PERUFARMA GENERICO,0.0,1.0,0.15,2025-05-08 16:05:26,15,5,Otoño
106335,OMEPRAZOL 20MG CAP CJAX100UND,PERUFARMA GENERICO,0.0,10.0,1.5,2025-05-08 18:42:55,7,5,Otoño
106335,OMEPRAZOL 20MG CAP CJAX100UND,PERUFARMA GENERICO,0.0,10.0,1.5,2025-05-08 19:06:01,13,5,Otoño
106335,OMEPRAZOL 20MG CAP CJAX100UND,PERUFARMA GENERICO,0.0,10.0,1.5,2025-05-08 22:21:50,7,5,Otoño
106335,OMEPRAZOL 20MG CAP CJAX100UND,PERUFARMA GENERICO,0.0,10.0,1.5,2025-05-09 21:55:56,7,5,Otoño
106335,OMEPRAZOL 20MG CAP CJAX100UND,PERUFARMA GENERICO,0.0,10.0,1.5,2025-05-10 08:23:14,15,5,Otoño
106335,OMEPRAZOL 20MG CAP CJAX100UND,PERUFARMA GENERICO,0.0,10.0,1.5,2025-05-10 09:53:17,13,5,Otoño
106335,OMEPRAZOL 20MG CAP CJAX100UND,PERUFARMA GENERICO,0.0,10.0,1.5,2025-05-10 10:36:14,8,5,Otoño
106335,OMEPRAZOL 20MG CAP CJAX100UND,PERUFARMA GENERICO,0.0,30.0,4.5,2025-05-10 13:40:13,2,5,Otoño
106335,OMEPRAZOL 20MG CAP CJAX100UND,PERUFARMA GENERICO,0.0,20.0,3.0,2025-05-10 13:53:53,14,5,Otoño
106335,OMEPRAZOL 20MG CAP CJAX100UND,PERUFARMA GENERICO,0.0,10.0,1.5,2025-05-10 16:03:01,15,5,Otoño
106335,OMEPRAZOL 20MG CAP CJAX100UND,PERUFARMA GENERICO,0.0,10.0,1.5,2025-05-10 17:18:21,5,5,Otoño
106335,OMEPRAZOL 20MG CAP CJAX100UND,PERUFARMA GENERICO,0.0,50.0,7.5,2025-05-10 21:40:50,5,5,Otoño
106335,OMEPRAZOL 20MG CAP CJAX100UND,PERUFARMA GENERICO,0.0,10.0,1.5,2025-05-11 09:19:37,9,5,Otoño
106335,OMEPRAZOL 20MG CAP CJAX100UND,PERUFARMA GENERICO,0.0,20.0,3.0,2025-05-11 11:40:25,15,5,Otoño
106335,OMEPRAZOL 20MG CAP CJAX100UND,PERUFARMA GENERICO,0.0,10.0,1.5,2025-05-11 11:50:53,1,5,Otoño
106335,OMEPRAZOL 20MG CAP CJAX100UND,PERUFARMA GENERICO,0.0,10.0,1.5,2025-05-11 13:55:54,4,5,Otoño
106335,OMEPRAZOL 20MG CAP CJAX100UND,PERUFARMA GENERICO,0.0,20.0,3.0,2025-05-11 17:07:09,6,5,Otoño
106335,OMEPRAZOL 20MG CAP CJAX100UND,PERUFARMA GENERICO,0.0,20.0,3.0,2025-05-11 17:46:54,14,5,Otoño
106335,OMEPRAZOL 20MG CAP CJAX100UND,PERUFARMA GENERICO,0.0,10.0,1.5,2025-05-11 18:14:36,1,5,Otoño
106335,OMEPRAZOL 20MG CAP CJAX100UND,PERUFARMA GENERICO,0.0,10.0,1.5,2025-05-11 22:12:20,5,5,Otoño
106335,OMEPRAZOL 20MG CAP CJAX100UND,PERUFARMA GENERICO,0.0,50.0,7.5,2025-05-12 09:27:57,10,5,Otoño
106335,OMEPRAZOL 20MG CAP CJAX100UND,PERUFARMA GENERICO,0.0,20.0,3.0,2025-05-12 13:10:37,4,5,Otoño
106335,OMEPRAZOL 20MG CAP CJAX100UND,PERUFARMA GENERICO,0.0,20.0,3.0,2025-05-12 13:19:31,5,5,Otoño
106335,OMEPRAZOL 20MG CAP CJAX100UND,PERUFARMA GENERICO,0.0,10.0,1.5,2025-05-12 14:58:40,1,5,Otoño
106335,OMEPRAZOL 20MG CAP CJAX100UND,PERUFARMA GENERICO,0.0,5.0,0.75,2025-05-12 15:38:38,3,5,Otoño
106335,OMEPRAZOL 20MG CAP CJAX100UND,PERUFARMA GENERICO,0.0,10.0,1.5,2025-05-12 17:28:39,3,5,Otoño
106335,OMEPRAZOL 20MG CAP CJAX100UND,PERUFARMA GENERICO,0.0,10.0,1.5,2025-05-12 17:49:35,1,5,Otoño
106335,OMEPRAZOL 20MG CAP CJAX100UND,PERUFARMA GENERICO,0.0,10.0,1.5,2025-05-12 21:35:20,10,5,Otoño
106335,OMEPRAZOL 20MG CAP CJAX100UND,PERUFARMA GENERICO,0.0,10.0,1.5,2025-05-12 22:27:49,4,5,Otoño
106335,OMEPRAZOL 20MG CAP CJAX100UND,PERUFARMA GENERICO,0.0,10.0,1.5,2025-05-12 22:31:59,1,5,Otoño
106335,OMEPRAZOL 20MG CAP CJAX100UND,PERUFARMA GENERICO,0.0,10.0,1.5,2025-05-13 07:14:59,9,5,Otoño
106335,OMEPRAZOL 20MG CAP CJAX100UND,PERUFARMA GENERICO,0.0,20.0,3.0,2025-05-13 08:49:40,9,5,Otoño
106335,OMEPRAZOL 20MG CAP CJAX100UND,PERUFARMA GENERICO,0.0,10.0,1.5,2025-05-13 09:17:47,12,5,Otoño
106335,OMEPRAZOL 20MG CAP CJAX100UND,PERUFARMA GENERICO,0.0,10.0,1.5,2025-05-13 10:29:22,2,5,Otoño
106335,OMEPRAZOL 20MG CAP CJAX100UND,PERUFARMA GENERICO,0.0,20.0,3.0,2025-05-13 10:34:53,7,5,Otoño
106335,OMEPRAZOL 20MG CAP CJAX100UND,PERUFARMA GENERICO,0.0,20.0,3.0,2025-05-13 10:44:05,7,5,Otoño
106335,OMEPRAZOL 20MG CAP CJAX100UND,PERUFARMA GENERICO,0.0,-20.0,-3.0,2025-05-13 12:00:00,7,5,Otoño
106335,OMEPRAZOL 20MG CAP CJAX100UND,PERUFARMA GENERICO,0.0,10.0,1.5,2025-05-13 12:01:45,6,5,Otoño
106335,OMEPRAZOL 20MG CAP CJAX100UND,PERUFARMA GENERICO,0.0,4.0,0.6,2025-05-13 20:48:41,5,5,Otoño
106335,OMEPRAZOL 20MG CAP CJAX100UND,PERUFARMA GENERICO,0.0,10.0,1.5,2025-05-14 08:47:55,9,5,Otoño
106335,OMEPRAZOL 20MG CAP CJAX100UND,PERUFARMA GENERICO,0.0,10.0,1.5,2025-05-14 10:38:32,8,5,Otoño
106335,OMEPRAZOL 20MG CAP CJAX100UND,PERUFARMA GENERICO,0.0,10.0,1.5,2025-05-14 10:57:56,5,5,Otoño
106335,OMEPRAZOL 20MG CAP CJAX100UND,PERUFARMA GENERICO,0.0,10.0,1.5,2025-05-14 12:26:41,15,5,Otoño
106335,OMEPRAZOL 20MG CAP CJAX100UND,PERUFARMA GENERICO,0.0,10.0,1.5,2025-05-14 15:23:39,15,5,Otoño
106335,OMEPRAZOL 20MG CAP CJAX100UND,PERUFARMA GENERICO,0.0,20.0,3.0,2025-05-14 17:00:54,10,5,Otoño
106335,OMEPRAZOL 20MG CAP CJAX100UND,PERUFARMA GENERICO,0.0,10.0,1.5,2025-05-14 17:54:43,2,5,Otoño
106335,OMEPRAZOL 20MG CAP CJAX100UND,PERUFARMA GENERICO,0.0,10.0,1.5,2025-05-14 20:06:22,7,5,Otoño
106335,OMEPRAZOL 20MG CAP CJAX100UND,PERUFARMA GENERICO,0.0,5.0,0.75,2025-05-14 20:54:18,8,5,Otoño
106335,OMEPRAZOL 20MG CAP CJAX100UND,PERUFARMA GENERICO,0.0,50.0,7.5,2025-05-15 09:01:26,7,5,Otoño
106335,OMEPRAZOL 20MG CAP CJAX100UND,PERUFARMA GENERICO,0.0,20.0,3.0,2025-05-15 09:19:12,3,5,Otoño
106335,OMEPRAZOL 20MG CAP CJAX100UND,PERUFARMA GENERICO,0.0,20.0,3.0,2025-05-15 09:58:09,4,5,Otoño
106335,OMEPRAZOL 20MG CAP CJAX100UND,PERUFARMA GENERICO,0.0,-10.0,-1.5,2025-05-15 12:00:00,9,5,Otoño
106335,OMEPRAZOL 20MG CAP CJAX100UND,PERUFARMA GENERICO,1.0,0.0,15.0,2025-05-15 14:19:07,2,5,Otoño
106335,OMEPRAZOL 20MG CAP CJAX100UND,PERUFARMA GENERICO,0.0,10.0,1.5,2025-05-15 18:46:35,9,5,Otoño
106335,OMEPRAZOL 20MG CAP CJAX100UND,PERUFARMA GENERICO,0.0,10.0,1.5,2025-05-15 18:51:35,9,5,Otoño
106335,OMEPRAZOL 20MG CAP CJAX100UND,PERUFARMA GENERICO,0.0,20.0,3.0,2025-05-15 19:39:27,5,5,Otoño
106335,OMEPRAZOL 20MG CAP CJAX100UND,PERUFARMA GENERICO,0.0,1.0,0.15,2025-05-15 21:07:15,3,5,Otoño
106335,OMEPRAZOL 20MG CAP CJAX100UND,PERUFARMA GENERICO,0.0,10.0,1.5,2025-05-16 07:25:07,14,5,Otoño
106335,OMEPRAZOL 20MG CAP CJAX100UND,PERUFARMA GENERICO,0.0,10.0,1.5,2025-05-16 13:13:24,3,5,Otoño
106335,OMEPRAZOL 20MG CAP CJAX100UND,PERUFARMA GENERICO,0.0,10.0,1.5,2025-05-16 17:00:57,5,5,Otoño
106335,OMEPRAZOL 20MG CAP CJAX100UND,PERUFARMA GENERICO,0.0,10.0,1.5,2025-05-16 17:36:52,8,5,Otoño
106335,OMEPRAZOL 20MG CAP CJAX100UND,PERUFARMA GENERICO,0.0,20.0,3.0,2025-05-16 17:42:57,3,5,Otoño
106335,OMEPRAZOL 20MG CAP CJAX100UND,PERUFARMA GENERICO,0.0,10.0,1.5,2025-05-16 18:43:00,2,5,Otoño
106335,OMEPRAZOL 20MG CAP CJAX100UND,PERUFARMA GENERICO,0.0,10.0,1.5,2025-05-16 19:09:53,13,5,Otoño
106335,OMEPRAZOL 20MG CAP CJAX100UND,PERUFARMA GENERICO,0.0,10.0,1.5,2025-05-16 20:15:22,8,5,Otoño
106335,OMEPRAZOL 20MG CAP CJAX100UND,PERUFARMA GENERICO,1.0,0.0,15.0,2025-05-16 20:51:25,13,5,Otoño
106335,OMEPRAZOL 20MG CAP CJAX100UND,PERUFARMA GENERICO,0.0,20.0,3.0,2025-05-17 13:02:32,2,5,Otoño
106335,OMEPRAZOL 20MG CAP CJAX100UND,PERUFARMA GENERICO,0.0,10.0,1.5,2025-05-17 14:03:37,9,5,Otoño
106335,OMEPRAZOL 20MG CAP CJAX100UND,PERUFARMA GENERICO,0.0,20.0,3.0,2025-05-17 19:42:52,5,5,Otoño
106335,OMEPRAZOL 20MG CAP CJAX100UND,PERUFARMA GENERICO,0.0,10.0,1.5,2025-05-17 19:59:25,1,5,Otoño
106335,OMEPRAZOL 20MG CAP CJAX100UND,PERUFARMA GENERICO,0.0,10.0,1.5,2025-05-17 20:21:10,7,5,Otoño
106335,OMEPRAZOL 20MG CAP CJAX100UND,PERUFARMA GENERICO,0.0,10.0,1.5,2025-05-17 20:25:47,10,5,Otoño
106335,OMEPRAZOL 20MG CAP CJAX100UND,PERUFARMA GENERICO,0.0,10.0,1.5,2025-05-17 21:29:21,1,5,Otoño
106335,OMEPRAZOL 20MG CAP CJAX100UND,PERUFARMA GENERICO,0.0,10.0,1.5,2025-05-17 21:52:58,9,5,Otoño
106335,OMEPRAZOL 20MG CAP CJAX100UND,PERUFARMA GENERICO,0.0,10.0,1.5,2025-05-18 08:49:33,13,5,Otoño
106335,OMEPRAZOL 20MG CAP CJAX100UND,PERUFARMA GENERICO,0.0,50.0,7.5,2025-05-18 09:24:32,4,5,Otoño
106335,OMEPRAZOL 20MG CAP CJAX100UND,PERUFARMA GENERICO,0.0,10.0,1.5,2025-05-18 14:34:15,6,5,Otoño
106335,OMEPRAZOL 20MG CAP CJAX100UND,PERUFARMA GENERICO,0.0,10.0,1.5,2025-05-18 15:31:51,10,5,Otoño
106335,OMEPRAZOL 20MG CAP CJAX100UND,PERUFARMA GENERICO,0.0,10.0,1.5,2025-05-18 15:58:28,12,5,Otoño
106335,OMEPRAZOL 20MG CAP CJAX100UND,PERUFARMA GENERICO,0.0,10.0,1.5,2025-05-18 17:29:11,7,5,Otoño
106335,OMEPRAZOL 20MG CAP CJAX100UND,PERUFARMA GENERICO,0.0,10.0,1.5,2025-05-18 17:49:02,5,5,Otoño
106335,OMEPRAZOL 20MG CAP CJAX100UND,PERUFARMA GENERICO,0.0,10.0,1.5,2025-05-18 18:43:46,7,5,Otoño
106335,OMEPRAZOL 20MG CAP CJAX100UND,PERUFARMA GENERICO,0.0,10.0,1.5,2025-05-18 19:40:00,3,5,Otoño
106335,OMEPRAZOL 20MG CAP CJAX100UND,PERUFARMA GENERICO,0.0,10.0,1.5,2025-05-18 20:59:41,15,5,Otoño
106335,OMEPRAZOL 20MG CAP CJAX100UND,PERUFARMA GENERICO,0.0,10.0,1.5,2025-05-18 21:36:49,3,5,Otoño
106335,OMEPRAZOL 20MG CAP CJAX100UND,PERUFARMA GENERICO,0.0,10.0,1.5,2025-05-18 21:38:12,3,5,Otoño
106335,OMEPRAZOL 20MG CAP CJAX100UND,PERUFARMA GENERICO,0.0,10.0,1.5,2025-05-18 22:14:06,14,5,Otoño
106335,OMEPRAZOL 20MG CAP CJAX100UND,PERUFARMA GENERICO,0.0,10.0,1.5,2025-05-19 07:38:28,15,5,Otoño
106335,OMEPRAZOL 20MG CAP CJAX100UND,PERUFARMA GENERICO,0.0,10.0,1.5,2025-05-19 09:40:00,11,5,Otoño
106335,OMEPRAZOL 20MG CAP CJAX100UND,PERUFARMA GENERICO,0.0,10.0,1.5,2025-05-19 11:44:24,9,5,Otoño
106335,OMEPRAZOL 20MG CAP CJAX100UND,PERUFARMA GENERICO,0.0,20.0,3.0,2025-05-19 12:06:53,5,5,Otoño
106335,OMEPRAZOL 20MG CAP CJAX100UND,PERUFARMA GENERICO,0.0,20.0,3.0,2025-05-19 15:41:36,1,5,Otoño
106335,OMEPRAZOL 20MG CAP CJAX100UND,PERUFARMA GENERICO,0.0,10.0,1.5,2025-05-19 20:18:06,5,5,Otoño
106335,OMEPRAZOL 20MG CAP CJAX100UND,PERUFARMA GENERICO,0.0,10.0,1.5,2025-05-19 20:26:14,7,5,Otoño
106335,OMEPRAZOL 20MG CAP CJAX100UND,PERUFARMA GENERICO,0.0,60.0,9.0,2025-05-19 20:38:55,5,5,Otoño
106335,OMEPRAZOL 20MG CAP CJAX100UND,PERUFARMA GENERICO,0.0,20.0,3.0,2025-05-20 10:40:39,12,5,Otoño
106335,OMEPRAZOL 20MG CAP CJAX100UND,PERUFARMA GENERICO,0.0,30.0,4.5,2025-05-20 12:39:03,4,5,Otoño
106335,OMEPRAZOL 20MG CAP CJAX100UND,PERUFARMA GENERICO,0.0,30.0,4.5,2025-05-20 15:25:59,4,5,Otoño
106335,OMEPRAZOL 20MG CAP CJAX100UND,PERUFARMA GENERICO,0.0,10.0,1.5,2025-05-20 17:10:17,5,5,Otoño
106335,OMEPRAZOL 20MG CAP CJAX100UND,PERUFARMA GENERICO,0.0,10.0,1.5,2025-05-20 17:19:07,2,5,Otoño
106335,OMEPRAZOL 20MG CAP CJAX100UND,PERUFARMA GENERICO,0.0,10.0,1.5,2025-05-20 18:59:19,5,5,Otoño
106335,OMEPRAZOL 20MG CAP CJAX100UND,PERUFARMA GENERICO,0.0,10.0,1.5,2025-05-21 10:14:03,2,5,Otoño
106335,OMEPRAZOL 20MG CAP CJAX100UND,PERUFARMA GENERICO,0.0,10.0,1.5,2025-05-21 10:57:03,5,5,Otoño
106335,OMEPRAZOL 20MG CAP CJAX100UND,PERUFARMA GENERICO,0.0,10.0,1.5,2025-05-21 11:04:49,10,5,Otoño
106335,OMEPRAZOL 20MG CAP CJAX100UND,PERUFARMA GENERICO,0.0,10.0,1.5,2025-05-21 11:39:43,9,5,Otoño
106335,OMEPRAZOL 20MG CAP CJAX100UND,PERUFARMA GENERICO,0.0,30.0,4.5,2025-05-21 13:14:03,12,5,Otoño
106335,OMEPRAZOL 20MG CAP CJAX100UND,PERUFARMA GENERICO,0.0,10.0,1.5,2025-05-22 11:18:41,15,5,Otoño
106335,OMEPRAZOL 20MG CAP CJAX100UND,PERUFARMA GENERICO,0.0,10.0,1.5,2025-05-22 16:11:36,15,5,Otoño
106335,OMEPRAZOL 20MG CAP CJAX100UND,PERUFARMA GENERICO,0.0,20.0,3.0,2025-05-22 17:12:18,9,5,Otoño
106335,OMEPRAZOL 20MG CAP CJAX100UND,PERUFARMA GENERICO,0.0,10.0,1.5,2025-05-23 09:43:54,7,5,Otoño
106335,OMEPRAZOL 20MG CAP CJAX100UND,PERUFARMA GENERICO,1.0,0.0,15.0,2025-05-23 10:12:56,15,5,Otoño
106335,OMEPRAZOL 20MG CAP CJAX100UND,PERUFARMA GENERICO,0.0,30.0,4.5,2025-05-23 13:40:20,1,5,Otoño
106335,OMEPRAZOL 20MG CAP CJAX100UND,PERUFARMA GENERICO,0.0,20.0,3.0,2025-05-23 20:25:17,5,5,Otoño
106335,OMEPRAZOL 20MG CAP CJAX100UND,PERUFARMA GENERICO,0.0,5.0,0.75,2025-05-23 20:45:29,8,5,Otoño
106335,OMEPRAZOL 20MG CAP CJAX100UND,PERUFARMA GENERICO,0.0,10.0,1.5,2025-05-23 21:38:46,1,5,Otoño
106335,OMEPRAZOL 20MG CAP CJAX100UND,PERUFARMA GENERICO,0.0,10.0,1.5,2025-05-23 21:41:32,9,5,Otoño
106335,OMEPRAZOL 20MG CAP CJAX100UND,PERUFARMA GENERICO,0.0,10.0,1.5,2025-05-23 22:01:13,5,5,Otoño
106335,OMEPRAZOL 20MG CAP CJAX100UND,PERUFARMA GENERICO,0.0,10.0,1.5,2025-05-23 22:21:05,2,5,Otoño
106335,OMEPRAZOL 20MG CAP CJAX100UND,PERUFARMA GENERICO,0.0,10.0,1.5,2025-05-23 22:23:32,2,5,Otoño
106335,OMEPRAZOL 20MG CAP CJAX100UND,PERUFARMA GENERICO,0.0,10.0,1.5,2025-05-24 11:21:08,12,5,Otoño
106335,OMEPRAZOL 20MG CAP CJAX100UND,PERUFARMA GENERICO,0.0,10.0,1.5,2025-05-24 11:54:12,6,5,Otoño
106335,OMEPRAZOL 20MG CAP CJAX100UND,PERUFARMA GENERICO,0.0,10.0,1.5,2025-05-24 12:33:40,1,5,Otoño
106335,OMEPRAZOL 20MG CAP CJAX100UND,PERUFARMA GENERICO,0.0,20.0,3.0,2025-05-25 10:58:08,13,5,Otoño
106335,OMEPRAZOL 20MG CAP CJAX100UND,PERUFARMA GENERICO,0.0,10.0,1.5,2025-05-25 14:28:13,7,5,Otoño
106335,OMEPRAZOL 20MG CAP CJAX100UND,PERUFARMA GENERICO,0.0,10.0,1.5,2025-05-25 14:36:53,2,5,Otoño
106335,OMEPRAZOL 20MG CAP CJAX100UND,PERUFARMA GENERICO,0.0,10.0,1.5,2025-05-25 15:41:01,5,5,Otoño
106335,OMEPRAZOL 20MG CAP CJAX100UND,PERUFARMA GENERICO,0.0,10.0,1.5,2025-05-25 18:31:29,4,5,Otoño
106335,OMEPRAZOL 20MG CAP CJAX100UND,PERUFARMA GENERICO,0.0,10.0,1.5,2025-05-25 18:42:11,7,5,Otoño
106335,OMEPRAZOL 20MG CAP CJAX100UND,PERUFARMA GENERICO,0.0,10.0,1.5,2025-05-25 20:11:39,2,5,Otoño
106335,OMEPRAZOL 20MG CAP CJAX100UND,PERUFARMA GENERICO,0.0,20.0,3.0,2025-05-26 18:09:52,9,5,Otoño
106335,OMEPRAZOL 20MG CAP CJAX100UND,PERUFARMA GENERICO,0.0,10.0,1.5,2025-05-26 18:48:00,3,5,Otoño
106335,OMEPRAZOL 20MG CAP CJAX100UND,PERUFARMA GENERICO,0.0,20.0,3.0,2025-05-26 19:18:32,5,5,Otoño
106335,OMEPRAZOL 20MG CAP CJAX100UND,PERUFARMA GENERICO,0.0,10.0,1.5,2025-05-26 19:24:35,2,5,Otoño
106335,OMEPRAZOL 20MG CAP CJAX100UND,PERUFARMA GENERICO,0.0,10.0,1.5,2025-05-26 21:04:50,2,5,Otoño
106335,OMEPRAZOL 20MG CAP CJAX100UND,PERUFARMA GENERICO,0.0,10.0,1.5,2025-05-27 09:05:52,12,5,Otoño
106335,OMEPRAZOL 20MG CAP CJAX100UND,PERUFARMA GENERICO,0.0,10.0,1.5,2025-05-27 10:51:58,2,5,Otoño
106335,OMEPRAZOL 20MG CAP CJAX100UND,PERUFARMA GENERICO,0.0,10.0,1.5,2025-05-27 11:34:48,8,5,Otoño
106335,OMEPRAZOL 20MG CAP CJAX100UND,PERUFARMA GENERICO,0.0,10.0,1.5,2025-05-27 11:34:54,2,5,Otoño
106335,OMEPRAZOL 20MG CAP CJAX100UND,PERUFARMA GENERICO,0.0,10.0,1.5,2025-05-27 14:21:39,3,5,Otoño
106335,OMEPRAZOL 20MG CAP CJAX100UND,PERUFARMA GENERICO,0.0,10.0,1.5,2025-05-27 15:42:58,7,5,Otoño
106335,OMEPRAZOL 20MG CAP CJAX100UND,PERUFARMA GENERICO,0.0,20.0,3.0,2025-05-27 19:48:44,9,5,Otoño
106335,OMEPRAZOL 20MG CAP CJAX100UND,PERUFARMA GENERICO,0.0,10.0,1.5,2025-05-27 20:25:02,6,5,Otoño
106335,OMEPRAZOL 20MG CAP CJAX100UND,PERUFARMA GENERICO,0.0,20.0,3.0,2025-05-28 07:37:18,5,5,Otoño
106335,OMEPRAZOL 20MG CAP CJAX100UND,PERUFARMA GENERICO,0.0,10.0,1.5,2025-05-28 12:05:16,7,5,Otoño
106335,OMEPRAZOL 20MG CAP CJAX100UND,PERUFARMA GENERICO,0.0,20.0,3.0,2025-05-28 15:07:37,2,5,Otoño
106335,OMEPRAZOL 20MG CAP CJAX100UND,PERUFARMA GENERICO,0.0,30.0,4.5,2025-05-28 15:25:02,10,5,Otoño
106335,OMEPRAZOL 20MG CAP CJAX100UND,PERUFARMA GENERICO,0.0,10.0,1.5,2025-05-28 16:58:43,2,5,Otoño
106335,OMEPRAZOL 20MG CAP CJAX100UND,PERUFARMA GENERICO,0.0,20.0,3.0,2025-05-28 17:17:48,9,5,Otoño
106335,OMEPRAZOL 20MG CAP CJAX100UND,PERUFARMA GENERICO,0.0,10.0,1.5,2025-05-28 18:02:11,2,5,Otoño
106335,OMEPRAZOL 20MG CAP CJAX100UND,PERUFARMA GENERICO,0.0,30.0,4.5,2025-05-28 18:17:00,1,5,Otoño
106335,OMEPRAZOL 20MG CAP CJAX100UND,PERUFARMA GENERICO,0.0,10.0,1.5,2025-05-28 20:21:07,2,5,Otoño
106335,OMEPRAZOL 20MG CAP CJAX100UND,PERUFARMA GENERICO,0.0,10.0,1.5,2025-05-28 21:34:06,15,5,Otoño
106335,OMEPRAZOL 20MG CAP CJAX100UND,PERUFARMA GENERICO,0.0,10.0,1.5,2025-05-28 22:57:09,7,5,Otoño
106335,OMEPRAZOL 20MG CAP CJAX100UND,PERUFARMA GENERICO,0.0,10.0,1.5,2025-05-28 23:50:03,5,5,Otoño
106335,OMEPRAZOL 20MG CAP CJAX100UND,PERUFARMA GENERICO,0.0,30.0,4.5,2025-05-29 10:38:12,5,5,Otoño
106335,OMEPRAZOL 20MG CAP CJAX100UND,PERUFARMA GENERICO,0.0,10.0,1.5,2025-05-29 11:15:11,2,5,Otoño
106335,OMEPRAZOL 20MG CAP CJAX100UND,PERUFARMA GENERICO,0.0,10.0,1.5,2025-05-29 17:57:27,1,5,Otoño
106335,OMEPRAZOL 20MG CAP CJAX100UND,PERUFARMA GENERICO,0.0,3.0,0.45,2025-05-29 18:29:48,5,5,Otoño
106335,OMEPRAZOL 20MG CAP CJAX100UND,PERUFARMA GENERICO,0.0,10.0,1.5,2025-05-29 18:36:40,14,5,Otoño
106335,OMEPRAZOL 20MG CAP CJAX100UND,PERUFARMA GENERICO,0.0,10.0,1.5,2025-05-29 19:35:24,4,5,Otoño
106335,OMEPRAZOL 20MG CAP CJAX100UND,PERUFARMA GENERICO,0.0,10.0,1.5,2025-05-29 19:50:10,9,5,Otoño
106335,OMEPRAZOL 20MG CAP CJAX100UND,PERUFARMA GENERICO,0.0,10.0,1.5,2025-05-30 07:42:15,9,5,Otoño
106335,OMEPRAZOL 20MG CAP CJAX100UND,PERUFARMA GENERICO,0.0,10.0,1.5,2025-05-30 11:53:15,8,5,Otoño
106335,OMEPRAZOL 20MG CAP CJAX100UND,PERUFARMA GENERICO,0.0,10.0,1.5,2025-05-30 11:59:16,8,5,Otoño
106335,OMEPRAZOL 20MG CAP CJAX100UND,PERUFARMA GENERICO,0.0,-10.0,-1.5,2025-05-30 12:00:00,8,5,Otoño
106335,OMEPRAZOL 20MG CAP CJAX100UND,PERUFARMA GENERICO,0.0,10.0,1.5,2025-05-30 12:38:35,2,5,Otoño
106335,OMEPRAZOL 20MG CAP CJAX100UND,PERUFARMA GENERICO,1.0,0.0,15.0,2025-05-30 12:59:02,16,5,Otoño
106335,OMEPRAZOL 20MG CAP CJAX100UND,PERUFARMA GENERICO,0.0,30.0,4.5,2025-05-30 13:40:37,2,5,Otoño
106335,OMEPRAZOL 20MG CAP CJAX100UND,PERUFARMA GENERICO,0.0,10.0,1.5,2025-05-30 17:02:45,1,5,Otoño
106335,OMEPRAZOL 20MG CAP CJAX100UND,PERUFARMA GENERICO,0.0,5.0,0.75,2025-05-31 09:59:31,9,5,Otoño
106335,OMEPRAZOL 20MG CAP CJAX100UND,PERUFARMA GENERICO,0.0,20.0,3.0,2025-05-31 10:07:14,3,5,Otoño
106335,OMEPRAZOL 20MG CAP CJAX100UND,PERUFARMA GENERICO,0.0,1.0,0.15,2025-05-31 11:37:40,4,5,Otoño
106335,OMEPRAZOL 20MG CAP CJAX100UND,PERUFARMA GENERICO,0.0,10.0,1.5,2025-05-31 12:56:08,9,5,Otoño
106335,OMEPRAZOL 20MG CAP CJAX100UND,PERUFARMA GENERICO,0.0,10.0,1.5,2025-05-31 18:08:22,7,5,Otoño
106335,OMEPRAZOL 20MG CAP CJAX100UND,PERUFARMA GENERICO,0.0,20.0,3.0,2025-05-31 22:45:07,14,5,Otoño
106335,OMEPRAZOL 20MG CAP CJAX100UND,PERUFARMA GENERICO,0.0,10.0,1.5,2025-06-01 09:12:28,3,6,Invierno
106335,OMEPRAZOL 20MG CAP CJAX100UND,PERUFARMA GENERICO,0.0,50.0,7.5,2025-06-01 10:40:22,6,6,Invierno
106335,OMEPRAZOL 20MG CAP CJAX100UND,PERUFARMA GENERICO,0.0,10.0,1.5,2025-06-01 14:51:38,8,6,Invierno
106335,OMEPRAZOL 20MG CAP CJAX100UND,PERUFARMA GENERICO,0.0,10.0,1.5,2025-06-01 16:59:51,13,6,Invierno
106335,OMEPRAZOL 20MG CAP CJAX100UND,PERUFARMA GENERICO,0.0,10.0,1.5,2025-06-01 18:30:55,5,6,Invierno
106335,OMEPRAZOL 20MG CAP CJAX100UND,PERUFARMA GENERICO,0.0,10.0,1.5,2025-06-01 18:54:19,3,6,Invierno
106335,OMEPRAZOL 20MG CAP CJAX100UND,PERUFARMA GENERICO,0.0,20.0,3.0,2025-06-01 19:31:36,7,6,Invierno
106335,OMEPRAZOL 20MG CAP CJAX100UND,PERUFARMA GENERICO,0.0,10.0,1.5,2025-06-01 21:23:16,16,6,Invierno
106335,OMEPRAZOL 20MG CAP CJAX100UND,PERUFARMA GENERICO,0.0,10.0,1.5,2025-06-02 10:57:23,3,6,Invierno
106335,OMEPRAZOL 20MG CAP CJAX100UND,PERUFARMA GENERICO,0.0,10.0,1.5,2025-06-02 12:30:59,8,6,Invierno
106335,OMEPRAZOL 20MG CAP CJAX100UND,PERUFARMA GENERICO,0.0,30.0,4.5,2025-06-02 12:38:21,10,6,Invierno
106335,OMEPRAZOL 20MG CAP CJAX100UND,PERUFARMA GENERICO,0.0,10.0,1.5,2025-06-02 13:25:21,9,6,Invierno
106335,OMEPRAZOL 20MG CAP CJAX100UND,PERUFARMA GENERICO,0.0,10.0,1.5,2025-06-02 18:18:29,16,6,Invierno
106335,OMEPRAZOL 20MG CAP CJAX100UND,PERUFARMA GENERICO,0.0,10.0,1.5,2025-06-02 21:25:08,7,6,Invierno
106335,OMEPRAZOL 20MG CAP CJAX100UND,PERUFARMA GENERICO,0.0,10.0,1.5,2025-06-02 22:01:30,12,6,Invierno
106335,OMEPRAZOL 20MG CAP CJAX100UND,PERUFARMA GENERICO,0.0,10.0,1.5,2025-06-03 07:30:07,16,6,Invierno
106335,OMEPRAZOL 20MG CAP CJAX100UND,PERUFARMA GENERICO,0.0,10.0,1.5,2025-06-03 08:11:04,7,6,Invierno
106335,OMEPRAZOL 20MG CAP CJAX100UND,PERUFARMA GENERICO,0.0,10.0,1.5,2025-06-03 12:29:22,14,6,Invierno
106335,OMEPRAZOL 20MG CAP CJAX100UND,PERUFARMA GENERICO,0.0,10.0,1.5,2025-06-03 18:16:33,7,6,Invierno
106335,OMEPRAZOL 20MG CAP CJAX100UND,PERUFARMA GENERICO,0.0,10.0,1.5,2025-06-03 18:53:19,2,6,Invierno
106335,OMEPRAZOL 20MG CAP CJAX100UND,PERUFARMA GENERICO,0.0,10.0,1.5,2025-06-03 19:31:10,1,6,Invierno
106335,OMEPRAZOL 20MG CAP CJAX100UND,PERUFARMA GENERICO,0.0,20.0,3.0,2025-06-03 19:44:57,4,6,Invierno
106335,OMEPRAZOL 20MG CAP CJAX100UND,PERUFARMA GENERICO,0.0,10.0,1.5,2025-06-03 20:59:49,9,6,Invierno
106335,OMEPRAZOL 20MG CAP CJAX100UND,PERUFARMA GENERICO,0.0,10.0,1.5,2025-06-04 07:31:53,7,6,Invierno
106335,OMEPRAZOL 20MG CAP CJAX100UND,PERUFARMA GENERICO,0.0,10.0,1.5,2025-06-04 09:57:08,13,6,Invierno
106335,OMEPRAZOL 20MG CAP CJAX100UND,PERUFARMA GENERICO,0.0,20.0,3.0,2025-06-04 12:47:49,12,6,Invierno
106335,OMEPRAZOL 20MG CAP CJAX100UND,PERUFARMA GENERICO,0.0,10.0,1.5,2025-06-04 13:53:52,2,6,Invierno
106335,OMEPRAZOL 20MG CAP CJAX100UND,PERUFARMA GENERICO,0.0,10.0,1.5,2025-06-04 13:54:16,14,6,Invierno
106335,OMEPRAZOL 20MG CAP CJAX100UND,PERUFARMA GENERICO,0.0,10.0,1.5,2025-06-04 14:06:11,4,6,Invierno
106335,OMEPRAZOL 20MG CAP CJAX100UND,PERUFARMA GENERICO,0.0,10.0,1.5,2025-06-04 16:16:45,5,6,Invierno
106335,OMEPRAZOL 20MG CAP CJAX100UND,PERUFARMA GENERICO,0.0,10.0,1.5,2025-06-04 17:29:07,3,6,Invierno
106335,OMEPRAZOL 20MG CAP CJAX100UND,PERUFARMA GENERICO,0.0,20.0,3.0,2025-06-04 18:31:40,7,6,Invierno
106335,OMEPRAZOL 20MG CAP CJAX100UND,PERUFARMA GENERICO,0.0,20.0,3.0,2025-06-04 23:14:17,4,6,Invierno
106335,OMEPRAZOL 20MG CAP CJAX100UND,PERUFARMA GENERICO,0.0,30.0,4.5,2025-06-05 16:52:25,10,6,Invierno
106335,OMEPRAZOL 20MG CAP CJAX100UND,PERUFARMA GENERICO,0.0,10.0,1.5,2025-06-05 17:04:38,12,6,Invierno
106335,OMEPRAZOL 20MG CAP CJAX100UND,PERUFARMA GENERICO,0.0,20.0,3.0,2025-06-05 20:18:28,5,6,Invierno
106335,OMEPRAZOL 20MG CAP CJAX100UND,PERUFARMA GENERICO,0.0,10.0,1.5,2025-06-06 10:04:39,5,6,Invierno
106335,OMEPRAZOL 20MG CAP CJAX100UND,PERUFARMA GENERICO,0.0,10.0,1.5,2025-06-06 16:52:28,12,6,Invierno
106335,OMEPRAZOL 20MG CAP CJAX100UND,PERUFARMA GENERICO,0.0,20.0,3.0,2025-06-06 17:03:40,1,6,Invierno
106335,OMEPRAZOL 20MG CAP CJAX100UND,PERUFARMA GENERICO,0.0,10.0,1.5,2025-06-06 18:05:13,2,6,Invierno
106335,OMEPRAZOL 20MG CAP CJAX100UND,PERUFARMA GENERICO,0.0,5.0,0.75,2025-06-06 18:45:37,1,6,Invierno
106335,OMEPRAZOL 20MG CAP CJAX100UND,PERUFARMA GENERICO,0.0,10.0,1.5,2025-06-06 19:04:36,9,6,Invierno
106335,OMEPRAZOL 20MG CAP CJAX100UND,PERUFARMA GENERICO,0.0,30.0,4.5,2025-06-06 19:52:59,5,6,Invierno
106335,OMEPRAZOL 20MG CAP CJAX100UND,PERUFARMA GENERICO,0.0,40.0,6.0,2025-06-07 13:44:52,9,6,Invierno
106335,OMEPRAZOL 20MG CAP CJAX100UND,PERUFARMA GENERICO,0.0,50.0,7.5,2025-06-07 18:38:38,3,6,Invierno
106335,OMEPRAZOL 20MG CAP CJAX100UND,PERUFARMA GENERICO,0.0,10.0,1.5,2025-06-07 19:11:02,9,6,Invierno
106335,OMEPRAZOL 20MG CAP CJAX100UND,PERUFARMA GENERICO,0.0,10.0,1.5,2025-06-07 19:47:13,9,6,Invierno
106335,OMEPRAZOL 20MG CAP CJAX100UND,PERUFARMA GENERICO,0.0,10.0,1.5,2025-06-07 19:57:35,4,6,Invierno
106335,OMEPRAZOL 20MG CAP CJAX100UND,PERUFARMA GENERICO,0.0,5.0,0.75,2025-06-07 20:44:36,9,6,Invierno
106335,OMEPRAZOL 20MG CAP CJAX100UND,PERUFARMA GENERICO,0.0,10.0,1.5,2025-06-07 21:18:39,15,6,Invierno
106335,OMEPRAZOL 20MG CAP CJAX100UND,PERUFARMA GENERICO,0.0,10.0,1.5,2025-06-07 23:28:57,4,6,Invierno
106335,OMEPRAZOL 20MG CAP CJAX100UND,PERUFARMA GENERICO,0.0,10.0,1.5,2025-06-08 10:50:10,9,6,Invierno
106335,OMEPRAZOL 20MG CAP CJAX100UND,PERUFARMA GENERICO,0.0,10.0,1.5,2025-06-08 13:28:15,14,6,Invierno
106335,OMEPRAZOL 20MG CAP CJAX100UND,PERUFARMA GENERICO,0.0,10.0,1.5,2025-06-08 14:16:37,12,6,Invierno
106335,OMEPRAZOL 20MG CAP CJAX100UND,PERUFARMA GENERICO,0.0,10.0,1.5,2025-06-08 18:32:21,6,6,Invierno
106335,OMEPRAZOL 20MG CAP CJAX100UND,PERUFARMA GENERICO,0.0,10.0,1.5,2025-06-08 18:50:19,14,6,Invierno
106335,OMEPRAZOL 20MG CAP CJAX100UND,PERUFARMA GENERICO,1.0,0.0,15.0,2025-06-08 18:50:19,2,6,Invierno
106335,OMEPRAZOL 20MG CAP CJAX100UND,PERUFARMA GENERICO,0.0,10.0,1.5,2025-06-08 19:23:13,10,6,Invierno
106335,OMEPRAZOL 20MG CAP CJAX100UND,PERUFARMA GENERICO,0.0,10.0,1.5,2025-06-08 20:19:33,4,6,Invierno
106335,OMEPRAZOL 20MG CAP CJAX100UND,PERUFARMA GENERICO,0.0,10.0,1.5,2025-06-08 22:31:29,4,6,Invierno
106335,OMEPRAZOL 20MG CAP CJAX100UND,PERUFARMA GENERICO,0.0,10.0,1.5,2025-06-08 22:39:30,4,6,Invierno
106335,OMEPRAZOL 20MG CAP CJAX100UND,PERUFARMA GENERICO,0.0,5.0,0.75,2025-06-09 09:14:04,2,6,Invierno
106335,OMEPRAZOL 20MG CAP CJAX100UND,PERUFARMA GENERICO,0.0,20.0,3.0,2025-06-09 12:21:35,5,6,Invierno
106335,OMEPRAZOL 20MG CAP CJAX100UND,PERUFARMA GENERICO,0.0,10.0,1.5,2025-06-09 12:51:02,2,6,Invierno
106335,OMEPRAZOL 20MG CAP CJAX100UND,PERUFARMA GENERICO,0.0,20.0,3.0,2025-06-09 14:18:10,15,6,Invierno
106335,OMEPRAZOL 20MG CAP CJAX100UND,PERUFARMA GENERICO,0.0,5.0,0.75,2025-06-09 19:05:16,8,6,Invierno
106335,OMEPRAZOL 20MG CAP CJAX100UND,PERUFARMA GENERICO,0.0,30.0,4.5,2025-06-09 20:48:06,8,6,Invierno
106335,OMEPRAZOL 20MG CAP CJAX100UND,PERUFARMA GENERICO,0.0,20.0,3.0,2025-06-09 20:59:09,2,6,Invierno
106335,OMEPRAZOL 20MG CAP CJAX100UND,PERUFARMA GENERICO,0.0,10.0,1.5,2025-06-09 21:07:57,13,6,Invierno
106335,OMEPRAZOL 20MG CAP CJAX100UND,PERUFARMA GENERICO,0.0,10.0,1.5,2025-06-10 07:49:50,12,6,Invierno
106335,OMEPRAZOL 20MG CAP CJAX100UND,PERUFARMA GENERICO,0.0,20.0,3.0,2025-06-10 08:14:19,2,6,Invierno
106335,OMEPRAZOL 20MG CAP CJAX100UND,PERUFARMA GENERICO,0.0,10.0,1.5,2025-06-10 08:56:19,4,6,Invierno
106335,OMEPRAZOL 20MG CAP CJAX100UND,PERUFARMA GENERICO,0.0,10.0,1.5,2025-06-10 10:37:57,7,6,Invierno
106335,OMEPRAZOL 20MG CAP CJAX100UND,PERUFARMA GENERICO,0.0,30.0,4.5,2025-06-10 11:11:44,4,6,Invierno
106335,OMEPRAZOL 20MG CAP CJAX100UND,PERUFARMA GENERICO,0.0,20.0,3.0,2025-06-10 14:07:46,2,6,Invierno
106335,OMEPRAZOL 20MG CAP CJAX100UND,PERUFARMA GENERICO,0.0,10.0,1.5,2025-06-10 18:19:49,14,6,Invierno
106335,OMEPRAZOL 20MG CAP CJAX100UND,PERUFARMA GENERICO,0.0,10.0,1.5,2025-06-10 19:19:11,9,6,Invierno
106335,OMEPRAZOL 20MG CAP CJAX100UND,PERUFARMA GENERICO,0.0,30.0,4.5,2025-06-10 19:52:05,2,6,Invierno
106335,OMEPRAZOL 20MG CAP CJAX100UND,PERUFARMA GENERICO,0.0,10.0,1.5,2025-06-10 20:49:43,5,6,Invierno
106335,OMEPRAZOL 20MG CAP CJAX100UND,PERUFARMA GENERICO,0.0,30.0,4.5,2025-06-10 20:54:16,1,6,Invierno
106335,OMEPRAZOL 20MG CAP CJAX100UND,PERUFARMA GENERICO,0.0,10.0,1.5,2025-06-10 22:01:03,12,6,Invierno
106335,OMEPRAZOL 20MG CAP CJAX100UND,PERUFARMA GENERICO,0.0,10.0,1.5,2025-06-11 07:35:59,13,6,Invierno
106335,OMEPRAZOL 20MG CAP CJAX100UND,PERUFARMA GENERICO,0.0,10.0,1.5,2025-06-11 10:58:19,16,6,Invierno
106335,OMEPRAZOL 20MG CAP CJAX100UND,PERUFARMA GENERICO,0.0,10.0,1.5,2025-06-11 11:29:57,12,6,Invierno
106335,OMEPRAZOL 20MG CAP CJAX100UND,PERUFARMA GENERICO,0.0,10.0,1.5,2025-06-11 12:29:10,5,6,Invierno
106335,OMEPRAZOL 20MG CAP CJAX100UND,PERUFARMA GENERICO,0.0,10.0,1.5,2025-06-11 14:07:29,9,6,Invierno
106335,OMEPRAZOL 20MG CAP CJAX100UND,PERUFARMA GENERICO,0.0,10.0,1.5,2025-06-11 14:16:49,9,6,Invierno
106335,OMEPRAZOL 20MG CAP CJAX100UND,PERUFARMA GENERICO,0.0,50.0,7.5,2025-06-11 16:21:29,7,6,Invierno
106335,OMEPRAZOL 20MG CAP CJAX100UND,PERUFARMA GENERICO,0.0,10.0,1.5,2025-06-11 19:17:49,10,6,Invierno
106335,OMEPRAZOL 20MG CAP CJAX100UND,PERUFARMA GENERICO,0.0,8.0,1.2,2025-06-11 19:44:17,7,6,Invierno
106335,OMEPRAZOL 20MG CAP CJAX100UND,PERUFARMA GENERICO,0.0,10.0,1.5,2025-06-11 21:34:31,12,6,Invierno
106335,OMEPRAZOL 20MG CAP CJAX100UND,PERUFARMA GENERICO,0.0,10.0,1.5,2025-06-11 21:58:32,2,6,Invierno
106335,OMEPRAZOL 20MG CAP CJAX100UND,PERUFARMA GENERICO,0.0,10.0,1.5,2025-06-12 10:33:28,5,6,Invierno
106335,OMEPRAZOL 20MG CAP CJAX100UND,PERUFARMA GENERICO,0.0,10.0,1.5,2025-06-12 12:24:30,2,6,Invierno
106335,OMEPRAZOL 20MG CAP CJAX100UND,PERUFARMA GENERICO,0.0,10.0,1.5,2025-06-12 16:49:13,2,6,Invierno
106335,OMEPRAZOL 20MG CAP CJAX100UND,PERUFARMA GENERICO,0.0,10.0,1.5,2025-06-12 20:52:57,10,6,Invierno
106335,OMEPRAZOL 20MG CAP CJAX100UND,PERUFARMA GENERICO,0.0,10.0,1.5,2025-06-12 21:57:22,12,6,Invierno
106335,OMEPRAZOL 20MG CAP CJAX100UND,PERUFARMA GENERICO,0.0,10.0,1.5,2025-06-13 08:09:28,1,6,Invierno
106335,OMEPRAZOL 20MG CAP CJAX100UND,PERUFARMA GENERICO,0.0,10.0,1.5,2025-06-13 11:02:25,3,6,Invierno
106335,OMEPRAZOL 20MG CAP CJAX100UND,PERUFARMA GENERICO,1.0,0.0,15.0,2025-06-13 13:12:43,5,6,Invierno
106335,OMEPRAZOL 20MG CAP CJAX100UND,PERUFARMA GENERICO,0.0,10.0,1.5,2025-06-13 16:11:55,1,6,Invierno
106335,OMEPRAZOL 20MG CAP CJAX100UND,PERUFARMA GENERICO,0.0,10.0,1.5,2025-06-13 18:37:54,10,6,Invierno
106335,OMEPRAZOL 20MG CAP CJAX100UND,PERUFARMA GENERICO,0.0,20.0,3.0,2025-06-13 19:51:05,3,6,Invierno
106335,OMEPRAZOL 20MG CAP CJAX100UND,PERUFARMA GENERICO,0.0,10.0,1.5,2025-06-13 20:21:10,10,6,Invierno
106335,OMEPRAZOL 20MG CAP CJAX100UND,PERUFARMA GENERICO,0.0,10.0,1.5,2025-06-13 20:30:18,1,6,Invierno
106335,OMEPRAZOL 20MG CAP CJAX100UND,PERUFARMA GENERICO,0.0,40.0,6.0,2025-06-13 20:47:22,15,6,Invierno
106335,OMEPRAZOL 20MG CAP CJAX100UND,PERUFARMA GENERICO,0.0,10.0,1.5,2025-06-14 08:17:34,16,6,Invierno
106335,OMEPRAZOL 20MG CAP CJAX100UND,PERUFARMA GENERICO,0.0,10.0,1.5,2025-06-14 09:52:33,3,6,Invierno
106335,OMEPRAZOL 20MG CAP CJAX100UND,PERUFARMA GENERICO,0.0,10.0,1.5,2025-06-14 11:40:59,9,6,Invierno
106335,OMEPRAZOL 20MG CAP CJAX100UND,PERUFARMA GENERICO,0.0,20.0,3.0,2025-06-14 11:48:42,5,6,Invierno
106335,OMEPRAZOL 20MG CAP CJAX100UND,PERUFARMA GENERICO,0.0,10.0,1.5,2025-06-14 19:27:26,9,6,Invierno
106335,OMEPRAZOL 20MG CAP CJAX100UND,PERUFARMA GENERICO,0.0,16.0,2.4,2025-06-15 08:59:57,13,6,Invierno
106335,OMEPRAZOL 20MG CAP CJAX100UND,PERUFARMA GENERICO,0.0,10.0,1.5,2025-06-15 16:14:26,2,6,Invierno
106335,OMEPRAZOL 20MG CAP CJAX100UND,PERUFARMA GENERICO,0.0,10.0,1.5,2025-06-15 18:54:52,10,6,Invierno
106335,OMEPRAZOL 20MG CAP CJAX100UND,PERUFARMA GENERICO,0.0,10.0,1.5,2025-06-15 19:02:05,14,6,Invierno
106335,OMEPRAZOL 20MG CAP CJAX100UND,PERUFARMA GENERICO,0.0,10.0,1.5,2025-06-15 19:41:03,2,6,Invierno
106335,OMEPRAZOL 20MG CAP CJAX100UND,PERUFARMA GENERICO,0.0,10.0,1.5,2025-06-15 22:03:12,14,6,Invierno
106335,OMEPRAZOL 20MG CAP CJAX100UND,PERUFARMA GENERICO,0.0,10.0,1.5,2025-06-16 08:28:13,10,6,Invierno
106335,OMEPRAZOL 20MG CAP CJAX100UND,PERUFARMA GENERICO,0.0,10.0,1.5,2025-06-16 10:18:10,9,6,Invierno
106335,OMEPRAZOL 20MG CAP CJAX100UND,PERUFARMA GENERICO,0.0,10.0,1.5,2025-06-16 11:38:49,11,6,Invierno
106335,OMEPRAZOL 20MG CAP CJAX100UND,PERUFARMA GENERICO,0.0,-10.0,-1.5,2025-06-16 12:00:00,5,6,Invierno
106335,OMEPRAZOL 20MG CAP CJAX100UND,PERUFARMA GENERICO,0.0,10.0,1.5,2025-06-16 14:43:51,12,6,Invierno
106335,OMEPRAZOL 20MG CAP CJAX100UND,PERUFARMA GENERICO,0.0,10.0,1.5,2025-06-16 15:48:58,2,6,Invierno
106335,OMEPRAZOL 20MG CAP CJAX100UND,PERUFARMA GENERICO,0.0,10.0,1.5,2025-06-16 17:22:58,14,6,Invierno
106335,OMEPRAZOL 20MG CAP CJAX100UND,PERUFARMA GENERICO,0.0,10.0,1.5,2025-06-16 17:55:37,5,6,Invierno
106335,OMEPRAZOL 20MG CAP CJAX100UND,PERUFARMA GENERICO,0.0,10.0,1.5,2025-06-16 17:59:44,5,6,Invierno
106335,OMEPRAZOL 20MG CAP CJAX100UND,PERUFARMA GENERICO,0.0,10.0,1.5,2025-06-16 19:47:44,12,6,Invierno
106335,OMEPRAZOL 20MG CAP CJAX100UND,PERUFARMA GENERICO,0.0,10.0,1.5,2025-06-17 08:26:27,4,6,Invierno
106335,OMEPRAZOL 20MG CAP CJAX100UND,PERUFARMA GENERICO,0.0,10.0,1.5,2025-06-17 12:35:04,14,6,Invierno
106335,OMEPRAZOL 20MG CAP CJAX100UND,PERUFARMA GENERICO,0.0,10.0,1.5,2025-06-17 15:58:17,2,6,Invierno
106335,OMEPRAZOL 20MG CAP CJAX100UND,PERUFARMA GENERICO,0.0,30.0,4.5,2025-06-17 17:43:42,9,6,Invierno
106335,OMEPRAZOL 20MG CAP CJAX100UND,PERUFARMA GENERICO,0.0,10.0,1.5,2025-06-17 20:10:40,2,6,Invierno
106335,OMEPRAZOL 20MG CAP CJAX100UND,PERUFARMA GENERICO,0.0,10.0,1.5,2025-06-17 20:25:08,6,6,Invierno
106335,OMEPRAZOL 20MG CAP CJAX100UND,PERUFARMA GENERICO,0.0,10.0,1.5,2025-06-18 09:23:39,1,6,Invierno
106335,OMEPRAZOL 20MG CAP CJAX100UND,PERUFARMA GENERICO,0.0,10.0,1.5,2025-06-18 09:36:38,9,6,Invierno
106335,OMEPRAZOL 20MG CAP CJAX100UND,PERUFARMA GENERICO,0.0,10.0,1.5,2025-06-18 13:28:21,7,6,Invierno
106335,OMEPRAZOL 20MG CAP CJAX100UND,PERUFARMA GENERICO,0.0,10.0,1.5,2025-06-18 17:01:25,10,6,Invierno
106335,OMEPRAZOL 20MG CAP CJAX100UND,PERUFARMA GENERICO,0.0,10.0,1.5,2025-06-18 19:05:13,7,6,Invierno
106335,OMEPRAZOL 20MG CAP CJAX100UND,PERUFARMA GENERICO,0.0,10.0,1.5,2025-06-18 19:18:36,5,6,Invierno
106335,OMEPRAZOL 20MG CAP CJAX100UND,PERUFARMA GENERICO,0.0,10.0,1.5,2025-06-18 21:47:17,2,6,Invierno
106335,OMEPRAZOL 20MG CAP CJAX100UND,PERUFARMA GENERICO,0.0,10.0,1.5,2025-06-19 14:15:54,9,6,Invierno
106335,OMEPRAZOL 20MG CAP CJAX100UND,PERUFARMA GENERICO,0.0,40.0,5.6,2025-06-19 16:00:02,3,6,Invierno
106335,OMEPRAZOL 20MG CAP CJAX100UND,PERUFARMA GENERICO,0.0,20.0,3.0,2025-06-19 18:16:12,1,6,Invierno
106335,OMEPRAZOL 20MG CAP CJAX100UND,PERUFARMA GENERICO,0.0,10.0,1.5,2025-06-19 18:20:10,11,6,Invierno
106335,OMEPRAZOL 20MG CAP CJAX100UND,PERUFARMA GENERICO,0.0,20.0,3.0,2025-06-19 19:55:02,13,6,Invierno
106335,OMEPRAZOL 20MG CAP CJAX100UND,PERUFARMA GENERICO,0.0,10.0,1.5,2025-06-19 20:18:30,13,6,Invierno
106335,OMEPRAZOL 20MG CAP CJAX100UND,PERUFARMA GENERICO,0.0,10.0,1.5,2025-06-19 22:14:20,9,6,Invierno
106335,OMEPRAZOL 20MG CAP CJAX100UND,PERUFARMA GENERICO,0.0,10.0,1.5,2025-06-20 07:55:34,7,6,Invierno
106335,OMEPRAZOL 20MG CAP CJAX100UND,PERUFARMA GENERICO,0.0,10.0,1.5,2025-06-20 08:20:43,9,6,Invierno
106335,OMEPRAZOL 20MG CAP CJAX100UND,PERUFARMA GENERICO,0.0,20.0,3.0,2025-06-20 08:52:52,12,6,Invierno
106335,OMEPRAZOL 20MG CAP CJAX100UND,PERUFARMA GENERICO,0.0,10.0,1.5,2025-06-20 20:03:31,1,6,Invierno
106335,OMEPRAZOL 20MG CAP CJAX100UND,PERUFARMA GENERICO,0.0,10.0,1.5,2025-06-20 20:27:03,16,6,Invierno
106335,OMEPRAZOL 20MG CAP CJAX100UND,PERUFARMA GENERICO,0.0,20.0,3.0,2025-06-20 23:15:56,10,6,Invierno
106335,OMEPRAZOL 20MG CAP CJAX100UND,PERUFARMA GENERICO,0.0,30.0,4.5,2025-06-21 10:58:31,12,6,Invierno
106335,OMEPRAZOL 20MG CAP CJAX100UND,PERUFARMA GENERICO,0.0,20.0,3.0,2025-06-21 11:37:59,16,6,Invierno
106335,OMEPRAZOL 20MG CAP CJAX100UND,PERUFARMA GENERICO,0.0,10.0,1.5,2025-06-21 13:40:53,16,6,Invierno
106335,OMEPRAZOL 20MG CAP CJAX100UND,PERUFARMA GENERICO,0.0,20.0,3.0,2025-06-21 15:59:09,5,6,Invierno
106335,OMEPRAZOL 20MG CAP CJAX100UND,PERUFARMA GENERICO,0.0,10.0,1.5,2025-06-21 17:22:47,2,6,Invierno
106335,OMEPRAZOL 20MG CAP CJAX100UND,PERUFARMA GENERICO,0.0,10.0,1.5,2025-06-21 18:34:20,1,6,Invierno
106335,OMEPRAZOL 20MG CAP CJAX100UND,PERUFARMA GENERICO,0.0,14.0,2.1,2025-06-21 21:09:36,2,6,Invierno
106335,OMEPRAZOL 20MG CAP CJAX100UND,PERUFARMA GENERICO,0.0,10.0,1.5,2025-06-21 22:59:55,5,6,Invierno
106335,OMEPRAZOL 20MG CAP CJAX100UND,PERUFARMA GENERICO,0.0,10.0,1.5,2025-06-22 15:48:37,9,6,Invierno
106335,OMEPRAZOL 20MG CAP CJAX100UND,PERUFARMA GENERICO,0.0,10.0,1.5,2025-06-22 17:11:29,3,6,Invierno
106335,OMEPRAZOL 20MG CAP CJAX100UND,PERUFARMA GENERICO,0.0,20.0,3.0,2025-06-22 19:44:54,1,6,Invierno
106335,OMEPRAZOL 20MG CAP CJAX100UND,PERUFARMA GENERICO,0.0,10.0,1.5,2025-06-22 21:33:47,5,6,Invierno
106335,OMEPRAZOL 20MG CAP CJAX100UND,PERUFARMA GENERICO,0.0,4.0,0.6,2025-06-23 13:07:44,3,6,Invierno
106335,OMEPRAZOL 20MG CAP CJAX100UND,PERUFARMA GENERICO,0.0,10.0,1.5,2025-06-23 18:17:04,7,6,Invierno
106335,OMEPRAZOL 20MG CAP CJAX100UND,PERUFARMA GENERICO,0.0,10.0,1.5,2025-06-23 18:18:26,7,6,Invierno
106335,OMEPRAZOL 20MG CAP CJAX100UND,PERUFARMA GENERICO,0.0,10.0,1.5,2025-06-23 21:44:29,10,6,Invierno
106335,OMEPRAZOL 20MG CAP CJAX100UND,PERUFARMA GENERICO,0.0,10.0,1.5,2025-06-24 07:31:40,6,6,Invierno
106335,OMEPRAZOL 20MG CAP CJAX100UND,PERUFARMA GENERICO,0.0,10.0,1.5,2025-06-24 07:58:17,9,6,Invierno
106335,OMEPRAZOL 20MG CAP CJAX100UND,PERUFARMA GENERICO,0.0,10.0,1.5,2025-06-24 19:13:56,11,6,Invierno
106335,OMEPRAZOL 20MG CAP CJAX100UND,PERUFARMA GENERICO,0.0,10.0,1.5,2025-06-24 19:23:38,5,6,Invierno
106335,OMEPRAZOL 20MG CAP CJAX100UND,PERUFARMA GENERICO,0.0,10.0,1.5,2025-06-25 13:52:07,14,6,Invierno
106335,OMEPRAZOL 20MG CAP CJAX100UND,PERUFARMA GENERICO,0.0,10.0,1.5,2025-06-25 18:38:34,12,6,Invierno
106335,OMEPRAZOL 20MG CAP CJAX100UND,PERUFARMA GENERICO,0.0,10.0,1.5,2025-06-25 19:47:23,7,6,Invierno
106335,OMEPRAZOL 20MG CAP CJAX100UND,PERUFARMA GENERICO,0.0,10.0,1.5,2025-06-25 20:46:09,4,6,Invierno
106335,OMEPRAZOL 20MG CAP CJAX100UND,PERUFARMA GENERICO,0.0,10.0,1.5,2025-06-25 21:33:57,4,6,Invierno
106335,OMEPRAZOL 20MG CAP CJAX100UND,PERUFARMA GENERICO,0.0,10.0,1.5,2025-06-26 13:19:20,7,6,Invierno
106335,OMEPRAZOL 20MG CAP CJAX100UND,PERUFARMA GENERICO,0.0,10.0,1.5,2025-06-26 14:52:33,9,6,Invierno
106335,OMEPRAZOL 20MG CAP CJAX100UND,PERUFARMA GENERICO,0.0,50.0,7.5,2025-06-26 20:00:21,2,6,Invierno
106335,OMEPRAZOL 20MG CAP CJAX100UND,PERUFARMA GENERICO,0.0,10.0,1.5,2025-06-26 20:15:21,4,6,Invierno
106335,OMEPRAZOL 20MG CAP CJAX100UND,PERUFARMA GENERICO,0.0,10.0,1.5,2025-06-27 10:58:18,6,6,Invierno
106335,OMEPRAZOL 20MG CAP CJAX100UND,PERUFARMA GENERICO,0.0,10.0,1.5,2025-06-27 11:45:00,16,6,Invierno
106335,OMEPRAZOL 20MG CAP CJAX100UND,PERUFARMA GENERICO,0.0,10.0,1.5,2025-06-27 13:35:46,2,6,Invierno
106335,OMEPRAZOL 20MG CAP CJAX100UND,PERUFARMA GENERICO,0.0,10.0,1.5,2025-06-27 16:24:56,5,6,Invierno
106335,OMEPRAZOL 20MG CAP CJAX100UND,PERUFARMA GENERICO,0.0,10.0,1.5,2025-06-27 20:31:49,13,6,Invierno
106335,OMEPRAZOL 20MG CAP CJAX100UND,PERUFARMA GENERICO,0.0,10.0,1.5,2025-06-28 14:30:11,16,6,Invierno
106335,OMEPRAZOL 20MG CAP CJAX100UND,PERUFARMA GENERICO,0.0,10.0,1.5,2025-06-28 17:17:21,12,6,Invierno
106335,OMEPRAZOL 20MG CAP CJAX100UND,PERUFARMA GENERICO,0.0,10.0,1.5,2025-06-28 18:06:21,3,6,Invierno
106335,OMEPRAZOL 20MG CAP CJAX100UND,PERUFARMA GENERICO,0.0,10.0,1.5,2025-06-28 18:37:39,3,6,Invierno
106335,OMEPRAZOL 20MG CAP CJAX100UND,PERUFARMA GENERICO,0.0,10.0,1.5,2025-06-28 19:34:40,2,6,Invierno
106335,OMEPRAZOL 20MG CAP CJAX100UND,PERUFARMA GENERICO,0.0,10.0,1.5,2025-06-28 19:43:38,7,6,Invierno
106335,OMEPRAZOL 20MG CAP CJAX100UND,PERUFARMA GENERICO,0.0,2.0,0.3,2025-06-28 20:14:56,9,6,Invierno
106335,OMEPRAZOL 20MG CAP CJAX100UND,PERUFARMA GENERICO,0.0,10.0,1.5,2025-06-28 20:38:31,12,6,Invierno
106335,OMEPRAZOL 20MG CAP CJAX100UND,PERUFARMA GENERICO,0.0,20.0,3.0,2025-06-28 21:02:41,10,6,Invierno
106335,OMEPRAZOL 20MG CAP CJAX100UND,PERUFARMA GENERICO,0.0,20.0,3.0,2025-06-28 22:02:36,10,6,Invierno
106335,OMEPRAZOL 20MG CAP CJAX100UND,PERUFARMA GENERICO,0.0,10.0,1.5,2025-06-29 08:32:07,13,6,Invierno
106335,OMEPRAZOL 20MG CAP CJAX100UND,PERUFARMA GENERICO,0.0,30.0,4.5,2025-06-29 08:39:10,12,6,Invierno
106335,OMEPRAZOL 20MG CAP CJAX100UND,PERUFARMA GENERICO,0.0,-10.0,-1.5,2025-06-29 12:00:00,5,6,Invierno
106335,OMEPRAZOL 20MG CAP CJAX100UND,PERUFARMA GENERICO,0.0,10.0,1.5,2025-06-29 12:01:00,14,6,Invierno
106335,OMEPRAZOL 20MG CAP CJAX100UND,PERUFARMA GENERICO,0.0,20.0,3.0,2025-06-29 16:22:34,1,6,Invierno
106335,OMEPRAZOL 20MG CAP CJAX100UND,PERUFARMA GENERICO,0.0,10.0,1.5,2025-06-29 19:54:06,5,6,Invierno
106335,OMEPRAZOL 20MG CAP CJAX100UND,PERUFARMA GENERICO,0.0,10.0,1.5,2025-06-30 11:33:27,7,6,Invierno
106335,OMEPRAZOL 20MG CAP CJAX100UND,PERUFARMA GENERICO,0.0,10.0,1.5,2025-06-30 11:47:40,5,6,Invierno
106335,OMEPRAZOL 20MG CAP CJAX100UND,PERUFARMA GENERICO,0.0,100.0,15.0,2025-06-30 17:21:02,10,6,Invierno
106335,OMEPRAZOL 20MG CAP CJAX100UND,PERUFARMA GENERICO,0.0,10.0,1.5,2025-06-30 23:32:24,4,6,Invierno
106335,OMEPRAZOL 20MG CAP CJAX100UND,PERUFARMA GENERICO,0.0,10.0,1.5,2025-07-01 09:03:08,9,7,Invierno
106335,OMEPRAZOL 20MG CAP CJAX100UND,PERUFARMA GENERICO,0.0,20.0,3.0,2025-07-01 12:23:12,4,7,Invierno
106335,OMEPRAZOL 20MG CAP CJAX100UND,PERUFARMA GENERICO,0.0,20.0,3.0,2025-07-01 12:45:46,10,7,Invierno
106335,OMEPRAZOL 20MG CAP CJAX100UND,PERUFARMA GENERICO,0.0,10.0,1.5,2025-07-01 16:32:05,9,7,Invierno
106335,OMEPRAZOL 20MG CAP CJAX100UND,PERUFARMA GENERICO,0.0,10.0,1.5,2025-07-01 18:32:26,9,7,Invierno
106335,OMEPRAZOL 20MG CAP CJAX100UND,PERUFARMA GENERICO,0.0,10.0,1.5,2025-07-01 19:32:10,3,7,Invierno
106335,OMEPRAZOL 20MG CAP CJAX100UND,PERUFARMA GENERICO,0.0,30.0,4.5,2025-07-02 08:37:32,9,7,Invierno
106335,OMEPRAZOL 20MG CAP CJAX100UND,PERUFARMA GENERICO,0.0,10.0,1.5,2025-07-02 11:28:07,2,7,Invierno
106335,OMEPRAZOL 20MG CAP CJAX100UND,PERUFARMA GENERICO,0.0,20.0,3.0,2025-07-02 11:32:48,9,7,Invierno
106335,OMEPRAZOL 20MG CAP CJAX100UND,PERUFARMA GENERICO,0.0,10.0,1.5,2025-07-02 11:56:08,9,7,Invierno
106335,OMEPRAZOL 20MG CAP CJAX100UND,PERUFARMA GENERICO,0.0,10.0,1.5,2025-07-02 14:47:58,15,7,Invierno
106335,OMEPRAZOL 20MG CAP CJAX100UND,PERUFARMA GENERICO,0.0,10.0,1.5,2025-07-02 16:37:03,2,7,Invierno
106335,OMEPRAZOL 20MG CAP CJAX100UND,PERUFARMA GENERICO,0.0,10.0,1.5,2025-07-03 12:30:48,1,7,Invierno
106335,OMEPRAZOL 20MG CAP CJAX100UND,PERUFARMA GENERICO,0.0,10.0,1.4,2025-07-03 14:15:35,1,7,Invierno
106335,OMEPRAZOL 20MG CAP CJAX100UND,PERUFARMA GENERICO,0.0,20.0,3.0,2025-07-03 14:20:50,5,7,Invierno
106335,OMEPRAZOL 20MG CAP CJAX100UND,PERUFARMA GENERICO,0.0,30.0,4.5,2025-07-03 16:04:50,1,7,Invierno
106335,OMEPRAZOL 20MG CAP CJAX100UND,PERUFARMA GENERICO,0.0,20.0,3.0,2025-07-03 18:24:01,2,7,Invierno
106335,OMEPRAZOL 20MG CAP CJAX100UND,PERUFARMA GENERICO,0.0,10.0,1.5,2025-07-03 20:34:45,7,7,Invierno
106335,OMEPRAZOL 20MG CAP CJAX100UND,PERUFARMA GENERICO,0.0,30.0,4.5,2025-07-04 09:55:35,5,7,Invierno
106335,OMEPRAZOL 20MG CAP CJAX100UND,PERUFARMA GENERICO,0.0,10.0,1.5,2025-07-04 10:10:56,16,7,Invierno
106335,OMEPRAZOL 20MG CAP CJAX100UND,PERUFARMA GENERICO,0.0,20.0,3.0,2025-07-04 12:25:10,2,7,Invierno
106335,OMEPRAZOL 20MG CAP CJAX100UND,PERUFARMA GENERICO,0.0,20.0,3.0,2025-07-04 17:45:33,2,7,Invierno
106335,OMEPRAZOL 20MG CAP CJAX100UND,PERUFARMA GENERICO,0.0,10.0,1.5,2025-07-04 18:13:07,6,7,Invierno
106335,OMEPRAZOL 20MG CAP CJAX100UND,PERUFARMA GENERICO,0.0,10.0,1.5,2025-07-04 18:58:04,1,7,Invierno
106335,OMEPRAZOL 20MG CAP CJAX100UND,PERUFARMA GENERICO,0.0,10.0,1.5,2025-07-04 20:12:50,9,7,Invierno
106335,OMEPRAZOL 20MG CAP CJAX100UND,PERUFARMA GENERICO,0.0,10.0,1.5,2025-07-05 09:20:11,11,7,Invierno
106335,OMEPRAZOL 20MG CAP CJAX100UND,PERUFARMA GENERICO,0.0,10.0,1.5,2025-07-05 20:10:51,3,7,Invierno
106335,OMEPRAZOL 20MG CAP CJAX100UND,PERUFARMA GENERICO,0.0,10.0,1.5,2025-07-05 23:20:28,5,7,Invierno
106335,OMEPRAZOL 20MG CAP CJAX100UND,PERUFARMA GENERICO,0.0,10.0,1.4,2025-07-06 12:02:32,8,7,Invierno
106335,OMEPRAZOL 20MG CAP CJAX100UND,PERUFARMA GENERICO,0.0,10.0,1.5,2025-07-06 12:17:38,1,7,Invierno
106335,OMEPRAZOL 20MG CAP CJAX100UND,PERUFARMA GENERICO,0.0,10.0,1.5,2025-07-06 14:30:43,1,7,Invierno
106335,OMEPRAZOL 20MG CAP CJAX100UND,PERUFARMA GENERICO,0.0,10.0,1.5,2025-07-06 19:34:28,1,7,Invierno
106335,OMEPRAZOL 20MG CAP CJAX100UND,PERUFARMA GENERICO,0.0,10.0,1.5,2025-07-06 20:18:48,15,7,Invierno
106335,OMEPRAZOL 20MG CAP CJAX100UND,PERUFARMA GENERICO,0.0,7.0,1.05,2025-07-07 09:09:27,11,7,Invierno
106335,OMEPRAZOL 20MG CAP CJAX100UND,PERUFARMA GENERICO,0.0,10.0,1.5,2025-07-07 10:31:34,4,7,Invierno
106335,OMEPRAZOL 20MG CAP CJAX100UND,PERUFARMA GENERICO,0.0,10.0,1.5,2025-07-07 11:32:29,3,7,Invierno
106335,OMEPRAZOL 20MG CAP CJAX100UND,PERUFARMA GENERICO,0.0,10.0,1.5,2025-07-07 14:05:08,6,7,Invierno
106335,OMEPRAZOL 20MG CAP CJAX100UND,PERUFARMA GENERICO,0.0,10.0,1.5,2025-07-07 16:05:48,6,7,Invierno
106335,OMEPRAZOL 20MG CAP CJAX100UND,PERUFARMA GENERICO,0.0,20.0,3.0,2025-07-07 19:48:23,14,7,Invierno
106335,OMEPRAZOL 20MG CAP CJAX100UND,PERUFARMA GENERICO,0.0,10.0,1.5,2025-07-07 21:14:15,2,7,Invierno
106335,OMEPRAZOL 20MG CAP CJAX100UND,PERUFARMA GENERICO,0.0,10.0,1.5,2025-07-07 22:37:17,5,7,Invierno
106335,OMEPRAZOL 20MG CAP CJAX100UND,PERUFARMA GENERICO,0.0,10.0,1.5,2025-07-07 22:38:46,5,7,Invierno
106335,OMEPRAZOL 20MG CAP CJAX100UND,PERUFARMA GENERICO,0.0,5.0,0.75,2025-07-08 08:14:25,16,7,Invierno
106335,OMEPRAZOL 20MG CAP CJAX100UND,PERUFARMA GENERICO,0.0,10.0,1.5,2025-07-08 08:28:33,1,7,Invierno
106335,OMEPRAZOL 20MG CAP CJAX100UND,PERUFARMA GENERICO,0.0,10.0,1.5,2025-07-08 11:02:03,7,7,Invierno
106335,OMEPRAZOL 20MG CAP CJAX100UND,PERUFARMA GENERICO,0.0,20.0,3.0,2025-07-08 14:58:34,1,7,Invierno
106335,OMEPRAZOL 20MG CAP CJAX100UND,PERUFARMA GENERICO,0.0,10.0,1.5,2025-07-08 16:07:28,8,7,Invierno
106335,OMEPRAZOL 20MG CAP CJAX100UND,PERUFARMA GENERICO,0.0,10.0,1.5,2025-07-08 18:37:44,6,7,Invierno
106335,OMEPRAZOL 20MG CAP CJAX100UND,PERUFARMA GENERICO,0.0,10.0,1.5,2025-07-08 20:00:00,2,7,Invierno
106335,OMEPRAZOL 20MG CAP CJAX100UND,PERUFARMA GENERICO,0.0,10.0,1.5,2025-07-08 21:42:49,7,7,Invierno
106335,OMEPRAZOL 20MG CAP CJAX100UND,PERUFARMA GENERICO,0.0,10.0,1.5,2025-07-08 21:49:16,12,7,Invierno
106335,OMEPRAZOL 20MG CAP CJAX100UND,PERUFARMA GENERICO,0.0,20.0,3.0,2025-07-09 08:43:43,2,7,Invierno
106335,OMEPRAZOL 20MG CAP CJAX100UND,PERUFARMA GENERICO,0.0,10.0,1.5,2025-07-09 10:02:53,8,7,Invierno
106335,OMEPRAZOL 20MG CAP CJAX100UND,PERUFARMA GENERICO,0.0,10.0,1.5,2025-07-09 10:36:46,16,7,Invierno
106335,OMEPRAZOL 20MG CAP CJAX100UND,PERUFARMA GENERICO,0.0,30.0,4.5,2025-07-09 12:08:40,2,7,Invierno
106335,OMEPRAZOL 20MG CAP CJAX100UND,PERUFARMA GENERICO,0.0,20.0,3.0,2025-07-09 12:12:49,2,7,Invierno
106335,OMEPRAZOL 20MG CAP CJAX100UND,PERUFARMA GENERICO,0.0,10.0,1.5,2025-07-09 13:38:40,1,7,Invierno
106335,OMEPRAZOL 20MG CAP CJAX100UND,PERUFARMA GENERICO,0.0,10.0,1.5,2025-07-09 18:34:04,9,7,Invierno
106335,OMEPRAZOL 20MG CAP CJAX100UND,PERUFARMA GENERICO,1.0,0.0,14.7,2025-07-09 18:35:37,2,7,Invierno
106335,OMEPRAZOL 20MG CAP CJAX100UND,PERUFARMA GENERICO,0.0,10.0,1.5,2025-07-10 11:07:22,5,7,Invierno
106335,OMEPRAZOL 20MG CAP CJAX100UND,PERUFARMA GENERICO,0.0,20.0,3.0,2025-07-10 14:15:03,6,7,Invierno
106335,OMEPRAZOL 20MG CAP CJAX100UND,PERUFARMA GENERICO,0.0,10.0,1.5,2025-07-10 16:40:35,1,7,Invierno
106335,OMEPRAZOL 20MG CAP CJAX100UND,PERUFARMA GENERICO,0.0,10.0,1.5,2025-07-10 18:52:56,3,7,Invierno
106335,OMEPRAZOL 20MG CAP CJAX100UND,PERUFARMA GENERICO,0.0,20.0,2.8,2025-07-11 08:07:11,6,7,Invierno
106335,OMEPRAZOL 20MG CAP CJAX100UND,PERUFARMA GENERICO,1.0,0.0,14.7,2025-07-11 08:54:47,10,7,Invierno
106335,OMEPRAZOL 20MG CAP CJAX100UND,PERUFARMA GENERICO,0.0,10.0,1.5,2025-07-11 11:28:30,1,7,Invierno
106335,OMEPRAZOL 20MG CAP CJAX100UND,PERUFARMA GENERICO,0.0,20.0,3.0,2025-07-11 12:12:09,2,7,Invierno
106335,OMEPRAZOL 20MG CAP CJAX100UND,PERUFARMA GENERICO,0.0,10.0,1.5,2025-07-11 13:26:01,3,7,Invierno
106335,OMEPRAZOL 20MG CAP CJAX100UND,PERUFARMA GENERICO,0.0,10.0,1.5,2025-07-11 14:12:28,9,7,Invierno
106335,OMEPRAZOL 20MG CAP CJAX100UND,PERUFARMA GENERICO,0.0,10.0,1.5,2025-07-11 17:24:28,7,7,Invierno
106335,OMEPRAZOL 20MG CAP CJAX100UND,PERUFARMA GENERICO,0.0,10.0,1.5,2025-07-11 19:23:06,4,7,Invierno
106335,OMEPRAZOL 20MG CAP CJAX100UND,PERUFARMA GENERICO,0.0,10.0,1.5,2025-07-11 19:38:12,2,7,Invierno
106335,OMEPRAZOL 20MG CAP CJAX100UND,PERUFARMA GENERICO,0.0,10.0,1.5,2025-07-11 19:39:03,15,7,Invierno
106335,OMEPRAZOL 20MG CAP CJAX100UND,PERUFARMA GENERICO,0.0,10.0,1.5,2025-07-12 13:31:59,8,7,Invierno
106335,OMEPRAZOL 20MG CAP CJAX100UND,PERUFARMA GENERICO,0.0,20.0,3.0,2025-07-12 14:15:32,2,7,Invierno
106335,OMEPRAZOL 20MG CAP CJAX100UND,PERUFARMA GENERICO,0.0,2.0,0.3,2025-07-12 18:57:56,13,7,Invierno
106335,OMEPRAZOL 20MG CAP CJAX100UND,PERUFARMA GENERICO,0.0,10.0,1.5,2025-07-13 12:22:18,6,7,Invierno
106335,OMEPRAZOL 20MG CAP CJAX100UND,PERUFARMA GENERICO,0.0,10.0,1.5,2025-07-13 16:46:48,9,7,Invierno
106335,OMEPRAZOL 20MG CAP CJAX100UND,PERUFARMA GENERICO,0.0,10.0,1.5,2025-07-13 17:35:06,10,7,Invierno
106335,OMEPRAZOL 20MG CAP CJAX100UND,PERUFARMA GENERICO,0.0,-10.0,-1.5,2025-07-13 17:52:28,10,7,Invierno
106335,OMEPRAZOL 20MG CAP CJAX100UND,PERUFARMA GENERICO,0.0,10.0,1.5,2025-07-13 17:52:58,10,7,Invierno
106335,OMEPRAZOL 20MG CAP CJAX100UND,PERUFARMA GENERICO,0.0,10.0,1.5,2025-07-13 18:44:13,6,7,Invierno
106335,OMEPRAZOL 20MG CAP CJAX100UND,PERUFARMA GENERICO,0.0,10.0,1.5,2025-07-13 22:04:39,7,7,Invierno
106335,OMEPRAZOL 20MG CAP CJAX100UND,PERUFARMA GENERICO,0.0,10.0,1.5,2025-07-14 08:43:20,16,7,Invierno
106335,OMEPRAZOL 20MG CAP CJAX100UND,PERUFARMA GENERICO,0.0,6.0,0.9,2025-07-14 10:34:12,5,7,Invierno
106335,OMEPRAZOL 20MG CAP CJAX100UND,PERUFARMA GENERICO,0.0,10.0,1.5,2025-07-14 11:54:57,8,7,Invierno
106335,OMEPRAZOL 20MG CAP CJAX100UND,PERUFARMA GENERICO,0.0,10.0,1.5,2025-07-14 12:57:14,7,7,Invierno
106335,OMEPRAZOL 20MG CAP CJAX100UND,PERUFARMA GENERICO,0.0,10.0,1.5,2025-07-14 21:01:53,1,7,Invierno
106335,OMEPRAZOL 20MG CAP CJAX100UND,PERUFARMA GENERICO,0.0,10.0,1.5,2025-07-14 23:55:48,5,7,Invierno
106335,OMEPRAZOL 20MG CAP CJAX100UND,PERUFARMA GENERICO,0.0,10.0,1.5,2025-07-15 09:52:44,10,7,Invierno
106335,OMEPRAZOL 20MG CAP CJAX100UND,PERUFARMA GENERICO,0.0,10.0,1.5,2025-07-15 17:08:37,2,7,Invierno
106335,OMEPRAZOL 20MG CAP CJAX100UND,PERUFARMA GENERICO,0.0,10.0,1.5,2025-07-15 20:20:48,2,7,Invierno
106335,OMEPRAZOL 20MG CAP CJAX100UND,PERUFARMA GENERICO,0.0,30.0,4.5,2025-07-16 10:51:14,11,7,Invierno
106335,OMEPRAZOL 20MG CAP CJAX100UND,PERUFARMA GENERICO,0.0,10.0,1.5,2025-07-16 17:53:58,8,7,Invierno
106335,OMEPRAZOL 20MG CAP CJAX100UND,PERUFARMA GENERICO,0.0,40.0,6.0,2025-07-16 18:57:33,8,7,Invierno
106335,OMEPRAZOL 20MG CAP CJAX100UND,PERUFARMA GENERICO,0.0,10.0,1.5,2025-07-17 08:16:33,16,7,Invierno
106335,OMEPRAZOL 20MG CAP CJAX100UND,PERUFARMA GENERICO,0.0,20.0,3.0,2025-07-17 10:59:45,9,7,Invierno
106335,OMEPRAZOL 20MG CAP CJAX100UND,PERUFARMA GENERICO,0.0,10.0,1.5,2025-07-17 15:29:50,1,7,Invierno
106335,OMEPRAZOL 20MG CAP CJAX100UND,PERUFARMA GENERICO,0.0,2.0,0.3,2025-07-17 18:33:12,9,7,Invierno
106335,OMEPRAZOL 20MG CAP CJAX100UND,PERUFARMA GENERICO,0.0,10.0,1.5,2025-07-17 19:21:24,13,7,Invierno
106335,OMEPRAZOL 20MG CAP CJAX100UND,JOHNSON REACH,0.0,10.0,1.5,2025-07-17 19:26:18,2,7,Invierno
106335,OMEPRAZOL 20MG CAP CJAX100UND,PERUFARMA GENERICO,0.0,10.0,1.5,2025-07-17 21:01:53,13,7,Invierno
106335,OMEPRAZOL 20MG CAP CJAX100UND,PERUFARMA GENERICO,0.0,10.0,1.5,2025-07-17 22:53:12,15,7,Invierno
106335,OMEPRAZOL 20MG CAP CJAX100UND,PERUFARMA GENERICO,0.0,10.0,1.5,2025-07-18 07:33:44,13,7,Invierno
106335,OMEPRAZOL 20MG CAP CJAX100UND,PERUFARMA GENERICO,0.0,10.0,1.5,2025-07-18 07:40:58,12,7,Invierno
106335,OMEPRAZOL 20MG CAP CJAX100UND,PERUFARMA GENERICO,0.0,10.0,1.5,2025-07-18 07:42:01,5,7,Invierno
106335,OMEPRAZOL 20MG CAP CJAX100UND,PERUFARMA GENERICO,0.0,10.0,1.5,2025-07-18 09:20:06,5,7,Invierno
106335,OMEPRAZOL 20MG CAP CJAX100UND,PERUFARMA GENERICO,0.0,10.0,1.5,2025-07-18 09:44:46,9,7,Invierno
106335,OMEPRAZOL 20MG CAP CJAX100UND,PERUFARMA GENERICO,0.0,20.0,3.0,2025-07-18 12:56:11,11,7,Invierno
106335,OMEPRAZOL 20MG CAP CJAX100UND,PERUFARMA GENERICO,0.0,10.0,1.5,2025-07-18 14:59:27,5,7,Invierno
106335,OMEPRAZOL 20MG CAP CJAX100UND,PERUFARMA GENERICO,0.0,10.0,1.5,2025-07-18 18:07:30,9,7,Invierno
106335,OMEPRAZOL 20MG CAP CJAX100UND,PERUFARMA GENERICO,0.0,10.0,1.5,2025-07-18 18:57:06,2,7,Invierno
106335,OMEPRAZOL 20MG CAP CJAX100UND,PERUFARMA GENERICO,0.0,10.0,1.5,2025-07-18 20:28:41,12,7,Invierno
106335,OMEPRAZOL 20MG CAP CJAX100UND,PERUFARMA GENERICO,0.0,20.0,3.0,2025-07-18 22:12:42,5,7,Invierno
106335,OMEPRAZOL 20MG CAP CJAX100UND,PERUFARMA GENERICO,0.0,10.0,1.5,2025-07-19 17:32:56,5,7,Invierno
106335,OMEPRAZOL 20MG CAP CJAX100UND,PERUFARMA GENERICO,0.0,10.0,1.5,2025-07-19 18:11:49,14,7,Invierno
106335,OMEPRAZOL 20MG CAP CJAX100UND,PERUFARMA GENERICO,0.0,10.0,1.5,2025-07-19 20:04:27,9,7,Invierno
106335,OMEPRAZOL 20MG CAP CJAX100UND,PERUFARMA GENERICO,0.0,20.0,3.0,2025-07-19 20:27:25,1,7,Invierno
106335,OMEPRAZOL 20MG CAP CJAX100UND,PERUFARMA GENERICO,0.0,10.0,1.5,2025-07-20 08:28:12,7,7,Invierno
106335,OMEPRAZOL 20MG CAP CJAX100UND,PERUFARMA GENERICO,0.0,10.0,1.5,2025-07-20 09:10:42,15,7,Invierno
106335,OMEPRAZOL 20MG CAP CJAX100UND,PERUFARMA GENERICO,0.0,20.0,3.0,2025-07-20 09:55:36,13,7,Invierno
106335,OMEPRAZOL 20MG CAP CJAX100UND,PERUFARMA GENERICO,0.0,10.0,1.5,2025-07-20 12:12:14,7,7,Invierno
106335,OMEPRAZOL 20MG CAP CJAX100UND,PERUFARMA GENERICO,0.0,10.0,1.5,2025-07-20 20:38:40,6,7,Invierno
106335,OMEPRAZOL 20MG CAP CJAX100UND,PERUFARMA GENERICO,0.0,10.0,1.5,2025-07-20 21:48:26,2,7,Invierno
106335,OMEPRAZOL 20MG CAP CJAX100UND,PERUFARMA GENERICO,0.0,10.0,1.5,2025-07-21 07:34:07,13,7,Invierno
106335,OMEPRAZOL 20MG CAP CJAX100UND,PERUFARMA GENERICO,0.0,50.0,7.5,2025-07-21 08:53:38,9,7,Invierno
106335,OMEPRAZOL 20MG CAP CJAX100UND,PERUFARMA GENERICO,0.0,10.0,1.5,2025-07-21 09:50:43,9,7,Invierno
106335,OMEPRAZOL 20MG CAP CJAX100UND,PERUFARMA GENERICO,0.0,10.0,1.5,2025-07-21 12:08:21,1,7,Invierno
106335,OMEPRAZOL 20MG CAP CJAX100UND,PERUFARMA GENERICO,0.0,20.0,3.0,2025-07-21 12:26:59,11,7,Invierno
106335,OMEPRAZOL 20MG CAP CJAX100UND,PERUFARMA GENERICO,0.0,30.0,4.5,2025-07-21 12:40:03,2,7,Invierno
106335,OMEPRAZOL 20MG CAP CJAX100UND,PERUFARMA GENERICO,0.0,10.0,1.5,2025-07-21 12:56:50,2,7,Invierno
106335,OMEPRAZOL 20MG CAP CJAX100UND,PERUFARMA GENERICO,0.0,10.0,1.4,2025-07-21 13:16:02,5,7,Invierno
106335,OMEPRAZOL 20MG CAP CJAX100UND,PERUFARMA GENERICO,0.0,10.0,1.5,2025-07-21 19:59:24,3,7,Invierno
106335,OMEPRAZOL 20MG CAP CJAX100UND,PERUFARMA GENERICO,0.0,45.0,6.75,2025-07-22 07:18:21,16,7,Invierno
106335,OMEPRAZOL 20MG CAP CJAX100UND,PERUFARMA GENERICO,0.0,10.0,1.5,2025-07-22 14:20:26,13,7,Invierno
106335,OMEPRAZOL 20MG CAP CJAX100UND,PERUFARMA GENERICO,0.0,30.0,4.5,2025-07-22 15:10:13,5,7,Invierno
106335,OMEPRAZOL 20MG CAP CJAX100UND,PERUFARMA GENERICO,0.0,10.0,1.5,2025-07-22 15:53:35,6,7,Invierno
106335,OMEPRAZOL 20MG CAP CJAX100UND,PERUFARMA GENERICO,0.0,10.0,1.5,2025-07-22 17:05:13,2,7,Invierno
106335,OMEPRAZOL 20MG CAP CJAX100UND,PERUFARMA GENERICO,2.0,0.0,29.4,2025-07-22 20:30:55,16,7,Invierno
106335,OMEPRAZOL 20MG CAP CJAX100UND,PERUFARMA GENERICO,0.0,10.0,1.5,2025-07-22 21:21:41,5,7,Invierno
106335,OMEPRAZOL 20MG CAP CJAX100UND,PERUFARMA GENERICO,0.0,10.0,1.5,2025-07-23 09:12:13,15,7,Invierno
106335,OMEPRAZOL 20MG CAP CJAX100UND,PERUFARMA GENERICO,0.0,15.0,2.25,2025-07-23 10:19:15,6,7,Invierno
106335,OMEPRAZOL 20MG CAP CJAX100UND,PERUFARMA GENERICO,0.0,10.0,1.5,2025-07-23 10:31:10,9,7,Invierno
106335,OMEPRAZOL 20MG CAP CJAX100UND,PERUFARMA GENERICO,0.0,20.0,3.0,2025-07-23 17:09:55,9,7,Invierno
106335,OMEPRAZOL 20MG CAP CJAX100UND,PERUFARMA GENERICO,0.0,10.0,1.5,2025-07-23 18:56:01,1,7,Invierno
106335,OMEPRAZOL 20MG CAP CJAX100UND,PERUFARMA GENERICO,0.0,10.0,1.5,2025-07-23 19:00:15,3,7,Invierno
106335,OMEPRAZOL 20MG CAP CJAX100UND,PERUFARMA GENERICO,0.0,20.0,3.0,2025-07-23 20:36:03,10,7,Invierno
106335,OMEPRAZOL 20MG CAP CJAX100UND,PERUFARMA GENERICO,0.0,10.0,1.5,2025-07-23 21:45:33,1,7,Invierno
106335,OMEPRAZOL 20MG CAP CJAX100UND,PERUFARMA GENERICO,0.0,10.0,1.5,2025-07-24 12:03:48,4,7,Invierno
106335,OMEPRAZOL 20MG CAP CJAX100UND,PERUFARMA GENERICO,0.0,10.0,1.5,2025-07-24 18:27:15,7,7,Invierno
106335,OMEPRAZOL 20MG CAP CJAX100UND,PERUFARMA GENERICO,0.0,10.0,1.5,2025-07-24 18:30:52,9,7,Invierno
106335,OMEPRAZOL 20MG CAP CJAX100UND,PERUFARMA GENERICO,0.0,10.0,1.5,2025-07-24 18:33:46,15,7,Invierno
106335,OMEPRAZOL 20MG CAP CJAX100UND,PERUFARMA GENERICO,0.0,30.0,4.5,2025-07-24 20:09:34,5,7,Invierno
106335,OMEPRAZOL 20MG CAP CJAX100UND,PERUFARMA GENERICO,0.0,10.0,1.5,2025-07-25 12:28:59,10,7,Invierno
106335,OMEPRAZOL 20MG CAP CJAX100UND,PERUFARMA GENERICO,0.0,10.0,1.5,2025-07-25 12:35:33,5,7,Invierno
106335,OMEPRAZOL 20MG CAP CJAX100UND,PERUFARMA GENERICO,0.0,10.0,1.5,2025-07-25 18:55:42,8,7,Invierno
106335,OMEPRAZOL 20MG CAP CJAX100UND,PERUFARMA GENERICO,0.0,10.0,1.5,2025-07-25 20:19:49,6,7,Invierno
106335,OMEPRAZOL 20MG CAP CJAX100UND,PERUFARMA GENERICO,0.0,10.0,1.5,2025-07-26 11:21:48,1,7,Invierno
106335,OMEPRAZOL 20MG CAP CJAX100UND,PERUFARMA GENERICO,0.0,30.0,4.5,2025-07-26 16:16:06,3,7,Invierno
106335,OMEPRAZOL 20MG CAP CJAX100UND,PERUFARMA GENERICO,0.0,10.0,1.5,2025-07-26 21:07:31,2,7,Invierno
106335,OMEPRAZOL 20MG CAP CJAX100UND,PERUFARMA GENERICO,0.0,10.0,1.5,2025-07-26 22:46:05,6,7,Invierno
106335,OMEPRAZOL 20MG CAP CJAX100UND,PERUFARMA GENERICO,0.0,20.0,3.0,2025-07-27 09:39:56,9,7,Invierno
106335,OMEPRAZOL 20MG CAP CJAX100UND,PERUFARMA GENERICO,0.0,20.0,2.8,2025-07-27 13:50:01,8,7,Invierno
106335,OMEPRAZOL 20MG CAP CJAX100UND,PERUFARMA GENERICO,0.0,10.0,1.5,2025-07-27 15:30:31,15,7,Invierno
106335,OMEPRAZOL 20MG CAP CJAX100UND,PERUFARMA GENERICO,0.0,10.0,1.5,2025-07-27 21:37:25,6,7,Invierno
106335,OMEPRAZOL 20MG CAP CJAX100UND,PERUFARMA GENERICO,0.0,10.0,1.5,2025-07-28 11:32:17,9,7,Invierno
106335,OMEPRAZOL 20MG CAP CJAX100UND,PERUFARMA GENERICO,0.0,10.0,1.5,2025-07-28 12:52:48,1,7,Invierno
106335,OMEPRAZOL 20MG CAP CJAX100UND,PERUFARMA GENERICO,1.0,0.0,14.7,2025-07-28 18:25:47,7,7,Invierno
106335,OMEPRAZOL 20MG CAP CJAX100UND,PERUFARMA GENERICO,0.0,20.0,3.0,2025-07-28 19:46:34,1,7,Invierno
106335,OMEPRAZOL 20MG CAP CJAX100UND,PERUFARMA GENERICO,0.0,10.0,1.5,2025-07-28 20:13:10,1,7,Invierno
106335,OMEPRAZOL 20MG CAP CJAX100UND,PERUFARMA GENERICO,0.0,10.0,1.5,2025-07-28 20:19:04,4,7,Invierno
106335,OMEPRAZOL 20MG CAP CJAX100UND,PERUFARMA GENERICO,0.0,10.0,1.5,2025-07-29 07:47:43,4,7,Invierno
106335,OMEPRAZOL 20MG CAP CJAX100UND,PERUFARMA GENERICO,0.0,10.0,1.5,2025-07-29 12:15:27,9,7,Invierno
106335,OMEPRAZOL 20MG CAP CJAX100UND,PERUFARMA GENERICO,0.0,10.0,1.5,2025-07-29 12:38:36,9,7,Invierno
106335,OMEPRAZOL 20MG CAP CJAX100UND,PERUFARMA GENERICO,0.0,30.0,4.5,2025-07-29 13:18:05,2,7,Invierno
106335,OMEPRAZOL 20MG CAP CJAX100UND,PERUFARMA GENERICO,0.0,10.0,1.5,2025-07-29 13:49:33,9,7,Invierno
106335,OMEPRAZOL 20MG CAP CJAX100UND,PERUFARMA GENERICO,0.0,10.0,1.5,2025-07-29 17:49:04,13,7,Invierno
106335,OMEPRAZOL 20MG CAP CJAX100UND,PERUFARMA GENERICO,1.0,0.0,14.7,2025-07-29 18:45:43,5,7,Invierno
106335,OMEPRAZOL 20MG CAP CJAX100UND,PERUFARMA GENERICO,0.0,20.0,3.0,2025-07-29 19:35:55,4,7,Invierno
106335,OMEPRAZOL 20MG CAP CJAX100UND,PERUFARMA GENERICO,0.0,10.0,1.5,2025-07-30 08:27:54,10,7,Invierno
106335,OMEPRAZOL 20MG CAP CJAX100UND,PERUFARMA GENERICO,0.0,20.0,3.0,2025-07-30 09:22:15,5,7,Invierno
106335,OMEPRAZOL 20MG CAP CJAX100UND,PERUFARMA GENERICO,0.0,10.0,1.5,2025-07-30 09:25:39,9,7,Invierno
106335,OMEPRAZOL 20MG CAP CJAX100UND,PERUFARMA GENERICO,0.0,20.0,3.0,2025-07-30 10:57:58,9,7,Invierno
106335,OMEPRAZOL 20MG CAP CJAX100UND,PERUFARMA GENERICO,0.0,40.0,6.0,2025-07-30 11:58:01,9,7,Invierno
106335,OMEPRAZOL 20MG CAP CJAX100UND,PERUFARMA GENERICO,0.0,30.0,4.5,2025-07-30 12:31:56,3,7,Invierno
106335,OMEPRAZOL 20MG CAP CJAX100UND,PERUFARMA GENERICO,0.0,10.0,1.5,2025-07-30 16:49:56,9,7,Invierno
106335,OMEPRAZOL 20MG CAP CJAX100UND,PERUFARMA GENERICO,0.0,10.0,1.5,2025-07-30 18:47:46,1,7,Invierno
106335,OMEPRAZOL 20MG CAP CJAX100UND,PERUFARMA GENERICO,0.0,6.0,0.9,2025-07-30 18:50:55,9,7,Invierno
106335,OMEPRAZOL 20MG CAP CJAX100UND,PERUFARMA GENERICO,0.0,10.0,1.5,2025-07-30 20:39:10,13,7,Invierno
106335,OMEPRAZOL 20MG CAP CJAX100UND,PERUFARMA GENERICO,1.0,0.0,14.7,2025-07-30 22:43:17,5,7,Invierno
106335,OMEPRAZOL 20MG CAP CJAX100UND,PERUFARMA GENERICO,0.0,10.0,1.5,2025-07-31 08:06:30,4,7,Invierno
106335,OMEPRAZOL 20MG CAP CJAX100UND,PERUFARMA GENERICO,0.0,10.0,1.5,2025-07-31 10:38:15,5,7,Invierno
106335,OMEPRAZOL 20MG CAP CJAX100UND,PERUFARMA GENERICO,0.0,20.0,3.0,2025-07-31 12:51:02,2,7,Invierno
106335,OMEPRAZOL 20MG CAP CJAX100UND,PERUFARMA GENERICO,0.0,20.0,3.0,2025-07-31 13:17:04,1,7,Invierno
106335,OMEPRAZOL 20MG CAP CJAX100UND,PERUFARMA GENERICO,0.0,20.0,3.0,2025-07-31 13:31:39,11,7,Invierno
106335,OMEPRAZOL 20MG CAP CJAX100UND,PERUFARMA GENERICO,0.0,10.0,1.5,2025-07-31 17:08:55,1,7,Invierno
106335,OMEPRAZOL 20MG CAP CJAX100UND,PERUFARMA GENERICO,0.0,10.0,1.5,2025-07-31 17:46:44,8,7,Invierno
106335,OMEPRAZOL 20MG CAP CJAX100UND,PERUFARMA GENERICO,0.0,10.0,1.5,2025-07-31 19:54:30,1,7,Invierno
106335,OMEPRAZOL 20MG CAP CJAX100UND,PERUFARMA GENERICO,0.0,30.0,4.5,2025-08-01 09:04:45,4,8,Invierno
106335,OMEPRAZOL 20MG CAP CJAX100UND,PERUFARMA GENERICO,0.0,10.0,1.5,2025-08-01 09:25:32,16,8,Invierno
106335,OMEPRAZOL 20MG CAP CJAX100UND,PERUFARMA GENERICO,0.0,30.0,4.5,2025-08-01 11:35:53,12,8,Invierno
106335,OMEPRAZOL 20MG CAP CJAX100UND,PERUFARMA GENERICO,0.0,10.0,1.5,2025-08-01 14:54:53,11,8,Invierno
106335,OMEPRAZOL 20MG CAP CJAX100UND,PERUFARMA GENERICO,0.0,20.0,3.0,2025-08-01 16:29:02,2,8,Invierno
106335,OMEPRAZOL 20MG CAP CJAX100UND,PERUFARMA GENERICO,0.0,10.0,1.5,2025-08-01 16:47:26,9,8,Invierno
106335,OMEPRAZOL 20MG CAP CJAX100UND,PERUFARMA GENERICO,0.0,10.0,1.5,2025-08-01 17:38:16,2,8,Invierno
106335,OMEPRAZOL 20MG CAP CJAX100UND,PERUFARMA GENERICO,0.0,10.0,1.5,2025-08-01 21:10:22,6,8,Invierno
106335,OMEPRAZOL 20MG CAP CJAX100UND,PERUFARMA GENERICO,0.0,10.0,1.5,2025-08-02 09:38:22,3,8,Invierno
106335,OMEPRAZOL 20MG CAP CJAX100UND,PERUFARMA GENERICO,0.0,10.0,1.5,2025-08-02 12:47:00,1,8,Invierno
106335,OMEPRAZOL 20MG CAP CJAX100UND,PERUFARMA GENERICO,0.0,10.0,1.5,2025-08-02 13:17:32,16,8,Invierno
106335,OMEPRAZOL 20MG CAP CJAX100UND,PERUFARMA GENERICO,0.0,7.0,1.05,2025-08-02 13:32:32,5,8,Invierno
106335,OMEPRAZOL 20MG CAP CJAX100UND,PERUFARMA GENERICO,0.0,10.0,1.5,2025-08-02 18:27:15,8,8,Invierno
106335,OMEPRAZOL 20MG CAP CJAX100UND,PERUFARMA GENERICO,0.0,10.0,1.5,2025-08-02 19:31:15,10,8,Invierno
106335,OMEPRAZOL 20MG CAP CJAX100UND,PERUFARMA GENERICO,0.0,94.0,14.1,2025-08-03 10:12:10,13,8,Invierno
106335,OMEPRAZOL 20MG CAP CJAX100UND,PERUFARMA GENERICO,0.0,10.0,1.5,2025-08-03 18:08:27,1,8,Invierno
106335,OMEPRAZOL 20MG CAP CJAX100UND,PERUFARMA GENERICO,1.0,0.0,14.7,2025-08-03 18:32:22,2,8,Invierno
106335,OMEPRAZOL 20MG CAP CJAX100UND,PERUFARMA GENERICO,0.0,20.0,3.0,2025-08-03 20:23:20,10,8,Invierno
106335,OMEPRAZOL 20MG CAP CJAX100UND,PERUFARMA GENERICO,0.0,30.0,4.5,2025-08-04 10:10:27,1,8,Invierno
106335,OMEPRAZOL 20MG CAP CJAX100UND,PERUFARMA GENERICO,0.0,20.0,3.0,2025-08-04 16:08:24,2,8,Invierno
106335,OMEPRAZOL 20MG CAP CJAX100UND,PERUFARMA GENERICO,0.0,10.0,1.5,2025-08-04 19:53:03,9,8,Invierno
106335,OMEPRAZOL 20MG CAP CJAX100UND,PERUFARMA GENERICO,0.0,20.0,3.0,2025-08-04 19:54:08,11,8,Invierno
106335,OMEPRAZOL 20MG CAP CJAX100UND,PERUFARMA GENERICO,0.0,10.0,1.5,2025-08-04 21:05:30,3,8,Invierno
106335,OMEPRAZOL 20MG CAP CJAX100UND,PERUFARMA GENERICO,0.0,10.0,1.5,2025-08-05 10:05:46,15,8,Invierno
106335,OMEPRAZOL 20MG CAP CJAX100UND,PERUFARMA GENERICO,1.0,0.0,14.7,2025-08-05 10:21:35,1,8,Invierno
106335,OMEPRAZOL 20MG CAP CJAX100UND,PERUFARMA GENERICO,0.0,20.0,3.0,2025-08-05 13:47:21,3,8,Invierno
106335,OMEPRAZOL 20MG CAP CJAX100UND,PERUFARMA GENERICO,0.0,20.0,3.0,2025-08-05 15:20:44,11,8,Invierno
106335,OMEPRAZOL 20MG CAP CJAX100UND,PERUFARMA GENERICO,0.0,10.0,1.5,2025-08-05 16:18:44,9,8,Invierno
106335,OMEPRAZOL 20MG CAP CJAX100UND,PERUFARMA GENERICO,0.0,10.0,1.5,2025-08-05 20:00:40,2,8,Invierno
106335,OMEPRAZOL 20MG CAP CJAX100UND,PERUFARMA GENERICO,0.0,10.0,1.5,2025-08-05 21:24:29,7,8,Invierno
106335,OMEPRAZOL 20MG CAP CJAX100UND,PERUFARMA GENERICO,0.0,10.0,1.5,2025-08-05 21:46:00,7,8,Invierno
106335,OMEPRAZOL 20MG CAP CJAX100UND,PERUFARMA GENERICO,0.0,20.0,3.0,2025-08-06 10:27:35,1,8,Invierno
106335,OMEPRAZOL 20MG CAP CJAX100UND,PERUFARMA GENERICO,0.0,10.0,1.5,2025-08-06 10:44:05,12,8,Invierno
106335,OMEPRAZOL 20MG CAP CJAX100UND,PERUFARMA GENERICO,0.0,10.0,1.4,2025-08-06 14:58:32,2,8,Invierno
106335,OMEPRAZOL 20MG CAP CJAX100UND,PERUFARMA GENERICO,0.0,10.0,1.5,2025-08-06 15:42:42,9,8,Invierno
106335,OMEPRAZOL 20MG CAP CJAX100UND,PERUFARMA GENERICO,0.0,10.0,1.5,2025-08-06 18:24:32,9,8,Invierno
106335,OMEPRAZOL 20MG CAP CJAX100UND,PERUFARMA GENERICO,0.0,10.0,1.5,2025-08-06 18:47:05,8,8,Invierno
106335,OMEPRAZOL 20MG CAP CJAX100UND,PERUFARMA GENERICO,0.0,10.0,1.5,2025-08-06 18:47:26,8,8,Invierno
106335,OMEPRAZOL 20MG CAP CJAX100UND,PERUFARMA GENERICO,0.0,10.0,1.5,2025-08-06 21:44:59,7,8,Invierno
106335,OMEPRAZOL 20MG CAP CJAX100UND,PERUFARMA GENERICO,0.0,10.0,1.5,2025-08-06 21:50:05,5,8,Invierno
106335,OMEPRAZOL 20MG CAP CJAX100UND,PERUFARMA GENERICO,0.0,10.0,1.5,2025-08-07 09:47:14,6,8,Invierno
106335,OMEPRAZOL 20MG CAP CJAX100UND,PERUFARMA GENERICO,0.0,10.0,1.5,2025-08-07 14:23:19,8,8,Invierno
106335,OMEPRAZOL 20MG CAP CJAX100UND,PERUFARMA GENERICO,0.0,10.0,1.5,2025-08-07 14:42:59,9,8,Invierno
106335,OMEPRAZOL 20MG CAP CJAX100UND,PERUFARMA GENERICO,0.0,10.0,1.5,2025-08-07 17:36:19,1,8,Invierno
106335,OMEPRAZOL 20MG CAP CJAX100UND,PERUFARMA GENERICO,0.0,10.0,1.5,2025-08-07 18:47:46,16,8,Invierno
106335,OMEPRAZOL 20MG CAP CJAX100UND,PERUFARMA GENERICO,0.0,10.0,1.5,2025-08-07 21:55:32,14,8,Invierno
106335,OMEPRAZOL 20MG CAP CJAX100UND,PERUFARMA GENERICO,0.0,10.0,1.5,2025-08-08 10:50:51,11,8,Invierno
106335,OMEPRAZOL 20MG CAP CJAX100UND,PERUFARMA GENERICO,0.0,10.0,1.5,2025-08-08 13:02:01,5,8,Invierno
106335,OMEPRAZOL 20MG CAP CJAX100UND,PERUFARMA GENERICO,0.0,10.0,1.5,2025-08-08 15:34:36,15,8,Invierno
106335,OMEPRAZOL 20MG CAP CJAX100UND,PERUFARMA GENERICO,0.0,10.0,1.5,2025-08-08 18:20:38,10,8,Invierno
106335,OMEPRAZOL 20MG CAP CJAX100UND,PERUFARMA GENERICO,0.0,10.0,1.5,2025-08-08 20:08:22,1,8,Invierno
106335,OMEPRAZOL 20MG CAP CJAX100UND,PERUFARMA GENERICO,0.0,10.0,1.5,2025-08-08 21:40:27,7,8,Invierno
106335,OMEPRAZOL 20MG CAP CJAX100UND,PERUFARMA GENERICO,0.0,10.0,1.5,2025-08-08 22:25:45,10,8,Invierno
106335,OMEPRAZOL 20MG CAP CJAX100UND,PERUFARMA GENERICO,0.0,10.0,1.5,2025-08-09 00:04:24,10,8,Invierno
106335,OMEPRAZOL 20MG CAP CJAX100UND,PERUFARMA GENERICO,0.0,10.0,1.5,2025-08-09 02:24:43,10,8,Invierno
106335,OMEPRAZOL 20MG CAP CJAX100UND,PERUFARMA GENERICO,0.0,10.0,1.5,2025-08-09 07:23:01,12,8,Invierno
106335,OMEPRAZOL 20MG CAP CJAX100UND,PERUFARMA GENERICO,0.0,10.0,1.5,2025-08-09 17:17:45,9,8,Invierno
106335,OMEPRAZOL 20MG CAP CJAX100UND,PERUFARMA GENERICO,0.0,5.0,0.75,2025-08-09 20:45:52,8,8,Invierno
106335,OMEPRAZOL 20MG CAP CJAX100UND,PERUFARMA GENERICO,0.0,10.0,1.5,2025-08-09 22:46:33,4,8,Invierno
106335,OMEPRAZOL 20MG CAP CJAX100UND,PERUFARMA GENERICO,0.0,10.0,1.5,2025-08-10 11:51:11,6,8,Invierno
106335,OMEPRAZOL 20MG CAP CJAX100UND,PERUFARMA GENERICO,0.0,10.0,1.5,2025-08-10 15:22:23,8,8,Invierno
106335,OMEPRAZOL 20MG CAP CJAX100UND,PERUFARMA GENERICO,0.0,10.0,1.5,2025-08-10 17:34:34,7,8,Invierno
106335,OMEPRAZOL 20MG CAP CJAX100UND,PERUFARMA GENERICO,0.0,10.0,1.5,2025-08-11 07:10:42,12,8,Invierno
106335,OMEPRAZOL 20MG CAP CJAX100UND,PERUFARMA GENERICO,0.0,10.0,1.5,2025-08-11 07:31:15,4,8,Invierno
106335,OMEPRAZOL 20MG CAP CJAX100UND,PERUFARMA GENERICO,0.0,10.0,1.5,2025-08-11 10:23:06,9,8,Invierno
106335,OMEPRAZOL 20MG CAP CJAX100UND,PERUFARMA GENERICO,0.0,20.0,3.0,2025-08-11 13:27:32,11,8,Invierno
106335,OMEPRAZOL 20MG CAP CJAX100UND,PERUFARMA GENERICO,0.0,10.0,1.5,2025-08-11 14:40:03,9,8,Invierno
106335,OMEPRAZOL 20MG CAP CJAX100UND,PERUFARMA GENERICO,0.0,5.0,0.75,2025-08-12 09:25:12,8,8,Invierno
106335,OMEPRAZOL 20MG CAP CJAX100UND,PERUFARMA GENERICO,0.0,10.0,1.5,2025-08-12 10:44:32,7,8,Invierno
106335,OMEPRAZOL 20MG CAP CJAX100UND,PERUFARMA GENERICO,0.0,10.0,1.5,2025-08-12 10:46:58,7,8,Invierno
106335,OMEPRAZOL 20MG CAP CJAX100UND,PERUFARMA GENERICO,0.0,10.0,1.5,2025-08-12 12:23:55,1,8,Invierno
106335,OMEPRAZOL 20MG CAP CJAX100UND,PERUFARMA GENERICO,0.0,10.0,1.5,2025-08-12 15:46:36,4,8,Invierno
106335,OMEPRAZOL 20MG CAP CJAX100UND,PERUFARMA GENERICO,0.0,10.0,1.5,2025-08-12 19:01:35,15,8,Invierno
106335,OMEPRAZOL 20MG CAP CJAX100UND,PERUFARMA GENERICO,0.0,10.0,1.5,2025-08-13 11:09:06,5,8,Invierno
106335,OMEPRAZOL 20MG CAP CJAX100UND,PERUFARMA GENERICO,0.0,10.0,1.5,2025-08-13 12:13:30,9,8,Invierno
106335,OMEPRAZOL 20MG CAP CJAX100UND,PERUFARMA GENERICO,0.0,10.0,1.5,2025-08-13 17:34:45,1,8,Invierno
106335,OMEPRAZOL 20MG CAP CJAX100UND,PERUFARMA GENERICO,0.0,10.0,1.5,2025-08-13 17:44:46,4,8,Invierno
106335,OMEPRAZOL 20MG CAP CJAX100UND,PERUFARMA GENERICO,0.0,10.0,1.5,2025-08-13 19:33:47,4,8,Invierno
106335,OMEPRAZOL 20MG CAP CJAX100UND,PERUFARMA GENERICO,0.0,10.0,1.5,2025-08-13 22:12:37,5,8,Invierno
106335,OMEPRAZOL 20MG CAP CJAX100UND,PERUFARMA GENERICO,0.0,10.0,1.4,2025-08-13 22:25:30,6,8,Invierno
106335,OMEPRAZOL 20MG CAP CJAX100UND,PERUFARMA GENERICO,0.0,5.0,0.75,2025-08-14 11:38:16,3,8,Invierno
106335,OMEPRAZOL 20MG CAP CJAX100UND,PERUFARMA GENERICO,0.0,10.0,1.5,2025-08-14 12:24:51,11,8,Invierno
106335,OMEPRAZOL 20MG CAP CJAX100UND,PERUFARMA GENERICO,0.0,10.0,1.5,2025-08-14 16:53:55,5,8,Invierno
106335,OMEPRAZOL 20MG CAP CJAX100UND,PERUFARMA GENERICO,0.0,10.0,1.5,2025-08-14 19:57:11,4,8,Invierno
106335,OMEPRAZOL 20MG CAP CJAX100UND,PERUFARMA GENERICO,0.0,10.0,1.5,2025-08-14 19:59:18,5,8,Invierno
106335,OMEPRAZOL 20MG CAP CJAX100UND,PERUFARMA GENERICO,0.0,10.0,1.5,2025-08-14 20:16:05,3,8,Invierno
106335,OMEPRAZOL 20MG CAP CJAX100UND,PERUFARMA GENERICO,0.0,10.0,1.5,2025-08-15 11:36:06,3,8,Invierno
106335,OMEPRAZOL 20MG CAP CJAX100UND,PERUFARMA GENERICO,0.0,10.0,1.5,2025-08-15 16:04:26,5,8,Invierno
106335,OMEPRAZOL 20MG CAP CJAX100UND,PERUFARMA GENERICO,0.0,10.0,1.5,2025-08-15 17:33:53,11,8,Invierno
106335,OMEPRAZOL 20MG CAP CJAX100UND,PERUFARMA GENERICO,0.0,5.0,0.75,2025-08-15 19:15:27,5,8,Invierno
106335,OMEPRAZOL 20MG CAP CJAX100UND,PERUFARMA GENERICO,0.0,10.0,1.5,2025-08-15 22:03:54,7,8,Invierno
106335,OMEPRAZOL 20MG CAP CJAX100UND,PERUFARMA GENERICO,0.0,10.0,1.5,2025-08-15 23:08:21,4,8,Invierno
106335,OMEPRAZOL 20MG CAP CJAX100UND,PERUFARMA GENERICO,0.0,10.0,1.5,2025-08-16 11:20:26,3,8,Invierno
106335,OMEPRAZOL 20MG CAP CJAX100UND,PERUFARMA GENERICO,1.0,0.0,14.7,2025-08-16 15:30:38,16,8,Invierno
106335,OMEPRAZOL 20MG CAP CJAX100UND,PERUFARMA GENERICO,0.0,10.0,1.5,2025-08-16 20:21:30,4,8,Invierno
106335,OMEPRAZOL 20MG CAP CJAX100UND,PERUFARMA GENERICO,0.0,10.0,1.5,2025-08-16 20:31:48,5,8,Invierno
106335,OMEPRAZOL 20MG CAP CJAX100UND,PERUFARMA GENERICO,0.0,10.0,1.5,2025-08-16 21:15:19,10,8,Invierno
106335,OMEPRAZOL 20MG CAP CJAX100UND,PERUFARMA GENERICO,0.0,10.0,1.5,2025-08-16 21:31:28,6,8,Invierno
106335,OMEPRAZOL 20MG CAP CJAX100UND,PERUFARMA GENERICO,0.0,10.0,1.5,2025-08-17 08:01:02,4,8,Invierno
106335,OMEPRAZOL 20MG CAP CJAX100UND,PERUFARMA GENERICO,0.0,10.0,1.4,2025-08-17 13:20:03,9,8,Invierno
106335,OMEPRAZOL 20MG CAP CJAX100UND,PERUFARMA GENERICO,0.0,10.0,1.5,2025-08-17 18:57:02,5,8,Invierno
106335,OMEPRAZOL 20MG CAP CJAX100UND,PERUFARMA GENERICO,1.0,0.0,14.7,2025-08-17 20:09:54,3,8,Invierno
106335,OMEPRAZOL 20MG CAP CJAX100UND,PERUFARMA GENERICO,0.0,10.0,1.5,2025-08-18 11:24:08,3,8,Invierno
106335,OMEPRAZOL 20MG CAP CJAX100UND,PERUFARMA GENERICO,0.0,30.0,4.5,2025-08-18 21:55:50,12,8,Invierno
106335,OMEPRAZOL 20MG CAP CJAX100UND,PERUFARMA GENERICO,0.0,10.0,1.5,2025-08-19 09:50:57,16,8,Invierno
106335,OMEPRAZOL 20MG CAP CJAX100UND,PERUFARMA GENERICO,0.0,10.0,1.5,2025-08-20 00:34:36,10,8,Invierno
106335,OMEPRAZOL 20MG CAP CJAX100UND,PERUFARMA GENERICO,0.0,10.0,1.5,2025-08-20 20:18:15,15,8,Invierno
106335,OMEPRAZOL 20MG CAP CJAX100UND,PERUFARMA GENERICO,0.0,10.0,1.5,2025-08-21 10:45:02,8,8,Invierno
106335,OMEPRAZOL 20MG CAP CJAX100UND,PERUFARMA GENERICO,0.0,20.0,3.0,2025-08-22 09:05:18,9,8,Invierno
106335,OMEPRAZOL 20MG CAP CJAX100UND,PERUFARMA GENERICO,0.0,10.0,1.5,2025-08-22 12:33:10,6,8,Invierno
106335,OMEPRAZOL 20MG CAP CJAX100UND,PERUFARMA GENERICO,0.0,10.0,1.5,2025-08-22 18:15:34,9,8,Invierno
106335,OMEPRAZOL 20MG CAP CJAX100UND,PERUFARMA GENERICO,0.0,20.0,3.0,2025-08-23 09:45:44,9,8,Invierno
106335,OMEPRAZOL 20MG CAP CJAX100UND,PERUFARMA GENERICO,0.0,20.0,2.8,2025-08-23 10:10:51,9,8,Invierno
106335,OMEPRAZOL 20MG CAP CJAX100UND,PERUFARMA GENERICO,0.0,10.0,1.5,2025-08-23 21:37:16,6,8,Invierno
106335,OMEPRAZOL 20MG CAP CJAX100UND,PERUFARMA GENERICO,0.0,20.0,3.0,2025-08-23 23:46:58,4,8,Invierno
106335,OMEPRAZOL 20MG CAP CJAX100UND,PERUFARMA GENERICO,0.0,10.0,1.5,2025-08-24 17:27:19,6,8,Invierno
106335,OMEPRAZOL 20MG CAP CJAX100UND,PERUFARMA GENERICO,0.0,10.0,1.5,2025-08-24 18:33:26,16,8,Invierno
106335,OMEPRAZOL 20MG CAP CJAX100UND,PERUFARMA GENERICO,0.0,20.0,3.0,2025-08-24 20:54:32,16,8,Invierno
106335,OMEPRAZOL 20MG CAP CJAX100UND,PERUFARMA GENERICO,0.0,10.0,1.5,2025-08-24 20:57:07,12,8,Invierno
106335,OMEPRAZOL 20MG CAP CJAX100UND,PERUFARMA GENERICO,0.0,10.0,1.5,2025-08-25 08:45:04,9,8,Invierno
106335,OMEPRAZOL 20MG CAP CJAX100UND,PERUFARMA GENERICO,0.0,10.0,1.5,2025-08-25 11:17:52,4,8,Invierno
106335,OMEPRAZOL 20MG CAP CJAX100UND,PERUFARMA GENERICO,0.0,10.0,1.5,2025-08-25 18:44:42,5,8,Invierno
106335,OMEPRAZOL 20MG CAP CJAX100UND,PERUFARMA GENERICO,0.0,5.0,0.75,2025-08-25 22:44:45,6,8,Invierno
106335,OMEPRAZOL 20MG CAP CJAX100UND,PERUFARMA GENERICO,0.0,20.0,3.0,2025-08-26 11:23:45,4,8,Invierno
106335,OMEPRAZOL 20MG CAP CJAX100UND,PERUFARMA GENERICO,0.0,10.0,1.5,2025-08-27 18:38:09,1,8,Invierno
106335,OMEPRAZOL 20MG CAP CJAX100UND,PERUFARMA GENERICO,0.0,10.0,1.5,2025-08-28 09:15:15,4,8,Invierno
106335,OMEPRAZOL 20MG CAP CJAX100UND,PERUFARMA GENERICO,0.0,10.0,1.4,2025-08-28 09:16:59,8,8,Invierno
106335,OMEPRAZOL 20MG CAP CJAX100UND,PERUFARMA GENERICO,0.0,10.0,1.5,2025-08-30 11:48:29,11,8,Invierno
106335,OMEPRAZOL 20MG CAP CJAX100UND,PERUFARMA GENERICO,0.0,20.0,3.0,2025-08-30 23:10:53,4,8,Invierno
106335,OMEPRAZOL 20MG CAP CJAX100UND,PERUFARMA GENERICO,0.0,10.0,1.5,2025-08-31 11:04:31,16,8,Invierno
106335,OMEPRAZOL 20MG CAP CJAX100UND,PERUFARMA GENERICO,0.0,10.0,1.5,2025-09-01 15:42:23,5,9,Primavera
106335,OMEPRAZOL 20MG CAP CJAX100UND,PERUFARMA GENERICO,0.0,10.0,1.5,2025-09-01 16:12:26,5,9,Primavera
106335,OMEPRAZOL 20MG CAP CJAX100UND,PERUFARMA GENERICO,0.0,10.0,1.5,2025-09-02 11:52:57,6,9,Primavera
106335,OMEPRAZOL 20MG CAP CJAX100UND,PERUFARMA GENERICO,0.0,10.0,1.5,2025-09-02 18:49:40,8,9,Primavera
106335,OMEPRAZOL 20MG CAP CJAX100UND,PERUFARMA GENERICO,0.0,10.0,1.5,2025-09-02 20:49:50,16,9,Primavera
106335,OMEPRAZOL 20MG CAP CJAX100UND,PERUFARMA GENERICO,0.0,10.0,1.5,2025-09-03 18:29:52,5,9,Primavera
106335,OMEPRAZOL 20MG CAP CJAX100UND,PERUFARMA GENERICO,0.0,10.0,1.5,2025-09-03 23:11:52,16,9,Primavera
106335,OMEPRAZOL 20MG CAP CJAX100UND,PERUFARMA GENERICO,0.0,10.0,1.5,2025-09-04 16:07:41,5,9,Primavera
106335,OMEPRAZOL 20MG CAP CJAX100UND,PERUFARMA GENERICO,0.0,10.0,1.5,2025-09-05 10:19:49,1,9,Primavera
106335,OMEPRAZOL 20MG CAP CJAX100UND,PERUFARMA GENERICO,0.0,10.0,1.5,2025-09-05 15:15:35,5,9,Primavera
106335,OMEPRAZOL 20MG CAP CJAX100UND,PERUFARMA GENERICO,0.0,10.0,1.5,2025-09-05 16:22:04,1,9,Primavera
106335,OMEPRAZOL 20MG CAP CJAX100UND,PERUFARMA GENERICO,0.0,-20.0,-2.8,2025-09-06 12:00:00,8,9,Primavera
106335,OMEPRAZOL 20MG CAP CJAX100UND,PERUFARMA GENERICO,0.0,20.0,2.8,2025-09-06 13:39:42,8,9,Primavera
106335,OMEPRAZOL 20MG CAP CJAX100UND,PERUFARMA GENERICO,0.0,10.0,1.4,2025-09-06 13:41:50,8,9,Primavera
106335,OMEPRAZOL 20MG CAP CJAX100UND,PERUFARMA GENERICO,0.0,10.0,1.5,2025-09-06 21:09:04,5,9,Primavera
106335,OMEPRAZOL 20MG CAP CJAX100UND,PERUFARMA GENERICO,0.0,6.0,0.9,2025-09-07 08:14:39,5,9,Primavera
106335,OMEPRAZOL 20MG CAP CJAX100UND,PERUFARMA GENERICO,0.0,10.0,1.5,2025-09-07 19:43:32,11,9,Primavera
106335,OMEPRAZOL 20MG CAP CJAX100UND,PERUFARMA GENERICO,0.0,10.0,1.5,2025-09-08 07:24:08,6,9,Primavera
106335,OMEPRAZOL 20MG CAP CJAX100UND,PERUFARMA GENERICO,0.0,10.0,1.5,2025-09-08 14:24:29,6,9,Primavera
106335,OMEPRAZOL 20MG CAP CJAX100UND,PERUFARMA GENERICO,0.0,10.0,1.5,2025-09-08 18:01:07,11,9,Primavera
106335,OMEPRAZOL 20MG CAP CJAX100UND,PERUFARMA GENERICO,0.0,20.0,3.0,2025-09-09 18:00:22,14,9,Primavera
106335,OMEPRAZOL 20MG CAP CJAX100UND,PERUFARMA GENERICO,0.0,10.0,1.5,2025-09-09 22:19:01,6,9,Primavera
106335,OMEPRAZOL 20MG CAP CJAX100UND,PERUFARMA GENERICO,0.0,10.0,1.5,2025-09-10 22:35:35,4,9,Primavera
106335,OMEPRAZOL 20MG CAP CJAX100UND,PERUFARMA GENERICO,0.0,10.0,1.5,2025-09-11 14:12:47,4,9,Primavera
106335,OMEPRAZOL 20MG CAP CJAX100UND,PERUFARMA GENERICO,0.0,20.0,3.0,2025-09-12 17:13:47,5,9,Primavera
106335,OMEPRAZOL 20MG CAP CJAX100UND,PERUFARMA GENERICO,0.0,10.0,1.5,2025-09-12 19:04:53,15,9,Primavera
106335,OMEPRAZOL 20MG CAP CJAX100UND,PERUFARMA GENERICO,0.0,10.0,1.5,2025-09-13 11:17:23,7,9,Primavera
106335,OMEPRAZOL 20MG CAP CJAX100UND,PERUFARMA GENERICO,0.0,10.0,1.5,2025-09-13 18:11:02,4,9,Primavera
106335,OMEPRAZOL 20MG CAP CJAX100UND,PERUFARMA GENERICO,0.0,10.0,1.5,2025-09-14 11:18:04,1,9,Primavera
106335,OMEPRAZOL 20MG CAP CJAX100UND,PERUFARMA GENERICO,0.0,10.0,1.5,2025-09-14 11:25:25,14,9,Primavera
106335,OMEPRAZOL 20MG CAP CJAX100UND,PERUFARMA GENERICO,0.0,10.0,1.5,2025-09-15 20:43:03,4,9,Primavera
106335,OMEPRAZOL 20MG CAP CJAX100UND,PERUFARMA GENERICO,0.0,20.0,3.0,2025-09-16 17:38:06,14,9,Primavera
106335,OMEPRAZOL 20MG CAP CJAX100UND,PERUFARMA GENERICO,0.0,10.0,1.5,2025-09-16 18:17:11,1,9,Primavera
106335,OMEPRAZOL 20MG CAP CJAX100UND,PERUFARMA GENERICO,0.0,10.0,1.5,2025-09-16 20:59:37,6,9,Primavera
106335,OMEPRAZOL 20MG CAP CJAX100UND,PERUFARMA GENERICO,0.0,50.0,7.5,2025-09-18 20:51:19,12,9,Primavera
106335,OMEPRAZOL 20MG CAP CJAX100UND,PERUFARMA GENERICO,0.0,20.0,3.0,2025-09-19 07:40:07,4,9,Primavera
106335,OMEPRAZOL 20MG CAP CJAX100UND,PERUFARMA GENERICO,0.0,10.0,1.5,2025-09-19 16:10:10,5,9,Primavera
106335,OMEPRAZOL 20MG CAP CJAX100UND,PERUFARMA GENERICO,0.0,5.0,0.75,2025-09-20 17:08:38,2,9,Primavera
106335,OMEPRAZOL 20MG CAP CJAX100UND,PERUFARMA GENERICO,0.0,10.0,1.5,2025-09-20 17:42:44,14,9,Primavera
106335,OMEPRAZOL 20MG CAP CJAX100UND,PERUFARMA GENERICO,0.0,10.0,1.5,2025-09-20 21:53:46,8,9,Primavera
106335,OMEPRAZOL 20MG CAP CJAX100UND,PERUFARMA GENERICO,0.0,1.0,0.15,2025-09-21 09:42:06,6,9,Primavera
106335,OMEPRAZOL 20MG CAP CJAX100UND,PERUFARMA GENERICO,0.0,10.0,1.5,2025-09-21 20:37:05,14,9,Primavera
106335,OMEPRAZOL 20MG CAP CJAX100UND,PERUFARMA GENERICO,0.0,3.0,0.45,2025-09-21 23:09:52,5,9,Primavera
106335,OMEPRAZOL 20MG CAP CJAX100UND,PERUFARMA GENERICO,0.0,6.0,0.9,2025-09-23 07:08:32,5,9,Primavera
106335,OMEPRAZOL 20MG CAP CJAX100UND,PERUFARMA GENERICO,0.0,10.0,1.5,2025-09-23 10:43:40,9,9,Primavera
106335,OMEPRAZOL 20MG CAP CJAX100UND,PERUFARMA GENERICO,0.0,10.0,1.5,2025-09-24 19:44:58,5,9,Primavera
106335,OMEPRAZOL 20MG CAP CJAX100UND,PERUFARMA GENERICO,1.0,0.0,14.7,2025-09-25 11:55:14,16,9,Primavera
106335,OMEPRAZOL 20MG CAP CJAX100UND,PERUFARMA GENERICO,0.0,20.0,3.0,2025-09-27 12:48:46,1,9,Primavera
106335,OMEPRAZOL 20MG CAP CJAX100UND,PERUFARMA GENERICO,0.0,10.0,1.5,2025-09-27 22:31:43,4,9,Primavera
106335,OMEPRAZOL 20MG CAP CJAX100UND,PERUFARMA GENERICO,0.0,10.0,1.5,2025-09-28 18:07:15,3,9,Primavera
106335,OMEPRAZOL 20MG CAP CJAX100UND,PERUFARMA GENERICO,0.0,7.0,1.05,2025-09-30 09:54:11,11,9,Primavera
106335,OMEPRAZOL 20MG CAP CJAX100UND,PERUFARMA GENERICO,0.0,4.0,0.6,2025-09-30 23:43:07,5,9,Primavera
106335,OMEPRAZOL 20MG CAP CJAX100UND,PERUFARMA GENERICO,0.0,10.0,1.5,2025-10-01 09:19:14,5,10,Primavera
106335,OMEPRAZOL 20MG CAP CJAX100UND,PERUFARMA GENERICO,0.0,10.0,1.5,2025-10-01 22:51:13,6,10,Primavera
106335,OMEPRAZOL 20MG CAP CJAX100UND,PERUFARMA GENERICO,0.0,20.0,3.0,2025-10-02 14:22:59,11,10,Primavera
106335,OMEPRAZOL 20MG CAP CJAX100UND,PERUFARMA GENERICO,0.0,10.0,1.5,2025-10-03 20:46:30,7,10,Primavera
106335,OMEPRAZOL 20MG CAP CJAX100UND,PERUFARMA GENERICO,0.0,30.0,4.2,2025-10-03 23:25:31,5,10,Primavera
106335,OMEPRAZOL 20MG CAP CJAX100UND,PERUFARMA GENERICO,0.0,10.0,1.5,2025-10-04 09:32:22,7,10,Primavera
106335,OMEPRAZOL 20MG CAP CJAX100UND,PERUFARMA GENERICO,0.0,10.0,1.5,2025-10-04 21:02:06,15,10,Primavera
106335,OMEPRAZOL 20MG CAP CJAX100UND,PERUFARMA GENERICO,0.0,10.0,1.5,2025-10-05 12:15:11,11,10,Primavera
106335,OMEPRAZOL 20MG CAP CJAX100UND,PERUFARMA GENERICO,0.0,10.0,1.5,2025-10-06 18:41:26,6,10,Primavera
106335,OMEPRAZOL 20MG CAP CJAX100UND,PERUFARMA GENERICO,0.0,10.0,1.5,2025-10-07 12:19:08,6,10,Primavera
106335,OMEPRAZOL 20MG CAP CJAX100UND,PERUFARMA GENERICO,0.0,20.0,3.0,2025-10-09 18:07:24,11,10,Primavera
106335,OMEPRAZOL 20MG CAP CJAX100UND,PERUFARMA GENERICO,0.0,10.0,1.4,2025-10-10 22:15:39,5,10,Primavera
106335,OMEPRAZOL 20MG CAP CJAX100UND,PERUFARMA GENERICO,0.0,10.0,1.5,2025-10-13 21:35:11,4,10,Primavera
106335,OMEPRAZOL 20MG CAP CJAX100UND,PERUFARMA GENERICO,0.0,10.0,1.5,2025-10-19 11:27:38,14,10,Primavera
106335,OMEPRAZOL 20MG CAP CJAX100UND,PERUFARMA GENERICO,0.0,10.0,1.5,2025-10-22 14:16:54,7,10,Primavera
106335,OMEPRAZOL 20MG CAP CJAX100UND,PERUFARMA GENERICO,0.0,2.0,0.3,2025-10-22 17:54:16,5,10,Primavera
106335,OMEPRAZOL 20MG CAP CJAX100UND,PERUFARMA GENERICO,0.0,5.0,0.75,2025-10-23 08:33:15,7,10,Primavera
106335,OMEPRAZOL 20MG CAP CJAX100UND,PERUFARMA GENERICO,0.0,10.0,1.5,2025-10-23 20:41:28,14,10,Primavera
106335,OMEPRAZOL 20MG CAP CJAX100UND,PERUFARMA GENERICO,0.0,100.0,15.0,2025-10-25 16:22:11,3,10,Primavera
106335,OMEPRAZOL 20MG CAP CJAX100UND,PERUFARMA GENERICO,0.0,3.0,0.45,2025-10-29 17:31:25,6,10,Primavera
106335,OMEPRAZOL 20MG CAP CJAX100UND,PERUFARMA GENERICO,0.0,-100.0,-15.0,2025-10-30 12:00:00,3,10,Primavera
106335,OMEPRAZOL 20MG CAP CJAX100UND,PERUFARMA GENERICO,0.0,100.0,15.0,2025-10-30 13:28:13,3,10,Primavera
106335,OMEPRAZOL 20MG CAP CJAX100UND,PERUFARMA GENERICO,0.0,10.0,1.4,2025-10-31 10:52:15,15,10,Primavera
106335,OMEPRAZOL 20MG CAP CJAX100UND,PERUFARMA GENERICO,0.0,10.0,1.5,2025-10-31 23:40:39,4,10,Primavera
106335,OMEPRAZOL 20MG CAP CJAX100UND,PERUFARMA GENERICO,0.0,20.0,3.0,2025-11-07 14:02:38,15,11,Primavera
106335,OMEPRAZOL 20MG CAP CJAX100UND,PERUFARMA GENERICO,0.0,-100.0,-15.0,2025-12-06 08:36:08,3,12,Verano
106335,OMEPRAZOL 20MG CAP CJAX100UND,PERUFARMA GENERICO,0.0,100.0,15.0,2025-12-06 12:59:44,3,12,Verano
106335,OMEPRAZOL 20MG CAP CJAX100UND,PERUFARMA GENERICO,0.0,-100.0,-15.0,2025-12-18 11:45:23,3,12,Verano
106335,OMEPRAZOL 20MG CAP CJAX100UND,PERUFARMA GENERICO,0.0,100.0,15.0,2025-12-18 12:33:51,3,12,Verano
