codpro,prod,tipo,cantidad,unidades,total,fecdoc,sucursal,mes,estacion
107417,VITAMINA C+ZINC+D3 NARANJA FCOX20 TB.EFERV.,EUROCARE,1.0,0.0,15.5,2024-01-01 12:58:50,5,1,Verano
107417,VITAMINA C+ZINC+D3 NARANJA FCOX20 TB.EFERV.,EUROCARE,1.0,0.0,15.5,2024-01-01 17:33:07,7,1,Verano
107417,VITAMINA C+ZINC+D3 NARANJA FCOX20 TB.EFERV.,EUROCARE,1.0,0.0,15.5,2024-01-02 11:55:26,1,1,Verano
107417,VITAMINA C+ZINC+D3 NARANJA FCOX20 TB.EFERV.,EUROCARE,1.0,0.0,15.5,2024-01-02 18:03:34,2,1,Verano
107417,VITAMINA C+ZINC+D3 NARANJA FCOX20 TB.EFERV.,EUROCARE,1.0,0.0,15.5,2024-01-02 20:46:34,3,1,Verano
107417,VITAMINA C+ZINC+D3 NARANJA FCOX20 TB.EFERV.,EUROCARE,1.0,0.0,15.5,2024-01-03 09:34:26,6,1,Verano
107417,VITAMINA C+ZINC+D3 NARANJA FCOX20 TB.EFERV.,EUROCARE,1.0,0.0,15.5,2024-01-03 20:35:11,10,1,Verano
107417,VITAMINA C+ZINC+D3 NARANJA FCOX20 TB.EFERV.,EUROCARE,1.0,0.0,15.5,2024-01-03 21:59:06,1,1,Verano
107417,VITAMINA C+ZINC+D3 NARANJA FCOX20 TB.EFERV.,EUROCARE,1.0,0.0,15.5,2024-01-04 11:05:49,2,1,Verano
107417,VITAMINA C+ZINC+D3 NARANJA FCOX20 TB.EFERV.,EUROCARE,1.0,0.0,15.5,2024-01-04 12:58:38,7,1,Verano
107417,VITAMINA C+ZINC+D3 NARANJA FCOX20 TB.EFERV.,EUROCARE,1.0,0.0,15.5,2024-01-04 13:39:24,2,1,Verano
107417,VITAMINA C+ZINC+D3 NARANJA FCOX20 TB.EFERV.,EUROCARE,1.0,0.0,15.5,2024-01-04 18:47:42,5,1,Verano
107417,VITAMINA C+ZINC+D3 NARANJA FCOX20 TB.EFERV.,EUROCARE,1.0,0.0,15.5,2024-01-04 21:14:08,4,1,Verano
107417,VITAMINA C+ZINC+D3 NARANJA FCOX20 TB.EFERV.,EUROCARE,1.0,0.0,15.5,2024-01-05 09:09:26,5,1,Verano
107417,VITAMINA C+ZINC+D3 NARANJA FCOX20 TB.EFERV.,EUROCARE,1.0,0.0,15.5,2024-01-05 16:14:03,4,1,Verano
107417,VITAMINA C+ZINC+D3 NARANJA FCOX20 TB.EFERV.,EUROCARE,1.0,0.0,13.98,2024-01-06 14:22:54,4,1,Verano
107417,VITAMINA C+ZINC+D3 NARANJA FCOX20 TB.EFERV.,EUROCARE,1.0,0.0,14.72,2024-01-06 14:23:21,4,1,Verano
107417,VITAMINA C+ZINC+D3 NARANJA FCOX20 TB.EFERV.,EUROCARE,1.0,0.0,15.5,2024-01-06 14:35:26,4,1,Verano
107417,VITAMINA C+ZINC+D3 NARANJA FCOX20 TB.EFERV.,EUROCARE,1.0,0.0,15.5,2024-01-08 11:52:16,5,1,Verano
107417,VITAMINA C+ZINC+D3 NARANJA FCOX20 TB.EFERV.,EUROCARE,1.0,0.0,15.5,2024-01-08 11:56:06,2,1,Verano
107417,VITAMINA C+ZINC+D3 NARANJA FCOX20 TB.EFERV.,EUROCARE,1.0,0.0,15.5,2024-01-08 15:36:31,4,1,Verano
107417,VITAMINA C+ZINC+D3 NARANJA FCOX20 TB.EFERV.,EUROCARE,1.0,0.0,15.5,2024-01-08 18:19:22,7,1,Verano
107417,VITAMINA C+ZINC+D3 NARANJA FCOX20 TB.EFERV.,EUROCARE,1.0,0.0,15.5,2024-01-08 21:16:49,5,1,Verano
107417,VITAMINA C+ZINC+D3 NARANJA FCOX20 TB.EFERV.,EUROCARE,1.0,0.0,15.5,2024-01-09 12:05:12,1,1,Verano
107417,VITAMINA C+ZINC+D3 NARANJA FCOX20 TB.EFERV.,EUROCARE,1.0,0.0,15.5,2024-01-09 12:17:34,4,1,Verano
107417,VITAMINA C+ZINC+D3 NARANJA FCOX20 TB.EFERV.,EUROCARE,1.0,0.0,15.5,2024-01-09 12:36:08,2,1,Verano
107417,VITAMINA C+ZINC+D3 NARANJA FCOX20 TB.EFERV.,EUROCARE,1.0,0.0,15.5,2024-01-09 18:19:16,4,1,Verano
107417,VITAMINA C+ZINC+D3 NARANJA FCOX20 TB.EFERV.,EUROCARE,1.0,0.0,15.5,2024-01-09 21:57:29,1,1,Verano
107417,VITAMINA C+ZINC+D3 NARANJA FCOX20 TB.EFERV.,EUROCARE,1.0,0.0,15.5,2024-01-09 22:14:00,1,1,Verano
107417,VITAMINA C+ZINC+D3 NARANJA FCOX20 TB.EFERV.,EUROCARE,1.0,0.0,15.5,2024-01-10 18:59:40,2,1,Verano
107417,VITAMINA C+ZINC+D3 NARANJA FCOX20 TB.EFERV.,EUROCARE,1.0,0.0,15.5,2024-01-10 20:34:53,4,1,Verano
107417,VITAMINA C+ZINC+D3 NARANJA FCOX20 TB.EFERV.,EUROCARE,1.0,0.0,15.5,2024-01-10 21:00:23,2,1,Verano
107417,VITAMINA C+ZINC+D3 NARANJA FCOX20 TB.EFERV.,EUROCARE,1.0,0.0,15.5,2024-01-12 18:56:12,9,1,Verano
107417,VITAMINA C+ZINC+D3 NARANJA FCOX20 TB.EFERV.,EUROCARE,1.0,0.0,15.5,2024-01-12 20:27:19,2,1,Verano
107417,VITAMINA C+ZINC+D3 NARANJA FCOX20 TB.EFERV.,EUROCARE,2.0,0.0,29.44,2024-01-16 16:02:39,4,1,Verano
107417,VITAMINA C+ZINC+D3 NARANJA FCOX20 TB.EFERV.,EUROCARE,1.0,0.0,15.5,2024-01-17 19:51:36,2,1,Verano
107417,VITAMINA C+ZINC+D3 NARANJA FCOX20 TB.EFERV.,EUROCARE,1.0,0.0,15.5,2024-01-17 20:55:02,2,1,Verano
107417,VITAMINA C+ZINC+D3 NARANJA FCOX20 TB.EFERV.,EUROCARE,1.0,0.0,15.5,2024-01-17 21:47:35,2,1,Verano
107417,VITAMINA C+ZINC+D3 NARANJA FCOX20 TB.EFERV.,EUROCARE,1.0,0.0,15.5,2024-01-17 22:02:10,10,1,Verano
107417,VITAMINA C+ZINC+D3 NARANJA FCOX20 TB.EFERV.,EUROCARE,1.0,0.0,15.5,2024-01-17 22:48:13,4,1,Verano
107417,VITAMINA C+ZINC+D3 NARANJA FCOX20 TB.EFERV.,EUROCARE,1.0,0.0,15.5,2024-01-18 17:10:14,2,1,Verano
107417,VITAMINA C+ZINC+D3 NARANJA FCOX20 TB.EFERV.,EUROCARE,1.0,0.0,15.5,2024-01-18 19:26:42,1,1,Verano
107417,VITAMINA C+ZINC+D3 NARANJA FCOX20 TB.EFERV.,EUROCARE,1.0,0.0,15.5,2024-01-19 09:13:55,2,1,Verano
107417,VITAMINA C+ZINC+D3 NARANJA FCOX20 TB.EFERV.,EUROCARE,1.0,0.0,15.5,2024-01-19 11:27:58,4,1,Verano
107417,VITAMINA C+ZINC+D3 NARANJA FCOX20 TB.EFERV.,EUROCARE,1.0,0.0,15.5,2024-01-19 17:26:32,5,1,Verano
107417,VITAMINA C+ZINC+D3 NARANJA FCOX20 TB.EFERV.,EUROCARE,1.0,0.0,15.5,2024-01-19 19:52:55,3,1,Verano
107417,VITAMINA C+ZINC+D3 NARANJA FCOX20 TB.EFERV.,EUROCARE,1.0,0.0,15.5,2024-01-20 13:40:24,1,1,Verano
107417,VITAMINA C+ZINC+D3 NARANJA FCOX20 TB.EFERV.,EUROCARE,1.0,0.0,15.5,2024-01-21 17:23:18,6,1,Verano
107417,VITAMINA C+ZINC+D3 NARANJA FCOX20 TB.EFERV.,EUROCARE,1.0,0.0,15.5,2024-01-21 20:55:23,6,1,Verano
107417,VITAMINA C+ZINC+D3 NARANJA FCOX20 TB.EFERV.,EUROCARE,1.0,0.0,15.5,2024-01-22 17:00:57,2,1,Verano
107417,VITAMINA C+ZINC+D3 NARANJA FCOX20 TB.EFERV.,EUROCARE,1.0,0.0,15.5,2024-01-22 18:08:02,10,1,Verano
107417,VITAMINA C+ZINC+D3 NARANJA FCOX20 TB.EFERV.,EUROCARE,1.0,0.0,15.5,2024-01-22 21:00:16,5,1,Verano
107417,VITAMINA C+ZINC+D3 NARANJA FCOX20 TB.EFERV.,EUROCARE,1.0,0.0,15.5,2024-01-22 21:30:32,5,1,Verano
107417,VITAMINA C+ZINC+D3 NARANJA FCOX20 TB.EFERV.,EUROCARE,1.0,0.0,15.5,2024-01-23 21:10:13,5,1,Verano
107417,VITAMINA C+ZINC+D3 NARANJA FCOX20 TB.EFERV.,EUROCARE,1.0,0.0,15.5,2024-01-24 17:51:24,9,1,Verano
107417,VITAMINA C+ZINC+D3 NARANJA FCOX20 TB.EFERV.,EUROCARE,1.0,0.0,15.5,2024-01-24 19:24:05,1,1,Verano
107417,VITAMINA C+ZINC+D3 NARANJA FCOX20 TB.EFERV.,EUROCARE,1.0,0.0,15.5,2024-01-24 21:05:43,1,1,Verano
107417,VITAMINA C+ZINC+D3 NARANJA FCOX20 TB.EFERV.,EUROCARE,1.0,0.0,14.72,2024-01-26 15:39:14,2,1,Verano
107417,VITAMINA C+ZINC+D3 NARANJA FCOX20 TB.EFERV.,EUROCARE,1.0,0.0,15.5,2024-01-26 20:09:26,2,1,Verano
107417,VITAMINA C+ZINC+D3 NARANJA FCOX20 TB.EFERV.,EUROCARE,1.0,0.0,15.5,2024-01-27 12:44:49,2,1,Verano
107417,VITAMINA C+ZINC+D3 NARANJA FCOX20 TB.EFERV.,EUROCARE,1.0,0.0,15.5,2024-01-27 17:03:16,10,1,Verano
107417,VITAMINA C+ZINC+D3 NARANJA FCOX20 TB.EFERV.,EUROCARE,1.0,0.0,15.5,2024-01-29 08:42:12,6,1,Verano
107417,VITAMINA C+ZINC+D3 NARANJA FCOX20 TB.EFERV.,EUROCARE,1.0,0.0,15.5,2024-01-29 11:11:13,4,1,Verano
107417,VITAMINA C+ZINC+D3 NARANJA FCOX20 TB.EFERV.,EUROCARE,1.0,0.0,15.5,2024-01-29 19:23:42,1,1,Verano
107417,VITAMINA C+ZINC+D3 NARANJA FCOX20 TB.EFERV.,EUROCARE,1.0,0.0,15.5,2024-01-30 17:20:58,7,1,Verano
107417,VITAMINA C+ZINC+D3 NARANJA FCOX20 TB.EFERV.,EUROCARE,1.0,0.0,15.5,2024-01-30 17:53:06,5,1,Verano
107417,VITAMINA C+ZINC+D3 NARANJA FCOX20 TB.EFERV.,EUROCARE,1.0,0.0,15.5,2024-02-01 20:21:16,8,2,Verano
107417,VITAMINA C+ZINC+D3 NARANJA FCOX20 TB.EFERV.,EUROCARE,1.0,0.0,15.5,2024-02-02 12:18:42,1,2,Verano
107417,VITAMINA C+ZINC+D3 NARANJA FCOX20 TB.EFERV.,EUROCARE,1.0,0.0,15.5,2024-02-03 11:16:50,2,2,Verano
107417,VITAMINA C+ZINC+D3 NARANJA FCOX20 TB.EFERV.,EUROCARE,1.0,0.0,15.5,2024-02-03 19:20:04,5,2,Verano
107417,VITAMINA C+ZINC+D3 NARANJA FCOX20 TB.EFERV.,EUROCARE,1.0,0.0,15.5,2024-02-04 15:25:50,6,2,Verano
107417,VITAMINA C+ZINC+D3 NARANJA FCOX20 TB.EFERV.,EUROCARE,1.0,0.0,15.5,2024-02-04 17:22:13,2,2,Verano
107417,VITAMINA C+ZINC+D3 NARANJA FCOX20 TB.EFERV.,EUROCARE,1.0,0.0,15.5,2024-02-05 11:59:17,4,2,Verano
107417,VITAMINA C+ZINC+D3 NARANJA FCOX20 TB.EFERV.,EUROCARE,1.0,0.0,15.5,2024-02-05 19:11:27,4,2,Verano
107417,VITAMINA C+ZINC+D3 NARANJA FCOX20 TB.EFERV.,EUROCARE,1.0,0.0,15.5,2024-02-05 21:35:43,5,2,Verano
107417,VITAMINA C+ZINC+D3 NARANJA FCOX20 TB.EFERV.,EUROCARE,1.0,0.0,15.5,2024-02-06 17:00:13,4,2,Verano
107417,VITAMINA C+ZINC+D3 NARANJA FCOX20 TB.EFERV.,EUROCARE,1.0,0.0,15.5,2024-02-06 17:07:07,1,2,Verano
107417,VITAMINA C+ZINC+D3 NARANJA FCOX20 TB.EFERV.,EUROCARE,1.0,0.0,15.5,2024-02-07 13:23:26,4,2,Verano
107417,VITAMINA C+ZINC+D3 NARANJA FCOX20 TB.EFERV.,EUROCARE,1.0,0.0,15.5,2024-02-07 17:17:34,4,2,Verano
107417,VITAMINA C+ZINC+D3 NARANJA FCOX20 TB.EFERV.,EUROCARE,1.0,0.0,15.5,2024-02-07 17:50:25,10,2,Verano
107417,VITAMINA C+ZINC+D3 NARANJA FCOX20 TB.EFERV.,EUROCARE,1.0,0.0,15.5,2024-02-08 18:30:32,4,2,Verano
107417,VITAMINA C+ZINC+D3 NARANJA FCOX20 TB.EFERV.,EUROCARE,1.0,0.0,15.5,2024-02-09 12:30:32,3,2,Verano
107417,VITAMINA C+ZINC+D3 NARANJA FCOX20 TB.EFERV.,EUROCARE,1.0,0.0,14.72,2024-02-09 20:27:16,4,2,Verano
107417,VITAMINA C+ZINC+D3 NARANJA FCOX20 TB.EFERV.,EUROCARE,1.0,0.0,15.5,2024-02-09 20:54:52,5,2,Verano
107417,VITAMINA C+ZINC+D3 NARANJA FCOX20 TB.EFERV.,EUROCARE,1.0,0.0,15.5,2024-02-10 15:12:10,5,2,Verano
107417,VITAMINA C+ZINC+D3 NARANJA FCOX20 TB.EFERV.,EUROCARE,1.0,0.0,15.5,2024-02-10 19:04:16,2,2,Verano
107417,VITAMINA C+ZINC+D3 NARANJA FCOX20 TB.EFERV.,EUROCARE,1.0,0.0,15.5,2024-02-11 11:27:11,6,2,Verano
107417,VITAMINA C+ZINC+D3 NARANJA FCOX20 TB.EFERV.,EUROCARE,1.0,0.0,15.5,2024-02-12 11:43:19,3,2,Verano
107417,VITAMINA C+ZINC+D3 NARANJA FCOX20 TB.EFERV.,EUROCARE,1.0,0.0,15.5,2024-02-12 16:07:06,10,2,Verano
107417,VITAMINA C+ZINC+D3 NARANJA FCOX20 TB.EFERV.,EUROCARE,1.0,0.0,15.5,2024-02-14 10:20:39,10,2,Verano
107417,VITAMINA C+ZINC+D3 NARANJA FCOX20 TB.EFERV.,EUROCARE,1.0,0.0,15.5,2024-02-14 10:50:10,10,2,Verano
107417,VITAMINA C+ZINC+D3 NARANJA FCOX20 TB.EFERV.,EUROCARE,1.0,0.0,15.5,2024-02-15 09:28:44,9,2,Verano
107417,VITAMINA C+ZINC+D3 NARANJA FCOX20 TB.EFERV.,EUROCARE,1.0,0.0,15.5,2024-02-15 19:17:32,4,2,Verano
107417,VITAMINA C+ZINC+D3 NARANJA FCOX20 TB.EFERV.,EUROCARE,1.0,0.0,15.5,2024-02-16 20:30:06,4,2,Verano
107417,VITAMINA C+ZINC+D3 NARANJA FCOX20 TB.EFERV.,EUROCARE,1.0,0.0,15.5,2024-02-17 16:36:12,1,2,Verano
107417,VITAMINA C+ZINC+D3 NARANJA FCOX20 TB.EFERV.,EUROCARE,2.0,0.0,31.0,2024-02-17 17:07:53,4,2,Verano
107417,VITAMINA C+ZINC+D3 NARANJA FCOX20 TB.EFERV.,EUROCARE,1.0,0.0,15.5,2024-02-18 11:09:40,6,2,Verano
107417,VITAMINA C+ZINC+D3 NARANJA FCOX20 TB.EFERV.,EUROCARE,1.0,0.0,15.5,2024-02-19 19:31:22,2,2,Verano
107417,VITAMINA C+ZINC+D3 NARANJA FCOX20 TB.EFERV.,EUROCARE,1.0,0.0,15.5,2024-02-19 21:49:15,1,2,Verano
107417,VITAMINA C+ZINC+D3 NARANJA FCOX20 TB.EFERV.,EUROCARE,1.0,0.0,15.5,2024-02-21 09:13:27,4,2,Verano
107417,VITAMINA C+ZINC+D3 NARANJA FCOX20 TB.EFERV.,EUROCARE,1.0,0.0,15.5,2024-02-21 14:48:11,1,2,Verano
107417,VITAMINA C+ZINC+D3 NARANJA FCOX20 TB.EFERV.,EUROCARE,1.0,0.0,15.5,2024-02-22 08:52:02,9,2,Verano
107417,VITAMINA C+ZINC+D3 NARANJA FCOX20 TB.EFERV.,EUROCARE,1.0,0.0,15.5,2024-02-22 11:46:01,3,2,Verano
107417,VITAMINA C+ZINC+D3 NARANJA FCOX20 TB.EFERV.,EUROCARE,1.0,0.0,15.5,2024-02-22 13:17:54,11,2,Verano
107417,VITAMINA C+ZINC+D3 NARANJA FCOX20 TB.EFERV.,EUROCARE,1.0,0.0,15.5,2024-02-22 19:11:33,6,2,Verano
107417,VITAMINA C+ZINC+D3 NARANJA FCOX20 TB.EFERV.,EUROCARE,1.0,0.0,15.5,2024-02-23 09:04:55,5,2,Verano
107417,VITAMINA C+ZINC+D3 NARANJA FCOX20 TB.EFERV.,EUROCARE,1.0,0.0,15.5,2024-02-23 19:26:25,5,2,Verano
107417,VITAMINA C+ZINC+D3 NARANJA FCOX20 TB.EFERV.,EUROCARE,1.0,0.0,14.72,2024-02-24 19:53:12,4,2,Verano
107417,VITAMINA C+ZINC+D3 NARANJA FCOX20 TB.EFERV.,EUROCARE,1.0,0.0,15.5,2024-02-24 20:39:11,9,2,Verano
107417,VITAMINA C+ZINC+D3 NARANJA FCOX20 TB.EFERV.,EUROCARE,1.0,0.0,15.5,2024-02-25 16:00:34,4,2,Verano
107417,VITAMINA C+ZINC+D3 NARANJA FCOX20 TB.EFERV.,EUROCARE,1.0,0.0,15.5,2024-02-28 08:34:47,4,2,Verano
107417,VITAMINA C+ZINC+D3 NARANJA FCOX20 TB.EFERV.,EUROCARE,1.0,0.0,15.5,2024-02-28 19:48:36,4,2,Verano
107417,VITAMINA C+ZINC+D3 NARANJA FCOX20 TB.EFERV.,EUROCARE,1.0,0.0,15.5,2024-02-29 09:16:26,5,2,Verano
107417,VITAMINA C+ZINC+D3 NARANJA FCOX20 TB.EFERV.,EUROCARE,1.0,0.0,15.5,2024-02-29 09:19:58,5,2,Verano
107417,VITAMINA C+ZINC+D3 NARANJA FCOX20 TB.EFERV.,EUROCARE,1.0,0.0,15.5,2024-02-29 13:57:24,5,2,Verano
107417,VITAMINA C+ZINC+D3 NARANJA FCOX20 TB.EFERV.,EUROCARE,1.0,0.0,15.5,2024-02-29 15:54:34,5,2,Verano
107417,VITAMINA C+ZINC+D3 NARANJA FCOX20 TB.EFERV.,EUROCARE,1.0,0.0,14.72,2024-02-29 22:04:55,3,2,Verano
107417,VITAMINA C+ZINC+D3 NARANJA FCOX20 TB.EFERV.,EUROCARE,1.0,0.0,15.5,2024-03-01 16:49:52,5,3,Otoño
107417,VITAMINA C+ZINC+D3 NARANJA FCOX20 TB.EFERV.,EUROCARE,2.0,0.0,29.44,2024-03-02 15:25:10,4,3,Otoño
107417,VITAMINA C+ZINC+D3 NARANJA FCOX20 TB.EFERV.,EUROCARE,1.0,0.0,15.5,2024-03-02 16:15:26,4,3,Otoño
107417,VITAMINA C+ZINC+D3 NARANJA FCOX20 TB.EFERV.,EUROCARE,1.0,0.0,15.5,2024-03-02 19:38:41,4,3,Otoño
107417,VITAMINA C+ZINC+D3 NARANJA FCOX20 TB.EFERV.,EUROCARE,1.0,0.0,15.5,2024-03-02 19:57:13,1,3,Otoño
107417,VITAMINA C+ZINC+D3 NARANJA FCOX20 TB.EFERV.,EUROCARE,1.0,0.0,15.5,2024-03-02 20:30:57,2,3,Otoño
107417,VITAMINA C+ZINC+D3 NARANJA FCOX20 TB.EFERV.,EUROCARE,1.0,0.0,15.5,2024-03-02 23:33:28,4,3,Otoño
107417,VITAMINA C+ZINC+D3 NARANJA FCOX20 TB.EFERV.,EUROCARE,1.0,0.0,15.5,2024-03-03 09:34:24,4,3,Otoño
107417,VITAMINA C+ZINC+D3 NARANJA FCOX20 TB.EFERV.,EUROCARE,2.0,0.0,31.0,2024-03-03 12:11:41,4,3,Otoño
107417,VITAMINA C+ZINC+D3 NARANJA FCOX20 TB.EFERV.,EUROCARE,1.0,0.0,15.5,2024-03-04 11:15:24,1,3,Otoño
107417,VITAMINA C+ZINC+D3 NARANJA FCOX20 TB.EFERV.,EUROCARE,1.0,0.0,15.5,2024-03-04 12:34:50,6,3,Otoño
107417,VITAMINA C+ZINC+D3 NARANJA FCOX20 TB.EFERV.,EUROCARE,1.0,0.0,15.5,2024-03-04 18:20:52,8,3,Otoño
107417,VITAMINA C+ZINC+D3 NARANJA FCOX20 TB.EFERV.,EUROCARE,1.0,0.0,15.5,2024-03-05 09:45:50,11,3,Otoño
107417,VITAMINA C+ZINC+D3 NARANJA FCOX20 TB.EFERV.,EUROCARE,1.0,0.0,15.5,2024-03-05 20:41:44,4,3,Otoño
107417,VITAMINA C+ZINC+D3 NARANJA FCOX20 TB.EFERV.,EUROCARE,1.0,0.0,15.5,2024-03-06 18:25:04,6,3,Otoño
107417,VITAMINA C+ZINC+D3 NARANJA FCOX20 TB.EFERV.,EUROCARE,1.0,0.0,15.5,2024-03-07 09:15:23,5,3,Otoño
107417,VITAMINA C+ZINC+D3 NARANJA FCOX20 TB.EFERV.,EUROCARE,1.0,0.0,15.5,2024-03-07 18:20:05,4,3,Otoño
107417,VITAMINA C+ZINC+D3 NARANJA FCOX20 TB.EFERV.,EUROCARE,1.0,0.0,15.5,2024-03-08 09:18:15,5,3,Otoño
107417,VITAMINA C+ZINC+D3 NARANJA FCOX20 TB.EFERV.,EUROCARE,1.0,0.0,15.5,2024-03-08 17:25:27,2,3,Otoño
107417,VITAMINA C+ZINC+D3 NARANJA FCOX20 TB.EFERV.,EUROCARE,1.0,0.0,15.5,2024-03-08 19:52:46,2,3,Otoño
107417,VITAMINA C+ZINC+D3 NARANJA FCOX20 TB.EFERV.,EUROCARE,-1.0,0.0,-15.5,2024-03-09 12:00:00,1,3,Otoño
107417,VITAMINA C+ZINC+D3 NARANJA FCOX20 TB.EFERV.,EUROCARE,1.0,0.0,15.5,2024-03-09 13:22:57,3,3,Otoño
107417,VITAMINA C+ZINC+D3 NARANJA FCOX20 TB.EFERV.,EUROCARE,1.0,0.0,15.5,2024-03-09 16:04:20,4,3,Otoño
107417,VITAMINA C+ZINC+D3 NARANJA FCOX20 TB.EFERV.,EUROCARE,2.0,0.0,31.0,2024-03-09 20:27:37,9,3,Otoño
107417,VITAMINA C+ZINC+D3 NARANJA FCOX20 TB.EFERV.,EUROCARE,1.0,0.0,15.5,2024-03-09 20:43:38,1,3,Otoño
107417,VITAMINA C+ZINC+D3 NARANJA FCOX20 TB.EFERV.,EUROCARE,1.0,0.0,15.5,2024-03-09 21:18:34,2,3,Otoño
107417,VITAMINA C+ZINC+D3 NARANJA FCOX20 TB.EFERV.,EUROCARE,1.0,0.0,15.5,2024-03-10 12:17:32,4,3,Otoño
107417,VITAMINA C+ZINC+D3 NARANJA FCOX20 TB.EFERV.,EUROCARE,2.0,0.0,31.0,2024-03-10 16:36:14,4,3,Otoño
107417,VITAMINA C+ZINC+D3 NARANJA FCOX20 TB.EFERV.,EUROCARE,1.0,0.0,15.5,2024-03-10 21:05:19,4,3,Otoño
107417,VITAMINA C+ZINC+D3 NARANJA FCOX20 TB.EFERV.,EUROCARE,1.0,0.0,15.5,2024-03-11 12:37:07,2,3,Otoño
107417,VITAMINA C+ZINC+D3 NARANJA FCOX20 TB.EFERV.,EUROCARE,1.0,0.0,15.5,2024-03-11 12:48:30,4,3,Otoño
107417,VITAMINA C+ZINC+D3 NARANJA FCOX20 TB.EFERV.,EUROCARE,1.0,0.0,15.5,2024-03-11 12:51:38,5,3,Otoño
107417,VITAMINA C+ZINC+D3 NARANJA FCOX20 TB.EFERV.,EUROCARE,1.0,0.0,15.5,2024-03-11 13:31:30,2,3,Otoño
107417,VITAMINA C+ZINC+D3 NARANJA FCOX20 TB.EFERV.,EUROCARE,1.0,0.0,15.5,2024-03-11 16:47:25,1,3,Otoño
107417,VITAMINA C+ZINC+D3 NARANJA FCOX20 TB.EFERV.,EUROCARE,1.0,0.0,15.5,2024-03-11 17:28:27,4,3,Otoño
107417,VITAMINA C+ZINC+D3 NARANJA FCOX20 TB.EFERV.,EUROCARE,1.0,0.0,15.5,2024-03-11 17:45:52,1,3,Otoño
107417,VITAMINA C+ZINC+D3 NARANJA FCOX20 TB.EFERV.,EUROCARE,1.0,0.0,15.5,2024-03-11 21:19:57,5,3,Otoño
107417,VITAMINA C+ZINC+D3 NARANJA FCOX20 TB.EFERV.,EUROCARE,1.0,0.0,15.5,2024-03-11 22:31:16,5,3,Otoño
107417,VITAMINA C+ZINC+D3 NARANJA FCOX20 TB.EFERV.,EUROCARE,1.0,0.0,15.5,2024-03-12 19:12:25,3,3,Otoño
107417,VITAMINA C+ZINC+D3 NARANJA FCOX20 TB.EFERV.,EUROCARE,1.0,0.0,15.5,2024-03-12 19:53:55,3,3,Otoño
107417,VITAMINA C+ZINC+D3 NARANJA FCOX20 TB.EFERV.,EUROCARE,1.0,0.0,15.5,2024-03-13 19:37:17,3,3,Otoño
107417,VITAMINA C+ZINC+D3 NARANJA FCOX20 TB.EFERV.,EUROCARE,1.0,0.0,15.5,2024-03-13 23:44:57,4,3,Otoño
107417,VITAMINA C+ZINC+D3 NARANJA FCOX20 TB.EFERV.,EUROCARE,1.0,0.0,15.5,2024-03-14 10:05:59,6,3,Otoño
107417,VITAMINA C+ZINC+D3 NARANJA FCOX20 TB.EFERV.,EUROCARE,1.0,0.0,15.5,2024-03-14 10:07:43,6,3,Otoño
107417,VITAMINA C+ZINC+D3 NARANJA FCOX20 TB.EFERV.,EUROCARE,-1.0,0.0,-15.5,2024-03-14 12:00:00,6,3,Otoño
107417,VITAMINA C+ZINC+D3 NARANJA FCOX20 TB.EFERV.,EUROCARE,1.0,0.0,15.5,2024-03-14 17:36:07,9,3,Otoño
107417,VITAMINA C+ZINC+D3 NARANJA FCOX20 TB.EFERV.,EUROCARE,1.0,0.0,15.5,2024-03-14 18:40:26,4,3,Otoño
107417,VITAMINA C+ZINC+D3 NARANJA FCOX20 TB.EFERV.,EUROCARE,1.0,0.0,15.5,2024-03-14 23:26:39,4,3,Otoño
107417,VITAMINA C+ZINC+D3 NARANJA FCOX20 TB.EFERV.,EUROCARE,1.0,0.0,15.5,2024-03-15 07:35:35,5,3,Otoño
107417,VITAMINA C+ZINC+D3 NARANJA FCOX20 TB.EFERV.,EUROCARE,1.0,0.0,15.5,2024-03-15 10:51:52,9,3,Otoño
107417,VITAMINA C+ZINC+D3 NARANJA FCOX20 TB.EFERV.,EUROCARE,1.0,0.0,15.5,2024-03-15 19:16:21,4,3,Otoño
107417,VITAMINA C+ZINC+D3 NARANJA FCOX20 TB.EFERV.,EUROCARE,1.0,0.0,15.5,2024-03-15 19:56:27,7,3,Otoño
107417,VITAMINA C+ZINC+D3 NARANJA FCOX20 TB.EFERV.,EUROCARE,1.0,0.0,15.5,2024-03-15 20:12:54,2,3,Otoño
107417,VITAMINA C+ZINC+D3 NARANJA FCOX20 TB.EFERV.,EUROCARE,1.0,0.0,15.5,2024-03-15 20:29:00,7,3,Otoño
107417,VITAMINA C+ZINC+D3 NARANJA FCOX20 TB.EFERV.,EUROCARE,1.0,0.0,15.5,2024-03-16 08:39:58,5,3,Otoño
107417,VITAMINA C+ZINC+D3 NARANJA FCOX20 TB.EFERV.,EUROCARE,1.0,0.0,15.5,2024-03-16 13:34:47,9,3,Otoño
107417,VITAMINA C+ZINC+D3 NARANJA FCOX20 TB.EFERV.,EUROCARE,1.0,0.0,15.5,2024-03-16 18:49:38,2,3,Otoño
107417,VITAMINA C+ZINC+D3 NARANJA FCOX20 TB.EFERV.,EUROCARE,1.0,0.0,15.5,2024-03-17 16:55:42,7,3,Otoño
107417,VITAMINA C+ZINC+D3 NARANJA FCOX20 TB.EFERV.,EUROCARE,1.0,0.0,15.5,2024-03-18 19:52:42,1,3,Otoño
107417,VITAMINA C+ZINC+D3 NARANJA FCOX20 TB.EFERV.,EUROCARE,1.0,0.0,15.5,2024-03-18 22:07:59,7,3,Otoño
107417,VITAMINA C+ZINC+D3 NARANJA FCOX20 TB.EFERV.,EUROCARE,1.0,0.0,15.5,2024-03-19 16:57:11,7,3,Otoño
107417,VITAMINA C+ZINC+D3 NARANJA FCOX20 TB.EFERV.,EUROCARE,1.0,0.0,15.5,2024-03-19 19:26:06,2,3,Otoño
107417,VITAMINA C+ZINC+D3 NARANJA FCOX20 TB.EFERV.,EUROCARE,1.0,0.0,15.5,2024-03-19 20:26:26,7,3,Otoño
107417,VITAMINA C+ZINC+D3 NARANJA FCOX20 TB.EFERV.,EUROCARE,1.0,0.0,15.5,2024-03-19 20:39:49,2,3,Otoño
107417,VITAMINA C+ZINC+D3 NARANJA FCOX20 TB.EFERV.,EUROCARE,1.0,0.0,15.5,2024-03-20 15:31:36,8,3,Otoño
107417,VITAMINA C+ZINC+D3 NARANJA FCOX20 TB.EFERV.,EUROCARE,2.0,0.0,31.0,2024-03-21 11:39:47,1,3,Otoño
107417,VITAMINA C+ZINC+D3 NARANJA FCOX20 TB.EFERV.,EUROCARE,1.0,0.0,15.5,2024-03-22 12:49:31,2,3,Otoño
107417,VITAMINA C+ZINC+D3 NARANJA FCOX20 TB.EFERV.,EUROCARE,1.0,0.0,15.5,2024-03-22 14:43:13,4,3,Otoño
107417,VITAMINA C+ZINC+D3 NARANJA FCOX20 TB.EFERV.,EUROCARE,1.0,0.0,15.5,2024-03-22 18:49:19,2,3,Otoño
107417,VITAMINA C+ZINC+D3 NARANJA FCOX20 TB.EFERV.,EUROCARE,1.0,0.0,15.5,2024-03-23 13:17:33,10,3,Otoño
107417,VITAMINA C+ZINC+D3 NARANJA FCOX20 TB.EFERV.,EUROCARE,1.0,0.0,15.5,2024-03-23 19:02:33,2,3,Otoño
107417,VITAMINA C+ZINC+D3 NARANJA FCOX20 TB.EFERV.,EUROCARE,1.0,0.0,15.5,2024-03-24 23:01:23,5,3,Otoño
107417,VITAMINA C+ZINC+D3 NARANJA FCOX20 TB.EFERV.,EUROCARE,-2.0,0.0,-31.0,2024-03-25 12:00:00,5,3,Otoño
107417,VITAMINA C+ZINC+D3 NARANJA FCOX20 TB.EFERV.,EUROCARE,2.0,0.0,31.0,2024-03-25 18:31:57,5,3,Otoño
107417,VITAMINA C+ZINC+D3 NARANJA FCOX20 TB.EFERV.,EUROCARE,1.0,0.0,15.5,2024-03-25 19:27:14,7,3,Otoño
107417,VITAMINA C+ZINC+D3 NARANJA FCOX20 TB.EFERV.,EUROCARE,1.0,0.0,15.5,2024-03-25 19:44:43,3,3,Otoño
107417,VITAMINA C+ZINC+D3 NARANJA FCOX20 TB.EFERV.,EUROCARE,1.0,0.0,15.5,2024-03-26 09:57:18,5,3,Otoño
107417,VITAMINA C+ZINC+D3 NARANJA FCOX20 TB.EFERV.,EUROCARE,1.0,0.0,15.5,2024-03-26 10:01:11,10,3,Otoño
107417,VITAMINA C+ZINC+D3 NARANJA FCOX20 TB.EFERV.,EUROCARE,1.0,0.0,15.5,2024-03-26 11:43:16,5,3,Otoño
107417,VITAMINA C+ZINC+D3 NARANJA FCOX20 TB.EFERV.,EUROCARE,1.0,0.0,15.5,2024-03-26 21:39:41,3,3,Otoño
107417,VITAMINA C+ZINC+D3 NARANJA FCOX20 TB.EFERV.,EUROCARE,1.0,0.0,15.5,2024-03-27 09:11:56,3,3,Otoño
107417,VITAMINA C+ZINC+D3 NARANJA FCOX20 TB.EFERV.,EUROCARE,1.0,0.0,15.5,2024-03-27 09:36:06,10,3,Otoño
107417,VITAMINA C+ZINC+D3 NARANJA FCOX20 TB.EFERV.,EUROCARE,1.0,0.0,15.5,2024-03-27 14:21:37,7,3,Otoño
107417,VITAMINA C+ZINC+D3 NARANJA FCOX20 TB.EFERV.,EUROCARE,3.0,0.0,44.16,2024-03-27 17:20:55,4,3,Otoño
107417,VITAMINA C+ZINC+D3 NARANJA FCOX20 TB.EFERV.,EUROCARE,1.0,0.0,15.5,2024-03-27 20:10:18,5,3,Otoño
107417,VITAMINA C+ZINC+D3 NARANJA FCOX20 TB.EFERV.,EUROCARE,2.0,0.0,31.0,2024-03-27 20:36:47,4,3,Otoño
107417,VITAMINA C+ZINC+D3 NARANJA FCOX20 TB.EFERV.,EUROCARE,2.0,0.0,31.0,2024-03-28 12:29:48,2,3,Otoño
107417,VITAMINA C+ZINC+D3 NARANJA FCOX20 TB.EFERV.,EUROCARE,1.0,0.0,15.5,2024-03-28 15:21:43,7,3,Otoño
107417,VITAMINA C+ZINC+D3 NARANJA FCOX20 TB.EFERV.,EUROCARE,1.0,0.0,15.5,2024-03-28 15:51:20,11,3,Otoño
107417,VITAMINA C+ZINC+D3 NARANJA FCOX20 TB.EFERV.,EUROCARE,1.0,0.0,15.5,2024-03-28 16:56:15,6,3,Otoño
107417,VITAMINA C+ZINC+D3 NARANJA FCOX20 TB.EFERV.,EUROCARE,1.0,0.0,15.5,2024-04-01 18:38:06,7,4,Otoño
107417,VITAMINA C+ZINC+D3 NARANJA FCOX20 TB.EFERV.,EUROCARE,1.0,0.0,15.5,2024-04-03 20:16:58,6,4,Otoño
107417,VITAMINA C+ZINC+D3 NARANJA FCOX20 TB.EFERV.,EUROCARE,1.0,0.0,15.5,2024-04-04 10:38:42,5,4,Otoño
107417,VITAMINA C+ZINC+D3 NARANJA FCOX20 TB.EFERV.,EUROCARE,1.0,0.0,15.5,2024-04-04 11:08:32,11,4,Otoño
107417,VITAMINA C+ZINC+D3 NARANJA FCOX20 TB.EFERV.,EUROCARE,1.0,0.0,15.5,2024-04-04 11:25:13,2,4,Otoño
107417,VITAMINA C+ZINC+D3 NARANJA FCOX20 TB.EFERV.,EUROCARE,1.0,0.0,15.5,2024-04-04 20:27:33,2,4,Otoño
107417,VITAMINA C+ZINC+D3 NARANJA FCOX20 TB.EFERV.,EUROCARE,1.0,0.0,15.5,2024-04-05 21:56:55,12,4,Otoño
107417,VITAMINA C+ZINC+D3 NARANJA FCOX20 TB.EFERV.,EUROCARE,1.0,0.0,15.5,2024-04-06 08:09:44,4,4,Otoño
107417,VITAMINA C+ZINC+D3 NARANJA FCOX20 TB.EFERV.,EUROCARE,2.0,0.0,31.0,2024-04-06 10:44:14,6,4,Otoño
107417,VITAMINA C+ZINC+D3 NARANJA FCOX20 TB.EFERV.,EUROCARE,1.0,0.0,15.5,2024-04-06 13:46:23,2,4,Otoño
107417,VITAMINA C+ZINC+D3 NARANJA FCOX20 TB.EFERV.,EUROCARE,1.0,0.0,15.5,2024-04-06 18:53:07,5,4,Otoño
107417,VITAMINA C+ZINC+D3 NARANJA FCOX20 TB.EFERV.,EUROCARE,1.0,0.0,15.5,2024-04-06 19:37:13,2,4,Otoño
107417,VITAMINA C+ZINC+D3 NARANJA FCOX20 TB.EFERV.,EUROCARE,1.0,0.0,15.5,2024-04-07 08:34:07,6,4,Otoño
107417,VITAMINA C+ZINC+D3 NARANJA FCOX20 TB.EFERV.,EUROCARE,2.0,0.0,31.0,2024-04-07 12:19:07,6,4,Otoño
107417,VITAMINA C+ZINC+D3 NARANJA FCOX20 TB.EFERV.,EUROCARE,1.0,0.0,15.5,2024-04-07 13:07:22,12,4,Otoño
107417,VITAMINA C+ZINC+D3 NARANJA FCOX20 TB.EFERV.,EUROCARE,1.0,0.0,15.5,2024-04-09 19:45:00,7,4,Otoño
107417,VITAMINA C+ZINC+D3 NARANJA FCOX20 TB.EFERV.,EUROCARE,1.0,0.0,15.5,2024-04-10 20:04:02,12,4,Otoño
107417,VITAMINA C+ZINC+D3 NARANJA FCOX20 TB.EFERV.,EUROCARE,2.0,0.0,31.0,2024-04-11 16:53:55,2,4,Otoño
107417,VITAMINA C+ZINC+D3 NARANJA FCOX20 TB.EFERV.,EUROCARE,1.0,0.0,15.5,2024-04-13 09:42:42,5,4,Otoño
107417,VITAMINA C+ZINC+D3 NARANJA FCOX20 TB.EFERV.,EUROCARE,-1.0,0.0,-15.5,2024-04-13 12:00:00,3,4,Otoño
107417,VITAMINA C+ZINC+D3 NARANJA FCOX20 TB.EFERV.,EUROCARE,1.0,0.0,15.5,2024-04-13 19:24:10,3,4,Otoño
107417,VITAMINA C+ZINC+D3 NARANJA FCOX20 TB.EFERV.,EUROCARE,1.0,0.0,15.5,2024-04-13 19:26:46,3,4,Otoño
107417,VITAMINA C+ZINC+D3 NARANJA FCOX20 TB.EFERV.,EUROCARE,1.0,0.0,15.5,2024-04-14 16:32:43,7,4,Otoño
107417,VITAMINA C+ZINC+D3 NARANJA FCOX20 TB.EFERV.,EUROCARE,1.0,0.0,15.5,2024-04-16 21:32:10,2,4,Otoño
107417,VITAMINA C+ZINC+D3 NARANJA FCOX20 TB.EFERV.,EUROCARE,-2.0,0.0,-31.0,2024-04-17 12:00:00,2,4,Otoño
107417,VITAMINA C+ZINC+D3 NARANJA FCOX20 TB.EFERV.,EUROCARE,1.0,0.0,15.5,2024-04-17 13:21:09,3,4,Otoño
107417,VITAMINA C+ZINC+D3 NARANJA FCOX20 TB.EFERV.,EUROCARE,2.0,0.0,31.0,2024-04-17 14:00:02,2,4,Otoño
107417,VITAMINA C+ZINC+D3 NARANJA FCOX20 TB.EFERV.,EUROCARE,2.0,0.0,31.0,2024-04-17 14:04:34,2,4,Otoño
107417,VITAMINA C+ZINC+D3 NARANJA FCOX20 TB.EFERV.,EUROCARE,1.0,0.0,15.5,2024-04-17 18:07:06,5,4,Otoño
107417,VITAMINA C+ZINC+D3 NARANJA FCOX20 TB.EFERV.,EUROCARE,1.0,0.0,15.5,2024-04-17 18:27:25,3,4,Otoño
107417,VITAMINA C+ZINC+D3 NARANJA FCOX20 TB.EFERV.,EUROCARE,1.0,0.0,15.5,2024-04-18 08:55:35,7,4,Otoño
107417,VITAMINA C+ZINC+D3 NARANJA FCOX20 TB.EFERV.,EUROCARE,1.0,0.0,15.5,2024-04-18 15:50:56,5,4,Otoño
107417,VITAMINA C+ZINC+D3 NARANJA FCOX20 TB.EFERV.,EUROCARE,1.0,0.0,15.5,2024-04-18 15:51:13,1,4,Otoño
107417,VITAMINA C+ZINC+D3 NARANJA FCOX20 TB.EFERV.,EUROCARE,1.0,0.0,15.5,2024-04-19 14:20:24,3,4,Otoño
107417,VITAMINA C+ZINC+D3 NARANJA FCOX20 TB.EFERV.,EUROCARE,1.0,0.0,15.5,2024-04-19 17:47:14,5,4,Otoño
107417,VITAMINA C+ZINC+D3 NARANJA FCOX20 TB.EFERV.,EUROCARE,1.0,0.0,15.5,2024-04-20 08:00:31,3,4,Otoño
107417,VITAMINA C+ZINC+D3 NARANJA FCOX20 TB.EFERV.,EUROCARE,1.0,0.0,15.5,2024-04-21 17:11:42,1,4,Otoño
107417,VITAMINA C+ZINC+D3 NARANJA FCOX20 TB.EFERV.,EUROCARE,1.0,0.0,15.5,2024-04-22 08:34:24,5,4,Otoño
107417,VITAMINA C+ZINC+D3 NARANJA FCOX20 TB.EFERV.,EUROCARE,1.0,0.0,15.5,2024-04-22 20:05:20,3,4,Otoño
107417,VITAMINA C+ZINC+D3 NARANJA FCOX20 TB.EFERV.,EUROCARE,1.0,0.0,15.5,2024-04-22 21:14:08,12,4,Otoño
107417,VITAMINA C+ZINC+D3 NARANJA FCOX20 TB.EFERV.,EUROCARE,-1.0,0.0,-15.5,2024-04-23 12:00:00,5,4,Otoño
107417,VITAMINA C+ZINC+D3 NARANJA FCOX20 TB.EFERV.,EUROCARE,1.0,0.0,15.5,2024-04-23 12:35:39,5,4,Otoño
107417,VITAMINA C+ZINC+D3 NARANJA FCOX20 TB.EFERV.,EUROCARE,1.0,0.0,15.5,2024-04-23 12:39:42,5,4,Otoño
107417,VITAMINA C+ZINC+D3 NARANJA FCOX20 TB.EFERV.,EUROCARE,1.0,0.0,15.5,2024-04-23 16:42:59,12,4,Otoño
107417,VITAMINA C+ZINC+D3 NARANJA FCOX20 TB.EFERV.,EUROCARE,1.0,0.0,15.5,2024-04-24 19:09:04,9,4,Otoño
107417,VITAMINA C+ZINC+D3 NARANJA FCOX20 TB.EFERV.,EUROCARE,2.0,0.0,29.44,2024-04-25 13:54:02,5,4,Otoño
107417,VITAMINA C+ZINC+D3 NARANJA FCOX20 TB.EFERV.,EUROCARE,1.0,0.0,15.5,2024-04-25 16:47:47,12,4,Otoño
107417,VITAMINA C+ZINC+D3 NARANJA FCOX20 TB.EFERV.,EUROCARE,1.0,0.0,15.5,2024-04-26 20:07:09,10,4,Otoño
107417,VITAMINA C+ZINC+D3 NARANJA FCOX20 TB.EFERV.,EUROCARE,1.0,0.0,15.5,2024-04-27 11:50:26,5,4,Otoño
107417,VITAMINA C+ZINC+D3 NARANJA FCOX20 TB.EFERV.,EUROCARE,1.0,0.0,15.5,2024-04-27 14:35:57,11,4,Otoño
107417,VITAMINA C+ZINC+D3 NARANJA FCOX20 TB.EFERV.,EUROCARE,1.0,0.0,15.5,2024-04-27 14:43:35,5,4,Otoño
107417,VITAMINA C+ZINC+D3 NARANJA FCOX20 TB.EFERV.,EUROCARE,1.0,0.0,15.5,2024-04-28 09:39:05,12,4,Otoño
107417,VITAMINA C+ZINC+D3 NARANJA FCOX20 TB.EFERV.,EUROCARE,1.0,0.0,15.5,2024-04-28 09:49:16,12,4,Otoño
107417,VITAMINA C+ZINC+D3 NARANJA FCOX20 TB.EFERV.,EUROCARE,-1.0,0.0,-15.5,2024-04-28 12:00:00,12,4,Otoño
107417,VITAMINA C+ZINC+D3 NARANJA FCOX20 TB.EFERV.,EUROCARE,1.0,0.0,15.5,2024-04-28 19:18:07,12,4,Otoño
107417,VITAMINA C+ZINC+D3 NARANJA FCOX20 TB.EFERV.,EUROCARE,1.0,0.0,15.5,2024-04-30 11:23:54,5,4,Otoño
107417,VITAMINA C+ZINC+D3 NARANJA FCOX20 TB.EFERV.,EUROCARE,1.0,0.0,15.5,2024-04-30 21:18:23,7,4,Otoño
107417,VITAMINA C+ZINC+D3 NARANJA FCOX20 TB.EFERV.,EUROCARE,1.0,0.0,15.5,2024-05-01 09:45:22,3,5,Otoño
107417,VITAMINA C+ZINC+D3 NARANJA FCOX20 TB.EFERV.,EUROCARE,1.0,0.0,15.5,2024-05-01 13:59:25,12,5,Otoño
107417,VITAMINA C+ZINC+D3 NARANJA FCOX20 TB.EFERV.,EUROCARE,1.0,0.0,15.5,2024-05-02 12:13:22,11,5,Otoño
107417,VITAMINA C+ZINC+D3 NARANJA FCOX20 TB.EFERV.,EUROCARE,1.0,0.0,15.5,2024-05-02 12:32:38,12,5,Otoño
107417,VITAMINA C+ZINC+D3 NARANJA FCOX20 TB.EFERV.,EUROCARE,1.0,0.0,15.5,2024-05-02 17:29:05,5,5,Otoño
107417,VITAMINA C+ZINC+D3 NARANJA FCOX20 TB.EFERV.,EUROCARE,1.0,0.0,15.5,2024-05-02 19:52:33,12,5,Otoño
107417,VITAMINA C+ZINC+D3 NARANJA FCOX20 TB.EFERV.,EUROCARE,3.0,0.0,44.16,2024-05-04 12:23:14,4,5,Otoño
107417,VITAMINA C+ZINC+D3 NARANJA FCOX20 TB.EFERV.,EUROCARE,1.0,0.0,15.5,2024-05-07 08:36:12,12,5,Otoño
107417,VITAMINA C+ZINC+D3 NARANJA FCOX20 TB.EFERV.,EUROCARE,1.0,0.0,15.5,2024-05-08 09:48:53,12,5,Otoño
107417,VITAMINA C+ZINC+D3 NARANJA FCOX20 TB.EFERV.,EUROCARE,1.0,0.0,15.5,2024-05-08 22:32:15,5,5,Otoño
107417,VITAMINA C+ZINC+D3 NARANJA FCOX20 TB.EFERV.,EUROCARE,1.0,0.0,15.5,2024-05-09 11:20:16,1,5,Otoño
107417,VITAMINA C+ZINC+D3 NARANJA FCOX20 TB.EFERV.,EUROCARE,1.0,0.0,15.5,2024-05-10 11:59:59,2,5,Otoño
107417,VITAMINA C+ZINC+D3 NARANJA FCOX20 TB.EFERV.,EUROCARE,1.0,0.0,15.5,2024-05-17 20:25:28,12,5,Otoño
107417,VITAMINA C+ZINC+D3 NARANJA FCOX20 TB.EFERV.,EUROCARE,1.0,0.0,15.5,2024-05-18 17:12:40,12,5,Otoño
107417,VITAMINA C+ZINC+D3 NARANJA FCOX20 TB.EFERV.,EUROCARE,1.0,0.0,15.5,2024-05-18 20:50:16,8,5,Otoño
107417,VITAMINA C+ZINC+D3 NARANJA FCOX20 TB.EFERV.,EUROCARE,1.0,0.0,15.5,2024-05-19 11:23:48,1,5,Otoño
107417,VITAMINA C+ZINC+D3 NARANJA FCOX20 TB.EFERV.,EUROCARE,1.0,0.0,15.5,2024-05-20 22:09:58,10,5,Otoño
107417,VITAMINA C+ZINC+D3 NARANJA FCOX20 TB.EFERV.,EUROCARE,1.0,0.0,15.5,2024-05-21 17:53:30,2,5,Otoño
107417,VITAMINA C+ZINC+D3 NARANJA FCOX20 TB.EFERV.,EUROCARE,1.0,0.0,15.5,2024-05-23 19:24:42,2,5,Otoño
107417,VITAMINA C+ZINC+D3 NARANJA FCOX20 TB.EFERV.,EUROCARE,1.0,0.0,15.5,2024-05-30 17:41:20,2,5,Otoño
107417,VITAMINA C+ZINC+D3 NARANJA FCOX20 TB.EFERV.,EUROCARE,1.0,0.0,15.5,2024-05-30 21:08:08,11,5,Otoño
107417,VITAMINA C+ZINC+D3 NARANJA FCOX20 TB.EFERV.,EUROCARE,1.0,0.0,15.5,2024-06-27 21:49:30,3,6,Invierno
107417,VITAMINA C+ZINC+D3 NARANJA TAB.EFERV. TBOX20UND,EUROCARE,1.0,0.0,15.5,2024-06-27 21:58:56,8,6,Invierno
107417,VITAMINA C+ZINC+D3 NARANJA TAB.EFERV. TBOX20UND,EUROCARE,1.0,0.0,15.5,2024-06-28 15:27:10,6,6,Invierno
107417,VITAMINA C+ZINC+D3 NARANJA TAB.EFERV. TBOX20UND,EUROCARE,1.0,0.0,15.5,2024-06-28 20:56:33,3,6,Invierno
107417,VITAMINA C+ZINC+D3 NARANJA TAB.EFERV. TBOX20UND,EUROCARE,1.0,0.0,15.5,2024-06-30 11:14:02,4,6,Invierno
107417,VITAMINA C+ZINC+D3 NARANJA TAB.EFERV. TBOX20UND,EUROCARE,1.0,0.0,15.5,2024-06-30 13:34:48,5,6,Invierno
107417,VITAMINA C+ZINC+D3 NARANJA TAB.EFERV. TBOX20UND,EUROCARE,1.0,0.0,15.5,2024-06-30 16:11:09,5,6,Invierno
107417,VITAMINA C+ZINC+D3 NARANJA TAB.EFERV. TBOX20UND,EUROCARE,1.0,0.0,14.72,2024-06-30 20:54:54,10,6,Invierno
107417,VITAMINA C+ZINC+D3 NARANJA TAB.EFERV. TBOX20UND,EUROCARE,1.0,0.0,15.5,2024-07-01 16:27:17,5,7,Invierno
107417,VITAMINA C+ZINC+D3 NARANJA TAB.EFERV. TBOX20UND,EUROCARE,1.0,0.0,15.5,2024-07-01 17:44:57,12,7,Invierno
107417,VITAMINA C+ZINC+D3 NARANJA TAB.EFERV. TBOX20UND,EUROCARE,1.0,0.0,15.5,2024-07-02 10:39:09,3,7,Invierno
107417,VITAMINA C+ZINC+D3 NARANJA TAB.EFERV. TBOX20UND,EUROCARE,1.0,0.0,15.5,2024-07-02 15:46:23,12,7,Invierno
107417,VITAMINA C+ZINC+D3 NARANJA TAB.EFERV. TBOX20UND,EUROCARE,1.0,0.0,15.5,2024-07-02 16:47:53,1,7,Invierno
107417,VITAMINA C+ZINC+D3 NARANJA TAB.EFERV. TBOX20UND,EUROCARE,2.0,0.0,31.0,2024-07-02 18:16:03,1,7,Invierno
107417,VITAMINA C+ZINC+D3 NARANJA TAB.EFERV. TBOX20UND,EUROCARE,1.0,0.0,15.5,2024-07-02 20:24:21,12,7,Invierno
107417,VITAMINA C+ZINC+D3 NARANJA TAB.EFERV. TBOX20UND,EUROCARE,1.0,0.0,15.5,2024-07-04 09:55:06,1,7,Invierno
107417,VITAMINA C+ZINC+D3 NARANJA TAB.EFERV. TBOX20UND,EUROCARE,1.0,0.0,15.5,2024-07-04 11:13:31,6,7,Invierno
107417,VITAMINA C+ZINC+D3 NARANJA TAB.EFERV. TBOX20UND,EUROCARE,1.0,0.0,15.5,2024-07-04 19:03:49,1,7,Invierno
107417,VITAMINA C+ZINC+D3 NARANJA TAB.EFERV. TBOX20UND,EUROCARE,1.0,0.0,15.5,2024-07-04 20:19:13,2,7,Invierno
107417,VITAMINA C+ZINC+D3 NARANJA TAB.EFERV. TBOX20UND,EUROCARE,1.0,0.0,15.5,2024-07-05 15:07:08,2,7,Invierno
107417,VITAMINA C+ZINC+D3 NARANJA TAB.EFERV. TBOX20UND,EUROCARE,1.0,0.0,15.5,2024-07-05 19:44:05,2,7,Invierno
107417,VITAMINA C+ZINC+D3 NARANJA TAB.EFERV. TBOX20UND,EUROCARE,1.0,0.0,15.5,2024-07-06 13:17:11,2,7,Invierno
107417,VITAMINA C+ZINC+D3 NARANJA TAB.EFERV. TBOX20UND,EUROCARE,1.0,0.0,15.5,2024-07-07 09:21:44,3,7,Invierno
107417,VITAMINA C+ZINC+D3 NARANJA TAB.EFERV. TBOX20UND,EUROCARE,1.0,0.0,15.5,2024-07-07 12:22:06,3,7,Invierno
107417,VITAMINA C+ZINC+D3 NARANJA TAB.EFERV. TBOX20UND,EUROCARE,1.0,0.0,15.5,2024-07-07 14:09:04,12,7,Invierno
107417,VITAMINA C+ZINC+D3 NARANJA TAB.EFERV. TBOX20UND,EUROCARE,1.0,0.0,15.5,2024-07-07 19:33:51,12,7,Invierno
107417,VITAMINA C+ZINC+D3 NARANJA TAB.EFERV. TBOX20UND,EUROCARE,1.0,0.0,15.5,2024-07-07 19:43:42,12,7,Invierno
107417,VITAMINA C+ZINC+D3 NARANJA TAB.EFERV. TBOX20UND,EUROCARE,1.0,0.0,15.5,2024-07-07 20:09:19,6,7,Invierno
107417,VITAMINA C+ZINC+D3 NARANJA TAB.EFERV. TBOX20UND,EUROCARE,1.0,0.0,15.5,2024-07-08 11:03:27,12,7,Invierno
107417,VITAMINA C+ZINC+D3 NARANJA TAB.EFERV. TBOX20UND,EUROCARE,2.0,0.0,31.0,2024-07-09 09:40:48,12,7,Invierno
107417,VITAMINA C+ZINC+D3 NARANJA TAB.EFERV. TBOX20UND,EUROCARE,1.0,0.0,15.5,2024-07-09 13:05:36,2,7,Invierno
107417,VITAMINA C+ZINC+D3 NARANJA TAB.EFERV. TBOX20UND,EUROCARE,1.0,0.0,15.5,2024-07-09 19:22:12,12,7,Invierno
107417,VITAMINA C+ZINC+D3 NARANJA TAB.EFERV. TBOX20UND,EUROCARE,2.0,0.0,31.0,2024-07-10 15:38:18,5,7,Invierno
107417,VITAMINA C+ZINC+D3 NARANJA TAB.EFERV. TBOX20UND,EUROCARE,2.0,0.0,31.0,2024-07-10 16:55:06,6,7,Invierno
107417,VITAMINA C+ZINC+D3 NARANJA TAB.EFERV. TBOX20UND,EUROCARE,1.0,0.0,15.5,2024-07-10 18:50:31,1,7,Invierno
107417,VITAMINA C+ZINC+D3 NARANJA TAB.EFERV. TBOX20UND,EUROCARE,2.0,0.0,31.0,2024-07-12 10:14:49,5,7,Invierno
107417,VITAMINA C+ZINC+D3 NARANJA TAB.EFERV. TBOX20UND,EUROCARE,1.0,0.0,14.72,2024-07-12 14:05:26,4,7,Invierno
107417,VITAMINA C+ZINC+D3 NARANJA TAB.EFERV. TBOX20UND,EUROCARE,1.0,0.0,15.5,2024-07-12 18:13:17,1,7,Invierno
107417,VITAMINA C+ZINC+D3 NARANJA TAB.EFERV. TBOX20UND,EUROCARE,1.0,0.0,15.5,2024-07-12 23:21:04,4,7,Invierno
107417,VITAMINA C+ZINC+D3 NARANJA TAB.EFERV. TBOX20UND,EUROCARE,1.0,0.0,15.5,2024-07-13 20:12:26,8,7,Invierno
107417,VITAMINA C+ZINC+D3 NARANJA TAB.EFERV. TBOX20UND,EUROCARE,1.0,0.0,15.5,2024-07-14 14:22:00,5,7,Invierno
107417,VITAMINA C+ZINC+D3 NARANJA TAB.EFERV. TBOX20UND,EUROCARE,1.0,0.0,15.5,2024-07-14 18:21:42,12,7,Invierno
107417,VITAMINA C+ZINC+D3 NARANJA TAB.EFERV. TBOX20UND,EUROCARE,1.0,0.0,15.5,2024-07-14 20:25:17,4,7,Invierno
107417,VITAMINA C+ZINC+D3 NARANJA TAB.EFERV. TBOX20UND,EUROCARE,1.0,0.0,15.5,2024-07-15 15:11:19,6,7,Invierno
107417,VITAMINA C+ZINC+D3 NARANJA TAB.EFERV. TBOX20UND,EUROCARE,1.0,0.0,15.5,2024-07-15 15:38:28,5,7,Invierno
107417,VITAMINA C+ZINC+D3 NARANJA TAB.EFERV. TBOX20UND,EUROCARE,1.0,0.0,15.5,2024-07-15 20:23:34,9,7,Invierno
107417,VITAMINA C+ZINC+D3 NARANJA TAB.EFERV. TBOX20UND,EUROCARE,1.0,0.0,15.5,2024-07-17 09:22:07,2,7,Invierno
107417,VITAMINA C+ZINC+D3 NARANJA TAB.EFERV. TBOX20UND,EUROCARE,1.0,0.0,15.5,2024-07-17 18:08:21,7,7,Invierno
107417,VITAMINA C+ZINC+D3 NARANJA TAB.EFERV. TBOX20UND,EUROCARE,1.0,0.0,15.5,2024-07-17 19:16:42,4,7,Invierno
107417,VITAMINA C+ZINC+D3 NARANJA TAB.EFERV. TBOX20UND,EUROCARE,1.0,0.0,15.5,2024-07-17 19:29:04,5,7,Invierno
107417,VITAMINA C+ZINC+D3 NARANJA TAB.EFERV. TBOX20UND,EUROCARE,1.0,0.0,15.5,2024-07-18 17:50:57,1,7,Invierno
107417,VITAMINA C+ZINC+D3 NARANJA TAB.EFERV. TBOX20UND,EUROCARE,1.0,0.0,15.5,2024-07-19 12:25:31,6,7,Invierno
107417,VITAMINA C+ZINC+D3 NARANJA TAB.EFERV. TBOX20UND,EUROCARE,1.0,0.0,15.5,2024-07-19 17:25:13,9,7,Invierno
107417,VITAMINA C+ZINC+D3 NARANJA TAB.EFERV. TBOX20UND,EUROCARE,1.0,0.0,15.5,2024-07-19 18:00:04,4,7,Invierno
107417,VITAMINA C+ZINC+D3 NARANJA TAB.EFERV. TBOX20UND,EUROCARE,1.0,0.0,15.5,2024-07-19 20:49:14,4,7,Invierno
107417,VITAMINA C+ZINC+D3 NARANJA TAB.EFERV. TBOX20UND,EUROCARE,1.0,0.0,15.5,2024-07-19 22:18:45,7,7,Invierno
107417,VITAMINA C+ZINC+D3 NARANJA TAB.EFERV. TBOX20UND,EUROCARE,1.0,0.0,15.5,2024-07-20 09:27:58,12,7,Invierno
107417,VITAMINA C+ZINC+D3 NARANJA TAB.EFERV. TBOX20UND,EUROCARE,1.0,0.0,15.5,2024-07-20 10:30:34,3,7,Invierno
107417,VITAMINA C+ZINC+D3 NARANJA TAB.EFERV. TBOX20UND,EUROCARE,1.0,0.0,15.5,2024-07-20 13:02:05,5,7,Invierno
107417,VITAMINA C+ZINC+D3 NARANJA TAB.EFERV. TBOX20UND,EUROCARE,1.0,0.0,15.5,2024-07-20 20:04:51,2,7,Invierno
107417,VITAMINA C+ZINC+D3 NARANJA TAB.EFERV. TBOX20UND,EUROCARE,1.0,0.0,15.5,2024-07-21 16:32:33,6,7,Invierno
107417,VITAMINA C+ZINC+D3 NARANJA TAB.EFERV. TBOX20UND,EUROCARE,1.0,0.0,15.5,2024-07-21 19:13:29,7,7,Invierno
107417,VITAMINA C+ZINC+D3 NARANJA TAB.EFERV. TBOX20UND,EUROCARE,1.0,0.0,15.5,2024-07-22 17:23:55,11,7,Invierno
107417,VITAMINA C+ZINC+D3 NARANJA TAB.EFERV. TBOX20UND,EUROCARE,1.0,0.0,15.5,2024-07-22 18:04:56,9,7,Invierno
107417,VITAMINA C+ZINC+D3 NARANJA TAB.EFERV. TBOX20UND,EUROCARE,1.0,0.0,15.5,2024-07-22 18:35:05,7,7,Invierno
107417,VITAMINA C+ZINC+D3 NARANJA TAB.EFERV. TBOX20UND,EUROCARE,1.0,0.0,15.5,2024-07-22 18:37:49,6,7,Invierno
107417,VITAMINA C+ZINC+D3 NARANJA TAB.EFERV. TBOX20UND,EUROCARE,1.0,0.0,15.5,2024-07-22 23:05:19,5,7,Invierno
107417,VITAMINA C+ZINC+D3 NARANJA TAB.EFERV. TBOX20UND,EUROCARE,1.0,0.0,15.5,2024-07-24 13:56:00,2,7,Invierno
107417,VITAMINA C+ZINC+D3 NARANJA TAB.EFERV. TBOX20UND,EUROCARE,1.0,0.0,15.5,2024-07-25 09:29:43,7,7,Invierno
107417,VITAMINA C+ZINC+D3 NARANJA TAB.EFERV. TBOX20UND,EUROCARE,1.0,0.0,15.5,2024-07-25 14:43:58,8,7,Invierno
107417,VITAMINA C+ZINC+D3 NARANJA TAB.EFERV. TBOX20UND,EUROCARE,1.0,0.0,15.5,2024-07-25 15:35:44,1,7,Invierno
107417,VITAMINA C+ZINC+D3 NARANJA TAB.EFERV. TBOX20UND,EUROCARE,1.0,0.0,15.5,2024-07-25 21:02:26,5,7,Invierno
107417,VITAMINA C+ZINC+D3 NARANJA TAB.EFERV. TBOX20UND,EUROCARE,1.0,0.0,15.5,2024-07-29 08:10:18,5,7,Invierno
107417,VITAMINA C+ZINC+D3 NARANJA TAB.EFERV. TBOX20UND,EUROCARE,1.0,0.0,15.5,2024-07-29 10:09:06,3,7,Invierno
107417,VITAMINA C+ZINC+D3 NARANJA TAB.EFERV. TBOX20UND,EUROCARE,2.0,0.0,31.0,2024-07-29 13:25:20,9,7,Invierno
107417,VITAMINA C+ZINC+D3 NARANJA TAB.EFERV. TBOX20UND,EUROCARE,1.0,0.0,15.5,2024-07-29 14:27:10,2,7,Invierno
107417,VITAMINA C+ZINC+D3 NARANJA TAB.EFERV. TBOX20UND,EUROCARE,1.0,0.0,15.5,2024-07-29 15:51:03,4,7,Invierno
107417,VITAMINA C+ZINC+D3 NARANJA TAB.EFERV. TBOX20UND,EUROCARE,1.0,0.0,15.5,2024-07-30 17:37:39,12,7,Invierno
107417,VITAMINA C+ZINC+D3 NARANJA TAB.EFERV. TBOX20UND,EUROCARE,1.0,0.0,15.5,2024-07-31 07:10:48,6,7,Invierno
107417,VITAMINA C+ZINC+D3 NARANJA TAB.EFERV. TBOX20UND,EUROCARE,1.0,0.0,15.5,2024-07-31 11:51:54,6,7,Invierno
107417,VITAMINA C+ZINC+D3 NARANJA TAB.EFERV. TBOX20UND,EUROCARE,1.0,0.0,15.5,2024-08-04 10:34:43,13,8,Invierno
107417,VITAMINA C+ZINC+D3 NARANJA TAB.EFERV. TBOX20UND,EUROCARE,1.0,0.0,15.5,2024-08-04 20:46:37,4,8,Invierno
107417,VITAMINA C+ZINC+D3 NARANJA TAB.EFERV. TBOX20UND,EUROCARE,1.0,0.0,15.5,2024-08-05 11:12:17,1,8,Invierno
107417,VITAMINA C+ZINC+D3 NARANJA TAB.EFERV. TBOX20UND,EUROCARE,1.0,0.0,15.5,2024-08-05 20:44:02,4,8,Invierno
107417,VITAMINA C+ZINC+D3 NARANJA TAB.EFERV. TBOX20UND,EUROCARE,1.0,0.0,15.5,2024-08-05 21:44:31,10,8,Invierno
107417,VITAMINA C+ZINC+D3 NARANJA TAB.EFERV. TBOX20UND,EUROCARE,1.0,0.0,15.5,2024-08-06 11:09:27,5,8,Invierno
107417,VITAMINA C+ZINC+D3 NARANJA TAB.EFERV. TBOX20UND,EUROCARE,2.0,0.0,31.0,2024-08-06 16:14:28,5,8,Invierno
107417,VITAMINA C+ZINC+D3 NARANJA TAB.EFERV. TBOX20UND,EUROCARE,1.0,0.0,15.5,2024-08-06 16:58:15,1,8,Invierno
107417,VITAMINA C+ZINC+D3 NARANJA TAB.EFERV. TBOX20UND,EUROCARE,1.0,0.0,15.5,2024-08-07 16:49:34,1,8,Invierno
107417,VITAMINA C+ZINC+D3 NARANJA TAB.EFERV. TBOX20UND,EUROCARE,1.0,0.0,15.5,2024-08-07 19:10:27,1,8,Invierno
107417,VITAMINA C+ZINC+D3 NARANJA TAB.EFERV. TBOX20UND,EUROCARE,1.0,0.0,15.5,2024-08-08 12:06:21,2,8,Invierno
107417,VITAMINA C+ZINC+D3 NARANJA TAB.EFERV. TBOX20UND,EUROCARE,1.0,0.0,15.5,2024-08-08 19:36:43,2,8,Invierno
107417,VITAMINA C+ZINC+D3 NARANJA TAB.EFERV. TBOX20UND,EUROCARE,1.0,0.0,15.5,2024-08-08 20:28:38,2,8,Invierno
107417,VITAMINA C+ZINC+D3 NARANJA TAB.EFERV. TBOX20UND,EUROCARE,1.0,0.0,15.5,2024-08-09 10:42:20,4,8,Invierno
107417,VITAMINA C+ZINC+D3 NARANJA TAB.EFERV. TBOX20UND,EUROCARE,1.0,0.0,14.72,2024-08-09 16:15:30,4,8,Invierno
107417,VITAMINA C+ZINC+D3 NARANJA TAB.EFERV. TBOX20UND,EUROCARE,2.0,0.0,31.0,2024-08-10 09:44:48,5,8,Invierno
107417,VITAMINA C+ZINC+D3 NARANJA TAB.EFERV. TBOX20UND,EUROCARE,1.0,0.0,15.5,2024-08-10 11:17:14,6,8,Invierno
107417,VITAMINA C+ZINC+D3 NARANJA TAB.EFERV. TBOX20UND,EUROCARE,1.0,0.0,15.5,2024-08-10 12:53:40,6,8,Invierno
107417,VITAMINA C+ZINC+D3 NARANJA TAB.EFERV. TBOX20UND,EUROCARE,1.0,0.0,14.9,2024-08-12 09:43:54,5,8,Invierno
107417,VITAMINA C+ZINC+D3 NARANJA TAB.EFERV. TBOX20UND,EUROCARE,1.0,0.0,14.9,2024-08-12 14:02:19,2,8,Invierno
107417,VITAMINA C+ZINC+D3 NARANJA TAB.EFERV. TBOX20UND,EUROCARE,1.0,0.0,14.9,2024-08-12 20:58:56,7,8,Invierno
107417,VITAMINA C+ZINC+D3 NARANJA TAB.EFERV. TBOX20UND,EUROCARE,1.0,0.0,14.9,2024-08-14 08:47:45,4,8,Invierno
107417,VITAMINA C+ZINC+D3 NARANJA TAB.EFERV. TBOX20UND,EUROCARE,1.0,0.0,14.9,2024-08-15 12:00:06,1,8,Invierno
107417,VITAMINA C+ZINC+D3 NARANJA TAB.EFERV. TBOX20UND,EUROCARE,1.0,0.0,14.9,2024-08-16 09:48:22,4,8,Invierno
107417,VITAMINA C+ZINC+D3 NARANJA TAB.EFERV. TBOX20UND,EUROCARE,1.0,0.0,14.9,2024-08-18 17:18:22,5,8,Invierno
107417,VITAMINA C+ZINC+D3 NARANJA TAB.EFERV. TBOX20UND,EUROCARE,1.0,0.0,14.9,2024-08-19 08:47:24,11,8,Invierno
107417,VITAMINA C+ZINC+D3 NARANJA TAB.EFERV. TBOX20UND,EUROCARE,1.0,0.0,14.9,2024-08-19 15:30:37,3,8,Invierno
107417,VITAMINA C+ZINC+D3 NARANJA TAB.EFERV. TBOX20UND,EUROCARE,1.0,0.0,14.9,2024-08-20 16:51:54,1,8,Invierno
107417,VITAMINA C+ZINC+D3 NARANJA TAB.EFERV. TBOX20UND,EUROCARE,1.0,0.0,14.9,2024-08-20 19:21:12,5,8,Invierno
107417,VITAMINA C+ZINC+D3 NARANJA TAB.EFERV. TBOX20UND,EUROCARE,1.0,0.0,14.9,2024-08-22 18:03:54,2,8,Invierno
107417,VITAMINA C+ZINC+D3 NARANJA TAB.EFERV. TBOX20UND,EUROCARE,1.0,0.0,14.9,2024-08-24 11:25:12,3,8,Invierno
107417,VITAMINA C+ZINC+D3 NARANJA TAB.EFERV. TBOX20UND,EUROCARE,1.0,0.0,14.9,2024-08-26 20:18:12,2,8,Invierno
107417,VITAMINA C+ZINC+D3 NARANJA TAB.EFERV. TBOX20UND,EUROCARE,1.0,0.0,14.9,2024-08-27 09:37:17,5,8,Invierno
107417,VITAMINA C+ZINC+D3 NARANJA TAB.EFERV. TBOX20UND,EUROCARE,1.0,0.0,15.1,2024-08-31 10:58:33,3,8,Invierno
107417,VITAMINA C+ZINC+D3 NARANJA TAB.EFERV. TBOX20UND,EUROCARE,1.0,0.0,15.1,2024-08-31 23:20:51,4,8,Invierno
107417,VITAMINA C+ZINC+D3 NARANJA TAB.EFERV. TBOX20UND,EUROCARE,1.0,0.0,15.1,2024-09-02 10:08:32,6,9,Primavera
107417,VITAMINA C+ZINC+D3 NARANJA TAB.EFERV. TBOX20UND,EUROCARE,1.0,0.0,15.1,2024-09-02 15:50:57,5,9,Primavera
107417,VITAMINA C+ZINC+D3 NARANJA TAB.EFERV. TBOX20UND,EUROCARE,1.0,0.0,15.1,2024-09-02 19:49:24,3,9,Primavera
107417,VITAMINA C+ZINC+D3 NARANJA TAB.EFERV. TBOX20UND,EUROCARE,1.0,0.0,15.1,2024-09-03 19:16:18,5,9,Primavera
107417,VITAMINA C+ZINC+D3 NARANJA TAB.EFERV. TBOX20UND,EUROCARE,1.0,0.0,15.1,2024-09-04 09:11:26,6,9,Primavera
107417,VITAMINA C+ZINC+D3 NARANJA TAB.EFERV. TBOX20UND,EUROCARE,1.0,0.0,14.34,2024-09-04 20:32:24,3,9,Primavera
107417,VITAMINA C+ZINC+D3 NARANJA TAB.EFERV. TBOX20UND,EUROCARE,2.0,0.0,30.2,2024-09-05 16:07:13,12,9,Primavera
107417,VITAMINA C+ZINC+D3 NARANJA TAB.EFERV. TBOX20UND,EUROCARE,1.0,0.0,15.1,2024-09-05 20:35:16,9,9,Primavera
107417,VITAMINA C+ZINC+D3 NARANJA TAB.EFERV. TBOX20UND,EUROCARE,1.0,0.0,15.1,2024-09-06 09:09:20,3,9,Primavera
107417,VITAMINA C+ZINC+D3 NARANJA TAB.EFERV. TBOX20UND,EUROCARE,1.0,0.0,15.1,2024-09-06 14:55:18,4,9,Primavera
107417,VITAMINA C+ZINC+D3 NARANJA TAB.EFERV. TBOX20UND,EUROCARE,1.0,0.0,15.1,2024-09-06 18:43:02,11,9,Primavera
107417,VITAMINA C+ZINC+D3 NARANJA TAB.EFERV. TBOX20UND,EUROCARE,1.0,0.0,15.1,2024-09-07 19:23:58,12,9,Primavera
107417,VITAMINA C+ZINC+D3 NARANJA TAB.EFERV. TBOX20UND,EUROCARE,1.0,0.0,15.1,2024-09-10 10:46:53,6,9,Primavera
107417,VITAMINA C+ZINC+D3 NARANJA TAB.EFERV. TBOX20UND,EUROCARE,1.0,0.0,15.1,2024-09-11 13:27:34,2,9,Primavera
107417,VITAMINA C+ZINC+D3 NARANJA TAB.EFERV. TBOX20UND,EUROCARE,1.0,0.0,15.1,2024-09-11 22:41:21,10,9,Primavera
107417,VITAMINA C+ZINC+D3 NARANJA TAB.EFERV. TBOX20UND,EUROCARE,1.0,0.0,15.1,2024-09-12 17:59:29,5,9,Primavera
107417,VITAMINA C+ZINC+D3 NARANJA TAB.EFERV. TBOX20UND,EUROCARE,1.0,0.0,15.1,2024-09-12 20:46:17,7,9,Primavera
107417,VITAMINA C+ZINC+D3 NARANJA TAB.EFERV. TBOX20UND,EUROCARE,1.0,0.0,15.1,2024-09-14 19:51:24,12,9,Primavera
107417,VITAMINA C+ZINC+D3 NARANJA TAB.EFERV. TBOX20UND,EUROCARE,1.0,0.0,15.1,2024-09-15 20:45:29,6,9,Primavera
107417,VITAMINA C+ZINC+D3 NARANJA TAB.EFERV. TBOX20UND,EUROCARE,1.0,0.0,15.1,2024-09-16 19:43:52,2,9,Primavera
107417,VITAMINA C+ZINC+D3 NARANJA TAB.EFERV. TBOX20UND,EUROCARE,1.0,0.0,15.1,2024-09-18 21:17:13,1,9,Primavera
107417,VITAMINA C+ZINC+D3 NARANJA TAB.EFERV. TBOX20UND,EUROCARE,1.0,0.0,15.1,2024-09-20 19:50:12,8,9,Primavera
107417,VITAMINA C+ZINC+D3 NARANJA TAB.EFERV. TBOX20UND,EUROCARE,1.0,0.0,15.1,2024-09-21 08:26:28,4,9,Primavera
107417,VITAMINA C+ZINC+D3 NARANJA TAB.EFERV. TBOX20UND,EUROCARE,1.0,0.0,15.1,2024-09-21 10:49:19,12,9,Primavera
107417,VITAMINA C+ZINC+D3 NARANJA TAB.EFERV. TBOX20UND,EUROCARE,1.0,0.0,15.1,2024-09-21 13:16:09,2,9,Primavera
107417,VITAMINA C+ZINC+D3 NARANJA TAB.EFERV. TBOX20UND,EUROCARE,1.0,0.0,15.1,2024-09-22 12:06:32,5,9,Primavera
107417,VITAMINA C+ZINC+D3 NARANJA TAB.EFERV. TBOX20UND,EUROCARE,2.0,0.0,30.2,2024-09-22 21:05:35,5,9,Primavera
107417,VITAMINA C+ZINC+D3 NARANJA TAB.EFERV. TBOX20UND,EUROCARE,1.0,0.0,15.1,2024-09-23 20:45:16,6,9,Primavera
107417,VITAMINA C+ZINC+D3 NARANJA TAB.EFERV. TBOX20UND,EUROCARE,1.0,0.0,15.1,2024-09-24 08:25:12,4,9,Primavera
107417,VITAMINA C+ZINC+D3 NARANJA TAB.EFERV. TBOX20UND,EUROCARE,1.0,0.0,15.1,2024-09-24 15:49:44,4,9,Primavera
107417,VITAMINA C+ZINC+D3 NARANJA TAB.EFERV. TBOX20UND,EUROCARE,1.0,0.0,15.1,2024-09-25 09:56:43,5,9,Primavera
107417,VITAMINA C+ZINC+D3 NARANJA TAB.EFERV. TBOX20UND,EUROCARE,1.0,0.0,15.1,2024-09-25 11:30:50,9,9,Primavera
107417,VITAMINA C+ZINC+D3 NARANJA TAB.EFERV. TBOX20UND,EUROCARE,1.0,0.0,15.1,2024-09-25 17:50:11,12,9,Primavera
107417,VITAMINA C+ZINC+D3 NARANJA TAB.EFERV. TBOX20UND,EUROCARE,1.0,0.0,15.1,2024-09-25 18:27:56,1,9,Primavera
107417,VITAMINA C+ZINC+D3 NARANJA TAB.EFERV. TBOX20UND,EUROCARE,1.0,0.0,15.1,2024-09-25 19:40:59,13,9,Primavera
107417,VITAMINA C+ZINC+D3 NARANJA TAB.EFERV. TBOX20UND,EUROCARE,1.0,0.0,15.1,2024-09-26 20:28:24,6,9,Primavera
107417,VITAMINA C+ZINC+D3 NARANJA TAB.EFERV. TBOX20UND,EUROCARE,1.0,0.0,15.1,2024-09-27 08:56:14,12,9,Primavera
107417,VITAMINA C+ZINC+D3 NARANJA TAB.EFERV. TBOX20UND,EUROCARE,1.0,0.0,15.1,2024-09-27 17:34:27,12,9,Primavera
107417,VITAMINA C+ZINC+D3 NARANJA TAB.EFERV. TBOX20UND,EUROCARE,1.0,0.0,15.1,2024-09-28 18:09:02,11,9,Primavera
107417,VITAMINA C+ZINC+D3 NARANJA TAB.EFERV. TBOX20UND,EUROCARE,1.0,0.0,15.1,2024-09-28 20:42:40,3,9,Primavera
107417,VITAMINA C+ZINC+D3 NARANJA TAB.EFERV. TBOX20UND,EUROCARE,1.0,0.0,15.1,2024-09-29 08:14:27,6,9,Primavera
107417,VITAMINA C+ZINC+D3 NARANJA TAB.EFERV. TBOX20UND,EUROCARE,1.0,0.0,15.1,2024-09-30 12:26:48,1,9,Primavera
107417,VITAMINA C+ZINC+D3 NARANJA TAB.EFERV. TBOX20UND,EUROCARE,1.0,0.0,15.1,2024-09-30 19:34:49,6,9,Primavera
107417,VITAMINA C+ZINC+D3 NARANJA TAB.EFERV. TBOX20UND,EUROCARE,1.0,0.0,15.1,2024-10-01 12:41:35,2,10,Primavera
107417,VITAMINA C+ZINC+D3 NARANJA TAB.EFERV. TBOX20UND,EUROCARE,1.0,0.0,15.1,2024-10-01 13:33:36,2,10,Primavera
107417,VITAMINA C+ZINC+D3 NARANJA TAB.EFERV. TBOX20UND,EUROCARE,1.0,0.0,15.1,2024-10-01 21:36:22,4,10,Primavera
107417,VITAMINA C+ZINC+D3 NARANJA TAB.EFERV. TBOX20UND,EUROCARE,1.0,0.0,15.1,2024-10-02 20:12:27,12,10,Primavera
107417,VITAMINA C+ZINC+D3 NARANJA TAB.EFERV. TBOX20UND,EUROCARE,1.0,0.0,15.1,2024-10-02 20:55:29,1,10,Primavera
107417,VITAMINA C+ZINC+D3 NARANJA TAB.EFERV. TBOX20UND,EUROCARE,2.0,0.0,30.2,2024-10-03 09:17:41,9,10,Primavera
107417,VITAMINA C+ZINC+D3 NARANJA TAB.EFERV. TBOX20UND,EUROCARE,1.0,0.0,15.1,2024-10-03 18:08:06,7,10,Primavera
107417,VITAMINA C+ZINC+D3 NARANJA TAB.EFERV. TBOX20UND,EUROCARE,1.0,0.0,15.1,2024-10-03 22:19:30,12,10,Primavera
107417,VITAMINA C+ZINC+D3 NARANJA TAB.EFERV. TBOX20UND,EUROCARE,1.0,0.0,14.3,2024-10-04 15:06:00,5,10,Primavera
107417,VITAMINA C+ZINC+D3 NARANJA TAB.EFERV. TBOX20UND,EUROCARE,2.0,0.0,27.16,2024-10-04 21:14:56,4,10,Primavera
107417,VITAMINA C+ZINC+D3 NARANJA TAB.EFERV. TBOX20UND,EUROCARE,1.0,0.0,15.1,2024-10-05 08:13:30,6,10,Primavera
107417,VITAMINA C+ZINC+D3 NARANJA TAB.EFERV. TBOX20UND,EUROCARE,1.0,0.0,15.1,2024-10-05 13:04:26,11,10,Primavera
107417,VITAMINA C+ZINC+D3 NARANJA TAB.EFERV. TBOX20UND,EUROCARE,1.0,0.0,14.3,2024-10-05 13:34:48,2,10,Primavera
107417,VITAMINA C+ZINC+D3 NARANJA TAB.EFERV. TBOX20UND,EUROCARE,1.0,0.0,14.3,2024-10-05 21:26:48,11,10,Primavera
107417,VITAMINA C+ZINC+D3 NARANJA TAB.EFERV. TBOX20UND,EUROCARE,1.0,0.0,14.3,2024-10-06 20:32:24,9,10,Primavera
107417,VITAMINA C+ZINC+D3 NARANJA TAB.EFERV. TBOX20UND,EUROCARE,1.0,0.0,14.3,2024-10-07 17:25:34,11,10,Primavera
107417,VITAMINA C+ZINC+D3 NARANJA TAB.EFERV. TBOX20UND,EUROCARE,1.0,0.0,15.1,2024-10-07 18:36:47,6,10,Primavera
107417,VITAMINA C+ZINC+D3 NARANJA TAB.EFERV. TBOX20UND,EUROCARE,1.0,0.0,14.3,2024-10-09 15:51:02,2,10,Primavera
107417,VITAMINA C+ZINC+D3 NARANJA TAB.EFERV. TBOX20UND,EUROCARE,1.0,0.0,14.3,2024-10-10 21:15:28,4,10,Primavera
107417,VITAMINA C+ZINC+D3 NARANJA TAB.EFERV. TBOX20UND,EUROCARE,1.0,0.0,14.3,2024-10-11 07:47:01,6,10,Primavera
107417,VITAMINA C+ZINC+D3 NARANJA TAB.EFERV. TBOX20UND,EUROCARE,1.0,0.0,14.3,2024-10-11 10:46:56,2,10,Primavera
107417,VITAMINA C+ZINC+D3 NARANJA TAB.EFERV. TBOX20UND,EUROCARE,1.0,0.0,14.3,2024-10-13 14:18:57,8,10,Primavera
107417,VITAMINA C+ZINC+D3 NARANJA TAB.EFERV. TBOX20UND,EUROCARE,1.0,0.0,14.3,2024-10-13 14:29:18,5,10,Primavera
107417,VITAMINA C+ZINC+D3 NARANJA TAB.EFERV. TBOX20UND,EUROCARE,1.0,0.0,14.3,2024-10-15 07:56:25,6,10,Primavera
107417,VITAMINA C+ZINC+D3 NARANJA TAB.EFERV. TBOX20UND,EUROCARE,1.0,0.0,14.3,2024-10-15 12:52:26,1,10,Primavera
107417,VITAMINA C+ZINC+D3 NARANJA TAB.EFERV. TBOX20UND,EUROCARE,1.0,0.0,14.3,2024-10-15 19:26:13,1,10,Primavera
107417,VITAMINA C+ZINC+D3 NARANJA TAB.EFERV. TBOX20UND,EUROCARE,1.0,0.0,14.3,2024-10-16 08:45:11,6,10,Primavera
107417,VITAMINA C+ZINC+D3 NARANJA TAB.EFERV. TBOX20UND,EUROCARE,2.0,0.0,28.6,2024-10-17 12:13:10,5,10,Primavera
107417,VITAMINA C+ZINC+D3 NARANJA TAB.EFERV. TBOX20UND,EUROCARE,1.0,0.0,14.3,2024-10-18 12:04:48,10,10,Primavera
107417,VITAMINA C+ZINC+D3 NARANJA TAB.EFERV. TBOX20UND,EUROCARE,1.0,0.0,14.3,2024-10-19 17:51:49,2,10,Primavera
107417,VITAMINA C+ZINC+D3 NARANJA TAB.EFERV. TBOX20UND,EUROCARE,1.0,0.0,14.3,2024-10-20 10:33:20,6,10,Primavera
107417,VITAMINA C+ZINC+D3 NARANJA TAB.EFERV. TBOX20UND,EUROCARE,1.0,0.0,14.3,2024-10-20 10:49:45,2,10,Primavera
107417,VITAMINA C+ZINC+D3 NARANJA TAB.EFERV. TBOX20UND,EUROCARE,1.0,0.0,14.3,2024-10-21 11:47:09,7,10,Primavera
107417,VITAMINA C+ZINC+D3 NARANJA TAB.EFERV. TBOX20UND,EUROCARE,1.0,0.0,14.3,2024-10-21 13:40:09,6,10,Primavera
107417,VITAMINA C+ZINC+D3 NARANJA TAB.EFERV. TBOX20UND,EUROCARE,1.0,0.0,14.3,2024-10-21 17:04:24,7,10,Primavera
107417,VITAMINA C+ZINC+D3 NARANJA TAB.EFERV. TBOX20UND,EUROCARE,1.0,0.0,14.3,2024-10-21 19:24:02,12,10,Primavera
107417,VITAMINA C+ZINC+D3 NARANJA TAB.EFERV. TBOX20UND,EUROCARE,1.0,0.0,14.3,2024-10-21 19:25:10,3,10,Primavera
107417,VITAMINA C+ZINC+D3 NARANJA TAB.EFERV. TBOX20UND,EUROCARE,1.0,0.0,14.3,2024-10-22 12:24:56,10,10,Primavera
107417,VITAMINA C+ZINC+D3 NARANJA TAB.EFERV. TBOX20UND,EUROCARE,1.0,0.0,14.3,2024-10-22 20:51:15,5,10,Primavera
107417,VITAMINA C+ZINC+D3 NARANJA TAB.EFERV. TBOX20UND,EUROCARE,1.0,0.0,14.3,2024-10-23 19:06:04,7,10,Primavera
107417,VITAMINA C+ZINC+D3 NARANJA TAB.EFERV. TBOX20UND,EUROCARE,1.0,0.0,14.3,2024-10-25 07:34:04,6,10,Primavera
107417,VITAMINA C+ZINC+D3 NARANJA TAB.EFERV. TBOX20UND,EUROCARE,1.0,0.0,14.3,2024-10-26 11:48:27,12,10,Primavera
107417,VITAMINA C+ZINC+D3 NARANJA TAB.EFERV. TBOX20UND,EUROCARE,1.0,0.0,14.3,2024-10-28 14:53:55,12,10,Primavera
107417,VITAMINA C+ZINC+D3 NARANJA TAB.EFERV. TBOX20UND,EUROCARE,1.0,0.0,14.3,2024-10-29 11:01:37,8,10,Primavera
107417,VITAMINA C+ZINC+D3 NARANJA TAB.EFERV. TBOX20UND,EUROCARE,1.0,0.0,14.3,2024-10-30 17:12:35,3,10,Primavera
107417,VITAMINA C+ZINC+D3 NARANJA TAB.EFERV. TBOX20UND,EUROCARE,2.0,0.0,28.6,2024-10-30 17:15:30,3,10,Primavera
107417,VITAMINA C+ZINC+D3 NARANJA TAB.EFERV. TBOX20UND,EUROCARE,1.0,0.0,14.3,2024-10-30 19:22:43,10,10,Primavera
107417,VITAMINA C+ZINC+D3 NARANJA TAB.EFERV. TBOX20UND,EUROCARE,1.0,0.0,14.3,2024-10-30 19:45:52,5,10,Primavera
107417,VITAMINA C+ZINC+D3 NARANJA TAB.EFERV. TBOX20UND,EUROCARE,1.0,0.0,14.3,2024-10-31 13:08:06,6,10,Primavera
107417,VITAMINA C+ZINC+D3 NARANJA TAB.EFERV. TBOX20UND,EUROCARE,1.0,0.0,14.3,2024-11-02 20:53:45,8,11,Primavera
107417,VITAMINA C+ZINC+D3 NARANJA TAB.EFERV. TBOX20UND,EUROCARE,1.0,0.0,14.3,2024-11-04 13:44:19,3,11,Primavera
107417,VITAMINA C+ZINC+D3 NARANJA TAB.EFERV. TBOX20UND,EUROCARE,1.0,0.0,14.3,2024-11-05 11:43:51,3,11,Primavera
107417,VITAMINA C+ZINC+D3 NARANJA TAB.EFERV. TBOX20UND,EUROCARE,1.0,0.0,14.3,2024-11-05 18:11:57,4,11,Primavera
107417,VITAMINA C+ZINC+D3 NARANJA TAB.EFERV. TBOX20UND,EUROCARE,1.0,0.0,14.3,2024-11-06 09:32:40,14,11,Primavera
107417,VITAMINA C+ZINC+D3 NARANJA TAB.EFERV. TBOX20UND,EUROCARE,1.0,0.0,14.3,2024-11-06 12:02:34,10,11,Primavera
107417,VITAMINA C+ZINC+D3 NARANJA TAB.EFERV. TBOX20UND,EUROCARE,1.0,0.0,14.3,2024-11-06 12:03:33,4,11,Primavera
107417,VITAMINA C+ZINC+D3 NARANJA TAB.EFERV. TBOX20UND,EUROCARE,1.0,0.0,14.3,2024-11-06 14:19:15,4,11,Primavera
107417,VITAMINA C+ZINC+D3 NARANJA TAB.EFERV. TBOX20UND,EUROCARE,1.0,0.0,14.3,2024-11-07 10:58:53,10,11,Primavera
107417,VITAMINA C+ZINC+D3 NARANJA TAB.EFERV. TBOX20UND,EUROCARE,1.0,0.0,14.3,2024-11-07 14:55:02,3,11,Primavera
107417,VITAMINA C+ZINC+D3 NARANJA TAB.EFERV. TBOX20UND,EUROCARE,1.0,0.0,14.3,2024-11-08 19:22:37,2,11,Primavera
107417,VITAMINA C+ZINC+D3 NARANJA TAB.EFERV. TBOX20UND,EUROCARE,1.0,0.0,14.3,2024-11-08 21:39:40,8,11,Primavera
107417,VITAMINA C+ZINC+D3 NARANJA TAB.EFERV. TBOX20UND,EUROCARE,1.0,0.0,14.3,2024-11-09 17:24:00,1,11,Primavera
107417,VITAMINA C+ZINC+D3 NARANJA TAB.EFERV. TBOX20UND,EUROCARE,1.0,0.0,14.3,2024-11-09 21:06:31,1,11,Primavera
107417,VITAMINA C+ZINC+D3 NARANJA TAB.EFERV. TBOX20UND,EUROCARE,1.0,0.0,14.3,2024-11-10 21:27:39,6,11,Primavera
107417,VITAMINA C+ZINC+D3 NARANJA TAB.EFERV. TBOX20UND,EUROCARE,1.0,0.0,14.3,2024-11-11 10:30:58,6,11,Primavera
107417,VITAMINA C+ZINC+D3 NARANJA TAB.EFERV. TBOX20UND,EUROCARE,1.0,0.0,14.3,2024-11-11 12:55:46,13,11,Primavera
107417,VITAMINA C+ZINC+D3 NARANJA TAB.EFERV. TBOX20UND,EUROCARE,1.0,0.0,14.3,2024-11-12 15:01:33,5,11,Primavera
107417,VITAMINA C+ZINC+D3 NARANJA TAB.EFERV. TBOX20UND,EUROCARE,1.0,0.0,14.3,2024-11-12 16:54:44,5,11,Primavera
107417,VITAMINA C+ZINC+D3 NARANJA TAB.EFERV. TBOX20UND,EUROCARE,-1.0,0.0,-15.4,2024-11-13 12:00:00,12,11,Primavera
107417,VITAMINA C+ZINC+D3 NARANJA TAB.EFERV. TBOX20UND,EUROCARE,1.0,0.0,15.4,2024-11-13 12:47:41,12,11,Primavera
107417,VITAMINA C+ZINC+D3 NARANJA TAB.EFERV. TBOX20UND,EUROCARE,1.0,0.0,15.4,2024-11-13 15:52:02,5,11,Primavera
107417,VITAMINA C+ZINC+D3 NARANJA TAB.EFERV. TBOX20UND,EUROCARE,1.0,0.0,15.4,2024-11-13 20:24:30,12,11,Primavera
107417,VITAMINA C+ZINC+D3 NARANJA TAB.EFERV. TBOX20UND,EUROCARE,1.0,0.0,15.4,2024-11-13 22:48:14,12,11,Primavera
107417,VITAMINA C+ZINC+D3 NARANJA TAB.EFERV. TBOX20UND,EUROCARE,1.0,0.0,15.4,2024-11-13 22:55:48,5,11,Primavera
107417,VITAMINA C+ZINC+D3 NARANJA TAB.EFERV. TBOX20UND,EUROCARE,1.0,0.0,15.4,2024-11-17 12:28:08,10,11,Primavera
107417,VITAMINA C+ZINC+D3 NARANJA TAB.EFERV. TBOX20UND,EUROCARE,1.0,0.0,15.4,2024-11-18 13:29:14,6,11,Primavera
107417,VITAMINA C+ZINC+D3 NARANJA TAB.EFERV. TBOX20UND,EUROCARE,1.0,0.0,15.4,2024-11-18 20:24:15,10,11,Primavera
107417,VITAMINA C+ZINC+D3 NARANJA TAB.EFERV. TBOX20UND,EUROCARE,1.0,0.0,15.4,2024-11-20 09:02:50,13,11,Primavera
107417,VITAMINA C+ZINC+D3 NARANJA TAB.EFERV. TBOX20UND,EUROCARE,-2.0,0.0,-30.8,2024-11-20 12:00:00,4,11,Primavera
107417,VITAMINA C+ZINC+D3 NARANJA TAB.EFERV. TBOX20UND,EUROCARE,2.0,0.0,30.8,2024-11-20 22:19:43,4,11,Primavera
107417,VITAMINA C+ZINC+D3 NARANJA TAB.EFERV. TBOX20UND,EUROCARE,2.0,0.0,30.8,2024-11-20 22:22:34,4,11,Primavera
107417,VITAMINA C+ZINC+D3 NARANJA TAB.EFERV. TBOX20UND,EUROCARE,1.0,0.0,15.4,2024-11-21 12:00:18,14,11,Primavera
107417,VITAMINA C+ZINC+D3 NARANJA TAB.EFERV. TBOX20UND,EUROCARE,1.0,0.0,15.4,2024-11-21 21:54:35,3,11,Primavera
107417,VITAMINA C+ZINC+D3 NARANJA TAB.EFERV. TBOX20UND,EUROCARE,1.0,0.0,15.4,2024-11-22 13:43:12,5,11,Primavera
107417,VITAMINA C+ZINC+D3 NARANJA TAB.EFERV. TBOX20UND,EUROCARE,1.0,0.0,15.4,2024-11-22 19:15:34,6,11,Primavera
107417,VITAMINA C+ZINC+D3 NARANJA TAB.EFERV. TBOX20UND,EUROCARE,1.0,0.0,15.4,2024-11-23 12:39:50,3,11,Primavera
107417,VITAMINA C+ZINC+D3 NARANJA TAB.EFERV. TBOX20UND,EUROCARE,1.0,0.0,15.4,2024-11-23 14:25:56,6,11,Primavera
107417,VITAMINA C+ZINC+D3 NARANJA TAB.EFERV. TBOX20UND,EUROCARE,1.0,0.0,15.4,2024-11-24 08:15:14,13,11,Primavera
107417,VITAMINA C+ZINC+D3 NARANJA TAB.EFERV. TBOX20UND,EUROCARE,1.0,0.0,15.4,2024-11-25 15:53:19,5,11,Primavera
107417,VITAMINA C+ZINC+D3 NARANJA TAB.EFERV. TBOX20UND,EUROCARE,1.0,0.0,15.4,2024-11-25 22:19:02,5,11,Primavera
107417,VITAMINA C+ZINC+D3 NARANJA TAB.EFERV. TBOX20UND,EUROCARE,1.0,0.0,15.4,2024-11-26 07:32:22,5,11,Primavera
107417,VITAMINA C+ZINC+D3 NARANJA TAB.EFERV. TBOX20UND,EUROCARE,1.0,0.0,15.4,2024-11-26 16:30:23,12,11,Primavera
107417,VITAMINA C+ZINC+D3 NARANJA TAB.EFERV. TBOX20UND,EUROCARE,1.0,0.0,15.4,2024-11-26 20:25:55,1,11,Primavera
107417,VITAMINA C+ZINC+D3 NARANJA TAB.EFERV. TBOX20UND,EUROCARE,2.0,0.0,30.8,2024-11-27 13:18:09,5,11,Primavera
107417,VITAMINA C+ZINC+D3 NARANJA TAB.EFERV. TBOX20UND,EUROCARE,1.0,0.0,15.4,2024-11-28 09:27:03,9,11,Primavera
107417,VITAMINA C+ZINC+D3 NARANJA TAB.EFERV. TBOX20UND,EUROCARE,1.0,0.0,15.4,2024-11-28 19:38:35,6,11,Primavera
107417,VITAMINA C+ZINC+D3 NARANJA TAB.EFERV. TBOX20UND,EUROCARE,1.0,0.0,15.4,2024-11-30 09:13:11,3,11,Primavera
107417,VITAMINA C+ZINC+D3 NARANJA TAB.EFERV. TBOX20UND,EUROCARE,1.0,0.0,15.4,2024-11-30 10:35:49,11,11,Primavera
107417,VITAMINA C+ZINC+D3 NARANJA TAB.EFERV. TBOX20UND,EUROCARE,1.0,0.0,15.4,2024-11-30 11:11:22,1,11,Primavera
107417,VITAMINA C+ZINC+D3 NARANJA TAB.EFERV. TBOX20UND,EUROCARE,1.0,0.0,15.4,2024-12-01 08:51:25,13,12,Verano
107417,VITAMINA C+ZINC+D3 NARANJA TAB.EFERV. TBOX20UND,EUROCARE,1.0,0.0,15.4,2024-12-01 21:13:39,5,12,Verano
107417,VITAMINA C+ZINC+D3 NARANJA TAB.EFERV. TBOX20UND,EUROCARE,1.0,0.0,15.4,2024-12-02 13:17:46,2,12,Verano
107417,VITAMINA C+ZINC+D3 NARANJA TAB.EFERV. TBOX20UND,EUROCARE,1.0,0.0,15.4,2024-12-02 15:26:37,12,12,Verano
107417,VITAMINA C+ZINC+D3 NARANJA TAB.EFERV. TBOX20UND,EUROCARE,1.0,0.0,15.4,2024-12-02 18:40:02,9,12,Verano
107417,VITAMINA C+ZINC+D3 NARANJA TAB.EFERV. TBOX20UND,EUROCARE,1.0,0.0,15.4,2024-12-02 20:11:52,2,12,Verano
107417,VITAMINA C+ZINC+D3 NARANJA TAB.EFERV. TBOX20UND,EUROCARE,1.0,0.0,15.4,2024-12-02 22:37:27,14,12,Verano
107417,VITAMINA C+ZINC+D3 NARANJA TAB.EFERV. TBOX20UND,EUROCARE,1.0,0.0,15.4,2024-12-04 09:13:24,11,12,Verano
107417,VITAMINA C+ZINC+D3 NARANJA TAB.EFERV. TBOX20UND,EUROCARE,1.0,0.0,15.4,2024-12-04 15:42:38,12,12,Verano
107417,VITAMINA C+ZINC+D3 NARANJA TAB.EFERV. TBOX20UND,EUROCARE,1.0,0.0,15.4,2024-12-05 10:07:04,4,12,Verano
107417,VITAMINA C+ZINC+D3 NARANJA TAB.EFERV. TBOX20UND,EUROCARE,-1.0,0.0,-15.4,2024-12-05 12:00:00,4,12,Verano
107417,VITAMINA C+ZINC+D3 NARANJA TAB.EFERV. TBOX20UND,EUROCARE,1.0,0.0,15.4,2024-12-05 20:50:45,14,12,Verano
107417,VITAMINA C+ZINC+D3 NARANJA TAB.EFERV. TBOX20UND,EUROCARE,-1.0,0.0,-15.2,2024-12-07 12:00:00,4,12,Verano
107417,VITAMINA C+ZINC+D3 NARANJA TAB.EFERV. TBOX20UND,EUROCARE,1.0,0.0,15.2,2024-12-07 12:26:26,4,12,Verano
107417,VITAMINA C+ZINC+D3 NARANJA TAB.EFERV. TBOX20UND,EUROCARE,1.0,0.0,14.44,2024-12-07 19:05:01,3,12,Verano
107417,VITAMINA C+ZINC+D3 NARANJA TAB.EFERV. TBOX20UND,EUROCARE,1.0,0.0,15.2,2024-12-09 18:18:57,3,12,Verano
107417,VITAMINA C+ZINC+D3 NARANJA TAB.EFERV. TBOX20UND,EUROCARE,2.0,0.0,30.4,2024-12-09 20:37:59,5,12,Verano
107417,VITAMINA C+ZINC+D3 NARANJA TAB.EFERV. TBOX20UND,EUROCARE,1.0,0.0,15.2,2024-12-09 21:32:42,10,12,Verano
107417,VITAMINA C+ZINC+D3 NARANJA TAB.EFERV. TBOX20UND,EUROCARE,1.0,0.0,15.2,2024-12-10 08:34:13,4,12,Verano
107417,VITAMINA C+ZINC+D3 NARANJA TAB.EFERV. TBOX20UND,EUROCARE,1.0,0.0,15.2,2024-12-11 17:40:23,5,12,Verano
107417,VITAMINA C+ZINC+D3 NARANJA TAB.EFERV. TBOX20UND,EUROCARE,1.0,0.0,15.2,2024-12-11 18:36:58,1,12,Verano
107417,VITAMINA C+ZINC+D3 NARANJA TAB.EFERV. TBOX20UND,EUROCARE,1.0,0.0,15.2,2024-12-11 19:12:58,11,12,Verano
107417,VITAMINA C+ZINC+D3 NARANJA TAB.EFERV. TBOX20UND,EUROCARE,1.0,0.0,15.2,2024-12-12 07:41:46,6,12,Verano
107417,VITAMINA C+ZINC+D3 NARANJA TAB.EFERV. TBOX20UND,EUROCARE,1.0,0.0,15.2,2024-12-13 17:27:39,6,12,Verano
107417,VITAMINA C+ZINC+D3 NARANJA TAB.EFERV. TBOX20UND,EUROCARE,1.0,0.0,15.2,2024-12-15 10:22:51,15,12,Verano
107417,VITAMINA C+ZINC+D3 NARANJA TAB.EFERV. TBOX20UND,EUROCARE,1.0,0.0,15.2,2024-12-15 15:49:53,1,12,Verano
107417,VITAMINA C+ZINC+D3 NARANJA TAB.EFERV. TBOX20UND,EUROCARE,1.0,0.0,15.2,2024-12-16 20:21:31,6,12,Verano
107417,VITAMINA C+ZINC+D3 NARANJA TAB.EFERV. TBOX20UND,EUROCARE,1.0,0.0,15.2,2024-12-16 20:44:41,7,12,Verano
107417,VITAMINA C+ZINC+D3 NARANJA TAB.EFERV. TBOX20UND,EUROCARE,1.0,0.0,15.2,2024-12-17 19:16:58,7,12,Verano
107417,VITAMINA C+ZINC+D3 NARANJA TAB.EFERV. TBOX20UND,EUROCARE,1.0,0.0,15.2,2024-12-17 20:32:56,6,12,Verano
107417,VITAMINA C+ZINC+D3 NARANJA TAB.EFERV. TBOX20UND,EUROCARE,1.0,0.0,15.2,2024-12-18 11:59:44,6,12,Verano
107417,VITAMINA C+ZINC+D3 NARANJA TAB.EFERV. TBOX20UND,EUROCARE,1.0,0.0,15.2,2024-12-18 17:58:35,2,12,Verano
107417,VITAMINA C+ZINC+D3 NARANJA TAB.EFERV. TBOX20UND,EUROCARE,1.0,0.0,15.2,2024-12-18 19:00:00,15,12,Verano
107417,VITAMINA C+ZINC+D3 NARANJA TAB.EFERV. TBOX20UND,EUROCARE,1.0,0.0,15.2,2024-12-19 14:41:50,2,12,Verano
107417,VITAMINA C+ZINC+D3 NARANJA TAB.EFERV. TBOX20UND,EUROCARE,1.0,0.0,15.2,2024-12-19 16:52:16,10,12,Verano
107417,VITAMINA C+ZINC+D3 NARANJA TAB.EFERV. TBOX20UND,EUROCARE,1.0,0.0,15.2,2024-12-19 18:57:48,7,12,Verano
107417,VITAMINA C+ZINC+D3 NARANJA TAB.EFERV. TBOX20UND,EUROCARE,1.0,0.0,15.2,2024-12-19 21:11:35,14,12,Verano
107417,VITAMINA C+ZINC+D3 NARANJA TAB.EFERV. TBOX20UND,EUROCARE,1.0,0.0,15.2,2024-12-21 15:35:10,1,12,Verano
107417,VITAMINA C+ZINC+D3 NARANJA TAB.EFERV. TBOX20UND,EUROCARE,1.0,0.0,15.2,2024-12-21 19:20:21,6,12,Verano
107417,VITAMINA C+ZINC+D3 NARANJA TAB.EFERV. TBOX20UND,EUROCARE,1.0,0.0,15.2,2024-12-21 20:04:44,3,12,Verano
107417,VITAMINA C+ZINC+D3 NARANJA TAB.EFERV. TBOX20UND,EUROCARE,1.0,0.0,15.2,2024-12-22 20:35:22,5,12,Verano
107417,VITAMINA C+ZINC+D3 NARANJA TAB.EFERV. TBOX20UND,EUROCARE,1.0,0.0,15.2,2024-12-23 10:15:08,9,12,Verano
107417,VITAMINA C+ZINC+D3 NARANJA TAB.EFERV. TBOX20UND,EUROCARE,1.0,0.0,15.2,2024-12-23 12:26:39,12,12,Verano
107417,VITAMINA C+ZINC+D3 NARANJA TAB.EFERV. TBOX20UND,EUROCARE,1.0,0.0,15.2,2024-12-26 15:09:39,8,12,Verano
107417,VITAMINA C+ZINC+D3 NARANJA TAB.EFERV. TBOX20UND,EUROCARE,1.0,0.0,15.2,2024-12-26 17:42:11,8,12,Verano
107417,VITAMINA C+ZINC+D3 NARANJA TAB.EFERV. TBOX20UND,EUROCARE,1.0,0.0,15.2,2024-12-27 07:52:42,12,12,Verano
107417,VITAMINA C+ZINC+D3 NARANJA TAB.EFERV. TBOX20UND,EUROCARE,1.0,0.0,15.2,2024-12-27 10:11:15,12,12,Verano
107417,VITAMINA C+ZINC+D3 NARANJA TAB.EFERV. TBOX20UND,EUROCARE,1.0,0.0,15.2,2024-12-27 19:37:45,3,12,Verano
107417,VITAMINA C+ZINC+D3 NARANJA TAB.EFERV. TBOX20UND,EUROCARE,1.0,0.0,15.2,2024-12-27 20:37:21,12,12,Verano
107417,VITAMINA C+ZINC+D3 NARANJA TAB.EFERV. TBOX20UND,EUROCARE,1.0,0.0,15.2,2024-12-27 20:55:46,15,12,Verano
107417,VITAMINA C+ZINC+D3 NARANJA TAB.EFERV. TBOX20UND,EUROCARE,1.0,0.0,15.2,2024-12-28 17:23:47,11,12,Verano
107417,VITAMINA C+ZINC+D3 NARANJA TAB.EFERV. TBOX20UND,EUROCARE,1.0,0.0,15.2,2024-12-28 22:18:13,4,12,Verano
107417,VITAMINA C+ZINC+D3 NARANJA TAB.EFERV. TBOX20UND,EUROCARE,1.0,0.0,15.2,2024-12-29 10:01:58,12,12,Verano
107417,VITAMINA C+ZINC+D3 NARANJA TAB.EFERV. TBOX20UND,EUROCARE,1.0,0.0,15.2,2024-12-29 19:42:27,15,12,Verano
107417,VITAMINA C+ZINC+D3 NARANJA TAB.EFERV. TBOX20UND,EUROCARE,1.0,0.0,15.2,2024-12-29 20:58:53,10,12,Verano
107417,VITAMINA C+ZINC+D3 NARANJA TAB.EFERV. TBOX20UND,EUROCARE,1.0,0.0,15.2,2024-12-30 11:39:56,6,12,Verano
107417,VITAMINA C+ZINC+D3 NARANJA TAB.EFERV. TBOX20UND,EUROCARE,1.0,0.0,15.2,2024-12-30 19:03:21,7,12,Verano
107417,VITAMINA C+ZINC+D3 NARANJA TAB.EFERV. TBOX20UND,EUROCARE,1.0,0.0,15.2,2024-12-30 20:27:36,1,12,Verano
107417,VITAMINA C+ZINC+D3 NARANJA TAB.EFERV. TBOX20UND,EUROCARE,1.0,0.0,15.2,2024-12-30 22:08:01,7,12,Verano
107417,VITAMINA C+ZINC+D3 NARANJA TAB.EFERV. TBOX20UND,EUROCARE,1.0,0.0,14.44,2024-12-31 09:17:51,12,12,Verano
107417,VITAMINA C+ZINC+D3 NARANJA TAB.EFERV. TBOX20UND,EUROCARE,1.0,0.0,15.2,2024-12-31 09:55:12,15,12,Verano
107417,VITAMINA C+ZINC+D3 NARANJA TAB.EFERV. TBOX20UND,EUROCARE,1.0,0.0,15.2,2024-12-31 13:40:37,5,12,Verano
107417,VITAMINA C+ZINC+D3 NARANJA TAB.EFERV. TBOX20UND,EUROCARE,1.0,0.0,15.2,2025-01-02 12:20:12,3,1,Verano
107417,VITAMINA C+ZINC+D3 NARANJA TAB.EFERV. TBOX20UND,EUROCARE,2.0,0.0,28.88,2025-01-02 16:12:09,4,1,Verano
107417,VITAMINA C+ZINC+D3 NARANJA TAB.EFERV. TBOX20UND,EUROCARE,1.0,0.0,15.2,2025-01-03 15:58:12,5,1,Verano
107417,VITAMINA C+ZINC+D3 NARANJA TAB.EFERV. TBOX20UND,EUROCARE,1.0,0.0,15.2,2025-01-04 20:30:38,4,1,Verano
107417,VITAMINA C+ZINC+D3 NARANJA TAB.EFERV. TBOX20UND,EUROCARE,1.0,0.0,15.2,2025-01-04 23:25:40,4,1,Verano
107417,VITAMINA C+ZINC+D3 NARANJA TAB.EFERV. TBOX20UND,EUROCARE,2.0,0.0,30.4,2025-01-05 20:19:56,5,1,Verano
107417,VITAMINA C+ZINC+D3 NARANJA TAB.EFERV. TBOX20UND,EUROCARE,1.0,0.0,15.2,2025-01-06 17:24:04,9,1,Verano
107417,VITAMINA C+ZINC+D3 NARANJA TAB.EFERV. TBOX20UND,EUROCARE,1.0,0.0,15.2,2025-01-06 20:40:07,5,1,Verano
107417,VITAMINA C+ZINC+D3 NARANJA TAB.EFERV. TBOX20UND,EUROCARE,1.0,0.0,15.2,2025-01-07 12:02:45,9,1,Verano
107417,VITAMINA C+ZINC+D3 NARANJA TAB.EFERV. TBOX20UND,EUROCARE,1.0,0.0,15.2,2025-01-07 14:06:50,10,1,Verano
107417,VITAMINA C+ZINC+D3 NARANJA TAB.EFERV. TBOX20UND,EUROCARE,2.0,0.0,30.4,2025-01-07 14:23:10,4,1,Verano
107417,VITAMINA C+ZINC+D3 NARANJA TAB.EFERV. TBOX20UND,EUROCARE,1.0,0.0,15.2,2025-01-08 13:11:22,15,1,Verano
107417,VITAMINA C+ZINC+D3 NARANJA TAB.EFERV. TBOX20UND,EUROCARE,1.0,0.0,15.2,2025-01-08 18:55:01,11,1,Verano
107417,VITAMINA C+ZINC+D3 NARANJA TAB.EFERV. TBOX20UND,EUROCARE,1.0,0.0,15.2,2025-01-09 12:17:26,1,1,Verano
107417,VITAMINA C+ZINC+D3 NARANJA TAB.EFERV. TBOX20UND,EUROCARE,1.0,0.0,15.2,2025-01-09 16:49:34,14,1,Verano
107417,VITAMINA C+ZINC+D3 NARANJA TAB.EFERV. TBOX20UND,EUROCARE,2.0,0.0,30.4,2025-01-09 20:28:51,5,1,Verano
107417,VITAMINA C+ZINC+D3 NARANJA TAB.EFERV. TBOX20UND,EUROCARE,1.0,0.0,15.2,2025-01-09 21:41:27,5,1,Verano
107417,VITAMINA C+ZINC+D3 NARANJA TAB.EFERV. TBOX20UND,EUROCARE,1.0,0.0,15.2,2025-01-10 13:25:28,2,1,Verano
107417,VITAMINA C+ZINC+D3 NARANJA TAB.EFERV. TBOX20UND,EUROCARE,1.0,0.0,15.2,2025-01-11 18:27:43,9,1,Verano
107417,VITAMINA C+ZINC+D3 NARANJA TAB.EFERV. TBOX20UND,EUROCARE,1.0,0.0,15.2,2025-01-12 11:19:51,5,1,Verano
107417,VITAMINA C+ZINC+D3 NARANJA TAB.EFERV. TBOX20UND,EUROCARE,1.0,0.0,15.2,2025-01-13 13:27:55,3,1,Verano
107417,VITAMINA C+ZINC+D3 NARANJA TAB.EFERV. TBOX20UND,EUROCARE,1.0,0.0,14.44,2025-01-13 14:16:12,15,1,Verano
107417,VITAMINA C+ZINC+D3 NARANJA TAB.EFERV. TBOX20UND,EUROCARE,1.0,0.0,15.2,2025-01-13 17:26:59,7,1,Verano
107417,VITAMINA C+ZINC+D3 NARANJA TAB.EFERV. TBOX20UND,EUROCARE,1.0,0.0,15.2,2025-01-13 20:01:04,3,1,Verano
107417,VITAMINA C+ZINC+D3 NARANJA TAB.EFERV. TBOX20UND,EUROCARE,1.0,0.0,15.2,2025-01-14 09:32:40,1,1,Verano
107417,VITAMINA C+ZINC+D3 NARANJA TAB.EFERV. TBOX20UND,EUROCARE,1.0,0.0,15.2,2025-01-14 11:17:27,10,1,Verano
107417,VITAMINA C+ZINC+D3 NARANJA TAB.EFERV. TBOX20UND,EUROCARE,1.0,0.0,15.2,2025-01-15 09:39:25,13,1,Verano
107417,VITAMINA C+ZINC+D3 NARANJA TAB.EFERV. TBOX20UND,EUROCARE,1.0,0.0,15.2,2025-01-15 15:07:32,1,1,Verano
107417,VITAMINA C+ZINC+D3 NARANJA TAB.EFERV. TBOX20UND,EUROCARE,1.0,0.0,15.2,2025-01-15 16:41:45,15,1,Verano
107417,VITAMINA C+ZINC+D3 NARANJA TAB.EFERV. TBOX20UND,EUROCARE,1.0,0.0,15.2,2025-01-15 19:05:33,1,1,Verano
107417,VITAMINA C+ZINC+D3 NARANJA TAB.EFERV. TBOX20UND,EUROCARE,1.0,0.0,15.2,2025-01-16 21:28:44,15,1,Verano
107417,VITAMINA C+ZINC+D3 NARANJA TAB.EFERV. TBOX20UND,EUROCARE,1.0,0.0,15.2,2025-01-17 19:54:33,14,1,Verano
107417,VITAMINA C+ZINC+D3 NARANJA TAB.EFERV. TBOX20UND,EUROCARE,1.0,0.0,15.2,2025-01-18 08:14:57,12,1,Verano
107417,VITAMINA C+ZINC+D3 NARANJA TAB.EFERV. TBOX20UND,EUROCARE,1.0,0.0,15.2,2025-01-18 11:23:42,14,1,Verano
107417,VITAMINA C+ZINC+D3 NARANJA TAB.EFERV. TBOX20UND,EUROCARE,1.0,0.0,15.2,2025-01-18 17:07:09,11,1,Verano
107417,VITAMINA C+ZINC+D3 NARANJA TAB.EFERV. TBOX20UND,EUROCARE,1.0,0.0,15.2,2025-01-19 07:21:56,6,1,Verano
107417,VITAMINA C+ZINC+D3 NARANJA TAB.EFERV. TBOX20UND,EUROCARE,1.0,0.0,15.2,2025-01-19 12:42:34,8,1,Verano
107417,VITAMINA C+ZINC+D3 NARANJA TAB.EFERV. TBOX20UND,EUROCARE,1.0,0.0,15.2,2025-01-19 14:41:13,6,1,Verano
107417,VITAMINA C+ZINC+D3 NARANJA TAB.EFERV. TBOX20UND,EUROCARE,1.0,0.0,15.2,2025-01-19 21:53:13,10,1,Verano
107417,VITAMINA C+ZINC+D3 NARANJA TAB.EFERV. TBOX20UND,EUROCARE,1.0,0.0,15.2,2025-01-21 08:42:55,2,1,Verano
107417,VITAMINA C+ZINC+D3 NARANJA TAB.EFERV. TBOX20UND,EUROCARE,1.0,0.0,15.2,2025-01-22 09:40:56,13,1,Verano
107417,VITAMINA C+ZINC+D3 NARANJA TAB.EFERV. TBOX20UND,EUROCARE,1.0,0.0,15.2,2025-01-22 12:42:34,2,1,Verano
107417,VITAMINA C+ZINC+D3 NARANJA TAB.EFERV. TBOX20UND,EUROCARE,1.0,0.0,15.2,2025-01-22 17:28:45,12,1,Verano
107417,VITAMINA C+ZINC+D3 NARANJA TAB.EFERV. TBOX20UND,EUROCARE,1.0,0.0,15.2,2025-01-22 17:59:50,15,1,Verano
107417,VITAMINA C+ZINC+D3 NARANJA TAB.EFERV. TBOX20UND,EUROCARE,1.0,0.0,15.2,2025-01-23 08:40:14,10,1,Verano
107417,VITAMINA C+ZINC+D3 NARANJA TAB.EFERV. TBOX20UND,EUROCARE,1.0,0.0,15.2,2025-01-23 18:36:51,2,1,Verano
107417,VITAMINA C+ZINC+D3 NARANJA TAB.EFERV. TBOX20UND,EUROCARE,1.0,0.0,15.2,2025-01-23 19:21:35,7,1,Verano
107417,VITAMINA C+ZINC+D3 NARANJA TAB.EFERV. TBOX20UND,EUROCARE,1.0,0.0,15.2,2025-01-23 21:06:11,5,1,Verano
107417,VITAMINA C+ZINC+D3 NARANJA TAB.EFERV. TBOX20UND,EUROCARE,1.0,0.0,15.2,2025-01-25 10:16:43,5,1,Verano
107417,VITAMINA C+ZINC+D3 NARANJA TAB.EFERV. TBOX20UND,EUROCARE,1.0,0.0,15.2,2025-01-25 11:05:48,2,1,Verano
107417,VITAMINA C+ZINC+D3 NARANJA TAB.EFERV. TBOX20UND,EUROCARE,1.0,0.0,15.2,2025-01-25 11:47:01,10,1,Verano
107417,VITAMINA C+ZINC+D3 NARANJA TAB.EFERV. TBOX20UND,EUROCARE,1.0,0.0,15.2,2025-01-25 14:34:45,2,1,Verano
107417,VITAMINA C+ZINC+D3 NARANJA TAB.EFERV. TBOX20UND,EUROCARE,1.0,0.0,15.2,2025-01-25 19:38:26,2,1,Verano
107417,VITAMINA C+ZINC+D3 NARANJA TAB.EFERV. TBOX20UND,EUROCARE,1.0,0.0,15.2,2025-01-26 13:25:37,13,1,Verano
107417,VITAMINA C+ZINC+D3 NARANJA TAB.EFERV. TBOX20UND,EUROCARE,1.0,0.0,15.2,2025-01-27 10:03:20,7,1,Verano
107417,VITAMINA C+ZINC+D3 NARANJA TAB.EFERV. TBOX20UND,EUROCARE,1.0,0.0,15.2,2025-01-27 10:13:22,13,1,Verano
107417,VITAMINA C+ZINC+D3 NARANJA TAB.EFERV. TBOX20UND,EUROCARE,1.0,0.0,15.2,2025-01-27 13:00:43,9,1,Verano
107417,VITAMINA C+ZINC+D3 NARANJA TAB.EFERV. TBOX20UND,EUROCARE,2.0,0.0,30.4,2025-01-27 16:55:15,1,1,Verano
107417,VITAMINA C+ZINC+D3 NARANJA TAB.EFERV. TBOX20UND,EUROCARE,1.0,0.0,15.2,2025-01-28 10:54:06,15,1,Verano
107417,VITAMINA C+ZINC+D3 NARANJA TAB.EFERV. TBOX20UND,EUROCARE,-1.0,0.0,-15.2,2025-01-28 11:28:11,15,1,Verano
107417,VITAMINA C+ZINC+D3 NARANJA TAB.EFERV. TBOX20UND,EUROCARE,1.0,0.0,15.2,2025-01-28 11:30:09,15,1,Verano
107417,VITAMINA C+ZINC+D3 NARANJA TAB.EFERV. TBOX20UND,EUROCARE,1.0,0.0,15.2,2025-01-28 14:30:18,5,1,Verano
107417,VITAMINA C+ZINC+D3 NARANJA TAB.EFERV. TBOX20UND,EUROCARE,1.0,0.0,15.2,2025-01-28 17:05:26,4,1,Verano
107417,VITAMINA C+ZINC+D3 NARANJA TAB.EFERV. TBOX20UND,EUROCARE,1.0,0.0,15.2,2025-01-28 20:59:13,5,1,Verano
107417,VITAMINA C+ZINC+D3 NARANJA TAB.EFERV. TBOX20UND,EUROCARE,1.0,0.0,15.2,2025-01-29 10:50:02,4,1,Verano
107417,VITAMINA C+ZINC+D3 NARANJA TAB.EFERV. TBOX20UND,EUROCARE,1.0,0.0,15.2,2025-01-29 13:12:36,15,1,Verano
107417,VITAMINA C+ZINC+D3 NARANJA TAB.EFERV. TBOX20UND,EUROCARE,1.0,0.0,15.2,2025-01-29 18:02:55,12,1,Verano
107417,VITAMINA C+ZINC+D3 NARANJA TAB.EFERV. TBOX20UND,EUROCARE,1.0,0.0,15.2,2025-01-31 18:06:48,7,1,Verano
107417,VITAMINA C+ZINC+D3 NARANJA TAB.EFERV. TBOX20UND,EUROCARE,1.0,0.0,15.2,2025-02-01 08:13:53,12,2,Verano
107417,VITAMINA C+ZINC+D3 NARANJA TAB.EFERV. TBOX20UND,EUROCARE,1.0,0.0,15.2,2025-02-01 08:17:20,12,2,Verano
107417,VITAMINA C+ZINC+D3 NARANJA TAB.EFERV. TBOX20UND,EUROCARE,1.0,0.0,15.2,2025-02-01 11:54:57,6,2,Verano
107417,VITAMINA C+ZINC+D3 NARANJA TAB.EFERV. TBOX20UND,EUROCARE,-1.0,0.0,-15.2,2025-02-01 12:00:00,12,2,Verano
107417,VITAMINA C+ZINC+D3 NARANJA TAB.EFERV. TBOX20UND,EUROCARE,1.0,0.0,15.2,2025-02-01 16:18:33,11,2,Verano
107417,VITAMINA C+ZINC+D3 NARANJA TAB.EFERV. TBOX20UND,EUROCARE,1.0,0.0,15.2,2025-02-01 16:18:53,15,2,Verano
107417,VITAMINA C+ZINC+D3 NARANJA TAB.EFERV. TBOX20UND,EUROCARE,1.0,0.0,15.2,2025-02-02 17:01:01,4,2,Verano
107417,VITAMINA C+ZINC+D3 NARANJA TAB.EFERV. TBOX20UND,EUROCARE,1.0,0.0,15.2,2025-02-03 15:20:27,2,2,Verano
107417,VITAMINA C+ZINC+D3 NARANJA TAB.EFERV. TBOX20UND,EUROCARE,1.0,0.0,15.2,2025-02-03 16:24:57,3,2,Verano
107417,VITAMINA C+ZINC+D3 NARANJA TAB.EFERV. TBOX20UND,EUROCARE,1.0,0.0,15.2,2025-02-03 17:33:35,14,2,Verano
107417,VITAMINA C+ZINC+D3 NARANJA TAB.EFERV. TBOX20UND,EUROCARE,1.0,0.0,15.2,2025-02-03 19:11:57,14,2,Verano
107417,VITAMINA C+ZINC+D3 NARANJA TAB.EFERV. TBOX20UND,EUROCARE,1.0,0.0,15.2,2025-02-04 11:48:25,4,2,Verano
107417,VITAMINA C+ZINC+D3 NARANJA TAB.EFERV. TBOX20UND,EUROCARE,1.0,0.0,15.2,2025-02-05 11:47:44,2,2,Verano
107417,VITAMINA C+ZINC+D3 NARANJA TAB.EFERV. TBOX20UND,EUROCARE,-1.0,0.0,-14.44,2025-02-05 12:00:00,11,2,Verano
107417,VITAMINA C+ZINC+D3 NARANJA TAB.EFERV. TBOX20UND,EUROCARE,2.0,0.0,30.4,2025-02-05 12:32:56,12,2,Verano
107417,VITAMINA C+ZINC+D3 NARANJA TAB.EFERV. TBOX20UND,EUROCARE,1.0,0.0,15.2,2025-02-05 15:59:20,10,2,Verano
107417,VITAMINA C+ZINC+D3 NARANJA TAB.EFERV. TBOX20UND,EUROCARE,1.0,0.0,14.44,2025-02-05 17:35:22,11,2,Verano
107417,VITAMINA C+ZINC+D3 NARANJA TAB.EFERV. TBOX20UND,EUROCARE,1.0,0.0,14.44,2025-02-05 17:57:37,11,2,Verano
107417,VITAMINA C+ZINC+D3 NARANJA TAB.EFERV. TBOX20UND,EUROCARE,2.0,0.0,30.4,2025-02-06 11:08:56,1,2,Verano
107417,VITAMINA C+ZINC+D3 NARANJA TAB.EFERV. TBOX20UND,EUROCARE,1.0,0.0,15.2,2025-02-06 14:58:48,15,2,Verano
107417,VITAMINA C+ZINC+D3 NARANJA TAB.EFERV. TBOX20UND,EUROCARE,1.0,0.0,15.2,2025-02-06 22:12:00,2,2,Verano
107417,VITAMINA C+ZINC+D3 NARANJA TAB.EFERV. TBOX20UND,EUROCARE,2.0,0.0,30.4,2025-02-07 13:44:00,12,2,Verano
107417,VITAMINA C+ZINC+D3 NARANJA TAB.EFERV. TBOX20UND,EUROCARE,1.0,0.0,15.2,2025-02-07 19:10:39,7,2,Verano
107417,VITAMINA C+ZINC+D3 NARANJA TAB.EFERV. TBOX20UND,EUROCARE,1.0,0.0,15.2,2025-02-07 19:13:05,6,2,Verano
107417,VITAMINA C+ZINC+D3 NARANJA TAB.EFERV. TBOX20UND,EUROCARE,1.0,0.0,15.2,2025-02-08 10:15:57,9,2,Verano
107417,VITAMINA C+ZINC+D3 NARANJA TAB.EFERV. TBOX20UND,EUROCARE,1.0,0.0,15.2,2025-02-09 13:33:25,11,2,Verano
107417,VITAMINA C+ZINC+D3 NARANJA TAB.EFERV. TBOX20UND,EUROCARE,1.0,0.0,15.2,2025-02-09 15:44:35,15,2,Verano
107417,VITAMINA C+ZINC+D3 NARANJA TAB.EFERV. TBOX20UND,EUROCARE,1.0,0.0,15.2,2025-02-09 16:49:09,3,2,Verano
107417,VITAMINA C+ZINC+D3 NARANJA TAB.EFERV. TBOX20UND,EUROCARE,1.0,0.0,15.2,2025-02-10 16:55:17,8,2,Verano
107417,VITAMINA C+ZINC+D3 NARANJA TAB.EFERV. TBOX20UND,EUROCARE,1.0,0.0,15.2,2025-02-11 10:28:31,15,2,Verano
107417,VITAMINA C+ZINC+D3 NARANJA TAB.EFERV. TBOX20UND,EUROCARE,1.0,0.0,15.2,2025-02-11 12:43:28,2,2,Verano
107417,VITAMINA C+ZINC+D3 NARANJA TAB.EFERV. TBOX20UND,EUROCARE,1.0,0.0,15.2,2025-02-11 20:04:55,10,2,Verano
107417,VITAMINA C+ZINC+D3 NARANJA TAB.EFERV. TBOX20UND,EUROCARE,1.0,0.0,15.2,2025-02-12 18:01:29,10,2,Verano
107417,VITAMINA C+ZINC+D3 NARANJA TAB.EFERV. TBOX20UND,EUROCARE,1.0,0.0,15.2,2025-02-12 22:31:47,15,2,Verano
107417,VITAMINA C+ZINC+D3 NARANJA TAB.EFERV. TBOX20UND,EUROCARE,1.0,0.0,15.2,2025-02-14 19:04:26,12,2,Verano
107417,VITAMINA C+ZINC+D3 NARANJA TAB.EFERV. TBOX20UND,EUROCARE,1.0,0.0,15.2,2025-02-14 19:38:06,5,2,Verano
107417,VITAMINA C+ZINC+D3 NARANJA TAB.EFERV. TBOX20UND,EUROCARE,1.0,0.0,15.2,2025-02-15 08:12:05,12,2,Verano
107417,VITAMINA C+ZINC+D3 NARANJA TAB.EFERV. TBOX20UND,EUROCARE,1.0,0.0,15.2,2025-02-15 19:24:41,5,2,Verano
107417,VITAMINA C+ZINC+D3 NARANJA TAB.EFERV. TBOX20UND,EUROCARE,1.0,0.0,15.2,2025-02-15 19:25:46,12,2,Verano
107417,VITAMINA C+ZINC+D3 NARANJA TAB.EFERV. TBOX20UND,EUROCARE,1.0,0.0,15.2,2025-02-16 13:21:16,2,2,Verano
107417,VITAMINA C+ZINC+D3 NARANJA TAB.EFERV. TBOX20UND,EUROCARE,1.0,0.0,15.2,2025-02-16 19:51:39,1,2,Verano
107417,VITAMINA C+ZINC+D3 NARANJA TAB.EFERV. TBOX20UND,EUROCARE,1.0,0.0,15.2,2025-02-17 13:06:38,15,2,Verano
107417,VITAMINA C+ZINC+D3 NARANJA TAB.EFERV. TBOX20UND,EUROCARE,1.0,0.0,15.2,2025-02-17 17:20:03,1,2,Verano
107417,VITAMINA C+ZINC+D3 NARANJA TAB.EFERV. TBOX20UND,EUROCARE,2.0,0.0,30.4,2025-02-17 17:23:02,1,2,Verano
107417,VITAMINA C+ZINC+D3 NARANJA TAB.EFERV. TBOX20UND,EUROCARE,-1.0,0.0,-15.2,2025-02-17 17:28:07,1,2,Verano
107417,VITAMINA C+ZINC+D3 NARANJA TAB.EFERV. TBOX20UND,EUROCARE,1.0,0.0,15.2,2025-02-17 21:16:23,6,2,Verano
107417,VITAMINA C+ZINC+D3 NARANJA TAB.EFERV. TBOX20UND,EUROCARE,1.0,0.0,15.2,2025-02-18 12:04:17,4,2,Verano
107417,VITAMINA C+ZINC+D3 NARANJA TAB.EFERV. TBOX20UND,EUROCARE,1.0,0.0,15.2,2025-02-18 19:59:55,15,2,Verano
107417,VITAMINA C+ZINC+D3 NARANJA TAB.EFERV. TBOX20UND,EUROCARE,1.0,0.0,15.2,2025-02-18 21:17:29,6,2,Verano
107417,VITAMINA C+ZINC+D3 NARANJA TAB.EFERV. TBOX20UND,EUROCARE,2.0,0.0,30.4,2025-02-20 08:45:35,9,2,Verano
107417,VITAMINA C+ZINC+D3 NARANJA TAB.EFERV. TBOX20UND,EUROCARE,1.0,0.0,15.2,2025-02-20 13:36:24,1,2,Verano
107417,VITAMINA C+ZINC+D3 NARANJA TAB.EFERV. TBOX20UND,EUROCARE,1.0,0.0,15.2,2025-02-20 21:48:49,3,2,Verano
107417,VITAMINA C+ZINC+D3 NARANJA TAB.EFERV. TBOX20UND,EUROCARE,1.0,0.0,15.2,2025-02-21 09:05:24,5,2,Verano
107417,VITAMINA C+ZINC+D3 NARANJA TAB.EFERV. TBOX20UND,EUROCARE,1.0,0.0,15.2,2025-02-22 22:13:24,5,2,Verano
107417,VITAMINA C+ZINC+D3 NARANJA TAB.EFERV. TBOX20UND,EUROCARE,1.0,0.0,15.2,2025-02-23 10:39:16,12,2,Verano
107417,VITAMINA C+ZINC+D3 NARANJA TAB.EFERV. TBOX20UND,EUROCARE,1.0,0.0,15.2,2025-02-23 22:08:07,6,2,Verano
107417,VITAMINA C+ZINC+D3 NARANJA TAB.EFERV. TBOX20UND,EUROCARE,1.0,0.0,15.2,2025-02-24 09:32:22,6,2,Verano
107417,VITAMINA C+ZINC+D3 NARANJA TAB.EFERV. TBOX20UND,EUROCARE,1.0,0.0,15.2,2025-02-24 12:20:12,15,2,Verano
107417,VITAMINA C+ZINC+D3 NARANJA TAB.EFERV. TBOX20UND,EUROCARE,1.0,0.0,15.2,2025-02-24 13:51:17,5,2,Verano
107417,VITAMINA C+ZINC+D3 NARANJA TAB.EFERV. TBOX20UND,EUROCARE,1.0,0.0,15.2,2025-02-24 19:36:09,5,2,Verano
107417,VITAMINA C+ZINC+D3 NARANJA TAB.EFERV. TBOX20UND,EUROCARE,1.0,0.0,15.2,2025-02-24 21:03:07,15,2,Verano
107417,VITAMINA C+ZINC+D3 NARANJA TAB.EFERV. TBOX20UND,EUROCARE,1.0,0.0,15.2,2025-02-25 08:19:39,10,2,Verano
107417,VITAMINA C+ZINC+D3 NARANJA TAB.EFERV. TBOX20UND,EUROCARE,1.0,0.0,15.2,2025-02-25 08:52:27,3,2,Verano
107417,VITAMINA C+ZINC+D3 NARANJA TAB.EFERV. TBOX20UND,EUROCARE,2.0,0.0,30.4,2025-02-25 19:19:01,1,2,Verano
107417,VITAMINA C+ZINC+D3 NARANJA TAB.EFERV. TBOX20UND,EUROCARE,1.0,0.0,14.44,2025-02-25 21:33:43,6,2,Verano
107417,VITAMINA C+ZINC+D3 NARANJA TAB.EFERV. TBOX20UND,EUROCARE,1.0,0.0,15.2,2025-02-26 11:15:16,2,2,Verano
107417,VITAMINA C+ZINC+D3 NARANJA TAB.EFERV. TBOX20UND,EUROCARE,2.0,0.0,30.4,2025-02-26 11:45:31,15,2,Verano
107417,VITAMINA C+ZINC+D3 NARANJA TAB.EFERV. TBOX20UND,EUROCARE,1.0,0.0,15.2,2025-02-26 13:29:13,2,2,Verano
107417,VITAMINA C+ZINC+D3 NARANJA TAB.EFERV. TBOX20UND,EUROCARE,1.0,0.0,15.2,2025-02-26 16:40:43,7,2,Verano
107417,VITAMINA C+ZINC+D3 NARANJA TAB.EFERV. TBOX20UND,EUROCARE,1.0,0.0,15.2,2025-02-26 18:22:41,1,2,Verano
107417,VITAMINA C+ZINC+D3 NARANJA TAB.EFERV. TBOX20UND,EUROCARE,1.0,0.0,15.2,2025-02-27 08:44:18,6,2,Verano
107417,VITAMINA C+ZINC+D3 NARANJA TAB.EFERV. TBOX20UND,EUROCARE,1.0,0.0,15.2,2025-02-27 21:44:52,5,2,Verano
107417,VITAMINA C+ZINC+D3 NARANJA TAB.EFERV. TBOX20UND,EUROCARE,2.0,0.0,30.4,2025-02-28 10:22:32,2,2,Verano
107417,VITAMINA C+ZINC+D3 NARANJA TAB.EFERV. TBOX20UND,EUROCARE,1.0,0.0,15.2,2025-02-28 19:34:21,4,2,Verano
107417,VITAMINA C+ZINC+D3 NARANJA TAB.EFERV. TBOX20UND,EUROCARE,1.0,0.0,15.2,2025-03-01 18:16:08,6,3,Otoño
107417,VITAMINA C+ZINC+D3 NARANJA TAB.EFERV. TBOX20UND,EUROCARE,1.0,0.0,15.2,2025-03-02 15:49:34,2,3,Otoño
107417,VITAMINA C+ZINC+D3 NARANJA TAB.EFERV. TBOX20UND,EUROCARE,1.0,0.0,15.2,2025-03-02 20:22:53,6,3,Otoño
107417,VITAMINA C+ZINC+D3 NARANJA TAB.EFERV. TBOX20UND,EUROCARE,1.0,0.0,15.2,2025-03-04 09:04:32,15,3,Otoño
107417,VITAMINA C+ZINC+D3 NARANJA TAB.EFERV. TBOX20UND,EUROCARE,1.0,0.0,15.2,2025-03-04 19:59:22,10,3,Otoño
107417,VITAMINA C+ZINC+D3 NARANJA TAB.EFERV. TBOX20UND,EUROCARE,1.0,0.0,15.2,2025-03-05 12:23:20,3,3,Otoño
107417,VITAMINA C+ZINC+D3 NARANJA TAB.EFERV. TBOX20UND,EUROCARE,1.0,0.0,15.2,2025-03-05 16:35:46,2,3,Otoño
107417,VITAMINA C+ZINC+D3 NARANJA TAB.EFERV. TBOX20UND,EUROCARE,1.0,0.0,15.2,2025-03-06 10:32:00,4,3,Otoño
107417,VITAMINA C+ZINC+D3 NARANJA TAB.EFERV. TBOX20UND,EUROCARE,1.0,0.0,15.2,2025-03-06 18:20:37,15,3,Otoño
107417,VITAMINA C+ZINC+D3 NARANJA TAB.EFERV. TBOX20UND,EUROCARE,1.0,0.0,15.2,2025-03-06 18:38:53,5,3,Otoño
107417,VITAMINA C+ZINC+D3 NARANJA TAB.EFERV. TBOX20UND,EUROCARE,1.0,0.0,15.2,2025-03-07 11:42:37,2,3,Otoño
107417,VITAMINA C+ZINC+D3 NARANJA TAB.EFERV. TBOX20UND,EUROCARE,1.0,0.0,15.2,2025-03-07 12:28:15,5,3,Otoño
107417,VITAMINA C+ZINC+D3 NARANJA TAB.EFERV. TBOX20UND,EUROCARE,1.0,0.0,15.2,2025-03-07 13:51:27,2,3,Otoño
107417,VITAMINA C+ZINC+D3 NARANJA TAB.EFERV. TBOX20UND,EUROCARE,2.0,0.0,30.4,2025-03-07 18:47:48,4,3,Otoño
107417,VITAMINA C+ZINC+D3 NARANJA TAB.EFERV. TBOX20UND,EUROCARE,1.0,0.0,15.2,2025-03-07 18:48:25,7,3,Otoño
107417,VITAMINA C+ZINC+D3 NARANJA TAB.EFERV. TBOX20UND,EUROCARE,1.0,0.0,15.2,2025-03-07 20:11:14,10,3,Otoño
107417,VITAMINA C+ZINC+D3 NARANJA TAB.EFERV. TBOX20UND,EUROCARE,1.0,0.0,15.2,2025-03-08 13:10:35,15,3,Otoño
107417,VITAMINA C+ZINC+D3 NARANJA TAB.EFERV. TBOX20UND,EUROCARE,1.0,0.0,15.2,2025-03-08 18:05:00,12,3,Otoño
107417,VITAMINA C+ZINC+D3 NARANJA TAB.EFERV. TBOX20UND,EUROCARE,1.0,0.0,15.2,2025-03-08 18:29:06,2,3,Otoño
107417,VITAMINA C+ZINC+D3 NARANJA TAB.EFERV. TBOX20UND,EUROCARE,1.0,0.0,15.2,2025-03-09 10:15:06,5,3,Otoño
107417,VITAMINA C+ZINC+D3 NARANJA TAB.EFERV. TBOX20UND,EUROCARE,1.0,0.0,15.2,2025-03-09 10:45:26,7,3,Otoño
107417,VITAMINA C+ZINC+D3 NARANJA TAB.EFERV. TBOX20UND,EUROCARE,1.0,0.0,15.2,2025-03-10 20:45:45,15,3,Otoño
107417,VITAMINA C+ZINC+D3 NARANJA TAB.EFERV. TBOX20UND,EUROCARE,1.0,0.0,15.2,2025-03-10 21:08:40,6,3,Otoño
107417,VITAMINA C+ZINC+D3 NARANJA TAB.EFERV. TBOX20UND,EUROCARE,2.0,0.0,30.4,2025-03-10 21:39:31,3,3,Otoño
107417,VITAMINA C+ZINC+D3 NARANJA TAB.EFERV. TBOX20UND,EUROCARE,1.0,0.0,15.2,2025-03-10 22:02:02,4,3,Otoño
107417,VITAMINA C+ZINC+D3 NARANJA TAB.EFERV. TBOX20UND,EUROCARE,1.0,0.0,15.2,2025-03-11 16:03:00,1,3,Otoño
107417,VITAMINA C+ZINC+D3 NARANJA TAB.EFERV. TBOX20UND,EUROCARE,1.0,0.0,15.2,2025-03-11 21:00:35,15,3,Otoño
107417,VITAMINA C+ZINC+D3 NARANJA TAB.EFERV. TBOX20UND,EUROCARE,1.0,0.0,15.2,2025-03-11 21:22:17,2,3,Otoño
107417,VITAMINA C+ZINC+D3 NARANJA TAB.EFERV. TBOX20UND,EUROCARE,1.0,0.0,15.2,2025-03-12 17:31:34,12,3,Otoño
107417,VITAMINA C+ZINC+D3 NARANJA TAB.EFERV. TBOX20UND,EUROCARE,1.0,0.0,15.2,2025-03-12 23:22:28,4,3,Otoño
107417,VITAMINA C+ZINC+D3 NARANJA TAB.EFERV. TBOX20UND,EUROCARE,1.0,0.0,15.2,2025-03-13 07:40:22,6,3,Otoño
107417,VITAMINA C+ZINC+D3 NARANJA TAB.EFERV. TBOX20UND,EUROCARE,1.0,0.0,15.2,2025-03-13 14:41:15,10,3,Otoño
107417,VITAMINA C+ZINC+D3 NARANJA TAB.EFERV. TBOX20UND,EUROCARE,1.0,0.0,15.2,2025-03-13 18:39:33,5,3,Otoño
107417,VITAMINA C+ZINC+D3 NARANJA TAB.EFERV. TBOX20UND,EUROCARE,1.0,0.0,15.2,2025-03-14 09:29:24,12,3,Otoño
107417,VITAMINA C+ZINC+D3 NARANJA TAB.EFERV. TBOX20UND,EUROCARE,1.0,0.0,15.2,2025-03-14 11:14:16,1,3,Otoño
107417,VITAMINA C+ZINC+D3 NARANJA TAB.EFERV. TBOX20UND,EUROCARE,1.0,0.0,15.2,2025-03-14 11:24:51,2,3,Otoño
107417,VITAMINA C+ZINC+D3 NARANJA TAB.EFERV. TBOX20UND,EUROCARE,1.0,0.0,15.2,2025-03-14 16:31:37,3,3,Otoño
107417,VITAMINA C+ZINC+D3 NARANJA TAB.EFERV. TBOX20UND,EUROCARE,2.0,0.0,30.4,2025-03-15 15:56:35,5,3,Otoño
107417,VITAMINA C+ZINC+D3 NARANJA TAB.EFERV. TBOX20UND,EUROCARE,1.0,0.0,15.2,2025-03-15 16:38:26,12,3,Otoño
107417,VITAMINA C+ZINC+D3 NARANJA TAB.EFERV. TBOX20UND,EUROCARE,1.0,0.0,15.2,2025-03-15 18:53:38,3,3,Otoño
107417,VITAMINA C+ZINC+D3 NARANJA TAB.EFERV. TBOX20UND,EUROCARE,1.0,0.0,15.2,2025-03-15 20:33:27,15,3,Otoño
107417,VITAMINA C+ZINC+D3 NARANJA TAB.EFERV. TBOX20UND,EUROCARE,1.0,0.0,15.2,2025-03-16 19:07:47,6,3,Otoño
107417,VITAMINA C+ZINC+D3 NARANJA TAB.EFERV. TBOX20UND,EUROCARE,1.0,0.0,15.2,2025-03-17 09:54:42,15,3,Otoño
107417,VITAMINA C+ZINC+D3 NARANJA TAB.EFERV. TBOX20UND,EUROCARE,1.0,0.0,15.2,2025-03-18 08:54:00,6,3,Otoño
107417,VITAMINA C+ZINC+D3 NARANJA TAB.EFERV. TBOX20UND,EUROCARE,1.0,0.0,15.2,2025-03-18 17:24:56,10,3,Otoño
107417,VITAMINA C+ZINC+D3 NARANJA TAB.EFERV. TBOX20UND,EUROCARE,1.0,0.0,15.2,2025-03-18 22:13:48,6,3,Otoño
107417,VITAMINA C+ZINC+D3 NARANJA TAB.EFERV. TBOX20UND,EUROCARE,1.0,0.0,15.2,2025-03-19 10:41:03,11,3,Otoño
107417,VITAMINA C+ZINC+D3 NARANJA TAB.EFERV. TBOX20UND,EUROCARE,-1.0,0.0,-15.2,2025-03-19 12:00:00,11,3,Otoño
107417,VITAMINA C+ZINC+D3 NARANJA TAB.EFERV. TBOX20UND,EUROCARE,1.0,0.0,15.2,2025-03-19 13:25:51,15,3,Otoño
107417,VITAMINA C+ZINC+D3 NARANJA TAB.EFERV. TBOX20UND,EUROCARE,1.0,0.0,15.2,2025-03-19 21:09:59,12,3,Otoño
107417,VITAMINA C+ZINC+D3 NARANJA TAB.EFERV. TBOX20UND,EUROCARE,1.0,0.0,15.2,2025-03-20 11:04:44,3,3,Otoño
107417,VITAMINA C+ZINC+D3 NARANJA TAB.EFERV. TBOX20UND,EUROCARE,1.0,0.0,15.2,2025-03-20 22:25:34,7,3,Otoño
107417,VITAMINA C+ZINC+D3 NARANJA TAB.EFERV. TBOX20UND,EUROCARE,1.0,0.0,15.2,2025-03-21 11:26:14,8,3,Otoño
107417,VITAMINA C+ZINC+D3 NARANJA TAB.EFERV. TBOX20UND,EUROCARE,1.0,0.0,15.2,2025-03-22 11:58:11,10,3,Otoño
107417,VITAMINA C+ZINC+D3 NARANJA TAB.EFERV. TBOX20UND,EUROCARE,1.0,0.0,15.2,2025-03-22 19:43:23,12,3,Otoño
107417,VITAMINA C+ZINC+D3 NARANJA TAB.EFERV. TBOX20UND,EUROCARE,1.0,0.0,15.2,2025-03-23 19:19:53,3,3,Otoño
107417,VITAMINA C+ZINC+D3 NARANJA TAB.EFERV. TBOX20UND,EUROCARE,2.0,0.0,30.4,2025-03-23 19:29:31,2,3,Otoño
107417,VITAMINA C+ZINC+D3 NARANJA TAB.EFERV. TBOX20UND,EUROCARE,-2.0,0.0,-30.4,2025-03-23 19:41:48,2,3,Otoño
107417,VITAMINA C+ZINC+D3 NARANJA TAB.EFERV. TBOX20UND,EUROCARE,2.0,0.0,30.4,2025-03-23 19:44:32,2,3,Otoño
107417,VITAMINA C+ZINC+D3 NARANJA TAB.EFERV. TBOX20UND,EUROCARE,1.0,0.0,15.2,2025-03-24 15:50:37,11,3,Otoño
107417,VITAMINA C+ZINC+D3 NARANJA TAB.EFERV. TBOX20UND,EUROCARE,1.0,0.0,15.2,2025-03-24 18:56:47,12,3,Otoño
107417,VITAMINA C+ZINC+D3 NARANJA TAB.EFERV. TBOX20UND,EUROCARE,1.0,0.0,15.2,2025-03-25 09:09:15,3,3,Otoño
107417,VITAMINA C+ZINC+D3 NARANJA TAB.EFERV. TBOX20UND,EUROCARE,1.0,0.0,15.2,2025-03-25 13:15:39,15,3,Otoño
107417,VITAMINA C+ZINC+D3 NARANJA TAB.EFERV. TBOX20UND,EUROCARE,1.0,0.0,15.2,2025-03-25 18:30:44,10,3,Otoño
107417,VITAMINA C+ZINC+D3 NARANJA TAB.EFERV. TBOX20UND,EUROCARE,1.0,0.0,15.2,2025-03-26 12:55:11,8,3,Otoño
107417,VITAMINA C+ZINC+D3 NARANJA TAB.EFERV. TBOX20UND,EUROCARE,1.0,0.0,15.2,2025-03-26 13:33:18,4,3,Otoño
107417,VITAMINA C+ZINC+D3 NARANJA TAB.EFERV. TBOX20UND,EUROCARE,1.0,0.0,15.2,2025-03-27 10:50:41,12,3,Otoño
107417,VITAMINA C+ZINC+D3 NARANJA TAB.EFERV. TBOX20UND,EUROCARE,1.0,0.0,15.2,2025-03-27 17:31:08,14,3,Otoño
107417,VITAMINA C+ZINC+D3 NARANJA TAB.EFERV. TBOX20UND,EUROCARE,1.0,0.0,15.2,2025-03-27 19:54:31,3,3,Otoño
107417,VITAMINA C+ZINC+D3 NARANJA TAB.EFERV. TBOX20UND,EUROCARE,1.0,0.0,15.2,2025-03-27 20:18:50,10,3,Otoño
107417,VITAMINA C+ZINC+D3 NARANJA TAB.EFERV. TBOX20UND,EUROCARE,1.0,0.0,14.44,2025-03-29 18:07:27,12,3,Otoño
107417,VITAMINA C+ZINC+D3 NARANJA TAB.EFERV. TBOX20UND,EUROCARE,1.0,0.0,15.2,2025-03-29 19:52:23,5,3,Otoño
107417,VITAMINA C+ZINC+D3 NARANJA TAB.EFERV. TBOX20UND,EUROCARE,1.0,0.0,15.2,2025-03-29 21:47:52,3,3,Otoño
107417,VITAMINA C+ZINC+D3 NARANJA TAB.EFERV. TBOX20UND,EUROCARE,1.0,0.0,15.2,2025-03-30 08:47:39,10,3,Otoño
107417,VITAMINA C+ZINC+D3 NARANJA TAB.EFERV. TBOX20UND,EUROCARE,1.0,0.0,15.2,2025-03-30 15:37:28,10,3,Otoño
107417,VITAMINA C+ZINC+D3 NARANJA TAB.EFERV. TBOX20UND,EUROCARE,1.0,0.0,15.2,2025-03-30 17:35:01,2,3,Otoño
107417,VITAMINA C+ZINC+D3 NARANJA TAB.EFERV. TBOX20UND,EUROCARE,2.0,0.0,30.4,2025-03-30 17:51:26,5,3,Otoño
107417,VITAMINA C+ZINC+D3 NARANJA TAB.EFERV. TBOX20UND,EUROCARE,1.0,0.0,15.2,2025-03-31 14:42:23,14,3,Otoño
107417,VITAMINA C+ZINC+D3 NARANJA TAB.EFERV. TBOX20UND,EUROCARE,1.0,0.0,15.2,2025-03-31 21:21:55,7,3,Otoño
107417,VITAMINA C+ZINC+D3 NARANJA TAB.EFERV. TBOX20UND,EUROCARE,1.0,0.0,15.2,2025-03-31 21:25:28,7,3,Otoño
107417,VITAMINA C+ZINC+D3 NARANJA TAB.EFERV. TBOX20UND,EUROCARE,3.0,0.0,45.6,2025-04-01 12:31:20,1,4,Otoño
107417,VITAMINA C+ZINC+D3 NARANJA TAB.EFERV. TBOX20UND,EUROCARE,1.0,0.0,15.2,2025-04-02 17:54:15,14,4,Otoño
107417,VITAMINA C+ZINC+D3 NARANJA TAB.EFERV. TBOX20UND,EUROCARE,1.0,0.0,15.2,2025-04-02 20:35:44,2,4,Otoño
107417,VITAMINA C+ZINC+D3 NARANJA TAB.EFERV. TBOX20UND,EUROCARE,1.0,0.0,15.2,2025-04-03 16:27:47,10,4,Otoño
107417,VITAMINA C+ZINC+D3 NARANJA TAB.EFERV. TBOX20UND,EUROCARE,1.0,0.0,15.2,2025-04-04 08:46:42,10,4,Otoño
107417,VITAMINA C+ZINC+D3 NARANJA TAB.EFERV. TBOX20UND,EUROCARE,1.0,0.0,15.2,2025-04-04 09:06:37,15,4,Otoño
107417,VITAMINA C+ZINC+D3 NARANJA TAB.EFERV. TBOX20UND,EUROCARE,1.0,0.0,15.2,2025-04-04 15:46:10,2,4,Otoño
107417,VITAMINA C+ZINC+D3 NARANJA TAB.EFERV. TBOX20UND,EUROCARE,2.0,0.0,30.4,2025-04-05 11:41:22,7,4,Otoño
107417,VITAMINA C+ZINC+D3 NARANJA TAB.EFERV. TBOX20UND,EUROCARE,1.0,0.0,15.2,2025-04-06 14:31:37,2,4,Otoño
107417,VITAMINA C+ZINC+D3 NARANJA TAB.EFERV. TBOX20UND,EUROCARE,2.0,0.0,30.4,2025-04-07 15:18:57,14,4,Otoño
107417,VITAMINA C+ZINC+D3 NARANJA TAB.EFERV. TBOX20UND,EUROCARE,1.0,0.0,15.2,2025-04-07 19:37:39,14,4,Otoño
107417,VITAMINA C+ZINC+D3 NARANJA TAB.EFERV. TBOX20UND,EUROCARE,1.0,0.0,15.2,2025-04-07 21:17:56,2,4,Otoño
107417,VITAMINA C+ZINC+D3 NARANJA TAB.EFERV. TBOX20UND,EUROCARE,1.0,0.0,15.2,2025-04-08 09:44:33,2,4,Otoño
107417,VITAMINA C+ZINC+D3 NARANJA TAB.EFERV. TBOX20UND,EUROCARE,1.0,0.0,15.2,2025-04-08 09:47:07,2,4,Otoño
107417,VITAMINA C+ZINC+D3 NARANJA TAB.EFERV. TBOX20UND,EUROCARE,1.0,0.0,15.2,2025-04-08 13:35:23,11,4,Otoño
107417,VITAMINA C+ZINC+D3 NARANJA TAB.EFERV. TBOX20UND,EUROCARE,1.0,0.0,15.2,2025-04-08 21:16:19,7,4,Otoño
107417,VITAMINA C+ZINC+D3 NARANJA TAB.EFERV. TBOX20UND,EUROCARE,1.0,0.0,15.2,2025-04-09 16:06:29,14,4,Otoño
107417,VITAMINA C+ZINC+D3 NARANJA TAB.EFERV. TBOX20UND,EUROCARE,1.0,0.0,15.2,2025-04-09 18:20:58,10,4,Otoño
107417,VITAMINA C+ZINC+D3 NARANJA TAB.EFERV. TBOX20UND,EUROCARE,1.0,0.0,15.2,2025-04-09 20:15:57,2,4,Otoño
107417,VITAMINA C+ZINC+D3 NARANJA TAB.EFERV. TBOX20UND,EUROCARE,2.0,0.0,30.4,2025-04-10 11:57:13,5,4,Otoño
107417,VITAMINA C+ZINC+D3 NARANJA TAB.EFERV. TBOX20UND,EUROCARE,-1.0,0.0,-15.2,2025-04-10 12:00:00,5,4,Otoño
107417,VITAMINA C+ZINC+D3 NARANJA TAB.EFERV. TBOX20UND,EUROCARE,1.0,0.0,15.2,2025-04-10 12:06:05,5,4,Otoño
107417,VITAMINA C+ZINC+D3 NARANJA TAB.EFERV. TBOX20UND,EUROCARE,1.0,0.0,15.2,2025-04-10 15:14:38,2,4,Otoño
107417,VITAMINA C+ZINC+D3 NARANJA TAB.EFERV. TBOX20UND,EUROCARE,1.0,0.0,15.2,2025-04-10 19:00:47,15,4,Otoño
107417,VITAMINA C+ZINC+D3 NARANJA TAB.EFERV. TBOX20UND,EUROCARE,2.0,0.0,30.4,2025-04-10 20:50:44,8,4,Otoño
107417,VITAMINA C+ZINC+D3 NARANJA TAB.EFERV. TBOX20UND,EUROCARE,1.0,0.0,15.2,2025-04-11 16:21:21,15,4,Otoño
107417,VITAMINA C+ZINC+D3 NARANJA TAB.EFERV. TBOX20UND,EUROCARE,1.0,0.0,15.2,2025-04-11 18:13:29,5,4,Otoño
107417,VITAMINA C+ZINC+D3 NARANJA TAB.EFERV. TBOX20UND,EUROCARE,1.0,0.0,15.2,2025-04-11 18:27:49,3,4,Otoño
107417,VITAMINA C+ZINC+D3 NARANJA TAB.EFERV. TBOX20UND,EUROCARE,1.0,0.0,15.2,2025-04-11 18:42:03,7,4,Otoño
107417,VITAMINA C+ZINC+D3 NARANJA TAB.EFERV. TBOX20UND,EUROCARE,1.0,0.0,15.2,2025-04-12 11:58:56,8,4,Otoño
107417,VITAMINA C+ZINC+D3 NARANJA TAB.EFERV. TBOX20UND,EUROCARE,1.0,0.0,15.2,2025-04-12 17:01:52,12,4,Otoño
107417,VITAMINA C+ZINC+D3 NARANJA TAB.EFERV. TBOX20UND,EUROCARE,1.0,0.0,15.2,2025-04-12 17:53:16,12,4,Otoño
107417,VITAMINA C+ZINC+D3 NARANJA TAB.EFERV. TBOX20UND,EUROCARE,1.0,0.0,15.2,2025-04-12 18:34:20,10,4,Otoño
107417,VITAMINA C+ZINC+D3 NARANJA TAB.EFERV. TBOX20UND,EUROCARE,1.0,0.0,15.2,2025-04-12 22:39:03,5,4,Otoño
107417,VITAMINA C+ZINC+D3 NARANJA TAB.EFERV. TBOX20UND,EUROCARE,1.0,0.0,15.2,2025-04-13 11:15:21,2,4,Otoño
107417,VITAMINA C+ZINC+D3 NARANJA TAB.EFERV. TBOX20UND,EUROCARE,1.0,0.0,14.44,2025-04-14 16:34:28,3,4,Otoño
107417,VITAMINA C+ZINC+D3 NARANJA TAB.EFERV. TBOX20UND,EUROCARE,2.0,0.0,30.4,2025-04-14 22:30:52,6,4,Otoño
107417,VITAMINA C+ZINC+D3 NARANJA TAB.EFERV. TBOX20UND,EUROCARE,1.0,0.0,15.2,2025-04-15 10:23:27,13,4,Otoño
107417,VITAMINA C+ZINC+D3 NARANJA TAB.EFERV. TBOX20UND,EUROCARE,1.0,0.0,15.2,2025-04-15 20:26:33,10,4,Otoño
107417,VITAMINA C+ZINC+D3 NARANJA TAB.EFERV. TBOX20UND,EUROCARE,1.0,0.0,15.2,2025-04-16 11:06:22,12,4,Otoño
107417,VITAMINA C+ZINC+D3 NARANJA TAB.EFERV. TBOX20UND,EUROCARE,1.0,0.0,15.2,2025-04-16 18:26:14,12,4,Otoño
107417,VITAMINA C+ZINC+D3 NARANJA TAB.EFERV. TBOX20UND,EUROCARE,1.0,0.0,15.2,2025-04-16 20:41:25,10,4,Otoño
107417,VITAMINA C+ZINC+D3 NARANJA TAB.EFERV. TBOX20UND,EUROCARE,1.0,0.0,15.2,2025-04-16 22:38:28,14,4,Otoño
107417,VITAMINA C+ZINC+D3 NARANJA TAB.EFERV. TBOX20UND,EUROCARE,1.0,0.0,15.2,2025-04-17 08:20:34,12,4,Otoño
107417,VITAMINA C+ZINC+D3 NARANJA TAB.EFERV. TBOX20UND,EUROCARE,1.0,0.0,15.2,2025-04-17 09:42:30,2,4,Otoño
107417,VITAMINA C+ZINC+D3 NARANJA TAB.EFERV. TBOX20UND,EUROCARE,1.0,0.0,15.2,2025-04-17 11:58:50,12,4,Otoño
107417,VITAMINA C+ZINC+D3 NARANJA TAB.EFERV. TBOX20UND,EUROCARE,1.0,0.0,15.2,2025-04-17 14:35:46,3,4,Otoño
107417,VITAMINA C+ZINC+D3 NARANJA TAB.EFERV. TBOX20UND,EUROCARE,5.0,0.0,76.0,2025-04-17 17:10:43,15,4,Otoño
107417,VITAMINA C+ZINC+D3 NARANJA TAB.EFERV. TBOX20UND,EUROCARE,1.0,0.0,15.2,2025-04-19 09:54:50,15,4,Otoño
107417,VITAMINA C+ZINC+D3 NARANJA TAB.EFERV. TBOX20UND,EUROCARE,1.0,0.0,15.2,2025-04-19 17:40:56,14,4,Otoño
107417,VITAMINA C+ZINC+D3 NARANJA TAB.EFERV. TBOX20UND,EUROCARE,1.0,0.0,15.2,2025-04-19 19:51:43,12,4,Otoño
107417,VITAMINA C+ZINC+D3 NARANJA TAB.EFERV. TBOX20UND,EUROCARE,1.0,0.0,15.2,2025-04-19 20:03:14,3,4,Otoño
107417,VITAMINA C+ZINC+D3 NARANJA TAB.EFERV. TBOX20UND,EUROCARE,1.0,0.0,15.2,2025-04-21 11:48:47,2,4,Otoño
107417,VITAMINA C+ZINC+D3 NARANJA TAB.EFERV. TBOX20UND,EUROCARE,1.0,0.0,15.2,2025-04-21 16:45:36,5,4,Otoño
107417,VITAMINA C+ZINC+D3 NARANJA TAB.EFERV. TBOX20UND,EUROCARE,1.0,0.0,15.2,2025-04-22 11:45:57,2,4,Otoño
107417,VITAMINA C+ZINC+D3 NARANJA TAB.EFERV. TBOX20UND,EUROCARE,2.0,0.0,30.4,2025-04-22 12:53:19,8,4,Otoño
107417,VITAMINA C+ZINC+D3 NARANJA TAB.EFERV. TBOX20UND,EUROCARE,1.0,0.0,15.2,2025-04-22 21:01:45,15,4,Otoño
107417,VITAMINA C+ZINC+D3 NARANJA TAB.EFERV. TBOX20UND,EUROCARE,2.0,0.0,30.4,2025-04-23 11:58:15,7,4,Otoño
107417,VITAMINA C+ZINC+D3 NARANJA TAB.EFERV. TBOX20UND,EUROCARE,1.0,0.0,15.2,2025-04-24 15:04:25,14,4,Otoño
107417,VITAMINA C+ZINC+D3 NARANJA TAB.EFERV. TBOX20UND,EUROCARE,1.0,0.0,15.2,2025-04-24 17:55:32,2,4,Otoño
107417,VITAMINA C+ZINC+D3 NARANJA TAB.EFERV. TBOX20UND,EUROCARE,1.0,0.0,15.2,2025-04-24 19:31:14,10,4,Otoño
107417,VITAMINA C+ZINC+D3 NARANJA TAB.EFERV. TBOX20UND,EUROCARE,1.0,0.0,15.2,2025-04-25 17:38:57,1,4,Otoño
107417,VITAMINA C+ZINC+D3 NARANJA TAB.EFERV. TBOX20UND,EUROCARE,1.0,0.0,15.2,2025-04-25 19:21:30,15,4,Otoño
107417,VITAMINA C+ZINC+D3 NARANJA TAB.EFERV. TBOX20UND,EUROCARE,2.0,0.0,30.4,2025-04-27 18:39:18,4,4,Otoño
107417,VITAMINA C+ZINC+D3 NARANJA TAB.EFERV. TBOX20UND,EUROCARE,1.0,0.0,15.2,2025-04-28 18:25:05,3,4,Otoño
107417,VITAMINA C+ZINC+D3 NARANJA TAB.EFERV. TBOX20UND,EUROCARE,2.0,0.0,28.88,2025-04-28 20:11:11,5,4,Otoño
107417,VITAMINA C+ZINC+D3 NARANJA TAB.EFERV. TBOX20UND,EUROCARE,1.0,0.0,15.2,2025-04-29 17:27:45,15,4,Otoño
107417,VITAMINA C+ZINC+D3 NARANJA TAB.EFERV. TBOX20UND,EUROCARE,1.0,0.0,15.2,2025-04-29 18:53:08,2,4,Otoño
107417,VITAMINA C+ZINC+D3 NARANJA TAB.EFERV. TBOX20UND,EUROCARE,1.0,0.0,15.2,2025-04-29 20:47:52,2,4,Otoño
107417,VITAMINA C+ZINC+D3 NARANJA TAB.EFERV. TBOX20UND,EUROCARE,1.0,0.0,15.2,2025-04-30 18:01:21,1,4,Otoño
107417,VITAMINA C+ZINC+D3 NARANJA TAB.EFERV. TBOX20UND,EUROCARE,1.0,0.0,15.2,2025-05-01 08:41:20,12,5,Otoño
107417,VITAMINA C+ZINC+D3 NARANJA TAB.EFERV. TBOX20UND,EUROCARE,1.0,0.0,15.2,2025-05-01 16:34:25,15,5,Otoño
107417,VITAMINA C+ZINC+D3 NARANJA TAB.EFERV. TBOX20UND,EUROCARE,1.0,0.0,15.2,2025-05-02 14:12:13,2,5,Otoño
107417,VITAMINA C+ZINC+D3 NARANJA TAB.EFERV. TBOX20UND,EUROCARE,1.0,0.0,15.2,2025-05-02 17:39:05,10,5,Otoño
107417,VITAMINA C+ZINC+D3 NARANJA TAB.EFERV. TBOX20UND,EUROCARE,2.0,0.0,30.4,2025-05-03 10:29:52,1,5,Otoño
107417,VITAMINA C+ZINC+D3 NARANJA TAB.EFERV. TBOX20UND,EUROCARE,2.0,0.0,30.4,2025-05-03 19:19:58,12,5,Otoño
107417,VITAMINA C+ZINC+D3 NARANJA TAB.EFERV. TBOX20UND,EUROCARE,1.0,0.0,15.2,2025-05-04 20:54:55,12,5,Otoño
107417,VITAMINA C+ZINC+D3 NARANJA TAB.EFERV. TBOX20UND,EUROCARE,1.0,0.0,14.44,2025-05-05 12:04:25,12,5,Otoño
107417,VITAMINA C+ZINC+D3 NARANJA TAB.EFERV. TBOX20UND,EUROCARE,1.0,0.0,15.2,2025-05-05 23:09:33,4,5,Otoño
107417,VITAMINA C+ZINC+D3 NARANJA TAB.EFERV. TBOX20UND,EUROCARE,1.0,0.0,15.2,2025-05-06 09:44:02,4,5,Otoño
107417,VITAMINA C+ZINC+D3 NARANJA TAB.EFERV. TBOX20UND,EUROCARE,1.0,0.0,15.2,2025-05-06 10:23:26,8,5,Otoño
107417,VITAMINA C+ZINC+D3 NARANJA TAB.EFERV. TBOX20UND,EUROCARE,1.0,0.0,15.2,2025-05-06 18:15:00,15,5,Otoño
107417,VITAMINA C+ZINC+D3 NARANJA TAB.EFERV. TBOX20UND,EUROCARE,1.0,0.0,15.2,2025-05-07 16:35:53,1,5,Otoño
107417,VITAMINA C+ZINC+D3 NARANJA TAB.EFERV. TBOX20UND,EUROCARE,1.0,0.0,15.2,2025-05-07 19:51:47,3,5,Otoño
107417,VITAMINA C+ZINC+D3 NARANJA TAB.EFERV. TBOX20UND,EUROCARE,1.0,0.0,15.2,2025-05-07 22:15:01,4,5,Otoño
107417,VITAMINA C+ZINC+D3 NARANJA TAB.EFERV. TBOX20UND,EUROCARE,1.0,0.0,15.2,2025-05-10 13:08:35,2,5,Otoño
107417,VITAMINA C+ZINC+D3 NARANJA TAB.EFERV. TBOX20UND,EUROCARE,1.0,0.0,15.2,2025-05-10 13:38:33,12,5,Otoño
107417,VITAMINA C+ZINC+D3 NARANJA TAB.EFERV. TBOX20UND,EUROCARE,1.0,0.0,15.2,2025-05-10 19:13:28,4,5,Otoño
107417,VITAMINA C+ZINC+D3 NARANJA TAB.EFERV. TBOX20UND,EUROCARE,1.0,0.0,15.2,2025-05-12 12:41:21,10,5,Otoño
107417,VITAMINA C+ZINC+D3 NARANJA TAB.EFERV. TBOX20UND,EUROCARE,2.0,0.0,28.88,2025-05-12 13:39:53,9,5,Otoño
107417,VITAMINA C+ZINC+D3 NARANJA TAB.EFERV. TBOX20UND,EUROCARE,1.0,0.0,15.2,2025-05-12 15:34:54,2,5,Otoño
107417,VITAMINA C+ZINC+D3 NARANJA TAB.EFERV. TBOX20UND,EUROCARE,1.0,0.0,15.2,2025-05-12 20:19:45,7,5,Otoño
107417,VITAMINA C+ZINC+D3 NARANJA TAB.EFERV. TBOX20UND,EUROCARE,1.0,0.0,15.2,2025-05-13 12:18:42,12,5,Otoño
107417,VITAMINA C+ZINC+D3 NARANJA TAB.EFERV. TBOX20UND,EUROCARE,1.0,0.0,15.2,2025-05-13 12:39:44,5,5,Otoño
107417,VITAMINA C+ZINC+D3 NARANJA TAB.EFERV. TBOX20UND,EUROCARE,1.0,0.0,15.2,2025-05-13 14:04:44,15,5,Otoño
107417,VITAMINA C+ZINC+D3 NARANJA TAB.EFERV. TBOX20UND,EUROCARE,1.0,0.0,15.2,2025-05-13 14:12:11,4,5,Otoño
107417,VITAMINA C+ZINC+D3 NARANJA TAB.EFERV. TBOX20UND,EUROCARE,1.0,0.0,15.2,2025-05-13 20:55:02,7,5,Otoño
107417,VITAMINA C+ZINC+D3 NARANJA TAB.EFERV. TBOX20UND,EUROCARE,1.0,0.0,15.2,2025-05-14 08:41:01,12,5,Otoño
107417,VITAMINA C+ZINC+D3 NARANJA TAB.EFERV. TBOX20UND,EUROCARE,1.0,0.0,15.2,2025-05-14 12:33:59,2,5,Otoño
107417,VITAMINA C+ZINC+D3 NARANJA TAB.EFERV. TBOX20UND,EUROCARE,1.0,0.0,15.2,2025-05-14 14:34:51,15,5,Otoño
107417,VITAMINA C+ZINC+D3 NARANJA TAB.EFERV. TBOX20UND,EUROCARE,1.0,0.0,15.2,2025-05-14 14:47:19,5,5,Otoño
107417,VITAMINA C+ZINC+D3 NARANJA TAB.EFERV. TBOX20UND,EUROCARE,1.0,0.0,15.2,2025-05-14 15:11:26,12,5,Otoño
107417,VITAMINA C+ZINC+D3 NARANJA TAB.EFERV. TBOX20UND,EUROCARE,1.0,0.0,15.2,2025-05-14 18:04:10,10,5,Otoño
107417,VITAMINA C+ZINC+D3 NARANJA TAB.EFERV. TBOX20UND,EUROCARE,1.0,0.0,15.2,2025-05-14 19:56:17,14,5,Otoño
107417,VITAMINA C+ZINC+D3 NARANJA TAB.EFERV. TBOX20UND,EUROCARE,1.0,0.0,15.2,2025-05-14 21:08:42,4,5,Otoño
107417,VITAMINA C+ZINC+D3 NARANJA TAB.EFERV. TBOX20UND,EUROCARE,1.0,0.0,14.44,2025-05-15 18:11:24,14,5,Otoño
107417,VITAMINA C+ZINC+D3 NARANJA TAB.EFERV. TBOX20UND,EUROCARE,1.0,0.0,15.2,2025-05-15 21:11:51,3,5,Otoño
107417,VITAMINA C+ZINC+D3 NARANJA TAB.EFERV. TBOX20UND,EUROCARE,1.0,0.0,15.2,2025-05-16 21:53:27,5,5,Otoño
107417,VITAMINA C+ZINC+D3 NARANJA TAB.EFERV. TBOX20UND,EUROCARE,1.0,0.0,15.2,2025-05-17 08:59:42,14,5,Otoño
107417,VITAMINA C+ZINC+D3 NARANJA TAB.EFERV. TBOX20UND,EUROCARE,1.0,0.0,14.44,2025-05-17 13:42:22,3,5,Otoño
107417,VITAMINA C+ZINC+D3 NARANJA TAB.EFERV. TBOX20UND,EUROCARE,1.0,0.0,15.2,2025-05-18 18:27:51,1,5,Otoño
107417,VITAMINA C+ZINC+D3 NARANJA TAB.EFERV. TBOX20UND,EUROCARE,2.0,0.0,30.4,2025-05-18 19:23:29,9,5,Otoño
107417,VITAMINA C+ZINC+D3 NARANJA TAB.EFERV. TBOX20UND,EUROCARE,1.0,0.0,15.2,2025-05-19 22:07:42,15,5,Otoño
107417,VITAMINA C+ZINC+D3 NARANJA TAB.EFERV. TBOX20UND,EUROCARE,1.0,0.0,15.2,2025-05-19 23:00:37,4,5,Otoño
107417,VITAMINA C+ZINC+D3 NARANJA TAB.EFERV. TBOX20UND,EUROCARE,2.0,0.0,30.4,2025-05-20 08:13:40,15,5,Otoño
107417,VITAMINA C+ZINC+D3 NARANJA TAB.EFERV. TBOX20UND,EUROCARE,1.0,0.0,15.2,2025-05-20 11:48:01,4,5,Otoño
107417,VITAMINA C+ZINC+D3 NARANJA TAB.EFERV. TBOX20UND,EUROCARE,1.0,0.0,15.2,2025-05-20 13:48:32,12,5,Otoño
107417,VITAMINA C+ZINC+D3 NARANJA TAB.EFERV. TBOX20UND,EUROCARE,2.0,0.0,30.4,2025-05-20 21:02:45,10,5,Otoño
107417,VITAMINA C+ZINC+D3 NARANJA TAB.EFERV. TBOX20UND,EUROCARE,1.0,0.0,15.2,2025-05-20 21:43:48,15,5,Otoño
107417,VITAMINA C+ZINC+D3 NARANJA TAB.EFERV. TBOX20UND,EUROCARE,1.0,0.0,15.2,2025-05-21 09:55:56,12,5,Otoño
107417,VITAMINA C+ZINC+D3 NARANJA TAB.EFERV. TBOX20UND,EUROCARE,1.0,0.0,15.2,2025-05-21 13:01:20,15,5,Otoño
107417,VITAMINA C+ZINC+D3 NARANJA TAB.EFERV. TBOX20UND,EUROCARE,1.0,0.0,15.2,2025-05-21 20:28:43,12,5,Otoño
107417,VITAMINA C+ZINC+D3 NARANJA TAB.EFERV. TBOX20UND,EUROCARE,1.0,0.0,15.2,2025-05-22 09:50:05,5,5,Otoño
107417,VITAMINA C+ZINC+D3 NARANJA TAB.EFERV. TBOX20UND,EUROCARE,1.0,0.0,15.2,2025-05-22 11:54:11,10,5,Otoño
107417,VITAMINA C+ZINC+D3 NARANJA TAB.EFERV. TBOX20UND,EUROCARE,1.0,0.0,15.2,2025-05-22 12:44:37,3,5,Otoño
107417,VITAMINA C+ZINC+D3 NARANJA TAB.EFERV. TBOX20UND,EUROCARE,1.0,0.0,15.2,2025-05-22 16:13:25,14,5,Otoño
107417,VITAMINA C+ZINC+D3 NARANJA TAB.EFERV. TBOX20UND,EUROCARE,1.0,0.0,15.2,2025-05-23 17:56:00,16,5,Otoño
107417,VITAMINA C+ZINC+D3 NARANJA TAB.EFERV. TBOX20UND,EUROCARE,1.0,0.0,15.2,2025-05-23 19:44:49,16,5,Otoño
107417,VITAMINA C+ZINC+D3 NARANJA TAB.EFERV. TBOX20UND,EUROCARE,1.0,0.0,15.2,2025-05-25 14:20:16,5,5,Otoño
107417,VITAMINA C+ZINC+D3 NARANJA TAB.EFERV. TBOX20UND,EUROCARE,1.0,0.0,15.2,2025-05-25 15:43:13,11,5,Otoño
107417,VITAMINA C+ZINC+D3 NARANJA TAB.EFERV. TBOX20UND,EUROCARE,1.0,0.0,15.2,2025-05-26 11:42:50,15,5,Otoño
107417,VITAMINA C+ZINC+D3 NARANJA TAB.EFERV. TBOX20UND,EUROCARE,1.0,0.0,15.2,2025-05-26 13:19:41,15,5,Otoño
107417,VITAMINA C+ZINC+D3 NARANJA TAB.EFERV. TBOX20UND,EUROCARE,1.0,0.0,15.2,2025-05-26 19:53:34,2,5,Otoño
107417,VITAMINA C+ZINC+D3 NARANJA TAB.EFERV. TBOX20UND,EUROCARE,1.0,0.0,15.2,2025-05-26 20:29:07,16,5,Otoño
107417,VITAMINA C+ZINC+D3 NARANJA TAB.EFERV. TBOX20UND,EUROCARE,1.0,0.0,15.2,2025-05-28 08:21:30,5,5,Otoño
107417,VITAMINA C+ZINC+D3 NARANJA TAB.EFERV. TBOX20UND,EUROCARE,1.0,0.0,15.2,2025-05-28 19:48:50,8,5,Otoño
107417,VITAMINA C+ZINC+D3 NARANJA TAB.EFERV. TBOX20UND,EUROCARE,1.0,0.0,15.2,2025-05-29 07:35:07,12,5,Otoño
107417,VITAMINA C+ZINC+D3 NARANJA TAB.EFERV. TBOX20UND,EUROCARE,1.0,0.0,15.2,2025-05-29 16:43:49,11,5,Otoño
107417,VITAMINA C+ZINC+D3 NARANJA TAB.EFERV. TBOX20UND,EUROCARE,1.0,0.0,15.2,2025-05-30 08:55:57,15,5,Otoño
107417,VITAMINA C+ZINC+D3 NARANJA TAB.EFERV. TBOX20UND,EUROCARE,1.0,0.0,15.2,2025-05-30 15:02:54,16,5,Otoño
107417,VITAMINA C+ZINC+D3 NARANJA TAB.EFERV. TBOX20UND,EUROCARE,1.0,0.0,15.2,2025-05-30 19:05:10,5,5,Otoño
107417,VITAMINA C+ZINC+D3 NARANJA TAB.EFERV. TBOX20UND,EUROCARE,1.0,0.0,15.2,2025-05-30 20:28:44,7,5,Otoño
107417,VITAMINA C+ZINC+D3 NARANJA TAB.EFERV. TBOX20UND,EUROCARE,1.0,0.0,15.2,2025-05-31 11:17:15,6,5,Otoño
107417,VITAMINA C+ZINC+D3 NARANJA TAB.EFERV. TBOX20UND,EUROCARE,1.0,0.0,15.2,2025-05-31 14:55:32,2,5,Otoño
107417,VITAMINA C+ZINC+D3 NARANJA TAB.EFERV. TBOX20UND,EUROCARE,1.0,0.0,15.2,2025-05-31 15:52:21,13,5,Otoño
107417,VITAMINA C+ZINC+D3 NARANJA TAB.EFERV. TBOX20UND,EUROCARE,1.0,0.0,15.2,2025-05-31 17:24:59,4,5,Otoño
107417,VITAMINA C+ZINC+D3 NARANJA TAB.EFERV. TBOX20UND,EUROCARE,1.0,0.0,15.2,2025-05-31 19:02:02,16,5,Otoño
107417,VITAMINA C+ZINC+D3 NARANJA TAB.EFERV. TBOX20UND,EUROCARE,1.0,0.0,15.2,2025-05-31 21:12:06,5,5,Otoño
107417,VITAMINA C+ZINC+D3 NARANJA TAB.EFERV. TBOX20UND,EUROCARE,1.0,0.0,15.2,2025-06-01 19:22:49,5,6,Invierno
107417,VITAMINA C+ZINC+D3 NARANJA TAB.EFERV. TBOX20UND,EUROCARE,1.0,0.0,15.2,2025-06-02 19:05:09,10,6,Invierno
107417,VITAMINA C+ZINC+D3 NARANJA TAB.EFERV. TBOX20UND,EUROCARE,1.0,0.0,15.2,2025-06-02 22:15:04,15,6,Invierno
107417,VITAMINA C+ZINC+D3 NARANJA TAB.EFERV. TBOX20UND,EUROCARE,1.0,0.0,15.2,2025-06-02 22:35:16,15,6,Invierno
107417,VITAMINA C+ZINC+D3 NARANJA TAB.EFERV. TBOX20UND,EUROCARE,1.0,0.0,15.2,2025-06-03 10:13:40,12,6,Invierno
107417,VITAMINA C+ZINC+D3 NARANJA TAB.EFERV. TBOX20UND,EUROCARE,1.0,0.0,15.2,2025-06-03 12:30:52,5,6,Invierno
107417,VITAMINA C+ZINC+D3 NARANJA TAB.EFERV. TBOX20UND,EUROCARE,2.0,0.0,30.4,2025-06-03 13:48:59,4,6,Invierno
107417,VITAMINA C+ZINC+D3 NARANJA TAB.EFERV. TBOX20UND,EUROCARE,1.0,0.0,15.2,2025-06-03 18:00:47,5,6,Invierno
107417,VITAMINA C+ZINC+D3 NARANJA TAB.EFERV. TBOX20UND,EUROCARE,1.0,0.0,15.2,2025-06-03 18:37:21,15,6,Invierno
107417,VITAMINA C+ZINC+D3 NARANJA TAB.EFERV. TBOX20UND,EUROCARE,1.0,0.0,15.2,2025-06-04 09:49:28,8,6,Invierno
107417,VITAMINA C+ZINC+D3 NARANJA TAB.EFERV. TBOX20UND,EUROCARE,1.0,0.0,15.2,2025-06-04 10:53:52,10,6,Invierno
107417,VITAMINA C+ZINC+D3 NARANJA TAB.EFERV. TBOX20UND,EUROCARE,1.0,0.0,15.2,2025-06-04 12:35:33,7,6,Invierno
107417,VITAMINA C+ZINC+D3 NARANJA TAB.EFERV. TBOX20UND,EUROCARE,1.0,0.0,15.2,2025-06-04 12:57:25,15,6,Invierno
107417,VITAMINA C+ZINC+D3 NARANJA TAB.EFERV. TBOX20UND,EUROCARE,1.0,0.0,15.2,2025-06-05 12:22:24,8,6,Invierno
107417,VITAMINA C+ZINC+D3 NARANJA TAB.EFERV. TBOX20UND,EUROCARE,1.0,0.0,15.2,2025-06-05 16:48:16,3,6,Invierno
107417,VITAMINA C+ZINC+D3 NARANJA TAB.EFERV. TBOX20UND,EUROCARE,1.0,0.0,15.2,2025-06-05 17:32:10,1,6,Invierno
107417,VITAMINA C+ZINC+D3 NARANJA TAB.EFERV. TBOX20UND,EUROCARE,1.0,0.0,15.2,2025-06-05 18:25:42,12,6,Invierno
107417,VITAMINA C+ZINC+D3 NARANJA TAB.EFERV. TBOX20UND,EUROCARE,1.0,0.0,15.2,2025-06-06 09:05:30,15,6,Invierno
107417,VITAMINA C+ZINC+D3 NARANJA TAB.EFERV. TBOX20UND,EUROCARE,1.0,0.0,15.2,2025-06-06 12:09:57,10,6,Invierno
107417,VITAMINA C+ZINC+D3 NARANJA TAB.EFERV. TBOX20UND,EUROCARE,1.0,0.0,15.2,2025-06-06 22:53:22,15,6,Invierno
107417,VITAMINA C+ZINC+D3 NARANJA TAB.EFERV. TBOX20UND,EUROCARE,1.0,0.0,15.2,2025-06-07 08:05:23,4,6,Invierno
107417,VITAMINA C+ZINC+D3 NARANJA TAB.EFERV. TBOX20UND,EUROCARE,1.0,0.0,15.2,2025-06-07 08:57:32,1,6,Invierno
107417,VITAMINA C+ZINC+D3 NARANJA TAB.EFERV. TBOX20UND,EUROCARE,1.0,0.0,15.2,2025-06-07 10:13:50,12,6,Invierno
107417,VITAMINA C+ZINC+D3 NARANJA TAB.EFERV. TBOX20UND,EUROCARE,1.0,0.0,15.2,2025-06-07 12:42:43,15,6,Invierno
107417,VITAMINA C+ZINC+D3 NARANJA TAB.EFERV. TBOX20UND,EUROCARE,1.0,0.0,15.2,2025-06-07 14:06:35,16,6,Invierno
107417,VITAMINA C+ZINC+D3 NARANJA TAB.EFERV. TBOX20UND,EUROCARE,1.0,0.0,14.44,2025-06-08 14:19:33,12,6,Invierno
107417,VITAMINA C+ZINC+D3 NARANJA TAB.EFERV. TBOX20UND,EUROCARE,1.0,0.0,15.2,2025-06-08 18:54:53,9,6,Invierno
107417,VITAMINA C+ZINC+D3 NARANJA TAB.EFERV. TBOX20UND,EUROCARE,1.0,0.0,15.2,2025-06-08 19:11:47,3,6,Invierno
107417,VITAMINA C+ZINC+D3 NARANJA TAB.EFERV. TBOX20UND,EUROCARE,1.0,0.0,15.2,2025-06-09 14:12:27,3,6,Invierno
107417,VITAMINA C+ZINC+D3 NARANJA TAB.EFERV. TBOX20UND,EUROCARE,1.0,0.0,15.2,2025-06-09 15:14:36,2,6,Invierno
107417,VITAMINA C+ZINC+D3 NARANJA TAB.EFERV. TBOX20UND,EUROCARE,1.0,0.0,15.2,2025-06-10 10:06:21,1,6,Invierno
107417,VITAMINA C+ZINC+D3 NARANJA TAB.EFERV. TBOX20UND,EUROCARE,1.0,0.0,15.2,2025-06-10 11:55:54,16,6,Invierno
107417,VITAMINA C+ZINC+D3 NARANJA TAB.EFERV. TBOX20UND,EUROCARE,1.0,0.0,15.2,2025-06-10 12:37:25,1,6,Invierno
107417,VITAMINA C+ZINC+D3 NARANJA TAB.EFERV. TBOX20UND,EUROCARE,1.0,0.0,15.2,2025-06-10 22:05:47,1,6,Invierno
107417,VITAMINA C+ZINC+D3 NARANJA TAB.EFERV. TBOX20UND,EUROCARE,1.0,0.0,15.2,2025-06-11 20:40:23,16,6,Invierno
107417,VITAMINA C+ZINC+D3 NARANJA TAB.EFERV. TBOX20UND,EUROCARE,1.0,0.0,15.2,2025-06-11 21:49:00,16,6,Invierno
107417,VITAMINA C+ZINC+D3 NARANJA TAB.EFERV. TBOX20UND,EUROCARE,1.0,0.0,15.2,2025-06-12 12:34:30,12,6,Invierno
107417,VITAMINA C+ZINC+D3 NARANJA TAB.EFERV. TBOX20UND,EUROCARE,1.0,0.0,14.44,2025-06-12 15:24:03,2,6,Invierno
107417,VITAMINA C+ZINC+D3 NARANJA TAB.EFERV. TBOX20UND,EUROCARE,1.0,0.0,15.2,2025-06-12 16:21:01,9,6,Invierno
107417,VITAMINA C+ZINC+D3 NARANJA TAB.EFERV. TBOX20UND,EUROCARE,1.0,0.0,15.2,2025-06-13 21:11:12,7,6,Invierno
107417,VITAMINA C+ZINC+D3 NARANJA TAB.EFERV. TBOX20UND,EUROCARE,1.0,0.0,15.2,2025-06-14 07:25:00,12,6,Invierno
107417,VITAMINA C+ZINC+D3 NARANJA TAB.EFERV. TBOX20UND,EUROCARE,1.0,0.0,15.2,2025-06-15 22:24:29,16,6,Invierno
107417,VITAMINA C+ZINC+D3 NARANJA TAB.EFERV. TBOX20UND,EUROCARE,1.0,0.0,15.2,2025-06-16 13:10:01,2,6,Invierno
107417,VITAMINA C+ZINC+D3 NARANJA TAB.EFERV. TBOX20UND,EUROCARE,1.0,0.0,15.2,2025-06-16 19:14:18,3,6,Invierno
107417,VITAMINA C+ZINC+D3 NARANJA TAB.EFERV. TBOX20UND,EUROCARE,1.0,0.0,15.2,2025-06-17 13:26:00,3,6,Invierno
107417,VITAMINA C+ZINC+D3 NARANJA TAB.EFERV. TBOX20UND,EUROCARE,3.0,0.0,45.6,2025-06-17 15:16:26,1,6,Invierno
107417,VITAMINA C+ZINC+D3 NARANJA TAB.EFERV. TBOX20UND,EUROCARE,2.0,0.0,30.4,2025-06-17 17:03:33,8,6,Invierno
107417,VITAMINA C+ZINC+D3 NARANJA TAB.EFERV. TBOX20UND,EUROCARE,1.0,0.0,15.2,2025-06-17 20:24:50,4,6,Invierno
107417,VITAMINA C+ZINC+D3 NARANJA TAB.EFERV. TBOX20UND,EUROCARE,1.0,0.0,15.2,2025-06-18 13:08:38,12,6,Invierno
107417,VITAMINA C+ZINC+D3 NARANJA TAB.EFERV. TBOX20UND,EUROCARE,1.0,0.0,15.2,2025-06-18 14:24:10,2,6,Invierno
107417,VITAMINA C+ZINC+D3 NARANJA TAB.EFERV. TBOX20UND,EUROCARE,1.0,0.0,15.2,2025-06-18 19:05:15,10,6,Invierno
107417,VITAMINA C+ZINC+D3 NARANJA TAB.EFERV. TBOX20UND,EUROCARE,2.0,0.0,30.4,2025-06-18 20:07:24,10,6,Invierno
107417,VITAMINA C+ZINC+D3 NARANJA TAB.EFERV. TBOX20UND,EUROCARE,-1.0,0.0,-15.2,2025-06-19 18:56:52,15,6,Invierno
107417,VITAMINA C+ZINC+D3 NARANJA TAB.EFERV. TBOX20UND,EUROCARE,1.0,0.0,15.2,2025-06-19 19:56:40,15,6,Invierno
107417,VITAMINA C+ZINC+D3 NARANJA TAB.EFERV. TBOX20UND,EUROCARE,1.0,0.0,15.2,2025-06-19 20:07:08,15,6,Invierno
107417,VITAMINA C+ZINC+D3 NARANJA TAB.EFERV. TBOX20UND,EUROCARE,1.0,0.0,15.2,2025-06-19 23:10:20,4,6,Invierno
107417,VITAMINA C+ZINC+D3 NARANJA TAB.EFERV. TBOX20UND,EUROCARE,1.0,0.0,15.2,2025-06-19 23:34:59,5,6,Invierno
107417,VITAMINA C+ZINC+D3 NARANJA TAB.EFERV. TBOX20UND,EUROCARE,1.0,0.0,15.2,2025-06-21 21:52:19,15,6,Invierno
107417,VITAMINA C+ZINC+D3 NARANJA TAB.EFERV. TBOX20UND,EUROCARE,1.0,0.0,15.2,2025-06-22 08:38:09,13,6,Invierno
107417,VITAMINA C+ZINC+D3 NARANJA TAB.EFERV. TBOX20UND,EUROCARE,1.0,0.0,15.2,2025-06-22 14:36:16,16,6,Invierno
107417,VITAMINA C+ZINC+D3 NARANJA TAB.EFERV. TBOX20UND,EUROCARE,1.0,0.0,15.2,2025-06-22 21:17:23,13,6,Invierno
107417,VITAMINA C+ZINC+D3 NARANJA TAB.EFERV. TBOX20UND,EUROCARE,1.0,0.0,15.2,2025-06-23 09:52:43,5,6,Invierno
107417,VITAMINA C+ZINC+D3 NARANJA TAB.EFERV. TBOX20UND,EUROCARE,1.0,0.0,15.2,2025-06-23 12:31:24,2,6,Invierno
107417,VITAMINA C+ZINC+D3 NARANJA TAB.EFERV. TBOX20UND,EUROCARE,1.0,0.0,15.2,2025-06-23 19:04:25,13,6,Invierno
107417,VITAMINA C+ZINC+D3 NARANJA TAB.EFERV. TBOX20UND,EUROCARE,1.0,0.0,15.2,2025-06-23 22:26:13,15,6,Invierno
107417,VITAMINA C+ZINC+D3 NARANJA TAB.EFERV. TBOX20UND,EUROCARE,1.0,0.0,15.2,2025-06-24 17:39:17,15,6,Invierno
107417,VITAMINA C+ZINC+D3 NARANJA TAB.EFERV. TBOX20UND,EUROCARE,1.0,0.0,15.2,2025-06-24 22:06:53,1,6,Invierno
107417,VITAMINA C+ZINC+D3 NARANJA TAB.EFERV. TBOX20UND,EUROCARE,1.0,0.0,15.2,2025-06-25 10:52:45,16,6,Invierno
107417,VITAMINA C+ZINC+D3 NARANJA TAB.EFERV. TBOX20UND,EUROCARE,1.0,0.0,15.2,2025-06-25 12:59:24,3,6,Invierno
107417,VITAMINA C+ZINC+D3 NARANJA TAB.EFERV. TBOX20UND,EUROCARE,1.0,0.0,15.2,2025-06-26 12:39:28,5,6,Invierno
107417,VITAMINA C+ZINC+D3 NARANJA TAB.EFERV. TBOX20UND,EUROCARE,1.0,0.0,15.2,2025-06-26 18:14:58,6,6,Invierno
107417,VITAMINA C+ZINC+D3 NARANJA TAB.EFERV. TBOX20UND,EUROCARE,1.0,0.0,15.2,2025-06-26 22:50:26,12,6,Invierno
107417,VITAMINA C+ZINC+D3 NARANJA TAB.EFERV. TBOX20UND,EUROCARE,1.0,0.0,15.2,2025-06-27 15:05:37,16,6,Invierno
107417,VITAMINA C+ZINC+D3 NARANJA TAB.EFERV. TBOX20UND,EUROCARE,1.0,0.0,15.2,2025-06-27 20:56:48,15,6,Invierno
107417,VITAMINA C+ZINC+D3 NARANJA TAB.EFERV. TBOX20UND,EUROCARE,1.0,0.0,15.2,2025-06-28 13:30:49,8,6,Invierno
107417,VITAMINA C+ZINC+D3 NARANJA TAB.EFERV. TBOX20UND,EUROCARE,1.0,0.0,15.2,2025-06-28 17:13:47,3,6,Invierno
107417,VITAMINA C+ZINC+D3 NARANJA TAB.EFERV. TBOX20UND,EUROCARE,1.0,0.0,15.2,2025-06-30 10:12:31,2,6,Invierno
107417,VITAMINA C+ZINC+D3 NARANJA TAB.EFERV. TBOX20UND,EUROCARE,1.0,0.0,15.2,2025-06-30 20:45:28,5,6,Invierno
107417,VITAMINA C+ZINC+D3 NARANJA TAB.EFERV. TBOX20UND,EUROCARE,1.0,0.0,15.2,2025-06-30 20:46:53,12,6,Invierno
107417,VITAMINA C+ZINC+D3 NARANJA TAB.EFERV. TBOX20UND,EUROCARE,1.0,0.0,15.2,2025-07-01 09:08:48,2,7,Invierno
107417,VITAMINA C+ZINC+D3 NARANJA TAB.EFERV. TBOX20UND,EUROCARE,1.0,0.0,15.2,2025-07-01 12:04:04,8,7,Invierno
107417,VITAMINA C+ZINC+D3 NARANJA TAB.EFERV. TBOX20UND,EUROCARE,1.0,0.0,15.2,2025-07-01 19:18:31,5,7,Invierno
107417,VITAMINA C+ZINC+D3 NARANJA TAB.EFERV. TBOX20UND,EUROCARE,1.0,0.0,15.2,2025-07-01 22:09:58,15,7,Invierno
107417,VITAMINA C+ZINC+D3 NARANJA TAB.EFERV. TBOX20UND,EUROCARE,1.0,0.0,15.2,2025-07-02 08:54:51,6,7,Invierno
107417,VITAMINA C+ZINC+D3 NARANJA TAB.EFERV. TBOX20UND,EUROCARE,1.0,0.0,15.2,2025-07-02 11:15:30,7,7,Invierno
107417,VITAMINA C+ZINC+D3 NARANJA TAB.EFERV. TBOX20UND,EUROCARE,1.0,0.0,15.2,2025-07-02 16:03:00,10,7,Invierno
107417,VITAMINA C+ZINC+D3 NARANJA TAB.EFERV. TBOX20UND,EUROCARE,1.0,0.0,15.2,2025-07-02 22:40:56,14,7,Invierno
107417,VITAMINA C+ZINC+D3 NARANJA TAB.EFERV. TBOX20UND,EUROCARE,1.0,0.0,15.2,2025-07-03 18:07:39,5,7,Invierno
107417,VITAMINA C+ZINC+D3 NARANJA TAB.EFERV. TBOX20UND,EUROCARE,1.0,0.0,15.2,2025-07-03 18:20:03,5,7,Invierno
107417,VITAMINA C+ZINC+D3 NARANJA TAB.EFERV. TBOX20UND,EUROCARE,1.0,0.0,15.2,2025-07-04 10:30:23,10,7,Invierno
107417,VITAMINA C+ZINC+D3 NARANJA TAB.EFERV. TBOX20UND,EUROCARE,1.0,0.0,15.2,2025-07-04 12:02:17,10,7,Invierno
107417,VITAMINA C+ZINC+D3 NARANJA TAB.EFERV. TBOX20UND,EUROCARE,1.0,0.0,15.2,2025-07-04 17:25:39,3,7,Invierno
107417,VITAMINA C+ZINC+D3 NARANJA TAB.EFERV. TBOX20UND,EUROCARE,-1.0,0.0,-15.2,2025-07-04 18:38:15,10,7,Invierno
107417,VITAMINA C+ZINC+D3 NARANJA TAB.EFERV. TBOX20UND,EUROCARE,1.0,0.0,15.2,2025-07-04 18:44:23,10,7,Invierno
107417,VITAMINA C+ZINC+D3 NARANJA TAB.EFERV. TBOX20UND,EUROCARE,1.0,0.0,15.2,2025-07-04 19:20:18,15,7,Invierno
107417,VITAMINA C+ZINC+D3 NARANJA TAB.EFERV. TBOX20UND,EUROCARE,1.0,0.0,15.2,2025-07-05 13:03:51,3,7,Invierno
107417,VITAMINA C+ZINC+D3 NARANJA TAB.EFERV. TBOX20UND,EUROCARE,1.0,0.0,15.2,2025-07-05 22:19:30,5,7,Invierno
107417,VITAMINA C+ZINC+D3 NARANJA TAB.EFERV. TBOX20UND,EUROCARE,1.0,0.0,15.2,2025-07-05 22:29:52,5,7,Invierno
107417,VITAMINA C+ZINC+D3 NARANJA TAB.EFERV. TBOX20UND,EUROCARE,1.0,0.0,15.2,2025-07-06 16:27:00,7,7,Invierno
107417,VITAMINA C+ZINC+D3 NARANJA TAB.EFERV. TBOX20UND,EUROCARE,1.0,0.0,15.2,2025-07-07 10:12:34,9,7,Invierno
107417,VITAMINA C+ZINC+D3 NARANJA TAB.EFERV. TBOX20UND,EUROCARE,1.0,0.0,15.2,2025-07-07 15:42:47,3,7,Invierno
107417,VITAMINA C+ZINC+D3 NARANJA TAB.EFERV. TBOX20UND,EUROCARE,1.0,0.0,15.2,2025-07-07 19:35:43,8,7,Invierno
107417,VITAMINA C+ZINC+D3 NARANJA TAB.EFERV. TBOX20UND,EUROCARE,1.0,0.0,15.2,2025-07-07 20:27:26,2,7,Invierno
107417,VITAMINA C+ZINC+D3 NARANJA TAB.EFERV. TBOX20UND,EUROCARE,1.0,0.0,15.2,2025-07-07 21:17:18,16,7,Invierno
107417,VITAMINA C+ZINC+D3 NARANJA TAB.EFERV. TBOX20UND,EUROCARE,2.0,0.0,28.88,2025-07-07 22:18:50,1,7,Invierno
107417,VITAMINA C+ZINC+D3 NARANJA TAB.EFERV. TBOX20UND,EUROCARE,1.0,0.0,15.2,2025-07-07 23:02:40,5,7,Invierno
107417,VITAMINA C+ZINC+D3 NARANJA TAB.EFERV. TBOX20UND,EUROCARE,2.0,0.0,30.4,2025-07-08 11:37:56,5,7,Invierno
107417,VITAMINA C+ZINC+D3 NARANJA TAB.EFERV. TBOX20UND,EUROCARE,1.0,0.0,15.2,2025-07-08 11:50:03,1,7,Invierno
107417,VITAMINA C+ZINC+D3 NARANJA TAB.EFERV. TBOX20UND,EUROCARE,1.0,0.0,15.2,2025-07-08 23:30:26,4,7,Invierno
107417,VITAMINA C+ZINC+D3 NARANJA TAB.EFERV. TBOX20UND,EUROCARE,1.0,0.0,14.44,2025-07-09 11:27:21,13,7,Invierno
107417,VITAMINA C+ZINC+D3 NARANJA TAB.EFERV. TBOX20UND,EUROCARE,1.0,0.0,15.2,2025-07-09 11:51:14,4,7,Invierno
107417,VITAMINA C+ZINC+D3 NARANJA TAB.EFERV. TBOX20UND,EUROCARE,1.0,0.0,15.2,2025-07-09 13:07:29,16,7,Invierno
107417,VITAMINA C+ZINC+D3 NARANJA TAB.EFERV. TBOX20UND,EUROCARE,1.0,0.0,15.2,2025-07-09 18:00:10,15,7,Invierno
107417,VITAMINA C+ZINC+D3 NARANJA TAB.EFERV. TBOX20UND,EUROCARE,1.0,0.0,15.2,2025-07-09 18:52:15,15,7,Invierno
107417,VITAMINA C+ZINC+D3 NARANJA TAB.EFERV. TBOX20UND,EUROCARE,1.0,0.0,15.2,2025-07-09 22:09:58,10,7,Invierno
107417,VITAMINA C+ZINC+D3 NARANJA TAB.EFERV. TBOX20UND,EUROCARE,1.0,0.0,15.2,2025-07-10 20:29:12,7,7,Invierno
107417,VITAMINA C+ZINC+D3 NARANJA TAB.EFERV. TBOX20UND,EUROCARE,1.0,0.0,15.2,2025-07-11 07:44:32,9,7,Invierno
107417,VITAMINA C+ZINC+D3 NARANJA TAB.EFERV. TBOX20UND,EUROCARE,1.0,0.0,15.2,2025-07-11 18:47:41,1,7,Invierno
107417,VITAMINA C+ZINC+D3 NARANJA TAB.EFERV. TBOX20UND,EUROCARE,1.0,0.0,15.2,2025-07-11 23:26:51,4,7,Invierno
107417,VITAMINA C+ZINC+D3 NARANJA TAB.EFERV. TBOX20UND,EUROCARE,2.0,0.0,30.4,2025-07-12 16:50:00,2,7,Invierno
107417,VITAMINA C+ZINC+D3 NARANJA TAB.EFERV. TBOX20UND,EUROCARE,1.0,0.0,15.2,2025-07-12 21:49:14,15,7,Invierno
107417,VITAMINA C+ZINC+D3 NARANJA TAB.EFERV. TBOX20UND,EUROCARE,1.0,0.0,15.2,2025-07-12 22:04:04,4,7,Invierno
107417,VITAMINA C+ZINC+D3 NARANJA TAB.EFERV. TBOX20UND,EUROCARE,1.0,0.0,15.2,2025-07-12 22:09:11,16,7,Invierno
107417,VITAMINA C+ZINC+D3 NARANJA TAB.EFERV. TBOX20UND,EUROCARE,-1.0,0.0,-15.2,2025-07-12 22:10:39,16,7,Invierno
107417,VITAMINA C+ZINC+D3 NARANJA TAB.EFERV. TBOX20UND,EUROCARE,1.0,0.0,15.2,2025-07-14 09:34:41,9,7,Invierno
107417,VITAMINA C+ZINC+D3 NARANJA TAB.EFERV. TBOX20UND,EUROCARE,1.0,0.0,15.2,2025-07-14 14:10:51,9,7,Invierno
107417,VITAMINA C+ZINC+D3 NARANJA TAB.EFERV. TBOX20UND,EUROCARE,1.0,0.0,15.2,2025-07-14 20:09:56,6,7,Invierno
107417,VITAMINA C+ZINC+D3 NARANJA TAB.EFERV. TBOX20UND,EUROCARE,1.0,0.0,15.2,2025-07-15 20:30:26,6,7,Invierno
107417,VITAMINA C+ZINC+D3 NARANJA TAB.EFERV. TBOX20UND,EUROCARE,1.0,0.0,15.2,2025-07-16 19:01:50,14,7,Invierno
107417,VITAMINA C+ZINC+D3 NARANJA TAB.EFERV. TBOX20UND,EUROCARE,1.0,0.0,15.2,2025-07-16 21:47:42,15,7,Invierno
107417,VITAMINA C+ZINC+D3 NARANJA TAB.EFERV. TBOX20UND,EUROCARE,1.0,0.0,15.2,2025-07-16 22:59:40,16,7,Invierno
107417,VITAMINA C+ZINC+D3 NARANJA TAB.EFERV. TBOX20UND,EUROCARE,1.0,0.0,15.2,2025-07-17 10:35:33,13,7,Invierno
107417,VITAMINA C+ZINC+D3 NARANJA TAB.EFERV. TBOX20UND,EUROCARE,1.0,0.0,15.2,2025-07-18 11:54:12,10,7,Invierno
107417,VITAMINA C+ZINC+D3 NARANJA TAB.EFERV. TBOX20UND,EUROCARE,1.0,0.0,15.2,2025-07-19 16:04:31,2,7,Invierno
107417,VITAMINA C+ZINC+D3 NARANJA TAB.EFERV. TBOX20UND,EUROCARE,1.0,0.0,15.2,2025-07-19 19:57:43,4,7,Invierno
107417,VITAMINA C+ZINC+D3 NARANJA TAB.EFERV. TBOX20UND,EUROCARE,1.0,0.0,15.2,2025-07-19 21:01:23,14,7,Invierno
107417,VITAMINA C+ZINC+D3 NARANJA TAB.EFERV. TBOX20UND,EUROCARE,1.0,0.0,15.2,2025-07-21 16:08:28,6,7,Invierno
107417,VITAMINA C+ZINC+D3 NARANJA TAB.EFERV. TBOX20UND,EUROCARE,1.0,0.0,14.44,2025-07-21 18:10:42,11,7,Invierno
107417,VITAMINA C+ZINC+D3 NARANJA TAB.EFERV. TBOX20UND,EUROCARE,1.0,0.0,15.2,2025-07-21 18:11:10,2,7,Invierno
107417,VITAMINA C+ZINC+D3 NARANJA TAB.EFERV. TBOX20UND,EUROCARE,1.0,0.0,14.44,2025-07-21 18:57:11,11,7,Invierno
107417,VITAMINA C+ZINC+D3 NARANJA TAB.EFERV. TBOX20UND,EUROCARE,1.0,0.0,15.2,2025-07-23 09:20:12,9,7,Invierno
107417,VITAMINA C+ZINC+D3 NARANJA TAB.EFERV. TBOX20UND,EUROCARE,1.0,0.0,15.2,2025-07-23 18:58:02,5,7,Invierno
107417,VITAMINA C+ZINC+D3 NARANJA TAB.EFERV. TBOX20UND,EUROCARE,1.0,0.0,15.2,2025-07-24 10:26:24,3,7,Invierno
107417,VITAMINA C+ZINC+D3 NARANJA TAB.EFERV. TBOX20UND,EUROCARE,1.0,0.0,15.2,2025-07-24 10:27:46,15,7,Invierno
107417,VITAMINA C+ZINC+D3 NARANJA TAB.EFERV. TBOX20UND,EUROCARE,-1.0,0.0,-15.2,2025-07-24 12:00:00,3,7,Invierno
107417,VITAMINA C+ZINC+D3 NARANJA TAB.EFERV. TBOX20UND,EUROCARE,1.0,0.0,15.2,2025-07-24 13:28:13,6,7,Invierno
107417,VITAMINA C+ZINC+D3 NARANJA TAB.EFERV. TBOX20UND,EUROCARE,1.0,0.0,15.2,2025-07-24 17:23:56,1,7,Invierno
107417,VITAMINA C+ZINC+D3 NARANJA TAB.EFERV. TBOX20UND,EUROCARE,1.0,0.0,15.2,2025-07-24 21:31:41,3,7,Invierno
107417,VITAMINA C+ZINC+D3 NARANJA TAB.EFERV. TBOX20UND,EUROCARE,1.0,0.0,15.2,2025-07-25 09:34:27,6,7,Invierno
107417,VITAMINA C+ZINC+D3 NARANJA TAB.EFERV. TBOX20UND,EUROCARE,1.0,0.0,15.2,2025-07-25 14:53:09,2,7,Invierno
107417,VITAMINA C+ZINC+D3 NARANJA TAB.EFERV. TBOX20UND,EUROCARE,1.0,0.0,15.2,2025-07-25 18:14:38,4,7,Invierno
107417,VITAMINA C+ZINC+D3 NARANJA TAB.EFERV. TBOX20UND,EUROCARE,1.0,0.0,15.2,2025-07-26 12:02:53,9,7,Invierno
107417,VITAMINA C+ZINC+D3 NARANJA TAB.EFERV. TBOX20UND,EUROCARE,1.0,0.0,15.2,2025-07-26 17:10:48,15,7,Invierno
107417,VITAMINA C+ZINC+D3 NARANJA TAB.EFERV. TBOX20UND,EUROCARE,1.0,0.0,14.44,2025-07-27 10:58:38,4,7,Invierno
107417,VITAMINA C+ZINC+D3 NARANJA TAB.EFERV. TBOX20UND,EUROCARE,1.0,0.0,15.2,2025-07-27 18:48:14,14,7,Invierno
107417,VITAMINA C+ZINC+D3 NARANJA TAB.EFERV. TBOX20UND,EUROCARE,1.0,0.0,15.2,2025-07-28 18:31:06,7,7,Invierno
107417,VITAMINA C+ZINC+D3 NARANJA TAB.EFERV. TBOX20UND,EUROCARE,1.0,0.0,15.2,2025-07-28 18:56:20,14,7,Invierno
107417,VITAMINA C+ZINC+D3 NARANJA TAB.EFERV. TBOX20UND,EUROCARE,1.0,0.0,15.2,2025-07-28 21:31:47,16,7,Invierno
107417,VITAMINA C+ZINC+D3 NARANJA TAB.EFERV. TBOX20UND,EUROCARE,1.0,0.0,15.2,2025-07-29 18:10:28,14,7,Invierno
107417,VITAMINA C+ZINC+D3 NARANJA TAB.EFERV. TBOX20UND,EUROCARE,1.0,0.0,14.44,2025-07-29 18:38:04,10,7,Invierno
107417,VITAMINA C+ZINC+D3 NARANJA TAB.EFERV. TBOX20UND,EUROCARE,1.0,0.0,15.2,2025-07-29 19:52:42,11,7,Invierno
107417,VITAMINA C+ZINC+D3 NARANJA TAB.EFERV. TBOX20UND,EUROCARE,1.0,0.0,15.2,2025-07-30 21:08:31,12,7,Invierno
107417,VITAMINA C+ZINC+D3 NARANJA TAB.EFERV. TBOX20UND,EUROCARE,1.0,0.0,15.2,2025-07-31 12:48:41,13,7,Invierno
107417,VITAMINA C+ZINC+D3 NARANJA TAB.EFERV. TBOX20UND,EUROCARE,1.0,0.0,15.2,2025-07-31 17:52:32,9,7,Invierno
107417,VITAMINA C+ZINC+D3 NARANJA TAB.EFERV. TBOX20UND,EUROCARE,1.0,0.0,15.2,2025-08-01 13:46:29,1,8,Invierno
107417,VITAMINA C+ZINC+D3 NARANJA TAB.EFERV. TBOX20UND,EUROCARE,1.0,0.0,15.2,2025-08-01 20:52:27,15,8,Invierno
107417,VITAMINA C+ZINC+D3 NARANJA TAB.EFERV. TBOX20UND,EUROCARE,1.0,0.0,15.2,2025-08-03 21:14:58,10,8,Invierno
107417,VITAMINA C+ZINC+D3 NARANJA TAB.EFERV. TBOX20UND,EUROCARE,1.0,0.0,15.2,2025-08-04 08:54:34,12,8,Invierno
107417,VITAMINA C+ZINC+D3 NARANJA TAB.EFERV. TBOX20UND,EUROCARE,1.0,0.0,15.2,2025-08-04 13:06:46,4,8,Invierno
107417,VITAMINA C+ZINC+D3 NARANJA TAB.EFERV. TBOX20UND,EUROCARE,1.0,0.0,15.2,2025-08-04 13:10:29,13,8,Invierno
107417,VITAMINA C+ZINC+D3 NARANJA TAB.EFERV. TBOX20UND,EUROCARE,1.0,0.0,15.2,2025-08-05 16:37:01,1,8,Invierno
107417,VITAMINA C+ZINC+D3 NARANJA TAB.EFERV. TBOX20UND,EUROCARE,1.0,0.0,15.2,2025-08-07 17:54:11,7,8,Invierno
107417,VITAMINA C+ZINC+D3 NARANJA TAB.EFERV. TBOX20UND,EUROCARE,1.0,0.0,15.2,2025-08-07 18:21:35,11,8,Invierno
107417,VITAMINA C+ZINC+D3 NARANJA TAB.EFERV. TBOX20UND,EUROCARE,1.0,0.0,15.2,2025-08-08 11:39:42,2,8,Invierno
107417,VITAMINA C+ZINC+D3 NARANJA TAB.EFERV. TBOX20UND,EUROCARE,2.0,0.0,30.4,2025-08-10 15:19:41,3,8,Invierno
107417,VITAMINA C+ZINC+D3 NARANJA TAB.EFERV. TBOX20UND,EUROCARE,1.0,0.0,15.2,2025-08-11 18:16:43,1,8,Invierno
107417,VITAMINA C+ZINC+D3 NARANJA TAB.EFERV. TBOX20UND,EUROCARE,1.0,0.0,15.2,2025-08-11 18:55:59,7,8,Invierno
107417,VITAMINA C+ZINC+D3 NARANJA TAB.EFERV. TBOX20UND,EUROCARE,1.0,0.0,15.2,2025-08-11 21:55:02,1,8,Invierno
107417,VITAMINA C+ZINC+D3 NARANJA TAB.EFERV. TBOX20UND,EUROCARE,1.0,0.0,15.2,2025-08-12 22:41:21,1,8,Invierno
107417,VITAMINA C+ZINC+D3 NARANJA TAB.EFERV. TBOX20UND,EUROCARE,1.0,0.0,15.2,2025-08-13 09:08:02,3,8,Invierno
107417,VITAMINA C+ZINC+D3 NARANJA TAB.EFERV. TBOX20UND,EUROCARE,1.0,0.0,15.2,2025-08-13 17:34:59,15,8,Invierno
107417,VITAMINA C+ZINC+D3 NARANJA TAB.EFERV. TBOX20UND,EUROCARE,1.0,0.0,15.2,2025-08-13 19:33:47,4,8,Invierno
107417,VITAMINA C+ZINC+D3 NARANJA TAB.EFERV. TBOX20UND,EUROCARE,1.0,0.0,15.2,2025-08-14 12:38:30,13,8,Invierno
107417,VITAMINA C+ZINC+D3 NARANJA TAB.EFERV. TBOX20UND,EUROCARE,1.0,0.0,15.2,2025-08-14 14:59:27,13,8,Invierno
107417,VITAMINA C+ZINC+D3 NARANJA TAB.EFERV. TBOX20UND,EUROCARE,1.0,0.0,15.2,2025-08-15 13:58:05,16,8,Invierno
107417,VITAMINA C+ZINC+D3 NARANJA TAB.EFERV. TBOX20UND,EUROCARE,2.0,0.0,30.4,2025-08-17 11:28:55,2,8,Invierno
107417,VITAMINA C+ZINC+D3 NARANJA TAB.EFERV. TBOX20UND,EUROCARE,1.0,0.0,15.2,2025-08-17 13:11:07,14,8,Invierno
107417,VITAMINA C+ZINC+D3 NARANJA TAB.EFERV. TBOX20UND,EUROCARE,1.0,0.0,15.2,2025-08-17 14:53:40,12,8,Invierno
107417,VITAMINA C+ZINC+D3 NARANJA TAB.EFERV. TBOX20UND,EUROCARE,1.0,0.0,15.2,2025-08-17 15:21:44,15,8,Invierno
107417,VITAMINA C+ZINC+D3 NARANJA TAB.EFERV. TBOX20UND,EUROCARE,1.0,0.0,15.2,2025-08-18 13:18:29,3,8,Invierno
107417,VITAMINA C+ZINC+D3 NARANJA TAB.EFERV. TBOX20UND,EUROCARE,1.0,0.0,15.2,2025-08-18 20:21:48,11,8,Invierno
107417,VITAMINA C+ZINC+D3 NARANJA TAB.EFERV. TBOX20UND,EUROCARE,1.0,0.0,15.2,2025-08-19 10:33:07,2,8,Invierno
107417,VITAMINA C+ZINC+D3 NARANJA TAB.EFERV. TBOX20UND,EUROCARE,1.0,0.0,15.2,2025-08-20 18:55:52,6,8,Invierno
107417,VITAMINA C+ZINC+D3 NARANJA TAB.EFERV. TBOX20UND,EUROCARE,1.0,0.0,15.2,2025-08-21 09:29:44,4,8,Invierno
107417,VITAMINA C+ZINC+D3 NARANJA TAB.EFERV. TBOX20UND,EUROCARE,1.0,0.0,15.2,2025-08-22 12:44:56,10,8,Invierno
107417,VITAMINA C+ZINC+D3 NARANJA TAB.EFERV. TBOX20UND,EUROCARE,1.0,0.0,15.2,2025-08-22 19:00:02,10,8,Invierno
107417,VITAMINA C+ZINC+D3 NARANJA TAB.EFERV. TBOX20UND,EUROCARE,1.0,0.0,15.2,2025-08-23 20:37:20,15,8,Invierno
107417,VITAMINA C+ZINC+D3 NARANJA TAB.EFERV. TBOX20UND,EUROCARE,1.0,0.0,15.2,2025-08-23 22:34:54,7,8,Invierno
107417,VITAMINA C+ZINC+D3 NARANJA TAB.EFERV. TBOX20UND,EUROCARE,1.0,0.0,15.2,2025-08-24 10:14:43,11,8,Invierno
107417,VITAMINA C+ZINC+D3 NARANJA TAB.EFERV. TBOX20UND,EUROCARE,1.0,0.0,15.2,2025-08-24 10:30:07,2,8,Invierno
107417,VITAMINA C+ZINC+D3 NARANJA TAB.EFERV. TBOX20UND,EUROCARE,1.0,0.0,15.2,2025-08-24 11:04:27,6,8,Invierno
107417,VITAMINA C+ZINC+D3 NARANJA TAB.EFERV. TBOX20UND,EUROCARE,1.0,0.0,15.2,2025-08-24 13:07:38,3,8,Invierno
107417,VITAMINA C+ZINC+D3 NARANJA TAB.EFERV. TBOX20UND,EUROCARE,1.0,0.0,15.2,2025-08-24 17:06:01,6,8,Invierno
107417,VITAMINA C+ZINC+D3 NARANJA TAB.EFERV. TBOX20UND,EUROCARE,1.0,0.0,15.2,2025-08-25 10:11:24,14,8,Invierno
107417,VITAMINA C+ZINC+D3 NARANJA TAB.EFERV. TBOX20UND,EUROCARE,1.0,0.0,15.2,2025-08-25 20:35:45,7,8,Invierno
107417,VITAMINA C+ZINC+D3 NARANJA TAB.EFERV. TBOX20UND,EUROCARE,1.0,0.0,15.2,2025-08-26 19:39:21,4,8,Invierno
107417,VITAMINA C+ZINC+D3 NARANJA TAB.EFERV. TBOX20UND,EUROCARE,1.0,0.0,15.2,2025-08-26 20:33:22,5,8,Invierno
107417,VITAMINA C+ZINC+D3 NARANJA TAB.EFERV. TBOX20UND,EUROCARE,1.0,0.0,15.2,2025-08-27 10:45:47,5,8,Invierno
107417,VITAMINA C+ZINC+D3 NARANJA TAB.EFERV. TBOX20UND,EUROCARE,1.0,0.0,15.2,2025-08-27 19:33:33,10,8,Invierno
107417,VITAMINA C+ZINC+D3 NARANJA TAB.EFERV. TBOX20UND,EUROCARE,3.0,0.0,45.6,2025-08-28 10:23:32,4,8,Invierno
107417,VITAMINA C+ZINC+D3 NARANJA TAB.EFERV. TBOX20UND,EUROCARE,1.0,0.0,15.2,2025-08-28 14:42:10,9,8,Invierno
107417,VITAMINA C+ZINC+D3 NARANJA TAB.EFERV. TBOX20UND,EUROCARE,1.0,0.0,15.2,2025-08-28 18:49:41,12,8,Invierno
107417,VITAMINA C+ZINC+D3 NARANJA TAB.EFERV. TBOX20UND,EUROCARE,1.0,0.0,15.2,2025-08-29 07:40:27,9,8,Invierno
107417,VITAMINA C+ZINC+D3 NARANJA TAB.EFERV. TBOX20UND,EUROCARE,1.0,0.0,15.2,2025-08-30 20:08:45,5,8,Invierno
107417,VITAMINA C+ZINC+D3 NARANJA TAB.EFERV. TBOX20UND,EUROCARE,1.0,0.0,15.2,2025-08-31 12:02:34,5,8,Invierno
107417,VITAMINA C+ZINC+D3 NARANJA TAB.EFERV. TBOX20UND,EUROCARE,1.0,0.0,15.2,2025-08-31 17:59:08,14,8,Invierno
107417,VITAMINA C+ZINC+D3 NARANJA TAB.EFERV. TBOX20UND,EUROCARE,1.0,0.0,15.2,2025-08-31 19:49:56,14,8,Invierno
107417,VITAMINA C+ZINC+D3 NARANJA TAB.EFERV. TBOX20UND,EUROCARE,1.0,0.0,15.2,2025-09-01 18:34:11,5,9,Primavera
107417,VITAMINA C+ZINC+D3 NARANJA TAB.EFERV. TBOX20UND,EUROCARE,1.0,0.0,15.2,2025-09-02 14:19:03,12,9,Primavera
107417,VITAMINA C+ZINC+D3 NARANJA TAB.EFERV. TBOX20UND,EUROCARE,1.0,0.0,15.2,2025-09-02 18:22:05,1,9,Primavera
107417,VITAMINA C+ZINC+D3 NARANJA TAB.EFERV. TBOX20UND,EUROCARE,1.0,0.0,15.2,2025-09-04 19:48:22,2,9,Primavera
107417,VITAMINA C+ZINC+D3 NARANJA TAB.EFERV. TBOX20UND,EUROCARE,1.0,0.0,15.2,2025-09-05 11:35:15,5,9,Primavera
107417,VITAMINA C+ZINC+D3 NARANJA TAB.EFERV. TBOX20UND,EUROCARE,1.0,0.0,15.2,2025-09-05 18:18:32,2,9,Primavera
107417,VITAMINA C+ZINC+D3 NARANJA TAB.EFERV. TBOX20UND,EUROCARE,1.0,0.0,15.2,2025-09-06 13:15:46,1,9,Primavera
107417,VITAMINA C+ZINC+D3 NARANJA TAB.EFERV. TBOX20UND,EUROCARE,1.0,0.0,15.2,2025-09-07 09:06:34,13,9,Primavera
107417,VITAMINA C+ZINC+D3 NARANJA TAB.EFERV. TBOX20UND,EUROCARE,1.0,0.0,15.2,2025-09-07 12:54:54,16,9,Primavera
107417,VITAMINA C+ZINC+D3 NARANJA TAB.EFERV. TBOX20UND,EUROCARE,1.0,0.0,15.2,2025-09-08 08:30:35,4,9,Primavera
107417,VITAMINA C+ZINC+D3 NARANJA TAB.EFERV. TBOX20UND,EUROCARE,1.0,0.0,15.2,2025-09-09 13:50:59,2,9,Primavera
107417,VITAMINA C+ZINC+D3 NARANJA TAB.EFERV. TBOX20UND,EUROCARE,1.0,0.0,15.2,2025-09-10 12:02:37,13,9,Primavera
107417,VITAMINA C+ZINC+D3 NARANJA TAB.EFERV. TBOX20UND,EUROCARE,1.0,0.0,15.2,2025-09-11 23:35:00,5,9,Primavera
107417,VITAMINA C+ZINC+D3 NARANJA TAB.EFERV. TBOX20UND,EUROCARE,1.0,0.0,15.2,2025-09-12 10:52:59,1,9,Primavera
107417,VITAMINA C+ZINC+D3 NARANJA TAB.EFERV. TBOX20UND,EUROCARE,1.0,0.0,15.2,2025-09-13 11:10:24,5,9,Primavera
107417,VITAMINA C+ZINC+D3 NARANJA TAB.EFERV. TBOX20UND,EUROCARE,1.0,0.0,15.2,2025-09-13 12:33:12,8,9,Primavera
107417,VITAMINA C+ZINC+D3 NARANJA TAB.EFERV. TBOX20UND,EUROCARE,1.0,0.0,15.2,2025-09-13 13:43:19,5,9,Primavera
107417,VITAMINA C+ZINC+D3 NARANJA TAB.EFERV. TBOX20UND,EUROCARE,1.0,0.0,15.2,2025-09-15 17:43:23,10,9,Primavera
107417,VITAMINA C+ZINC+D3 NARANJA TAB.EFERV. TBOX20UND,EUROCARE,1.0,0.0,15.2,2025-09-15 18:13:06,10,9,Primavera
107417,VITAMINA C+ZINC+D3 NARANJA TAB.EFERV. TBOX20UND,EUROCARE,1.0,0.0,15.2,2025-09-15 18:48:11,2,9,Primavera
107417,VITAMINA C+ZINC+D3 NARANJA TAB.EFERV. TBOX20UND,EUROCARE,1.0,0.0,15.2,2025-09-15 22:19:17,5,9,Primavera
107417,VITAMINA C+ZINC+D3 NARANJA TAB.EFERV. TBOX20UND,EUROCARE,1.0,0.0,15.2,2025-09-16 11:04:20,10,9,Primavera
107417,VITAMINA C+ZINC+D3 NARANJA TAB.EFERV. TBOX20UND,EUROCARE,2.0,0.0,30.4,2025-09-16 17:34:20,2,9,Primavera
107417,VITAMINA C+ZINC+D3 NARANJA TAB.EFERV. TBOX20UND,EUROCARE,1.0,0.0,15.2,2025-09-16 20:08:56,8,9,Primavera
107417,VITAMINA C+ZINC+D3 NARANJA TAB.EFERV. TBOX20UND,EUROCARE,1.0,0.0,15.2,2025-09-17 18:48:04,4,9,Primavera
107417,VITAMINA C+ZINC+D3 NARANJA TAB.EFERV. TBOX20UND,EUROCARE,1.0,0.0,15.2,2025-09-17 19:33:19,5,9,Primavera
107417,VITAMINA C+ZINC+D3 NARANJA TAB.EFERV. TBOX20UND,EUROCARE,2.0,0.0,30.4,2025-09-17 21:19:30,2,9,Primavera
107417,VITAMINA C+ZINC+D3 NARANJA TAB.EFERV. TBOX20UND,EUROCARE,1.0,0.0,15.2,2025-09-17 21:48:37,8,9,Primavera
107417,VITAMINA C+ZINC+D3 NARANJA TAB.EFERV. TBOX20UND,EUROCARE,1.0,0.0,15.2,2025-09-19 09:27:34,10,9,Primavera
107417,VITAMINA C+ZINC+D3 NARANJA TAB.EFERV. TBOX20UND,EUROCARE,1.0,0.0,15.2,2025-09-19 10:33:36,3,9,Primavera
107417,VITAMINA C+ZINC+D3 NARANJA TAB.EFERV. TBOX20UND,EUROCARE,1.0,0.0,15.2,2025-09-19 18:38:03,3,9,Primavera
107417,VITAMINA C+ZINC+D3 NARANJA TAB.EFERV. TBOX20UND,EUROCARE,1.0,0.0,15.2,2025-09-19 19:48:23,1,9,Primavera
107417,VITAMINA C+ZINC+D3 NARANJA TAB.EFERV. TBOX20UND,EUROCARE,1.0,0.0,15.2,2025-09-19 20:09:07,8,9,Primavera
107417,VITAMINA C+ZINC+D3 NARANJA TAB.EFERV. TBOX20UND,EUROCARE,1.0,0.0,15.2,2025-09-20 10:55:07,16,9,Primavera
107417,VITAMINA C+ZINC+D3 NARANJA TAB.EFERV. TBOX20UND,EUROCARE,1.0,0.0,15.2,2025-09-20 11:26:31,16,9,Primavera
107417,VITAMINA C+ZINC+D3 NARANJA TAB.EFERV. TBOX20UND,EUROCARE,-1.0,0.0,-15.2,2025-09-20 11:27:02,16,9,Primavera
107417,VITAMINA C+ZINC+D3 NARANJA TAB.EFERV. TBOX20UND,EUROCARE,1.0,0.0,15.2,2025-09-20 11:28:12,16,9,Primavera
107417,VITAMINA C+ZINC+D3 NARANJA TAB.EFERV. TBOX20UND,EUROCARE,1.0,0.0,15.2,2025-09-20 17:09:24,3,9,Primavera
107417,VITAMINA C+ZINC+D3 NARANJA TAB.EFERV. TBOX20UND,EUROCARE,1.0,0.0,15.2,2025-09-20 22:45:56,5,9,Primavera
107417,VITAMINA C+ZINC+D3 NARANJA TAB.EFERV. TBOX20UND,EUROCARE,1.0,0.0,15.2,2025-09-21 14:12:03,13,9,Primavera
107417,VITAMINA C+ZINC+D3 NARANJA TAB.EFERV. TBOX20UND,EUROCARE,1.0,0.0,15.2,2025-09-22 11:35:34,15,9,Primavera
107417,VITAMINA C+ZINC+D3 NARANJA TAB.EFERV. TBOX20UND,EUROCARE,1.0,0.0,15.2,2025-09-22 13:45:28,2,9,Primavera
107417,VITAMINA C+ZINC+D3 NARANJA TAB.EFERV. TBOX20UND,EUROCARE,1.0,0.0,15.2,2025-09-22 19:25:22,6,9,Primavera
107417,VITAMINA C+ZINC+D3 NARANJA TAB.EFERV. TBOX20UND,EUROCARE,1.0,0.0,15.2,2025-09-22 20:20:53,6,9,Primavera
107417,VITAMINA C+ZINC+D3 NARANJA TAB.EFERV. TBOX20UND,EUROCARE,1.0,0.0,15.2,2025-09-22 20:51:29,6,9,Primavera
107417,VITAMINA C+ZINC+D3 NARANJA TAB.EFERV. TBOX20UND,EUROCARE,1.0,0.0,15.2,2025-09-23 07:51:16,10,9,Primavera
107417,VITAMINA C+ZINC+D3 NARANJA TAB.EFERV. TBOX20UND,EUROCARE,1.0,0.0,15.2,2025-09-23 08:07:11,3,9,Primavera
107417,VITAMINA C+ZINC+D3 NARANJA TAB.EFERV. TBOX20UND,EUROCARE,1.0,0.0,15.2,2025-09-23 16:13:45,11,9,Primavera
107417,VITAMINA C+ZINC+D3 NARANJA TAB.EFERV. TBOX20UND,EUROCARE,1.0,0.0,12.38,2025-09-23 20:08:40,13,9,Primavera
107417,VITAMINA C+ZINC+D3 NARANJA TAB.EFERV. TBOX20UND,EUROCARE,1.0,0.0,15.2,2025-09-24 18:47:47,6,9,Primavera
107417,VITAMINA C+ZINC+D3 NARANJA TAB.EFERV. TBOX20UND,EUROCARE,1.0,0.0,15.2,2025-09-24 19:58:48,1,9,Primavera
107417,VITAMINA C+ZINC+D3 NARANJA TAB.EFERV. TBOX20UND,EUROCARE,1.0,0.0,15.2,2025-09-25 07:43:39,13,9,Primavera
107417,VITAMINA C+ZINC+D3 NARANJA TAB.EFERV. TBOX20UND,EUROCARE,1.0,0.0,15.2,2025-09-25 15:28:32,4,9,Primavera
107417,VITAMINA C+ZINC+D3 NARANJA TAB.EFERV. TBOX20UND,EUROCARE,1.0,0.0,15.2,2025-09-25 18:17:56,15,9,Primavera
107417,VITAMINA C+ZINC+D3 NARANJA TAB.EFERV. TBOX20UND,EUROCARE,1.0,0.0,15.2,2025-09-26 12:53:59,4,9,Primavera
107417,VITAMINA C+ZINC+D3 NARANJA TAB.EFERV. TBOX20UND,EUROCARE,1.0,0.0,15.2,2025-09-27 08:27:52,15,9,Primavera
107417,VITAMINA C+ZINC+D3 NARANJA TAB.EFERV. TBOX20UND,EUROCARE,1.0,0.0,15.2,2025-09-28 17:16:36,1,9,Primavera
107417,VITAMINA C+ZINC+D3 NARANJA TAB.EFERV. TBOX20UND,EUROCARE,1.0,0.0,15.2,2025-09-28 20:18:53,4,9,Primavera
107417,VITAMINA C+ZINC+D3 NARANJA TAB.EFERV. TBOX20UND,EUROCARE,2.0,0.0,30.4,2025-09-29 09:54:34,1,9,Primavera
107417,VITAMINA C+ZINC+D3 NARANJA TAB.EFERV. TBOX20UND,EUROCARE,1.0,0.0,15.2,2025-09-29 19:11:44,2,9,Primavera
107417,VITAMINA C+ZINC+D3 NARANJA TAB.EFERV. TBOX20UND,EUROCARE,1.0,0.0,15.2,2025-09-30 20:06:07,6,9,Primavera
107417,VITAMINA C+ZINC+D3 NARANJA TAB.EFERV. TBOX20UND,EUROCARE,1.0,0.0,15.2,2025-10-01 21:14:46,2,10,Primavera
107417,VITAMINA C+ZINC+D3 NARANJA TAB.EFERV. TBOX20UND,EUROCARE,1.0,0.0,15.2,2025-10-01 23:10:37,4,10,Primavera
107417,VITAMINA C+ZINC+D3 NARANJA TAB.EFERV. TBOX20UND,EUROCARE,1.0,0.0,15.2,2025-10-02 11:55:02,1,10,Primavera
107417,VITAMINA C+ZINC+D3 NARANJA TAB.EFERV. TBOX20UND,EUROCARE,1.0,0.0,15.2,2025-10-02 12:57:16,10,10,Primavera
107417,VITAMINA C+ZINC+D3 NARANJA TAB.EFERV. TBOX20UND,EUROCARE,1.0,0.0,15.2,2025-10-02 17:19:18,15,10,Primavera
107417,VITAMINA C+ZINC+D3 NARANJA TAB.EFERV. TBOX20UND,EUROCARE,1.0,0.0,15.2,2025-10-02 23:01:50,5,10,Primavera
107417,VITAMINA C+ZINC+D3 NARANJA TAB.EFERV. TBOX20UND,EUROCARE,1.0,0.0,15.2,2025-10-03 10:56:03,2,10,Primavera
107417,VITAMINA C+ZINC+D3 NARANJA TAB.EFERV. TBOX20UND,EUROCARE,-1.0,0.0,-15.2,2025-10-03 11:11:46,2,10,Primavera
107417,VITAMINA C+ZINC+D3 NARANJA TAB.EFERV. TBOX20UND,EUROCARE,1.0,0.0,15.2,2025-10-03 11:32:41,2,10,Primavera
107417,VITAMINA C+ZINC+D3 NARANJA TAB.EFERV. TBOX20UND,EUROCARE,1.0,0.0,15.2,2025-10-03 12:33:25,1,10,Primavera
107417,VITAMINA C+ZINC+D3 NARANJA TAB.EFERV. TBOX20UND,EUROCARE,1.0,0.0,15.2,2025-10-03 20:47:38,14,10,Primavera
107417,VITAMINA C+ZINC+D3 NARANJA TAB.EFERV. TBOX20UND,EUROCARE,1.0,0.0,15.2,2025-10-03 21:14:42,1,10,Primavera
107417,VITAMINA C+ZINC+D3 NARANJA TAB.EFERV. TBOX20UND,EUROCARE,1.0,0.0,15.2,2025-10-04 21:59:44,5,10,Primavera
107417,VITAMINA C+ZINC+D3 NARANJA TAB.EFERV. TBOX20UND,EUROCARE,1.0,0.0,15.2,2025-10-05 19:55:10,7,10,Primavera
107417,VITAMINA C+ZINC+D3 NARANJA TAB.EFERV. TBOX20UND,EUROCARE,1.0,0.0,15.2,2025-10-06 08:18:47,6,10,Primavera
107417,VITAMINA C+ZINC+D3 NARANJA TAB.EFERV. TBOX20UND,EUROCARE,1.0,0.0,15.2,2025-10-06 18:47:45,5,10,Primavera
107417,VITAMINA C+ZINC+D3 NARANJA TAB.EFERV. TBOX20UND,EUROCARE,1.0,0.0,15.2,2025-10-06 20:25:53,3,10,Primavera
107417,VITAMINA C+ZINC+D3 NARANJA TAB.EFERV. TBOX20UND,EUROCARE,1.0,0.0,15.2,2025-10-07 13:17:17,15,10,Primavera
107417,VITAMINA C+ZINC+D3 NARANJA TAB.EFERV. TBOX20UND,EUROCARE,1.0,0.0,15.2,2025-10-07 19:02:38,4,10,Primavera
107417,VITAMINA C+ZINC+D3 NARANJA TAB.EFERV. TBOX20UND,EUROCARE,1.0,0.0,15.2,2025-10-07 19:04:35,5,10,Primavera
107417,VITAMINA C+ZINC+D3 NARANJA TAB.EFERV. TBOX20UND,EUROCARE,1.0,0.0,15.2,2025-10-07 20:58:08,1,10,Primavera
107417,VITAMINA C+ZINC+D3 NARANJA TAB.EFERV. TBOX20UND,EUROCARE,1.0,0.0,15.2,2025-10-08 17:38:35,4,10,Primavera
107417,VITAMINA C+ZINC+D3 NARANJA TAB.EFERV. TBOX20UND,EUROCARE,1.0,0.0,15.2,2025-10-09 11:01:16,11,10,Primavera
107417,VITAMINA C+ZINC+D3 NARANJA TAB.EFERV. TBOX20UND,EUROCARE,1.0,0.0,15.2,2025-10-09 15:57:52,14,10,Primavera
107417,VITAMINA C+ZINC+D3 NARANJA TAB.EFERV. TBOX20UND,EUROCARE,1.0,0.0,15.2,2025-10-09 17:24:00,6,10,Primavera
107417,VITAMINA C+ZINC+D3 NARANJA TAB.EFERV. TBOX20UND,EUROCARE,1.0,0.0,15.2,2025-10-09 20:13:54,14,10,Primavera
107417,VITAMINA C+ZINC+D3 NARANJA TAB.EFERV. TBOX20UND,EUROCARE,1.0,0.0,15.2,2025-10-09 21:33:40,3,10,Primavera
107417,VITAMINA C+ZINC+D3 NARANJA TAB.EFERV. TBOX20UND,EUROCARE,1.0,0.0,15.2,2025-10-10 19:25:51,2,10,Primavera
107417,VITAMINA C+ZINC+D3 NARANJA TAB.EFERV. TBOX20UND,EUROCARE,1.0,0.0,15.2,2025-10-10 20:18:09,6,10,Primavera
107417,VITAMINA C+ZINC+D3 NARANJA TAB.EFERV. TBOX20UND,EUROCARE,1.0,0.0,15.2,2025-10-10 20:37:03,2,10,Primavera
107417,VITAMINA C+ZINC+D3 NARANJA TAB.EFERV. TBOX20UND,EUROCARE,1.0,0.0,15.2,2025-10-11 12:15:43,16,10,Primavera
107417,VITAMINA C+ZINC+D3 NARANJA TAB.EFERV. TBOX20UND,EUROCARE,1.0,0.0,15.2,2025-10-12 13:31:50,13,10,Primavera
107417,VITAMINA C+ZINC+D3 NARANJA TAB.EFERV. TBOX20UND,EUROCARE,1.0,0.0,15.2,2025-10-12 17:42:18,6,10,Primavera
107417,VITAMINA C+ZINC+D3 NARANJA TAB.EFERV. TBOX20UND,EUROCARE,1.0,0.0,15.2,2025-10-12 18:40:15,15,10,Primavera
107417,VITAMINA C+ZINC+D3 NARANJA TAB.EFERV. TBOX20UND,EUROCARE,1.0,0.0,14.44,2025-10-12 20:32:12,10,10,Primavera
107417,VITAMINA C+ZINC+D3 NARANJA TAB.EFERV. TBOX20UND,EUROCARE,1.0,0.0,15.2,2025-10-13 18:10:00,5,10,Primavera
107417,VITAMINA C+ZINC+D3 NARANJA TAB.EFERV. TBOX20UND,EUROCARE,1.0,0.0,15.2,2025-10-13 19:47:17,5,10,Primavera
107417,VITAMINA C+ZINC+D3 NARANJA TAB.EFERV. TBOX20UND,EUROCARE,1.0,0.0,15.2,2025-10-13 21:13:22,7,10,Primavera
107417,VITAMINA C+ZINC+D3 NARANJA TAB.EFERV. TBOX20UND,EUROCARE,1.0,0.0,14.44,2025-10-14 16:08:04,3,10,Primavera
107417,VITAMINA C+ZINC+D3 NARANJA TAB.EFERV. TBOX20UND,EUROCARE,1.0,0.0,15.2,2025-10-14 20:37:10,14,10,Primavera
107417,VITAMINA C+ZINC+D3 NARANJA TAB.EFERV. TBOX20UND,EUROCARE,1.0,0.0,15.2,2025-10-14 21:21:12,15,10,Primavera
107417,VITAMINA C+ZINC+D3 NARANJA TAB.EFERV. TBOX20UND,EUROCARE,1.0,0.0,15.2,2025-10-15 19:02:30,3,10,Primavera
107417,VITAMINA C+ZINC+D3 NARANJA TAB.EFERV. TBOX20UND,EUROCARE,1.0,0.0,15.2,2025-10-15 20:24:47,2,10,Primavera
107417,VITAMINA C+ZINC+D3 NARANJA TAB.EFERV. TBOX20UND,EUROCARE,1.0,0.0,15.2,2025-10-16 12:18:32,16,10,Primavera
107417,VITAMINA C+ZINC+D3 NARANJA TAB.EFERV. TBOX20UND,EUROCARE,1.0,0.0,15.2,2025-10-17 16:16:05,7,10,Primavera
107417,VITAMINA C+ZINC+D3 NARANJA TAB.EFERV. TBOX20UND,EUROCARE,1.0,0.0,15.2,2025-10-18 10:32:44,10,10,Primavera
107417,VITAMINA C+ZINC+D3 NARANJA TAB.EFERV. TBOX20UND,EUROCARE,1.0,0.0,15.2,2025-10-18 17:44:05,6,10,Primavera
107417,VITAMINA C+ZINC+D3 NARANJA TAB.EFERV. TBOX20UND,EUROCARE,1.0,0.0,15.2,2025-10-19 16:59:40,14,10,Primavera
107417,VITAMINA C+ZINC+D3 NARANJA TAB.EFERV. TBOX20UND,EUROCARE,1.0,0.0,15.2,2025-10-19 17:47:27,14,10,Primavera
107417,VITAMINA C+ZINC+D3 NARANJA TAB.EFERV. TBOX20UND,EUROCARE,1.0,0.0,15.2,2025-10-21 08:07:48,14,10,Primavera
107417,VITAMINA C+ZINC+D3 NARANJA TAB.EFERV. TBOX20UND,EUROCARE,1.0,0.0,15.2,2025-10-21 12:32:43,10,10,Primavera
107417,VITAMINA C+ZINC+D3 NARANJA TAB.EFERV. TBOX20UND,EUROCARE,1.0,0.0,15.2,2025-10-21 21:50:44,15,10,Primavera
107417,VITAMINA C+ZINC+D3 NARANJA TAB.EFERV. TBOX20UND,EUROCARE,1.0,0.0,15.2,2025-10-22 18:32:39,15,10,Primavera
107417,VITAMINA C+ZINC+D3 NARANJA TAB.EFERV. TBOX20UND,EUROCARE,1.0,0.0,15.2,2025-10-23 16:59:41,14,10,Primavera
107417,VITAMINA C+ZINC+D3 NARANJA TAB.EFERV. TBOX20UND,EUROCARE,1.0,0.0,15.2,2025-10-23 19:05:51,14,10,Primavera
107417,VITAMINA C+ZINC+D3 NARANJA TAB.EFERV. TBOX20UND,EUROCARE,1.0,0.0,15.2,2025-10-24 10:23:59,2,10,Primavera
107417,VITAMINA C+ZINC+D3 NARANJA TAB.EFERV. TBOX20UND,EUROCARE,1.0,0.0,15.2,2025-10-24 11:30:08,5,10,Primavera
107417,VITAMINA C+ZINC+D3 NARANJA TAB.EFERV. TBOX20UND,EUROCARE,1.0,0.0,15.2,2025-10-24 17:07:00,3,10,Primavera
107417,VITAMINA C+ZINC+D3 NARANJA TAB.EFERV. TBOX20UND,EUROCARE,1.0,0.0,14.44,2025-10-26 21:21:31,3,10,Primavera
107417,VITAMINA C+ZINC+D3 NARANJA TAB.EFERV. TBOX20UND,EUROCARE,1.0,0.0,15.2,2025-10-27 18:27:55,1,10,Primavera
107417,VITAMINA C+ZINC+D3 NARANJA TAB.EFERV. TBOX20UND,EUROCARE,1.0,0.0,15.2,2025-10-31 09:15:41,16,10,Primavera
107417,VITAMINA C+ZINC+D3 NARANJA TAB.EFERV. TBOX20UND,EUROCARE,1.0,0.0,15.2,2025-10-31 10:37:27,6,10,Primavera
107417,VITAMINA C+ZINC+D3 NARANJA TAB.EFERV. TBOX20UND,EUROCARE,1.0,0.0,15.2,2025-10-31 16:35:32,13,10,Primavera
107417,VITAMINA C+ZINC+D3 NARANJA TAB.EFERV. TBOX20UND,EUROCARE,1.0,0.0,15.2,2025-11-03 16:00:02,10,11,Primavera
107417,VITAMINA C+ZINC+D3 NARANJA TAB.EFERV. TBOX20UND,EUROCARE,1.0,0.0,15.2,2025-11-07 14:04:54,15,11,Primavera
107417,VITAMINA C+ZINC+D3 NARANJA TAB.EFERV. TBOX20UND,EUROCARE,1.0,0.0,15.2,2025-11-13 14:29:29,13,11,Primavera
107417,VITAMINA C+ZINC+D3 NARANJA TAB.EFERV. TBOX20UND,EUROCARE,1.0,0.0,15.2,2025-11-15 15:37:59,2,11,Primavera
107417,VITAMINA C+ZINC+D3 NARANJA TAB.EFERV. TBOX20UND,EUROCARE,1.0,0.0,15.2,2025-11-15 21:33:24,3,11,Primavera
107417,VITAMINA C+ZINC+D3 NARANJA TAB.EFERV. TBOX20UND,EUROCARE,1.0,0.0,15.2,2025-11-15 22:16:39,5,11,Primavera
107417,VITAMINA C+ZINC+D3 NARANJA TAB.EFERV. TBOX20UND,EUROCARE,1.0,0.0,15.2,2025-11-16 17:33:47,1,11,Primavera
107417,VITAMINA C+ZINC+D3 NARANJA TAB.EFERV. TBOX20UND,EUROCARE,1.0,0.0,15.2,2025-11-16 19:09:29,2,11,Primavera
107417,VITAMINA C+ZINC+D3 NARANJA TAB.EFERV. TBOX20UND,EUROCARE,1.0,0.0,15.2,2025-11-17 13:07:25,10,11,Primavera
107417,VITAMINA C+ZINC+D3 NARANJA TAB.EFERV. TBOX20UND,EUROCARE,1.0,0.0,15.2,2025-11-18 18:30:20,4,11,Primavera
107417,VITAMINA C+ZINC+D3 NARANJA TAB.EFERV. TBOX20UND,EUROCARE,1.0,0.0,15.2,2025-11-18 18:38:52,10,11,Primavera
107417,VITAMINA C+ZINC+D3 NARANJA TAB.EFERV. TBOX20UND,EUROCARE,1.0,0.0,15.2,2025-11-18 19:46:06,3,11,Primavera
107417,VITAMINA C+ZINC+D3 NARANJA TAB.EFERV. TBOX20UND,EUROCARE,1.0,0.0,15.2,2025-11-20 07:40:07,9,11,Primavera
107417,VITAMINA C+ZINC+D3 NARANJA TAB.EFERV. TBOX20UND,EUROCARE,1.0,0.0,15.2,2025-11-20 16:33:38,9,11,Primavera
107417,VITAMINA C+ZINC+D3 NARANJA TAB.EFERV. TBOX20UND,EUROCARE,1.0,0.0,15.2,2025-11-20 20:15:10,4,11,Primavera
107417,VITAMINA C+ZINC+D3 NARANJA TAB.EFERV. TBOX20UND,EUROCARE,1.0,0.0,15.2,2025-11-20 21:18:02,1,11,Primavera
107417,VITAMINA C+ZINC+D3 NARANJA TAB.EFERV. TBOX20UND,EUROCARE,1.0,0.0,15.2,2025-11-21 08:08:25,10,11,Primavera
107417,VITAMINA C+ZINC+D3 NARANJA TAB.EFERV. TBOX20UND,EUROCARE,1.0,0.0,15.2,2025-11-21 23:51:53,10,11,Primavera
107417,VITAMINA C+ZINC+D3 NARANJA TAB.EFERV. TBOX20UND,EUROCARE,1.0,0.0,15.2,2025-11-22 08:44:29,5,11,Primavera
107417,VITAMINA C+ZINC+D3 NARANJA TAB.EFERV. TBOX20UND,EUROCARE,1.0,0.0,15.2,2025-11-22 13:07:05,14,11,Primavera
107417,VITAMINA C+ZINC+D3 NARANJA TAB.EFERV. TBOX20UND,EUROCARE,1.0,0.0,15.2,2025-11-22 18:05:10,10,11,Primavera
107417,VITAMINA C+ZINC+D3 NARANJA TAB.EFERV. TBOX20UND,EUROCARE,1.0,0.0,15.2,2025-11-23 22:22:22,5,11,Primavera
107417,VITAMINA C+ZINC+D3 NARANJA TAB.EFERV. TBOX20UND,EUROCARE,1.0,0.0,15.2,2025-11-24 12:01:43,13,11,Primavera
107417,VITAMINA C+ZINC+D3 NARANJA TAB.EFERV. TBOX20UND,EUROCARE,1.0,0.0,15.2,2025-11-24 13:26:19,2,11,Primavera
107417,VITAMINA C+ZINC+D3 NARANJA TAB.EFERV. TBOX20UND,EUROCARE,1.0,0.0,15.2,2025-11-24 18:56:09,8,11,Primavera
107417,VITAMINA C+ZINC+D3 NARANJA TAB.EFERV. TBOX20UND,EUROCARE,1.0,0.0,15.2,2025-11-26 10:01:02,10,11,Primavera
107417,VITAMINA C+ZINC+D3 NARANJA TAB.EFERV. TBOX20UND,EUROCARE,1.0,0.0,15.2,2025-11-26 20:47:59,9,11,Primavera
107417,VITAMINA C+ZINC+D3 NARANJA TAB.EFERV. TBOX20UND,EUROCARE,1.0,0.0,15.2,2025-11-27 09:34:06,16,11,Primavera
107417,VITAMINA C+ZINC+D3 NARANJA TAB.EFERV. TBOX20UND,EUROCARE,1.0,0.0,15.2,2025-11-28 19:33:11,2,11,Primavera
107417,VITAMINA C+ZINC+D3 NARANJA TAB.EFERV. TBOX20UND,EUROCARE,1.0,0.0,15.2,2025-11-29 18:16:29,15,11,Primavera
107417,VITAMINA C+ZINC+D3 NARANJA TAB.EFERV. TBOX20UND,EUROCARE,1.0,0.0,15.2,2025-11-29 18:41:29,5,11,Primavera
107417,VITAMINA C+ZINC+D3 NARANJA TAB.EFERV. TBOX20UND,EUROCARE,1.0,0.0,15.2,2025-11-30 23:28:17,5,11,Primavera
107417,VITAMINA C+ZINC+D3 NARANJA TAB.EFERV. TBOX20UND,EUROCARE,1.0,0.0,15.2,2025-12-01 12:30:02,1,12,Verano
107417,VITAMINA C+ZINC+D3 NARANJA TAB.EFERV. TBOX20UND,EUROCARE,2.0,0.0,30.4,2025-12-01 20:35:13,4,12,Verano
107417,VITAMINA C+ZINC+D3 NARANJA TAB.EFERV. TBOX20UND,EUROCARE,1.0,0.0,15.2,2025-12-02 12:16:27,3,12,Verano
107417,VITAMINA C+ZINC+D3 NARANJA TAB.EFERV. TBOX20UND,EUROCARE,1.0,0.0,15.2,2025-12-02 20:26:29,1,12,Verano
107417,VITAMINA C+ZINC+D3 NARANJA TAB.EFERV. TBOX20UND,EUROCARE,1.0,0.0,15.2,2025-12-03 09:59:34,14,12,Verano
107417,VITAMINA C+ZINC+D3 NARANJA TAB.EFERV. TBOX20UND,EUROCARE,1.0,0.0,15.2,2025-12-03 14:53:55,15,12,Verano
107417,VITAMINA C+ZINC+D3 NARANJA TAB.EFERV. TBOX20UND,EUROCARE,1.0,0.0,15.2,2025-12-04 11:06:02,15,12,Verano
107417,VITAMINA C+ZINC+D3 NARANJA TAB.EFERV. TBOX20UND,EUROCARE,1.0,0.0,15.2,2025-12-04 14:43:15,14,12,Verano
107417,VITAMINA C+ZINC+D3 NARANJA TAB.EFERV. TBOX20UND,EUROCARE,1.0,0.0,15.2,2025-12-04 21:21:07,15,12,Verano
107417,VITAMINA C+ZINC+D3 NARANJA TAB.EFERV. TBOX20UND,EUROCARE,1.0,0.0,15.2,2025-12-05 12:31:00,1,12,Verano
107417,VITAMINA C+ZINC+D3 NARANJA TAB.EFERV. TBOX20UND,EUROCARE,1.0,0.0,15.2,2025-12-07 21:30:58,3,12,Verano
107417,VITAMINA C+ZINC+D3 NARANJA TAB.EFERV. TBOX20UND,EUROCARE,2.0,0.0,30.4,2025-12-11 11:31:55,3,12,Verano
107417,VITAMINA C+ZINC+D3 NARANJA TAB.EFERV. TBOX20UND,EUROCARE,1.0,0.0,15.2,2025-12-11 18:41:43,3,12,Verano
107417,VITAMINA C+ZINC+D3 NARANJA TAB.EFERV. TBOX20UND,EUROCARE,1.0,0.0,15.2,2025-12-11 20:33:04,5,12,Verano
107417,VITAMINA C+ZINC+D3 NARANJA TAB.EFERV. TBOX20UND,EUROCARE,1.0,0.0,15.2,2025-12-13 14:54:03,3,12,Verano
107417,VITAMINA C+ZINC+D3 NARANJA TAB.EFERV. TBOX20UND,EUROCARE,1.0,0.0,15.2,2025-12-14 13:03:11,15,12,Verano
107417,VITAMINA C+ZINC+D3 NARANJA TAB.EFERV. TBOX20UND,EUROCARE,1.0,0.0,15.2,2025-12-15 13:09:59,10,12,Verano
107417,VITAMINA C+ZINC+D3 NARANJA TAB.EFERV. TBOX20UND,EUROCARE,1.0,0.0,15.2,2025-12-16 09:23:58,4,12,Verano
107417,VITAMINA C+ZINC+D3 NARANJA TAB.EFERV. TBOX20UND,EUROCARE,1.0,0.0,15.2,2025-12-16 18:07:54,13,12,Verano
107417,VITAMINA C+ZINC+D3 NARANJA TAB.EFERV. TBOX20UND,EUROCARE,1.0,0.0,15.2,2025-12-16 22:36:31,4,12,Verano
107417,VITAMINA C+ZINC+D3 NARANJA TAB.EFERV. TBOX20UND,EUROCARE,1.0,0.0,15.2,2025-12-19 10:16:34,1,12,Verano
107417,VITAMINA C+ZINC+D3 NARANJA TAB.EFERV. TBOX20UND,EUROCARE,1.0,0.0,15.2,2025-12-19 18:08:37,12,12,Verano
107417,VITAMINA C+ZINC+D3 NARANJA TAB.EFERV. TBOX20UND,EUROCARE,1.0,0.0,15.2,2025-12-20 19:25:31,13,12,Verano
107417,VITAMINA C+ZINC+D3 NARANJA TAB.EFERV. TBOX20UND,EUROCARE,1.0,0.0,15.2,2025-12-24 12:04:23,15,12,Verano
107417,VITAMINA C+ZINC+D3 NARANJA TAB.EFERV. TBOX20UND,EUROCARE,1.0,0.0,15.2,2025-12-25 19:26:14,16,12,Verano
107417,VITAMINA C+ZINC+D3 NARANJA TAB.EFERV. TBOX20UND,EUROCARE,1.0,0.0,15.2,2025-12-26 15:12:52,4,12,Verano
107417,VITAMINA C+ZINC+D3 NARANJA TAB.EFERV. TBOX20UND,EUROCARE,1.0,0.0,15.2,2025-12-29 17:45:11,3,12,Verano
107417,VITAMINA C+ZINC+D3 NARANJA TAB.EFERV. TBOX20UND,EUROCARE,1.0,0.0,15.2,2025-12-29 18:31:29,3,12,Verano
107417,VITAMINA C+ZINC+D3 NARANJA TAB.EFERV. TBOX20UND,EUROCARE,1.0,0.0,15.2,2025-12-30 08:36:54,11,12,Verano
107417,VITAMINA C+ZINC+D3 NARANJA TAB.EFERV. TBOX20UND,EUROCARE,1.0,0.0,15.2,2025-12-31 09:17:14,5,12,Verano
107417,VITAMINA C+ZINC+D3 NARANJA TAB.EFERV. TBOX20UND,EUROCARE,1.0,0.0,15.2,2026-01-02 10:29:12,16,1,Verano
107417,VITAMINA C+ZINC+D3 NARANJA TAB.EFERV. TBOX20UND,EUROCARE,1.0,0.0,15.2,2026-01-02 19:55:32,12,1,Verano
107417,VITAMINA C+ZINC+D3 NARANJA TAB.EFERV. TBOX20UND,EUROCARE,1.0,0.0,15.2,2026-01-03 13:33:53,16,1,Verano
107417,VITAMINA C+ZINC+D3 NARANJA TAB.EFERV. TBOX20UND,EUROCARE,-1.0,0.0,-15.2,2026-01-03 13:38:12,16,1,Verano
107417,VITAMINA C+ZINC+D3 NARANJA TAB.EFERV. TBOX20UND,EUROCARE,1.0,0.0,15.2,2026-01-03 13:39:02,16,1,Verano
107417,VITAMINA C+ZINC+D3 NARANJA TAB.EFERV. TBOX20UND,EUROCARE,1.0,0.0,15.2,2026-01-03 18:41:01,15,1,Verano
107417,VITAMINA C+ZINC+D3 NARANJA TAB.EFERV. TBOX20UND,EUROCARE,1.0,0.0,15.2,2026-01-04 18:28:16,2,1,Verano
107417,VITAMINA C+ZINC+D3 NARANJA TAB.EFERV. TBOX20UND,EUROCARE,1.0,0.0,15.2,2026-01-05 15:49:52,14,1,Verano
107417,VITAMINA C+ZINC+D3 NARANJA TAB.EFERV. TBOX20UND,EUROCARE,1.0,0.0,15.2,2026-01-05 18:51:10,9,1,Verano
107417,VITAMINA C+ZINC+D3 NARANJA TAB.EFERV. TBOX20UND,EUROCARE,1.0,0.0,15.2,2026-01-05 19:21:03,10,1,Verano
107417,VITAMINA C+ZINC+D3 NARANJA TAB.EFERV. TBOX20UND,EUROCARE,1.0,0.0,15.2,2026-01-06 21:19:58,15,1,Verano
107417,VITAMINA C+ZINC+D3 NARANJA TAB.EFERV. TBOX20UND,EUROCARE,1.0,0.0,15.2,2026-01-06 22:39:09,5,1,Verano
107417,VITAMINA C+ZINC+D3 NARANJA TAB.EFERV. TBOX20UND,EUROCARE,1.0,0.0,15.2,2026-01-07 09:16:39,2,1,Verano
107417,VITAMINA C+ZINC+D3 NARANJA TAB.EFERV. TBOX20UND,EUROCARE,1.0,0.0,15.2,2026-01-07 16:59:06,14,1,Verano
107417,VITAMINA C+ZINC+D3 NARANJA TAB.EFERV. TBOX20UND,EUROCARE,1.0,0.0,15.2,2026-01-07 20:59:11,12,1,Verano
107417,VITAMINA C+ZINC+D3 NARANJA TAB.EFERV. TBOX20UND,EUROCARE,1.0,0.0,15.2,2026-01-09 13:47:29,15,1,Verano
107417,VITAMINA C+ZINC+D3 NARANJA TAB.EFERV. TBOX20UND,EUROCARE,1.0,0.0,15.2,2026-01-09 21:21:51,11,1,Verano
107417,VITAMINA C+ZINC+D3 NARANJA TAB.EFERV. TBOX20UND,EUROCARE,1.0,0.0,15.2,2026-01-13 21:10:51,7,1,Verano
107417,VITAMINA C+ZINC+D3 NARANJA TAB.EFERV. TBOX20UND,EUROCARE,1.0,0.0,15.2,2026-01-13 22:11:06,4,1,Verano
107417,VITAMINA C+ZINC+D3 NARANJA TAB.EFERV. TBOX20UND,EUROCARE,2.0,0.0,30.4,2026-01-14 13:21:36,6,1,Verano
107417,VITAMINA C+ZINC+D3 NARANJA TAB.EFERV. TBOX20UND,EUROCARE,1.0,0.0,15.2,2026-01-14 13:44:24,5,1,Verano
107417,VITAMINA C+ZINC+D3 NARANJA TAB.EFERV. TBOX20UND,EUROCARE,1.0,0.0,15.2,2026-01-15 07:53:43,15,1,Verano
107417,VITAMINA C+ZINC+D3 NARANJA TAB.EFERV. TBOX20UND,EUROCARE,1.0,0.0,15.2,2026-01-15 11:49:55,11,1,Verano
107417,VITAMINA C+ZINC+D3 NARANJA TAB.EFERV. TBOX20UND,EUROCARE,1.0,0.0,15.2,2026-01-15 18:45:10,3,1,Verano
107417,VITAMINA C+ZINC+D3 NARANJA TAB.EFERV. TBOX20UND,EUROCARE,1.0,0.0,15.2,2026-01-15 18:46:53,10,1,Verano
107417,VITAMINA C+ZINC+D3 NARANJA TAB.EFERV. TBOX20UND,EUROCARE,5.0,0.0,76.0,2026-01-16 15:21:39,16,1,Verano
107417,VITAMINA C+ZINC+D3 NARANJA TAB.EFERV. TBOX20UND,EUROCARE,1.0,0.0,15.2,2026-01-17 11:00:20,11,1,Verano
107417,VITAMINA C+ZINC+D3 NARANJA TAB.EFERV. TBOX20UND,EUROCARE,1.0,0.0,15.2,2026-01-18 23:40:28,4,1,Verano
107417,VITAMINA C+ZINC+D3 NARANJA TAB.EFERV. TBOX20UND,EUROCARE,1.0,0.0,15.2,2026-01-19 10:53:59,4,1,Verano
107417,VITAMINA C+ZINC+D3 NARANJA TAB.EFERV. TBOX20UND,EUROCARE,1.0,0.0,15.2,2026-01-20 10:59:19,2,1,Verano
107417,VITAMINA C+ZINC+D3 NARANJA TAB.EFERV. TBOX20UND,EUROCARE,1.0,0.0,15.2,2026-01-20 19:32:06,11,1,Verano
107417,VITAMINA C+ZINC+D3 NARANJA TAB.EFERV. TBOX20UND,EUROCARE,1.0,0.0,15.2,2026-01-20 19:45:48,15,1,Verano
107417,VITAMINA C+ZINC+D3 NARANJA TAB.EFERV. TBOX20UND,EUROCARE,1.0,0.0,15.2,2026-01-20 19:48:24,5,1,Verano
107417,VITAMINA C+ZINC+D3 NARANJA TAB.EFERV. TBOX20UND,EUROCARE,1.0,0.0,15.2,2026-01-20 21:53:58,15,1,Verano
107417,VITAMINA C+ZINC+D3 NARANJA TAB.EFERV. TBOX20UND,EUROCARE,1.0,0.0,15.2,2026-01-21 12:10:15,14,1,Verano
107417,VITAMINA C+ZINC+D3 NARANJA TAB.EFERV. TBOX20UND,EUROCARE,1.0,0.0,15.2,2026-01-21 14:22:59,6,1,Verano
107417,VITAMINA C+ZINC+D3 NARANJA TAB.EFERV. TBOX20UND,EUROCARE,1.0,0.0,15.2,2026-01-21 17:42:26,16,1,Verano
107417,VITAMINA C+ZINC+D3 NARANJA TAB.EFERV. TBOX20UND,EUROCARE,1.0,0.0,15.2,2026-01-22 15:03:01,3,1,Verano
107417,VITAMINA C+ZINC+D3 NARANJA TAB.EFERV. TBOX20UND,EUROCARE,1.0,0.0,15.2,2026-01-24 08:37:20,5,1,Verano
107417,VITAMINA C+ZINC+D3 NARANJA TAB.EFERV. TBOX20UND,EUROCARE,1.0,0.0,15.2,2026-01-27 18:01:14,5,1,Verano
107417,VITAMINA C+ZINC+D3 NARANJA TAB.EFERV. TBOX20UND,EUROCARE,1.0,0.0,15.2,2026-01-27 21:31:39,11,1,Verano
107417,VITAMINA C+ZINC+D3 NARANJA TAB.EFERV. TBOX20UND,EUROCARE,1.0,0.0,15.2,2026-01-27 22:28:22,1,1,Verano
107417,VITAMINA C+ZINC+D3 NARANJA TAB.EFERV. TBOX20UND,EUROCARE,1.0,0.0,15.2,2026-01-28 08:17:27,8,1,Verano
107417,VITAMINA C+ZINC+D3 NARANJA TAB.EFERV. TBOX20UND,EUROCARE,1.0,0.0,15.2,2026-01-28 13:15:26,15,1,Verano
107417,VITAMINA C+ZINC+D3 NARANJA TAB.EFERV. TBOX20UND,EUROCARE,1.0,0.0,15.2,2026-01-28 16:08:08,16,1,Verano
107417,VITAMINA C+ZINC+D3 NARANJA TAB.EFERV. TBOX20UND,EUROCARE,1.0,0.0,15.2,2026-01-28 21:57:51,1,1,Verano
107417,VITAMINA C+ZINC+D3 NARANJA TAB.EFERV. TBOX20UND,EUROCARE,1.0,0.0,15.2,2026-01-28 22:54:53,4,1,Verano
107417,VITAMINA C+ZINC+D3 NARANJA TAB.EFERV. TBOX20UND,EUROCARE,1.0,0.0,15.2,2026-01-29 11:01:27,5,1,Verano
107417,VITAMINA C+ZINC+D3 NARANJA TAB.EFERV. TBOX20UND,EUROCARE,1.0,0.0,15.2,2026-01-29 16:28:19,10,1,Verano
107417,VITAMINA C+ZINC+D3 NARANJA TAB.EFERV. TBOX20UND,EUROCARE,1.0,0.0,15.2,2026-01-29 22:02:37,5,1,Verano
107417,VITAMINA C+ZINC+D3 NARANJA TAB.EFERV. TBOX20UND,EUROCARE,1.0,0.0,15.2,2026-01-30 20:12:19,3,1,Verano
107417,VITAMINA C+ZINC+D3 NARANJA TAB.EFERV. TBOX20UND,EUROCARE,2.0,0.0,30.4,2026-01-30 20:35:56,6,1,Verano
107417,VITAMINA C+ZINC+D3 NARANJA TAB.EFERV. TBOX20UND,EUROCARE,1.0,0.0,14.9,2026-02-01 17:49:23,3,2,Verano
107417,VITAMINA C+ZINC+D3 NARANJA TAB.EFERV. TBOX20UND,EUROCARE,1.0,0.0,14.9,2026-02-01 20:27:30,14,2,Verano
107417,VITAMINA C+ZINC+D3 NARANJA TAB.EFERV. TBOX20UND,EUROCARE,1.0,0.0,14.9,2026-02-02 21:08:25,5,2,Verano
107417,VITAMINA C+ZINC+D3 NARANJA TAB.EFERV. TBOX20UND,EUROCARE,1.0,0.0,14.9,2026-02-03 15:44:12,6,2,Verano
107417,VITAMINA C+ZINC+D3 NARANJA TAB.EFERV. TBOX20UND,EUROCARE,1.0,0.0,14.9,2026-02-03 20:37:40,3,2,Verano
107417,VITAMINA C+ZINC+D3 NARANJA TAB.EFERV. TBOX20UND,EUROCARE,1.0,0.0,12.44,2026-02-03 20:48:39,4,2,Verano
107417,VITAMINA C+ZINC+D3 NARANJA TAB.EFERV. TBOX20UND,EUROCARE,1.0,0.0,14.9,2026-02-03 20:54:24,7,2,Verano
107417,VITAMINA C+ZINC+D3 NARANJA TAB.EFERV. TBOX20UND,EUROCARE,1.0,0.0,14.9,2026-02-04 11:03:10,10,2,Verano
107417,VITAMINA C+ZINC+D3 NARANJA TAB.EFERV. TBOX20UND,EUROCARE,1.0,0.0,14.9,2026-02-04 12:50:55,2,2,Verano
107417,VITAMINA C+ZINC+D3 NARANJA TAB.EFERV. TBOX20UND,EUROCARE,1.0,0.0,14.9,2026-02-04 15:17:18,4,2,Verano
107417,VITAMINA C+ZINC+D3 NARANJA TAB.EFERV. TBOX20UND,EUROCARE,1.0,0.0,14.9,2026-02-04 18:39:39,3,2,Verano
107417,VITAMINA C+ZINC+D3 NARANJA TAB.EFERV. TBOX20UND,EUROCARE,1.0,0.0,14.9,2026-02-04 19:37:25,16,2,Verano
107417,VITAMINA C+ZINC+D3 NARANJA TAB.EFERV. TBOX20UND,EUROCARE,1.0,0.0,14.9,2026-02-05 18:55:47,4,2,Verano
107417,VITAMINA C+ZINC+D3 NARANJA TAB.EFERV. TBOX20UND,EUROCARE,1.0,0.0,14.9,2026-02-05 20:05:56,2,2,Verano
107417,VITAMINA C+ZINC+D3 NARANJA TAB.EFERV. TBOX20UND,EUROCARE,1.0,0.0,14.9,2026-02-06 13:23:24,3,2,Verano
107417,VITAMINA C+ZINC+D3 NARANJA TAB.EFERV. TBOX20UND,EUROCARE,1.0,0.0,14.9,2026-02-06 17:35:02,1,2,Verano
107417,VITAMINA C+ZINC+D3 NARANJA TAB.EFERV. TBOX20UND,EUROCARE,1.0,0.0,14.9,2026-02-07 20:23:03,3,2,Verano
107417,VITAMINA C+ZINC+D3 NARANJA TAB.EFERV. TBOX20UND,EUROCARE,1.0,0.0,14.9,2026-02-08 12:11:58,14,2,Verano
107417,VITAMINA C+ZINC+D3 NARANJA TAB.EFERV. TBOX20UND,EUROCARE,1.0,0.0,14.9,2026-02-08 13:49:29,3,2,Verano
107417,VITAMINA C+ZINC+D3 NARANJA TAB.EFERV. TBOX20UND,EUROCARE,2.0,0.0,29.8,2026-02-08 18:24:38,13,2,Verano
107417,VITAMINA C+ZINC+D3 NARANJA TAB.EFERV. TBOX20UND,EUROCARE,1.0,0.0,14.9,2026-02-09 19:30:07,10,2,Verano
107417,VITAMINA C+ZINC+D3 NARANJA TAB.EFERV. TBOX20UND,EUROCARE,1.0,0.0,14.16,2026-02-10 09:18:47,3,2,Verano
107417,VITAMINA C+ZINC+D3 NARANJA TAB.EFERV. TBOX20UND,EUROCARE,1.0,0.0,14.9,2026-02-10 13:36:20,14,2,Verano
107417,VITAMINA C+ZINC+D3 NARANJA TAB.EFERV. TBOX20UND,EUROCARE,1.0,0.0,14.9,2026-02-10 17:27:26,2,2,Verano
107417,VITAMINA C+ZINC+D3 NARANJA TAB.EFERV. TBOX20UND,EUROCARE,1.0,0.0,14.9,2026-02-11 13:04:18,1,2,Verano
107417,VITAMINA C+ZINC+D3 NARANJA TAB.EFERV. TBOX20UND,EUROCARE,1.0,0.0,14.9,2026-02-12 07:24:02,12,2,Verano
107417,VITAMINA C+ZINC+D3 NARANJA TAB.EFERV. TBOX20UND,EUROCARE,1.0,0.0,14.9,2026-02-12 12:45:08,16,2,Verano
107417,VITAMINA C+ZINC+D3 NARANJA TAB.EFERV. TBOX20UND,EUROCARE,1.0,0.0,14.9,2026-02-12 15:51:38,7,2,Verano
107417,VITAMINA C+ZINC+D3 NARANJA TAB.EFERV. TBOX20UND,EUROCARE,1.0,0.0,14.9,2026-02-12 20:09:14,10,2,Verano
107417,VITAMINA C+ZINC+D3 NARANJA TAB.EFERV. TBOX20UND,EUROCARE,2.0,0.0,29.8,2026-02-13 12:14:46,14,2,Verano
107417,VITAMINA C+ZINC+D3 NARANJA TAB.EFERV. TBOX20UND,EUROCARE,1.0,0.0,14.9,2026-02-13 13:02:43,17,2,Verano
107417,VITAMINA C+ZINC+D3 NARANJA TAB.EFERV. TBOX20UND,EUROCARE,1.0,0.0,14.9,2026-02-13 13:43:55,14,2,Verano
107417,VITAMINA C+ZINC+D3 NARANJA TAB.EFERV. TBOX20UND,EUROCARE,1.0,0.0,14.16,2026-02-13 14:30:21,17,2,Verano
107417,VITAMINA C+ZINC+D3 NARANJA TAB.EFERV. TBOX20UND,EUROCARE,1.0,0.0,14.9,2026-02-13 15:07:42,3,2,Verano
107417,VITAMINA C+ZINC+D3 NARANJA TAB.EFERV. TBOX20UND,EUROCARE,2.0,0.0,29.8,2026-02-13 16:42:39,12,2,Verano
107417,VITAMINA C+ZINC+D3 NARANJA TAB.EFERV. TBOX20UND,EUROCARE,1.0,0.0,14.9,2026-02-13 16:46:11,14,2,Verano
107417,VITAMINA C+ZINC+D3 NARANJA TAB.EFERV. TBOX20UND,EUROCARE,1.0,0.0,14.9,2026-02-13 22:21:29,14,2,Verano
107417,VITAMINA C+ZINC+D3 NARANJA TAB.EFERV. TBOX20UND,EUROCARE,1.0,0.0,14.9,2026-02-14 10:17:01,14,2,Verano
107417,VITAMINA C+ZINC+D3 NARANJA TAB.EFERV. TBOX20UND,EUROCARE,1.0,0.0,14.9,2026-02-14 15:55:13,14,2,Verano
107417,VITAMINA C+ZINC+D3 NARANJA TAB.EFERV. TBOX20UND,EUROCARE,1.0,0.0,14.9,2026-02-15 17:01:00,15,2,Verano
107417,VITAMINA C+ZINC+D3 NARANJA TAB.EFERV. TBOX20UND,EUROCARE,1.0,0.0,14.9,2026-02-15 17:45:06,15,2,Verano
107417,VITAMINA C+ZINC+D3 NARANJA TAB.EFERV. TBOX20UND,EUROCARE,1.0,0.0,14.9,2026-02-15 20:58:26,5,2,Verano
107417,VITAMINA C+ZINC+D3 NARANJA TAB.EFERV. TBOX20UND,EUROCARE,1.0,0.0,14.9,2026-02-15 22:39:44,4,2,Verano
107417,VITAMINA C+ZINC+D3 NARANJA TAB.EFERV. TBOX20UND,EUROCARE,1.0,0.0,14.9,2026-02-16 10:42:54,3,2,Verano
107417,VITAMINA C+ZINC+D3 NARANJA TAB.EFERV. TBOX20UND,EUROCARE,1.0,0.0,14.9,2026-02-16 20:30:36,14,2,Verano
107417,VITAMINA C+ZINC+D3 NARANJA TAB.EFERV. TBOX20UND,EUROCARE,1.0,0.0,14.9,2026-02-17 07:30:38,5,2,Verano
107417,VITAMINA C+ZINC+D3 NARANJA TAB.EFERV. TBOX20UND,EUROCARE,1.0,0.0,14.9,2026-02-17 11:10:00,6,2,Verano
107417,VITAMINA C+ZINC+D3 NARANJA TAB.EFERV. TBOX20UND,EUROCARE,2.0,0.0,29.8,2026-02-17 11:46:06,1,2,Verano
107417,VITAMINA C+ZINC+D3 NARANJA TAB.EFERV. TBOX20UND,EUROCARE,1.0,0.0,14.9,2026-02-17 12:34:40,6,2,Verano
107417,VITAMINA C+ZINC+D3 NARANJA TAB.EFERV. TBOX20UND,EUROCARE,1.0,0.0,14.9,2026-02-17 17:19:33,1,2,Verano
107417,VITAMINA C+ZINC+D3 NARANJA TAB.EFERV. TBOX20UND,EUROCARE,1.0,0.0,14.9,2026-02-17 17:44:58,12,2,Verano
107417,VITAMINA C+ZINC+D3 NARANJA TAB.EFERV. TBOX20UND,EUROCARE,1.0,0.0,14.9,2026-02-17 21:43:29,1,2,Verano
107417,VITAMINA C+ZINC+D3 NARANJA TAB.EFERV. TBOX20UND,EUROCARE,1.0,0.0,14.9,2026-02-18 10:19:58,14,2,Verano
107417,VITAMINA C+ZINC+D3 NARANJA TAB.EFERV. TBOX20UND,EUROCARE,1.0,0.0,14.9,2026-02-18 13:08:41,5,2,Verano
107417,VITAMINA C+ZINC+D3 NARANJA TAB.EFERV. TBOX20UND,EUROCARE,1.0,0.0,14.9,2026-02-18 17:57:15,12,2,Verano
107417,VITAMINA C+ZINC+D3 NARANJA TAB.EFERV. TBOX20UND,EUROCARE,1.0,0.0,14.9,2026-02-18 20:17:27,17,2,Verano
107417,VITAMINA C+ZINC+D3 NARANJA TAB.EFERV. TBOX20UND,EUROCARE,1.0,0.0,14.9,2026-02-19 08:50:07,14,2,Verano
107417,VITAMINA C+ZINC+D3 NARANJA TAB.EFERV. TBOX20UND,EUROCARE,1.0,0.0,14.9,2026-02-19 14:58:12,14,2,Verano
107417,VITAMINA C+ZINC+D3 NARANJA TAB.EFERV. TBOX20UND,EUROCARE,2.0,0.0,29.8,2026-02-19 16:30:14,1,2,Verano
107417,VITAMINA C+ZINC+D3 NARANJA TAB.EFERV. TBOX20UND,EUROCARE,1.0,0.0,14.9,2026-02-20 17:59:24,2,2,Verano
107417,VITAMINA C+ZINC+D3 NARANJA TAB.EFERV. TBOX20UND,EUROCARE,1.0,0.0,14.9,2026-02-20 19:34:55,16,2,Verano
107417,VITAMINA C+ZINC+D3 NARANJA TAB.EFERV. TBOX20UND,EUROCARE,1.0,0.0,14.9,2026-02-21 12:48:06,4,2,Verano
107417,VITAMINA C+ZINC+D3 NARANJA TAB.EFERV. TBOX20UND,EUROCARE,1.0,0.0,14.9,2026-02-21 19:31:22,12,2,Verano
107417,VITAMINA C+ZINC+D3 NARANJA TAB.EFERV. TBOX20UND,EUROCARE,1.0,0.0,14.9,2026-02-22 07:15:22,6,2,Verano
107417,VITAMINA C+ZINC+D3 NARANJA TAB.EFERV. TBOX20UND,EUROCARE,1.0,0.0,14.9,2026-02-22 15:00:29,12,2,Verano
107417,VITAMINA C+ZINC+D3 NARANJA TAB.EFERV. TBOX20UND,EUROCARE,1.0,0.0,14.9,2026-02-22 17:33:05,6,2,Verano
107417,VITAMINA C+ZINC+D3 NARANJA TAB.EFERV. TBOX20UND,EUROCARE,1.0,0.0,14.9,2026-02-22 21:12:55,7,2,Verano
107417,VITAMINA C+ZINC+D3 NARANJA TAB.EFERV. TBOX20UND,EUROCARE,1.0,0.0,14.9,2026-02-22 22:03:56,14,2,Verano
107417,VITAMINA C+ZINC+D3 NARANJA TAB.EFERV. TBOX20UND,EUROCARE,1.0,0.0,14.9,2026-02-23 16:42:07,17,2,Verano
107417,VITAMINA C+ZINC+D3 NARANJA TAB.EFERV. TBOX20UND,EUROCARE,1.0,0.0,14.9,2026-02-24 19:29:39,10,2,Verano
107417,VITAMINA C+ZINC+D3 NARANJA TAB.EFERV. TBOX20UND,EUROCARE,1.0,0.0,14.9,2026-02-24 21:31:25,14,2,Verano
107417,VITAMINA C+ZINC+D3 NARANJA TAB.EFERV. TBOX20UND,EUROCARE,1.0,0.0,14.9,2026-02-25 15:14:34,12,2,Verano
107417,VITAMINA C+ZINC+D3 NARANJA TAB.EFERV. TBOX20UND,EUROCARE,1.0,0.0,14.9,2026-02-25 18:45:16,11,2,Verano
107417,VITAMINA C+ZINC+D3 NARANJA TAB.EFERV. TBOX20UND,EUROCARE,1.0,0.0,14.9,2026-02-25 18:56:13,10,2,Verano
107417,VITAMINA C+ZINC+D3 NARANJA TAB.EFERV. TBOX20UND,EUROCARE,2.0,0.0,29.8,2026-02-26 11:35:43,3,2,Verano
107417,VITAMINA C+ZINC+D3 NARANJA TAB.EFERV. TBOX20UND,EUROCARE,1.0,0.0,14.9,2026-02-26 17:59:46,3,2,Verano
107417,VITAMINA C+ZINC+D3 NARANJA TAB.EFERV. TBOX20UND,EUROCARE,1.0,0.0,14.9,2026-02-26 19:18:16,4,2,Verano
107417,VITAMINA C+ZINC+D3 NARANJA TAB.EFERV. TBOX20UND,EUROCARE,1.0,0.0,14.9,2026-02-26 20:39:18,4,2,Verano
107417,VITAMINA C+ZINC+D3 NARANJA TAB.EFERV. TBOX20UND,EUROCARE,2.0,0.0,29.8,2026-02-27 10:49:40,14,2,Verano
107417,VITAMINA C+ZINC+D3 NARANJA TAB.EFERV. TBOX20UND,EUROCARE,1.0,0.0,14.9,2026-02-27 10:50:12,17,2,Verano
107417,VITAMINA C+ZINC+D3 NARANJA TAB.EFERV. TBOX20UND,EUROCARE,1.0,0.0,14.9,2026-02-27 11:47:22,4,2,Verano
107417,VITAMINA C+ZINC+D3 NARANJA TAB.EFERV. TBOX20UND,EUROCARE,2.0,0.0,29.8,2026-02-27 16:34:18,7,2,Verano
107417,VITAMINA C+ZINC+D3 NARANJA TAB.EFERV. TBOX20UND,EUROCARE,1.0,0.0,14.9,2026-02-28 07:51:19,3,2,Verano
107417,VITAMINA C+ZINC+D3 NARANJA TAB.EFERV. TBOX20UND,EUROCARE,1.0,0.0,14.9,2026-02-28 12:45:38,2,2,Verano
107417,VITAMINA C+ZINC+D3 NARANJA TAB.EFERV. TBOX20UND,EUROCARE,1.0,0.0,14.9,2026-03-01 19:19:53,19,3,Otoño
107417,VITAMINA C+ZINC+D3 NARANJA TAB.EFERV. TBOX20UND,EUROCARE,1.0,0.0,14.9,2026-03-02 13:01:21,5,3,Otoño
107417,VITAMINA C+ZINC+D3 NARANJA TAB.EFERV. TBOX20UND,EUROCARE,1.0,0.0,14.9,2026-03-02 13:43:08,5,3,Otoño
107417,VITAMINA C+ZINC+D3 NARANJA TAB.EFERV. TBOX20UND,EUROCARE,1.0,0.0,14.9,2026-03-02 18:21:45,4,3,Otoño
107417,VITAMINA C+ZINC+D3 NARANJA TAB.EFERV. TBOX20UND,EUROCARE,1.0,0.0,14.9,2026-03-02 19:40:06,1,3,Otoño
107417,VITAMINA C+ZINC+D3 NARANJA TAB.EFERV. TBOX20UND,EUROCARE,1.0,0.0,14.9,2026-03-02 20:33:40,3,3,Otoño
107417,VITAMINA C+ZINC+D3 NARANJA TAB.EFERV. TBOX20UND,EUROCARE,1.0,0.0,14.9,2026-03-02 20:57:56,12,3,Otoño
107417,VITAMINA C+ZINC+D3 NARANJA TAB.EFERV. TBOX20UND,EUROCARE,1.0,0.0,14.16,2026-03-03 13:50:38,3,3,Otoño
107417,VITAMINA C+ZINC+D3 NARANJA TAB.EFERV. TBOX20UND,EUROCARE,1.0,0.0,14.9,2026-03-04 10:48:35,11,3,Otoño
107417,VITAMINA C+ZINC+D3 NARANJA TAB.EFERV. TBOX20UND,EUROCARE,1.0,0.0,14.9,2026-03-04 11:23:20,6,3,Otoño
107417,VITAMINA C+ZINC+D3 NARANJA TAB.EFERV. TBOX20UND,EUROCARE,1.0,0.0,14.9,2026-03-04 19:26:44,5,3,Otoño
107417,VITAMINA C+ZINC+D3 NARANJA TAB.EFERV. TBOX20UND,EUROCARE,1.0,0.0,14.9,2026-03-05 12:39:39,10,3,Otoño
107417,VITAMINA C+ZINC+D3 NARANJA TAB.EFERV. TBOX20UND,EUROCARE,1.0,0.0,14.9,2026-03-05 12:44:37,10,3,Otoño
107417,VITAMINA C+ZINC+D3 NARANJA TAB.EFERV. TBOX20UND,EUROCARE,-1.0,0.0,-14.9,2026-03-05 12:44:58,10,3,Otoño
107417,VITAMINA C+ZINC+D3 NARANJA TAB.EFERV. TBOX20UND,EUROCARE,1.0,0.0,14.9,2026-03-05 20:09:35,17,3,Otoño
107417,VITAMINA C+ZINC+D3 NARANJA TAB.EFERV. TBOX20UND,EUROCARE,1.0,0.0,14.9,2026-03-06 16:34:12,17,3,Otoño
107417,VITAMINA C+ZINC+D3 NARANJA TAB.EFERV. TBOX20UND,EUROCARE,1.0,0.0,14.9,2026-03-06 21:48:58,1,3,Otoño
107417,VITAMINA C+ZINC+D3 NARANJA TAB.EFERV. TBOX20UND,EUROCARE,1.0,0.0,14.9,2026-03-07 17:13:39,3,3,Otoño
107417,VITAMINA C+ZINC+D3 NARANJA TAB.EFERV. TBOX20UND,EUROCARE,1.0,0.0,14.9,2026-03-07 18:05:26,17,3,Otoño
107417,VITAMINA C+ZINC+D3 NARANJA TAB.EFERV. TBOX20UND,EUROCARE,1.0,0.0,14.9,2026-03-07 19:55:38,10,3,Otoño
107417,VITAMINA C+ZINC+D3 NARANJA TAB.EFERV. TBOX20UND,EUROCARE,1.0,0.0,14.9,2026-03-07 20:35:43,4,3,Otoño
107417,VITAMINA C+ZINC+D3 NARANJA TAB.EFERV. TBOX20UND,EUROCARE,1.0,0.0,14.9,2026-03-07 22:31:56,16,3,Otoño
107417,VITAMINA C+ZINC+D3 NARANJA TAB.EFERV. TBOX20UND,EUROCARE,1.0,0.0,14.9,2026-03-08 09:15:59,12,3,Otoño
107417,VITAMINA C+ZINC+D3 NARANJA TAB.EFERV. TBOX20UND,EUROCARE,1.0,0.0,14.9,2026-03-08 09:41:50,10,3,Otoño
107417,VITAMINA C+ZINC+D3 NARANJA TAB.EFERV. TBOX20UND,EUROCARE,1.0,0.0,14.9,2026-03-08 10:50:03,11,3,Otoño
107417,VITAMINA C+ZINC+D3 NARANJA TAB.EFERV. TBOX20UND,EUROCARE,1.0,0.0,14.9,2026-03-08 11:01:46,10,3,Otoño
107417,VITAMINA C+ZINC+D3 NARANJA TAB.EFERV. TBOX20UND,EUROCARE,1.0,0.0,14.9,2026-03-08 19:52:38,1,3,Otoño
107417,VITAMINA C+ZINC+D3 NARANJA TAB.EFERV. TBOX20UND,EUROCARE,1.0,0.0,14.9,2026-03-09 15:23:18,6,3,Otoño
107417,VITAMINA C+ZINC+D3 NARANJA TAB.EFERV. TBOX20UND,EUROCARE,1.0,0.0,14.9,2026-03-09 19:44:55,6,3,Otoño
107417,VITAMINA C+ZINC+D3 NARANJA TAB.EFERV. TBOX20UND,EUROCARE,1.0,0.0,14.9,2026-03-10 14:02:00,11,3,Otoño
107417,VITAMINA C+ZINC+D3 NARANJA TAB.EFERV. TBOX20UND,EUROCARE,1.0,0.0,14.9,2026-03-10 17:56:25,5,3,Otoño
107417,VITAMINA C+ZINC+D3 NARANJA TAB.EFERV. TBOX20UND,EUROCARE,1.0,0.0,14.9,2026-03-11 19:41:17,1,3,Otoño
107417,VITAMINA C+ZINC+D3 NARANJA TAB.EFERV. TBOX20UND,EUROCARE,1.0,0.0,14.16,2026-03-12 16:33:35,3,3,Otoño
107417,VITAMINA C+ZINC+D3 NARANJA TAB.EFERV. TBOX20UND,EUROCARE,2.0,0.0,29.8,2026-03-13 11:21:31,2,3,Otoño
107417,VITAMINA C+ZINC+D3 NARANJA TAB.EFERV. TBOX20UND,EUROCARE,1.0,0.0,14.9,2026-03-13 13:48:26,1,3,Otoño
107417,VITAMINA C+ZINC+D3 NARANJA TAB.EFERV. TBOX20UND,EUROCARE,1.0,0.0,14.9,2026-03-13 13:50:12,1,3,Otoño
107417,VITAMINA C+ZINC+D3 NARANJA TAB.EFERV. TBOX20UND,EUROCARE,1.0,0.0,14.9,2026-03-13 20:09:48,17,3,Otoño
107417,VITAMINA C+ZINC+D3 NARANJA TAB.EFERV. TBOX20UND,EUROCARE,1.0,0.0,14.9,2026-03-14 11:00:02,6,3,Otoño
107417,VITAMINA C+ZINC+D3 NARANJA TAB.EFERV. TBOX20UND,EUROCARE,1.0,0.0,14.9,2026-03-15 12:13:25,6,3,Otoño
107417,VITAMINA C+ZINC+D3 NARANJA TAB.EFERV. TBOX20UND,EUROCARE,1.0,0.0,14.9,2026-03-15 20:13:09,6,3,Otoño
107417,VITAMINA C+ZINC+D3 NARANJA TAB.EFERV. TBOX20UND,EUROCARE,1.0,0.0,14.9,2026-03-17 19:27:42,15,3,Otoño
107417,VITAMINA C+ZINC+D3 NARANJA TAB.EFERV. TBOX20UND,EUROCARE,1.0,0.0,14.9,2026-03-18 08:34:30,13,3,Otoño
107417,VITAMINA C+ZINC+D3 NARANJA TAB.EFERV. TBOX20UND,EUROCARE,1.0,0.0,14.9,2026-03-18 20:39:27,3,3,Otoño
107417,VITAMINA C+ZINC+D3 NARANJA TAB.EFERV. TBOX20UND,EUROCARE,1.0,0.0,14.9,2026-03-18 21:08:35,1,3,Otoño
107417,VITAMINA C+ZINC+D3 NARANJA TAB.EFERV. TBOX20UND,EUROCARE,1.0,0.0,14.9,2026-03-19 08:43:33,13,3,Otoño
107417,VITAMINA C+ZINC+D3 NARANJA TAB.EFERV. TBOX20UND,EUROCARE,1.0,0.0,14.9,2026-03-19 13:32:25,17,3,Otoño
107417,VITAMINA C+ZINC+D3 NARANJA TAB.EFERV. TBOX20UND,EUROCARE,2.0,0.0,29.8,2026-03-19 14:25:41,17,3,Otoño
107417,VITAMINA C+ZINC+D3 NARANJA TAB.EFERV. TBOX20UND,EUROCARE,1.0,0.0,14.9,2026-03-19 20:00:17,5,3,Otoño
107417,VITAMINA C+ZINC+D3 NARANJA TAB.EFERV. TBOX20UND,EUROCARE,1.0,0.0,14.9,2026-03-20 07:16:21,4,3,Otoño
107417,VITAMINA C+ZINC+D3 NARANJA TAB.EFERV. TBOX20UND,EUROCARE,1.0,0.0,14.9,2026-03-20 07:38:54,17,3,Otoño
107417,VITAMINA C+ZINC+D3 NARANJA TAB.EFERV. TBOX20UND,EUROCARE,1.0,0.0,14.9,2026-03-20 20:40:05,1,3,Otoño
107417,VITAMINA C+ZINC+D3 NARANJA TAB.EFERV. TBOX20UND,EUROCARE,1.0,0.0,14.9,2026-03-21 12:11:35,3,3,Otoño
107417,VITAMINA C+ZINC+D3 NARANJA TAB.EFERV. TBOX20UND,EUROCARE,2.0,0.0,29.8,2026-03-21 12:34:03,2,3,Otoño
107417,VITAMINA C+ZINC+D3 NARANJA TAB.EFERV. TBOX20UND,EUROCARE,1.0,0.0,14.9,2026-03-21 17:54:37,11,3,Otoño
107417,VITAMINA C+ZINC+D3 NARANJA TAB.EFERV. TBOX20UND,EUROCARE,1.0,0.0,14.9,2026-03-21 18:59:28,2,3,Otoño
107417,VITAMINA C+ZINC+D3 NARANJA TAB.EFERV. TBOX20UND,EUROCARE,1.0,0.0,14.9,2026-03-21 19:58:27,5,3,Otoño
107417,VITAMINA C+ZINC+D3 NARANJA TAB.EFERV. TBOX20UND,EUROCARE,1.0,0.0,14.9,2026-03-22 13:24:46,4,3,Otoño
107417,VITAMINA C+ZINC+D3 NARANJA TAB.EFERV. TBOX20UND,EUROCARE,1.0,0.0,14.9,2026-03-22 16:17:04,6,3,Otoño
107417,VITAMINA C+ZINC+D3 NARANJA TAB.EFERV. TBOX20UND,EUROCARE,1.0,0.0,14.9,2026-03-23 08:31:56,5,3,Otoño
107417,VITAMINA C+ZINC+D3 NARANJA TAB.EFERV. TBOX20UND,EUROCARE,1.0,0.0,14.9,2026-03-23 20:53:40,12,3,Otoño
107417,VITAMINA C+ZINC+D3 NARANJA TAB.EFERV. TBOX20UND,EUROCARE,1.0,0.0,14.9,2026-03-24 09:40:27,6,3,Otoño
107417,VITAMINA C+ZINC+D3 NARANJA TAB.EFERV. TBOX20UND,EUROCARE,1.0,0.0,14.9,2026-03-24 22:59:42,5,3,Otoño
107417,VITAMINA C+ZINC+D3 NARANJA TAB.EFERV. TBOX20UND,EUROCARE,1.0,0.0,14.9,2026-03-25 09:01:20,5,3,Otoño
107417,VITAMINA C+ZINC+D3 NARANJA TAB.EFERV. TBOX20UND,EUROCARE,1.0,0.0,14.9,2026-03-25 09:56:51,2,3,Otoño
107417,VITAMINA C+ZINC+D3 NARANJA TAB.EFERV. TBOX20UND,EUROCARE,1.0,0.0,14.9,2026-03-25 13:01:53,4,3,Otoño
107417,VITAMINA C+ZINC+D3 NARANJA TAB.EFERV. TBOX20UND,EUROCARE,1.0,0.0,14.9,2026-03-25 19:41:42,16,3,Otoño
107417,VITAMINA C+ZINC+D3 NARANJA TAB.EFERV. TBOX20UND,EUROCARE,1.0,0.0,14.9,2026-03-25 21:55:09,4,3,Otoño
107417,VITAMINA C+ZINC+D3 NARANJA TAB.EFERV. TBOX20UND,EUROCARE,1.0,0.0,14.9,2026-03-26 10:10:54,4,3,Otoño
107417,VITAMINA C+ZINC+D3 NARANJA TAB.EFERV. TBOX20UND,EUROCARE,1.0,0.0,14.9,2026-03-26 10:35:27,3,3,Otoño
107417,VITAMINA C+ZINC+D3 NARANJA TAB.EFERV. TBOX20UND,EUROCARE,1.0,0.0,14.9,2026-03-26 19:03:41,2,3,Otoño
107417,VITAMINA C+ZINC+D3 NARANJA TAB.EFERV. TBOX20UND,EUROCARE,1.0,0.0,14.9,2026-03-26 20:21:58,5,3,Otoño
107417,VITAMINA C+ZINC+D3 NARANJA TAB.EFERV. TBOX20UND,EUROCARE,1.0,0.0,14.9,2026-03-27 08:06:16,6,3,Otoño
107417,VITAMINA C+ZINC+D3 NARANJA TAB.EFERV. TBOX20UND,EUROCARE,1.0,0.0,14.9,2026-03-27 13:10:36,1,3,Otoño
107417,VITAMINA C+ZINC+D3 NARANJA TAB.EFERV. TBOX20UND,EUROCARE,1.0,0.0,14.9,2026-03-27 14:39:19,12,3,Otoño
107417,VITAMINA C+ZINC+D3 NARANJA TAB.EFERV. TBOX20UND,EUROCARE,1.0,0.0,14.9,2026-03-27 16:21:44,11,3,Otoño
107417,VITAMINA C+ZINC+D3 NARANJA TAB.EFERV. TBOX20UND,EUROCARE,1.0,0.0,14.9,2026-03-27 16:46:51,2,3,Otoño
107417,VITAMINA C+ZINC+D3 NARANJA TAB.EFERV. TBOX20UND,EUROCARE,1.0,0.0,14.9,2026-03-27 21:16:53,3,3,Otoño
107417,VITAMINA C+ZINC+D3 NARANJA TAB.EFERV. TBOX20UND,EUROCARE,1.0,0.0,14.9,2026-03-28 12:33:35,9,3,Otoño
107417,VITAMINA C+ZINC+D3 NARANJA TAB.EFERV. TBOX20UND,EUROCARE,1.0,0.0,14.9,2026-03-28 12:55:58,10,3,Otoño
107417,VITAMINA C+ZINC+D3 NARANJA TAB.EFERV. TBOX20UND,EUROCARE,-1.0,0.0,-14.9,2026-03-28 12:56:32,10,3,Otoño
107417,VITAMINA C+ZINC+D3 NARANJA TAB.EFERV. TBOX20UND,EUROCARE,1.0,0.0,14.9,2026-03-28 13:00:30,10,3,Otoño
107417,VITAMINA C+ZINC+D3 NARANJA TAB.EFERV. TBOX20UND,EUROCARE,-1.0,0.0,-14.9,2026-03-28 13:01:41,10,3,Otoño
107417,VITAMINA C+ZINC+D3 NARANJA TAB.EFERV. TBOX20UND,EUROCARE,1.0,0.0,14.9,2026-03-28 13:03:22,10,3,Otoño
107417,VITAMINA C+ZINC+D3 NARANJA TAB.EFERV. TBOX20UND,EUROCARE,1.0,0.0,14.9,2026-03-28 18:32:59,12,3,Otoño
107417,VITAMINA C+ZINC+D3 NARANJA TAB.EFERV. TBOX20UND,EUROCARE,1.0,0.0,14.9,2026-03-28 21:52:20,3,3,Otoño
107417,VITAMINA C+ZINC+D3 NARANJA TAB.EFERV. TBOX20UND,EUROCARE,1.0,0.0,14.9,2026-03-29 17:07:05,7,3,Otoño
107417,VITAMINA C+ZINC+D3 NARANJA TAB.EFERV. TBOX20UND,EUROCARE,1.0,0.0,14.9,2026-03-29 21:29:19,17,3,Otoño
107417,VITAMINA C+ZINC+D3 NARANJA TAB.EFERV. TBOX20UND,EUROCARE,1.0,0.0,14.9,2026-03-30 08:02:59,6,3,Otoño
107417,VITAMINA C+ZINC+D3 NARANJA TAB.EFERV. TBOX20UND,EUROCARE,1.0,0.0,14.9,2026-03-30 14:40:20,3,3,Otoño
107417,VITAMINA C+ZINC+D3 NARANJA TAB.EFERV. TBOX20UND,EUROCARE,1.0,0.0,14.9,2026-03-31 12:12:18,3,3,Otoño
107417,VITAMINA C+ZINC+D3 NARANJA TAB.EFERV. TBOX20UND,EUROCARE,1.0,0.0,14.9,2026-03-31 19:37:26,14,3,Otoño
107417,VITAMINA C+ZINC+D3 NARANJA TAB.EFERV. TBOX20UND,EUROCARE,1.0,0.0,14.9,2026-03-31 19:39:17,15,3,Otoño
107417,VITAMINA C+ZINC+D3 NARANJA TAB.EFERV. TBOX20UND,EUROCARE,1.0,0.0,14.9,2026-03-31 21:39:50,1,3,Otoño
107417,VITAMINA C+ZINC+D3 NARANJA TAB.EFERV. TBOX20UND,EUROCARE,1.0,0.0,14.9,2026-03-31 21:48:07,3,3,Otoño
107417,VITAMINA C+ZINC+D3 NARANJA TAB.EFERV. TBOX20UND,EUROCARE,1.0,0.0,14.9,2026-04-01 11:48:36,10,4,Otoño
107417,VITAMINA C+ZINC+D3 NARANJA TAB.EFERV. TBOX20UND,EUROCARE,1.0,0.0,14.9,2026-04-01 13:27:28,15,4,Otoño
107417,VITAMINA C+ZINC+D3 NARANJA TAB.EFERV. TBOX20UND,EUROCARE,1.0,0.0,14.9,2026-04-01 15:07:55,5,4,Otoño
107417,VITAMINA C+ZINC+D3 NARANJA TAB.EFERV. TBOX20UND,EUROCARE,1.0,0.0,14.9,2026-04-02 14:31:43,10,4,Otoño
107417,VITAMINA C+ZINC+D3 NARANJA TAB.EFERV. TBOX20UND,EUROCARE,1.0,0.0,14.9,2026-04-03 18:54:21,12,4,Otoño
107417,VITAMINA C+ZINC+D3 NARANJA TAB.EFERV. TBOX20UND,EUROCARE,1.0,0.0,14.9,2026-04-04 12:11:20,19,4,Otoño
107417,VITAMINA C+ZINC+D3 NARANJA TAB.EFERV. TBOX20UND,EUROCARE,1.0,0.0,14.9,2026-04-04 16:58:26,19,4,Otoño
107417,VITAMINA C+ZINC+D3 NARANJA TAB.EFERV. TBOX20UND,EUROCARE,1.0,0.0,14.9,2026-04-05 16:50:04,11,4,Otoño
107417,VITAMINA C+ZINC+D3 NARANJA TAB.EFERV. TBOX20UND,EUROCARE,-1.0,0.0,-14.9,2026-04-05 16:56:27,11,4,Otoño
107417,VITAMINA C+ZINC+D3 NARANJA TAB.EFERV. TBOX20UND,EUROCARE,1.0,0.0,14.9,2026-04-05 16:57:42,11,4,Otoño
107417,VITAMINA C+ZINC+D3 NARANJA TAB.EFERV. TBOX20UND,EUROCARE,1.0,0.0,14.9,2026-04-05 17:09:00,16,4,Otoño
107417,VITAMINA C+ZINC+D3 NARANJA TAB.EFERV. TBOX20UND,EUROCARE,1.0,0.0,14.9,2026-04-05 20:30:36,9,4,Otoño
107417,VITAMINA C+ZINC+D3 NARANJA TAB.EFERV. TBOX20UND,EUROCARE,1.0,0.0,14.9,2026-04-06 07:56:23,3,4,Otoño
107417,VITAMINA C+ZINC+D3 NARANJA TAB.EFERV. TBOX20UND,EUROCARE,1.0,0.0,14.9,2026-04-06 09:15:27,3,4,Otoño
107417,VITAMINA C+ZINC+D3 NARANJA TAB.EFERV. TBOX20UND,EUROCARE,1.0,0.0,14.9,2026-04-06 14:24:56,12,4,Otoño
107417,VITAMINA C+ZINC+D3 NARANJA TAB.EFERV. TBOX20UND,EUROCARE,1.0,0.0,14.9,2026-04-06 18:04:39,6,4,Otoño
107417,VITAMINA C+ZINC+D3 NARANJA TAB.EFERV. TBOX20UND,EUROCARE,1.0,0.0,14.9,2026-04-07 12:59:08,1,4,Otoño
107417,VITAMINA C+ZINC+D3 NARANJA TAB.EFERV. TBOX20UND,EUROCARE,1.0,0.0,14.9,2026-04-07 19:39:07,14,4,Otoño
107417,VITAMINA C+ZINC+D3 NARANJA TAB.EFERV. TBOX20UND,EUROCARE,1.0,0.0,14.9,2026-04-07 20:31:10,3,4,Otoño
107417,VITAMINA C+ZINC+D3 NARANJA TAB.EFERV. TBOX20UND,EUROCARE,1.0,0.0,14.9,2026-04-07 20:38:18,3,4,Otoño
107417,VITAMINA C+ZINC+D3 NARANJA TAB.EFERV. TBOX20UND,EUROCARE,1.0,0.0,14.9,2026-04-08 09:11:54,14,4,Otoño
107417,VITAMINA C+ZINC+D3 NARANJA TAB.EFERV. TBOX20UND,EUROCARE,1.0,0.0,14.9,2026-04-08 16:47:06,4,4,Otoño
107417,VITAMINA C+ZINC+D3 NARANJA TAB.EFERV. TBOX20UND,EUROCARE,1.0,0.0,14.9,2026-04-08 21:15:36,14,4,Otoño
107417,VITAMINA C+ZINC+D3 NARANJA TAB.EFERV. TBOX20UND,EUROCARE,1.0,0.0,14.9,2026-04-10 18:00:46,3,4,Otoño
107417,VITAMINA C+ZINC+D3 NARANJA TAB.EFERV. TBOX20UND,EUROCARE,1.0,0.0,14.9,2026-04-10 19:36:12,3,4,Otoño
107417,VITAMINA C+ZINC+D3 NARANJA TAB.EFERV. TBOX20UND,EUROCARE,1.0,0.0,14.9,2026-04-10 20:01:31,9,4,Otoño
107417,VITAMINA C+ZINC+D3 NARANJA TAB.EFERV. TBOX20UND,EUROCARE,1.0,0.0,14.9,2026-04-10 22:17:02,10,4,Otoño
107417,VITAMINA C+ZINC+D3 NARANJA TAB.EFERV. TBOX20UND,EUROCARE,1.0,0.0,14.9,2026-04-11 19:35:39,7,4,Otoño
107417,VITAMINA C+ZINC+D3 NARANJA TAB.EFERV. TBOX20UND,EUROCARE,1.0,0.0,14.9,2026-04-11 22:50:22,10,4,Otoño
107417,VITAMINA C+ZINC+D3 NARANJA TAB.EFERV. TBOX20UND,EUROCARE,-1.0,0.0,-14.9,2026-04-11 22:55:27,10,4,Otoño
107417,VITAMINA C+ZINC+D3 NARANJA TAB.EFERV. TBOX20UND,EUROCARE,1.0,0.0,14.9,2026-04-12 15:05:26,14,4,Otoño
107417,VITAMINA C+ZINC+D3 NARANJA TAB.EFERV. TBOX20UND,EUROCARE,1.0,0.0,14.9,2026-04-12 15:39:48,8,4,Otoño
107417,VITAMINA C+ZINC+D3 NARANJA TAB.EFERV. TBOX20UND,EUROCARE,1.0,0.0,14.9,2026-04-13 08:14:22,6,4,Otoño
107417,VITAMINA C+ZINC+D3 NARANJA TAB.EFERV. TBOX20UND,EUROCARE,1.0,0.0,14.15,2026-04-13 11:33:47,13,4,Otoño
107417,VITAMINA C+ZINC+D3 NARANJA TAB.EFERV. TBOX20UND,EUROCARE,1.0,0.0,14.16,2026-04-13 16:55:58,3,4,Otoño
107417,VITAMINA C+ZINC+D3 NARANJA TAB.EFERV. TBOX20UND,EUROCARE,1.0,0.0,14.9,2026-04-13 17:19:36,14,4,Otoño
107417,VITAMINA C+ZINC+D3 NARANJA TAB.EFERV. TBOX20UND,EUROCARE,1.0,0.0,14.9,2026-04-15 07:29:05,10,4,Otoño
107417,VITAMINA C+ZINC+D3 NARANJA TAB.EFERV. TBOX20UND,EUROCARE,1.0,0.0,14.9,2026-04-15 19:09:04,3,4,Otoño
107417,VITAMINA C+ZINC+D3 NARANJA TAB.EFERV. TBOX20UND,EUROCARE,1.0,0.0,14.9,2026-04-15 21:22:34,4,4,Otoño
107417,VITAMINA C+ZINC+D3 NARANJA TAB.EFERV. TBOX20UND,EUROCARE,1.0,0.0,14.9,2026-04-16 11:33:47,6,4,Otoño
107417,VITAMINA C+ZINC+D3 NARANJA TAB.EFERV. TBOX20UND,EUROCARE,1.0,0.0,14.9,2026-04-16 19:44:40,9,4,Otoño
107417,VITAMINA C+ZINC+D3 NARANJA TAB.EFERV. TBOX20UND,EUROCARE,1.0,0.0,14.9,2026-04-16 23:40:24,4,4,Otoño
107417,VITAMINA C+ZINC+D3 NARANJA TAB.EFERV. TBOX20UND,EUROCARE,1.0,0.0,14.9,2026-04-17 12:26:19,16,4,Otoño
107417,VITAMINA C+ZINC+D3 NARANJA TAB.EFERV. TBOX20UND,EUROCARE,1.0,0.0,14.9,2026-04-17 15:34:00,9,4,Otoño
107417,VITAMINA C+ZINC+D3 NARANJA TAB.EFERV. TBOX20UND,EUROCARE,-1.0,0.0,-14.9,2026-04-17 15:35:30,9,4,Otoño
107417,VITAMINA C+ZINC+D3 NARANJA TAB.EFERV. TBOX20UND,EUROCARE,1.0,0.0,14.9,2026-04-17 15:37:45,9,4,Otoño
107417,VITAMINA C+ZINC+D3 NARANJA TAB.EFERV. TBOX20UND,EUROCARE,1.0,0.0,14.9,2026-04-17 18:35:35,2,4,Otoño
107417,VITAMINA C+ZINC+D3 NARANJA TAB.EFERV. TBOX20UND,EUROCARE,-1.0,0.0,-14.9,2026-04-17 20:49:26,2,4,Otoño
107417,VITAMINA C+ZINC+D3 NARANJA TAB.EFERV. TBOX20UND,EUROCARE,1.0,0.0,14.9,2026-04-18 18:58:28,11,4,Otoño
107417,VITAMINA C+ZINC+D3 NARANJA TAB.EFERV. TBOX20UND,EUROCARE,1.0,0.0,14.9,2026-04-18 23:19:50,5,4,Otoño
107417,VITAMINA C+ZINC+D3 NARANJA TAB.EFERV. TBOX20UND,EUROCARE,1.0,0.0,14.9,2026-04-19 21:14:55,5,4,Otoño
107417,VITAMINA C+ZINC+D3 NARANJA TAB.EFERV. TBOX20UND,EUROCARE,1.0,0.0,14.9,2026-04-20 11:55:06,12,4,Otoño
107417,VITAMINA C+ZINC+D3 NARANJA TAB.EFERV. TBOX20UND,EUROCARE,1.0,0.0,14.9,2026-04-20 19:51:12,5,4,Otoño
107417,VITAMINA C+ZINC+D3 NARANJA TAB.EFERV. TBOX20UND,EUROCARE,1.0,0.0,14.9,2026-04-20 22:35:16,5,4,Otoño
107417,VITAMINA C+ZINC+D3 NARANJA TAB.EFERV. TBOX20UND,EUROCARE,1.0,0.0,14.9,2026-04-21 19:13:48,15,4,Otoño
107417,VITAMINA C+ZINC+D3 NARANJA TAB.EFERV. TBOX20UND,EUROCARE,1.0,0.0,14.9,2026-04-21 19:15:16,11,4,Otoño
107417,VITAMINA C+ZINC+D3 NARANJA TAB.EFERV. TBOX20UND,EUROCARE,1.0,0.0,14.9,2026-04-23 11:18:29,2,4,Otoño
107417,VITAMINA C+ZINC+D3 NARANJA TAB.EFERV. TBOX20UND,EUROCARE,1.0,0.0,14.9,2026-04-24 18:00:57,15,4,Otoño
107417,VITAMINA C+ZINC+D3 NARANJA TAB.EFERV. TBOX20UND,EUROCARE,1.0,0.0,14.9,2026-04-24 22:08:17,1,4,Otoño
107417,VITAMINA C+ZINC+D3 NARANJA TAB.EFERV. TBOX20UND,EUROCARE,1.0,0.0,14.9,2026-04-25 22:20:06,12,4,Otoño
107417,VITAMINA C+ZINC+D3 NARANJA TAB.EFERV. TBOX20UND,EUROCARE,1.0,0.0,14.9,2026-04-26 10:52:37,15,4,Otoño
107417,VITAMINA C+ZINC+D3 NARANJA TAB.EFERV. TBOX20UND,EUROCARE,1.0,0.0,14.9,2026-04-26 18:26:45,4,4,Otoño
107417,VITAMINA C+ZINC+D3 NARANJA TAB.EFERV. TBOX20UND,EUROCARE,1.0,0.0,14.9,2026-04-26 20:54:53,16,4,Otoño
107417,VITAMINA C+ZINC+D3 NARANJA TAB.EFERV. TBOX20UND,EUROCARE,1.0,0.0,14.5,2026-04-27 23:57:32,10,4,Otoño
107417,VITAMINA C+ZINC+D3 NARANJA TAB.EFERV. TBOX20UND,EUROCARE,1.0,0.0,14.5,2026-04-28 08:37:26,19,4,Otoño
107417,VITAMINA C+ZINC+D3 NARANJA TAB.EFERV. TBOX20UND,EUROCARE,2.0,0.0,29.8,2026-04-28 12:32:45,13,4,Otoño
107417,VITAMINA C+ZINC+D3 NARANJA TAB.EFERV. TBOX20UND,EUROCARE,1.0,0.0,14.5,2026-04-28 19:14:54,9,4,Otoño
107417,VITAMINA C+ZINC+D3 NARANJA TAB.EFERV. TBOX20UND,EUROCARE,1.0,0.0,14.9,2026-04-28 20:06:42,12,4,Otoño
107417,VITAMINA C+ZINC+D3 NARANJA TAB.EFERV. TBOX20UND,EUROCARE,1.0,0.0,14.5,2026-04-29 19:32:01,17,4,Otoño
107417,VITAMINA C+ZINC+D3 NARANJA TAB.EFERV. TBOX20UND,EUROCARE,1.0,0.0,14.5,2026-04-29 19:47:59,6,4,Otoño
107417,VITAMINA C+ZINC+D3 NARANJA TAB.EFERV. TBOX20UND,EUROCARE,1.0,0.0,14.5,2026-04-30 08:09:41,7,4,Otoño
107417,VITAMINA C+ZINC+D3 NARANJA TAB.EFERV. TBOX20UND,EUROCARE,1.0,0.0,14.5,2026-04-30 08:44:31,14,4,Otoño
107417,VITAMINA C+ZINC+D3 NARANJA TAB.EFERV. TBOX20UND,EUROCARE,1.0,0.0,14.5,2026-04-30 09:32:08,1,4,Otoño
107417,VITAMINA C+ZINC+D3 NARANJA TAB.EFERV. TBOX20UND,EUROCARE,1.0,0.0,14.5,2026-04-30 12:22:25,6,4,Otoño
107417,VITAMINA C+ZINC+D3 NARANJA TAB.EFERV. TBOX20UND,EUROCARE,1.0,0.0,14.5,2026-04-30 12:30:15,11,4,Otoño
107417,VITAMINA C+ZINC+D3 NARANJA TAB.EFERV. TBOX20UND,EUROCARE,1.0,0.0,14.5,2026-04-30 21:53:19,3,4,Otoño
107417,VITAMINA C+ZINC+D3 NARANJA TAB.EFERV. TBOX20UND,EUROCARE,1.0,0.0,14.5,2026-04-30 22:30:56,6,4,Otoño
107417,VITAMINA C+ZINC+D3 NARANJA TAB.EFERV. TBOX20UND,EUROCARE,1.0,0.0,14.5,2026-05-01 07:21:18,19,5,Otoño
107417,VITAMINA C+ZINC+D3 NARANJA TAB.EFERV. TBOX20UND,EUROCARE,1.0,0.0,14.5,2026-05-01 19:57:48,7,5,Otoño
107417,VITAMINA C+ZINC+D3 NARANJA TAB.EFERV. TBOX20UND,EUROCARE,1.0,0.0,14.5,2026-05-02 15:31:29,15,5,Otoño
107417,VITAMINA C+ZINC+D3 NARANJA TAB.EFERV. TBOX20UND,EUROCARE,1.0,0.0,14.5,2026-05-02 22:59:56,2,5,Otoño
107417,VITAMINA C+ZINC+D3 NARANJA TAB.EFERV. TBOX20UND,EUROCARE,1.0,0.0,14.5,2026-05-03 07:53:28,6,5,Otoño
107417,VITAMINA C+ZINC+D3 NARANJA TAB.EFERV. TBOX20UND,EUROCARE,1.0,0.0,14.5,2026-05-03 10:31:28,14,5,Otoño
107417,VITAMINA C+ZINC+D3 NARANJA TAB.EFERV. TBOX20UND,EUROCARE,1.0,0.0,14.5,2026-05-04 07:31:06,17,5,Otoño
107417,VITAMINA C+ZINC+D3 NARANJA TAB.EFERV. TBOX20UND,EUROCARE,1.0,0.0,14.5,2026-05-04 10:42:02,12,5,Otoño
107417,VITAMINA C+ZINC+D3 NARANJA TAB.EFERV. TBOX20UND,EUROCARE,1.0,0.0,14.5,2026-05-04 12:00:53,3,5,Otoño
107417,VITAMINA C+ZINC+D3 NARANJA TAB.EFERV. TBOX20UND,EUROCARE,1.0,0.0,14.5,2026-05-04 12:02:21,5,5,Otoño
107417,VITAMINA C+ZINC+D3 NARANJA TAB.EFERV. TBOX20UND,EUROCARE,1.0,0.0,14.5,2026-05-04 17:00:30,17,5,Otoño
107417,VITAMINA C+ZINC+D3 NARANJA TAB.EFERV. TBOX20UND,EUROCARE,1.0,0.0,14.5,2026-05-04 18:30:32,5,5,Otoño
107417,VITAMINA C+ZINC+D3 NARANJA TAB.EFERV. TBOX20UND,EUROCARE,1.0,0.0,14.5,2026-05-04 19:43:17,10,5,Otoño
107417,VITAMINA C+ZINC+D3 NARANJA TAB.EFERV. TBOX20UND,EUROCARE,1.0,0.0,14.5,2026-05-04 21:49:09,5,5,Otoño
107417,VITAMINA C+ZINC+D3 NARANJA TAB.EFERV. TBOX20UND,EUROCARE,1.0,0.0,14.5,2026-05-04 21:51:08,19,5,Otoño
107417,VITAMINA C+ZINC+D3 NARANJA TAB.EFERV. TBOX20UND,EUROCARE,1.0,0.0,14.5,2026-05-05 19:52:18,7,5,Otoño
107417,VITAMINA C+ZINC+D3 NARANJA TAB.EFERV. TBOX20UND,EUROCARE,1.0,0.0,14.5,2026-05-05 20:16:20,14,5,Otoño
107417,VITAMINA C+ZINC+D3 NARANJA TAB.EFERV. TBOX20UND,EUROCARE,1.0,0.0,14.5,2026-05-06 09:31:44,14,5,Otoño
107417,VITAMINA C+ZINC+D3 NARANJA TAB.EFERV. TBOX20UND,EUROCARE,1.0,0.0,14.5,2026-05-06 15:01:40,15,5,Otoño
107417,VITAMINA C+ZINC+D3 NARANJA TAB.EFERV. TBOX20UND,EUROCARE,1.0,0.0,14.5,2026-05-06 19:18:29,12,5,Otoño
107417,VITAMINA C+ZINC+D3 NARANJA TAB.EFERV. TBOX20UND,EUROCARE,1.0,0.0,14.5,2026-05-06 21:50:15,4,5,Otoño
107417,VITAMINA C+ZINC+D3 NARANJA TAB.EFERV. TBOX20UND,EUROCARE,1.0,0.0,14.5,2026-05-07 14:11:28,10,5,Otoño
107417,VITAMINA C+ZINC+D3 NARANJA TAB.EFERV. TBOX20UND,EUROCARE,1.0,0.0,14.5,2026-05-07 21:36:51,12,5,Otoño
107417,VITAMINA C+ZINC+D3 NARANJA TAB.EFERV. TBOX20UND,EUROCARE,1.0,0.0,14.5,2026-05-08 09:41:09,2,5,Otoño
107417,VITAMINA C+ZINC+D3 NARANJA TAB.EFERV. TBOX20UND,EUROCARE,1.0,0.0,14.5,2026-05-09 09:32:26,15,5,Otoño
107417,VITAMINA C+ZINC+D3 NARANJA TAB.EFERV. TBOX20UND,EUROCARE,1.0,0.0,14.5,2026-05-09 10:27:04,12,5,Otoño
107417,VITAMINA C+ZINC+D3 NARANJA TAB.EFERV. TBOX20UND,EUROCARE,1.0,0.0,14.5,2026-05-09 13:08:37,19,5,Otoño
107417,VITAMINA C+ZINC+D3 NARANJA TAB.EFERV. TBOX20UND,EUROCARE,1.0,0.0,14.5,2026-05-09 18:53:08,6,5,Otoño
107417,VITAMINA C+ZINC+D3 NARANJA TAB.EFERV. TBOX20UND,EUROCARE,1.0,0.0,14.5,2026-05-09 20:01:47,14,5,Otoño
107417,VITAMINA C+ZINC+D3 NARANJA TAB.EFERV. TBOX20UND,EUROCARE,1.0,0.0,14.5,2026-05-10 10:58:58,10,5,Otoño
107417,VITAMINA C+ZINC+D3 NARANJA TAB.EFERV. TBOX20UND,EUROCARE,1.0,0.0,14.5,2026-05-10 16:44:31,2,5,Otoño
107417,VITAMINA C+ZINC+D3 NARANJA TAB.EFERV. TBOX20UND,EUROCARE,1.0,0.0,14.5,2026-05-10 21:00:26,4,5,Otoño
107417,VITAMINA C+ZINC+D3 NARANJA TAB.EFERV. TBOX20UND,EUROCARE,1.0,0.0,14.5,2026-05-11 13:59:51,19,5,Otoño
107417,VITAMINA C+ZINC+D3 NARANJA TAB.EFERV. TBOX20UND,EUROCARE,1.0,0.0,14.5,2026-05-11 15:01:08,16,5,Otoño
107417,VITAMINA C+ZINC+D3 NARANJA TAB.EFERV. TBOX20UND,EUROCARE,1.0,0.0,14.5,2026-05-11 22:09:35,15,5,Otoño
107417,VITAMINA C+ZINC+D3 NARANJA TAB.EFERV. TBOX20UND,EUROCARE,1.0,0.0,14.5,2026-05-12 10:59:33,5,5,Otoño
107417,VITAMINA C+ZINC+D3 NARANJA TAB.EFERV. TBOX20UND,EUROCARE,1.0,0.0,14.5,2026-05-13 12:12:18,6,5,Otoño
107417,VITAMINA C+ZINC+D3 NARANJA TAB.EFERV. TBOX20UND,EUROCARE,2.0,0.0,29.0,2026-05-13 16:58:37,4,5,Otoño
107417,VITAMINA C+ZINC+D3 NARANJA TAB.EFERV. TBOX20UND,EUROCARE,1.0,0.0,14.5,2026-05-14 09:21:43,16,5,Otoño
107417,VITAMINA C+ZINC+D3 NARANJA TAB.EFERV. TBOX20UND,EUROCARE,1.0,0.0,14.5,2026-05-14 10:37:24,13,5,Otoño
107417,VITAMINA C+ZINC+D3 NARANJA TAB.EFERV. TBOX20UND,EUROCARE,1.0,0.0,14.5,2026-05-14 11:06:33,17,5,Otoño
107417,VITAMINA C+ZINC+D3 NARANJA TAB.EFERV. TBOX20UND,EUROCARE,1.0,0.0,14.5,2026-05-14 11:55:22,12,5,Otoño
107417,VITAMINA C+ZINC+D3 NARANJA TAB.EFERV. TBOX20UND,EUROCARE,1.0,0.0,14.5,2026-05-14 13:13:03,10,5,Otoño
107417,VITAMINA C+ZINC+D3 NARANJA TAB.EFERV. TBOX20UND,EUROCARE,1.0,0.0,14.5,2026-05-14 13:18:03,5,5,Otoño
107417,VITAMINA C+ZINC+D3 NARANJA TAB.EFERV. TBOX20UND,EUROCARE,1.0,0.0,14.5,2026-05-14 16:23:26,2,5,Otoño
107417,VITAMINA C+ZINC+D3 NARANJA TAB.EFERV. TBOX20UND,EUROCARE,1.0,0.0,14.5,2026-05-14 18:41:15,19,5,Otoño
107417,VITAMINA C+ZINC+D3 NARANJA TAB.EFERV. TBOX20UND,EUROCARE,1.0,0.0,14.5,2026-05-14 19:16:31,1,5,Otoño
107417,VITAMINA C+ZINC+D3 NARANJA TAB.EFERV. TBOX20UND,EUROCARE,1.0,0.0,14.5,2026-05-14 20:57:19,12,5,Otoño
107417,VITAMINA C+ZINC+D3 NARANJA TAB.EFERV. TBOX20UND,EUROCARE,1.0,0.0,14.5,2026-05-15 13:46:15,10,5,Otoño
107417,VITAMINA C+ZINC+D3 NARANJA TAB.EFERV. TBOX20UND,EUROCARE,1.0,0.0,14.5,2026-05-15 19:56:21,13,5,Otoño
107417,VITAMINA C+ZINC+D3 NARANJA TAB.EFERV. TBOX20UND,EUROCARE,1.0,0.0,14.5,2026-05-15 20:25:12,5,5,Otoño
107417,VITAMINA C+ZINC+D3 NARANJA TAB.EFERV. TBOX20UND,EUROCARE,1.0,0.0,14.5,2026-05-16 17:21:58,14,5,Otoño
107417,VITAMINA C+ZINC+D3 NARANJA TAB.EFERV. TBOX20UND,EUROCARE,2.0,0.0,29.0,2026-05-16 23:01:23,4,5,Otoño
107417,VITAMINA C+ZINC+D3 NARANJA TAB.EFERV. TBOX20UND,EUROCARE,1.0,0.0,14.5,2026-05-17 11:20:35,6,5,Otoño
107417,VITAMINA C+ZINC+D3 NARANJA TAB.EFERV. TBOX20UND,EUROCARE,1.0,0.0,14.5,2026-05-17 12:55:00,6,5,Otoño
107417,VITAMINA C+ZINC+D3 NARANJA TAB.EFERV. TBOX20UND,EUROCARE,1.0,0.0,14.5,2026-05-17 15:13:13,6,5,Otoño
107417,VITAMINA C+ZINC+D3 NARANJA TAB.EFERV. TBOX20UND,EUROCARE,1.0,0.0,14.5,2026-05-17 16:18:52,10,5,Otoño
107417,VITAMINA C+ZINC+D3 NARANJA TAB.EFERV. TBOX20UND,EUROCARE,1.0,0.0,14.5,2026-05-18 07:08:24,6,5,Otoño
107417,VITAMINA C+ZINC+D3 NARANJA TAB.EFERV. TBOX20UND,EUROCARE,1.0,0.0,14.5,2026-05-18 12:56:38,13,5,Otoño
107417,VITAMINA C+ZINC+D3 NARANJA TAB.EFERV. TBOX20UND,EUROCARE,1.0,0.0,14.5,2026-05-18 13:45:53,3,5,Otoño
107417,VITAMINA C+ZINC+D3 NARANJA TAB.EFERV. TBOX20UND,EUROCARE,1.0,0.0,14.5,2026-05-19 07:20:58,6,5,Otoño
107417,VITAMINA C+ZINC+D3 NARANJA TAB.EFERV. TBOX20UND,EUROCARE,1.0,0.0,14.5,2026-05-19 11:06:31,17,5,Otoño
107417,VITAMINA C+ZINC+D3 NARANJA TAB.EFERV. TBOX20UND,EUROCARE,1.0,0.0,14.5,2026-05-19 13:10:09,2,5,Otoño
107417,VITAMINA C+ZINC+D3 NARANJA TAB.EFERV. TBOX20UND,EUROCARE,1.0,0.0,14.5,2026-05-19 20:20:20,7,5,Otoño
107417,VITAMINA C+ZINC+D3 NARANJA TAB.EFERV. TBOX20UND,EUROCARE,1.0,0.0,14.5,2026-05-20 10:16:41,17,5,Otoño
107417,VITAMINA C+ZINC+D3 NARANJA TAB.EFERV. TBOX20UND,EUROCARE,1.0,0.0,14.5,2026-05-20 18:54:02,10,5,Otoño
107417,VITAMINA C+ZINC+D3 NARANJA TAB.EFERV. TBOX20UND,EUROCARE,1.0,0.0,14.5,2026-05-20 19:54:43,1,5,Otoño
107417,VITAMINA C+ZINC+D3 NARANJA TAB.EFERV. TBOX20UND,EUROCARE,1.0,0.0,14.5,2026-05-20 20:25:56,2,5,Otoño
107417,VITAMINA C+ZINC+D3 NARANJA TAB.EFERV. TBOX20UND,EUROCARE,1.0,0.0,14.5,2026-05-20 20:29:54,2,5,Otoño
107417,VITAMINA C+ZINC+D3 NARANJA TAB.EFERV. TBOX20UND,EUROCARE,1.0,0.0,14.5,2026-05-20 21:06:44,5,5,Otoño
107417,VITAMINA C+ZINC+D3 NARANJA TAB.EFERV. TBOX20UND,EUROCARE,1.0,0.0,14.5,2026-05-21 12:21:05,13,5,Otoño
107417,VITAMINA C+ZINC+D3 NARANJA TAB.EFERV. TBOX20UND,EUROCARE,1.0,0.0,14.5,2026-05-21 16:51:55,2,5,Otoño
107417,VITAMINA C+ZINC+D3 NARANJA TAB.EFERV. TBOX20UND,EUROCARE,1.0,0.0,14.5,2026-05-21 17:51:51,4,5,Otoño
107417,VITAMINA C+ZINC+D3 NARANJA TAB.EFERV. TBOX20UND,EUROCARE,1.0,0.0,14.5,2026-05-21 20:46:32,4,5,Otoño
107417,VITAMINA C+ZINC+D3 NARANJA TAB.EFERV. TBOX20UND,EUROCARE,1.0,0.0,14.5,2026-05-21 21:32:14,2,5,Otoño
107417,VITAMINA C+ZINC+D3 NARANJA TAB.EFERV. TBOX20UND,EUROCARE,1.0,0.0,14.5,2026-05-22 12:32:41,2,5,Otoño
107417,VITAMINA C+ZINC+D3 NARANJA TAB.EFERV. TBOX20UND,EUROCARE,1.0,0.0,14.5,2026-05-22 15:09:11,1,5,Otoño
107417,VITAMINA C+ZINC+D3 NARANJA TAB.EFERV. TBOX20UND,EUROCARE,1.0,0.0,14.5,2026-05-23 14:06:47,2,5,Otoño
107417,VITAMINA C+ZINC+D3 NARANJA TAB.EFERV. TBOX20UND,EUROCARE,1.0,0.0,14.5,2026-05-23 20:06:32,2,5,Otoño
107417,VITAMINA C+ZINC+D3 NARANJA TAB.EFERV. TBOX20UND,EUROCARE,1.0,0.0,14.5,2026-05-24 09:30:33,11,5,Otoño
107417,VITAMINA C+ZINC+D3 NARANJA TAB.EFERV. TBOX20UND,EUROCARE,1.0,0.0,14.5,2026-05-24 13:55:11,1,5,Otoño
107417,VITAMINA C+ZINC+D3 NARANJA TAB.EFERV. TBOX20UND,EUROCARE,1.0,0.0,14.5,2026-05-24 14:45:08,11,5,Otoño
107417,VITAMINA C+ZINC+D3 NARANJA TAB.EFERV. TBOX20UND,EUROCARE,1.0,0.0,14.5,2026-05-24 18:17:57,7,5,Otoño
107417,VITAMINA C+ZINC+D3 NARANJA TAB.EFERV. TBOX20UND,EUROCARE,1.0,0.0,13.78,2026-05-24 19:20:17,7,5,Otoño
107417,VITAMINA C+ZINC+D3 NARANJA TAB.EFERV. TBOX20UND,EUROCARE,1.0,0.0,14.5,2026-05-24 20:39:03,6,5,Otoño
107417,VITAMINA C+ZINC+D3 NARANJA TAB.EFERV. TBOX20UND,EUROCARE,1.0,0.0,14.5,2026-05-25 08:31:17,15,5,Otoño
107417,VITAMINA C+ZINC+D3 NARANJA TAB.EFERV. TBOX20UND,EUROCARE,1.0,0.0,14.5,2026-05-25 09:45:43,15,5,Otoño
107417,VITAMINA C+ZINC+D3 NARANJA TAB.EFERV. TBOX20UND,EUROCARE,1.0,0.0,14.5,2026-05-25 16:40:04,2,5,Otoño
107417,VITAMINA C+ZINC+D3 NARANJA TAB.EFERV. TBOX20UND,EUROCARE,1.0,0.0,14.5,2026-05-25 16:54:13,13,5,Otoño
107417,VITAMINA C+ZINC+D3 NARANJA TAB.EFERV. TBOX20UND,EUROCARE,1.0,0.0,14.5,2026-05-25 17:25:53,7,5,Otoño
107417,VITAMINA C+ZINC+D3 NARANJA TAB.EFERV. TBOX20UND,EUROCARE,1.0,0.0,14.5,2026-05-25 21:44:26,1,5,Otoño
107417,VITAMINA C+ZINC+D3 NARANJA TAB.EFERV. TBOX20UND,EUROCARE,1.0,0.0,14.5,2026-05-25 22:36:27,5,5,Otoño
107417,VITAMINA C+ZINC+D3 NARANJA TAB.EFERV. TBOX20UND,EUROCARE,1.0,0.0,14.5,2026-05-26 11:39:56,3,5,Otoño
107417,VITAMINA C+ZINC+D3 NARANJA TAB.EFERV. TBOX20UND,EUROCARE,1.0,0.0,14.5,2026-05-26 20:08:37,15,5,Otoño
107417,VITAMINA C+ZINC+D3 NARANJA TAB.EFERV. TBOX20UND,EUROCARE,1.0,0.0,14.5,2026-05-27 09:36:40,2,5,Otoño
107417,VITAMINA C+ZINC+D3 NARANJA TAB.EFERV. TBOX20UND,EUROCARE,1.0,0.0,14.5,2026-05-27 13:28:09,10,5,Otoño
107417,VITAMINA C+ZINC+D3 NARANJA TAB.EFERV. TBOX20UND,EUROCARE,1.0,0.0,14.5,2026-05-28 11:42:24,15,5,Otoño
107417,VITAMINA C+ZINC+D3 NARANJA TAB.EFERV. TBOX20UND,EUROCARE,1.0,0.0,14.5,2026-05-28 11:44:29,10,5,Otoño
107417,VITAMINA C+ZINC+D3 NARANJA TAB.EFERV. TBOX20UND,EUROCARE,2.0,0.0,29.0,2026-05-28 19:47:07,2,5,Otoño
107417,VITAMINA C+ZINC+D3 NARANJA TAB.EFERV. TBOX20UND,EUROCARE,1.0,0.0,14.5,2026-05-28 21:30:20,13,5,Otoño
107417,VITAMINA C+ZINC+D3 NARANJA TAB.EFERV. TBOX20UND,EUROCARE,1.0,0.0,14.5,2026-05-29 11:26:18,11,5,Otoño
107417,VITAMINA C+ZINC+D3 NARANJA TAB.EFERV. TBOX20UND,EUROCARE,1.0,0.0,14.5,2026-05-29 13:44:11,16,5,Otoño
107417,VITAMINA C+ZINC+D3 NARANJA TAB.EFERV. TBOX20UND,EUROCARE,1.0,0.0,14.5,2026-05-30 07:54:49,3,5,Otoño
107417,VITAMINA C+ZINC+D3 NARANJA TAB.EFERV. TBOX20UND,EUROCARE,1.0,0.0,14.5,2026-05-30 13:07:22,3,5,Otoño
107417,VITAMINA C+ZINC+D3 NARANJA TAB.EFERV. TBOX20UND,EUROCARE,1.0,0.0,14.5,2026-05-31 19:33:43,3,5,Otoño
107417,VITAMINA C+ZINC+D3 NARANJA TAB.EFERV. TBOX20UND,EUROCARE,1.0,0.0,14.5,2026-06-01 09:15:22,1,6,Invierno
107417,VITAMINA C+ZINC+D3 NARANJA TAB.EFERV. TBOX20UND,EUROCARE,1.0,0.0,14.5,2026-06-02 08:50:16,6,6,Invierno
107417,VITAMINA C+ZINC+D3 NARANJA TAB.EFERV. TBOX20UND,EUROCARE,1.0,0.0,14.5,2026-06-02 09:23:52,6,6,Invierno
107417,VITAMINA C+ZINC+D3 NARANJA TAB.EFERV. TBOX20UND,EUROCARE,1.0,0.0,14.5,2026-06-02 12:32:19,2,6,Invierno
107417,VITAMINA C+ZINC+D3 NARANJA TAB.EFERV. TBOX20UND,EUROCARE,1.0,0.0,14.5,2026-06-02 15:13:48,13,6,Invierno
107417,VITAMINA C+ZINC+D3 NARANJA TAB.EFERV. TBOX20UND,EUROCARE,1.0,0.0,14.5,2026-06-02 21:46:47,1,6,Invierno
107417,VITAMINA C+ZINC+D3 NARANJA TAB.EFERV. TBOX20UND,EUROCARE,1.0,0.0,14.5,2026-06-03 20:17:54,7,6,Invierno
107417,VITAMINA C+ZINC+D3 NARANJA TAB.EFERV. TBOX20UND,EUROCARE,1.0,0.0,14.5,2026-06-03 21:13:38,2,6,Invierno
107417,VITAMINA C+ZINC+D3 NARANJA TAB.EFERV. TBOX20UND,EUROCARE,1.0,0.0,14.5,2026-06-03 21:16:12,1,6,Invierno
107417,VITAMINA C+ZINC+D3 NARANJA TAB.EFERV. TBOX20UND,EUROCARE,1.0,0.0,14.5,2026-06-04 19:56:42,11,6,Invierno
107417,VITAMINA C+ZINC+D3 NARANJA TAB.EFERV. TBOX20UND,EUROCARE,1.0,0.0,14.5,2026-06-04 22:39:24,5,6,Invierno
107417,VITAMINA C+ZINC+D3 NARANJA TAB.EFERV. TBOX20UND,EUROCARE,1.0,0.0,14.5,2026-06-05 08:43:54,5,6,Invierno
107417,VITAMINA C+ZINC+D3 NARANJA TAB.EFERV. TBOX20UND,EUROCARE,1.0,0.0,14.5,2026-06-05 11:37:22,2,6,Invierno
107417,VITAMINA C+ZINC+D3 NARANJA TAB.EFERV. TBOX20UND,EUROCARE,1.0,0.0,14.5,2026-06-07 09:21:16,14,6,Invierno
107417,VITAMINA C+ZINC+D3 NARANJA TAB.EFERV. TBOX20UND,EUROCARE,1.0,0.0,14.5,2026-06-07 15:12:28,11,6,Invierno
107417,VITAMINA C+ZINC+D3 NARANJA TAB.EFERV. TBOX20UND,EUROCARE,-1.0,0.0,-14.5,2026-06-07 15:12:53,11,6,Invierno
107417,VITAMINA C+ZINC+D3 NARANJA TAB.EFERV. TBOX20UND,EUROCARE,1.0,0.0,14.5,2026-06-07 15:14:30,11,6,Invierno
107417,VITAMINA C+ZINC+D3 NARANJA TAB.EFERV. TBOX20UND,EUROCARE,1.0,0.0,14.5,2026-06-07 15:35:19,6,6,Invierno
107417,VITAMINA C+ZINC+D3 NARANJA TAB.EFERV. TBOX20UND,EUROCARE,1.0,0.0,14.5,2026-06-08 11:31:25,1,6,Invierno
107417,VITAMINA C+ZINC+D3 NARANJA TAB.EFERV. TBOX20UND,EUROCARE,1.0,0.0,14.5,2026-06-08 13:30:57,2,6,Invierno
107417,VITAMINA C+ZINC+D3 NARANJA TAB.EFERV. TBOX20UND,EUROCARE,1.0,0.0,14.5,2026-06-08 21:18:01,5,6,Invierno
107417,VITAMINA C+ZINC+D3 NARANJA TAB.EFERV. TBOX20UND,EUROCARE,1.0,0.0,14.5,2026-06-09 18:40:50,6,6,Invierno
107417,VITAMINA C+ZINC+D3 NARANJA TAB.EFERV. TBOX20UND,EUROCARE,1.0,0.0,14.5,2026-06-11 18:29:38,17,6,Invierno
107417,VITAMINA C+ZINC+D3 NARANJA TAB.EFERV. TBOX20UND,EUROCARE,1.0,0.0,14.5,2026-06-11 21:43:47,7,6,Invierno
107417,VITAMINA C+ZINC+D3 NARANJA TAB.EFERV. TBOX20UND,EUROCARE,1.0,0.0,14.5,2026-06-12 16:06:19,19,6,Invierno
107417,VITAMINA C+ZINC+D3 NARANJA TAB.EFERV. TBOX20UND,EUROCARE,1.0,0.0,14.5,2026-06-12 18:55:49,19,6,Invierno
107417,VITAMINA C+ZINC+D3 NARANJA TAB.EFERV. TBOX20UND,EUROCARE,2.0,0.0,29.0,2026-06-12 19:36:43,5,6,Invierno
107417,VITAMINA C+ZINC+D3 NARANJA TAB.EFERV. TBOX20UND,EUROCARE,1.0,0.0,14.5,2026-06-13 14:50:32,14,6,Invierno
107417,VITAMINA C+ZINC+D3 NARANJA TAB.EFERV. TBOX20UND,EUROCARE,1.0,0.0,14.5,2026-06-13 15:35:51,12,6,Invierno
107417,VITAMINA C+ZINC+D3 NARANJA TAB.EFERV. TBOX20UND,EUROCARE,1.0,0.0,14.5,2026-06-13 20:36:45,17,6,Invierno
107417,VITAMINA C+ZINC+D3 NARANJA TAB.EFERV. TBOX20UND,EUROCARE,1.0,0.0,14.5,2026-06-16 10:26:08,12,6,Invierno
107417,VITAMINA C+ZINC+D3 NARANJA TAB.EFERV. TBOX20UND,EUROCARE,1.0,0.0,14.5,2026-06-19 15:58:00,7,6,Invierno
107417,VITAMINA C+ZINC+D3 NARANJA TAB.EFERV. TBOX20UND,EUROCARE,1.0,0.0,14.5,2026-06-20 15:28:47,7,6,Invierno
107417,VITAMINA C+ZINC+D3 NARANJA TAB.EFERV. TBOX20UND,EUROCARE,3.0,0.0,45.36,2026-06-24 08:40:50,5,6,Invierno
107417,VITAMINA C+ZINC+D3 NARANJA TAB.EFERV. TBOX20UND,EUROCARE,1.0,0.0,15.12,2026-06-24 09:38:38,19,6,Invierno
107417,VITAMINA C+ZINC+D3 NARANJA TAB.EFERV. TBOX20UND,EUROCARE,1.0,0.0,15.12,2026-06-24 21:38:03,10,6,Invierno
107417,VITAMINA C+ZINC+D3 NARANJA TAB.EFERV. TBOX20UND,EUROCARE,1.0,0.0,15.12,2026-06-25 19:10:47,10,6,Invierno
107417,VITAMINA C+ZINC+D3 NARANJA TAB.EFERV. TBOX20UND,EUROCARE,1.0,0.0,15.12,2026-06-25 20:51:27,16,6,Invierno
107417,VITAMINA C+ZINC+D3 NARANJA TAB.EFERV. TBOX20UND,EUROCARE,1.0,0.0,15.12,2026-06-26 15:03:31,16,6,Invierno
107417,VITAMINA C+ZINC+D3 NARANJA TAB.EFERV. TBOX20UND,EUROCARE,1.0,0.0,15.12,2026-06-26 17:39:08,5,6,Invierno
107417,VITAMINA C+ZINC+D3 NARANJA TAB.EFERV. TBOX20UND,EUROCARE,1.0,0.0,15.12,2026-06-26 17:40:58,5,6,Invierno
107417,VITAMINA C+ZINC+D3 NARANJA TAB.EFERV. TBOX20UND,EUROCARE,1.0,0.0,15.12,2026-06-28 09:02:07,6,6,Invierno
107417,VITAMINA C+ZINC+D3 NARANJA TAB.EFERV. TBOX20UND,EUROCARE,1.0,0.0,15.12,2026-06-28 16:55:21,6,6,Invierno
107417,VITAMINA C+ZINC+D3 NARANJA TAB.EFERV. TBOX20UND,EUROCARE,1.0,0.0,15.12,2026-06-28 20:10:21,12,6,Invierno
107417,VITAMINA C+ZINC+D3 NARANJA TAB.EFERV. TBOX20UND,EUROCARE,1.0,0.0,15.12,2026-06-28 21:24:13,5,6,Invierno
107417,VITAMINA C+ZINC+D3 NARANJA TAB.EFERV. TBOX20UND,EUROCARE,1.0,0.0,15.12,2026-06-28 22:46:31,6,6,Invierno
107417,VITAMINA C+ZINC+D3 NARANJA TAB.EFERV. TBOX20UND,EUROCARE,1.0,0.0,15.12,2026-06-29 11:03:05,1,6,Invierno
107417,VITAMINA C+ZINC+D3 NARANJA TAB.EFERV. TBOX20UND,EUROCARE,1.0,0.0,15.12,2026-06-29 11:04:07,1,6,Invierno
107417,VITAMINA C+ZINC+D3 NARANJA TAB.EFERV. TBOX20UND,EUROCARE,-1.0,0.0,-15.12,2026-06-29 11:05:18,1,6,Invierno
107417,VITAMINA C+ZINC+D3 NARANJA TAB.EFERV. TBOX20UND,EUROCARE,1.0,0.0,15.12,2026-06-29 16:27:23,6,6,Invierno
107417,VITAMINA C+ZINC+D3 NARANJA TAB.EFERV. TBOX20UND,EUROCARE,1.0,0.0,15.12,2026-06-29 18:19:27,6,6,Invierno
107417,VITAMINA C+ZINC+D3 NARANJA TAB.EFERV. TBOX20UND,EUROCARE,1.0,0.0,15.12,2026-06-29 20:24:00,17,6,Invierno
107417,VITAMINA C+ZINC+D3 NARANJA TAB.EFERV. TBOX20UND,EUROCARE,1.0,0.0,15.12,2026-06-30 07:30:07,17,6,Invierno
107417,VITAMINA C+ZINC+D3 NARANJA TAB.EFERV. TBOX20UND,EUROCARE,1.0,0.0,15.12,2026-06-30 13:10:46,1,6,Invierno
107417,VITAMINA C+ZINC+D3 NARANJA TAB.EFERV. TBOX20UND,EUROCARE,1.0,0.0,15.12,2026-06-30 17:58:35,14,6,Invierno
107417,VITAMINA C+ZINC+D3 NARANJA TAB.EFERV. TBOX20UND,EUROCARE,1.0,0.0,15.12,2026-06-30 22:42:33,12,6,Invierno
107417,VITAMINA C+ZINC+D3 NARANJA TAB.EFERV. TBOX20UND,EUROCARE,1.0,0.0,15.12,2026-07-01 14:56:22,6,7,Invierno
107417,VITAMINA C+ZINC+D3 NARANJA TAB.EFERV. TBOX20UND,EUROCARE,1.0,0.0,15.12,2026-07-01 18:46:57,5,7,Invierno
107417,VITAMINA C+ZINC+D3 NARANJA TAB.EFERV. TBOX20UND,EUROCARE,1.0,0.0,15.12,2026-07-02 18:06:49,12,7,Invierno
107417,VITAMINA C+ZINC+D3 NARANJA TAB.EFERV. TBOX20UND,EUROCARE,1.0,0.0,15.12,2026-07-03 12:21:48,14,7,Invierno
107417,VITAMINA C+ZINC+D3 NARANJA TAB.EFERV. TBOX20UND,EUROCARE,1.0,0.0,15.12,2026-07-03 20:30:49,17,7,Invierno
107417,VITAMINA C+ZINC+D3 NARANJA TAB.EFERV. TBOX20UND,EUROCARE,1.0,0.0,15.12,2026-07-03 20:33:40,3,7,Invierno
107417,VITAMINA C+ZINC+D3 NARANJA TAB.EFERV. TBOX20UND,EUROCARE,1.0,0.0,15.12,2026-07-04 08:04:18,3,7,Invierno
107417,VITAMINA C+ZINC+D3 NARANJA TAB.EFERV. TBOX20UND,EUROCARE,1.0,0.0,15.12,2026-07-04 20:19:29,14,7,Invierno
107417,VITAMINA C+ZINC+D3 NARANJA TAB.EFERV. TBOX20UND,EUROCARE,1.0,0.0,15.12,2026-07-04 20:40:20,15,7,Invierno
107417,VITAMINA C+ZINC+D3 NARANJA TAB.EFERV. TBOX20UND,EUROCARE,1.0,0.0,15.12,2026-07-05 10:45:26,9,7,Invierno
107417,VITAMINA C+ZINC+D3 NARANJA TAB.EFERV. TBOX20UND,EUROCARE,1.0,0.0,15.12,2026-07-06 18:56:00,11,7,Invierno
107417,VITAMINA C+ZINC+D3 NARANJA TAB.EFERV. TBOX20UND,EUROCARE,1.0,0.0,15.12,2026-07-06 19:56:07,17,7,Invierno
107417,VITAMINA C+ZINC+D3 NARANJA TAB.EFERV. TBOX20UND,EUROCARE,1.0,0.0,15.12,2026-07-06 20:59:11,4,7,Invierno
107417,VITAMINA C+ZINC+D3 NARANJA TAB.EFERV. TBOX20UND,EUROCARE,1.0,0.0,15.12,2026-07-06 23:54:49,5,7,Invierno
107417,VITAMINA C+ZINC+D3 NARANJA TAB.EFERV. TBOX20UND,EUROCARE,1.0,0.0,15.12,2026-07-08 09:30:51,4,7,Invierno
107417,VITAMINA C+ZINC+D3 NARANJA TAB.EFERV. TBOX20UND,EUROCARE,1.0,0.0,15.12,2026-07-08 11:55:51,16,7,Invierno
107417,VITAMINA C+ZINC+D3 NARANJA TAB.EFERV. TBOX20UND,EUROCARE,1.0,0.0,15.12,2026-07-08 16:23:02,5,7,Invierno
107417,VITAMINA C+ZINC+D3 NARANJA TAB.EFERV. TBOX20UND,EUROCARE,1.0,0.0,15.12,2026-07-08 19:57:22,15,7,Invierno
107417,VITAMINA C+ZINC+D3 NARANJA TAB.EFERV. TBOX20UND,EUROCARE,1.0,0.0,15.12,2026-07-09 07:22:16,17,7,Invierno
107417,VITAMINA C+ZINC+D3 NARANJA TAB.EFERV. TBOX20UND,EUROCARE,1.0,0.0,15.12,2026-07-09 09:20:29,9,7,Invierno
107417,VITAMINA C+ZINC+D3 NARANJA TAB.EFERV. TBOX20UND,EUROCARE,1.0,0.0,15.12,2026-07-09 09:22:58,19,7,Invierno
107417,VITAMINA C+ZINC+D3 NARANJA TAB.EFERV. TBOX20UND,EUROCARE,1.0,0.0,15.12,2026-07-09 10:52:06,7,7,Invierno
107417,VITAMINA C+ZINC+D3 NARANJA TAB.EFERV. TBOX20UND,EUROCARE,1.0,0.0,15.12,2026-07-09 23:29:54,5,7,Invierno
107417,VITAMINA C+ZINC+D3 NARANJA TAB.EFERV. TBOX20UND,EUROCARE,1.0,0.0,15.12,2026-07-10 20:16:15,5,7,Invierno
107417,VITAMINA C+ZINC+D3 NARANJA TAB.EFERV. TBOX20UND,EUROCARE,1.0,0.0,15.12,2026-07-11 11:06:13,4,7,Invierno
107417,VITAMINA C+ZINC+D3 NARANJA TAB.EFERV. TBOX20UND,EUROCARE,1.0,0.0,15.12,2026-07-12 18:58:43,9,7,Invierno
107417,VITAMINA C+ZINC+D3 NARANJA TAB.EFERV. TBOX20UND,EUROCARE,1.0,0.0,15.12,2026-07-13 10:36:03,2,7,Invierno
107417,VITAMINA C+ZINC+D3 NARANJA TAB.EFERV. TBOX20UND,EUROCARE,1.0,0.0,15.12,2026-07-13 18:44:08,3,7,Invierno
107417,VITAMINA C+ZINC+D3 NARANJA TAB.EFERV. TBOX20UND,EUROCARE,1.0,0.0,15.12,2026-07-14 10:15:47,19,7,Invierno
107417,VITAMINA C+ZINC+D3 NARANJA TAB.EFERV. TBOX20UND,EUROCARE,1.0,0.0,15.12,2026-07-14 21:40:12,3,7,Invierno
107417,VITAMINA C+ZINC+D3 NARANJA TAB.EFERV. TBOX20UND,EUROCARE,2.0,0.0,30.24,2026-07-15 10:14:16,19,7,Invierno
107417,VITAMINA C+ZINC+D3 NARANJA TAB.EFERV. TBOX20UND,EUROCARE,1.0,0.0,15.12,2026-07-15 18:56:25,16,7,Invierno
107417,VITAMINA C+ZINC+D3 NARANJA TAB.EFERV. TBOX20UND,EUROCARE,1.0,0.0,15.12,2026-07-15 19:40:53,2,7,Invierno
107417,VITAMINA C+ZINC+D3 NARANJA TAB.EFERV. TBOX20UND,EUROCARE,1.0,0.0,15.12,2026-07-16 12:42:58,7,7,Invierno
107417,VITAMINA C+ZINC+D3 NARANJA TAB.EFERV. TBOX20UND,EUROCARE,1.0,0.0,15.12,2026-07-16 13:01:38,12,7,Invierno
107417,VITAMINA C+ZINC+D3 NARANJA TAB.EFERV. TBOX20UND,EUROCARE,1.0,0.0,15.12,2026-07-17 20:00:37,15,7,Invierno
107417,VITAMINA C+ZINC+D3 NARANJA TAB.EFERV. TBOX20UND,EUROCARE,1.0,0.0,15.12,2026-07-18 09:19:08,17,7,Invierno
107417,VITAMINA C+ZINC+D3 NARANJA TAB.EFERV. TBOX20UND,EUROCARE,1.0,0.0,15.12,2026-07-20 21:49:12,4,7,Invierno
107417,VITAMINA C+ZINC+D3 NARANJA TAB.EFERV. TBOX20UND,EUROCARE,1.0,0.0,15.12,2026-07-21 09:03:11,15,7,Invierno
107417,VITAMINA C+ZINC+D3 NARANJA TAB.EFERV. TBOX20UND,EUROCARE,1.0,0.0,15.12,2026-07-21 22:32:28,5,7,Invierno
107417,VITAMINA C+ZINC+D3 NARANJA TAB.EFERV. TBOX20UND,EUROCARE,1.0,0.0,15.12,2026-07-22 12:29:51,4,7,Invierno
107417,VITAMINA C+ZINC+D3 NARANJA TAB.EFERV. TBOX20UND,EUROCARE,1.0,0.0,15.12,2026-07-22 13:50:46,18,7,Invierno
107417,VITAMINA C+ZINC+D3 NARANJA TAB.EFERV. TBOX20UND,EUROCARE,1.0,0.0,15.12,2026-07-22 21:31:01,14,7,Invierno
107417,VITAMINA C+ZINC+D3 NARANJA TAB.EFERV. TBOX20UND,EUROCARE,1.0,0.0,15.12,2026-07-23 13:53:25,8,7,Invierno
107417,VITAMINA C+ZINC+D3 NARANJA TAB.EFERV. TBOX20UND,EUROCARE,1.0,0.0,15.12,2026-07-23 18:16:32,5,7,Invierno
107417,VITAMINA C+ZINC+D3 NARANJA TAB.EFERV. TBOX20UND,EUROCARE,1.0,0.0,15.12,2026-07-24 12:29:38,16,7,Invierno
107417,VITAMINA C+ZINC+D3 NARANJA TAB.EFERV. TBOX20UND,EUROCARE,1.0,0.0,14.37,2026-07-24 12:58:28,16,7,Invierno
107417,VITAMINA C+ZINC+D3 NARANJA TAB.EFERV. TBOX20UND,EUROCARE,1.0,0.0,15.12,2026-07-24 13:22:49,7,7,Invierno
107417,VITAMINA C+ZINC+D3 NARANJA TAB.EFERV. TBOX20UND,EUROCARE,1.0,0.0,15.12,2026-07-25 20:42:58,5,7,Invierno
107417,VITAMINA C+ZINC+D3 NARANJA TAB.EFERV. TBOX20UND,EUROCARE,1.0,0.0,15.12,2026-07-26 11:10:27,3,7,Invierno
107417,VITAMINA C+ZINC+D3 NARANJA TAB.EFERV. TBOX20UND,EUROCARE,1.0,0.0,15.12,2026-07-26 18:53:25,3,7,Invierno
107417,VITAMINA C+ZINC+D3 NARANJA TAB.EFERV. TBOX20UND,EUROCARE,1.0,0.0,15.12,2026-07-26 19:27:38,4,7,Invierno
107417,VITAMINA C+ZINC+D3 NARANJA TAB.EFERV. TBOX20UND,EUROCARE,1.0,0.0,15.12,2026-07-26 21:47:32,16,7,Invierno
107417,VITAMINA C+ZINC+D3 NARANJA TAB.EFERV. TBOX20UND,EUROCARE,1.0,0.0,15.12,2026-07-28 17:32:35,15,7,Invierno
107417,VITAMINA C+ZINC+D3 NARANJA TAB.EFERV. TBOX20UND,EUROCARE,1.0,0.0,15.12,2026-07-28 21:24:34,1,7,Invierno
107417,VITAMINA C+ZINC+D3 NARANJA TAB.EFERV. TBOX20UND,EUROCARE,1.0,0.0,15.12,2026-07-29 12:13:02,19,7,Invierno
107417,VITAMINA C+ZINC+D3 NARANJA TAB.EFERV. TBOX20UND,EUROCARE,1.0,0.0,15.12,2026-07-30 09:43:50,19,7,Invierno
107417,VITAMINA C+ZINC+D3 NARANJA TAB.EFERV. TBOX20UND,EUROCARE,1.0,0.0,15.12,2026-07-31 10:06:02,17,7,Invierno
107417,VITAMINA C+ZINC+D3 NARANJA TAB.EFERV. TBOX20UND,EUROCARE,1.0,0.0,15.12,2026-07-31 19:52:05,12,7,Invierno
107417,VITAMINA C+ZINC+D3 NARANJA TAB.EFERV. TBOX20UND,EUROCARE,1.0,0.0,15.12,2026-08-01 14:40:21,14,8,Invierno
107417,VITAMINA C+ZINC+D3 NARANJA TAB.EFERV. TBOX20UND,EUROCARE,1.0,0.0,14.35,2026-08-01 16:43:27,6,8,Invierno
107417,VITAMINA C+ZINC+D3 NARANJA TAB.EFERV. TBOX20UND,EUROCARE,1.0,0.0,15.12,2026-08-04 19:08:45,1,8,Invierno
107417,VITAMINA C+ZINC+D3 NARANJA TAB.EFERV. TBOX20UND,EUROCARE,1.0,0.0,15.12,2026-08-05 20:09:02,15,8,Invierno
107417,VITAMINA C+ZINC+D3 NARANJA TAB.EFERV. TBOX20UND,EUROCARE,1.0,0.0,15.12,2026-08-05 20:30:28,7,8,Invierno
107417,VITAMINA C+ZINC+D3 NARANJA TAB.EFERV. TBOX20UND,EUROCARE,1.0,0.0,15.2,2026-08-08 21:32:11,1,8,Invierno
107417,VITAMINA C+ZINC+D3 NARANJA TAB.EFERV. TBOX20UND,EUROCARE,1.0,0.0,15.2,2026-08-09 18:54:25,19,8,Invierno
107417,VITAMINA C+ZINC+D3 NARANJA TAB.EFERV. TBOX20UND,EUROCARE,1.0,0.0,15.2,2026-08-10 10:00:15,19,8,Invierno
