sucursal,producto,semana,y_real,y_pred,error,error_absoluto
1,AMOXICILINA 500MG,2026-01-11,0.0,0.09111098014897204,-0.09111098014897204,0.09111098014897204
1,AZITROMICINA 500MG,2026-01-11,0.0,0.08726585987830024,-0.08726585987830024,0.08726585987830024
1,DIMENHIDRINATO 50MG,2026-01-11,0.0,0.07932473616506268,-0.07932473616506268,0.07932473616506268
1,ENALAPRIL 10MG,2026-01-11,1.0,0.1675185252152323,0.8324814747847677,0.8324814747847677
1,IBUPROFENO TABX800,2026-01-11,0.0,0.07592850691392966,-0.07592850691392966,0.07592850691392966
1,LOPERAMIDA 2MG,2026-01-11,0.0,0.10172815151810774,-0.10172815151810774,0.10172815151810774
1,METFORMINA 850MG,2026-01-11,0.0,0.29921118538595315,-0.29921118538595315,0.29921118538595315
1,PARACETAMOL 500MG,2026-01-11,0.0,0.15933711355469588,-0.15933711355469588,0.15933711355469588
1,VITAMINA C+ZINC+D3,2026-01-11,0.0,0.8139467469139021,-0.8139467469139021,0.8139467469139021
2,AMOXICILINA 500MG,2026-01-11,0.0,0.20109316165024824,-0.20109316165024824,0.20109316165024824
2,AZITROMICINA 500MG,2026-01-11,0.0,0.09002662867939319,-0.09002662867939319,0.09002662867939319
2,DIMENHIDRINATO 50MG,2026-01-11,0.0,0.08208550496615565,-0.08208550496615565,0.08208550496615565
2,ENALAPRIL 10MG,2026-01-11,0.0,0.2619072771670231,-0.2619072771670231,0.2619072771670231
2,IBUPROFENO TABX800,2026-01-11,0.0,0.07868927571502263,-0.07868927571502263,0.07868927571502263
2,METFORMINA 850MG,2026-01-11,0.0,0.1612636933807258,-0.1612636933807258,0.1612636933807258
2,PARACETAMOL 500MG,2026-01-11,0.0,0.21796291071181556,-0.21796291071181556,0.21796291071181556
2,VITAMINA C+ZINC+D3,2026-01-11,1.0,0.843870007359518,0.156129992640482,0.156129992640482
3,AMOXICILINA 500MG,2026-01-11,0.0,0.3405568546699368,-0.3405568546699368,0.3405568546699368
3,AZITROMICINA 500MG,2026-01-11,0.0,0.06182778494717164,-0.06182778494717164,0.06182778494717164
3,DIMENHIDRINATO 50MG,2026-01-11,0.0,0.05388666123393408,-0.05388666123393408,0.05388666123393408
3,ENALAPRIL 10MG,2026-01-11,0.0,0.1420804502841037,-0.1420804502841037,0.1420804502841037
3,IBUPROFENO TABX800,2026-01-11,0.0,0.050490431982801065,-0.050490431982801065,0.050490431982801065
3,LOPERAMIDA 2MG,2026-01-11,0.0,0.04712199016531654,-0.04712199016531654,0.04712199016531654
3,LORATADINA 10MG,2026-01-11,0.0,0.048333860593412825,-0.048333860593412825,0.048333860593412825
3,LOSARTAN 50MG,2026-01-11,1.0,0.15464423987761267,0.8453557601223873,0.8453557601223873
3,METFORMINA 850MG,2026-01-11,0.0,0.24973719533515468,-0.24973719533515468,0.24973719533515468
3,PARACETAMOL 500MG,2026-01-11,0.0,0.12917357213033367,-0.12917357213033367,0.12917357213033367
3,VITAMINA C+ZINC+D3,2026-01-11,0.0,1.0999387766631967,-1.0999387766631967,1.0999387766631967
4,AMOXICILINA 500MG,2026-01-11,0.0,0.060467836245796894,-0.060467836245796894,0.060467836245796894
4,AZITROMICINA 500MG,2026-01-11,0.0,0.056622715975125096,-0.056622715975125096,0.056622715975125096
4,DIMENHIDRINATO 50MG,2026-01-11,0.0,0.04868159226188755,-0.04868159226188755,0.04868159226188755
4,ENALAPRIL 10MG,2026-01-11,0.0,0.19521155415538238,-0.19521155415538238,0.19521155415538238
4,IBUPROFENO TABX800,2026-01-11,0.0,0.04528536301075453,-0.04528536301075453,0.04528536301075453
4,LOPERAMIDA 2MG,2026-01-11,0.0,0.04191692119326999,-0.04191692119326999,0.04191692119326999
4,METFORMINA 850MG,2026-01-11,0.0,0.1278597806764577,-0.1278597806764577,0.1278597806764577
4,VITAMINA C+ZINC+D3,2026-01-11,0.0,0.9009730960582338,-0.9009730960582338,0.9009730960582338
5,AMOXICILINA 500MG,2026-01-11,0.0,0.11881775925672713,-0.11881775925672713,0.11881775925672713
5,AZITROMICINA 500MG,2026-01-11,0.0,0.11497263898605534,-0.11497263898605534,0.11497263898605534
5,DIMENHIDRINATO 50MG,2026-01-11,0.0,0.13619960169448042,-0.13619960169448042,0.13619960169448042
5,ENALAPRIL 10MG,2026-01-11,0.0,0.3834365552179791,-0.3834365552179791,0.3834365552179791
5,IBUPROFENO TABX800,2026-01-11,0.0,0.10363528602168477,-0.10363528602168477,0.10363528602168477
5,METFORMINA 850MG,2026-01-11,0.0,0.2907916919743061,-0.2907916919743061,0.2907916919743061
5,PARACETAMOL 500MG,2026-01-11,0.0,0.21497640684046435,-0.21497640684046435,0.21497640684046435
5,VITAMINA C+ZINC+D3,2026-01-11,1.0,0.9297916149227705,0.07020838507722948,0.07020838507722948
6,AMOXICILINA 500MG,2026-01-11,0.0,0.05072682964757037,-0.05072682964757037,0.05072682964757037
6,AZITROMICINA 500MG,2026-01-11,0.0,0.046881709376898575,-0.046881709376898575,0.046881709376898575
6,DIMENHIDRINATO 50MG,2026-01-11,0.0,0.03894058566366103,-0.03894058566366103,0.03894058566366103
6,ENALAPRIL 10MG,2026-01-11,0.0,0.3797895147135678,-0.3797895147135678,0.3797895147135678
6,IBUPROFENO TABX800,2026-01-11,0.0,0.03554435641252801,-0.03554435641252801,0.03554435641252801
6,LOPERAMIDA 2MG,2026-01-11,0.0,0.03217591459504347,-0.03217591459504347,0.03217591459504347
6,METFORMINA 850MG,2026-01-11,0.0,0.11811877407823118,-0.11811877407823118,0.11811877407823118
6,VITAMINA C+ZINC+D3,2026-01-11,0.0,0.5488183681893475,-0.5488183681893475,0.5488183681893475
7,AMOXICILINA 500MG,2026-01-11,0.0,0.018223464537907033,-0.018223464537907033,0.018223464537907033
7,AZITROMICINA 500MG,2026-01-11,0.0,0.014378344267235235,-0.014378344267235235,0.014378344267235235
7,DIMENHIDRINATO 50MG,2026-01-11,0.0,0.0064372205539976884,-0.0064372205539976884,0.0064372205539976884
7,ENALAPRIL 10MG,2026-01-11,0.0,0.15173161020384332,-0.15173161020384332,0.15173161020384332
7,IBUPROFENO TABX800,2026-01-11,0.0,0.003040991302864657,-0.003040991302864657,0.003040991302864657
7,METFORMINA 850MG,2026-01-11,0.0,0.08561540896856785,-0.08561540896856785,0.08561540896856785
7,PARACETAMOL 500MG,2026-01-11,0.0,0.02811342510030565,-0.02811342510030565,0.02811342510030565
7,VITAMINA C+ZINC+D3,2026-01-11,0.0,0.5163150030796841,-0.5163150030796841,0.5163150030796841
8,AMOXICILINA 500MG,2026-01-11,0.0,0.004862024732380607,-0.004862024732380607,0.004862024732380607
8,AZITROMICINA 500MG,2026-01-11,0.0,0.001016904461708809,-0.001016904461708809,0.001016904461708809
8,DIMENHIDRINATO 50MG,2026-01-11,0.0,-0.006924219251528738,0.006924219251528738,0.006924219251528738
8,ENALAPRIL 10MG,2026-01-11,0.0,0.17289755294933867,-0.17289755294933867,0.17289755294933867
8,IBUPROFENO TABX800,2026-01-11,0.0,-0.01032044850266177,0.01032044850266177,0.01032044850266177
8,LOPERAMIDA 2MG,2026-01-11,0.0,-0.013688890320146294,0.013688890320146294,0.013688890320146294
8,METFORMINA 850MG,2026-01-11,0.0,0.12935456976271742,-0.12935456976271742,0.12935456976271742
8,PARACETAMOL 500MG,2026-01-11,0.0,0.01475198529477921,-0.01475198529477921,0.01475198529477921
8,VITAMINA C+ZINC+D3,2026-01-11,0.0,0.5321216496958202,-0.5321216496958202,0.5321216496958202
9,AMOXICILINA 500MG,2026-01-11,0.0,0.02564133007251433,-0.02564133007251433,0.02564133007251433
9,AZITROMICINA 500MG,2026-01-11,0.0,0.021796209801842534,-0.021796209801842534,0.021796209801842534
9,DIMENHIDRINATO 50MG,2026-01-11,0.0,0.013855086088604987,-0.013855086088604987,0.013855086088604987
9,ENALAPRIL 10MG,2026-01-11,0.0,0.15302015707560115,-0.15302015707560115,0.15302015707560115
9,METFORMINA 850MG,2026-01-11,0.0,0.20457344888783283,-0.20457344888783283,0.20457344888783283
9,PARACETAMOL 500MG,2026-01-11,0.0,0.1972138795215071,-0.1972138795215071,0.1972138795215071
9,VITAMINA C+ZINC+D3,2026-01-11,1.0,0.6112371278792792,0.3887628721207208,0.3887628721207208
10,AMOXICILINA 500MG,2026-01-11,0.0,0.049342902251270374,-0.049342902251270374,0.049342902251270374
10,AZITROMICINA 500MG,2026-01-11,1.0,0.045497781980598576,0.9545022180194014,0.9545022180194014
10,DIMENHIDRINATO 50MG,2026-01-11,0.0,0.037556658267361015,-0.037556658267361015,0.037556658267361015
10,ENALAPRIL 10MG,2026-01-11,0.0,0.2882619036390149,-0.2882619036390149,0.2882619036390149
10,IBUPROFENO TABX800,2026-01-11,0.0,0.034160429016228,-0.034160429016228,0.034160429016228
10,METFORMINA 850MG,2026-01-11,0.0,0.22827502106658887,-0.22827502106658887,0.22827502106658887
10,PARACETAMOL 500MG,2026-01-11,0.0,0.16730474535017148,-0.16730474535017148,0.16730474535017148
10,VITAMINA C+ZINC+D3,2026-01-11,1.0,0.779543559922699,0.22045644007730103,0.22045644007730103
11,AMOXICILINA 500MG,2026-01-11,0.0,0.002133736232387648,-0.002133736232387648,0.002133736232387648
11,AZITROMICINA 500MG,2026-01-11,0.0,-0.00171138403828415,0.00171138403828415,0.00171138403828415
11,DIMENHIDRINATO 50MG,2026-01-11,0.0,-0.009652507751521724,0.009652507751521724,0.009652507751521724
11,ENALAPRIL 10MG,2026-01-11,0.0,0.07854128129864793,-0.07854128129864793,0.07854128129864793
11,IBUPROFENO TABX800,2026-01-11,0.0,-0.013048737002654728,0.013048737002654728,0.013048737002654728
11,METFORMINA 850MG,2026-01-11,0.0,0.06952568066304846,-0.06952568066304846,0.06952568066304846
11,PARACETAMOL 500MG,2026-01-11,0.0,0.06912429739446224,-0.06912429739446224,0.06912429739446224
11,VITAMINA C+ZINC+D3,2026-01-11,1.0,0.5918532579248625,0.40814674207513746,0.40814674207513746
12,AMOXICILINA 500MG,2026-01-11,0.0,0.053456548466668335,-0.053456548466668335,0.053456548466668335
12,AZITROMICINA 500MG,2026-01-11,0.0,0.04961142819599654,-0.04961142819599654,0.04961142819599654
12,DIMENHIDRINATO 50MG,2026-01-11,0.0,0.04167030448275899,-0.04167030448275899,0.04167030448275899
12,ENALAPRIL 10MG,2026-01-11,0.0,0.15903217995459124,-0.15903217995459124,0.15903217995459124
12,IBUPROFENO TABX800,2026-01-11,0.0,0.03827407523162597,-0.03827407523162597,0.03827407523162597
12,METFORMINA 850MG,2026-01-11,0.0,0.20098786125581827,-0.20098786125581827,0.20098786125581827
12,PARACETAMOL 500MG,2026-01-11,0.0,0.06334650902906695,-0.06334650902906695,0.06334650902906695
12,VITAMINA C+ZINC+D3,2026-01-11,1.0,0.7002766707588193,0.2997233292411807,0.2997233292411807
13,AMOXICILINA 500MG,2026-01-11,0.0,0.013036906906477394,-0.013036906906477394,0.013036906906477394
13,AZITROMICINA 500MG,2026-01-11,0.0,0.009191786635805596,-0.009191786635805596,0.009191786635805596
13,DIMENHIDRINATO 50MG,2026-01-11,0.0,0.030418749344230653,-0.030418749344230653,0.030418749344230653
13,ENALAPRIL 10MG,2026-01-11,0.0,0.14654505257241368,-0.14654505257241368,0.14654505257241368
13,IBUPROFENO TABX800,2026-01-11,0.0,-0.0021455663285649546,0.0021455663285649546,0.0021455663285649546
13,METFORMINA 850MG,2026-01-11,0.0,0.08042885133713822,-0.08042885133713822,0.08042885133713822
13,OMEPRAZOL 20MG,2026-01-11,0.0,0.0057009581605222265,-0.0057009581605222265,0.0057009581605222265
13,PARACETAMOL 500MG,2026-01-11,0.0,0.02292686746887601,-0.02292686746887601,0.02292686746887601
13,VITAMINA C+ZINC+D3,2026-01-11,0.0,0.7054690150060956,-0.7054690150060956,0.7054690150060956
14,AZITROMICINA 500MG,2026-01-11,0.0,0.031109607558963664,-0.031109607558963664,0.031109607558963664
14,DIMENHIDRINATO 50MG,2026-01-11,0.0,0.023168483845726104,-0.023168483845726104,0.023168483845726104
14,ENALAPRIL 10MG,2026-01-11,0.0,0.11136227289589576,-0.11136227289589576,0.11136227289589576
14,IBUPROFENO TABX800,2026-01-11,0.0,0.0197722545945931,-0.0197722545945931,0.0197722545945931
14,METFORMINA 850MG,2026-01-11,0.0,0.35112681560311915,-0.35112681560311915,0.35112681560311915
14,VITAMINA C+ZINC+D3,2026-01-11,2.0,0.6205505256364003,1.3794494743635997,1.3794494743635997
15,AMOXICILINA 500MG,2026-01-11,0.0,0.08497011043097566,-0.08497011043097566,0.08497011043097566
15,AZITROMICINA 500MG,2026-01-11,0.0,0.08112499016030385,-0.08112499016030385,0.08112499016030385
15,DIMENHIDRINATO 50MG,2026-01-11,0.0,0.0731838664470663,-0.0731838664470663,0.0731838664470663
15,ENALAPRIL 10MG,2026-01-11,0.0,0.3300184304815696,-0.3300184304815696,0.3300184304815696
15,IBUPROFENO TABX800,2026-01-11,0.0,0.06978763719593328,-0.06978763719593328,0.06978763719593328
15,METFORMINA 850MG,2026-01-11,0.0,0.15236205486163645,-0.15236205486163645,0.15236205486163645
15,PARACETAMOL 500MG,2026-01-11,0.0,0.09486007099337426,-0.09486007099337426,0.09486007099337426
15,VITAMINA C+ZINC+D3,2026-01-11,2.0,0.9565128585448501,1.0434871414551499,1.0434871414551499
16,AMOXICILINA 500MG,2026-01-11,0.0,0.004928108491845121,-0.004928108491845121,0.004928108491845121
16,AZITROMICINA 500MG,2026-01-11,0.0,0.0010829882211733227,-0.0010829882211733227,0.0010829882211733227
16,DIMENHIDRINATO 50MG,2026-01-11,0.0,-0.006858135492064224,0.006858135492064224,0.006858135492064224
16,ENALAPRIL 10MG,2026-01-11,0.0,0.13494635990819703,-0.13494635990819703,0.13494635990819703
16,IBUPROFENO TABX800,2026-01-11,0.0,-0.010254364743197256,0.010254364743197256,0.010254364743197256
16,METFORMINA 850MG,2026-01-11,0.0,0.10148813934416855,-0.10148813934416855,0.10148813934416855
16,PARACETAMOL 500MG,2026-01-11,0.0,0.014818069054243724,-0.014818069054243724,0.014818069054243724
16,VITAMINA C+ZINC+D3,2026-01-11,0.0,0.9186118572920359,-0.9186118572920359,0.9186118572920359
1,AMOXICILINA 500MG,2026-01-18,0.0,0.08883543569309085,-0.08883543569309085,0.08883543569309085
1,AZITROMICINA 500MG,2026-01-18,0.0,0.08499031542241905,-0.08499031542241905,0.08499031542241905
1,DIMENHIDRINATO 50MG,2026-01-18,0.0,0.0770491917091815,-0.0770491917091815,0.0770491917091815
1,ENALAPRIL 10MG,2026-01-18,0.0,0.25687096391004893,-0.25687096391004893,0.25687096391004893
1,IBUPROFENO TABX800,2026-01-18,0.0,0.07365296245804848,-0.07365296245804848,0.07365296245804848
1,LOPERAMIDA 2MG,2026-01-18,0.0,0.09945260706222656,-0.09945260706222656,0.09945260706222656
1,METFORMINA 850MG,2026-01-18,0.0,0.24249606714509025,-0.24249606714509025,0.24249606714509025
1,PARACETAMOL 500MG,2026-01-18,0.0,0.1570615690988147,-0.1570615690988147,0.1570615690988147
1,VITAMINA C+ZINC+D3,2026-01-18,0.0,0.779013221786774,-0.779013221786774,0.779013221786774
2,AMOXICILINA 500MG,2026-01-18,0.0,0.14993237733750903,-0.14993237733750903,0.14993237733750903
2,AZITROMICINA 500MG,2026-01-18,0.0,0.08775108422351201,-0.08775108422351201,0.08775108422351201
2,DIMENHIDRINATO 50MG,2026-01-18,0.0,0.07980996051027446,-0.07980996051027446,0.07980996051027446
2,ENALAPRIL 10MG,2026-01-18,0.0,0.2795439239451018,-0.2795439239451018,0.2795439239451018
2,IBUPROFENO TABX800,2026-01-18,0.0,0.07641373125914144,-0.07641373125914144,0.07641373125914144
2,METFORMINA 850MG,2026-01-18,0.0,0.1589881489248446,-0.1589881489248446,0.1589881489248446
2,PARACETAMOL 500MG,2026-01-18,0.0,0.20870757775676566,-0.20870757775676566,0.20870757775676566
2,VITAMINA C+ZINC+D3,2026-01-18,0.0,0.8511920734146416,-0.8511920734146416,0.8511920734146416
3,AMOXICILINA 500MG,2026-01-18,1.0,0.39801788391593534,0.6019821160840646,0.6019821160840646
3,AZITROMICINA 500MG,2026-01-18,0.0,0.05955224049129046,-0.05955224049129046,0.05955224049129046
3,DIMENHIDRINATO 50MG,2026-01-18,0.0,0.0516111167780529,-0.0516111167780529,0.0516111167780529
3,ENALAPRIL 10MG,2026-01-18,0.0,0.13980490582822253,-0.13980490582822253,0.13980490582822253
3,IBUPROFENO TABX800,2026-01-18,0.0,0.04821488752691988,-0.04821488752691988,0.04821488752691988
3,LOPERAMIDA 2MG,2026-01-18,0.0,0.044846445709435356,-0.044846445709435356,0.044846445709435356
3,LORATADINA 10MG,2026-01-18,0.0,0.04605831613753164,-0.04605831613753164,0.04605831613753164
3,LOSARTAN 50MG,2026-01-18,0.0,0.24399667857242927,-0.24399667857242927,0.24399667857242927
3,METFORMINA 850MG,2026-01-18,3.0,0.2474616508792735,2.7525383491207265,2.7525383491207265
3,PARACETAMOL 500MG,2026-01-18,0.0,0.10245540774602348,-0.10245540774602348,0.10245540774602348
3,VITAMINA C+ZINC+D3,2026-01-18,1.0,1.010549048539857,-0.010549048539856942,0.010549048539856942
4,AMOXICILINA 500MG,2026-01-18,0.0,0.05819229178991571,-0.05819229178991571,0.05819229178991571
4,AZITROMICINA 500MG,2026-01-18,0.0,0.05434717151924391,-0.05434717151924391,0.05434717151924391
4,DIMENHIDRINATO 50MG,2026-01-18,0.0,0.046406047806006365,-0.046406047806006365,0.046406047806006365
4,ENALAPRIL 10MG,2026-01-18,0.0,0.1929360096995012,-0.1929360096995012,0.1929360096995012
4,IBUPROFENO TABX800,2026-01-18,0.0,0.04300981855487335,-0.04300981855487335,0.04300981855487335
4,LOPERAMIDA 2MG,2026-01-18,0.0,0.03964137673738881,-0.03964137673738881,0.03964137673738881
4,METFORMINA 850MG,2026-01-18,0.0,0.12558423622057652,-0.12558423622057652,0.12558423622057652
4,VITAMINA C+ZINC+D3,2026-01-18,2.0,0.8808845803485301,1.1191154196514699,1.1191154196514699
5,AMOXICILINA 500MG,2026-01-18,0.0,0.11654221480084595,-0.11654221480084595,0.11654221480084595
5,AZITROMICINA 500MG,2026-01-18,0.0,0.11269709453017415,-0.11269709453017415,0.11269709453017415
5,DIMENHIDRINATO 50MG,2026-01-18,0.0,0.13392405723859924,-0.13392405723859924,0.13392405723859924
5,ENALAPRIL 10MG,2026-01-18,0.0,0.27572855263886054,-0.27572855263886054,0.27572855263886054
5,IBUPROFENO TABX800,2026-01-18,0.0,0.10135974156580359,-0.10135974156580359,0.10135974156580359
5,METFORMINA 850MG,2026-01-18,0.0,0.21310224565316938,-0.21310224565316938,0.21310224565316938
5,PARACETAMOL 500MG,2026-01-18,0.0,0.20921096813499881,-0.20921096813499881,0.20921096813499881
5,VITAMINA C+ZINC+D3,2026-01-18,1.0,1.0072487340166194,-0.007248734016619407,0.007248734016619407
6,AMOXICILINA 500MG,2026-01-18,0.0,0.04845128519168919,-0.04845128519168919,0.04845128519168919
6,AZITROMICINA 500MG,2026-01-18,0.0,0.04460616492101739,-0.04460616492101739,0.04460616492101739
6,DIMENHIDRINATO 50MG,2026-01-18,0.0,0.036665041207779844,-0.036665041207779844,0.036665041207779844
6,ENALAPRIL 10MG,2026-01-18,1.0,0.2986317765442759,0.7013682234557241,0.7013682234557241
6,IBUPROFENO TABX800,2026-01-18,0.0,0.03326881195664681,-0.03326881195664681,0.03326881195664681
6,LOPERAMIDA 2MG,2026-01-18,0.0,0.02990037013916229,-0.02990037013916229,0.02990037013916229
6,METFORMINA 850MG,2026-01-18,0.0,0.11584322962235,-0.11584322962235,0.11584322962235
6,VITAMINA C+ZINC+D3,2026-01-18,2.0,0.5465428237334662,1.4534571762665338,1.4534571762665338
7,AMOXICILINA 500MG,2026-01-18,0.0,0.01594792008202585,-0.01594792008202585,0.01594792008202585
7,AZITROMICINA 500MG,2026-01-18,0.0,0.01210279981135405,-0.01210279981135405,0.01210279981135405
7,DIMENHIDRINATO 50MG,2026-01-18,0.0,0.004161676098116504,-0.004161676098116504,0.004161676098116504
7,ENALAPRIL 10MG,2026-01-18,0.0,0.1459661714983778,-0.1459661714983778,0.1459661714983778
7,IBUPROFENO TABX800,2026-01-18,0.0,0.0007654468469834724,-0.0007654468469834724,0.0007654468469834724
7,METFORMINA 850MG,2026-01-18,0.0,0.08333986451268667,-0.08333986451268667,0.08333986451268667
7,PARACETAMOL 500MG,2026-01-18,0.0,0.025837880644424466,-0.025837880644424466,0.025837880644424466
7,VITAMINA C+ZINC+D3,2026-01-18,1.0,0.5140394586238028,0.48596054137619715,0.48596054137619715
8,AMOXICILINA 500MG,2026-01-18,0.0,0.0025864802764994227,-0.0025864802764994227,0.0025864802764994227
8,AZITROMICINA 500MG,2026-01-18,0.0,-0.0012586399941723753,0.0012586399941723753,0.0012586399941723753
8,DIMENHIDRINATO 50MG,2026-01-18,0.0,-0.009199763707409922,0.009199763707409922,0.009199763707409922
8,ENALAPRIL 10MG,2026-01-18,0.0,0.1905341997274174,-0.1905341997274174,0.1905341997274174
8,IBUPROFENO TABX800,2026-01-18,0.0,-0.012595992958542954,0.012595992958542954,0.012595992958542954
8,LOPERAMIDA 2MG,2026-01-18,0.0,-0.015964434776027478,0.015964434776027478,0.015964434776027478
8,METFORMINA 850MG,2026-01-18,0.0,0.12358913105725185,-0.12358913105725185,0.12358913105725185
8,PARACETAMOL 500MG,2026-01-18,0.0,0.012476440838898026,-0.012476440838898026,0.012476440838898026
8,VITAMINA C+ZINC+D3,2026-01-18,0.0,0.529846105239939,-0.529846105239939,0.529846105239939
9,AMOXICILINA 500MG,2026-01-18,0.0,0.023365785616633147,-0.023365785616633147,0.023365785616633147
9,AZITROMICINA 500MG,2026-01-18,0.0,0.01952066534596135,-0.01952066534596135,0.01952066534596135
9,DIMENHIDRINATO 50MG,2026-01-18,0.0,0.011579541632723803,-0.011579541632723803,0.011579541632723803
9,ENALAPRIL 10MG,2026-01-18,0.0,0.09977333068289344,-0.09977333068289344,0.09977333068289344
9,METFORMINA 850MG,2026-01-18,0.0,0.14785833064696996,-0.14785833064696996,0.14785833064696996
9,PARACETAMOL 500MG,2026-01-18,0.0,0.116034538950786,-0.116034538950786,0.116034538950786
9,VITAMINA C+ZINC+D3,2026-01-18,0.0,0.7441959576044237,-0.7441959576044237,0.7441959576044237
10,AMOXICILINA 500MG,2026-01-18,0.0,0.04706735779538919,-0.04706735779538919,0.04706735779538919
10,AZITROMICINA 500MG,2026-01-18,0.0,0.1348502206754152,-0.1348502206754152,0.1348502206754152
10,DIMENHIDRINATO 50MG,2026-01-18,0.0,0.03528111381147983,-0.03528111381147983,0.03528111381147983
10,ENALAPRIL 10MG,2026-01-18,0.0,0.18057550346132545,-0.18057550346132545,0.18057550346132545
10,IBUPROFENO TABX800,2026-01-18,0.0,0.03188488456034681,-0.03188488456034681,0.03188488456034681
10,METFORMINA 850MG,2026-01-18,0.0,0.17155990282572597,-0.17155990282572597,0.17155990282572597
10,PARACETAMOL 500MG,2026-01-18,0.0,0.11056802470787941,-0.11056802470787941,0.11056802470787941
10,VITAMINA C+ZINC+D3,2026-01-18,1.0,0.9744220819437508,0.025577918056249205,0.025577918056249205
11,AMOXICILINA 500MG,2026-01-18,0.0,-0.0001418082234935364,0.0001418082234935364,0.0001418082234935364
11,AZITROMICINA 500MG,2026-01-18,0.0,-0.003986928494165334,0.003986928494165334,0.003986928494165334
11,DIMENHIDRINATO 50MG,2026-01-18,0.0,-0.011928052207402909,0.011928052207402909,0.011928052207402909
11,ENALAPRIL 10MG,2026-01-18,0.0,0.07626573684276675,-0.07626573684276675,0.07626573684276675
11,IBUPROFENO TABX800,2026-01-18,0.0,-0.015324281458535913,0.015324281458535913,0.015324281458535913
11,METFORMINA 850MG,2026-01-18,0.0,0.06725013620716727,-0.06725013620716727,0.06725013620716727
11,PARACETAMOL 500MG,2026-01-18,0.0,0.0633588586889967,-0.0633588586889967,0.0633588586889967
11,VITAMINA C+ZINC+D3,2026-01-18,2.0,0.701117887853639,1.298882112146361,1.298882112146361
12,AMOXICILINA 500MG,2026-01-18,0.0,0.05118100401078715,-0.05118100401078715,0.05118100401078715
12,AZITROMICINA 500MG,2026-01-18,0.0,0.04733588374011535,-0.04733588374011535,0.04733588374011535
12,DIMENHIDRINATO 50MG,2026-01-18,0.0,0.039394760026877806,-0.039394760026877806,0.039394760026877806
12,ENALAPRIL 10MG,2026-01-18,0.0,0.15675663549871005,-0.15675663549871005,0.15675663549871005
12,IBUPROFENO TABX800,2026-01-18,0.0,0.03599853077574479,-0.03599853077574479,0.03599853077574479
12,METFORMINA 850MG,2026-01-18,0.0,0.16954423037827449,-0.16954423037827449,0.16954423037827449
12,PARACETAMOL 500MG,2026-01-18,0.0,0.06107096457318577,-0.06107096457318577,0.06107096457318577
12,VITAMINA C+ZINC+D3,2026-01-18,0.0,0.8060514064380111,-0.8060514064380111,0.8060514064380111
13,AMOXICILINA 500MG,2026-01-18,0.0,0.01076136245059621,-0.01076136245059621,0.01076136245059621
13,AZITROMICINA 500MG,2026-01-18,0.0,0.006916242179924412,-0.006916242179924412,0.006916242179924412
13,DIMENHIDRINATO 50MG,2026-01-18,0.0,0.04994640040351339,-0.04994640040351339,0.04994640040351339
13,ENALAPRIL 10MG,2026-01-18,0.0,0.14077961386694815,-0.14077961386694815,0.14077961386694815
13,IBUPROFENO TABX800,2026-01-18,0.0,-0.004421110784446139,0.004421110784446139,0.004421110784446139
13,METFORMINA 850MG,2026-01-18,0.0,0.07815330688125703,-0.07815330688125703,0.07815330688125703
13,OMEPRAZOL 20MG,2026-01-18,0.0,0.003425413704641042,-0.003425413704641042,0.003425413704641042
13,PARACETAMOL 500MG,2026-01-18,0.0,0.020651323012994827,-0.020651323012994827,0.020651323012994827
13,VITAMINA C+ZINC+D3,2026-01-18,0.0,0.6452424001142192,-0.6452424001142192,0.6452424001142192
14,AZITROMICINA 500MG,2026-01-18,0.0,0.02883406310308248,-0.02883406310308248,0.02883406310308248
14,DIMENHIDRINATO 50MG,2026-01-18,0.0,0.02089293938984492,-0.02089293938984492,0.02089293938984492
14,ENALAPRIL 10MG,2026-01-18,0.0,0.10908672844001457,-0.10908672844001457,0.10908672844001457
14,IBUPROFENO TABX800,2026-01-18,0.0,0.017496710138711916,-0.017496710138711916,0.017496710138711916
14,METFORMINA 850MG,2026-01-18,0.0,0.23995052117584534,-0.23995052117584534,0.23995052117584534
14,VITAMINA C+ZINC+D3,2026-01-18,0.0,0.8233341429970786,-0.8233341429970786,0.8233341429970786
15,AMOXICILINA 500MG,2026-01-18,0.0,0.08269456597509448,-0.08269456597509448,0.08269456597509448
15,AZITROMICINA 500MG,2026-01-18,0.0,0.07884944570442266,-0.07884944570442266,0.07884944570442266
15,DIMENHIDRINATO 50MG,2026-01-18,0.0,0.07090832199118512,-0.07090832199118512,0.07090832199118512
15,ENALAPRIL 10MG,2026-01-18,0.0,0.26981341799112235,-0.26981341799112235,0.26981341799112235
15,IBUPROFENO TABX800,2026-01-18,0.0,0.0675120927400521,-0.0675120927400521,0.0675120927400521
15,METFORMINA 850MG,2026-01-18,0.0,0.15008651040575527,-0.15008651040575527,0.15008651040575527
15,PARACETAMOL 500MG,2026-01-18,0.0,0.09258452653749308,-0.09258452653749308,0.09258452653749308
15,VITAMINA C+ZINC+D3,2026-01-18,1.0,1.0785232779109137,-0.07852327791091374,0.07852327791091374
16,AMOXICILINA 500MG,2026-01-18,0.0,0.0026525640359639363,-0.0026525640359639363,0.0026525640359639363
16,AZITROMICINA 500MG,2026-01-18,0.0,-0.0011925562347078617,0.0011925562347078617,0.0011925562347078617
16,DIMENHIDRINATO 50MG,2026-01-18,0.0,-0.009133679947945408,0.009133679947945408,0.009133679947945408
16,ENALAPRIL 10MG,2026-01-18,0.0,0.10822819552388684,-0.10822819552388684,0.10822819552388684
16,IBUPROFENO TABX800,2026-01-18,0.0,-0.01252990919907844,0.01252990919907844,0.01252990919907844
16,LOPERAMIDA 2MG,2026-01-18,0.0,-0.015898351016562964,0.015898351016562964,0.015898351016562964
16,METFORMINA 850MG,2026-01-18,0.0,0.09921259488828736,-0.09921259488828736,0.09921259488828736
16,PARACETAMOL 500MG,2026-01-18,0.0,0.01254252459836254,-0.01254252459836254,0.01254252459836254
16,VITAMINA C+ZINC+D3,2026-01-18,5.0,0.9216333127530527,4.078366687246947,4.078366687246947
1,AMOXICILINA 500MG,2026-01-25,0.0,0.08655989123720967,-0.08655989123720967,0.08655989123720967
1,AZITROMICINA 500MG,2026-01-25,0.0,0.08271477096653787,-0.08271477096653787,0.08271477096653787
1,DIMENHIDRINATO 50MG,2026-01-25,0.0,0.07477364725330031,-0.07477364725330031,0.07477364725330031
1,ENALAPRIL 10MG,2026-01-25,0.0,0.2745076106881277,-0.2745076106881277,0.2745076106881277
1,IBUPROFENO TABX800,2026-01-25,0.0,0.07137741800216729,-0.07137741800216729,0.07137741800216729
1,LOPERAMIDA 2MG,2026-01-25,0.0,0.09717706260634537,-0.09717706260634537,0.09717706260634537
1,METFORMINA 850MG,2026-01-25,0.0,0.23673062843962472,-0.23673062843962472,0.23673062843962472
1,PARACETAMOL 500MG,2026-01-25,0.0,0.17658922015809742,-0.17658922015809742,0.17658922015809742
1,VITAMINA C+ZINC+D3,2026-01-25,0.0,0.7013237754656372,-0.7013237754656372,0.7013237754656372
2,AMOXICILINA 500MG,2026-01-25,0.0,0.14765683288162784,-0.14765683288162784,0.14765683288162784
2,AZITROMICINA 500MG,2026-01-25,0.0,0.08547553976763082,-0.08547553976763082,0.08547553976763082
2,DIMENHIDRINATO 50MG,2026-01-25,0.0,0.07753441605439328,-0.07753441605439328,0.07753441605439328
2,ENALAPRIL 10MG,2026-01-25,0.0,0.2228288057042389,-0.2228288057042389,0.2228288057042389
2,IBUPROFENO TABX800,2026-01-25,0.0,0.07413818680326026,-0.07413818680326026,0.07413818680326026
2,METFORMINA 850MG,2026-01-25,0.0,0.15671260446896343,-0.15671260446896343,0.15671260446896343
2,PARACETAMOL 500MG,2026-01-25,0.0,0.15754679344402645,-0.15754679344402645,0.15754679344402645
2,VITAMINA C+ZINC+D3,2026-01-25,1.0,0.8579955374380663,0.14200446256193366,0.14200446256193366
3,AMOXICILINA 500MG,2026-01-25,0.0,0.3240516012558068,-0.3240516012558068,0.3240516012558068
3,AZITROMICINA 500MG,2026-01-25,0.0,0.057276696035409275,-0.057276696035409275,0.057276696035409275
3,DIMENHIDRINATO 50MG,2026-01-25,0.0,0.049335572322171714,-0.049335572322171714,0.049335572322171714
3,ENALAPRIL 10MG,2026-01-25,1.0,0.13752936137234134,0.8624706386276586,0.8624706386276586
3,IBUPROFENO TABX800,2026-01-25,0.0,0.045939343071038696,-0.045939343071038696,0.045939343071038696
3,LOPERAMIDA 2MG,2026-01-25,0.0,0.04257090125355417,-0.04257090125355417,0.04257090125355417
3,LOSARTAN 50MG,2026-01-25,0.0,0.261633325350508,-0.261633325350508,0.261633325350508
3,METFORMINA 850MG,2026-01-25,0.0,0.5200700558754856,-0.5200700558754856,0.5200700558754856
3,PARACETAMOL 500MG,2026-01-25,0.0,0.1001798632901423,-0.1001798632901423,0.1001798632901423
3,VITAMINA C+ZINC+D3,2026-01-25,1.0,0.9400510577278836,0.059948942272116446,0.059948942272116446
4,AMOXICILINA 500MG,2026-01-25,0.0,0.055916747334034525,-0.055916747334034525,0.055916747334034525
4,AZITROMICINA 500MG,2026-01-25,0.0,0.05207162706336273,-0.05207162706336273,0.05207162706336273
4,DIMENHIDRINATO 50MG,2026-01-25,0.0,0.04413050335012518,-0.04413050335012518,0.04413050335012518
4,ENALAPRIL 10MG,2026-01-25,1.0,0.2342668562739479,0.7657331437260522,0.7657331437260522
4,IBUPROFENO TABX800,2026-01-25,0.0,0.04073427409899216,-0.04073427409899216,0.04073427409899216
4,LOPERAMIDA 2MG,2026-01-25,0.0,0.037365832281507624,-0.037365832281507624,0.037365832281507624
4,METFORMINA 850MG,2026-01-25,0.0,0.12330869176469533,-0.12330869176469533,0.12330869176469533
4,VITAMINA C+ZINC+D3,2026-01-25,1.0,0.9075473042139492,0.09245269578605075,0.09245269578605075
5,AMOXICILINA 500MG,2026-01-25,0.0,0.11426667034496477,-0.11426667034496477,0.11426667034496477
5,AZITROMICINA 500MG,2026-01-25,0.0,0.11042155007429297,-0.11042155007429297,0.11042155007429297
5,DIMENHIDRINATO 50MG,2026-01-25,0.0,0.15345170829788196,-0.15345170829788196,0.15345170829788196
5,ENALAPRIL 10MG,2026-01-25,0.0,0.2708135837697142,-0.2708135837697142,0.2708135837697142
5,IBUPROFENO TABX800,2026-01-25,0.0,0.0990841971099224,-0.0990841971099224,0.0990841971099224
5,METFORMINA 850MG,2026-01-25,0.0,0.2108267011972882,-0.2108267011972882,0.2108267011972882
5,PARACETAMOL 500MG,2026-01-25,0.0,0.1824928037506886,-0.1824928037506886,0.1824928037506886
5,VITAMINA C+ZINC+D3,2026-01-25,2.0,1.0037376173170889,0.9962623826829111,0.9962623826829111
6,AMOXICILINA 500MG,2026-01-25,0.0,0.046175740735808005,-0.046175740735808005,0.046175740735808005
6,AZITROMICINA 500MG,2026-01-25,0.0,0.04233062046513621,-0.04233062046513621,0.04233062046513621
6,DIMENHIDRINATO 50MG,2026-01-25,0.0,0.03438949675189866,-0.03438949675189866,0.03438949675189866
6,ENALAPRIL 10MG,2026-01-25,0.0,0.4499039075349999,-0.4499039075349999,0.4499039075349999
6,IBUPROFENO TABX800,2026-01-25,0.0,0.03099326750076563,-0.03099326750076563,0.03099326750076563
6,LOPERAMIDA 2MG,2026-01-25,0.0,0.027624825683281104,-0.027624825683281104,0.027624825683281104
6,METFORMINA 850MG,2026-01-25,0.0,0.11356768516646881,-0.11356768516646881,0.11356768516646881
6,VITAMINA C+ZINC+D3,2026-01-25,1.0,0.7275232455789806,0.2724767544210194,0.2724767544210194
7,AMOXICILINA 500MG,2026-01-25,0.0,0.013672375626144664,-0.013672375626144664,0.013672375626144664
7,AZITROMICINA 500MG,2026-01-25,0.0,0.009827255355472866,-0.009827255355472866,0.009827255355472866
7,DIMENHIDRINATO 50MG,2026-01-25,0.0,0.0018861316422353197,-0.0018861316422353197,0.0018861316422353197
7,ENALAPRIL 10MG,2026-01-25,0.0,0.11924800711406758,-0.11924800711406758,0.11924800711406758
7,IBUPROFENO TABX800,2026-01-25,0.0,-0.001510097608897712,0.001510097608897712,0.001510097608897712
7,METFORMINA 850MG,2026-01-25,0.0,0.08106432005680549,-0.08106432005680549,0.08106432005680549
7,PARACETAMOL 500MG,2026-01-25,0.0,0.02356233618854328,-0.02356233618854328,0.02356233618854328
7,VITAMINA C+ZINC+D3,2026-01-25,0.0,0.6033918973186194,-0.6033918973186194,0.6033918973186194
8,AMOXICILINA 500MG,2026-01-25,0.0,0.0003109358206182383,-0.0003109358206182383,0.0003109358206182383
8,AZITROMICINA 500MG,2026-01-25,0.0,-0.0035341844500535596,0.0035341844500535596,0.0035341844500535596
8,DIMENHIDRINATO 50MG,2026-01-25,0.0,-0.011475308163291106,0.011475308163291106,0.011475308163291106
8,ENALAPRIL 10MG,2026-01-25,0.0,0.13381908148655453,-0.13381908148655453,0.13381908148655453
8,IBUPROFENO TABX800,2026-01-25,0.0,-0.014871537414424138,0.014871537414424138,0.014871537414424138
8,LOPERAMIDA 2MG,2026-01-25,0.0,-0.018239979231908662,0.018239979231908662,0.018239979231908662
8,METFORMINA 850MG,2026-01-25,1.0,0.09687096667294166,0.9031290333270583,0.9031290333270583
8,PARACETAMOL 500MG,2026-01-25,0.0,0.010200896383016841,-0.010200896383016841,0.010200896383016841
8,VITAMINA C+ZINC+D3,2026-01-25,0.0,0.5493737562992218,-0.5493737562992218,0.5493737562992218
9,AMOXICILINA 500MG,2026-01-25,0.0,0.021090241160751963,-0.021090241160751963,0.021090241160751963
9,AZITROMICINA 500MG,2026-01-25,0.0,0.017245120890080165,-0.017245120890080165,0.017245120890080165
9,DIMENHIDRINATO 50MG,2026-01-25,0.0,0.009303997176842618,-0.009303997176842618,0.009303997176842618
9,ENALAPRIL 10MG,2026-01-25,0.0,0.09749778622701226,-0.09749778622701226,0.09749778622701226
9,METFORMINA 850MG,2026-01-25,0.0,0.1420928919415044,-0.1420928919415044,0.1420928919415044
9,PARACETAMOL 500MG,2026-01-25,0.0,0.08931637456647581,-0.08931637456647581,0.08931637456647581
9,VITAMINA C+ZINC+D3,2026-01-25,0.0,0.6816932360240133,-0.6816932360240133,0.6816932360240133
10,AMOXICILINA 500MG,2026-01-25,0.0,0.044791813339508005,-0.044791813339508005,0.044791813339508005
10,AZITROMICINA 500MG,2026-01-25,0.0,0.15248686745349388,-0.15248686745349388,0.15248686745349388
10,DIMENHIDRINATO 50MG,2026-01-25,0.0,0.033005569355598646,-0.033005569355598646,0.033005569355598646
10,ENALAPRIL 10MG,2026-01-25,0.0,0.17481006475585992,-0.17481006475585992,0.17481006475585992
10,IBUPROFENO TABX800,2026-01-25,0.0,0.02960934010446563,-0.02960934010446563,0.02960934010446563
10,LOPERAMIDA 2MG,2026-01-25,0.0,0.026240898286981104,-0.026240898286981104,0.026240898286981104
10,METFORMINA 850MG,2026-01-25,2.0,0.16579446412026044,1.8342055358797396,1.8342055358797396
10,PARACETAMOL 500MG,2026-01-25,0.0,0.08384986032356923,-0.08384986032356923,0.08384986032356923
10,VITAMINA C+ZINC+D3,2026-01-25,0.0,0.8261908777751297,-0.8261908777751297,0.8261908777751297
11,AMOXICILINA 500MG,2026-01-25,0.0,-0.0024173526793747208,0.0024173526793747208,0.0024173526793747208
11,AZITROMICINA 500MG,2026-01-25,0.0,-0.006262472950046519,0.006262472950046519,0.006262472950046519
11,DIMENHIDRINATO 50MG,2026-01-25,0.0,-0.014203596663284093,0.014203596663284093,0.014203596663284093
11,ENALAPRIL 10MG,2026-01-25,0.0,0.07399019238688556,-0.07399019238688556,0.07399019238688556
11,IBUPROFENO TABX800,2026-01-25,0.0,-0.017599825914417097,0.017599825914417097,0.017599825914417097
11,METFORMINA 850MG,2026-01-25,0.0,0.06497459175128609,-0.06497459175128609,0.06497459175128609
11,PARACETAMOL 500MG,2026-01-25,0.0,0.036640694304686514,-0.036640694304686514,0.036640694304686514
11,VITAMINA C+ZINC+D3,2026-01-25,1.0,0.8475709271481315,0.15242907285186846,0.15242907285186846
12,AMOXICILINA 500MG,2026-01-25,0.0,0.04890545955490597,-0.04890545955490597,0.04890545955490597
12,AZITROMICINA 500MG,2026-01-25,0.0,0.04506033928423417,-0.04506033928423417,0.04506033928423417
12,DIMENHIDRINATO 50MG,2026-01-25,0.0,0.03711921557099662,-0.03711921557099662,0.03711921557099662
12,ENALAPRIL 10MG,2026-01-25,1.0,0.15448109104282887,0.8455189089571711,0.8455189089571711
12,IBUPROFENO TABX800,2026-01-25,0.0,0.033722986319863604,-0.033722986319863604,0.033722986319863604
12,METFORMINA 850MG,2026-01-25,0.0,0.11629740398556677,-0.11629740398556677,0.11629740398556677
12,PARACETAMOL 500MG,2026-01-25,0.0,0.058795420117304584,-0.058795420117304584,0.058795420117304584
12,VITAMINA C+ZINC+D3,2026-01-25,0.0,0.7448058595026794,-0.7448058595026794,0.7448058595026794
13,AMOXICILINA 500MG,2026-01-25,0.0,0.008485817994715025,-0.008485817994715025,0.008485817994715025
13,AZITROMICINA 500MG,2026-01-25,0.0,0.004640697724043227,-0.004640697724043227,0.004640697724043227
13,DIMENHIDRINATO 50MG,2026-01-25,0.0,-0.0033004259891943194,0.0033004259891943194,0.0033004259891943194
13,ENALAPRIL 10MG,2026-01-25,0.0,0.11406144948263794,-0.11406144948263794,0.11406144948263794
13,IBUPROFENO TABX800,2026-01-25,0.0,-0.006696655240327323,0.006696655240327323,0.006696655240327323
13,METFORMINA 850MG,2026-01-25,0.0,0.07587776242537585,-0.07587776242537585,0.07587776242537585
13,OMEPRAZOL 20MG,2026-01-25,0.0,0.0011498692487598577,-0.0011498692487598577,0.0011498692487598577
13,PARACETAMOL 500MG,2026-01-25,0.0,0.018375778557113642,-0.018375778557113642,0.018375778557113642
13,VITAMINA C+ZINC+D3,2026-01-25,0.0,0.6158848113166437,-0.6158848113166437,0.6158848113166437
14,AZITROMICINA 500MG,2026-01-25,0.0,0.026558518647201296,-0.026558518647201296,0.026558518647201296
14,DIMENHIDRINATO 50MG,2026-01-25,0.0,0.018617394933963735,-0.018617394933963735,0.018617394933963735
14,ENALAPRIL 10MG,2026-01-25,0.0,0.10681118398413339,-0.10681118398413339,0.10681118398413339
14,IBUPROFENO TABX800,2026-01-25,0.0,0.015221165682830731,-0.015221165682830731,0.015221165682830731
14,METFORMINA 850MG,2026-01-25,0.0,0.2315456580571147,-0.2315456580571147,0.2315456580571147
14,VITAMINA C+ZINC+D3,2026-01-25,1.0,0.8099116990722908,0.19008830092770923,0.19008830092770923
15,AMOXICILINA 500MG,2026-01-25,0.0,0.08041902151921329,-0.08041902151921329,0.08041902151921329
15,AZITROMICINA 500MG,2026-01-25,0.0,0.07657390124854148,-0.07657390124854148,0.07657390124854148
15,DIMENHIDRINATO 50MG,2026-01-25,0.0,0.06863277753530393,-0.06863277753530393,0.06863277753530393
15,ENALAPRIL 10MG,2026-01-25,0.0,0.23960535935722782,-0.23960535935722782,0.23960535935722782
15,IBUPROFENO TABX800,2026-01-25,0.0,0.06523654828417091,-0.06523654828417091,0.06523654828417091
15,METFORMINA 850MG,2026-01-25,0.0,0.14781096594987408,-0.14781096594987408,0.14781096594987408
15,PARACETAMOL 500MG,2026-01-25,0.0,0.0903089820816119,-0.0903089820816119,0.0903089820816119
15,VITAMINA C+ZINC+D3,2026-01-25,2.0,1.171573826554248,0.8284261734457521,0.8284261734457521
16,AMOXICILINA 500MG,2026-01-25,0.0,0.00037701958008275194,-0.00037701958008275194,0.00037701958008275194
16,AZITROMICINA 500MG,2026-01-25,0.0,-0.003468100690589046,0.003468100690589046,0.003468100690589046
16,DIMENHIDRINATO 50MG,2026-01-25,0.0,-0.011409224403826593,0.011409224403826593,0.011409224403826593
16,ENALAPRIL 10MG,2026-01-25,0.0,0.10595265106800565,-0.10595265106800565,0.10595265106800565
16,IBUPROFENO TABX800,2026-01-25,0.0,-0.014805453654959624,0.014805453654959624,0.014805453654959624
16,LOPERAMIDA 2MG,2026-01-25,0.0,-0.01817389547244415,0.01817389547244415,0.01817389547244415
16,METFORMINA 850MG,2026-01-25,0.0,0.09693705043240618,-0.09693705043240618,0.09693705043240618
16,PARACETAMOL 500MG,2026-01-25,0.0,0.010266980142481355,-0.010266980142481355,0.010266980142481355
16,VITAMINA C+ZINC+D3,2026-01-25,1.0,1.2324922639612947,-0.23249226396129474,0.23249226396129474
1,AMOXICILINA 500MG,2026-02-01,0.0,0.08205997437863488,-0.08205997437863488,0.08205997437863488
1,AZITROMICINA 500MG,2026-02-01,0.0,0.07821485410796308,-0.07821485410796308,0.07821485410796308
1,DIMENHIDRINATO 50MG,2026-02-01,0.0,0.07027373039472554,-0.07027373039472554,0.07027373039472554
1,ENALAPRIL 10MG,2026-02-01,0.0,0.21556812004457118,-0.21556812004457118,0.21556812004457118
1,IBUPROFENO TABX800,2026-02-01,0.0,0.06687750114359252,-0.06687750114359252,0.06687750114359252
1,LOPERAMIDA 2MG,2026-02-01,0.0,0.11448034126293452,-0.11448034126293452,0.11448034126293452
1,METFORMINA 850MG,2026-02-01,0.0,0.22959128716778482,-0.22959128716778482,0.22959128716778482
1,PARACETAMOL 500MG,2026-02-01,0.0,0.14292121687786002,-0.14292121687786002,0.14292121687786002
1,VITAMINA C+ZINC+D3,2026-02-01,2.0,0.7622334451525541,1.237766554847446,1.237766554847446
2,AMOXICILINA 500MG,2026-02-01,0.0,0.14315691602305308,-0.14315691602305308,0.14315691602305308
2,AZITROMICINA 500MG,2026-02-01,0.0,0.08097562290905605,-0.08097562290905605,0.08097562290905605
2,DIMENHIDRINATO 50MG,2026-02-01,0.0,0.07303449919581849,-0.07303449919581849,0.07303449919581849
2,ENALAPRIL 10MG,2026-02-01,0.0,0.21483899459607977,-0.21483899459607977,0.21483899459607977
2,IBUPROFENO TABX800,2026-02-01,0.0,0.06963826994468547,-0.06963826994468547,0.06963826994468547
2,METFORMINA 850MG,2026-02-01,0.0,0.15221268761038864,-0.15221268761038864,0.15221268761038864
2,PARACETAMOL 500MG,2026-02-01,0.0,0.15304687658545169,-0.15304687658545169,0.15304687658545169
2,VITAMINA C+ZINC+D3,2026-02-01,0.0,0.7852515718219704,-0.7852515718219704,0.7852515718219704
3,AMOXICILINA 500MG,2026-02-01,0.0,0.3289941928824388,-0.3289941928824388,0.3289941928824388
3,AZITROMICINA 500MG,2026-02-01,0.0,0.05277677917683449,-0.05277677917683449,0.05277677917683449
3,DIMENHIDRINATO 50MG,2026-02-01,0.0,0.04483565546359694,-0.04483565546359694,0.04483565546359694
3,ENALAPRIL 10MG,2026-02-01,0.0,0.22465742766446437,-0.22465742766446437,0.22465742766446437
3,IBUPROFENO TABX800,2026-02-01,0.0,0.04143942621246392,-0.04143942621246392,0.04143942621246392
3,LOPERAMIDA 2MG,2026-02-01,0.0,0.038070984394979385,-0.038070984394979385,0.038070984394979385
3,METFORMINA 850MG,2026-02-01,0.0,0.6625194947794462,-0.6625194947794462,0.6625194947794462
3,PARACETAMOL 500MG,2026-02-01,0.0,0.09567994643156752,-0.09567994643156752,0.09567994643156752
3,VITAMINA C+ZINC+D3,2026-02-01,2.0,1.0837179177851255,0.9162820822148745,0.9162820822148745
4,AMOXICILINA 500MG,2026-02-01,0.0,0.05141683047545974,-0.05141683047545974,0.05141683047545974
4,AZITROMICINA 500MG,2026-02-01,0.0,0.04757171020478794,-0.04757171020478794,0.04757171020478794
4,DIMENHIDRINATO 50MG,2026-02-01,0.0,0.03963058649155039,-0.03963058649155039,0.03963058649155039
4,ENALAPRIL 10MG,2026-02-01,0.0,0.21945235869241783,-0.21945235869241783,0.21945235869241783
4,IBUPROFENO TABX800,2026-02-01,0.0,0.036234357240417375,-0.036234357240417375,0.036234357240417375
4,LOPERAMIDA 2MG,2026-02-01,0.0,0.03286591542293284,-0.03286591542293284,0.03286591542293284
4,METFORMINA 850MG,2026-02-01,1.0,0.11880877490612055,0.8811912250938795,0.8811912250938795
4,VITAMINA C+ZINC+D3,2026-02-01,1.0,1.053663524075891,-0.05366352407589092,0.05366352407589092
5,AMOXICILINA 500MG,2026-02-01,0.0,0.10976675348638999,-0.10976675348638999,0.10976675348638999
5,AZITROMICINA 500MG,2026-02-01,0.0,0.1059216332157182,-0.1059216332157182,0.1059216332157182
5,DIMENHIDRINATO 50MG,2026-02-01,0.0,0.09798050950248063,-0.09798050950248063,0.09798050950248063
5,ENALAPRIL 10MG,2026-02-01,1.0,0.2153423849743129,0.7846576150256871,0.7846576150256871
5,IBUPROFENO TABX800,2026-02-01,0.0,0.09458428025134763,-0.09458428025134763,0.09458428025134763
5,METFORMINA 850MG,2026-02-01,0.0,0.2063267843387134,-0.2063267843387134,0.2063267843387134
5,PARACETAMOL 500MG,2026-02-01,0.0,0.19979608240727775,-0.19979608240727775,0.19979608240727775
5,VITAMINA C+ZINC+D3,2026-02-01,3.0,1.0425338260856505,1.9574661739143495,1.9574661739143495
6,AMOXICILINA 500MG,2026-02-01,0.0,0.04167582387723323,-0.04167582387723323,0.04167582387723323
6,AZITROMICINA 500MG,2026-02-01,0.0,0.03783070360656143,-0.03783070360656143,0.03783070360656143
6,DIMENHIDRINATO 50MG,2026-02-01,0.0,0.029889579893323873,-0.029889579893323873,0.029889579893323873
6,ENALAPRIL 10MG,2026-02-01,0.0,0.2879597161714764,-0.2879597161714764,0.2879597161714764
6,IBUPROFENO TABX800,2026-02-01,0.0,0.026493350642190855,-0.026493350642190855,0.026493350642190855
6,LOPERAMIDA 2MG,2026-02-01,0.0,0.02312490882470633,-0.02312490882470633,0.02312490882470633
6,METFORMINA 850MG,2026-02-01,0.0,0.10906776830789404,-0.10906776830789404,0.10906776830789404
6,VITAMINA C+ZINC+D3,2026-02-01,2.0,0.8544756943390235,1.1455243056609765,1.1455243056609765
7,AMOXICILINA 500MG,2026-02-01,0.0,0.009172458767569891,-0.009172458767569891,0.009172458767569891
7,AZITROMICINA 500MG,2026-02-01,0.0,0.005327338496898093,-0.005327338496898093,0.005327338496898093
7,DIMENHIDRINATO 50MG,2026-02-01,0.0,-0.0026137852163394537,0.0026137852163394537,0.0026137852163394537
7,ENALAPRIL 10MG,2026-02-01,0.0,0.1147480902554928,-0.1147480902554928,0.1147480902554928
7,IBUPROFENO TABX800,2026-02-01,0.0,-0.006010014467472485,0.006010014467472485,0.006010014467472485
7,METFORMINA 850MG,2026-02-01,0.0,0.0765644031982307,-0.0765644031982307,0.0765644031982307
7,PARACETAMOL 500MG,2026-02-01,0.0,0.019062419329968508,-0.019062419329968508,0.019062419329968508
7,VITAMINA C+ZINC+D3,2026-02-01,0.0,0.6188041716940047,-0.6188041716940047,0.6188041716940047
8,AMOXICILINA 500MG,2026-02-01,0.0,-0.004188981037956549,0.004188981037956549,0.004188981037956549
8,AZITROMICINA 500MG,2026-02-01,0.0,-0.008034101308628347,0.008034101308628347,0.008034101308628347
8,DIMENHIDRINATO 50MG,2026-02-01,0.0,-0.015975225021865894,0.015975225021865894,0.015975225021865894
8,ENALAPRIL 10MG,2026-02-01,0.0,0.12582927037839536,-0.12582927037839536,0.12582927037839536
8,IBUPROFENO TABX800,2026-02-01,0.0,-0.019371454272998925,0.019371454272998925,0.019371454272998925
8,LOPERAMIDA 2MG,2026-02-01,0.0,-0.02273989609048345,0.02273989609048345,0.02273989609048345
8,METFORMINA 850MG,2026-02-01,0.0,0.18399903296506465,-0.18399903296506465,0.18399903296506465
8,PARACETAMOL 500MG,2026-02-01,0.0,0.005700979524442068,-0.005700979524442068,0.005700979524442068
8,VITAMINA C+ZINC+D3,2026-02-01,1.0,0.49390255750382045,0.5060974424961795,0.5060974424961795
9,AMOXICILINA 500MG,2026-02-01,0.0,0.01659032430217719,-0.01659032430217719,0.01659032430217719
9,AZITROMICINA 500MG,2026-02-01,0.0,0.012745204031505392,-0.012745204031505392,0.012745204031505392
9,DIMENHIDRINATO 50MG,2026-02-01,0.0,0.004804080318267845,-0.004804080318267845,0.004804080318267845
9,ENALAPRIL 10MG,2026-02-01,0.0,0.09299786936843749,-0.09299786936843749,0.09299786936843749
9,METFORMINA 850MG,2026-02-01,0.0,0.11315035515450061,-0.11315035515450061,0.11315035515450061
9,PARACETAMOL 500MG,2026-02-01,0.0,0.08481645770790103,-0.08481645770790103,0.08481645770790103
9,VITAMINA C+ZINC+D3,2026-02-01,0.0,0.5717824634436303,-0.5717824634436303,0.5717824634436303
10,AMOXICILINA 500MG,2026-02-01,0.0,0.04029189648093322,-0.04029189648093322,0.04029189648093322
10,AZITROMICINA 500MG,2026-02-01,1.0,0.09354737680993741,0.9064526231900626,0.9064526231900626
10,DIMENHIDRINATO 50MG,2026-02-01,0.0,0.028505652497023873,-0.028505652497023873,0.028505652497023873
10,ENALAPRIL 10MG,2026-02-01,3.0,0.14586752796885613,2.854132472031144,2.854132472031144
10,IBUPROFENO TABX800,2026-02-01,0.0,0.02510942324589084,-0.02510942324589084,0.02510942324589084
10,LOPERAMIDA 2MG,2026-02-01,0.0,0.021740981428406317,-0.021740981428406317,0.021740981428406317
10,METFORMINA 850MG,2026-02-01,0.0,0.32010789363465225,-0.32010789363465225,0.32010789363465225
10,PARACETAMOL 500MG,2026-02-01,0.0,0.07934994346499445,-0.07934994346499445,0.07934994346499445
10,VITAMINA C+ZINC+D3,2026-02-01,1.0,0.7361922964287064,0.2638077035712936,0.2638077035712936
11,AMOXICILINA 500MG,2026-02-01,0.0,-0.006917269537949508,0.006917269537949508,0.006917269537949508
11,AZITROMICINA 500MG,2026-02-01,0.0,-0.010762389808621306,0.010762389808621306,0.010762389808621306
11,DIMENHIDRINATO 50MG,2026-02-01,0.0,-0.018703513521858867,0.018703513521858867,0.018703513521858867
11,ENALAPRIL 10MG,2026-02-01,0.0,0.06949027552831079,-0.06949027552831079,0.06949027552831079
11,IBUPROFENO TABX800,2026-02-01,0.0,-0.02209974277299187,0.02209974277299187,0.02209974277299187
11,METFORMINA 850MG,2026-02-01,0.0,0.0604746748927113,-0.0604746748927113,0.0604746748927113
11,PARACETAMOL 500MG,2026-02-01,0.0,0.032140777446111726,-0.032140777446111726,0.032140777446111726
11,VITAMINA C+ZINC+D3,2026-02-01,1.0,0.9165939078736083,0.08340609212639172,0.08340609212639172
12,AMOXICILINA 500MG,2026-02-01,1.0,0.04440554269633119,0.9555944573036688,0.9555944573036688
12,AZITROMICINA 500MG,2026-02-01,0.0,0.040560422425659395,-0.040560422425659395,0.040560422425659395
12,DIMENHIDRINATO 50MG,2026-02-01,0.0,0.032619298712421835,-0.032619298712421835,0.032619298712421835
12,ENALAPRIL 10MG,2026-02-01,0.0,0.2634123528501158,-0.2634123528501158,0.2634123528501158
12,IBUPROFENO TABX800,2026-02-01,0.0,0.029223069461288817,-0.029223069461288817,0.029223069461288817
12,METFORMINA 850MG,2026-02-01,0.0,0.111797487126992,-0.111797487126992,0.111797487126992
12,PARACETAMOL 500MG,2026-02-01,0.0,0.05429550325872981,-0.05429550325872981,0.05429550325872981
12,VITAMINA C+ZINC+D3,2026-02-01,0.0,0.6823764746095384,-0.6823764746095384,0.6823764746095384
13,AMOXICILINA 500MG,2026-02-01,0.0,0.003985901136140252,-0.003985901136140252,0.003985901136140252
13,AZITROMICINA 500MG,2026-02-01,0.0,0.00014078086546845392,-0.00014078086546845392,0.00014078086546845392
13,DIMENHIDRINATO 50MG,2026-02-01,0.0,-0.007800342847769093,0.007800342847769093,0.007800342847769093
13,ENALAPRIL 10MG,2026-02-01,1.0,0.10956153262406317,0.8904384673759368,0.8904384673759368
13,IBUPROFENO TABX800,2026-02-01,0.0,-0.01119657209890211,0.01119657209890211,0.01119657209890211
13,METFORMINA 850MG,2026-02-01,0.0,0.07137784556680106,-0.07137784556680106,0.07137784556680106
13,OMEPRAZOL 20MG,2026-02-01,0.0,-0.0033500476098149157,0.0033500476098149157,0.0033500476098149157
13,PARACETAMOL 500MG,2026-02-01,0.0,0.013875861698538869,-0.013875861698538869,0.013875861698538869
13,VITAMINA C+ZINC+D3,2026-02-01,0.0,0.5604136125212424,-0.5604136125212424,0.5604136125212424
14,AZITROMICINA 500MG,2026-02-01,0.0,0.02205860178862651,-0.02205860178862651,0.02205860178862651
14,DIMENHIDRINATO 50MG,2026-02-01,0.0,0.014117478075388962,-0.014117478075388962,0.014117478075388962
14,ENALAPRIL 10MG,2026-02-01,0.0,0.10231126712555862,-0.10231126712555862,0.10231126712555862
14,IBUPROFENO TABX800,2026-02-01,0.0,0.010721248824255944,-0.010721248824255944,0.010721248824255944
14,METFORMINA 850MG,2026-02-01,0.0,0.15163183933328434,-0.15163183933328434,0.15163183933328434
14,VITAMINA C+ZINC+D3,2026-02-01,1.0,0.8317670088247782,0.16823299117522184,0.16823299117522184
15,AMOXICILINA 500MG,2026-02-01,0.0,0.0759191046606385,-0.0759191046606385,0.0759191046606385
15,AZITROMICINA 500MG,2026-02-01,0.0,0.0720739843899667,-0.0720739843899667,0.0720739843899667
15,DIMENHIDRINATO 50MG,2026-02-01,0.0,0.06413286067672914,-0.06413286067672914,0.06413286067672914
15,ENALAPRIL 10MG,2026-02-01,0.0,0.21066282257022403,-0.21066282257022403,0.21066282257022403
15,IBUPROFENO TABX800,2026-02-01,0.0,0.06073663142559613,-0.06073663142559613,0.06073663142559613
15,METFORMINA 850MG,2026-02-01,0.0,0.14331104909129933,-0.14331104909129933,0.14331104909129933
15,PARACETAMOL 500MG,2026-02-01,0.0,0.08580906522303712,-0.08580906522303712,0.08580906522303712
15,VITAMINA C+ZINC+D3,2026-02-01,1.0,1.2478687100917172,-0.24786871009171718,0.24786871009171718
16,AMOXICILINA 500MG,2026-02-01,0.0,-0.004122897278492035,0.004122897278492035,0.004122897278492035
16,AZITROMICINA 500MG,2026-02-01,0.0,-0.007968017549163833,0.007968017549163833,0.007968017549163833
16,DIMENHIDRINATO 50MG,2026-02-01,0.0,-0.01590914126240138,0.01590914126240138,0.01590914126240138
16,ENALAPRIL 10MG,2026-02-01,0.0,0.10145273420943088,-0.10145273420943088,0.10145273420943088
16,IBUPROFENO TABX800,2026-02-01,0.0,-0.01930537051353441,0.01930537051353441,0.01930537051353441
16,LOPERAMIDA 2MG,2026-02-01,0.0,-0.022673812331018936,0.022673812331018936,0.022673812331018936
16,METFORMINA 850MG,2026-02-01,0.0,0.1142403290889953,-0.1142403290889953,0.1142403290889953
16,PARACETAMOL 500MG,2026-02-01,0.0,0.005767063283906582,-0.005767063283906582,0.005767063283906582
16,VITAMINA C+ZINC+D3,2026-02-01,1.0,1.3332977018092087,-0.3332977018092087,0.3332977018092087
17,AMOXICILINA 500MG,2026-02-01,0.0,0.08205997437863488,-0.08205997437863488,0.08205997437863488
17,ENALAPRIL 10MG,2026-02-01,0.0,0.15846751944489518,-0.15846751944489518,0.15846751944489518
17,PARACETAMOL 500MG,2026-02-01,0.0,0.0919499349410335,-0.0919499349410335,0.0919499349410335
1,AMOXICILINA 500MG,2026-02-08,3.0,0.0797844299227537,2.9202155700772465,2.9202155700772465
1,AZITROMICINA 500MG,2026-02-08,0.0,0.0759393096520819,-0.0759393096520819,0.0759393096520819
1,DIMENHIDRINATO 50MG,2026-02-08,0.0,0.06799818593884435,-0.06799818593884435,0.06799818593884435
1,ENALAPRIL 10MG,2026-02-08,1.0,0.20980268133910562,0.7901973186608944,0.7901973186608944
1,IBUPROFENO TABX800,2026-02-08,0.0,0.06460195668771133,-0.06460195668771133,0.06460195668771133
1,LOPERAMIDA 2MG,2026-02-08,0.0,0.061233514870226796,-0.061233514870226796,0.061233514870226796
1,METFORMINA 850MG,2026-02-08,0.0,0.17634446077507712,-0.17634446077507712,0.17634446077507712
1,PARACETAMOL 500MG,2026-02-08,0.0,0.08967439048515231,-0.08967439048515231,0.08967439048515231
1,VITAMINA C+ZINC+D3,2026-02-08,1.0,0.790300021187589,0.20969997881241098,0.20969997881241098
2,AMOXICILINA 500MG,2026-02-08,0.0,0.18448776259749972,-0.18448776259749972,0.18448776259749972
2,AZITROMICINA 500MG,2026-02-08,0.0,0.07870007845317487,-0.07870007845317487,0.07870007845317487
2,DIMENHIDRINATO 50MG,2026-02-08,0.0,0.0707589547399373,-0.0707589547399373,0.0707589547399373
2,ENALAPRIL 10MG,2026-02-08,1.0,0.18812083021176956,0.8118791697882304,0.8118791697882304
2,IBUPROFENO TABX800,2026-02-08,0.0,0.06736272548880429,-0.06736272548880429,0.06736272548880429
2,METFORMINA 850MG,2026-02-08,0.0,0.14993714315450746,-0.14993714315450746,0.14993714315450746
2,PARACETAMOL 500MG,2026-02-08,0.0,0.1507713321295705,-0.1507713321295705,0.1507713321295705
2,VITAMINA C+ZINC+D3,2026-02-08,2.0,0.7749557044220357,1.2250442955779643,1.2250442955779643
3,AMOXICILINA 500MG,2026-02-08,0.0,0.19895121485628892,-0.19895121485628892,0.19895121485628892
3,AZITROMICINA 500MG,2026-02-08,0.0,0.0505012347209533,-0.0505012347209533,0.0505012347209533
3,DIMENHIDRINATO 50MG,2026-02-08,0.0,0.042560111007715756,-0.042560111007715756,0.042560111007715756
3,ENALAPRIL 10MG,2026-02-08,1.0,0.2422940744425431,0.7577059255574569,0.7577059255574569
3,IBUPROFENO TABX800,2026-02-08,0.0,0.03916388175658274,-0.03916388175658274,0.03916388175658274
3,LOPERAMIDA 2MG,2026-02-08,0.0,0.0357954399390982,-0.0357954399390982,0.0357954399390982
3,METFORMINA 850MG,2026-02-08,0.0,0.29304010122131385,-0.29304010122131385,0.29304010122131385
3,PARACETAMOL 500MG,2026-02-08,0.0,0.11520759749085024,-0.11520759749085024,0.11520759749085024
3,VITAMINA C+ZINC+D3,2026-02-08,5.0,1.1665559354097625,3.8334440645902372,3.8334440645902372
4,AMOXICILINA 500MG,2026-02-08,0.0,0.04914128601957855,-0.04914128601957855,0.04914128601957855
4,AZITROMICINA 500MG,2026-02-08,0.0,0.045296165748906755,-0.045296165748906755,0.045296165748906755
4,DIMENHIDRINATO 50MG,2026-02-08,0.0,0.03735504203566921,-0.03735504203566921,0.03735504203566921
4,ENALAPRIL 10MG,2026-02-08,0.0,0.23708900547049655,-0.23708900547049655,0.23708900547049655
4,IBUPROFENO TABX800,2026-02-08,0.0,0.03395881278453618,-0.03395881278453618,0.03395881278453618
4,LOPERAMIDA 2MG,2026-02-08,0.0,0.030590370967051653,-0.030590370967051653,0.030590370967051653
4,METFORMINA 850MG,2026-02-08,0.0,0.20816121360093717,-0.20816121360093717,0.20816121360093717
4,VITAMINA C+ZINC+D3,2026-02-08,3.0,0.9521064425610508,2.0478935574389494,2.0478935574389494
5,AMOXICILINA 500MG,2026-02-08,0.0,0.10749120903050881,-0.10749120903050881,0.10749120903050881
5,AZITROMICINA 500MG,2026-02-08,0.0,0.10364608875983701,-0.10364608875983701,0.10364608875983701
5,DIMENHIDRINATO 50MG,2026-02-08,0.0,0.09570496504659945,-0.09570496504659945,0.09570496504659945
5,ENALAPRIL 10MG,2026-02-08,1.0,0.3046948236691295,0.6953051763308705,0.6953051763308705
5,IBUPROFENO TABX800,2026-02-08,0.0,0.09230873579546645,-0.09230873579546645,0.09230873579546645
5,METFORMINA 850MG,2026-02-08,0.0,0.22585443539799616,-0.22585443539799616,0.22585443539799616
5,PARACETAMOL 500MG,2026-02-08,0.0,0.14654925601457003,-0.14654925601457003,0.14654925601457003
5,VITAMINA C+ZINC+D3,2026-02-08,1.0,1.2943977211019513,-0.2943977211019513,0.2943977211019513
6,AMOXICILINA 500MG,2026-02-08,0.0,0.03940027942135205,-0.03940027942135205,0.03940027942135205
6,AZITROMICINA 500MG,2026-02-08,0.0,0.03555515915068025,-0.03555515915068025,0.03555515915068025
6,DIMENHIDRINATO 50MG,2026-02-08,0.0,0.02761403543744269,-0.02761403543744269,0.02761403543744269
6,ENALAPRIL 10MG,2026-02-08,0.0,0.25304779344577744,-0.25304779344577744,0.25304779344577744
6,IBUPROFENO TABX800,2026-02-08,0.0,0.02421780618630967,-0.02421780618630967,0.02421780618630967
6,LOPERAMIDA 2MG,2026-02-08,0.0,0.020849364368825146,-0.020849364368825146,0.020849364368825146
6,METFORMINA 850MG,2026-02-08,0.0,0.10679222385201285,-0.10679222385201285,0.10679222385201285
6,VITAMINA C+ZINC+D3,2026-02-08,1.0,0.9464891598485343,0.05351084015146568,0.05351084015146568
7,AMOXICILINA 500MG,2026-02-08,0.0,0.006896914311688707,-0.006896914311688707,0.006896914311688707
7,AZITROMICINA 500MG,2026-02-08,0.0,0.0030517940410169087,-0.0030517940410169087,0.0030517940410169087
7,DIMENHIDRINATO 50MG,2026-02-08,0.0,-0.004889329672220638,0.004889329672220638,0.004889329672220638
7,ENALAPRIL 10MG,2026-02-08,0.0,0.11247254579961162,-0.11247254579961162,0.11247254579961162
7,IBUPROFENO TABX800,2026-02-08,0.0,-0.00828555892335367,0.00828555892335367,0.00828555892335367
7,METFORMINA 850MG,2026-02-08,0.0,0.07428885874234951,-0.07428885874234951,0.07428885874234951
7,PARACETAMOL 500MG,2026-02-08,0.0,0.016786874874087324,-0.016786874874087324,0.016786874874087324
7,VITAMINA C+ZINC+D3,2026-02-08,1.0,0.5620890534531418,0.43791094654685825,0.43791094654685825
8,AMOXICILINA 500MG,2026-02-08,0.0,-0.006464525493837733,0.006464525493837733,0.006464525493837733
8,AZITROMICINA 500MG,2026-02-08,0.0,-0.010309645764509531,0.010309645764509531,0.010309645764509531
8,DIMENHIDRINATO 50MG,2026-02-08,0.0,-0.018250769477747078,0.018250769477747078,0.018250769477747078
8,ENALAPRIL 10MG,2026-02-08,0.0,0.09911110599408518,-0.09911110599408518,0.09911110599408518
8,IBUPROFENO TABX800,2026-02-08,0.0,-0.02164699872888011,0.02164699872888011,0.02164699872888011
8,LOPERAMIDA 2MG,2026-02-08,0.0,-0.025015440546364634,0.025015440546364634,0.025015440546364634
8,METFORMINA 850MG,2026-02-08,0.0,0.2016356797431434,-0.2016356797431434,0.2016356797431434
8,PARACETAMOL 500MG,2026-02-08,0.0,0.0034254350685608836,-0.0034254350685608836,0.0034254350685608836
8,VITAMINA C+ZINC+D3,2026-02-08,0.0,0.5832549961986371,-0.5832549961986371,0.5832549961986371
9,AMOXICILINA 500MG,2026-02-08,0.0,0.014314779846296005,-0.014314779846296005,0.014314779846296005
9,AZITROMICINA 500MG,2026-02-08,0.0,0.010469659575624207,-0.010469659575624207,0.010469659575624207
9,DIMENHIDRINATO 50MG,2026-02-08,0.0,0.0025285358623866605,-0.0025285358623866605,0.0025285358623866605
9,ENALAPRIL 10MG,2026-02-08,1.0,0.0907223249125563,0.9092776750874437,0.9092776750874437
9,METFORMINA 850MG,2026-02-08,0.0,0.11087481069861943,-0.11087481069861943,0.11087481069861943
9,PARACETAMOL 500MG,2026-02-08,0.0,0.10434410876718375,-0.10434410876718375,0.10434410876718375
9,VITAMINA C+ZINC+D3,2026-02-08,0.0,0.5660170247381646,-0.5660170247381646,0.5660170247381646
10,AMOXICILINA 500MG,2026-02-08,0.0,0.03801635202505203,-0.03801635202505203,0.03801635202505203
10,AZITROMICINA 500MG,2026-02-08,0.0,0.17940992125516964,-0.17940992125516964,0.17940992125516964
10,DIMENHIDRINATO 50MG,2026-02-08,0.0,0.02623010804114269,-0.02623010804114269,0.02623010804114269
10,ENALAPRIL 10MG,2026-02-08,1.0,0.4184759329650683,0.5815240670349318,0.5815240670349318
10,IBUPROFENO TABX800,2026-02-08,0.0,0.022833878790009657,-0.022833878790009657,0.022833878790009657
10,LOPERAMIDA 2MG,2026-02-08,0.0,0.019465436972525132,-0.019465436972525132,0.019465436972525132
10,METFORMINA 850MG,2026-02-08,0.0,0.3576567316466909,-0.3576567316466909,0.3576567316466909
10,PARACETAMOL 500MG,2026-02-08,0.0,0.07707439900911327,-0.07707439900911327,0.07707439900911327
10,VITAMINA C+ZINC+D3,2026-02-08,1.0,0.7676152670889571,0.2323847329110429,0.2323847329110429
11,AMOXICILINA 500MG,2026-02-08,0.0,-0.009192813993830692,0.009192813993830692,0.009192813993830692
11,AZITROMICINA 500MG,2026-02-08,0.0,-0.01303793426450249,0.01303793426450249,0.01303793426450249
11,DIMENHIDRINATO 50MG,2026-02-08,0.0,-0.02097905797774005,0.02097905797774005,0.02097905797774005
11,ENALAPRIL 10MG,2026-02-08,0.0,0.0672147310724296,-0.0672147310724296,0.0672147310724296
11,IBUPROFENO TABX800,2026-02-08,0.0,-0.024375287228873055,0.024375287228873055,0.024375287228873055
11,METFORMINA 850MG,2026-02-08,0.0,0.058199130436830115,-0.058199130436830115,0.058199130436830115
11,PARACETAMOL 500MG,2026-02-08,0.0,0.029865232990230542,-0.029865232990230542,0.029865232990230542
11,VITAMINA C+ZINC+D3,2026-02-08,0.0,0.8890468760544079,-0.8890468760544079,0.8890468760544079
12,AMOXICILINA 500MG,2026-02-08,0.0,0.1337579813911478,-0.1337579813911478,0.1337579813911478
12,AZITROMICINA 500MG,2026-02-08,0.0,0.03828487796977821,-0.03828487796977821,0.03828487796977821
12,DIMENHIDRINATO 50MG,2026-02-08,0.0,0.03034375425654065,-0.03034375425654065,0.03034375425654065
12,ENALAPRIL 10MG,2026-02-08,1.0,0.23007771769136798,0.769922282308632,0.769922282308632
12,IBUPROFENO TABX800,2026-02-08,0.0,0.026947525005407633,-0.026947525005407633,0.026947525005407633
12,METFORMINA 850MG,2026-02-08,0.0,0.10952194267111082,-0.10952194267111082,0.10952194267111082
12,PARACETAMOL 500MG,2026-02-08,0.0,0.052019958802848626,-0.052019958802848626,0.052019958802848626
12,VITAMINA C+ZINC+D3,2026-02-08,0.0,0.6521684159756438,-0.6521684159756438,0.6521684159756438
13,AMOXICILINA 500MG,2026-02-08,0.0,0.0017103566802590675,-0.0017103566802590675,0.0017103566802590675
13,AZITROMICINA 500MG,2026-02-08,0.0,-0.0021347635904127304,0.0021347635904127304,0.0021347635904127304
13,DIMENHIDRINATO 50MG,2026-02-08,0.0,-0.010075887303650277,0.010075887303650277,0.010075887303650277
13,ENALAPRIL 10MG,2026-02-08,0.0,0.19891397131887975,-0.19891397131887975,0.19891397131887975
13,IBUPROFENO TABX800,2026-02-08,0.0,-0.013472116554783295,0.013472116554783295,0.013472116554783295
13,METFORMINA 850MG,2026-02-08,0.0,0.06910230111091988,-0.06910230111091988,0.06910230111091988
13,OMEPRAZOL 20MG,2026-02-08,0.0,-0.0056255920656961,0.0056255920656961,0.0056255920656961
13,PARACETAMOL 500MG,2026-02-08,0.0,0.011600317242657684,-0.011600317242657684,0.011600317242657684
13,VITAMINA C+ZINC+D3,2026-02-08,2.0,0.5581380680653614,1.4418619319346386,1.4418619319346386
14,AZITROMICINA 500MG,2026-02-08,0.0,0.019783057332745338,-0.019783057332745338,0.019783057332745338
14,DIMENHIDRINATO 50MG,2026-02-08,0.0,0.011841933619507777,-0.011841933619507777,0.011841933619507777
14,ENALAPRIL 10MG,2026-02-08,0.0,0.10003572266967743,-0.10003572266967743,0.10003572266967743
14,IBUPROFENO TABX800,2026-02-08,0.0,0.00844570436837476,-0.00844570436837476,0.00844570436837476
14,METFORMINA 850MG,2026-02-08,0.0,0.14935629487740315,-0.14935629487740315,0.14935629487740315
14,VITAMINA C+ZINC+D3,2026-02-08,1.0,0.8321092863807329,0.1678907136192671,0.1678907136192671
15,AMOXICILINA 500MG,2026-02-08,0.0,0.07364356020475732,-0.07364356020475732,0.07364356020475732
15,AZITROMICINA 500MG,2026-02-08,0.0,0.06979843993408552,-0.06979843993408552,0.06979843993408552
15,DIMENHIDRINATO 50MG,2026-02-08,0.0,0.06185731622084796,-0.06185731622084796,0.06185731622084796
15,ENALAPRIL 10MG,2026-02-08,0.0,0.20838727811434285,-0.20838727811434285,0.20838727811434285
15,IBUPROFENO TABX800,2026-02-08,0.0,0.05846108696971494,-0.05846108696971494,0.05846108696971494
15,METFORMINA 850MG,2026-02-08,0.0,0.14103550463541814,-0.14103550463541814,0.14103550463541814
15,PARACETAMOL 500MG,2026-02-08,0.0,0.08353352076715594,-0.08353352076715594,0.08353352076715594
15,VITAMINA C+ZINC+D3,2026-02-08,0.0,1.1600728987465585,-1.1600728987465585,1.1600728987465585
16,AMOXICILINA 500MG,2026-02-08,0.0,-0.00639844173437322,0.00639844173437322,0.00639844173437322
16,AZITROMICINA 500MG,2026-02-08,0.0,-0.010243562005045018,0.010243562005045018,0.010243562005045018
16,DIMENHIDRINATO 50MG,2026-02-08,0.0,-0.018184685718282564,0.018184685718282564,0.018184685718282564
16,ENALAPRIL 10MG,2026-02-08,0.0,0.1209803852687136,-0.1209803852687136,0.1209803852687136
16,IBUPROFENO TABX800,2026-02-08,0.0,-0.021580914969415596,0.021580914969415596,0.021580914969415596
16,LOPERAMIDA 2MG,2026-02-08,0.0,-0.02494935678690012,0.02494935678690012,0.02494935678690012
16,METFORMINA 850MG,2026-02-08,0.0,0.06099350269628759,-0.06099350269628759,0.06099350269628759
16,PARACETAMOL 500MG,2026-02-08,0.0,0.0034915188280253973,-0.0034915188280253973,0.0034915188280253973
16,VITAMINA C+ZINC+D3,2026-02-08,1.0,1.0970366030277896,-0.0970366030277896,0.0970366030277896
17,AMOXICILINA 500MG,2026-02-08,0.0,0.0797844299227537,-0.0797844299227537,0.0797844299227537
17,ENALAPRIL 10MG,2026-02-08,0.0,0.156191974989014,-0.156191974989014,0.156191974989014
17,PARACETAMOL 500MG,2026-02-08,0.0,0.08967439048515231,-0.08967439048515231,0.08967439048515231
1,AMOXICILINA 500MG,2026-02-15,0.0,0.3523928349189659,-0.3523928349189659,0.3523928349189659
1,AZITROMICINA 500MG,2026-02-15,0.0,0.07366376519620071,-0.07366376519620071,0.07366376519620071
1,DIMENHIDRINATO 50MG,2026-02-15,0.0,0.06572264148296317,-0.06572264148296317,0.06572264148296317
1,ENALAPRIL 10MG,2026-02-15,1.0,0.2747125001054932,0.7252874998945068,0.7252874998945068
1,IBUPROFENO TABX800,2026-02-15,0.0,0.06232641223183015,-0.06232641223183015,0.06232641223183015
1,LOPERAMIDA 2MG,2026-02-15,0.0,0.05895797041434561,-0.05895797041434561,0.05895797041434561
1,METFORMINA 850MG,2026-02-15,0.0,0.17406891631919594,-0.17406891631919594,0.17406891631919594
1,PARACETAMOL 500MG,2026-02-15,0.0,0.08739884602927113,-0.08739884602927113,0.08739884602927113
1,VITAMINA C+ZINC+D3,2026-02-15,1.0,0.9412800378654893,0.058719962134510695,0.058719962134510695
2,AMOXICILINA 500MG,2026-02-15,0.0,0.08026965426796548,-0.08026965426796548,0.08026965426796548
2,AZITROMICINA 500MG,2026-02-15,0.0,0.07642453399729368,-0.07642453399729368,0.07642453399729368
2,DIMENHIDRINATO 50MG,2026-02-15,0.0,0.06848341028405612,-0.06848341028405612,0.06848341028405612
2,ENALAPRIL 10MG,2026-02-15,0.0,0.2774732689065862,-0.2774732689065862,0.2774732689065862
2,IBUPROFENO TABX800,2026-02-15,0.0,0.0650871810329231,-0.0650871810329231,0.0650871810329231
2,METFORMINA 850MG,2026-02-15,0.0,0.14766159869862627,-0.14766159869862627,0.14766159869862627
2,PARACETAMOL 500MG,2026-02-15,0.0,0.19210217870401713,-0.19210217870401713,0.19210217870401713
2,VITAMINA C+ZINC+D3,2026-02-15,1.0,0.8770539325541391,0.1229460674458609,0.1229460674458609
3,AMOXICILINA 500MG,2026-02-15,0.0,0.19318577615082339,-0.19318577615082339,0.19318577615082339
3,AZITROMICINA 500MG,2026-02-15,0.0,0.04822569026507212,-0.04822569026507212,0.04822569026507212
3,DIMENHIDRINATO 50MG,2026-02-15,0.0,0.04028456655183457,-0.04028456655183457,0.04028456655183457
3,ENALAPRIL 10MG,2026-02-15,1.0,0.277206939352378,0.722793060647622,0.722793060647622
3,IBUPROFENO TABX800,2026-02-15,0.0,0.036888337300701554,-0.036888337300701554,0.036888337300701554
3,LOPERAMIDA 2MG,2026-02-15,0.0,0.033519895483217016,-0.033519895483217016,0.033519895483217016
3,METFORMINA 850MG,2026-02-15,0.0,0.2802948740166796,-0.2802948740166796,0.2802948740166796
3,PARACETAMOL 500MG,2026-02-15,0.0,0.061960771098142534,-0.061960771098142534,0.061960771098142534
3,VITAMINA C+ZINC+D3,2026-02-15,2.0,1.400430093393418,0.599569906606582,0.599569906606582
4,AMOXICILINA 500MG,2026-02-15,0.0,0.04686574156369737,-0.04686574156369737,0.04686574156369737
4,AZITROMICINA 500MG,2026-02-15,0.0,0.04302062129302557,-0.04302062129302557,0.04302062129302557
4,DIMENHIDRINATO 50MG,2026-02-15,0.0,0.035079497579788024,-0.035079497579788024,0.035079497579788024
4,ENALAPRIL 10MG,2026-02-15,0.0,0.18037388722963366,-0.18037388722963366,0.18037388722963366
4,IBUPROFENO TABX800,2026-02-15,0.0,0.03168326832865499,-0.03168326832865499,0.03168326832865499
4,LOPERAMIDA 2MG,2026-02-15,0.0,0.02831482651117047,-0.02831482651117047,0.02831482651117047
4,METFORMINA 850MG,2026-02-15,0.0,0.22579786037901586,-0.22579786037901586,0.22579786037901586
4,VITAMINA C+ZINC+D3,2026-02-15,1.0,1.2268140675374002,-0.2268140675374002,0.2268140675374002
5,AMOXICILINA 500MG,2026-02-15,0.0,0.10521566457462762,-0.10521566457462762,0.10521566457462762
5,AZITROMICINA 500MG,2026-02-15,0.0,0.10137054430395583,-0.10137054430395583,0.10137054430395583
5,DIMENHIDRINATO 50MG,2026-02-15,0.0,0.09342942059071827,-0.09342942059071827,0.09342942059071827
5,ENALAPRIL 10MG,2026-02-15,1.0,0.43576264911306994,0.5642373508869301,0.5642373508869301
5,IBUPROFENO TABX800,2026-02-15,0.0,0.09003319133958526,-0.09003319133958526,0.09003319133958526
5,METFORMINA 850MG,2026-02-15,0.0,0.17260760900528843,-0.17260760900528843,0.17260760900528843
5,PARACETAMOL 500MG,2026-02-15,0.0,0.16607690707385275,-0.16607690707385275,0.16607690707385275
5,VITAMINA C+ZINC+D3,2026-02-15,1.0,1.2557037898138441,-0.2557037898138441,0.2557037898138441
6,AMOXICILINA 500MG,2026-02-15,0.0,0.03712473496547086,-0.03712473496547086,0.03712473496547086
6,AZITROMICINA 500MG,2026-02-15,0.0,0.03327961469479905,-0.03327961469479905,0.03327961469479905
6,DIMENHIDRINATO 50MG,2026-02-15,0.0,0.025338490981561504,-0.025338490981561504,0.025338490981561504
6,ENALAPRIL 10MG,2026-02-15,0.0,0.19631107280348536,-0.19631107280348536,0.19631107280348536
6,IBUPROFENO TABX800,2026-02-15,0.0,0.021942261730428486,-0.021942261730428486,0.021942261730428486
6,LOPERAMIDA 2MG,2026-02-15,0.0,0.018573819912943962,-0.018573819912943962,0.018573819912943962
6,METFORMINA 850MG,2026-02-15,0.0,0.10451667939613167,-0.10451667939613167,0.10451667939613167
6,VITAMINA C+ZINC+D3,2026-02-15,0.0,1.0142466187271202,-1.0142466187271202,1.0142466187271202
7,AMOXICILINA 500MG,2026-02-15,0.0,0.004621369855807522,-0.004621369855807522,0.004621369855807522
7,AZITROMICINA 500MG,2026-02-15,0.0,0.0007762495851357243,-0.0007762495851357243,0.0007762495851357243
7,DIMENHIDRINATO 50MG,2026-02-15,0.0,-0.0071648741281018224,0.0071648741281018224,0.0071648741281018224
7,ENALAPRIL 10MG,2026-02-15,1.0,0.13200019685889436,0.8679998031411056,0.8679998031411056
7,IBUPROFENO TABX800,2026-02-15,0.0,-0.010561103379234854,0.010561103379234854,0.010561103379234854
7,METFORMINA 850MG,2026-02-15,0.0,0.07201331428646833,-0.07201331428646833,0.07201331428646833
7,PARACETAMOL 500MG,2026-02-15,0.0,0.01451133041820614,-0.01451133041820614,0.01451133041820614
7,VITAMINA C+ZINC+D3,2026-02-15,1.0,0.6479515978983739,0.35204840210162613,0.35204840210162613
8,AMOXICILINA 500MG,2026-02-15,0.0,-0.008740069949718918,0.008740069949718918,0.008740069949718918
8,AZITROMICINA 500MG,2026-02-15,0.0,-0.012585190220390716,0.012585190220390716,0.012585190220390716
8,DIMENHIDRINATO 50MG,2026-02-15,0.0,-0.020526313933628262,0.020526313933628262,0.020526313933628262
8,ENALAPRIL 10MG,2026-02-15,0.0,0.096835561538204,-0.096835561538204,0.096835561538204
8,IBUPROFENO TABX800,2026-02-15,0.0,-0.023922543184761294,0.023922543184761294,0.023922543184761294
8,LOPERAMIDA 2MG,2026-02-15,0.0,-0.02729098500224582,0.02729098500224582,0.02729098500224582
8,METFORMINA 850MG,2026-02-15,0.0,0.1667237570174444,-0.1667237570174444,0.1667237570174444
8,PARACETAMOL 500MG,2026-02-15,0.0,0.0011498906126796993,-0.0011498906126796993,0.0011498906126796993
8,VITAMINA C+ZINC+D3,2026-02-15,0.0,0.6008916429767157,-0.6008916429767157,0.6008916429767157
9,AMOXICILINA 500MG,2026-02-15,0.0,0.01203923539041482,-0.01203923539041482,0.01203923539041482
9,AZITROMICINA 500MG,2026-02-15,0.0,0.008194115119743023,-0.008194115119743023,0.008194115119743023
9,DIMENHIDRINATO 50MG,2026-02-15,0.0,0.00025299140650547614,-0.00025299140650547614,0.00025299140650547614
9,ENALAPRIL 10MG,2026-02-15,0.0,0.1800747636073729,-0.1800747636073729,0.1800747636073729
9,METFORMINA 850MG,2026-02-15,0.0,0.10859926624273825,-0.10859926624273825,0.10859926624273825
9,PARACETAMOL 500MG,2026-02-15,0.0,0.07290047788963996,-0.07290047788963996,0.07290047788963996
9,VITAMINA C+ZINC+D3,2026-02-15,0.0,0.5392988603538544,-0.5392988603538544,0.5392988603538544
10,AMOXICILINA 500MG,2026-02-15,0.0,0.03574080756917085,-0.03574080756917085,0.03574080756917085
10,AZITROMICINA 500MG,2026-02-15,0.0,0.17260394810481935,-0.17260394810481935,0.17260394810481935
10,DIMENHIDRINATO 50MG,2026-02-15,0.0,0.023954563585261504,-0.023954563585261504,0.023954563585261504
10,ENALAPRIL 10MG,2026-02-15,0.0,0.5675649453617646,-0.5675649453617646,0.5675649453617646
10,IBUPROFENO TABX800,2026-02-15,0.0,0.020558334334128472,-0.020558334334128472,0.020558334334128472
10,LOPERAMIDA 2MG,2026-02-15,0.0,0.017189892516643948,-0.017189892516643948,0.017189892516643948
10,METFORMINA 850MG,2026-02-15,0.0,0.24650203962084627,-0.24650203962084627,0.24650203962084627
10,PARACETAMOL 500MG,2026-02-15,0.0,0.09660205006839599,-0.09660205006839599,0.09660205006839599
10,VITAMINA C+ZINC+D3,2026-02-15,2.0,0.8707505783548841,1.1292494216451159,1.1292494216451159
11,AMOXICILINA 500MG,2026-02-15,0.0,-0.011468358449711877,0.011468358449711877,0.011468358449711877
11,AZITROMICINA 500MG,2026-02-15,0.0,-0.015313478720383675,0.015313478720383675,0.015313478720383675
11,DIMENHIDRINATO 50MG,2026-02-15,0.0,-0.023254602433621235,0.023254602433621235,0.023254602433621235
11,ENALAPRIL 10MG,2026-02-15,0.0,0.06493918661654842,-0.06493918661654842,0.06493918661654842
11,IBUPROFENO TABX800,2026-02-15,0.0,-0.02665083168475424,0.02665083168475424,0.02665083168475424
11,METFORMINA 850MG,2026-02-15,0.0,0.05592358598094893,-0.05592358598094893,0.05592358598094893
11,PARACETAMOL 500MG,2026-02-15,0.0,0.049392884049513266,-0.049392884049513266,0.049392884049513266
11,VITAMINA C+ZINC+D3,2026-02-15,0.0,0.8208215406199073,-0.8208215406199073,0.8208215406199073
12,AMOXICILINA 500MG,2026-02-15,0.0,0.1513946281692265,-0.1513946281692265,0.1513946281692265
12,AZITROMICINA 500MG,2026-02-15,0.0,0.03600933351389703,-0.03600933351389703,0.03600933351389703
12,DIMENHIDRINATO 50MG,2026-02-15,0.0,0.028068209800659466,-0.028068209800659466,0.028068209800659466
12,ENALAPRIL 10MG,2026-02-15,0.0,0.2649905826012029,-0.2649905826012029,0.2649905826012029
12,IBUPROFENO TABX800,2026-02-15,0.0,0.024671980549526448,-0.024671980549526448,0.024671980549526448
12,METFORMINA 850MG,2026-02-15,0.0,0.10724639821522963,-0.10724639821522963,0.10724639821522963
12,PARACETAMOL 500MG,2026-02-15,0.0,0.04974441434696744,-0.04974441434696744,0.04974441434696744
12,VITAMINA C+ZINC+D3,2026-02-15,3.0,0.6472534471064977,2.3527465528935023,2.3527465528935023
13,AMOXICILINA 500MG,2026-02-15,0.0,-0.0005651877756221169,0.0005651877756221169,0.0005651877756221169
13,AZITROMICINA 500MG,2026-02-15,0.0,-0.004410308046293915,0.004410308046293915,0.004410308046293915
13,DIMENHIDRINATO 50MG,2026-02-15,0.0,-0.012351431759531462,0.012351431759531462,0.012351431759531462
13,ENALAPRIL 10MG,2026-02-15,0.0,0.2383538136121224,-0.2383538136121224,0.2383538136121224
13,IBUPROFENO TABX800,2026-02-15,0.0,-0.01574766101066448,0.01574766101066448,0.01574766101066448
13,METFORMINA 850MG,2026-02-15,0.0,0.06682675665503869,-0.06682675665503869,0.06682675665503869
13,OMEPRAZOL 20MG,2026-02-15,0.0,-0.007901136521577284,0.007901136521577284,0.007901136521577284
13,PARACETAMOL 500MG,2026-02-15,0.0,0.0093247727867765,-0.0093247727867765,0.0093247727867765
13,VITAMINA C+ZINC+D3,2026-02-15,0.0,0.7827248809412035,-0.7827248809412035,0.7827248809412035
14,AZITROMICINA 500MG,2026-02-15,0.0,0.017507512876864154,-0.017507512876864154,0.017507512876864154
14,DIMENHIDRINATO 50MG,2026-02-15,0.0,0.009566389163626593,-0.009566389163626593,0.009566389163626593
14,ENALAPRIL 10MG,2026-02-15,0.0,0.09776017821379625,-0.09776017821379625,0.09776017821379625
14,IBUPROFENO TABX800,2026-02-15,0.0,0.006170159912493575,-0.006170159912493575,0.006170159912493575
14,METFORMINA 850MG,2026-02-15,0.0,0.16888394593668588,-0.16888394593668588,0.16888394593668588
14,PARACETAMOL 500MG,2026-02-15,0.0,0.031242593709934555,-0.031242593709934555,0.031242593709934555
14,VITAMINA C+ZINC+D3,2026-02-15,8.0,0.8380491026676697,7.16195089733233,7.16195089733233
15,AMOXICILINA 500MG,2026-02-15,0.0,0.07136801574887613,-0.07136801574887613,0.07136801574887613
15,AZITROMICINA 500MG,2026-02-15,0.0,0.06752289547820434,-0.06752289547820434,0.06752289547820434
15,DIMENHIDRINATO 50MG,2026-02-15,0.0,0.059581771764966776,-0.059581771764966776,0.059581771764966776
15,ENALAPRIL 10MG,2026-02-15,0.0,0.22791492917362557,-0.22791492917362557,0.22791492917362557
15,IBUPROFENO TABX800,2026-02-15,0.0,0.05618554251383376,-0.05618554251383376,0.05618554251383376
15,METFORMINA 850MG,2026-02-15,0.0,0.13875996017953696,-0.13875996017953696,0.13875996017953696
15,PARACETAMOL 500MG,2026-02-15,0.0,0.08125797631127475,-0.08125797631127475,0.08125797631127475
15,VITAMINA C+ZINC+D3,2026-02-15,2.0,0.9654839819114049,1.034516018088595,1.034516018088595
16,AMOXICILINA 500MG,2026-02-15,0.0,-0.008673986190254404,0.008673986190254404,0.008673986190254404
16,AZITROMICINA 500MG,2026-02-15,0.0,-0.012519106460926202,0.012519106460926202,0.012519106460926202
16,DIMENHIDRINATO 50MG,2026-02-15,0.0,-0.02046023017416375,0.02046023017416375,0.02046023017416375
16,ENALAPRIL 10MG,2026-02-15,1.0,0.06773355887600589,0.9322664411239941,0.9322664411239941
16,IBUPROFENO TABX800,2026-02-15,0.0,-0.02385645942529678,0.02385645942529678,0.02385645942529678
16,LOPERAMIDA 2MG,2026-02-15,0.0,-0.027224901242781305,0.027224901242781305,0.027224901242781305
16,METFORMINA 850MG,2026-02-15,0.0,0.058717958240406404,-0.058717958240406404,0.058717958240406404
16,PARACETAMOL 500MG,2026-02-15,0.0,0.0012159743721442129,-0.0012159743721442129,0.0012159743721442129
16,VITAMINA C+ZINC+D3,2026-02-15,1.0,1.1344121879236626,-0.1344121879236626,0.1344121879236626
17,AMOXICILINA 500MG,2026-02-15,0.0,0.07750888546687251,-0.07750888546687251,0.07750888546687251
17,ENALAPRIL 10MG,2026-02-15,0.0,0.1539164305331328,-0.1539164305331328,0.1539164305331328
17,IBUPROFENO TABX800,2026-02-15,0.0,0.06232641223183015,-0.06232641223183015,0.06232641223183015
17,PARACETAMOL 500MG,2026-02-15,0.0,0.08739884602927113,-0.08739884602927113,0.08739884602927113
1,AMOXICILINA 500MG,2026-02-22,1.0,0.40985386416496444,0.5901461358350355,0.5901461358350355
1,AZITROMICINA 500MG,2026-02-22,0.0,0.07138822074031953,-0.07138822074031953,0.07138822074031953
1,DIMENHIDRINATO 50MG,2026-02-22,0.0,0.06344709702708198,-0.06344709702708198,0.06344709702708198
1,ENALAPRIL 10MG,2026-02-22,0.0,0.38397713003426975,-0.38397713003426975,0.38397713003426975
1,IBUPROFENO TABX800,2026-02-22,0.0,0.060050867775948966,-0.060050867775948966,0.060050867775948966
1,LOPERAMIDA 2MG,2026-02-22,0.0,0.05668242595846443,-0.05668242595846443,0.05668242595846443
1,METFORMINA 850MG,2026-02-22,0.0,0.19359656737847866,-0.19359656737847866,0.19359656737847866
1,PARACETAMOL 500MG,2026-02-22,0.0,0.08512330157338995,-0.08512330157338995,0.08512330157338995
1,VITAMINA C+ZINC+D3,2026-02-22,6.0,0.8906942382874758,5.109305761712524,5.109305761712524
2,AMOXICILINA 500MG,2026-02-22,0.0,0.0779941098120843,-0.0779941098120843,0.0779941098120843
2,AZITROMICINA 500MG,2026-02-22,0.0,0.0741489895414125,-0.0741489895414125,0.0741489895414125
2,DIMENHIDRINATO 50MG,2026-02-22,0.0,0.06620786582817494,-0.06620786582817494,0.06620786582817494
2,ENALAPRIL 10MG,2026-02-22,0.0,0.2951099156846649,-0.2951099156846649,0.2951099156846649
2,IBUPROFENO TABX800,2026-02-22,0.0,0.06281163657704192,-0.06281163657704192,0.06281163657704192
2,METFORMINA 850MG,2026-02-22,0.0,0.1453860542427451,-0.1453860542427451,0.1453860542427451
2,PARACETAMOL 500MG,2026-02-22,0.0,0.0878840703744829,-0.0878840703744829,0.0878840703744829
2,VITAMINA C+ZINC+D3,2026-02-22,1.0,1.0027408594672913,-0.002740859467291301,0.002740859467291301
3,AZITROMICINA 500MG,2026-02-22,0.0,0.045950145809190934,-0.045950145809190934,0.045950145809190934
3,DIMENHIDRINATO 50MG,2026-02-22,0.0,0.03800902209595339,-0.03800902209595339,0.03800902209595339
3,ENALAPRIL 10MG,2026-02-22,0.0,0.38298167503157016,-0.38298167503157016,0.38298167503157016
3,IBUPROFENO TABX800,2026-02-22,0.0,0.03461279284482037,-0.03461279284482037,0.03461279284482037
3,LOPERAMIDA 2MG,2026-02-22,0.0,0.03124435102733583,-0.03124435102733583,0.03124435102733583
3,METFORMINA 850MG,2026-02-22,0.0,0.20469146977551136,-0.20469146977551136,0.20469146977551136
3,PARACETAMOL 500MG,2026-02-22,0.0,0.05968522664226135,-0.05968522664226135,0.05968522664226135
3,VITAMINA C+ZINC+D3,2026-02-22,1.0,1.5441598096607552,-0.5441598096607552,0.5441598096607552
4,AMOXICILINA 500MG,2026-02-22,0.0,0.044590197107816185,-0.044590197107816185,0.044590197107816185
4,AZITROMICINA 500MG,2026-02-22,0.0,0.04074507683714439,-0.04074507683714439,0.04074507683714439
4,DIMENHIDRINATO 50MG,2026-02-22,0.0,0.03280395312390684,-0.03280395312390684,0.03280395312390684
4,ENALAPRIL 10MG,2026-02-22,0.0,0.17460844852416807,-0.17460844852416807,0.17460844852416807
4,IBUPROFENO TABX800,2026-02-22,0.0,0.02940772387277381,-0.02940772387277381,0.02940772387277381
4,LOPERAMIDA 2MG,2026-02-22,0.0,0.026039282055289284,-0.026039282055289284,0.026039282055289284
4,METFORMINA 850MG,2026-02-22,0.0,0.169082742138153,-0.169082742138153,0.169082742138153
4,VITAMINA C+ZINC+D3,2026-02-22,1.0,1.1889490036841834,-0.18894900368418344,0.18894900368418344
5,AMOXICILINA 500MG,2026-02-22,0.0,0.10294012011874644,-0.10294012011874644,0.10294012011874644
5,AZITROMICINA 500MG,2026-02-22,1.0,0.09909499984807464,0.9009050001519253,0.9009050001519253
5,DIMENHIDRINATO 50MG,2026-02-22,0.0,0.09115387613483708,-0.09115387613483708,0.09115387613483708
5,ENALAPRIL 10MG,2026-02-22,0.0,0.4396164233200382,-0.4396164233200382,0.4396164233200382
5,IBUPROFENO TABX800,2026-02-22,0.0,0.08775764688370408,-0.08775764688370408,0.08775764688370408
5,METFORMINA 850MG,2026-02-22,0.0,0.17033206454940725,-0.17033206454940725,0.17033206454940725
5,PARACETAMOL 500MG,2026-02-22,0.0,0.11283008068114506,-0.11283008068114506,0.11283008068114506
5,VITAMINA C+ZINC+D3,2026-02-22,2.0,1.1702272899600779,0.8297727100399221,0.8297727100399221
6,AMOXICILINA 500MG,2026-02-22,0.0,0.034849190509589664,-0.034849190509589664,0.034849190509589664
6,AZITROMICINA 500MG,2026-02-22,0.0,0.031004070238917866,-0.031004070238917866,0.031004070238917866
6,DIMENHIDRINATO 50MG,2026-02-22,0.0,0.02306294652568032,-0.02306294652568032,0.02306294652568032
6,ENALAPRIL 10MG,2026-02-22,1.0,0.1913961039343391,0.808603896065661,0.808603896065661
6,IBUPROFENO TABX800,2026-02-22,0.0,0.019666717274547302,-0.019666717274547302,0.019666717274547302
6,LOPERAMIDA 2MG,2026-02-22,0.0,0.016298275457062777,-0.016298275457062777,0.016298275457062777
6,METFORMINA 850MG,2026-02-22,0.0,0.10224113494025049,-0.10224113494025049,0.10224113494025049
6,VITAMINA C+ZINC+D3,2026-02-22,4.0,0.8706289838287931,3.129371016171207,3.129371016171207
7,AMOXICILINA 500MG,2026-02-22,0.0,0.002345825399926338,-0.002345825399926338,0.002345825399926338
7,AZITROMICINA 500MG,2026-02-22,0.0,-0.00149929487074546,0.00149929487074546,0.00149929487074546
7,DIMENHIDRINATO 50MG,2026-02-22,0.0,-0.009440418583983007,0.009440418583983007,0.009440418583983007
7,ENALAPRIL 10MG,2026-02-22,0.0,0.1703813536168844,-0.1703813536168844,0.1703813536168844
7,IBUPROFENO TABX800,2026-02-22,0.0,-0.012836647835116038,0.012836647835116038,0.012836647835116038
7,METFORMINA 850MG,2026-02-22,0.0,0.06973776983058715,-0.06973776983058715,0.06973776983058715
7,PARACETAMOL 500MG,2026-02-22,0.0,0.012235785962324955,-0.012235785962324955,0.012235785962324955
7,VITAMINA C+ZINC+D3,2026-02-22,1.0,0.7327736078987215,0.2672263921012785,0.2672263921012785
8,AMOXICILINA 500MG,2026-02-22,0.0,-0.011015614405600102,0.011015614405600102,0.011015614405600102
8,AZITROMICINA 500MG,2026-02-22,0.0,-0.0148607346762719,0.0148607346762719,0.0148607346762719
8,DIMENHIDRINATO 50MG,2026-02-22,0.0,-0.022801858389509447,0.022801858389509447,0.022801858389509447
8,ENALAPRIL 10MG,2026-02-22,0.0,0.09456001708232281,-0.09456001708232281,0.09456001708232281
8,IBUPROFENO TABX800,2026-02-22,0.0,-0.02619808764064248,0.02619808764064248,0.02619808764064248
8,LOPERAMIDA 2MG,2026-02-22,0.0,-0.029566529458127003,0.029566529458127003,0.029566529458127003
8,METFORMINA 850MG,2026-02-22,0.0,0.10998703637515234,-0.10998703637515234,0.10998703637515234
8,PARACETAMOL 500MG,2026-02-22,0.0,-0.001125653843201485,0.001125653843201485,0.001125653843201485
8,VITAMINA C+ZINC+D3,2026-02-22,0.0,0.5441765247358529,-0.5441765247358529,0.5441765247358529
9,AMOXICILINA 500MG,2026-02-22,0.0,0.009763690934533636,-0.009763690934533636,0.009763690934533636
9,AZITROMICINA 500MG,2026-02-22,0.0,0.0059185706638618385,-0.0059185706638618385,0.0059185706638618385
9,DIMENHIDRINATO 50MG,2026-02-22,0.0,-0.0020225530493757082,0.0020225530493757082,0.0020225530493757082
9,ENALAPRIL 10MG,2026-02-22,0.0,0.19771141038545162,-0.19771141038545162,0.19771141038545162
9,METFORMINA 850MG,2026-02-22,0.0,0.12812691730202097,-0.12812691730202097,0.12812691730202097
9,PARACETAMOL 500MG,2026-02-22,0.0,0.019653651496932253,-0.019653651496932253,0.019653651496932253
9,VITAMINA C+ZINC+D3,2026-02-22,0.0,0.5370233158979734,-0.5370233158979734,0.5370233158979734
10,AMOXICILINA 500MG,2026-02-22,0.0,0.033465263113289664,-0.033465263113289664,0.033465263113289664
10,AZITROMICINA 500MG,2026-02-22,0.0,0.11588882986395646,-0.11588882986395646,0.11588882986395646
10,DIMENHIDRINATO 50MG,2026-02-22,0.0,0.02167901912938032,-0.02167901912938032,0.02167901912938032
10,ENALAPRIL 10MG,2026-02-22,0.0,0.44368606630006213,-0.44368606630006213,0.44368606630006213
10,IBUPROFENO TABX800,2026-02-22,0.0,0.018282789878247288,-0.018282789878247288,0.018282789878247288
10,LOPERAMIDA 2MG,2026-02-22,0.0,0.014914348060762764,-0.014914348060762764,0.014914348060762764
10,PARACETAMOL 500MG,2026-02-22,0.0,0.04335522367568828,-0.04335522367568828,0.04335522367568828
10,VITAMINA C+ZINC+D3,2026-02-22,0.0,0.9417897157841211,-0.9417897157841211,0.9417897157841211
11,AMOXICILINA 500MG,2026-02-22,0.0,-0.013743902905593061,0.013743902905593061,0.013743902905593061
11,AZITROMICINA 500MG,2026-02-22,0.0,-0.01758902317626486,0.01758902317626486,0.01758902317626486
11,DIMENHIDRINATO 50MG,2026-02-22,0.0,-0.02553014688950242,0.02553014688950242,0.02553014688950242
11,ENALAPRIL 10MG,2026-02-22,0.0,0.06266364216066724,-0.06266364216066724,0.06266364216066724
11,IBUPROFENO TABX800,2026-02-22,0.0,-0.028926376140635437,0.028926376140635437,0.028926376140635437
11,METFORMINA 850MG,2026-02-22,0.0,0.05364804152506775,-0.05364804152506775,0.05364804152506775
11,PARACETAMOL 500MG,2026-02-22,0.0,-0.003853942343194444,0.003853942343194444,0.003853942343194444
11,VITAMINA C+ZINC+D3,2026-02-22,0.0,0.7117312882726021,-0.7117312882726021,0.7117312882726021
12,AMOXICILINA 500MG,2026-02-22,0.0,0.09467950992836362,-0.09467950992836362,0.09467950992836362
12,AZITROMICINA 500MG,2026-02-22,0.0,0.03373378905801584,-0.03373378905801584,0.03373378905801584
12,DIMENHIDRINATO 50MG,2026-02-22,0.0,0.02579266534477828,-0.02579266534477828,0.02579266534477828
12,ENALAPRIL 10MG,2026-02-22,0.0,0.27913733512969724,-0.27913733512969724,0.27913733512969724
12,IBUPROFENO TABX800,2026-02-22,0.0,0.022396436093645264,-0.022396436093645264,0.022396436093645264
12,METFORMINA 850MG,2026-02-22,0.0,0.10497085375934845,-0.10497085375934845,0.10497085375934845
12,PARACETAMOL 500MG,2026-02-22,0.0,0.04746886989108626,-0.04746886989108626,0.04746886989108626
12,VITAMINA C+ZINC+D3,2026-02-22,4.0,0.8688905701658833,3.1311094298341167,3.1311094298341167
13,AMOXICILINA 500MG,2026-02-22,0.0,-0.0028407322315033012,0.0028407322315033012,0.0028407322315033012
13,AZITROMICINA 500MG,2026-02-22,0.0,-0.006685852502175099,0.006685852502175099,0.006685852502175099
13,DIMENHIDRINATO 50MG,2026-02-22,0.0,-0.014626976215412646,0.014626976215412646,0.014626976215412646
13,ENALAPRIL 10MG,2026-02-22,0.0,0.13066741343443297,-0.13066741343443297,0.13066741343443297
13,IBUPROFENO TABX800,2026-02-22,0.0,-0.018023205466545664,0.018023205466545664,0.018023205466545664
13,METFORMINA 850MG,2026-02-22,0.0,0.0645512121991575,-0.0645512121991575,0.0645512121991575
13,OMEPRAZOL 20MG,2026-02-22,0.0,-0.010176680977458469,0.010176680977458469,0.010176680977458469
13,PARACETAMOL 500MG,2026-02-22,0.0,0.007049228330895316,-0.007049228330895316,0.007049228330895316
13,VITAMINA C+ZINC+D3,2026-02-22,0.0,0.718331155079589,-0.718331155079589,0.718331155079589
14,AZITROMICINA 500MG,2026-02-22,0.0,0.01523196842098297,-0.01523196842098297,0.01523196842098297
14,DIMENHIDRINATO 50MG,2026-02-22,0.0,0.007290844707745409,-0.007290844707745409,0.007290844707745409
14,ENALAPRIL 10MG,2026-02-22,0.0,0.09548463375791506,-0.09548463375791506,0.09548463375791506
14,IBUPROFENO TABX800,2026-02-22,0.0,0.003894615456612391,-0.003894615456612391,0.003894615456612391
14,METFORMINA 850MG,2026-02-22,0.0,0.13744031505914212,-0.13744031505914212,0.13744031505914212
14,PARACETAMOL 500MG,2026-02-22,0.0,0.02896704925405337,-0.02896704925405337,0.02896704925405337
14,VITAMINA C+ZINC+D3,2026-02-22,5.0,1.5307801466167645,3.4692198533832355,3.4692198533832355
15,AMOXICILINA 500MG,2026-02-22,0.0,0.06909247129299495,-0.06909247129299495,0.06909247129299495
15,AZITROMICINA 500MG,2026-02-22,0.0,0.06524735102232315,-0.06524735102232315,0.06524735102232315
15,DIMENHIDRINATO 50MG,2026-02-22,0.0,0.05730622730908559,-0.05730622730908559,0.05730622730908559
15,ENALAPRIL 10MG,2026-02-22,0.0,0.1964712982960818,-0.1964712982960818,0.1964712982960818
15,IBUPROFENO TABX800,2026-02-22,0.0,0.053909998057952574,-0.053909998057952574,0.053909998057952574
15,METFORMINA 850MG,2026-02-22,0.0,0.13648441572365577,-0.13648441572365577,0.13648441572365577
15,PARACETAMOL 500MG,2026-02-22,0.0,0.07898243185539357,-0.07898243185539357,0.07898243185539357
15,VITAMINA C+ZINC+D3,2026-02-22,0.0,1.0824056170595038,-1.0824056170595038,1.0824056170595038
16,AMOXICILINA 500MG,2026-02-22,0.0,-0.010949530646135588,0.010949530646135588,0.010949530646135588
16,AZITROMICINA 500MG,2026-02-22,0.0,-0.014794650916807386,0.014794650916807386,0.014794650916807386
16,DIMENHIDRINATO 50MG,2026-02-22,0.0,-0.022735774630044933,0.022735774630044933,0.022735774630044933
16,ENALAPRIL 10MG,2026-02-22,0.0,0.1570859975708225,-0.1570859975708225,0.1570859975708225
16,IBUPROFENO TABX800,2026-02-22,0.0,-0.026132003881177965,0.026132003881177965,0.026132003881177965
16,LOPERAMIDA 2MG,2026-02-22,0.0,-0.02950044569866249,0.02950044569866249,0.02950044569866249
16,METFORMINA 850MG,2026-02-22,0.0,0.05644241378452522,-0.05644241378452522,0.05644241378452522
16,PARACETAMOL 500MG,2026-02-22,0.0,-0.0010595700837369715,0.0010595700837369715,0.0010595700837369715
16,VITAMINA C+ZINC+D3,2026-02-22,1.0,1.085337445690892,-0.08533744569089197,0.08533744569089197
17,AMOXICILINA 500MG,2026-02-22,0.0,0.07523334101099133,-0.07523334101099133,0.07523334101099133
17,AZITROMICINA 500MG,2026-02-22,0.0,0.07138822074031953,-0.07138822074031953,0.07138822074031953
17,ENALAPRIL 10MG,2026-02-22,0.0,0.15164088607725162,-0.15164088607725162,0.15164088607725162
17,IBUPROFENO TABX800,2026-02-22,0.0,0.060050867775948966,-0.060050867775948966,0.060050867775948966
17,PARACETAMOL 500MG,2026-02-22,0.0,0.08512330157338995,-0.08512330157338995,0.08512330157338995
1,AMOXICILINA 500MG,2026-03-01,0.0,0.33366320910214226,-0.33366320910214226,0.33366320910214226
1,AZITROMICINA 500MG,2026-03-01,0.0,0.06688830388174476,-0.06688830388174476,0.06688830388174476
1,DIMENHIDRINATO 50MG,2026-03-01,0.0,0.058947180168507196,-0.058947180168507196,0.058947180168507196
1,ENALAPRIL 10MG,2026-03-01,0.0,0.34494983062467316,-0.34494983062467316,0.34494983062467316
1,IBUPROFENO TABX800,2026-03-01,0.0,0.05555095091737418,-0.05555095091737418,0.05555095091737418
1,LOPERAMIDA 2MG,2026-03-01,0.0,0.052182509099889654,-0.052182509099889654,0.052182509099889654
1,METFORMINA 850MG,2026-03-01,0.0,0.13812536858307736,-0.13812536858307736,0.13812536858307736
1,PARACETAMOL 500MG,2026-03-01,0.0,0.08062338471481517,-0.08062338471481517,0.08062338471481517
1,VITAMINA C+ZINC+D3,2026-03-01,0.0,1.394455049282897,-1.394455049282897,1.394455049282897
2,AMOXICILINA 500MG,2026-03-01,0.0,0.07349419295350951,-0.07349419295350951,0.07349419295350951
2,AZITROMICINA 500MG,2026-03-01,0.0,0.06964907268283771,-0.06964907268283771,0.06964907268283771
2,DIMENHIDRINATO 50MG,2026-03-01,0.0,0.06170794896960016,-0.06170794896960016,0.06170794896960016
2,ENALAPRIL 10MG,2026-03-01,1.0,0.2579736205562723,0.7420263794437276,0.7420263794437276
2,IBUPROFENO TABX800,2026-03-01,0.0,0.058311719718467145,-0.058311719718467145,0.058311719718467145
2,METFORMINA 850MG,2026-03-01,0.0,0.14088613738417033,-0.14088613738417033,0.14088613738417033
2,PARACETAMOL 500MG,2026-03-01,0.0,0.08338415351590812,-0.08338415351590812,0.08338415351590812
2,VITAMINA C+ZINC+D3,2026-03-01,1.0,0.9982625450101457,0.0017374549898543368,0.0017374549898543368
3,AZITROMICINA 500MG,2026-03-01,0.0,0.04145022895061616,-0.04145022895061616,0.04145022895061616
3,DIMENHIDRINATO 50MG,2026-03-01,0.0,0.0335091052373786,-0.0335091052373786,0.0335091052373786
3,ENALAPRIL 10MG,2026-03-01,0.0,0.31951175569354456,-0.31951175569354456,0.31951175569354456
3,IBUPROFENO TABX800,2026-03-01,0.0,0.030112875986245582,-0.030112875986245582,0.030112875986245582
3,LOPERAMIDA 2MG,2026-03-01,0.0,0.026744434168761058,-0.026744434168761058,0.026744434168761058
3,METFORMINA 850MG,2026-03-01,4.0,0.2001915529169366,3.7998084470830635,3.7998084470830635
3,PARACETAMOL 500MG,2026-03-01,0.0,0.055185309783686576,-0.055185309783686576,0.055185309783686576
3,VITAMINA C+ZINC+D3,2026-03-01,4.0,1.4110983720986194,2.5889016279013806,2.5889016279013806
4,AMOXICILINA 500MG,2026-03-01,0.0,0.04009028024924141,-0.04009028024924141,0.04009028024924141
4,AZITROMICINA 500MG,2026-03-01,0.0,0.03624515997856961,-0.03624515997856961,0.03624515997856961
4,DIMENHIDRINATO 50MG,2026-03-01,1.0,0.028304036265332053,0.9716959637346679,0.9716959637346679
4,ENALAPRIL 10MG,2026-03-01,1.0,0.1456659117371643,0.8543340882628356,0.8543340882628356
4,IBUPROFENO TABX800,2026-03-01,0.0,0.02490780701419905,-0.02490780701419905,0.02490780701419905
4,LOPERAMIDA 2MG,2026-03-01,0.0,0.02153936519671451,-0.02153936519671451,0.02153936519671451
4,METFORMINA 850MG,2026-03-01,0.0,0.16109293102999384,-0.16109293102999384,0.16109293102999384
4,VITAMINA C+ZINC+D3,2026-03-01,3.0,1.0537667437404812,1.9462332562595188,1.9462332562595188
5,AMOXICILINA 500MG,2026-03-01,0.0,0.09844020326017167,-0.09844020326017167,0.09844020326017167
5,AZITROMICINA 500MG,2026-03-01,0.0,0.18622306614019762,-0.18622306614019762,0.18622306614019762
5,DIMENHIDRINATO 50MG,2026-03-01,0.0,0.08665395927626231,-0.08665395927626231,0.08665395927626231
5,ENALAPRIL 10MG,2026-03-01,1.0,0.39709922966085726,0.6029007703391427,0.6029007703391427
5,IBUPROFENO TABX800,2026-03-01,0.0,0.08325773002512929,-0.08325773002512929,0.08325773002512929
5,METFORMINA 850MG,2026-03-01,0.0,0.1658321476908325,-0.1658321476908325,0.1658321476908325
5,PARACETAMOL 500MG,2026-03-01,0.0,0.10833016382257027,-0.10833016382257027,0.10833016382257027
5,VITAMINA C+ZINC+D3,2026-03-01,0.0,1.2769042297614297,-1.2769042297614297,1.2769042297614297
6,AMOXICILINA 500MG,2026-03-01,0.0,0.03034927365101489,-0.03034927365101489,0.03034927365101489
6,AZITROMICINA 500MG,2026-03-01,0.0,0.026504153380343093,-0.026504153380343093,0.026504153380343093
6,DIMENHIDRINATO 50MG,2026-03-01,0.0,0.018563029667105532,-0.018563029667105532,0.018563029667105532
6,ENALAPRIL 10MG,2026-03-01,1.0,0.2275528882896356,0.7724471117103644,0.7724471117103644
6,IBUPROFENO TABX800,2026-03-01,0.0,0.015166800415972528,-0.015166800415972528,0.015166800415972528
6,LOPERAMIDA 2MG,2026-03-01,0.0,0.011798358598488004,-0.011798358598488004,0.011798358598488004
6,METFORMINA 850MG,2026-03-01,0.0,0.0977412180816757,-0.0977412180816757,0.0977412180816757
6,VITAMINA C+ZINC+D3,2026-03-01,0.0,1.14677901736043,-1.14677901736043,1.14677901736043
7,AMOXICILINA 500MG,2026-03-01,0.0,-0.0021540914586484355,0.0021540914586484355,0.0021540914586484355
7,AZITROMICINA 500MG,2026-03-01,0.0,-0.0059992117293202335,0.0059992117293202335,0.0059992117293202335
7,DIMENHIDRINATO 50MG,2026-03-01,0.0,-0.01394033544255778,0.01394033544255778,0.01394033544255778
7,ENALAPRIL 10MG,2026-03-01,0.0,0.18579362799226956,-0.18579362799226956,0.18579362799226956
7,IBUPROFENO TABX800,2026-03-01,0.0,-0.017336564693690812,0.017336564693690812,0.017336564693690812
7,METFORMINA 850MG,2026-03-01,0.0,0.06523785297201237,-0.06523785297201237,0.06523785297201237
7,PARACETAMOL 500MG,2026-03-01,0.0,0.0077358691037501676,-0.0077358691037501676,0.0077358691037501676
7,VITAMINA C+ZINC+D3,2026-03-01,2.0,0.7853742916398228,1.2146257083601772,1.2146257083601772
8,AMOXICILINA 500MG,2026-03-01,0.0,-0.01551553126417489,0.01551553126417489,0.01551553126417489
8,AZITROMICINA 500MG,2026-03-01,0.0,-0.019360651534846687,0.019360651534846687,0.019360651534846687
8,DIMENHIDRINATO 50MG,2026-03-01,0.0,-0.027301775248084234,0.027301775248084234,0.027301775248084234
8,ENALAPRIL 10MG,2026-03-01,0.0,0.11186329573891195,-0.11186329573891195,0.11186329573891195
8,IBUPROFENO TABX800,2026-03-01,0.0,-0.030698004499217266,0.030698004499217266,0.030698004499217266
8,LOPERAMIDA 2MG,2026-03-01,0.0,-0.03406644631670179,0.03406644631670179,0.03406644631670179
8,METFORMINA 850MG,2026-03-01,0.0,0.08104449958814854,-0.08104449958814854,0.08104449958814854
8,PARACETAMOL 500MG,2026-03-01,0.0,-0.0056255707017762585,0.0056255707017762585,0.0056255707017762585
8,VITAMINA C+ZINC+D3,2026-03-01,0.0,0.5361867136276937,-0.5361867136276937,0.5361867136276937
9,AMOXICILINA 500MG,2026-03-01,0.0,0.005263774075958863,-0.005263774075958863,0.005263774075958863
9,AZITROMICINA 500MG,2026-03-01,0.0,0.001418653805287065,-0.001418653805287065,0.001418653805287065
9,DIMENHIDRINATO 50MG,2026-03-01,0.0,-0.006522469907950482,0.006522469907950482,0.006522469907950482
9,ENALAPRIL 10MG,2026-03-01,0.0,0.13877191974189515,-0.13877191974189515,0.13877191974189515
9,METFORMINA 850MG,2026-03-01,0.0,0.07265571850661967,-0.07265571850661967,0.07265571850661967
9,PARACETAMOL 500MG,2026-03-01,0.0,0.015153734638357466,-0.015153734638357466,0.015153734638357466
9,VITAMINA C+ZINC+D3,2026-03-01,0.0,0.5325233990393985,-0.5325233990393985,0.5325233990393985
10,AMOXICILINA 500MG,2026-03-01,0.0,0.028965346254714877,-0.028965346254714877,0.028965346254714877
10,AZITROMICINA 500MG,2026-03-01,0.0,0.10789901875579731,-0.10789901875579731,0.10789901875579731
10,DIMENHIDRINATO 50MG,2026-03-01,0.0,0.017179102270805532,-0.017179102270805532,0.017179102270805532
10,ENALAPRIL 10MG,2026-03-01,0.0,0.323305610970926,-0.323305610970926,0.323305610970926
10,IBUPROFENO TABX800,2026-03-01,0.0,0.013782873019672515,-0.013782873019672515,0.013782873019672515
10,LOPERAMIDA 2MG,2026-03-01,0.0,0.010414431202187976,-0.010414431202187976,0.010414431202187976
10,PARACETAMOL 500MG,2026-03-01,0.0,0.03885530681711351,-0.03885530681711351,0.03885530681711351
10,VITAMINA C+ZINC+D3,2026-03-01,2.0,0.9191847133589002,1.0808152866410998,1.0808152866410998
11,AMOXICILINA 500MG,2026-03-01,0.0,-0.01824381976416785,0.01824381976416785,0.01824381976416785
11,AZITROMICINA 500MG,2026-03-01,0.0,-0.022088940034839646,0.022088940034839646,0.022088940034839646
11,DIMENHIDRINATO 50MG,2026-03-01,0.0,-0.030030063748077193,0.030030063748077193,0.030030063748077193
11,ENALAPRIL 10MG,2026-03-01,0.0,0.05816372530209246,-0.05816372530209246,0.05816372530209246
11,IBUPROFENO TABX800,2026-03-01,0.0,-0.0334262929992102,0.0334262929992102,0.0334262929992102
11,METFORMINA 850MG,2026-03-01,0.0,0.04914812466649297,-0.04914812466649297,0.04914812466649297
11,PARACETAMOL 500MG,2026-03-01,0.0,-0.008353859201769231,0.008353859201769231,0.008353859201769231
11,VITAMINA C+ZINC+D3,2026-03-01,1.0,0.7011020527511778,0.29889794724882224,0.29889794724882224
12,AMOXICILINA 500MG,2026-03-01,0.0,0.08668969882020447,-0.08668969882020447,0.08668969882020447
12,AZITROMICINA 500MG,2026-03-01,0.0,0.029233872199441055,-0.029233872199441055,0.029233872199441055
12,DIMENHIDRINATO 50MG,2026-03-01,0.0,0.021292748486203508,-0.021292748486203508,0.021292748486203508
12,ENALAPRIL 10MG,2026-03-01,2.0,0.19575522455771174,1.8042447754422883,1.8042447754422883
12,IBUPROFENO TABX800,2026-03-01,0.0,0.017896519235070477,-0.017896519235070477,0.017896519235070477
12,METFORMINA 850MG,2026-03-01,0.0,0.10047093690077366,-0.10047093690077366,0.10047093690077366
12,PARACETAMOL 500MG,2026-03-01,0.0,0.04296895303251147,-0.04296895303251147,0.04296895303251147
12,VITAMINA C+ZINC+D3,2026-03-01,1.0,1.3124423551271431,-0.31244235512714313,0.31244235512714313
13,AMOXICILINA 500MG,2026-03-01,0.0,-0.007340649090078075,0.007340649090078075,0.007340649090078075
13,AZITROMICINA 500MG,2026-03-01,0.0,-0.011185769360749873,0.011185769360749873,0.011185769360749873
13,DIMENHIDRINATO 50MG,2026-03-01,0.0,-0.01912689307398742,0.01912689307398742,0.01912689307398742
13,ENALAPRIL 10MG,2026-03-01,0.0,0.12267760232627382,-0.12267760232627382,0.12267760232627382
13,IBUPROFENO TABX800,2026-03-01,0.0,-0.02252312232512045,0.02252312232512045,0.02252312232512045
13,METFORMINA 850MG,2026-03-01,0.0,0.06005129534058273,-0.06005129534058273,0.06005129534058273
13,OMEPRAZOL 20MG,2026-03-01,0.0,-0.014676597836033242,0.014676597836033242,0.014676597836033242
13,PARACETAMOL 500MG,2026-03-01,0.0,0.0025493114723205285,-0.0025493114723205285,0.0025493114723205285
13,VITAMINA C+ZINC+D3,2026-03-01,0.0,0.6049520906510508,-0.6049520906510508,0.6049520906510508
14,AZITROMICINA 500MG,2026-03-01,0.0,0.010732051562408182,-0.010732051562408182,0.010732051562408182
14,DIMENHIDRINATO 50MG,2026-03-01,0.0,0.002790927849170635,-0.002790927849170635,0.002790927849170635
14,ENALAPRIL 10MG,2026-03-01,0.0,0.09098471689934029,-0.09098471689934029,0.09098471689934029
14,IBUPROFENO TABX800,2026-03-01,0.0,-0.0006053014019623965,0.0006053014019623965,0.0006053014019623965
14,METFORMINA 850MG,2026-03-01,0.0,0.08196911626374079,-0.08196911626374079,0.08196911626374079
14,PARACETAMOL 500MG,2026-03-01,0.0,0.024467132395478597,-0.024467132395478597,0.024467132395478597
14,VITAMINA C+ZINC+D3,2026-03-01,3.0,2.061345587420363,0.9386544125796372,0.9386544125796372
15,AMOXICILINA 500MG,2026-03-01,0.0,0.06459255443442016,-0.06459255443442016,0.06459255443442016
15,AZITROMICINA 500MG,2026-03-01,0.0,0.060747434163748365,-0.060747434163748365,0.060747434163748365
15,DIMENHIDRINATO 50MG,2026-03-01,0.0,0.05280631045051082,-0.05280631045051082,0.05280631045051082
15,ENALAPRIL 10MG,2026-03-01,0.0,0.1410000995006805,-0.1410000995006805,0.1410000995006805
15,IBUPROFENO TABX800,2026-03-01,0.0,0.0494100811993778,-0.0494100811993778,0.0494100811993778
15,METFORMINA 850MG,2026-03-01,0.0,0.13198449886508096,-0.13198449886508096,0.13198449886508096
15,PARACETAMOL 500MG,2026-03-01,0.0,0.07448251499681878,-0.07448251499681878,0.07448251499681878
15,VITAMINA C+ZINC+D3,2026-03-01,0.0,1.036186862140744,-1.036186862140744,1.036186862140744
16,AMOXICILINA 500MG,2026-03-01,0.0,-0.015449447504710376,0.015449447504710376,0.015449447504710376
16,AZITROMICINA 500MG,2026-03-01,0.0,-0.019294567775382174,0.019294567775382174,0.019294567775382174
16,DIMENHIDRINATO 50MG,2026-03-01,0.0,-0.02723569148861972,0.02723569148861972,0.02723569148861972
16,ENALAPRIL 10MG,2026-03-01,0.0,0.1724982719462076,-0.1724982719462076,0.1724982719462076
16,IBUPROFENO TABX800,2026-03-01,0.0,-0.030631920739752752,0.030631920739752752,0.030631920739752752
16,LOPERAMIDA 2MG,2026-03-01,0.0,-0.034000362557237276,0.034000362557237276,0.034000362557237276
16,METFORMINA 850MG,2026-03-01,0.0,0.05194249692595043,-0.05194249692595043,0.05194249692595043
16,PARACETAMOL 500MG,2026-03-01,0.0,-0.005559486942311745,0.005559486942311745,0.005559486942311745
16,VITAMINA C+ZINC+D3,2026-03-01,0.0,1.124443919862645,-1.124443919862645,1.124443919862645
17,AMOXICILINA 500MG,2026-03-01,0.0,0.07073342415241655,-0.07073342415241655,0.07073342415241655
17,AZITROMICINA 500MG,2026-03-01,0.0,0.06688830388174476,-0.06688830388174476,0.06688830388174476
17,ENALAPRIL 10MG,2026-03-01,0.0,0.14714096921867686,-0.14714096921867686,0.14714096921867686
17,IBUPROFENO TABX800,2026-03-01,0.0,0.05555095091737418,-0.05555095091737418,0.05555095091737418
17,PARACETAMOL 500MG,2026-03-01,0.0,0.08062338471481517,-0.08062338471481517,0.08062338471481517
18,LOPERAMIDA 2MG,2026-03-01,0.0,0.052182509099889654,-0.052182509099889654,0.052182509099889654
1,AMOXICILINA 500MG,2026-03-08,0.0,0.3408301731314679,-0.3408301731314679,0.3408301731314679
1,AZITROMICINA 500MG,2026-03-08,0.0,0.06461275942586357,-0.06461275942586357,0.06461275942586357
1,DIMENHIDRINATO 50MG,2026-03-08,0.0,0.05667163571262601,-0.05667163571262601,0.05667163571262601
1,ENALAPRIL 10MG,2026-03-08,0.0,0.3065480136493898,-0.3065480136493898,0.3065480136493898
1,IBUPROFENO TABX800,2026-03-08,0.0,0.053275406461492994,-0.053275406461492994,0.053275406461492994
1,LOPERAMIDA 2MG,2026-03-08,0.0,0.04990696464400847,-0.04990696464400847,0.04990696464400847
1,METFORMINA 850MG,2026-03-08,0.0,0.13584982412719618,-0.13584982412719618,0.13584982412719618
1,PARACETAMOL 500MG,2026-03-08,0.0,0.07834784025893399,-0.07834784025893399,0.07834784025893399
1,VITAMINA C+ZINC+D3,2026-03-08,3.0,1.4048379443393513,1.5951620556606487,1.5951620556606487
2,AMOXICILINA 500MG,2026-03-08,0.0,0.07121864849762832,-0.07121864849762832,0.07121864849762832
2,AZITROMICINA 500MG,2026-03-08,0.0,0.06737352822695652,-0.06737352822695652,0.06737352822695652
2,DIMENHIDRINATO 50MG,2026-03-08,0.0,0.05943240451371898,-0.05943240451371898,0.05943240451371898
2,ENALAPRIL 10MG,2026-03-08,0.0,0.292864883064678,-0.292864883064678,0.292864883064678
2,IBUPROFENO TABX800,2026-03-08,0.0,0.05603617526258596,-0.05603617526258596,0.05603617526258596
2,METFORMINA 850MG,2026-03-08,0.0,0.13861059292828914,-0.13861059292828914,0.13861059292828914
2,PARACETAMOL 500MG,2026-03-08,0.0,0.08110860906002694,-0.08110860906002694,0.08110860906002694
2,VITAMINA C+ZINC+D3,2026-03-08,0.0,1.0169397262331092,-1.0169397262331092,1.0169397262331092
3,AZITROMICINA 500MG,2026-03-08,0.0,0.039174684494734976,-0.039174684494734976,0.039174684494734976
3,DIMENHIDRINATO 50MG,2026-03-08,0.0,0.031233560781497416,-0.031233560781497416,0.031233560781497416
3,ENALAPRIL 10MG,2026-03-08,1.0,0.2593067432030973,0.7406932567969027,0.7406932567969027
3,IBUPROFENO TABX800,2026-03-08,0.0,0.027837331530364398,-0.027837331530364398,0.027837331530364398
3,LOPERAMIDA 2MG,2026-03-08,0.0,0.024468889712879874,-0.024468889712879874,0.024468889712879874
3,METFORMINA 850MG,2026-03-08,0.0,0.5644279410638466,-0.5644279410638466,0.5644279410638466
3,PARACETAMOL 500MG,2026-03-08,0.0,0.05290976532780539,-0.05290976532780539,0.05290976532780539
3,VITAMINA C+ZINC+D3,2026-03-08,3.0,1.518090528931093,1.481909471068907,1.481909471068907
4,AMOXICILINA 500MG,2026-03-08,0.0,0.03781473579336023,-0.03781473579336023,0.03781473579336023
4,AZITROMICINA 500MG,2026-03-08,0.0,0.03396961552268843,-0.03396961552268843,0.03396961552268843
4,DIMENHIDRINATO 50MG,2026-03-08,0.0,0.11765647496014867,-0.11765647496014867,0.11765647496014867
4,ENALAPRIL 10MG,2026-03-08,0.0,0.23501835043198094,-0.23501835043198094,0.23501835043198094
4,IBUPROFENO TABX800,2026-03-08,0.0,0.022632262558317864,-0.022632262558317864,0.022632262558317864
4,LOPERAMIDA 2MG,2026-03-08,0.0,0.019263820740833326,-0.019263820740833326,0.019263820740833326
4,METFORMINA 850MG,2026-03-08,0.0,0.13437476664568365,-0.13437476664568365,0.13437476664568365
4,VITAMINA C+ZINC+D3,2026-03-08,2.0,1.2569354635084895,0.7430645364915105,0.7430645364915105
5,AMOXICILINA 500MG,2026-03-08,0.0,0.09616465880429048,-0.09616465880429048,0.09616465880429048
5,AZITROMICINA 500MG,2026-03-08,0.0,0.20385971291827634,-0.20385971291827634,0.20385971291827634
5,DIMENHIDRINATO 50MG,2026-03-08,0.0,0.08437841482038112,-0.08437841482038112,0.08437841482038112
5,ENALAPRIL 10MG,2026-03-08,1.0,0.40407958039267877,0.5959204196073212,0.5959204196073212
5,IBUPROFENO TABX800,2026-03-08,0.0,0.0809821855692481,-0.0809821855692481,0.0809821855692481
5,METFORMINA 850MG,2026-03-08,0.0,0.1635566032349513,-0.1635566032349513,0.1635566032349513
5,PARACETAMOL 500MG,2026-03-08,0.0,0.10605461936668908,-0.10605461936668908,0.10605461936668908
5,VITAMINA C+ZINC+D3,2026-03-08,3.0,1.1540276535319527,1.8459723464680473,1.8459723464680473
6,AMOXICILINA 500MG,2026-03-08,0.0,0.028073729195133706,-0.028073729195133706,0.028073729195133706
6,AZITROMICINA 500MG,2026-03-08,0.0,0.02422860892446191,-0.02422860892446191,0.02422860892446191
6,DIMENHIDRINATO 50MG,2026-03-08,0.0,0.016287485211224348,-0.016287485211224348,0.016287485211224348
6,ENALAPRIL 10MG,2026-03-08,0.0,0.3368175182184121,-0.3368175182184121,0.3368175182184121
6,IBUPROFENO TABX800,2026-03-08,0.0,0.012891255960091344,-0.012891255960091344,0.012891255960091344
6,LOPERAMIDA 2MG,2026-03-08,0.0,0.00952281414260682,-0.00952281414260682,0.00952281414260682
6,METFORMINA 850MG,2026-03-08,0.0,0.09546567362579451,-0.09546567362579451,0.09546567362579451
6,VITAMINA C+ZINC+D3,2026-03-08,1.0,1.1717771037339462,-0.17177710373394617,0.17177710373394617
7,AMOXICILINA 500MG,2026-03-08,0.0,-0.00442963591452962,0.00442963591452962,0.00442963591452962
7,AZITROMICINA 500MG,2026-03-08,0.0,-0.008274756185201418,0.008274756185201418,0.008274756185201418
7,DIMENHIDRINATO 50MG,2026-03-08,0.0,-0.016215879898438965,0.016215879898438965,0.016215879898438965
7,ENALAPRIL 10MG,2026-03-08,0.0,0.12907850975140667,-0.12907850975140667,0.12907850975140667
7,IBUPROFENO TABX800,2026-03-08,0.0,-0.019612109149571996,0.019612109149571996,0.019612109149571996
7,METFORMINA 850MG,2026-03-08,0.0,0.06296230851613119,-0.06296230851613119,0.06296230851613119
7,PARACETAMOL 500MG,2026-03-08,0.0,0.005460324647868983,-0.005460324647868983,0.005460324647868983
7,VITAMINA C+ZINC+D3,2026-03-08,0.0,0.928337436684731,-0.928337436684731,0.928337436684731
8,AMOXICILINA 500MG,2026-03-08,0.0,-0.017791075720056074,0.017791075720056074,0.017791075720056074
8,AZITROMICINA 500MG,2026-03-08,0.0,-0.02163619599072787,0.02163619599072787,0.02163619599072787
8,DIMENHIDRINATO 50MG,2026-03-08,0.0,-0.02957731970396542,0.02957731970396542,0.02957731970396542
8,ENALAPRIL 10MG,2026-03-08,0.0,0.058616469346204236,-0.058616469346204236,0.058616469346204236
8,IBUPROFENO TABX800,2026-03-08,0.0,-0.03297354895509845,0.03297354895509845,0.03297354895509845
8,LOPERAMIDA 2MG,2026-03-08,0.0,-0.036341990772582974,0.036341990772582974,0.036341990772582974
8,METFORMINA 850MG,2026-03-08,0.0,0.07876895513226735,-0.07876895513226735,0.07876895513226735
8,PARACETAMOL 500MG,2026-03-08,0.0,-0.007901115157657443,0.007901115157657443,0.007901115157657443
8,VITAMINA C+ZINC+D3,2026-03-08,0.0,0.5094685492433835,-0.5094685492433835,0.5094685492433835
9,AMOXICILINA 500MG,2026-03-08,0.0,0.0029882296200776787,-0.0029882296200776787,0.0029882296200776787
9,AZITROMICINA 500MG,2026-03-08,0.0,-0.0008568906505941193,0.0008568906505941193,0.0008568906505941193
9,DIMENHIDRINATO 50MG,2026-03-08,0.0,-0.008798014363831666,0.008798014363831666,0.008798014363831666
9,ENALAPRIL 10MG,2026-03-08,0.0,0.1330064810364296,-0.1330064810364296,0.1330064810364296
9,METFORMINA 850MG,2026-03-08,0.0,0.07038017405073849,-0.07038017405073849,0.07038017405073849
9,PARACETAMOL 500MG,2026-03-08,0.0,0.012878190182476282,-0.012878190182476282,0.012878190182476282
9,VITAMINA C+ZINC+D3,2026-03-08,0.0,0.5520510500986813,-0.5520510500986813,0.5520510500986813
10,AMOXICILINA 500MG,2026-03-08,0.0,0.026689801798833693,-0.026689801798833693,0.026689801798833693
10,AZITROMICINA 500MG,2026-03-08,0.0,0.10298404988665104,-0.10298404988665104,0.10298404988665104
10,DIMENHIDRINATO 50MG,2026-03-08,0.0,0.014903557814924348,-0.014903557814924348,0.014903557814924348
10,ENALAPRIL 10MG,2026-03-08,0.0,0.24421231248017344,-0.24421231248017344,0.24421231248017344
10,IBUPROFENO TABX800,2026-03-08,0.0,0.01150732856379133,-0.01150732856379133,0.01150732856379133
10,LOPERAMIDA 2MG,2026-03-08,0.0,0.008138886746306792,-0.008138886746306792,0.008138886746306792
10,PARACETAMOL 500MG,2026-03-08,0.0,0.036579762361232324,-0.036579762361232324,0.036579762361232324
10,VITAMINA C+ZINC+D3,2026-03-08,5.0,0.9851566689716018,4.014843331028398,4.014843331028398
11,AMOXICILINA 500MG,2026-03-08,0.0,-0.020519364220049033,0.020519364220049033,0.020519364220049033
11,AZITROMICINA 500MG,2026-03-08,1.0,-0.02436448449072083,1.024364484490721,1.024364484490721
11,DIMENHIDRINATO 50MG,2026-03-08,3.0,-0.03230560820395838,3.0323056082039583,3.0323056082039583
11,ENALAPRIL 10MG,2026-03-08,0.0,0.05588818084621128,-0.05588818084621128,0.05588818084621128
11,IBUPROFENO TABX800,2026-03-08,0.0,-0.03570183745509138,0.03570183745509138,0.03570183745509138
11,METFORMINA 850MG,2026-03-08,0.0,0.04687258021061179,-0.04687258021061179,0.04687258021061179
11,PARACETAMOL 500MG,2026-03-08,0.0,-0.010629403657650416,0.010629403657650416,0.010629403657650416
11,VITAMINA C+ZINC+D3,2026-03-08,2.0,0.7368437850959026,1.2631562149040974,1.2631562149040974
12,AMOXICILINA 500MG,2026-03-08,0.0,0.059971534435894286,-0.059971534435894286,0.059971534435894286
12,AZITROMICINA 500MG,2026-03-08,0.0,0.02695832774355987,-0.02695832774355987,0.02695832774355987
12,DIMENHIDRINATO 50MG,2026-03-08,0.0,0.019017204030322324,-0.019017204030322324,0.019017204030322324
12,ENALAPRIL 10MG,2026-03-08,1.0,0.3732457521536418,0.6267542478463581,0.6267542478463581
12,IBUPROFENO TABX800,2026-03-08,0.0,0.015620974779189292,-0.015620974779189292,0.015620974779189292
12,METFORMINA 850MG,2026-03-08,0.0,0.09819539244489248,-0.09819539244489248,0.09819539244489248
12,PARACETAMOL 500MG,2026-03-08,0.0,0.040693408576630286,-0.040693408576630286,0.040693408576630286
12,VITAMINA C+ZINC+D3,2026-03-08,2.0,1.2889567509811917,0.7110432490188083,0.7110432490188083
13,AMOXICILINA 500MG,2026-03-08,0.0,-0.009616193545959259,0.009616193545959259,0.009616193545959259
13,AZITROMICINA 500MG,2026-03-08,0.0,-0.013461313816631057,0.013461313816631057,0.013461313816631057
13,DIMENHIDRINATO 50MG,2026-03-08,0.0,-0.021402437529868604,0.021402437529868604,0.021402437529868604
13,ENALAPRIL 10MG,2026-03-08,0.0,0.09595943794196364,-0.09595943794196364,0.09595943794196364
13,IBUPROFENO TABX800,2026-03-08,0.0,-0.024798666781001635,0.024798666781001635,0.024798666781001635
13,METFORMINA 850MG,2026-03-08,0.0,0.05777575088470155,-0.05777575088470155,0.05777575088470155
13,OMEPRAZOL 20MG,2026-03-08,0.0,-0.016952142291914427,0.016952142291914427,0.016952142291914427
13,PARACETAMOL 500MG,2026-03-08,0.0,0.0002737670164393441,-0.0002737670164393441,0.0002737670164393441
13,VITAMINA C+ZINC+D3,2026-03-08,0.0,0.5956967576960011,-0.5956967576960011,0.5956967576960011
14,AZITROMICINA 500MG,2026-03-08,0.0,0.008456507106526998,-0.008456507106526998,0.008456507106526998
14,DIMENHIDRINATO 50MG,2026-03-08,0.0,0.0005153833932894508,-0.0005153833932894508,0.0005153833932894508
14,ENALAPRIL 10MG,2026-03-08,0.0,0.0887091724434591,-0.0887091724434591,0.0887091724434591
14,IBUPROFENO TABX800,2026-03-08,0.0,-0.002880845857843581,0.002880845857843581,0.002880845857843581
14,METFORMINA 850MG,2026-03-08,0.0,0.0796935718078596,-0.0796935718078596,0.0796935718078596
14,PARACETAMOL 500MG,2026-03-08,0.0,0.022191587939597412,-0.022191587939597412,0.022191587939597412
14,VITAMINA C+ZINC+D3,2026-03-08,0.0,2.013672235158835,-2.013672235158835,2.013672235158835
15,AMOXICILINA 500MG,2026-03-08,0.0,0.06231700997853898,-0.06231700997853898,0.06231700997853898
15,AZITROMICINA 500MG,2026-03-08,0.0,0.05847188970786718,-0.05847188970786718,0.05847188970786718
15,DIMENHIDRINATO 50MG,2026-03-08,0.0,0.050530765994629634,-0.050530765994629634,0.050530765994629634
15,ENALAPRIL 10MG,2026-03-08,0.0,0.1387245550447993,-0.1387245550447993,0.1387245550447993
15,IBUPROFENO TABX800,2026-03-08,0.0,0.047134536743496616,-0.047134536743496616,0.047134536743496616
15,METFORMINA 850MG,2026-03-08,0.0,0.12970895440919977,-0.12970895440919977,0.12970895440919977
15,PARACETAMOL 500MG,2026-03-08,0.0,0.0722069705409376,-0.0722069705409376,0.0722069705409376
15,VITAMINA C+ZINC+D3,2026-03-08,0.0,0.8932246592799715,-0.8932246592799715,0.8932246592799715
16,AMOXICILINA 500MG,2026-03-08,0.0,-0.01772499196059156,0.01772499196059156,0.01772499196059156
16,AZITROMICINA 500MG,2026-03-08,0.0,-0.021570112231263358,0.021570112231263358,0.021570112231263358
16,DIMENHIDRINATO 50MG,2026-03-08,0.0,-0.029511235944500905,0.029511235944500905,0.029511235944500905
16,ENALAPRIL 10MG,2026-03-08,0.0,0.11578315370534473,-0.11578315370534473,0.11578315370534473
16,IBUPROFENO TABX800,2026-03-08,0.0,-0.032907465195633936,0.032907465195633936,0.032907465195633936
16,LOPERAMIDA 2MG,2026-03-08,0.0,-0.03627590701311846,0.03627590701311846,0.03627590701311846
16,METFORMINA 850MG,2026-03-08,0.0,0.04966695247006925,-0.04966695247006925,0.04966695247006925
16,PARACETAMOL 500MG,2026-03-08,0.0,-0.00783503139819293,0.00783503139819293,0.00783503139819293
16,VITAMINA C+ZINC+D3,2026-03-08,1.0,0.9067946328672492,0.09320536713275085,0.09320536713275085
17,AMOXICILINA 500MG,2026-03-08,0.0,0.06845787969653537,-0.06845787969653537,0.06845787969653537
17,AZITROMICINA 500MG,2026-03-08,0.0,0.06461275942586357,-0.06461275942586357,0.06461275942586357
17,ENALAPRIL 10MG,2026-03-08,0.0,0.14486542476279568,-0.14486542476279568,0.14486542476279568
17,IBUPROFENO TABX800,2026-03-08,0.0,0.053275406461492994,-0.053275406461492994,0.053275406461492994
17,PARACETAMOL 500MG,2026-03-08,0.0,0.07834784025893399,-0.07834784025893399,0.07834784025893399
18,AZITROMICINA 500MG,2026-03-08,0.0,0.06461275942586357,-0.06461275942586357,0.06461275942586357
18,DIMENHIDRINATO 50MG,2026-03-08,0.0,0.05667163571262601,-0.05667163571262601,0.05667163571262601
18,LOPERAMIDA 2MG,2026-03-08,0.0,0.04990696464400847,-0.04990696464400847,0.04990696464400847
1,AMOXICILINA 500MG,2026-03-15,0.0,0.210787195105318,-0.210787195105318,0.210787195105318
1,AZITROMICINA 500MG,2026-03-15,0.0,0.06233721496998239,-0.06233721496998239,0.06233721496998239
1,DIMENHIDRINATO 50MG,2026-03-15,0.0,0.05439609125674483,-0.05439609125674483,0.05439609125674483
1,ENALAPRIL 10MG,2026-03-15,0.0,0.2253686730786687,-0.2253686730786687,0.2253686730786687
1,IBUPROFENO TABX800,2026-03-15,0.0,0.05099986200561181,-0.05099986200561181,0.05099986200561181
1,LOPERAMIDA 2MG,2026-03-15,0.0,0.047631420188127285,-0.047631420188127285,0.047631420188127285
1,METFORMINA 850MG,2026-03-15,0.0,0.133574279671315,-0.133574279671315,0.133574279671315
1,PARACETAMOL 500MG,2026-03-15,0.0,0.0760722958030528,-0.0760722958030528,0.0760722958030528
1,VITAMINA C+ZINC+D3,2026-03-15,3.0,1.3228763924476599,1.6771236075523401,1.6771236075523401
2,AMOXICILINA 500MG,2026-03-15,0.0,0.06894310404174714,-0.06894310404174714,0.06894310404174714
2,AZITROMICINA 500MG,2026-03-15,0.0,0.06509798377107534,-0.06509798377107534,0.06509798377107534
2,DIMENHIDRINATO 50MG,2026-03-15,0.0,0.057156860057837794,-0.057156860057837794,0.057156860057837794
2,ENALAPRIL 10MG,2026-03-15,1.0,0.28605890991432775,0.7139410900856722,0.7139410900856722
2,IBUPROFENO TABX800,2026-03-15,0.0,0.053760630806704776,-0.053760630806704776,0.053760630806704776
2,METFORMINA 850MG,2026-03-15,0.0,0.13633504847240796,-0.13633504847240796,0.13633504847240796
2,PARACETAMOL 500MG,2026-03-15,0.0,0.07883306460414576,-0.07883306460414576,0.07883306460414576
2,VITAMINA C+ZINC+D3,2026-03-15,2.0,0.8767903831829373,1.1232096168170627,1.1232096168170627
3,AZITROMICINA 500MG,2026-03-15,0.0,0.03689914003885379,-0.03689914003885379,0.03689914003885379
3,DIMENHIDRINATO 50MG,2026-03-15,0.0,0.02895801632561623,-0.02895801632561623,0.02895801632561623
3,ENALAPRIL 10MG,2026-03-15,0.0,0.32072666771990055,-0.32072666771990055,0.32072666771990055
3,IBUPROFENO TABX800,2026-03-15,0.0,0.025561787074483214,-0.025561787074483214,0.025561787074483214
3,LOPERAMIDA 2MG,2026-03-15,0.0,0.02219334525699869,-0.02219334525699869,0.02219334525699869
3,METFORMINA 850MG,2026-03-15,0.0,0.7072107480892966,-0.7072107480892966,0.7072107480892966
3,PARACETAMOL 500MG,2026-03-15,0.0,0.05063422087192421,-0.05063422087192421,0.05063422087192421
3,VITAMINA C+ZINC+D3,2026-03-15,1.0,1.7085184324520133,-0.7085184324520133,0.7085184324520133
4,AMOXICILINA 500MG,2026-03-15,0.0,0.03553919133747904,-0.03553919133747904,0.03553919133747904
4,AZITROMICINA 500MG,2026-03-15,0.0,0.031694071066807245,-0.031694071066807245,0.031694071066807245
4,DIMENHIDRINATO 50MG,2026-03-15,0.0,0.13529312173822738,-0.13529312173822738,0.13529312173822738
4,ENALAPRIL 10MG,2026-03-15,1.0,0.25265499721005963,0.7473450027899404,0.7473450027899404
4,IBUPROFENO TABX800,2026-03-15,0.0,0.02035671810243668,-0.02035671810243668,0.02035671810243668
4,LOPERAMIDA 2MG,2026-03-15,0.0,0.016988276284952142,-0.016988276284952142,0.016988276284952142
4,METFORMINA 850MG,2026-03-15,0.0,0.13209922218980247,-0.13209922218980247,0.13209922218980247
4,VITAMINA C+ZINC+D3,2026-03-15,0.0,1.4100015222663584,-1.4100015222663584,1.4100015222663584
5,AMOXICILINA 500MG,2026-03-15,0.0,0.0938891143484093,-0.0938891143484093,0.0938891143484093
5,AZITROMICINA 500MG,2026-03-15,0.0,0.14714459467741348,-0.14714459467741348,0.14714459467741348
5,DIMENHIDRINATO 50MG,2026-03-15,0.0,0.08210287036449994,-0.08210287036449994,0.08210287036449994
5,ENALAPRIL 10MG,2026-03-15,0.0,0.4854116961434419,-0.4854116961434419,0.4854116961434419
5,IBUPROFENO TABX800,2026-03-15,0.0,0.07870664111336692,-0.07870664111336692,0.07870664111336692
5,METFORMINA 850MG,2026-03-15,0.0,0.16128105877907012,-0.16128105877907012,0.16128105877907012
5,PARACETAMOL 500MG,2026-03-15,0.0,0.1037790749108079,-0.1037790749108079,0.1037790749108079
5,VITAMINA C+ZINC+D3,2026-03-15,1.0,1.2606563103585255,-0.26065631035852554,0.26065631035852554
6,AMOXICILINA 500MG,2026-03-15,0.0,0.025798184739252522,-0.025798184739252522,0.025798184739252522
6,AZITROMICINA 500MG,2026-03-15,0.0,0.021953064468580724,-0.021953064468580724,0.021953064468580724
6,DIMENHIDRINATO 50MG,2026-03-15,0.0,0.014011940755343164,-0.014011940755343164,0.014011940755343164
6,ENALAPRIL 10MG,2026-03-15,0.0,0.32181778672667305,-0.32181778672667305,0.32181778672667305
6,IBUPROFENO TABX800,2026-03-15,0.0,0.01061571150421016,-0.01061571150421016,0.01061571150421016
6,LOPERAMIDA 2MG,2026-03-15,0.0,0.007247269686725635,-0.007247269686725635,0.007247269686725635
6,METFORMINA 850MG,2026-03-15,0.0,0.09319012916991333,-0.09319012916991333,0.09319012916991333
6,VITAMINA C+ZINC+D3,2026-03-15,5.0,1.0625350183907347,3.9374649816092653,3.9374649816092653
7,AMOXICILINA 500MG,2026-03-15,0.0,-0.006705180370410804,0.006705180370410804,0.006705180370410804
7,AZITROMICINA 500MG,2026-03-15,0.0,-0.010550300641082602,0.010550300641082602,0.010550300641082602
7,DIMENHIDRINATO 50MG,2026-03-15,0.0,-0.01849142435432015,0.01849142435432015,0.01849142435432015
7,ENALAPRIL 10MG,2026-03-15,0.0,0.1233130710459411,-0.1233130710459411,0.1233130710459411
7,IBUPROFENO TABX800,2026-03-15,0.0,-0.02188765360545318,0.02188765360545318,0.02188765360545318
7,METFORMINA 850MG,2026-03-15,0.0,0.060686764060250004,-0.060686764060250004,0.060686764060250004
7,PARACETAMOL 500MG,2026-03-15,0.0,0.003184780191987799,-0.003184780191987799,0.003184780191987799
7,VITAMINA C+ZINC+D3,2026-03-15,0.0,0.9053173822489384,-0.9053173822489384,0.9053173822489384
8,AMOXICILINA 500MG,2026-03-15,0.0,-0.020066620175937258,0.020066620175937258,0.020066620175937258
8,AZITROMICINA 500MG,2026-03-15,0.0,-0.023911740446609056,0.023911740446609056,0.023911740446609056
8,DIMENHIDRINATO 50MG,2026-03-15,0.0,-0.0318528641598466,0.0318528641598466,0.0318528641598466
8,ENALAPRIL 10MG,2026-03-15,0.0,0.05634092489032305,-0.05634092489032305,0.05634092489032305
8,IBUPROFENO TABX800,2026-03-15,0.0,-0.035249093410979634,0.035249093410979634,0.035249093410979634
8,LOPERAMIDA 2MG,2026-03-15,0.0,-0.03861753522846416,0.03861753522846416,0.03861753522846416
8,METFORMINA 850MG,2026-03-15,0.0,0.07649341067638617,-0.07649341067638617,0.07649341067638617
8,PARACETAMOL 500MG,2026-03-15,0.0,-0.010176659613538627,0.010176659613538627,0.010176659613538627
8,VITAMINA C+ZINC+D3,2026-03-15,0.0,0.5071930047875024,-0.5071930047875024,0.5071930047875024
9,AMOXICILINA 500MG,2026-03-15,0.0,0.0007126851641964943,-0.0007126851641964943,0.0007126851641964943
9,AZITROMICINA 500MG,2026-03-15,0.0,-0.0031324351064753037,0.0031324351064753037,0.0031324351064753037
9,DIMENHIDRINATO 50MG,2026-03-15,0.0,-0.01107355881971285,0.01107355881971285,0.01107355881971285
9,ENALAPRIL 10MG,2026-03-15,0.0,0.10628831665211941,-0.10628831665211941,0.10628831665211941
9,LOPERAMIDA 2MG,2026-03-15,0.0,-0.017838229888330406,0.017838229888330406,0.017838229888330406
9,METFORMINA 850MG,2026-03-15,0.0,0.0681046295948573,-0.0681046295948573,0.0681046295948573
9,PARACETAMOL 500MG,2026-03-15,0.0,0.010602645726595097,-0.010602645726595097,0.010602645726595097
9,VITAMINA C+ZINC+D3,2026-03-15,0.0,0.49880422370597355,-0.49880422370597355,0.49880422370597355
10,AMOXICILINA 500MG,2026-03-15,0.0,0.02441425734295251,-0.02441425734295251,0.02441425734295251
10,AZITROMICINA 500MG,2026-03-15,0.0,0.04973722349394333,-0.04973722349394333,0.04973722349394333
10,DIMENHIDRINATO 50MG,2026-03-15,0.0,0.012628013359043164,-0.012628013359043164,0.012628013359043164
10,ENALAPRIL 10MG,2026-03-15,1.0,0.21749414809586326,0.7825058519041368,0.7825058519041368
10,IBUPROFENO TABX800,2026-03-15,0.0,0.009231784107910146,-0.009231784107910146,0.009231784107910146
10,LOPERAMIDA 2MG,2026-03-15,0.0,0.005863342290425608,-0.005863342290425608,0.005863342290425608
10,PARACETAMOL 500MG,2026-03-15,0.0,0.03430421790535114,-0.03430421790535114,0.03430421790535114
10,VITAMINA C+ZINC+D3,2026-03-15,0.0,1.420254927887869,-1.420254927887869,1.420254927887869
11,AMOXICILINA 500MG,2026-03-15,0.0,-0.022794908675930217,0.022794908675930217,0.022794908675930217
11,AZITROMICINA 500MG,2026-03-15,0.0,0.0649879542040958,-0.0649879542040958,0.0649879542040958
11,DIMENHIDRINATO 50MG,2026-03-15,0.0,0.24030279679225383,-0.24030279679225383,0.24030279679225383
11,ENALAPRIL 10MG,2026-03-15,0.0,0.05361263639033009,-0.05361263639033009,0.05361263639033009
11,IBUPROFENO TABX800,2026-03-15,0.0,-0.037977381910972566,0.037977381910972566,0.037977381910972566
11,METFORMINA 850MG,2026-03-15,0.0,0.044597035754730605,-0.044597035754730605,0.044597035754730605
11,PARACETAMOL 500MG,2026-03-15,0.0,-0.0129049481135316,0.0129049481135316,0.0129049481135316
11,VITAMINA C+ZINC+D3,2026-03-15,1.0,0.9303715072688783,0.0696284927311217,0.0696284927311217
12,AMOXICILINA 500MG,2026-03-15,0.0,0.0576959899800131,-0.0576959899800131,0.0576959899800131
12,AZITROMICINA 500MG,2026-03-15,0.0,0.024682783287678686,-0.024682783287678686,0.024682783287678686
12,DIMENHIDRINATO 50MG,2026-03-15,0.0,0.01674165957444114,-0.01674165957444114,0.01674165957444114
12,ENALAPRIL 10MG,2026-03-15,0.0,0.4779799533879492,-0.4779799533879492,0.4779799533879492
12,IBUPROFENO TABX800,2026-03-15,0.0,0.013345430323308108,-0.013345430323308108,0.013345430323308108
12,METFORMINA 850MG,2026-03-15,0.0,0.09591984798901129,-0.09591984798901129,0.09591984798901129
12,PARACETAMOL 500MG,2026-03-15,0.0,0.0384178641207491,-0.0384178641207491,0.0384178641207491
12,VITAMINA C+ZINC+D3,2026-03-15,0.0,1.2106501042351594,-1.2106501042351594,1.2106501042351594
13,AMOXICILINA 500MG,2026-03-15,0.0,-0.011891738001840443,0.011891738001840443,0.011891738001840443
13,AZITROMICINA 500MG,2026-03-15,0.0,-0.01573685827251224,0.01573685827251224,0.01573685827251224
13,DIMENHIDRINATO 50MG,2026-03-15,0.0,-0.023677981985749788,0.023677981985749788,0.023677981985749788
13,ENALAPRIL 10MG,2026-03-15,0.0,0.09368389348608246,-0.09368389348608246,0.09368389348608246
13,IBUPROFENO TABX800,2026-03-15,0.0,-0.02707421123688282,0.02707421123688282,0.02707421123688282
13,METFORMINA 850MG,2026-03-15,0.0,0.055500206428820364,-0.055500206428820364,0.055500206428820364
13,OMEPRAZOL 20MG,2026-03-15,0.0,-0.01922768674779561,0.01922768674779561,0.01922768674779561
13,PARACETAMOL 500MG,2026-03-15,0.0,-0.0020017774394418403,0.0020017774394418403,0.0020017774394418403
13,VITAMINA C+ZINC+D3,2026-03-15,0.0,0.5445359733832618,-0.5445359733832618,0.5445359733832618
14,AZITROMICINA 500MG,2026-03-15,0.0,0.006180962650645813,-0.006180962650645813,0.006180962650645813
14,DIMENHIDRINATO 50MG,2026-03-15,0.0,-0.0017601610625917335,0.0017601610625917335,0.0017601610625917335
14,ENALAPRIL 10MG,2026-03-15,0.0,0.08643362798757792,-0.08643362798757792,0.08643362798757792
14,IBUPROFENO TABX800,2026-03-15,0.0,-0.005156390313724765,0.005156390313724765,0.005156390313724765
14,METFORMINA 850MG,2026-03-15,0.0,0.07741802735197842,-0.07741802735197842,0.07741802735197842
14,PARACETAMOL 500MG,2026-03-15,0.0,0.019916043483716228,-0.019916043483716228,0.019916043483716228
14,VITAMINA C+ZINC+D3,2026-03-15,0.0,1.6446310576811682,-1.6446310576811682,1.6446310576811682
15,AMOXICILINA 500MG,2026-03-15,0.0,0.060041465522657794,-0.060041465522657794,0.060041465522657794
15,AZITROMICINA 500MG,2026-03-15,0.0,0.056196345251985996,-0.056196345251985996,0.056196345251985996
15,DIMENHIDRINATO 50MG,2026-03-15,0.0,0.04825522153874845,-0.04825522153874845,0.04825522153874845
15,ENALAPRIL 10MG,2026-03-15,0.0,0.13644901058891812,-0.13644901058891812,0.13644901058891812
15,IBUPROFENO TABX800,2026-03-15,0.0,0.04485899228761543,-0.04485899228761543,0.04485899228761543
15,METFORMINA 850MG,2026-03-15,0.0,0.1274334099533186,-0.1274334099533186,0.1274334099533186
15,PARACETAMOL 500MG,2026-03-15,0.0,0.06993142608505641,-0.06993142608505641,0.06993142608505641
15,VITAMINA C+ZINC+D3,2026-03-15,0.0,0.8038299579664323,-0.8038299579664323,0.8038299579664323
16,AMOXICILINA 500MG,2026-03-15,0.0,-0.020000536416472744,0.020000536416472744,0.020000536416472744
16,AZITROMICINA 500MG,2026-03-15,1.0,-0.023845656687144542,1.0238456566871446,1.0238456566871446
16,DIMENHIDRINATO 50MG,2026-03-15,0.0,-0.03178678040038209,0.03178678040038209,0.03178678040038209
16,ENALAPRIL 10MG,2026-03-15,0.0,0.11001771499987917,-0.11001771499987917,0.11001771499987917
16,IBUPROFENO TABX800,2026-03-15,0.0,-0.03518300965151512,0.03518300965151512,0.03518300965151512
16,LOPERAMIDA 2MG,2026-03-15,0.0,-0.038551451468999645,0.038551451468999645,0.038551451468999645
16,METFORMINA 850MG,2026-03-15,0.0,0.04739140801418806,-0.04739140801418806,0.04739140801418806
16,PARACETAMOL 500MG,2026-03-15,0.0,-0.010110575854074114,0.010110575854074114,0.010110575854074114
16,VITAMINA C+ZINC+D3,2026-03-15,0.0,1.0227909611748902,-1.0227909611748902,1.0227909611748902
17,AMOXICILINA 500MG,2026-03-15,0.0,0.06618233524065419,-0.06618233524065419,0.06618233524065419
17,AZITROMICINA 500MG,2026-03-15,0.0,0.06233721496998239,-0.06233721496998239,0.06233721496998239
17,ENALAPRIL 10MG,2026-03-15,0.0,0.1425898803069145,-0.1425898803069145,0.1425898803069145
17,IBUPROFENO TABX800,2026-03-15,0.0,0.05099986200561181,-0.05099986200561181,0.05099986200561181
17,PARACETAMOL 500MG,2026-03-15,0.0,0.0760722958030528,-0.0760722958030528,0.0760722958030528
18,AZITROMICINA 500MG,2026-03-15,0.0,0.06233721496998239,-0.06233721496998239,0.06233721496998239
18,DIMENHIDRINATO 50MG,2026-03-15,0.0,0.05439609125674483,-0.05439609125674483,0.05439609125674483
18,LOPERAMIDA 2MG,2026-03-15,0.0,0.047631420188127285,-0.047631420188127285,0.047631420188127285
1,AMOXICILINA 500MG,2026-03-22,0.0,0.20502175639985246,-0.20502175639985246,0.20502175639985246
1,AZITROMICINA 500MG,2026-03-22,0.0,0.060061670514101204,-0.060061670514101204,0.060061670514101204
1,DIMENHIDRINATO 50MG,2026-03-22,0.0,0.05212054680086364,-0.05212054680086364,0.05212054680086364
1,ENALAPRIL 10MG,2026-03-22,0.0,0.19865050869435852,-0.19865050869435852,0.19865050869435852
1,IBUPROFENO TABX800,2026-03-22,0.0,0.048724317549730625,-0.048724317549730625,0.048724317549730625
1,LOPERAMIDA 2MG,2026-03-22,0.0,0.0453558757322461,-0.0453558757322461,0.0453558757322461
1,METFORMINA 850MG,2026-03-22,0.0,0.1312987352154338,-0.1312987352154338,0.1312987352154338
1,PARACETAMOL 500MG,2026-03-22,0.0,0.07379675134717162,-0.07379675134717162,0.07379675134717162
1,VITAMINA C+ZINC+D3,2026-03-22,2.0,1.6098393857198166,0.39016061428018345,0.39016061428018345
2,AMOXICILINA 500MG,2026-03-22,0.0,0.06666755958586595,-0.06666755958586595,0.06666755958586595
2,AZITROMICINA 500MG,2026-03-22,0.0,0.06282243931519416,-0.06282243931519416,0.06282243931519416
2,DIMENHIDRINATO 50MG,2026-03-22,0.0,0.05488131560195661,-0.05488131560195661,0.05488131560195661
2,ENALAPRIL 10MG,2026-03-22,0.0,0.32097177482416267,-0.32097177482416267,0.32097177482416267
2,IBUPROFENO TABX800,2026-03-22,0.0,0.05148508635082359,-0.05148508635082359,0.05148508635082359
2,LOPERAMIDA 2MG,2026-03-22,0.0,0.048116644533339054,-0.048116644533339054,0.048116644533339054
2,METFORMINA 850MG,2026-03-22,0.0,0.13405950401652678,-0.13405950401652678,0.13405950401652678
2,PARACETAMOL 500MG,2026-03-22,0.0,0.07655752014826457,-0.07655752014826457,0.07655752014826457
2,VITAMINA C+ZINC+D3,2026-03-22,3.0,0.9972019125806206,2.0027980874193796,2.0027980874193796
3,AZITROMICINA 500MG,2026-03-22,0.0,0.03462359558297261,-0.03462359558297261,0.03462359558297261
3,DIMENHIDRINATO 50MG,2026-03-22,0.0,0.02668247186973506,-0.02668247186973506,0.02668247186973506
3,ENALAPRIL 10MG,2026-03-22,2.0,0.33572389008471415,1.6642761099152859,1.6642761099152859
3,IBUPROFENO TABX800,2026-03-22,0.0,0.02328624261860203,-0.02328624261860203,0.02328624261860203
3,LOPERAMIDA 2MG,2026-03-22,0.0,0.019917800801117505,-0.019917800801117505,0.019917800801117505
3,METFORMINA 850MG,2026-03-22,0.0,0.3342630626830091,-0.3342630626830091,0.3342630626830091
3,PARACETAMOL 500MG,2026-03-22,0.0,0.04835867641604302,-0.04835867641604302,0.04835867641604302
3,VITAMINA C+ZINC+D3,2026-03-22,2.0,1.5583059291806776,0.44169407081932244,0.44169407081932244
4,AMOXICILINA 500MG,2026-03-22,0.0,0.03326364688159786,-0.03326364688159786,0.03326364688159786
4,AZITROMICINA 500MG,2026-03-22,0.0,0.02941852661092606,-0.02941852661092606,0.02941852661092606
4,DIMENHIDRINATO 50MG,2026-03-22,0.0,0.07857800349736449,-0.07857800349736449,0.07857800349736449
4,ENALAPRIL 10MG,2026-03-22,0.0,0.30937105763505846,-0.30937105763505846,0.30937105763505846
4,IBUPROFENO TABX800,2026-03-22,0.0,0.018081173646555496,-0.018081173646555496,0.018081173646555496
4,LOPERAMIDA 2MG,2026-03-22,0.0,0.014712731829070957,-0.014712731829070957,0.014712731829070957
4,METFORMINA 850MG,2026-03-22,0.0,0.12982367773392128,-0.12982367773392128,0.12982367773392128
4,VITAMINA C+ZINC+D3,2026-03-22,2.0,1.1761597563869495,0.8238402436130505,0.8238402436130505
5,AMOXICILINA 500MG,2026-03-22,0.0,0.09161356989252811,-0.09161356989252811,0.09161356989252811
5,AZITROMICINA 500MG,2026-03-22,0.0,0.14137915597194792,-0.14137915597194792,0.14137915597194792
5,DIMENHIDRINATO 50MG,2026-03-22,0.0,0.07982732590861875,-0.07982732590861875,0.07982732590861875
5,ENALAPRIL 10MG,2026-03-22,0.0,0.4241661492081099,-0.4241661492081099,0.4241661492081099
5,IBUPROFENO TABX800,2026-03-22,0.0,0.07643109665748574,-0.07643109665748574,0.07643109665748574
5,LOPERAMIDA 2MG,2026-03-22,0.0,0.07306265484000121,-0.07306265484000121,0.07306265484000121
5,METFORMINA 850MG,2026-03-22,0.0,0.15900551432318893,-0.15900551432318893,0.15900551432318893
5,PARACETAMOL 500MG,2026-03-22,0.0,0.10150353045492672,-0.10150353045492672,0.10150353045492672
5,VITAMINA C+ZINC+D3,2026-03-22,2.0,1.3709580234211254,0.6290419765788746,0.6290419765788746
6,AMOXICILINA 500MG,2026-03-22,0.0,0.023522640283371338,-0.023522640283371338,0.023522640283371338
6,AZITROMICINA 500MG,2026-03-22,0.0,0.01967752001269954,-0.01967752001269954,0.01967752001269954
6,DIMENHIDRINATO 50MG,2026-03-22,0.0,0.01173639629946198,-0.01173639629946198,0.01173639629946198
6,ENALAPRIL 10MG,2026-03-22,0.0,0.21064149229939924,-0.21064149229939924,0.21064149229939924
6,IBUPROFENO TABX800,2026-03-22,0.0,0.008340167048328975,-0.008340167048328975,0.008340167048328975
6,LOPERAMIDA 2MG,2026-03-22,0.0,0.004971725230844451,-0.004971725230844451,0.004971725230844451
6,METFORMINA 850MG,2026-03-22,0.0,0.09091458471403215,-0.09091458471403215,0.09091458471403215
6,VITAMINA C+ZINC+D3,2026-03-22,1.0,1.4442126355654759,-0.44421263556547586,0.44421263556547586
7,AMOXICILINA 500MG,2026-03-22,0.0,-0.008980724826291989,0.008980724826291989,0.008980724826291989
7,AZITROMICINA 500MG,2026-03-22,0.0,-0.012825845096963787,0.012825845096963787,0.012825845096963787
7,DIMENHIDRINATO 50MG,2026-03-22,0.0,-0.020766968810201333,0.020766968810201333,0.020766968810201333
7,ENALAPRIL 10MG,2026-03-22,0.0,0.09659490666163091,-0.09659490666163091,0.09659490666163091
7,IBUPROFENO TABX800,2026-03-22,0.0,-0.024163198061334365,0.024163198061334365,0.024163198061334365
7,METFORMINA 850MG,2026-03-22,0.0,0.05841121960436882,-0.05841121960436882,0.05841121960436882
7,PARACETAMOL 500MG,2026-03-22,0.0,0.0009092357361066145,-0.0009092357361066145,0.0009092357361066145
7,VITAMINA C+ZINC+D3,2026-03-22,0.0,0.7152588941082538,-0.7152588941082538,0.7152588941082538
8,AMOXICILINA 500MG,2026-03-22,0.0,-0.022342164631818442,0.022342164631818442,0.022342164631818442
8,AZITROMICINA 500MG,2026-03-22,0.0,-0.02618728490249024,0.02618728490249024,0.02618728490249024
8,DIMENHIDRINATO 50MG,2026-03-22,0.0,-0.03412840861572779,0.03412840861572779,0.03412840861572779
8,ENALAPRIL 10MG,2026-03-22,0.0,0.05406538043444187,-0.05406538043444187,0.05406538043444187
8,IBUPROFENO TABX800,2026-03-22,0.0,-0.03752463786686082,0.03752463786686082,0.03752463786686082
8,LOPERAMIDA 2MG,2026-03-22,0.0,-0.04089307968434534,0.04089307968434534,0.04089307968434534
8,METFORMINA 850MG,2026-03-22,0.0,0.09602106173566889,-0.09602106173566889,0.09602106173566889
8,PARACETAMOL 500MG,2026-03-22,0.0,-0.012452204069419812,0.012452204069419812,0.012452204069419812
8,VITAMINA C+ZINC+D3,2026-03-22,0.0,0.5049174603316212,-0.5049174603316212,0.5049174603316212
9,AMOXICILINA 500MG,2026-03-22,0.0,-0.00156285929168469,0.00156285929168469,0.00156285929168469
9,AZITROMICINA 500MG,2026-03-22,0.0,-0.005407979562356488,0.005407979562356488,0.005407979562356488
9,DIMENHIDRINATO 50MG,2026-03-22,0.0,-0.013349103275594035,0.013349103275594035,0.013349103275594035
9,ENALAPRIL 10MG,2026-03-22,0.0,0.10401277219623821,-0.10401277219623821,0.10401277219623821
9,LOPERAMIDA 2MG,2026-03-22,0.0,-0.02011377434421159,0.02011377434421159,0.02011377434421159
9,METFORMINA 850MG,2026-03-22,0.0,0.06582908513897612,-0.06582908513897612,0.06582908513897612
9,PARACETAMOL 500MG,2026-03-22,0.0,0.008327101270713913,-0.008327101270713913,0.008327101270713913
9,VITAMINA C+ZINC+D3,2026-03-22,0.0,0.49652867925009236,-0.49652867925009236,0.49652867925009236
10,AMOXICILINA 500MG,2026-03-22,0.0,0.022138712887071324,-0.022138712887071324,0.022138712887071324
10,AZITROMICINA 500MG,2026-03-22,0.0,0.04746167903806214,-0.04746167903806214,0.04746167903806214
10,DIMENHIDRINATO 50MG,2026-03-22,0.0,0.01035246890316198,-0.01035246890316198,0.01035246890316198
10,ENALAPRIL 10MG,2026-03-22,0.0,0.3068465867906799,-0.3068465867906799,0.3068465867906799
10,IBUPROFENO TABX800,2026-03-22,0.0,0.0069562396520289616,-0.0069562396520289616,0.0069562396520289616
10,LOPERAMIDA 2MG,2026-03-22,0.0,0.0035877978345444234,-0.0035877978345444234,0.0035877978345444234
10,PARACETAMOL 500MG,2026-03-22,0.0,0.032028673449469955,-0.032028673449469955,0.032028673449469955
10,VITAMINA C+ZINC+D3,2026-03-22,0.0,1.308804670238139,-1.308804670238139,1.308804670238139
11,AMOXICILINA 500MG,2026-03-22,0.0,-0.0250704531318114,0.0250704531318114,0.0250704531318114
11,AZITROMICINA 500MG,2026-03-22,0.0,0.0826246009821745,-0.0826246009821745,0.0826246009821745
11,DIMENHIDRINATO 50MG,2026-03-22,0.0,0.29776382603825235,-0.29776382603825235,0.29776382603825235
11,ENALAPRIL 10MG,2026-03-22,0.0,0.05133709193444891,-0.05133709193444891,0.05133709193444891
11,IBUPROFENO TABX800,2026-03-22,0.0,-0.04025292636685375,0.04025292636685375,0.04025292636685375
11,METFORMINA 850MG,2026-03-22,0.0,0.04232149129884942,-0.04232149129884942,0.04232149129884942
11,PARACETAMOL 500MG,2026-03-22,0.0,-0.015180492569412785,0.015180492569412785,0.015180492569412785
11,VITAMINA C+ZINC+D3,2026-03-22,1.0,0.9249693862881441,0.07503061371185593,0.07503061371185593
12,AMOXICILINA 500MG,2026-03-22,0.0,0.05542044552413192,-0.05542044552413192,0.05542044552413192
12,AZITROMICINA 500MG,2026-03-22,0.0,0.022407238831797502,-0.022407238831797502,0.022407238831797502
12,DIMENHIDRINATO 50MG,2026-03-22,0.0,0.014466115118559955,-0.014466115118559955,0.014466115118559955
12,ENALAPRIL 10MG,2026-03-22,0.0,0.40854064811122837,-0.40854064811122837,0.40854064811122837
12,IBUPROFENO TABX800,2026-03-22,0.0,0.011069885867426923,-0.011069885867426923,0.011069885867426923
12,METFORMINA 850MG,2026-03-22,0.0,0.09364430353313011,-0.09364430353313011,0.09364430353313011
12,PARACETAMOL 500MG,2026-03-22,0.0,0.03614231966486792,-0.03614231966486792,0.03614231966486792
12,VITAMINA C+ZINC+D3,2026-03-22,0.0,1.1064719316785918,-1.1064719316785918,1.1064719316785918
13,AMOXICILINA 500MG,2026-03-22,0.0,-0.014167282457721628,0.014167282457721628,0.014167282457721628
13,AZITROMICINA 500MG,2026-03-22,0.0,-0.018012402728393426,0.018012402728393426,0.018012402728393426
13,DIMENHIDRINATO 50MG,2026-03-22,0.0,-0.025953526441630972,0.025953526441630972,0.025953526441630972
13,ENALAPRIL 10MG,2026-03-22,0.0,0.09140834903020127,-0.09140834903020127,0.09140834903020127
13,IBUPROFENO TABX800,2026-03-22,0.0,-0.029349755692764004,0.029349755692764004,0.029349755692764004
13,METFORMINA 850MG,2026-03-22,0.0,0.05322466197293918,-0.05322466197293918,0.05322466197293918
13,OMEPRAZOL 20MG,2026-03-22,0.0,-0.021503231203676795,0.021503231203676795,0.021503231203676795
13,PARACETAMOL 500MG,2026-03-22,0.0,-0.004277321895323025,0.004277321895323025,0.004277321895323025
13,VITAMINA C+ZINC+D3,2026-03-22,2.0,0.5422604289273807,1.4577395710726193,1.4577395710726193
14,AZITROMICINA 500MG,2026-03-22,0.0,0.003905418194764629,-0.003905418194764629,0.003905418194764629
14,DIMENHIDRINATO 50MG,2026-03-22,0.0,-0.004035705518472918,0.004035705518472918,0.004035705518472918
14,ENALAPRIL 10MG,2026-03-22,0.0,0.08415808353169674,-0.08415808353169674,0.08415808353169674
14,IBUPROFENO TABX800,2026-03-22,0.0,-0.0074319347696059496,0.0074319347696059496,0.0074319347696059496
14,METFORMINA 850MG,2026-03-22,0.0,0.07514248289609723,-0.07514248289609723,0.07514248289609723
14,PARACETAMOL 500MG,2026-03-22,0.0,0.017640499027835044,-0.017640499027835044,0.017640499027835044
14,VITAMINA C+ZINC+D3,2026-03-22,0.0,1.2878495567101522,-1.2878495567101522,1.2878495567101522
15,AMOXICILINA 500MG,2026-03-22,0.0,0.05776592106677661,-0.05776592106677661,0.05776592106677661
15,AZITROMICINA 500MG,2026-03-22,0.0,0.05392080079610481,-0.05392080079610481,0.05392080079610481
15,DIMENHIDRINATO 50MG,2026-03-22,0.0,0.045979677082867265,-0.045979677082867265,0.045979677082867265
15,ENALAPRIL 10MG,2026-03-22,0.0,0.13417346613303693,-0.13417346613303693,0.13417346613303693
15,IBUPROFENO TABX800,2026-03-22,0.0,0.04258344783173425,-0.04258344783173425,0.04258344783173425
15,METFORMINA 850MG,2026-03-22,0.0,0.1251578654974374,-0.1251578654974374,0.1251578654974374
15,PARACETAMOL 500MG,2026-03-22,0.0,0.06765588162917523,-0.06765588162917523,0.06765588162917523
15,VITAMINA C+ZINC+D3,2026-03-22,1.0,0.7453042827471945,0.2546957172528055,0.2546957172528055
16,AMOXICILINA 500MG,2026-03-22,0.0,-0.02227608087235393,0.02227608087235393,0.02227608087235393
16,AZITROMICINA 500MG,2026-03-22,0.0,0.06550678200767207,-0.06550678200767207,0.06550678200767207
16,DIMENHIDRINATO 50MG,2026-03-22,0.0,-0.034062324856263274,0.034062324856263274,0.034062324856263274
16,ENALAPRIL 10MG,2026-03-22,0.0,0.08329955061556898,-0.08329955061556898,0.08329955061556898
16,IBUPROFENO TABX800,2026-03-22,0.0,-0.037458554107396305,0.037458554107396305,0.037458554107396305
16,LOPERAMIDA 2MG,2026-03-22,0.0,-0.04082699592488083,0.04082699592488083,0.04082699592488083
16,METFORMINA 850MG,2026-03-22,0.0,0.04511586355830688,-0.04511586355830688,0.04511586355830688
16,PARACETAMOL 500MG,2026-03-22,0.0,-0.012386120309955298,0.012386120309955298,0.012386120309955298
16,VITAMINA C+ZINC+D3,2026-03-22,0.0,0.779441879605987,-0.779441879605987,0.779441879605987
17,AMOXICILINA 500MG,2026-03-22,0.0,0.063906790784773,-0.063906790784773,0.063906790784773
17,AZITROMICINA 500MG,2026-03-22,0.0,0.060061670514101204,-0.060061670514101204,0.060061670514101204
17,ENALAPRIL 10MG,2026-03-22,0.0,0.1403143358510333,-0.1403143358510333,0.1403143358510333
17,IBUPROFENO TABX800,2026-03-22,0.0,0.048724317549730625,-0.048724317549730625,0.048724317549730625
17,LOPERAMIDA 2MG,2026-03-22,0.0,0.0453558757322461,-0.0453558757322461,0.0453558757322461
17,PARACETAMOL 500MG,2026-03-22,0.0,0.07379675134717162,-0.07379675134717162,0.07379675134717162
18,AZITROMICINA 500MG,2026-03-22,0.0,0.060061670514101204,-0.060061670514101204,0.060061670514101204
18,DIMENHIDRINATO 50MG,2026-03-22,0.0,0.05212054680086364,-0.05212054680086364,0.05212054680086364
18,LOPERAMIDA 2MG,2026-03-22,0.0,0.0453558757322461,-0.0453558757322461,0.0453558757322461
1,AMOXICILINA 500MG,2026-03-29,0.0,0.17830359201554224,-0.17830359201554224,0.17830359201554224
1,AZITROMICINA 500MG,2026-03-29,0.0,0.05778612605822002,-0.05778612605822002,0.05778612605822002
1,DIMENHIDRINATO 50MG,2026-03-29,0.0,0.04984500234498246,-0.04984500234498246,0.04984500234498246
1,ENALAPRIL 10MG,2026-03-29,1.0,0.19637496423847733,0.8036250357615227,0.8036250357615227
1,IBUPROFENO TABX800,2026-03-29,0.0,0.04644877309384944,-0.04644877309384944,0.04644877309384944
1,LOPERAMIDA 2MG,2026-03-29,0.0,0.04308033127636492,-0.04308033127636492,0.04308033127636492
1,METFORMINA 850MG,2026-03-29,1.0,0.12902319075955263,0.8709768092404474,0.8709768092404474
1,PARACETAMOL 500MG,2026-03-29,0.0,0.07152120689129043,-0.07152120689129043,0.07152120689129043
1,VITAMINA C+ZINC+D3,2026-03-29,1.0,1.584188331372019,-0.5841883313720191,0.5841883313720191
2,AMOXICILINA 500MG,2026-03-29,0.0,0.06439201512998477,-0.06439201512998477,0.06439201512998477
2,AZITROMICINA 500MG,2026-03-29,0.0,0.06054689485931297,-0.06054689485931297,0.06054689485931297
2,DIMENHIDRINATO 50MG,2026-03-29,0.0,0.052605771146075425,-0.052605771146075425,0.052605771146075425
2,ENALAPRIL 10MG,2026-03-29,0.0,0.335118527352657,-0.335118527352657,0.335118527352657
2,IBUPROFENO TABX800,2026-03-29,0.0,0.04920954189494241,-0.04920954189494241,0.04920954189494241
2,LOPERAMIDA 2MG,2026-03-29,0.0,0.04584110007745787,-0.04584110007745787,0.04584110007745787
2,METFORMINA 850MG,2026-03-29,0.0,0.1317839595606456,-0.1317839595606456,0.1317839595606456
2,PARACETAMOL 500MG,2026-03-29,0.0,0.07428197569238339,-0.07428197569238339,0.07428197569238339
2,VITAMINA C+ZINC+D3,2026-03-29,3.0,1.2307309039299126,1.7692690960700874,1.7692690960700874
3,AZITROMICINA 500MG,2026-03-29,0.0,0.03234805112709142,-0.03234805112709142,0.03234805112709142
3,DIMENHIDRINATO 50MG,2026-03-29,0.0,0.024406927413853877,-0.024406927413853877,0.024406927413853877
3,ENALAPRIL 10MG,2026-03-29,2.0,0.41129345620842034,1.5887065437915797,1.5887065437915797
3,IBUPROFENO TABX800,2026-03-29,0.0,0.021010698162720845,-0.021010698162720845,0.021010698162720845
3,LOPERAMIDA 2MG,2026-03-29,0.0,0.01764225634523632,-0.01764225634523632,0.01764225634523632
3,METFORMINA 850MG,2026-03-29,5.0,0.31802794122879047,4.681972058771209,4.681972058771209
3,PARACETAMOL 500MG,2026-03-29,0.0,0.04608313196016184,-0.04608313196016184,0.04608313196016184
3,VITAMINA C+ZINC+D3,2026-03-29,3.0,1.5501127330719418,1.4498872669280582,1.4498872669280582
4,AMOXICILINA 500MG,2026-03-29,0.0,0.030988102425716674,-0.030988102425716674,0.030988102425716674
4,AZITROMICINA 500MG,2026-03-29,0.0,0.027142982155044876,-0.027142982155044876,0.027142982155044876
4,DIMENHIDRINATO 50MG,2026-03-29,0.0,0.07281256479189893,-0.07281256479189893,0.07281256479189893
4,ENALAPRIL 10MG,2026-03-29,1.0,0.27254652822672626,0.7274534717732737,0.7274534717732737
4,IBUPROFENO TABX800,2026-03-29,0.0,0.01580562919067431,-0.01580562919067431,0.01580562919067431
4,LOPERAMIDA 2MG,2026-03-29,0.0,0.012437187373189773,-0.012437187373189773,0.012437187373189773
4,METFORMINA 850MG,2026-03-29,0.0,0.149351328793204,-0.149351328793204,0.149351328793204
4,VITAMINA C+ZINC+D3,2026-03-29,3.0,1.1841806415636555,1.8158193584363445,1.8158193584363445
5,AMOXICILINA 500MG,2026-03-29,0.0,0.08933802543664693,-0.08933802543664693,0.08933802543664693
5,DIMENHIDRINATO 50MG,2026-03-29,0.0,0.07755178145273757,-0.07755178145273757,0.07755178145273757
5,ENALAPRIL 10MG,2026-03-29,2.0,0.3857643322328265,1.6142356677671734,1.6142356677671734
5,IBUPROFENO TABX800,2026-03-29,0.0,0.07415555220160455,-0.07415555220160455,0.07415555220160455
5,LOPERAMIDA 2MG,2026-03-29,0.0,0.07078711038412003,-0.07078711038412003,0.07078711038412003
5,METFORMINA 850MG,2026-03-29,0.0,0.15672996986730775,-0.15672996986730775,0.15672996986730775
5,PARACETAMOL 500MG,2026-03-29,0.0,0.09922798599904553,-0.09922798599904553,0.09922798599904553
5,VITAMINA C+ZINC+D3,2026-03-29,4.0,1.323113697960635,2.6768863020393647,2.6768863020393647
6,AMOXICILINA 500MG,2026-03-29,0.0,0.021247095827490153,-0.021247095827490153,0.021247095827490153
6,AZITROMICINA 500MG,2026-03-29,0.0,0.017401975556818355,-0.017401975556818355,0.017401975556818355
6,DIMENHIDRINATO 50MG,2026-03-29,0.0,0.009460851843580795,-0.009460851843580795,0.009460851843580795
6,ENALAPRIL 10MG,2026-03-29,0.0,0.18043343366550468,-0.18043343366550468,0.18043343366550468
6,IBUPROFENO TABX800,2026-03-29,0.0,0.006064622592447791,-0.006064622592447791,0.006064622592447791
6,LOPERAMIDA 2MG,2026-03-29,0.0,0.0026961807749632666,-0.0026961807749632666,0.0026961807749632666
6,METFORMINA 850MG,2026-03-29,0.0,0.08863904025815096,-0.08863904025815096,0.08863904025815096
6,VITAMINA C+ZINC+D3,2026-03-29,2.0,1.4735510860248953,0.5264489139751047,0.5264489139751047
7,AMOXICILINA 500MG,2026-03-29,0.0,-0.011256269282173173,0.011256269282173173,0.011256269282173173
7,AZITROMICINA 500MG,2026-03-29,0.0,-0.015101389552844971,0.015101389552844971,0.015101389552844971
7,DIMENHIDRINATO 50MG,2026-03-29,0.0,-0.023042513266082518,0.023042513266082518,0.023042513266082518
7,ENALAPRIL 10MG,2026-03-29,0.0,0.09431936220574973,-0.09431936220574973,0.09431936220574973
7,IBUPROFENO TABX800,2026-03-29,0.0,-0.02643874251721555,0.02643874251721555,0.02643874251721555
7,METFORMINA 850MG,2026-03-29,0.0,0.056135675148487635,-0.056135675148487635,0.056135675148487635
7,PARACETAMOL 500MG,2026-03-29,0.0,-0.00136630871977457,0.00136630871977457,0.00136630871977457
7,VITAMINA C+ZINC+D3,2026-03-29,1.0,0.681560941224775,0.31843905877522505,0.31843905877522505
8,AMOXICILINA 500MG,2026-03-29,0.0,-0.024617709087699627,0.024617709087699627,0.024617709087699627
8,AZITROMICINA 500MG,2026-03-29,0.0,-0.028462829358371425,0.028462829358371425,0.028462829358371425
8,DIMENHIDRINATO 50MG,2026-03-29,0.0,-0.03640395307160897,0.03640395307160897,0.03640395307160897
8,ENALAPRIL 10MG,2026-03-29,0.0,0.05178983597856068,-0.05178983597856068,0.05178983597856068
8,IBUPROFENO TABX800,2026-03-29,0.0,-0.039800182322742,0.039800182322742,0.039800182322742
8,LOPERAMIDA 2MG,2026-03-29,0.0,-0.04316862414022653,0.04316862414022653,0.04316862414022653
8,METFORMINA 850MG,2026-03-29,0.0,0.04277423534296118,-0.04277423534296118,0.04277423534296118
8,PARACETAMOL 500MG,2026-03-29,0.0,-0.014727748525300996,0.014727748525300996,0.014727748525300996
8,VITAMINA C+ZINC+D3,2026-03-29,0.0,0.5244451113909039,-0.5244451113909039,0.5244451113909039
9,AMOXICILINA 500MG,2026-03-29,0.0,-0.0038384037475658744,0.0038384037475658744,0.0038384037475658744
9,AZITROMICINA 500MG,2026-03-29,0.0,-0.007683524018237672,0.007683524018237672,0.007683524018237672
9,DIMENHIDRINATO 50MG,2026-03-29,0.0,-0.015624647731475219,0.015624647731475219,0.015624647731475219
9,ENALAPRIL 10MG,2026-03-29,1.0,0.10173722774035703,0.898262772259643,0.898262772259643
9,LOPERAMIDA 2MG,2026-03-29,0.0,-0.022389318800092775,0.022389318800092775,0.022389318800092775
9,METFORMINA 850MG,2026-03-29,0.0,0.06355354068309493,-0.06355354068309493,0.06355354068309493
9,PARACETAMOL 500MG,2026-03-29,0.0,0.006051556814832729,-0.006051556814832729,0.006051556814832729
9,VITAMINA C+ZINC+D3,2026-03-29,1.0,0.4942531347942112,0.5057468652057888,0.5057468652057888
10,AMOXICILINA 500MG,2026-03-29,0.0,0.01986316843119014,-0.01986316843119014,0.01986316843119014
10,AZITROMICINA 500MG,2026-03-29,0.0,0.06698933009734488,-0.06698933009734488,0.06698933009734488
10,DIMENHIDRINATO 50MG,2026-03-29,0.0,0.008076924447280795,-0.008076924447280795,0.008076924447280795
10,ENALAPRIL 10MG,2026-03-29,0.0,0.38989282011425036,-0.38989282011425036,0.38989282011425036
10,IBUPROFENO TABX800,2026-03-29,0.0,0.004680695196147777,-0.004680695196147777,0.004680695196147777
10,LOPERAMIDA 2MG,2026-03-29,0.0,0.001312253378663239,-0.001312253378663239,0.001312253378663239
10,PARACETAMOL 500MG,2026-03-29,0.0,0.02975312899358877,-0.02975312899358877,0.02975312899358877
10,VITAMINA C+ZINC+D3,2026-03-29,3.0,1.0491546638733447,1.9508453361266553,1.9508453361266553
11,AMOXICILINA 500MG,2026-03-29,0.0,-0.027345997587692586,0.027345997587692586,0.027345997587692586
11,AZITROMICINA 500MG,2026-03-29,0.0,0.025909482741311607,-0.025909482741311607,0.025909482741311607
11,DIMENHIDRINATO 50MG,2026-03-29,0.0,0.132169560227426,-0.132169560227426,0.132169560227426
11,ENALAPRIL 10MG,2026-03-29,0.0,0.049061547478567724,-0.049061547478567724,0.049061547478567724
11,IBUPROFENO TABX800,2026-03-29,0.0,-0.042528470822734935,0.042528470822734935,0.042528470822734935
11,METFORMINA 850MG,2026-03-29,0.0,0.040045946842968236,-0.040045946842968236,0.040045946842968236
11,PARACETAMOL 500MG,2026-03-29,0.0,-0.01745603702529397,0.01745603702529397,0.01745603702529397
11,VITAMINA C+ZINC+D3,2026-03-29,1.0,0.89269688797571,0.10730311202428999,0.10730311202428999
12,AMOXICILINA 500MG,2026-03-29,0.0,0.07494809658341464,-0.07494809658341464,0.07494809658341464
12,AZITROMICINA 500MG,2026-03-29,0.0,0.020131694375916317,-0.020131694375916317,0.020131694375916317
12,DIMENHIDRINATO 50MG,2026-03-29,0.0,0.01219057066267877,-0.01219057066267877,0.01219057066267877
12,ENALAPRIL 10MG,2026-03-29,0.0,0.29387445943437024,-0.29387445943437024,0.29387445943437024
12,IBUPROFENO TABX800,2026-03-29,0.0,0.008794341411545739,-0.008794341411545739,0.008794341411545739
12,METFORMINA 850MG,2026-03-29,0.0,0.09136875907724892,-0.09136875907724892,0.09136875907724892
12,PARACETAMOL 500MG,2026-03-29,0.0,0.03386677520898673,-0.03386677520898673,0.03386677520898673
12,VITAMINA C+ZINC+D3,2026-03-29,3.0,0.894056865689447,2.105943134310553,2.105943134310553
13,AMOXICILINA 500MG,2026-03-29,0.0,-0.016442826913602812,0.016442826913602812,0.016442826913602812
13,AZITROMICINA 500MG,2026-03-29,0.0,-0.02028794718427461,0.02028794718427461,0.02028794718427461
13,DIMENHIDRINATO 50MG,2026-03-29,0.0,-0.028229070897512157,0.028229070897512157,0.028229070897512157
13,ENALAPRIL 10MG,2026-03-29,0.0,0.11093600008948401,-0.11093600008948401,0.11093600008948401
13,IBUPROFENO TABX800,2026-03-29,0.0,-0.03162530014864519,0.03162530014864519,0.03162530014864519
13,METFORMINA 850MG,2026-03-29,0.0,0.050949117517057996,-0.050949117517057996,0.050949117517057996
13,OMEPRAZOL 20MG,2026-03-29,0.0,-0.02377877565955798,0.02377877565955798,0.02377877565955798
13,PARACETAMOL 500MG,2026-03-29,0.0,-0.006552866351204209,0.006552866351204209,0.006552866351204209
13,VITAMINA C+ZINC+D3,2026-03-29,0.0,0.7232408507728949,-0.7232408507728949,0.7232408507728949
14,AZITROMICINA 500MG,2026-03-29,0.0,0.0016298737388834444,-0.0016298737388834444,0.0016298737388834444
14,DIMENHIDRINATO 50MG,2026-03-29,0.0,-0.006311249974354102,0.006311249974354102,0.006311249974354102
14,ENALAPRIL 10MG,2026-03-29,0.0,0.08188253907581555,-0.08188253907581555,0.08188253907581555
14,IBUPROFENO TABX800,2026-03-29,0.0,-0.009707479225487134,0.009707479225487134,0.009707479225487134
14,METFORMINA 850MG,2026-03-29,0.0,0.07286693844021605,-0.07286693844021605,0.07286693844021605
14,PARACETAMOL 500MG,2026-03-29,0.0,0.01536495457195386,-0.01536495457195386,0.01536495457195386
14,VITAMINA C+ZINC+D3,2026-03-29,0.0,1.1237231434417103,-1.1237231434417103,1.1237231434417103
15,AMOXICILINA 500MG,2026-03-29,0.0,0.055490376610895426,-0.055490376610895426,0.055490376610895426
15,AZITROMICINA 500MG,2026-03-29,0.0,0.05164525634022363,-0.05164525634022363,0.05164525634022363
15,DIMENHIDRINATO 50MG,2026-03-29,0.0,0.04370413262698608,-0.04370413262698608,0.04370413262698608
15,ENALAPRIL 10MG,2026-03-29,0.0,0.13189792167715575,-0.13189792167715575,0.13189792167715575
15,IBUPROFENO TABX800,2026-03-29,0.0,0.04030790337585306,-0.04030790337585306,0.04030790337585306
15,METFORMINA 850MG,2026-03-29,0.0,0.12288232104155623,-0.12288232104155623,0.12288232104155623
15,PARACETAMOL 500MG,2026-03-29,0.0,0.06538033717329404,-0.06538033717329404,0.06538033717329404
15,VITAMINA C+ZINC+D3,2026-03-29,0.0,0.7545173530835221,-0.7545173530835221,0.7545173530835221
16,AMOXICILINA 500MG,2026-03-29,0.0,-0.024551625328235113,0.024551625328235113,0.024551625328235113
16,AZITROMICINA 500MG,2026-03-29,0.0,0.08314342878575078,-0.08314342878575078,0.08314342878575078
16,DIMENHIDRINATO 50MG,2026-03-29,0.0,-0.03633786931214446,0.03633786931214446,0.03633786931214446
16,ENALAPRIL 10MG,2026-03-29,0.0,0.0810240061596878,-0.0810240061596878,0.0810240061596878
16,IBUPROFENO TABX800,2026-03-29,0.0,-0.03973409856327749,0.03973409856327749,0.03973409856327749
16,LOPERAMIDA 2MG,2026-03-29,0.0,-0.043102540380762014,0.043102540380762014,0.043102540380762014
16,METFORMINA 850MG,2026-03-29,1.0,0.042840319102425695,0.9571596808975743,0.9571596808975743
16,PARACETAMOL 500MG,2026-03-29,0.0,-0.014661664765836482,0.014661664765836482,0.014661664765836482
16,VITAMINA C+ZINC+D3,2026-03-29,1.0,0.6691160550150324,0.33088394498496765,0.33088394498496765
17,AMOXICILINA 500MG,2026-03-29,0.0,0.06163124632889182,-0.06163124632889182,0.06163124632889182
17,AZITROMICINA 500MG,2026-03-29,0.0,0.05778612605822002,-0.05778612605822002,0.05778612605822002
17,ENALAPRIL 10MG,2026-03-29,0.0,0.13803879139515213,-0.13803879139515213,0.13803879139515213
17,IBUPROFENO TABX800,2026-03-29,0.0,0.04644877309384944,-0.04644877309384944,0.04644877309384944
17,LOPERAMIDA 2MG,2026-03-29,0.0,0.04308033127636492,-0.04308033127636492,0.04308033127636492
17,PARACETAMOL 500MG,2026-03-29,0.0,0.07152120689129043,-0.07152120689129043,0.07152120689129043
18,AZITROMICINA 500MG,2026-03-29,0.0,0.05778612605822002,-0.05778612605822002,0.05778612605822002
18,DIMENHIDRINATO 50MG,2026-03-29,0.0,0.04984500234498246,-0.04984500234498246,0.04984500234498246
18,LOPERAMIDA 2MG,2026-03-29,0.0,0.04308033127636492,-0.04308033127636492,0.04308033127636492
1,AMOXICILINA 500MG,2026-04-05,0.0,0.2634162780391744,-0.2634162780391744,0.2634162780391744
1,AZITROMICINA 500MG,2026-04-05,0.0,0.0774892255363604,-0.0774892255363604,0.0774892255363604
1,DIMENHIDRINATO 50MG,2026-04-05,0.0,0.06954810182312285,-0.06954810182312285,0.06954810182312285
1,ENALAPRIL 10MG,2026-04-05,0.0,0.3295092423824794,-0.3295092423824794,0.3295092423824794
1,IBUPROFENO TABX800,2026-04-05,0.0,0.06615187257198983,-0.06615187257198983,0.06615187257198983
1,LOPERAMIDA 2MG,2026-04-05,0.0,0.06278343075450529,-0.06278343075450529,0.06278343075450529
1,METFORMINA 850MG,2026-04-05,0.0,0.2403542733883908,-0.2403542733883908,0.2403542733883908
1,PARACETAMOL 500MG,2026-04-05,0.0,0.09122430636943082,-0.09122430636943082,0.09122430636943082
1,VITAMINA C+ZINC+D3,2026-04-05,1.0,1.48141602400659,-0.4814160240065899,0.4814160240065899
2,AMOXICILINA 500MG,2026-04-05,0.0,0.08409511460812516,-0.08409511460812516,0.08409511460812516
2,AZITROMICINA 500MG,2026-04-05,0.0,0.08024999433745336,-0.08024999433745336,0.08024999433745336
2,DIMENHIDRINATO 50MG,2026-04-05,0.0,0.07230887062421582,-0.07230887062421582,0.07230887062421582
2,ENALAPRIL 10MG,2026-04-05,1.0,0.2977426286325505,0.7022573713674495,0.7022573713674495
2,IBUPROFENO TABX800,2026-04-05,0.0,0.06891264137308278,-0.06891264137308278,0.06891264137308278
2,LOPERAMIDA 2MG,2026-04-05,0.0,0.06554419955559826,-0.06554419955559826,0.06554419955559826
2,METFORMINA 850MG,2026-04-05,1.0,0.15148705903878595,0.848512940961214,0.848512940961214
2,PARACETAMOL 500MG,2026-04-05,0.0,0.09398507517052378,-0.09398507517052378,0.09398507517052378
2,VITAMINA C+ZINC+D3,2026-04-05,0.0,1.4953391500939615,-1.4953391500939615,1.4953391500939615
3,AZITROMICINA 500MG,2026-04-05,0.0,0.05205115060523181,-0.05205115060523181,0.05205115060523181
3,DIMENHIDRINATO 50MG,2026-04-05,0.0,0.04411002689199426,-0.04411002689199426,0.04411002689199426
3,ENALAPRIL 10MG,2026-04-05,0.0,0.6723902057214557,-0.6723902057214557,0.6723902057214557
3,IBUPROFENO TABX800,2026-04-05,0.0,0.04071379764086123,-0.04071379764086123,0.04071379764086123
3,LOPERAMIDA 2MG,2026-04-05,0.0,0.037345355823376704,-0.037345355823376704,0.037345355823376704
3,METFORMINA 850MG,2026-04-05,0.0,0.6981004767467038,-0.6981004767467038,0.6981004767467038
3,PARACETAMOL 500MG,2026-04-05,0.0,0.06578623143830223,-0.06578623143830223,0.06578623143830223
3,VITAMINA C+ZINC+D3,2026-04-05,3.0,1.7289178419248112,1.2710821580751888,1.2710821580751888
4,AMOXICILINA 500MG,2026-04-05,0.0,0.05069120190385706,-0.05069120190385706,0.05069120190385706
4,AZITROMICINA 500MG,2026-04-05,0.0,0.04684608163318526,-0.04684608163318526,0.04684608163318526
4,DIMENHIDRINATO 50MG,2026-04-05,0.0,0.06807304434161032,-0.06807304434161032,0.06807304434161032
4,ENALAPRIL 10MG,2026-04-05,1.0,0.3049954171421537,0.6950045828578463,0.6950045828578463
4,IBUPROFENO TABX800,2026-04-05,0.0,0.035508728668814694,-0.035508728668814694,0.035508728668814694
4,LOPERAMIDA 2MG,2026-04-05,0.0,0.032140286851330156,-0.032140286851330156,0.032140286851330156
4,METFORMINA 850MG,2026-04-05,0.0,0.11808314633451786,-0.11808314633451786,0.11808314633451786
4,VITAMINA C+ZINC+D3,2026-04-05,0.0,1.452722729286019,-1.452722729286019,1.452722729286019
5,DIMENHIDRINATO 50MG,2026-04-05,0.0,0.09725488093087796,-0.09725488093087796,0.09725488093087796
5,ENALAPRIL 10MG,2026-04-05,0.0,0.5316227974126866,-0.5316227974126866,0.5316227974126866
5,IBUPROFENO TABX800,2026-04-05,0.0,0.09385865167974494,-0.09385865167974494,0.09385865167974494
5,LOPERAMIDA 2MG,2026-04-05,0.0,0.09049020986226042,-0.09049020986226042,0.09049020986226042
5,METFORMINA 850MG,2026-04-05,0.0,0.1764330693454481,-0.1764330693454481,0.1764330693454481
5,PARACETAMOL 500MG,2026-04-05,0.0,0.11893108547718592,-0.11893108547718592,0.11893108547718592
5,VITAMINA C+ZINC+D3,2026-04-05,1.0,1.553133205680436,-0.5531332056804359,0.5531332056804359
6,AMOXICILINA 500MG,2026-04-05,0.0,0.04095019530563055,-0.04095019530563055,0.04095019530563055
6,AZITROMICINA 500MG,2026-04-05,0.0,0.03710507503495875,-0.03710507503495875,0.03710507503495875
6,DIMENHIDRINATO 50MG,2026-04-05,0.0,0.029163951321721192,-0.029163951321721192,0.029163951321721192
6,ENALAPRIL 10MG,2026-04-05,0.0,0.17569391321521605,-0.17569391321521605,0.17569391321521605
6,IBUPROFENO TABX800,2026-04-05,0.0,0.025767722070588174,-0.025767722070588174,0.025767722070588174
6,LOPERAMIDA 2MG,2026-04-05,0.0,0.02239928025310365,-0.02239928025310365,0.02239928025310365
6,METFORMINA 850MG,2026-04-05,0.0,0.10834213973629135,-0.10834213973629135,0.10834213973629135
6,VITAMINA C+ZINC+D3,2026-04-05,1.0,1.3405952115054094,-0.3405952115054094,0.3405952115054094
7,AMOXICILINA 500MG,2026-04-05,0.0,0.008446830195967203,-0.008446830195967203,0.008446830195967203
7,AZITROMICINA 500MG,2026-04-05,0.0,0.004601709925295405,-0.004601709925295405,0.004601709925295405
7,DIMENHIDRINATO 50MG,2026-04-05,0.0,-0.0033394137879421415,0.0033394137879421415,0.0033394137879421415
7,ENALAPRIL 10MG,2026-04-05,0.0,0.1140224616838901,-0.1140224616838901,0.1140224616838901
7,IBUPROFENO TABX800,2026-04-05,0.0,-0.006735643039075173,0.006735643039075173,0.006735643039075173
7,METFORMINA 850MG,2026-04-05,0.0,0.07583877462662802,-0.07583877462662802,0.07583877462662802
7,PARACETAMOL 500MG,2026-04-05,0.0,0.018336790758365827,-0.018336790758365827,0.018336790758365827
7,VITAMINA C+ZINC+D3,2026-04-05,0.0,0.7658099795119191,-0.7658099795119191,0.7658099795119191
8,AMOXICILINA 500MG,2026-04-05,0.0,-0.004914609609559223,0.004914609609559223,0.004914609609559223
8,AZITROMICINA 500MG,2026-04-05,0.0,-0.00875972988023102,0.00875972988023102,0.00875972988023102
8,DIMENHIDRINATO 50MG,2026-04-05,0.0,-0.016700853593468595,0.016700853593468595,0.016700853593468595
8,ENALAPRIL 10MG,2026-04-05,0.0,0.07149293545670107,-0.07149293545670107,0.07149293545670107
8,IBUPROFENO TABX800,2026-04-05,0.0,-0.0200970828446016,0.0200970828446016,0.0200970828446016
8,LOPERAMIDA 2MG,2026-04-05,0.0,-0.02346552466208615,0.02346552466208615,0.02346552466208615
8,METFORMINA 850MG,2026-04-05,0.0,0.06247733482110158,-0.06247733482110158,0.06247733482110158
8,PARACETAMOL 500MG,2026-04-05,0.0,0.00497535095283938,-0.00497535095283938,0.00497535095283938
8,VITAMINA C+ZINC+D3,2026-04-05,0.0,0.4931769289322178,-0.4931769289322178,0.4931769289322178
9,AMOXICILINA 500MG,2026-04-05,0.0,0.01586469573057451,-0.01586469573057451,0.01586469573057451
9,AZITROMICINA 500MG,2026-04-05,0.0,0.01201957545990271,-0.01201957545990271,0.01201957545990271
9,DIMENHIDRINATO 50MG,2026-04-05,0.0,0.004078451746665157,-0.004078451746665157,0.004078451746665157
9,ENALAPRIL 10MG,2026-04-05,0.0,0.23487150588435912,-0.23487150588435912,0.23487150588435912
9,LOPERAMIDA 2MG,2026-04-05,0.0,-0.002686219321952399,0.002686219321952399,0.002686219321952399
9,METFORMINA 850MG,2026-04-05,0.0,0.08325664016123532,-0.08325664016123532,0.08325664016123532
9,PARACETAMOL 500MG,2026-04-05,0.0,0.025754656292973126,-0.025754656292973126,0.025754656292973126
9,VITAMINA C+ZINC+D3,2026-04-05,1.0,0.6055842174230495,0.39441578257695054,0.39441578257695054
10,AMOXICILINA 500MG,2026-04-05,0.0,0.03956626790933054,-0.03956626790933054,0.03956626790933054
10,AZITROMICINA 500MG,2026-04-05,0.0,0.03572114763865874,-0.03572114763865874,0.03572114763865874
10,DIMENHIDRINATO 50MG,2026-04-05,0.0,0.027780023925421178,-0.027780023925421178,0.027780023925421178
10,ENALAPRIL 10MG,2026-04-05,1.0,0.22404569551209333,0.7759543044879067,0.7759543044879067
10,IBUPROFENO TABX800,2026-04-05,0.0,0.024383794674288174,-0.024383794674288174,0.024383794674288174
10,LOPERAMIDA 2MG,2026-04-05,0.0,0.021015352856803636,-0.021015352856803636,0.021015352856803636
10,PARACETAMOL 500MG,2026-04-05,0.0,0.049456228471729154,-0.049456228471729154,0.049456228471729154
10,VITAMINA C+ZINC+D3,2026-04-05,2.0,1.248238915277136,0.751761084722864,0.751761084722864
11,AMOXICILINA 500MG,2026-04-05,0.0,-0.007642898109552182,0.007642898109552182,0.007642898109552182
11,AZITROMICINA 500MG,2026-04-05,0.0,0.04212268796986763,-0.04212268796986763,0.04212268796986763
11,DIMENHIDRINATO 50MG,2026-04-05,0.0,0.1414029769568133,-0.1414029769568133,0.1414029769568133
11,ENALAPRIL 10MG,2026-04-05,0.0,0.06876464695670811,-0.06876464695670811,0.06876464695670811
11,IBUPROFENO TABX800,2026-04-05,0.0,-0.02282537134459456,0.02282537134459456,0.02282537134459456
11,METFORMINA 850MG,2026-04-05,0.0,0.05974904632110862,-0.05974904632110862,0.05974904632110862
11,PARACETAMOL 500MG,2026-04-05,0.0,0.002247062452846421,-0.002247062452846421,0.002247062452846421
11,VITAMINA C+ZINC+D3,2026-04-05,2.0,0.8871068976891021,1.1128931023108979,1.1128931023108979
12,AMOXICILINA 500MG,2026-04-05,0.0,0.0436799141247285,-0.0436799141247285,0.0436799141247285
12,AZITROMICINA 500MG,2026-04-05,0.0,0.0398347938540567,-0.0398347938540567,0.0398347938540567
12,DIMENHIDRINATO 50MG,2026-04-05,0.0,0.031893670140819154,-0.031893670140819154,0.031893670140819154
12,ENALAPRIL 10MG,2026-04-05,0.0,0.2830056203212321,-0.2830056203212321,0.2830056203212321
12,IBUPROFENO TABX800,2026-04-05,0.0,0.028497440889686136,-0.028497440889686136,0.028497440889686136
12,METFORMINA 850MG,2026-04-05,0.0,0.11107185855538931,-0.11107185855538931,0.11107185855538931
12,PARACETAMOL 500MG,2026-04-05,0.0,0.05356987468712713,-0.05356987468712713,0.05356987468712713
12,VITAMINA C+ZINC+D3,2026-04-05,1.0,1.157221506192083,-0.15722150619208297,0.15722150619208297
13,AMOXICILINA 500MG,2026-04-05,0.0,0.003260272564537564,-0.003260272564537564,0.003260272564537564
13,AZITROMICINA 500MG,2026-04-05,0.0,-0.0005848477061342339,0.0005848477061342339,0.0005848477061342339
13,DIMENHIDRINATO 50MG,2026-04-05,0.0,-0.00852597141937178,0.00852597141937178,0.00852597141937178
13,ENALAPRIL 10MG,2026-04-05,0.0,0.07966781763079786,-0.07966781763079786,0.07966781763079786
13,IBUPROFENO TABX800,2026-04-05,0.0,-0.011922200670504812,0.011922200670504812,0.011922200670504812
13,METFORMINA 850MG,2026-04-05,0.0,0.07065221699519839,-0.07065221699519839,0.07065221699519839
13,OMEPRAZOL 20MG,2026-04-05,0.0,-0.0040756761814176035,0.0040756761814176035,0.0040756761814176035
13,PARACETAMOL 500MG,2026-04-05,0.0,0.013150233126936188,-0.013150233126936188,0.013150233126936188
13,VITAMINA C+ZINC+D3,2026-04-05,0.0,0.8263747237492831,-0.8263747237492831,0.8263747237492831
14,AZITROMICINA 500MG,2026-04-05,0.0,0.021332973217023828,-0.021332973217023828,0.021332973217023828
14,DIMENHIDRINATO 50MG,2026-04-05,0.0,0.01339184950378628,-0.01339184950378628,0.01339184950378628
14,ENALAPRIL 10MG,2026-04-05,1.0,0.10158563855395593,0.898414361446044,0.898414361446044
14,IBUPROFENO TABX800,2026-04-05,0.0,0.009995620252653242,-0.009995620252653242,0.009995620252653242
14,METFORMINA 850MG,2026-04-05,0.0,0.09257003791835644,-0.09257003791835644,0.09257003791835644
14,PARACETAMOL 500MG,2026-04-05,0.0,0.035068054050094256,-0.035068054050094256,0.035068054050094256
14,VITAMINA C+ZINC+D3,2026-04-05,1.0,1.040930296712901,-0.04093029671290105,0.04093029671290105
15,AMOXICILINA 500MG,2026-04-05,0.0,0.07519347608903582,-0.07519347608903582,0.07519347608903582
15,AZITROMICINA 500MG,2026-04-05,0.0,0.07134835581836402,-0.07134835581836402,0.07134835581836402
15,DIMENHIDRINATO 50MG,2026-04-05,0.0,0.06340723210512647,-0.06340723210512647,0.06340723210512647
15,ENALAPRIL 10MG,2026-04-05,0.0,0.1516010211552961,-0.1516010211552961,0.1516010211552961
15,IBUPROFENO TABX800,2026-04-05,0.0,0.060011002853993446,-0.060011002853993446,0.060011002853993446
15,METFORMINA 850MG,2026-04-05,0.0,0.14258542051969664,-0.14258542051969664,0.14258542051969664
15,PARACETAMOL 500MG,2026-04-05,0.0,0.08508343665143443,-0.08508343665143443,0.08508343665143443
15,VITAMINA C+ZINC+D3,2026-04-05,2.0,0.7431613618587958,1.2568386381412042,1.2568386381412042
16,AMOXICILINA 500MG,2026-04-05,0.0,-0.004848525850094737,0.004848525850094737,0.004848525850094737
16,AZITROMICINA 500MG,2026-04-05,0.0,0.04840695447890948,-0.04840695447890948,0.04840695447890948
16,DIMENHIDRINATO 50MG,2026-04-05,0.0,-0.01663476983400408,0.01663476983400408,0.01663476983400408
16,ENALAPRIL 10MG,2026-04-05,0.0,0.10072710563782819,-0.10072710563782819,0.10072710563782819
16,IBUPROFENO TABX800,2026-04-05,0.0,-0.020030999085137086,0.020030999085137086,0.020030999085137086
16,LOPERAMIDA 2MG,2026-04-05,0.0,-0.02339944090262161,0.02339944090262161,0.02339944090262161
16,METFORMINA 850MG,2026-04-05,0.0,0.1541714017312639,-0.1541714017312639,0.1541714017312639
16,PARACETAMOL 500MG,2026-04-05,0.0,0.005041434712303894,-0.005041434712303894,0.005041434712303894
16,VITAMINA C+ZINC+D3,2026-04-05,1.0,0.7477891569726234,0.2522108430273766,0.2522108430273766
17,AMOXICILINA 500MG,2026-04-05,0.0,0.0813343458070322,-0.0813343458070322,0.0813343458070322
17,AZITROMICINA 500MG,2026-04-05,0.0,0.0774892255363604,-0.0774892255363604,0.0774892255363604
17,ENALAPRIL 10MG,2026-04-05,0.0,0.1577418908732925,-0.1577418908732925,0.1577418908732925
17,IBUPROFENO TABX800,2026-04-05,0.0,0.06615187257198983,-0.06615187257198983,0.06615187257198983
17,LOPERAMIDA 2MG,2026-04-05,0.0,0.06278343075450529,-0.06278343075450529,0.06278343075450529
17,PARACETAMOL 500MG,2026-04-05,0.0,0.09122430636943082,-0.09122430636943082,0.09122430636943082
18,AZITROMICINA 500MG,2026-04-05,0.0,0.0774892255363604,-0.0774892255363604,0.0774892255363604
18,DIMENHIDRINATO 50MG,2026-04-05,0.0,0.06954810182312285,-0.06954810182312285,0.06954810182312285
18,LOPERAMIDA 2MG,2026-04-05,0.0,0.06278343075450529,-0.06278343075450529,0.06278343075450529
1,AMOXICILINA 500MG,2026-04-12,0.0,0.10822688777281363,-0.10822688777281363,0.10822688777281363
1,AZITROMICINA 500MG,2026-04-12,0.0,0.07521368108047921,-0.07521368108047921,0.07521368108047921
1,DIMENHIDRINATO 50MG,2026-04-12,0.0,0.06727255736724166,-0.06727255736724166,0.06727255736724166
1,ENALAPRIL 10MG,2026-04-12,0.0,0.31797780273889553,-0.31797780273889553,0.31797780273889553
1,IBUPROFENO TABX800,2026-04-12,0.0,0.06387632811610865,-0.06387632811610865,0.06387632811610865
1,LOPERAMIDA 2MG,2026-04-12,0.0,0.060507886298624115,-0.060507886298624115,0.060507886298624115
1,METFORMINA 850MG,2026-04-12,1.0,0.2579909201664695,0.7420090798335305,0.7420090798335305
1,PARACETAMOL 500MG,2026-04-12,1.0,0.08894876191354964,0.9110512380864504,0.9110512380864504
1,VITAMINA C+ZINC+D3,2026-04-12,1.0,1.3688358774097005,-0.3688358774097005,0.3688358774097005
2,AMOXICILINA 500MG,2026-04-12,0.0,0.08181957015224398,-0.08181957015224398,0.08181957015224398
2,AZITROMICINA 500MG,2026-04-12,0.0,0.07797444988157218,-0.07797444988157218,0.07797444988157218
2,DIMENHIDRINATO 50MG,2026-04-12,0.0,0.07003332616833463,-0.07003332616833463,0.07003332616833463
2,ENALAPRIL 10MG,2026-04-12,0.0,0.3326338911409563,-0.3326338911409563,0.3326338911409563
2,IBUPROFENO TABX800,2026-04-12,0.0,0.0666370969172016,-0.0666370969172016,0.0666370969172016
2,LOPERAMIDA 2MG,2026-04-12,0.0,0.06326865509971707,-0.06326865509971707,0.06326865509971707
2,METFORMINA 850MG,2026-04-12,0.0,0.24083949773360255,-0.24083949773360255,0.24083949773360255
2,PARACETAMOL 500MG,2026-04-12,0.0,0.09170953071464259,-0.09170953071464259,0.09170953071464259
2,VITAMINA C+ZINC+D3,2026-04-12,0.0,1.302362301127357,-1.302362301127357,1.302362301127357
3,AZITROMICINA 500MG,2026-04-12,0.0,0.04977560614935062,-0.04977560614935062,0.04977560614935062
3,DIMENHIDRINATO 50MG,2026-04-12,0.0,0.041834482436113075,-0.041834482436113075,0.041834482436113075
3,ENALAPRIL 10MG,2026-04-12,0.0,0.5474491898134393,-0.5474491898134393,0.5474491898134393
3,IBUPROFENO TABX800,2026-04-12,0.0,0.038438253184980044,-0.038438253184980044,0.038438253184980044
3,LOPERAMIDA 2MG,2026-04-12,0.0,0.03506981136749552,-0.03506981136749552,0.03506981136749552
3,METFORMINA 850MG,2026-04-12,0.0,0.795385888460622,-0.795385888460622,0.795385888460622
3,PARACETAMOL 500MG,2026-04-12,0.0,0.06351068698242104,-0.06351068698242104,0.06351068698242104
3,VITAMINA C+ZINC+D3,2026-04-12,6.0,1.6643159003642634,4.335684099635737,4.335684099635737
4,AMOXICILINA 500MG,2026-04-12,0.0,0.04841565744797587,-0.04841565744797587,0.04841565744797587
4,AZITROMICINA 500MG,2026-04-12,0.0,0.044570537177304075,-0.044570537177304075,0.044570537177304075
4,DIMENHIDRINATO 50MG,2026-04-12,0.0,0.06579749988572914,-0.06579749988572914,0.06579749988572914
4,ENALAPRIL 10MG,2026-04-12,0.0,0.4107701528213459,-0.4107701528213459,0.4107701528213459
4,IBUPROFENO TABX800,2026-04-12,0.0,0.03323318421293351,-0.03323318421293351,0.03323318421293351
4,LOPERAMIDA 2MG,2026-04-12,0.0,0.029864742395448972,-0.029864742395448972,0.029864742395448972
4,METFORMINA 850MG,2026-04-12,0.0,0.11580760187863667,-0.11580760187863667,0.11580760187863667
4,VITAMINA C+ZINC+D3,2026-04-12,1.0,1.2213087208098803,-0.2213087208098803,0.2213087208098803
5,DIMENHIDRINATO 50MG,2026-04-12,0.0,0.09497933647499678,-0.09497933647499678,0.09497933647499678
5,ENALAPRIL 10MG,2026-04-12,1.0,0.5155609290746335,0.48443907092536653,0.48443907092536653
5,IBUPROFENO TABX800,2026-04-12,0.0,0.09158310722386376,-0.09158310722386376,0.09158310722386376
5,LOPERAMIDA 2MG,2026-04-12,0.0,0.08821466540637923,-0.08821466540637923,0.08821466540637923
5,METFORMINA 850MG,2026-04-12,0.0,0.17415752488956693,-0.17415752488956693,0.17415752488956693
5,PARACETAMOL 500MG,2026-04-12,0.0,0.11665554102130474,-0.11665554102130474,0.11665554102130474
5,VITAMINA C+ZINC+D3,2026-04-12,0.0,1.507269421284595,-1.507269421284595,1.507269421284595
6,AMOXICILINA 500MG,2026-04-12,0.0,0.038674650849749366,-0.038674650849749366,0.038674650849749366
6,AZITROMICINA 500MG,2026-04-12,0.0,0.03482953057907757,-0.03482953057907757,0.03482953057907757
6,DIMENHIDRINATO 50MG,2026-04-12,0.0,0.026888406865840007,-0.026888406865840007,0.026888406865840007
6,ENALAPRIL 10MG,2026-04-12,0.0,0.17341836875933486,-0.17341836875933486,0.17341836875933486
6,IBUPROFENO TABX800,2026-04-12,0.0,0.02349217761470699,-0.02349217761470699,0.02349217761470699
6,LOPERAMIDA 2MG,2026-04-12,0.0,0.020123735797222465,-0.020123735797222465,0.020123735797222465
6,METFORMINA 850MG,2026-04-12,0.0,0.10606659528041017,-0.10606659528041017,0.10606659528041017
6,VITAMINA C+ZINC+D3,2026-04-12,1.0,1.3224690857699868,-0.3224690857699868,0.3224690857699868
7,AMOXICILINA 500MG,2026-04-12,0.0,0.006171285740086019,-0.006171285740086019,0.006171285740086019
7,AZITROMICINA 500MG,2026-04-12,0.0,0.002326165469414221,-0.002326165469414221,0.002326165469414221
7,DIMENHIDRINATO 50MG,2026-04-12,0.0,-0.005614958243823326,0.005614958243823326,0.005614958243823326
7,ENALAPRIL 10MG,2026-04-12,0.0,0.13355011274317286,-0.13355011274317286,0.13355011274317286
7,IBUPROFENO TABX800,2026-04-12,0.0,-0.009011187494956358,0.009011187494956358,0.009011187494956358
7,METFORMINA 850MG,2026-04-12,0.0,0.07356323017074684,-0.07356323017074684,0.07356323017074684
7,PARACETAMOL 500MG,2026-04-12,0.0,0.016061246302484643,-0.016061246302484643,0.016061246302484643
7,VITAMINA C+ZINC+D3,2026-04-12,1.0,0.7542785398683352,0.24572146013166485,0.24572146013166485
8,AMOXICILINA 500MG,2026-04-12,0.0,-0.007190154065440407,0.007190154065440407,0.007190154065440407
8,AZITROMICINA 500MG,2026-04-12,0.0,-0.011035274336112205,0.011035274336112205,0.011035274336112205
8,DIMENHIDRINATO 50MG,2026-04-12,0.0,-0.01897639804934978,0.01897639804934978,0.01897639804934978
8,ENALAPRIL 10MG,2026-04-12,0.0,0.06921739100081989,-0.06921739100081989,0.06921739100081989
8,IBUPROFENO TABX800,2026-04-12,0.0,-0.022372627300482784,0.022372627300482784,0.022372627300482784
8,LOPERAMIDA 2MG,2026-04-12,0.0,-0.025741069117967336,0.025741069117967336,0.025741069117967336
8,METFORMINA 850MG,2026-04-12,0.0,0.060201790365220394,-0.060201790365220394,0.060201790365220394
8,PARACETAMOL 500MG,2026-04-12,0.0,0.002699806496958196,-0.002699806496958196,0.002699806496958196
8,VITAMINA C+ZINC+D3,2026-04-12,1.0,0.49090138447633663,0.5090986155236634,0.5090986155236634
9,AMOXICILINA 500MG,2026-04-12,0.0,0.013589151274693324,-0.013589151274693324,0.013589151274693324
9,AZITROMICINA 500MG,2026-04-12,0.0,0.00974403100402152,-0.00974403100402152,0.00974403100402152
9,DIMENHIDRINATO 50MG,2026-04-12,0.0,0.0018029072907839727,-0.0018029072907839727,0.0018029072907839727
9,ENALAPRIL 10MG,2026-04-12,0.0,0.2015368707256113,-0.2015368707256113,0.2015368707256113
9,LOPERAMIDA 2MG,2026-04-12,0.0,-0.004961763777833583,0.004961763777833583,0.004961763777833583
9,METFORMINA 850MG,2026-04-12,0.0,0.08098109570535414,-0.08098109570535414,0.08098109570535414
9,PARACETAMOL 500MG,2026-04-12,0.0,0.02347911183709194,-0.02347911183709194,0.02347911183709194
9,VITAMINA C+ZINC+D3,2026-04-12,1.0,0.714848847351826,0.28515115264817403,0.28515115264817403
10,AMOXICILINA 500MG,2026-04-12,0.0,0.03729072345344935,-0.03729072345344935,0.03729072345344935
10,AZITROMICINA 500MG,2026-04-12,0.0,0.033445603182777554,-0.033445603182777554,0.033445603182777554
10,DIMENHIDRINATO 50MG,2026-04-12,0.0,0.025504479469539994,-0.025504479469539994,0.025504479469539994
10,ENALAPRIL 10MG,2026-04-12,2.0,0.2589369580204991,1.7410630419795008,1.7410630419795008
10,IBUPROFENO TABX800,2026-04-12,0.0,0.02210825021840699,-0.02210825021840699,0.02210825021840699
10,LOPERAMIDA 2MG,2026-04-12,0.0,0.01873980840092245,-0.01873980840092245,0.01873980840092245
10,PARACETAMOL 500MG,2026-04-12,0.0,0.04718068401584797,-0.04718068401584797,0.04718068401584797
10,VITAMINA C+ZINC+D3,2026-04-12,2.0,1.3593779202758864,0.6406220797241136,0.6406220797241136
11,AMOXICILINA 500MG,2026-04-12,0.0,-0.009918442565433366,0.009918442565433366,0.009918442565433366
11,AZITROMICINA 500MG,2026-04-12,0.0,0.015404523585557446,-0.015404523585557446,0.015404523585557446
11,DIMENHIDRINATO 50MG,2026-04-12,0.0,0.0657995727156451,-0.0657995727156451,0.0657995727156451
11,ENALAPRIL 10MG,2026-04-12,0.0,0.06648910250082693,-0.06648910250082693,0.06648910250082693
11,IBUPROFENO TABX800,2026-04-12,0.0,-0.025100915800475743,0.025100915800475743,0.025100915800475743
11,LOPERAMIDA 2MG,2026-04-12,0.0,-0.028469357617960267,0.028469357617960267,0.028469357617960267
11,METFORMINA 850MG,2026-04-12,0.0,0.057473501865227435,-0.057473501865227435,0.057473501865227435
11,PARACETAMOL 500MG,2026-04-12,0.0,-2.8482003034763226e-05,2.8482003034763226e-05,2.8482003034763226e-05
11,VITAMINA C+ZINC+D3,2026-04-12,0.0,0.9811848028771524,-0.9811848028771524,0.9811848028771524
12,AMOXICILINA 500MG,2026-04-12,0.0,0.041404369668847314,-0.041404369668847314,0.041404369668847314
12,AZITROMICINA 500MG,2026-04-12,0.0,0.037559249398175516,-0.037559249398175516,0.037559249398175516
12,DIMENHIDRINATO 50MG,2026-04-12,0.0,0.02961812568493797,-0.02961812568493797,0.02961812568493797
12,ENALAPRIL 10MG,2026-04-12,0.0,0.20531617400009544,-0.20531617400009544,0.20531617400009544
12,IBUPROFENO TABX800,2026-04-12,0.0,0.026221896433804952,-0.026221896433804952,0.026221896433804952
12,METFORMINA 850MG,2026-04-12,0.0,0.10879631409950813,-0.10879631409950813,0.10879631409950813
12,PARACETAMOL 500MG,2026-04-12,0.0,0.051294330231245945,-0.051294330231245945,0.051294330231245945
12,VITAMINA C+ZINC+D3,2026-04-12,1.0,1.3228348652774133,-0.32283486527741334,0.32283486527741334
13,AMOXICILINA 500MG,2026-04-12,0.0,0.0009847281086563797,-0.0009847281086563797,0.0009847281086563797
13,AZITROMICINA 500MG,2026-04-12,0.0,-0.0028603921620154182,0.0028603921620154182,0.0028603921620154182
13,DIMENHIDRINATO 50MG,2026-04-12,0.0,-0.010801515875252965,0.010801515875252965,0.010801515875252965
13,ENALAPRIL 10MG,2026-04-12,0.0,0.07739227317491668,-0.07739227317491668,0.07739227317491668
13,IBUPROFENO TABX800,2026-04-12,0.0,-0.014197745126385997,0.014197745126385997,0.014197745126385997
13,METFORMINA 850MG,2026-04-12,0.0,0.0683766725393172,-0.0683766725393172,0.0683766725393172
13,PARACETAMOL 500MG,2026-04-12,0.0,0.01087468867105501,-0.01087468867105501,0.01087468867105501
13,VITAMINA C+ZINC+D3,2026-04-12,0.0,0.6132774678497854,-0.6132774678497854,0.6132774678497854
14,AZITROMICINA 500MG,2026-04-12,0.0,0.019057428761142643,-0.019057428761142643,0.019057428761142643
14,DIMENHIDRINATO 50MG,2026-04-12,0.0,0.01111630504790509,-0.01111630504790509,0.01111630504790509
14,ENALAPRIL 10MG,2026-04-12,0.0,0.19093807724877251,-0.19093807724877251,0.19093807724877251
14,IBUPROFENO TABX800,2026-04-12,0.0,0.007720075796772058,-0.007720075796772058,0.007720075796772058
14,METFORMINA 850MG,2026-04-12,0.0,0.09029449346247526,-0.09029449346247526,0.09029449346247526
14,PARACETAMOL 500MG,2026-04-12,0.0,0.03279250959421307,-0.03279250959421307,0.03279250959421307
14,VITAMINA C+ZINC+D3,2026-04-12,4.0,1.2537370175922022,2.7462629824077975,2.7462629824077975
15,AMOXICILINA 500MG,2026-04-12,0.0,0.07291793163315463,-0.07291793163315463,0.07291793163315463
15,AZITROMICINA 500MG,2026-04-12,0.0,0.06907281136248283,-0.06907281136248283,0.06907281136248283
15,DIMENHIDRINATO 50MG,2026-04-12,0.0,0.06113168764924528,-0.06113168764924528,0.06113168764924528
15,ENALAPRIL 10MG,2026-04-12,1.0,0.14932547669941493,0.850674523300585,0.850674523300585
15,IBUPROFENO TABX800,2026-04-12,0.0,0.05773545839811226,-0.05773545839811226,0.05773545839811226
15,METFORMINA 850MG,2026-04-12,0.0,0.14030987606381545,-0.14030987606381545,0.14030987606381545
15,PARACETAMOL 500MG,2026-04-12,0.0,0.08280789219555325,-0.08280789219555325,0.08280789219555325
15,VITAMINA C+ZINC+D3,2026-04-12,0.0,0.9133086009496563,-0.9133086009496563,0.9133086009496563
16,AMOXICILINA 500MG,2026-04-12,0.0,-0.007124070305975921,0.007124070305975921,0.007124070305975921
16,AZITROMICINA 500MG,2026-04-12,0.0,0.04264151577344392,-0.04264151577344392,0.04264151577344392
16,DIMENHIDRINATO 50MG,2026-04-12,0.0,-0.018910314289885266,0.018910314289885266,0.018910314289885266
16,ENALAPRIL 10MG,2026-04-12,0.0,0.12025475669711091,-0.12025475669711091,0.12025475669711091
16,IBUPROFENO TABX800,2026-04-12,0.0,-0.02230654354101827,0.02230654354101827,0.02230654354101827
16,LOPERAMIDA 2MG,2026-04-12,0.0,-0.025674985358502794,0.025674985358502794,0.025674985358502794
16,METFORMINA 850MG,2026-04-12,0.0,0.1718080485093426,-0.1718080485093426,0.1718080485093426
16,PARACETAMOL 500MG,2026-04-12,0.0,0.0027658902564227095,-0.0027658902564227095,0.0027658902564227095
16,VITAMINA C+ZINC+D3,2026-04-12,0.0,0.8034430805513084,-0.8034430805513084,0.8034430805513084
17,AMOXICILINA 500MG,2026-04-12,0.0,0.07905880135115101,-0.07905880135115101,0.07905880135115101
17,AZITROMICINA 500MG,2026-04-12,0.0,0.07521368108047921,-0.07521368108047921,0.07521368108047921
17,ENALAPRIL 10MG,2026-04-12,0.0,0.1554663464174113,-0.1554663464174113,0.1554663464174113
17,IBUPROFENO TABX800,2026-04-12,0.0,0.06387632811610865,-0.06387632811610865,0.06387632811610865
17,LOPERAMIDA 2MG,2026-04-12,0.0,0.060507886298624115,-0.060507886298624115,0.060507886298624115
17,PARACETAMOL 500MG,2026-04-12,0.0,0.08894876191354964,-0.08894876191354964,0.08894876191354964
17,VITAMINA C+ZINC+D3,2026-04-12,0.0,1.24765470543001,-1.24765470543001,1.24765470543001
18,AZITROMICINA 500MG,2026-04-12,0.0,0.07521368108047921,-0.07521368108047921,0.07521368108047921
18,DIMENHIDRINATO 50MG,2026-04-12,0.0,0.06727255736724166,-0.06727255736724166,0.06727255736724166
18,ENALAPRIL 10MG,2026-04-12,0.0,0.1846344328390739,-0.1846344328390739,0.1846344328390739
18,LOPERAMIDA 2MG,2026-04-12,0.0,0.060507886298624115,-0.060507886298624115,0.060507886298624115
1,AMOXICILINA 500MG,2026-04-19,0.0,0.12775453883209636,-0.12775453883209636,0.12775453883209636
1,AZITROMICINA 500MG,2026-04-19,0.0,0.07293813662459803,-0.07293813662459803,0.07293813662459803
1,DIMENHIDRINATO 50MG,2026-04-19,0.0,0.06499701291136048,-0.06499701291136048,0.06499701291136048
1,ENALAPRIL 10MG,2026-04-19,1.0,0.2102914025612061,0.7897085974387938,0.7897085974387938
1,IBUPROFENO TABX800,2026-04-19,0.0,0.06160078366022746,-0.06160078366022746,0.06160078366022746
1,LOPERAMIDA 2MG,2026-04-19,0.0,0.05823234184274293,-0.05823234184274293,0.05823234184274293
1,METFORMINA 850MG,2026-04-19,0.0,0.29290378507630443,-0.29290378507630443,0.29290378507630443
1,PARACETAMOL 500MG,2026-04-19,0.0,0.17830120060836624,-0.17830120060836624,0.17830120060836624
1,VITAMINA C+ZINC+D3,2026-04-19,0.0,1.4232011764231962,-1.4232011764231962,1.4232011764231962
2,AMOXICILINA 500MG,2026-04-19,0.0,0.07954402569636279,-0.07954402569636279,0.07954402569636279
2,AZITROMICINA 500MG,2026-04-19,0.0,0.075698905425691,-0.075698905425691,0.075698905425691
2,DIMENHIDRINATO 50MG,2026-04-19,0.0,0.06775778171245345,-0.06775778171245345,0.06775778171245345
2,ENALAPRIL 10MG,2026-04-19,1.0,0.325827917990606,0.6741720820093939,0.6741720820093939
2,IBUPROFENO TABX800,2026-04-19,0.0,0.06436155246132041,-0.06436155246132041,0.06436155246132041
2,LOPERAMIDA 2MG,2026-04-19,0.0,0.0609931106438359,-0.0609931106438359,0.0609931106438359
2,METFORMINA 850MG,2026-04-19,0.0,0.25847614451168127,-0.25847614451168127,0.25847614451168127
2,PARACETAMOL 500MG,2026-04-19,0.0,0.08943398625876141,-0.08943398625876141,0.08943398625876141
2,VITAMINA C+ZINC+D3,2026-04-19,1.0,1.048245026289257,-0.04824502628925709,0.04824502628925709
3,AZITROMICINA 500MG,2026-04-19,0.0,0.04750006169346944,-0.04750006169346944,0.04750006169346944
3,DIMENHIDRINATO 50MG,2026-04-19,0.0,0.03955893798023189,-0.03955893798023189,0.03955893798023189
3,ENALAPRIL 10MG,2026-04-19,1.0,0.37834342735159937,0.6216565726484007,0.6216565726484007
3,IBUPROFENO TABX800,2026-04-19,0.0,0.03616270872909886,-0.03616270872909886,0.03616270872909886
3,LOPERAMIDA 2MG,2026-04-19,0.0,0.032794266911614335,-0.032794266911614335,0.032794266911614335
3,METFORMINA 850MG,2026-04-19,0.0,0.5209124750798324,-0.5209124750798324,0.5209124750798324
3,PARACETAMOL 500MG,2026-04-19,0.0,0.06123514252653985,-0.06123514252653985,0.06123514252653985
3,VITAMINA C+ZINC+D3,2026-04-19,2.0,1.9966643303734168,0.00333566962658316,0.00333566962658316
4,AMOXICILINA 500MG,2026-04-19,0.0,0.04614011299209469,-0.04614011299209469,0.04614011299209469
4,AZITROMICINA 500MG,2026-04-19,0.0,0.04229499272142289,-0.04229499272142289,0.04229499272142289
4,DIMENHIDRINATO 50MG,2026-04-19,0.0,0.06352195542984795,-0.06352195542984795,0.06352195542984795
4,ENALAPRIL 10MG,2026-04-19,0.0,0.34952460588601386,-0.34952460588601386,0.34952460588601386
4,IBUPROFENO TABX800,2026-04-19,0.0,0.030957639757052326,-0.030957639757052326,0.030957639757052326
4,LOPERAMIDA 2MG,2026-04-19,0.0,0.027589197939567787,-0.027589197939567787,0.027589197939567787
4,METFORMINA 850MG,2026-04-19,0.0,0.11353205742275549,-0.11353205742275549,0.11353205742275549
4,VITAMINA C+ZINC+D3,2026-04-19,2.0,1.1111945632289204,0.8888054367710796,0.8888054367710796
5,DIMENHIDRINATO 50MG,2026-04-19,0.0,0.09270379201911559,-0.09270379201911559,0.09270379201911559
5,ENALAPRIL 10MG,2026-04-19,1.0,0.4450629382626602,0.5549370617373398,0.5549370617373398
5,IBUPROFENO TABX800,2026-04-19,0.0,0.08930756276798257,-0.08930756276798257,0.08930756276798257
5,LOPERAMIDA 2MG,2026-04-19,1.0,0.08593912095049805,0.914060879049502,0.914060879049502
5,METFORMINA 850MG,2026-04-19,0.0,0.17188198043368574,-0.17188198043368574,0.17188198043368574
5,PARACETAMOL 500MG,2026-04-19,1.0,0.11437999656542355,0.8856200034345765,0.8856200034345765
5,VITAMINA C+ZINC+D3,2026-04-19,2.0,1.2683604735886502,0.7316395264113498,0.7316395264113498
6,AMOXICILINA 500MG,2026-04-19,0.0,0.03639910639386818,-0.03639910639386818,0.03639910639386818
6,AZITROMICINA 500MG,2026-04-19,0.0,0.032553986123196384,-0.032553986123196384,0.032553986123196384
6,DIMENHIDRINATO 50MG,2026-04-19,0.0,0.024612862409958823,-0.024612862409958823,0.024612862409958823
6,ENALAPRIL 10MG,2026-04-19,0.0,0.19294601981861761,-0.19294601981861761,0.19294601981861761
6,IBUPROFENO TABX800,2026-04-19,0.0,0.021216633158825805,-0.021216633158825805,0.021216633158825805
6,LOPERAMIDA 2MG,2026-04-19,0.0,0.01784819134134128,-0.01784819134134128,0.01784819134134128
6,METFORMINA 850MG,2026-04-19,0.0,0.10379105082452898,-0.10379105082452898,0.10379105082452898
6,VITAMINA C+ZINC+D3,2026-04-19,2.0,1.284364356297726,0.715635643702274,0.715635643702274
7,AMOXICILINA 500MG,2026-04-19,0.0,0.0038957412842048345,-0.0038957412842048345,0.0038957412842048345
7,AZITROMICINA 500MG,2026-04-19,0.0,5.0621013533036496e-05,-5.0621013533036496e-05,5.0621013533036496e-05
7,DIMENHIDRINATO 50MG,2026-04-19,0.0,-0.00789050269970451,0.00789050269970451,0.00789050269970451
7,ENALAPRIL 10MG,2026-04-19,0.0,0.08030328635046513,-0.08030328635046513,0.08030328635046513
7,IBUPROFENO TABX800,2026-04-19,0.0,-0.011286731950837542,0.011286731950837542,0.011286731950837542
7,METFORMINA 850MG,2026-04-19,0.0,0.07128768571486566,-0.07128768571486566,0.07128768571486566
7,PARACETAMOL 500MG,2026-04-19,0.0,0.013785701846603458,-0.013785701846603458,0.013785701846603458
7,VITAMINA C+ZINC+D3,2026-04-19,0.0,0.7600233183565075,-0.7600233183565075,0.7600233183565075
8,AMOXICILINA 500MG,2026-04-19,0.0,-0.009465698521321592,0.009465698521321592,0.009465698521321592
8,AZITROMICINA 500MG,2026-04-19,0.0,-0.01331081879199339,0.01331081879199339,0.01331081879199339
8,DIMENHIDRINATO 50MG,2026-04-19,0.0,-0.021251942505230964,0.021251942505230964,0.021251942505230964
8,ENALAPRIL 10MG,2026-04-19,1.0,0.0669418465449387,0.9330581534550613,0.9330581534550613
8,IBUPROFENO TABX800,2026-04-19,0.0,-0.024648171756363968,0.024648171756363968,0.024648171756363968
8,LOPERAMIDA 2MG,2026-04-19,0.0,-0.02801661357384852,0.02801661357384852,0.02801661357384852
8,METFORMINA 850MG,2026-04-19,0.0,0.05792624590933921,-0.05792624590933921,0.05792624590933921
8,PARACETAMOL 500MG,2026-04-19,0.0,0.0004242620410770115,-0.0004242620410770115,0.0004242620410770115
8,VITAMINA C+ZINC+D3,2026-04-19,0.0,0.5802538231711531,-0.5802538231711531,0.5802538231711531
9,AMOXICILINA 500MG,2026-04-19,0.0,0.01131360681881214,-0.01131360681881214,0.01131360681881214
9,AZITROMICINA 500MG,2026-04-19,0.0,0.007468486548140335,-0.007468486548140335,0.007468486548140335
9,DIMENHIDRINATO 50MG,2026-04-19,0.0,-0.00047263716509721165,0.00047263716509721165,0.00047263716509721165
9,ENALAPRIL 10MG,2026-04-19,0.0,0.1448217524847484,-0.1448217524847484,0.1448217524847484
9,LOPERAMIDA 2MG,2026-04-19,0.0,-0.007237308233714768,0.007237308233714768,0.007237308233714768
9,METFORMINA 850MG,2026-04-19,0.0,0.07870555124947295,-0.07870555124947295,0.07870555124947295
9,PARACETAMOL 500MG,2026-04-19,0.0,0.021203567381210757,-0.021203567381210757,0.021203567381210757
9,VITAMINA C+ZINC+D3,2026-04-19,3.0,0.7696739034956206,2.2303260965043794,2.2303260965043794
10,AMOXICILINA 500MG,2026-04-19,0.0,0.03501517899756817,-0.03501517899756817,0.03501517899756817
10,AZITROMICINA 500MG,2026-04-19,0.0,0.03117005872689637,-0.03117005872689637,0.03117005872689637
10,DIMENHIDRINATO 50MG,2026-04-19,0.0,0.02322893501365881,-0.02322893501365881,0.02322893501365881
10,ENALAPRIL 10MG,2026-04-19,0.0,0.43538695117154436,-0.43538695117154436,0.43538695117154436
10,IBUPROFENO TABX800,2026-04-19,0.0,0.019832705762525805,-0.019832705762525805,0.019832705762525805
10,LOPERAMIDA 2MG,2026-04-19,0.0,0.016464263945041267,-0.016464263945041267,0.016464263945041267
10,PARACETAMOL 500MG,2026-04-19,0.0,0.044905139559966785,-0.044905139559966785,0.044905139559966785
10,VITAMINA C+ZINC+D3,2026-04-19,1.0,1.3149214393607225,-0.3149214393607225,0.3149214393607225
11,AMOXICILINA 500MG,2026-04-19,0.0,-0.012193987021314578,0.012193987021314578,0.012193987021314578
11,AZITROMICINA 500MG,2026-04-19,0.0,0.013128979129676262,-0.013128979129676262,0.013128979129676262
11,DIMENHIDRINATO 50MG,2026-04-19,0.0,0.06352402825976391,-0.06352402825976391,0.06352402825976391
11,ENALAPRIL 10MG,2026-04-19,1.0,0.06421355804494572,0.9357864419550543,0.9357864419550543
11,IBUPROFENO TABX800,2026-04-19,0.0,-0.027376460256356927,0.027376460256356927,0.027376460256356927
11,LOPERAMIDA 2MG,2026-04-19,0.0,-0.03074490207384148,0.03074490207384148,0.03074490207384148
11,METFORMINA 850MG,2026-04-19,0.0,0.05519795740934625,-0.05519795740934625,0.05519795740934625
11,PARACETAMOL 500MG,2026-04-19,0.0,-0.0023040264589159476,0.0023040264589159476,0.0023040264589159476
11,VITAMINA C+ZINC+D3,2026-04-19,1.0,0.9363615529261959,0.06363844707380406,0.06363844707380406
12,AMOXICILINA 500MG,2026-04-19,0.0,0.03912882521296613,-0.03912882521296613,0.03912882521296613
12,AZITROMICINA 500MG,2026-04-19,0.0,0.03528370494229433,-0.03528370494229433,0.03528370494229433
12,DIMENHIDRINATO 50MG,2026-04-19,0.0,0.027342581229056785,-0.027342581229056785,0.027342581229056785
12,ENALAPRIL 10MG,2026-04-19,0.0,0.20304062954421426,-0.20304062954421426,0.20304062954421426
12,IBUPROFENO TABX800,2026-04-19,0.0,0.023946351977923767,-0.023946351977923767,0.023946351977923767
12,METFORMINA 850MG,2026-04-19,1.0,0.10652076964362694,0.893479230356373,0.893479230356373
12,PARACETAMOL 500MG,2026-04-19,0.0,0.04901878577536476,-0.04901878577536476,0.04901878577536476
12,VITAMINA C+ZINC+D3,2026-04-19,0.0,1.2030797101014206,-1.2030797101014206,1.2030797101014206
13,AMOXICILINA 500MG,2026-04-19,0.0,-0.0012908163472248046,0.0012908163472248046,0.0012908163472248046
13,AZITROMICINA 500MG,2026-04-19,0.0,-0.005135936617896603,0.005135936617896603,0.005135936617896603
13,DIMENHIDRINATO 50MG,2026-04-19,0.0,-0.01307706033113415,0.01307706033113415,0.01307706033113415
13,ENALAPRIL 10MG,2026-04-19,1.0,0.07511672871903549,0.9248832712809645,0.9248832712809645
13,IBUPROFENO TABX800,2026-04-19,0.0,-0.01647328958226718,0.01647328958226718,0.01647328958226718
13,METFORMINA 850MG,2026-04-19,0.0,0.06610112808343602,-0.06610112808343602,0.06610112808343602
13,PARACETAMOL 500MG,2026-04-19,0.0,0.008599144215173826,-0.008599144215173826,0.008599144215173826
13,VITAMINA C+ZINC+D3,2026-04-19,1.0,0.6040221348947354,0.39597786510526456,0.39597786510526456
14,AZITROMICINA 500MG,2026-04-19,0.0,0.01678188430526146,-0.01678188430526146,0.01678188430526146
14,DIMENHIDRINATO 50MG,2026-04-19,0.0,0.008840760592023905,-0.008840760592023905,0.008840760592023905
14,ENALAPRIL 10MG,2026-04-19,0.0,0.20857472402685123,-0.20857472402685123,0.20857472402685123
14,IBUPROFENO TABX800,2026-04-19,0.0,0.0054445313408908735,-0.0054445313408908735,0.0054445313408908735
14,METFORMINA 850MG,2026-04-19,0.0,0.08801894900659407,-0.08801894900659407,0.08801894900659407
14,PARACETAMOL 500MG,2026-04-19,0.0,0.030516965138331888,-0.030516965138331888,0.030516965138331888
14,VITAMINA C+ZINC+D3,2026-04-19,1.0,1.3391313190542797,-0.33913131905427973,0.33913131905427973
15,AMOXICILINA 500MG,2026-04-19,0.0,0.07064238717727345,-0.07064238717727345,0.07064238717727345
15,AZITROMICINA 500MG,2026-04-19,0.0,0.06679726690660165,-0.06679726690660165,0.06679726690660165
15,DIMENHIDRINATO 50MG,2026-04-19,0.0,0.058856143193364095,-0.058856143193364095,0.058856143193364095
15,ENALAPRIL 10MG,2026-04-19,0.0,0.23867791539423153,-0.23867791539423153,0.23867791539423153
15,IBUPROFENO TABX800,2026-04-19,0.0,0.05545991394223108,-0.05545991394223108,0.05545991394223108
15,METFORMINA 850MG,2026-04-19,0.0,0.13803433160793427,-0.13803433160793427,0.13803433160793427
15,PARACETAMOL 500MG,2026-04-19,0.0,0.08053234773967206,-0.08053234773967206,0.08053234773967206
15,VITAMINA C+ZINC+D3,2026-04-19,0.0,0.8454249808384575,-0.8454249808384575,0.8454249808384575
16,AMOXICILINA 500MG,2026-04-19,0.0,-0.009399614761857106,0.009399614761857106,0.009399614761857106
16,AZITROMICINA 500MG,2026-04-19,0.0,0.015923351389133734,-0.015923351389133734,0.015923351389133734
16,DIMENHIDRINATO 50MG,2026-04-19,0.0,-0.02118585874576645,0.02118585874576645,0.02118585874576645
16,ENALAPRIL 10MG,2026-04-19,1.0,0.06700793030440322,0.9329920696955968,0.9329920696955968
16,IBUPROFENO TABX800,2026-04-19,0.0,-0.024582087996899454,0.024582087996899454,0.024582087996899454
16,LOPERAMIDA 2MG,2026-04-19,0.0,-0.02795052981438398,0.02795052981438398,0.02795052981438398
16,METFORMINA 850MG,2026-04-19,0.0,0.1150929302684797,-0.1150929302684797,0.1150929302684797
16,PARACETAMOL 500MG,2026-04-19,0.0,0.0004903458005415251,-0.0004903458005415251,0.0004903458005415251
16,VITAMINA C+ZINC+D3,2026-04-19,1.0,0.7374720671227428,0.2625279328772572,0.2625279328772572
17,AZITROMICINA 500MG,2026-04-19,0.0,0.07293813662459803,-0.07293813662459803,0.07293813662459803
17,ENALAPRIL 10MG,2026-04-19,0.0,0.15319080196153012,-0.15319080196153012,0.15319080196153012
17,IBUPROFENO TABX800,2026-04-19,0.0,0.06160078366022746,-0.06160078366022746,0.06160078366022746
17,LOPERAMIDA 2MG,2026-04-19,0.0,0.05823234184274293,-0.05823234184274293,0.05823234184274293
17,PARACETAMOL 500MG,2026-04-19,0.0,0.08667321745766846,-0.08667321745766846,0.08667321745766846
17,VITAMINA C+ZINC+D3,2026-04-19,0.0,1.0723980219038916,-1.0723980219038916,1.0723980219038916
18,AZITROMICINA 500MG,2026-04-19,0.0,0.07293813662459803,-0.07293813662459803,0.07293813662459803
18,DIMENHIDRINATO 50MG,2026-04-19,0.0,0.06499701291136048,-0.06499701291136048,0.06499701291136048
18,ENALAPRIL 10MG,2026-04-19,0.0,0.18235888838319275,-0.18235888838319275,0.18235888838319275
18,LOPERAMIDA 2MG,2026-04-19,0.0,0.05823234184274293,-0.05823234184274293,0.05823234184274293
1,AMOXICILINA 500MG,2026-04-26,0.0,0.07450771243938864,-0.07450771243938864,0.07450771243938864
1,AZITROMICINA 500MG,2026-04-26,0.0,0.07066259216871684,-0.07066259216871684,0.07066259216871684
1,DIMENHIDRINATO 50MG,2026-04-26,0.0,0.0627214684554793,-0.0627214684554793,0.0627214684554793
1,ENALAPRIL 10MG,2026-04-26,0.0,0.2961539470064384,-0.2961539470064384,0.2961539470064384
1,IBUPROFENO TABX800,2026-04-26,0.0,0.05932523920434627,-0.05932523920434627,0.05932523920434627
1,LOPERAMIDA 2MG,2026-04-26,0.0,0.05595679738686175,-0.05595679738686175,0.05595679738686175
1,METFORMINA 850MG,2026-04-26,0.0,0.3070505376047987,-0.3070505376047987,0.3070505376047987
1,PARACETAMOL 500MG,2026-04-26,0.0,0.19593784738644493,-0.19593784738644493,0.19593784738644493
1,VITAMINA C+ZINC+D3,2026-04-26,1.0,1.028195423688892,-0.02819542368889194,0.02819542368889194
2,AMOXICILINA 500MG,2026-04-26,0.0,0.0772684812404816,-0.0772684812404816,0.0772684812404816
2,AZITROMICINA 500MG,2026-04-26,0.0,0.07342336096980981,-0.07342336096980981,0.07342336096980981
2,DIMENHIDRINATO 50MG,2026-04-26,0.0,0.06548223725657226,-0.06548223725657226,0.06548223725657226
2,ENALAPRIL 10MG,2026-04-26,0.0,0.3825439784156048,-0.3825439784156048,0.3825439784156048
2,IBUPROFENO TABX800,2026-04-26,0.0,0.06208600800543924,-0.06208600800543924,0.06208600800543924
2,LOPERAMIDA 2MG,2026-04-26,0.0,0.05871756618795471,-0.05871756618795471,0.05871756618795471
2,METFORMINA 850MG,2026-04-26,0.0,0.2017610262708184,-0.2017610262708184,0.2017610262708184
2,PARACETAMOL 500MG,2026-04-26,0.0,0.08715844180288022,-0.08715844180288022,0.08715844180288022
2,VITAMINA C+ZINC+D3,2026-04-26,1.0,1.0246318360283708,-0.024631836028370824,0.024631836028370824
3,AZITROMICINA 500MG,2026-04-26,0.0,0.04522451723758825,-0.04522451723758825,0.04522451723758825
3,DIMENHIDRINATO 50MG,2026-04-26,0.0,0.03728339352435071,-0.03728339352435071,0.03728339352435071
3,ENALAPRIL 10MG,2026-04-26,0.0,0.41183083769038925,-0.41183083769038925,0.41183083769038925
3,IBUPROFENO TABX800,2026-04-26,0.0,0.033887164273217675,-0.033887164273217675,0.033887164273217675
3,LOPERAMIDA 2MG,2026-04-26,0.0,0.03051872245573315,-0.03051872245573315,0.03051872245573315
3,METFORMINA 850MG,2026-04-26,0.0,0.5884002414366849,-0.5884002414366849,0.5884002414366849
3,PARACETAMOL 500MG,2026-04-26,0.0,0.05895959807065867,-0.05895959807065867,0.05895959807065867
3,VITAMINA C+ZINC+D3,2026-04-26,0.0,2.1106857557859633,-2.1106857557859633,2.1106857557859633
4,AMOXICILINA 500MG,2026-04-26,0.0,0.043864568536213504,-0.043864568536213504,0.043864568536213504
4,AZITROMICINA 500MG,2026-04-26,0.0,0.040019448265541706,-0.040019448265541706,0.040019448265541706
4,DIMENHIDRINATO 50MG,2026-04-26,0.0,0.08304960648913068,-0.08304960648913068,0.08304960648913068
4,ENALAPRIL 10MG,2026-04-26,0.0,0.31112278891073053,-0.31112278891073053,0.31112278891073053
4,IBUPROFENO TABX800,2026-04-26,0.0,0.02868209530117114,-0.02868209530117114,0.02868209530117114
4,LOPERAMIDA 2MG,2026-04-26,0.0,0.025313653483686603,-0.025313653483686603,0.025313653483686603
4,METFORMINA 850MG,2026-04-26,0.0,0.1112565129668743,-0.1112565129668743,0.1112565129668743
4,VITAMINA C+ZINC+D3,2026-04-26,1.0,1.2671705583114488,-0.26717055831144876,0.26717055831144876
5,DIMENHIDRINATO 50MG,2026-04-26,0.0,0.09042824756323439,-0.09042824756323439,0.09042824756323439
5,ENALAPRIL 10MG,2026-04-26,0.0,0.569150975207432,-0.569150975207432,0.569150975207432
5,IBUPROFENO TABX800,2026-04-26,0.0,0.08703201831210139,-0.08703201831210139,0.08703201831210139
5,LOPERAMIDA 2MG,2026-04-26,0.0,0.17529155964531465,-0.17529155964531465,0.17529155964531465
5,METFORMINA 850MG,2026-04-26,1.0,0.16960643597780456,0.8303935640221954,0.8303935640221954
5,PARACETAMOL 500MG,2026-04-26,0.0,0.20373243526024015,-0.20373243526024015,0.20373243526024015
5,VITAMINA C+ZINC+D3,2026-04-26,2.0,1.2301139409203345,0.7698860590796655,0.7698860590796655
6,AMOXICILINA 500MG,2026-04-26,0.0,0.034123561937987,-0.034123561937987,0.034123561937987
6,AZITROMICINA 500MG,2026-04-26,0.0,0.0302784416673152,-0.0302784416673152,0.0302784416673152
6,DIMENHIDRINATO 50MG,2026-04-26,0.0,0.02233731795407764,-0.02233731795407764,0.02233731795407764
6,ENALAPRIL 10MG,2026-04-26,0.0,0.16150238894107383,-0.16150238894107383,0.16150238894107383
6,IBUPROFENO TABX800,2026-04-26,0.0,0.01894108870294462,-0.01894108870294462,0.01894108870294462
6,LOPERAMIDA 2MG,2026-04-26,0.0,0.015572646885460097,-0.015572646885460097,0.015572646885460097
6,METFORMINA 850MG,2026-04-26,0.0,0.1015155063686478,-0.1015155063686478,0.1015155063686478
6,VITAMINA C+ZINC+D3,2026-04-26,0.0,1.1955098594173148,-1.1955098594173148,1.1955098594173148
7,AMOXICILINA 500MG,2026-04-26,0.0,0.00162019682832365,-0.00162019682832365,0.00162019682832365
7,AZITROMICINA 500MG,2026-04-26,0.0,-0.002224923442348148,0.002224923442348148,0.002224923442348148
7,DIMENHIDRINATO 50MG,2026-04-26,0.0,-0.010166047155585695,0.010166047155585695,0.010166047155585695
7,ENALAPRIL 10MG,2026-04-26,0.0,0.07802774189458395,-0.07802774189458395,0.07802774189458395
7,IBUPROFENO TABX800,2026-04-26,0.0,-0.013562276406718726,0.013562276406718726,0.013562276406718726
7,METFORMINA 850MG,2026-04-26,0.0,0.06901214125898447,-0.06901214125898447,0.06901214125898447
7,PARACETAMOL 500MG,2026-04-26,0.0,0.011510157390722274,-0.011510157390722274,0.011510157390722274
7,VITAMINA C+ZINC+D3,2026-04-26,0.0,0.7668051799785032,-0.7668051799785032,0.7668051799785032
8,AMOXICILINA 500MG,2026-04-26,0.0,-0.011741242977202776,0.011741242977202776,0.011741242977202776
8,AZITROMICINA 500MG,2026-04-26,0.0,-0.015586363247874574,0.015586363247874574,0.015586363247874574
8,DIMENHIDRINATO 50MG,2026-04-26,0.0,-0.02352748696111215,0.02352748696111215,0.02352748696111215
8,ENALAPRIL 10MG,2026-04-26,0.0,0.1562942852397553,-0.1562942852397553,0.1562942852397553
8,IBUPROFENO TABX800,2026-04-26,0.0,-0.026923716212245152,0.026923716212245152,0.026923716212245152
8,LOPERAMIDA 2MG,2026-04-26,0.0,-0.030292158029729704,0.030292158029729704,0.030292158029729704
8,METFORMINA 850MG,2026-04-26,0.0,0.055650701453458025,-0.055650701453458025,0.055650701453458025
8,PARACETAMOL 500MG,2026-04-26,0.0,-0.0018512824148041729,0.0018512824148041729,0.0018512824148041729
8,VITAMINA C+ZINC+D3,2026-04-26,0.0,0.597890469949232,-0.597890469949232,0.597890469949232
9,AMOXICILINA 500MG,2026-04-26,0.0,0.009038062362930949,-0.009038062362930949,0.009038062362930949
9,AZITROMICINA 500MG,2026-04-26,0.0,0.005192942092259151,-0.005192942092259151,0.005192942092259151
9,DIMENHIDRINATO 50MG,2026-04-26,0.0,-0.002748181620978396,0.002748181620978396,0.002748181620978396
9,ENALAPRIL 10MG,2026-04-26,0.0,0.13905631377928288,-0.13905631377928288,0.13905631377928288
9,LOPERAMIDA 2MG,2026-04-26,0.0,-0.009512852689595952,0.009512852689595952,0.009512852689595952
9,METFORMINA 850MG,2026-04-26,0.0,0.07643000679359177,-0.07643000679359177,0.07643000679359177
9,PARACETAMOL 500MG,2026-04-26,0.0,0.018928022925329573,-0.018928022925329573,0.018928022925329573
9,VITAMINA C+ZINC+D3,2026-04-26,0.0,1.0042650316912267,-1.0042650316912267,1.0042650316912267
10,AMOXICILINA 500MG,2026-04-26,0.0,0.032739634541686984,-0.032739634541686984,0.032739634541686984
10,AZITROMICINA 500MG,2026-04-26,0.0,0.028894514271015186,-0.028894514271015186,0.028894514271015186
10,DIMENHIDRINATO 50MG,2026-04-26,0.0,0.020953390557777625,-0.020953390557777625,0.020953390557777625
10,ENALAPRIL 10MG,2026-04-26,0.0,0.41849621539860127,-0.41849621539860127,0.41849621539860127
10,IBUPROFENO TABX800,2026-04-26,0.0,0.01755716130664462,-0.01755716130664462,0.01755716130664462
10,LOPERAMIDA 2MG,2026-04-26,0.0,0.014188719489160083,-0.014188719489160083,0.014188719489160083
10,PARACETAMOL 500MG,2026-04-26,0.0,0.0426295951040856,-0.0426295951040856,0.0426295951040856
10,VITAMINA C+ZINC+D3,2026-04-26,0.0,1.3683558212350702,-1.3683558212350702,1.3683558212350702
11,AMOXICILINA 500MG,2026-04-26,0.0,-0.014469531477195763,0.014469531477195763,0.014469531477195763
11,AZITROMICINA 500MG,2026-04-26,0.0,0.01085343467379507,-0.01085343467379507,0.01085343467379507
11,DIMENHIDRINATO 50MG,2026-04-26,0.0,0.06124848380388273,-0.06124848380388273,0.06124848380388273
11,ENALAPRIL 10MG,2026-04-26,0.0,0.15356599673976234,-0.15356599673976234,0.15356599673976234
11,IBUPROFENO TABX800,2026-04-26,0.0,-0.02965200471223811,0.02965200471223811,0.02965200471223811
11,LOPERAMIDA 2MG,2026-04-26,0.0,-0.033020446529722663,0.033020446529722663,0.033020446529722663
11,METFORMINA 850MG,2026-04-26,0.0,0.052922412953465066,-0.052922412953465066,0.052922412953465066
11,PARACETAMOL 500MG,2026-04-26,0.0,-0.00457957091479716,0.00457957091479716,0.00457957091479716
11,VITAMINA C+ZINC+D3,2026-04-26,1.0,0.9107055253881997,0.08929447461180029,0.08929447461180029
12,AMOXICILINA 500MG,2026-04-26,0.0,0.036853280757084945,-0.036853280757084945,0.036853280757084945
12,AZITROMICINA 500MG,2026-04-26,0.0,0.03300816048641315,-0.03300816048641315,0.03300816048641315
12,DIMENHIDRINATO 50MG,2026-04-26,0.0,0.0250670367731756,-0.0250670367731756,0.0250670367731756
12,ENALAPRIL 10MG,2026-04-26,0.0,0.24437147611866092,-0.24437147611866092,0.24437147611866092
12,IBUPROFENO TABX800,2026-04-26,0.0,0.021670807522042583,-0.021670807522042583,0.021670807522042583
12,METFORMINA 850MG,2026-04-26,0.0,0.19587320833844354,-0.19587320833844354,0.19587320833844354
12,PARACETAMOL 500MG,2026-04-26,0.0,0.046743241319483576,-0.046743241319483576,0.046743241319483576
12,VITAMINA C+ZINC+D3,2026-04-26,2.0,0.9737251681136223,1.0262748318863777,1.0262748318863777
13,AMOXICILINA 500MG,2026-04-26,0.0,-0.003566360803105989,0.003566360803105989,0.003566360803105989
13,AZITROMICINA 500MG,2026-04-26,0.0,-0.007411481073777787,0.007411481073777787,0.007411481073777787
13,DIMENHIDRINATO 50MG,2026-04-26,0.0,-0.015352604787015334,0.015352604787015334,0.015352604787015334
13,ENALAPRIL 10MG,2026-04-26,0.0,0.1644691674138521,-0.1644691674138521,0.1644691674138521
13,IBUPROFENO TABX800,2026-04-26,0.0,-0.018748834038148365,0.018748834038148365,0.018748834038148365
13,METFORMINA 850MG,2026-04-26,0.0,0.06382558362755483,-0.06382558362755483,0.06382558362755483
13,PARACETAMOL 500MG,2026-04-26,0.0,0.006323599759292642,-0.006323599759292642,0.006323599759292642
13,VITAMINA C+ZINC+D3,2026-04-26,0.0,0.644489333732694,-0.644489333732694,0.644489333732694
14,AZITROMICINA 500MG,2026-04-26,0.0,0.014506339849380274,-0.014506339849380274,0.014506339849380274
14,DIMENHIDRINATO 50MG,2026-04-26,0.0,0.006565216136142721,-0.006565216136142721,0.006565216136142721
14,ENALAPRIL 10MG,2026-04-26,1.0,0.15185960578598834,0.8481403942140117,0.8481403942140117
14,IBUPROFENO TABX800,2026-04-26,0.0,0.003168986885009689,-0.003168986885009689,0.003168986885009689
14,METFORMINA 850MG,2026-04-26,0.0,0.08574340455071289,-0.08574340455071289,0.08574340455071289
14,PARACETAMOL 500MG,2026-04-26,0.0,0.028241420682450703,-0.028241420682450703,0.028241420682450703
14,VITAMINA C+ZINC+D3,2026-04-26,0.0,1.2642461257613133,-1.2642461257613133,1.2642461257613133
15,AMOXICILINA 500MG,2026-04-26,0.0,0.06836684272139226,-0.06836684272139226,0.06836684272139226
15,AZITROMICINA 500MG,2026-04-26,0.0,0.06452172245072046,-0.06452172245072046,0.06452172245072046
15,DIMENHIDRINATO 50MG,2026-04-26,0.0,0.05658059873748291,-0.05658059873748291,0.05658059873748291
15,ENALAPRIL 10MG,2026-04-26,0.0,0.25631456217231025,-0.25631456217231025,0.25631456217231025
15,IBUPROFENO TABX800,2026-04-26,0.0,0.05318436948634989,-0.05318436948634989,0.05318436948634989
15,METFORMINA 850MG,2026-04-26,0.0,0.13575878715205308,-0.13575878715205308,0.13575878715205308
15,PARACETAMOL 500MG,2026-04-26,0.0,0.07825680328379088,-0.07825680328379088,0.07825680328379088
15,VITAMINA C+ZINC+D3,2026-04-26,3.0,0.7098276688841838,2.290172331115816,2.290172331115816
16,AMOXICILINA 500MG,2026-04-26,0.0,-0.01167515921773829,0.01167515921773829,0.01167515921773829
16,AZITROMICINA 500MG,2026-04-26,0.0,0.01364780693325255,-0.01364780693325255,0.01364780693325255
16,DIMENHIDRINATO 50MG,2026-04-26,0.0,-0.023461403201647635,0.023461403201647635,0.023461403201647635
16,ENALAPRIL 10MG,2026-04-26,0.0,0.15636036899921982,-0.15636036899921982,0.15636036899921982
16,IBUPROFENO TABX800,2026-04-26,0.0,-0.02685763245278064,0.02685763245278064,0.02685763245278064
16,LOPERAMIDA 2MG,2026-04-26,0.0,-0.030226074270265163,0.030226074270265163,0.030226074270265163
16,METFORMINA 850MG,2026-04-26,2.0,0.10932749156301416,1.8906725084369858,1.8906725084369858
16,PARACETAMOL 500MG,2026-04-26,0.0,-0.0017851986553396593,0.0017851986553396593,0.0017851986553396593
16,VITAMINA C+ZINC+D3,2026-04-26,1.0,0.7179237558461666,0.28207624415383337,0.28207624415383337
17,AZITROMICINA 500MG,2026-04-26,0.0,0.07066259216871684,-0.07066259216871684,0.07066259216871684
17,DIMENHIDRINATO 50MG,2026-04-26,0.0,0.0627214684554793,-0.0627214684554793,0.0627214684554793
17,ENALAPRIL 10MG,2026-04-26,0.0,0.15091525750564894,-0.15091525750564894,0.15091525750564894
17,IBUPROFENO TABX800,2026-04-26,0.0,0.05932523920434627,-0.05932523920434627,0.05932523920434627
17,LOPERAMIDA 2MG,2026-04-26,0.0,0.05595679738686175,-0.05595679738686175,0.05595679738686175
17,PARACETAMOL 500MG,2026-04-26,0.0,0.08439767300178727,-0.08439767300178727,0.08439767300178727
17,VITAMINA C+ZINC+D3,2026-04-26,0.0,0.9614972125782113,-0.9614972125782113,0.9614972125782113
18,AZITROMICINA 500MG,2026-04-26,0.0,0.07066259216871684,-0.07066259216871684,0.07066259216871684
18,DIMENHIDRINATO 50MG,2026-04-26,0.0,0.0627214684554793,-0.0627214684554793,0.0627214684554793
18,ENALAPRIL 10MG,2026-04-26,0.0,0.20188653944247548,-0.20188653944247548,0.20188653944247548
18,LOPERAMIDA 2MG,2026-04-26,0.0,0.05595679738686175,-0.05595679738686175,0.05595679738686175
19,AZITROMICINA 500MG,2026-04-26,0.0,0.07066259216871684,-0.07066259216871684,0.07066259216871684
19,VITAMINA C+ZINC+D3,2026-04-26,0.0,0.7377717341173442,-0.7377717341173442,0.7377717341173442
1,AMOXICILINA 500MG,2026-05-03,0.0,0.07000779558081387,-0.07000779558081387,0.07000779558081387
1,DIMENHIDRINATO 50MG,2026-05-03,0.0,0.058221551596904515,-0.058221551596904515,0.058221551596904515
1,ENALAPRIL 10MG,2026-05-03,0.0,0.28712360145339444,-0.28712360145339444,0.28712360145339444
1,IBUPROFENO TABX800,2026-05-03,0.0,0.0548253223457715,-0.0548253223457715,0.0548253223457715
1,LOPERAMIDA 2MG,2026-05-03,0.0,0.05145688052828697,-0.05145688052828697,0.05145688052828697
1,METFORMINA 850MG,2026-05-03,0.0,0.22366842703281326,-0.22366842703281326,0.22366842703281326
1,PARACETAMOL 500MG,2026-05-03,0.0,0.13699835674288846,-0.13699835674288846,0.13699835674288846
1,VITAMINA C+ZINC+D3,2026-05-03,1.0,1.0983609885635115,-0.0983609885635115,0.0983609885635115
2,AMOXICILINA 500MG,2026-05-03,0.0,0.07276856438190682,-0.07276856438190682,0.07276856438190682
2,AZITROMICINA 500MG,2026-05-03,0.0,0.06892344411123502,-0.06892344411123502,0.06892344411123502
2,DIMENHIDRINATO 50MG,2026-05-03,0.0,0.060982320397997475,-0.060982320397997475,0.060982320397997475
2,ENALAPRIL 10MG,2026-05-03,0.0,0.34349507660457906,-0.34349507660457906,0.34349507660457906
2,IBUPROFENO TABX800,2026-05-03,0.0,0.05758609114686445,-0.05758609114686445,0.05758609114686445
2,LOPERAMIDA 2MG,2026-05-03,0.0,0.054217649329379926,-0.054217649329379926,0.054217649329379926
2,METFORMINA 850MG,2026-05-03,0.0,0.19377121516265924,-0.19377121516265924,0.19377121516265924
2,PARACETAMOL 500MG,2026-05-03,0.0,0.08265852494430545,-0.08265852494430545,0.08265852494430545
2,VITAMINA C+ZINC+D3,2026-05-03,1.0,1.0073729518323402,-0.007372951832340213,0.007372951832340213
3,AZITROMICINA 500MG,2026-05-03,0.0,0.040724600379013466,-0.040724600379013466,0.040724600379013466
3,DIMENHIDRINATO 50MG,2026-05-03,0.0,0.03278347666577592,-0.03278347666577592,0.03278347666577592
3,ENALAPRIL 10MG,2026-05-03,1.0,0.4001610677240803,0.5998389322759197,0.5998389322759197
3,IBUPROFENO TABX800,2026-05-03,0.0,0.029387247414642888,-0.029387247414642888,0.029387247414642888
3,LOPERAMIDA 2MG,2026-05-03,0.0,0.026018805597158377,-0.026018805597158377,0.026018805597158377
3,METFORMINA 850MG,2026-05-03,0.0,0.2578020971886591,-0.2578020971886591,0.2578020971886591
3,PARACETAMOL 500MG,2026-05-03,0.0,0.05445968121208388,-0.05445968121208388,0.05445968121208388
3,VITAMINA C+ZINC+D3,2026-05-03,1.0,1.5970996949495637,-0.5970996949495637,0.5970996949495637
4,AMOXICILINA 500MG,2026-05-03,0.0,0.03936465167763873,-0.03936465167763873,0.03936465167763873
4,AZITROMICINA 500MG,2026-05-03,0.0,0.03551953140696693,-0.03551953140696693,0.03551953140696693
4,DIMENHIDRINATO 50MG,2026-05-03,0.0,0.027578407693729386,-0.027578407693729386,0.027578407693729386
4,ENALAPRIL 10MG,2026-05-03,0.0,0.22771907593731586,-0.22771907593731586,0.22771907593731586
4,IBUPROFENO TABX800,2026-05-03,0.0,0.024182178442596354,-0.024182178442596354,0.024182178442596354
4,LOPERAMIDA 2MG,2026-05-03,0.0,0.02081373662511183,-0.02081373662511183,0.02081373662511183
4,METFORMINA 850MG,2026-05-03,0.0,0.10675659610829955,-0.10675659610829955,0.10675659610829955
4,VITAMINA C+ZINC+D3,2026-05-03,0.0,1.157048118721071,-1.157048118721071,1.157048118721071
5,DIMENHIDRINATO 50MG,2026-05-03,0.0,0.08592833070465963,-0.08592833070465963,0.08592833070465963
5,ENALAPRIL 10MG,2026-05-03,2.0,0.4520703495193147,1.5479296504806852,1.5479296504806852
5,IBUPROFENO TABX800,2026-05-03,0.0,0.0825321014535266,-0.0825321014535266,0.0825321014535266
5,LOPERAMIDA 2MG,2026-05-03,0.0,0.19070383402069976,-0.19070383402069976,0.19070383402069976
5,METFORMINA 850MG,2026-05-03,1.0,0.25673450226992756,0.7432654977300724,0.7432654977300724
5,PARACETAMOL 500MG,2026-05-03,0.0,0.21914470963562527,-0.21914470963562527,0.21914470963562527
5,VITAMINA C+ZINC+D3,2026-05-03,0.0,1.4128435854132666,-1.4128435854132666,1.4128435854132666
6,AMOXICILINA 500MG,2026-05-03,0.0,0.02962364507941221,-0.02962364507941221,0.02962364507941221
6,AZITROMICINA 500MG,2026-05-03,0.0,0.025778524808740412,-0.025778524808740412,0.025778524808740412
6,DIMENHIDRINATO 50MG,2026-05-03,0.0,0.017837401095502865,-0.017837401095502865,0.017837401095502865
6,ENALAPRIL 10MG,2026-05-03,0.0,0.1060311901456725,-0.1060311901456725,0.1060311901456725
6,IBUPROFENO TABX800,2026-05-03,0.0,0.014441171844369834,-0.014441171844369834,0.014441171844369834
6,LOPERAMIDA 2MG,2026-05-03,0.0,0.011072730026885302,-0.011072730026885302,0.011072730026885302
6,METFORMINA 850MG,2026-05-03,0.0,0.09701558951007302,-0.09701558951007302,0.09701558951007302
6,VITAMINA C+ZINC+D3,2026-05-03,4.0,1.1458228126503998,2.8541771873496002,2.8541771873496002
7,AMOXICILINA 500MG,2026-05-03,0.0,-0.002879720030251137,0.002879720030251137,0.002879720030251137
7,AZITROMICINA 500MG,2026-05-03,0.0,-0.006724840300922935,0.006724840300922935,0.006724840300922935
7,DIMENHIDRINATO 50MG,2026-05-03,0.0,-0.014665964014160482,0.014665964014160482,0.014665964014160482
7,ENALAPRIL 10MG,2026-05-03,0.0,0.07352782503600916,-0.07352782503600916,0.07352782503600916
7,IBUPROFENO TABX800,2026-05-03,0.0,-0.018062193265293514,0.018062193265293514,0.018062193265293514
7,METFORMINA 850MG,2026-05-03,0.0,0.06451222440040968,-0.06451222440040968,0.06451222440040968
7,PARACETAMOL 500MG,2026-05-03,0.0,0.007010240532147494,-0.007010240532147494,0.007010240532147494
7,VITAMINA C+ZINC+D3,2026-05-03,2.0,0.5814805055328645,1.4185194944671355,1.4185194944671355
8,AMOXICILINA 500MG,2026-05-03,0.0,-0.016241159835777563,0.016241159835777563,0.016241159835777563
8,AZITROMICINA 500MG,2026-05-03,0.0,-0.02008628010644936,0.02008628010644936,0.02008628010644936
8,DIMENHIDRINATO 50MG,2026-05-03,0.0,-0.028027403819686908,0.028027403819686908,0.028027403819686908
8,ENALAPRIL 10MG,2026-05-03,0.0,0.17170655961514042,-0.17170655961514042,0.17170655961514042
8,IBUPROFENO TABX800,2026-05-03,0.0,-0.03142363307081994,0.03142363307081994,0.03142363307081994
8,LOPERAMIDA 2MG,2026-05-03,0.0,-0.034792074888304464,0.034792074888304464,0.034792074888304464
8,METFORMINA 850MG,2026-05-03,0.0,0.05115078459488325,-0.05115078459488325,0.05115078459488325
8,PARACETAMOL 500MG,2026-05-03,0.0,-0.00635119927337896,0.00635119927337896,0.00635119927337896
8,VITAMINA C+ZINC+D3,2026-05-03,0.0,0.5389509793056755,-0.5389509793056755,0.5389509793056755
9,AMOXICILINA 500MG,2026-05-03,0.0,0.004538145504356161,-0.004538145504356161,0.004538145504356161
9,AZITROMICINA 500MG,2026-05-03,1.0,0.0006930252336843634,0.9993069747663157,0.9993069747663157
9,DIMENHIDRINATO 50MG,2026-05-03,0.0,-0.007248098479553183,0.007248098479553183,0.007248098479553183
9,ENALAPRIL 10MG,2026-05-03,1.0,0.11011377699227906,0.8898862230077209,0.8898862230077209
9,LOPERAMIDA 2MG,2026-05-03,0.0,-0.01401276954817074,0.01401276954817074,0.01401276954817074
9,METFORMINA 850MG,2026-05-03,0.0,0.07193008993501698,-0.07193008993501698,0.07193008993501698
9,PARACETAMOL 500MG,2026-05-03,0.0,0.014428106066754785,-0.014428106066754785,0.014428106066754785
9,VITAMINA C+ZINC+D3,2026-05-03,1.0,0.9771296005715364,0.022870399428463584,0.022870399428463584
10,AMOXICILINA 500MG,2026-05-03,0.0,0.02823971768311221,-0.02823971768311221,0.02823971768311221
10,AZITROMICINA 500MG,2026-05-03,0.0,0.024394597412440412,-0.024394597412440412,0.024394597412440412
10,DIMENHIDRINATO 50MG,2026-05-03,0.0,0.01645347369920285,-0.01645347369920285,0.01645347369920285
10,ENALAPRIL 10MG,2026-05-03,0.0,0.3016272567204787,-0.3016272567204787,0.3016272567204787
10,IBUPROFENO TABX800,2026-05-03,0.0,0.013057244448069834,-0.013057244448069834,0.013057244448069834
10,LOPERAMIDA 2MG,2026-05-03,0.0,0.009688802630585303,-0.009688802630585303,0.009688802630585303
10,PARACETAMOL 500MG,2026-05-03,0.0,0.03812967824551081,-0.03812967824551081,0.03812967824551081
10,VITAMINA C+ZINC+D3,2026-05-03,1.0,1.2016547134582027,-0.20165471345820274,0.20165471345820274
11,AMOXICILINA 500MG,2026-05-03,0.0,-0.01896944833577055,0.01896944833577055,0.01896944833577055
11,AZITROMICINA 500MG,2026-05-03,0.0,0.0281567133303842,-0.0281567133303842,0.0281567133303842
11,DIMENHIDRINATO 50MG,2026-05-03,0.0,0.1221581534907997,-0.1221581534907997,0.1221581534907997
11,ENALAPRIL 10MG,2026-05-03,1.0,0.16897827111514746,0.8310217288848525,0.8310217288848525
11,IBUPROFENO TABX800,2026-05-03,0.0,-0.0341519215708129,0.0341519215708129,0.0341519215708129
11,LOPERAMIDA 2MG,2026-05-03,0.0,-0.03752036338829745,0.03752036338829745,0.03752036338829745
11,METFORMINA 850MG,2026-05-03,0.0,0.04842249609489028,-0.04842249609489028,0.04842249609489028
11,PARACETAMOL 500MG,2026-05-03,0.0,-0.00907948777337192,0.00907948777337192,0.00907948777337192
11,VITAMINA C+ZINC+D3,2026-05-03,1.0,0.9789584835801861,0.021041516419813888,0.021041516419813888
12,AMOXICILINA 500MG,2026-05-03,0.0,0.03235336389851017,-0.03235336389851017,0.03235336389851017
12,AZITROMICINA 500MG,2026-05-03,0.0,0.028508243627838374,-0.028508243627838374,0.028508243627838374
12,DIMENHIDRINATO 50MG,2026-05-03,0.0,0.020567119914600814,-0.020567119914600814,0.020567119914600814
12,ENALAPRIL 10MG,2026-05-03,0.0,0.159732190901597,-0.159732190901597,0.159732190901597
12,IBUPROFENO TABX800,2026-05-03,0.0,0.01717089066346781,-0.01717089066346781,0.01717089066346781
12,METFORMINA 850MG,2026-05-03,0.0,0.21128548271382866,-0.21128548271382866,0.21128548271382866
12,PARACETAMOL 500MG,2026-05-03,0.0,0.04224332446090879,-0.04224332446090879,0.04224332446090879
12,VITAMINA C+ZINC+D3,2026-05-03,1.0,1.0138589988300912,-0.01385899883009123,0.01385899883009123
13,AMOXICILINA 500MG,2026-05-03,0.0,-0.008066277661680776,0.008066277661680776,0.008066277661680776
13,AZITROMICINA 500MG,2026-05-03,0.0,-0.011911397932352574,0.011911397932352574,0.011911397932352574
13,DIMENHIDRINATO 50MG,2026-05-03,0.0,-0.01985252164559012,0.01985252164559012,0.01985252164559012
13,ENALAPRIL 10MG,2026-05-03,0.0,0.1798814417892372,-0.1798814417892372,0.1798814417892372
13,IBUPROFENO TABX800,2026-05-03,0.0,-0.023248750896723153,0.023248750896723153,0.023248750896723153
13,METFORMINA 850MG,2026-05-03,0.0,0.05932566676898005,-0.05932566676898005,0.05932566676898005
13,PARACETAMOL 500MG,2026-05-03,0.0,0.0018236829007178545,-0.0018236829007178545,0.0018236829007178545
13,VITAMINA C+ZINC+D3,2026-05-03,2.0,0.6599016081080791,1.340098391891921,1.340098391891921
14,AZITROMICINA 500MG,2026-05-03,0.0,0.010006422990805508,-0.010006422990805508,0.010006422990805508
14,DIMENHIDRINATO 50MG,2026-05-03,0.0,0.0020652992775679335,-0.0020652992775679335,0.0020652992775679335
14,ENALAPRIL 10MG,2026-05-03,0.0,0.23549777782852702,-0.23549777782852702,0.23549777782852702
14,IBUPROFENO TABX800,2026-05-03,0.0,-0.0013309299735650704,0.0013309299735650704,0.0013309299735650704
14,METFORMINA 850MG,2026-05-03,0.0,0.0812434876921381,-0.0812434876921381,0.0812434876921381
14,PARACETAMOL 500MG,2026-05-03,0.0,0.023741503823875916,-0.023741503823875916,0.023741503823875916
14,VITAMINA C+ZINC+D3,2026-05-03,2.0,0.9054963649367076,1.0945036350632924,1.0945036350632924
15,AMOXICILINA 500MG,2026-05-03,0.0,0.06386692586281748,-0.06386692586281748,0.06386692586281748
15,AZITROMICINA 500MG,2026-05-03,0.0,0.060021805592145684,-0.060021805592145684,0.060021805592145684
15,DIMENHIDRINATO 50MG,2026-05-03,0.0,0.05208068187890814,-0.05208068187890814,0.05208068187890814
15,ENALAPRIL 10MG,2026-05-03,0.0,0.19737507152875375,-0.19737507152875375,0.19737507152875375
15,IBUPROFENO TABX800,2026-05-03,0.0,0.048684452627775106,-0.048684452627775106,0.048684452627775106
15,METFORMINA 850MG,2026-05-03,0.0,0.1312588702934783,-0.1312588702934783,0.1312588702934783
15,PARACETAMOL 500MG,2026-05-03,0.0,0.0737568864252161,-0.0737568864252161,0.0737568864252161
15,VITAMINA C+ZINC+D3,2026-05-03,1.0,0.9732319129785336,0.02676808702146638,0.02676808702146638
16,AMOXICILINA 500MG,2026-05-03,0.0,-0.01617507607631305,0.01617507607631305,0.01617507607631305
16,AZITROMICINA 500MG,2026-05-03,0.0,0.009147890074677756,-0.009147890074677756,0.009147890074677756
16,DIMENHIDRINATO 50MG,2026-05-03,0.0,-0.027961320060222394,0.027961320060222394,0.027961320060222394
16,ENALAPRIL 10MG,2026-05-03,0.0,0.17177264337460493,-0.17177264337460493,0.17177264337460493
16,IBUPROFENO TABX800,2026-05-03,0.0,-0.031357549311355426,0.031357549311355426,0.031357549311355426
16,LOPERAMIDA 2MG,2026-05-03,0.0,-0.03472599112883995,0.03472599112883995,0.03472599112883995
16,METFORMINA 850MG,2026-05-03,0.0,0.263640921077406,-0.263640921077406,0.263640921077406
16,PARACETAMOL 500MG,2026-05-03,0.0,-0.0062851155139144466,0.0062851155139144466,0.0062851155139144466
16,VITAMINA C+ZINC+D3,2026-05-03,0.0,0.8188346947094003,-0.8188346947094003,0.8188346947094003
17,AZITROMICINA 500MG,2026-05-03,0.0,0.06616267531014207,-0.06616267531014207,0.06616267531014207
17,DIMENHIDRINATO 50MG,2026-05-03,0.0,0.058221551596904515,-0.058221551596904515,0.058221551596904515
17,ENALAPRIL 10MG,2026-05-03,0.0,0.14641534064707415,-0.14641534064707415,0.14641534064707415
17,IBUPROFENO TABX800,2026-05-03,0.0,0.0548253223457715,-0.0548253223457715,0.0548253223457715
17,LOPERAMIDA 2MG,2026-05-03,0.0,0.05145688052828697,-0.05145688052828697,0.05145688052828697
17,PARACETAMOL 500MG,2026-05-03,0.0,0.07989775614321248,-0.07989775614321248,0.07989775614321248
17,VITAMINA C+ZINC+D3,2026-05-03,1.0,0.8960216984630462,0.10397830153695375,0.10397830153695375
18,AZITROMICINA 500MG,2026-05-03,0.0,0.06616267531014207,-0.06616267531014207,0.06616267531014207
18,DIMENHIDRINATO 50MG,2026-05-03,0.0,0.058221551596904515,-0.058221551596904515,0.058221551596904515
18,ENALAPRIL 10MG,2026-05-03,0.0,0.14641534064707415,-0.14641534064707415,0.14641534064707415
18,LOPERAMIDA 2MG,2026-05-03,0.0,0.05145688052828697,-0.05145688052828697,0.05145688052828697
19,AZITROMICINA 500MG,2026-05-03,0.0,0.06616267531014207,-0.06616267531014207,0.06616267531014207
19,VITAMINA C+ZINC+D3,2026-05-03,2.0,0.6753207468227742,1.3246792531772258,1.3246792531772258
1,AMOXICILINA 500MG,2026-05-10,0.0,0.06773225112493268,-0.06773225112493268,0.06773225112493268
1,DIMENHIDRINATO 50MG,2026-05-10,0.0,0.05594600714102333,-0.05594600714102333,0.05594600714102333
1,ENALAPRIL 10MG,2026-05-10,0.0,0.23040848321253157,-0.23040848321253157,0.23040848321253157
1,IBUPROFENO TABX800,2026-05-10,0.0,0.05254977788989031,-0.05254977788989031,0.05254977788989031
1,LOPERAMIDA 2MG,2026-05-10,0.0,0.04918133607240579,-0.04918133607240579,0.04918133607240579
1,METFORMINA 850MG,2026-05-10,0.0,0.21790298832734772,-0.21790298832734772,0.21790298832734772
1,PARACETAMOL 500MG,2026-05-10,0.0,0.13123291803742293,-0.13123291803742293,0.13123291803742293
1,VITAMINA C+ZINC+D3,2026-05-10,0.0,1.0921888450492867,-1.0921888450492867,1.0921888450492867
2,AMOXICILINA 500MG,2026-05-10,0.0,0.07049301992602564,-0.07049301992602564,0.07049301992602564
2,AZITROMICINA 500MG,2026-05-10,0.0,0.06664789965535384,-0.06664789965535384,0.06664789965535384
2,DIMENHIDRINATO 50MG,2026-05-10,0.0,0.0587067759421163,-0.0587067759421163,0.0587067759421163
2,ENALAPRIL 10MG,2026-05-10,0.0,0.284140533950451,-0.284140533950451,0.284140533950451
2,IBUPROFENO TABX800,2026-05-10,0.0,0.055310546690983266,-0.055310546690983266,0.055310546690983266
2,LOPERAMIDA 2MG,2026-05-10,0.0,0.05194210487349874,-0.05194210487349874,0.05194210487349874
2,METFORMINA 850MG,2026-05-10,0.0,0.16705305077834906,-0.16705305077834906,0.16705305077834906
2,PARACETAMOL 500MG,2026-05-10,0.0,0.08038298048842427,-0.08038298048842427,0.08038298048842427
2,VITAMINA C+ZINC+D3,2026-05-10,2.0,1.1058043990064628,0.8941956009935372,0.8941956009935372
3,AZITROMICINA 500MG,2026-05-10,0.0,0.03844905592313228,-0.03844905592313228,0.03844905592313228
3,DIMENHIDRINATO 50MG,2026-05-10,0.0,0.030507932209894735,-0.030507932209894735,0.030507932209894735
3,ENALAPRIL 10MG,2026-05-10,1.0,0.38410265069708865,0.6158973493029114,0.6158973493029114
3,IBUPROFENO TABX800,2026-05-10,0.0,0.027111702958761703,-0.027111702958761703,0.027111702958761703
3,LOPERAMIDA 2MG,2026-05-10,0.0,0.023743261141277193,-0.023743261141277193,0.023743261141277193
3,METFORMINA 850MG,2026-05-10,0.0,0.2555265527327779,-0.2555265527327779,0.2555265527327779
3,PARACETAMOL 500MG,2026-05-10,0.0,0.0521841367562027,-0.0521841367562027,0.0521841367562027
3,VITAMINA C+ZINC+D3,2026-05-10,1.0,1.352195110496308,-0.3521951104963079,0.3521951104963079
4,AMOXICILINA 500MG,2026-05-10,0.0,0.037089107221757546,-0.037089107221757546,0.037089107221757546
4,AZITROMICINA 500MG,2026-05-10,0.0,0.03324398695108575,-0.03324398695108575,0.03324398695108575
4,DIMENHIDRINATO 50MG,2026-05-10,0.0,0.0253028632378482,-0.0253028632378482,0.0253028632378482
4,ENALAPRIL 10MG,2026-05-10,0.0,0.22280410706816958,-0.22280410706816958,0.22280410706816958
4,IBUPROFENO TABX800,2026-05-10,0.0,0.02190663398671517,-0.02190663398671517,0.02190663398671517
4,LOPERAMIDA 2MG,2026-05-10,0.0,0.018538192169230645,-0.018538192169230645,0.018538192169230645
4,METFORMINA 850MG,2026-05-10,0.0,0.10448105165241836,-0.10448105165241836,0.10448105165241836
4,VITAMINA C+ZINC+D3,2026-05-10,2.0,0.9603731598059488,1.0396268401940512,1.0396268401940512
5,DIMENHIDRINATO 50MG,2026-05-10,0.0,0.08365278624877845,-0.08365278624877845,0.08365278624877845
5,ENALAPRIL 10MG,2026-05-10,0.0,0.5241500213934365,-0.5241500213934365,0.5241500213934365
5,IBUPROFENO TABX800,2026-05-10,0.0,0.08025655699764542,-0.08025655699764542,0.08025655699764542
5,LOPERAMIDA 2MG,2026-05-10,0.0,0.13398871577983687,-0.13398871577983687,0.13398871577983687
5,METFORMINA 850MG,2026-05-10,0.0,0.36599913219870406,-0.36599913219870406,0.36599913219870406
5,PARACETAMOL 500MG,2026-05-10,0.0,0.16242959139476237,-0.16242959139476237,0.16242959139476237
5,VITAMINA C+ZINC+D3,2026-05-10,3.0,1.185960005631597,1.814039994368403,1.814039994368403
6,AMOXICILINA 500MG,2026-05-10,0.0,0.027348100623531026,-0.027348100623531026,0.027348100623531026
6,AZITROMICINA 500MG,2026-05-10,0.0,0.023502980352859228,-0.023502980352859228,0.023502980352859228
6,DIMENHIDRINATO 50MG,2026-05-10,0.0,0.015561856639621681,-0.015561856639621681,0.015561856639621681
6,ENALAPRIL 10MG,2026-05-10,0.0,0.10375564568979131,-0.10375564568979131,0.10375564568979131
6,IBUPROFENO TABX800,2026-05-10,0.0,0.01216562738848865,-0.01216562738848865,0.01216562738848865
6,LOPERAMIDA 2MG,2026-05-10,0.0,0.008797185571004118,-0.008797185571004118,0.008797185571004118
6,METFORMINA 850MG,2026-05-10,0.0,0.09474004505419184,-0.09474004505419184,0.09474004505419184
6,VITAMINA C+ZINC+D3,2026-05-10,1.0,1.4312922346883261,-0.4312922346883261,0.4312922346883261
7,AMOXICILINA 500MG,2026-05-10,0.0,-0.005155264486132322,0.005155264486132322,0.005155264486132322
7,AZITROMICINA 500MG,2026-05-10,0.0,-0.00900038475680412,0.00900038475680412,0.00900038475680412
7,DIMENHIDRINATO 50MG,2026-05-10,0.0,-0.016941508470041666,0.016941508470041666,0.016941508470041666
7,ENALAPRIL 10MG,2026-05-10,0.0,0.07125228058012797,-0.07125228058012797,0.07125228058012797
7,IBUPROFENO TABX800,2026-05-10,0.0,-0.020337737721174698,0.020337737721174698,0.020337737721174698
7,METFORMINA 850MG,2026-05-10,0.0,0.0622366799445285,-0.0622366799445285,0.0622366799445285
7,PARACETAMOL 500MG,2026-05-10,0.0,0.004734696076266309,-0.004734696076266309,0.004734696076266309
7,VITAMINA C+ZINC+D3,2026-05-10,1.0,0.7589710331287944,0.24102896687120556,0.24102896687120556
8,AMOXICILINA 500MG,2026-05-10,0.0,-0.018516704291658748,0.018516704291658748,0.018516704291658748
8,AZITROMICINA 500MG,2026-05-10,0.0,-0.022361824562330546,0.022361824562330546,0.022361824562330546
8,DIMENHIDRINATO 50MG,2026-05-10,0.0,-0.030302948275568092,0.030302948275568092,0.030302948275568092
8,ENALAPRIL 10MG,2026-05-10,0.0,0.11499144137427753,-0.11499144137427753,0.11499144137427753
8,IBUPROFENO TABX800,2026-05-10,0.0,-0.033699177526701124,0.033699177526701124,0.033699177526701124
8,LOPERAMIDA 2MG,2026-05-10,0.0,-0.03706761934418565,0.03706761934418565,0.03706761934418565
8,METFORMINA 850MG,2026-05-10,0.0,0.04887524013900207,-0.04887524013900207,0.04887524013900207
8,PARACETAMOL 500MG,2026-05-10,0.0,-0.008626743729260145,0.008626743729260145,0.008626743729260145
8,VITAMINA C+ZINC+D3,2026-05-10,0.0,0.53318554060021,-0.53318554060021,0.53318554060021
9,AMOXICILINA 500MG,2026-05-10,0.0,0.002262601048474977,-0.002262601048474977,0.002262601048474977
9,AZITROMICINA 500MG,2026-05-10,0.0,0.09004546392850098,-0.09004546392850098,0.09004546392850098
9,DIMENHIDRINATO 50MG,2026-05-10,0.0,-0.009523642935434368,0.009523642935434368,0.009523642935434368
9,ENALAPRIL 10MG,2026-05-10,0.0,0.1994662156870957,-0.1994662156870957,0.1994662156870957
9,LOPERAMIDA 2MG,2026-05-10,0.0,-0.016288314004051924,0.016288314004051924,0.016288314004051924
9,METFORMINA 850MG,2026-05-10,0.0,0.0696545454791358,-0.0696545454791358,0.0696545454791358
9,PARACETAMOL 500MG,2026-05-10,0.0,0.012152561610873601,-0.012152561610873601,0.012152561610873601
9,VITAMINA C+ZINC+D3,2026-05-10,0.0,0.8752308037333947,-0.8752308037333947,0.8752308037333947
10,AMOXICILINA 500MG,2026-05-10,0.0,0.025964173227231026,-0.025964173227231026,0.025964173227231026
10,AZITROMICINA 500MG,2026-05-10,0.0,0.022119052956559228,-0.022119052956559228,0.022119052956559228
10,DIMENHIDRINATO 50MG,2026-05-10,0.0,0.014177929243321667,-0.014177929243321667,0.014177929243321667
10,ENALAPRIL 10MG,2026-05-10,1.0,0.28973249935216366,0.7102675006478363,0.7102675006478363
10,IBUPROFENO TABX800,2026-05-10,0.0,0.010781699992188643,-0.010781699992188643,0.010781699992188643
10,LOPERAMIDA 2MG,2026-05-10,0.0,0.007413258174704118,-0.007413258174704118,0.007413258174704118
10,PARACETAMOL 500MG,2026-05-10,0.0,0.03585413378962963,-0.03585413378962963,0.03585413378962963
10,VITAMINA C+ZINC+D3,2026-05-10,3.0,0.9258461403278782,2.074153859672122,2.074153859672122
11,AMOXICILINA 500MG,2026-05-10,0.0,-0.021244992791651734,0.021244992791651734,0.021244992791651734
11,AZITROMICINA 500MG,2026-05-10,0.0,-0.025090113062323532,0.025090113062323532,0.025090113062323532
11,DIMENHIDRINATO 50MG,2026-05-10,0.0,-0.03303123677556108,0.03303123677556108,0.03303123677556108
11,ENALAPRIL 10MG,2026-05-10,0.0,0.20389113602498235,-0.20389113602498235,0.20389113602498235
11,IBUPROFENO TABX800,2026-05-10,0.0,-0.03642746602669408,0.03642746602669408,0.03642746602669408
11,LOPERAMIDA 2MG,2026-05-10,0.0,-0.039795907844178635,0.039795907844178635,0.039795907844178635
11,METFORMINA 850MG,2026-05-10,0.0,0.046146951639009094,-0.046146951639009094,0.046146951639009094
11,PARACETAMOL 500MG,2026-05-10,0.0,-0.011355032229253104,0.011355032229253104,0.011355032229253104
11,VITAMINA C+ZINC+D3,2026-05-10,0.0,0.9047589315086337,-0.9047589315086337,0.9047589315086337
12,AMOXICILINA 500MG,2026-05-10,0.0,0.030077819442628988,-0.030077819442628988,0.030077819442628988
12,AZITROMICINA 500MG,2026-05-10,0.0,0.02623269917195719,-0.02623269917195719,0.02623269917195719
12,DIMENHIDRINATO 50MG,2026-05-10,0.0,0.01829157545871963,-0.01829157545871963,0.01829157545871963
12,ENALAPRIL 10MG,2026-05-10,0.0,0.10648536450888929,-0.10648536450888929,0.10648536450888929
12,IBUPROFENO TABX800,2026-05-10,0.0,0.014895346207586625,-0.014895346207586625,0.014895346207586625
12,METFORMINA 850MG,2026-05-10,0.0,0.15457036447296577,-0.15457036447296577,0.15457036447296577
12,PARACETAMOL 500MG,2026-05-10,0.0,0.039967780005027605,-0.039967780005027605,0.039967780005027605
12,VITAMINA C+ZINC+D3,2026-05-10,4.0,1.0131607419411612,2.986839258058839,2.986839258058839
13,AMOXICILINA 500MG,2026-05-10,0.0,-0.01034182211756196,0.01034182211756196,0.01034182211756196
13,AZITROMICINA 500MG,2026-05-10,0.0,-0.014186942388233759,0.014186942388233759,0.014186942388233759
13,DIMENHIDRINATO 50MG,2026-05-10,0.0,-0.022128066101471305,0.022128066101471305,0.022128066101471305
13,ENALAPRIL 10MG,2026-05-10,0.0,0.12316632354837431,-0.12316632354837431,0.12316632354837431
13,IBUPROFENO TABX800,2026-05-10,0.0,-0.025524295352604337,0.025524295352604337,0.025524295352604337
13,METFORMINA 850MG,2026-05-10,1.0,0.05705012231309887,0.9429498776869011,0.9429498776869011
13,PARACETAMOL 500MG,2026-05-10,0.0,-0.0004518615551633298,0.0004518615551633298,0.0004518615551633298
13,VITAMINA C+ZINC+D3,2026-05-10,0.0,0.7864424561686119,-0.7864424561686119,0.7864424561686119
14,AZITROMICINA 500MG,2026-05-10,0.0,0.007730878534924324,-0.007730878534924324,0.007730878534924324
14,DIMENHIDRINATO 50MG,2026-05-10,0.0,-0.00021024517831325085,0.00021024517831325085,0.00021024517831325085
14,ENALAPRIL 10MG,2026-05-10,0.0,0.2286918046781767,-0.2286918046781767,0.2286918046781767
14,IBUPROFENO TABX800,2026-05-10,0.0,-0.0036064744294462547,0.0036064744294462547,0.0036064744294462547
14,METFORMINA 850MG,2026-05-10,0.0,0.07896794323625692,-0.07896794323625692,0.07896794323625692
14,PARACETAMOL 500MG,2026-05-10,0.0,0.02146595936799473,-0.02146595936799473,0.02146595936799473
14,VITAMINA C+ZINC+D3,2026-05-10,3.0,0.9936350160704739,2.006364983929526,2.006364983929526
15,AMOXICILINA 500MG,2026-05-10,0.0,0.0615913814069363,-0.0615913814069363,0.0615913814069363
15,AZITROMICINA 500MG,2026-05-10,0.0,0.0577462611362645,-0.0577462611362645,0.0577462611362645
15,DIMENHIDRINATO 50MG,2026-05-10,0.0,0.04980513742302695,-0.04980513742302695,0.04980513742302695
15,ENALAPRIL 10MG,2026-05-10,0.0,0.19160963282328822,-0.19160963282328822,0.19160963282328822
15,IBUPROFENO TABX800,2026-05-10,0.0,0.04640890817189392,-0.04640890817189392,0.04640890817189392
15,METFORMINA 850MG,2026-05-10,0.0,0.1289833258375971,-0.1289833258375971,0.1289833258375971
15,PARACETAMOL 500MG,2026-05-10,0.0,0.07148134196933492,-0.07148134196933492,0.07148134196933492
15,VITAMINA C+ZINC+D3,2026-05-10,2.0,1.073435685518372,0.926564314481628,0.926564314481628
16,AMOXICILINA 500MG,2026-05-10,0.0,-0.018450620532194234,0.018450620532194234,0.018450620532194234
16,AZITROMICINA 500MG,2026-05-10,0.0,0.0286755411339605,-0.0286755411339605,0.0286755411339605
16,DIMENHIDRINATO 50MG,2026-05-10,0.0,-0.03023686451610358,0.03023686451610358,0.03023686451610358
16,ENALAPRIL 10MG,2026-05-10,0.0,0.11505752513374204,-0.11505752513374204,0.11505752513374204
16,IBUPROFENO TABX800,2026-05-10,0.0,-0.03363309376723661,0.03363309376723661,0.03363309376723661
16,LOPERAMIDA 2MG,2026-05-10,0.0,-0.037001535584721135,0.037001535584721135,0.037001535584721135
16,METFORMINA 850MG,2026-05-10,0.0,0.30118975908944456,-0.30118975908944456,0.30118975908944456
16,PARACETAMOL 500MG,2026-05-10,0.0,-0.008560659969795631,0.008560659969795631,0.008560659969795631
16,VITAMINA C+ZINC+D3,2026-05-10,0.0,0.7066178658372417,-0.7066178658372417,0.7066178658372417
17,AZITROMICINA 500MG,2026-05-10,0.0,0.06388713085426088,-0.06388713085426088,0.06388713085426088
17,DIMENHIDRINATO 50MG,2026-05-10,0.0,0.05594600714102333,-0.05594600714102333,0.05594600714102333
17,ENALAPRIL 10MG,2026-05-10,0.0,0.14413979619119296,-0.14413979619119296,0.14413979619119296
17,IBUPROFENO TABX800,2026-05-10,0.0,0.05254977788989031,-0.05254977788989031,0.05254977788989031
17,LOPERAMIDA 2MG,2026-05-10,0.0,0.04918133607240579,-0.04918133607240579,0.04918133607240579
17,PARACETAMOL 500MG,2026-05-10,0.0,0.0776222116873313,-0.0776222116873313,0.0776222116873313
17,VITAMINA C+ZINC+D3,2026-05-10,2.0,0.8542634868625472,1.1457365131374528,1.1457365131374528
18,AZITROMICINA 500MG,2026-05-10,0.0,0.06388713085426088,-0.06388713085426088,0.06388713085426088
18,DIMENHIDRINATO 50MG,2026-05-10,0.0,0.05594600714102333,-0.05594600714102333,0.05594600714102333
18,ENALAPRIL 10MG,2026-05-10,0.0,0.14413979619119296,-0.14413979619119296,0.14413979619119296
18,LOPERAMIDA 2MG,2026-05-10,0.0,0.04918133607240579,-0.04918133607240579,0.04918133607240579
19,AZITROMICINA 500MG,2026-05-10,0.0,0.06388713085426088,-0.06388713085426088,0.06388713085426088
19,VITAMINA C+ZINC+D3,2026-05-10,2.0,0.8074159288114304,1.1925840711885696,1.1925840711885696
1,AMOXICILINA 500MG,2026-05-17,0.0,0.0654567066690515,-0.0654567066690515,0.0654567066690515
1,DIMENHIDRINATO 50MG,2026-05-17,0.0,0.053670462685142147,-0.053670462685142147,0.053670462685142147
1,ENALAPRIL 10MG,2026-05-17,1.0,0.22464304450706601,0.775356955492934,0.775356955492934
1,IBUPROFENO TABX800,2026-05-17,0.0,0.05027423343400913,-0.05027423343400913,0.05027423343400913
1,LOPERAMIDA 2MG,2026-05-17,0.0,0.046905791616524604,-0.046905791616524604,0.046905791616524604
1,METFORMINA 850MG,2026-05-17,2.0,0.1911848239430375,1.8088151760569624,1.8088151760569624
1,PARACETAMOL 500MG,2026-05-17,0.0,0.10451475365311272,-0.10451475365311272,0.10451475365311272
1,VITAMINA C+ZINC+D3,2026-05-17,1.0,0.9216358433338032,0.07836415666619678,0.07836415666619678
2,AZITROMICINA 500MG,2026-05-17,0.0,0.06437235519947265,-0.06437235519947265,0.06437235519947265
2,DIMENHIDRINATO 50MG,2026-05-17,0.0,0.05643123148623511,-0.05643123148623511,0.05643123148623511
2,ENALAPRIL 10MG,2026-05-17,0.0,0.22740381330815898,-0.22740381330815898,0.22740381330815898
2,IBUPROFENO TABX800,2026-05-17,0.0,0.05303500223510208,-0.05303500223510208,0.05303500223510208
2,LOPERAMIDA 2MG,2026-05-17,0.0,0.04966656041761756,-0.04966656041761756,0.04966656041761756
2,METFORMINA 850MG,2026-05-17,0.0,0.16477750632246788,-0.16477750632246788,0.16477750632246788
2,PARACETAMOL 500MG,2026-05-17,0.0,0.07810743603254308,-0.07810743603254308,0.07810743603254308
2,VITAMINA C+ZINC+D3,2026-05-17,1.0,1.21223456672321,-0.21223456672320995,0.21223456672320995
3,AZITROMICINA 500MG,2026-05-17,0.0,0.0361735114672511,-0.0361735114672511,0.0361735114672511
3,DIMENHIDRINATO 50MG,2026-05-17,0.0,0.02823238775401355,-0.02823238775401355,0.02823238775401355
3,ENALAPRIL 10MG,2026-05-17,1.0,0.5334837774066086,0.4665162225933914,0.4665162225933914
3,IBUPROFENO TABX800,2026-05-17,0.0,0.02483615850288052,-0.02483615850288052,0.02483615850288052
3,LOPERAMIDA 2MG,2026-05-17,0.0,0.02146771668539601,-0.02146771668539601,0.02146771668539601
3,METFORMINA 850MG,2026-05-17,0.0,0.2532510082768967,-0.2532510082768967,0.2532510082768967
3,PARACETAMOL 500MG,2026-05-17,0.0,0.04990859230032151,-0.04990859230032151,0.04990859230032151
3,VITAMINA C+ZINC+D3,2026-05-17,0.0,1.300459341448843,-1.300459341448843,1.300459341448843
4,AZITROMICINA 500MG,2026-05-17,0.0,0.030968442495204564,-0.030968442495204564,0.030968442495204564
4,DIMENHIDRINATO 50MG,2026-05-17,1.0,0.023027318781967017,0.9769726812180329,0.9769726812180329
4,ENALAPRIL 10MG,2026-05-17,0.0,0.16955728067546189,-0.16955728067546189,0.16955728067546189
4,IBUPROFENO TABX800,2026-05-17,0.0,0.019631089530833985,-0.019631089530833985,0.019631089530833985
4,LOPERAMIDA 2MG,2026-05-17,0.0,0.01626264771334946,-0.01626264771334946,0.01626264771334946
4,METFORMINA 850MG,2026-05-17,0.0,0.10220550719653718,-0.10220550719653718,0.10220550719653718
4,VITAMINA C+ZINC+D3,2026-05-17,4.0,1.0990979904692115,2.9009020095307885,2.9009020095307885
5,DIMENHIDRINATO 50MG,2026-05-17,0.0,0.08137724179289726,-0.08137724179289726,0.08137724179289726
5,ENALAPRIL 10MG,2026-05-17,0.0,0.5337663452274617,-0.5337663452274617,0.5337663452274617
5,IBUPROFENO TABX800,2026-05-17,0.0,0.07798101254176423,-0.07798101254176423,0.07798101254176423
5,LOPERAMIDA 2MG,2026-05-17,0.0,0.1282232770743713,-0.1282232770743713,0.1282232770743713
5,METFORMINA 850MG,2026-05-17,0.0,0.3291962051918011,-0.3291962051918011,0.3291962051918011
5,PARACETAMOL 500MG,2026-05-17,0.0,0.15666415268929684,-0.15666415268929684,0.15666415268929684
5,VITAMINA C+ZINC+D3,2026-05-17,3.0,1.3353445836521782,1.6646554163478218,1.6646554163478218
6,AMOXICILINA 500MG,2026-05-17,0.0,0.02507255616764984,-0.02507255616764984,0.02507255616764984
6,AZITROMICINA 500MG,2026-05-17,0.0,0.021227435896978043,-0.021227435896978043,0.021227435896978043
6,DIMENHIDRINATO 50MG,2026-05-17,0.0,0.013286312183740497,-0.013286312183740497,0.013286312183740497
6,ENALAPRIL 10MG,2026-05-17,1.0,0.10148010123391013,0.8985198987660898,0.8985198987660898
6,IBUPROFENO TABX800,2026-05-17,0.0,0.009890082932607458,-0.009890082932607458,0.009890082932607458
6,LOPERAMIDA 2MG,2026-05-17,0.0,0.006521641115122934,-0.006521641115122934,0.006521641115122934
6,METFORMINA 850MG,2026-05-17,0.0,0.09246450059831066,-0.09246450059831066,0.09246450059831066
6,VITAMINA C+ZINC+D3,2026-05-17,4.0,1.3358178157224159,2.664182184277584,2.664182184277584
7,AMOXICILINA 500MG,2026-05-17,0.0,-0.007430808942013506,0.007430808942013506,0.007430808942013506
7,AZITROMICINA 500MG,2026-05-17,0.0,-0.011275929212685304,0.011275929212685304,0.011275929212685304
7,DIMENHIDRINATO 50MG,2026-05-17,0.0,-0.01921705292592285,0.01921705292592285,0.01921705292592285
7,ENALAPRIL 10MG,2026-05-17,0.0,0.06897673612424679,-0.06897673612424679,0.06897673612424679
7,IBUPROFENO TABX800,2026-05-17,0.0,-0.022613282177055882,0.022613282177055882,0.022613282177055882
7,METFORMINA 850MG,2026-05-17,0.0,0.059961135488647316,-0.059961135488647316,0.059961135488647316
7,PARACETAMOL 500MG,2026-05-17,0.0,0.002459151620385125,-0.002459151620385125,0.002459151620385125
7,VITAMINA C+ZINC+D3,2026-05-17,0.0,0.863705234363102,-0.863705234363102,0.863705234363102
8,AMOXICILINA 500MG,2026-05-17,0.0,-0.020792248747539932,0.020792248747539932,0.020792248747539932
8,AZITROMICINA 500MG,2026-05-17,0.0,-0.02463736901821173,0.02463736901821173,0.02463736901821173
8,DIMENHIDRINATO 50MG,2026-05-17,0.0,-0.03257849273144928,0.03257849273144928,0.03257849273144928
8,ENALAPRIL 10MG,2026-05-17,0.0,0.10922600266881198,-0.10922600266881198,0.10922600266881198
8,IBUPROFENO TABX800,2026-05-17,0.0,-0.03597472198258231,0.03597472198258231,0.03597472198258231
8,LOPERAMIDA 2MG,2026-05-17,0.0,-0.03934316380006683,0.03934316380006683,0.03934316380006683
8,METFORMINA 850MG,2026-05-17,0.0,0.04659969568312088,-0.04659969568312088,0.04659969568312088
8,PARACETAMOL 500MG,2026-05-17,0.0,-0.010902288185141329,0.010902288185141329,0.010902288185141329
8,VITAMINA C+ZINC+D3,2026-05-17,0.0,0.5064673762158998,-0.5064673762158998,0.5064673762158998
9,AMOXICILINA 500MG,2026-05-17,0.0,-1.2943407406207363e-05,1.2943407406207363e-05,1.2943407406207363e-05
9,AZITROMICINA 500MG,2026-05-17,0.0,0.1076821107065797,-0.1076821107065797,0.1076821107065797
9,DIMENHIDRINATO 50MG,2026-05-17,0.0,-0.011799187391315552,0.011799187391315552,0.011799187391315552
9,ENALAPRIL 10MG,2026-05-17,0.0,0.2171028624651744,-0.2171028624651744,0.2171028624651744
9,LOPERAMIDA 2MG,2026-05-17,0.0,-0.018563858459933108,0.018563858459933108,0.018563858459933108
9,METFORMINA 850MG,2026-05-17,0.0,0.06737900102325461,-0.06737900102325461,0.06737900102325461
9,PARACETAMOL 500MG,2026-05-17,0.0,0.009877017154992423,-0.009877017154992423,0.009877017154992423
9,VITAMINA C+ZINC+D3,2026-05-17,0.0,0.8579551478342913,-0.8579551478342913,0.8579551478342913
10,AMOXICILINA 500MG,2026-05-17,0.0,0.02368862877134984,-0.02368862877134984,0.02368862877134984
10,AZITROMICINA 500MG,2026-05-17,0.0,0.019843508500678043,-0.019843508500678043,0.019843508500678043
10,DIMENHIDRINATO 50MG,2026-05-17,0.0,0.011902384787440483,-0.011902384787440483,0.011902384787440483
10,ENALAPRIL 10MG,2026-05-17,1.0,0.27922841625329575,0.7207715837467042,0.7207715837467042
10,IBUPROFENO TABX800,2026-05-17,0.0,0.008506155536307458,-0.008506155536307458,0.008506155536307458
10,LOPERAMIDA 2MG,2026-05-17,0.0,0.005137713718822934,-0.005137713718822934,0.005137713718822934
10,PARACETAMOL 500MG,2026-05-17,0.0,0.033578589333748445,-0.033578589333748445,0.033578589333748445
10,VITAMINA C+ZINC+D3,2026-05-17,3.0,1.165991602451608,1.834008397548392,1.834008397548392
11,AMOXICILINA 500MG,2026-05-17,0.0,-0.02352053724753292,0.02352053724753292,0.02352053724753292
11,AZITROMICINA 500MG,2026-05-17,0.0,-0.027365657518204717,0.027365657518204717,0.027365657518204717
11,DIMENHIDRINATO 50MG,2026-05-17,0.0,-0.035306781231442264,0.035306781231442264,0.035306781231442264
11,ENALAPRIL 10MG,2026-05-17,0.0,0.21803788855347672,-0.21803788855347672,0.21803788855347672
11,IBUPROFENO TABX800,2026-05-17,0.0,-0.03870301048257527,0.03870301048257527,0.03870301048257527
11,LOPERAMIDA 2MG,2026-05-17,0.0,-0.04207145230005982,0.04207145230005982,0.04207145230005982
11,METFORMINA 850MG,2026-05-17,0.0,0.04387140718312791,-0.04387140718312791,0.04387140718312791
11,PARACETAMOL 500MG,2026-05-17,0.0,-0.013630576685134288,0.013630576685134288,0.013630576685134288
11,VITAMINA C+ZINC+D3,2026-05-17,0.0,0.8352980238304839,-0.8352980238304839,0.8352980238304839
12,AMOXICILINA 500MG,2026-05-17,0.0,0.027802274986747803,-0.027802274986747803,0.027802274986747803
12,AZITROMICINA 500MG,2026-05-17,0.0,0.023957154716076005,-0.023957154716076005,0.023957154716076005
12,DIMENHIDRINATO 50MG,2026-05-17,0.0,0.016016031002838445,-0.016016031002838445,0.016016031002838445
12,ENALAPRIL 10MG,2026-05-17,1.0,0.1042098200530081,0.8957901799469918,0.8957901799469918
12,IBUPROFENO TABX800,2026-05-17,0.0,0.012619801751705441,-0.012619801751705441,0.012619801751705441
12,METFORMINA 850MG,2026-05-17,0.0,0.1488049257675002,-0.1488049257675002,0.1488049257675002
12,PARACETAMOL 500MG,2026-05-17,0.0,0.03769223554914642,-0.03769223554914642,0.03769223554914642
12,VITAMINA C+ZINC+D3,2026-05-17,2.0,1.2639875538236387,0.7360124461763613,0.7360124461763613
13,AMOXICILINA 500MG,2026-05-17,0.0,-0.012617366573443145,0.012617366573443145,0.012617366573443145
13,AZITROMICINA 500MG,2026-05-17,0.0,-0.016462486844114943,0.016462486844114943,0.016462486844114943
13,DIMENHIDRINATO 50MG,2026-05-17,0.0,-0.02440361055735249,0.02440361055735249,0.02440361055735249
13,ENALAPRIL 10MG,2026-05-17,0.0,0.11740088484290878,-0.11740088484290878,0.11740088484290878
13,IBUPROFENO TABX800,2026-05-17,0.0,-0.02779983980848552,0.02779983980848552,0.02779983980848552
13,METFORMINA 850MG,2026-05-17,0.0,0.14640256100791546,-0.14640256100791546,0.14640256100791546
13,VITAMINA C+ZINC+D3,2026-05-17,2.0,0.8641077909613939,1.135892209038606,1.135892209038606
14,AZITROMICINA 500MG,2026-05-17,0.0,0.005455334079043139,-0.005455334079043139,0.005455334079043139
14,DIMENHIDRINATO 50MG,2026-05-17,0.0,-0.002485789634194435,0.002485789634194435,0.002485789634194435
14,ENALAPRIL 10MG,2026-05-17,0.0,0.1719766864373138,-0.1719766864373138,0.1719766864373138
14,IBUPROFENO TABX800,2026-05-17,0.0,-0.005882018885327439,0.005882018885327439,0.005882018885327439
14,METFORMINA 850MG,2026-05-17,0.0,0.07669239878037573,-0.07669239878037573,0.07669239878037573
14,PARACETAMOL 500MG,2026-05-17,0.0,0.019190414912113547,-0.019190414912113547,0.019190414912113547
14,VITAMINA C+ZINC+D3,2026-05-17,1.0,1.2048074295713054,-0.20480742957130538,0.20480742957130538
15,AMOXICILINA 500MG,2026-05-17,0.0,0.05931583695105511,-0.05931583695105511,0.05931583695105511
15,AZITROMICINA 500MG,2026-05-17,0.0,0.055470716680383315,-0.055470716680383315,0.055470716680383315
15,DIMENHIDRINATO 50MG,2026-05-17,0.0,0.04752959296714577,-0.04752959296714577,0.04752959296714577
15,ENALAPRIL 10MG,2026-05-17,0.0,0.164891468438978,-0.164891468438978,0.164891468438978
15,IBUPROFENO TABX800,2026-05-17,0.0,0.04413336371601274,-0.04413336371601274,0.04413336371601274
15,METFORMINA 850MG,2026-05-17,0.0,0.12670778138171593,-0.12670778138171593,0.12670778138171593
15,PARACETAMOL 500MG,2026-05-17,0.0,0.06920579751345374,-0.06920579751345374,0.06920579751345374
15,VITAMINA C+ZINC+D3,2026-05-17,1.0,1.1328127727580652,-0.13281277275806525,0.13281277275806525
16,AMOXICILINA 500MG,2026-05-17,0.0,-0.02072616498807542,0.02072616498807542,0.02072616498807542
16,AZITROMICINA 500MG,2026-05-17,0.0,-0.024571285258747216,0.024571285258747216,0.024571285258747216
16,DIMENHIDRINATO 50MG,2026-05-17,0.0,-0.03251240897198476,0.03251240897198476,0.03251240897198476
16,ENALAPRIL 10MG,2026-05-17,0.0,0.1092920864282765,-0.1092920864282765,0.1092920864282765
16,IBUPROFENO TABX800,2026-05-17,0.0,-0.035908638223117795,0.035908638223117795,0.035908638223117795
16,LOPERAMIDA 2MG,2026-05-17,1.0,-0.03927708004060232,1.0392770800406024,1.0392770800406024
16,METFORMINA 850MG,2026-05-17,0.0,0.19003506706359996,-0.19003506706359996,0.19003506706359996
16,PARACETAMOL 500MG,2026-05-17,0.0,-0.010836204425676815,0.010836204425676815,0.010836204425676815
16,VITAMINA C+ZINC+D3,2026-05-17,2.0,0.6464128533467943,1.3535871466532057,1.3535871466532057
17,AZITROMICINA 500MG,2026-05-17,0.0,0.0616115863983797,-0.0616115863983797,0.0616115863983797
17,DIMENHIDRINATO 50MG,2026-05-17,0.0,0.053670462685142147,-0.053670462685142147,0.053670462685142147
17,ENALAPRIL 10MG,2026-05-17,0.0,0.14186425173531178,-0.14186425173531178,0.14186425173531178
17,IBUPROFENO TABX800,2026-05-17,0.0,0.05027423343400913,-0.05027423343400913,0.05027423343400913
17,LOPERAMIDA 2MG,2026-05-17,0.0,0.046905791616524604,-0.046905791616524604,0.046905791616524604
17,PARACETAMOL 500MG,2026-05-17,0.0,0.07534666723145012,-0.07534666723145012,0.07534666723145012
17,VITAMINA C+ZINC+D3,2026-05-17,1.0,1.0913976000658505,-0.09139760006585051,0.09139760006585051
18,AZITROMICINA 500MG,2026-05-17,0.0,0.0616115863983797,-0.0616115863983797,0.0616115863983797
18,DIMENHIDRINATO 50MG,2026-05-17,0.0,0.053670462685142147,-0.053670462685142147,0.053670462685142147
18,ENALAPRIL 10MG,2026-05-17,0.0,0.14186425173531178,-0.14186425173531178,0.14186425173531178
18,LOPERAMIDA 2MG,2026-05-17,0.0,0.046905791616524604,-0.046905791616524604,0.046905791616524604
19,AZITROMICINA 500MG,2026-05-17,0.0,0.0616115863983797,-0.0616115863983797,0.0616115863983797
19,DIMENHIDRINATO 50MG,2026-05-17,0.0,0.053670462685142147,-0.053670462685142147,0.053670462685142147
19,VITAMINA C+ZINC+D3,2026-05-17,2.0,1.0282207331248647,0.9717792668751353,0.9717792668751353
1,AMOXICILINA 500MG,2026-05-24,0.0,0.06318116221317031,-0.06318116221317031,0.06318116221317031
1,DIMENHIDRINATO 50MG,2026-05-24,0.0,0.05139491822926096,-0.05139491822926096,0.05139491822926096
1,ENALAPRIL 10MG,2026-05-24,0.0,0.3113560587886175,-0.3113560587886175,0.3113560587886175
1,IBUPROFENO TABX800,2026-05-24,0.0,0.04799868897812796,-0.04799868897812796,0.04799868897812796
1,LOPERAMIDA 2MG,2026-05-24,0.0,0.04463024716064342,-0.04463024716064342,0.04463024716064342
1,METFORMINA 850MG,2026-05-24,1.0,0.39396844130371583,0.6060315586962841,0.6060315586962841
1,PARACETAMOL 500MG,2026-05-24,0.0,0.10223920919723153,-0.10223920919723153,0.10223920919723153
1,VITAMINA C+ZINC+D3,2026-05-24,3.0,0.8729194456355645,2.1270805543644355,2.1270805543644355
2,AZITROMICINA 500MG,2026-05-24,0.0,0.062096810743591475,-0.062096810743591475,0.062096810743591475
2,DIMENHIDRINATO 50MG,2026-05-24,0.0,0.05415568703035393,-0.05415568703035393,0.05415568703035393
2,ENALAPRIL 10MG,2026-05-24,0.0,0.20068564892384877,-0.20068564892384877,0.20068564892384877
2,IBUPROFENO TABX800,2026-05-24,0.0,0.05075945777922091,-0.05075945777922091,0.05075945777922091
2,LOPERAMIDA 2MG,2026-05-24,0.0,0.04739101596173637,-0.04739101596173637,0.04739101596173637
2,METFORMINA 850MG,2026-05-24,0.0,0.1625019618665867,-0.1625019618665867,0.1625019618665867
2,PARACETAMOL 500MG,2026-05-24,0.0,0.0758318915766619,-0.0758318915766619,0.0758318915766619
2,VITAMINA C+ZINC+D3,2026-05-24,8.0,1.1715350406579634,6.828464959342036,6.828464959342036
3,AZITROMICINA 500MG,2026-05-24,0.0,0.03389796701136991,-0.03389796701136991,0.03389796701136991
3,DIMENHIDRINATO 50MG,2026-05-24,0.0,0.025956843298132366,-0.025956843298132366,0.025956843298132366
3,ENALAPRIL 10MG,2026-05-24,0.0,0.5055300407786492,-0.5055300407786492,0.5055300407786492
3,IBUPROFENO TABX800,2026-05-24,0.0,0.022560614046999362,-0.022560614046999362,0.022560614046999362
3,LOPERAMIDA 2MG,2026-05-24,0.0,0.019192172229514824,-0.019192172229514824,0.019192172229514824
3,METFORMINA 850MG,2026-05-24,3.0,0.35999144139683514,2.640008558603165,2.640008558603165
3,PARACETAMOL 500MG,2026-05-24,0.0,0.04763304784444033,-0.04763304784444033,0.04763304784444033
3,VITAMINA C+ZINC+D3,2026-05-24,1.0,1.178238197256921,-0.17823819725692092,0.17823819725692092
4,AZITROMICINA 500MG,2026-05-24,0.0,0.02869289803932338,-0.02869289803932338,0.02869289803932338
4,DIMENHIDRINATO 50MG,2026-05-24,0.0,0.11237975747678361,-0.11237975747678361,0.11237975747678361
4,ENALAPRIL 10MG,2026-05-24,0.0,0.1890849317347446,-0.1890849317347446,0.1890849317347446
4,IBUPROFENO TABX800,2026-05-24,0.0,0.017355545074952815,-0.017355545074952815,0.017355545074952815
4,LOPERAMIDA 2MG,2026-05-24,0.0,0.013987103257468277,-0.013987103257468277,0.013987103257468277
4,METFORMINA 850MG,2026-05-24,0.0,0.09992996274065599,-0.09992996274065599,0.09992996274065599
4,VITAMINA C+ZINC+D3,2026-05-24,2.0,1.4142506496494378,0.5857493503505622,0.5857493503505622
5,DIMENHIDRINATO 50MG,2026-05-24,0.0,0.07910169733701607,-0.07910169733701607,0.07910169733701607
5,ENALAPRIL 10MG,2026-05-24,1.0,0.44177542430351596,0.5582245756964841,0.5582245756964841
5,IBUPROFENO TABX800,2026-05-24,0.0,0.07570546808588305,-0.07570546808588305,0.07570546808588305
5,LOPERAMIDA 2MG,2026-05-24,0.0,0.10150511269006113,-0.10150511269006113,0.10150511269006113
5,METFORMINA 850MG,2026-05-24,0.0,0.26899119270135385,-0.26899119270135385,0.26899119270135385
5,PARACETAMOL 500MG,2026-05-24,0.0,0.12994598830498666,-0.12994598830498666,0.12994598830498666
5,VITAMINA C+ZINC+D3,2026-05-24,1.0,1.597094752181246,-0.597094752181246,0.597094752181246
6,AMOXICILINA 500MG,2026-05-24,0.0,0.022797011711768657,-0.022797011711768657,0.022797011711768657
6,AZITROMICINA 500MG,2026-05-24,0.0,0.01895189144109686,-0.01895189144109686,0.01895189144109686
6,DIMENHIDRINATO 50MG,2026-05-24,0.0,0.011010767727859305,-0.011010767727859305,0.011010767727859305
6,ENALAPRIL 10MG,2026-05-24,1.0,0.19083253992872673,0.8091674600712733,0.8091674600712733
6,IBUPROFENO TABX800,2026-05-24,0.0,0.007614538476726301,-0.007614538476726301,0.007614538476726301
6,LOPERAMIDA 2MG,2026-05-24,0.0,0.004246096659241749,-0.004246096659241749,0.004246096659241749
6,METFORMINA 850MG,2026-05-24,0.0,0.09018895614242947,-0.09018895614242947,0.09018895614242947
6,VITAMINA C+ZINC+D3,2026-05-24,3.0,1.445957969200002,1.554042030799998,1.554042030799998
7,AMOXICILINA 500MG,2026-05-24,0.0,-0.00970635339789469,0.00970635339789469,0.00970635339789469
7,AZITROMICINA 500MG,2026-05-24,0.0,-0.013551473668566488,0.013551473668566488,0.013551473668566488
7,DIMENHIDRINATO 50MG,2026-05-24,0.0,-0.021492597381804035,0.021492597381804035,0.021492597381804035
7,ENALAPRIL 10MG,2026-05-24,0.0,0.0667011916683656,-0.0667011916683656,0.0667011916683656
7,IBUPROFENO TABX800,2026-05-24,0.0,-0.02488882663293704,0.02488882663293704,0.02488882663293704
7,METFORMINA 850MG,2026-05-24,0.0,0.05768559103276614,-0.05768559103276614,0.05768559103276614
7,PARACETAMOL 500MG,2026-05-24,0.0,0.00018360716450394055,-0.00018360716450394055,0.00018360716450394055
7,VITAMINA C+ZINC+D3,2026-05-24,3.0,0.7942659290863812,2.2057340709136186,2.2057340709136186
8,AMOXICILINA 500MG,2026-05-24,0.0,-0.023067793203421116,0.023067793203421116,0.023067793203421116
8,AZITROMICINA 500MG,2026-05-24,0.0,-0.026912913474092914,0.026912913474092914,0.026912913474092914
8,DIMENHIDRINATO 50MG,2026-05-24,0.0,-0.03485403718733046,0.03485403718733046,0.03485403718733046
8,ENALAPRIL 10MG,2026-05-24,0.0,0.08250783828450178,-0.08250783828450178,0.08250783828450178
8,IBUPROFENO TABX800,2026-05-24,0.0,-0.03825026643846349,0.03825026643846349,0.03825026643846349
8,LOPERAMIDA 2MG,2026-05-24,0.0,-0.04161870825594802,0.04161870825594802,0.04161870825594802
8,METFORMINA 850MG,2026-05-24,0.0,0.0443241512272397,-0.0443241512272397,0.0443241512272397
8,PARACETAMOL 500MG,2026-05-24,0.0,-0.013177832641022513,0.013177832641022513,0.013177832641022513
8,VITAMINA C+ZINC+D3,2026-05-24,0.0,0.5041918317600185,-0.5041918317600185,0.5041918317600185
9,AMOXICILINA 500MG,2026-05-24,1.0,-0.0022884878632873917,1.0022884878632874,1.0022884878632874
9,AZITROMICINA 500MG,2026-05-24,0.0,0.050966992465716794,-0.050966992465716794,0.050966992465716794
9,DIMENHIDRINATO 50MG,2026-05-24,0.0,-0.014074731847196736,0.014074731847196736,0.014074731847196736
9,ENALAPRIL 10MG,2026-05-24,0.0,0.18219093973947542,-0.18219093973947542,0.18219093973947542
9,LOPERAMIDA 2MG,2026-05-24,0.0,-0.020839402915814292,0.020839402915814292,0.020839402915814292
9,METFORMINA 850MG,2026-05-24,0.0,0.06510345656737343,-0.06510345656737343,0.06510345656737343
9,PARACETAMOL 500MG,2026-05-24,0.0,0.007601472699111239,-0.007601472699111239,0.007601472699111239
9,VITAMINA C+ZINC+D3,2026-05-24,0.0,0.7497153653233053,-0.7497153653233053,0.7497153653233053
10,AMOXICILINA 500MG,2026-05-24,0.0,0.021413084315468657,-0.021413084315468657,0.021413084315468657
10,AZITROMICINA 500MG,2026-05-24,0.0,0.01756796404479686,-0.01756796404479686,0.01756796404479686
10,DIMENHIDRINATO 50MG,2026-05-24,0.0,0.009626840331559305,-0.009626840331559305,0.009626840331559305
10,ENALAPRIL 10MG,2026-05-24,1.0,0.38849304618207225,0.6115069538179277,0.6115069538179277
10,IBUPROFENO TABX800,2026-05-24,0.0,0.006230611080426274,-0.006230611080426274,0.006230611080426274
10,LOPERAMIDA 2MG,2026-05-24,0.0,0.0028621692629417494,-0.0028621692629417494,0.0028621692629417494
10,PARACETAMOL 500MG,2026-05-24,0.0,0.03130304487786726,-0.03130304487786726,0.03130304487786726
10,VITAMINA C+ZINC+D3,2026-05-24,1.0,1.4848639739817806,-0.4848639739817806,0.4848639739817806
11,AMOXICILINA 500MG,2026-05-24,0.0,-0.025796081703414103,0.025796081703414103,0.025796081703414103
11,AZITROMICINA 500MG,2026-05-24,0.0,-0.0296412019740859,0.0296412019740859,0.0296412019740859
11,DIMENHIDRINATO 50MG,2026-05-24,0.0,-0.03758232568732345,0.03758232568732345,0.03758232568732345
11,ENALAPRIL 10MG,2026-05-24,0.0,0.1368801503841848,-0.1368801503841848,0.1368801503841848
11,IBUPROFENO TABX800,2026-05-24,0.0,-0.04097855493845645,0.04097855493845645,0.04097855493845645
11,LOPERAMIDA 2MG,2026-05-24,0.0,-0.044346996755941004,0.044346996755941004,0.044346996755941004
11,METFORMINA 850MG,2026-05-24,0.0,0.041595862727246725,-0.041595862727246725,0.041595862727246725
11,PARACETAMOL 500MG,2026-05-24,0.0,-0.015906121141015472,0.015906121141015472,0.015906121141015472
11,VITAMINA C+ZINC+D3,2026-05-24,2.0,0.721482304989945,1.278517695010055,1.278517695010055
12,AMOXICILINA 500MG,2026-05-24,0.0,0.02552673053086662,-0.02552673053086662,0.02552673053086662
12,AZITROMICINA 500MG,2026-05-24,0.0,0.02168161026019482,-0.02168161026019482,0.02168161026019482
12,DIMENHIDRINATO 50MG,2026-05-24,0.0,0.01374048654695726,-0.01374048654695726,0.01374048654695726
12,ENALAPRIL 10MG,2026-05-24,0.0,0.1935622587478247,-0.1935622587478247,0.1935622587478247
12,IBUPROFENO TABX800,2026-05-24,0.0,0.01034425729582425,-0.01034425729582425,0.01034425729582425
12,METFORMINA 850MG,2026-05-24,0.0,0.12208676138319004,-0.12208676138319004,0.12208676138319004
12,PARACETAMOL 500MG,2026-05-24,0.0,0.035416691093265236,-0.035416691093265236,0.035416691093265236
12,VITAMINA C+ZINC+D3,2026-05-24,0.0,1.528606964866334,-1.528606964866334,1.528606964866334
13,AMOXICILINA 500MG,2026-05-24,0.0,-0.01489291102932433,0.01489291102932433,0.01489291102932433
13,AZITROMICINA 500MG,2026-05-24,0.0,-0.018738031299996127,0.018738031299996127,0.018738031299996127
13,DIMENHIDRINATO 50MG,2026-05-24,0.0,-0.026679155013233674,0.026679155013233674,0.026679155013233674
13,ENALAPRIL 10MG,2026-05-24,1.0,0.09068272045859857,0.9093172795414014,0.9093172795414014
13,IBUPROFENO TABX800,2026-05-24,0.0,-0.030075384264366706,0.030075384264366706,0.030075384264366706
13,METFORMINA 850MG,2026-05-24,0.0,0.16403920778599418,-0.16403920778599418,0.16403920778599418
13,VITAMINA C+ZINC+D3,2026-05-24,2.0,0.8098238814348631,1.190176118565137,1.190176118565137
14,AZITROMICINA 500MG,2026-05-24,0.0,0.003179789623161955,-0.003179789623161955,0.003179789623161955
14,DIMENHIDRINATO 50MG,2026-05-24,0.0,-0.00476133409007562,0.00476133409007562,0.00476133409007562
14,ENALAPRIL 10MG,2026-05-24,0.0,0.16621124773184828,-0.16621124773184828,0.16621124773184828
14,IBUPROFENO TABX800,2026-05-24,0.0,-0.008157563341208623,0.008157563341208623,0.008157563341208623
14,METFORMINA 850MG,2026-05-24,0.0,0.07441685432449455,-0.07441685432449455,0.07441685432449455
14,PARACETAMOL 500MG,2026-05-24,0.0,0.016914870456232363,-0.016914870456232363,0.016914870456232363
14,VITAMINA C+ZINC+D3,2026-05-24,0.0,1.2205746744696093,-1.2205746744696093,1.2205746744696093
15,AMOXICILINA 500MG,2026-05-24,0.0,0.05704029249517393,-0.05704029249517393,0.05704029249517393
15,AZITROMICINA 500MG,2026-05-24,0.0,0.05319517222450213,-0.05319517222450213,0.05319517222450213
15,DIMENHIDRINATO 50MG,2026-05-24,0.0,0.045254048511264584,-0.045254048511264584,0.045254048511264584
15,ENALAPRIL 10MG,2026-05-24,0.0,0.16261592398309682,-0.16261592398309682,0.16261592398309682
15,IBUPROFENO TABX800,2026-05-24,0.0,0.04185781926013158,-0.04185781926013158,0.04185781926013158
15,METFORMINA 850MG,2026-05-24,0.0,0.12443223692583474,-0.12443223692583474,0.12443223692583474
15,PARACETAMOL 500MG,2026-05-24,0.0,0.06693025305757255,-0.06693025305757255,0.06693025305757255
15,VITAMINA C+ZINC+D3,2026-05-24,0.0,1.1461090554502402,-1.1461090554502402,1.1461090554502402
16,AMOXICILINA 500MG,2026-05-24,0.0,-0.023001709443956603,0.023001709443956603,0.023001709443956603
16,AZITROMICINA 500MG,2026-05-24,0.0,-0.0268468297146284,0.0268468297146284,0.0268468297146284
16,DIMENHIDRINATO 50MG,2026-05-24,0.0,-0.03478795342786595,0.03478795342786595,0.03478795342786595
16,ENALAPRIL 10MG,2026-05-24,1.0,0.0825739220439663,0.9174260779560337,0.9174260779560337
16,IBUPROFENO TABX800,2026-05-24,0.0,-0.03818418267899895,0.03818418267899895,0.03818418267899895
16,LOPERAMIDA 2MG,2026-05-24,0.0,0.05007535865421429,-0.05007535865421429,0.05007535865421429
16,METFORMINA 850MG,2026-05-24,0.0,0.20258292962371396,-0.20258292962371396,0.20258292962371396
16,PARACETAMOL 500MG,2026-05-24,0.0,-0.013111748881558,0.013111748881558,0.013111748881558
16,VITAMINA C+ZINC+D3,2026-05-24,0.0,0.8212639565294595,-0.8212639565294595,0.8212639565294595
17,AZITROMICINA 500MG,2026-05-24,0.0,0.05933604194249851,-0.05933604194249851,0.05933604194249851
17,DIMENHIDRINATO 50MG,2026-05-24,0.0,0.05139491822926096,-0.05139491822926096,0.05139491822926096
17,ENALAPRIL 10MG,2026-05-24,0.0,0.1395887072794306,-0.1395887072794306,0.1395887072794306
17,IBUPROFENO TABX800,2026-05-24,0.0,0.04799868897812796,-0.04799868897812796,0.04799868897812796
17,LOPERAMIDA 2MG,2026-05-24,0.0,0.04463024716064342,-0.04463024716064342,0.04463024716064342
17,PARACETAMOL 500MG,2026-05-24,1.0,0.07307112277556893,0.9269288772244311,0.9269288772244311
17,VITAMINA C+ZINC+D3,2026-05-24,2.0,0.984052915211463,1.015947084788537,1.015947084788537
18,AZITROMICINA 500MG,2026-05-24,0.0,0.05933604194249851,-0.05933604194249851,0.05933604194249851
18,DIMENHIDRINATO 50MG,2026-05-24,0.0,0.05139491822926096,-0.05139491822926096,0.05139491822926096
18,ENALAPRIL 10MG,2026-05-24,0.0,0.1395887072794306,-0.1395887072794306,0.1395887072794306
18,IBUPROFENO TABX800,2026-05-24,0.0,0.04799868897812796,-0.04799868897812796,0.04799868897812796
18,LOPERAMIDA 2MG,2026-05-24,0.0,0.04463024716064342,-0.04463024716064342,0.04463024716064342
19,AZITROMICINA 500MG,2026-05-24,0.0,0.05933604194249851,-0.05933604194249851,0.05933604194249851
19,DIMENHIDRINATO 50MG,2026-05-24,0.0,0.05139491822926096,-0.05139491822926096,0.05139491822926096
19,ENALAPRIL 10MG,2026-05-24,0.0,0.19055998921625714,-0.19055998921625714,0.19055998921625714
19,VITAMINA C+ZINC+D3,2026-05-24,0.0,1.1401463898683355,-1.1401463898683355,1.1401463898683355
1,DIMENHIDRINATO 50MG,2026-05-31,0.0,0.04911937377337978,-0.04911937377337978,0.04911937377337978
1,ENALAPRIL 10MG,2026-05-31,3.0,0.2780214236298697,2.7219785763701303,2.7219785763701303
1,IBUPROFENO TABX800,2026-05-31,0.0,0.045723144522246774,-0.045723144522246774,0.045723144522246774
1,LOPERAMIDA 2MG,2026-05-31,0.0,0.042354702704762236,-0.042354702704762236,0.042354702704762236
1,METFORMINA 850MG,2026-05-31,0.0,0.4721739805296257,-0.4721739805296257,0.4721739805296257
1,PARACETAMOL 500MG,2026-05-31,0.0,0.09996366474135035,-0.09996366474135035,0.09996366474135035
1,VITAMINA C+ZINC+D3,2026-05-31,1.0,1.1083394412660605,-0.10833944126606054,0.10833944126606054
2,AZITROMICINA 500MG,2026-05-31,0.0,0.05982126628771029,-0.05982126628771029,0.05982126628771029
2,DIMENHIDRINATO 50MG,2026-05-31,0.0,0.051880142574472744,-0.051880142574472744,0.051880142574472744
2,ENALAPRIL 10MG,2026-05-31,1.0,0.2202132999831315,0.7797867000168686,0.7797867000168686
2,IBUPROFENO TABX800,2026-05-31,0.0,0.04848391332333973,-0.04848391332333973,0.04848391332333973
2,LOPERAMIDA 2MG,2026-05-31,0.0,0.04511547150585519,-0.04511547150585519,0.04511547150585519
2,METFORMINA 850MG,2026-05-31,1.0,0.18202961292586942,0.8179703870741306,0.8179703870741306
2,PARACETAMOL 500MG,2026-05-31,0.0,0.07355634712078071,-0.07355634712078071,0.07355634712078071
2,VITAMINA C+ZINC+D3,2026-05-31,4.0,1.632470045083168,2.367529954916832,2.367529954916832
3,AZITROMICINA 500MG,2026-05-31,0.0,0.03162242255548873,-0.03162242255548873,0.03162242255548873
3,DIMENHIDRINATO 50MG,2026-05-31,1.0,0.023681298842251182,0.9763187011577488,0.9763187011577488
3,ENALAPRIL 10MG,2026-05-31,0.0,0.3632946556485087,-0.3632946556485087,0.3632946556485087
3,IBUPROFENO TABX800,2026-05-31,0.0,0.020285069591118178,-0.020285069591118178,0.020285069591118178
3,LOPERAMIDA 2MG,2026-05-31,0.0,0.01691662777363364,-0.01691662777363364,0.01691662777363364
3,METFORMINA 850MG,2026-05-31,0.0,0.3777434367089147,-0.3777434367089147,0.3777434367089147
3,PARACETAMOL 500MG,2026-05-31,0.0,0.045357503388559144,-0.045357503388559144,0.045357503388559144
3,VITAMINA C+ZINC+D3,2026-05-31,4.0,1.1221569086521836,2.8778430913478164,2.8778430913478164
4,AZITROMICINA 500MG,2026-05-31,0.0,0.026417353583442195,-0.026417353583442195,0.026417353583442195
4,DIMENHIDRINATO 50MG,2026-05-31,0.0,0.13001640425486233,-0.13001640425486233,0.13001640425486233
4,ENALAPRIL 10MG,2026-05-31,0.0,0.1576413008572008,-0.1576413008572008,0.1576413008572008
4,IBUPROFENO TABX800,2026-05-31,0.0,0.01508000061907163,-0.01508000061907163,0.01508000061907163
4,LOPERAMIDA 2MG,2026-05-31,0.0,0.011711558801587092,-0.011711558801587092,0.011711558801587092
4,METFORMINA 850MG,2026-05-31,0.0,0.09765441828477481,-0.09765441828477481,0.09765441828477481
4,VITAMINA C+ZINC+D3,2026-05-31,0.0,1.3886442231219198,-1.3886442231219198,1.3886442231219198
5,DIMENHIDRINATO 50MG,2026-05-31,0.0,0.07682615288113488,-0.07682615288113488,0.07682615288113488
5,ENALAPRIL 10MG,2026-05-31,1.0,0.42220551062551076,0.5777944893744893,0.5777944893744893
5,IBUPROFENO TABX800,2026-05-31,0.0,0.07342992363000186,-0.07342992363000186,0.07342992363000186
5,LOPERAMIDA 2MG,2026-05-31,0.0,0.09922956823417994,-0.09922956823417994,0.09922956823417994
5,METFORMINA 850MG,2026-05-31,1.0,0.23878313406745927,0.7612168659325407,0.7612168659325407
5,PARACETAMOL 500MG,2026-05-31,0.0,0.12767044384910547,-0.12767044384910547,0.12767044384910547
5,VITAMINA C+ZINC+D3,2026-05-31,1.0,1.351897871133997,-0.35189787113399706,0.35189787113399706
6,AMOXICILINA 500MG,2026-05-31,0.0,0.020521467255887473,-0.020521467255887473,0.020521467255887473
6,AZITROMICINA 500MG,2026-05-31,0.0,0.016676346985215675,-0.016676346985215675,0.016676346985215675
6,DIMENHIDRINATO 50MG,2026-05-31,0.0,0.008735223271978121,-0.008735223271978121,0.008735223271978121
6,ENALAPRIL 10MG,2026-05-31,3.0,0.30009716985750323,2.6999028301424968,2.6999028301424968
6,IBUPROFENO TABX800,2026-05-31,0.0,0.005338994020845117,-0.005338994020845117,0.005338994020845117
6,LOPERAMIDA 2MG,2026-05-31,0.0,0.001970552203360565,-0.001970552203360565,0.001970552203360565
6,METFORMINA 850MG,2026-05-31,0.0,0.08791341168654829,-0.08791341168654829,0.08791341168654829
6,VITAMINA C+ZINC+D3,2026-05-31,0.0,1.6496766199902455,-1.6496766199902455,1.6496766199902455
7,AMOXICILINA 500MG,2026-05-31,0.0,-0.011981897853775875,0.011981897853775875,0.011981897853775875
7,AZITROMICINA 500MG,2026-05-31,0.0,-0.015827018124447673,0.015827018124447673,0.015827018124447673
7,DIMENHIDRINATO 50MG,2026-05-31,0.0,-0.02376814183768522,0.02376814183768522,0.02376814183768522
7,ENALAPRIL 10MG,2026-05-31,0.0,0.06442564721248442,-0.06442564721248442,0.06442564721248442
7,IBUPROFENO TABX800,2026-05-31,0.0,-0.027164371088818223,0.027164371088818223,0.027164371088818223
7,METFORMINA 850MG,2026-05-31,0.0,0.055410046576884954,-0.055410046576884954,0.055410046576884954
7,PARACETAMOL 500MG,2026-05-31,0.0,-0.002091937291377244,0.002091937291377244,0.002091937291377244
7,VITAMINA C+ZINC+D3,2026-05-31,1.0,0.9544836898616162,0.04551631013838375,0.04551631013838375
8,AMOXICILINA 500MG,2026-05-31,0.0,-0.0253433376593023,0.0253433376593023,0.0253433376593023
8,AZITROMICINA 500MG,2026-05-31,0.0,-0.0291884579299741,0.0291884579299741,0.0291884579299741
8,DIMENHIDRINATO 50MG,2026-05-31,0.0,-0.037129581643211645,0.037129581643211645,0.037129581643211645
8,ENALAPRIL 10MG,2026-05-31,0.0,0.0802322938286206,-0.0802322938286206,0.0802322938286206
8,IBUPROFENO TABX800,2026-05-31,0.0,-0.04052581089434468,0.04052581089434468,0.04052581089434468
8,LOPERAMIDA 2MG,2026-05-31,0.0,-0.0438942527118292,0.0438942527118292,0.0438942527118292
8,METFORMINA 850MG,2026-05-31,0.0,0.042048606771358514,-0.042048606771358514,0.042048606771358514
8,PARACETAMOL 500MG,2026-05-31,0.0,-0.015453377096903698,0.015453377096903698,0.015453377096903698
8,VITAMINA C+ZINC+D3,2026-05-31,0.0,0.5019162873041374,-0.5019162873041374,0.5019162873041374
9,AZITROMICINA 500MG,2026-05-31,0.0,0.04520155376025125,-0.04520155376025125,0.04520155376025125
9,DIMENHIDRINATO 50MG,2026-05-31,0.0,-0.01635027630307792,0.01635027630307792,0.01635027630307792
9,ENALAPRIL 10MG,2026-05-31,0.0,0.12545421909718335,-0.12545421909718335,0.12545421909718335
9,LOPERAMIDA 2MG,2026-05-31,0.0,-0.023114947371695477,0.023114947371695477,0.023114947371695477
9,METFORMINA 850MG,2026-05-31,0.0,0.06282791211149225,-0.06282791211149225,0.06282791211149225
9,PARACETAMOL 500MG,2026-05-31,0.0,0.005325928243230055,-0.005325928243230055,0.005325928243230055
9,VITAMINA C+ZINC+D3,2026-05-31,0.0,0.7147818401961772,-0.7147818401961772,0.7147818401961772
10,AMOXICILINA 500MG,2026-05-31,0.0,0.019137539859587473,-0.019137539859587473,0.019137539859587473
10,AZITROMICINA 500MG,2026-05-31,0.0,0.015292419588915675,-0.015292419588915675,0.015292419588915675
10,DIMENHIDRINATO 50MG,2026-05-31,0.0,0.007351295875678121,-0.007351295875678121,0.007351295875678121
10,ENALAPRIL 10MG,2026-05-31,0.0,0.465121297841031,-0.465121297841031,0.465121297841031
10,IBUPROFENO TABX800,2026-05-31,0.0,0.003955066624545089,-0.003955066624545089,0.003955066624545089
10,LOPERAMIDA 2MG,2026-05-31,0.0,0.0005866248070605651,-0.0005866248070605651,0.0005866248070605651
10,PARACETAMOL 500MG,2026-05-31,0.0,0.029027500421986076,-0.029027500421986076,0.029027500421986076
10,VITAMINA C+ZINC+D3,2026-05-31,2.0,1.3578369159937957,0.6421630840062043,0.6421630840062043
11,AMOXICILINA 500MG,2026-05-31,0.0,-0.028071626159295288,0.028071626159295288,0.028071626159295288
11,AZITROMICINA 500MG,2026-05-31,0.0,-0.031916746429967086,0.031916746429967086,0.031916746429967086
11,DIMENHIDRINATO 50MG,2026-05-31,0.0,-0.03985787014320463,0.03985787014320463,0.03985787014320463
11,ENALAPRIL 10MG,2026-05-31,2.0,0.13111471167871927,1.8688852883212808,1.8688852883212808
11,IBUPROFENO TABX800,2026-05-31,0.0,-0.043254099394337636,0.043254099394337636,0.043254099394337636
11,LOPERAMIDA 2MG,2026-05-31,0.0,-0.04662254121182219,0.04662254121182219,0.04662254121182219
11,METFORMINA 850MG,2026-05-31,0.0,0.03932031827136554,-0.03932031827136554,0.03932031827136554
11,PARACETAMOL 500MG,2026-05-31,0.0,-0.018181665596896657,0.018181665596896657,0.018181665596896657
11,VITAMINA C+ZINC+D3,2026-05-31,1.0,0.8671653217509472,0.13283467824905282,0.13283467824905282
12,AMOXICILINA 500MG,2026-05-31,0.0,0.023251186074985435,-0.023251186074985435,0.023251186074985435
12,AZITROMICINA 500MG,2026-05-31,0.0,0.019406065804313637,-0.019406065804313637,0.019406065804313637
12,DIMENHIDRINATO 50MG,2026-05-31,0.0,0.011464942091076076,-0.011464942091076076,0.011464942091076076
12,ENALAPRIL 10MG,2026-05-31,0.0,0.21119890552590342,-0.21119890552590342,0.21119890552590342
12,IBUPROFENO TABX800,2026-05-31,0.0,0.008068712839943065,-0.008068712839943065,0.008068712839943065
12,METFORMINA 850MG,2026-05-31,0.0,0.11981121692730885,-0.11981121692730885,0.11981121692730885
12,PARACETAMOL 500MG,2026-05-31,0.0,0.03314114663738405,-0.03314114663738405,0.03314114663738405
12,VITAMINA C+ZINC+D3,2026-05-31,0.0,1.164911723336688,-1.164911723336688,1.164911723336688
13,AMOXICILINA 500MG,2026-05-31,0.0,-0.017168455485205514,0.017168455485205514,0.017168455485205514
13,AZITROMICINA 500MG,2026-05-31,0.0,-0.021013575755877312,0.021013575755877312,0.021013575755877312
13,DIMENHIDRINATO 50MG,2026-05-31,0.0,-0.02895469946911486,0.02895469946911486,0.02895469946911486
13,ENALAPRIL 10MG,2026-05-31,1.0,0.1800351591534152,0.8199648408465848,0.8199648408465848
13,IBUPROFENO TABX800,2026-05-31,0.0,-0.03235092872024789,0.03235092872024789,0.03235092872024789
13,METFORMINA 850MG,2026-05-31,0.0,0.10732408954513128,-0.10732408954513128,0.10732408954513128
13,VITAMINA C+ZINC+D3,2026-05-31,2.0,1.0236488972491284,0.9763511027508716,0.9763511027508716
14,AZITROMICINA 500MG,2026-05-31,0.0,0.0009042451672807705,-0.0009042451672807705,0.0009042451672807705
14,DIMENHIDRINATO 50MG,2026-05-31,0.0,-0.007036878545956804,0.007036878545956804,0.007036878545956804
14,ENALAPRIL 10MG,2026-05-31,0.0,0.16129627886270198,-0.16129627886270198,0.16129627886270198
14,IBUPROFENO TABX800,2026-05-31,0.0,-0.010433107797089808,0.010433107797089808,0.010433107797089808
14,METFORMINA 850MG,2026-05-31,0.0,0.07214130986861336,-0.07214130986861336,0.07214130986861336
14,PARACETAMOL 500MG,2026-05-31,0.0,0.014639326000351179,-0.014639326000351179,0.014639326000351179
14,VITAMINA C+ZINC+D3,2026-05-31,0.0,1.0897160069087382,-1.0897160069087382,1.0897160069087382
15,AMOXICILINA 500MG,2026-05-31,0.0,0.054764748039292745,-0.054764748039292745,0.054764748039292745
15,AZITROMICINA 500MG,2026-05-31,0.0,0.05091962776862095,-0.05091962776862095,0.05091962776862095
15,DIMENHIDRINATO 50MG,2026-05-31,0.0,0.0429785040553834,-0.0429785040553834,0.0429785040553834
15,ENALAPRIL 10MG,2026-05-31,1.0,0.16034037952721564,0.8396596204727844,0.8396596204727844
15,IBUPROFENO TABX800,2026-05-31,0.0,0.039582274804250396,-0.039582274804250396,0.039582274804250396
15,METFORMINA 850MG,2026-05-31,0.0,0.12215669246995356,-0.12215669246995356,0.12215669246995356
15,PARACETAMOL 500MG,2026-05-31,0.0,0.06465470860169137,-0.06465470860169137,0.06465470860169137
15,VITAMINA C+ZINC+D3,2026-05-31,4.0,1.021655191653812,2.978344808346188,2.978344808346188
16,AMOXICILINA 500MG,2026-05-31,0.0,-0.025277253899837787,0.025277253899837787,0.025277253899837787
16,AZITROMICINA 500MG,2026-05-31,0.0,-0.029122374170509585,0.029122374170509585,0.029122374170509585
16,DIMENHIDRINATO 50MG,2026-05-31,0.0,-0.03706349788374713,0.03706349788374713,0.03706349788374713
16,ENALAPRIL 10MG,2026-05-31,0.0,0.17192636073878292,-0.17192636073878292,0.17192636073878292
16,IBUPROFENO TABX800,2026-05-31,0.0,-0.040459727134880136,0.040459727134880136,0.040459727134880136
16,LOPERAMIDA 2MG,2026-05-31,0.0,0.067712005432293,-0.067712005432293,0.067712005432293
16,METFORMINA 850MG,2026-05-31,0.0,0.10045086337414824,-0.10045086337414824,0.10045086337414824
16,PARACETAMOL 500MG,2026-05-31,0.0,-0.015387293337439184,0.015387293337439184,0.015387293337439184
16,VITAMINA C+ZINC+D3,2026-05-31,1.0,0.8052020881914064,0.19479791180859363,0.19479791180859363
17,DIMENHIDRINATO 50MG,2026-05-31,0.0,0.04911937377337978,-0.04911937377337978,0.04911937377337978
17,ENALAPRIL 10MG,2026-05-31,0.0,0.1373131628235494,-0.1373131628235494,0.1373131628235494
17,IBUPROFENO TABX800,2026-05-31,0.0,0.045723144522246774,-0.045723144522246774,0.045723144522246774
17,LOPERAMIDA 2MG,2026-05-31,0.0,0.042354702704762236,-0.042354702704762236,0.042354702704762236
17,PARACETAMOL 500MG,2026-05-31,0.0,0.16242356147038553,-0.16242356147038553,0.16242356147038553
17,VITAMINA C+ZINC+D3,2026-05-31,0.0,1.021605204534563,-1.021605204534563,1.021605204534563
18,AZITROMICINA 500MG,2026-05-31,0.0,0.057060497486617325,-0.057060497486617325,0.057060497486617325
18,DIMENHIDRINATO 50MG,2026-05-31,0.0,0.04911937377337978,-0.04911937377337978,0.04911937377337978
18,ENALAPRIL 10MG,2026-05-31,0.0,0.1373131628235494,-0.1373131628235494,0.1373131628235494
18,IBUPROFENO TABX800,2026-05-31,0.0,0.045723144522246774,-0.045723144522246774,0.045723144522246774
18,LOPERAMIDA 2MG,2026-05-31,0.0,0.042354702704762236,-0.042354702704762236,0.042354702704762236
18,METFORMINA 850MG,2026-05-31,0.0,0.15746564860961254,-0.15746564860961254,0.15746564860961254
19,AZITROMICINA 500MG,2026-05-31,0.0,0.057060497486617325,-0.057060497486617325,0.057060497486617325
19,DIMENHIDRINATO 50MG,2026-05-31,0.0,0.04911937377337978,-0.04911937377337978,0.04911937377337978
19,ENALAPRIL 10MG,2026-05-31,0.0,0.1373131628235494,-0.1373131628235494,0.1373131628235494
19,VITAMINA C+ZINC+D3,2026-05-31,0.0,1.1054426828415698,-1.1054426828415698,1.1054426828415698
1,DIMENHIDRINATO 50MG,2026-06-07,0.0,0.044619456914805004,-0.044619456914805004,0.044619456914805004
1,ENALAPRIL 10MG,2026-06-07,1.0,0.4939658824384066,0.5060341175615934,0.5060341175615934
1,IBUPROFENO TABX800,2026-06-07,0.0,0.04122322766367199,-0.04122322766367199,0.04122322766367199
1,LOPERAMIDA 2MG,2026-06-07,0.0,0.03785478584618745,-0.03785478584618745,0.03785478584618745
1,METFORMINA 850MG,2026-06-07,1.0,0.40051030285021133,0.5994896971497887,0.5994896971497887
1,PARACETAMOL 500MG,2026-06-07,0.0,0.1172669433979395,-0.1172669433979395,0.1172669433979395
1,VITAMINA C+ZINC+D3,2026-06-07,3.0,1.14715380112499,1.85284619887501,1.85284619887501
2,AZITROMICINA 500MG,2026-06-07,0.0,0.055321349429135504,-0.055321349429135504,0.055321349429135504
2,DIMENHIDRINATO 50MG,2026-06-07,0.0,0.04738022571589796,-0.04738022571589796,0.04738022571589796
2,ENALAPRIL 10MG,2026-06-07,0.0,0.256370084338428,-0.256370084338428,0.256370084338428
2,IBUPROFENO TABX800,2026-06-07,0.0,0.04398399646476495,-0.04398399646476495,0.04398399646476495
2,LOPERAMIDA 2MG,2026-06-07,0.0,0.040615554647280415,-0.040615554647280415,0.040615554647280415
2,METFORMINA 850MG,2026-06-07,1.0,0.2181863972811659,0.781813602718834,0.781813602718834
2,PARACETAMOL 500MG,2026-06-07,0.0,0.06905643026220593,-0.06905643026220593,0.06905643026220593
2,VITAMINA C+ZINC+D3,2026-06-07,3.0,2.067917608486484,0.9320823915135161,0.9320823915135161
3,AZITROMICINA 500MG,2026-06-07,0.0,0.027122505696913955,-0.027122505696913955,0.027122505696913955
3,DIMENHIDRINATO 50MG,2026-06-07,0.0,0.1108093651343742,-0.1108093651343742,0.1108093651343742
3,ENALAPRIL 10MG,2026-06-07,1.0,0.27642265082693884,0.7235773491730612,0.7235773491730612
3,IBUPROFENO TABX800,2026-06-07,0.0,0.01578515273254339,-0.01578515273254339,0.01578515273254339
3,LOPERAMIDA 2MG,2026-06-07,0.0,0.012416710915058853,-0.012416710915058853,0.012416710915058853
3,METFORMINA 850MG,2026-06-07,1.0,0.43298009355221967,0.5670199064477803,0.5670199064477803
3,PARACETAMOL 500MG,2026-06-07,0.0,0.04085758652998437,-0.04085758652998437,0.04085758652998437
3,VITAMINA C+ZINC+D3,2026-06-07,0.0,1.4540539287328502,-1.4540539287328502,1.4540539287328502
4,AZITROMICINA 500MG,2026-06-07,0.0,0.021917436724867408,-0.021917436724867408,0.021917436724867408
4,DIMENHIDRINATO 50MG,2026-06-07,0.0,0.07107691361130583,-0.07107691361130583,0.07107691361130583
4,ENALAPRIL 10MG,2026-06-07,0.0,0.1021701020617995,-0.1021701020617995,0.1021701020617995
4,IBUPROFENO TABX800,2026-06-07,0.0,0.01058008376049685,-0.01058008376049685,0.01058008376049685
4,LOPERAMIDA 2MG,2026-06-07,0.0,0.007211641943012298,-0.007211641943012298,0.007211641943012298
4,METFORMINA 850MG,2026-06-07,0.0,0.09315450142620002,-0.09315450142620002,0.09315450142620002
4,VITAMINA C+ZINC+D3,2026-06-07,0.0,1.2210338006073334,-1.2210338006073334,1.2210338006073334
5,DIMENHIDRINATO 50MG,2026-06-07,0.0,0.07232623602256011,-0.07232623602256011,0.07232623602256011
5,ENALAPRIL 10MG,2026-06-07,1.0,0.5021637238098996,0.4978362761901004,0.4978362761901004
5,IBUPROFENO TABX800,2026-06-07,0.0,0.06893000677142709,-0.06893000677142709,0.06893000677142709
5,LOPERAMIDA 2MG,2026-06-07,0.0,0.09472965137560517,-0.09472965137560517,0.09472965137560517
5,METFORMINA 850MG,2026-06-07,0.0,0.3014685804311533,-0.3014685804311533,0.3014685804311533
5,PARACETAMOL 500MG,2026-06-07,0.0,0.12317052699053069,-0.12317052699053069,0.12317052699053069
5,VITAMINA C+ZINC+D3,2026-06-07,2.0,1.2341784426195552,0.7658215573804448,0.7658215573804448
6,AZITROMICINA 500MG,2026-06-07,0.0,0.012176430126640887,-0.012176430126640887,0.012176430126640887
6,DIMENHIDRINATO 50MG,2026-06-07,0.0,0.004235306413403334,-0.004235306413403334,0.004235306413403334
6,ENALAPRIL 10MG,2026-06-07,0.0,0.5359538199,-0.5359538199,0.5359538199
6,IBUPROFENO TABX800,2026-06-07,0.0,0.0008390771622703297,-0.0008390771622703297,0.0008390771622703297
6,LOPERAMIDA 2MG,2026-06-07,0.0,-0.0025293646552141946,0.0025293646552141946,0.0025293646552141946
6,METFORMINA 850MG,2026-06-07,0.0,0.0834134948279735,-0.0834134948279735,0.0834134948279735
6,VITAMINA C+ZINC+D3,2026-06-07,3.0,1.3567265213086606,1.6432734786913394,1.6432734786913394
7,AMOXICILINA 500MG,2026-06-07,0.0,-0.016481814712350634,0.016481814712350634,0.016481814712350634
7,AZITROMICINA 500MG,2026-06-07,0.0,-0.020326934983022432,0.020326934983022432,0.020326934983022432
7,DIMENHIDRINATO 50MG,2026-06-07,0.0,-0.028268058696260007,0.028268058696260007,0.028268058696260007
7,ENALAPRIL 10MG,2026-06-07,0.0,0.059925730353909655,-0.059925730353909655,0.059925730353909655
7,IBUPROFENO TABX800,2026-06-07,0.0,-0.03166428794739298,0.03166428794739298,0.03166428794739298
7,METFORMINA 850MG,2026-06-07,0.0,0.05091012971831017,-0.05091012971831017,0.05091012971831017
7,PARACETAMOL 500MG,2026-06-07,0.0,-0.006591854149952031,0.006591854149952031,0.006591854149952031
7,VITAMINA C+ZINC+D3,2026-06-07,1.0,1.0707763912643407,-0.07077639126434065,0.07077639126434065
8,AMOXICILINA 500MG,2026-06-07,0.0,-0.029843254517877088,0.029843254517877088,0.029843254517877088
8,AZITROMICINA 500MG,2026-06-07,0.0,-0.033688374788548886,0.033688374788548886,0.033688374788548886
8,DIMENHIDRINATO 50MG,2026-06-07,0.0,-0.04162949850178643,0.04162949850178643,0.04162949850178643
8,ENALAPRIL 10MG,2026-06-07,0.0,0.07573237697004583,-0.07573237697004583,0.07573237697004583
8,IBUPROFENO TABX800,2026-06-07,0.0,-0.04502572775291944,0.04502572775291944,0.04502572775291944
8,LOPERAMIDA 2MG,2026-06-07,0.0,-0.04839416957040399,0.04839416957040399,0.04839416957040399
8,METFORMINA 850MG,2026-06-07,0.0,0.03754868991278373,-0.03754868991278373,0.03754868991278373
8,PARACETAMOL 500MG,2026-06-07,0.0,-0.019953293955478485,0.019953293955478485,0.019953293955478485
8,VITAMINA C+ZINC+D3,2026-06-07,0.0,0.5192195659607266,-0.5192195659607266,0.5192195659607266
9,AZITROMICINA 500MG,2026-06-07,0.0,0.016259016973247463,-0.016259016973247463,0.016259016973247463
9,DIMENHIDRINATO 50MG,2026-06-07,0.0,-0.02085019316165268,0.02085019316165268,0.02085019316165268
9,ENALAPRIL 10MG,2026-06-07,1.0,0.09651168231017956,0.9034883176898204,0.9034883176898204
9,LOPERAMIDA 2MG,2026-06-07,0.0,-0.027614864230270236,0.027614864230270236,0.027614864230270236
9,METFORMINA 850MG,2026-06-07,0.0,0.058327995252917465,-0.058327995252917465,0.058327995252917465
9,PARACETAMOL 500MG,2026-06-07,0.0,0.0008260113846552675,-0.0008260113846552675,0.0008260113846552675
9,VITAMINA C+ZINC+D3,2026-06-07,0.0,0.6566712169875106,-0.6566712169875106,0.6566712169875106
10,AMOXICILINA 500MG,2026-06-07,0.0,0.014637623001012685,-0.014637623001012685,0.014637623001012685
10,AZITROMICINA 500MG,2026-06-07,0.0,0.01079250273034088,-0.01079250273034088,0.01079250273034088
10,DIMENHIDRINATO 50MG,2026-06-07,0.0,0.0028513790171033337,-0.0028513790171033337,0.0028513790171033337
10,ENALAPRIL 10MG,2026-06-07,0.0,0.41523921327535135,-0.41523921327535135,0.41523921327535135
10,IBUPROFENO TABX800,2026-06-07,0.0,-0.0005448502340296701,0.0005448502340296701,0.0005448502340296701
10,LOPERAMIDA 2MG,2026-06-07,0.0,-0.003913292051514222,0.003913292051514222,0.003913292051514222
10,PARACETAMOL 500MG,2026-06-07,0.0,0.024527583563411302,-0.024527583563411302,0.024527583563411302
10,VITAMINA C+ZINC+D3,2026-06-07,0.0,1.299937959795124,-1.299937959795124,1.299937959795124
11,AMOXICILINA 500MG,2026-06-07,0.0,-0.03257154301787005,0.03257154301787005,0.03257154301787005
11,AZITROMICINA 500MG,2026-06-07,0.0,-0.036416663288541845,0.036416663288541845,0.036416663288541845
11,DIMENHIDRINATO 50MG,2026-06-07,0.0,-0.04435778700177942,0.04435778700177942,0.04435778700177942
11,ENALAPRIL 10MG,2026-06-07,0.0,0.2854281411931111,-0.2854281411931111,0.2854281411931111
11,IBUPROFENO TABX800,2026-06-07,0.0,-0.047754016252912396,0.047754016252912396,0.047754016252912396
11,LOPERAMIDA 2MG,2026-06-07,0.0,-0.051122458070396976,0.051122458070396976,0.051122458070396976
11,METFORMINA 850MG,2026-06-07,0.0,0.03482040141279077,-0.03482040141279077,0.03482040141279077
11,PARACETAMOL 500MG,2026-06-07,0.0,-0.022681582455471444,0.022681582455471444,0.022681582455471444
11,VITAMINA C+ZINC+D3,2026-06-07,3.0,0.8677325867089081,2.1322674132910917,2.1322674132910917
12,AMOXICILINA 500MG,2026-06-07,0.0,0.01875126921641066,-0.01875126921641066,0.01875126921641066
12,DIMENHIDRINATO 50MG,2026-06-07,0.0,0.0069650252325013096,-0.0069650252325013096,0.0069650252325013096
12,ENALAPRIL 10MG,2026-06-07,0.0,0.15225941488234693,-0.15225941488234693,0.15225941488234693
12,IBUPROFENO TABX800,2026-06-07,0.0,0.003568795981368278,-0.003568795981368278,0.003568795981368278
12,METFORMINA 850MG,2026-06-07,0.0,0.11531130006873408,-0.11531130006873408,0.11531130006873408
12,PARACETAMOL 500MG,2026-06-07,0.0,0.028641229778809264,-0.028641229778809264,0.028641229778809264
12,VITAMINA C+ZINC+D3,2026-06-07,0.0,0.9839623755597204,-0.9839623755597204,0.9839623755597204
13,AMOXICILINA 500MG,2026-06-07,0.0,-0.0216683723437803,0.0216683723437803,0.0216683723437803
13,AZITROMICINA 500MG,2026-06-07,0.0,-0.0255134926144521,0.0255134926144521,0.0255134926144521
13,DIMENHIDRINATO 50MG,2026-06-07,0.0,-0.03345461632768962,0.03345461632768962,0.03345461632768962
13,ENALAPRIL 10MG,2026-06-07,0.0,0.2870754166794981,-0.2870754166794981,0.2870754166794981
13,IBUPROFENO TABX800,2026-06-07,0.0,-0.03685084557882265,0.03685084557882265,0.03685084557882265
13,METFORMINA 850MG,2026-06-07,1.0,0.09933427843697215,0.9006657215630278,0.9006657215630278
13,VITAMINA C+ZINC+D3,2026-06-07,1.0,1.0844649417330476,-0.08446494173304764,0.08446494173304764
14,AZITROMICINA 500MG,2026-06-07,0.0,-0.0035956716912940168,0.0035956716912940168,0.0035956716912940168
14,DIMENHIDRINATO 50MG,2026-06-07,0.0,-0.011536795404531563,0.011536795404531563,0.011536795404531563
14,ENALAPRIL 10MG,2026-06-07,0.0,0.10582508006730068,-0.10582508006730068,0.10582508006730068
14,IBUPROFENO TABX800,2026-06-07,0.0,-0.014933024655664567,0.014933024655664567,0.014933024655664567
14,METFORMINA 850MG,2026-06-07,0.0,0.0676413930100386,-0.0676413930100386,0.0676413930100386
14,PARACETAMOL 500MG,2026-06-07,1.0,0.010139409141776384,0.9898605908582236,0.9898605908582236
14,VITAMINA C+ZINC+D3,2026-06-07,1.0,1.0076630937833995,-0.007663093783399466,0.007663093783399466
15,AMOXICILINA 500MG,2026-06-07,0.0,0.05026483118071796,-0.05026483118071796,0.05026483118071796
15,AZITROMICINA 500MG,2026-06-07,0.0,0.04641971091004616,-0.04641971091004616,0.04641971091004616
15,DIMENHIDRINATO 50MG,2026-06-07,0.0,0.03847858719680861,-0.03847858719680861,0.03847858719680861
15,ENALAPRIL 10MG,2026-06-07,0.0,0.26927164133450254,-0.26927164133450254,0.26927164133450254
15,IBUPROFENO TABX800,2026-06-07,0.0,0.03508235794567561,-0.03508235794567561,0.03508235794567561
15,METFORMINA 850MG,2026-06-07,0.0,0.11765677561137877,-0.11765677561137877,0.11765677561137877
15,PARACETAMOL 500MG,2026-06-07,0.0,0.06015479174311658,-0.06015479174311658,0.06015479174311658
15,VITAMINA C+ZINC+D3,2026-06-07,0.0,1.1958626613117957,-1.1958626613117957,1.1958626613117957
16,AMOXICILINA 500MG,2026-06-07,1.0,-0.029777170758412574,1.0297771707584125,1.0297771707584125
16,AZITROMICINA 500MG,2026-06-07,0.0,-0.03362229102908437,0.03362229102908437,0.03362229102908437
16,DIMENHIDRINATO 50MG,2026-06-07,0.0,-0.04156341474232192,0.04156341474232192,0.04156341474232192
16,ENALAPRIL 10MG,2026-06-07,1.0,0.18733863511416804,0.812661364885832,0.812661364885832
16,IBUPROFENO TABX800,2026-06-07,0.0,-0.04495964399345495,0.04495964399345495,0.04495964399345495
16,LOPERAMIDA 2MG,2026-06-07,0.0,0.008772514788736502,-0.008772514788736502,0.008772514788736502
16,METFORMINA 850MG,2026-06-07,0.0,0.09595094651557345,-0.09595094651557345,0.09595094651557345
16,PARACETAMOL 500MG,2026-06-07,0.0,-0.019887210196013944,0.019887210196013944,0.019887210196013944
16,VITAMINA C+ZINC+D3,2026-06-07,0.0,0.7324797249767394,-0.7324797249767394,0.7324797249767394
17,DIMENHIDRINATO 50MG,2026-06-07,0.0,0.044619456914805004,-0.044619456914805004,0.044619456914805004
17,ENALAPRIL 10MG,2026-06-07,0.0,0.13281324596497465,-0.13281324596497465,0.13281324596497465
17,IBUPROFENO TABX800,2026-06-07,0.0,0.04122322766367199,-0.04122322766367199,0.04122322766367199
17,LOPERAMIDA 2MG,2026-06-07,0.0,0.03785478584618745,-0.03785478584618745,0.03785478584618745
17,PARACETAMOL 500MG,2026-06-07,0.0,0.17783583584577065,-0.17783583584577065,0.17783583584577065
17,VITAMINA C+ZINC+D3,2026-06-07,0.0,0.9710676879313287,-0.9710676879313287,0.9710676879313287
18,AZITROMICINA 500MG,2026-06-07,0.0,0.05256058062804255,-0.05256058062804255,0.05256058062804255
18,DIMENHIDRINATO 50MG,2026-06-07,0.0,0.044619456914805004,-0.044619456914805004,0.044619456914805004
18,ENALAPRIL 10MG,2026-06-07,0.0,0.13281324596497465,-0.13281324596497465,0.13281324596497465
18,IBUPROFENO TABX800,2026-06-07,0.0,0.04122322766367199,-0.04122322766367199,0.04122322766367199
18,LOPERAMIDA 2MG,2026-06-07,0.0,0.03785478584618745,-0.03785478584618745,0.03785478584618745
18,METFORMINA 850MG,2026-06-07,0.0,0.1747689272662017,-0.1747689272662017,0.1747689272662017
19,AZITROMICINA 500MG,2026-06-07,0.0,0.05256058062804255,-0.05256058062804255,0.05256058062804255
19,DIMENHIDRINATO 50MG,2026-06-07,0.0,0.044619456914805004,-0.044619456914805004,0.044619456914805004
19,ENALAPRIL 10MG,2026-06-07,0.0,0.13281324596497465,-0.13281324596497465,0.13281324596497465
19,VITAMINA C+ZINC+D3,2026-06-07,0.0,0.8342560261833518,-0.8342560261833518,0.8342560261833518
1,DIMENHIDRINATO 50MG,2026-06-14,0.0,0.04234391245892382,-0.04234391245892382,0.04234391245892382
1,ENALAPRIL 10MG,2026-06-14,1.0,0.6613681961006825,0.33863180389931746,0.33863180389931746
1,IBUPROFENO TABX800,2026-06-14,0.0,0.0389476832077908,-0.0389476832077908,0.0389476832077908
1,LOPERAMIDA 2MG,2026-06-14,0.0,0.035579241390306264,-0.035579241390306264,0.035579241390306264
1,METFORMINA 850MG,2026-06-14,1.0,0.37747209732405096,0.622527902675949,0.622527902675949
1,PARACETAMOL 500MG,2026-06-14,0.0,0.06402011700523177,-0.06402011700523177,0.06402011700523177
1,VITAMINA C+ZINC+D3,2026-06-14,1.0,1.2218944998138062,-0.22189449981380616,0.22189449981380616
2,AZITROMICINA 500MG,2026-06-14,0.0,0.05304580497325432,-0.05304580497325432,0.05304580497325432
2,DIMENHIDRINATO 50MG,2026-06-14,0.0,0.04510468126001677,-0.04510468126001677,0.04510468126001677
2,ENALAPRIL 10MG,2026-06-14,1.0,0.2958099266316706,0.7041900733683294,0.7041900733683294
2,IBUPROFENO TABX800,2026-06-14,0.0,0.04170845200888377,-0.04170845200888377,0.04170845200888377
2,LOPERAMIDA 2MG,2026-06-14,0.0,0.03834001019139923,-0.03834001019139923,0.03834001019139923
2,METFORMINA 850MG,2026-06-14,0.0,0.3274510272099424,-0.3274510272099424,0.3274510272099424
2,PARACETAMOL 500MG,2026-06-14,0.0,0.06678088580632474,-0.06678088580632474,0.06678088580632474
2,VITAMINA C+ZINC+D3,2026-06-14,1.0,1.9540862495474038,-0.9540862495474038,0.9540862495474038
3,DIMENHIDRINATO 50MG,2026-06-14,0.0,0.12844601191245292,-0.12844601191245292,0.12844601191245292
3,ENALAPRIL 10MG,2026-06-14,2.0,0.35964577085890603,1.640354229141094,1.640354229141094
3,IBUPROFENO TABX800,2026-06-14,0.0,0.013509608276662206,-0.013509608276662206,0.013509608276662206
3,LOPERAMIDA 2MG,2026-06-14,0.0,0.010141166459177675,-0.010141166459177675,0.010141166459177675
3,METFORMINA 850MG,2026-06-14,0.0,0.3590138108920911,-0.3590138108920911,0.3590138108920911
3,VITAMINA C+ZINC+D3,2026-06-14,0.0,1.1903236549087668,-1.1903236549087668,1.1903236549087668
4,AZITROMICINA 500MG,2026-06-14,0.0,0.019641892268986223,-0.019641892268986223,0.019641892268986223
4,DIMENHIDRINATO 50MG,2026-06-14,0.0,0.0653114749058403,-0.0653114749058403,0.0653114749058403
4,ENALAPRIL 10MG,2026-06-14,1.0,0.09989455760591831,0.9001054423940817,0.9001054423940817
4,IBUPROFENO TABX800,2026-06-14,0.0,0.008304539304615666,-0.008304539304615666,0.008304539304615666
4,LOPERAMIDA 2MG,2026-06-14,0.0,0.004936097487131114,-0.004936097487131114,0.004936097487131114
4,METFORMINA 850MG,2026-06-14,0.0,0.09087895697031884,-0.09087895697031884,0.09087895697031884
4,VITAMINA C+ZINC+D3,2026-06-14,0.0,1.0396694008197942,-1.0396694008197942,1.0396694008197942
5,DIMENHIDRINATO 50MG,2026-06-14,0.0,0.07005069156667892,-0.07005069156667892,0.07005069156667892
5,ENALAPRIL 10MG,2026-06-14,0.0,0.5278206935320318,-0.5278206935320318,0.5278206935320318
5,IBUPROFENO TABX800,2026-06-14,0.0,0.0666544623155459,-0.0666544623155459,0.0666544623155459
5,LOPERAMIDA 2MG,2026-06-14,0.0,0.1142573024348879,-0.1142573024348879,0.1142573024348879
5,METFORMINA 850MG,2026-06-14,1.0,0.31910522720923196,0.680894772790768,0.680894772790768
5,PARACETAMOL 500MG,2026-06-14,0.0,0.1426981780498134,-0.1426981780498134,0.1426981780498134
5,VITAMINA C+ZINC+D3,2026-06-14,3.0,1.3404403304103356,1.6595596695896644,1.6595596695896644
6,AZITROMICINA 500MG,2026-06-14,0.0,0.009900885670759696,-0.009900885670759696,0.009900885670759696
6,DIMENHIDRINATO 50MG,2026-06-14,0.0,0.001959761957522149,-0.001959761957522149,0.001959761957522149
6,ENALAPRIL 10MG,2026-06-14,0.0,0.5354853811114324,-0.5354853811114324,0.5354853811114324
6,IBUPROFENO TABX800,2026-06-14,0.0,-0.0014364672936108547,0.0014364672936108547,0.0014364672936108547
6,LOPERAMIDA 2MG,2026-06-14,0.0,-0.004804909111095407,0.004804909111095407,0.004804909111095407
6,METFORMINA 850MG,2026-06-14,0.0,0.08113795037209232,-0.08113795037209232,0.08113795037209232
6,VITAMINA C+ZINC+D3,2026-06-14,1.0,1.4202491171166625,-0.42024911711666246,0.42024911711666246
7,AMOXICILINA 500MG,2026-06-14,0.0,-0.01875735916823182,0.01875735916823182,0.01875735916823182
7,AZITROMICINA 500MG,2026-06-14,0.0,-0.022602479438903617,0.022602479438903617,0.022602479438903617
7,DIMENHIDRINATO 50MG,2026-06-14,0.0,-0.03054360315214119,0.03054360315214119,0.03054360315214119
7,ENALAPRIL 10MG,2026-06-14,0.0,0.05765018589802847,-0.05765018589802847,0.05765018589802847
7,IBUPROFENO TABX800,2026-06-14,0.0,-0.03393983240327417,0.03393983240327417,0.03393983240327417
7,METFORMINA 850MG,2026-06-14,0.0,0.04863458526242898,-0.04863458526242898,0.04863458526242898
7,PARACETAMOL 500MG,2026-06-14,0.0,-0.008867398605833215,0.008867398605833215,0.008867398605833215
7,VITAMINA C+ZINC+D3,2026-06-14,1.0,0.9413083979729164,0.05869160202708357,0.05869160202708357
8,AMOXICILINA 500MG,2026-06-14,0.0,-0.03211879897375827,0.03211879897375827,0.03211879897375827
8,AZITROMICINA 500MG,2026-06-14,0.0,-0.03596391924443007,0.03596391924443007,0.03596391924443007
8,DIMENHIDRINATO 50MG,2026-06-14,0.0,-0.04390504295766762,0.04390504295766762,0.04390504295766762
8,ENALAPRIL 10MG,2026-06-14,0.0,0.09526002802932856,-0.09526002802932856,0.09526002802932856
8,IBUPROFENO TABX800,2026-06-14,0.0,-0.04730127220880062,0.04730127220880062,0.04730127220880062
8,LOPERAMIDA 2MG,2026-06-14,0.0,-0.05066971402628517,0.05066971402628517,0.05066971402628517
8,METFORMINA 850MG,2026-06-14,1.0,0.03527314545690254,0.9647268545430975,0.9647268545430975
8,PARACETAMOL 500MG,2026-06-14,0.0,-0.02222883841135967,0.02222883841135967,0.02222883841135967
8,VITAMINA C+ZINC+D3,2026-06-14,0.0,0.46597273956801877,-0.46597273956801877,0.46597273956801877
9,AZITROMICINA 500MG,2026-06-14,0.0,0.013983472517366279,-0.013983472517366279,0.013983472517366279
9,DIMENHIDRINATO 50MG,2026-06-14,0.0,-0.023125737617533865,0.023125737617533865,0.023125737617533865
9,ENALAPRIL 10MG,2026-06-14,0.0,0.1858641210049962,-0.1858641210049962,0.1858641210049962
9,LOPERAMIDA 2MG,2026-06-14,0.0,-0.02989040868615142,0.02989040868615142,0.02989040868615142
9,METFORMINA 850MG,2026-06-14,0.0,0.05605245079703628,-0.05605245079703628,0.05605245079703628
9,PARACETAMOL 500MG,2026-06-14,0.0,-0.001449533071225917,0.001449533071225917,0.001449533071225917
9,VITAMINA C+ZINC+D3,2026-06-14,0.0,0.6688339771402947,-0.6688339771402947,0.6688339771402947
10,AMOXICILINA 500MG,2026-06-14,0.0,0.012362078545131501,-0.012362078545131501,0.012362078545131501
10,AZITROMICINA 500MG,2026-06-14,0.0,0.008516958274459696,-0.008516958274459696,0.008516958274459696
10,DIMENHIDRINATO 50MG,2026-06-14,0.0,0.0005758345612221494,-0.0005758345612221494,0.0005758345612221494
10,ENALAPRIL 10MG,2026-06-14,2.0,0.228649016982822,1.771350983017178,1.771350983017178
10,IBUPROFENO TABX800,2026-06-14,0.0,-0.0028203946899108545,0.0028203946899108545,0.0028203946899108545
10,LOPERAMIDA 2MG,2026-06-14,0.0,-0.006188836507395407,0.006188836507395407,0.006188836507395407
10,PARACETAMOL 500MG,2026-06-14,0.0,0.022252039107530118,-0.022252039107530118,0.022252039107530118
10,VITAMINA C+ZINC+D3,2026-06-14,0.0,1.1191103131296518,-1.1191103131296518,1.1191103131296518
11,AMOXICILINA 500MG,2026-06-14,0.0,-0.03484708747375123,0.03484708747375123,0.03484708747375123
11,AZITROMICINA 500MG,2026-06-14,0.0,-0.03869220774442303,0.03869220774442303,0.03869220774442303
11,DIMENHIDRINATO 50MG,2026-06-14,0.0,-0.046633331457660604,0.046633331457660604,0.046633331457660604
11,ENALAPRIL 10MG,2026-06-14,0.0,0.3447801747203136,-0.3447801747203136,0.3447801747203136
11,IBUPROFENO TABX800,2026-06-14,0.0,-0.05002956070879358,0.05002956070879358,0.05002956070879358
11,LOPERAMIDA 2MG,2026-06-14,0.0,-0.05339800252627816,0.05339800252627816,0.05339800252627816
11,METFORMINA 850MG,2026-06-14,0.0,0.03254485695690958,-0.03254485695690958,0.03254485695690958
11,PARACETAMOL 500MG,2026-06-14,0.0,-0.02495712691135263,0.02495712691135263,0.02495712691135263
11,VITAMINA C+ZINC+D3,2026-06-14,0.0,1.0731772308842806,-1.0731772308842806,1.0731772308842806
12,AMOXICILINA 500MG,2026-06-14,0.0,0.016475724760529477,-0.016475724760529477,0.016475724760529477
12,DIMENHIDRINATO 50MG,2026-06-14,0.0,0.004689480776620125,-0.004689480776620125,0.004689480776620125
12,ENALAPRIL 10MG,2026-06-14,0.0,0.14649397617688137,-0.14649397617688137,0.14649397617688137
12,IBUPROFENO TABX800,2026-06-14,0.0,0.0012932515254870935,-0.0012932515254870935,0.0012932515254870935
12,METFORMINA 850MG,2026-06-14,0.0,0.1348389511280168,-0.1348389511280168,0.1348389511280168
12,PARACETAMOL 500MG,2026-06-14,0.0,0.02636568532292808,-0.02636568532292808,0.02636568532292808
12,VITAMINA C+ZINC+D3,2026-06-14,1.0,0.825965280954128,0.17403471904587198,0.17403471904587198
13,AMOXICILINA 500MG,2026-06-14,0.0,-0.023943916799661485,0.023943916799661485,0.023943916799661485
13,AZITROMICINA 500MG,2026-06-14,0.0,-0.027789037070333283,0.027789037070333283,0.027789037070333283
13,DIMENHIDRINATO 50MG,2026-06-14,0.0,-0.0357301607835708,0.0357301607835708,0.0357301607835708
13,ENALAPRIL 10MG,2026-06-14,0.0,0.27207568518775904,-0.27207568518775904,0.27207568518775904
13,IBUPROFENO TABX800,2026-06-14,0.0,-0.039126390034703834,0.039126390034703834,0.039126390034703834
13,METFORMINA 850MG,2026-06-14,0.0,0.16424409720335975,-0.16424409720335975,0.16424409720335975
14,AZITROMICINA 500MG,2026-06-14,0.0,-0.005871216147175201,0.005871216147175201,0.005871216147175201
14,DIMENHIDRINATO 50MG,2026-06-14,0.0,-0.013812339860412748,0.013812339860412748,0.013812339860412748
14,ENALAPRIL 10MG,2026-06-14,0.0,0.1035495356114195,-0.1035495356114195,0.1035495356114195
14,IBUPROFENO TABX800,2026-06-14,0.0,-0.017208569111545752,0.017208569111545752,0.017208569111545752
14,METFORMINA 850MG,2026-06-14,0.0,0.06536584855415742,-0.06536584855415742,0.06536584855415742
14,PARACETAMOL 500MG,2026-06-14,0.0,0.099491847836593,-0.099491847836593,0.099491847836593
14,VITAMINA C+ZINC+D3,2026-06-14,1.0,0.8381158462112026,0.1618841537887974,0.1618841537887974
15,AMOXICILINA 500MG,2026-06-14,0.0,0.04798928672483677,-0.04798928672483677,0.04798928672483677
15,DIMENHIDRINATO 50MG,2026-06-14,0.0,0.03620304274092743,-0.03620304274092743,0.03620304274092743
15,ENALAPRIL 10MG,2026-06-14,0.0,0.23593700617575478,-0.23593700617575478,0.23593700617575478
15,IBUPROFENO TABX800,2026-06-14,0.0,0.032806813489794424,-0.032806813489794424,0.032806813489794424
15,METFORMINA 850MG,2026-06-14,0.0,0.11538123115549759,-0.11538123115549759,0.11538123115549759
15,PARACETAMOL 500MG,2026-06-14,0.0,0.05787924728723539,-0.05787924728723539,0.05787924728723539
15,VITAMINA C+ZINC+D3,2026-06-14,0.0,1.220860747685312,-1.220860747685312,1.220860747685312
16,AMOXICILINA 500MG,2026-06-14,0.0,0.05957526793640403,-0.05957526793640403,0.05957526793640403
16,AZITROMICINA 500MG,2026-06-14,0.0,-0.03589783548496556,0.03589783548496556,0.03589783548496556
16,DIMENHIDRINATO 50MG,2026-06-14,0.0,-0.043838959198203103,0.043838959198203103,0.043838959198203103
16,ENALAPRIL 10MG,2026-06-14,0.0,0.24405469553916684,-0.24405469553916684,0.24405469553916684
16,IBUPROFENO TABX800,2026-06-14,0.0,-0.047235188449336135,0.047235188449336135,0.047235188449336135
16,LOPERAMIDA 2MG,2026-06-14,0.0,0.003007076083270971,-0.003007076083270971,0.003007076083270971
16,METFORMINA 850MG,2026-06-14,0.0,0.09367540205969227,-0.09367540205969227,0.09367540205969227
16,PARACETAMOL 500MG,2026-06-14,0.0,-0.022162754651895128,0.022162754651895128,0.022162754651895128
16,VITAMINA C+ZINC+D3,2026-06-14,0.0,0.7649397787708134,-0.7649397787708134,0.7649397787708134
17,DIMENHIDRINATO 50MG,2026-06-14,1.0,0.04234391245892382,0.9576560875410762,0.9576560875410762
17,ENALAPRIL 10MG,2026-06-14,0.0,0.13053770150909347,-0.13053770150909347,0.13053770150909347
17,IBUPROFENO TABX800,2026-06-14,0.0,0.0389476832077908,-0.0389476832077908,0.0389476832077908
17,LOPERAMIDA 2MG,2026-06-14,0.0,0.035579241390306264,-0.035579241390306264,0.035579241390306264
17,PARACETAMOL 500MG,2026-06-14,0.0,0.12112071760490775,-0.12112071760490775,0.12112071760490775
17,VITAMINA C+ZINC+D3,2026-06-14,2.0,0.8075378617990416,1.1924621382009584,1.1924621382009584
18,AZITROMICINA 500MG,2026-06-14,0.0,0.05028503617216137,-0.05028503617216137,0.05028503617216137
18,DIMENHIDRINATO 50MG,2026-06-14,0.0,0.04234391245892382,-0.04234391245892382,0.04234391245892382
18,ENALAPRIL 10MG,2026-06-14,0.0,0.13053770150909347,-0.13053770150909347,0.13053770150909347
18,IBUPROFENO TABX800,2026-06-14,0.0,0.0389476832077908,-0.0389476832077908,0.0389476832077908
18,LOPERAMIDA 2MG,2026-06-14,0.0,0.035579241390306264,-0.035579241390306264,0.035579241390306264
18,METFORMINA 850MG,2026-06-14,0.0,0.12152210087349397,-0.12152210087349397,0.12152210087349397
19,AZITROMICINA 500MG,2026-06-14,0.0,0.05028503617216137,-0.05028503617216137,0.05028503617216137
19,DIMENHIDRINATO 50MG,2026-06-14,0.0,0.04234391245892382,-0.04234391245892382,0.04234391245892382
19,ENALAPRIL 10MG,2026-06-14,0.0,0.13053770150909347,-0.13053770150909347,0.13053770150909347
19,VITAMINA C+ZINC+D3,2026-06-14,2.0,0.7761154533714438,1.2238845466285562,1.2238845466285562
1,DIMENHIDRINATO 50MG,2026-06-21,0.0,0.040068368003042636,-0.040068368003042636,0.040068368003042636
1,ENALAPRIL 10MG,2026-06-21,0.0,0.5319002028092583,-0.5319002028092583,0.5319002028092583
1,IBUPROFENO TABX800,2026-06-21,0.0,0.03667213875190962,-0.03667213875190962,0.03667213875190962
1,LOPERAMIDA 2MG,2026-06-21,0.0,0.03330369693442508,-0.03330369693442508,0.03330369693442508
1,PARACETAMOL 500MG,2026-06-21,0.0,0.0617445725493506,-0.0617445725493506,0.0617445725493506
1,VITAMINA C+ZINC+D3,2026-06-21,0.0,1.3034348312635025,-1.3034348312635025,1.3034348312635025
2,AZITROMICINA 500MG,2026-06-21,0.0,0.050770260517373135,-0.050770260517373135,0.050770260517373135
2,DIMENHIDRINATO 50MG,2026-06-21,0.0,0.04282913680413559,-0.04282913680413559,0.04282913680413559
2,ENALAPRIL 10MG,2026-06-21,0.0,0.279751509604679,-0.279751509604679,0.279751509604679
2,IBUPROFENO TABX800,2026-06-21,0.0,0.039432907553002584,-0.039432907553002584,0.039432907553002584
2,LOPERAMIDA 2MG,2026-06-21,0.0,0.036064465735518046,-0.036064465735518046,0.036064465735518046
2,METFORMINA 850MG,2026-06-21,0.0,0.29064810020303944,-0.29064810020303944,0.29064810020303944
2,PARACETAMOL 500MG,2026-06-21,0.0,0.06450534135044356,-0.06450534135044356,0.06450534135044356
2,VITAMINA C+ZINC+D3,2026-06-21,0.0,1.8038871064574067,-1.8038871064574067,1.8038871064574067
3,DIMENHIDRINATO 50MG,2026-06-21,0.0,0.07173089367159002,-0.07173089367159002,0.07173089367159002
3,ENALAPRIL 10MG,2026-06-21,0.0,0.4851244820731248,-0.4851244820731248,0.4851244820731248
3,IBUPROFENO TABX800,2026-06-21,0.0,0.011234063820781022,-0.011234063820781022,0.011234063820781022
3,LOPERAMIDA 2MG,2026-06-21,0.0,0.00786562200329649,-0.00786562200329649,0.00786562200329649
3,METFORMINA 850MG,2026-06-21,0.0,0.3661807749214167,-0.3661807749214167,0.3661807749214167
3,VITAMINA C+ZINC+D3,2026-06-21,0.0,0.8648573571897211,-0.8648573571897211,0.8648573571897211
4,AZITROMICINA 500MG,2026-06-21,0.0,0.01736634781310504,-0.01736634781310504,0.01736634781310504
4,DIMENHIDRINATO 50MG,2026-06-21,0.0,0.038593310521530096,-0.038593310521530096,0.038593310521530096
4,ENALAPRIL 10MG,2026-06-21,0.0,0.1892469963007349,-0.1892469963007349,0.1892469963007349
4,IBUPROFENO TABX800,2026-06-21,0.0,0.006028994848734481,-0.006028994848734481,0.006028994848734481
4,LOPERAMIDA 2MG,2026-06-21,0.0,0.0026605530312499293,-0.0026605530312499293,0.0026605530312499293
4,METFORMINA 850MG,2026-06-21,0.0,0.08860341251443765,-0.08860341251443765,0.08860341251443765
4,VITAMINA C+ZINC+D3,2026-06-21,0.0,0.8525042197925394,-0.8525042197925394,0.8525042197925394
5,DIMENHIDRINATO 50MG,2026-06-21,0.0,0.06777514711079774,-0.06777514711079774,0.06777514711079774
5,ENALAPRIL 10MG,2026-06-21,0.0,0.4365565903387179,-0.4365565903387179,0.4365565903387179
5,IBUPROFENO TABX800,2026-06-21,0.0,0.06437891785966472,-0.06437891785966472,0.06437891785966472
5,LOPERAMIDA 2MG,2026-06-21,0.0,0.06101047604218019,-0.06101047604218019,0.06101047604218019
5,METFORMINA 850MG,2026-06-21,0.0,0.37582128763423084,-0.37582128763423084,0.37582128763423084
5,VITAMINA C+ZINC+D3,2026-06-21,0.0,1.4632796172112892,-1.4632796172112892,1.4632796172112892
6,AZITROMICINA 500MG,2026-06-21,0.0,0.007625341214878512,-0.007625341214878512,0.007625341214878512
6,DIMENHIDRINATO 50MG,2026-06-21,0.0,-0.00031578249835903516,0.00031578249835903516,0.00031578249835903516
6,ENALAPRIL 10MG,2026-06-21,0.0,0.3419586011225928,-0.3419586011225928,0.3419586011225928
6,IBUPROFENO TABX800,2026-06-21,0.0,-0.003712011749492039,0.003712011749492039,0.003712011749492039
6,LOPERAMIDA 2MG,2026-06-21,0.0,-0.007080453566976591,0.007080453566976591,0.007080453566976591
6,METFORMINA 850MG,2026-06-21,0.0,0.07886240591621113,-0.07886240591621113,0.07886240591621113
6,VITAMINA C+ZINC+D3,2026-06-21,0.0,1.3591554031772366,-1.3591554031772366,1.3591554031772366
7,AZITROMICINA 500MG,2026-06-21,0.0,-0.0248780238947848,0.0248780238947848,0.0248780238947848
7,DIMENHIDRINATO 50MG,2026-06-21,0.0,-0.032819147608022375,0.032819147608022375,0.032819147608022375
7,ENALAPRIL 10MG,2026-06-21,0.0,0.055374641442147286,-0.055374641442147286,0.055374641442147286
7,IBUPROFENO TABX800,2026-06-21,0.0,-0.03621537685915535,0.03621537685915535,0.03621537685915535
7,METFORMINA 850MG,2026-06-21,0.0,0.0463590408065478,-0.0463590408065478,0.0463590408065478
7,PARACETAMOL 500MG,2026-06-21,0.0,-0.0111429430617144,0.0111429430617144,0.0111429430617144
7,VITAMINA C+ZINC+D3,2026-06-21,2.0,0.9856637713679581,1.0143362286320419,1.0143362286320419
8,AMOXICILINA 500MG,2026-06-21,0.0,-0.03439434342963946,0.03439434342963946,0.03439434342963946
8,AZITROMICINA 500MG,2026-06-21,0.0,-0.038239463700311255,0.038239463700311255,0.038239463700311255
8,DIMENHIDRINATO 50MG,2026-06-21,0.0,-0.0461805874135488,0.0461805874135488,0.0461805874135488
8,ENALAPRIL 10MG,2026-06-21,0.0,0.042013201636620846,-0.042013201636620846,0.042013201636620846
8,IBUPROFENO TABX800,2026-06-21,0.0,-0.049576816664681805,0.049576816664681805,0.049576816664681805
8,LOPERAMIDA 2MG,2026-06-21,0.0,-0.05294525848216636,0.05294525848216636,0.05294525848216636
8,METFORMINA 850MG,2026-06-21,0.0,0.12462558415171915,-0.12462558415171915,0.12462558415171915
8,PARACETAMOL 500MG,2026-06-21,0.0,-0.024504382867240854,0.024504382867240854,0.024504382867240854
8,VITAMINA C+ZINC+D3,2026-06-21,0.0,0.4636971951121376,-0.4636971951121376,0.4636971951121376
9,AZITROMICINA 500MG,2026-06-21,0.0,0.011707928061485094,-0.011707928061485094,0.011707928061485094
9,DIMENHIDRINATO 50MG,2026-06-21,0.0,-0.02540128207341505,0.02540128207341505,0.02540128207341505
9,ENALAPRIL 10MG,2026-06-21,0.0,0.20350076778307488,-0.20350076778307488,0.20350076778307488
9,LOPERAMIDA 2MG,2026-06-21,0.0,-0.032165953142032605,0.032165953142032605,0.032165953142032605
9,METFORMINA 850MG,2026-06-21,1.0,0.0537769063411551,0.9462230936588449,0.9462230936588449
9,PARACETAMOL 500MG,2026-06-21,0.0,-0.0037250775271071013,0.0037250775271071013,0.0037250775271071013
9,VITAMINA C+ZINC+D3,2026-06-21,0.0,0.513644586873934,-0.513644586873934,0.513644586873934
10,AMOXICILINA 500MG,2026-06-21,0.0,0.01008653408925031,-0.01008653408925031,0.01008653408925031
10,AZITROMICINA 500MG,2026-06-21,0.0,0.006241413818578512,-0.006241413818578512,0.006241413818578512
10,DIMENHIDRINATO 50MG,2026-06-21,0.0,-0.001699709894659035,0.001699709894659035,0.001699709894659035
10,ENALAPRIL 10MG,2026-06-21,1.0,0.38169692465032307,0.618303075349677,0.618303075349677
10,IBUPROFENO TABX800,2026-06-21,0.0,-0.005095939145792067,0.005095939145792067,0.005095939145792067
10,LOPERAMIDA 2MG,2026-06-21,0.0,-0.008464380963276591,0.008464380963276591,0.008464380963276591
10,PARACETAMOL 500MG,2026-06-21,0.0,0.019976494651648934,-0.019976494651648934,0.019976494651648934
10,VITAMINA C+ZINC+D3,2026-06-21,0.0,0.8801665851321092,-0.8801665851321092,0.8801665851321092
11,AMOXICILINA 500MG,2026-06-21,0.0,-0.037122631929632416,0.037122631929632416,0.037122631929632416
11,AZITROMICINA 500MG,2026-06-21,0.0,-0.040967752200304214,0.040967752200304214,0.040967752200304214
11,DIMENHIDRINATO 50MG,2026-06-21,0.0,-0.04890887591354179,0.04890887591354179,0.04890887591354179
11,ENALAPRIL 10MG,2026-06-21,0.0,0.18265420075764244,-0.18265420075764244,0.18265420075764244
11,IBUPROFENO TABX800,2026-06-21,0.0,-0.052305105164674764,0.052305105164674764,0.052305105164674764
11,LOPERAMIDA 2MG,2026-06-21,0.0,-0.055673546982159344,0.055673546982159344,0.055673546982159344
11,METFORMINA 850MG,2026-06-21,0.0,0.0302693125010284,-0.0302693125010284,0.0302693125010284
11,PARACETAMOL 500MG,2026-06-21,0.0,-0.027232671367233813,0.027232671367233813,0.027232671367233813
11,VITAMINA C+ZINC+D3,2026-06-21,0.0,1.0400508114244662,-1.0400508114244662,1.0400508114244662
12,AMOXICILINA 500MG,2026-06-21,0.0,0.014200180304648292,-0.014200180304648292,0.014200180304648292
12,DIMENHIDRINATO 50MG,2026-06-21,0.0,0.002413936320738941,-0.002413936320738941,0.002413936320738941
12,ENALAPRIL 10MG,2026-06-21,0.0,0.11977581179257119,-0.11977581179257119,0.11977581179257119
12,IBUPROFENO TABX800,2026-06-21,0.0,-0.0009822929303940908,0.0009822929303940908,0.0009822929303940908
12,METFORMINA 850MG,2026-06-21,0.0,0.0815921247353091,-0.0815921247353091,0.0815921247353091
12,PARACETAMOL 500MG,2026-06-21,0.0,0.024090140867046896,-0.024090140867046896,0.024090140867046896
12,VITAMINA C+ZINC+D3,2026-06-21,1.0,0.9100388708224143,0.0899611291775857,0.0899611291775857
13,AMOXICILINA 500MG,2026-06-21,0.0,-0.02621946125554267,0.02621946125554267,0.02621946125554267
13,AZITROMICINA 500MG,2026-06-21,1.0,-0.030064581526214468,1.0300645815262144,1.0300645815262144
13,DIMENHIDRINATO 50MG,2026-06-21,0.0,-0.03800570523945199,0.03800570523945199,0.03800570523945199
13,ENALAPRIL 10MG,2026-06-21,0.0,0.16089939076048526,-0.16089939076048526,0.16089939076048526
13,IBUPROFENO TABX800,2026-06-21,0.0,-0.04140193449058502,0.04140193449058502,0.04140193449058502
13,METFORMINA 850MG,2026-06-21,0.0,0.18188074398143847,-0.18188074398143847,0.18188074398143847
14,AZITROMICINA 500MG,2026-06-21,0.0,-0.008146760603056385,0.008146760603056385,0.008146760603056385
14,DIMENHIDRINATO 50MG,2026-06-21,0.0,-0.016087884316293932,0.016087884316293932,0.016087884316293932
14,ENALAPRIL 10MG,2026-06-21,0.0,0.12307718667070223,-0.12307718667070223,0.12307718667070223
14,IBUPROFENO TABX800,2026-06-21,0.0,-0.019484113567426936,0.019484113567426936,0.019484113567426936
14,METFORMINA 850MG,2026-06-21,0.0,0.06309030409827623,-0.06309030409827623,0.06309030409827623
14,PARACETAMOL 500MG,2026-06-21,0.0,0.1171284946146717,-0.1171284946146717,0.1171284946146717
14,VITAMINA C+ZINC+D3,2026-06-21,0.0,0.8719665742747236,-0.8719665742747236,0.8719665742747236
15,AMOXICILINA 500MG,2026-06-21,0.0,0.0457137422689556,-0.0457137422689556,0.0457137422689556
15,DIMENHIDRINATO 50MG,2026-06-21,0.0,0.033927498285046244,-0.033927498285046244,0.033927498285046244
15,ENALAPRIL 10MG,2026-06-21,0.0,0.17922188793489188,-0.17922188793489188,0.17922188793489188
15,IBUPROFENO TABX800,2026-06-21,0.0,0.03053126903391324,-0.03053126903391324,0.03053126903391324
15,METFORMINA 850MG,2026-06-21,0.0,0.1131056866996164,-0.1131056866996164,0.1131056866996164
15,PARACETAMOL 500MG,2026-06-21,0.0,0.05560370283135422,-0.05560370283135422,0.05560370283135422
15,VITAMINA C+ZINC+D3,2026-06-21,0.0,1.0417938747065667,-1.0417938747065667,1.0417938747065667
16,AMOXICILINA 500MG,2026-06-21,0.0,0.07721191471448274,-0.07721191471448274,0.07721191471448274
16,AZITROMICINA 500MG,2026-06-21,0.0,-0.03817337994084674,0.03817337994084674,0.03817337994084674
16,DIMENHIDRINATO 50MG,2026-06-21,0.0,-0.04611450365408429,0.04611450365408429,0.04611450365408429
16,ENALAPRIL 10MG,2026-06-21,0.0,0.20723016613083467,-0.20723016613083467,0.20723016613083467
16,IBUPROFENO TABX800,2026-06-21,0.0,-0.04951073290521732,0.04951073290521732,0.04951073290521732
16,LOPERAMIDA 2MG,2026-06-21,0.0,-0.02371108830103924,0.02371108830103924,0.02371108830103924
16,METFORMINA 850MG,2026-06-21,0.0,0.13500624863413893,-0.13500624863413893,0.13500624863413893
16,PARACETAMOL 500MG,2026-06-21,0.0,-0.024438299107776312,0.024438299107776312,0.024438299107776312
16,VITAMINA C+ZINC+D3,2026-06-21,0.0,0.6301713342514299,-0.6301713342514299,0.6301713342514299
17,DIMENHIDRINATO 50MG,2026-06-21,0.0,0.13169635115374043,-0.13169635115374043,0.13169635115374043
17,ENALAPRIL 10MG,2026-06-21,0.0,0.12826215705321228,-0.12826215705321228,0.12826215705321228
17,IBUPROFENO TABX800,2026-06-21,0.0,0.03667213875190962,-0.03667213875190962,0.03667213875190962
17,LOPERAMIDA 2MG,2026-06-21,0.0,0.03330369693442508,-0.03330369693442508,0.03330369693442508
17,PARACETAMOL 500MG,2026-06-21,0.0,0.1153552788994422,-0.1153552788994422,0.1153552788994422
17,VITAMINA C+ZINC+D3,2026-06-21,0.0,0.9570958752169583,-0.9570958752169583,0.9570958752169583
18,AZITROMICINA 500MG,2026-06-21,0.0,0.04800949171628018,-0.04800949171628018,0.04800949171628018
18,DIMENHIDRINATO 50MG,2026-06-21,0.0,0.040068368003042636,-0.040068368003042636,0.040068368003042636
18,ENALAPRIL 10MG,2026-06-21,0.0,0.12826215705321228,-0.12826215705321228,0.12826215705321228
18,IBUPROFENO TABX800,2026-06-21,0.0,0.03667213875190962,-0.03667213875190962,0.03667213875190962
18,LOPERAMIDA 2MG,2026-06-21,0.0,0.03330369693442508,-0.03330369693442508,0.03330369693442508
18,METFORMINA 850MG,2026-06-21,0.0,0.11924655641761278,-0.11924655641761278,0.11924655641761278
19,AZITROMICINA 500MG,2026-06-21,0.0,0.04800949171628018,-0.04800949171628018,0.04800949171628018
19,DIMENHIDRINATO 50MG,2026-06-21,0.0,0.040068368003042636,-0.040068368003042636,0.040068368003042636
19,ENALAPRIL 10MG,2026-06-21,0.0,0.12826215705321228,-0.12826215705321228,0.12826215705321228
19,VITAMINA C+ZINC+D3,2026-06-21,0.0,0.9082106353601003,-0.9082106353601003,0.9082106353601003
1,DIMENHIDRINATO 50MG,2026-06-28,0.0,0.03779282354716145,-0.03779282354716145,0.03779282354716145
1,ENALAPRIL 10MG,2026-06-28,1.0,0.48462759305360226,0.5153724069463977,0.5153724069463977
1,IBUPROFENO TABX800,2026-06-28,0.0,0.034396594296028433,-0.034396594296028433,0.034396594296028433
1,LOPERAMIDA 2MG,2026-06-28,0.0,0.031028152478543895,-0.031028152478543895,0.031028152478543895
1,PARACETAMOL 500MG,2026-06-28,0.0,0.05946902809346941,-0.05946902809346941,0.05946902809346941
1,VITAMINA C+ZINC+D3,2026-06-28,0.0,1.051766916230102,-1.051766916230102,1.051766916230102
2,AZITROMICINA 500MG,2026-06-28,0.0,0.04849471606149195,-0.04849471606149195,0.04849471606149195
2,DIMENHIDRINATO 50MG,2026-06-28,0.0,0.040553592348254404,-0.040553592348254404,0.040553592348254404
2,ENALAPRIL 10MG,2026-06-28,0.0,0.2938982621331734,-0.2938982621331734,0.2938982621331734
2,IBUPROFENO TABX800,2026-06-28,0.0,0.0371573630971214,-0.0371573630971214,0.0371573630971214
2,LOPERAMIDA 2MG,2026-06-28,0.0,0.03378892127963686,-0.03378892127963686,0.03378892127963686
2,METFORMINA 850MG,2026-06-28,0.0,0.23044308771259217,-0.23044308771259217,0.23044308771259217
2,PARACETAMOL 500MG,2026-06-28,0.0,0.06222979689456237,-0.06222979689456237,0.06222979689456237
2,VITAMINA C+ZINC+D3,2026-06-28,0.0,1.4195364090331082,-1.4195364090331082,1.4195364090331082
3,DIMENHIDRINATO 50MG,2026-06-28,0.0,0.06596545496612446,-0.06596545496612446,0.06596545496612446
3,ENALAPRIL 10MG,2026-06-28,1.0,0.49003694181534563,0.5099630581846544,0.5099630581846544
3,IBUPROFENO TABX800,2026-06-28,0.0,0.00895851936489983,-0.00895851936489983,0.00895851936489983
3,LOPERAMIDA 2MG,2026-06-28,0.0,0.005590077547415306,-0.005590077547415306,0.005590077547415306
3,VITAMINA C+ZINC+D3,2026-06-28,0.0,0.8459828113222374,-0.8459828113222374,0.8459828113222374
4,AZITROMICINA 500MG,2026-06-28,0.0,0.015090803357223855,-0.015090803357223855,0.015090803357223855
4,DIMENHIDRINATO 50MG,2026-06-28,0.0,0.03631776606564891,-0.03631776606564891,0.03631776606564891
4,ENALAPRIL 10MG,2026-06-28,0.0,0.20688364307881363,-0.20688364307881363,0.20688364307881363
4,IBUPROFENO TABX800,2026-06-28,0.0,0.003753450392853297,-0.003753450392853297,0.003753450392853297
4,LOPERAMIDA 2MG,2026-06-28,0.0,0.0003850085753687449,-0.0003850085753687449,0.0003850085753687449
4,METFORMINA 850MG,2026-06-28,0.0,0.08632786805855647,-0.08632786805855647,0.08632786805855647
4,VITAMINA C+ZINC+D3,2026-06-28,0.0,0.7503721535429735,-0.7503721535429735,0.7503721535429735
5,DIMENHIDRINATO 50MG,2026-06-28,0.0,0.06549960265491656,-0.06549960265491656,0.06549960265491656
5,ENALAPRIL 10MG,2026-06-28,1.0,0.3955153489501695,0.6044846510498305,0.6044846510498305
5,IBUPROFENO TABX800,2026-06-28,0.0,0.06210337340378354,-0.06210337340378354,0.06210337340378354
5,LOPERAMIDA 2MG,2026-06-28,0.0,0.058734931586299007,-0.058734931586299007,0.058734931586299007
5,METFORMINA 850MG,2026-06-28,0.0,0.36079995374106255,-0.36079995374106255,0.36079995374106255
5,VITAMINA C+ZINC+D3,2026-06-28,6.0,1.281986420835658,4.718013579164342,4.718013579164342
6,AZITROMICINA 500MG,2026-06-28,0.0,0.005349796758997327,-0.005349796758997327,0.005349796758997327
6,ENALAPRIL 10MG,2026-06-28,0.0,0.30477075398952946,-0.30477075398952946,0.30477075398952946
6,IBUPROFENO TABX800,2026-06-28,0.0,-0.005987556205373223,0.005987556205373223,0.005987556205373223
6,LOPERAMIDA 2MG,2026-06-28,0.0,-0.009355998022857775,0.009355998022857775,0.009355998022857775
6,METFORMINA 850MG,2026-06-28,0.0,0.07658686146032995,-0.07658686146032995,0.07658686146032995
6,VITAMINA C+ZINC+D3,2026-06-28,3.0,1.2273582508757388,1.7726417491242612,1.7726417491242612
7,AZITROMICINA 500MG,2026-06-28,0.0,-0.027153568350665985,0.027153568350665985,0.027153568350665985
7,DIMENHIDRINATO 50MG,2026-06-28,0.0,-0.03509469206390356,0.03509469206390356,0.03509469206390356
7,ENALAPRIL 10MG,2026-06-28,0.0,0.0530990969862661,-0.0530990969862661,0.0530990969862661
7,IBUPROFENO TABX800,2026-06-28,0.0,-0.038490921315036536,0.038490921315036536,0.038490921315036536
7,METFORMINA 850MG,2026-06-28,0.0,0.044083496350666614,-0.044083496350666614,0.044083496350666614
7,PARACETAMOL 500MG,2026-06-28,0.0,-0.013418487517595584,0.013418487517595584,0.013418487517595584
7,VITAMINA C+ZINC+D3,2026-06-28,0.0,1.0989054476579072,-1.0989054476579072,1.0989054476579072
8,AMOXICILINA 500MG,2026-06-28,0.0,-0.03666988788552064,0.03666988788552064,0.03666988788552064
8,AZITROMICINA 500MG,2026-06-28,0.0,-0.04051500815619244,0.04051500815619244,0.04051500815619244
8,DIMENHIDRINATO 50MG,2026-06-28,0.0,-0.048456131869429986,0.048456131869429986,0.048456131869429986
8,ENALAPRIL 10MG,2026-06-28,0.0,0.03973765718073966,-0.03973765718073966,0.03973765718073966
8,IBUPROFENO TABX800,2026-06-28,0.0,-0.05185236112056299,0.05185236112056299,0.05185236112056299
8,LOPERAMIDA 2MG,2026-06-28,0.0,-0.05522080293804754,0.05522080293804754,0.05522080293804754
8,METFORMINA 850MG,2026-06-28,0.0,0.14226223092979787,-0.14226223092979787,0.14226223092979787
8,PARACETAMOL 500MG,2026-06-28,0.0,-0.026779927323122038,0.026779927323122038,0.026779927323122038
8,VITAMINA C+ZINC+D3,2026-06-28,0.0,0.4614216506562564,-0.4614216506562564,0.4614216506562564
9,AZITROMICINA 500MG,2026-06-28,0.0,0.03123557912076782,-0.03123557912076782,0.03123557912076782
9,DIMENHIDRINATO 50MG,2026-06-28,0.0,-0.027676826529296233,0.027676826529296233,0.027676826529296233
9,ENALAPRIL 10MG,2026-06-28,0.0,0.1685888450573759,-0.1685888450573759,0.1685888450573759
9,LOPERAMIDA 2MG,2026-06-28,0.0,-0.03444149759791379,0.03444149759791379,0.03444149759791379
9,METFORMINA 850MG,2026-06-28,0.0,0.1431293450359717,-0.1431293450359717,0.1431293450359717
9,PARACETAMOL 500MG,2026-06-28,0.0,-0.006000621982988286,0.006000621982988286,0.006000621982988286
9,VITAMINA C+ZINC+D3,2026-06-28,0.0,0.5331722379332167,-0.5331722379332167,0.5331722379332167
10,AMOXICILINA 500MG,2026-06-28,0.0,0.007810989633369125,-0.007810989633369125,0.007810989633369125
10,AZITROMICINA 500MG,2026-06-28,0.0,0.003965869362697327,-0.003965869362697327,0.003965869362697327
10,DIMENHIDRINATO 50MG,2026-06-28,0.0,-0.003975254350540219,0.003975254350540219,0.003975254350540219
10,ENALAPRIL 10MG,2026-06-28,1.0,0.48643112588463044,0.5135688741153696,0.5135688741153696
10,IBUPROFENO TABX800,2026-06-28,0.0,-0.007371483601673251,0.007371483601673251,0.007371483601673251
10,LOPERAMIDA 2MG,2026-06-28,0.0,-0.010739925419157775,0.010739925419157775,0.010739925419157775
10,PARACETAMOL 500MG,2026-06-28,0.0,0.01770095019576775,-0.01770095019576775,0.01770095019576775
10,VITAMINA C+ZINC+D3,2026-06-28,2.0,0.8682718277637942,1.1317281722362058,1.1317281722362058
11,AMOXICILINA 500MG,2026-06-28,0.0,-0.0393981763855136,0.0393981763855136,0.0393981763855136
11,AZITROMICINA 500MG,2026-06-28,0.0,-0.0432432966561854,0.0432432966561854,0.0432432966561854
11,DIMENHIDRINATO 50MG,2026-06-28,0.0,-0.05118442036942297,0.05118442036942297,0.05118442036942297
11,ENALAPRIL 10MG,2026-06-28,0.0,0.19520206331775647,-0.19520206331775647,0.19520206331775647
11,IBUPROFENO TABX800,2026-06-28,0.0,-0.05458064962055595,0.05458064962055595,0.05458064962055595
11,LOPERAMIDA 2MG,2026-06-28,0.0,-0.05794909143804053,0.05794909143804053,0.05794909143804053
11,METFORMINA 850MG,2026-06-28,0.0,0.027993768045147215,-0.027993768045147215,0.027993768045147215
11,PARACETAMOL 500MG,2026-06-28,1.0,-0.029508215823114997,1.029508215823115,1.029508215823115
11,VITAMINA C+ZINC+D3,2026-06-28,0.0,0.7929133250855349,-0.7929133250855349,0.7929133250855349
12,AMOXICILINA 500MG,2026-06-28,0.0,0.011924635848767108,-0.011924635848767108,0.011924635848767108
12,DIMENHIDRINATO 50MG,2026-06-28,0.0,0.00013839186485775645,-0.00013839186485775645,0.00013839186485775645
12,ENALAPRIL 10MG,2026-06-28,0.0,0.11750026733669,-0.11750026733669,0.11750026733669
12,IBUPROFENO TABX800,2026-06-28,0.0,-0.003257837386275275,0.003257837386275275,0.003257837386275275
12,METFORMINA 850MG,2026-06-28,0.0,0.07931658027942791,-0.07931658027942791,0.07931658027942791
12,PARACETAMOL 500MG,2026-06-28,0.0,0.02181459641116571,-0.02181459641116571,0.02181459641116571
12,VITAMINA C+ZINC+D3,2026-06-28,1.0,0.9391641323927018,0.0608358676072982,0.0608358676072982
13,AZITROMICINA 500MG,2026-06-28,0.0,0.05928785716860215,-0.05928785716860215,0.05928785716860215
13,DIMENHIDRINATO 50MG,2026-06-28,0.0,-0.04028124969533317,0.04028124969533317,0.04028124969533317
13,ENALAPRIL 10MG,2026-06-28,0.0,0.1306913321265907,-0.1306913321265907,0.1306913321265907
13,IBUPROFENO TABX800,2026-06-28,0.0,-0.0436774789464662,0.0436774789464662,0.0436774789464662
13,METFORMINA 850MG,2026-06-28,0.0,0.12516562574057555,-0.12516562574057555,0.12516562574057555
14,AZITROMICINA 500MG,2026-06-28,0.0,-0.01042230505893757,0.01042230505893757,0.01042230505893757
14,DIMENHIDRINATO 50MG,2026-06-28,0.0,-0.018363428772175117,0.018363428772175117,0.018363428772175117
14,ENALAPRIL 10MG,2026-06-28,0.0,0.06983036027799452,-0.06983036027799452,0.06983036027799452
14,IBUPROFENO TABX800,2026-06-28,0.0,-0.02175965802330812,0.02175965802330812,0.02175965802330812
14,METFORMINA 850MG,2026-06-28,0.0,0.06081475964239504,-0.06081475964239504,0.06081475964239504
14,PARACETAMOL 500MG,2026-06-28,0.0,0.06041337637380882,-0.06041337637380882,0.06041337637380882
14,VITAMINA C+ZINC+D3,2026-06-28,0.0,0.8787700382981485,-0.8787700382981485,0.8787700382981485
15,AMOXICILINA 500MG,2026-06-28,0.0,0.04343819781307442,-0.04343819781307442,0.04343819781307442
15,DIMENHIDRINATO 50MG,2026-06-28,0.0,0.03165195382916506,-0.03165195382916506,0.03165195382916506
15,ENALAPRIL 10MG,2026-06-28,1.0,0.17345644922942632,0.8265435507705736,0.8265435507705736
15,IBUPROFENO TABX800,2026-06-28,0.0,0.028255724578032056,-0.028255724578032056,0.028255724578032056
15,METFORMINA 850MG,2026-06-28,0.0,0.11083014224373522,-0.11083014224373522,0.11083014224373522
15,PARACETAMOL 500MG,2026-06-28,0.0,0.053328158375473035,-0.053328158375473035,0.053328158375473035
15,VITAMINA C+ZINC+D3,2026-06-28,0.0,0.8944481029570324,-0.8944481029570324,0.8944481029570324
16,AMOXICILINA 500MG,2026-06-28,0.0,0.020496796473619856,-0.020496796473619856,0.020496796473619856
16,AZITROMICINA 500MG,2026-06-28,0.0,-0.040448924396727926,0.040448924396727926,0.040448924396727926
16,DIMENHIDRINATO 50MG,2026-06-28,0.0,-0.04839004810996547,0.04839004810996547,0.04839004810996547
16,ENALAPRIL 10MG,2026-06-28,0.0,0.12607242796154278,-0.12607242796154278,0.12607242796154278
16,IBUPROFENO TABX800,2026-06-28,0.0,-0.051786277361098504,0.051786277361098504,0.051786277361098504
16,LOPERAMIDA 2MG,2026-06-28,0.0,-0.025986632756920425,0.025986632756920425,0.025986632756920425
16,METFORMINA 850MG,2026-06-28,1.0,0.030788140304604687,0.9692118596953954,0.9692118596953954
16,PARACETAMOL 500MG,2026-06-28,0.0,-0.026713843563657497,0.026713843563657497,0.026713843563657497
16,VITAMINA C+ZINC+D3,2026-06-28,2.0,0.5734346136091377,1.4265653863908623,1.4265653863908623
17,DIMENHIDRINATO 50MG,2026-06-28,0.0,0.14933299793181914,-0.14933299793181914,0.14933299793181914
17,ENALAPRIL 10MG,2026-06-28,0.0,0.1259866125973311,-0.1259866125973311,0.1259866125973311
17,IBUPROFENO TABX800,2026-06-28,0.0,0.034396594296028433,-0.034396594296028433,0.034396594296028433
17,LOPERAMIDA 2MG,2026-06-28,0.0,0.031028152478543895,-0.031028152478543895,0.031028152478543895
17,PARACETAMOL 500MG,2026-06-28,0.0,0.08863711451513202,-0.08863711451513202,0.08863711451513202
17,VITAMINA C+ZINC+D3,2026-06-28,0.0,0.9675626688873027,-0.9675626688873027,0.9675626688873027
18,AZITROMICINA 500MG,2026-06-28,0.0,0.045733947260399,-0.045733947260399,0.045733947260399
18,DIMENHIDRINATO 50MG,2026-06-28,0.0,0.03779282354716145,-0.03779282354716145,0.03779282354716145
18,ENALAPRIL 10MG,2026-06-28,0.0,0.1259866125973311,-0.1259866125973311,0.1259866125973311
18,IBUPROFENO TABX800,2026-06-28,0.0,0.034396594296028433,-0.034396594296028433,0.034396594296028433
18,LOPERAMIDA 2MG,2026-06-28,0.0,0.031028152478543895,-0.031028152478543895,0.031028152478543895
18,METFORMINA 850MG,2026-06-28,0.0,0.1169710119617316,-0.1169710119617316,0.1169710119617316
19,AZITROMICINA 500MG,2026-06-28,0.0,0.045733947260399,-0.045733947260399,0.045733947260399
19,DIMENHIDRINATO 50MG,2026-06-28,0.0,0.03779282354716145,-0.03779282354716145,0.03779282354716145
19,ENALAPRIL 10MG,2026-06-28,0.0,0.1259866125973311,-0.1259866125973311,0.1259866125973311
19,VITAMINA C+ZINC+D3,2026-06-28,1.0,0.9893658644024665,0.010634135597533456,0.010634135597533456
1,DIMENHIDRINATO 50MG,2026-07-05,0.0,0.05749592302530185,-0.05749592302530185,0.05749592302530185
1,ENALAPRIL 10MG,2026-07-05,1.0,0.4647013478625873,0.5352986521374127,0.5352986521374127
1,IBUPROFENO TABX800,2026-07-05,0.0,0.05409969377416882,-0.05409969377416882,0.05409969377416882
1,LOPERAMIDA 2MG,2026-07-05,0.0,0.05073125195668429,-0.05073125195668429,0.05073125195668429
1,PARACETAMOL 500MG,2026-07-05,0.0,0.0791721275716098,-0.0791721275716098,0.0791721275716098
1,VITAMINA C+ZINC+D3,2026-07-05,3.0,0.9311468573092521,2.068853142690748,2.068853142690748
2,AZITROMICINA 500MG,2026-07-05,0.0,0.06819781553963235,-0.06819781553963235,0.06819781553963235
2,DIMENHIDRINATO 50MG,2026-07-05,0.0,0.0602566918263948,-0.0602566918263948,0.0602566918263948
2,ENALAPRIL 10MG,2026-07-05,0.0,0.23471916789790304,-0.23471916789790304,0.23471916789790304
2,IBUPROFENO TABX800,2026-07-05,0.0,0.05686046257526178,-0.05686046257526178,0.05686046257526178
2,LOPERAMIDA 2MG,2026-07-05,0.0,0.053492020757777245,-0.053492020757777245,0.053492020757777245
2,PARACETAMOL 500MG,2026-07-05,0.0,0.08193289637270276,-0.08193289637270276,0.08193289637270276
2,VITAMINA C+ZINC+D3,2026-07-05,0.0,1.2691948813572989,-1.2691948813572989,1.2691948813572989
3,DIMENHIDRINATO 50MG,2026-07-05,0.0,0.061225934515835856,-0.061225934515835856,0.061225934515835856
3,ENALAPRIL 10MG,2026-07-05,0.0,0.45983089620297335,-0.45983089620297335,0.45983089620297335
3,IBUPROFENO TABX800,2026-07-05,0.0,0.02866161884304022,-0.02866161884304022,0.02866161884304022
3,LOPERAMIDA 2MG,2026-07-05,0.0,0.025293177025555696,-0.025293177025555696,0.025293177025555696
3,VITAMINA C+ZINC+D3,2026-07-05,2.0,0.7387473446649993,1.2612526553350007,1.2612526553350007
4,AZITROMICINA 500MG,2026-07-05,0.0,0.03479390283536425,-0.03479390283536425,0.03479390283536425
4,DIMENHIDRINATO 50MG,2026-07-05,0.0,0.05602086554378931,-0.05602086554378931,0.05602086554378931
4,ENALAPRIL 10MG,2026-07-05,0.0,0.1721471687719723,-0.1721471687719723,0.1721471687719723
4,IBUPROFENO TABX800,2026-07-05,0.0,0.023456549870993687,-0.023456549870993687,0.023456549870993687
4,LOPERAMIDA 2MG,2026-07-05,0.0,0.020088108053509163,-0.020088108053509163,0.020088108053509163
4,METFORMINA 850MG,2026-07-05,0.0,0.10603096753669686,-0.10603096753669686,0.10603096753669686
4,VITAMINA C+ZINC+D3,2026-07-05,0.0,0.8136816440514418,-0.8136816440514418,0.8136816440514418
5,DIMENHIDRINATO 50MG,2026-07-05,0.0,0.08520270213305695,-0.08520270213305695,0.08520270213305695
5,ENALAPRIL 10MG,2026-07-05,0.0,0.3769713535273412,-0.3769713535273412,0.3769713535273412
5,IBUPROFENO TABX800,2026-07-05,0.0,0.08180647288192393,-0.08180647288192393,0.08180647288192393
5,LOPERAMIDA 2MG,2026-07-05,0.0,0.0784380310644394,-0.0784380310644394,0.0784380310644394
5,METFORMINA 850MG,2026-07-05,0.0,0.25064957756896566,-0.25064957756896566,0.25064957756896566
5,VITAMINA C+ZINC+D3,2026-07-05,1.0,1.722125875980934,-0.7221258759809339,0.7221258759809339
6,AZITROMICINA 500MG,2026-07-05,0.0,0.02505289623713773,-0.02505289623713773,0.02505289623713773
6,ENALAPRIL 10MG,2026-07-05,0.0,0.2511459936823829,-0.2511459936823829,0.2511459936823829
6,IBUPROFENO TABX800,2026-07-05,0.0,0.013715543272767167,-0.013715543272767167,0.013715543272767167
6,LOPERAMIDA 2MG,2026-07-05,0.0,0.010347101455282642,-0.010347101455282642,0.010347101455282642
6,METFORMINA 850MG,2026-07-05,0.0,0.09628996093847034,-0.09628996093847034,0.09628996093847034
6,VITAMINA C+ZINC+D3,2026-07-05,3.0,1.2749541110400955,1.7250458889599045,1.7250458889599045
7,AZITROMICINA 500MG,2026-07-05,0.0,-0.007450468872525595,0.007450468872525595,0.007450468872525595
7,DIMENHIDRINATO 50MG,2026-07-05,0.0,-0.015391592585763142,0.015391592585763142,0.015391592585763142
7,ENALAPRIL 10MG,2026-07-05,0.0,0.0728021964644065,-0.0728021964644065,0.0728021964644065
7,IBUPROFENO TABX800,2026-07-05,0.0,-0.018787821836896146,0.018787821836896146,0.018787821836896146
7,METFORMINA 850MG,2026-07-05,0.0,0.063786595828807,-0.063786595828807,0.063786595828807
7,PARACETAMOL 500MG,2026-07-05,0.0,0.006284611960544806,-0.006284611960544806,0.006284611960544806
7,VITAMINA C+ZINC+D3,2026-07-05,0.0,0.9959214732824833,-0.9959214732824833,0.9959214732824833
8,AMOXICILINA 500MG,2026-07-05,0.0,-0.01696678840738025,0.01696678840738025,0.01696678840738025
8,AZITROMICINA 500MG,2026-07-05,0.0,-0.02081190867805205,0.02081190867805205,0.02081190867805205
8,DIMENHIDRINATO 50MG,2026-07-05,0.0,-0.028753032391289596,0.028753032391289596,0.028753032391289596
8,ENALAPRIL 10MG,2026-07-05,0.0,0.059440756658880045,-0.059440756658880045,0.059440756658880045
8,IBUPROFENO TABX800,2026-07-05,0.0,-0.03214926164242263,0.03214926164242263,0.03214926164242263
8,LOPERAMIDA 2MG,2026-07-05,0.0,-0.03551770345990715,0.03551770345990715,0.03551770345990715
8,METFORMINA 850MG,2026-07-05,0.0,0.10752575662295653,-0.10752575662295653,0.10752575662295653
8,PARACETAMOL 500MG,2026-07-05,0.0,-0.00707682784498162,0.00707682784498162,0.00707682784498162
8,VITAMINA C+ZINC+D3,2026-07-05,0.0,0.4811247501343967,-0.4811247501343967,0.4811247501343967
9,AZITROMICINA 500MG,2026-07-05,0.0,-3.2603337918296615e-05,3.2603337918296615e-05,3.2603337918296615e-05
9,DIMENHIDRINATO 50MG,2026-07-05,0.0,-0.007973727051155843,0.007973727051155843,0.007973727051155843
9,ENALAPRIL 10MG,2026-07-05,0.0,0.1338307683491054,-0.1338307683491054,0.1338307683491054
9,LOPERAMIDA 2MG,2026-07-05,0.0,-0.0147383981197734,0.0147383981197734,0.0147383981197734
9,METFORMINA 850MG,2026-07-05,1.0,0.18274463574807198,0.817255364251928,0.817255364251928
9,PARACETAMOL 500MG,2026-07-05,0.0,0.013702477495152104,-0.013702477495152104,0.013702477495152104
9,VITAMINA C+ZINC+D3,2026-07-05,1.0,0.5019040554745304,0.49809594452546957,0.49809594452546957
10,AZITROMICINA 500MG,2026-07-05,0.0,0.023668968840837717,-0.023668968840837717,0.023668968840837717
10,DIMENHIDRINATO 50MG,2026-07-05,0.0,0.01572784512760017,-0.01572784512760017,0.01572784512760017
10,ENALAPRIL 10MG,2026-07-05,1.0,0.530598447692629,0.469401552307371,0.469401552307371
10,IBUPROFENO TABX800,2026-07-05,0.0,0.012331615876467167,-0.012331615876467167,0.012331615876467167
10,LOPERAMIDA 2MG,2026-07-05,0.0,0.008963174058982615,-0.008963174058982615,0.008963174058982615
10,PARACETAMOL 500MG,2026-07-05,0.0,0.037404049673908146,-0.037404049673908146,0.037404049673908146
11,AMOXICILINA 500MG,2026-07-05,0.0,-0.01969507690737321,0.01969507690737321,0.01969507690737321
11,AZITROMICINA 500MG,2026-07-05,0.0,-0.023540197178045008,0.023540197178045008,0.023540197178045008
11,DIMENHIDRINATO 50MG,2026-07-05,0.0,-0.031481320891282555,0.031481320891282555,0.031481320891282555
11,ENALAPRIL 10MG,2026-07-05,0.0,0.1150486410022123,-0.1150486410022123,0.1150486410022123
11,IBUPROFENO TABX800,2026-07-05,0.0,-0.03487755014241556,0.03487755014241556,0.03487755014241556
11,LOPERAMIDA 2MG,2026-07-05,0.0,-0.03824599195990011,0.03824599195990011,0.03824599195990011
11,METFORMINA 850MG,2026-07-05,0.0,0.04769686752328761,-0.04769686752328761,0.04769686752328761
11,PARACETAMOL 500MG,2026-07-05,0.0,0.0818228668057232,-0.0818228668057232,0.0818228668057232
11,VITAMINA C+ZINC+D3,2026-07-05,0.0,0.7267328399496664,-0.7267328399496664,0.7267328399496664
12,AMOXICILINA 500MG,2026-07-05,0.0,0.03162773532690749,-0.03162773532690749,0.03162773532690749
12,DIMENHIDRINATO 50MG,2026-07-05,0.0,0.019841491342998147,-0.019841491342998147,0.019841491342998147
12,ENALAPRIL 10MG,2026-07-05,0.0,0.1372033668148304,-0.1372033668148304,0.1372033668148304
12,IBUPROFENO TABX800,2026-07-05,0.0,0.016445262091865115,-0.016445262091865115,0.016445262091865115
12,METFORMINA 850MG,2026-07-05,0.0,0.0990196797575683,-0.0990196797575683,0.0990196797575683
12,PARACETAMOL 500MG,2026-07-05,0.0,0.04151769588930611,-0.04151769588930611,0.04151769588930611
12,VITAMINA C+ZINC+D3,2026-07-05,2.0,1.0522093325943473,0.9477906674056527,0.9477906674056527
13,AZITROMICINA 500MG,2026-07-05,0.0,0.09890314788070244,-0.09890314788070244,0.09890314788070244
13,DIMENHIDRINATO 50MG,2026-07-05,0.0,-0.02057815021719278,0.02057815021719278,0.02057815021719278
13,ENALAPRIL 10MG,2026-07-05,0.0,0.12595181167630207,-0.12595181167630207,0.12595181167630207
13,IBUPROFENO TABX800,2026-07-05,0.0,-0.023974379468325813,0.023974379468325813,0.023974379468325813
13,METFORMINA 850MG,2026-07-05,0.0,0.1631820264842955,-0.1631820264842955,0.1631820264842955
14,AZITROMICINA 500MG,2026-07-05,0.0,0.00928079441920282,-0.00928079441920282,0.00928079441920282
14,DIMENHIDRINATO 50MG,2026-07-05,0.0,0.0013396707059652735,-0.0013396707059652735,0.0013396707059652735
14,ENALAPRIL 10MG,2026-07-05,0.0,0.08953345975613491,-0.08953345975613491,0.08953345975613491
14,IBUPROFENO TABX800,2026-07-05,0.0,-0.002056558545167758,0.002056558545167758,0.002056558545167758
14,METFORMINA 850MG,2026-07-05,0.0,0.08051785912053543,-0.08051785912053543,0.08051785912053543
14,PARACETAMOL 500MG,2026-07-05,0.0,0.07662658160236485,-0.07662658160236485,0.07662658160236485
14,VITAMINA C+ZINC+D3,2026-07-05,3.0,0.8040106924135615,2.1959893075864385,2.1959893075864385
15,AMOXICILINA 500MG,2026-07-05,0.0,0.06314129729121482,-0.06314129729121482,0.06314129729121482
15,DIMENHIDRINATO 50MG,2026-07-05,0.0,0.05135505330730544,-0.05135505330730544,0.05135505330730544
15,ENALAPRIL 10MG,2026-07-05,0.0,0.2603449119298355,-0.2603449119298355,0.2603449119298355
15,IBUPROFENO TABX800,2026-07-05,0.0,0.04795882405617244,-0.04795882405617244,0.04795882405617244
15,METFORMINA 850MG,2026-07-05,0.0,0.1305332417218756,-0.1305332417218756,0.1305332417218756
15,PARACETAMOL 500MG,2026-07-05,0.0,0.07303125785361342,-0.07303125785361342,0.07303125785361342
15,VITAMINA C+ZINC+D3,2026-07-05,1.0,0.8090158318149581,0.19098416818504194,0.19098416818504194
16,AMOXICILINA 500MG,2026-07-05,0.0,0.03671000170217589,-0.03671000170217589,0.03671000170217589
16,DIMENHIDRINATO 50MG,2026-07-05,0.0,-0.028686948631825082,0.028686948631825082,0.028686948631825082
16,ENALAPRIL 10MG,2026-07-05,2.0,0.1422856331900988,1.8577143668099012,1.8577143668099012
16,IBUPROFENO TABX800,2026-07-05,0.0,-0.032083177882958086,0.032083177882958086,0.032083177882958086
16,LOPERAMIDA 2MG,2026-07-05,0.0,-0.006283533278780035,0.006283533278780035,0.006283533278780035
16,METFORMINA 850MG,2026-07-05,0.0,0.14211922293344287,-0.14211922293344287,0.14211922293344287
16,PARACETAMOL 500MG,2026-07-05,0.0,-0.007010744085517107,0.007010744085517107,0.007010744085517107
16,VITAMINA C+ZINC+D3,2026-07-05,0.0,0.7519510594602445,-0.7519510594602445,0.7519510594602445
17,DIMENHIDRINATO 50MG,2026-07-05,0.0,0.11459652362497781,-0.11459652362497781,0.11459652362497781
17,ENALAPRIL 10MG,2026-07-05,0.0,0.1456897120754715,-0.1456897120754715,0.1456897120754715
17,IBUPROFENO TABX800,2026-07-05,0.0,0.05409969377416882,-0.05409969377416882,0.05409969377416882
17,LOPERAMIDA 2MG,2026-07-05,0.0,0.05073125195668429,-0.05073125195668429,0.05073125195668429
17,PARACETAMOL 500MG,2026-07-05,0.0,0.10834021399327241,-0.10834021399327241,0.10834021399327241
17,VITAMINA C+ZINC+D3,2026-07-05,3.0,0.8710217298889811,2.128978270111019,2.128978270111019
18,AZITROMICINA 500MG,2026-07-05,0.0,0.0654370467385394,-0.0654370467385394,0.0654370467385394
18,DIMENHIDRINATO 50MG,2026-07-05,0.0,0.05749592302530185,-0.05749592302530185,0.05749592302530185
18,ENALAPRIL 10MG,2026-07-05,0.0,0.1456897120754715,-0.1456897120754715,0.1456897120754715
18,IBUPROFENO TABX800,2026-07-05,0.0,0.05409969377416882,-0.05409969377416882,0.05409969377416882
18,LOPERAMIDA 2MG,2026-07-05,0.0,0.05073125195668429,-0.05073125195668429,0.05073125195668429
18,METFORMINA 850MG,2026-07-05,0.0,0.136674111439872,-0.136674111439872,0.136674111439872
19,AZITROMICINA 500MG,2026-07-05,0.0,0.0654370467385394,-0.0654370467385394,0.0654370467385394
19,DIMENHIDRINATO 50MG,2026-07-05,0.0,0.05749592302530185,-0.05749592302530185,0.05749592302530185
19,VITAMINA C+ZINC+D3,2026-07-05,0.0,0.9334816266180161,-0.9334816266180161,0.9334816266180161
1,DIMENHIDRINATO 50MG,2026-07-12,0.0,0.055220378569420664,-0.055220378569420664,0.055220378569420664
1,ENALAPRIL 10MG,2026-07-12,1.0,0.5678366591285143,0.43216334087148567,0.43216334087148567
1,IBUPROFENO TABX800,2026-07-12,0.0,0.05182414931828763,-0.05182414931828763,0.05182414931828763
1,LOPERAMIDA 2MG,2026-07-12,0.0,0.04845570750080311,-0.04845570750080311,0.04845570750080311
1,PARACETAMOL 500MG,2026-07-12,0.0,0.07689658311572861,-0.07689658311572861,0.07689658311572861
1,VITAMINA C+ZINC+D3,2026-07-12,0.0,1.1487407037857569,-1.1487407037857569,1.1487407037857569
2,AZITROMICINA 500MG,2026-07-12,0.0,0.06592227108375116,-0.06592227108375116,0.06592227108375116
2,DIMENHIDRINATO 50MG,2026-07-12,0.0,0.05798114737051362,-0.05798114737051362,0.05798114737051362
2,ENALAPRIL 10MG,2026-07-12,2.0,0.22895372919243748,1.7710462708075625,1.7710462708075625
2,IBUPROFENO TABX800,2026-07-12,0.0,0.0545849181193806,-0.0545849181193806,0.0545849181193806
2,LOPERAMIDA 2MG,2026-07-12,0.0,0.05121647630189606,-0.05121647630189606,0.05121647630189606
2,PARACETAMOL 500MG,2026-07-12,0.0,0.07965735191682158,-0.07965735191682158,0.07965735191682158
2,VITAMINA C+ZINC+D3,2026-07-12,0.0,1.1099622145080572,-1.1099622145080572,1.1099622145080572
3,DIMENHIDRINATO 50MG,2026-07-12,0.0,0.05895039005995467,-0.05895039005995467,0.05895039005995467
3,ENALAPRIL 10MG,2026-07-12,2.0,0.4168770481317917,1.5831229518682082,1.5831229518682082
3,IBUPROFENO TABX800,2026-07-12,0.0,0.026386074387159036,-0.026386074387159036,0.026386074387159036
3,LOPERAMIDA 2MG,2026-07-12,0.0,0.023017632569674512,-0.023017632569674512,0.023017632569674512
3,VITAMINA C+ZINC+D3,2026-07-12,0.0,0.868756484573687,-0.868756484573687,0.868756484573687
4,AZITROMICINA 500MG,2026-07-12,0.0,0.03251835837948307,-0.03251835837948307,0.03251835837948307
4,DIMENHIDRINATO 50MG,2026-07-12,0.0,0.07554851660307205,-0.07554851660307205,0.07554851660307205
4,ENALAPRIL 10MG,2026-07-12,0.0,0.16638173006650675,-0.16638173006650675,0.16638173006650675
4,IBUPROFENO TABX800,2026-07-12,0.0,0.021181005415112503,-0.021181005415112503,0.021181005415112503
4,LOPERAMIDA 2MG,2026-07-12,0.0,0.01781256359762798,-0.01781256359762798,0.01781256359762798
4,METFORMINA 850MG,2026-07-12,0.0,0.10375542308081567,-0.10375542308081567,0.10375542308081567
4,VITAMINA C+ZINC+D3,2026-07-12,3.0,0.7966763177825633,2.2033236822174365,2.2033236822174365
5,DIMENHIDRINATO 50MG,2026-07-12,0.0,0.08292715767717576,-0.08292715767717576,0.08292715767717576
5,ENALAPRIL 10MG,2026-07-12,2.0,0.3701653803769909,1.6298346196230091,1.6298346196230091
5,IBUPROFENO TABX800,2026-07-12,0.0,0.07953092842604274,-0.07953092842604274,0.07953092842604274
5,LOPERAMIDA 2MG,2026-07-12,0.0,0.07616248660855822,-0.07616248660855822,0.07616248660855822
5,METFORMINA 850MG,2026-07-12,2.0,0.24488413886350013,1.7551158611364999,1.7551158611364999
5,VITAMINA C+ZINC+D3,2026-07-12,4.0,1.784092280208911,2.215907719791089,2.215907719791089
6,AZITROMICINA 500MG,2026-07-12,0.0,0.022777351781256547,-0.022777351781256547,0.022777351781256547
6,ENALAPRIL 10MG,2026-07-12,0.0,0.27067364474166555,-0.27067364474166555,0.27067364474166555
6,IBUPROFENO TABX800,2026-07-12,0.0,0.011439998816885982,-0.011439998816885982,0.011439998816885982
6,LOPERAMIDA 2MG,2026-07-12,0.0,0.008071556999401458,-0.008071556999401458,0.008071556999401458
6,METFORMINA 850MG,2026-07-12,0.0,0.09401441648258915,-0.09401441648258915,0.09401441648258915
7,AZITROMICINA 500MG,2026-07-12,0.0,-0.00972601332840678,0.00972601332840678,0.00972601332840678
7,DIMENHIDRINATO 50MG,2026-07-12,0.0,-0.017667137041644326,0.017667137041644326,0.017667137041644326
7,ENALAPRIL 10MG,2026-07-12,0.0,0.07052665200852531,-0.07052665200852531,0.07052665200852531
7,IBUPROFENO TABX800,2026-07-12,0.0,-0.02106336629277733,0.02106336629277733,0.02106336629277733
7,METFORMINA 850MG,2026-07-12,0.0,0.06151105137292581,-0.06151105137292581,0.06151105137292581
7,PARACETAMOL 500MG,2026-07-12,0.0,0.0040090675046636215,-0.0040090675046636215,0.0040090675046636215
7,VITAMINA C+ZINC+D3,2026-07-12,1.0,0.8058629851417987,0.19413701485820134,0.19413701485820134
8,AMOXICILINA 500MG,2026-07-12,0.0,-0.019242332863261435,0.019242332863261435,0.019242332863261435
8,AZITROMICINA 500MG,2026-07-12,0.0,-0.023087453133933233,0.023087453133933233,0.023087453133933233
8,DIMENHIDRINATO 50MG,2026-07-12,0.0,-0.03102857684717078,0.03102857684717078,0.03102857684717078
8,ENALAPRIL 10MG,2026-07-12,1.0,0.05716521220299886,0.9428347877970011,0.9428347877970011
8,IBUPROFENO TABX800,2026-07-12,0.0,-0.03442480609830381,0.03442480609830381,0.03442480609830381
8,LOPERAMIDA 2MG,2026-07-12,0.0,-0.037793247915788336,0.037793247915788336,0.037793247915788336
8,METFORMINA 850MG,2026-07-12,0.0,0.101760317917491,-0.101760317917491,0.101760317917491
8,PARACETAMOL 500MG,2026-07-12,0.0,-0.009352372300862805,0.009352372300862805,0.009352372300862805
8,VITAMINA C+ZINC+D3,2026-07-12,0.0,0.4788492056785155,-0.4788492056785155,0.4788492056785155
9,AZITROMICINA 500MG,2026-07-12,0.0,-0.002308147793799481,0.002308147793799481,0.002308147793799481
9,DIMENHIDRINATO 50MG,2026-07-12,0.0,-0.010249271507037028,0.010249271507037028,0.010249271507037028
9,ENALAPRIL 10MG,2026-07-12,0.0,0.1071126039647952,-0.1071126039647952,0.1071126039647952
9,LOPERAMIDA 2MG,2026-07-12,0.0,-0.017013942575654584,0.017013942575654584,0.017013942575654584
9,METFORMINA 850MG,2026-07-12,0.0,0.2176575006579069,-0.2176575006579069,0.2176575006579069
9,PARACETAMOL 500MG,2026-07-12,0.0,0.01142693303927092,-0.01142693303927092,0.01142693303927092
9,VITAMINA C+ZINC+D3,2026-07-12,2.0,0.5912564941693472,1.4087435058306528,1.4087435058306528
10,AZITROMICINA 500MG,2026-07-12,0.0,0.021393424384956533,-0.021393424384956533,0.021393424384956533
10,DIMENHIDRINATO 50MG,2026-07-12,0.0,0.013452300671718986,-0.013452300671718986,0.013452300671718986
10,ENALAPRIL 10MG,2026-07-12,0.0,0.5492756289155925,-0.5492756289155925,0.5492756289155925
10,IBUPROFENO TABX800,2026-07-12,0.0,0.010056071420585982,-0.010056071420585982,0.010056071420585982
10,LOPERAMIDA 2MG,2026-07-12,0.0,0.00668762960310143,-0.00668762960310143,0.00668762960310143
10,PARACETAMOL 500MG,2026-07-12,1.0,0.03512850521802696,0.964871494781973,0.964871494781973
11,AMOXICILINA 500MG,2026-07-12,0.0,-0.021970621363254395,0.021970621363254395,0.021970621363254395
11,AZITROMICINA 500MG,2026-07-12,0.0,-0.025815741633926192,0.025815741633926192,0.025815741633926192
11,DIMENHIDRINATO 50MG,2026-07-12,0.0,-0.03375686534716374,0.03375686534716374,0.03375686534716374
11,ENALAPRIL 10MG,2026-07-12,1.0,0.11277309654633112,0.8872269034536688,0.8872269034536688
11,IBUPROFENO TABX800,2026-07-12,0.0,-0.03715309459829674,0.03715309459829674,0.03715309459829674
11,LOPERAMIDA 2MG,2026-07-12,0.0,-0.040521536415781295,0.040521536415781295,0.040521536415781295
11,METFORMINA 850MG,2026-07-12,1.0,0.04542132306740643,0.9545786769325936,0.9545786769325936
11,PARACETAMOL 500MG,2026-07-12,0.0,0.09945951358380192,-0.09945951358380192,0.09945951358380192
11,VITAMINA C+ZINC+D3,2026-07-12,1.0,0.6511294357084985,0.34887056429150154,0.34887056429150154
12,AMOXICILINA 500MG,2026-07-12,0.0,0.029352190871026307,-0.029352190871026307,0.029352190871026307
12,DIMENHIDRINATO 50MG,2026-07-12,0.0,0.017565946887116962,-0.017565946887116962,0.017565946887116962
12,ENALAPRIL 10MG,2026-07-12,0.0,0.15673101787411314,-0.15673101787411314,0.15673101787411314
12,IBUPROFENO TABX800,2026-07-12,0.0,0.01416971763598393,-0.01416971763598393,0.01416971763598393
12,METFORMINA 850MG,2026-07-12,0.0,0.09674413530168711,-0.09674413530168711,0.09674413530168711
12,PARACETAMOL 500MG,2026-07-12,0.0,0.039242151433424924,-0.039242151433424924,0.039242151433424924
12,VITAMINA C+ZINC+D3,2026-07-12,0.0,1.0348937409222771,-1.0348937409222771,1.0348937409222771
13,AZITROMICINA 500MG,2026-07-12,0.0,0.042188029639839544,-0.042188029639839544,0.042188029639839544
13,DIMENHIDRINATO 50MG,2026-07-12,0.0,-0.022853694673073965,0.022853694673073965,0.022853694673073965
13,ENALAPRIL 10MG,2026-07-12,0.0,0.12367626722042088,-0.12367626722042088,0.12367626722042088
13,IBUPROFENO TABX800,2026-07-12,0.0,-0.026249923924206997,0.026249923924206997,0.026249923924206997
13,METFORMINA 850MG,2026-07-12,0.0,0.08549258016315879,-0.08549258016315879,0.08549258016315879
14,DIMENHIDRINATO 50MG,2026-07-12,0.0,-0.0009358737499159109,0.0009358737499159109,0.0009358737499159109
14,ENALAPRIL 10MG,2026-07-12,0.0,0.08725791530025373,-0.08725791530025373,0.08725791530025373
14,IBUPROFENO TABX800,2026-07-12,0.0,-0.0043321030010489425,0.0043321030010489425,0.0043321030010489425
14,METFORMINA 850MG,2026-07-12,0.0,0.07824231466465424,-0.07824231466465424,0.07824231466465424
14,PARACETAMOL 500MG,2026-07-12,0.0,0.04990841721805467,-0.04990841721805467,0.04990841721805467
14,VITAMINA C+ZINC+D3,2026-07-12,0.0,0.9175759329364446,-0.9175759329364446,0.9175759329364446
15,AMOXICILINA 500MG,2026-07-12,0.0,0.06086575283533363,-0.06086575283533363,0.06086575283533363
15,DIMENHIDRINATO 50MG,2026-07-12,0.0,0.04907950885142426,-0.04907950885142426,0.04907950885142426
15,ENALAPRIL 10MG,2026-07-12,0.0,0.2779815587079142,-0.2779815587079142,0.2779815587079142
15,IBUPROFENO TABX800,2026-07-12,0.0,0.045683279600291254,-0.045683279600291254,0.045683279600291254
15,METFORMINA 850MG,2026-07-12,0.0,0.12825769726599442,-0.12825769726599442,0.12825769726599442
15,PARACETAMOL 500MG,2026-07-12,0.0,0.07075571339773223,-0.07075571339773223,0.07075571339773223
15,VITAMINA C+ZINC+D3,2026-07-12,1.0,0.8182289021512854,0.1817710978487146,0.1817710978487146
16,AMOXICILINA 500MG,2026-07-12,0.0,0.009991837317865682,-0.009991837317865682,0.009991837317865682
16,DIMENHIDRINATO 50MG,2026-07-12,0.0,-0.030962493087706267,0.030962493087706267,0.030962493087706267
16,ENALAPRIL 10MG,2026-07-12,1.0,0.2988234351071842,0.7011765648928159,0.7011765648928159
16,IBUPROFENO TABX800,2026-07-12,0.0,-0.03435872233883927,0.03435872233883927,0.03435872233883927
16,LOPERAMIDA 2MG,2026-07-12,0.0,0.01324411778050269,-0.01324411778050269,0.01324411778050269
16,METFORMINA 850MG,2026-07-12,1.0,0.15975586971152156,0.8402441302884784,0.8402441302884784
16,PARACETAMOL 500MG,2026-07-12,0.0,-0.009286288541398291,0.009286288541398291,0.009286288541398291
16,VITAMINA C+ZINC+D3,2026-07-12,1.0,0.8331062885026113,0.16689371149738874,0.16689371149738874
17,DIMENHIDRINATO 50MG,2026-07-12,0.0,0.10883108491951227,-0.10883108491951227,0.10883108491951227
17,ENALAPRIL 10MG,2026-07-12,0.0,0.1434141676195903,-0.1434141676195903,0.1434141676195903
17,IBUPROFENO TABX800,2026-07-12,0.0,0.05182414931828763,-0.05182414931828763,0.05182414931828763
17,LOPERAMIDA 2MG,2026-07-12,0.0,0.04845570750080311,-0.04845570750080311,0.04845570750080311
17,PARACETAMOL 500MG,2026-07-12,0.0,0.10606466953739123,-0.10606466953739123,0.10606466953739123
17,VITAMINA C+ZINC+D3,2026-07-12,2.0,1.0565109780275355,0.9434890219724645,0.9434890219724645
18,AZITROMICINA 500MG,2026-07-12,0.0,0.06316150228265821,-0.06316150228265821,0.06316150228265821
18,DIMENHIDRINATO 50MG,2026-07-12,0.0,0.055220378569420664,-0.055220378569420664,0.055220378569420664
18,IBUPROFENO TABX800,2026-07-12,0.0,0.05182414931828763,-0.05182414931828763,0.05182414931828763
18,LOPERAMIDA 2MG,2026-07-12,0.0,0.04845570750080311,-0.04845570750080311,0.04845570750080311
18,METFORMINA 850MG,2026-07-12,0.0,0.1343985669839908,-0.1343985669839908,0.1343985669839908
19,AZITROMICINA 500MG,2026-07-12,0.0,0.06316150228265821,-0.06316150228265821,0.06316150228265821
19,VITAMINA C+ZINC+D3,2026-07-12,1.0,0.8858023120536009,0.11419768794639906,0.11419768794639906
1,DIMENHIDRINATO 50MG,2026-07-19,0.0,0.05294483411353948,-0.05294483411353948,0.05294483411353948
1,ENALAPRIL 10MG,2026-07-19,1.0,0.5472478134070535,0.45275218659294647,0.45275218659294647
1,IBUPROFENO TABX800,2026-07-19,0.0,0.04954860486240645,-0.04954860486240645,0.04954860486240645
1,LOPERAMIDA 2MG,2026-07-19,0.0,0.046180163044921924,-0.046180163044921924,0.046180163044921924
1,PARACETAMOL 500MG,2026-07-19,0.0,0.07462103865984743,-0.07462103865984743,0.07462103865984743
1,VITAMINA C+ZINC+D3,2026-07-19,0.0,1.1961974177119916,-1.1961974177119916,1.1961974177119916
2,AZITROMICINA 500MG,2026-07-19,0.0,0.06364672662786998,-0.06364672662786998,0.06364672662786998
2,DIMENHIDRINATO 50MG,2026-07-19,0.0,0.05570560291463243,-0.05570560291463243,0.05570560291463243
2,ENALAPRIL 10MG,2026-07-19,0.0,0.38549153110952283,-0.38549153110952283,0.38549153110952283
2,IBUPROFENO TABX800,2026-07-19,0.0,0.052309373663499414,-0.052309373663499414,0.052309373663499414
2,LOPERAMIDA 2MG,2026-07-19,0.0,0.048940931846014876,-0.048940931846014876,0.048940931846014876
2,VITAMINA C+ZINC+D3,2026-07-19,2.0,1.2066983323082319,0.7933016676917681,0.7933016676917681
3,DIMENHIDRINATO 50MG,2026-07-19,0.0,0.05667484560407349,-0.05667484560407349,0.05667484560407349
3,ENALAPRIL 10MG,2026-07-19,0.0,0.4435613743986399,-0.4435613743986399,0.4435613743986399
3,IBUPROFENO TABX800,2026-07-19,0.0,0.024110529931277852,-0.024110529931277852,0.024110529931277852
3,LOPERAMIDA 2MG,2026-07-19,0.0,0.020742088113793328,-0.020742088113793328,0.020742088113793328
3,VITAMINA C+ZINC+D3,2026-07-19,2.0,0.9281085181008897,1.0718914818991103,1.0718914818991103
4,AZITROMICINA 500MG,2026-07-19,0.0,0.030242813923601883,-0.030242813923601883,0.030242813923601883
4,DIMENHIDRINATO 50MG,2026-07-19,0.0,0.022301690210364336,-0.022301690210364336,0.022301690210364336
4,ENALAPRIL 10MG,2026-07-19,0.0,0.13966356568219657,-0.13966356568219657,0.13966356568219657
4,IBUPROFENO TABX800,2026-07-19,0.0,0.01890546095923132,-0.01890546095923132,0.01890546095923132
4,LOPERAMIDA 2MG,2026-07-19,0.0,0.015537019141746794,-0.015537019141746794,0.015537019141746794
4,METFORMINA 850MG,2026-07-19,0.0,0.10147987862493449,-0.10147987862493449,0.10147987862493449
4,VITAMINA C+ZINC+D3,2026-07-19,0.0,0.9090059860617972,-0.9090059860617972,0.9090059860617972
5,DIMENHIDRINATO 50MG,2026-07-19,0.0,0.08065161322129458,-0.08065161322129458,0.08065161322129458
5,ENALAPRIL 10MG,2026-07-19,0.0,0.5185094239526875,-0.5185094239526875,0.5185094239526875
5,IBUPROFENO TABX800,2026-07-19,0.0,0.07725538397016156,-0.07725538397016156,0.07725538397016156
5,LOPERAMIDA 2MG,2026-07-19,0.0,0.07388694215267703,-0.07388694215267703,0.07388694215267703
5,VITAMINA C+ZINC+D3,2026-07-19,0.0,1.6371649067992877,-1.6371649067992877,1.6371649067992877
6,AZITROMICINA 500MG,2026-07-19,0.0,0.02050180732537535,-0.02050180732537535,0.02050180732537535
6,ENALAPRIL 10MG,2026-07-19,0.0,0.2392300138641218,-0.2392300138641218,0.2392300138641218
6,IBUPROFENO TABX800,2026-07-19,0.0,0.009164454361004798,-0.009164454361004798,0.009164454361004798
6,LOPERAMIDA 2MG,2026-07-19,0.0,0.005796012543520274,-0.005796012543520274,0.005796012543520274
6,METFORMINA 850MG,2026-07-19,0.0,0.09173887202670797,-0.09173887202670797,0.09173887202670797
7,AZITROMICINA 500MG,2026-07-19,0.0,-0.012001557784287964,0.012001557784287964,0.012001557784287964
7,DIMENHIDRINATO 50MG,2026-07-19,0.0,-0.01994268149752551,0.01994268149752551,0.01994268149752551
7,ENALAPRIL 10MG,2026-07-19,0.0,0.06825110755264413,-0.06825110755264413,0.06825110755264413
7,IBUPROFENO TABX800,2026-07-19,0.0,-0.023338910748658515,0.023338910748658515,0.023338910748658515
7,METFORMINA 850MG,2026-07-19,0.0,0.05923550691704463,-0.05923550691704463,0.05923550691704463
7,PARACETAMOL 500MG,2026-07-19,0.0,0.0017335230487824371,-0.0017335230487824371,0.0017335230487824371
7,VITAMINA C+ZINC+D3,2026-07-19,1.0,0.9292026019545094,0.07079739804549057,0.07079739804549057
8,AMOXICILINA 500MG,2026-07-19,0.0,-0.02151787731914262,0.02151787731914262,0.02151787731914262
8,AZITROMICINA 500MG,2026-07-19,0.0,-0.025362997589814418,0.025362997589814418,0.025362997589814418
8,DIMENHIDRINATO 50MG,2026-07-19,0.0,-0.033304121303051964,0.033304121303051964,0.033304121303051964
8,ENALAPRIL 10MG,2026-07-19,0.0,0.1465176508978155,-0.1465176508978155,0.1465176508978155
8,LOPERAMIDA 2MG,2026-07-19,0.0,-0.04006879237166952,0.04006879237166952,0.04006879237166952
8,METFORMINA 850MG,2026-07-19,0.0,0.0750421535331808,-0.0750421535331808,0.0750421535331808
8,PARACETAMOL 500MG,2026-07-19,0.0,-0.011627916756743989,0.011627916756743989,0.011627916756743989
8,VITAMINA C+ZINC+D3,2026-07-19,0.0,0.47657366122263434,-0.47657366122263434,0.47657366122263434
9,AZITROMICINA 500MG,2026-07-19,0.0,-0.004583692249680665,0.004583692249680665,0.004583692249680665
9,DIMENHIDRINATO 50MG,2026-07-19,0.0,-0.012524815962918212,0.012524815962918212,0.012524815962918212
9,ENALAPRIL 10MG,2026-07-19,0.0,0.10483705950891402,-0.10483705950891402,0.10483705950891402
9,LOPERAMIDA 2MG,2026-07-19,0.0,-0.019289487031535768,0.019289487031535768,0.019289487031535768
9,METFORMINA 850MG,2026-07-19,0.0,0.23180425318640124,-0.23180425318640124,0.23180425318640124
9,PARACETAMOL 500MG,2026-07-19,0.0,0.009151388583389736,-0.009151388583389736,0.009151388583389736
10,AZITROMICINA 500MG,2026-07-19,0.0,0.01911787992907535,-0.01911787992907535,0.01911787992907535
10,DIMENHIDRINATO 50MG,2026-07-19,0.0,0.011176756215837802,-0.011176756215837802,0.011176756215837802
10,ENALAPRIL 10MG,2026-07-19,1.0,0.43092948138058446,0.5690705186194156,0.5690705186194156
10,IBUPROFENO TABX800,2026-07-19,0.0,0.007780526964704798,-0.007780526964704798,0.007780526964704798
10,LOPERAMIDA 2MG,2026-07-19,0.0,0.004412085147220246,-0.004412085147220246,0.004412085147220246
11,AMOXICILINA 500MG,2026-07-19,0.0,-0.02424616581913558,0.02424616581913558,0.02424616581913558
11,AZITROMICINA 500MG,2026-07-19,0.0,-0.028091286089807377,0.028091286089807377,0.028091286089807377
11,DIMENHIDRINATO 50MG,2026-07-19,0.0,-0.036032409803044924,0.036032409803044924,0.036032409803044924
11,ENALAPRIL 10MG,2026-07-19,0.0,0.20212553524114774,-0.20212553524114774,0.20212553524114774
11,IBUPROFENO TABX800,2026-07-19,0.0,-0.03942863905417793,0.03942863905417793,0.03942863905417793
11,LOPERAMIDA 2MG,2026-07-19,0.0,-0.04279708087166248,0.04279708087166248,0.04279708087166248
12,AMOXICILINA 500MG,2026-07-19,0.0,0.027076646415145122,-0.027076646415145122,0.027076646415145122
12,DIMENHIDRINATO 50MG,2026-07-19,0.0,0.015290402431235778,-0.015290402431235778,0.015290402431235778
12,ENALAPRIL 10MG,2026-07-19,0.0,0.10348419148140542,-0.10348419148140542,0.10348419148140542
12,IBUPROFENO TABX800,2026-07-19,0.0,0.011894173180102746,-0.011894173180102746,0.011894173180102746
12,METFORMINA 850MG,2026-07-19,0.0,0.09446859084580593,-0.09446859084580593,0.09446859084580593
12,PARACETAMOL 500MG,2026-07-19,0.0,0.03696660697754374,-0.03696660697754374,0.03696660697754374
12,VITAMINA C+ZINC+D3,2026-07-19,1.0,0.8881279270976679,0.11187207290233214,0.11187207290233214
13,AZITROMICINA 500MG,2026-07-19,0.0,0.036422590934374,-0.036422590934374,0.036422590934374
13,DIMENHIDRINATO 50MG,2026-07-19,0.0,-0.02512923912895515,0.02512923912895515,0.02512923912895515
13,ENALAPRIL 10MG,2026-07-19,0.0,0.1432039182797036,-0.1432039182797036,0.1432039182797036
13,IBUPROFENO TABX800,2026-07-19,0.0,-0.02852546838008818,0.02852546838008818,0.02852546838008818
13,METFORMINA 850MG,2026-07-19,0.0,0.0832170357072776,-0.0832170357072776,0.0832170357072776
14,DIMENHIDRINATO 50MG,2026-07-19,0.0,-0.0032114182057970952,0.0032114182057970952,0.0032114182057970952
14,ENALAPRIL 10MG,2026-07-19,0.0,0.08498237084437255,-0.08498237084437255,0.08498237084437255
14,IBUPROFENO TABX800,2026-07-19,0.0,-0.006607647456930127,0.006607647456930127,0.006607647456930127
14,PARACETAMOL 500MG,2026-07-19,0.0,0.047632872762173484,-0.047632872762173484,0.047632872762173484
14,VITAMINA C+ZINC+D3,2026-07-19,0.0,0.8996230603171875,-0.8996230603171875,0.8996230603171875
15,AMOXICILINA 500MG,2026-07-19,0.0,0.058590208379452446,-0.058590208379452446,0.058590208379452446
15,DIMENHIDRINATO 50MG,2026-07-19,0.0,0.046803964395543074,-0.046803964395543074,0.046803964395543074
15,ENALAPRIL 10MG,2026-07-19,0.0,0.22126644046705132,-0.22126644046705132,0.22126644046705132
15,IBUPROFENO TABX800,2026-07-19,0.0,0.04340773514441007,-0.04340773514441007,0.04340773514441007
15,METFORMINA 850MG,2026-07-19,0.0,0.12598215281011324,-0.12598215281011324,0.12598215281011324
15,PARACETAMOL 500MG,2026-07-19,0.0,0.06848016894185105,-0.06848016894185105,0.06848016894185105
15,VITAMINA C+ZINC+D3,2026-07-19,1.0,0.8765222501432355,0.12347774985676452,0.12347774985676452
16,AMOXICILINA 500MG,2026-07-19,0.0,0.007716292861984497,-0.007716292861984497,0.007716292861984497
16,DIMENHIDRINATO 50MG,2026-07-19,0.0,-0.03323803754358745,0.03323803754358745,0.03323803754358745
16,ENALAPRIL 10MG,2026-07-19,0.0,0.44980345178508446,-0.44980345178508446,0.44980345178508446
16,IBUPROFENO TABX800,2026-07-19,1.0,-0.036634266794720455,1.0366342667947204,1.0366342667947204
16,LOPERAMIDA 2MG,2026-07-19,0.0,-0.04000270861220501,0.04000270861220501,0.04000270861220501
16,METFORMINA 850MG,2026-07-19,1.0,0.19466873462135648,0.8053312653786435,0.8053312653786435
16,PARACETAMOL 500MG,2026-07-19,0.0,-0.011561832997279475,0.011561832997279475,0.011561832997279475
16,VITAMINA C+ZINC+D3,2026-07-19,1.0,0.7116370157538112,0.2883629842461888,0.2883629842461888
17,DIMENHIDRINATO 50MG,2026-07-19,0.0,0.08211292053520208,-0.08211292053520208,0.08211292053520208
17,ENALAPRIL 10MG,2026-07-19,0.0,0.14113862316370912,-0.14113862316370912,0.14113862316370912
17,IBUPROFENO TABX800,2026-07-19,0.0,0.04954860486240645,-0.04954860486240645,0.04954860486240645
17,LOPERAMIDA 2MG,2026-07-19,0.0,0.046180163044921924,-0.046180163044921924,0.046180163044921924
17,PARACETAMOL 500MG,2026-07-19,0.0,0.12559232059667397,-0.12559232059667397,0.12559232059667397
17,VITAMINA C+ZINC+D3,2026-07-19,1.0,1.2409778428115728,-0.24097784281157275,0.24097784281157275
18,DIMENHIDRINATO 50MG,2026-07-19,0.0,0.05294483411353948,-0.05294483411353948,0.05294483411353948
18,IBUPROFENO TABX800,2026-07-19,0.0,0.04954860486240645,-0.04954860486240645,0.04954860486240645
18,LOPERAMIDA 2MG,2026-07-19,0.0,0.046180163044921924,-0.046180163044921924,0.046180163044921924
18,METFORMINA 850MG,2026-07-19,0.0,0.13212302252810962,-0.13212302252810962,0.13212302252810962
19,AZITROMICINA 500MG,2026-07-19,0.0,0.060885957826777026,-0.060885957826777026,0.060885957826777026
19,VITAMINA C+ZINC+D3,2026-07-19,3.0,0.7698873732329248,2.2301126267670752,2.2301126267670752
1,DIMENHIDRINATO 50MG,2026-07-26,0.0,0.050669289657658295,-0.050669289657658295,0.050669289657658295
1,ENALAPRIL 10MG,2026-07-26,0.0,0.6639925618467557,-0.6639925618467557,0.6639925618467557
1,PARACETAMOL 500MG,2026-07-26,0.0,0.07234549420396624,-0.07234549420396624,0.07234549420396624
1,VITAMINA C+ZINC+D3,2026-07-26,0.0,0.8994925016058497,-0.8994925016058497,0.8994925016058497
2,AZITROMICINA 500MG,2026-07-26,0.0,0.061371182171988795,-0.061371182171988795,0.061371182171988795
2,DIMENHIDRINATO 50MG,2026-07-26,0.0,0.05343005845875125,-0.05343005845875125,0.05343005845875125
2,ENALAPRIL 10MG,2026-07-26,0.0,0.44484356463672536,-0.44484356463672536,0.44484356463672536
2,IBUPROFENO TABX800,2026-07-26,0.0,0.05003382920761823,-0.05003382920761823,0.05003382920761823
2,LOPERAMIDA 2MG,2026-07-26,0.0,0.04666538739013369,-0.04666538739013369,0.04666538739013369
3,DIMENHIDRINATO 50MG,2026-07-26,0.0,0.07620249666335621,-0.07620249666335621,0.07620249666335621
3,ENALAPRIL 10MG,2026-07-26,0.0,0.4776203181610942,-0.4776203181610942,0.4776203181610942
3,IBUPROFENO TABX800,2026-07-26,0.0,0.021834985475396668,-0.021834985475396668,0.021834985475396668
3,VITAMINA C+ZINC+D3,2026-07-26,2.0,1.0364512925002698,0.9635487074997302,0.9635487074997302
4,AZITROMICINA 500MG,2026-07-26,0.0,0.0279672694677207,-0.0279672694677207,0.0279672694677207
4,DIMENHIDRINATO 50MG,2026-07-26,0.0,0.020026145754483166,-0.020026145754483166,0.020026145754483166
4,ENALAPRIL 10MG,2026-07-26,1.0,0.13738802122631538,0.8626119787736846,0.8626119787736846
4,LOPERAMIDA 2MG,2026-07-26,0.0,0.01326147468586561,-0.01326147468586561,0.01326147468586561
4,METFORMINA 850MG,2026-07-26,0.0,0.0992043341690533,-0.0992043341690533,0.0992043341690533
4,VITAMINA C+ZINC+D3,2026-07-26,3.0,0.8645244514341426,2.135475548565857,2.135475548565857
5,DIMENHIDRINATO 50MG,2026-07-26,0.0,0.07837606876541339,-0.07837606876541339,0.07837606876541339
5,ENALAPRIL 10MG,2026-07-26,0.0,0.5234002812934792,-0.5234002812934792,0.5234002812934792
5,IBUPROFENO TABX800,2026-07-26,0.0,0.07497983951428037,-0.07497983951428037,0.07497983951428037
5,LOPERAMIDA 2MG,2026-07-26,0.0,0.07161139769679585,-0.07161139769679585,0.07161139769679585
5,VITAMINA C+ZINC+D3,2026-07-26,3.0,1.6099911015750958,1.3900088984249042,1.3900088984249042
6,AZITROMICINA 500MG,2026-07-26,0.0,0.018226262869494164,-0.018226262869494164,0.018226262869494164
6,ENALAPRIL 10MG,2026-07-26,0.0,0.25139277401690585,-0.25139277401690585,0.25139277401690585
6,IBUPROFENO TABX800,2026-07-26,0.0,0.0068889099051236136,-0.0068889099051236136,0.0068889099051236136
6,LOPERAMIDA 2MG,2026-07-26,0.0,0.0035204680876390892,-0.0035204680876390892,0.0035204680876390892
6,METFORMINA 850MG,2026-07-26,0.0,0.08946332757082678,-0.08946332757082678,0.08946332757082678
7,AZITROMICINA 500MG,2026-07-26,0.0,-0.014277102240169148,0.014277102240169148,0.014277102240169148
7,DIMENHIDRINATO 50MG,2026-07-26,0.0,-0.022218225953406695,0.022218225953406695,0.022218225953406695
7,ENALAPRIL 10MG,2026-07-26,0.0,0.06597556309676295,-0.06597556309676295,0.06597556309676295
7,IBUPROFENO TABX800,2026-07-26,0.0,-0.0256144552045397,0.0256144552045397,0.0256144552045397
7,METFORMINA 850MG,2026-07-26,0.0,0.056959962461163444,-0.056959962461163444,0.056959962461163444
7,PARACETAMOL 500MG,2026-07-26,0.0,-0.0005420214070987472,0.0005420214070987472,0.0005420214070987472
7,VITAMINA C+ZINC+D3,2026-07-26,1.0,0.8584713417311123,0.14152865826888772,0.14152865826888772
8,AMOXICILINA 500MG,2026-07-26,0.0,-0.023793421775023804,0.023793421775023804,0.023793421775023804
8,AZITROMICINA 500MG,2026-07-26,0.0,-0.027638542045695602,0.027638542045695602,0.027638542045695602
8,DIMENHIDRINATO 50MG,2026-07-26,0.0,-0.03557966575893315,0.03557966575893315,0.03557966575893315
8,LOPERAMIDA 2MG,2026-07-26,0.0,-0.042344336827550705,0.042344336827550705,0.042344336827550705
8,METFORMINA 850MG,2026-07-26,0.0,0.07276660907729962,-0.07276660907729962,0.07276660907729962
8,PARACETAMOL 500MG,2026-07-26,0.0,-0.013903461212625173,0.013903461212625173,0.013903461212625173
8,VITAMINA C+ZINC+D3,2026-07-26,1.0,0.47429811676675315,0.5257018832332468,0.5257018832332468
9,AZITROMICINA 500MG,2026-07-26,0.0,-0.00685923670556185,0.00685923670556185,0.00685923670556185
9,DIMENHIDRINATO 50MG,2026-07-26,0.0,-0.014800360418799396,0.014800360418799396,0.014800360418799396
9,ENALAPRIL 10MG,2026-07-26,0.0,0.10256151505303283,-0.10256151505303283,0.10256151505303283
9,METFORMINA 850MG,2026-07-26,0.0,0.15064651501710935,-0.15064651501710935,0.15064651501710935
10,DIMENHIDRINATO 50MG,2026-07-26,0.0,0.008901211759956618,-0.008901211759956618,0.008901211759956618
10,ENALAPRIL 10MG,2026-07-26,0.0,0.3869385501755795,-0.3869385501755795,0.3869385501755795
10,LOPERAMIDA 2MG,2026-07-26,0.0,0.0021365406913390617,-0.0021365406913390617,0.0021365406913390617
11,AZITROMICINA 500MG,2026-07-26,0.0,-0.03036683054568856,0.03036683054568856,0.03036683054568856
11,DIMENHIDRINATO 50MG,2026-07-26,0.0,-0.03830795425892611,0.03830795425892611,0.03830795425892611
11,ENALAPRIL 10MG,2026-07-26,0.0,0.2633685730495543,-0.2633685730495543,0.2633685730495543
11,IBUPROFENO TABX800,2026-07-26,0.0,-0.04170418351005911,0.04170418351005911,0.04170418351005911
11,LOPERAMIDA 2MG,2026-07-26,0.0,-0.045072625327543664,0.045072625327543664,0.045072625327543664
12,AMOXICILINA 500MG,2026-07-26,0.0,0.024801101959263938,-0.024801101959263938,0.024801101959263938
12,DIMENHIDRINATO 50MG,2026-07-26,0.0,0.013014857975354593,-0.013014857975354593,0.013014857975354593
12,IBUPROFENO TABX800,2026-07-26,0.0,0.009618628724221562,-0.009618628724221562,0.009618628724221562
12,METFORMINA 850MG,2026-07-26,0.0,0.09219304638992475,-0.09219304638992475,0.09219304638992475
13,AZITROMICINA 500MG,2026-07-26,0.0,0.009704426550063816,-0.009704426550063816,0.009704426550063816
13,DIMENHIDRINATO 50MG,2026-07-26,0.0,-0.027404783584836334,0.027404783584836334,0.027404783584836334
13,ENALAPRIL 10MG,2026-07-26,0.0,0.1117602874021598,-0.1117602874021598,0.1117602874021598
13,METFORMINA 850MG,2026-07-26,0.0,0.08094149125139642,-0.08094149125139642,0.08094149125139642
14,DIMENHIDRINATO 50MG,2026-07-26,0.0,-0.00548696266167828,0.00548696266167828,0.00548696266167828
14,ENALAPRIL 10MG,2026-07-26,0.0,0.08270682638849136,-0.08270682638849136,0.08270682638849136
14,IBUPROFENO TABX800,2026-07-26,0.0,-0.008883191912811311,0.008883191912811311,0.008883191912811311
14,VITAMINA C+ZINC+D3,2026-07-26,1.0,0.7340287945063613,0.26597120549363873,0.26597120549363873
15,AMOXICILINA 500MG,2026-07-26,0.0,0.05631466392357126,-0.05631466392357126,0.05631466392357126
15,DIMENHIDRINATO 50MG,2026-07-26,0.0,0.04452841993966189,-0.04452841993966189,0.04452841993966189
15,ENALAPRIL 10MG,2026-07-26,0.0,0.23730419727674967,-0.23730419727674967,0.23730419727674967
15,IBUPROFENO TABX800,2026-07-26,0.0,0.041132190688528886,-0.041132190688528886,0.041132190688528886
15,METFORMINA 850MG,2026-07-26,0.0,0.12370660835423206,-0.12370660835423206,0.12370660835423206
15,PARACETAMOL 500MG,2026-07-26,0.0,0.06620462448596987,-0.06620462448596987,0.06620462448596987
15,VITAMINA C+ZINC+D3,2026-07-26,1.0,1.0185600883476857,-0.018560088347685744,0.018560088347685744
16,DIMENHIDRINATO 50MG,2026-07-26,0.0,-0.035513581999468635,0.035513581999468635,0.035513581999468635
16,ENALAPRIL 10MG,2026-07-26,0.0,0.3075896690563733,-0.3075896690563733,0.3075896690563733
16,LOPERAMIDA 2MG,2026-07-26,0.0,-0.04227825306808619,0.04227825306808619,0.04227825306808619
16,VITAMINA C+ZINC+D3,2026-07-26,3.0,0.8357250526985831,2.1642749473014167,2.1642749473014167
17,DIMENHIDRINATO 50MG,2026-07-26,0.0,0.0798373760793209,-0.0798373760793209,0.0798373760793209
17,ENALAPRIL 10MG,2026-07-26,0.0,0.13886307870782794,-0.13886307870782794,0.13886307870782794
17,IBUPROFENO TABX800,2026-07-26,0.0,0.047273060406525264,-0.047273060406525264,0.047273060406525264
17,LOPERAMIDA 2MG,2026-07-26,0.0,0.04390461858904074,-0.04390461858904074,0.04390461858904074
17,PARACETAMOL 500MG,2026-07-26,0.0,0.07234549420396624,-0.07234549420396624,0.07234549420396624
18,DIMENHIDRINATO 50MG,2026-07-26,0.0,0.050669289657658295,-0.050669289657658295,0.050669289657658295
18,IBUPROFENO TABX800,2026-07-26,0.0,0.047273060406525264,-0.047273060406525264,0.047273060406525264
18,LOPERAMIDA 2MG,2026-07-26,0.0,0.04390461858904074,-0.04390461858904074,0.04390461858904074
18,METFORMINA 850MG,2026-07-26,0.0,0.12984747807222843,-0.12984747807222843,0.12984747807222843
19,AZITROMICINA 500MG,2026-07-26,0.0,0.05861041337089584,-0.05861041337089584,0.05861041337089584
19,VITAMINA C+ZINC+D3,2026-07-26,0.0,1.0589180752135126,-1.0589180752135126,1.0589180752135126
1,PARACETAMOL 500MG,2026-08-02,0.0,0.06784557734539147,-0.06784557734539147,0.06784557734539147
1,VITAMINA C+ZINC+D3,2026-08-02,1.0,0.898961206607187,0.10103879339281296,0.10103879339281296
2,AZITROMICINA 500MG,2026-08-02,0.0,0.05687126531341402,-0.05687126531341402,0.05687126531341402
2,DIMENHIDRINATO 50MG,2026-08-02,0.0,0.048930141600176474,-0.048930141600176474,0.048930141600176474
2,IBUPROFENO TABX800,2026-08-02,0.0,0.04553391234904344,-0.04553391234904344,0.04553391234904344
3,ENALAPRIL 10MG,2026-08-02,0.0,0.36160182931929086,-0.36160182931929086,0.36160182931929086
3,IBUPROFENO TABX800,2026-08-02,2.0,0.017335068616821908,1.9826649313831781,1.9826649313831781
4,AZITROMICINA 500MG,2026-08-02,0.0,0.02346735260914591,-0.02346735260914591,0.02346735260914591
4,DIMENHIDRINATO 50MG,2026-08-02,0.0,0.01552622889590835,-0.01552622889590835,0.01552622889590835
4,LOPERAMIDA 2MG,2026-08-02,0.0,0.008761557827290795,-0.008761557827290795,0.008761557827290795
4,METFORMINA 850MG,2026-08-02,0.0,0.09470441731047852,-0.09470441731047852,0.09470441731047852
5,DIMENHIDRINATO 50MG,2026-08-02,0.0,0.0738761519068386,-0.0738761519068386,0.0738761519068386
5,LOPERAMIDA 2MG,2026-08-02,0.0,0.06711148083822106,-0.06711148083822106,0.06711148083822106
6,AZITROMICINA 500MG,2026-08-02,0.0,0.013726346010919405,-0.013726346010919405,0.013726346010919405
6,ENALAPRIL 10MG,2026-08-02,0.0,0.09397901134785148,-0.09397901134785148,0.09397901134785148
6,LOPERAMIDA 2MG,2026-08-02,0.0,-0.000979448770935698,0.000979448770935698,0.000979448770935698
7,AZITROMICINA 500MG,2026-08-02,0.0,-0.018777019098743936,0.018777019098743936,0.018777019098743936
7,DIMENHIDRINATO 50MG,2026-08-02,0.0,-0.026718142811981482,0.026718142811981482,0.026718142811981482
7,IBUPROFENO TABX800,2026-08-02,0.0,-0.030114372063114486,0.030114372063114486,0.030114372063114486
7,METFORMINA 850MG,2026-08-02,1.0,0.05246004560258867,0.9475399543974113,0.9475399543974113
7,PARACETAMOL 500MG,2026-08-02,0.0,-0.0050419382656735345,0.0050419382656735345,0.0050419382656735345
8,AMOXICILINA 500MG,2026-08-02,0.0,-0.02829333863359859,0.02829333863359859,0.02829333863359859
8,AZITROMICINA 500MG,2026-08-02,0.0,-0.03213845890427039,0.03213845890427039,0.03213845890427039
8,DIMENHIDRINATO 50MG,2026-08-02,0.0,-0.04007958261750791,0.04007958261750791,0.04007958261750791
8,METFORMINA 850MG,2026-08-02,1.0,0.06826669221872483,0.9317333077812752,0.9317333077812752
8,PARACETAMOL 500MG,2026-08-02,0.0,-0.01840337807119996,0.01840337807119996,0.01840337807119996
9,AZITROMICINA 500MG,2026-08-02,0.0,-0.011359153564136637,0.011359153564136637,0.011359153564136637
9,DIMENHIDRINATO 50MG,2026-08-02,0.0,-0.019300277277374184,0.019300277277374184,0.019300277277374184
9,METFORMINA 850MG,2026-08-02,0.0,0.1426567039089502,-0.1426567039089502,0.1426567039089502
10,DIMENHIDRINATO 50MG,2026-08-02,0.0,0.00440129490138183,-0.00440129490138183,0.00440129490138183
11,AZITROMICINA 500MG,2026-08-02,0.0,-0.03486674740426335,0.03486674740426335,0.03486674740426335
11,ENALAPRIL 10MG,2026-08-02,0.0,0.10248651853234475,-0.10248651853234475,0.10248651853234475
13,AZITROMICINA 500MG,2026-08-02,0.0,0.005204509691489029,-0.005204509691489029,0.005204509691489029
13,DIMENHIDRINATO 50MG,2026-08-02,0.0,-0.03190470044341112,0.03190470044341112,0.03190470044341112
13,ENALAPRIL 10MG,2026-08-02,0.0,0.05628908860675852,-0.05628908860675852,0.05628908860675852
14,DIMENHIDRINATO 50MG,2026-08-02,0.0,-0.009986879520253067,0.009986879520253067,0.009986879520253067
14,ENALAPRIL 10MG,2026-08-02,0.0,0.07820690952991657,-0.07820690952991657,0.07820690952991657
14,IBUPROFENO TABX800,2026-08-02,0.0,-0.01338310877138607,0.01338310877138607,0.01338310877138607
15,ENALAPRIL 10MG,2026-08-02,0.0,0.15739037855291937,-0.15739037855291937,0.15739037855291937
15,IBUPROFENO TABX800,2026-08-02,0.0,0.03663227382995411,-0.03663227382995411,0.03663227382995411
15,PARACETAMOL 500MG,2026-08-02,0.0,0.06170470762739509,-0.06170470762739509,0.06170470762739509
15,VITAMINA C+ZINC+D3,2026-08-02,1.0,0.8637857500918966,0.13621424990810338,0.13621424990810338
16,DIMENHIDRINATO 50MG,2026-08-02,0.0,-0.04001349885804342,0.04001349885804342,0.04001349885804342
16,LOPERAMIDA 2MG,2026-08-02,0.0,-0.04677816992666098,0.04677816992666098,0.04677816992666098
17,DIMENHIDRINATO 50MG,2026-08-02,0.0,0.07533745922074611,-0.07533745922074611,0.07533745922074611
17,ENALAPRIL 10MG,2026-08-02,0.0,0.13436316184925315,-0.13436316184925315,0.13436316184925315
17,IBUPROFENO TABX800,2026-08-02,0.0,0.04277314354795049,-0.04277314354795049,0.04277314354795049
17,LOPERAMIDA 2MG,2026-08-02,0.0,0.03940470173046595,-0.03940470173046595,0.03940470173046595
17,PARACETAMOL 500MG,2026-08-02,0.0,0.06784557734539147,-0.06784557734539147,0.06784557734539147
18,DIMENHIDRINATO 50MG,2026-08-02,0.0,0.04616937279908351,-0.04616937279908351,0.04616937279908351
18,IBUPROFENO TABX800,2026-08-02,0.0,0.04277314354795049,-0.04277314354795049,0.04277314354795049
18,LOPERAMIDA 2MG,2026-08-02,0.0,0.03940470173046595,-0.03940470173046595,0.03940470173046595
18,METFORMINA 850MG,2026-08-02,0.0,0.12534756121365365,-0.12534756121365365,0.12534756121365365
19,VITAMINA C+ZINC+D3,2026-08-02,2.0,1.0352725383434067,0.9647274616565933,0.9647274616565933
