sucursal,producto,semana,y_real,y_pred,error,error_absoluto
1,AMOXICILINA 500MG,2026-01-11,0.0,0.028878463432192802,-0.028878463432192802,0.028878463432192802
1,AZITROMICINA 500MG,2026-01-11,0.0,0.028878463432192802,-0.028878463432192802,0.028878463432192802
1,DIMENHIDRINATO 50MG,2026-01-11,0.0,0.028878463432192802,-0.028878463432192802,0.028878463432192802
1,ENALAPRIL 10MG,2026-01-11,1.0,0.0865369662642479,0.9134630337357521,0.9134630337357521
1,IBUPROFENO TABX800,2026-01-11,0.0,0.028878463432192802,-0.028878463432192802,0.028878463432192802
1,LOPERAMIDA 2MG,2026-01-11,0.0,0.06191501021385193,-0.06191501021385193,0.06191501021385193
1,METFORMINA 850MG,2026-01-11,0.0,0.17376622557640076,-0.17376622557640076,0.17376622557640076
1,PARACETAMOL 500MG,2026-01-11,0.0,0.1048443466424942,-0.1048443466424942,0.1048443466424942
1,VITAMINA C+ZINC+D3,2026-01-11,0.0,0.8486142754554749,-0.8486142754554749,0.8486142754554749
2,AMOXICILINA 500MG,2026-01-11,0.0,0.1470392644405365,-0.1470392644405365,0.1470392644405365
2,AZITROMICINA 500MG,2026-01-11,0.0,0.03681054711341858,-0.03681054711341858,0.03681054711341858
2,DIMENHIDRINATO 50MG,2026-01-11,0.0,0.03681054711341858,-0.03681054711341858,0.03681054711341858
2,ENALAPRIL 10MG,2026-01-11,0.0,0.14403799176216125,-0.14403799176216125,0.14403799176216125
2,IBUPROFENO TABX800,2026-01-11,0.0,0.03681054711341858,-0.03681054711341858,0.03681054711341858
2,METFORMINA 850MG,2026-01-11,0.0,0.08085409551858902,-0.08085409551858902,0.08085409551858902
2,PARACETAMOL 500MG,2026-01-11,0.0,0.1470392644405365,-0.1470392644405365,0.1470392644405365
2,VITAMINA C+ZINC+D3,2026-01-11,1.0,1.1143707036972046,-0.11437070369720459,0.11437070369720459
3,AMOXICILINA 500MG,2026-01-11,0.0,0.25466957688331604,-0.25466957688331604,0.25466957688331604
3,AZITROMICINA 500MG,2026-01-11,0.0,0.028878463432192802,-0.028878463432192802,0.028878463432192802
3,DIMENHIDRINATO 50MG,2026-01-11,0.0,0.028878463432192802,-0.028878463432192802,0.028878463432192802
3,ENALAPRIL 10MG,2026-01-11,0.0,0.0865369662642479,-0.0865369662642479,0.0865369662642479
3,IBUPROFENO TABX800,2026-01-11,0.0,0.028878463432192802,-0.028878463432192802,0.028878463432192802
3,LOPERAMIDA 2MG,2026-01-11,0.0,0.028878463432192802,-0.028878463432192802,0.028878463432192802
3,LORATADINA 10MG,2026-01-11,0.0,0.028878463432192802,-0.028878463432192802,0.028878463432192802
3,LOSARTAN 50MG,2026-01-11,1.0,0.09617717564105988,0.9038228243589401,0.9038228243589401
3,METFORMINA 850MG,2026-01-11,0.0,0.14518111944198608,-0.14518111944198608,0.14518111944198608
3,PARACETAMOL 500MG,2026-01-11,0.0,0.08770599216222763,-0.08770599216222763,0.08770599216222763
3,VITAMINA C+ZINC+D3,2026-01-11,0.0,1.2905791997909546,-1.2905791997909546,1.2905791997909546
4,AMOXICILINA 500MG,2026-01-11,0.0,0.028878463432192802,-0.028878463432192802,0.028878463432192802
4,AZITROMICINA 500MG,2026-01-11,0.0,0.028878463432192802,-0.028878463432192802,0.028878463432192802
4,DIMENHIDRINATO 50MG,2026-01-11,0.0,0.028878463432192802,-0.028878463432192802,0.028878463432192802
4,ENALAPRIL 10MG,2026-01-11,0.0,0.13961350917816162,-0.13961350917816162,0.13961350917816162
4,IBUPROFENO TABX800,2026-01-11,0.0,0.028878463432192802,-0.028878463432192802,0.028878463432192802
4,LOPERAMIDA 2MG,2026-01-11,0.0,0.028878463432192802,-0.028878463432192802,0.028878463432192802
4,METFORMINA 850MG,2026-01-11,0.0,0.07292202115058899,-0.07292202115058899,0.07292202115058899
4,VITAMINA C+ZINC+D3,2026-01-11,0.0,1.0015459060668945,-1.0015459060668945,1.0015459060668945
5,AMOXICILINA 500MG,2026-01-11,0.0,0.03941896930336952,-0.03941896930336952,0.03941896930336952
5,AZITROMICINA 500MG,2026-01-11,0.0,0.03941896930336952,-0.03941896930336952,0.03941896930336952
5,DIMENHIDRINATO 50MG,2026-01-11,0.0,0.0724555253982544,-0.0724555253982544,0.0724555253982544
5,ENALAPRIL 10MG,2026-01-11,0.0,0.19201138615608215,-0.19201138615608215,0.19201138615608215
5,IBUPROFENO TABX800,2026-01-11,0.0,0.03941896930336952,-0.03941896930336952,0.03941896930336952
5,METFORMINA 850MG,2026-01-11,0.0,0.1715051531791687,-0.1715051531791687,0.1715051531791687
5,PARACETAMOL 500MG,2026-01-11,0.0,0.141175776720047,-0.141175776720047,0.141175776720047
5,VITAMINA C+ZINC+D3,2026-01-11,1.0,1.1294152736663818,-0.12941527366638184,0.12941527366638184
6,AMOXICILINA 500MG,2026-01-11,0.0,0.028878463432192802,-0.028878463432192802,0.028878463432192802
6,AZITROMICINA 500MG,2026-01-11,0.0,0.028878463432192802,-0.028878463432192802,0.028878463432192802
6,DIMENHIDRINATO 50MG,2026-01-11,0.0,0.028878463432192802,-0.028878463432192802,0.028878463432192802
6,ENALAPRIL 10MG,2026-01-11,0.0,0.4103303551673889,-0.4103303551673889,0.4103303551673889
6,IBUPROFENO TABX800,2026-01-11,0.0,0.028878463432192802,-0.028878463432192802,0.028878463432192802
6,LOPERAMIDA 2MG,2026-01-11,0.0,0.028878463432192802,-0.028878463432192802,0.028878463432192802
6,METFORMINA 850MG,2026-01-11,0.0,0.07292202115058899,-0.07292202115058899,0.07292202115058899
6,VITAMINA C+ZINC+D3,2026-01-11,0.0,0.563963770866394,-0.563963770866394,0.563963770866394
7,AMOXICILINA 500MG,2026-01-11,0.0,0.028878463432192802,-0.028878463432192802,0.028878463432192802
7,AZITROMICINA 500MG,2026-01-11,0.0,0.028878463432192802,-0.028878463432192802,0.028878463432192802
7,DIMENHIDRINATO 50MG,2026-01-11,0.0,0.028878463432192802,-0.028878463432192802,0.028878463432192802
7,ENALAPRIL 10MG,2026-01-11,0.0,0.13610590994358063,-0.13610590994358063,0.13610590994358063
7,IBUPROFENO TABX800,2026-01-11,0.0,0.028878463432192802,-0.028878463432192802,0.028878463432192802
7,METFORMINA 850MG,2026-01-11,0.0,0.07292202115058899,-0.07292202115058899,0.07292202115058899
7,PARACETAMOL 500MG,2026-01-11,0.0,0.028878463432192802,-0.028878463432192802,0.028878463432192802
7,VITAMINA C+ZINC+D3,2026-01-11,0.0,0.563963770866394,-0.563963770866394,0.563963770866394
8,AMOXICILINA 500MG,2026-01-11,0.0,0.023723267018795013,-0.023723267018795013,0.023723267018795013
8,AZITROMICINA 500MG,2026-01-11,0.0,0.023723267018795013,-0.023723267018795013,0.023723267018795013
8,DIMENHIDRINATO 50MG,2026-01-11,0.0,0.023723267018795013,-0.023723267018795013,0.023723267018795013
8,ENALAPRIL 10MG,2026-01-11,0.0,0.12691935896873474,-0.12691935896873474,0.12691935896873474
8,IBUPROFENO TABX800,2026-01-11,0.0,0.023723267018795013,-0.023723267018795013,0.023723267018795013
8,LOPERAMIDA 2MG,2026-01-11,0.0,0.023723267018795013,-0.023723267018795013,0.023723267018795013
8,METFORMINA 850MG,2026-01-11,0.0,0.10605036467313766,-0.10605036467313766,0.10605036467313766
8,PARACETAMOL 500MG,2026-01-11,0.0,0.023723267018795013,-0.023723267018795013,0.023723267018795013
8,VITAMINA C+ZINC+D3,2026-01-11,0.0,0.492754727602005,-0.492754727602005,0.492754727602005
9,AMOXICILINA 500MG,2026-01-11,0.0,0.028878463432192802,-0.028878463432192802,0.028878463432192802
9,AZITROMICINA 500MG,2026-01-11,0.0,0.028878463432192802,-0.028878463432192802,0.028878463432192802
9,DIMENHIDRINATO 50MG,2026-01-11,0.0,0.028878463432192802,-0.028878463432192802,0.028878463432192802
9,ENALAPRIL 10MG,2026-01-11,0.0,0.1249980702996254,-0.1249980702996254,0.1249980702996254
9,METFORMINA 850MG,2026-01-11,0.0,0.138536274433136,-0.138536274433136,0.138536274433136
9,PARACETAMOL 500MG,2026-01-11,0.0,0.14798258244991302,-0.14798258244991302,0.14798258244991302
9,VITAMINA C+ZINC+D3,2026-01-11,1.0,0.5199835300445557,0.48001646995544434,0.48001646995544434
10,AMOXICILINA 500MG,2026-01-11,0.0,0.028878463432192802,-0.028878463432192802,0.028878463432192802
10,AZITROMICINA 500MG,2026-01-11,1.0,0.028878463432192802,0.9711215365678072,0.9711215365678072
10,DIMENHIDRINATO 50MG,2026-01-11,0.0,0.028878463432192802,-0.028878463432192802,0.028878463432192802
10,ENALAPRIL 10MG,2026-01-11,0.0,0.1794477105140686,-0.1794477105140686,0.1794477105140686
10,IBUPROFENO TABX800,2026-01-11,0.0,0.028878463432192802,-0.028878463432192802,0.028878463432192802
10,METFORMINA 850MG,2026-01-11,0.0,0.138536274433136,-0.138536274433136,0.138536274433136
10,PARACETAMOL 500MG,2026-01-11,0.0,0.14096781611442566,-0.14096781611442566,0.14096781611442566
10,VITAMINA C+ZINC+D3,2026-01-11,1.0,0.8831139206886292,0.11688607931137085,0.11688607931137085
11,AMOXICILINA 500MG,2026-01-11,0.0,0.026255208998918533,-0.026255208998918533,0.026255208998918533
11,AZITROMICINA 500MG,2026-01-11,0.0,0.026255208998918533,-0.026255208998918533,0.026255208998918533
11,DIMENHIDRINATO 50MG,2026-01-11,0.0,0.026255208998918533,-0.026255208998918533,0.026255208998918533
11,ENALAPRIL 10MG,2026-01-11,0.0,0.08391371369361877,-0.08391371369361877,0.08391371369361877
11,IBUPROFENO TABX800,2026-01-11,0.0,0.026255208998918533,-0.026255208998918533,0.026255208998918533
11,METFORMINA 850MG,2026-01-11,0.0,0.06828544288873672,-0.06828544288873672,0.06828544288873672
11,PARACETAMOL 500MG,2026-01-11,0.0,0.0724390372633934,-0.0724390372633934,0.0724390372633934
11,VITAMINA C+ZINC+D3,2026-01-11,1.0,0.5016988515853882,0.4983011484146118,0.4983011484146118
12,AMOXICILINA 500MG,2026-01-11,0.0,0.028878463432192802,-0.028878463432192802,0.028878463432192802
12,AZITROMICINA 500MG,2026-01-11,0.0,0.028878463432192802,-0.028878463432192802,0.028878463432192802
12,DIMENHIDRINATO 50MG,2026-01-11,0.0,0.028878463432192802,-0.028878463432192802,0.028878463432192802
12,ENALAPRIL 10MG,2026-01-11,0.0,0.11466557532548904,-0.11466557532548904,0.11466557532548904
12,IBUPROFENO TABX800,2026-01-11,0.0,0.028878463432192802,-0.028878463432192802,0.028878463432192802
12,METFORMINA 850MG,2026-01-11,0.0,0.15152093768119812,-0.15152093768119812,0.15152093768119812
12,PARACETAMOL 500MG,2026-01-11,0.0,0.028878463432192802,-0.028878463432192802,0.028878463432192802
12,VITAMINA C+ZINC+D3,2026-01-11,1.0,0.6036857962608337,0.39631420373916626,0.39631420373916626
13,AMOXICILINA 500MG,2026-01-11,0.0,0.028878463432192802,-0.028878463432192802,0.028878463432192802
13,AZITROMICINA 500MG,2026-01-11,0.0,0.028878463432192802,-0.028878463432192802,0.028878463432192802
13,DIMENHIDRINATO 50MG,2026-01-11,0.0,0.06191501021385193,-0.06191501021385193,0.06191501021385193
13,ENALAPRIL 10MG,2026-01-11,0.0,0.13610590994358063,-0.13610590994358063,0.13610590994358063
13,IBUPROFENO TABX800,2026-01-11,0.0,0.028878463432192802,-0.028878463432192802,0.028878463432192802
13,METFORMINA 850MG,2026-01-11,0.0,0.07292202115058899,-0.07292202115058899,0.07292202115058899
13,OMEPRAZOL 20MG,2026-01-11,0.0,0.028878463432192802,-0.028878463432192802,0.028878463432192802
13,PARACETAMOL 500MG,2026-01-11,0.0,0.028878463432192802,-0.028878463432192802,0.028878463432192802
13,VITAMINA C+ZINC+D3,2026-01-11,0.0,0.6115183234214783,-0.6115183234214783,0.6115183234214783
14,AZITROMICINA 500MG,2026-01-11,0.0,0.028878463432192802,-0.028878463432192802,0.028878463432192802
14,DIMENHIDRINATO 50MG,2026-01-11,0.0,0.028878463432192802,-0.028878463432192802,0.028878463432192802
14,ENALAPRIL 10MG,2026-01-11,0.0,0.0865369662642479,-0.0865369662642479,0.0865369662642479
14,IBUPROFENO TABX800,2026-01-11,0.0,0.028878463432192802,-0.028878463432192802,0.028878463432192802
14,METFORMINA 850MG,2026-01-11,0.0,0.19441860914230347,-0.19441860914230347,0.19441860914230347
14,VITAMINA C+ZINC+D3,2026-01-11,2.0,0.5945314764976501,1.4054685235023499,1.4054685235023499
15,AMOXICILINA 500MG,2026-01-11,0.0,0.028878463432192802,-0.028878463432192802,0.028878463432192802
15,AZITROMICINA 500MG,2026-01-11,0.0,0.028878463432192802,-0.028878463432192802,0.028878463432192802
15,DIMENHIDRINATO 50MG,2026-01-11,0.0,0.028878463432192802,-0.028878463432192802,0.028878463432192802
15,ENALAPRIL 10MG,2026-01-11,0.0,0.16911518573760986,-0.16911518573760986,0.16911518573760986
15,IBUPROFENO TABX800,2026-01-11,0.0,0.028878463432192802,-0.028878463432192802,0.028878463432192802
15,METFORMINA 850MG,2026-01-11,0.0,0.07292202115058899,-0.07292202115058899,0.07292202115058899
15,PARACETAMOL 500MG,2026-01-11,0.0,0.028878463432192802,-0.028878463432192802,0.028878463432192802
15,VITAMINA C+ZINC+D3,2026-01-11,2.0,0.9768627285957336,1.0231372714042664,1.0231372714042664
16,AMOXICILINA 500MG,2026-01-11,0.0,0.028878463432192802,-0.028878463432192802,0.028878463432192802
16,AZITROMICINA 500MG,2026-01-11,0.0,0.028878463432192802,-0.028878463432192802,0.028878463432192802
16,DIMENHIDRINATO 50MG,2026-01-11,0.0,0.028878463432192802,-0.028878463432192802,0.028878463432192802
16,ENALAPRIL 10MG,2026-01-11,0.0,0.13610590994358063,-0.13610590994358063,0.13610590994358063
16,IBUPROFENO TABX800,2026-01-11,0.0,0.028878463432192802,-0.028878463432192802,0.028878463432192802
16,METFORMINA 850MG,2026-01-11,0.0,0.10595853626728058,-0.10595853626728058,0.10595853626728058
16,PARACETAMOL 500MG,2026-01-11,0.0,0.028878463432192802,-0.028878463432192802,0.028878463432192802
16,VITAMINA C+ZINC+D3,2026-01-11,0.0,0.9685333967208862,-0.9685333967208862,0.9685333967208862
1,AMOXICILINA 500MG,2026-01-18,0.0,0.028878463432192802,-0.028878463432192802,0.028878463432192802
1,AZITROMICINA 500MG,2026-01-18,0.0,0.028878463432192802,-0.028878463432192802,0.028878463432192802
1,DIMENHIDRINATO 50MG,2026-01-18,0.0,0.028878463432192802,-0.028878463432192802,0.028878463432192802
1,ENALAPRIL 10MG,2026-01-18,0.0,0.13610590994358063,-0.13610590994358063,0.13610590994358063
1,IBUPROFENO TABX800,2026-01-18,0.0,0.028878463432192802,-0.028878463432192802,0.028878463432192802
1,LOPERAMIDA 2MG,2026-01-18,0.0,0.06191501021385193,-0.06191501021385193,0.06191501021385193
1,METFORMINA 850MG,2026-01-18,0.0,0.15063214302062988,-0.15063214302062988,0.15063214302062988
1,PARACETAMOL 500MG,2026-01-18,0.0,0.1048443466424942,-0.1048443466424942,0.1048443466424942
1,VITAMINA C+ZINC+D3,2026-01-18,0.0,0.8486142754554749,-0.8486142754554749,0.8486142754554749
2,AMOXICILINA 500MG,2026-01-18,0.0,0.12124832719564438,-0.12124832719564438,0.12124832719564438
2,AZITROMICINA 500MG,2026-01-18,0.0,0.03681054711341858,-0.03681054711341858,0.03681054711341858
2,DIMENHIDRINATO 50MG,2026-01-18,0.0,0.03681054711341858,-0.03681054711341858,0.03681054711341858
2,ENALAPRIL 10MG,2026-01-18,0.0,0.15036796033382416,-0.15036796033382416,0.15036796033382416
2,IBUPROFENO TABX800,2026-01-18,0.0,0.03681054711341858,-0.03681054711341858,0.03681054711341858
2,METFORMINA 850MG,2026-01-18,0.0,0.08085409551858902,-0.08085409551858902,0.08085409551858902
2,PARACETAMOL 500MG,2026-01-18,0.0,0.1470392644405365,-0.1470392644405365,0.1470392644405365
2,VITAMINA C+ZINC+D3,2026-01-18,0.0,0.9180632829666138,-0.9180632829666138,0.9180632829666138
3,AMOXICILINA 500MG,2026-01-18,1.0,0.3214562237262726,0.6785437762737274,0.6785437762737274
3,AZITROMICINA 500MG,2026-01-18,0.0,0.028878463432192802,-0.028878463432192802,0.028878463432192802
3,DIMENHIDRINATO 50MG,2026-01-18,0.0,0.028878463432192802,-0.028878463432192802,0.028878463432192802
3,ENALAPRIL 10MG,2026-01-18,0.0,0.0865369662642479,-0.0865369662642479,0.0865369662642479
3,IBUPROFENO TABX800,2026-01-18,0.0,0.028878463432192802,-0.028878463432192802,0.028878463432192802
3,LOPERAMIDA 2MG,2026-01-18,0.0,0.028878463432192802,-0.028878463432192802,0.028878463432192802
3,LORATADINA 10MG,2026-01-18,0.0,0.028878463432192802,-0.028878463432192802,0.028878463432192802
3,LOSARTAN 50MG,2026-01-18,0.0,0.15073616802692413,-0.15073616802692413,0.15073616802692413
3,METFORMINA 850MG,2026-01-18,3.0,0.14518111944198608,2.854818880558014,2.854818880558014
3,PARACETAMOL 500MG,2026-01-18,0.0,0.06191501021385193,-0.06191501021385193,0.06191501021385193
3,VITAMINA C+ZINC+D3,2026-01-18,1.0,1.05003023147583,-0.05003023147583008,0.05003023147583008
4,AMOXICILINA 500MG,2026-01-18,0.0,0.028878463432192802,-0.028878463432192802,0.028878463432192802
4,AZITROMICINA 500MG,2026-01-18,0.0,0.028878463432192802,-0.028878463432192802,0.028878463432192802
4,DIMENHIDRINATO 50MG,2026-01-18,0.0,0.028878463432192802,-0.028878463432192802,0.028878463432192802
4,ENALAPRIL 10MG,2026-01-18,0.0,0.13961350917816162,-0.13961350917816162,0.13961350917816162
4,IBUPROFENO TABX800,2026-01-18,0.0,0.028878463432192802,-0.028878463432192802,0.028878463432192802
4,LOPERAMIDA 2MG,2026-01-18,0.0,0.028878463432192802,-0.028878463432192802,0.028878463432192802
4,METFORMINA 850MG,2026-01-18,0.0,0.07292202115058899,-0.07292202115058899,0.07292202115058899
4,VITAMINA C+ZINC+D3,2026-01-18,2.0,1.0115422010421753,0.9884577989578247,0.9884577989578247
5,AMOXICILINA 500MG,2026-01-18,0.0,0.03941896930336952,-0.03941896930336952,0.03941896930336952
5,AZITROMICINA 500MG,2026-01-18,0.0,0.03941896930336952,-0.03941896930336952,0.03941896930336952
5,DIMENHIDRINATO 50MG,2026-01-18,0.0,0.0724555253982544,-0.0724555253982544,0.0724555253982544
5,ENALAPRIL 10MG,2026-01-18,0.0,0.17159444093704224,-0.17159444093704224,0.17159444093704224
5,IBUPROFENO TABX800,2026-01-18,0.0,0.03941896930336952,-0.03941896930336952,0.03941896930336952
5,METFORMINA 850MG,2026-01-18,0.0,0.11649904400110245,-0.11649904400110245,0.11649904400110245
5,PARACETAMOL 500MG,2026-01-18,0.0,0.141175776720047,-0.141175776720047,0.141175776720047
5,VITAMINA C+ZINC+D3,2026-01-18,1.0,1.2898058891296387,-0.28980588912963867,0.28980588912963867
6,AMOXICILINA 500MG,2026-01-18,0.0,0.028878463432192802,-0.028878463432192802,0.028878463432192802
6,AZITROMICINA 500MG,2026-01-18,0.0,0.028878463432192802,-0.028878463432192802,0.028878463432192802
6,DIMENHIDRINATO 50MG,2026-01-18,0.0,0.028878463432192802,-0.028878463432192802,0.028878463432192802
6,ENALAPRIL 10MG,2026-01-18,1.0,0.39594200253486633,0.6040579974651337,0.6040579974651337
6,IBUPROFENO TABX800,2026-01-18,0.0,0.028878463432192802,-0.028878463432192802,0.028878463432192802
6,LOPERAMIDA 2MG,2026-01-18,0.0,0.028878463432192802,-0.028878463432192802,0.028878463432192802
6,METFORMINA 850MG,2026-01-18,0.0,0.07292202115058899,-0.07292202115058899,0.07292202115058899
6,VITAMINA C+ZINC+D3,2026-01-18,2.0,0.563963770866394,1.436036229133606,1.436036229133606
7,AMOXICILINA 500MG,2026-01-18,0.0,0.028878463432192802,-0.028878463432192802,0.028878463432192802
7,AZITROMICINA 500MG,2026-01-18,0.0,0.028878463432192802,-0.028878463432192802,0.028878463432192802
7,DIMENHIDRINATO 50MG,2026-01-18,0.0,0.028878463432192802,-0.028878463432192802,0.028878463432192802
7,ENALAPRIL 10MG,2026-01-18,0.0,0.13610590994358063,-0.13610590994358063,0.13610590994358063
7,IBUPROFENO TABX800,2026-01-18,0.0,0.028878463432192802,-0.028878463432192802,0.028878463432192802
7,METFORMINA 850MG,2026-01-18,0.0,0.07292202115058899,-0.07292202115058899,0.07292202115058899
7,PARACETAMOL 500MG,2026-01-18,0.0,0.028878463432192802,-0.028878463432192802,0.028878463432192802
7,VITAMINA C+ZINC+D3,2026-01-18,1.0,0.563963770866394,0.43603622913360596,0.43603622913360596
8,AMOXICILINA 500MG,2026-01-18,0.0,0.023723267018795013,-0.023723267018795013,0.023723267018795013
8,AZITROMICINA 500MG,2026-01-18,0.0,0.023723267018795013,-0.023723267018795013,0.023723267018795013
8,DIMENHIDRINATO 50MG,2026-01-18,0.0,0.023723267018795013,-0.023723267018795013,0.023723267018795013
8,ENALAPRIL 10MG,2026-01-18,0.0,0.13498058915138245,-0.13498058915138245,0.13498058915138245
8,IBUPROFENO TABX800,2026-01-18,0.0,0.023723267018795013,-0.023723267018795013,0.023723267018795013
8,LOPERAMIDA 2MG,2026-01-18,0.0,0.023723267018795013,-0.023723267018795013,0.023723267018795013
8,METFORMINA 850MG,2026-01-18,0.0,0.10605036467313766,-0.10605036467313766,0.10605036467313766
8,PARACETAMOL 500MG,2026-01-18,0.0,0.023723267018795013,-0.023723267018795013,0.023723267018795013
8,VITAMINA C+ZINC+D3,2026-01-18,0.0,0.492754727602005,-0.492754727602005,0.492754727602005
9,AMOXICILINA 500MG,2026-01-18,0.0,0.028878463432192802,-0.028878463432192802,0.028878463432192802
9,AZITROMICINA 500MG,2026-01-18,0.0,0.028878463432192802,-0.028878463432192802,0.028878463432192802
9,DIMENHIDRINATO 50MG,2026-01-18,0.0,0.028878463432192802,-0.028878463432192802,0.028878463432192802
9,ENALAPRIL 10MG,2026-01-18,0.0,0.0865369662642479,-0.0865369662642479,0.0865369662642479
9,METFORMINA 850MG,2026-01-18,0.0,0.1154022291302681,-0.1154022291302681,0.1154022291302681
9,PARACETAMOL 500MG,2026-01-18,0.0,0.13063529133796692,-0.13063529133796692,0.13063529133796692
9,VITAMINA C+ZINC+D3,2026-01-18,0.0,0.600720226764679,-0.600720226764679,0.600720226764679
10,AMOXICILINA 500MG,2026-01-18,0.0,0.028878463432192802,-0.028878463432192802,0.028878463432192802
10,AZITROMICINA 500MG,2026-01-18,0.0,0.08770599216222763,-0.08770599216222763,0.08770599216222763
10,DIMENHIDRINATO 50MG,2026-01-18,0.0,0.028878463432192802,-0.028878463432192802,0.028878463432192802
10,ENALAPRIL 10MG,2026-01-18,0.0,0.13610590994358063,-0.13610590994358063,0.13610590994358063
10,IBUPROFENO TABX800,2026-01-18,0.0,0.028878463432192802,-0.028878463432192802,0.028878463432192802
10,METFORMINA 850MG,2026-01-18,0.0,0.1154022291302681,-0.1154022291302681,0.1154022291302681
10,PARACETAMOL 500MG,2026-01-18,0.0,0.08770599216222763,-0.08770599216222763,0.08770599216222763
10,VITAMINA C+ZINC+D3,2026-01-18,1.0,0.9888539910316467,0.011146008968353271,0.011146008968353271
11,AMOXICILINA 500MG,2026-01-18,0.0,0.026255208998918533,-0.026255208998918533,0.026255208998918533
11,AZITROMICINA 500MG,2026-01-18,0.0,0.026255208998918533,-0.026255208998918533,0.026255208998918533
11,DIMENHIDRINATO 50MG,2026-01-18,0.0,0.026255208998918533,-0.026255208998918533,0.026255208998918533
11,ENALAPRIL 10MG,2026-01-18,0.0,0.08391371369361877,-0.08391371369361877,0.08391371369361877
11,IBUPROFENO TABX800,2026-01-18,0.0,0.026255208998918533,-0.026255208998918533,0.026255208998918533
11,METFORMINA 850MG,2026-01-18,0.0,0.06828544288873672,-0.06828544288873672,0.06828544288873672
11,PARACETAMOL 500MG,2026-01-18,0.0,0.0724390372633934,-0.0724390372633934,0.0724390372633934
11,VITAMINA C+ZINC+D3,2026-01-18,2.0,0.5389456748962402,1.4610543251037598,1.4610543251037598
12,AMOXICILINA 500MG,2026-01-18,0.0,0.028878463432192802,-0.028878463432192802,0.028878463432192802
12,AZITROMICINA 500MG,2026-01-18,0.0,0.028878463432192802,-0.028878463432192802,0.028878463432192802
12,DIMENHIDRINATO 50MG,2026-01-18,0.0,0.028878463432192802,-0.028878463432192802,0.028878463432192802
12,ENALAPRIL 10MG,2026-01-18,0.0,0.11466557532548904,-0.11466557532548904,0.11466557532548904
12,IBUPROFENO TABX800,2026-01-18,0.0,0.028878463432192802,-0.028878463432192802,0.028878463432192802
12,METFORMINA 850MG,2026-01-18,0.0,0.11629104614257812,-0.11629104614257812,0.11629104614257812
12,PARACETAMOL 500MG,2026-01-18,0.0,0.028878463432192802,-0.028878463432192802,0.028878463432192802
12,VITAMINA C+ZINC+D3,2026-01-18,0.0,0.7190085649490356,-0.7190085649490356,0.7190085649490356
13,AMOXICILINA 500MG,2026-01-18,0.0,0.028878463432192802,-0.028878463432192802,0.028878463432192802
13,AZITROMICINA 500MG,2026-01-18,0.0,0.028878463432192802,-0.028878463432192802,0.028878463432192802
13,DIMENHIDRINATO 50MG,2026-01-18,0.0,0.07224752753973007,-0.07224752753973007,0.07224752753973007
13,ENALAPRIL 10MG,2026-01-18,0.0,0.13610590994358063,-0.13610590994358063,0.13610590994358063
13,IBUPROFENO TABX800,2026-01-18,0.0,0.028878463432192802,-0.028878463432192802,0.028878463432192802
13,METFORMINA 850MG,2026-01-18,0.0,0.07292202115058899,-0.07292202115058899,0.07292202115058899
13,OMEPRAZOL 20MG,2026-01-18,0.0,0.028878463432192802,-0.028878463432192802,0.028878463432192802
13,PARACETAMOL 500MG,2026-01-18,0.0,0.028878463432192802,-0.028878463432192802,0.028878463432192802
13,VITAMINA C+ZINC+D3,2026-01-18,0.0,0.6011858582496643,-0.6011858582496643,0.6011858582496643
14,AZITROMICINA 500MG,2026-01-18,0.0,0.028878463432192802,-0.028878463432192802,0.028878463432192802
14,DIMENHIDRINATO 50MG,2026-01-18,0.0,0.028878463432192802,-0.028878463432192802,0.028878463432192802
14,ENALAPRIL 10MG,2026-01-18,0.0,0.0865369662642479,-0.0865369662642479,0.0865369662642479
14,IBUPROFENO TABX800,2026-01-18,0.0,0.028878463432192802,-0.028878463432192802,0.028878463432192802
14,METFORMINA 850MG,2026-01-18,0.0,0.1546248197555542,-0.1546248197555542,0.1546248197555542
14,VITAMINA C+ZINC+D3,2026-01-18,0.0,0.8946316242218018,-0.8946316242218018,0.8946316242218018
15,AMOXICILINA 500MG,2026-01-18,0.0,0.028878463432192802,-0.028878463432192802,0.028878463432192802
15,AZITROMICINA 500MG,2026-01-18,0.0,0.028878463432192802,-0.028878463432192802,0.028878463432192802
15,DIMENHIDRINATO 50MG,2026-01-18,0.0,0.028878463432192802,-0.028878463432192802,0.028878463432192802
15,ENALAPRIL 10MG,2026-01-18,0.0,0.16105395555496216,-0.16105395555496216,0.16105395555496216
15,IBUPROFENO TABX800,2026-01-18,0.0,0.028878463432192802,-0.028878463432192802,0.028878463432192802
15,METFORMINA 850MG,2026-01-18,0.0,0.07292202115058899,-0.07292202115058899,0.07292202115058899
15,PARACETAMOL 500MG,2026-01-18,0.0,0.028878463432192802,-0.028878463432192802,0.028878463432192802
15,VITAMINA C+ZINC+D3,2026-01-18,1.0,1.283540964126587,-0.2835409641265869,0.2835409641265869
16,AMOXICILINA 500MG,2026-01-18,0.0,0.028878463432192802,-0.028878463432192802,0.028878463432192802
16,AZITROMICINA 500MG,2026-01-18,0.0,0.028878463432192802,-0.028878463432192802,0.028878463432192802
16,DIMENHIDRINATO 50MG,2026-01-18,0.0,0.028878463432192802,-0.028878463432192802,0.028878463432192802
16,ENALAPRIL 10MG,2026-01-18,0.0,0.11466557532548904,-0.11466557532548904,0.11466557532548904
16,IBUPROFENO TABX800,2026-01-18,0.0,0.028878463432192802,-0.028878463432192802,0.028878463432192802
16,LOPERAMIDA 2MG,2026-01-18,0.0,0.028878463432192802,-0.028878463432192802,0.028878463432192802
16,METFORMINA 850MG,2026-01-18,0.0,0.10595853626728058,-0.10595853626728058,0.10595853626728058
16,PARACETAMOL 500MG,2026-01-18,0.0,0.028878463432192802,-0.028878463432192802,0.028878463432192802
16,VITAMINA C+ZINC+D3,2026-01-18,5.0,0.948583722114563,4.051416277885437,4.051416277885437
1,AMOXICILINA 500MG,2026-01-25,0.0,0.028878463432192802,-0.028878463432192802,0.028878463432192802
1,AZITROMICINA 500MG,2026-01-25,0.0,0.028878463432192802,-0.028878463432192802,0.028878463432192802
1,DIMENHIDRINATO 50MG,2026-01-25,0.0,0.028878463432192802,-0.028878463432192802,0.028878463432192802
1,ENALAPRIL 10MG,2026-01-25,0.0,0.14416714012622833,-0.14416714012622833,0.14416714012622833
1,IBUPROFENO TABX800,2026-01-25,0.0,0.028878463432192802,-0.028878463432192802,0.028878463432192802
1,LOPERAMIDA 2MG,2026-01-25,0.0,0.06191501021385193,-0.06191501021385193,0.06191501021385193
1,METFORMINA 850MG,2026-01-25,0.0,0.15063214302062988,-0.15063214302062988,0.15063214302062988
1,PARACETAMOL 500MG,2026-01-25,0.0,0.11517685651779175,-0.11517685651779175,0.11517685651779175
1,VITAMINA C+ZINC+D3,2026-01-25,0.0,0.5945314764976501,-0.5945314764976501,0.5945314764976501
2,AMOXICILINA 500MG,2026-01-25,0.0,0.12124832719564438,-0.12124832719564438,0.12124832719564438
2,AZITROMICINA 500MG,2026-01-25,0.0,0.03681054711341858,-0.03681054711341858,0.03681054711341858
2,DIMENHIDRINATO 50MG,2026-01-25,0.0,0.03681054711341858,-0.03681054711341858,0.03681054711341858
2,ENALAPRIL 10MG,2026-01-25,0.0,0.14403799176216125,-0.14403799176216125,0.14403799176216125
2,IBUPROFENO TABX800,2026-01-25,0.0,0.03681054711341858,-0.03681054711341858,0.03681054711341858
2,METFORMINA 850MG,2026-01-25,0.0,0.08085409551858902,-0.08085409551858902,0.08085409551858902
2,PARACETAMOL 500MG,2026-01-25,0.0,0.12124832719564438,-0.12124832719564438,0.12124832719564438
2,VITAMINA C+ZINC+D3,2026-01-25,1.0,0.9826308488845825,0.01736915111541748,0.01736915111541748
3,AMOXICILINA 500MG,2026-01-25,0.0,0.22756358981132507,-0.22756358981132507,0.22756358981132507
3,AZITROMICINA 500MG,2026-01-25,0.0,0.028878463432192802,-0.028878463432192802,0.028878463432192802
3,DIMENHIDRINATO 50MG,2026-01-25,0.0,0.028878463432192802,-0.028878463432192802,0.028878463432192802
3,ENALAPRIL 10MG,2026-01-25,1.0,0.0865369662642479,0.9134630337357521,0.9134630337357521
3,IBUPROFENO TABX800,2026-01-25,0.0,0.028878463432192802,-0.028878463432192802,0.028878463432192802
3,LOPERAMIDA 2MG,2026-01-25,0.0,0.028878463432192802,-0.028878463432192802,0.028878463432192802
3,LOSARTAN 50MG,2026-01-25,0.0,0.18587511777877808,-0.18587511777877808,0.18587511777877808
3,METFORMINA 850MG,2026-01-25,0.0,0.4581274390220642,-0.4581274390220642,0.4581274390220642
3,PARACETAMOL 500MG,2026-01-25,0.0,0.06191501021385193,-0.06191501021385193,0.06191501021385193
3,VITAMINA C+ZINC+D3,2026-01-25,1.0,1.0818265676498413,-0.08182656764984131,0.08182656764984131
4,AMOXICILINA 500MG,2026-01-25,0.0,0.028878463432192802,-0.028878463432192802,0.028878463432192802
4,AZITROMICINA 500MG,2026-01-25,0.0,0.028878463432192802,-0.028878463432192802,0.028878463432192802
4,DIMENHIDRINATO 50MG,2026-01-25,0.0,0.028878463432192802,-0.028878463432192802,0.028878463432192802
4,ENALAPRIL 10MG,2026-01-25,1.0,0.1560835838317871,0.8439164161682129,0.8439164161682129
4,IBUPROFENO TABX800,2026-01-25,0.0,0.028878463432192802,-0.028878463432192802,0.028878463432192802
4,LOPERAMIDA 2MG,2026-01-25,0.0,0.028878463432192802,-0.028878463432192802,0.028878463432192802
4,METFORMINA 850MG,2026-01-25,0.0,0.07292202115058899,-0.07292202115058899,0.07292202115058899
4,VITAMINA C+ZINC+D3,2026-01-25,1.0,0.9929920434951782,0.007007956504821777,0.007007956504821777
5,AMOXICILINA 500MG,2026-01-25,0.0,0.03941896930336952,-0.03941896930336952,0.03941896930336952
5,AZITROMICINA 500MG,2026-01-25,0.0,0.03941896930336952,-0.03941896930336952,0.03941896930336952
5,DIMENHIDRINATO 50MG,2026-01-25,0.0,0.08278803527355194,-0.08278803527355194,0.08278803527355194
5,ENALAPRIL 10MG,2026-01-25,0.0,0.16048651933670044,-0.16048651933670044,0.16048651933670044
5,IBUPROFENO TABX800,2026-01-25,0.0,0.03941896930336952,-0.03941896930336952,0.03941896930336952
5,METFORMINA 850MG,2026-01-25,0.0,0.11649904400110245,-0.11649904400110245,0.11649904400110245
5,PARACETAMOL 500MG,2026-01-25,0.0,0.11538485437631607,-0.11538485437631607,0.11538485437631607
5,VITAMINA C+ZINC+D3,2026-01-25,2.0,1.3347893953323364,0.6652106046676636,0.6652106046676636
6,AMOXICILINA 500MG,2026-01-25,0.0,0.028878463432192802,-0.028878463432192802,0.028878463432192802
6,AZITROMICINA 500MG,2026-01-25,0.0,0.028878463432192802,-0.028878463432192802,0.028878463432192802
6,DIMENHIDRINATO 50MG,2026-01-25,0.0,0.028878463432192802,-0.028878463432192802,0.028878463432192802
6,ENALAPRIL 10MG,2026-01-25,0.0,0.36304527521133423,-0.36304527521133423,0.36304527521133423
6,IBUPROFENO TABX800,2026-01-25,0.0,0.028878463432192802,-0.028878463432192802,0.028878463432192802
6,LOPERAMIDA 2MG,2026-01-25,0.0,0.028878463432192802,-0.028878463432192802,0.028878463432192802
6,METFORMINA 850MG,2026-01-25,0.0,0.07292202115058899,-0.07292202115058899,0.07292202115058899
6,VITAMINA C+ZINC+D3,2026-01-25,1.0,0.7787036299705505,0.22129637002944946,0.22129637002944946
7,AMOXICILINA 500MG,2026-01-25,0.0,0.028878463432192802,-0.028878463432192802,0.028878463432192802
7,AZITROMICINA 500MG,2026-01-25,0.0,0.028878463432192802,-0.028878463432192802,0.028878463432192802
7,DIMENHIDRINATO 50MG,2026-01-25,0.0,0.028878463432192802,-0.028878463432192802,0.028878463432192802
7,ENALAPRIL 10MG,2026-01-25,0.0,0.11466557532548904,-0.11466557532548904,0.11466557532548904
7,IBUPROFENO TABX800,2026-01-25,0.0,0.028878463432192802,-0.028878463432192802,0.028878463432192802
7,METFORMINA 850MG,2026-01-25,0.0,0.07292202115058899,-0.07292202115058899,0.07292202115058899
7,PARACETAMOL 500MG,2026-01-25,0.0,0.028878463432192802,-0.028878463432192802,0.028878463432192802
7,VITAMINA C+ZINC+D3,2026-01-25,0.0,0.5801329016685486,-0.5801329016685486,0.5801329016685486
8,AMOXICILINA 500MG,2026-01-25,0.0,0.023723267018795013,-0.023723267018795013,0.023723267018795013
8,AZITROMICINA 500MG,2026-01-25,0.0,0.023723267018795013,-0.023723267018795013,0.023723267018795013
8,DIMENHIDRINATO 50MG,2026-01-25,0.0,0.023723267018795013,-0.023723267018795013,0.023723267018795013
8,ENALAPRIL 10MG,2026-01-25,0.0,0.12691935896873474,-0.12691935896873474,0.12691935896873474
8,IBUPROFENO TABX800,2026-01-25,0.0,0.023723267018795013,-0.023723267018795013,0.023723267018795013
8,LOPERAMIDA 2MG,2026-01-25,0.0,0.023723267018795013,-0.023723267018795013,0.023723267018795013
8,METFORMINA 850MG,2026-01-25,1.0,0.09660667181015015,0.9033933281898499,0.9033933281898499
8,PARACETAMOL 500MG,2026-01-25,0.0,0.023723267018795013,-0.023723267018795013,0.023723267018795013
8,VITAMINA C+ZINC+D3,2026-01-25,0.0,0.5030872225761414,-0.5030872225761414,0.5030872225761414
9,AMOXICILINA 500MG,2026-01-25,0.0,0.028878463432192802,-0.028878463432192802,0.028878463432192802
9,AZITROMICINA 500MG,2026-01-25,0.0,0.028878463432192802,-0.028878463432192802,0.028878463432192802
9,DIMENHIDRINATO 50MG,2026-01-25,0.0,0.028878463432192802,-0.028878463432192802,0.028878463432192802
9,ENALAPRIL 10MG,2026-01-25,0.0,0.0865369662642479,-0.0865369662642479,0.0865369662642479
9,METFORMINA 850MG,2026-01-25,0.0,0.1154022291302681,-0.1154022291302681,0.1154022291302681
9,PARACETAMOL 500MG,2026-01-25,0.0,0.1048443466424942,-0.1048443466424942,0.1048443466424942
9,VITAMINA C+ZINC+D3,2026-01-25,0.0,0.5781997442245483,-0.5781997442245483,0.5781997442245483
10,AMOXICILINA 500MG,2026-01-25,0.0,0.028878463432192802,-0.028878463432192802,0.028878463432192802
10,AZITROMICINA 500MG,2026-01-25,0.0,0.11573956161737442,-0.11573956161737442,0.11573956161737442
10,DIMENHIDRINATO 50MG,2026-01-25,0.0,0.028878463432192802,-0.028878463432192802,0.028878463432192802
10,ENALAPRIL 10MG,2026-01-25,0.0,0.13610590994358063,-0.13610590994358063,0.13610590994358063
10,IBUPROFENO TABX800,2026-01-25,0.0,0.028878463432192802,-0.028878463432192802,0.028878463432192802
10,LOPERAMIDA 2MG,2026-01-25,0.0,0.028878463432192802,-0.028878463432192802,0.028878463432192802
10,METFORMINA 850MG,2026-01-25,2.0,0.1154022291302681,1.884597770869732,1.884597770869732
10,PARACETAMOL 500MG,2026-01-25,0.0,0.06191501021385193,-0.06191501021385193,0.06191501021385193
10,VITAMINA C+ZINC+D3,2026-01-25,0.0,0.6660895943641663,-0.6660895943641663,0.6660895943641663
11,AMOXICILINA 500MG,2026-01-25,0.0,0.026255208998918533,-0.026255208998918533,0.026255208998918533
11,AZITROMICINA 500MG,2026-01-25,0.0,0.026255208998918533,-0.026255208998918533,0.026255208998918533
11,DIMENHIDRINATO 50MG,2026-01-25,0.0,0.026255208998918533,-0.026255208998918533,0.026255208998918533
11,ENALAPRIL 10MG,2026-01-25,0.0,0.08391371369361877,-0.08391371369361877,0.08391371369361877
11,IBUPROFENO TABX800,2026-01-25,0.0,0.026255208998918533,-0.026255208998918533,0.026255208998918533
11,METFORMINA 850MG,2026-01-25,0.0,0.06828544288873672,-0.06828544288873672,0.06828544288873672
11,PARACETAMOL 500MG,2026-01-25,0.0,0.046648066490888596,-0.046648066490888596,0.046648066490888596
11,VITAMINA C+ZINC+D3,2026-01-25,1.0,0.7905566692352295,0.2094433307647705,0.2094433307647705
12,AMOXICILINA 500MG,2026-01-25,0.0,0.028878463432192802,-0.028878463432192802,0.028878463432192802
12,AZITROMICINA 500MG,2026-01-25,0.0,0.028878463432192802,-0.028878463432192802,0.028878463432192802
12,DIMENHIDRINATO 50MG,2026-01-25,0.0,0.028878463432192802,-0.028878463432192802,0.028878463432192802
12,ENALAPRIL 10MG,2026-01-25,1.0,0.11466557532548904,0.885334424674511,0.885334424674511
12,IBUPROFENO TABX800,2026-01-25,0.0,0.028878463432192802,-0.028878463432192802,0.028878463432192802
12,METFORMINA 850MG,2026-01-25,0.0,0.07292202115058899,-0.07292202115058899,0.07292202115058899
12,PARACETAMOL 500MG,2026-01-25,0.0,0.028878463432192802,-0.028878463432192802,0.028878463432192802
12,VITAMINA C+ZINC+D3,2026-01-25,0.0,0.6557571291923523,-0.6557571291923523,0.6557571291923523
13,AMOXICILINA 500MG,2026-01-25,0.0,0.028878463432192802,-0.028878463432192802,0.028878463432192802
13,AZITROMICINA 500MG,2026-01-25,0.0,0.028878463432192802,-0.028878463432192802,0.028878463432192802
13,DIMENHIDRINATO 50MG,2026-01-25,0.0,0.028878463432192802,-0.028878463432192802,0.028878463432192802
13,ENALAPRIL 10MG,2026-01-25,0.0,0.11466557532548904,-0.11466557532548904,0.11466557532548904
13,IBUPROFENO TABX800,2026-01-25,0.0,0.028878463432192802,-0.028878463432192802,0.028878463432192802
13,METFORMINA 850MG,2026-01-25,0.0,0.07292202115058899,-0.07292202115058899,0.07292202115058899
13,OMEPRAZOL 20MG,2026-01-25,0.0,0.028878463432192802,-0.028878463432192802,0.028878463432192802
13,PARACETAMOL 500MG,2026-01-25,0.0,0.028878463432192802,-0.028878463432192802,0.028878463432192802
13,VITAMINA C+ZINC+D3,2026-01-25,0.0,0.6048639416694641,-0.6048639416694641,0.6048639416694641
14,AZITROMICINA 500MG,2026-01-25,0.0,0.028878463432192802,-0.028878463432192802,0.028878463432192802
14,DIMENHIDRINATO 50MG,2026-01-25,0.0,0.028878463432192802,-0.028878463432192802,0.028878463432192802
14,ENALAPRIL 10MG,2026-01-25,0.0,0.0865369662642479,-0.0865369662642479,0.0865369662642479
14,IBUPROFENO TABX800,2026-01-25,0.0,0.028878463432192802,-0.028878463432192802,0.028878463432192802
14,METFORMINA 850MG,2026-01-25,0.0,0.16495734453201294,-0.16495734453201294,0.16495734453201294
14,VITAMINA C+ZINC+D3,2026-01-25,1.0,0.6859853267669678,0.3140146732330322,0.3140146732330322
15,AMOXICILINA 500MG,2026-01-25,0.0,0.028878463432192802,-0.028878463432192802,0.028878463432192802
15,AZITROMICINA 500MG,2026-01-25,0.0,0.028878463432192802,-0.028878463432192802,0.028878463432192802
15,DIMENHIDRINATO 50MG,2026-01-25,0.0,0.028878463432192802,-0.028878463432192802,0.028878463432192802
15,ENALAPRIL 10MG,2026-01-25,0.0,0.16105395555496216,-0.16105395555496216,0.16105395555496216
15,IBUPROFENO TABX800,2026-01-25,0.0,0.028878463432192802,-0.028878463432192802,0.028878463432192802
15,METFORMINA 850MG,2026-01-25,0.0,0.07292202115058899,-0.07292202115058899,0.07292202115058899
15,PARACETAMOL 500MG,2026-01-25,0.0,0.028878463432192802,-0.028878463432192802,0.028878463432192802
15,VITAMINA C+ZINC+D3,2026-01-25,2.0,1.3620027303695679,0.6379972696304321,0.6379972696304321
16,AMOXICILINA 500MG,2026-01-25,0.0,0.028878463432192802,-0.028878463432192802,0.028878463432192802
16,AZITROMICINA 500MG,2026-01-25,0.0,0.028878463432192802,-0.028878463432192802,0.028878463432192802
16,DIMENHIDRINATO 50MG,2026-01-25,0.0,0.028878463432192802,-0.028878463432192802,0.028878463432192802
16,ENALAPRIL 10MG,2026-01-25,0.0,0.11466557532548904,-0.11466557532548904,0.11466557532548904
16,IBUPROFENO TABX800,2026-01-25,0.0,0.028878463432192802,-0.028878463432192802,0.028878463432192802
16,LOPERAMIDA 2MG,2026-01-25,0.0,0.028878463432192802,-0.028878463432192802,0.028878463432192802
16,METFORMINA 850MG,2026-01-25,0.0,0.10595853626728058,-0.10595853626728058,0.10595853626728058
16,PARACETAMOL 500MG,2026-01-25,0.0,0.028878463432192802,-0.028878463432192802,0.028878463432192802
16,VITAMINA C+ZINC+D3,2026-01-25,1.0,1.317635416984558,-0.3176354169845581,0.3176354169845581
1,AMOXICILINA 500MG,2026-02-01,0.0,0.028878463432192802,-0.028878463432192802,0.028878463432192802
1,AZITROMICINA 500MG,2026-02-01,0.0,0.028878463432192802,-0.028878463432192802,0.028878463432192802
1,DIMENHIDRINATO 50MG,2026-02-01,0.0,0.028878463432192802,-0.028878463432192802,0.028878463432192802
1,ENALAPRIL 10MG,2026-02-01,0.0,0.13610590994358063,-0.13610590994358063,0.13610590994358063
1,IBUPROFENO TABX800,2026-02-01,0.0,0.028878463432192802,-0.028878463432192802,0.028878463432192802
1,LOPERAMIDA 2MG,2026-02-01,0.0,0.07224752753973007,-0.07224752753973007,0.07224752753973007
1,METFORMINA 850MG,2026-02-01,0.0,0.15152093768119812,-0.15152093768119812,0.15152093768119812
1,PARACETAMOL 500MG,2026-02-01,0.0,0.07224752753973007,-0.07224752753973007,0.07224752753973007
1,VITAMINA C+ZINC+D3,2026-02-01,2.0,0.6131268739700317,1.3868731260299683,1.3868731260299683
2,AMOXICILINA 500MG,2026-02-01,0.0,0.12124832719564438,-0.12124832719564438,0.12124832719564438
2,AZITROMICINA 500MG,2026-02-01,0.0,0.03681054711341858,-0.03681054711341858,0.03681054711341858
2,DIMENHIDRINATO 50MG,2026-02-01,0.0,0.03681054711341858,-0.03681054711341858,0.03681054711341858
2,ENALAPRIL 10MG,2026-02-01,0.0,0.14403799176216125,-0.14403799176216125,0.14403799176216125
2,IBUPROFENO TABX800,2026-02-01,0.0,0.03681054711341858,-0.03681054711341858,0.03681054711341858
2,METFORMINA 850MG,2026-02-01,0.0,0.08085409551858902,-0.08085409551858902,0.08085409551858902
2,PARACETAMOL 500MG,2026-02-01,0.0,0.12124832719564438,-0.12124832719564438,0.12124832719564438
2,VITAMINA C+ZINC+D3,2026-02-01,0.0,0.7216919660568237,-0.7216919660568237,0.7216919660568237
3,AMOXICILINA 500MG,2026-02-01,0.0,0.274069607257843,-0.274069607257843,0.274069607257843
3,AZITROMICINA 500MG,2026-02-01,0.0,0.028878463432192802,-0.028878463432192802,0.028878463432192802
3,DIMENHIDRINATO 50MG,2026-02-01,0.0,0.028878463432192802,-0.028878463432192802,0.028878463432192802
3,ENALAPRIL 10MG,2026-02-01,0.0,0.13610590994358063,-0.13610590994358063,0.13610590994358063
3,IBUPROFENO TABX800,2026-02-01,0.0,0.028878463432192802,-0.028878463432192802,0.028878463432192802
3,LOPERAMIDA 2MG,2026-02-01,0.0,0.028878463432192802,-0.028878463432192802,0.028878463432192802
3,METFORMINA 850MG,2026-02-01,0.0,0.48122623562812805,-0.48122623562812805,0.48122623562812805
3,PARACETAMOL 500MG,2026-02-01,0.0,0.06191501021385193,-0.06191501021385193,0.06191501021385193
3,VITAMINA C+ZINC+D3,2026-02-01,2.0,1.197269320487976,0.8027306795120239,0.8027306795120239
4,AMOXICILINA 500MG,2026-02-01,0.0,0.028878463432192802,-0.028878463432192802,0.028878463432192802
4,AZITROMICINA 500MG,2026-02-01,0.0,0.028878463432192802,-0.028878463432192802,0.028878463432192802
4,DIMENHIDRINATO 50MG,2026-02-01,0.0,0.028878463432192802,-0.028878463432192802,0.028878463432192802
4,ENALAPRIL 10MG,2026-02-01,0.0,0.13610590994358063,-0.13610590994358063,0.13610590994358063
4,IBUPROFENO TABX800,2026-02-01,0.0,0.028878463432192802,-0.028878463432192802,0.028878463432192802
4,LOPERAMIDA 2MG,2026-02-01,0.0,0.028878463432192802,-0.028878463432192802,0.028878463432192802
4,METFORMINA 850MG,2026-02-01,1.0,0.07292202115058899,0.927077978849411,0.927077978849411
4,VITAMINA C+ZINC+D3,2026-02-01,1.0,1.214695930480957,-0.21469593048095703,0.21469593048095703
5,AMOXICILINA 500MG,2026-02-01,0.0,0.03941896930336952,-0.03941896930336952,0.03941896930336952
5,AZITROMICINA 500MG,2026-02-01,0.0,0.03941896930336952,-0.03941896930336952,0.03941896930336952
5,DIMENHIDRINATO 50MG,2026-02-01,0.0,0.03941896930336952,-0.03941896930336952,0.03941896930336952
5,ENALAPRIL 10MG,2026-02-01,1.0,0.1252060979604721,0.8747939020395279,0.8747939020395279
5,IBUPROFENO TABX800,2026-02-01,0.0,0.03941896930336952,-0.03941896930336952,0.03941896930336952
5,METFORMINA 850MG,2026-02-01,0.0,0.11649904400110245,-0.11649904400110245,0.11649904400110245
5,PARACETAMOL 500MG,2026-02-01,0.0,0.1257173717021942,-0.1257173717021942,0.1257173717021942
5,VITAMINA C+ZINC+D3,2026-02-01,3.0,1.4461994171142578,1.5538005828857422,1.5538005828857422
6,AMOXICILINA 500MG,2026-02-01,0.0,0.028878463432192802,-0.028878463432192802,0.028878463432192802
6,AZITROMICINA 500MG,2026-02-01,0.0,0.028878463432192802,-0.028878463432192802,0.028878463432192802
6,DIMENHIDRINATO 50MG,2026-02-01,0.0,0.028878463432192802,-0.028878463432192802,0.028878463432192802
6,ENALAPRIL 10MG,2026-02-01,0.0,0.17938922345638275,-0.17938922345638275,0.17938922345638275
6,IBUPROFENO TABX800,2026-02-01,0.0,0.028878463432192802,-0.028878463432192802,0.028878463432192802
6,LOPERAMIDA 2MG,2026-02-01,0.0,0.028878463432192802,-0.028878463432192802,0.028878463432192802
6,METFORMINA 850MG,2026-02-01,0.0,0.07292202115058899,-0.07292202115058899,0.07292202115058899
6,VITAMINA C+ZINC+D3,2026-02-01,2.0,0.7355616092681885,1.2644383907318115,1.2644383907318115
7,AMOXICILINA 500MG,2026-02-01,0.0,0.028878463432192802,-0.028878463432192802,0.028878463432192802
7,AZITROMICINA 500MG,2026-02-01,0.0,0.028878463432192802,-0.028878463432192802,0.028878463432192802
7,DIMENHIDRINATO 50MG,2026-02-01,0.0,0.028878463432192802,-0.028878463432192802,0.028878463432192802
7,ENALAPRIL 10MG,2026-02-01,0.0,0.11466557532548904,-0.11466557532548904,0.11466557532548904
7,IBUPROFENO TABX800,2026-02-01,0.0,0.028878463432192802,-0.028878463432192802,0.028878463432192802
7,METFORMINA 850MG,2026-02-01,0.0,0.07292202115058899,-0.07292202115058899,0.07292202115058899
7,PARACETAMOL 500MG,2026-02-01,0.0,0.028878463432192802,-0.028878463432192802,0.028878463432192802
7,VITAMINA C+ZINC+D3,2026-02-01,0.0,0.6188622713088989,-0.6188622713088989,0.6188622713088989
8,AMOXICILINA 500MG,2026-02-01,0.0,0.023723267018795013,-0.023723267018795013,0.023723267018795013
8,AZITROMICINA 500MG,2026-02-01,0.0,0.023723267018795013,-0.023723267018795013,0.023723267018795013
8,DIMENHIDRINATO 50MG,2026-02-01,0.0,0.023723267018795013,-0.023723267018795013,0.023723267018795013
8,ENALAPRIL 10MG,2026-02-01,0.0,0.12691935896873474,-0.12691935896873474,0.12691935896873474
8,IBUPROFENO TABX800,2026-02-01,0.0,0.023723267018795013,-0.023723267018795013,0.023723267018795013
8,LOPERAMIDA 2MG,2026-02-01,0.0,0.023723267018795013,-0.023723267018795013,0.023723267018795013
8,METFORMINA 850MG,2026-02-01,0.0,0.10862337052822113,-0.10862337052822113,0.10862337052822113
8,PARACETAMOL 500MG,2026-02-01,0.0,0.023723267018795013,-0.023723267018795013,0.023723267018795013
8,VITAMINA C+ZINC+D3,2026-02-01,1.0,0.492754727602005,0.507245272397995,0.507245272397995
9,AMOXICILINA 500MG,2026-02-01,0.0,0.028878463432192802,-0.028878463432192802,0.028878463432192802
9,AZITROMICINA 500MG,2026-02-01,0.0,0.028878463432192802,-0.028878463432192802,0.028878463432192802
9,DIMENHIDRINATO 50MG,2026-02-01,0.0,0.028878463432192802,-0.028878463432192802,0.028878463432192802
9,ENALAPRIL 10MG,2026-02-01,0.0,0.0865369662642479,-0.0865369662642479,0.0865369662642479
9,METFORMINA 850MG,2026-02-01,0.0,0.10595853626728058,-0.10595853626728058,0.10595853626728058
9,PARACETAMOL 500MG,2026-02-01,0.0,0.1048443466424942,-0.1048443466424942,0.1048443466424942
9,VITAMINA C+ZINC+D3,2026-02-01,0.0,0.49607011675834656,-0.49607011675834656,0.49607011675834656
10,AMOXICILINA 500MG,2026-02-01,0.0,0.028878463432192802,-0.028878463432192802,0.028878463432192802
10,AZITROMICINA 500MG,2026-02-01,1.0,0.08770599216222763,0.9122940078377724,0.9122940078377724
10,DIMENHIDRINATO 50MG,2026-02-01,0.0,0.028878463432192802,-0.028878463432192802,0.028878463432192802
10,ENALAPRIL 10MG,2026-02-01,3.0,0.11466557532548904,2.885334424674511,2.885334424674511
10,IBUPROFENO TABX800,2026-02-01,0.0,0.028878463432192802,-0.028878463432192802,0.028878463432192802
10,LOPERAMIDA 2MG,2026-02-01,0.0,0.028878463432192802,-0.028878463432192802,0.028878463432192802
10,METFORMINA 850MG,2026-02-01,0.0,0.18173079192638397,-0.18173079192638397,0.18173079192638397
10,PARACETAMOL 500MG,2026-02-01,0.0,0.06191501021385193,-0.06191501021385193,0.06191501021385193
10,VITAMINA C+ZINC+D3,2026-02-01,1.0,0.6557571291923523,0.3442428708076477,0.3442428708076477
11,AMOXICILINA 500MG,2026-02-01,0.0,0.026255208998918533,-0.026255208998918533,0.026255208998918533
11,AZITROMICINA 500MG,2026-02-01,0.0,0.026255208998918533,-0.026255208998918533,0.026255208998918533
11,DIMENHIDRINATO 50MG,2026-02-01,0.0,0.026255208998918533,-0.026255208998918533,0.026255208998918533
11,ENALAPRIL 10MG,2026-02-01,0.0,0.08391371369361877,-0.08391371369361877,0.08391371369361877
11,IBUPROFENO TABX800,2026-02-01,0.0,0.026255208998918533,-0.026255208998918533,0.026255208998918533
11,METFORMINA 850MG,2026-02-01,0.0,0.06828544288873672,-0.06828544288873672,0.06828544288873672
11,PARACETAMOL 500MG,2026-02-01,0.0,0.046648066490888596,-0.046648066490888596,0.046648066490888596
11,VITAMINA C+ZINC+D3,2026-02-01,1.0,0.9921520352363586,0.007847964763641357,0.007847964763641357
12,AMOXICILINA 500MG,2026-02-01,1.0,0.028878463432192802,0.9711215365678072,0.9711215365678072
12,AZITROMICINA 500MG,2026-02-01,0.0,0.028878463432192802,-0.028878463432192802,0.028878463432192802
12,DIMENHIDRINATO 50MG,2026-02-01,0.0,0.028878463432192802,-0.028878463432192802,0.028878463432192802
12,ENALAPRIL 10MG,2026-02-01,0.0,0.1713864803314209,-0.1713864803314209,0.1713864803314209
12,IBUPROFENO TABX800,2026-02-01,0.0,0.028878463432192802,-0.028878463432192802,0.028878463432192802
12,METFORMINA 850MG,2026-02-01,0.0,0.07292202115058899,-0.07292202115058899,0.07292202115058899
12,PARACETAMOL 500MG,2026-02-01,0.0,0.028878463432192802,-0.028878463432192802,0.028878463432192802
12,VITAMINA C+ZINC+D3,2026-02-01,0.0,0.6011858582496643,-0.6011858582496643,0.6011858582496643
13,AMOXICILINA 500MG,2026-02-01,0.0,0.028878463432192802,-0.028878463432192802,0.028878463432192802
13,AZITROMICINA 500MG,2026-02-01,0.0,0.028878463432192802,-0.028878463432192802,0.028878463432192802
13,DIMENHIDRINATO 50MG,2026-02-01,0.0,0.028878463432192802,-0.028878463432192802,0.028878463432192802
13,ENALAPRIL 10MG,2026-02-01,1.0,0.11466557532548904,0.885334424674511,0.885334424674511
13,IBUPROFENO TABX800,2026-02-01,0.0,0.028878463432192802,-0.028878463432192802,0.028878463432192802
13,METFORMINA 850MG,2026-02-01,0.0,0.07292202115058899,-0.07292202115058899,0.07292202115058899
13,OMEPRAZOL 20MG,2026-02-01,0.0,0.028878463432192802,-0.028878463432192802,0.028878463432192802
13,PARACETAMOL 500MG,2026-02-01,0.0,0.028878463432192802,-0.028878463432192802,0.028878463432192802
13,VITAMINA C+ZINC+D3,2026-02-01,0.0,0.587516725063324,-0.587516725063324,0.587516725063324
14,AZITROMICINA 500MG,2026-02-01,0.0,0.028878463432192802,-0.028878463432192802,0.028878463432192802
14,DIMENHIDRINATO 50MG,2026-02-01,0.0,0.028878463432192802,-0.028878463432192802,0.028878463432192802
14,ENALAPRIL 10MG,2026-02-01,0.0,0.0865369662642479,-0.0865369662642479,0.0865369662642479
14,IBUPROFENO TABX800,2026-02-01,0.0,0.028878463432192802,-0.028878463432192802,0.028878463432192802
14,METFORMINA 850MG,2026-02-01,0.0,0.14118841290473938,-0.14118841290473938,0.14118841290473938
14,VITAMINA C+ZINC+D3,2026-02-01,1.0,0.9515416622161865,0.04845833778381348,0.04845833778381348
15,AMOXICILINA 500MG,2026-02-01,0.0,0.028878463432192802,-0.028878463432192802,0.028878463432192802
15,AZITROMICINA 500MG,2026-02-01,0.0,0.028878463432192802,-0.028878463432192802,0.028878463432192802
15,DIMENHIDRINATO 50MG,2026-02-01,0.0,0.028878463432192802,-0.028878463432192802,0.028878463432192802
15,ENALAPRIL 10MG,2026-02-01,0.0,0.13961350917816162,-0.13961350917816162,0.13961350917816162
15,IBUPROFENO TABX800,2026-02-01,0.0,0.028878463432192802,-0.028878463432192802,0.028878463432192802
15,METFORMINA 850MG,2026-02-01,0.0,0.07292202115058899,-0.07292202115058899,0.07292202115058899
15,PARACETAMOL 500MG,2026-02-01,0.0,0.028878463432192802,-0.028878463432192802,0.028878463432192802
15,VITAMINA C+ZINC+D3,2026-02-01,1.0,1.5352510213851929,-0.5352510213851929,0.5352510213851929
16,AMOXICILINA 500MG,2026-02-01,0.0,0.028878463432192802,-0.028878463432192802,0.028878463432192802
16,AZITROMICINA 500MG,2026-02-01,0.0,0.028878463432192802,-0.028878463432192802,0.028878463432192802
16,DIMENHIDRINATO 50MG,2026-02-01,0.0,0.028878463432192802,-0.028878463432192802,0.028878463432192802
16,ENALAPRIL 10MG,2026-02-01,0.0,0.11466557532548904,-0.11466557532548904,0.11466557532548904
16,IBUPROFENO TABX800,2026-02-01,0.0,0.028878463432192802,-0.028878463432192802,0.028878463432192802
16,LOPERAMIDA 2MG,2026-02-01,0.0,0.028878463432192802,-0.028878463432192802,0.028878463432192802
16,METFORMINA 850MG,2026-02-01,0.0,0.11629104614257812,-0.11629104614257812,0.11629104614257812
16,PARACETAMOL 500MG,2026-02-01,0.0,0.028878463432192802,-0.028878463432192802,0.028878463432192802
16,VITAMINA C+ZINC+D3,2026-02-01,1.0,1.3977640867233276,-0.39776408672332764,0.39776408672332764
17,AMOXICILINA 500MG,2026-02-01,0.0,0.028878463432192802,-0.028878463432192802,0.028878463432192802
17,ENALAPRIL 10MG,2026-02-01,0.0,0.0865369662642479,-0.0865369662642479,0.0865369662642479
17,PARACETAMOL 500MG,2026-02-01,0.0,0.028878463432192802,-0.028878463432192802,0.028878463432192802
1,AMOXICILINA 500MG,2026-02-08,3.0,0.028878463432192802,2.971121536567807,2.971121536567807
1,AZITROMICINA 500MG,2026-02-08,0.0,0.028878463432192802,-0.028878463432192802,0.028878463432192802
1,DIMENHIDRINATO 50MG,2026-02-08,0.0,0.028878463432192802,-0.028878463432192802,0.028878463432192802
1,ENALAPRIL 10MG,2026-02-08,1.0,0.13610590994358063,0.8638940900564194,0.8638940900564194
1,IBUPROFENO TABX800,2026-02-08,0.0,0.028878463432192802,-0.028878463432192802,0.028878463432192802
1,LOPERAMIDA 2MG,2026-02-08,0.0,0.028878463432192802,-0.028878463432192802,0.028878463432192802
1,METFORMINA 850MG,2026-02-08,0.0,0.10595853626728058,-0.10595853626728058,0.10595853626728058
1,PARACETAMOL 500MG,2026-02-08,0.0,0.028878463432192802,-0.028878463432192802,0.028878463432192802
1,VITAMINA C+ZINC+D3,2026-02-08,1.0,0.7857183814048767,0.2142816185951233,0.2142816185951233
2,AMOXICILINA 500MG,2026-02-08,0.0,0.1377183496952057,-0.1377183496952057,0.1377183496952057
2,AZITROMICINA 500MG,2026-02-08,0.0,0.03681054711341858,-0.03681054711341858,0.03681054711341858
2,DIMENHIDRINATO 50MG,2026-02-08,0.0,0.03681054711341858,-0.03681054711341858,0.03681054711341858
2,ENALAPRIL 10MG,2026-02-08,1.0,0.12259764969348907,0.8774023503065109,0.8774023503065109
2,IBUPROFENO TABX800,2026-02-08,0.0,0.03681054711341858,-0.03681054711341858,0.03681054711341858
2,METFORMINA 850MG,2026-02-08,0.0,0.08085409551858902,-0.08085409551858902,0.08085409551858902
2,PARACETAMOL 500MG,2026-02-08,0.0,0.12124832719564438,-0.12124832719564438,0.12124832719564438
2,VITAMINA C+ZINC+D3,2026-02-08,2.0,0.9180632829666138,1.0819367170333862,1.0819367170333862
3,AMOXICILINA 500MG,2026-02-08,0.0,0.13765005767345428,-0.13765005767345428,0.13765005767345428
3,AZITROMICINA 500MG,2026-02-08,0.0,0.028878463432192802,-0.028878463432192802,0.028878463432192802
3,DIMENHIDRINATO 50MG,2026-02-08,0.0,0.028878463432192802,-0.028878463432192802,0.028878463432192802
3,ENALAPRIL 10MG,2026-02-08,1.0,0.15631252527236938,0.8436874747276306,0.8436874747276306
3,IBUPROFENO TABX800,2026-02-08,0.0,0.028878463432192802,-0.028878463432192802,0.028878463432192802
3,LOPERAMIDA 2MG,2026-02-08,0.0,0.028878463432192802,-0.028878463432192802,0.028878463432192802
3,METFORMINA 850MG,2026-02-08,0.0,0.2386731058359146,-0.2386731058359146,0.2386731058359146
3,PARACETAMOL 500MG,2026-02-08,0.0,0.07224752753973007,-0.07224752753973007,0.07224752753973007
3,VITAMINA C+ZINC+D3,2026-02-08,5.0,1.2226470708847046,3.7773529291152954,3.7773529291152954
4,AMOXICILINA 500MG,2026-02-08,0.0,0.028878463432192802,-0.028878463432192802,0.028878463432192802
4,AZITROMICINA 500MG,2026-02-08,0.0,0.028878463432192802,-0.028878463432192802,0.028878463432192802
4,DIMENHIDRINATO 50MG,2026-02-08,0.0,0.028878463432192802,-0.028878463432192802,0.028878463432192802
4,ENALAPRIL 10MG,2026-02-08,0.0,0.14416714012622833,-0.14416714012622833,0.14416714012622833
4,IBUPROFENO TABX800,2026-02-08,0.0,0.028878463432192802,-0.028878463432192802,0.028878463432192802
4,LOPERAMIDA 2MG,2026-02-08,0.0,0.028878463432192802,-0.028878463432192802,0.028878463432192802
4,METFORMINA 850MG,2026-02-08,0.0,0.1154022291302681,-0.1154022291302681,0.1154022291302681
4,VITAMINA C+ZINC+D3,2026-02-08,3.0,1.0015459060668945,1.9984540939331055,1.9984540939331055
5,AMOXICILINA 500MG,2026-02-08,0.0,0.03941896930336952,-0.03941896930336952,0.03941896930336952
5,AZITROMICINA 500MG,2026-02-08,0.0,0.03941896930336952,-0.03941896930336952,0.03941896930336952
5,DIMENHIDRINATO 50MG,2026-02-08,0.0,0.03941896930336952,-0.03941896930336952,0.03941896930336952
5,ENALAPRIL 10MG,2026-02-08,1.0,0.17159444093704224,0.8284055590629578,0.8284055590629578
5,IBUPROFENO TABX800,2026-02-08,0.0,0.03941896930336952,-0.03941896930336952,0.03941896930336952
5,METFORMINA 850MG,2026-02-08,0.0,0.1268315613269806,-0.1268315613269806,0.1268315613269806
5,PARACETAMOL 500MG,2026-02-08,0.0,0.0724555253982544,-0.0724555253982544,0.0724555253982544
5,VITAMINA C+ZINC+D3,2026-02-08,1.0,1.657076120376587,-0.6570761203765869,0.6570761203765869
6,AMOXICILINA 500MG,2026-02-08,0.0,0.028878463432192802,-0.028878463432192802,0.028878463432192802
6,AZITROMICINA 500MG,2026-02-08,0.0,0.028878463432192802,-0.028878463432192802,0.028878463432192802
6,DIMENHIDRINATO 50MG,2026-02-08,0.0,0.028878463432192802,-0.028878463432192802,0.028878463432192802
6,ENALAPRIL 10MG,2026-02-08,0.0,0.17533335089683533,-0.17533335089683533,0.17533335089683533
6,IBUPROFENO TABX800,2026-02-08,0.0,0.028878463432192802,-0.028878463432192802,0.028878463432192802
6,LOPERAMIDA 2MG,2026-02-08,0.0,0.028878463432192802,-0.028878463432192802,0.028878463432192802
6,METFORMINA 850MG,2026-02-08,0.0,0.07292202115058899,-0.07292202115058899,0.07292202115058899
6,VITAMINA C+ZINC+D3,2026-02-08,1.0,1.1155710220336914,-0.1155710220336914,0.1155710220336914
7,AMOXICILINA 500MG,2026-02-08,0.0,0.028878463432192802,-0.028878463432192802,0.028878463432192802
7,AZITROMICINA 500MG,2026-02-08,0.0,0.028878463432192802,-0.028878463432192802,0.028878463432192802
7,DIMENHIDRINATO 50MG,2026-02-08,0.0,0.028878463432192802,-0.028878463432192802,0.028878463432192802
7,ENALAPRIL 10MG,2026-02-08,0.0,0.11466557532548904,-0.11466557532548904,0.11466557532548904
7,IBUPROFENO TABX800,2026-02-08,0.0,0.028878463432192802,-0.028878463432192802,0.028878463432192802
7,METFORMINA 850MG,2026-02-08,0.0,0.07292202115058899,-0.07292202115058899,0.07292202115058899
7,PARACETAMOL 500MG,2026-02-08,0.0,0.028878463432192802,-0.028878463432192802,0.028878463432192802
7,VITAMINA C+ZINC+D3,2026-02-08,1.0,0.570618212223053,0.429381787776947,0.429381787776947
8,AMOXICILINA 500MG,2026-02-08,0.0,0.023723267018795013,-0.023723267018795013,0.023723267018795013
8,AZITROMICINA 500MG,2026-02-08,0.0,0.023723267018795013,-0.023723267018795013,0.023723267018795013
8,DIMENHIDRINATO 50MG,2026-02-08,0.0,0.023723267018795013,-0.023723267018795013,0.023723267018795013
8,ENALAPRIL 10MG,2026-02-08,0.0,0.10547901690006256,-0.10547901690006256,0.10547901690006256
8,IBUPROFENO TABX800,2026-02-08,0.0,0.023723267018795013,-0.023723267018795013,0.023723267018795013
8,LOPERAMIDA 2MG,2026-02-08,0.0,0.023723267018795013,-0.023723267018795013,0.023723267018795013
8,METFORMINA 850MG,2026-02-08,0.0,0.1317574679851532,-0.1317574679851532,0.1317574679851532
8,PARACETAMOL 500MG,2026-02-08,0.0,0.023723267018795013,-0.023723267018795013,0.023723267018795013
8,VITAMINA C+ZINC+D3,2026-02-08,0.0,0.5089238286018372,-0.5089238286018372,0.5089238286018372
9,AMOXICILINA 500MG,2026-02-08,0.0,0.028878463432192802,-0.028878463432192802,0.028878463432192802
9,AZITROMICINA 500MG,2026-02-08,0.0,0.028878463432192802,-0.028878463432192802,0.028878463432192802
9,DIMENHIDRINATO 50MG,2026-02-08,0.0,0.028878463432192802,-0.028878463432192802,0.028878463432192802
9,ENALAPRIL 10MG,2026-02-08,1.0,0.0865369662642479,0.9134630337357521,0.9134630337357521
9,METFORMINA 850MG,2026-02-08,0.0,0.10595853626728058,-0.10595853626728058,0.10595853626728058
9,PARACETAMOL 500MG,2026-02-08,0.0,0.11517685651779175,-0.11517685651779175,0.11517685651779175
9,VITAMINA C+ZINC+D3,2026-02-08,0.0,0.49607011675834656,-0.49607011675834656,0.49607011675834656
10,AMOXICILINA 500MG,2026-02-08,0.0,0.028878463432192802,-0.028878463432192802,0.028878463432192802
10,AZITROMICINA 500MG,2026-02-08,0.0,0.13063529133796692,-0.13063529133796692,0.13063529133796692
10,DIMENHIDRINATO 50MG,2026-02-08,0.0,0.028878463432192802,-0.028878463432192802,0.028878463432192802
10,ENALAPRIL 10MG,2026-02-08,1.0,0.27867332100868225,0.7213266789913177,0.7213266789913177
10,IBUPROFENO TABX800,2026-02-08,0.0,0.028878463432192802,-0.028878463432192802,0.028878463432192802
10,LOPERAMIDA 2MG,2026-02-08,0.0,0.028878463432192802,-0.028878463432192802,0.028878463432192802
10,METFORMINA 850MG,2026-02-08,0.0,0.2314727008342743,-0.2314727008342743,0.2314727008342743
10,PARACETAMOL 500MG,2026-02-08,0.0,0.06191501021385193,-0.06191501021385193,0.06191501021385193
10,VITAMINA C+ZINC+D3,2026-02-08,1.0,0.6739519834518433,0.32604801654815674,0.32604801654815674
11,AMOXICILINA 500MG,2026-02-08,0.0,0.026255208998918533,-0.026255208998918533,0.026255208998918533
11,AZITROMICINA 500MG,2026-02-08,0.0,0.026255208998918533,-0.026255208998918533,0.026255208998918533
11,DIMENHIDRINATO 50MG,2026-02-08,0.0,0.026255208998918533,-0.026255208998918533,0.026255208998918533
11,ENALAPRIL 10MG,2026-02-08,0.0,0.08391371369361877,-0.08391371369361877,0.08391371369361877
11,IBUPROFENO TABX800,2026-02-08,0.0,0.026255208998918533,-0.026255208998918533,0.026255208998918533
11,METFORMINA 850MG,2026-02-08,0.0,0.06828544288873672,-0.06828544288873672,0.06828544288873672
11,PARACETAMOL 500MG,2026-02-08,0.0,0.046648066490888596,-0.046648066490888596,0.046648066490888596
11,VITAMINA C+ZINC+D3,2026-02-08,0.0,0.8262621760368347,-0.8262621760368347,0.8262621760368347
12,AMOXICILINA 500MG,2026-02-08,0.0,0.08770599216222763,-0.08770599216222763,0.08770599216222763
12,AZITROMICINA 500MG,2026-02-08,0.0,0.028878463432192802,-0.028878463432192802,0.028878463432192802
12,DIMENHIDRINATO 50MG,2026-02-08,0.0,0.028878463432192802,-0.028878463432192802,0.028878463432192802
12,ENALAPRIL 10MG,2026-02-08,1.0,0.14416714012622833,0.8558328598737717,0.8558328598737717
12,IBUPROFENO TABX800,2026-02-08,0.0,0.028878463432192802,-0.028878463432192802,0.028878463432192802
12,METFORMINA 850MG,2026-02-08,0.0,0.07292202115058899,-0.07292202115058899,0.07292202115058899
12,PARACETAMOL 500MG,2026-02-08,0.0,0.028878463432192802,-0.028878463432192802,0.028878463432192802
12,VITAMINA C+ZINC+D3,2026-02-08,0.0,0.6011858582496643,-0.6011858582496643,0.6011858582496643
13,AMOXICILINA 500MG,2026-02-08,0.0,0.028878463432192802,-0.028878463432192802,0.028878463432192802
13,AZITROMICINA 500MG,2026-02-08,0.0,0.028878463432192802,-0.028878463432192802,0.028878463432192802
13,DIMENHIDRINATO 50MG,2026-02-08,0.0,0.028878463432192802,-0.028878463432192802,0.028878463432192802
13,ENALAPRIL 10MG,2026-02-08,0.0,0.16105395555496216,-0.16105395555496216,0.16105395555496216
13,IBUPROFENO TABX800,2026-02-08,0.0,0.028878463432192802,-0.028878463432192802,0.028878463432192802
13,METFORMINA 850MG,2026-02-08,0.0,0.07292202115058899,-0.07292202115058899,0.07292202115058899
13,OMEPRAZOL 20MG,2026-02-08,0.0,0.028878463432192802,-0.028878463432192802,0.028878463432192802
13,PARACETAMOL 500MG,2026-02-08,0.0,0.028878463432192802,-0.028878463432192802,0.028878463432192802
13,VITAMINA C+ZINC+D3,2026-02-08,2.0,0.587516725063324,1.412483274936676,1.412483274936676
14,AZITROMICINA 500MG,2026-02-08,0.0,0.028878463432192802,-0.028878463432192802,0.028878463432192802
14,DIMENHIDRINATO 50MG,2026-02-08,0.0,0.028878463432192802,-0.028878463432192802,0.028878463432192802
14,ENALAPRIL 10MG,2026-02-08,0.0,0.0865369662642479,-0.0865369662642479,0.0865369662642479
14,IBUPROFENO TABX800,2026-02-08,0.0,0.028878463432192802,-0.028878463432192802,0.028878463432192802
14,METFORMINA 850MG,2026-02-08,0.0,0.14118841290473938,-0.14118841290473938,0.14118841290473938
14,VITAMINA C+ZINC+D3,2026-02-08,1.0,0.7190085649490356,0.28099143505096436,0.28099143505096436
15,AMOXICILINA 500MG,2026-02-08,0.0,0.028878463432192802,-0.028878463432192802,0.028878463432192802
15,AZITROMICINA 500MG,2026-02-08,0.0,0.028878463432192802,-0.028878463432192802,0.028878463432192802
15,DIMENHIDRINATO 50MG,2026-02-08,0.0,0.028878463432192802,-0.028878463432192802,0.028878463432192802
15,ENALAPRIL 10MG,2026-02-08,0.0,0.13961350917816162,-0.13961350917816162,0.13961350917816162
15,IBUPROFENO TABX800,2026-02-08,0.0,0.028878463432192802,-0.028878463432192802,0.028878463432192802
15,METFORMINA 850MG,2026-02-08,0.0,0.07292202115058899,-0.07292202115058899,0.07292202115058899
15,PARACETAMOL 500MG,2026-02-08,0.0,0.028878463432192802,-0.028878463432192802,0.028878463432192802
15,VITAMINA C+ZINC+D3,2026-02-08,0.0,1.3620027303695679,-1.3620027303695679,1.3620027303695679
16,AMOXICILINA 500MG,2026-02-08,0.0,0.028878463432192802,-0.028878463432192802,0.028878463432192802
16,AZITROMICINA 500MG,2026-02-08,0.0,0.028878463432192802,-0.028878463432192802,0.028878463432192802
16,DIMENHIDRINATO 50MG,2026-02-08,0.0,0.028878463432192802,-0.028878463432192802,0.028878463432192802
16,ENALAPRIL 10MG,2026-02-08,0.0,0.1249980702996254,-0.1249980702996254,0.1249980702996254
16,IBUPROFENO TABX800,2026-02-08,0.0,0.028878463432192802,-0.028878463432192802,0.028878463432192802
16,LOPERAMIDA 2MG,2026-02-08,0.0,0.028878463432192802,-0.028878463432192802,0.028878463432192802
16,METFORMINA 850MG,2026-02-08,0.0,0.07292202115058899,-0.07292202115058899,0.07292202115058899
16,PARACETAMOL 500MG,2026-02-08,0.0,0.028878463432192802,-0.028878463432192802,0.028878463432192802
16,VITAMINA C+ZINC+D3,2026-02-08,1.0,1.2675940990447998,-0.2675940990447998,0.2675940990447998
17,AMOXICILINA 500MG,2026-02-08,0.0,0.028878463432192802,-0.028878463432192802,0.028878463432192802
17,ENALAPRIL 10MG,2026-02-08,0.0,0.0865369662642479,-0.0865369662642479,0.0865369662642479
17,PARACETAMOL 500MG,2026-02-08,0.0,0.028878463432192802,-0.028878463432192802,0.028878463432192802
1,AMOXICILINA 500MG,2026-02-15,0.0,0.25466957688331604,-0.25466957688331604,0.25466957688331604
1,AZITROMICINA 500MG,2026-02-15,0.0,0.028878463432192802,-0.028878463432192802,0.028878463432192802
1,DIMENHIDRINATO 50MG,2026-02-15,0.0,0.028878463432192802,-0.028878463432192802,0.028878463432192802
1,ENALAPRIL 10MG,2026-02-15,1.0,0.16105395555496216,0.8389460444450378,0.8389460444450378
1,IBUPROFENO TABX800,2026-02-15,0.0,0.028878463432192802,-0.028878463432192802,0.028878463432192802
1,LOPERAMIDA 2MG,2026-02-15,0.0,0.028878463432192802,-0.028878463432192802,0.028878463432192802
1,METFORMINA 850MG,2026-02-15,0.0,0.10595853626728058,-0.10595853626728058,0.10595853626728058
1,PARACETAMOL 500MG,2026-02-15,0.0,0.028878463432192802,-0.028878463432192802,0.028878463432192802
1,VITAMINA C+ZINC+D3,2026-02-15,1.0,0.7387180328369141,0.26128196716308594,0.26128196716308594
2,AMOXICILINA 500MG,2026-02-15,0.0,0.03681054711341858,-0.03681054711341858,0.03681054711341858
2,AZITROMICINA 500MG,2026-02-15,0.0,0.03681054711341858,-0.03681054711341858,0.03681054711341858
2,DIMENHIDRINATO 50MG,2026-02-15,0.0,0.03681054711341858,-0.03681054711341858,0.03681054711341858
2,ENALAPRIL 10MG,2026-02-15,0.0,0.17745792865753174,-0.17745792865753174,0.17745792865753174
2,IBUPROFENO TABX800,2026-02-15,0.0,0.03681054711341858,-0.03681054711341858,0.03681054711341858
2,METFORMINA 850MG,2026-02-15,0.0,0.08085409551858902,-0.08085409551858902,0.08085409551858902
2,PARACETAMOL 500MG,2026-02-15,0.0,0.1377183496952057,-0.1377183496952057,0.1377183496952057
2,VITAMINA C+ZINC+D3,2026-02-15,1.0,0.9712167978286743,0.028783202171325684,0.028783202171325684
3,AMOXICILINA 500MG,2026-02-15,0.0,0.13765005767345428,-0.13765005767345428,0.13765005767345428
3,AZITROMICINA 500MG,2026-02-15,0.0,0.028878463432192802,-0.028878463432192802,0.028878463432192802
3,DIMENHIDRINATO 50MG,2026-02-15,0.0,0.028878463432192802,-0.028878463432192802,0.028878463432192802
3,ENALAPRIL 10MG,2026-02-15,1.0,0.16105395555496216,0.8389460444450378,0.8389460444450378
3,IBUPROFENO TABX800,2026-02-15,0.0,0.028878463432192802,-0.028878463432192802,0.028878463432192802
3,LOPERAMIDA 2MG,2026-02-15,0.0,0.028878463432192802,-0.028878463432192802,0.028878463432192802
3,METFORMINA 850MG,2026-02-15,0.0,0.2386731058359146,-0.2386731058359146,0.2386731058359146
3,PARACETAMOL 500MG,2026-02-15,0.0,0.028878463432192802,-0.028878463432192802,0.028878463432192802
3,VITAMINA C+ZINC+D3,2026-02-15,2.0,1.2778664827346802,0.7221335172653198,0.7221335172653198
4,AMOXICILINA 500MG,2026-02-15,0.0,0.028878463432192802,-0.028878463432192802,0.028878463432192802
4,AZITROMICINA 500MG,2026-02-15,0.0,0.028878463432192802,-0.028878463432192802,0.028878463432192802
4,DIMENHIDRINATO 50MG,2026-02-15,0.0,0.028878463432192802,-0.028878463432192802,0.028878463432192802
4,ENALAPRIL 10MG,2026-02-15,0.0,0.13610590994358063,-0.13610590994358063,0.13610590994358063
4,IBUPROFENO TABX800,2026-02-15,0.0,0.028878463432192802,-0.028878463432192802,0.028878463432192802
4,LOPERAMIDA 2MG,2026-02-15,0.0,0.028878463432192802,-0.028878463432192802,0.028878463432192802
4,METFORMINA 850MG,2026-02-15,0.0,0.138536274433136,-0.138536274433136,0.138536274433136
4,VITAMINA C+ZINC+D3,2026-02-15,1.0,1.368822693824768,-0.36882269382476807,0.36882269382476807
5,AMOXICILINA 500MG,2026-02-15,0.0,0.03941896930336952,-0.03941896930336952,0.03941896930336952
5,AZITROMICINA 500MG,2026-02-15,0.0,0.03941896930336952,-0.03941896930336952,0.03941896930336952
5,DIMENHIDRINATO 50MG,2026-02-15,0.0,0.03941896930336952,-0.03941896930336952,0.03941896930336952
5,ENALAPRIL 10MG,2026-02-15,1.0,0.26136118173599243,0.7386388182640076,0.7386388182640076
5,IBUPROFENO TABX800,2026-02-15,0.0,0.03941896930336952,-0.03941896930336952,0.03941896930336952
5,METFORMINA 850MG,2026-02-15,0.0,0.08346252888441086,-0.08346252888441086,0.08346252888441086
5,PARACETAMOL 500MG,2026-02-15,0.0,0.08278803527355194,-0.08278803527355194,0.08278803527355194
5,VITAMINA C+ZINC+D3,2026-02-15,1.0,1.817859172821045,-0.8178591728210449,0.8178591728210449
6,AMOXICILINA 500MG,2026-02-15,0.0,0.028878463432192802,-0.028878463432192802,0.028878463432192802
6,AZITROMICINA 500MG,2026-02-15,0.0,0.028878463432192802,-0.028878463432192802,0.028878463432192802
6,DIMENHIDRINATO 50MG,2026-02-15,0.0,0.028878463432192802,-0.028878463432192802,0.028878463432192802
6,ENALAPRIL 10MG,2026-02-15,0.0,0.16105395555496216,-0.16105395555496216,0.16105395555496216
6,IBUPROFENO TABX800,2026-02-15,0.0,0.028878463432192802,-0.028878463432192802,0.028878463432192802
6,LOPERAMIDA 2MG,2026-02-15,0.0,0.028878463432192802,-0.028878463432192802,0.028878463432192802
6,METFORMINA 850MG,2026-02-15,0.0,0.07292202115058899,-0.07292202115058899,0.07292202115058899
6,VITAMINA C+ZINC+D3,2026-02-15,0.0,1.0956214666366577,-1.0956214666366577,1.0956214666366577
7,AMOXICILINA 500MG,2026-02-15,0.0,0.028878463432192802,-0.028878463432192802,0.028878463432192802
7,AZITROMICINA 500MG,2026-02-15,0.0,0.028878463432192802,-0.028878463432192802,0.028878463432192802
7,DIMENHIDRINATO 50MG,2026-02-15,0.0,0.028878463432192802,-0.028878463432192802,0.028878463432192802
7,ENALAPRIL 10MG,2026-02-15,1.0,0.1249980702996254,0.8750019297003746,0.8750019297003746
7,IBUPROFENO TABX800,2026-02-15,0.0,0.028878463432192802,-0.028878463432192802,0.028878463432192802
7,METFORMINA 850MG,2026-02-15,0.0,0.07292202115058899,-0.07292202115058899,0.07292202115058899
7,PARACETAMOL 500MG,2026-02-15,0.0,0.028878463432192802,-0.028878463432192802,0.028878463432192802
7,VITAMINA C+ZINC+D3,2026-02-15,1.0,0.6036857962608337,0.39631420373916626,0.39631420373916626
8,AMOXICILINA 500MG,2026-02-15,0.0,0.023723267018795013,-0.023723267018795013,0.023723267018795013
8,AZITROMICINA 500MG,2026-02-15,0.0,0.023723267018795013,-0.023723267018795013,0.023723267018795013
8,DIMENHIDRINATO 50MG,2026-02-15,0.0,0.023723267018795013,-0.023723267018795013,0.023723267018795013
8,ENALAPRIL 10MG,2026-02-15,0.0,0.10547901690006256,-0.10547901690006256,0.10547901690006256
8,IBUPROFENO TABX800,2026-02-15,0.0,0.023723267018795013,-0.023723267018795013,0.023723267018795013
8,LOPERAMIDA 2MG,2026-02-15,0.0,0.023723267018795013,-0.023723267018795013,0.023723267018795013
8,METFORMINA 850MG,2026-02-15,0.0,0.11895589530467987,-0.11895589530467987,0.11895589530467987
8,PARACETAMOL 500MG,2026-02-15,0.0,0.023723267018795013,-0.023723267018795013,0.023723267018795013
8,VITAMINA C+ZINC+D3,2026-02-15,0.0,0.5476533770561218,-0.5476533770561218,0.5476533770561218
9,AMOXICILINA 500MG,2026-02-15,0.0,0.028878463432192802,-0.028878463432192802,0.028878463432192802
9,AZITROMICINA 500MG,2026-02-15,0.0,0.028878463432192802,-0.028878463432192802,0.028878463432192802
9,DIMENHIDRINATO 50MG,2026-02-15,0.0,0.028878463432192802,-0.028878463432192802,0.028878463432192802
9,ENALAPRIL 10MG,2026-02-15,0.0,0.13610590994358063,-0.13610590994358063,0.13610590994358063
9,METFORMINA 850MG,2026-02-15,0.0,0.10595853626728058,-0.10595853626728058,0.10595853626728058
9,PARACETAMOL 500MG,2026-02-15,0.0,0.07224752753973007,-0.07224752753973007,0.07224752753973007
9,VITAMINA C+ZINC+D3,2026-02-15,0.0,0.4894157350063324,-0.4894157350063324,0.4894157350063324
10,AMOXICILINA 500MG,2026-02-15,0.0,0.028878463432192802,-0.028878463432192802,0.028878463432192802
10,AZITROMICINA 500MG,2026-02-15,0.0,0.1586688905954361,-0.1586688905954361,0.1586688905954361
10,DIMENHIDRINATO 50MG,2026-02-15,0.0,0.028878463432192802,-0.028878463432192802,0.028878463432192802
10,ENALAPRIL 10MG,2026-02-15,0.0,0.5202102065086365,-0.5202102065086365,0.5202102065086365
10,IBUPROFENO TABX800,2026-02-15,0.0,0.028878463432192802,-0.028878463432192802,0.028878463432192802
10,LOPERAMIDA 2MG,2026-02-15,0.0,0.028878463432192802,-0.028878463432192802,0.028878463432192802
10,METFORMINA 850MG,2026-02-15,0.0,0.1546248197555542,-0.1546248197555542,0.1546248197555542
10,PARACETAMOL 500MG,2026-02-15,0.0,0.07224752753973007,-0.07224752753973007,0.07224752753973007
10,VITAMINA C+ZINC+D3,2026-02-15,2.0,0.9423631429672241,1.0576368570327759,1.0576368570327759
11,AMOXICILINA 500MG,2026-02-15,0.0,0.026255208998918533,-0.026255208998918533,0.026255208998918533
11,AZITROMICINA 500MG,2026-02-15,0.0,0.026255208998918533,-0.026255208998918533,0.026255208998918533
11,DIMENHIDRINATO 50MG,2026-02-15,0.0,0.026255208998918533,-0.026255208998918533,0.026255208998918533
11,ENALAPRIL 10MG,2026-02-15,0.0,0.08391371369361877,-0.08391371369361877,0.08391371369361877
11,IBUPROFENO TABX800,2026-02-15,0.0,0.026255208998918533,-0.026255208998918533,0.026255208998918533
11,METFORMINA 850MG,2026-02-15,0.0,0.06828544288873672,-0.06828544288873672,0.06828544288873672
11,PARACETAMOL 500MG,2026-02-15,0.0,0.056980568915605545,-0.056980568915605545,0.056980568915605545
11,VITAMINA C+ZINC+D3,2026-02-15,0.0,0.6792243719100952,-0.6792243719100952,0.6792243719100952
12,AMOXICILINA 500MG,2026-02-15,0.0,0.11573956161737442,-0.11573956161737442,0.11573956161737442
12,AZITROMICINA 500MG,2026-02-15,0.0,0.028878463432192802,-0.028878463432192802,0.028878463432192802
12,DIMENHIDRINATO 50MG,2026-02-15,0.0,0.028878463432192802,-0.028878463432192802,0.028878463432192802
12,ENALAPRIL 10MG,2026-02-15,0.0,0.16105395555496216,-0.16105395555496216,0.16105395555496216
12,IBUPROFENO TABX800,2026-02-15,0.0,0.028878463432192802,-0.028878463432192802,0.028878463432192802
12,METFORMINA 850MG,2026-02-15,0.0,0.07292202115058899,-0.07292202115058899,0.07292202115058899
12,PARACETAMOL 500MG,2026-02-15,0.0,0.028878463432192802,-0.028878463432192802,0.028878463432192802
12,VITAMINA C+ZINC+D3,2026-02-15,3.0,0.6048639416694641,2.395136058330536,2.395136058330536
13,AMOXICILINA 500MG,2026-02-15,0.0,0.028878463432192802,-0.028878463432192802,0.028878463432192802
13,AZITROMICINA 500MG,2026-02-15,0.0,0.028878463432192802,-0.028878463432192802,0.028878463432192802
13,DIMENHIDRINATO 50MG,2026-02-15,0.0,0.028878463432192802,-0.028878463432192802,0.028878463432192802
13,ENALAPRIL 10MG,2026-02-15,0.0,0.1794477105140686,-0.1794477105140686,0.1794477105140686
13,IBUPROFENO TABX800,2026-02-15,0.0,0.028878463432192802,-0.028878463432192802,0.028878463432192802
13,METFORMINA 850MG,2026-02-15,0.0,0.07292202115058899,-0.07292202115058899,0.07292202115058899
13,OMEPRAZOL 20MG,2026-02-15,0.0,0.028878463432192802,-0.028878463432192802,0.028878463432192802
13,PARACETAMOL 500MG,2026-02-15,0.0,0.028878463432192802,-0.028878463432192802,0.028878463432192802
13,VITAMINA C+ZINC+D3,2026-02-15,0.0,0.8502860069274902,-0.8502860069274902,0.8502860069274902
14,AZITROMICINA 500MG,2026-02-15,0.0,0.028878463432192802,-0.028878463432192802,0.028878463432192802
14,DIMENHIDRINATO 50MG,2026-02-15,0.0,0.028878463432192802,-0.028878463432192802,0.028878463432192802
14,ENALAPRIL 10MG,2026-02-15,0.0,0.0865369662642479,-0.0865369662642479,0.0865369662642479
14,IBUPROFENO TABX800,2026-02-15,0.0,0.028878463432192802,-0.028878463432192802,0.028878463432192802
14,METFORMINA 850MG,2026-02-15,0.0,0.15152093768119812,-0.15152093768119812,0.15152093768119812
14,PARACETAMOL 500MG,2026-02-15,0.0,0.028878463432192802,-0.028878463432192802,0.028878463432192802
14,VITAMINA C+ZINC+D3,2026-02-15,8.0,0.9320306777954102,7.06796932220459,7.06796932220459
15,AMOXICILINA 500MG,2026-02-15,0.0,0.028878463432192802,-0.028878463432192802,0.028878463432192802
15,AZITROMICINA 500MG,2026-02-15,0.0,0.028878463432192802,-0.028878463432192802,0.028878463432192802
15,DIMENHIDRINATO 50MG,2026-02-15,0.0,0.028878463432192802,-0.028878463432192802,0.028878463432192802
15,ENALAPRIL 10MG,2026-02-15,0.0,0.14994603395462036,-0.14994603395462036,0.14994603395462036
15,IBUPROFENO TABX800,2026-02-15,0.0,0.028878463432192802,-0.028878463432192802,0.028878463432192802
15,METFORMINA 850MG,2026-02-15,0.0,0.07292202115058899,-0.07292202115058899,0.07292202115058899
15,PARACETAMOL 500MG,2026-02-15,0.0,0.028878463432192802,-0.028878463432192802,0.028878463432192802
15,VITAMINA C+ZINC+D3,2026-02-15,2.0,1.120556116104126,0.879443883895874,0.879443883895874
16,AMOXICILINA 500MG,2026-02-15,0.0,0.028878463432192802,-0.028878463432192802,0.028878463432192802
16,AZITROMICINA 500MG,2026-02-15,0.0,0.028878463432192802,-0.028878463432192802,0.028878463432192802
16,DIMENHIDRINATO 50MG,2026-02-15,0.0,0.028878463432192802,-0.028878463432192802,0.028878463432192802
16,ENALAPRIL 10MG,2026-02-15,1.0,0.0865369662642479,0.9134630337357521,0.9134630337357521
16,IBUPROFENO TABX800,2026-02-15,0.0,0.028878463432192802,-0.028878463432192802,0.028878463432192802
16,LOPERAMIDA 2MG,2026-02-15,0.0,0.028878463432192802,-0.028878463432192802,0.028878463432192802
16,METFORMINA 850MG,2026-02-15,0.0,0.07292202115058899,-0.07292202115058899,0.07292202115058899
16,PARACETAMOL 500MG,2026-02-15,0.0,0.028878463432192802,-0.028878463432192802,0.028878463432192802
16,VITAMINA C+ZINC+D3,2026-02-15,1.0,1.2788159847259521,-0.27881598472595215,0.27881598472595215
17,AMOXICILINA 500MG,2026-02-15,0.0,0.028878463432192802,-0.028878463432192802,0.028878463432192802
17,ENALAPRIL 10MG,2026-02-15,0.0,0.0865369662642479,-0.0865369662642479,0.0865369662642479
17,IBUPROFENO TABX800,2026-02-15,0.0,0.028878463432192802,-0.028878463432192802,0.028878463432192802
17,PARACETAMOL 500MG,2026-02-15,0.0,0.028878463432192802,-0.028878463432192802,0.028878463432192802
1,AMOXICILINA 500MG,2026-02-22,1.0,0.3093108534812927,0.6906891465187073,0.6906891465187073
1,AZITROMICINA 500MG,2026-02-22,0.0,0.028878463432192802,-0.028878463432192802,0.028878463432192802
1,DIMENHIDRINATO 50MG,2026-02-22,0.0,0.028878463432192802,-0.028878463432192802,0.028878463432192802
1,ENALAPRIL 10MG,2026-02-22,0.0,0.17938922345638275,-0.17938922345638275,0.17938922345638275
1,IBUPROFENO TABX800,2026-02-22,0.0,0.028878463432192802,-0.028878463432192802,0.028878463432192802
1,LOPERAMIDA 2MG,2026-02-22,0.0,0.028878463432192802,-0.028878463432192802,0.028878463432192802
1,METFORMINA 850MG,2026-02-22,0.0,0.11629104614257812,-0.11629104614257812,0.11629104614257812
1,PARACETAMOL 500MG,2026-02-22,0.0,0.028878463432192802,-0.028878463432192802,0.028878463432192802
1,VITAMINA C+ZINC+D3,2026-02-22,6.0,0.7190085649490356,5.280991435050964,5.280991435050964
2,AMOXICILINA 500MG,2026-02-22,0.0,0.03681054711341858,-0.03681054711341858,0.03681054711341858
2,AZITROMICINA 500MG,2026-02-22,0.0,0.03681054711341858,-0.03681054711341858,0.03681054711341858
2,DIMENHIDRINATO 50MG,2026-02-22,0.0,0.03681054711341858,-0.03681054711341858,0.03681054711341858
2,ENALAPRIL 10MG,2026-02-22,0.0,0.18378789722919464,-0.18378789722919464,0.18378789722919464
2,IBUPROFENO TABX800,2026-02-22,0.0,0.03681054711341858,-0.03681054711341858,0.03681054711341858
2,METFORMINA 850MG,2026-02-22,0.0,0.08085409551858902,-0.08085409551858902,0.08085409551858902
2,PARACETAMOL 500MG,2026-02-22,0.0,0.03681054711341858,-0.03681054711341858,0.03681054711341858
2,VITAMINA C+ZINC+D3,2026-02-22,1.0,1.039791226387024,-0.039791226387023926,0.039791226387023926
3,AZITROMICINA 500MG,2026-02-22,0.0,0.028878463432192802,-0.028878463432192802,0.028878463432192802
3,DIMENHIDRINATO 50MG,2026-02-22,0.0,0.028878463432192802,-0.028878463432192802,0.028878463432192802
3,ENALAPRIL 10MG,2026-02-22,0.0,0.27810099720954895,-0.27810099720954895,0.27810099720954895
3,IBUPROFENO TABX800,2026-02-22,0.0,0.028878463432192802,-0.028878463432192802,0.028878463432192802
3,LOPERAMIDA 2MG,2026-02-22,0.0,0.028878463432192802,-0.028878463432192802,0.028878463432192802
3,METFORMINA 850MG,2026-02-22,0.0,0.14518111944198608,-0.14518111944198608,0.14518111944198608
3,PARACETAMOL 500MG,2026-02-22,0.0,0.028878463432192802,-0.028878463432192802,0.028878463432192802
3,VITAMINA C+ZINC+D3,2026-02-22,1.0,1.4126930236816406,-0.4126930236816406,0.4126930236816406
4,AMOXICILINA 500MG,2026-02-22,0.0,0.028878463432192802,-0.028878463432192802,0.028878463432192802
4,AZITROMICINA 500MG,2026-02-22,0.0,0.028878463432192802,-0.028878463432192802,0.028878463432192802
4,DIMENHIDRINATO 50MG,2026-02-22,0.0,0.028878463432192802,-0.028878463432192802,0.028878463432192802
4,ENALAPRIL 10MG,2026-02-22,0.0,0.13610590994358063,-0.13610590994358063,0.13610590994358063
4,IBUPROFENO TABX800,2026-02-22,0.0,0.028878463432192802,-0.028878463432192802,0.028878463432192802
4,LOPERAMIDA 2MG,2026-02-22,0.0,0.028878463432192802,-0.028878463432192802,0.028878463432192802
4,METFORMINA 850MG,2026-02-22,0.0,0.1154022291302681,-0.1154022291302681,0.1154022291302681
4,VITAMINA C+ZINC+D3,2026-02-22,1.0,1.3109321594238281,-0.3109321594238281,0.3109321594238281
5,AMOXICILINA 500MG,2026-02-22,0.0,0.03941896930336952,-0.03941896930336952,0.03941896930336952
5,AZITROMICINA 500MG,2026-02-22,1.0,0.03941896930336952,0.9605810306966305,0.9605810306966305
5,DIMENHIDRINATO 50MG,2026-02-22,0.0,0.03941896930336952,-0.03941896930336952,0.03941896930336952
5,ENALAPRIL 10MG,2026-02-22,0.0,0.43032291531562805,-0.43032291531562805,0.43032291531562805
5,IBUPROFENO TABX800,2026-02-22,0.0,0.03941896930336952,-0.03941896930336952,0.03941896930336952
5,METFORMINA 850MG,2026-02-22,0.0,0.08346252888441086,-0.08346252888441086,0.08346252888441086
5,PARACETAMOL 500MG,2026-02-22,0.0,0.03941896930336952,-0.03941896930336952,0.03941896930336952
5,VITAMINA C+ZINC+D3,2026-02-22,2.0,1.5982221364974976,0.40177786350250244,0.40177786350250244
6,AMOXICILINA 500MG,2026-02-22,0.0,0.028878463432192802,-0.028878463432192802,0.028878463432192802
6,AZITROMICINA 500MG,2026-02-22,0.0,0.028878463432192802,-0.028878463432192802,0.028878463432192802
6,DIMENHIDRINATO 50MG,2026-02-22,0.0,0.028878463432192802,-0.028878463432192802,0.028878463432192802
6,ENALAPRIL 10MG,2026-02-22,1.0,0.14994603395462036,0.8500539660453796,0.8500539660453796
6,IBUPROFENO TABX800,2026-02-22,0.0,0.028878463432192802,-0.028878463432192802,0.028878463432192802
6,LOPERAMIDA 2MG,2026-02-22,0.0,0.028878463432192802,-0.028878463432192802,0.028878463432192802
6,METFORMINA 850MG,2026-02-22,0.0,0.07292202115058899,-0.07292202115058899,0.07292202115058899
6,VITAMINA C+ZINC+D3,2026-02-22,4.0,0.9320306777954102,3.06796932220459,3.06796932220459
7,AMOXICILINA 500MG,2026-02-22,0.0,0.028878463432192802,-0.028878463432192802,0.028878463432192802
7,AZITROMICINA 500MG,2026-02-22,0.0,0.028878463432192802,-0.028878463432192802,0.028878463432192802
7,DIMENHIDRINATO 50MG,2026-02-22,0.0,0.028878463432192802,-0.028878463432192802,0.028878463432192802
7,ENALAPRIL 10MG,2026-02-22,0.0,0.13610590994358063,-0.13610590994358063,0.13610590994358063
7,IBUPROFENO TABX800,2026-02-22,0.0,0.028878463432192802,-0.028878463432192802,0.028878463432192802
7,METFORMINA 850MG,2026-02-22,0.0,0.07292202115058899,-0.07292202115058899,0.07292202115058899
7,PARACETAMOL 500MG,2026-02-22,0.0,0.028878463432192802,-0.028878463432192802,0.028878463432192802
7,VITAMINA C+ZINC+D3,2026-02-22,1.0,0.6557571291923523,0.3442428708076477,0.3442428708076477
8,AMOXICILINA 500MG,2026-02-22,0.0,0.023723267018795013,-0.023723267018795013,0.023723267018795013
8,AZITROMICINA 500MG,2026-02-22,0.0,0.023723267018795013,-0.023723267018795013,0.023723267018795013
8,DIMENHIDRINATO 50MG,2026-02-22,0.0,0.023723267018795013,-0.023723267018795013,0.023723267018795013
8,ENALAPRIL 10MG,2026-02-22,0.0,0.10547901690006256,-0.10547901690006256,0.10547901690006256
8,IBUPROFENO TABX800,2026-02-22,0.0,0.023723267018795013,-0.023723267018795013,0.023723267018795013
8,LOPERAMIDA 2MG,2026-02-22,0.0,0.023723267018795013,-0.023723267018795013,0.023723267018795013
8,METFORMINA 850MG,2026-02-22,0.0,0.10605036467313766,-0.10605036467313766,0.10605036467313766
8,PARACETAMOL 500MG,2026-02-22,0.0,0.023723267018795013,-0.023723267018795013,0.023723267018795013
8,VITAMINA C+ZINC+D3,2026-02-22,0.0,0.49940913915634155,-0.49940913915634155,0.49940913915634155
9,AMOXICILINA 500MG,2026-02-22,0.0,0.028878463432192802,-0.028878463432192802,0.028878463432192802
9,AZITROMICINA 500MG,2026-02-22,0.0,0.028878463432192802,-0.028878463432192802,0.028878463432192802
9,DIMENHIDRINATO 50MG,2026-02-22,0.0,0.028878463432192802,-0.028878463432192802,0.028878463432192802
9,ENALAPRIL 10MG,2026-02-22,0.0,0.14416714012622833,-0.14416714012622833,0.14416714012622833
9,METFORMINA 850MG,2026-02-22,0.0,0.11629104614257812,-0.11629104614257812,0.11629104614257812
9,PARACETAMOL 500MG,2026-02-22,0.0,0.028878463432192802,-0.028878463432192802,0.028878463432192802
9,VITAMINA C+ZINC+D3,2026-02-22,0.0,0.4894157350063324,-0.4894157350063324,0.4894157350063324
10,AMOXICILINA 500MG,2026-02-22,0.0,0.028878463432192802,-0.028878463432192802,0.028878463432192802
10,AZITROMICINA 500MG,2026-02-22,0.0,0.13063529133796692,-0.13063529133796692,0.13063529133796692
10,DIMENHIDRINATO 50MG,2026-02-22,0.0,0.028878463432192802,-0.028878463432192802,0.028878463432192802
10,ENALAPRIL 10MG,2026-02-22,0.0,0.4831557273864746,-0.4831557273864746,0.4831557273864746
10,IBUPROFENO TABX800,2026-02-22,0.0,0.028878463432192802,-0.028878463432192802,0.028878463432192802
10,LOPERAMIDA 2MG,2026-02-22,0.0,0.028878463432192802,-0.028878463432192802,0.028878463432192802
10,PARACETAMOL 500MG,2026-02-22,0.0,0.028878463432192802,-0.028878463432192802,0.028878463432192802
10,VITAMINA C+ZINC+D3,2026-02-22,0.0,0.9685333967208862,-0.9685333967208862,0.9685333967208862
11,AMOXICILINA 500MG,2026-02-22,0.0,0.026255208998918533,-0.026255208998918533,0.026255208998918533
11,AZITROMICINA 500MG,2026-02-22,0.0,0.026255208998918533,-0.026255208998918533,0.026255208998918533
11,DIMENHIDRINATO 50MG,2026-02-22,0.0,0.026255208998918533,-0.026255208998918533,0.026255208998918533
11,ENALAPRIL 10MG,2026-02-22,0.0,0.08391371369361877,-0.08391371369361877,0.08391371369361877
11,IBUPROFENO TABX800,2026-02-22,0.0,0.026255208998918533,-0.026255208998918533,0.026255208998918533
11,METFORMINA 850MG,2026-02-22,0.0,0.06828544288873672,-0.06828544288873672,0.06828544288873672
11,PARACETAMOL 500MG,2026-02-22,0.0,0.026255208998918533,-0.026255208998918533,0.026255208998918533
11,VITAMINA C+ZINC+D3,2026-02-22,0.0,0.6407123804092407,-0.6407123804092407,0.6407123804092407
12,AMOXICILINA 500MG,2026-02-22,0.0,0.08770599216222763,-0.08770599216222763,0.08770599216222763
12,AZITROMICINA 500MG,2026-02-22,0.0,0.028878463432192802,-0.028878463432192802,0.028878463432192802
12,DIMENHIDRINATO 50MG,2026-02-22,0.0,0.028878463432192802,-0.028878463432192802,0.028878463432192802
12,ENALAPRIL 10MG,2026-02-22,0.0,0.16911518573760986,-0.16911518573760986,0.16911518573760986
12,IBUPROFENO TABX800,2026-02-22,0.0,0.028878463432192802,-0.028878463432192802,0.028878463432192802
12,METFORMINA 850MG,2026-02-22,0.0,0.07292202115058899,-0.07292202115058899,0.07292202115058899
12,PARACETAMOL 500MG,2026-02-22,0.0,0.028878463432192802,-0.028878463432192802,0.028878463432192802
12,VITAMINA C+ZINC+D3,2026-02-22,4.0,0.9234768152236938,3.076523184776306,3.076523184776306
13,AMOXICILINA 500MG,2026-02-22,0.0,0.028878463432192802,-0.028878463432192802,0.028878463432192802
13,AZITROMICINA 500MG,2026-02-22,0.0,0.028878463432192802,-0.028878463432192802,0.028878463432192802
13,DIMENHIDRINATO 50MG,2026-02-22,0.0,0.028878463432192802,-0.028878463432192802,0.028878463432192802
13,ENALAPRIL 10MG,2026-02-22,0.0,0.13610590994358063,-0.13610590994358063,0.13610590994358063
13,IBUPROFENO TABX800,2026-02-22,0.0,0.028878463432192802,-0.028878463432192802,0.028878463432192802
13,METFORMINA 850MG,2026-02-22,0.0,0.07292202115058899,-0.07292202115058899,0.07292202115058899
13,OMEPRAZOL 20MG,2026-02-22,0.0,0.028878463432192802,-0.028878463432192802,0.028878463432192802
13,PARACETAMOL 500MG,2026-02-22,0.0,0.028878463432192802,-0.028878463432192802,0.028878463432192802
13,VITAMINA C+ZINC+D3,2026-02-22,0.0,0.6726434230804443,-0.6726434230804443,0.6726434230804443
14,AZITROMICINA 500MG,2026-02-22,0.0,0.028878463432192802,-0.028878463432192802,0.028878463432192802
14,DIMENHIDRINATO 50MG,2026-02-22,0.0,0.028878463432192802,-0.028878463432192802,0.028878463432192802
14,ENALAPRIL 10MG,2026-02-22,0.0,0.0865369662642479,-0.0865369662642479,0.0865369662642479
14,IBUPROFENO TABX800,2026-02-22,0.0,0.028878463432192802,-0.028878463432192802,0.028878463432192802
14,METFORMINA 850MG,2026-02-22,0.0,0.11629104614257812,-0.11629104614257812,0.11629104614257812
14,PARACETAMOL 500MG,2026-02-22,0.0,0.028878463432192802,-0.028878463432192802,0.028878463432192802
14,VITAMINA C+ZINC+D3,2026-02-22,5.0,1.2634027004241943,3.7365972995758057,3.7365972995758057
15,AMOXICILINA 500MG,2026-02-22,0.0,0.028878463432192802,-0.028878463432192802,0.028878463432192802
15,AZITROMICINA 500MG,2026-02-22,0.0,0.028878463432192802,-0.028878463432192802,0.028878463432192802
15,DIMENHIDRINATO 50MG,2026-02-22,0.0,0.028878463432192802,-0.028878463432192802,0.028878463432192802
15,ENALAPRIL 10MG,2026-02-22,0.0,0.1249980702996254,-0.1249980702996254,0.1249980702996254
15,IBUPROFENO TABX800,2026-02-22,0.0,0.028878463432192802,-0.028878463432192802,0.028878463432192802
15,METFORMINA 850MG,2026-02-22,0.0,0.07292202115058899,-0.07292202115058899,0.07292202115058899
15,PARACETAMOL 500MG,2026-02-22,0.0,0.028878463432192802,-0.028878463432192802,0.028878463432192802
15,VITAMINA C+ZINC+D3,2026-02-22,0.0,1.4951883554458618,-1.4951883554458618,1.4951883554458618
16,AMOXICILINA 500MG,2026-02-22,0.0,0.028878463432192802,-0.028878463432192802,0.028878463432192802
16,AZITROMICINA 500MG,2026-02-22,0.0,0.028878463432192802,-0.028878463432192802,0.028878463432192802
16,DIMENHIDRINATO 50MG,2026-02-22,0.0,0.028878463432192802,-0.028878463432192802,0.028878463432192802
16,ENALAPRIL 10MG,2026-02-22,0.0,0.13610590994358063,-0.13610590994358063,0.13610590994358063
16,IBUPROFENO TABX800,2026-02-22,0.0,0.028878463432192802,-0.028878463432192802,0.028878463432192802
16,LOPERAMIDA 2MG,2026-02-22,0.0,0.028878463432192802,-0.028878463432192802,0.028878463432192802
16,METFORMINA 850MG,2026-02-22,0.0,0.07292202115058899,-0.07292202115058899,0.07292202115058899
16,PARACETAMOL 500MG,2026-02-22,0.0,0.028878463432192802,-0.028878463432192802,0.028878463432192802
16,VITAMINA C+ZINC+D3,2026-02-22,1.0,1.1421105861663818,-0.14211058616638184,0.14211058616638184
17,AMOXICILINA 500MG,2026-02-22,0.0,0.028878463432192802,-0.028878463432192802,0.028878463432192802
17,AZITROMICINA 500MG,2026-02-22,0.0,0.028878463432192802,-0.028878463432192802,0.028878463432192802
17,ENALAPRIL 10MG,2026-02-22,0.0,0.0865369662642479,-0.0865369662642479,0.0865369662642479
17,IBUPROFENO TABX800,2026-02-22,0.0,0.028878463432192802,-0.028878463432192802,0.028878463432192802
17,PARACETAMOL 500MG,2026-02-22,0.0,0.028878463432192802,-0.028878463432192802,0.028878463432192802
1,AMOXICILINA 500MG,2026-03-01,0.0,0.22756358981132507,-0.22756358981132507,0.22756358981132507
1,AZITROMICINA 500MG,2026-03-01,0.0,0.028878463432192802,-0.028878463432192802,0.028878463432192802
1,DIMENHIDRINATO 50MG,2026-03-01,0.0,0.028878463432192802,-0.028878463432192802,0.028878463432192802
1,ENALAPRIL 10MG,2026-03-01,0.0,0.17938922345638275,-0.17938922345638275,0.17938922345638275
1,IBUPROFENO TABX800,2026-03-01,0.0,0.028878463432192802,-0.028878463432192802,0.028878463432192802
1,LOPERAMIDA 2MG,2026-03-01,0.0,0.028878463432192802,-0.028878463432192802,0.028878463432192802
1,METFORMINA 850MG,2026-03-01,0.0,0.07292202115058899,-0.07292202115058899,0.07292202115058899
1,PARACETAMOL 500MG,2026-03-01,0.0,0.028878463432192802,-0.028878463432192802,0.028878463432192802
1,VITAMINA C+ZINC+D3,2026-03-01,0.0,1.2706904411315918,-1.2706904411315918,1.2706904411315918
2,AMOXICILINA 500MG,2026-03-01,0.0,0.03681054711341858,-0.03681054711341858,0.03681054711341858
2,AZITROMICINA 500MG,2026-03-01,0.0,0.03681054711341858,-0.03681054711341858,0.03681054711341858
2,DIMENHIDRINATO 50MG,2026-03-01,0.0,0.03681054711341858,-0.03681054711341858,0.03681054711341858
2,ENALAPRIL 10MG,2026-03-01,1.0,0.18779045343399048,0.8122095465660095,0.8122095465660095
2,IBUPROFENO TABX800,2026-03-01,0.0,0.03681054711341858,-0.03681054711341858,0.03681054711341858
2,METFORMINA 850MG,2026-03-01,0.0,0.08085409551858902,-0.08085409551858902,0.08085409551858902
2,PARACETAMOL 500MG,2026-03-01,0.0,0.03681054711341858,-0.03681054711341858,0.03681054711341858
2,VITAMINA C+ZINC+D3,2026-03-01,1.0,1.0784026384353638,-0.07840263843536377,0.07840263843536377
3,AZITROMICINA 500MG,2026-03-01,0.0,0.028878463432192802,-0.028878463432192802,0.028878463432192802
3,DIMENHIDRINATO 50MG,2026-03-01,0.0,0.028878463432192802,-0.028878463432192802,0.028878463432192802
3,ENALAPRIL 10MG,2026-03-01,0.0,0.1915346086025238,-0.1915346086025238,0.1915346086025238
3,IBUPROFENO TABX800,2026-03-01,0.0,0.028878463432192802,-0.028878463432192802,0.028878463432192802
3,LOPERAMIDA 2MG,2026-03-01,0.0,0.028878463432192802,-0.028878463432192802,0.028878463432192802
3,METFORMINA 850MG,2026-03-01,4.0,0.14518111944198608,3.854818880558014,3.854818880558014
3,PARACETAMOL 500MG,2026-03-01,0.0,0.028878463432192802,-0.028878463432192802,0.028878463432192802
3,VITAMINA C+ZINC+D3,2026-03-01,4.0,1.4190047979354858,2.580995202064514,2.580995202064514
4,AMOXICILINA 500MG,2026-03-01,0.0,0.028878463432192802,-0.028878463432192802,0.028878463432192802
4,AZITROMICINA 500MG,2026-03-01,0.0,0.028878463432192802,-0.028878463432192802,0.028878463432192802
4,DIMENHIDRINATO 50MG,2026-03-01,1.0,0.028878463432192802,0.9711215365678072,0.9711215365678072
4,ENALAPRIL 10MG,2026-03-01,1.0,0.11466557532548904,0.885334424674511,0.885334424674511
4,IBUPROFENO TABX800,2026-03-01,0.0,0.028878463432192802,-0.028878463432192802,0.028878463432192802
4,LOPERAMIDA 2MG,2026-03-01,0.0,0.028878463432192802,-0.028878463432192802,0.028878463432192802
4,METFORMINA 850MG,2026-03-01,0.0,0.1154022291302681,-0.1154022291302681,0.1154022291302681
4,VITAMINA C+ZINC+D3,2026-03-01,3.0,1.2675940990447998,1.7324059009552002,1.7324059009552002
5,AMOXICILINA 500MG,2026-03-01,0.0,0.03941896930336952,-0.03941896930336952,0.03941896930336952
5,AZITROMICINA 500MG,2026-03-01,0.0,0.0982464998960495,-0.0982464998960495,0.0982464998960495
5,DIMENHIDRINATO 50MG,2026-03-01,0.0,0.03941896930336952,-0.03941896930336952,0.03941896930336952
5,ENALAPRIL 10MG,2026-03-01,1.0,0.43032291531562805,0.569677084684372,0.569677084684372
5,IBUPROFENO TABX800,2026-03-01,0.0,0.03941896930336952,-0.03941896930336952,0.03941896930336952
5,METFORMINA 850MG,2026-03-01,0.0,0.08346252888441086,-0.08346252888441086,0.08346252888441086
5,PARACETAMOL 500MG,2026-03-01,0.0,0.03941896930336952,-0.03941896930336952,0.03941896930336952
5,VITAMINA C+ZINC+D3,2026-03-01,0.0,1.636094093322754,-1.636094093322754,1.636094093322754
6,AMOXICILINA 500MG,2026-03-01,0.0,0.028878463432192802,-0.028878463432192802,0.028878463432192802
6,AZITROMICINA 500MG,2026-03-01,0.0,0.028878463432192802,-0.028878463432192802,0.028878463432192802
6,DIMENHIDRINATO 50MG,2026-03-01,0.0,0.028878463432192802,-0.028878463432192802,0.028878463432192802
6,ENALAPRIL 10MG,2026-03-01,1.0,0.16105395555496216,0.8389460444450378,0.8389460444450378
6,IBUPROFENO TABX800,2026-03-01,0.0,0.028878463432192802,-0.028878463432192802,0.028878463432192802
6,LOPERAMIDA 2MG,2026-03-01,0.0,0.028878463432192802,-0.028878463432192802,0.028878463432192802
6,METFORMINA 850MG,2026-03-01,0.0,0.07292202115058899,-0.07292202115058899,0.07292202115058899
6,VITAMINA C+ZINC+D3,2026-03-01,0.0,1.2791862487792969,-1.2791862487792969,1.2791862487792969
7,AMOXICILINA 500MG,2026-03-01,0.0,0.028878463432192802,-0.028878463432192802,0.028878463432192802
7,AZITROMICINA 500MG,2026-03-01,0.0,0.028878463432192802,-0.028878463432192802,0.028878463432192802
7,DIMENHIDRINATO 50MG,2026-03-01,0.0,0.028878463432192802,-0.028878463432192802,0.028878463432192802
7,ENALAPRIL 10MG,2026-03-01,0.0,0.14416714012622833,-0.14416714012622833,0.14416714012622833
7,IBUPROFENO TABX800,2026-03-01,0.0,0.028878463432192802,-0.028878463432192802,0.028878463432192802
7,METFORMINA 850MG,2026-03-01,0.0,0.07292202115058899,-0.07292202115058899,0.07292202115058899
7,PARACETAMOL 500MG,2026-03-01,0.0,0.028878463432192802,-0.028878463432192802,0.028878463432192802
7,VITAMINA C+ZINC+D3,2026-03-01,2.0,0.7190085649490356,1.2809914350509644,1.2809914350509644
8,AMOXICILINA 500MG,2026-03-01,0.0,0.023723267018795013,-0.023723267018795013,0.023723267018795013
8,AZITROMICINA 500MG,2026-03-01,0.0,0.023723267018795013,-0.023723267018795013,0.023723267018795013
8,DIMENHIDRINATO 50MG,2026-03-01,0.0,0.023723267018795013,-0.023723267018795013,0.023723267018795013
8,ENALAPRIL 10MG,2026-03-01,0.0,0.11581152677536011,-0.11581152677536011,0.11581152677536011
8,IBUPROFENO TABX800,2026-03-01,0.0,0.023723267018795013,-0.023723267018795013,0.023723267018795013
8,LOPERAMIDA 2MG,2026-03-01,0.0,0.023723267018795013,-0.023723267018795013,0.023723267018795013
8,METFORMINA 850MG,2026-03-01,0.0,0.09660667181015015,-0.09660667181015015,0.09660667181015015
8,PARACETAMOL 500MG,2026-03-01,0.0,0.023723267018795013,-0.023723267018795013,0.023723267018795013
8,VITAMINA C+ZINC+D3,2026-03-01,0.0,0.49940913915634155,-0.49940913915634155,0.49940913915634155
9,AMOXICILINA 500MG,2026-03-01,0.0,0.028878463432192802,-0.028878463432192802,0.028878463432192802
9,AZITROMICINA 500MG,2026-03-01,0.0,0.028878463432192802,-0.028878463432192802,0.028878463432192802
9,DIMENHIDRINATO 50MG,2026-03-01,0.0,0.028878463432192802,-0.028878463432192802,0.028878463432192802
9,ENALAPRIL 10MG,2026-03-01,0.0,0.13610590994358063,-0.13610590994358063,0.13610590994358063
9,METFORMINA 850MG,2026-03-01,0.0,0.07292202115058899,-0.07292202115058899,0.07292202115058899
9,PARACETAMOL 500MG,2026-03-01,0.0,0.028878463432192802,-0.028878463432192802,0.028878463432192802
9,VITAMINA C+ZINC+D3,2026-03-01,0.0,0.4894157350063324,-0.4894157350063324,0.4894157350063324
10,AMOXICILINA 500MG,2026-03-01,0.0,0.028878463432192802,-0.028878463432192802,0.028878463432192802
10,AZITROMICINA 500MG,2026-03-01,0.0,0.13063529133796692,-0.13063529133796692,0.13063529133796692
10,DIMENHIDRINATO 50MG,2026-03-01,0.0,0.028878463432192802,-0.028878463432192802,0.028878463432192802
10,ENALAPRIL 10MG,2026-03-01,0.0,0.2515673041343689,-0.2515673041343689,0.2515673041343689
10,IBUPROFENO TABX800,2026-03-01,0.0,0.028878463432192802,-0.028878463432192802,0.028878463432192802
10,LOPERAMIDA 2MG,2026-03-01,0.0,0.028878463432192802,-0.028878463432192802,0.028878463432192802
10,PARACETAMOL 500MG,2026-03-01,0.0,0.028878463432192802,-0.028878463432192802,0.028878463432192802
10,VITAMINA C+ZINC+D3,2026-03-01,2.0,0.948583722114563,1.051416277885437,1.051416277885437
11,AMOXICILINA 500MG,2026-03-01,0.0,0.026255208998918533,-0.026255208998918533,0.026255208998918533
11,AZITROMICINA 500MG,2026-03-01,0.0,0.026255208998918533,-0.026255208998918533,0.026255208998918533
11,DIMENHIDRINATO 50MG,2026-03-01,0.0,0.026255208998918533,-0.026255208998918533,0.026255208998918533
11,ENALAPRIL 10MG,2026-03-01,0.0,0.08391371369361877,-0.08391371369361877,0.08391371369361877
11,IBUPROFENO TABX800,2026-03-01,0.0,0.026255208998918533,-0.026255208998918533,0.026255208998918533
11,METFORMINA 850MG,2026-03-01,0.0,0.06828544288873672,-0.06828544288873672,0.06828544288873672
11,PARACETAMOL 500MG,2026-03-01,0.0,0.026255208998918533,-0.026255208998918533,0.026255208998918533
11,VITAMINA C+ZINC+D3,2026-03-01,1.0,0.6510448455810547,0.3489551544189453,0.3489551544189453
12,AMOXICILINA 500MG,2026-03-01,0.0,0.08770599216222763,-0.08770599216222763,0.08770599216222763
12,AZITROMICINA 500MG,2026-03-01,0.0,0.028878463432192802,-0.028878463432192802,0.028878463432192802
12,DIMENHIDRINATO 50MG,2026-03-01,0.0,0.028878463432192802,-0.028878463432192802,0.028878463432192802
12,ENALAPRIL 10MG,2026-03-01,2.0,0.16105395555496216,1.8389460444450378,1.8389460444450378
12,IBUPROFENO TABX800,2026-03-01,0.0,0.028878463432192802,-0.028878463432192802,0.028878463432192802
12,METFORMINA 850MG,2026-03-01,0.0,0.07292202115058899,-0.07292202115058899,0.07292202115058899
12,PARACETAMOL 500MG,2026-03-01,0.0,0.028878463432192802,-0.028878463432192802,0.028878463432192802
12,VITAMINA C+ZINC+D3,2026-03-01,1.0,1.3425456285476685,-0.34254562854766846,0.34254562854766846
13,AMOXICILINA 500MG,2026-03-01,0.0,0.028878463432192802,-0.028878463432192802,0.028878463432192802
13,AZITROMICINA 500MG,2026-03-01,0.0,0.028878463432192802,-0.028878463432192802,0.028878463432192802
13,DIMENHIDRINATO 50MG,2026-03-01,0.0,0.028878463432192802,-0.028878463432192802,0.028878463432192802
13,ENALAPRIL 10MG,2026-03-01,0.0,0.13610590994358063,-0.13610590994358063,0.13610590994358063
13,IBUPROFENO TABX800,2026-03-01,0.0,0.028878463432192802,-0.028878463432192802,0.028878463432192802
13,METFORMINA 850MG,2026-03-01,0.0,0.07292202115058899,-0.07292202115058899,0.07292202115058899
13,OMEPRAZOL 20MG,2026-03-01,0.0,0.028878463432192802,-0.028878463432192802,0.028878463432192802
13,PARACETAMOL 500MG,2026-03-01,0.0,0.028878463432192802,-0.028878463432192802,0.028878463432192802
13,VITAMINA C+ZINC+D3,2026-03-01,0.0,0.5941711664199829,-0.5941711664199829,0.5941711664199829
14,AZITROMICINA 500MG,2026-03-01,0.0,0.028878463432192802,-0.028878463432192802,0.028878463432192802
14,DIMENHIDRINATO 50MG,2026-03-01,0.0,0.028878463432192802,-0.028878463432192802,0.028878463432192802
14,ENALAPRIL 10MG,2026-03-01,0.0,0.0865369662642479,-0.0865369662642479,0.0865369662642479
14,IBUPROFENO TABX800,2026-03-01,0.0,0.028878463432192802,-0.028878463432192802,0.028878463432192802
14,METFORMINA 850MG,2026-03-01,0.0,0.07292202115058899,-0.07292202115058899,0.07292202115058899
14,PARACETAMOL 500MG,2026-03-01,0.0,0.028878463432192802,-0.028878463432192802,0.028878463432192802
14,VITAMINA C+ZINC+D3,2026-03-01,3.0,3.301490068435669,-0.30149006843566895,0.30149006843566895
15,AMOXICILINA 500MG,2026-03-01,0.0,0.028878463432192802,-0.028878463432192802,0.028878463432192802
15,AZITROMICINA 500MG,2026-03-01,0.0,0.028878463432192802,-0.028878463432192802,0.028878463432192802
15,DIMENHIDRINATO 50MG,2026-03-01,0.0,0.028878463432192802,-0.028878463432192802,0.028878463432192802
15,ENALAPRIL 10MG,2026-03-01,0.0,0.0865369662642479,-0.0865369662642479,0.0865369662642479
15,IBUPROFENO TABX800,2026-03-01,0.0,0.028878463432192802,-0.028878463432192802,0.028878463432192802
15,METFORMINA 850MG,2026-03-01,0.0,0.07292202115058899,-0.07292202115058899,0.07292202115058899
15,PARACETAMOL 500MG,2026-03-01,0.0,0.028878463432192802,-0.028878463432192802,0.028878463432192802
15,VITAMINA C+ZINC+D3,2026-03-01,0.0,1.1357775926589966,-1.1357775926589966,1.1357775926589966
16,AMOXICILINA 500MG,2026-03-01,0.0,0.028878463432192802,-0.028878463432192802,0.028878463432192802
16,AZITROMICINA 500MG,2026-03-01,0.0,0.028878463432192802,-0.028878463432192802,0.028878463432192802
16,DIMENHIDRINATO 50MG,2026-03-01,0.0,0.028878463432192802,-0.028878463432192802,0.028878463432192802
16,ENALAPRIL 10MG,2026-03-01,0.0,0.14416714012622833,-0.14416714012622833,0.14416714012622833
16,IBUPROFENO TABX800,2026-03-01,0.0,0.028878463432192802,-0.028878463432192802,0.028878463432192802
16,LOPERAMIDA 2MG,2026-03-01,0.0,0.028878463432192802,-0.028878463432192802,0.028878463432192802
16,METFORMINA 850MG,2026-03-01,0.0,0.07292202115058899,-0.07292202115058899,0.07292202115058899
16,PARACETAMOL 500MG,2026-03-01,0.0,0.028878463432192802,-0.028878463432192802,0.028878463432192802
16,VITAMINA C+ZINC+D3,2026-03-01,0.0,1.1503735780715942,-1.1503735780715942,1.1503735780715942
17,AMOXICILINA 500MG,2026-03-01,0.0,0.028878463432192802,-0.028878463432192802,0.028878463432192802
17,AZITROMICINA 500MG,2026-03-01,0.0,0.028878463432192802,-0.028878463432192802,0.028878463432192802
17,ENALAPRIL 10MG,2026-03-01,0.0,0.0865369662642479,-0.0865369662642479,0.0865369662642479
17,IBUPROFENO TABX800,2026-03-01,0.0,0.028878463432192802,-0.028878463432192802,0.028878463432192802
17,PARACETAMOL 500MG,2026-03-01,0.0,0.028878463432192802,-0.028878463432192802,0.028878463432192802
18,LOPERAMIDA 2MG,2026-03-01,0.0,0.028878463432192802,-0.028878463432192802,0.028878463432192802
1,AMOXICILINA 500MG,2026-03-08,0.0,0.26192423701286316,-0.26192423701286316,0.26192423701286316
1,AZITROMICINA 500MG,2026-03-08,0.0,0.028878463432192802,-0.028878463432192802,0.028878463432192802
1,DIMENHIDRINATO 50MG,2026-03-08,0.0,0.028878463432192802,-0.028878463432192802,0.028878463432192802
1,ENALAPRIL 10MG,2026-03-08,0.0,0.17533335089683533,-0.17533335089683533,0.17533335089683533
1,IBUPROFENO TABX800,2026-03-08,0.0,0.028878463432192802,-0.028878463432192802,0.028878463432192802
1,LOPERAMIDA 2MG,2026-03-08,0.0,0.028878463432192802,-0.028878463432192802,0.028878463432192802
1,METFORMINA 850MG,2026-03-08,0.0,0.07292202115058899,-0.07292202115058899,0.07292202115058899
1,PARACETAMOL 500MG,2026-03-08,0.0,0.028878463432192802,-0.028878463432192802,0.028878463432192802
1,VITAMINA C+ZINC+D3,2026-03-08,3.0,1.3977640867233276,1.6022359132766724,1.6022359132766724
2,AMOXICILINA 500MG,2026-03-08,0.0,0.03681054711341858,-0.03681054711341858,0.03681054711341858
2,AZITROMICINA 500MG,2026-03-08,0.0,0.03681054711341858,-0.03681054711341858,0.03681054711341858
2,DIMENHIDRINATO 50MG,2026-03-08,0.0,0.03681054711341858,-0.03681054711341858,0.03681054711341858
2,ENALAPRIL 10MG,2026-03-08,0.0,0.17745792865753174,-0.17745792865753174,0.17745792865753174
2,IBUPROFENO TABX800,2026-03-08,0.0,0.03681054711341858,-0.03681054711341858,0.03681054711341858
2,METFORMINA 850MG,2026-03-08,0.0,0.08085409551858902,-0.08085409551858902,0.08085409551858902
2,PARACETAMOL 500MG,2026-03-08,0.0,0.03681054711341858,-0.03681054711341858,0.03681054711341858
2,VITAMINA C+ZINC+D3,2026-03-08,0.0,1.2535576820373535,-1.2535576820373535,1.2535576820373535
3,AZITROMICINA 500MG,2026-03-08,0.0,0.028878463432192802,-0.028878463432192802,0.028878463432192802
3,DIMENHIDRINATO 50MG,2026-03-08,0.0,0.028878463432192802,-0.028878463432192802,0.028878463432192802
3,ENALAPRIL 10MG,2026-03-08,1.0,0.1650008261203766,0.8349991738796234,0.8349991738796234
3,IBUPROFENO TABX800,2026-03-08,0.0,0.028878463432192802,-0.028878463432192802,0.028878463432192802
3,LOPERAMIDA 2MG,2026-03-08,0.0,0.028878463432192802,-0.028878463432192802,0.028878463432192802
3,METFORMINA 850MG,2026-03-08,0.0,0.4581274390220642,-0.4581274390220642,0.4581274390220642
3,PARACETAMOL 500MG,2026-03-08,0.0,0.028878463432192802,-0.028878463432192802,0.028878463432192802
3,VITAMINA C+ZINC+D3,2026-03-08,3.0,2.5991921424865723,0.40080785751342773,0.40080785751342773
4,AMOXICILINA 500MG,2026-03-08,0.0,0.028878463432192802,-0.028878463432192802,0.028878463432192802
4,AZITROMICINA 500MG,2026-03-08,0.0,0.028878463432192802,-0.028878463432192802,0.028878463432192802
4,DIMENHIDRINATO 50MG,2026-03-08,0.0,0.08770599216222763,-0.08770599216222763,0.08770599216222763
4,ENALAPRIL 10MG,2026-03-08,0.0,0.16105395555496216,-0.16105395555496216,0.16105395555496216
4,IBUPROFENO TABX800,2026-03-08,0.0,0.028878463432192802,-0.028878463432192802,0.028878463432192802
4,LOPERAMIDA 2MG,2026-03-08,0.0,0.028878463432192802,-0.028878463432192802,0.028878463432192802
4,METFORMINA 850MG,2026-03-08,0.0,0.10595853626728058,-0.10595853626728058,0.10595853626728058
4,VITAMINA C+ZINC+D3,2026-03-08,2.0,1.2968087196350098,0.7031912803649902,0.7031912803649902
5,AMOXICILINA 500MG,2026-03-08,0.0,0.03941896930336952,-0.03941896930336952,0.03941896930336952
5,AZITROMICINA 500MG,2026-03-08,0.0,0.1873789131641388,-0.1873789131641388,0.1873789131641388
5,DIMENHIDRINATO 50MG,2026-03-08,0.0,0.03941896930336952,-0.03941896930336952,0.03941896930336952
5,ENALAPRIL 10MG,2026-03-08,1.0,0.3548356592655182,0.6451643407344818,0.6451643407344818
5,IBUPROFENO TABX800,2026-03-08,0.0,0.03941896930336952,-0.03941896930336952,0.03941896930336952
5,METFORMINA 850MG,2026-03-08,0.0,0.08346252888441086,-0.08346252888441086,0.08346252888441086
5,PARACETAMOL 500MG,2026-03-08,0.0,0.03941896930336952,-0.03941896930336952,0.03941896930336952
5,VITAMINA C+ZINC+D3,2026-03-08,3.0,1.681540608406067,1.318459391593933,1.318459391593933
6,AMOXICILINA 500MG,2026-03-08,0.0,0.028878463432192802,-0.028878463432192802,0.028878463432192802
6,AZITROMICINA 500MG,2026-03-08,0.0,0.028878463432192802,-0.028878463432192802,0.028878463432192802
6,DIMENHIDRINATO 50MG,2026-03-08,0.0,0.028878463432192802,-0.028878463432192802,0.028878463432192802
6,ENALAPRIL 10MG,2026-03-08,0.0,0.17938922345638275,-0.17938922345638275,0.17938922345638275
6,IBUPROFENO TABX800,2026-03-08,0.0,0.028878463432192802,-0.028878463432192802,0.028878463432192802
6,LOPERAMIDA 2MG,2026-03-08,0.0,0.028878463432192802,-0.028878463432192802,0.028878463432192802
6,METFORMINA 850MG,2026-03-08,0.0,0.07292202115058899,-0.07292202115058899,0.07292202115058899
6,VITAMINA C+ZINC+D3,2026-03-08,1.0,1.3977640867233276,-0.39776408672332764,0.39776408672332764
7,AMOXICILINA 500MG,2026-03-08,0.0,0.028878463432192802,-0.028878463432192802,0.028878463432192802
7,AZITROMICINA 500MG,2026-03-08,0.0,0.028878463432192802,-0.028878463432192802,0.028878463432192802
7,DIMENHIDRINATO 50MG,2026-03-08,0.0,0.028878463432192802,-0.028878463432192802,0.028878463432192802
7,ENALAPRIL 10MG,2026-03-08,0.0,0.13610590994358063,-0.13610590994358063,0.13610590994358063
7,IBUPROFENO TABX800,2026-03-08,0.0,0.028878463432192802,-0.028878463432192802,0.028878463432192802
7,METFORMINA 850MG,2026-03-08,0.0,0.07292202115058899,-0.07292202115058899,0.07292202115058899
7,PARACETAMOL 500MG,2026-03-08,0.0,0.028878463432192802,-0.028878463432192802,0.028878463432192802
7,VITAMINA C+ZINC+D3,2026-03-08,0.0,1.1155710220336914,-1.1155710220336914,1.1155710220336914
8,AMOXICILINA 500MG,2026-03-08,0.0,0.023723267018795013,-0.023723267018795013,0.023723267018795013
8,AZITROMICINA 500MG,2026-03-08,0.0,0.023723267018795013,-0.023723267018795013,0.023723267018795013
8,DIMENHIDRINATO 50MG,2026-03-08,0.0,0.023723267018795013,-0.023723267018795013,0.023723267018795013
8,ENALAPRIL 10MG,2026-03-08,0.0,0.07735040783882141,-0.07735040783882141,0.07735040783882141
8,IBUPROFENO TABX800,2026-03-08,0.0,0.023723267018795013,-0.023723267018795013,0.023723267018795013
8,LOPERAMIDA 2MG,2026-03-08,0.0,0.023723267018795013,-0.023723267018795013,0.023723267018795013
8,METFORMINA 850MG,2026-03-08,0.0,0.09660667181015015,-0.09660667181015015,0.09660667181015015
8,PARACETAMOL 500MG,2026-03-08,0.0,0.023723267018795013,-0.023723267018795013,0.023723267018795013
8,VITAMINA C+ZINC+D3,2026-03-08,0.0,0.492754727602005,-0.492754727602005,0.492754727602005
9,AMOXICILINA 500MG,2026-03-08,0.0,0.028878463432192802,-0.028878463432192802,0.028878463432192802
9,AZITROMICINA 500MG,2026-03-08,0.0,0.028878463432192802,-0.028878463432192802,0.028878463432192802
9,DIMENHIDRINATO 50MG,2026-03-08,0.0,0.028878463432192802,-0.028878463432192802,0.028878463432192802
9,ENALAPRIL 10MG,2026-03-08,0.0,0.13610590994358063,-0.13610590994358063,0.13610590994358063
9,METFORMINA 850MG,2026-03-08,0.0,0.07292202115058899,-0.07292202115058899,0.07292202115058899
9,PARACETAMOL 500MG,2026-03-08,0.0,0.028878463432192802,-0.028878463432192802,0.028878463432192802
9,VITAMINA C+ZINC+D3,2026-03-08,0.0,0.49974825978279114,-0.49974825978279114,0.49974825978279114
10,AMOXICILINA 500MG,2026-03-08,0.0,0.028878463432192802,-0.028878463432192802,0.028878463432192802
10,AZITROMICINA 500MG,2026-03-08,0.0,0.11517685651779175,-0.11517685651779175,0.11517685651779175
10,DIMENHIDRINATO 50MG,2026-03-08,0.0,0.028878463432192802,-0.028878463432192802,0.028878463432192802
10,ENALAPRIL 10MG,2026-03-08,0.0,0.1650008261203766,-0.1650008261203766,0.1650008261203766
10,IBUPROFENO TABX800,2026-03-08,0.0,0.028878463432192802,-0.028878463432192802,0.028878463432192802
10,LOPERAMIDA 2MG,2026-03-08,0.0,0.028878463432192802,-0.028878463432192802,0.028878463432192802
10,PARACETAMOL 500MG,2026-03-08,0.0,0.028878463432192802,-0.028878463432192802,0.028878463432192802
10,VITAMINA C+ZINC+D3,2026-03-08,5.0,1.317635416984558,3.682364583015442,3.682364583015442
11,AMOXICILINA 500MG,2026-03-08,0.0,0.026255208998918533,-0.026255208998918533,0.026255208998918533
11,AZITROMICINA 500MG,2026-03-08,1.0,0.026255208998918533,0.9737447910010815,0.9737447910010815
11,DIMENHIDRINATO 50MG,2026-03-08,3.0,0.026255208998918533,2.9737447910010815,2.9737447910010815
11,ENALAPRIL 10MG,2026-03-08,0.0,0.08391371369361877,-0.08391371369361877,0.08391371369361877
11,IBUPROFENO TABX800,2026-03-08,0.0,0.026255208998918533,-0.026255208998918533,0.026255208998918533
11,METFORMINA 850MG,2026-03-08,0.0,0.06828544288873672,-0.06828544288873672,0.06828544288873672
11,PARACETAMOL 500MG,2026-03-08,0.0,0.026255208998918533,-0.026255208998918533,0.026255208998918533
11,VITAMINA C+ZINC+D3,2026-03-08,2.0,0.6605594754219055,1.3394405245780945,1.3394405245780945
12,AMOXICILINA 500MG,2026-03-08,0.0,0.06191501021385193,-0.06191501021385193,0.06191501021385193
12,AZITROMICINA 500MG,2026-03-08,0.0,0.028878463432192802,-0.028878463432192802,0.028878463432192802
12,DIMENHIDRINATO 50MG,2026-03-08,0.0,0.028878463432192802,-0.028878463432192802,0.028878463432192802
12,ENALAPRIL 10MG,2026-03-08,1.0,0.27867332100868225,0.7213266789913177,0.7213266789913177
12,IBUPROFENO TABX800,2026-03-08,0.0,0.028878463432192802,-0.028878463432192802,0.028878463432192802
12,METFORMINA 850MG,2026-03-08,0.0,0.07292202115058899,-0.07292202115058899,0.07292202115058899
12,PARACETAMOL 500MG,2026-03-08,0.0,0.028878463432192802,-0.028878463432192802,0.028878463432192802
12,VITAMINA C+ZINC+D3,2026-03-08,2.0,1.528214454650879,0.4717855453491211,0.4717855453491211
13,AMOXICILINA 500MG,2026-03-08,0.0,0.028878463432192802,-0.028878463432192802,0.028878463432192802
13,AZITROMICINA 500MG,2026-03-08,0.0,0.028878463432192802,-0.028878463432192802,0.028878463432192802
13,DIMENHIDRINATO 50MG,2026-03-08,0.0,0.028878463432192802,-0.028878463432192802,0.028878463432192802
13,ENALAPRIL 10MG,2026-03-08,0.0,0.11466557532548904,-0.11466557532548904,0.11466557532548904
13,IBUPROFENO TABX800,2026-03-08,0.0,0.028878463432192802,-0.028878463432192802,0.028878463432192802
13,METFORMINA 850MG,2026-03-08,0.0,0.07292202115058899,-0.07292202115058899,0.07292202115058899
13,OMEPRAZOL 20MG,2026-03-08,0.0,0.028878463432192802,-0.028878463432192802,0.028878463432192802
13,PARACETAMOL 500MG,2026-03-08,0.0,0.028878463432192802,-0.028878463432192802,0.028878463432192802
13,VITAMINA C+ZINC+D3,2026-03-08,0.0,0.5941711664199829,-0.5941711664199829,0.5941711664199829
14,AZITROMICINA 500MG,2026-03-08,0.0,0.028878463432192802,-0.028878463432192802,0.028878463432192802
14,DIMENHIDRINATO 50MG,2026-03-08,0.0,0.028878463432192802,-0.028878463432192802,0.028878463432192802
14,ENALAPRIL 10MG,2026-03-08,0.0,0.0865369662642479,-0.0865369662642479,0.0865369662642479
14,IBUPROFENO TABX800,2026-03-08,0.0,0.028878463432192802,-0.028878463432192802,0.028878463432192802
14,METFORMINA 850MG,2026-03-08,0.0,0.07292202115058899,-0.07292202115058899,0.07292202115058899
14,PARACETAMOL 500MG,2026-03-08,0.0,0.028878463432192802,-0.028878463432192802,0.028878463432192802
14,VITAMINA C+ZINC+D3,2026-03-08,0.0,5.583765506744385,-5.583765506744385,5.583765506744385
15,AMOXICILINA 500MG,2026-03-08,0.0,0.028878463432192802,-0.028878463432192802,0.028878463432192802
15,AZITROMICINA 500MG,2026-03-08,0.0,0.028878463432192802,-0.028878463432192802,0.028878463432192802
15,DIMENHIDRINATO 50MG,2026-03-08,0.0,0.028878463432192802,-0.028878463432192802,0.028878463432192802
15,ENALAPRIL 10MG,2026-03-08,0.0,0.0865369662642479,-0.0865369662642479,0.0865369662642479
15,IBUPROFENO TABX800,2026-03-08,0.0,0.028878463432192802,-0.028878463432192802,0.028878463432192802
15,METFORMINA 850MG,2026-03-08,0.0,0.07292202115058899,-0.07292202115058899,0.07292202115058899
15,PARACETAMOL 500MG,2026-03-08,0.0,0.028878463432192802,-0.028878463432192802,0.028878463432192802
15,VITAMINA C+ZINC+D3,2026-03-08,0.0,1.0253115892410278,-1.0253115892410278,1.0253115892410278
16,AMOXICILINA 500MG,2026-03-08,0.0,0.028878463432192802,-0.028878463432192802,0.028878463432192802
16,AZITROMICINA 500MG,2026-03-08,0.0,0.028878463432192802,-0.028878463432192802,0.028878463432192802
16,DIMENHIDRINATO 50MG,2026-03-08,0.0,0.028878463432192802,-0.028878463432192802,0.028878463432192802
16,ENALAPRIL 10MG,2026-03-08,0.0,0.13610590994358063,-0.13610590994358063,0.13610590994358063
16,IBUPROFENO TABX800,2026-03-08,0.0,0.028878463432192802,-0.028878463432192802,0.028878463432192802
16,LOPERAMIDA 2MG,2026-03-08,0.0,0.028878463432192802,-0.028878463432192802,0.028878463432192802
16,METFORMINA 850MG,2026-03-08,0.0,0.07292202115058899,-0.07292202115058899,0.07292202115058899
16,PARACETAMOL 500MG,2026-03-08,0.0,0.028878463432192802,-0.028878463432192802,0.028878463432192802
16,VITAMINA C+ZINC+D3,2026-03-08,1.0,1.120556116104126,-0.12055611610412598,0.12055611610412598
17,AMOXICILINA 500MG,2026-03-08,0.0,0.028878463432192802,-0.028878463432192802,0.028878463432192802
17,AZITROMICINA 500MG,2026-03-08,0.0,0.028878463432192802,-0.028878463432192802,0.028878463432192802
17,ENALAPRIL 10MG,2026-03-08,0.0,0.0865369662642479,-0.0865369662642479,0.0865369662642479
17,IBUPROFENO TABX800,2026-03-08,0.0,0.028878463432192802,-0.028878463432192802,0.028878463432192802
17,PARACETAMOL 500MG,2026-03-08,0.0,0.028878463432192802,-0.028878463432192802,0.028878463432192802
18,AZITROMICINA 500MG,2026-03-08,0.0,0.028878463432192802,-0.028878463432192802,0.028878463432192802
18,DIMENHIDRINATO 50MG,2026-03-08,0.0,0.028878463432192802,-0.028878463432192802,0.028878463432192802
18,LOPERAMIDA 2MG,2026-03-08,0.0,0.028878463432192802,-0.028878463432192802,0.028878463432192802
1,AMOXICILINA 500MG,2026-03-15,0.0,0.13765005767345428,-0.13765005767345428,0.13765005767345428
1,AZITROMICINA 500MG,2026-03-15,0.0,0.028878463432192802,-0.028878463432192802,0.028878463432192802
1,DIMENHIDRINATO 50MG,2026-03-15,0.0,0.028878463432192802,-0.028878463432192802,0.028878463432192802
1,ENALAPRIL 10MG,2026-03-15,0.0,0.16105395555496216,-0.16105395555496216,0.16105395555496216
1,IBUPROFENO TABX800,2026-03-15,0.0,0.028878463432192802,-0.028878463432192802,0.028878463432192802
1,LOPERAMIDA 2MG,2026-03-15,0.0,0.028878463432192802,-0.028878463432192802,0.028878463432192802
1,METFORMINA 850MG,2026-03-15,0.0,0.07292202115058899,-0.07292202115058899,0.07292202115058899
1,PARACETAMOL 500MG,2026-03-15,0.0,0.028878463432192802,-0.028878463432192802,0.028878463432192802
1,VITAMINA C+ZINC+D3,2026-03-15,3.0,1.2903389930725098,1.7096610069274902,1.7096610069274902
2,AMOXICILINA 500MG,2026-03-15,0.0,0.03681054711341858,-0.03681054711341858,0.03681054711341858
2,AZITROMICINA 500MG,2026-03-15,0.0,0.03681054711341858,-0.03681054711341858,0.03681054711341858
2,DIMENHIDRINATO 50MG,2026-03-15,0.0,0.03681054711341858,-0.03681054711341858,0.03681054711341858
2,ENALAPRIL 10MG,2026-03-15,1.0,0.18378789722919464,0.8162121027708054,0.8162121027708054
2,IBUPROFENO TABX800,2026-03-15,0.0,0.03681054711341858,-0.03681054711341858,0.03681054711341858
2,METFORMINA 850MG,2026-03-15,0.0,0.08085409551858902,-0.08085409551858902,0.08085409551858902
2,PARACETAMOL 500MG,2026-03-15,0.0,0.03681054711341858,-0.03681054711341858,0.03681054711341858
2,VITAMINA C+ZINC+D3,2026-03-15,2.0,1.0400701761245728,0.9599298238754272,0.9599298238754272
3,AZITROMICINA 500MG,2026-03-15,0.0,0.028878463432192802,-0.028878463432192802,0.028878463432192802
3,DIMENHIDRINATO 50MG,2026-03-15,0.0,0.028878463432192802,-0.028878463432192802,0.028878463432192802
3,ENALAPRIL 10MG,2026-03-15,0.0,0.1650008261203766,-0.1650008261203766,0.1650008261203766
3,IBUPROFENO TABX800,2026-03-15,0.0,0.028878463432192802,-0.028878463432192802,0.028878463432192802
3,LOPERAMIDA 2MG,2026-03-15,0.0,0.028878463432192802,-0.028878463432192802,0.028878463432192802
3,METFORMINA 850MG,2026-03-15,0.0,0.5804035067558289,-0.5804035067558289,0.5804035067558289
3,PARACETAMOL 500MG,2026-03-15,0.0,0.028878463432192802,-0.028878463432192802,0.028878463432192802
3,VITAMINA C+ZINC+D3,2026-03-15,1.0,2.5835936069488525,-1.5835936069488525,1.5835936069488525
4,AMOXICILINA 500MG,2026-03-15,0.0,0.028878463432192802,-0.028878463432192802,0.028878463432192802
4,AZITROMICINA 500MG,2026-03-15,0.0,0.028878463432192802,-0.028878463432192802,0.028878463432192802
4,DIMENHIDRINATO 50MG,2026-03-15,0.0,0.11573956161737442,-0.11573956161737442,0.11573956161737442
4,ENALAPRIL 10MG,2026-03-15,1.0,0.16911518573760986,0.8308848142623901,0.8308848142623901
4,IBUPROFENO TABX800,2026-03-15,0.0,0.028878463432192802,-0.028878463432192802,0.028878463432192802
4,LOPERAMIDA 2MG,2026-03-15,0.0,0.028878463432192802,-0.028878463432192802,0.028878463432192802
4,METFORMINA 850MG,2026-03-15,0.0,0.10595853626728058,-0.10595853626728058,0.10595853626728058
4,VITAMINA C+ZINC+D3,2026-03-15,0.0,1.4321086406707764,-1.4321086406707764,1.4321086406707764
5,AMOXICILINA 500MG,2026-03-15,0.0,0.03941896930336952,-0.03941896930336952,0.03941896930336952
5,AZITROMICINA 500MG,2026-03-15,0.0,0.0982464998960495,-0.0982464998960495,0.0982464998960495
5,DIMENHIDRINATO 50MG,2026-03-15,0.0,0.03941896930336952,-0.03941896930336952,0.03941896930336952
5,ENALAPRIL 10MG,2026-03-15,0.0,0.6371909379959106,-0.6371909379959106,0.6371909379959106
5,IBUPROFENO TABX800,2026-03-15,0.0,0.03941896930336952,-0.03941896930336952,0.03941896930336952
5,METFORMINA 850MG,2026-03-15,0.0,0.08346252888441086,-0.08346252888441086,0.08346252888441086
5,PARACETAMOL 500MG,2026-03-15,0.0,0.03941896930336952,-0.03941896930336952,0.03941896930336952
5,VITAMINA C+ZINC+D3,2026-03-15,1.0,1.6058800220489502,-0.6058800220489502,0.6058800220489502
6,AMOXICILINA 500MG,2026-03-15,0.0,0.028878463432192802,-0.028878463432192802,0.028878463432192802
6,AZITROMICINA 500MG,2026-03-15,0.0,0.028878463432192802,-0.028878463432192802,0.028878463432192802
6,DIMENHIDRINATO 50MG,2026-03-15,0.0,0.028878463432192802,-0.028878463432192802,0.028878463432192802
6,ENALAPRIL 10MG,2026-03-15,0.0,0.1897217482328415,-0.1897217482328415,0.1897217482328415
6,IBUPROFENO TABX800,2026-03-15,0.0,0.028878463432192802,-0.028878463432192802,0.028878463432192802
6,LOPERAMIDA 2MG,2026-03-15,0.0,0.028878463432192802,-0.028878463432192802,0.028878463432192802
6,METFORMINA 850MG,2026-03-15,0.0,0.07292202115058899,-0.07292202115058899,0.07292202115058899
6,VITAMINA C+ZINC+D3,2026-03-15,5.0,1.3258506059646606,3.6741493940353394,3.6741493940353394
7,AMOXICILINA 500MG,2026-03-15,0.0,0.028878463432192802,-0.028878463432192802,0.028878463432192802
7,AZITROMICINA 500MG,2026-03-15,0.0,0.028878463432192802,-0.028878463432192802,0.028878463432192802
7,DIMENHIDRINATO 50MG,2026-03-15,0.0,0.028878463432192802,-0.028878463432192802,0.028878463432192802
7,ENALAPRIL 10MG,2026-03-15,0.0,0.13610590994358063,-0.13610590994358063,0.13610590994358063
7,IBUPROFENO TABX800,2026-03-15,0.0,0.028878463432192802,-0.028878463432192802,0.028878463432192802
7,METFORMINA 850MG,2026-03-15,0.0,0.07292202115058899,-0.07292202115058899,0.07292202115058899
7,PARACETAMOL 500MG,2026-03-15,0.0,0.028878463432192802,-0.028878463432192802,0.028878463432192802
7,VITAMINA C+ZINC+D3,2026-03-15,0.0,0.9517401456832886,-0.9517401456832886,0.9517401456832886
8,AMOXICILINA 500MG,2026-03-15,0.0,0.023723267018795013,-0.023723267018795013,0.023723267018795013
8,AZITROMICINA 500MG,2026-03-15,0.0,0.023723267018795013,-0.023723267018795013,0.023723267018795013
8,DIMENHIDRINATO 50MG,2026-03-15,0.0,0.023723267018795013,-0.023723267018795013,0.023723267018795013
8,ENALAPRIL 10MG,2026-03-15,0.0,0.07735040783882141,-0.07735040783882141,0.07735040783882141
8,IBUPROFENO TABX800,2026-03-15,0.0,0.023723267018795013,-0.023723267018795013,0.023723267018795013
8,LOPERAMIDA 2MG,2026-03-15,0.0,0.023723267018795013,-0.023723267018795013,0.023723267018795013
8,METFORMINA 850MG,2026-03-15,0.0,0.09660667181015015,-0.09660667181015015,0.09660667181015015
8,PARACETAMOL 500MG,2026-03-15,0.0,0.023723267018795013,-0.023723267018795013,0.023723267018795013
8,VITAMINA C+ZINC+D3,2026-03-15,0.0,0.492754727602005,-0.492754727602005,0.492754727602005
9,AMOXICILINA 500MG,2026-03-15,0.0,0.028878463432192802,-0.028878463432192802,0.028878463432192802
9,AZITROMICINA 500MG,2026-03-15,0.0,0.028878463432192802,-0.028878463432192802,0.028878463432192802
9,DIMENHIDRINATO 50MG,2026-03-15,0.0,0.028878463432192802,-0.028878463432192802,0.028878463432192802
9,ENALAPRIL 10MG,2026-03-15,0.0,0.11466557532548904,-0.11466557532548904,0.11466557532548904
9,LOPERAMIDA 2MG,2026-03-15,0.0,0.028878463432192802,-0.028878463432192802,0.028878463432192802
9,METFORMINA 850MG,2026-03-15,0.0,0.07292202115058899,-0.07292202115058899,0.07292202115058899
9,PARACETAMOL 500MG,2026-03-15,0.0,0.028878463432192802,-0.028878463432192802,0.028878463432192802
9,VITAMINA C+ZINC+D3,2026-03-15,0.0,0.4894157350063324,-0.4894157350063324,0.4894157350063324
10,AMOXICILINA 500MG,2026-03-15,0.0,0.028878463432192802,-0.028878463432192802,0.028878463432192802
10,AZITROMICINA 500MG,2026-03-15,0.0,0.06191501021385193,-0.06191501021385193,0.06191501021385193
10,DIMENHIDRINATO 50MG,2026-03-15,0.0,0.028878463432192802,-0.028878463432192802,0.028878463432192802
10,ENALAPRIL 10MG,2026-03-15,1.0,0.14356039464473724,0.8564396053552628,0.8564396053552628
10,IBUPROFENO TABX800,2026-03-15,0.0,0.028878463432192802,-0.028878463432192802,0.028878463432192802
10,LOPERAMIDA 2MG,2026-03-15,0.0,0.028878463432192802,-0.028878463432192802,0.028878463432192802
10,PARACETAMOL 500MG,2026-03-15,0.0,0.028878463432192802,-0.028878463432192802,0.028878463432192802
10,VITAMINA C+ZINC+D3,2026-03-15,0.0,1.3018518686294556,-1.3018518686294556,1.3018518686294556
11,AMOXICILINA 500MG,2026-03-15,0.0,0.026255208998918533,-0.026255208998918533,0.026255208998918533
11,AZITROMICINA 500MG,2026-03-15,0.0,0.0724390372633934,-0.0724390372633934,0.0724390372633934
11,DIMENHIDRINATO 50MG,2026-03-15,0.0,0.23940269649028778,-0.23940269649028778,0.23940269649028778
11,ENALAPRIL 10MG,2026-03-15,0.0,0.08391371369361877,-0.08391371369361877,0.08391371369361877
11,IBUPROFENO TABX800,2026-03-15,0.0,0.026255208998918533,-0.026255208998918533,0.026255208998918533
11,METFORMINA 850MG,2026-03-15,0.0,0.06828544288873672,-0.06828544288873672,0.06828544288873672
11,PARACETAMOL 500MG,2026-03-15,0.0,0.026255208998918533,-0.026255208998918533,0.026255208998918533
11,VITAMINA C+ZINC+D3,2026-03-15,1.0,0.8251267075538635,0.17487329244613647,0.17487329244613647
12,AMOXICILINA 500MG,2026-03-15,0.0,0.06191501021385193,-0.06191501021385193,0.06191501021385193
12,AZITROMICINA 500MG,2026-03-15,0.0,0.028878463432192802,-0.028878463432192802,0.028878463432192802
12,DIMENHIDRINATO 50MG,2026-03-15,0.0,0.028878463432192802,-0.028878463432192802,0.028878463432192802
12,ENALAPRIL 10MG,2026-03-15,0.0,0.5202102065086365,-0.5202102065086365,0.5202102065086365
12,IBUPROFENO TABX800,2026-03-15,0.0,0.028878463432192802,-0.028878463432192802,0.028878463432192802
12,METFORMINA 850MG,2026-03-15,0.0,0.07292202115058899,-0.07292202115058899,0.07292202115058899
12,PARACETAMOL 500MG,2026-03-15,0.0,0.028878463432192802,-0.028878463432192802,0.028878463432192802
12,VITAMINA C+ZINC+D3,2026-03-15,0.0,1.3040964603424072,-1.3040964603424072,1.3040964603424072
13,AMOXICILINA 500MG,2026-03-15,0.0,0.028878463432192802,-0.028878463432192802,0.028878463432192802
13,AZITROMICINA 500MG,2026-03-15,0.0,0.028878463432192802,-0.028878463432192802,0.028878463432192802
13,DIMENHIDRINATO 50MG,2026-03-15,0.0,0.028878463432192802,-0.028878463432192802,0.028878463432192802
13,ENALAPRIL 10MG,2026-03-15,0.0,0.11466557532548904,-0.11466557532548904,0.11466557532548904
13,IBUPROFENO TABX800,2026-03-15,0.0,0.028878463432192802,-0.028878463432192802,0.028878463432192802
13,METFORMINA 850MG,2026-03-15,0.0,0.07292202115058899,-0.07292202115058899,0.07292202115058899
13,OMEPRAZOL 20MG,2026-03-15,0.0,0.028878463432192802,-0.028878463432192802,0.028878463432192802
13,PARACETAMOL 500MG,2026-03-15,0.0,0.028878463432192802,-0.028878463432192802,0.028878463432192802
13,VITAMINA C+ZINC+D3,2026-03-15,0.0,0.587516725063324,-0.587516725063324,0.587516725063324
14,AZITROMICINA 500MG,2026-03-15,0.0,0.028878463432192802,-0.028878463432192802,0.028878463432192802
14,DIMENHIDRINATO 50MG,2026-03-15,0.0,0.028878463432192802,-0.028878463432192802,0.028878463432192802
14,ENALAPRIL 10MG,2026-03-15,0.0,0.0865369662642479,-0.0865369662642479,0.0865369662642479
14,IBUPROFENO TABX800,2026-03-15,0.0,0.028878463432192802,-0.028878463432192802,0.028878463432192802
14,METFORMINA 850MG,2026-03-15,0.0,0.07292202115058899,-0.07292202115058899,0.07292202115058899
14,PARACETAMOL 500MG,2026-03-15,0.0,0.028878463432192802,-0.028878463432192802,0.028878463432192802
14,VITAMINA C+ZINC+D3,2026-03-15,0.0,3.1552486419677734,-3.1552486419677734,3.1552486419677734
15,AMOXICILINA 500MG,2026-03-15,0.0,0.028878463432192802,-0.028878463432192802,0.028878463432192802
15,AZITROMICINA 500MG,2026-03-15,0.0,0.028878463432192802,-0.028878463432192802,0.028878463432192802
15,DIMENHIDRINATO 50MG,2026-03-15,0.0,0.028878463432192802,-0.028878463432192802,0.028878463432192802
15,ENALAPRIL 10MG,2026-03-15,0.0,0.0865369662642479,-0.0865369662642479,0.0865369662642479
15,IBUPROFENO TABX800,2026-03-15,0.0,0.028878463432192802,-0.028878463432192802,0.028878463432192802
15,METFORMINA 850MG,2026-03-15,0.0,0.07292202115058899,-0.07292202115058899,0.07292202115058899
15,PARACETAMOL 500MG,2026-03-15,0.0,0.028878463432192802,-0.028878463432192802,0.028878463432192802
15,VITAMINA C+ZINC+D3,2026-03-15,0.0,0.8486142754554749,-0.8486142754554749,0.8486142754554749
16,AMOXICILINA 500MG,2026-03-15,0.0,0.028878463432192802,-0.028878463432192802,0.028878463432192802
16,AZITROMICINA 500MG,2026-03-15,1.0,0.028878463432192802,0.9711215365678072,0.9711215365678072
16,DIMENHIDRINATO 50MG,2026-03-15,0.0,0.028878463432192802,-0.028878463432192802,0.028878463432192802
16,ENALAPRIL 10MG,2026-03-15,0.0,0.13610590994358063,-0.13610590994358063,0.13610590994358063
16,IBUPROFENO TABX800,2026-03-15,0.0,0.028878463432192802,-0.028878463432192802,0.028878463432192802
16,LOPERAMIDA 2MG,2026-03-15,0.0,0.028878463432192802,-0.028878463432192802,0.028878463432192802
16,METFORMINA 850MG,2026-03-15,0.0,0.07292202115058899,-0.07292202115058899,0.07292202115058899
16,PARACETAMOL 500MG,2026-03-15,0.0,0.028878463432192802,-0.028878463432192802,0.028878463432192802
16,VITAMINA C+ZINC+D3,2026-03-15,0.0,1.1188627481460571,-1.1188627481460571,1.1188627481460571
17,AMOXICILINA 500MG,2026-03-15,0.0,0.028878463432192802,-0.028878463432192802,0.028878463432192802
17,AZITROMICINA 500MG,2026-03-15,0.0,0.028878463432192802,-0.028878463432192802,0.028878463432192802
17,ENALAPRIL 10MG,2026-03-15,0.0,0.0865369662642479,-0.0865369662642479,0.0865369662642479
17,IBUPROFENO TABX800,2026-03-15,0.0,0.028878463432192802,-0.028878463432192802,0.028878463432192802
17,PARACETAMOL 500MG,2026-03-15,0.0,0.028878463432192802,-0.028878463432192802,0.028878463432192802
18,AZITROMICINA 500MG,2026-03-15,0.0,0.028878463432192802,-0.028878463432192802,0.028878463432192802
18,DIMENHIDRINATO 50MG,2026-03-15,0.0,0.028878463432192802,-0.028878463432192802,0.028878463432192802
18,LOPERAMIDA 2MG,2026-03-15,0.0,0.028878463432192802,-0.028878463432192802,0.028878463432192802
1,AMOXICILINA 500MG,2026-03-22,0.0,0.13765005767345428,-0.13765005767345428,0.13765005767345428
1,AZITROMICINA 500MG,2026-03-22,0.0,0.028878463432192802,-0.028878463432192802,0.028878463432192802
1,DIMENHIDRINATO 50MG,2026-03-22,0.0,0.028878463432192802,-0.028878463432192802,0.028878463432192802
1,ENALAPRIL 10MG,2026-03-22,0.0,0.13961350917816162,-0.13961350917816162,0.13961350917816162
1,IBUPROFENO TABX800,2026-03-22,0.0,0.028878463432192802,-0.028878463432192802,0.028878463432192802
1,LOPERAMIDA 2MG,2026-03-22,0.0,0.028878463432192802,-0.028878463432192802,0.028878463432192802
1,METFORMINA 850MG,2026-03-22,0.0,0.07292202115058899,-0.07292202115058899,0.07292202115058899
1,PARACETAMOL 500MG,2026-03-22,0.0,0.028878463432192802,-0.028878463432192802,0.028878463432192802
1,VITAMINA C+ZINC+D3,2026-03-22,2.0,1.320904016494751,0.679095983505249,0.679095983505249
2,AMOXICILINA 500MG,2026-03-22,0.0,0.03681054711341858,-0.03681054711341858,0.03681054711341858
2,AZITROMICINA 500MG,2026-03-22,0.0,0.03681054711341858,-0.03681054711341858,0.03681054711341858
2,DIMENHIDRINATO 50MG,2026-03-22,0.0,0.03681054711341858,-0.03681054711341858,0.03681054711341858
2,ENALAPRIL 10MG,2026-03-22,0.0,0.18140481412410736,-0.18140481412410736,0.18140481412410736
2,IBUPROFENO TABX800,2026-03-22,0.0,0.03681054711341858,-0.03681054711341858,0.03681054711341858
2,LOPERAMIDA 2MG,2026-03-22,0.0,0.03681054711341858,-0.03681054711341858,0.03681054711341858
2,METFORMINA 850MG,2026-03-22,0.0,0.08085409551858902,-0.08085409551858902,0.08085409551858902
2,PARACETAMOL 500MG,2026-03-22,0.0,0.03681054711341858,-0.03681054711341858,0.03681054711341858
2,VITAMINA C+ZINC+D3,2026-03-22,3.0,1.1210343837738037,1.8789656162261963,1.8789656162261963
3,AZITROMICINA 500MG,2026-03-22,0.0,0.028878463432192802,-0.028878463432192802,0.028878463432192802
3,DIMENHIDRINATO 50MG,2026-03-22,0.0,0.028878463432192802,-0.028878463432192802,0.028878463432192802
3,ENALAPRIL 10MG,2026-03-22,2.0,0.20186713337898254,1.7981328666210175,1.7981328666210175
3,IBUPROFENO TABX800,2026-03-22,0.0,0.028878463432192802,-0.028878463432192802,0.028878463432192802
3,LOPERAMIDA 2MG,2026-03-22,0.0,0.028878463432192802,-0.028878463432192802,0.028878463432192802
3,METFORMINA 850MG,2026-03-22,0.0,0.2386731058359146,-0.2386731058359146,0.2386731058359146
3,PARACETAMOL 500MG,2026-03-22,0.0,0.028878463432192802,-0.028878463432192802,0.028878463432192802
3,VITAMINA C+ZINC+D3,2026-03-22,2.0,2.036665916442871,-0.036665916442871094,0.036665916442871094
4,AMOXICILINA 500MG,2026-03-22,0.0,0.028878463432192802,-0.028878463432192802,0.028878463432192802
4,AZITROMICINA 500MG,2026-03-22,0.0,0.028878463432192802,-0.028878463432192802,0.028878463432192802
4,DIMENHIDRINATO 50MG,2026-03-22,0.0,0.08770599216222763,-0.08770599216222763,0.08770599216222763
4,ENALAPRIL 10MG,2026-03-22,0.0,0.17533335089683533,-0.17533335089683533,0.17533335089683533
4,IBUPROFENO TABX800,2026-03-22,0.0,0.028878463432192802,-0.028878463432192802,0.028878463432192802
4,LOPERAMIDA 2MG,2026-03-22,0.0,0.028878463432192802,-0.028878463432192802,0.028878463432192802
4,METFORMINA 850MG,2026-03-22,0.0,0.10595853626728058,-0.10595853626728058,0.10595853626728058
4,VITAMINA C+ZINC+D3,2026-03-22,2.0,1.2836190462112427,0.7163809537887573,0.7163809537887573
5,AMOXICILINA 500MG,2026-03-22,0.0,0.03941896930336952,-0.03941896930336952,0.03941896930336952
5,AZITROMICINA 500MG,2026-03-22,0.0,0.0982464998960495,-0.0982464998960495,0.0982464998960495
5,DIMENHIDRINATO 50MG,2026-03-22,0.0,0.03941896930336952,-0.03941896930336952,0.03941896930336952
5,ENALAPRIL 10MG,2026-03-22,0.0,0.48196980357170105,-0.48196980357170105,0.48196980357170105
5,IBUPROFENO TABX800,2026-03-22,0.0,0.03941896930336952,-0.03941896930336952,0.03941896930336952
5,LOPERAMIDA 2MG,2026-03-22,0.0,0.03941896930336952,-0.03941896930336952,0.03941896930336952
5,METFORMINA 850MG,2026-03-22,0.0,0.08346252888441086,-0.08346252888441086,0.08346252888441086
5,PARACETAMOL 500MG,2026-03-22,0.0,0.03941896930336952,-0.03941896930336952,0.03941896930336952
5,VITAMINA C+ZINC+D3,2026-03-22,2.0,1.818304419517517,0.1816955804824829,0.1816955804824829
6,AMOXICILINA 500MG,2026-03-22,0.0,0.028878463432192802,-0.028878463432192802,0.028878463432192802
6,AZITROMICINA 500MG,2026-03-22,0.0,0.028878463432192802,-0.028878463432192802,0.028878463432192802
6,DIMENHIDRINATO 50MG,2026-03-22,0.0,0.028878463432192802,-0.028878463432192802,0.028878463432192802
6,ENALAPRIL 10MG,2026-03-22,0.0,0.16105395555496216,-0.16105395555496216,0.16105395555496216
6,IBUPROFENO TABX800,2026-03-22,0.0,0.028878463432192802,-0.028878463432192802,0.028878463432192802
6,LOPERAMIDA 2MG,2026-03-22,0.0,0.028878463432192802,-0.028878463432192802,0.028878463432192802
6,METFORMINA 850MG,2026-03-22,0.0,0.07292202115058899,-0.07292202115058899,0.07292202115058899
6,VITAMINA C+ZINC+D3,2026-03-22,1.0,1.2537106275558472,-0.25371062755584717,0.25371062755584717
7,AMOXICILINA 500MG,2026-03-22,0.0,0.028878463432192802,-0.028878463432192802,0.028878463432192802
7,AZITROMICINA 500MG,2026-03-22,0.0,0.028878463432192802,-0.028878463432192802,0.028878463432192802
7,DIMENHIDRINATO 50MG,2026-03-22,0.0,0.028878463432192802,-0.028878463432192802,0.028878463432192802
7,ENALAPRIL 10MG,2026-03-22,0.0,0.11466557532548904,-0.11466557532548904,0.11466557532548904
7,IBUPROFENO TABX800,2026-03-22,0.0,0.028878463432192802,-0.028878463432192802,0.028878463432192802
7,METFORMINA 850MG,2026-03-22,0.0,0.07292202115058899,-0.07292202115058899,0.07292202115058899
7,PARACETAMOL 500MG,2026-03-22,0.0,0.028878463432192802,-0.028878463432192802,0.028878463432192802
7,VITAMINA C+ZINC+D3,2026-03-22,0.0,0.8774594664573669,-0.8774594664573669,0.8774594664573669
8,AMOXICILINA 500MG,2026-03-22,0.0,0.023723267018795013,-0.023723267018795013,0.023723267018795013
8,AZITROMICINA 500MG,2026-03-22,0.0,0.023723267018795013,-0.023723267018795013,0.023723267018795013
8,DIMENHIDRINATO 50MG,2026-03-22,0.0,0.023723267018795013,-0.023723267018795013,0.023723267018795013
8,ENALAPRIL 10MG,2026-03-22,0.0,0.07735040783882141,-0.07735040783882141,0.07735040783882141
8,IBUPROFENO TABX800,2026-03-22,0.0,0.023723267018795013,-0.023723267018795013,0.023723267018795013
8,LOPERAMIDA 2MG,2026-03-22,0.0,0.023723267018795013,-0.023723267018795013,0.023723267018795013
8,METFORMINA 850MG,2026-03-22,0.0,0.10693918168544769,-0.10693918168544769,0.10693918168544769
8,PARACETAMOL 500MG,2026-03-22,0.0,0.023723267018795013,-0.023723267018795013,0.023723267018795013
8,VITAMINA C+ZINC+D3,2026-03-22,0.0,0.492754727602005,-0.492754727602005,0.492754727602005
9,AMOXICILINA 500MG,2026-03-22,0.0,0.028878463432192802,-0.028878463432192802,0.028878463432192802
9,AZITROMICINA 500MG,2026-03-22,0.0,0.028878463432192802,-0.028878463432192802,0.028878463432192802
9,DIMENHIDRINATO 50MG,2026-03-22,0.0,0.028878463432192802,-0.028878463432192802,0.028878463432192802
9,ENALAPRIL 10MG,2026-03-22,0.0,0.11466557532548904,-0.11466557532548904,0.11466557532548904
9,LOPERAMIDA 2MG,2026-03-22,0.0,0.028878463432192802,-0.028878463432192802,0.028878463432192802
9,METFORMINA 850MG,2026-03-22,0.0,0.07292202115058899,-0.07292202115058899,0.07292202115058899
9,PARACETAMOL 500MG,2026-03-22,0.0,0.028878463432192802,-0.028878463432192802,0.028878463432192802
9,VITAMINA C+ZINC+D3,2026-03-22,0.0,0.4894157350063324,-0.4894157350063324,0.4894157350063324
10,AMOXICILINA 500MG,2026-03-22,0.0,0.028878463432192802,-0.028878463432192802,0.028878463432192802
10,AZITROMICINA 500MG,2026-03-22,0.0,0.06191501021385193,-0.06191501021385193,0.06191501021385193
10,DIMENHIDRINATO 50MG,2026-03-22,0.0,0.028878463432192802,-0.028878463432192802,0.028878463432192802
10,ENALAPRIL 10MG,2026-03-22,0.0,0.39594200253486633,-0.39594200253486633,0.39594200253486633
10,IBUPROFENO TABX800,2026-03-22,0.0,0.028878463432192802,-0.028878463432192802,0.028878463432192802
10,LOPERAMIDA 2MG,2026-03-22,0.0,0.028878463432192802,-0.028878463432192802,0.028878463432192802
10,PARACETAMOL 500MG,2026-03-22,0.0,0.028878463432192802,-0.028878463432192802,0.028878463432192802
10,VITAMINA C+ZINC+D3,2026-03-22,0.0,1.3807697296142578,-1.3807697296142578,1.3807697296142578
11,AMOXICILINA 500MG,2026-03-22,0.0,0.026255208998918533,-0.026255208998918533,0.026255208998918533
11,AZITROMICINA 500MG,2026-03-22,0.0,0.08083672821521759,-0.08083672821521759,0.08083672821521759
11,DIMENHIDRINATO 50MG,2026-03-22,0.0,0.2744080424308777,-0.2744080424308777,0.2744080424308777
11,ENALAPRIL 10MG,2026-03-22,0.0,0.08391371369361877,-0.08391371369361877,0.08391371369361877
11,IBUPROFENO TABX800,2026-03-22,0.0,0.026255208998918533,-0.026255208998918533,0.026255208998918533
11,METFORMINA 850MG,2026-03-22,0.0,0.06828544288873672,-0.06828544288873672,0.06828544288873672
11,PARACETAMOL 500MG,2026-03-22,0.0,0.026255208998918533,-0.026255208998918533,0.026255208998918533
11,VITAMINA C+ZINC+D3,2026-03-22,1.0,0.6989338397979736,0.30106616020202637,0.30106616020202637
12,AMOXICILINA 500MG,2026-03-22,0.0,0.06191501021385193,-0.06191501021385193,0.06191501021385193
12,AZITROMICINA 500MG,2026-03-22,0.0,0.028878463432192802,-0.028878463432192802,0.028878463432192802
12,DIMENHIDRINATO 50MG,2026-03-22,0.0,0.028878463432192802,-0.028878463432192802,0.028878463432192802
12,ENALAPRIL 10MG,2026-03-22,0.0,0.4831557273864746,-0.4831557273864746,0.4831557273864746
12,IBUPROFENO TABX800,2026-03-22,0.0,0.028878463432192802,-0.028878463432192802,0.028878463432192802
12,METFORMINA 850MG,2026-03-22,0.0,0.07292202115058899,-0.07292202115058899,0.07292202115058899
12,PARACETAMOL 500MG,2026-03-22,0.0,0.028878463432192802,-0.028878463432192802,0.028878463432192802
12,VITAMINA C+ZINC+D3,2026-03-22,0.0,1.2411240339279175,-1.2411240339279175,1.2411240339279175
13,AMOXICILINA 500MG,2026-03-22,0.0,0.028878463432192802,-0.028878463432192802,0.028878463432192802
13,AZITROMICINA 500MG,2026-03-22,0.0,0.028878463432192802,-0.028878463432192802,0.028878463432192802
13,DIMENHIDRINATO 50MG,2026-03-22,0.0,0.028878463432192802,-0.028878463432192802,0.028878463432192802
13,ENALAPRIL 10MG,2026-03-22,0.0,0.11466557532548904,-0.11466557532548904,0.11466557532548904
13,IBUPROFENO TABX800,2026-03-22,0.0,0.028878463432192802,-0.028878463432192802,0.028878463432192802
13,METFORMINA 850MG,2026-03-22,0.0,0.07292202115058899,-0.07292202115058899,0.07292202115058899
13,OMEPRAZOL 20MG,2026-03-22,0.0,0.028878463432192802,-0.028878463432192802,0.028878463432192802
13,PARACETAMOL 500MG,2026-03-22,0.0,0.028878463432192802,-0.028878463432192802,0.028878463432192802
13,VITAMINA C+ZINC+D3,2026-03-22,2.0,0.587516725063324,1.412483274936676,1.412483274936676
14,AZITROMICINA 500MG,2026-03-22,0.0,0.028878463432192802,-0.028878463432192802,0.028878463432192802
14,DIMENHIDRINATO 50MG,2026-03-22,0.0,0.028878463432192802,-0.028878463432192802,0.028878463432192802
14,ENALAPRIL 10MG,2026-03-22,0.0,0.0865369662642479,-0.0865369662642479,0.0865369662642479
14,IBUPROFENO TABX800,2026-03-22,0.0,0.028878463432192802,-0.028878463432192802,0.028878463432192802
14,METFORMINA 850MG,2026-03-22,0.0,0.07292202115058899,-0.07292202115058899,0.07292202115058899
14,PARACETAMOL 500MG,2026-03-22,0.0,0.028878463432192802,-0.028878463432192802,0.028878463432192802
14,VITAMINA C+ZINC+D3,2026-03-22,0.0,1.627537488937378,-1.627537488937378,1.627537488937378
15,AMOXICILINA 500MG,2026-03-22,0.0,0.028878463432192802,-0.028878463432192802,0.028878463432192802
15,AZITROMICINA 500MG,2026-03-22,0.0,0.028878463432192802,-0.028878463432192802,0.028878463432192802
15,DIMENHIDRINATO 50MG,2026-03-22,0.0,0.028878463432192802,-0.028878463432192802,0.028878463432192802
15,ENALAPRIL 10MG,2026-03-22,0.0,0.0865369662642479,-0.0865369662642479,0.0865369662642479
15,IBUPROFENO TABX800,2026-03-22,0.0,0.028878463432192802,-0.028878463432192802,0.028878463432192802
15,METFORMINA 850MG,2026-03-22,0.0,0.07292202115058899,-0.07292202115058899,0.07292202115058899
15,PARACETAMOL 500MG,2026-03-22,0.0,0.028878463432192802,-0.028878463432192802,0.028878463432192802
15,VITAMINA C+ZINC+D3,2026-03-22,1.0,0.8721213340759277,0.12787866592407227,0.12787866592407227
16,AMOXICILINA 500MG,2026-03-22,0.0,0.028878463432192802,-0.028878463432192802,0.028878463432192802
16,AZITROMICINA 500MG,2026-03-22,0.0,0.08770599216222763,-0.08770599216222763,0.08770599216222763
16,DIMENHIDRINATO 50MG,2026-03-22,0.0,0.028878463432192802,-0.028878463432192802,0.028878463432192802
16,ENALAPRIL 10MG,2026-03-22,0.0,0.11466557532548904,-0.11466557532548904,0.11466557532548904
16,IBUPROFENO TABX800,2026-03-22,0.0,0.028878463432192802,-0.028878463432192802,0.028878463432192802
16,LOPERAMIDA 2MG,2026-03-22,0.0,0.028878463432192802,-0.028878463432192802,0.028878463432192802
16,METFORMINA 850MG,2026-03-22,0.0,0.07292202115058899,-0.07292202115058899,0.07292202115058899
16,PARACETAMOL 500MG,2026-03-22,0.0,0.028878463432192802,-0.028878463432192802,0.028878463432192802
16,VITAMINA C+ZINC+D3,2026-03-22,0.0,0.9031854867935181,-0.9031854867935181,0.9031854867935181
17,AMOXICILINA 500MG,2026-03-22,0.0,0.028878463432192802,-0.028878463432192802,0.028878463432192802
17,AZITROMICINA 500MG,2026-03-22,0.0,0.028878463432192802,-0.028878463432192802,0.028878463432192802
17,ENALAPRIL 10MG,2026-03-22,0.0,0.0865369662642479,-0.0865369662642479,0.0865369662642479
17,IBUPROFENO TABX800,2026-03-22,0.0,0.028878463432192802,-0.028878463432192802,0.028878463432192802
17,LOPERAMIDA 2MG,2026-03-22,0.0,0.028878463432192802,-0.028878463432192802,0.028878463432192802
17,PARACETAMOL 500MG,2026-03-22,0.0,0.028878463432192802,-0.028878463432192802,0.028878463432192802
18,AZITROMICINA 500MG,2026-03-22,0.0,0.028878463432192802,-0.028878463432192802,0.028878463432192802
18,DIMENHIDRINATO 50MG,2026-03-22,0.0,0.028878463432192802,-0.028878463432192802,0.028878463432192802
18,LOPERAMIDA 2MG,2026-03-22,0.0,0.028878463432192802,-0.028878463432192802,0.028878463432192802
1,AMOXICILINA 500MG,2026-03-29,0.0,0.11185912787914276,-0.11185912787914276,0.11185912787914276
1,AZITROMICINA 500MG,2026-03-29,0.0,0.028878463432192802,-0.028878463432192802,0.028878463432192802
1,DIMENHIDRINATO 50MG,2026-03-29,0.0,0.028878463432192802,-0.028878463432192802,0.028878463432192802
1,ENALAPRIL 10MG,2026-03-29,1.0,0.13961350917816162,0.8603864908218384,0.8603864908218384
1,IBUPROFENO TABX800,2026-03-29,0.0,0.028878463432192802,-0.028878463432192802,0.028878463432192802
1,LOPERAMIDA 2MG,2026-03-29,0.0,0.028878463432192802,-0.028878463432192802,0.028878463432192802
1,METFORMINA 850MG,2026-03-29,1.0,0.07292202115058899,0.927077978849411,0.927077978849411
1,PARACETAMOL 500MG,2026-03-29,0.0,0.028878463432192802,-0.028878463432192802,0.028878463432192802
1,VITAMINA C+ZINC+D3,2026-03-29,1.0,2.137495279312134,-1.1374952793121338,1.1374952793121338
2,AMOXICILINA 500MG,2026-03-29,0.0,0.03681054711341858,-0.03681054711341858,0.03681054711341858
2,AZITROMICINA 500MG,2026-03-29,0.0,0.03681054711341858,-0.03681054711341858,0.03681054711341858
2,DIMENHIDRINATO 50MG,2026-03-29,0.0,0.03681054711341858,-0.03681054711341858,0.03681054711341858
2,ENALAPRIL 10MG,2026-03-29,0.0,0.19406193494796753,-0.19406193494796753,0.19406193494796753
2,IBUPROFENO TABX800,2026-03-29,0.0,0.03681054711341858,-0.03681054711341858,0.03681054711341858
2,LOPERAMIDA 2MG,2026-03-29,0.0,0.03681054711341858,-0.03681054711341858,0.03681054711341858
2,METFORMINA 850MG,2026-03-29,0.0,0.08085409551858902,-0.08085409551858902,0.08085409551858902
2,PARACETAMOL 500MG,2026-03-29,0.0,0.03681054711341858,-0.03681054711341858,0.03681054711341858
2,VITAMINA C+ZINC+D3,2026-03-29,3.0,1.4190424680709839,1.5809575319290161,1.5809575319290161
3,AZITROMICINA 500MG,2026-03-29,0.0,0.028878463432192802,-0.028878463432192802,0.028878463432192802
3,DIMENHIDRINATO 50MG,2026-03-29,0.0,0.028878463432192802,-0.028878463432192802,0.028878463432192802
3,ENALAPRIL 10MG,2026-03-29,2.0,0.48554089665412903,1.514459103345871,1.514459103345871
3,IBUPROFENO TABX800,2026-03-29,0.0,0.028878463432192802,-0.028878463432192802,0.028878463432192802
3,LOPERAMIDA 2MG,2026-03-29,0.0,0.028878463432192802,-0.028878463432192802,0.028878463432192802
3,METFORMINA 850MG,2026-03-29,5.0,0.2386731058359146,4.761326894164085,4.761326894164085
3,PARACETAMOL 500MG,2026-03-29,0.0,0.028878463432192802,-0.028878463432192802,0.028878463432192802
3,VITAMINA C+ZINC+D3,2026-03-29,3.0,2.122387170791626,0.877612829208374,0.877612829208374
4,AMOXICILINA 500MG,2026-03-29,0.0,0.028878463432192802,-0.028878463432192802,0.028878463432192802
4,AZITROMICINA 500MG,2026-03-29,0.0,0.028878463432192802,-0.028878463432192802,0.028878463432192802
4,DIMENHIDRINATO 50MG,2026-03-29,0.0,0.08770599216222763,-0.08770599216222763,0.08770599216222763
4,ENALAPRIL 10MG,2026-03-29,1.0,0.16911518573760986,0.8308848142623901,0.8308848142623901
4,IBUPROFENO TABX800,2026-03-29,0.0,0.028878463432192802,-0.028878463432192802,0.028878463432192802
4,LOPERAMIDA 2MG,2026-03-29,0.0,0.028878463432192802,-0.028878463432192802,0.028878463432192802
4,METFORMINA 850MG,2026-03-29,0.0,0.11629104614257812,-0.11629104614257812,0.11629104614257812
4,VITAMINA C+ZINC+D3,2026-03-29,3.0,1.2902531623840332,1.7097468376159668,1.7097468376159668
5,AMOXICILINA 500MG,2026-03-29,0.0,0.03941896930336952,-0.03941896930336952,0.03941896930336952
5,DIMENHIDRINATO 50MG,2026-03-29,0.0,0.03941896930336952,-0.03941896930336952,0.03941896930336952
5,ENALAPRIL 10MG,2026-03-29,2.0,0.41681501269340515,1.5831849873065948,1.5831849873065948
5,IBUPROFENO TABX800,2026-03-29,0.0,0.03941896930336952,-0.03941896930336952,0.03941896930336952
5,LOPERAMIDA 2MG,2026-03-29,0.0,0.03941896930336952,-0.03941896930336952,0.03941896930336952
5,METFORMINA 850MG,2026-03-29,0.0,0.08346252888441086,-0.08346252888441086,0.08346252888441086
5,PARACETAMOL 500MG,2026-03-29,0.0,0.03941896930336952,-0.03941896930336952,0.03941896930336952
5,VITAMINA C+ZINC+D3,2026-03-29,4.0,1.6127115488052368,2.387288451194763,2.387288451194763
6,AMOXICILINA 500MG,2026-03-29,0.0,0.028878463432192802,-0.028878463432192802,0.028878463432192802
6,AZITROMICINA 500MG,2026-03-29,0.0,0.028878463432192802,-0.028878463432192802,0.028878463432192802
6,DIMENHIDRINATO 50MG,2026-03-29,0.0,0.028878463432192802,-0.028878463432192802,0.028878463432192802
6,ENALAPRIL 10MG,2026-03-29,0.0,0.16105395555496216,-0.16105395555496216,0.16105395555496216
6,IBUPROFENO TABX800,2026-03-29,0.0,0.028878463432192802,-0.028878463432192802,0.028878463432192802
6,LOPERAMIDA 2MG,2026-03-29,0.0,0.028878463432192802,-0.028878463432192802,0.028878463432192802
6,METFORMINA 850MG,2026-03-29,0.0,0.07292202115058899,-0.07292202115058899,0.07292202115058899
6,VITAMINA C+ZINC+D3,2026-03-29,2.0,1.566169023513794,0.43383097648620605,0.43383097648620605
7,AMOXICILINA 500MG,2026-03-29,0.0,0.028878463432192802,-0.028878463432192802,0.028878463432192802
7,AZITROMICINA 500MG,2026-03-29,0.0,0.028878463432192802,-0.028878463432192802,0.028878463432192802
7,DIMENHIDRINATO 50MG,2026-03-29,0.0,0.028878463432192802,-0.028878463432192802,0.028878463432192802
7,ENALAPRIL 10MG,2026-03-29,0.0,0.11466557532548904,-0.11466557532548904,0.11466557532548904
7,IBUPROFENO TABX800,2026-03-29,0.0,0.028878463432192802,-0.028878463432192802,0.028878463432192802
7,METFORMINA 850MG,2026-03-29,0.0,0.07292202115058899,-0.07292202115058899,0.07292202115058899
7,PARACETAMOL 500MG,2026-03-29,0.0,0.028878463432192802,-0.028878463432192802,0.028878463432192802
7,VITAMINA C+ZINC+D3,2026-03-29,1.0,0.8382818102836609,0.1617181897163391,0.1617181897163391
8,AMOXICILINA 500MG,2026-03-29,0.0,0.023723267018795013,-0.023723267018795013,0.023723267018795013
8,AZITROMICINA 500MG,2026-03-29,0.0,0.023723267018795013,-0.023723267018795013,0.023723267018795013
8,DIMENHIDRINATO 50MG,2026-03-29,0.0,0.023723267018795013,-0.023723267018795013,0.023723267018795013
8,ENALAPRIL 10MG,2026-03-29,0.0,0.07735040783882141,-0.07735040783882141,0.07735040783882141
8,IBUPROFENO TABX800,2026-03-29,0.0,0.023723267018795013,-0.023723267018795013,0.023723267018795013
8,LOPERAMIDA 2MG,2026-03-29,0.0,0.023723267018795013,-0.023723267018795013,0.023723267018795013
8,METFORMINA 850MG,2026-03-29,0.0,0.06357015669345856,-0.06357015669345856,0.06357015669345856
8,PARACETAMOL 500MG,2026-03-29,0.0,0.023723267018795013,-0.023723267018795013,0.023723267018795013
8,VITAMINA C+ZINC+D3,2026-03-29,0.0,0.5030872225761414,-0.5030872225761414,0.5030872225761414
9,AMOXICILINA 500MG,2026-03-29,0.0,0.028878463432192802,-0.028878463432192802,0.028878463432192802
9,AZITROMICINA 500MG,2026-03-29,0.0,0.028878463432192802,-0.028878463432192802,0.028878463432192802
9,DIMENHIDRINATO 50MG,2026-03-29,0.0,0.028878463432192802,-0.028878463432192802,0.028878463432192802
9,ENALAPRIL 10MG,2026-03-29,1.0,0.11466557532548904,0.885334424674511,0.885334424674511
9,LOPERAMIDA 2MG,2026-03-29,0.0,0.028878463432192802,-0.028878463432192802,0.028878463432192802
9,METFORMINA 850MG,2026-03-29,0.0,0.07292202115058899,-0.07292202115058899,0.07292202115058899
9,PARACETAMOL 500MG,2026-03-29,0.0,0.028878463432192802,-0.028878463432192802,0.028878463432192802
9,VITAMINA C+ZINC+D3,2026-03-29,1.0,0.4894157350063324,0.5105842649936676,0.5105842649936676
10,AMOXICILINA 500MG,2026-03-29,0.0,0.028878463432192802,-0.028878463432192802,0.028878463432192802
10,AZITROMICINA 500MG,2026-03-29,0.0,0.07224752753973007,-0.07224752753973007,0.07224752753973007
10,DIMENHIDRINATO 50MG,2026-03-29,0.0,0.028878463432192802,-0.028878463432192802,0.028878463432192802
10,ENALAPRIL 10MG,2026-03-29,0.0,0.39195287227630615,-0.39195287227630615,0.39195287227630615
10,IBUPROFENO TABX800,2026-03-29,0.0,0.028878463432192802,-0.028878463432192802,0.028878463432192802
10,LOPERAMIDA 2MG,2026-03-29,0.0,0.028878463432192802,-0.028878463432192802,0.028878463432192802
10,PARACETAMOL 500MG,2026-03-29,0.0,0.028878463432192802,-0.028878463432192802,0.028878463432192802
10,VITAMINA C+ZINC+D3,2026-03-29,3.0,1.2515238523483276,1.7484761476516724,1.7484761476516724
11,AMOXICILINA 500MG,2026-03-29,0.0,0.026255208998918533,-0.026255208998918533,0.026255208998918533
11,AZITROMICINA 500MG,2026-03-29,0.0,0.0724390372633934,-0.0724390372633934,0.0724390372633934
11,DIMENHIDRINATO 50MG,2026-03-29,0.0,0.21229663491249084,-0.21229663491249084,0.21229663491249084
11,ENALAPRIL 10MG,2026-03-29,0.0,0.08391371369361877,-0.08391371369361877,0.08391371369361877
11,IBUPROFENO TABX800,2026-03-29,0.0,0.026255208998918533,-0.026255208998918533,0.026255208998918533
11,METFORMINA 850MG,2026-03-29,0.0,0.06828544288873672,-0.06828544288873672,0.06828544288873672
11,PARACETAMOL 500MG,2026-03-29,0.0,0.026255208998918533,-0.026255208998918533,0.026255208998918533
11,VITAMINA C+ZINC+D3,2026-03-29,1.0,0.8647115230560303,0.13528847694396973,0.13528847694396973
12,AMOXICILINA 500MG,2026-03-29,0.0,0.07224752753973007,-0.07224752753973007,0.07224752753973007
12,AZITROMICINA 500MG,2026-03-29,0.0,0.028878463432192802,-0.028878463432192802,0.028878463432192802
12,DIMENHIDRINATO 50MG,2026-03-29,0.0,0.028878463432192802,-0.028878463432192802,0.028878463432192802
12,ENALAPRIL 10MG,2026-03-29,0.0,0.2515673041343689,-0.2515673041343689,0.2515673041343689
12,IBUPROFENO TABX800,2026-03-29,0.0,0.028878463432192802,-0.028878463432192802,0.028878463432192802
12,METFORMINA 850MG,2026-03-29,0.0,0.07292202115058899,-0.07292202115058899,0.07292202115058899
12,PARACETAMOL 500MG,2026-03-29,0.0,0.028878463432192802,-0.028878463432192802,0.028878463432192802
12,VITAMINA C+ZINC+D3,2026-03-29,3.0,1.033776879310608,1.966223120689392,1.966223120689392
13,AMOXICILINA 500MG,2026-03-29,0.0,0.028878463432192802,-0.028878463432192802,0.028878463432192802
13,AZITROMICINA 500MG,2026-03-29,0.0,0.028878463432192802,-0.028878463432192802,0.028878463432192802
13,DIMENHIDRINATO 50MG,2026-03-29,0.0,0.028878463432192802,-0.028878463432192802,0.028878463432192802
13,ENALAPRIL 10MG,2026-03-29,0.0,0.1249980702996254,-0.1249980702996254,0.1249980702996254
13,IBUPROFENO TABX800,2026-03-29,0.0,0.028878463432192802,-0.028878463432192802,0.028878463432192802
13,METFORMINA 850MG,2026-03-29,0.0,0.07292202115058899,-0.07292202115058899,0.07292202115058899
13,OMEPRAZOL 20MG,2026-03-29,0.0,0.028878463432192802,-0.028878463432192802,0.028878463432192802
13,PARACETAMOL 500MG,2026-03-29,0.0,0.028878463432192802,-0.028878463432192802,0.028878463432192802
13,VITAMINA C+ZINC+D3,2026-03-29,0.0,0.7857183814048767,-0.7857183814048767,0.7857183814048767
14,AZITROMICINA 500MG,2026-03-29,0.0,0.028878463432192802,-0.028878463432192802,0.028878463432192802
14,DIMENHIDRINATO 50MG,2026-03-29,0.0,0.028878463432192802,-0.028878463432192802,0.028878463432192802
14,ENALAPRIL 10MG,2026-03-29,0.0,0.0865369662642479,-0.0865369662642479,0.0865369662642479
14,IBUPROFENO TABX800,2026-03-29,0.0,0.028878463432192802,-0.028878463432192802,0.028878463432192802
14,METFORMINA 850MG,2026-03-29,0.0,0.07292202115058899,-0.07292202115058899,0.07292202115058899
14,PARACETAMOL 500MG,2026-03-29,0.0,0.028878463432192802,-0.028878463432192802,0.028878463432192802
14,VITAMINA C+ZINC+D3,2026-03-29,0.0,1.5752124786376953,-1.5752124786376953,1.5752124786376953
15,AMOXICILINA 500MG,2026-03-29,0.0,0.028878463432192802,-0.028878463432192802,0.028878463432192802
15,AZITROMICINA 500MG,2026-03-29,0.0,0.028878463432192802,-0.028878463432192802,0.028878463432192802
15,DIMENHIDRINATO 50MG,2026-03-29,0.0,0.028878463432192802,-0.028878463432192802,0.028878463432192802
15,ENALAPRIL 10MG,2026-03-29,0.0,0.0865369662642479,-0.0865369662642479,0.0865369662642479
15,IBUPROFENO TABX800,2026-03-29,0.0,0.028878463432192802,-0.028878463432192802,0.028878463432192802
15,METFORMINA 850MG,2026-03-29,0.0,0.07292202115058899,-0.07292202115058899,0.07292202115058899
15,PARACETAMOL 500MG,2026-03-29,0.0,0.028878463432192802,-0.028878463432192802,0.028878463432192802
15,VITAMINA C+ZINC+D3,2026-03-29,0.0,0.6210329532623291,-0.6210329532623291,0.6210329532623291
16,AMOXICILINA 500MG,2026-03-29,0.0,0.028878463432192802,-0.028878463432192802,0.028878463432192802
16,AZITROMICINA 500MG,2026-03-29,0.0,0.11573956161737442,-0.11573956161737442,0.11573956161737442
16,DIMENHIDRINATO 50MG,2026-03-29,0.0,0.028878463432192802,-0.028878463432192802,0.028878463432192802
16,ENALAPRIL 10MG,2026-03-29,0.0,0.11466557532548904,-0.11466557532548904,0.11466557532548904
16,IBUPROFENO TABX800,2026-03-29,0.0,0.028878463432192802,-0.028878463432192802,0.028878463432192802
16,LOPERAMIDA 2MG,2026-03-29,0.0,0.028878463432192802,-0.028878463432192802,0.028878463432192802
16,METFORMINA 850MG,2026-03-29,1.0,0.07292202115058899,0.927077978849411,0.927077978849411
16,PARACETAMOL 500MG,2026-03-29,0.0,0.028878463432192802,-0.028878463432192802,0.028878463432192802
16,VITAMINA C+ZINC+D3,2026-03-29,1.0,0.8486142754554749,0.15138572454452515,0.15138572454452515
17,AMOXICILINA 500MG,2026-03-29,0.0,0.028878463432192802,-0.028878463432192802,0.028878463432192802
17,AZITROMICINA 500MG,2026-03-29,0.0,0.028878463432192802,-0.028878463432192802,0.028878463432192802
17,ENALAPRIL 10MG,2026-03-29,0.0,0.0865369662642479,-0.0865369662642479,0.0865369662642479
17,IBUPROFENO TABX800,2026-03-29,0.0,0.028878463432192802,-0.028878463432192802,0.028878463432192802
17,LOPERAMIDA 2MG,2026-03-29,0.0,0.028878463432192802,-0.028878463432192802,0.028878463432192802
17,PARACETAMOL 500MG,2026-03-29,0.0,0.028878463432192802,-0.028878463432192802,0.028878463432192802
18,AZITROMICINA 500MG,2026-03-29,0.0,0.028878463432192802,-0.028878463432192802,0.028878463432192802
18,DIMENHIDRINATO 50MG,2026-03-29,0.0,0.028878463432192802,-0.028878463432192802,0.028878463432192802
18,LOPERAMIDA 2MG,2026-03-29,0.0,0.028878463432192802,-0.028878463432192802,0.028878463432192802
1,AMOXICILINA 500MG,2026-04-05,0.0,0.0934816300868988,-0.0934816300868988,0.0934816300868988
1,AZITROMICINA 500MG,2026-04-05,0.0,0.028878463432192802,-0.028878463432192802,0.028878463432192802
1,DIMENHIDRINATO 50MG,2026-04-05,0.0,0.028878463432192802,-0.028878463432192802,0.028878463432192802
1,ENALAPRIL 10MG,2026-04-05,0.0,0.17533335089683533,-0.17533335089683533,0.17533335089683533
1,IBUPROFENO TABX800,2026-04-05,0.0,0.028878463432192802,-0.028878463432192802,0.028878463432192802
1,LOPERAMIDA 2MG,2026-04-05,0.0,0.028878463432192802,-0.028878463432192802,0.028878463432192802
1,METFORMINA 850MG,2026-04-05,0.0,0.1154022291302681,-0.1154022291302681,0.1154022291302681
1,PARACETAMOL 500MG,2026-04-05,0.0,0.028878463432192802,-0.028878463432192802,0.028878463432192802
1,VITAMINA C+ZINC+D3,2026-04-05,1.0,1.8789646625518799,-0.8789646625518799,0.8789646625518799
2,AMOXICILINA 500MG,2026-04-05,0.0,0.03681054711341858,-0.03681054711341858,0.03681054711341858
2,AZITROMICINA 500MG,2026-04-05,0.0,0.03681054711341858,-0.03681054711341858,0.03681054711341858
2,DIMENHIDRINATO 50MG,2026-04-05,0.0,0.03681054711341858,-0.03681054711341858,0.03681054711341858
2,ENALAPRIL 10MG,2026-04-05,1.0,0.1917373389005661,0.8082626610994339,0.8082626610994339
2,IBUPROFENO TABX800,2026-04-05,0.0,0.03681054711341858,-0.03681054711341858,0.03681054711341858
2,LOPERAMIDA 2MG,2026-04-05,0.0,0.03681054711341858,-0.03681054711341858,0.03681054711341858
2,METFORMINA 850MG,2026-04-05,1.0,0.08085409551858902,0.919145904481411,0.919145904481411
2,PARACETAMOL 500MG,2026-04-05,0.0,0.03681054711341858,-0.03681054711341858,0.03681054711341858
2,VITAMINA C+ZINC+D3,2026-04-05,0.0,1.4704556465148926,-1.4704556465148926,1.4704556465148926
3,AZITROMICINA 500MG,2026-04-05,0.0,0.028878463432192802,-0.028878463432192802,0.028878463432192802
3,DIMENHIDRINATO 50MG,2026-04-05,0.0,0.028878463432192802,-0.028878463432192802,0.028878463432192802
3,ENALAPRIL 10MG,2026-04-05,0.0,0.5723289847373962,-0.5723289847373962,0.5723289847373962
3,IBUPROFENO TABX800,2026-04-05,0.0,0.028878463432192802,-0.028878463432192802,0.028878463432192802
3,LOPERAMIDA 2MG,2026-04-05,0.0,0.028878463432192802,-0.028878463432192802,0.028878463432192802
3,METFORMINA 850MG,2026-04-05,0.0,0.5726795792579651,-0.5726795792579651,0.5726795792579651
3,PARACETAMOL 500MG,2026-04-05,0.0,0.028878463432192802,-0.028878463432192802,0.028878463432192802
3,VITAMINA C+ZINC+D3,2026-04-05,3.0,2.3609533309936523,0.6390466690063477,0.6390466690063477
4,AMOXICILINA 500MG,2026-04-05,0.0,0.028878463432192802,-0.028878463432192802,0.028878463432192802
4,AZITROMICINA 500MG,2026-04-05,0.0,0.028878463432192802,-0.028878463432192802,0.028878463432192802
4,DIMENHIDRINATO 50MG,2026-04-05,0.0,0.06191501021385193,-0.06191501021385193,0.06191501021385193
4,ENALAPRIL 10MG,2026-04-05,1.0,0.1650008261203766,0.8349991738796234,0.8349991738796234
4,IBUPROFENO TABX800,2026-04-05,0.0,0.028878463432192802,-0.028878463432192802,0.028878463432192802
4,LOPERAMIDA 2MG,2026-04-05,0.0,0.028878463432192802,-0.028878463432192802,0.028878463432192802
4,METFORMINA 850MG,2026-04-05,0.0,0.07292202115058899,-0.07292202115058899,0.07292202115058899
4,VITAMINA C+ZINC+D3,2026-04-05,0.0,1.5051171779632568,-1.5051171779632568,1.5051171779632568
5,DIMENHIDRINATO 50MG,2026-04-05,0.0,0.03941896930336952,-0.03941896930336952,0.03941896930336952
5,ENALAPRIL 10MG,2026-04-05,0.0,0.5425329804420471,-0.5425329804420471,0.5425329804420471
5,IBUPROFENO TABX800,2026-04-05,0.0,0.03941896930336952,-0.03941896930336952,0.03941896930336952
5,LOPERAMIDA 2MG,2026-04-05,0.0,0.03941896930336952,-0.03941896930336952,0.03941896930336952
5,METFORMINA 850MG,2026-04-05,0.0,0.08346252888441086,-0.08346252888441086,0.08346252888441086
5,PARACETAMOL 500MG,2026-04-05,0.0,0.03941896930336952,-0.03941896930336952,0.03941896930336952
5,VITAMINA C+ZINC+D3,2026-04-05,1.0,1.6225663423538208,-0.6225663423538208,0.6225663423538208
6,AMOXICILINA 500MG,2026-04-05,0.0,0.028878463432192802,-0.028878463432192802,0.028878463432192802
6,AZITROMICINA 500MG,2026-04-05,0.0,0.028878463432192802,-0.028878463432192802,0.028878463432192802
6,DIMENHIDRINATO 50MG,2026-04-05,0.0,0.028878463432192802,-0.028878463432192802,0.028878463432192802
6,ENALAPRIL 10MG,2026-04-05,0.0,0.13961350917816162,-0.13961350917816162,0.13961350917816162
6,IBUPROFENO TABX800,2026-04-05,0.0,0.028878463432192802,-0.028878463432192802,0.028878463432192802
6,LOPERAMIDA 2MG,2026-04-05,0.0,0.028878463432192802,-0.028878463432192802,0.028878463432192802
6,METFORMINA 850MG,2026-04-05,0.0,0.07292202115058899,-0.07292202115058899,0.07292202115058899
6,VITAMINA C+ZINC+D3,2026-04-05,1.0,1.3080358505249023,-0.30803585052490234,0.30803585052490234
7,AMOXICILINA 500MG,2026-04-05,0.0,0.028878463432192802,-0.028878463432192802,0.028878463432192802
7,AZITROMICINA 500MG,2026-04-05,0.0,0.028878463432192802,-0.028878463432192802,0.028878463432192802
7,DIMENHIDRINATO 50MG,2026-04-05,0.0,0.028878463432192802,-0.028878463432192802,0.028878463432192802
7,ENALAPRIL 10MG,2026-04-05,0.0,0.11466557532548904,-0.11466557532548904,0.11466557532548904
7,IBUPROFENO TABX800,2026-04-05,0.0,0.028878463432192802,-0.028878463432192802,0.028878463432192802
7,METFORMINA 850MG,2026-04-05,0.0,0.07292202115058899,-0.07292202115058899,0.07292202115058899
7,PARACETAMOL 500MG,2026-04-05,0.0,0.028878463432192802,-0.028878463432192802,0.028878463432192802
7,VITAMINA C+ZINC+D3,2026-04-05,0.0,0.8519918918609619,-0.8519918918609619,0.8519918918609619
8,AMOXICILINA 500MG,2026-04-05,0.0,0.023723267018795013,-0.023723267018795013,0.023723267018795013
8,AZITROMICINA 500MG,2026-04-05,0.0,0.023723267018795013,-0.023723267018795013,0.023723267018795013
8,DIMENHIDRINATO 50MG,2026-04-05,0.0,0.023723267018795013,-0.023723267018795013,0.023723267018795013
8,ENALAPRIL 10MG,2026-04-05,0.0,0.07735040783882141,-0.07735040783882141,0.07735040783882141
8,IBUPROFENO TABX800,2026-04-05,0.0,0.023723267018795013,-0.023723267018795013,0.023723267018795013
8,LOPERAMIDA 2MG,2026-04-05,0.0,0.023723267018795013,-0.023723267018795013,0.023723267018795013
8,METFORMINA 850MG,2026-04-05,0.0,0.06357015669345856,-0.06357015669345856,0.06357015669345856
8,PARACETAMOL 500MG,2026-04-05,0.0,0.023723267018795013,-0.023723267018795013,0.023723267018795013
8,VITAMINA C+ZINC+D3,2026-04-05,0.0,0.48661771416664124,-0.48661771416664124,0.48661771416664124
9,AMOXICILINA 500MG,2026-04-05,0.0,0.028878463432192802,-0.028878463432192802,0.028878463432192802
9,AZITROMICINA 500MG,2026-04-05,0.0,0.028878463432192802,-0.028878463432192802,0.028878463432192802
9,DIMENHIDRINATO 50MG,2026-04-05,0.0,0.028878463432192802,-0.028878463432192802,0.028878463432192802
9,ENALAPRIL 10MG,2026-04-05,0.0,0.1713864803314209,-0.1713864803314209,0.1713864803314209
9,LOPERAMIDA 2MG,2026-04-05,0.0,0.028878463432192802,-0.028878463432192802,0.028878463432192802
9,METFORMINA 850MG,2026-04-05,0.0,0.07292202115058899,-0.07292202115058899,0.07292202115058899
9,PARACETAMOL 500MG,2026-04-05,0.0,0.028878463432192802,-0.028878463432192802,0.028878463432192802
9,VITAMINA C+ZINC+D3,2026-04-05,1.0,0.49944785237312317,0.5005521476268768,0.5005521476268768
10,AMOXICILINA 500MG,2026-04-05,0.0,0.028878463432192802,-0.028878463432192802,0.028878463432192802
10,AZITROMICINA 500MG,2026-04-05,0.0,0.028878463432192802,-0.028878463432192802,0.028878463432192802
10,DIMENHIDRINATO 50MG,2026-04-05,0.0,0.028878463432192802,-0.028878463432192802,0.028878463432192802
10,ENALAPRIL 10MG,2026-04-05,1.0,0.1713864803314209,0.8286135196685791,0.8286135196685791
10,IBUPROFENO TABX800,2026-04-05,0.0,0.028878463432192802,-0.028878463432192802,0.028878463432192802
10,LOPERAMIDA 2MG,2026-04-05,0.0,0.028878463432192802,-0.028878463432192802,0.028878463432192802
10,PARACETAMOL 500MG,2026-04-05,0.0,0.028878463432192802,-0.028878463432192802,0.028878463432192802
10,VITAMINA C+ZINC+D3,2026-04-05,2.0,0.9924308061599731,1.0075691938400269,1.0075691938400269
11,AMOXICILINA 500MG,2026-04-05,0.0,0.026255208998918533,-0.026255208998918533,0.026255208998918533
11,AZITROMICINA 500MG,2026-04-05,0.0,0.0724390372633934,-0.0724390372633934,0.0724390372633934
11,DIMENHIDRINATO 50MG,2026-04-05,0.0,0.21229663491249084,-0.21229663491249084,0.21229663491249084
11,ENALAPRIL 10MG,2026-04-05,0.0,0.08391371369361877,-0.08391371369361877,0.08391371369361877
11,IBUPROFENO TABX800,2026-04-05,0.0,0.026255208998918533,-0.026255208998918533,0.026255208998918533
11,METFORMINA 850MG,2026-04-05,0.0,0.06828544288873672,-0.06828544288873672,0.06828544288873672
11,PARACETAMOL 500MG,2026-04-05,0.0,0.026255208998918533,-0.026255208998918533,0.026255208998918533
11,VITAMINA C+ZINC+D3,2026-04-05,2.0,0.820125162601471,1.179874837398529,1.179874837398529
12,AMOXICILINA 500MG,2026-04-05,0.0,0.028878463432192802,-0.028878463432192802,0.028878463432192802
12,AZITROMICINA 500MG,2026-04-05,0.0,0.028878463432192802,-0.028878463432192802,0.028878463432192802
12,DIMENHIDRINATO 50MG,2026-04-05,0.0,0.028878463432192802,-0.028878463432192802,0.028878463432192802
12,ENALAPRIL 10MG,2026-04-05,0.0,0.17533335089683533,-0.17533335089683533,0.17533335089683533
12,IBUPROFENO TABX800,2026-04-05,0.0,0.028878463432192802,-0.028878463432192802,0.028878463432192802
12,METFORMINA 850MG,2026-04-05,0.0,0.07292202115058899,-0.07292202115058899,0.07292202115058899
12,PARACETAMOL 500MG,2026-04-05,0.0,0.028878463432192802,-0.028878463432192802,0.028878463432192802
12,VITAMINA C+ZINC+D3,2026-04-05,1.0,1.2456669807434082,-0.2456669807434082,0.2456669807434082
13,AMOXICILINA 500MG,2026-04-05,0.0,0.028878463432192802,-0.028878463432192802,0.028878463432192802
13,AZITROMICINA 500MG,2026-04-05,0.0,0.028878463432192802,-0.028878463432192802,0.028878463432192802
13,DIMENHIDRINATO 50MG,2026-04-05,0.0,0.028878463432192802,-0.028878463432192802,0.028878463432192802
13,ENALAPRIL 10MG,2026-04-05,0.0,0.0865369662642479,-0.0865369662642479,0.0865369662642479
13,IBUPROFENO TABX800,2026-04-05,0.0,0.028878463432192802,-0.028878463432192802,0.028878463432192802
13,METFORMINA 850MG,2026-04-05,0.0,0.07292202115058899,-0.07292202115058899,0.07292202115058899
13,OMEPRAZOL 20MG,2026-04-05,0.0,0.028878463432192802,-0.028878463432192802,0.028878463432192802
13,PARACETAMOL 500MG,2026-04-05,0.0,0.028878463432192802,-0.028878463432192802,0.028878463432192802
13,VITAMINA C+ZINC+D3,2026-04-05,0.0,0.7372398972511292,-0.7372398972511292,0.7372398972511292
14,AZITROMICINA 500MG,2026-04-05,0.0,0.028878463432192802,-0.028878463432192802,0.028878463432192802
14,DIMENHIDRINATO 50MG,2026-04-05,0.0,0.028878463432192802,-0.028878463432192802,0.028878463432192802
14,ENALAPRIL 10MG,2026-04-05,1.0,0.0865369662642479,0.9134630337357521,0.9134630337357521
14,IBUPROFENO TABX800,2026-04-05,0.0,0.028878463432192802,-0.028878463432192802,0.028878463432192802
14,METFORMINA 850MG,2026-04-05,0.0,0.07292202115058899,-0.07292202115058899,0.07292202115058899
14,PARACETAMOL 500MG,2026-04-05,0.0,0.028878463432192802,-0.028878463432192802,0.028878463432192802
14,VITAMINA C+ZINC+D3,2026-04-05,1.0,1.405415415763855,-0.405415415763855,0.405415415763855
15,AMOXICILINA 500MG,2026-04-05,0.0,0.028878463432192802,-0.028878463432192802,0.028878463432192802
15,AZITROMICINA 500MG,2026-04-05,0.0,0.028878463432192802,-0.028878463432192802,0.028878463432192802
15,DIMENHIDRINATO 50MG,2026-04-05,0.0,0.028878463432192802,-0.028878463432192802,0.028878463432192802
15,ENALAPRIL 10MG,2026-04-05,0.0,0.0865369662642479,-0.0865369662642479,0.0865369662642479
15,IBUPROFENO TABX800,2026-04-05,0.0,0.028878463432192802,-0.028878463432192802,0.028878463432192802
15,METFORMINA 850MG,2026-04-05,0.0,0.07292202115058899,-0.07292202115058899,0.07292202115058899
15,PARACETAMOL 500MG,2026-04-05,0.0,0.028878463432192802,-0.028878463432192802,0.028878463432192802
15,VITAMINA C+ZINC+D3,2026-04-05,2.0,0.6496201157569885,1.3503798842430115,1.3503798842430115
16,AMOXICILINA 500MG,2026-04-05,0.0,0.028878463432192802,-0.028878463432192802,0.028878463432192802
16,AZITROMICINA 500MG,2026-04-05,0.0,0.08770599216222763,-0.08770599216222763,0.08770599216222763
16,DIMENHIDRINATO 50MG,2026-04-05,0.0,0.028878463432192802,-0.028878463432192802,0.028878463432192802
16,ENALAPRIL 10MG,2026-04-05,0.0,0.11466557532548904,-0.11466557532548904,0.11466557532548904
16,IBUPROFENO TABX800,2026-04-05,0.0,0.028878463432192802,-0.028878463432192802,0.028878463432192802
16,LOPERAMIDA 2MG,2026-04-05,0.0,0.028878463432192802,-0.028878463432192802,0.028878463432192802
16,METFORMINA 850MG,2026-04-05,0.0,0.1154022291302681,-0.1154022291302681,0.1154022291302681
16,PARACETAMOL 500MG,2026-04-05,0.0,0.028878463432192802,-0.028878463432192802,0.028878463432192802
16,VITAMINA C+ZINC+D3,2026-04-05,1.0,0.8519918918609619,0.14800810813903809,0.14800810813903809
17,AMOXICILINA 500MG,2026-04-05,0.0,0.028878463432192802,-0.028878463432192802,0.028878463432192802
17,AZITROMICINA 500MG,2026-04-05,0.0,0.028878463432192802,-0.028878463432192802,0.028878463432192802
17,ENALAPRIL 10MG,2026-04-05,0.0,0.0865369662642479,-0.0865369662642479,0.0865369662642479
17,IBUPROFENO TABX800,2026-04-05,0.0,0.028878463432192802,-0.028878463432192802,0.028878463432192802
17,LOPERAMIDA 2MG,2026-04-05,0.0,0.028878463432192802,-0.028878463432192802,0.028878463432192802
17,PARACETAMOL 500MG,2026-04-05,0.0,0.028878463432192802,-0.028878463432192802,0.028878463432192802
18,AZITROMICINA 500MG,2026-04-05,0.0,0.028878463432192802,-0.028878463432192802,0.028878463432192802
18,DIMENHIDRINATO 50MG,2026-04-05,0.0,0.028878463432192802,-0.028878463432192802,0.028878463432192802
18,LOPERAMIDA 2MG,2026-04-05,0.0,0.028878463432192802,-0.028878463432192802,0.028878463432192802
1,AMOXICILINA 500MG,2026-04-12,0.0,0.06191501021385193,-0.06191501021385193,0.06191501021385193
1,AZITROMICINA 500MG,2026-04-12,0.0,0.028878463432192802,-0.028878463432192802,0.028878463432192802
1,DIMENHIDRINATO 50MG,2026-04-12,0.0,0.028878463432192802,-0.028878463432192802,0.028878463432192802
1,ENALAPRIL 10MG,2026-04-12,0.0,0.1794477105140686,-0.1794477105140686,0.1794477105140686
1,IBUPROFENO TABX800,2026-04-12,0.0,0.028878463432192802,-0.028878463432192802,0.028878463432192802
1,LOPERAMIDA 2MG,2026-04-12,0.0,0.028878463432192802,-0.028878463432192802,0.028878463432192802
1,METFORMINA 850MG,2026-04-12,1.0,0.138536274433136,0.861463725566864,0.861463725566864
1,PARACETAMOL 500MG,2026-04-12,1.0,0.028878463432192802,0.9711215365678072,0.9711215365678072
1,VITAMINA C+ZINC+D3,2026-04-12,1.0,1.8175990581512451,-0.8175990581512451,0.8175990581512451
2,AMOXICILINA 500MG,2026-04-12,0.0,0.03681054711341858,-0.03681054711341858,0.03681054711341858
2,AZITROMICINA 500MG,2026-04-12,0.0,0.03681054711341858,-0.03681054711341858,0.03681054711341858
2,DIMENHIDRINATO 50MG,2026-04-12,0.0,0.03681054711341858,-0.03681054711341858,0.03681054711341858
2,ENALAPRIL 10MG,2026-04-12,0.0,0.18140481412410736,-0.18140481412410736,0.18140481412410736
2,IBUPROFENO TABX800,2026-04-12,0.0,0.03681054711341858,-0.03681054711341858,0.03681054711341858
2,LOPERAMIDA 2MG,2026-04-12,0.0,0.03681054711341858,-0.03681054711341858,0.03681054711341858
2,METFORMINA 850MG,2026-04-12,0.0,0.12333430349826813,-0.12333430349826813,0.12333430349826813
2,PARACETAMOL 500MG,2026-04-12,0.0,0.03681054711341858,-0.03681054711341858,0.03681054711341858
2,VITAMINA C+ZINC+D3,2026-04-12,0.0,1.4125652313232422,-1.4125652313232422,1.4125652313232422
3,AZITROMICINA 500MG,2026-04-12,0.0,0.028878463432192802,-0.028878463432192802,0.028878463432192802
3,DIMENHIDRINATO 50MG,2026-04-12,0.0,0.028878463432192802,-0.028878463432192802,0.028878463432192802
3,ENALAPRIL 10MG,2026-04-12,0.0,0.5209927558898926,-0.5209927558898926,0.5209927558898926
3,IBUPROFENO TABX800,2026-04-12,0.0,0.028878463432192802,-0.028878463432192802,0.028878463432192802
3,LOPERAMIDA 2MG,2026-04-12,0.0,0.028878463432192802,-0.028878463432192802,0.028878463432192802
3,METFORMINA 850MG,2026-04-12,0.0,0.6218242645263672,-0.6218242645263672,0.6218242645263672
3,PARACETAMOL 500MG,2026-04-12,0.0,0.028878463432192802,-0.028878463432192802,0.028878463432192802
3,VITAMINA C+ZINC+D3,2026-04-12,6.0,2.0736827850341797,3.9263172149658203,3.9263172149658203
4,AMOXICILINA 500MG,2026-04-12,0.0,0.028878463432192802,-0.028878463432192802,0.028878463432192802
4,AZITROMICINA 500MG,2026-04-12,0.0,0.028878463432192802,-0.028878463432192802,0.028878463432192802
4,DIMENHIDRINATO 50MG,2026-04-12,0.0,0.06191501021385193,-0.06191501021385193,0.06191501021385193
4,ENALAPRIL 10MG,2026-04-12,0.0,0.2659556269645691,-0.2659556269645691,0.2659556269645691
4,IBUPROFENO TABX800,2026-04-12,0.0,0.028878463432192802,-0.028878463432192802,0.028878463432192802
4,LOPERAMIDA 2MG,2026-04-12,0.0,0.028878463432192802,-0.028878463432192802,0.028878463432192802
4,METFORMINA 850MG,2026-04-12,0.0,0.07292202115058899,-0.07292202115058899,0.07292202115058899
4,VITAMINA C+ZINC+D3,2026-04-12,1.0,1.2487342357635498,-0.2487342357635498,0.2487342357635498
5,DIMENHIDRINATO 50MG,2026-04-12,0.0,0.03941896930336952,-0.03941896930336952,0.03941896930336952
5,ENALAPRIL 10MG,2026-04-12,1.0,0.7537603974342346,0.24623960256576538,0.24623960256576538
5,IBUPROFENO TABX800,2026-04-12,0.0,0.03941896930336952,-0.03941896930336952,0.03941896930336952
5,LOPERAMIDA 2MG,2026-04-12,0.0,0.03941896930336952,-0.03941896930336952,0.03941896930336952
5,METFORMINA 850MG,2026-04-12,0.0,0.08346252888441086,-0.08346252888441086,0.08346252888441086
5,PARACETAMOL 500MG,2026-04-12,0.0,0.03941896930336952,-0.03941896930336952,0.03941896930336952
5,VITAMINA C+ZINC+D3,2026-04-12,0.0,1.9728237390518188,-1.9728237390518188,1.9728237390518188
6,AMOXICILINA 500MG,2026-04-12,0.0,0.028878463432192802,-0.028878463432192802,0.028878463432192802
6,AZITROMICINA 500MG,2026-04-12,0.0,0.028878463432192802,-0.028878463432192802,0.028878463432192802
6,DIMENHIDRINATO 50MG,2026-04-12,0.0,0.028878463432192802,-0.028878463432192802,0.028878463432192802
6,ENALAPRIL 10MG,2026-04-12,0.0,0.13961350917816162,-0.13961350917816162,0.13961350917816162
6,IBUPROFENO TABX800,2026-04-12,0.0,0.028878463432192802,-0.028878463432192802,0.028878463432192802
6,LOPERAMIDA 2MG,2026-04-12,0.0,0.028878463432192802,-0.028878463432192802,0.028878463432192802
6,METFORMINA 850MG,2026-04-12,0.0,0.07292202115058899,-0.07292202115058899,0.07292202115058899
6,VITAMINA C+ZINC+D3,2026-04-12,1.0,1.2613773345947266,-0.26137733459472656,0.26137733459472656
7,AMOXICILINA 500MG,2026-04-12,0.0,0.028878463432192802,-0.028878463432192802,0.028878463432192802
7,AZITROMICINA 500MG,2026-04-12,0.0,0.028878463432192802,-0.028878463432192802,0.028878463432192802
7,DIMENHIDRINATO 50MG,2026-04-12,0.0,0.028878463432192802,-0.028878463432192802,0.028878463432192802
7,ENALAPRIL 10MG,2026-04-12,0.0,0.1249980702996254,-0.1249980702996254,0.1249980702996254
7,IBUPROFENO TABX800,2026-04-12,0.0,0.028878463432192802,-0.028878463432192802,0.028878463432192802
7,METFORMINA 850MG,2026-04-12,0.0,0.07292202115058899,-0.07292202115058899,0.07292202115058899
7,PARACETAMOL 500MG,2026-04-12,0.0,0.028878463432192802,-0.028878463432192802,0.028878463432192802
7,VITAMINA C+ZINC+D3,2026-04-12,1.0,0.8970484733581543,0.1029515266418457,0.1029515266418457
8,AMOXICILINA 500MG,2026-04-12,0.0,0.023723267018795013,-0.023723267018795013,0.023723267018795013
8,AZITROMICINA 500MG,2026-04-12,0.0,0.023723267018795013,-0.023723267018795013,0.023723267018795013
8,DIMENHIDRINATO 50MG,2026-04-12,0.0,0.023723267018795013,-0.023723267018795013,0.023723267018795013
8,ENALAPRIL 10MG,2026-04-12,0.0,0.07735040783882141,-0.07735040783882141,0.07735040783882141
8,IBUPROFENO TABX800,2026-04-12,0.0,0.023723267018795013,-0.023723267018795013,0.023723267018795013
8,LOPERAMIDA 2MG,2026-04-12,0.0,0.023723267018795013,-0.023723267018795013,0.023723267018795013
8,METFORMINA 850MG,2026-04-12,0.0,0.06357015669345856,-0.06357015669345856,0.06357015669345856
8,PARACETAMOL 500MG,2026-04-12,0.0,0.023723267018795013,-0.023723267018795013,0.023723267018795013
8,VITAMINA C+ZINC+D3,2026-04-12,1.0,0.48661771416664124,0.5133822858333588,0.5133822858333588
9,AMOXICILINA 500MG,2026-04-12,0.0,0.028878463432192802,-0.028878463432192802,0.028878463432192802
9,AZITROMICINA 500MG,2026-04-12,0.0,0.028878463432192802,-0.028878463432192802,0.028878463432192802
9,DIMENHIDRINATO 50MG,2026-04-12,0.0,0.028878463432192802,-0.028878463432192802,0.028878463432192802
9,ENALAPRIL 10MG,2026-04-12,0.0,0.14416714012622833,-0.14416714012622833,0.14416714012622833
9,LOPERAMIDA 2MG,2026-04-12,0.0,0.028878463432192802,-0.028878463432192802,0.028878463432192802
9,METFORMINA 850MG,2026-04-12,0.0,0.07292202115058899,-0.07292202115058899,0.07292202115058899
9,PARACETAMOL 500MG,2026-04-12,0.0,0.028878463432192802,-0.028878463432192802,0.028878463432192802
9,VITAMINA C+ZINC+D3,2026-04-12,1.0,0.5617302656173706,0.4382697343826294,0.4382697343826294
10,AMOXICILINA 500MG,2026-04-12,0.0,0.028878463432192802,-0.028878463432192802,0.028878463432192802
10,AZITROMICINA 500MG,2026-04-12,0.0,0.028878463432192802,-0.028878463432192802,0.028878463432192802
10,DIMENHIDRINATO 50MG,2026-04-12,0.0,0.028878463432192802,-0.028878463432192802,0.028878463432192802
10,ENALAPRIL 10MG,2026-04-12,2.0,0.16105395555496216,1.8389460444450378,1.8389460444450378
10,IBUPROFENO TABX800,2026-04-12,0.0,0.028878463432192802,-0.028878463432192802,0.028878463432192802
10,LOPERAMIDA 2MG,2026-04-12,0.0,0.028878463432192802,-0.028878463432192802,0.028878463432192802
10,PARACETAMOL 500MG,2026-04-12,0.0,0.028878463432192802,-0.028878463432192802,0.028878463432192802
10,VITAMINA C+ZINC+D3,2026-04-12,2.0,1.334312915802002,0.665687084197998,0.665687084197998
11,AMOXICILINA 500MG,2026-04-12,0.0,0.026255208998918533,-0.026255208998918533,0.026255208998918533
11,AZITROMICINA 500MG,2026-04-12,0.0,0.046648066490888596,-0.046648066490888596,0.046648066490888596
11,DIMENHIDRINATO 50MG,2026-04-12,0.0,0.09659217298030853,-0.09659217298030853,0.09659217298030853
11,ENALAPRIL 10MG,2026-04-12,0.0,0.08391371369361877,-0.08391371369361877,0.08391371369361877
11,IBUPROFENO TABX800,2026-04-12,0.0,0.026255208998918533,-0.026255208998918533,0.026255208998918533
11,LOPERAMIDA 2MG,2026-04-12,0.0,0.026255208998918533,-0.026255208998918533,0.026255208998918533
11,METFORMINA 850MG,2026-04-12,0.0,0.06828544288873672,-0.06828544288873672,0.06828544288873672
11,PARACETAMOL 500MG,2026-04-12,0.0,0.026255208998918533,-0.026255208998918533,0.026255208998918533
11,VITAMINA C+ZINC+D3,2026-04-12,0.0,1.0066180229187012,-1.0066180229187012,1.0066180229187012
12,AMOXICILINA 500MG,2026-04-12,0.0,0.028878463432192802,-0.028878463432192802,0.028878463432192802
12,AZITROMICINA 500MG,2026-04-12,0.0,0.028878463432192802,-0.028878463432192802,0.028878463432192802
12,DIMENHIDRINATO 50MG,2026-04-12,0.0,0.028878463432192802,-0.028878463432192802,0.028878463432192802
12,ENALAPRIL 10MG,2026-04-12,0.0,0.14356039464473724,-0.14356039464473724,0.14356039464473724
12,IBUPROFENO TABX800,2026-04-12,0.0,0.028878463432192802,-0.028878463432192802,0.028878463432192802
12,METFORMINA 850MG,2026-04-12,0.0,0.07292202115058899,-0.07292202115058899,0.07292202115058899
12,PARACETAMOL 500MG,2026-04-12,0.0,0.028878463432192802,-0.028878463432192802,0.028878463432192802
12,VITAMINA C+ZINC+D3,2026-04-12,1.0,1.099292516708374,-0.09929251670837402,0.09929251670837402
13,AMOXICILINA 500MG,2026-04-12,0.0,0.028878463432192802,-0.028878463432192802,0.028878463432192802
13,AZITROMICINA 500MG,2026-04-12,0.0,0.028878463432192802,-0.028878463432192802,0.028878463432192802
13,DIMENHIDRINATO 50MG,2026-04-12,0.0,0.028878463432192802,-0.028878463432192802,0.028878463432192802
13,ENALAPRIL 10MG,2026-04-12,0.0,0.0865369662642479,-0.0865369662642479,0.0865369662642479
13,IBUPROFENO TABX800,2026-04-12,0.0,0.028878463432192802,-0.028878463432192802,0.028878463432192802
13,METFORMINA 850MG,2026-04-12,0.0,0.07292202115058899,-0.07292202115058899,0.07292202115058899
13,PARACETAMOL 500MG,2026-04-12,0.0,0.028878463432192802,-0.028878463432192802,0.028878463432192802
13,VITAMINA C+ZINC+D3,2026-04-12,0.0,0.5880341529846191,-0.5880341529846191,0.5880341529846191
14,AZITROMICINA 500MG,2026-04-12,0.0,0.028878463432192802,-0.028878463432192802,0.028878463432192802
14,DIMENHIDRINATO 50MG,2026-04-12,0.0,0.028878463432192802,-0.028878463432192802,0.028878463432192802
14,ENALAPRIL 10MG,2026-04-12,0.0,0.13610590994358063,-0.13610590994358063,0.13610590994358063
14,IBUPROFENO TABX800,2026-04-12,0.0,0.028878463432192802,-0.028878463432192802,0.028878463432192802
14,METFORMINA 850MG,2026-04-12,0.0,0.07292202115058899,-0.07292202115058899,0.07292202115058899
14,PARACETAMOL 500MG,2026-04-12,0.0,0.028878463432192802,-0.028878463432192802,0.028878463432192802
14,VITAMINA C+ZINC+D3,2026-04-12,4.0,1.461195707321167,2.538804292678833,2.538804292678833
15,AMOXICILINA 500MG,2026-04-12,0.0,0.028878463432192802,-0.028878463432192802,0.028878463432192802
15,AZITROMICINA 500MG,2026-04-12,0.0,0.028878463432192802,-0.028878463432192802,0.028878463432192802
15,DIMENHIDRINATO 50MG,2026-04-12,0.0,0.028878463432192802,-0.028878463432192802,0.028878463432192802
15,ENALAPRIL 10MG,2026-04-12,1.0,0.0865369662642479,0.9134630337357521,0.9134630337357521
15,IBUPROFENO TABX800,2026-04-12,0.0,0.028878463432192802,-0.028878463432192802,0.028878463432192802
15,METFORMINA 850MG,2026-04-12,0.0,0.07292202115058899,-0.07292202115058899,0.07292202115058899
15,PARACETAMOL 500MG,2026-04-12,0.0,0.028878463432192802,-0.028878463432192802,0.028878463432192802
15,VITAMINA C+ZINC+D3,2026-04-12,0.0,1.1083896160125732,-1.1083896160125732,1.1083896160125732
16,AMOXICILINA 500MG,2026-04-12,0.0,0.028878463432192802,-0.028878463432192802,0.028878463432192802
16,AZITROMICINA 500MG,2026-04-12,0.0,0.08770599216222763,-0.08770599216222763,0.08770599216222763
16,DIMENHIDRINATO 50MG,2026-04-12,0.0,0.028878463432192802,-0.028878463432192802,0.028878463432192802
16,ENALAPRIL 10MG,2026-04-12,0.0,0.1249980702996254,-0.1249980702996254,0.1249980702996254
16,IBUPROFENO TABX800,2026-04-12,0.0,0.028878463432192802,-0.028878463432192802,0.028878463432192802
16,LOPERAMIDA 2MG,2026-04-12,0.0,0.028878463432192802,-0.028878463432192802,0.028878463432192802
16,METFORMINA 850MG,2026-04-12,0.0,0.138536274433136,-0.138536274433136,0.138536274433136
16,PARACETAMOL 500MG,2026-04-12,0.0,0.028878463432192802,-0.028878463432192802,0.028878463432192802
16,VITAMINA C+ZINC+D3,2026-04-12,0.0,0.8970484733581543,-0.8970484733581543,0.8970484733581543
17,AMOXICILINA 500MG,2026-04-12,0.0,0.028878463432192802,-0.028878463432192802,0.028878463432192802
17,AZITROMICINA 500MG,2026-04-12,0.0,0.028878463432192802,-0.028878463432192802,0.028878463432192802
17,ENALAPRIL 10MG,2026-04-12,0.0,0.0865369662642479,-0.0865369662642479,0.0865369662642479
17,IBUPROFENO TABX800,2026-04-12,0.0,0.028878463432192802,-0.028878463432192802,0.028878463432192802
17,LOPERAMIDA 2MG,2026-04-12,0.0,0.028878463432192802,-0.028878463432192802,0.028878463432192802
17,PARACETAMOL 500MG,2026-04-12,0.0,0.028878463432192802,-0.028878463432192802,0.028878463432192802
17,VITAMINA C+ZINC+D3,2026-04-12,0.0,1.2875723838806152,-1.2875723838806152,1.2875723838806152
18,AZITROMICINA 500MG,2026-04-12,0.0,0.028878463432192802,-0.028878463432192802,0.028878463432192802
18,DIMENHIDRINATO 50MG,2026-04-12,0.0,0.028878463432192802,-0.028878463432192802,0.028878463432192802
18,ENALAPRIL 10MG,2026-04-12,0.0,0.11466557532548904,-0.11466557532548904,0.11466557532548904
18,LOPERAMIDA 2MG,2026-04-12,0.0,0.028878463432192802,-0.028878463432192802,0.028878463432192802
1,AMOXICILINA 500MG,2026-04-19,0.0,0.07224752753973007,-0.07224752753973007,0.07224752753973007
1,AZITROMICINA 500MG,2026-04-19,0.0,0.028878463432192802,-0.028878463432192802,0.028878463432192802
1,DIMENHIDRINATO 50MG,2026-04-19,0.0,0.028878463432192802,-0.028878463432192802,0.028878463432192802
1,ENALAPRIL 10MG,2026-04-19,1.0,0.13610590994358063,0.8638940900564194,0.8638940900564194
1,IBUPROFENO TABX800,2026-04-19,0.0,0.028878463432192802,-0.028878463432192802,0.028878463432192802
1,LOPERAMIDA 2MG,2026-04-19,0.0,0.028878463432192802,-0.028878463432192802,0.028878463432192802
1,METFORMINA 850MG,2026-04-19,0.0,0.15063214302062988,-0.15063214302062988,0.15063214302062988
1,PARACETAMOL 500MG,2026-04-19,0.0,0.08770599216222763,-0.08770599216222763,0.08770599216222763
1,VITAMINA C+ZINC+D3,2026-04-19,0.0,1.586652159690857,-1.586652159690857,1.586652159690857
2,AMOXICILINA 500MG,2026-04-19,0.0,0.03681054711341858,-0.03681054711341858,0.03681054711341858
2,AZITROMICINA 500MG,2026-04-19,0.0,0.03681054711341858,-0.03681054711341858,0.03681054711341858
2,DIMENHIDRINATO 50MG,2026-04-19,0.0,0.03681054711341858,-0.03681054711341858,0.03681054711341858
2,ENALAPRIL 10MG,2026-04-19,1.0,0.19406193494796753,0.8059380650520325,0.8059380650520325
2,IBUPROFENO TABX800,2026-04-19,0.0,0.03681054711341858,-0.03681054711341858,0.03681054711341858
2,LOPERAMIDA 2MG,2026-04-19,0.0,0.03681054711341858,-0.03681054711341858,0.03681054711341858
2,METFORMINA 850MG,2026-04-19,0.0,0.1447370946407318,-0.1447370946407318,0.1447370946407318
2,PARACETAMOL 500MG,2026-04-19,0.0,0.03681054711341858,-0.03681054711341858,0.03681054711341858
2,VITAMINA C+ZINC+D3,2026-04-19,1.0,1.3129518032073975,-0.31295180320739746,0.31295180320739746
3,AZITROMICINA 500MG,2026-04-19,0.0,0.028878463432192802,-0.028878463432192802,0.028878463432192802
3,DIMENHIDRINATO 50MG,2026-04-19,0.0,0.028878463432192802,-0.028878463432192802,0.028878463432192802
3,ENALAPRIL 10MG,2026-04-19,1.0,0.4584348797798157,0.5415651202201843,0.5415651202201843
3,IBUPROFENO TABX800,2026-04-19,0.0,0.028878463432192802,-0.028878463432192802,0.028878463432192802
3,LOPERAMIDA 2MG,2026-04-19,0.0,0.028878463432192802,-0.028878463432192802,0.028878463432192802
3,METFORMINA 850MG,2026-04-19,0.0,0.5455735921859741,-0.5455735921859741,0.5455735921859741
3,PARACETAMOL 500MG,2026-04-19,0.0,0.028878463432192802,-0.028878463432192802,0.028878463432192802
3,VITAMINA C+ZINC+D3,2026-04-19,2.0,2.1726319789886475,-0.17263197898864746,0.17263197898864746
4,AMOXICILINA 500MG,2026-04-19,0.0,0.028878463432192802,-0.028878463432192802,0.028878463432192802
4,AZITROMICINA 500MG,2026-04-19,0.0,0.028878463432192802,-0.028878463432192802,0.028878463432192802
4,DIMENHIDRINATO 50MG,2026-04-19,0.0,0.06191501021385193,-0.06191501021385193,0.06191501021385193
4,ENALAPRIL 10MG,2026-04-19,0.0,0.17938922345638275,-0.17938922345638275,0.17938922345638275
4,IBUPROFENO TABX800,2026-04-19,0.0,0.028878463432192802,-0.028878463432192802,0.028878463432192802
4,LOPERAMIDA 2MG,2026-04-19,0.0,0.028878463432192802,-0.028878463432192802,0.028878463432192802
4,METFORMINA 850MG,2026-04-19,0.0,0.07292202115058899,-0.07292202115058899,0.07292202115058899
4,VITAMINA C+ZINC+D3,2026-04-19,2.0,1.2373754978179932,0.7626245021820068,0.7626245021820068
5,DIMENHIDRINATO 50MG,2026-04-19,0.0,0.03941896930336952,-0.03941896930336952,0.03941896930336952
5,ENALAPRIL 10MG,2026-04-19,1.0,0.5617035627365112,0.43829643726348877,0.43829643726348877
5,IBUPROFENO TABX800,2026-04-19,0.0,0.03941896930336952,-0.03941896930336952,0.03941896930336952
5,LOPERAMIDA 2MG,2026-04-19,1.0,0.03941896930336952,0.9605810306966305,0.9605810306966305
5,METFORMINA 850MG,2026-04-19,0.0,0.08346252888441086,-0.08346252888441086,0.08346252888441086
5,PARACETAMOL 500MG,2026-04-19,1.0,0.03941896930336952,0.9605810306966305,0.9605810306966305
5,VITAMINA C+ZINC+D3,2026-04-19,2.0,1.5709584951400757,0.4290415048599243,0.4290415048599243
6,AMOXICILINA 500MG,2026-04-19,0.0,0.028878463432192802,-0.028878463432192802,0.028878463432192802
6,AZITROMICINA 500MG,2026-04-19,0.0,0.028878463432192802,-0.028878463432192802,0.028878463432192802
6,DIMENHIDRINATO 50MG,2026-04-19,0.0,0.028878463432192802,-0.028878463432192802,0.028878463432192802
6,ENALAPRIL 10MG,2026-04-19,0.0,0.14994603395462036,-0.14994603395462036,0.14994603395462036
6,IBUPROFENO TABX800,2026-04-19,0.0,0.028878463432192802,-0.028878463432192802,0.028878463432192802
6,LOPERAMIDA 2MG,2026-04-19,0.0,0.028878463432192802,-0.028878463432192802,0.028878463432192802
6,METFORMINA 850MG,2026-04-19,0.0,0.07292202115058899,-0.07292202115058899,0.07292202115058899
6,VITAMINA C+ZINC+D3,2026-04-19,2.0,1.4235289096832275,0.5764710903167725,0.5764710903167725
7,AMOXICILINA 500MG,2026-04-19,0.0,0.028878463432192802,-0.028878463432192802,0.028878463432192802
7,AZITROMICINA 500MG,2026-04-19,0.0,0.028878463432192802,-0.028878463432192802,0.028878463432192802
7,DIMENHIDRINATO 50MG,2026-04-19,0.0,0.028878463432192802,-0.028878463432192802,0.028878463432192802
7,ENALAPRIL 10MG,2026-04-19,0.0,0.0865369662642479,-0.0865369662642479,0.0865369662642479
7,IBUPROFENO TABX800,2026-04-19,0.0,0.028878463432192802,-0.028878463432192802,0.028878463432192802
7,METFORMINA 850MG,2026-04-19,0.0,0.07292202115058899,-0.07292202115058899,0.07292202115058899
7,PARACETAMOL 500MG,2026-04-19,0.0,0.028878463432192802,-0.028878463432192802,0.028878463432192802
7,VITAMINA C+ZINC+D3,2026-04-19,0.0,0.8519918918609619,-0.8519918918609619,0.8519918918609619
8,AMOXICILINA 500MG,2026-04-19,0.0,0.023723267018795013,-0.023723267018795013,0.023723267018795013
8,AZITROMICINA 500MG,2026-04-19,0.0,0.023723267018795013,-0.023723267018795013,0.023723267018795013
8,DIMENHIDRINATO 50MG,2026-04-19,0.0,0.023723267018795013,-0.023723267018795013,0.023723267018795013
8,ENALAPRIL 10MG,2026-04-19,1.0,0.07735040783882141,0.9226495921611786,0.9226495921611786
8,IBUPROFENO TABX800,2026-04-19,0.0,0.023723267018795013,-0.023723267018795013,0.023723267018795013
8,LOPERAMIDA 2MG,2026-04-19,0.0,0.023723267018795013,-0.023723267018795013,0.023723267018795013
8,METFORMINA 850MG,2026-04-19,0.0,0.06357015669345856,-0.06357015669345856,0.06357015669345856
8,PARACETAMOL 500MG,2026-04-19,0.0,0.023723267018795013,-0.023723267018795013,0.023723267018795013
8,VITAMINA C+ZINC+D3,2026-04-19,0.0,0.5027866959571838,-0.5027866959571838,0.5027866959571838
9,AMOXICILINA 500MG,2026-04-19,0.0,0.028878463432192802,-0.028878463432192802,0.028878463432192802
9,AZITROMICINA 500MG,2026-04-19,0.0,0.028878463432192802,-0.028878463432192802,0.028878463432192802
9,DIMENHIDRINATO 50MG,2026-04-19,0.0,0.028878463432192802,-0.028878463432192802,0.028878463432192802
9,ENALAPRIL 10MG,2026-04-19,0.0,0.13610590994358063,-0.13610590994358063,0.13610590994358063
9,LOPERAMIDA 2MG,2026-04-19,0.0,0.028878463432192802,-0.028878463432192802,0.028878463432192802
9,METFORMINA 850MG,2026-04-19,0.0,0.07292202115058899,-0.07292202115058899,0.07292202115058899
9,PARACETAMOL 500MG,2026-04-19,0.0,0.028878463432192802,-0.028878463432192802,0.028878463432192802
9,VITAMINA C+ZINC+D3,2026-04-19,3.0,0.6383236050605774,2.3616763949394226,2.3616763949394226
10,AMOXICILINA 500MG,2026-04-19,0.0,0.028878463432192802,-0.028878463432192802,0.028878463432192802
10,AZITROMICINA 500MG,2026-04-19,0.0,0.028878463432192802,-0.028878463432192802,0.028878463432192802
10,DIMENHIDRINATO 50MG,2026-04-19,0.0,0.028878463432192802,-0.028878463432192802,0.028878463432192802
10,ENALAPRIL 10MG,2026-04-19,0.0,0.29306164383888245,-0.29306164383888245,0.29306164383888245
10,IBUPROFENO TABX800,2026-04-19,0.0,0.028878463432192802,-0.028878463432192802,0.028878463432192802
10,LOPERAMIDA 2MG,2026-04-19,0.0,0.028878463432192802,-0.028878463432192802,0.028878463432192802
10,PARACETAMOL 500MG,2026-04-19,0.0,0.028878463432192802,-0.028878463432192802,0.028878463432192802
10,VITAMINA C+ZINC+D3,2026-04-19,1.0,1.3032290935516357,-0.30322909355163574,0.30322909355163574
11,AMOXICILINA 500MG,2026-04-19,0.0,0.026255208998918533,-0.026255208998918533,0.026255208998918533
11,AZITROMICINA 500MG,2026-04-19,0.0,0.046648066490888596,-0.046648066490888596,0.046648066490888596
11,DIMENHIDRINATO 50MG,2026-04-19,0.0,0.09659217298030853,-0.09659217298030853,0.09659217298030853
11,ENALAPRIL 10MG,2026-04-19,1.0,0.08391371369361877,0.9160862863063812,0.9160862863063812
11,IBUPROFENO TABX800,2026-04-19,0.0,0.026255208998918533,-0.026255208998918533,0.026255208998918533
11,LOPERAMIDA 2MG,2026-04-19,0.0,0.026255208998918533,-0.026255208998918533,0.026255208998918533
11,METFORMINA 850MG,2026-04-19,0.0,0.06828544288873672,-0.06828544288873672,0.06828544288873672
11,PARACETAMOL 500MG,2026-04-19,0.0,0.026255208998918533,-0.026255208998918533,0.026255208998918533
11,VITAMINA C+ZINC+D3,2026-04-19,1.0,0.8351426720619202,0.16485732793807983,0.16485732793807983
12,AMOXICILINA 500MG,2026-04-19,0.0,0.028878463432192802,-0.028878463432192802,0.028878463432192802
12,AZITROMICINA 500MG,2026-04-19,0.0,0.028878463432192802,-0.028878463432192802,0.028878463432192802
12,DIMENHIDRINATO 50MG,2026-04-19,0.0,0.028878463432192802,-0.028878463432192802,0.028878463432192802
12,ENALAPRIL 10MG,2026-04-19,0.0,0.14356039464473724,-0.14356039464473724,0.14356039464473724
12,IBUPROFENO TABX800,2026-04-19,0.0,0.028878463432192802,-0.028878463432192802,0.028878463432192802
12,METFORMINA 850MG,2026-04-19,1.0,0.07292202115058899,0.927077978849411,0.927077978849411
12,PARACETAMOL 500MG,2026-04-19,0.0,0.028878463432192802,-0.028878463432192802,0.028878463432192802
12,VITAMINA C+ZINC+D3,2026-04-19,0.0,1.2241501808166504,-1.2241501808166504,1.2241501808166504
13,AMOXICILINA 500MG,2026-04-19,0.0,0.028878463432192802,-0.028878463432192802,0.028878463432192802
13,AZITROMICINA 500MG,2026-04-19,0.0,0.028878463432192802,-0.028878463432192802,0.028878463432192802
13,DIMENHIDRINATO 50MG,2026-04-19,0.0,0.028878463432192802,-0.028878463432192802,0.028878463432192802
13,ENALAPRIL 10MG,2026-04-19,1.0,0.0865369662642479,0.9134630337357521,0.9134630337357521
13,IBUPROFENO TABX800,2026-04-19,0.0,0.028878463432192802,-0.028878463432192802,0.028878463432192802
13,METFORMINA 850MG,2026-04-19,0.0,0.07292202115058899,-0.07292202115058899,0.07292202115058899
13,PARACETAMOL 500MG,2026-04-19,0.0,0.028878463432192802,-0.028878463432192802,0.028878463432192802
13,VITAMINA C+ZINC+D3,2026-04-19,1.0,0.5880341529846191,0.41196584701538086,0.41196584701538086
14,AZITROMICINA 500MG,2026-04-19,0.0,0.028878463432192802,-0.028878463432192802,0.028878463432192802
14,DIMENHIDRINATO 50MG,2026-04-19,0.0,0.028878463432192802,-0.028878463432192802,0.028878463432192802
14,ENALAPRIL 10MG,2026-04-19,0.0,0.14416714012622833,-0.14416714012622833,0.14416714012622833
14,IBUPROFENO TABX800,2026-04-19,0.0,0.028878463432192802,-0.028878463432192802,0.028878463432192802
14,METFORMINA 850MG,2026-04-19,0.0,0.07292202115058899,-0.07292202115058899,0.07292202115058899
14,PARACETAMOL 500MG,2026-04-19,0.0,0.028878463432192802,-0.028878463432192802,0.028878463432192802
14,VITAMINA C+ZINC+D3,2026-04-19,1.0,1.3057384490966797,-0.3057384490966797,0.3057384490966797
15,AMOXICILINA 500MG,2026-04-19,0.0,0.028878463432192802,-0.028878463432192802,0.028878463432192802
15,AZITROMICINA 500MG,2026-04-19,0.0,0.028878463432192802,-0.028878463432192802,0.028878463432192802
15,DIMENHIDRINATO 50MG,2026-04-19,0.0,0.028878463432192802,-0.028878463432192802,0.028878463432192802
15,ENALAPRIL 10MG,2026-04-19,0.0,0.13610590994358063,-0.13610590994358063,0.13610590994358063
15,IBUPROFENO TABX800,2026-04-19,0.0,0.028878463432192802,-0.028878463432192802,0.028878463432192802
15,METFORMINA 850MG,2026-04-19,0.0,0.07292202115058899,-0.07292202115058899,0.07292202115058899
15,PARACETAMOL 500MG,2026-04-19,0.0,0.028878463432192802,-0.028878463432192802,0.028878463432192802
15,VITAMINA C+ZINC+D3,2026-04-19,0.0,0.7294245958328247,-0.7294245958328247,0.7294245958328247
16,AMOXICILINA 500MG,2026-04-19,0.0,0.028878463432192802,-0.028878463432192802,0.028878463432192802
16,AZITROMICINA 500MG,2026-04-19,0.0,0.06191501021385193,-0.06191501021385193,0.06191501021385193
16,DIMENHIDRINATO 50MG,2026-04-19,0.0,0.028878463432192802,-0.028878463432192802,0.028878463432192802
16,ENALAPRIL 10MG,2026-04-19,1.0,0.0865369662642479,0.9134630337357521,0.9134630337357521
16,IBUPROFENO TABX800,2026-04-19,0.0,0.028878463432192802,-0.028878463432192802,0.028878463432192802
16,LOPERAMIDA 2MG,2026-04-19,0.0,0.028878463432192802,-0.028878463432192802,0.028878463432192802
16,METFORMINA 850MG,2026-04-19,0.0,0.1154022291302681,-0.1154022291302681,0.1154022291302681
16,PARACETAMOL 500MG,2026-04-19,0.0,0.028878463432192802,-0.028878463432192802,0.028878463432192802
16,VITAMINA C+ZINC+D3,2026-04-19,1.0,0.6599525809288025,0.3400474190711975,0.3400474190711975
17,AZITROMICINA 500MG,2026-04-19,0.0,0.028878463432192802,-0.028878463432192802,0.028878463432192802
17,ENALAPRIL 10MG,2026-04-19,0.0,0.0865369662642479,-0.0865369662642479,0.0865369662642479
17,IBUPROFENO TABX800,2026-04-19,0.0,0.028878463432192802,-0.028878463432192802,0.028878463432192802
17,LOPERAMIDA 2MG,2026-04-19,0.0,0.028878463432192802,-0.028878463432192802,0.028878463432192802
17,PARACETAMOL 500MG,2026-04-19,0.0,0.028878463432192802,-0.028878463432192802,0.028878463432192802
17,VITAMINA C+ZINC+D3,2026-04-19,0.0,1.227860927581787,-1.227860927581787,1.227860927581787
18,AZITROMICINA 500MG,2026-04-19,0.0,0.028878463432192802,-0.028878463432192802,0.028878463432192802
18,DIMENHIDRINATO 50MG,2026-04-19,0.0,0.028878463432192802,-0.028878463432192802,0.028878463432192802
18,ENALAPRIL 10MG,2026-04-19,0.0,0.11466557532548904,-0.11466557532548904,0.11466557532548904
18,LOPERAMIDA 2MG,2026-04-19,0.0,0.028878463432192802,-0.028878463432192802,0.028878463432192802
1,AMOXICILINA 500MG,2026-04-26,0.0,0.028878463432192802,-0.028878463432192802,0.028878463432192802
1,AZITROMICINA 500MG,2026-04-26,0.0,0.028878463432192802,-0.028878463432192802,0.028878463432192802
1,DIMENHIDRINATO 50MG,2026-04-26,0.0,0.028878463432192802,-0.028878463432192802,0.028878463432192802
1,ENALAPRIL 10MG,2026-04-26,0.0,0.16105395555496216,-0.16105395555496216,0.16105395555496216
1,IBUPROFENO TABX800,2026-04-26,0.0,0.028878463432192802,-0.028878463432192802,0.028878463432192802
1,LOPERAMIDA 2MG,2026-04-26,0.0,0.028878463432192802,-0.028878463432192802,0.028878463432192802
1,METFORMINA 850MG,2026-04-26,0.0,0.17376622557640076,-0.17376622557640076,0.17376622557640076
1,PARACETAMOL 500MG,2026-04-26,0.0,0.1298276036977768,-0.1298276036977768,0.1298276036977768
1,VITAMINA C+ZINC+D3,2026-04-26,1.0,1.0029280185699463,-0.002928018569946289,0.002928018569946289
2,AMOXICILINA 500MG,2026-04-26,0.0,0.03681054711341858,-0.03681054711341858,0.03681054711341858
2,AZITROMICINA 500MG,2026-04-26,0.0,0.03681054711341858,-0.03681054711341858,0.03681054711341858
2,DIMENHIDRINATO 50MG,2026-04-26,0.0,0.03681054711341858,-0.03681054711341858,0.03681054711341858
2,ENALAPRIL 10MG,2026-04-26,0.0,0.1917373389005661,-0.1917373389005661,0.1917373389005661
2,IBUPROFENO TABX800,2026-04-26,0.0,0.03681054711341858,-0.03681054711341858,0.03681054711341858
2,LOPERAMIDA 2MG,2026-04-26,0.0,0.03681054711341858,-0.03681054711341858,0.03681054711341858
2,METFORMINA 850MG,2026-04-26,0.0,0.12333430349826813,-0.12333430349826813,0.12333430349826813
2,PARACETAMOL 500MG,2026-04-26,0.0,0.03681054711341858,-0.03681054711341858,0.03681054711341858
2,VITAMINA C+ZINC+D3,2026-04-26,1.0,0.9854488372802734,0.014551162719726562,0.014551162719726562
3,AZITROMICINA 500MG,2026-04-26,0.0,0.028878463432192802,-0.028878463432192802,0.028878463432192802
3,DIMENHIDRINATO 50MG,2026-04-26,0.0,0.028878463432192802,-0.028878463432192802,0.028878463432192802
3,ENALAPRIL 10MG,2026-04-26,0.0,0.44391563534736633,-0.44391563534736633,0.44391563534736633
3,IBUPROFENO TABX800,2026-04-26,0.0,0.028878463432192802,-0.028878463432192802,0.028878463432192802
3,LOPERAMIDA 2MG,2026-04-26,0.0,0.028878463432192802,-0.028878463432192802,0.028878463432192802
3,METFORMINA 850MG,2026-04-26,0.0,0.3713476061820984,-0.3713476061820984,0.3713476061820984
3,PARACETAMOL 500MG,2026-04-26,0.0,0.028878463432192802,-0.028878463432192802,0.028878463432192802
3,VITAMINA C+ZINC+D3,2026-04-26,0.0,2.8947255611419678,-2.8947255611419678,2.8947255611419678
4,AMOXICILINA 500MG,2026-04-26,0.0,0.028878463432192802,-0.028878463432192802,0.028878463432192802
4,AZITROMICINA 500MG,2026-04-26,0.0,0.028878463432192802,-0.028878463432192802,0.028878463432192802
4,DIMENHIDRINATO 50MG,2026-04-26,0.0,0.07224752753973007,-0.07224752753973007,0.07224752753973007
4,ENALAPRIL 10MG,2026-04-26,0.0,0.17533335089683533,-0.17533335089683533,0.17533335089683533
4,IBUPROFENO TABX800,2026-04-26,0.0,0.028878463432192802,-0.028878463432192802,0.028878463432192802
4,LOPERAMIDA 2MG,2026-04-26,0.0,0.028878463432192802,-0.028878463432192802,0.028878463432192802
4,METFORMINA 850MG,2026-04-26,0.0,0.07292202115058899,-0.07292202115058899,0.07292202115058899
4,VITAMINA C+ZINC+D3,2026-04-26,1.0,1.2327824831008911,-0.2327824831008911,0.2327824831008911
5,DIMENHIDRINATO 50MG,2026-04-26,0.0,0.03941896930336952,-0.03941896930336952,0.03941896930336952
5,ENALAPRIL 10MG,2026-04-26,0.0,0.5909144282341003,-0.5909144282341003,0.5909144282341003
5,IBUPROFENO TABX800,2026-04-26,0.0,0.03941896930336952,-0.03941896930336952,0.03941896930336952
5,LOPERAMIDA 2MG,2026-04-26,0.0,0.0982464998960495,-0.0982464998960495,0.0982464998960495
5,METFORMINA 850MG,2026-04-26,1.0,0.08346252888441086,0.9165374711155891,0.9165374711155891
5,PARACETAMOL 500MG,2026-04-26,0.0,0.0982464998960495,-0.0982464998960495,0.0982464998960495
5,VITAMINA C+ZINC+D3,2026-04-26,2.0,1.4183037281036377,0.5816962718963623,0.5816962718963623
6,AMOXICILINA 500MG,2026-04-26,0.0,0.028878463432192802,-0.028878463432192802,0.028878463432192802
6,AZITROMICINA 500MG,2026-04-26,0.0,0.028878463432192802,-0.028878463432192802,0.028878463432192802
6,DIMENHIDRINATO 50MG,2026-04-26,0.0,0.028878463432192802,-0.028878463432192802,0.028878463432192802
6,ENALAPRIL 10MG,2026-04-26,0.0,0.1249980702996254,-0.1249980702996254,0.1249980702996254
6,IBUPROFENO TABX800,2026-04-26,0.0,0.028878463432192802,-0.028878463432192802,0.028878463432192802
6,LOPERAMIDA 2MG,2026-04-26,0.0,0.028878463432192802,-0.028878463432192802,0.028878463432192802
6,METFORMINA 850MG,2026-04-26,0.0,0.07292202115058899,-0.07292202115058899,0.07292202115058899
6,VITAMINA C+ZINC+D3,2026-04-26,0.0,1.1791809797286987,-1.1791809797286987,1.1791809797286987
7,AMOXICILINA 500MG,2026-04-26,0.0,0.028878463432192802,-0.028878463432192802,0.028878463432192802
7,AZITROMICINA 500MG,2026-04-26,0.0,0.028878463432192802,-0.028878463432192802,0.028878463432192802
7,DIMENHIDRINATO 50MG,2026-04-26,0.0,0.028878463432192802,-0.028878463432192802,0.028878463432192802
7,ENALAPRIL 10MG,2026-04-26,0.0,0.0865369662642479,-0.0865369662642479,0.0865369662642479
7,IBUPROFENO TABX800,2026-04-26,0.0,0.028878463432192802,-0.028878463432192802,0.028878463432192802
7,METFORMINA 850MG,2026-04-26,0.0,0.07292202115058899,-0.07292202115058899,0.07292202115058899
7,PARACETAMOL 500MG,2026-04-26,0.0,0.028878463432192802,-0.028878463432192802,0.028878463432192802
7,VITAMINA C+ZINC+D3,2026-04-26,0.0,0.6412319540977478,-0.6412319540977478,0.6412319540977478
8,AMOXICILINA 500MG,2026-04-26,0.0,0.023723267018795013,-0.023723267018795013,0.023723267018795013
8,AZITROMICINA 500MG,2026-04-26,0.0,0.023723267018795013,-0.023723267018795013,0.023723267018795013
8,DIMENHIDRINATO 50MG,2026-04-26,0.0,0.023723267018795013,-0.023723267018795013,0.023723267018795013
8,ENALAPRIL 10MG,2026-04-26,0.0,0.12691935896873474,-0.12691935896873474,0.12691935896873474
8,IBUPROFENO TABX800,2026-04-26,0.0,0.023723267018795013,-0.023723267018795013,0.023723267018795013
8,LOPERAMIDA 2MG,2026-04-26,0.0,0.023723267018795013,-0.023723267018795013,0.023723267018795013
8,METFORMINA 850MG,2026-04-26,0.0,0.06357015669345856,-0.06357015669345856,0.06357015669345856
8,PARACETAMOL 500MG,2026-04-26,0.0,0.023723267018795013,-0.023723267018795013,0.023723267018795013
8,VITAMINA C+ZINC+D3,2026-04-26,0.0,0.46856024861335754,-0.46856024861335754,0.46856024861335754
9,AMOXICILINA 500MG,2026-04-26,0.0,0.028878463432192802,-0.028878463432192802,0.028878463432192802
9,AZITROMICINA 500MG,2026-04-26,0.0,0.028878463432192802,-0.028878463432192802,0.028878463432192802
9,DIMENHIDRINATO 50MG,2026-04-26,0.0,0.028878463432192802,-0.028878463432192802,0.028878463432192802
9,ENALAPRIL 10MG,2026-04-26,0.0,0.13610590994358063,-0.13610590994358063,0.13610590994358063
9,LOPERAMIDA 2MG,2026-04-26,0.0,0.028878463432192802,-0.028878463432192802,0.028878463432192802
9,METFORMINA 850MG,2026-04-26,0.0,0.07292202115058899,-0.07292202115058899,0.07292202115058899
9,PARACETAMOL 500MG,2026-04-26,0.0,0.028878463432192802,-0.028878463432192802,0.028878463432192802
9,VITAMINA C+ZINC+D3,2026-04-26,0.0,0.9717987775802612,-0.9717987775802612,0.9717987775802612
10,AMOXICILINA 500MG,2026-04-26,0.0,0.028878463432192802,-0.028878463432192802,0.028878463432192802
10,AZITROMICINA 500MG,2026-04-26,0.0,0.028878463432192802,-0.028878463432192802,0.028878463432192802
10,DIMENHIDRINATO 50MG,2026-04-26,0.0,0.028878463432192802,-0.028878463432192802,0.028878463432192802
10,ENALAPRIL 10MG,2026-04-26,0.0,0.31334224343299866,-0.31334224343299866,0.31334224343299866
10,IBUPROFENO TABX800,2026-04-26,0.0,0.028878463432192802,-0.028878463432192802,0.028878463432192802
10,LOPERAMIDA 2MG,2026-04-26,0.0,0.028878463432192802,-0.028878463432192802,0.028878463432192802
10,PARACETAMOL 500MG,2026-04-26,0.0,0.028878463432192802,-0.028878463432192802,0.028878463432192802
10,VITAMINA C+ZINC+D3,2026-04-26,0.0,1.2953802347183228,-1.2953802347183228,1.2953802347183228
11,AMOXICILINA 500MG,2026-04-26,0.0,0.026255208998918533,-0.026255208998918533,0.026255208998918533
11,AZITROMICINA 500MG,2026-04-26,0.0,0.046648066490888596,-0.046648066490888596,0.046648066490888596
11,DIMENHIDRINATO 50MG,2026-04-26,0.0,0.09659217298030853,-0.09659217298030853,0.09659217298030853
11,ENALAPRIL 10MG,2026-04-26,0.0,0.120838962495327,-0.120838962495327,0.120838962495327
11,IBUPROFENO TABX800,2026-04-26,0.0,0.026255208998918533,-0.026255208998918533,0.026255208998918533
11,LOPERAMIDA 2MG,2026-04-26,0.0,0.026255208998918533,-0.026255208998918533,0.026255208998918533
11,METFORMINA 850MG,2026-04-26,0.0,0.06828544288873672,-0.06828544288873672,0.06828544288873672
11,PARACETAMOL 500MG,2026-04-26,0.0,0.026255208998918533,-0.026255208998918533,0.026255208998918533
11,VITAMINA C+ZINC+D3,2026-04-26,1.0,0.790780246257782,0.20921975374221802,0.20921975374221802
12,AMOXICILINA 500MG,2026-04-26,0.0,0.028878463432192802,-0.028878463432192802,0.028878463432192802
12,AZITROMICINA 500MG,2026-04-26,0.0,0.028878463432192802,-0.028878463432192802,0.028878463432192802
12,DIMENHIDRINATO 50MG,2026-04-26,0.0,0.028878463432192802,-0.028878463432192802,0.028878463432192802
12,ENALAPRIL 10MG,2026-04-26,0.0,0.16003046929836273,-0.16003046929836273,0.16003046929836273
12,IBUPROFENO TABX800,2026-04-26,0.0,0.028878463432192802,-0.028878463432192802,0.028878463432192802
12,METFORMINA 850MG,2026-04-26,0.0,0.1154022291302681,-0.1154022291302681,0.1154022291302681
12,PARACETAMOL 500MG,2026-04-26,0.0,0.028878463432192802,-0.028878463432192802,0.028878463432192802
12,VITAMINA C+ZINC+D3,2026-04-26,2.0,1.1884154081344604,0.8115845918655396,0.8115845918655396
13,AMOXICILINA 500MG,2026-04-26,0.0,0.028878463432192802,-0.028878463432192802,0.028878463432192802
13,AZITROMICINA 500MG,2026-04-26,0.0,0.028878463432192802,-0.028878463432192802,0.028878463432192802
13,DIMENHIDRINATO 50MG,2026-04-26,0.0,0.028878463432192802,-0.028878463432192802,0.028878463432192802
13,ENALAPRIL 10MG,2026-04-26,0.0,0.13610590994358063,-0.13610590994358063,0.13610590994358063
13,IBUPROFENO TABX800,2026-04-26,0.0,0.028878463432192802,-0.028878463432192802,0.028878463432192802
13,METFORMINA 850MG,2026-04-26,0.0,0.07292202115058899,-0.07292202115058899,0.07292202115058899
13,PARACETAMOL 500MG,2026-04-26,0.0,0.028878463432192802,-0.028878463432192802,0.028878463432192802
13,VITAMINA C+ZINC+D3,2026-04-26,0.0,0.5316078066825867,-0.5316078066825867,0.5316078066825867
14,AZITROMICINA 500MG,2026-04-26,0.0,0.028878463432192802,-0.028878463432192802,0.028878463432192802
14,DIMENHIDRINATO 50MG,2026-04-26,0.0,0.028878463432192802,-0.028878463432192802,0.028878463432192802
14,ENALAPRIL 10MG,2026-04-26,1.0,0.13610590994358063,0.8638940900564194,0.8638940900564194
14,IBUPROFENO TABX800,2026-04-26,0.0,0.028878463432192802,-0.028878463432192802,0.028878463432192802
14,METFORMINA 850MG,2026-04-26,0.0,0.07292202115058899,-0.07292202115058899,0.07292202115058899
14,PARACETAMOL 500MG,2026-04-26,0.0,0.028878463432192802,-0.028878463432192802,0.028878463432192802
14,VITAMINA C+ZINC+D3,2026-04-26,0.0,1.4471300840377808,-1.4471300840377808,1.4471300840377808
15,AMOXICILINA 500MG,2026-04-26,0.0,0.028878463432192802,-0.028878463432192802,0.028878463432192802
15,AZITROMICINA 500MG,2026-04-26,0.0,0.028878463432192802,-0.028878463432192802,0.028878463432192802
15,DIMENHIDRINATO 50MG,2026-04-26,0.0,0.028878463432192802,-0.028878463432192802,0.028878463432192802
15,ENALAPRIL 10MG,2026-04-26,0.0,0.14416714012622833,-0.14416714012622833,0.14416714012622833
15,IBUPROFENO TABX800,2026-04-26,0.0,0.028878463432192802,-0.028878463432192802,0.028878463432192802
15,METFORMINA 850MG,2026-04-26,0.0,0.07292202115058899,-0.07292202115058899,0.07292202115058899
15,PARACETAMOL 500MG,2026-04-26,0.0,0.028878463432192802,-0.028878463432192802,0.028878463432192802
15,VITAMINA C+ZINC+D3,2026-04-26,3.0,0.5220931768417358,2.477906823158264,2.477906823158264
16,AMOXICILINA 500MG,2026-04-26,0.0,0.028878463432192802,-0.028878463432192802,0.028878463432192802
16,AZITROMICINA 500MG,2026-04-26,0.0,0.06191501021385193,-0.06191501021385193,0.06191501021385193
16,DIMENHIDRINATO 50MG,2026-04-26,0.0,0.028878463432192802,-0.028878463432192802,0.028878463432192802
16,ENALAPRIL 10MG,2026-04-26,0.0,0.13610590994358063,-0.13610590994358063,0.13610590994358063
16,IBUPROFENO TABX800,2026-04-26,0.0,0.028878463432192802,-0.028878463432192802,0.028878463432192802
16,LOPERAMIDA 2MG,2026-04-26,0.0,0.028878463432192802,-0.028878463432192802,0.028878463432192802
16,METFORMINA 850MG,2026-04-26,2.0,0.1154022291302681,1.884597770869732,1.884597770869732
16,PARACETAMOL 500MG,2026-04-26,0.0,0.028878463432192802,-0.028878463432192802,0.028878463432192802
16,VITAMINA C+ZINC+D3,2026-04-26,1.0,0.59485924243927,0.40514075756073,0.40514075756073
17,AZITROMICINA 500MG,2026-04-26,0.0,0.028878463432192802,-0.028878463432192802,0.028878463432192802
17,DIMENHIDRINATO 50MG,2026-04-26,0.0,0.028878463432192802,-0.028878463432192802,0.028878463432192802
17,ENALAPRIL 10MG,2026-04-26,0.0,0.0865369662642479,-0.0865369662642479,0.0865369662642479
17,IBUPROFENO TABX800,2026-04-26,0.0,0.028878463432192802,-0.028878463432192802,0.028878463432192802
17,LOPERAMIDA 2MG,2026-04-26,0.0,0.028878463432192802,-0.028878463432192802,0.028878463432192802
17,PARACETAMOL 500MG,2026-04-26,0.0,0.028878463432192802,-0.028878463432192802,0.028878463432192802
17,VITAMINA C+ZINC+D3,2026-04-26,0.0,0.8918894529342651,-0.8918894529342651,0.8918894529342651
18,AZITROMICINA 500MG,2026-04-26,0.0,0.028878463432192802,-0.028878463432192802,0.028878463432192802
18,DIMENHIDRINATO 50MG,2026-04-26,0.0,0.028878463432192802,-0.028878463432192802,0.028878463432192802
18,ENALAPRIL 10MG,2026-04-26,0.0,0.1249980702996254,-0.1249980702996254,0.1249980702996254
18,LOPERAMIDA 2MG,2026-04-26,0.0,0.028878463432192802,-0.028878463432192802,0.028878463432192802
19,AZITROMICINA 500MG,2026-04-26,0.0,0.028878463432192802,-0.028878463432192802,0.028878463432192802
19,VITAMINA C+ZINC+D3,2026-04-26,0.0,0.532425582408905,-0.532425582408905,0.532425582408905
1,AMOXICILINA 500MG,2026-05-03,0.0,0.028878463432192802,-0.028878463432192802,0.028878463432192802
1,DIMENHIDRINATO 50MG,2026-05-03,0.0,0.028878463432192802,-0.028878463432192802,0.028878463432192802
1,ENALAPRIL 10MG,2026-05-03,0.0,0.16911518573760986,-0.16911518573760986,0.16911518573760986
1,IBUPROFENO TABX800,2026-05-03,0.0,0.028878463432192802,-0.028878463432192802,0.028878463432192802
1,LOPERAMIDA 2MG,2026-05-03,0.0,0.028878463432192802,-0.028878463432192802,0.028878463432192802
1,METFORMINA 850MG,2026-05-03,0.0,0.15063214302062988,-0.15063214302062988,0.15063214302062988
1,PARACETAMOL 500MG,2026-05-03,0.0,0.08770599216222763,-0.08770599216222763,0.08770599216222763
1,VITAMINA C+ZINC+D3,2026-05-03,1.0,0.9494736790657043,0.050526320934295654,0.050526320934295654
2,AMOXICILINA 500MG,2026-05-03,0.0,0.03681054711341858,-0.03681054711341858,0.03681054711341858
2,AZITROMICINA 500MG,2026-05-03,0.0,0.03681054711341858,-0.03681054711341858,0.03681054711341858
2,DIMENHIDRINATO 50MG,2026-05-03,0.0,0.03681054711341858,-0.03681054711341858,0.03681054711341858
2,ENALAPRIL 10MG,2026-05-03,0.0,0.19406193494796753,-0.19406193494796753,0.19406193494796753
2,IBUPROFENO TABX800,2026-05-03,0.0,0.03681054711341858,-0.03681054711341858,0.03681054711341858
2,LOPERAMIDA 2MG,2026-05-03,0.0,0.03681054711341858,-0.03681054711341858,0.03681054711341858
2,METFORMINA 850MG,2026-05-03,0.0,0.12333430349826813,-0.12333430349826813,0.12333430349826813
2,PARACETAMOL 500MG,2026-05-03,0.0,0.03681054711341858,-0.03681054711341858,0.03681054711341858
2,VITAMINA C+ZINC+D3,2026-05-03,1.0,1.1168441772460938,-0.11684417724609375,0.11684417724609375
3,AZITROMICINA 500MG,2026-05-03,0.0,0.028878463432192802,-0.028878463432192802,0.028878463432192802
3,DIMENHIDRINATO 50MG,2026-05-03,0.0,0.028878463432192802,-0.028878463432192802,0.028878463432192802
3,ENALAPRIL 10MG,2026-05-03,1.0,0.4182889759540558,0.5817110240459442,0.5817110240459442
3,IBUPROFENO TABX800,2026-05-03,0.0,0.028878463432192802,-0.028878463432192802,0.028878463432192802
3,LOPERAMIDA 2MG,2026-05-03,0.0,0.028878463432192802,-0.028878463432192802,0.028878463432192802
3,METFORMINA 850MG,2026-05-03,0.0,0.3227255642414093,-0.3227255642414093,0.3227255642414093
3,PARACETAMOL 500MG,2026-05-03,0.0,0.028878463432192802,-0.028878463432192802,0.028878463432192802
3,VITAMINA C+ZINC+D3,2026-05-03,1.0,1.531394362449646,-0.531394362449646,0.531394362449646
4,AMOXICILINA 500MG,2026-05-03,0.0,0.028878463432192802,-0.028878463432192802,0.028878463432192802
4,AZITROMICINA 500MG,2026-05-03,0.0,0.028878463432192802,-0.028878463432192802,0.028878463432192802
4,DIMENHIDRINATO 50MG,2026-05-03,0.0,0.028878463432192802,-0.028878463432192802,0.028878463432192802
4,ENALAPRIL 10MG,2026-05-03,0.0,0.1650008261203766,-0.1650008261203766,0.1650008261203766
4,IBUPROFENO TABX800,2026-05-03,0.0,0.028878463432192802,-0.028878463432192802,0.028878463432192802
4,LOPERAMIDA 2MG,2026-05-03,0.0,0.028878463432192802,-0.028878463432192802,0.028878463432192802
4,METFORMINA 850MG,2026-05-03,0.0,0.07292202115058899,-0.07292202115058899,0.07292202115058899
4,VITAMINA C+ZINC+D3,2026-05-03,0.0,1.097067952156067,-1.097067952156067,1.097067952156067
5,DIMENHIDRINATO 50MG,2026-05-03,0.0,0.03941896930336952,-0.03941896930336952,0.03941896930336952
5,ENALAPRIL 10MG,2026-05-03,2.0,0.4923022985458374,1.5076977014541626,1.5076977014541626
5,IBUPROFENO TABX800,2026-05-03,0.0,0.03941896930336952,-0.03941896930336952,0.03941896930336952
5,LOPERAMIDA 2MG,2026-05-03,0.0,0.1873789131641388,-0.1873789131641388,0.1873789131641388
5,METFORMINA 850MG,2026-05-03,1.0,0.12594275176525116,0.8740572482347488,0.8740572482347488
5,PARACETAMOL 500MG,2026-05-03,0.0,0.20146697759628296,-0.20146697759628296,0.20146697759628296
5,VITAMINA C+ZINC+D3,2026-05-03,0.0,1.6406376361846924,-1.6406376361846924,1.6406376361846924
6,AMOXICILINA 500MG,2026-05-03,0.0,0.028878463432192802,-0.028878463432192802,0.028878463432192802
6,AZITROMICINA 500MG,2026-05-03,0.0,0.028878463432192802,-0.028878463432192802,0.028878463432192802
6,DIMENHIDRINATO 50MG,2026-05-03,0.0,0.028878463432192802,-0.028878463432192802,0.028878463432192802
6,ENALAPRIL 10MG,2026-05-03,0.0,0.0865369662642479,-0.0865369662642479,0.0865369662642479
6,IBUPROFENO TABX800,2026-05-03,0.0,0.028878463432192802,-0.028878463432192802,0.028878463432192802
6,LOPERAMIDA 2MG,2026-05-03,0.0,0.028878463432192802,-0.028878463432192802,0.028878463432192802
6,METFORMINA 850MG,2026-05-03,0.0,0.07292202115058899,-0.07292202115058899,0.07292202115058899
6,VITAMINA C+ZINC+D3,2026-05-03,4.0,1.0006237030029297,2.9993762969970703,2.9993762969970703
7,AMOXICILINA 500MG,2026-05-03,0.0,0.028878463432192802,-0.028878463432192802,0.028878463432192802
7,AZITROMICINA 500MG,2026-05-03,0.0,0.028878463432192802,-0.028878463432192802,0.028878463432192802
7,DIMENHIDRINATO 50MG,2026-05-03,0.0,0.028878463432192802,-0.028878463432192802,0.028878463432192802
7,ENALAPRIL 10MG,2026-05-03,0.0,0.0865369662642479,-0.0865369662642479,0.0865369662642479
7,IBUPROFENO TABX800,2026-05-03,0.0,0.028878463432192802,-0.028878463432192802,0.028878463432192802
7,METFORMINA 850MG,2026-05-03,0.0,0.07292202115058899,-0.07292202115058899,0.07292202115058899
7,PARACETAMOL 500MG,2026-05-03,0.0,0.028878463432192802,-0.028878463432192802,0.028878463432192802
7,VITAMINA C+ZINC+D3,2026-05-03,2.0,0.5150784254074097,1.4849215745925903,1.4849215745925903
8,AMOXICILINA 500MG,2026-05-03,0.0,0.023723267018795013,-0.023723267018795013,0.023723267018795013
8,AZITROMICINA 500MG,2026-05-03,0.0,0.023723267018795013,-0.023723267018795013,0.023723267018795013
8,DIMENHIDRINATO 50MG,2026-05-03,0.0,0.023723267018795013,-0.023723267018795013,0.023723267018795013
8,ENALAPRIL 10MG,2026-05-03,0.0,0.13498058915138245,-0.13498058915138245,0.13498058915138245
8,IBUPROFENO TABX800,2026-05-03,0.0,0.023723267018795013,-0.023723267018795013,0.023723267018795013
8,LOPERAMIDA 2MG,2026-05-03,0.0,0.023723267018795013,-0.023723267018795013,0.023723267018795013
8,METFORMINA 850MG,2026-05-03,0.0,0.06357015669345856,-0.06357015669345856,0.06357015669345856
8,PARACETAMOL 500MG,2026-05-03,0.0,0.023723267018795013,-0.023723267018795013,0.023723267018795013
8,VITAMINA C+ZINC+D3,2026-05-03,0.0,0.42031627893447876,-0.42031627893447876,0.42031627893447876
9,AMOXICILINA 500MG,2026-05-03,0.0,0.028878463432192802,-0.028878463432192802,0.028878463432192802
9,AZITROMICINA 500MG,2026-05-03,1.0,0.028878463432192802,0.9711215365678072,0.9711215365678072
9,DIMENHIDRINATO 50MG,2026-05-03,0.0,0.028878463432192802,-0.028878463432192802,0.028878463432192802
9,ENALAPRIL 10MG,2026-05-03,1.0,0.11466557532548904,0.885334424674511,0.885334424674511
9,LOPERAMIDA 2MG,2026-05-03,0.0,0.028878463432192802,-0.028878463432192802,0.028878463432192802
9,METFORMINA 850MG,2026-05-03,0.0,0.07292202115058899,-0.07292202115058899,0.07292202115058899
9,PARACETAMOL 500MG,2026-05-03,0.0,0.028878463432192802,-0.028878463432192802,0.028878463432192802
9,VITAMINA C+ZINC+D3,2026-05-03,1.0,0.951849102973938,0.04815089702606201,0.04815089702606201
10,AMOXICILINA 500MG,2026-05-03,0.0,0.028878463432192802,-0.028878463432192802,0.028878463432192802
10,AZITROMICINA 500MG,2026-05-03,0.0,0.028878463432192802,-0.028878463432192802,0.028878463432192802
10,DIMENHIDRINATO 50MG,2026-05-03,0.0,0.028878463432192802,-0.028878463432192802,0.028878463432192802
10,ENALAPRIL 10MG,2026-05-03,0.0,0.2515673041343689,-0.2515673041343689,0.2515673041343689
10,IBUPROFENO TABX800,2026-05-03,0.0,0.028878463432192802,-0.028878463432192802,0.028878463432192802
10,LOPERAMIDA 2MG,2026-05-03,0.0,0.028878463432192802,-0.028878463432192802,0.028878463432192802
10,PARACETAMOL 500MG,2026-05-03,0.0,0.028878463432192802,-0.028878463432192802,0.028878463432192802
10,VITAMINA C+ZINC+D3,2026-05-03,1.0,1.1511942148208618,-0.15119421482086182,0.15119421482086182
11,AMOXICILINA 500MG,2026-05-03,0.0,0.026255208998918533,-0.026255208998918533,0.026255208998918533
11,AZITROMICINA 500MG,2026-05-03,0.0,0.056980568915605545,-0.056980568915605545,0.056980568915605545
11,DIMENHIDRINATO 50MG,2026-05-03,0.0,0.07821467518806458,-0.07821467518806458,0.07821467518806458
11,ENALAPRIL 10MG,2026-05-03,1.0,0.1092643290758133,0.8907356709241867,0.8907356709241867
11,IBUPROFENO TABX800,2026-05-03,0.0,0.026255208998918533,-0.026255208998918533,0.026255208998918533
11,LOPERAMIDA 2MG,2026-05-03,0.0,0.026255208998918533,-0.026255208998918533,0.026255208998918533
11,METFORMINA 850MG,2026-05-03,0.0,0.06828544288873672,-0.06828544288873672,0.06828544288873672
11,PARACETAMOL 500MG,2026-05-03,0.0,0.026255208998918533,-0.026255208998918533,0.026255208998918533
11,VITAMINA C+ZINC+D3,2026-05-03,1.0,0.8285079002380371,0.1714920997619629,0.1714920997619629
12,AMOXICILINA 500MG,2026-05-03,0.0,0.028878463432192802,-0.028878463432192802,0.028878463432192802
12,AZITROMICINA 500MG,2026-05-03,0.0,0.028878463432192802,-0.028878463432192802,0.028878463432192802
12,DIMENHIDRINATO 50MG,2026-05-03,0.0,0.028878463432192802,-0.028878463432192802,0.028878463432192802
12,ENALAPRIL 10MG,2026-05-03,0.0,0.1249980702996254,-0.1249980702996254,0.1249980702996254
12,IBUPROFENO TABX800,2026-05-03,0.0,0.028878463432192802,-0.028878463432192802,0.028878463432192802
12,METFORMINA 850MG,2026-05-03,0.0,0.138536274433136,-0.138536274433136,0.138536274433136
12,PARACETAMOL 500MG,2026-05-03,0.0,0.028878463432192802,-0.028878463432192802,0.028878463432192802
12,VITAMINA C+ZINC+D3,2026-05-03,1.0,1.065268635749817,-0.0652686357498169,0.0652686357498169
13,AMOXICILINA 500MG,2026-05-03,0.0,0.028878463432192802,-0.028878463432192802,0.028878463432192802
13,AZITROMICINA 500MG,2026-05-03,0.0,0.028878463432192802,-0.028878463432192802,0.028878463432192802
13,DIMENHIDRINATO 50MG,2026-05-03,0.0,0.028878463432192802,-0.028878463432192802,0.028878463432192802
13,ENALAPRIL 10MG,2026-05-03,0.0,0.14416714012622833,-0.14416714012622833,0.14416714012622833
13,IBUPROFENO TABX800,2026-05-03,0.0,0.028878463432192802,-0.028878463432192802,0.028878463432192802
13,METFORMINA 850MG,2026-05-03,0.0,0.07292202115058899,-0.07292202115058899,0.07292202115058899
13,PARACETAMOL 500MG,2026-05-03,0.0,0.028878463432192802,-0.028878463432192802,0.028878463432192802
13,VITAMINA C+ZINC+D3,2026-05-03,2.0,0.5766643285751343,1.4233356714248657,1.4233356714248657
14,AZITROMICINA 500MG,2026-05-03,0.0,0.028878463432192802,-0.028878463432192802,0.028878463432192802
14,DIMENHIDRINATO 50MG,2026-05-03,0.0,0.028878463432192802,-0.028878463432192802,0.028878463432192802
14,ENALAPRIL 10MG,2026-05-03,0.0,0.16105395555496216,-0.16105395555496216,0.16105395555496216
14,IBUPROFENO TABX800,2026-05-03,0.0,0.028878463432192802,-0.028878463432192802,0.028878463432192802
14,METFORMINA 850MG,2026-05-03,0.0,0.07292202115058899,-0.07292202115058899,0.07292202115058899
14,PARACETAMOL 500MG,2026-05-03,0.0,0.028878463432192802,-0.028878463432192802,0.028878463432192802
14,VITAMINA C+ZINC+D3,2026-05-03,2.0,0.9999756813049316,1.0000243186950684,1.0000243186950684
15,AMOXICILINA 500MG,2026-05-03,0.0,0.028878463432192802,-0.028878463432192802,0.028878463432192802
15,AZITROMICINA 500MG,2026-05-03,0.0,0.028878463432192802,-0.028878463432192802,0.028878463432192802
15,DIMENHIDRINATO 50MG,2026-05-03,0.0,0.028878463432192802,-0.028878463432192802,0.028878463432192802
15,ENALAPRIL 10MG,2026-05-03,0.0,0.13610590994358063,-0.13610590994358063,0.13610590994358063
15,IBUPROFENO TABX800,2026-05-03,0.0,0.028878463432192802,-0.028878463432192802,0.028878463432192802
15,METFORMINA 850MG,2026-05-03,0.0,0.07292202115058899,-0.07292202115058899,0.07292202115058899
15,PARACETAMOL 500MG,2026-05-03,0.0,0.028878463432192802,-0.028878463432192802,0.028878463432192802
15,VITAMINA C+ZINC+D3,2026-05-03,1.0,1.1827934980392456,-0.1827934980392456,0.1827934980392456
16,AMOXICILINA 500MG,2026-05-03,0.0,0.028878463432192802,-0.028878463432192802,0.028878463432192802
16,AZITROMICINA 500MG,2026-05-03,0.0,0.06191501021385193,-0.06191501021385193,0.06191501021385193
16,DIMENHIDRINATO 50MG,2026-05-03,0.0,0.028878463432192802,-0.028878463432192802,0.028878463432192802
16,ENALAPRIL 10MG,2026-05-03,0.0,0.14416714012622833,-0.14416714012622833,0.14416714012622833
16,IBUPROFENO TABX800,2026-05-03,0.0,0.028878463432192802,-0.028878463432192802,0.028878463432192802
16,LOPERAMIDA 2MG,2026-05-03,0.0,0.028878463432192802,-0.028878463432192802,0.028878463432192802
16,METFORMINA 850MG,2026-05-03,0.0,0.18173079192638397,-0.18173079192638397,0.18173079192638397
16,PARACETAMOL 500MG,2026-05-03,0.0,0.028878463432192802,-0.028878463432192802,0.028878463432192802
16,VITAMINA C+ZINC+D3,2026-05-03,0.0,0.8632703423500061,-0.8632703423500061,0.8632703423500061
17,AZITROMICINA 500MG,2026-05-03,0.0,0.028878463432192802,-0.028878463432192802,0.028878463432192802
17,DIMENHIDRINATO 50MG,2026-05-03,0.0,0.028878463432192802,-0.028878463432192802,0.028878463432192802
17,ENALAPRIL 10MG,2026-05-03,0.0,0.0865369662642479,-0.0865369662642479,0.0865369662642479
17,IBUPROFENO TABX800,2026-05-03,0.0,0.028878463432192802,-0.028878463432192802,0.028878463432192802
17,LOPERAMIDA 2MG,2026-05-03,0.0,0.028878463432192802,-0.028878463432192802,0.028878463432192802
17,PARACETAMOL 500MG,2026-05-03,0.0,0.028878463432192802,-0.028878463432192802,0.028878463432192802
17,VITAMINA C+ZINC+D3,2026-05-03,1.0,0.8309835195541382,0.16901648044586182,0.16901648044586182
18,AZITROMICINA 500MG,2026-05-03,0.0,0.028878463432192802,-0.028878463432192802,0.028878463432192802
18,DIMENHIDRINATO 50MG,2026-05-03,0.0,0.028878463432192802,-0.028878463432192802,0.028878463432192802
18,ENALAPRIL 10MG,2026-05-03,0.0,0.0865369662642479,-0.0865369662642479,0.0865369662642479
18,LOPERAMIDA 2MG,2026-05-03,0.0,0.028878463432192802,-0.028878463432192802,0.028878463432192802
19,AZITROMICINA 500MG,2026-05-03,0.0,0.028878463432192802,-0.028878463432192802,0.028878463432192802
19,VITAMINA C+ZINC+D3,2026-05-03,2.0,0.5150784254074097,1.4849215745925903,1.4849215745925903
1,AMOXICILINA 500MG,2026-05-10,0.0,0.028878463432192802,-0.028878463432192802,0.028878463432192802
1,DIMENHIDRINATO 50MG,2026-05-10,0.0,0.028878463432192802,-0.028878463432192802,0.028878463432192802
1,ENALAPRIL 10MG,2026-05-10,0.0,0.16105395555496216,-0.16105395555496216,0.16105395555496216
1,IBUPROFENO TABX800,2026-05-10,0.0,0.028878463432192802,-0.028878463432192802,0.028878463432192802
1,LOPERAMIDA 2MG,2026-05-10,0.0,0.028878463432192802,-0.028878463432192802,0.028878463432192802
1,METFORMINA 850MG,2026-05-10,0.0,0.15063214302062988,-0.15063214302062988,0.15063214302062988
1,PARACETAMOL 500MG,2026-05-10,0.0,0.08770599216222763,-0.08770599216222763,0.08770599216222763
1,VITAMINA C+ZINC+D3,2026-05-10,0.0,0.9714873433113098,-0.9714873433113098,0.9714873433113098
2,AMOXICILINA 500MG,2026-05-10,0.0,0.03681054711341858,-0.03681054711341858,0.03681054711341858
2,AZITROMICINA 500MG,2026-05-10,0.0,0.03681054711341858,-0.03681054711341858,0.03681054711341858
2,DIMENHIDRINATO 50MG,2026-05-10,0.0,0.03681054711341858,-0.03681054711341858,0.03681054711341858
2,ENALAPRIL 10MG,2026-05-10,0.0,0.1917373389005661,-0.1917373389005661,0.1917373389005661
2,IBUPROFENO TABX800,2026-05-10,0.0,0.03681054711341858,-0.03681054711341858,0.03681054711341858
2,LOPERAMIDA 2MG,2026-05-10,0.0,0.03681054711341858,-0.03681054711341858,0.03681054711341858
2,METFORMINA 850MG,2026-05-10,0.0,0.11389061063528061,-0.11389061063528061,0.11389061063528061
2,PARACETAMOL 500MG,2026-05-10,0.0,0.03681054711341858,-0.03681054711341858,0.03681054711341858
2,VITAMINA C+ZINC+D3,2026-05-10,2.0,1.088676929473877,0.911323070526123,0.911323070526123
3,AZITROMICINA 500MG,2026-05-10,0.0,0.028878463432192802,-0.028878463432192802,0.028878463432192802
3,DIMENHIDRINATO 50MG,2026-05-10,0.0,0.028878463432192802,-0.028878463432192802,0.028878463432192802
3,ENALAPRIL 10MG,2026-05-10,1.0,0.3133189082145691,0.6866810917854309,0.6866810917854309
3,IBUPROFENO TABX800,2026-05-10,0.0,0.028878463432192802,-0.028878463432192802,0.028878463432192802
3,LOPERAMIDA 2MG,2026-05-10,0.0,0.028878463432192802,-0.028878463432192802,0.028878463432192802
3,METFORMINA 850MG,2026-05-10,0.0,0.2546217143535614,-0.2546217143535614,0.2546217143535614
3,PARACETAMOL 500MG,2026-05-10,0.0,0.028878463432192802,-0.028878463432192802,0.028878463432192802
3,VITAMINA C+ZINC+D3,2026-05-10,1.0,1.2245433330535889,-0.22454333305358887,0.22454333305358887
4,AMOXICILINA 500MG,2026-05-10,0.0,0.028878463432192802,-0.028878463432192802,0.028878463432192802
4,AZITROMICINA 500MG,2026-05-10,0.0,0.028878463432192802,-0.028878463432192802,0.028878463432192802
4,DIMENHIDRINATO 50MG,2026-05-10,0.0,0.028878463432192802,-0.028878463432192802,0.028878463432192802
4,ENALAPRIL 10MG,2026-05-10,0.0,0.15389291942119598,-0.15389291942119598,0.15389291942119598
4,IBUPROFENO TABX800,2026-05-10,0.0,0.028878463432192802,-0.028878463432192802,0.028878463432192802
4,LOPERAMIDA 2MG,2026-05-10,0.0,0.028878463432192802,-0.028878463432192802,0.028878463432192802
4,METFORMINA 850MG,2026-05-10,0.0,0.07292202115058899,-0.07292202115058899,0.07292202115058899
4,VITAMINA C+ZINC+D3,2026-05-10,2.0,0.9775751233100891,1.0224248766899109,1.0224248766899109
5,DIMENHIDRINATO 50MG,2026-05-10,0.0,0.03941896930336952,-0.03941896930336952,0.03941896930336952
5,ENALAPRIL 10MG,2026-05-10,0.0,0.464096337556839,-0.464096337556839,0.464096337556839
5,IBUPROFENO TABX800,2026-05-10,0.0,0.03941896930336952,-0.03941896930336952,0.03941896930336952
5,LOPERAMIDA 2MG,2026-05-10,0.0,0.0982464998960495,-0.0982464998960495,0.0982464998960495
5,METFORMINA 850MG,2026-05-10,0.0,0.2454056441783905,-0.2454056441783905,0.2454056441783905
5,PARACETAMOL 500MG,2026-05-10,0.0,0.0982464998960495,-0.0982464998960495,0.0982464998960495
5,VITAMINA C+ZINC+D3,2026-05-10,3.0,1.4963505268096924,1.5036494731903076,1.5036494731903076
6,AMOXICILINA 500MG,2026-05-10,0.0,0.028878463432192802,-0.028878463432192802,0.028878463432192802
6,AZITROMICINA 500MG,2026-05-10,0.0,0.028878463432192802,-0.028878463432192802,0.028878463432192802
6,DIMENHIDRINATO 50MG,2026-05-10,0.0,0.028878463432192802,-0.028878463432192802,0.028878463432192802
6,ENALAPRIL 10MG,2026-05-10,0.0,0.0865369662642479,-0.0865369662642479,0.0865369662642479
6,IBUPROFENO TABX800,2026-05-10,0.0,0.028878463432192802,-0.028878463432192802,0.028878463432192802
6,LOPERAMIDA 2MG,2026-05-10,0.0,0.028878463432192802,-0.028878463432192802,0.028878463432192802
6,METFORMINA 850MG,2026-05-10,0.0,0.07292202115058899,-0.07292202115058899,0.07292202115058899
6,VITAMINA C+ZINC+D3,2026-05-10,1.0,1.2462431192398071,-0.24624311923980713,0.24624311923980713
7,AMOXICILINA 500MG,2026-05-10,0.0,0.028878463432192802,-0.028878463432192802,0.028878463432192802
7,AZITROMICINA 500MG,2026-05-10,0.0,0.028878463432192802,-0.028878463432192802,0.028878463432192802
7,DIMENHIDRINATO 50MG,2026-05-10,0.0,0.028878463432192802,-0.028878463432192802,0.028878463432192802
7,ENALAPRIL 10MG,2026-05-10,0.0,0.0865369662642479,-0.0865369662642479,0.0865369662642479
7,IBUPROFENO TABX800,2026-05-10,0.0,0.028878463432192802,-0.028878463432192802,0.028878463432192802
7,METFORMINA 850MG,2026-05-10,0.0,0.07292202115058899,-0.07292202115058899,0.07292202115058899
7,PARACETAMOL 500MG,2026-05-10,0.0,0.028878463432192802,-0.028878463432192802,0.028878463432192802
7,VITAMINA C+ZINC+D3,2026-05-10,1.0,0.7698768377304077,0.23012316226959229,0.23012316226959229
8,AMOXICILINA 500MG,2026-05-10,0.0,0.023723267018795013,-0.023723267018795013,0.023723267018795013
8,AZITROMICINA 500MG,2026-05-10,0.0,0.023723267018795013,-0.023723267018795013,0.023723267018795013
8,DIMENHIDRINATO 50MG,2026-05-10,0.0,0.023723267018795013,-0.023723267018795013,0.023723267018795013
8,ENALAPRIL 10MG,2026-05-10,0.0,0.12691935896873474,-0.12691935896873474,0.12691935896873474
8,IBUPROFENO TABX800,2026-05-10,0.0,0.023723267018795013,-0.023723267018795013,0.023723267018795013
8,LOPERAMIDA 2MG,2026-05-10,0.0,0.023723267018795013,-0.023723267018795013,0.023723267018795013
8,METFORMINA 850MG,2026-05-10,0.0,0.06357015669345856,-0.06357015669345856,0.06357015669345856
8,PARACETAMOL 500MG,2026-05-10,0.0,0.023723267018795013,-0.023723267018795013,0.023723267018795013
8,VITAMINA C+ZINC+D3,2026-05-10,0.0,0.42031627893447876,-0.42031627893447876,0.42031627893447876
9,AMOXICILINA 500MG,2026-05-10,0.0,0.028878463432192802,-0.028878463432192802,0.028878463432192802
9,AZITROMICINA 500MG,2026-05-10,0.0,0.08770599216222763,-0.08770599216222763,0.08770599216222763
9,DIMENHIDRINATO 50MG,2026-05-10,0.0,0.028878463432192802,-0.028878463432192802,0.028878463432192802
9,ENALAPRIL 10MG,2026-05-10,0.0,0.16105395555496216,-0.16105395555496216,0.16105395555496216
9,LOPERAMIDA 2MG,2026-05-10,0.0,0.028878463432192802,-0.028878463432192802,0.028878463432192802
9,METFORMINA 850MG,2026-05-10,0.0,0.07292202115058899,-0.07292202115058899,0.07292202115058899
9,PARACETAMOL 500MG,2026-05-10,0.0,0.028878463432192802,-0.028878463432192802,0.028878463432192802
9,VITAMINA C+ZINC+D3,2026-05-10,0.0,0.842147946357727,-0.842147946357727,0.842147946357727
10,AMOXICILINA 500MG,2026-05-10,0.0,0.028878463432192802,-0.028878463432192802,0.028878463432192802
10,AZITROMICINA 500MG,2026-05-10,0.0,0.028878463432192802,-0.028878463432192802,0.028878463432192802
10,DIMENHIDRINATO 50MG,2026-05-10,0.0,0.028878463432192802,-0.028878463432192802,0.028878463432192802
10,ENALAPRIL 10MG,2026-05-10,1.0,0.17533335089683533,0.8246666491031647,0.8246666491031647
10,IBUPROFENO TABX800,2026-05-10,0.0,0.028878463432192802,-0.028878463432192802,0.028878463432192802
10,LOPERAMIDA 2MG,2026-05-10,0.0,0.028878463432192802,-0.028878463432192802,0.028878463432192802
10,PARACETAMOL 500MG,2026-05-10,0.0,0.028878463432192802,-0.028878463432192802,0.028878463432192802
10,VITAMINA C+ZINC+D3,2026-05-10,3.0,0.9141625165939331,2.085837483406067,2.085837483406067
11,AMOXICILINA 500MG,2026-05-10,0.0,0.026255208998918533,-0.026255208998918533,0.026255208998918533
11,AZITROMICINA 500MG,2026-05-10,0.0,0.026255208998918533,-0.026255208998918533,0.026255208998918533
11,DIMENHIDRINATO 50MG,2026-05-10,0.0,0.026255208998918533,-0.026255208998918533,0.026255208998918533
11,ENALAPRIL 10MG,2026-05-10,0.0,0.14578700065612793,-0.14578700065612793,0.14578700065612793
11,IBUPROFENO TABX800,2026-05-10,0.0,0.026255208998918533,-0.026255208998918533,0.026255208998918533
11,LOPERAMIDA 2MG,2026-05-10,0.0,0.026255208998918533,-0.026255208998918533,0.026255208998918533
11,METFORMINA 850MG,2026-05-10,0.0,0.06828544288873672,-0.06828544288873672,0.06828544288873672
11,PARACETAMOL 500MG,2026-05-10,0.0,0.026255208998918533,-0.026255208998918533,0.026255208998918533
11,VITAMINA C+ZINC+D3,2026-05-10,0.0,0.7242366671562195,-0.7242366671562195,0.7242366671562195
12,AMOXICILINA 500MG,2026-05-10,0.0,0.028878463432192802,-0.028878463432192802,0.028878463432192802
12,AZITROMICINA 500MG,2026-05-10,0.0,0.028878463432192802,-0.028878463432192802,0.028878463432192802
12,DIMENHIDRINATO 50MG,2026-05-10,0.0,0.028878463432192802,-0.028878463432192802,0.028878463432192802
12,ENALAPRIL 10MG,2026-05-10,0.0,0.0865369662642479,-0.0865369662642479,0.0865369662642479
12,IBUPROFENO TABX800,2026-05-10,0.0,0.028878463432192802,-0.028878463432192802,0.028878463432192802
12,METFORMINA 850MG,2026-05-10,0.0,0.1154022291302681,-0.1154022291302681,0.1154022291302681
12,PARACETAMOL 500MG,2026-05-10,0.0,0.028878463432192802,-0.028878463432192802,0.028878463432192802
12,VITAMINA C+ZINC+D3,2026-05-10,4.0,0.9649572372436523,3.0350427627563477,3.0350427627563477
13,AMOXICILINA 500MG,2026-05-10,0.0,0.028878463432192802,-0.028878463432192802,0.028878463432192802
13,AZITROMICINA 500MG,2026-05-10,0.0,0.028878463432192802,-0.028878463432192802,0.028878463432192802
13,DIMENHIDRINATO 50MG,2026-05-10,0.0,0.028878463432192802,-0.028878463432192802,0.028878463432192802
13,ENALAPRIL 10MG,2026-05-10,0.0,0.13610590994358063,-0.13610590994358063,0.13610590994358063
13,IBUPROFENO TABX800,2026-05-10,0.0,0.028878463432192802,-0.028878463432192802,0.028878463432192802
13,METFORMINA 850MG,2026-05-10,1.0,0.07292202115058899,0.927077978849411,0.927077978849411
13,PARACETAMOL 500MG,2026-05-10,0.0,0.028878463432192802,-0.028878463432192802,0.028878463432192802
13,VITAMINA C+ZINC+D3,2026-05-10,0.0,0.7943478226661682,-0.7943478226661682,0.7943478226661682
14,AZITROMICINA 500MG,2026-05-10,0.0,0.028878463432192802,-0.028878463432192802,0.028878463432192802
14,DIMENHIDRINATO 50MG,2026-05-10,0.0,0.028878463432192802,-0.028878463432192802,0.028878463432192802
14,ENALAPRIL 10MG,2026-05-10,0.0,0.16911518573760986,-0.16911518573760986,0.16911518573760986
14,IBUPROFENO TABX800,2026-05-10,0.0,0.028878463432192802,-0.028878463432192802,0.028878463432192802
14,METFORMINA 850MG,2026-05-10,0.0,0.07292202115058899,-0.07292202115058899,0.07292202115058899
14,PARACETAMOL 500MG,2026-05-10,0.0,0.028878463432192802,-0.028878463432192802,0.028878463432192802
14,VITAMINA C+ZINC+D3,2026-05-10,3.0,1.0844660997390747,1.9155339002609253,1.9155339002609253
15,AMOXICILINA 500MG,2026-05-10,0.0,0.028878463432192802,-0.028878463432192802,0.028878463432192802
15,AZITROMICINA 500MG,2026-05-10,0.0,0.028878463432192802,-0.028878463432192802,0.028878463432192802
15,DIMENHIDRINATO 50MG,2026-05-10,0.0,0.028878463432192802,-0.028878463432192802,0.028878463432192802
15,ENALAPRIL 10MG,2026-05-10,0.0,0.13610590994358063,-0.13610590994358063,0.13610590994358063
15,IBUPROFENO TABX800,2026-05-10,0.0,0.028878463432192802,-0.028878463432192802,0.028878463432192802
15,METFORMINA 850MG,2026-05-10,0.0,0.07292202115058899,-0.07292202115058899,0.07292202115058899
15,PARACETAMOL 500MG,2026-05-10,0.0,0.028878463432192802,-0.028878463432192802,0.028878463432192802
15,VITAMINA C+ZINC+D3,2026-05-10,2.0,0.8642868399620056,1.1357131600379944,1.1357131600379944
16,AMOXICILINA 500MG,2026-05-10,0.0,0.028878463432192802,-0.028878463432192802,0.028878463432192802
16,AZITROMICINA 500MG,2026-05-10,0.0,0.07224752753973007,-0.07224752753973007,0.07224752753973007
16,DIMENHIDRINATO 50MG,2026-05-10,0.0,0.028878463432192802,-0.028878463432192802,0.028878463432192802
16,ENALAPRIL 10MG,2026-05-10,0.0,0.13610590994358063,-0.13610590994358063,0.13610590994358063
16,IBUPROFENO TABX800,2026-05-10,0.0,0.028878463432192802,-0.028878463432192802,0.028878463432192802
16,LOPERAMIDA 2MG,2026-05-10,0.0,0.028878463432192802,-0.028878463432192802,0.028878463432192802
16,METFORMINA 850MG,2026-05-10,0.0,0.2314727008342743,-0.2314727008342743,0.2314727008342743
16,PARACETAMOL 500MG,2026-05-10,0.0,0.028878463432192802,-0.028878463432192802,0.028878463432192802
16,VITAMINA C+ZINC+D3,2026-05-10,0.0,0.5766643285751343,-0.5766643285751343,0.5766643285751343
17,AZITROMICINA 500MG,2026-05-10,0.0,0.028878463432192802,-0.028878463432192802,0.028878463432192802
17,DIMENHIDRINATO 50MG,2026-05-10,0.0,0.028878463432192802,-0.028878463432192802,0.028878463432192802
17,ENALAPRIL 10MG,2026-05-10,0.0,0.0865369662642479,-0.0865369662642479,0.0865369662642479
17,IBUPROFENO TABX800,2026-05-10,0.0,0.028878463432192802,-0.028878463432192802,0.028878463432192802
17,LOPERAMIDA 2MG,2026-05-10,0.0,0.028878463432192802,-0.028878463432192802,0.028878463432192802
17,PARACETAMOL 500MG,2026-05-10,0.0,0.028878463432192802,-0.028878463432192802,0.028878463432192802
17,VITAMINA C+ZINC+D3,2026-05-10,2.0,0.7738320231437683,1.2261679768562317,1.2261679768562317
18,AZITROMICINA 500MG,2026-05-10,0.0,0.028878463432192802,-0.028878463432192802,0.028878463432192802
18,DIMENHIDRINATO 50MG,2026-05-10,0.0,0.028878463432192802,-0.028878463432192802,0.028878463432192802
18,ENALAPRIL 10MG,2026-05-10,0.0,0.0865369662642479,-0.0865369662642479,0.0865369662642479
18,LOPERAMIDA 2MG,2026-05-10,0.0,0.028878463432192802,-0.028878463432192802,0.028878463432192802
19,AZITROMICINA 500MG,2026-05-10,0.0,0.028878463432192802,-0.028878463432192802,0.028878463432192802
19,VITAMINA C+ZINC+D3,2026-05-10,2.0,0.7066255807876587,1.2933744192123413,1.2933744192123413
1,AMOXICILINA 500MG,2026-05-17,0.0,0.028878463432192802,-0.028878463432192802,0.028878463432192802
1,DIMENHIDRINATO 50MG,2026-05-17,0.0,0.028878463432192802,-0.028878463432192802,0.028878463432192802
1,ENALAPRIL 10MG,2026-05-17,1.0,0.16105395555496216,0.8389460444450378,0.8389460444450378
1,IBUPROFENO TABX800,2026-05-17,0.0,0.028878463432192802,-0.028878463432192802,0.028878463432192802
1,LOPERAMIDA 2MG,2026-05-17,0.0,0.028878463432192802,-0.028878463432192802,0.028878463432192802
1,METFORMINA 850MG,2026-05-17,2.0,0.14118841290473938,1.8588115870952606,1.8588115870952606
1,PARACETAMOL 500MG,2026-05-17,0.0,0.06191501021385193,-0.06191501021385193,0.06191501021385193
1,VITAMINA C+ZINC+D3,2026-05-17,1.0,0.8731237649917603,0.12687623500823975,0.12687623500823975
2,AZITROMICINA 500MG,2026-05-17,0.0,0.03681054711341858,-0.03681054711341858,0.03681054711341858
2,DIMENHIDRINATO 50MG,2026-05-17,0.0,0.03681054711341858,-0.03681054711341858,0.03681054711341858
2,ENALAPRIL 10MG,2026-05-17,0.0,0.17745792865753174,-0.17745792865753174,0.17745792865753174
2,IBUPROFENO TABX800,2026-05-17,0.0,0.03681054711341858,-0.03681054711341858,0.03681054711341858
2,LOPERAMIDA 2MG,2026-05-17,0.0,0.03681054711341858,-0.03681054711341858,0.03681054711341858
2,METFORMINA 850MG,2026-05-17,0.0,0.11389061063528061,-0.11389061063528061,0.11389061063528061
2,PARACETAMOL 500MG,2026-05-17,0.0,0.03681054711341858,-0.03681054711341858,0.03681054711341858
2,VITAMINA C+ZINC+D3,2026-05-17,1.0,1.261251449584961,-0.26125144958496094,0.26125144958496094
3,AZITROMICINA 500MG,2026-05-17,0.0,0.028878463432192802,-0.028878463432192802,0.028878463432192802
3,DIMENHIDRINATO 50MG,2026-05-17,0.0,0.028878463432192802,-0.028878463432192802,0.028878463432192802
3,ENALAPRIL 10MG,2026-05-17,1.0,0.4055804908275604,0.5944195091724396,0.5944195091724396
3,IBUPROFENO TABX800,2026-05-17,0.0,0.028878463432192802,-0.028878463432192802,0.028878463432192802
3,LOPERAMIDA 2MG,2026-05-17,0.0,0.028878463432192802,-0.028878463432192802,0.028878463432192802
3,METFORMINA 850MG,2026-05-17,0.0,0.2546217143535614,-0.2546217143535614,0.2546217143535614
3,PARACETAMOL 500MG,2026-05-17,0.0,0.028878463432192802,-0.028878463432192802,0.028878463432192802
3,VITAMINA C+ZINC+D3,2026-05-17,0.0,1.3487776517868042,-1.3487776517868042,1.3487776517868042
4,AZITROMICINA 500MG,2026-05-17,0.0,0.028878463432192802,-0.028878463432192802,0.028878463432192802
4,DIMENHIDRINATO 50MG,2026-05-17,1.0,0.028878463432192802,0.9711215365678072,0.9711215365678072
4,ENALAPRIL 10MG,2026-05-17,0.0,0.13961350917816162,-0.13961350917816162,0.13961350917816162
4,IBUPROFENO TABX800,2026-05-17,0.0,0.028878463432192802,-0.028878463432192802,0.028878463432192802
4,LOPERAMIDA 2MG,2026-05-17,0.0,0.028878463432192802,-0.028878463432192802,0.028878463432192802
4,METFORMINA 850MG,2026-05-17,0.0,0.07292202115058899,-0.07292202115058899,0.07292202115058899
4,VITAMINA C+ZINC+D3,2026-05-17,4.0,1.1604541540145874,2.8395458459854126,2.8395458459854126
5,DIMENHIDRINATO 50MG,2026-05-17,0.0,0.03941896930336952,-0.03941896930336952,0.03941896930336952
5,ENALAPRIL 10MG,2026-05-17,0.0,0.767436683177948,-0.767436683177948,0.767436683177948
5,IBUPROFENO TABX800,2026-05-17,0.0,0.03941896930336952,-0.03941896930336952,0.03941896930336952
5,LOPERAMIDA 2MG,2026-05-17,0.0,0.0982464998960495,-0.0982464998960495,0.0982464998960495
5,METFORMINA 850MG,2026-05-17,0.0,0.2454056441783905,-0.2454056441783905,0.2454056441783905
5,PARACETAMOL 500MG,2026-05-17,0.0,0.0982464998960495,-0.0982464998960495,0.0982464998960495
5,VITAMINA C+ZINC+D3,2026-05-17,3.0,1.4477081298828125,1.5522918701171875,1.5522918701171875
6,AMOXICILINA 500MG,2026-05-17,0.0,0.028878463432192802,-0.028878463432192802,0.028878463432192802
6,AZITROMICINA 500MG,2026-05-17,0.0,0.028878463432192802,-0.028878463432192802,0.028878463432192802
6,DIMENHIDRINATO 50MG,2026-05-17,0.0,0.028878463432192802,-0.028878463432192802,0.028878463432192802
6,ENALAPRIL 10MG,2026-05-17,1.0,0.0865369662642479,0.9134630337357521,0.9134630337357521
6,IBUPROFENO TABX800,2026-05-17,0.0,0.028878463432192802,-0.028878463432192802,0.028878463432192802
6,LOPERAMIDA 2MG,2026-05-17,0.0,0.028878463432192802,-0.028878463432192802,0.028878463432192802
6,METFORMINA 850MG,2026-05-17,0.0,0.07292202115058899,-0.07292202115058899,0.07292202115058899
6,VITAMINA C+ZINC+D3,2026-05-17,4.0,1.3992630243301392,2.600736975669861,2.600736975669861
7,AMOXICILINA 500MG,2026-05-17,0.0,0.028878463432192802,-0.028878463432192802,0.028878463432192802
7,AZITROMICINA 500MG,2026-05-17,0.0,0.028878463432192802,-0.028878463432192802,0.028878463432192802
7,DIMENHIDRINATO 50MG,2026-05-17,0.0,0.028878463432192802,-0.028878463432192802,0.028878463432192802
7,ENALAPRIL 10MG,2026-05-17,0.0,0.0865369662642479,-0.0865369662642479,0.0865369662642479
7,IBUPROFENO TABX800,2026-05-17,0.0,0.028878463432192802,-0.028878463432192802,0.028878463432192802
7,METFORMINA 850MG,2026-05-17,0.0,0.07292202115058899,-0.07292202115058899,0.07292202115058899
7,PARACETAMOL 500MG,2026-05-17,0.0,0.028878463432192802,-0.028878463432192802,0.028878463432192802
7,VITAMINA C+ZINC+D3,2026-05-17,0.0,0.8194547295570374,-0.8194547295570374,0.8194547295570374
8,AMOXICILINA 500MG,2026-05-17,0.0,0.023723267018795013,-0.023723267018795013,0.023723267018795013
8,AZITROMICINA 500MG,2026-05-17,0.0,0.023723267018795013,-0.023723267018795013,0.023723267018795013
8,DIMENHIDRINATO 50MG,2026-05-17,0.0,0.023723267018795013,-0.023723267018795013,0.023723267018795013
8,ENALAPRIL 10MG,2026-05-17,0.0,0.12691935896873474,-0.12691935896873474,0.12691935896873474
8,IBUPROFENO TABX800,2026-05-17,0.0,0.023723267018795013,-0.023723267018795013,0.023723267018795013
8,LOPERAMIDA 2MG,2026-05-17,0.0,0.023723267018795013,-0.023723267018795013,0.023723267018795013
8,METFORMINA 850MG,2026-05-17,0.0,0.06357015669345856,-0.06357015669345856,0.06357015669345856
8,PARACETAMOL 500MG,2026-05-17,0.0,0.023723267018795013,-0.023723267018795013,0.023723267018795013
8,VITAMINA C+ZINC+D3,2026-05-17,0.0,0.4136618673801422,-0.4136618673801422,0.4136618673801422
9,AMOXICILINA 500MG,2026-05-17,0.0,0.028878463432192802,-0.028878463432192802,0.028878463432192802
9,AZITROMICINA 500MG,2026-05-17,0.0,0.11573956161737442,-0.11573956161737442,0.11573956161737442
9,DIMENHIDRINATO 50MG,2026-05-17,0.0,0.028878463432192802,-0.028878463432192802,0.028878463432192802
9,ENALAPRIL 10MG,2026-05-17,0.0,0.16911518573760986,-0.16911518573760986,0.16911518573760986
9,LOPERAMIDA 2MG,2026-05-17,0.0,0.028878463432192802,-0.028878463432192802,0.028878463432192802
9,METFORMINA 850MG,2026-05-17,0.0,0.07292202115058899,-0.07292202115058899,0.07292202115058899
9,PARACETAMOL 500MG,2026-05-17,0.0,0.028878463432192802,-0.028878463432192802,0.028878463432192802
9,VITAMINA C+ZINC+D3,2026-05-17,0.0,0.7263473272323608,-0.7263473272323608,0.7263473272323608
10,AMOXICILINA 500MG,2026-05-17,0.0,0.028878463432192802,-0.028878463432192802,0.028878463432192802
10,AZITROMICINA 500MG,2026-05-17,0.0,0.028878463432192802,-0.028878463432192802,0.028878463432192802
10,DIMENHIDRINATO 50MG,2026-05-17,0.0,0.028878463432192802,-0.028878463432192802,0.028878463432192802
10,ENALAPRIL 10MG,2026-05-17,1.0,0.1650008261203766,0.8349991738796234,0.8349991738796234
10,IBUPROFENO TABX800,2026-05-17,0.0,0.028878463432192802,-0.028878463432192802,0.028878463432192802
10,LOPERAMIDA 2MG,2026-05-17,0.0,0.028878463432192802,-0.028878463432192802,0.028878463432192802
10,PARACETAMOL 500MG,2026-05-17,0.0,0.028878463432192802,-0.028878463432192802,0.028878463432192802
10,VITAMINA C+ZINC+D3,2026-05-17,3.0,1.1291447877883911,1.8708552122116089,1.8708552122116089
11,AMOXICILINA 500MG,2026-05-17,0.0,0.026255208998918533,-0.026255208998918533,0.026255208998918533
11,AZITROMICINA 500MG,2026-05-17,0.0,0.026255208998918533,-0.026255208998918533,0.026255208998918533
11,DIMENHIDRINATO 50MG,2026-05-17,0.0,0.026255208998918533,-0.026255208998918533,0.026255208998918533
11,ENALAPRIL 10MG,2026-05-17,0.0,0.13421234488487244,-0.13421234488487244,0.13421234488487244
11,IBUPROFENO TABX800,2026-05-17,0.0,0.026255208998918533,-0.026255208998918533,0.026255208998918533
11,LOPERAMIDA 2MG,2026-05-17,0.0,0.026255208998918533,-0.026255208998918533,0.026255208998918533
11,METFORMINA 850MG,2026-05-17,0.0,0.06828544288873672,-0.06828544288873672,0.06828544288873672
11,PARACETAMOL 500MG,2026-05-17,0.0,0.026255208998918533,-0.026255208998918533,0.026255208998918533
11,VITAMINA C+ZINC+D3,2026-05-17,0.0,0.619078516960144,-0.619078516960144,0.619078516960144
12,AMOXICILINA 500MG,2026-05-17,0.0,0.028878463432192802,-0.028878463432192802,0.028878463432192802
12,AZITROMICINA 500MG,2026-05-17,0.0,0.028878463432192802,-0.028878463432192802,0.028878463432192802
12,DIMENHIDRINATO 50MG,2026-05-17,0.0,0.028878463432192802,-0.028878463432192802,0.028878463432192802
12,ENALAPRIL 10MG,2026-05-17,1.0,0.0865369662642479,0.9134630337357521,0.9134630337357521
12,IBUPROFENO TABX800,2026-05-17,0.0,0.028878463432192802,-0.028878463432192802,0.028878463432192802
12,METFORMINA 850MG,2026-05-17,0.0,0.1154022291302681,-0.1154022291302681,0.1154022291302681
12,PARACETAMOL 500MG,2026-05-17,0.0,0.028878463432192802,-0.028878463432192802,0.028878463432192802
12,VITAMINA C+ZINC+D3,2026-05-17,2.0,1.1291447877883911,0.8708552122116089,0.8708552122116089
13,AMOXICILINA 500MG,2026-05-17,0.0,0.028878463432192802,-0.028878463432192802,0.028878463432192802
13,AZITROMICINA 500MG,2026-05-17,0.0,0.028878463432192802,-0.028878463432192802,0.028878463432192802
13,DIMENHIDRINATO 50MG,2026-05-17,0.0,0.028878463432192802,-0.028878463432192802,0.028878463432192802
13,ENALAPRIL 10MG,2026-05-17,0.0,0.13610590994358063,-0.13610590994358063,0.13610590994358063
13,IBUPROFENO TABX800,2026-05-17,0.0,0.028878463432192802,-0.028878463432192802,0.028878463432192802
13,METFORMINA 850MG,2026-05-17,0.0,0.1154022291302681,-0.1154022291302681,0.1154022291302681
13,VITAMINA C+ZINC+D3,2026-05-17,2.0,0.8768462538719177,1.1231537461280823,1.1231537461280823
14,AZITROMICINA 500MG,2026-05-17,0.0,0.028878463432192802,-0.028878463432192802,0.028878463432192802
14,DIMENHIDRINATO 50MG,2026-05-17,0.0,0.028878463432192802,-0.028878463432192802,0.028878463432192802
14,ENALAPRIL 10MG,2026-05-17,0.0,0.16105395555496216,-0.16105395555496216,0.16105395555496216
14,IBUPROFENO TABX800,2026-05-17,0.0,0.028878463432192802,-0.028878463432192802,0.028878463432192802
14,METFORMINA 850MG,2026-05-17,0.0,0.07292202115058899,-0.07292202115058899,0.07292202115058899
14,PARACETAMOL 500MG,2026-05-17,0.0,0.028878463432192802,-0.028878463432192802,0.028878463432192802
14,VITAMINA C+ZINC+D3,2026-05-17,1.0,1.1436084508895874,-0.1436084508895874,0.1436084508895874
15,AMOXICILINA 500MG,2026-05-17,0.0,0.028878463432192802,-0.028878463432192802,0.028878463432192802
15,AZITROMICINA 500MG,2026-05-17,0.0,0.028878463432192802,-0.028878463432192802,0.028878463432192802
15,DIMENHIDRINATO 50MG,2026-05-17,0.0,0.028878463432192802,-0.028878463432192802,0.028878463432192802
15,ENALAPRIL 10MG,2026-05-17,0.0,0.11466557532548904,-0.11466557532548904,0.11466557532548904
15,IBUPROFENO TABX800,2026-05-17,0.0,0.028878463432192802,-0.028878463432192802,0.028878463432192802
15,METFORMINA 850MG,2026-05-17,0.0,0.07292202115058899,-0.07292202115058899,0.07292202115058899
15,PARACETAMOL 500MG,2026-05-17,0.0,0.028878463432192802,-0.028878463432192802,0.028878463432192802
15,VITAMINA C+ZINC+D3,2026-05-17,1.0,1.352434515953064,-0.35243451595306396,0.35243451595306396
16,AMOXICILINA 500MG,2026-05-17,0.0,0.028878463432192802,-0.028878463432192802,0.028878463432192802
16,AZITROMICINA 500MG,2026-05-17,0.0,0.028878463432192802,-0.028878463432192802,0.028878463432192802
16,DIMENHIDRINATO 50MG,2026-05-17,0.0,0.028878463432192802,-0.028878463432192802,0.028878463432192802
16,ENALAPRIL 10MG,2026-05-17,0.0,0.13610590994358063,-0.13610590994358063,0.13610590994358063
16,IBUPROFENO TABX800,2026-05-17,0.0,0.028878463432192802,-0.028878463432192802,0.028878463432192802
16,LOPERAMIDA 2MG,2026-05-17,1.0,0.028878463432192802,0.9711215365678072,0.9711215365678072
16,METFORMINA 850MG,2026-05-17,0.0,0.1546248197555542,-0.1546248197555542,0.1546248197555542
16,PARACETAMOL 500MG,2026-05-17,0.0,0.028878463432192802,-0.028878463432192802,0.028878463432192802
16,VITAMINA C+ZINC+D3,2026-05-17,2.0,0.5220931768417358,1.4779068231582642,1.4779068231582642
17,AZITROMICINA 500MG,2026-05-17,0.0,0.028878463432192802,-0.028878463432192802,0.028878463432192802
17,DIMENHIDRINATO 50MG,2026-05-17,0.0,0.028878463432192802,-0.028878463432192802,0.028878463432192802
17,ENALAPRIL 10MG,2026-05-17,0.0,0.0865369662642479,-0.0865369662642479,0.0865369662642479
17,IBUPROFENO TABX800,2026-05-17,0.0,0.028878463432192802,-0.028878463432192802,0.028878463432192802
17,LOPERAMIDA 2MG,2026-05-17,0.0,0.028878463432192802,-0.028878463432192802,0.028878463432192802
17,PARACETAMOL 500MG,2026-05-17,0.0,0.028878463432192802,-0.028878463432192802,0.028878463432192802
17,VITAMINA C+ZINC+D3,2026-05-17,1.0,1.0428375005722046,-0.04283750057220459,0.04283750057220459
18,AZITROMICINA 500MG,2026-05-17,0.0,0.028878463432192802,-0.028878463432192802,0.028878463432192802
18,DIMENHIDRINATO 50MG,2026-05-17,0.0,0.028878463432192802,-0.028878463432192802,0.028878463432192802
18,ENALAPRIL 10MG,2026-05-17,0.0,0.0865369662642479,-0.0865369662642479,0.0865369662642479
18,LOPERAMIDA 2MG,2026-05-17,0.0,0.028878463432192802,-0.028878463432192802,0.028878463432192802
19,AZITROMICINA 500MG,2026-05-17,0.0,0.028878463432192802,-0.028878463432192802,0.028878463432192802
19,DIMENHIDRINATO 50MG,2026-05-17,0.0,0.028878463432192802,-0.028878463432192802,0.028878463432192802
19,VITAMINA C+ZINC+D3,2026-05-17,2.0,0.8510681986808777,1.1489318013191223,1.1489318013191223
1,AMOXICILINA 500MG,2026-05-24,0.0,0.028878463432192802,-0.028878463432192802,0.028878463432192802
1,DIMENHIDRINATO 50MG,2026-05-24,0.0,0.028878463432192802,-0.028878463432192802,0.028878463432192802
1,ENALAPRIL 10MG,2026-05-24,0.0,0.17533335089683533,-0.17533335089683533,0.17533335089683533
1,IBUPROFENO TABX800,2026-05-24,0.0,0.028878463432192802,-0.028878463432192802,0.028878463432192802
1,LOPERAMIDA 2MG,2026-05-24,0.0,0.028878463432192802,-0.028878463432192802,0.028878463432192802
1,METFORMINA 850MG,2026-05-24,1.0,0.1920633167028427,0.8079366832971573,0.8079366832971573
1,PARACETAMOL 500MG,2026-05-24,0.0,0.06191501021385193,-0.06191501021385193,0.06191501021385193
1,VITAMINA C+ZINC+D3,2026-05-24,3.0,0.7681775689125061,2.231822431087494,2.231822431087494
2,AZITROMICINA 500MG,2026-05-24,0.0,0.03681054711341858,-0.03681054711341858,0.03681054711341858
2,DIMENHIDRINATO 50MG,2026-05-24,0.0,0.03681054711341858,-0.03681054711341858,0.03681054711341858
2,ENALAPRIL 10MG,2026-05-24,0.0,0.1560174822807312,-0.1560174822807312,0.1560174822807312
2,IBUPROFENO TABX800,2026-05-24,0.0,0.03681054711341858,-0.03681054711341858,0.03681054711341858
2,LOPERAMIDA 2MG,2026-05-24,0.0,0.03681054711341858,-0.03681054711341858,0.03681054711341858
2,METFORMINA 850MG,2026-05-24,0.0,0.11389061063528061,-0.11389061063528061,0.11389061063528061
2,PARACETAMOL 500MG,2026-05-24,0.0,0.03681054711341858,-0.03681054711341858,0.03681054711341858
2,VITAMINA C+ZINC+D3,2026-05-24,8.0,1.1947903633117676,6.805209636688232,6.805209636688232
3,AZITROMICINA 500MG,2026-05-24,0.0,0.028878463432192802,-0.028878463432192802,0.028878463432192802
3,DIMENHIDRINATO 50MG,2026-05-24,0.0,0.028878463432192802,-0.028878463432192802,0.028878463432192802
3,ENALAPRIL 10MG,2026-05-24,0.0,0.4055804908275604,-0.4055804908275604,0.4055804908275604
3,IBUPROFENO TABX800,2026-05-24,0.0,0.028878463432192802,-0.028878463432192802,0.028878463432192802
3,LOPERAMIDA 2MG,2026-05-24,0.0,0.028878463432192802,-0.028878463432192802,0.028878463432192802
3,METFORMINA 850MG,2026-05-24,3.0,0.23624423146247864,2.7637557685375214,2.7637557685375214
3,PARACETAMOL 500MG,2026-05-24,0.0,0.028878463432192802,-0.028878463432192802,0.028878463432192802
3,VITAMINA C+ZINC+D3,2026-05-24,1.0,0.9022635817527771,0.0977364182472229,0.0977364182472229
4,AZITROMICINA 500MG,2026-05-24,0.0,0.028878463432192802,-0.028878463432192802,0.028878463432192802
4,DIMENHIDRINATO 50MG,2026-05-24,0.0,0.08770599216222763,-0.08770599216222763,0.08770599216222763
4,ENALAPRIL 10MG,2026-05-24,0.0,0.14994603395462036,-0.14994603395462036,0.14994603395462036
4,IBUPROFENO TABX800,2026-05-24,0.0,0.028878463432192802,-0.028878463432192802,0.028878463432192802
4,LOPERAMIDA 2MG,2026-05-24,0.0,0.028878463432192802,-0.028878463432192802,0.028878463432192802
4,METFORMINA 850MG,2026-05-24,0.0,0.07292202115058899,-0.07292202115058899,0.07292202115058899
4,VITAMINA C+ZINC+D3,2026-05-24,2.0,1.1827462911605835,0.8172537088394165,0.8172537088394165
5,DIMENHIDRINATO 50MG,2026-05-24,0.0,0.03941896930336952,-0.03941896930336952,0.03941896930336952
5,ENALAPRIL 10MG,2026-05-24,1.0,0.34032949805259705,0.659670501947403,0.659670501947403
5,IBUPROFENO TABX800,2026-05-24,0.0,0.03941896930336952,-0.03941896930336952,0.03941896930336952
5,LOPERAMIDA 2MG,2026-05-24,0.0,0.0724555253982544,-0.0724555253982544,0.0724555253982544
5,METFORMINA 850MG,2026-05-24,0.0,0.16117262840270996,-0.16117262840270996,0.16117262840270996
5,PARACETAMOL 500MG,2026-05-24,0.0,0.0724555253982544,-0.0724555253982544,0.0724555253982544
5,VITAMINA C+ZINC+D3,2026-05-24,1.0,1.5505239963531494,-0.5505239963531494,0.5505239963531494
6,AMOXICILINA 500MG,2026-05-24,0.0,0.028878463432192802,-0.028878463432192802,0.028878463432192802
6,AZITROMICINA 500MG,2026-05-24,0.0,0.028878463432192802,-0.028878463432192802,0.028878463432192802
6,DIMENHIDRINATO 50MG,2026-05-24,0.0,0.028878463432192802,-0.028878463432192802,0.028878463432192802
6,ENALAPRIL 10MG,2026-05-24,1.0,0.13610590994358063,0.8638940900564194,0.8638940900564194
6,IBUPROFENO TABX800,2026-05-24,0.0,0.028878463432192802,-0.028878463432192802,0.028878463432192802
6,LOPERAMIDA 2MG,2026-05-24,0.0,0.028878463432192802,-0.028878463432192802,0.028878463432192802
6,METFORMINA 850MG,2026-05-24,0.0,0.07292202115058899,-0.07292202115058899,0.07292202115058899
6,VITAMINA C+ZINC+D3,2026-05-24,3.0,1.247118353843689,1.752881646156311,1.752881646156311
7,AMOXICILINA 500MG,2026-05-24,0.0,0.028878463432192802,-0.028878463432192802,0.028878463432192802
7,AZITROMICINA 500MG,2026-05-24,0.0,0.028878463432192802,-0.028878463432192802,0.028878463432192802
7,DIMENHIDRINATO 50MG,2026-05-24,0.0,0.028878463432192802,-0.028878463432192802,0.028878463432192802
7,ENALAPRIL 10MG,2026-05-24,0.0,0.0865369662642479,-0.0865369662642479,0.0865369662642479
7,IBUPROFENO TABX800,2026-05-24,0.0,0.028878463432192802,-0.028878463432192802,0.028878463432192802
7,METFORMINA 850MG,2026-05-24,0.0,0.07292202115058899,-0.07292202115058899,0.07292202115058899
7,PARACETAMOL 500MG,2026-05-24,0.0,0.028878463432192802,-0.028878463432192802,0.028878463432192802
7,VITAMINA C+ZINC+D3,2026-05-24,3.0,0.8132341504096985,2.1867658495903015,2.1867658495903015
8,AMOXICILINA 500MG,2026-05-24,0.0,0.023723267018795013,-0.023723267018795013,0.023723267018795013
8,AZITROMICINA 500MG,2026-05-24,0.0,0.023723267018795013,-0.023723267018795013,0.023723267018795013
8,DIMENHIDRINATO 50MG,2026-05-24,0.0,0.023723267018795013,-0.023723267018795013,0.023723267018795013
8,ENALAPRIL 10MG,2026-05-24,0.0,0.10547901690006256,-0.10547901690006256,0.10547901690006256
8,IBUPROFENO TABX800,2026-05-24,0.0,0.023723267018795013,-0.023723267018795013,0.023723267018795013
8,LOPERAMIDA 2MG,2026-05-24,0.0,0.023723267018795013,-0.023723267018795013,0.023723267018795013
8,METFORMINA 850MG,2026-05-24,0.0,0.06357015669345856,-0.06357015669345856,0.06357015669345856
8,PARACETAMOL 500MG,2026-05-24,0.0,0.023723267018795013,-0.023723267018795013,0.023723267018795013
8,VITAMINA C+ZINC+D3,2026-05-24,0.0,0.4136618673801422,-0.4136618673801422,0.4136618673801422
9,AMOXICILINA 500MG,2026-05-24,1.0,0.028878463432192802,0.9711215365678072,0.9711215365678072
9,AZITROMICINA 500MG,2026-05-24,0.0,0.08770599216222763,-0.08770599216222763,0.08770599216222763
9,DIMENHIDRINATO 50MG,2026-05-24,0.0,0.028878463432192802,-0.028878463432192802,0.028878463432192802
9,ENALAPRIL 10MG,2026-05-24,0.0,0.1713864803314209,-0.1713864803314209,0.1713864803314209
9,LOPERAMIDA 2MG,2026-05-24,0.0,0.028878463432192802,-0.028878463432192802,0.028878463432192802
9,METFORMINA 850MG,2026-05-24,0.0,0.07292202115058899,-0.07292202115058899,0.07292202115058899
9,PARACETAMOL 500MG,2026-05-24,0.0,0.028878463432192802,-0.028878463432192802,0.028878463432192802
9,VITAMINA C+ZINC+D3,2026-05-24,0.0,0.6429309844970703,-0.6429309844970703,0.6429309844970703
10,AMOXICILINA 500MG,2026-05-24,0.0,0.028878463432192802,-0.028878463432192802,0.028878463432192802
10,AZITROMICINA 500MG,2026-05-24,0.0,0.028878463432192802,-0.028878463432192802,0.028878463432192802
10,DIMENHIDRINATO 50MG,2026-05-24,0.0,0.028878463432192802,-0.028878463432192802,0.028878463432192802
10,ENALAPRIL 10MG,2026-05-24,1.0,0.342226505279541,0.657773494720459,0.657773494720459
10,IBUPROFENO TABX800,2026-05-24,0.0,0.028878463432192802,-0.028878463432192802,0.028878463432192802
10,LOPERAMIDA 2MG,2026-05-24,0.0,0.028878463432192802,-0.028878463432192802,0.028878463432192802
10,PARACETAMOL 500MG,2026-05-24,0.0,0.028878463432192802,-0.028878463432192802,0.028878463432192802
10,VITAMINA C+ZINC+D3,2026-05-24,1.0,1.23599374294281,-0.23599374294281006,0.23599374294281006
11,AMOXICILINA 500MG,2026-05-24,0.0,0.026255208998918533,-0.026255208998918533,0.026255208998918533
11,AZITROMICINA 500MG,2026-05-24,0.0,0.026255208998918533,-0.026255208998918533,0.026255208998918533
11,DIMENHIDRINATO 50MG,2026-05-24,0.0,0.026255208998918533,-0.026255208998918533,0.026255208998918533
11,ENALAPRIL 10MG,2026-05-24,0.0,0.14578700065612793,-0.14578700065612793,0.14578700065612793
11,IBUPROFENO TABX800,2026-05-24,0.0,0.026255208998918533,-0.026255208998918533,0.026255208998918533
11,LOPERAMIDA 2MG,2026-05-24,0.0,0.026255208998918533,-0.026255208998918533,0.026255208998918533
11,METFORMINA 850MG,2026-05-24,0.0,0.06828544288873672,-0.06828544288873672,0.06828544288873672
11,PARACETAMOL 500MG,2026-05-24,0.0,0.026255208998918533,-0.026255208998918533,0.026255208998918533
11,VITAMINA C+ZINC+D3,2026-05-24,2.0,0.5357344150543213,1.4642655849456787,1.4642655849456787
12,AMOXICILINA 500MG,2026-05-24,0.0,0.028878463432192802,-0.028878463432192802,0.028878463432192802
12,AZITROMICINA 500MG,2026-05-24,0.0,0.028878463432192802,-0.028878463432192802,0.028878463432192802
12,DIMENHIDRINATO 50MG,2026-05-24,0.0,0.028878463432192802,-0.028878463432192802,0.028878463432192802
12,ENALAPRIL 10MG,2026-05-24,0.0,0.13610590994358063,-0.13610590994358063,0.13610590994358063
12,IBUPROFENO TABX800,2026-05-24,0.0,0.028878463432192802,-0.028878463432192802,0.028878463432192802
12,METFORMINA 850MG,2026-05-24,0.0,0.10595853626728058,-0.10595853626728058,0.10595853626728058
12,PARACETAMOL 500MG,2026-05-24,0.0,0.028878463432192802,-0.028878463432192802,0.028878463432192802
12,VITAMINA C+ZINC+D3,2026-05-24,0.0,1.4643203020095825,-1.4643203020095825,1.4643203020095825
13,AMOXICILINA 500MG,2026-05-24,0.0,0.028878463432192802,-0.028878463432192802,0.028878463432192802
13,AZITROMICINA 500MG,2026-05-24,0.0,0.028878463432192802,-0.028878463432192802,0.028878463432192802
13,DIMENHIDRINATO 50MG,2026-05-24,0.0,0.028878463432192802,-0.028878463432192802,0.028878463432192802
13,ENALAPRIL 10MG,2026-05-24,1.0,0.11466557532548904,0.885334424674511,0.885334424674511
13,IBUPROFENO TABX800,2026-05-24,0.0,0.028878463432192802,-0.028878463432192802,0.028878463432192802
13,METFORMINA 850MG,2026-05-24,0.0,0.138536274433136,-0.138536274433136,0.138536274433136
13,VITAMINA C+ZINC+D3,2026-05-24,2.0,0.7943478226661682,1.2056521773338318,1.2056521773338318
14,AZITROMICINA 500MG,2026-05-24,0.0,0.028878463432192802,-0.028878463432192802,0.028878463432192802
14,DIMENHIDRINATO 50MG,2026-05-24,0.0,0.028878463432192802,-0.028878463432192802,0.028878463432192802
14,ENALAPRIL 10MG,2026-05-24,0.0,0.16105395555496216,-0.16105395555496216,0.16105395555496216
14,IBUPROFENO TABX800,2026-05-24,0.0,0.028878463432192802,-0.028878463432192802,0.028878463432192802
14,METFORMINA 850MG,2026-05-24,0.0,0.07292202115058899,-0.07292202115058899,0.07292202115058899
14,PARACETAMOL 500MG,2026-05-24,0.0,0.028878463432192802,-0.028878463432192802,0.028878463432192802
14,VITAMINA C+ZINC+D3,2026-05-24,0.0,1.0944689512252808,-1.0944689512252808,1.0944689512252808
15,AMOXICILINA 500MG,2026-05-24,0.0,0.028878463432192802,-0.028878463432192802,0.028878463432192802
15,AZITROMICINA 500MG,2026-05-24,0.0,0.028878463432192802,-0.028878463432192802,0.028878463432192802
15,DIMENHIDRINATO 50MG,2026-05-24,0.0,0.028878463432192802,-0.028878463432192802,0.028878463432192802
15,ENALAPRIL 10MG,2026-05-24,0.0,0.11466557532548904,-0.11466557532548904,0.11466557532548904
15,IBUPROFENO TABX800,2026-05-24,0.0,0.028878463432192802,-0.028878463432192802,0.028878463432192802
15,METFORMINA 850MG,2026-05-24,0.0,0.07292202115058899,-0.07292202115058899,0.07292202115058899
15,PARACETAMOL 500MG,2026-05-24,0.0,0.028878463432192802,-0.028878463432192802,0.028878463432192802
15,VITAMINA C+ZINC+D3,2026-05-24,0.0,1.1630655527114868,-1.1630655527114868,1.1630655527114868
16,AMOXICILINA 500MG,2026-05-24,0.0,0.028878463432192802,-0.028878463432192802,0.028878463432192802
16,AZITROMICINA 500MG,2026-05-24,0.0,0.028878463432192802,-0.028878463432192802,0.028878463432192802
16,DIMENHIDRINATO 50MG,2026-05-24,0.0,0.028878463432192802,-0.028878463432192802,0.028878463432192802
16,ENALAPRIL 10MG,2026-05-24,1.0,0.11466557532548904,0.885334424674511,0.885334424674511
16,IBUPROFENO TABX800,2026-05-24,0.0,0.028878463432192802,-0.028878463432192802,0.028878463432192802
16,LOPERAMIDA 2MG,2026-05-24,0.0,0.08770599216222763,-0.08770599216222763,0.08770599216222763
16,METFORMINA 850MG,2026-05-24,0.0,0.16495734453201294,-0.16495734453201294,0.16495734453201294
16,PARACETAMOL 500MG,2026-05-24,0.0,0.028878463432192802,-0.028878463432192802,0.028878463432192802
16,VITAMINA C+ZINC+D3,2026-05-24,0.0,0.8046802878379822,-0.8046802878379822,0.8046802878379822
17,AZITROMICINA 500MG,2026-05-24,0.0,0.028878463432192802,-0.028878463432192802,0.028878463432192802
17,DIMENHIDRINATO 50MG,2026-05-24,0.0,0.028878463432192802,-0.028878463432192802,0.028878463432192802
17,ENALAPRIL 10MG,2026-05-24,0.0,0.0865369662642479,-0.0865369662642479,0.0865369662642479
17,IBUPROFENO TABX800,2026-05-24,0.0,0.028878463432192802,-0.028878463432192802,0.028878463432192802
17,LOPERAMIDA 2MG,2026-05-24,0.0,0.028878463432192802,-0.028878463432192802,0.028878463432192802
17,PARACETAMOL 500MG,2026-05-24,1.0,0.028878463432192802,0.9711215365678072,0.9711215365678072
17,VITAMINA C+ZINC+D3,2026-05-24,2.0,0.8226111531257629,1.177388846874237,1.177388846874237
18,AZITROMICINA 500MG,2026-05-24,0.0,0.028878463432192802,-0.028878463432192802,0.028878463432192802
18,DIMENHIDRINATO 50MG,2026-05-24,0.0,0.028878463432192802,-0.028878463432192802,0.028878463432192802
18,ENALAPRIL 10MG,2026-05-24,0.0,0.0865369662642479,-0.0865369662642479,0.0865369662642479
18,IBUPROFENO TABX800,2026-05-24,0.0,0.028878463432192802,-0.028878463432192802,0.028878463432192802
18,LOPERAMIDA 2MG,2026-05-24,0.0,0.028878463432192802,-0.028878463432192802,0.028878463432192802
19,AZITROMICINA 500MG,2026-05-24,0.0,0.028878463432192802,-0.028878463432192802,0.028878463432192802
19,DIMENHIDRINATO 50MG,2026-05-24,0.0,0.028878463432192802,-0.028878463432192802,0.028878463432192802
19,ENALAPRIL 10MG,2026-05-24,0.0,0.1249980702996254,-0.1249980702996254,0.1249980702996254
19,VITAMINA C+ZINC+D3,2026-05-24,0.0,1.1436084508895874,-1.1436084508895874,1.1436084508895874
1,DIMENHIDRINATO 50MG,2026-05-31,0.0,0.028878463432192802,-0.028878463432192802,0.028878463432192802
1,ENALAPRIL 10MG,2026-05-31,3.0,0.16911518573760986,2.83088481426239,2.83088481426239
1,IBUPROFENO TABX800,2026-05-31,0.0,0.028878463432192802,-0.028878463432192802,0.028878463432192802
1,LOPERAMIDA 2MG,2026-05-31,0.0,0.028878463432192802,-0.028878463432192802,0.028878463432192802
1,METFORMINA 850MG,2026-05-31,0.0,0.31552091240882874,-0.31552091240882874,0.31552091240882874
1,PARACETAMOL 500MG,2026-05-31,0.0,0.06191501021385193,-0.06191501021385193,0.06191501021385193
1,VITAMINA C+ZINC+D3,2026-05-31,1.0,1.1748815774917603,-0.17488157749176025,0.17488157749176025
2,AZITROMICINA 500MG,2026-05-31,0.0,0.03681054711341858,-0.03681054711341858,0.03681054711341858
2,DIMENHIDRINATO 50MG,2026-05-31,0.0,0.03681054711341858,-0.03681054711341858,0.03681054711341858
2,ENALAPRIL 10MG,2026-05-31,1.0,0.16635000705718994,0.8336499929428101,0.8336499929428101
2,IBUPROFENO TABX800,2026-05-31,0.0,0.03681054711341858,-0.03681054711341858,0.03681054711341858
2,LOPERAMIDA 2MG,2026-05-31,0.0,0.03681054711341858,-0.03681054711341858,0.03681054711341858
2,METFORMINA 850MG,2026-05-31,1.0,0.12422312051057816,0.8757768794894218,0.8757768794894218
2,PARACETAMOL 500MG,2026-05-31,0.0,0.03681054711341858,-0.03681054711341858,0.03681054711341858
2,VITAMINA C+ZINC+D3,2026-05-31,4.0,1.121877670288086,2.878122329711914,2.878122329711914
3,AZITROMICINA 500MG,2026-05-31,0.0,0.028878463432192802,-0.028878463432192802,0.028878463432192802
3,DIMENHIDRINATO 50MG,2026-05-31,1.0,0.028878463432192802,0.9711215365678072,0.9711215365678072
3,ENALAPRIL 10MG,2026-05-31,0.0,0.27810099720954895,-0.27810099720954895,0.27810099720954895
3,IBUPROFENO TABX800,2026-05-31,0.0,0.028878463432192802,-0.028878463432192802,0.028878463432192802
3,LOPERAMIDA 2MG,2026-05-31,0.0,0.028878463432192802,-0.028878463432192802,0.028878463432192802
3,METFORMINA 850MG,2026-05-31,0.0,0.2657791078090668,-0.2657791078090668,0.2657791078090668
3,PARACETAMOL 500MG,2026-05-31,0.0,0.028878463432192802,-0.028878463432192802,0.028878463432192802
3,VITAMINA C+ZINC+D3,2026-05-31,4.0,0.9168875217437744,3.0831124782562256,3.0831124782562256
4,AZITROMICINA 500MG,2026-05-31,0.0,0.028878463432192802,-0.028878463432192802,0.028878463432192802
4,DIMENHIDRINATO 50MG,2026-05-31,0.0,0.11573956161737442,-0.11573956161737442,0.11573956161737442
4,ENALAPRIL 10MG,2026-05-31,0.0,0.1249980702996254,-0.1249980702996254,0.1249980702996254
4,IBUPROFENO TABX800,2026-05-31,0.0,0.028878463432192802,-0.028878463432192802,0.028878463432192802
4,LOPERAMIDA 2MG,2026-05-31,0.0,0.028878463432192802,-0.028878463432192802,0.028878463432192802
4,METFORMINA 850MG,2026-05-31,0.0,0.07292202115058899,-0.07292202115058899,0.07292202115058899
4,VITAMINA C+ZINC+D3,2026-05-31,0.0,1.3012677431106567,-1.3012677431106567,1.3012677431106567
5,DIMENHIDRINATO 50MG,2026-05-31,0.0,0.03941896930336952,-0.03941896930336952,0.03941896930336952
5,ENALAPRIL 10MG,2026-05-31,1.0,0.49359938502311707,0.5064006149768829,0.5064006149768829
5,IBUPROFENO TABX800,2026-05-31,0.0,0.03941896930336952,-0.03941896930336952,0.03941896930336952
5,LOPERAMIDA 2MG,2026-05-31,0.0,0.0724555253982544,-0.0724555253982544,0.0724555253982544
5,METFORMINA 850MG,2026-05-31,1.0,0.16117262840270996,0.83882737159729,0.83882737159729
5,PARACETAMOL 500MG,2026-05-31,0.0,0.0724555253982544,-0.0724555253982544,0.0724555253982544
5,VITAMINA C+ZINC+D3,2026-05-31,1.0,1.634150505065918,-0.634150505065918,0.634150505065918
6,AMOXICILINA 500MG,2026-05-31,0.0,0.028878463432192802,-0.028878463432192802,0.028878463432192802
6,AZITROMICINA 500MG,2026-05-31,0.0,0.028878463432192802,-0.028878463432192802,0.028878463432192802
6,DIMENHIDRINATO 50MG,2026-05-31,0.0,0.028878463432192802,-0.028878463432192802,0.028878463432192802
6,ENALAPRIL 10MG,2026-05-31,3.0,0.16911518573760986,2.83088481426239,2.83088481426239
6,IBUPROFENO TABX800,2026-05-31,0.0,0.028878463432192802,-0.028878463432192802,0.028878463432192802
6,LOPERAMIDA 2MG,2026-05-31,0.0,0.028878463432192802,-0.028878463432192802,0.028878463432192802
6,METFORMINA 850MG,2026-05-31,0.0,0.07292202115058899,-0.07292202115058899,0.07292202115058899
6,VITAMINA C+ZINC+D3,2026-05-31,0.0,1.3987590074539185,-1.3987590074539185,1.3987590074539185
7,AMOXICILINA 500MG,2026-05-31,0.0,0.028878463432192802,-0.028878463432192802,0.028878463432192802
7,AZITROMICINA 500MG,2026-05-31,0.0,0.028878463432192802,-0.028878463432192802,0.028878463432192802
7,DIMENHIDRINATO 50MG,2026-05-31,0.0,0.028878463432192802,-0.028878463432192802,0.028878463432192802
7,ENALAPRIL 10MG,2026-05-31,0.0,0.0865369662642479,-0.0865369662642479,0.0865369662642479
7,IBUPROFENO TABX800,2026-05-31,0.0,0.028878463432192802,-0.028878463432192802,0.028878463432192802
7,METFORMINA 850MG,2026-05-31,0.0,0.07292202115058899,-0.07292202115058899,0.07292202115058899
7,PARACETAMOL 500MG,2026-05-31,0.0,0.028878463432192802,-0.028878463432192802,0.028878463432192802
7,VITAMINA C+ZINC+D3,2026-05-31,1.0,1.0000370740890503,-3.707408905029297e-05,3.707408905029297e-05
8,AMOXICILINA 500MG,2026-05-31,0.0,0.023723267018795013,-0.023723267018795013,0.023723267018795013
8,AZITROMICINA 500MG,2026-05-31,0.0,0.023723267018795013,-0.023723267018795013,0.023723267018795013
8,DIMENHIDRINATO 50MG,2026-05-31,0.0,0.023723267018795013,-0.023723267018795013,0.023723267018795013
8,ENALAPRIL 10MG,2026-05-31,0.0,0.10547901690006256,-0.10547901690006256,0.10547901690006256
8,IBUPROFENO TABX800,2026-05-31,0.0,0.023723267018795013,-0.023723267018795013,0.023723267018795013
8,LOPERAMIDA 2MG,2026-05-31,0.0,0.023723267018795013,-0.023723267018795013,0.023723267018795013
8,METFORMINA 850MG,2026-05-31,0.0,0.06357015669345856,-0.06357015669345856,0.06357015669345856
8,PARACETAMOL 500MG,2026-05-31,0.0,0.023723267018795013,-0.023723267018795013,0.023723267018795013
8,VITAMINA C+ZINC+D3,2026-05-31,0.0,0.4136618673801422,-0.4136618673801422,0.4136618673801422
9,AZITROMICINA 500MG,2026-05-31,0.0,0.08770599216222763,-0.08770599216222763,0.08770599216222763
9,DIMENHIDRINATO 50MG,2026-05-31,0.0,0.028878463432192802,-0.028878463432192802,0.028878463432192802
9,ENALAPRIL 10MG,2026-05-31,0.0,0.13610590994358063,-0.13610590994358063,0.13610590994358063
9,LOPERAMIDA 2MG,2026-05-31,0.0,0.028878463432192802,-0.028878463432192802,0.028878463432192802
9,METFORMINA 850MG,2026-05-31,0.0,0.07292202115058899,-0.07292202115058899,0.07292202115058899
9,PARACETAMOL 500MG,2026-05-31,0.0,0.028878463432192802,-0.028878463432192802,0.028878463432192802
9,VITAMINA C+ZINC+D3,2026-05-31,0.0,0.6548056602478027,-0.6548056602478027,0.6548056602478027
10,AMOXICILINA 500MG,2026-05-31,0.0,0.028878463432192802,-0.028878463432192802,0.028878463432192802
10,AZITROMICINA 500MG,2026-05-31,0.0,0.028878463432192802,-0.028878463432192802,0.028878463432192802
10,DIMENHIDRINATO 50MG,2026-05-31,0.0,0.028878463432192802,-0.028878463432192802,0.028878463432192802
10,ENALAPRIL 10MG,2026-05-31,0.0,0.40053263306617737,-0.40053263306617737,0.40053263306617737
10,IBUPROFENO TABX800,2026-05-31,0.0,0.028878463432192802,-0.028878463432192802,0.028878463432192802
10,LOPERAMIDA 2MG,2026-05-31,0.0,0.028878463432192802,-0.028878463432192802,0.028878463432192802
10,PARACETAMOL 500MG,2026-05-31,0.0,0.028878463432192802,-0.028878463432192802,0.028878463432192802
10,VITAMINA C+ZINC+D3,2026-05-31,2.0,1.1520191431045532,0.8479808568954468,0.8479808568954468
11,AMOXICILINA 500MG,2026-05-31,0.0,0.026255208998918533,-0.026255208998918533,0.026255208998918533
11,AZITROMICINA 500MG,2026-05-31,0.0,0.026255208998918533,-0.026255208998918533,0.026255208998918533
11,DIMENHIDRINATO 50MG,2026-05-31,0.0,0.026255208998918533,-0.026255208998918533,0.026255208998918533
11,ENALAPRIL 10MG,2026-05-31,2.0,0.14578700065612793,1.854212999343872,1.854212999343872
11,IBUPROFENO TABX800,2026-05-31,0.0,0.026255208998918533,-0.026255208998918533,0.026255208998918533
11,LOPERAMIDA 2MG,2026-05-31,0.0,0.026255208998918533,-0.026255208998918533,0.026255208998918533
11,METFORMINA 850MG,2026-05-31,0.0,0.06828544288873672,-0.06828544288873672,0.06828544288873672
11,PARACETAMOL 500MG,2026-05-31,0.0,0.026255208998918533,-0.026255208998918533,0.026255208998918533
11,VITAMINA C+ZINC+D3,2026-05-31,1.0,0.7199966311454773,0.2800033688545227,0.2800033688545227
12,AMOXICILINA 500MG,2026-05-31,0.0,0.028878463432192802,-0.028878463432192802,0.028878463432192802
12,AZITROMICINA 500MG,2026-05-31,0.0,0.028878463432192802,-0.028878463432192802,0.028878463432192802
12,DIMENHIDRINATO 50MG,2026-05-31,0.0,0.028878463432192802,-0.028878463432192802,0.028878463432192802
12,ENALAPRIL 10MG,2026-05-31,0.0,0.14416714012622833,-0.14416714012622833,0.14416714012622833
12,IBUPROFENO TABX800,2026-05-31,0.0,0.028878463432192802,-0.028878463432192802,0.028878463432192802
12,METFORMINA 850MG,2026-05-31,0.0,0.10595853626728058,-0.10595853626728058,0.10595853626728058
12,PARACETAMOL 500MG,2026-05-31,0.0,0.028878463432192802,-0.028878463432192802,0.028878463432192802
12,VITAMINA C+ZINC+D3,2026-05-31,0.0,1.1432682275772095,-1.1432682275772095,1.1432682275772095
13,AMOXICILINA 500MG,2026-05-31,0.0,0.028878463432192802,-0.028878463432192802,0.028878463432192802
13,AZITROMICINA 500MG,2026-05-31,0.0,0.028878463432192802,-0.028878463432192802,0.028878463432192802
13,DIMENHIDRINATO 50MG,2026-05-31,0.0,0.028878463432192802,-0.028878463432192802,0.028878463432192802
13,ENALAPRIL 10MG,2026-05-31,1.0,0.16105395555496216,0.8389460444450378,0.8389460444450378
13,IBUPROFENO TABX800,2026-05-31,0.0,0.028878463432192802,-0.028878463432192802,0.028878463432192802
13,METFORMINA 850MG,2026-05-31,0.0,0.1154022291302681,-0.1154022291302681,0.1154022291302681
13,VITAMINA C+ZINC+D3,2026-05-31,2.0,1.0429381132125854,0.9570618867874146,0.9570618867874146
14,AZITROMICINA 500MG,2026-05-31,0.0,0.028878463432192802,-0.028878463432192802,0.028878463432192802
14,DIMENHIDRINATO 50MG,2026-05-31,0.0,0.028878463432192802,-0.028878463432192802,0.028878463432192802
14,ENALAPRIL 10MG,2026-05-31,0.0,0.14994603395462036,-0.14994603395462036,0.14994603395462036
14,IBUPROFENO TABX800,2026-05-31,0.0,0.028878463432192802,-0.028878463432192802,0.028878463432192802
14,METFORMINA 850MG,2026-05-31,0.0,0.07292202115058899,-0.07292202115058899,0.07292202115058899
14,PARACETAMOL 500MG,2026-05-31,0.0,0.028878463432192802,-0.028878463432192802,0.028878463432192802
14,VITAMINA C+ZINC+D3,2026-05-31,0.0,1.120853304862976,-1.120853304862976,1.120853304862976
15,AMOXICILINA 500MG,2026-05-31,0.0,0.028878463432192802,-0.028878463432192802,0.028878463432192802
15,AZITROMICINA 500MG,2026-05-31,0.0,0.028878463432192802,-0.028878463432192802,0.028878463432192802
15,DIMENHIDRINATO 50MG,2026-05-31,0.0,0.028878463432192802,-0.028878463432192802,0.028878463432192802
15,ENALAPRIL 10MG,2026-05-31,1.0,0.11466557532548904,0.885334424674511,0.885334424674511
15,IBUPROFENO TABX800,2026-05-31,0.0,0.028878463432192802,-0.028878463432192802,0.028878463432192802
15,METFORMINA 850MG,2026-05-31,0.0,0.07292202115058899,-0.07292202115058899,0.07292202115058899
15,PARACETAMOL 500MG,2026-05-31,0.0,0.028878463432192802,-0.028878463432192802,0.028878463432192802
15,VITAMINA C+ZINC+D3,2026-05-31,4.0,1.0174593925476074,2.9825406074523926,2.9825406074523926
16,AMOXICILINA 500MG,2026-05-31,0.0,0.028878463432192802,-0.028878463432192802,0.028878463432192802
16,AZITROMICINA 500MG,2026-05-31,0.0,0.028878463432192802,-0.028878463432192802,0.028878463432192802
16,DIMENHIDRINATO 50MG,2026-05-31,0.0,0.028878463432192802,-0.028878463432192802,0.028878463432192802
16,ENALAPRIL 10MG,2026-05-31,0.0,0.16105395555496216,-0.16105395555496216,0.16105395555496216
16,IBUPROFENO TABX800,2026-05-31,0.0,0.028878463432192802,-0.028878463432192802,0.028878463432192802
16,LOPERAMIDA 2MG,2026-05-31,0.0,0.11573956161737442,-0.11573956161737442,0.11573956161737442
16,METFORMINA 850MG,2026-05-31,0.0,0.14118841290473938,-0.14118841290473938,0.14118841290473938
16,PARACETAMOL 500MG,2026-05-31,0.0,0.028878463432192802,-0.028878463432192802,0.028878463432192802
16,VITAMINA C+ZINC+D3,2026-05-31,1.0,0.7971086502075195,0.20289134979248047,0.20289134979248047
17,DIMENHIDRINATO 50MG,2026-05-31,0.0,0.028878463432192802,-0.028878463432192802,0.028878463432192802
17,ENALAPRIL 10MG,2026-05-31,0.0,0.0865369662642479,-0.0865369662642479,0.0865369662642479
17,IBUPROFENO TABX800,2026-05-31,0.0,0.028878463432192802,-0.028878463432192802,0.028878463432192802
17,LOPERAMIDA 2MG,2026-05-31,0.0,0.028878463432192802,-0.028878463432192802,0.028878463432192802
17,PARACETAMOL 500MG,2026-05-31,0.0,0.08770599216222763,-0.08770599216222763,0.08770599216222763
17,VITAMINA C+ZINC+D3,2026-05-31,0.0,0.9864422678947449,-0.9864422678947449,0.9864422678947449
18,AZITROMICINA 500MG,2026-05-31,0.0,0.028878463432192802,-0.028878463432192802,0.028878463432192802
18,DIMENHIDRINATO 50MG,2026-05-31,0.0,0.028878463432192802,-0.028878463432192802,0.028878463432192802
18,ENALAPRIL 10MG,2026-05-31,0.0,0.0865369662642479,-0.0865369662642479,0.0865369662642479
18,IBUPROFENO TABX800,2026-05-31,0.0,0.028878463432192802,-0.028878463432192802,0.028878463432192802
18,LOPERAMIDA 2MG,2026-05-31,0.0,0.028878463432192802,-0.028878463432192802,0.028878463432192802
18,METFORMINA 850MG,2026-05-31,0.0,0.10595853626728058,-0.10595853626728058,0.10595853626728058
19,AZITROMICINA 500MG,2026-05-31,0.0,0.028878463432192802,-0.028878463432192802,0.028878463432192802
19,DIMENHIDRINATO 50MG,2026-05-31,0.0,0.028878463432192802,-0.028878463432192802,0.028878463432192802
19,ENALAPRIL 10MG,2026-05-31,0.0,0.0865369662642479,-0.0865369662642479,0.0865369662642479
19,VITAMINA C+ZINC+D3,2026-05-31,0.0,1.169545292854309,-1.169545292854309,1.169545292854309
1,DIMENHIDRINATO 50MG,2026-06-07,0.0,0.028878463432192802,-0.028878463432192802,0.028878463432192802
1,ENALAPRIL 10MG,2026-06-07,1.0,0.41743704676628113,0.5825629532337189,0.5825629532337189
1,IBUPROFENO TABX800,2026-06-07,0.0,0.028878463432192802,-0.028878463432192802,0.028878463432192802
1,LOPERAMIDA 2MG,2026-06-07,0.0,0.028878463432192802,-0.028878463432192802,0.028878463432192802
1,METFORMINA 850MG,2026-06-07,1.0,0.2784667909145355,0.7215332090854645,0.7215332090854645
1,PARACETAMOL 500MG,2026-06-07,0.0,0.07224752753973007,-0.07224752753973007,0.07224752753973007
1,VITAMINA C+ZINC+D3,2026-06-07,3.0,1.1432682275772095,1.8567317724227905,1.8567317724227905
2,AZITROMICINA 500MG,2026-06-07,0.0,0.03681054711341858,-0.03681054711341858,0.03681054711341858
2,DIMENHIDRINATO 50MG,2026-06-07,0.0,0.03681054711341858,-0.03681054711341858,0.03681054711341858
2,ENALAPRIL 10MG,2026-06-07,0.0,0.17745792865753174,-0.17745792865753174,0.17745792865753174
2,IBUPROFENO TABX800,2026-06-07,0.0,0.03681054711341858,-0.03681054711341858,0.03681054711341858
2,LOPERAMIDA 2MG,2026-06-07,0.0,0.03681054711341858,-0.03681054711341858,0.03681054711341858
2,METFORMINA 850MG,2026-06-07,1.0,0.12333430349826813,0.8766656965017319,0.8766656965017319
2,PARACETAMOL 500MG,2026-06-07,0.0,0.03681054711341858,-0.03681054711341858,0.03681054711341858
2,VITAMINA C+ZINC+D3,2026-06-07,3.0,2.042736530303955,0.9572634696960449,0.9572634696960449
3,AZITROMICINA 500MG,2026-06-07,0.0,0.028878463432192802,-0.028878463432192802,0.028878463432192802
3,DIMENHIDRINATO 50MG,2026-06-07,0.0,0.08770599216222763,-0.08770599216222763,0.08770599216222763
3,ENALAPRIL 10MG,2026-06-07,1.0,0.1650008261203766,0.8349991738796234,0.8349991738796234
3,IBUPROFENO TABX800,2026-06-07,0.0,0.028878463432192802,-0.028878463432192802,0.028878463432192802
3,LOPERAMIDA 2MG,2026-06-07,0.0,0.028878463432192802,-0.028878463432192802,0.028878463432192802
3,METFORMINA 850MG,2026-06-07,1.0,0.3276662826538086,0.6723337173461914,0.6723337173461914
3,PARACETAMOL 500MG,2026-06-07,0.0,0.028878463432192802,-0.028878463432192802,0.028878463432192802
3,VITAMINA C+ZINC+D3,2026-06-07,0.0,1.0947136878967285,-1.0947136878967285,1.0947136878967285
4,AZITROMICINA 500MG,2026-06-07,0.0,0.028878463432192802,-0.028878463432192802,0.028878463432192802
4,DIMENHIDRINATO 50MG,2026-06-07,0.0,0.08770599216222763,-0.08770599216222763,0.08770599216222763
4,ENALAPRIL 10MG,2026-06-07,0.0,0.0865369662642479,-0.0865369662642479,0.0865369662642479
4,IBUPROFENO TABX800,2026-06-07,0.0,0.028878463432192802,-0.028878463432192802,0.028878463432192802
4,LOPERAMIDA 2MG,2026-06-07,0.0,0.028878463432192802,-0.028878463432192802,0.028878463432192802
4,METFORMINA 850MG,2026-06-07,0.0,0.07292202115058899,-0.07292202115058899,0.07292202115058899
4,VITAMINA C+ZINC+D3,2026-06-07,0.0,1.1257420778274536,-1.1257420778274536,1.1257420778274536
5,DIMENHIDRINATO 50MG,2026-06-07,0.0,0.03941896930336952,-0.03941896930336952,0.03941896930336952
5,ENALAPRIL 10MG,2026-06-07,1.0,0.40967920422554016,0.5903207957744598,0.5903207957744598
5,IBUPROFENO TABX800,2026-06-07,0.0,0.03941896930336952,-0.03941896930336952,0.03941896930336952
5,LOPERAMIDA 2MG,2026-06-07,0.0,0.0724555253982544,-0.0724555253982544,0.0724555253982544
5,METFORMINA 850MG,2026-06-07,0.0,0.16516530513763428,-0.16516530513763428,0.16516530513763428
5,PARACETAMOL 500MG,2026-06-07,0.0,0.0724555253982544,-0.0724555253982544,0.0724555253982544
5,VITAMINA C+ZINC+D3,2026-06-07,2.0,1.413032054901123,0.586967945098877,0.586967945098877
6,AZITROMICINA 500MG,2026-06-07,0.0,0.028878463432192802,-0.028878463432192802,0.028878463432192802
6,DIMENHIDRINATO 50MG,2026-06-07,0.0,0.028878463432192802,-0.028878463432192802,0.028878463432192802
6,ENALAPRIL 10MG,2026-06-07,0.0,0.44497382640838623,-0.44497382640838623,0.44497382640838623
6,IBUPROFENO TABX800,2026-06-07,0.0,0.028878463432192802,-0.028878463432192802,0.028878463432192802
6,LOPERAMIDA 2MG,2026-06-07,0.0,0.028878463432192802,-0.028878463432192802,0.028878463432192802
6,METFORMINA 850MG,2026-06-07,0.0,0.07292202115058899,-0.07292202115058899,0.07292202115058899
6,VITAMINA C+ZINC+D3,2026-06-07,3.0,1.1789895296096802,1.8210104703903198,1.8210104703903198
7,AMOXICILINA 500MG,2026-06-07,0.0,0.028878463432192802,-0.028878463432192802,0.028878463432192802
7,AZITROMICINA 500MG,2026-06-07,0.0,0.028878463432192802,-0.028878463432192802,0.028878463432192802
7,DIMENHIDRINATO 50MG,2026-06-07,0.0,0.028878463432192802,-0.028878463432192802,0.028878463432192802
7,ENALAPRIL 10MG,2026-06-07,0.0,0.0865369662642479,-0.0865369662642479,0.0865369662642479
7,IBUPROFENO TABX800,2026-06-07,0.0,0.028878463432192802,-0.028878463432192802,0.028878463432192802
7,METFORMINA 850MG,2026-06-07,0.0,0.07292202115058899,-0.07292202115058899,0.07292202115058899
7,PARACETAMOL 500MG,2026-06-07,0.0,0.028878463432192802,-0.028878463432192802,0.028878463432192802
7,VITAMINA C+ZINC+D3,2026-06-07,1.0,1.1432682275772095,-0.14326822757720947,0.14326822757720947
8,AMOXICILINA 500MG,2026-06-07,0.0,0.023723267018795013,-0.023723267018795013,0.023723267018795013
8,AZITROMICINA 500MG,2026-06-07,0.0,0.023723267018795013,-0.023723267018795013,0.023723267018795013
8,DIMENHIDRINATO 50MG,2026-06-07,0.0,0.023723267018795013,-0.023723267018795013,0.023723267018795013
8,ENALAPRIL 10MG,2026-06-07,0.0,0.10547901690006256,-0.10547901690006256,0.10547901690006256
8,IBUPROFENO TABX800,2026-06-07,0.0,0.023723267018795013,-0.023723267018795013,0.023723267018795013
8,LOPERAMIDA 2MG,2026-06-07,0.0,0.023723267018795013,-0.023723267018795013,0.023723267018795013
8,METFORMINA 850MG,2026-06-07,0.0,0.06357015669345856,-0.06357015669345856,0.06357015669345856
8,PARACETAMOL 500MG,2026-06-07,0.0,0.023723267018795013,-0.023723267018795013,0.023723267018795013
8,VITAMINA C+ZINC+D3,2026-06-07,0.0,0.42399436235427856,-0.42399436235427856,0.42399436235427856
9,AZITROMICINA 500MG,2026-06-07,0.0,0.06191501021385193,-0.06191501021385193,0.06191501021385193
9,DIMENHIDRINATO 50MG,2026-06-07,0.0,0.028878463432192802,-0.028878463432192802,0.028878463432192802
9,ENALAPRIL 10MG,2026-06-07,1.0,0.11466557532548904,0.885334424674511,0.885334424674511
9,LOPERAMIDA 2MG,2026-06-07,0.0,0.028878463432192802,-0.028878463432192802,0.028878463432192802
9,METFORMINA 850MG,2026-06-07,0.0,0.07292202115058899,-0.07292202115058899,0.07292202115058899
9,PARACETAMOL 500MG,2026-06-07,0.0,0.028878463432192802,-0.028878463432192802,0.028878463432192802
9,VITAMINA C+ZINC+D3,2026-06-07,0.0,0.6240776181221008,-0.6240776181221008,0.6240776181221008
10,AMOXICILINA 500MG,2026-06-07,0.0,0.028878463432192802,-0.028878463432192802,0.028878463432192802
10,AZITROMICINA 500MG,2026-06-07,0.0,0.028878463432192802,-0.028878463432192802,0.028878463432192802
10,DIMENHIDRINATO 50MG,2026-06-07,0.0,0.028878463432192802,-0.028878463432192802,0.028878463432192802
10,ENALAPRIL 10MG,2026-06-07,0.0,0.4079543650150299,-0.4079543650150299,0.4079543650150299
10,IBUPROFENO TABX800,2026-06-07,0.0,0.028878463432192802,-0.028878463432192802,0.028878463432192802
10,LOPERAMIDA 2MG,2026-06-07,0.0,0.028878463432192802,-0.028878463432192802,0.028878463432192802
10,PARACETAMOL 500MG,2026-06-07,0.0,0.028878463432192802,-0.028878463432192802,0.028878463432192802
10,VITAMINA C+ZINC+D3,2026-06-07,0.0,1.1938709020614624,-1.1938709020614624,1.1938709020614624
11,AMOXICILINA 500MG,2026-06-07,0.0,0.026255208998918533,-0.026255208998918533,0.026255208998918533
11,AZITROMICINA 500MG,2026-06-07,0.0,0.026255208998918533,-0.026255208998918533,0.026255208998918533
11,DIMENHIDRINATO 50MG,2026-06-07,0.0,0.026255208998918533,-0.026255208998918533,0.026255208998918533
11,ENALAPRIL 10MG,2026-06-07,0.0,0.17683984339237213,-0.17683984339237213,0.17683984339237213
11,IBUPROFENO TABX800,2026-06-07,0.0,0.026255208998918533,-0.026255208998918533,0.026255208998918533
11,LOPERAMIDA 2MG,2026-06-07,0.0,0.026255208998918533,-0.026255208998918533,0.026255208998918533
11,METFORMINA 850MG,2026-06-07,0.0,0.06828544288873672,-0.06828544288873672,0.06828544288873672
11,PARACETAMOL 500MG,2026-06-07,0.0,0.026255208998918533,-0.026255208998918533,0.026255208998918533
11,VITAMINA C+ZINC+D3,2026-06-07,3.0,0.5804669857025146,2.4195330142974854,2.4195330142974854
12,AMOXICILINA 500MG,2026-06-07,0.0,0.028878463432192802,-0.028878463432192802,0.028878463432192802
12,DIMENHIDRINATO 50MG,2026-06-07,0.0,0.028878463432192802,-0.028878463432192802,0.028878463432192802
12,ENALAPRIL 10MG,2026-06-07,0.0,0.13610590994358063,-0.13610590994358063,0.13610590994358063
12,IBUPROFENO TABX800,2026-06-07,0.0,0.028878463432192802,-0.028878463432192802,0.028878463432192802
12,METFORMINA 850MG,2026-06-07,0.0,0.10595853626728058,-0.10595853626728058,0.10595853626728058
12,PARACETAMOL 500MG,2026-06-07,0.0,0.028878463432192802,-0.028878463432192802,0.028878463432192802
12,VITAMINA C+ZINC+D3,2026-06-07,0.0,1.1039544343948364,-1.1039544343948364,1.1039544343948364
13,AMOXICILINA 500MG,2026-06-07,0.0,0.028878463432192802,-0.028878463432192802,0.028878463432192802
13,AZITROMICINA 500MG,2026-06-07,0.0,0.028878463432192802,-0.028878463432192802,0.028878463432192802
13,DIMENHIDRINATO 50MG,2026-06-07,0.0,0.028878463432192802,-0.028878463432192802,0.028878463432192802
13,ENALAPRIL 10MG,2026-06-07,0.0,0.17938922345638275,-0.17938922345638275,0.17938922345638275
13,IBUPROFENO TABX800,2026-06-07,0.0,0.028878463432192802,-0.028878463432192802,0.028878463432192802
13,METFORMINA 850MG,2026-06-07,1.0,0.1154022291302681,0.8845977708697319,0.8845977708697319
13,VITAMINA C+ZINC+D3,2026-06-07,1.0,1.1436084508895874,-0.1436084508895874,0.1436084508895874
14,AZITROMICINA 500MG,2026-06-07,0.0,0.028878463432192802,-0.028878463432192802,0.028878463432192802
14,DIMENHIDRINATO 50MG,2026-06-07,0.0,0.028878463432192802,-0.028878463432192802,0.028878463432192802
14,ENALAPRIL 10MG,2026-06-07,0.0,0.11466557532548904,-0.11466557532548904,0.11466557532548904
14,IBUPROFENO TABX800,2026-06-07,0.0,0.028878463432192802,-0.028878463432192802,0.028878463432192802
14,METFORMINA 850MG,2026-06-07,0.0,0.07292202115058899,-0.07292202115058899,0.07292202115058899
14,PARACETAMOL 500MG,2026-06-07,1.0,0.028878463432192802,0.9711215365678072,0.9711215365678072
14,VITAMINA C+ZINC+D3,2026-06-07,1.0,0.907448947429657,0.09255105257034302,0.09255105257034302
15,AMOXICILINA 500MG,2026-06-07,0.0,0.028878463432192802,-0.028878463432192802,0.028878463432192802
15,AZITROMICINA 500MG,2026-06-07,0.0,0.028878463432192802,-0.028878463432192802,0.028878463432192802
15,DIMENHIDRINATO 50MG,2026-06-07,0.0,0.028878463432192802,-0.028878463432192802,0.028878463432192802
15,ENALAPRIL 10MG,2026-06-07,0.0,0.1713864803314209,-0.1713864803314209,0.1713864803314209
15,IBUPROFENO TABX800,2026-06-07,0.0,0.028878463432192802,-0.028878463432192802,0.028878463432192802
15,METFORMINA 850MG,2026-06-07,0.0,0.07292202115058899,-0.07292202115058899,0.07292202115058899
15,PARACETAMOL 500MG,2026-06-07,0.0,0.028878463432192802,-0.028878463432192802,0.028878463432192802
15,VITAMINA C+ZINC+D3,2026-06-07,0.0,1.2732807397842407,-1.2732807397842407,1.2732807397842407
16,AMOXICILINA 500MG,2026-06-07,1.0,0.028878463432192802,0.9711215365678072,0.9711215365678072
16,AZITROMICINA 500MG,2026-06-07,0.0,0.028878463432192802,-0.028878463432192802,0.028878463432192802
16,DIMENHIDRINATO 50MG,2026-06-07,0.0,0.028878463432192802,-0.028878463432192802,0.028878463432192802
16,ENALAPRIL 10MG,2026-06-07,1.0,0.16911518573760986,0.8308848142623901,0.8308848142623901
16,IBUPROFENO TABX800,2026-06-07,0.0,0.028878463432192802,-0.028878463432192802,0.028878463432192802
16,LOPERAMIDA 2MG,2026-06-07,0.0,0.08770599216222763,-0.08770599216222763,0.08770599216222763
16,METFORMINA 850MG,2026-06-07,0.0,0.14118841290473938,-0.14118841290473938,0.14118841290473938
16,PARACETAMOL 500MG,2026-06-07,0.0,0.028878463432192802,-0.028878463432192802,0.028878463432192802
16,VITAMINA C+ZINC+D3,2026-06-07,0.0,0.7578451037406921,-0.7578451037406921,0.7578451037406921
17,DIMENHIDRINATO 50MG,2026-06-07,0.0,0.028878463432192802,-0.028878463432192802,0.028878463432192802
17,ENALAPRIL 10MG,2026-06-07,0.0,0.0865369662642479,-0.0865369662642479,0.0865369662642479
17,IBUPROFENO TABX800,2026-06-07,0.0,0.028878463432192802,-0.028878463432192802,0.028878463432192802
17,LOPERAMIDA 2MG,2026-06-07,0.0,0.028878463432192802,-0.028878463432192802,0.028878463432192802
17,PARACETAMOL 500MG,2026-06-07,0.0,0.1298276036977768,-0.1298276036977768,0.1298276036977768
17,VITAMINA C+ZINC+D3,2026-06-07,0.0,0.9664925932884216,-0.9664925932884216,0.9664925932884216
18,AZITROMICINA 500MG,2026-06-07,0.0,0.028878463432192802,-0.028878463432192802,0.028878463432192802
18,DIMENHIDRINATO 50MG,2026-06-07,0.0,0.028878463432192802,-0.028878463432192802,0.028878463432192802
18,ENALAPRIL 10MG,2026-06-07,0.0,0.0865369662642479,-0.0865369662642479,0.0865369662642479
18,IBUPROFENO TABX800,2026-06-07,0.0,0.028878463432192802,-0.028878463432192802,0.028878463432192802
18,LOPERAMIDA 2MG,2026-06-07,0.0,0.028878463432192802,-0.028878463432192802,0.028878463432192802
18,METFORMINA 850MG,2026-06-07,0.0,0.11629104614257812,-0.11629104614257812,0.11629104614257812
19,AZITROMICINA 500MG,2026-06-07,0.0,0.028878463432192802,-0.028878463432192802,0.028878463432192802
19,DIMENHIDRINATO 50MG,2026-06-07,0.0,0.028878463432192802,-0.028878463432192802,0.028878463432192802
19,ENALAPRIL 10MG,2026-06-07,0.0,0.0865369662642479,-0.0865369662642479,0.0865369662642479
19,VITAMINA C+ZINC+D3,2026-06-07,0.0,0.7483304738998413,-0.7483304738998413,0.7483304738998413
1,DIMENHIDRINATO 50MG,2026-06-14,0.0,0.028878463432192802,-0.028878463432192802,0.028878463432192802
1,ENALAPRIL 10MG,2026-06-14,1.0,0.48200809955596924,0.5179919004440308,0.5179919004440308
1,IBUPROFENO TABX800,2026-06-14,0.0,0.028878463432192802,-0.028878463432192802,0.028878463432192802
1,LOPERAMIDA 2MG,2026-06-14,0.0,0.028878463432192802,-0.028878463432192802,0.028878463432192802
1,METFORMINA 850MG,2026-06-14,1.0,0.2386731058359146,0.7613268941640854,0.7613268941640854
1,PARACETAMOL 500MG,2026-06-14,0.0,0.028878463432192802,-0.028878463432192802,0.028878463432192802
1,VITAMINA C+ZINC+D3,2026-06-14,1.0,1.1364325284957886,-0.13643252849578857,0.13643252849578857
2,AZITROMICINA 500MG,2026-06-14,0.0,0.03681054711341858,-0.03681054711341858,0.03681054711341858
2,DIMENHIDRINATO 50MG,2026-06-14,0.0,0.03681054711341858,-0.03681054711341858,0.03681054711341858
2,ENALAPRIL 10MG,2026-06-14,1.0,0.19412042200565338,0.8058795779943466,0.8058795779943466
2,IBUPROFENO TABX800,2026-06-14,0.0,0.03681054711341858,-0.03681054711341858,0.03681054711341858
2,LOPERAMIDA 2MG,2026-06-14,0.0,0.03681054711341858,-0.03681054711341858,0.03681054711341858
2,METFORMINA 850MG,2026-06-14,0.0,0.18843895196914673,-0.18843895196914673,0.18843895196914673
2,PARACETAMOL 500MG,2026-06-14,0.0,0.03681054711341858,-0.03681054711341858,0.03681054711341858
2,VITAMINA C+ZINC+D3,2026-06-14,1.0,2.5504441261291504,-1.5504441261291504,1.5504441261291504
3,DIMENHIDRINATO 50MG,2026-06-14,0.0,0.1278848797082901,-0.1278848797082901,0.1278848797082901
3,ENALAPRIL 10MG,2026-06-14,2.0,0.3381706476211548,1.6618293523788452,1.6618293523788452
3,IBUPROFENO TABX800,2026-06-14,0.0,0.028878463432192802,-0.028878463432192802,0.028878463432192802
3,LOPERAMIDA 2MG,2026-06-14,0.0,0.028878463432192802,-0.028878463432192802,0.028878463432192802
3,METFORMINA 850MG,2026-06-14,0.0,0.2386731058359146,-0.2386731058359146,0.2386731058359146
3,VITAMINA C+ZINC+D3,2026-06-14,0.0,1.4430662393569946,-1.4430662393569946,1.4430662393569946
4,AZITROMICINA 500MG,2026-06-14,0.0,0.028878463432192802,-0.028878463432192802,0.028878463432192802
4,DIMENHIDRINATO 50MG,2026-06-14,0.0,0.08770599216222763,-0.08770599216222763,0.08770599216222763
4,ENALAPRIL 10MG,2026-06-14,1.0,0.0865369662642479,0.9134630337357521,0.9134630337357521
4,IBUPROFENO TABX800,2026-06-14,0.0,0.028878463432192802,-0.028878463432192802,0.028878463432192802
4,LOPERAMIDA 2MG,2026-06-14,0.0,0.028878463432192802,-0.028878463432192802,0.028878463432192802
4,METFORMINA 850MG,2026-06-14,0.0,0.07292202115058899,-0.07292202115058899,0.07292202115058899
4,VITAMINA C+ZINC+D3,2026-06-14,0.0,1.1144369840621948,-1.1144369840621948,1.1144369840621948
5,DIMENHIDRINATO 50MG,2026-06-14,0.0,0.03941896930336952,-0.03941896930336952,0.03941896930336952
5,ENALAPRIL 10MG,2026-06-14,0.0,0.5228104591369629,-0.5228104591369629,0.5228104591369629
5,IBUPROFENO TABX800,2026-06-14,0.0,0.03941896930336952,-0.03941896930336952,0.03941896930336952
5,LOPERAMIDA 2MG,2026-06-14,0.0,0.08278803527355194,-0.08278803527355194,0.08278803527355194
5,METFORMINA 850MG,2026-06-14,1.0,0.2557254731655121,0.7442745268344879,0.7442745268344879
5,PARACETAMOL 500MG,2026-06-14,0.0,0.08278803527355194,-0.08278803527355194,0.08278803527355194
5,VITAMINA C+ZINC+D3,2026-06-14,3.0,1.5121572017669678,1.4878427982330322,1.4878427982330322
6,AZITROMICINA 500MG,2026-06-14,0.0,0.028878463432192802,-0.028878463432192802,0.028878463432192802
6,DIMENHIDRINATO 50MG,2026-06-14,0.0,0.028878463432192802,-0.028878463432192802,0.028878463432192802
6,ENALAPRIL 10MG,2026-06-14,0.0,0.46525442600250244,-0.46525442600250244,0.46525442600250244
6,IBUPROFENO TABX800,2026-06-14,0.0,0.028878463432192802,-0.028878463432192802,0.028878463432192802
6,LOPERAMIDA 2MG,2026-06-14,0.0,0.028878463432192802,-0.028878463432192802,0.028878463432192802
6,METFORMINA 850MG,2026-06-14,0.0,0.07292202115058899,-0.07292202115058899,0.07292202115058899
6,VITAMINA C+ZINC+D3,2026-06-14,1.0,1.4541438817977905,-0.4541438817977905,0.4541438817977905
7,AMOXICILINA 500MG,2026-06-14,0.0,0.028878463432192802,-0.028878463432192802,0.028878463432192802
7,AZITROMICINA 500MG,2026-06-14,0.0,0.028878463432192802,-0.028878463432192802,0.028878463432192802
7,DIMENHIDRINATO 50MG,2026-06-14,0.0,0.028878463432192802,-0.028878463432192802,0.028878463432192802
7,ENALAPRIL 10MG,2026-06-14,0.0,0.0865369662642479,-0.0865369662642479,0.0865369662642479
7,IBUPROFENO TABX800,2026-06-14,0.0,0.028878463432192802,-0.028878463432192802,0.028878463432192802
7,METFORMINA 850MG,2026-06-14,0.0,0.07292202115058899,-0.07292202115058899,0.07292202115058899
7,PARACETAMOL 500MG,2026-06-14,0.0,0.028878463432192802,-0.028878463432192802,0.028878463432192802
7,VITAMINA C+ZINC+D3,2026-06-14,1.0,1.0999301671981812,-0.09993016719818115,0.09993016719818115
8,AMOXICILINA 500MG,2026-06-14,0.0,0.023723267018795013,-0.023723267018795013,0.023723267018795013
8,AZITROMICINA 500MG,2026-06-14,0.0,0.023723267018795013,-0.023723267018795013,0.023723267018795013
8,DIMENHIDRINATO 50MG,2026-06-14,0.0,0.023723267018795013,-0.023723267018795013,0.023723267018795013
8,ENALAPRIL 10MG,2026-06-14,0.0,0.11581152677536011,-0.11581152677536011,0.11581152677536011
8,IBUPROFENO TABX800,2026-06-14,0.0,0.023723267018795013,-0.023723267018795013,0.023723267018795013
8,LOPERAMIDA 2MG,2026-06-14,0.0,0.023723267018795013,-0.023723267018795013,0.023723267018795013
8,METFORMINA 850MG,2026-06-14,1.0,0.06357015669345856,0.9364298433065414,0.9364298433065414
8,PARACETAMOL 500MG,2026-06-14,0.0,0.023723267018795013,-0.023723267018795013,0.023723267018795013
8,VITAMINA C+ZINC+D3,2026-06-14,0.0,0.4136618673801422,-0.4136618673801422,0.4136618673801422
9,AZITROMICINA 500MG,2026-06-14,0.0,0.06191501021385193,-0.06191501021385193,0.06191501021385193
9,DIMENHIDRINATO 50MG,2026-06-14,0.0,0.028878463432192802,-0.028878463432192802,0.028878463432192802
9,ENALAPRIL 10MG,2026-06-14,0.0,0.16105395555496216,-0.16105395555496216,0.16105395555496216
9,LOPERAMIDA 2MG,2026-06-14,0.0,0.028878463432192802,-0.028878463432192802,0.028878463432192802
9,METFORMINA 850MG,2026-06-14,0.0,0.07292202115058899,-0.07292202115058899,0.07292202115058899
9,PARACETAMOL 500MG,2026-06-14,0.0,0.028878463432192802,-0.028878463432192802,0.028878463432192802
9,VITAMINA C+ZINC+D3,2026-06-14,0.0,0.46935418248176575,-0.46935418248176575,0.46935418248176575
10,AMOXICILINA 500MG,2026-06-14,0.0,0.028878463432192802,-0.028878463432192802,0.028878463432192802
10,AZITROMICINA 500MG,2026-06-14,0.0,0.028878463432192802,-0.028878463432192802,0.028878463432192802
10,DIMENHIDRINATO 50MG,2026-06-14,0.0,0.028878463432192802,-0.028878463432192802,0.028878463432192802
10,ENALAPRIL 10MG,2026-06-14,2.0,0.1650008261203766,1.8349991738796234,1.8349991738796234
10,IBUPROFENO TABX800,2026-06-14,0.0,0.028878463432192802,-0.028878463432192802,0.028878463432192802
10,LOPERAMIDA 2MG,2026-06-14,0.0,0.028878463432192802,-0.028878463432192802,0.028878463432192802
10,PARACETAMOL 500MG,2026-06-14,0.0,0.028878463432192802,-0.028878463432192802,0.028878463432192802
10,VITAMINA C+ZINC+D3,2026-06-14,0.0,1.1432682275772095,-1.1432682275772095,1.1432682275772095
11,AMOXICILINA 500MG,2026-06-14,0.0,0.026255208998918533,-0.026255208998918533,0.026255208998918533
11,AZITROMICINA 500MG,2026-06-14,0.0,0.026255208998918533,-0.026255208998918533,0.026255208998918533
11,DIMENHIDRINATO 50MG,2026-06-14,0.0,0.026255208998918533,-0.026255208998918533,0.026255208998918533
11,ENALAPRIL 10MG,2026-06-14,0.0,0.20870459079742432,-0.20870459079742432,0.20870459079742432
11,IBUPROFENO TABX800,2026-06-14,0.0,0.026255208998918533,-0.026255208998918533,0.026255208998918533
11,LOPERAMIDA 2MG,2026-06-14,0.0,0.026255208998918533,-0.026255208998918533,0.026255208998918533
11,METFORMINA 850MG,2026-06-14,0.0,0.06828544288873672,-0.06828544288873672,0.06828544288873672
11,PARACETAMOL 500MG,2026-06-14,0.0,0.026255208998918533,-0.026255208998918533,0.026255208998918533
11,VITAMINA C+ZINC+D3,2026-06-14,0.0,0.9358938932418823,-0.9358938932418823,0.9358938932418823
12,AMOXICILINA 500MG,2026-06-14,0.0,0.028878463432192802,-0.028878463432192802,0.028878463432192802
12,DIMENHIDRINATO 50MG,2026-06-14,0.0,0.028878463432192802,-0.028878463432192802,0.028878463432192802
12,ENALAPRIL 10MG,2026-06-14,0.0,0.13610590994358063,-0.13610590994358063,0.13610590994358063
12,IBUPROFENO TABX800,2026-06-14,0.0,0.028878463432192802,-0.028878463432192802,0.028878463432192802
12,METFORMINA 850MG,2026-06-14,0.0,0.11629104614257812,-0.11629104614257812,0.11629104614257812
12,PARACETAMOL 500MG,2026-06-14,0.0,0.028878463432192802,-0.028878463432192802,0.028878463432192802
12,VITAMINA C+ZINC+D3,2026-06-14,1.0,0.7930800914764404,0.20691990852355957,0.20691990852355957
13,AMOXICILINA 500MG,2026-06-14,0.0,0.028878463432192802,-0.028878463432192802,0.028878463432192802
13,AZITROMICINA 500MG,2026-06-14,0.0,0.028878463432192802,-0.028878463432192802,0.028878463432192802
13,DIMENHIDRINATO 50MG,2026-06-14,0.0,0.028878463432192802,-0.028878463432192802,0.028878463432192802
13,ENALAPRIL 10MG,2026-06-14,0.0,0.1897217482328415,-0.1897217482328415,0.1897217482328415
13,IBUPROFENO TABX800,2026-06-14,0.0,0.028878463432192802,-0.028878463432192802,0.028878463432192802
13,METFORMINA 850MG,2026-06-14,0.0,0.15063214302062988,-0.15063214302062988,0.15063214302062988
14,AZITROMICINA 500MG,2026-06-14,0.0,0.028878463432192802,-0.028878463432192802,0.028878463432192802
14,DIMENHIDRINATO 50MG,2026-06-14,0.0,0.028878463432192802,-0.028878463432192802,0.028878463432192802
14,ENALAPRIL 10MG,2026-06-14,0.0,0.11466557532548904,-0.11466557532548904,0.11466557532548904
14,IBUPROFENO TABX800,2026-06-14,0.0,0.028878463432192802,-0.028878463432192802,0.028878463432192802
14,METFORMINA 850MG,2026-06-14,0.0,0.07292202115058899,-0.07292202115058899,0.07292202115058899
14,PARACETAMOL 500MG,2026-06-14,0.0,0.08770599216222763,-0.08770599216222763,0.08770599216222763
14,VITAMINA C+ZINC+D3,2026-06-14,1.0,0.8129271864891052,0.18707281351089478,0.18707281351089478
15,AMOXICILINA 500MG,2026-06-14,0.0,0.028878463432192802,-0.028878463432192802,0.028878463432192802
15,DIMENHIDRINATO 50MG,2026-06-14,0.0,0.028878463432192802,-0.028878463432192802,0.028878463432192802
15,ENALAPRIL 10MG,2026-06-14,0.0,0.14416714012622833,-0.14416714012622833,0.14416714012622833
15,IBUPROFENO TABX800,2026-06-14,0.0,0.028878463432192802,-0.028878463432192802,0.028878463432192802
15,METFORMINA 850MG,2026-06-14,0.0,0.07292202115058899,-0.07292202115058899,0.07292202115058899
15,PARACETAMOL 500MG,2026-06-14,0.0,0.028878463432192802,-0.028878463432192802,0.028878463432192802
15,VITAMINA C+ZINC+D3,2026-06-14,0.0,1.3374093770980835,-1.3374093770980835,1.3374093770980835
16,AMOXICILINA 500MG,2026-06-14,0.0,0.08770599216222763,-0.08770599216222763,0.08770599216222763
16,AZITROMICINA 500MG,2026-06-14,0.0,0.028878463432192802,-0.028878463432192802,0.028878463432192802
16,DIMENHIDRINATO 50MG,2026-06-14,0.0,0.028878463432192802,-0.028878463432192802,0.028878463432192802
16,ENALAPRIL 10MG,2026-06-14,0.0,0.17533335089683533,-0.17533335089683533,0.17533335089683533
16,IBUPROFENO TABX800,2026-06-14,0.0,0.028878463432192802,-0.028878463432192802,0.028878463432192802
16,LOPERAMIDA 2MG,2026-06-14,0.0,0.08770599216222763,-0.08770599216222763,0.08770599216222763
16,METFORMINA 850MG,2026-06-14,0.0,0.14118841290473938,-0.14118841290473938,0.14118841290473938
16,PARACETAMOL 500MG,2026-06-14,0.0,0.028878463432192802,-0.028878463432192802,0.028878463432192802
16,VITAMINA C+ZINC+D3,2026-06-14,0.0,0.8132341504096985,-0.8132341504096985,0.8132341504096985
17,DIMENHIDRINATO 50MG,2026-06-14,1.0,0.028878463432192802,0.9711215365678072,0.9711215365678072
17,ENALAPRIL 10MG,2026-06-14,0.0,0.0865369662642479,-0.0865369662642479,0.0865369662642479
17,IBUPROFENO TABX800,2026-06-14,0.0,0.028878463432192802,-0.028878463432192802,0.028878463432192802
17,LOPERAMIDA 2MG,2026-06-14,0.0,0.028878463432192802,-0.028878463432192802,0.028878463432192802
17,PARACETAMOL 500MG,2026-06-14,0.0,0.08770599216222763,-0.08770599216222763,0.08770599216222763
17,VITAMINA C+ZINC+D3,2026-06-14,2.0,0.7483304738998413,1.2516695261001587,1.2516695261001587
18,AZITROMICINA 500MG,2026-06-14,0.0,0.028878463432192802,-0.028878463432192802,0.028878463432192802
18,DIMENHIDRINATO 50MG,2026-06-14,0.0,0.028878463432192802,-0.028878463432192802,0.028878463432192802
18,ENALAPRIL 10MG,2026-06-14,0.0,0.0865369662642479,-0.0865369662642479,0.0865369662642479
18,IBUPROFENO TABX800,2026-06-14,0.0,0.028878463432192802,-0.028878463432192802,0.028878463432192802
18,LOPERAMIDA 2MG,2026-06-14,0.0,0.028878463432192802,-0.028878463432192802,0.028878463432192802
18,METFORMINA 850MG,2026-06-14,0.0,0.07292202115058899,-0.07292202115058899,0.07292202115058899
19,AZITROMICINA 500MG,2026-06-14,0.0,0.028878463432192802,-0.028878463432192802,0.028878463432192802
19,DIMENHIDRINATO 50MG,2026-06-14,0.0,0.028878463432192802,-0.028878463432192802,0.028878463432192802
19,ENALAPRIL 10MG,2026-06-14,0.0,0.0865369662642479,-0.0865369662642479,0.0865369662642479
19,VITAMINA C+ZINC+D3,2026-06-14,2.0,0.7091528177261353,1.2908471822738647,1.2908471822738647
1,DIMENHIDRINATO 50MG,2026-06-21,0.0,0.028878463432192802,-0.028878463432192802,0.028878463432192802
1,ENALAPRIL 10MG,2026-06-21,0.0,0.40334856510162354,-0.40334856510162354,0.40334856510162354
1,IBUPROFENO TABX800,2026-06-21,0.0,0.028878463432192802,-0.028878463432192802,0.028878463432192802
1,LOPERAMIDA 2MG,2026-06-21,0.0,0.028878463432192802,-0.028878463432192802,0.028878463432192802
1,PARACETAMOL 500MG,2026-06-21,0.0,0.028878463432192802,-0.028878463432192802,0.028878463432192802
1,VITAMINA C+ZINC+D3,2026-06-21,0.0,1.1531671285629272,-1.1531671285629272,1.1531671285629272
2,AZITROMICINA 500MG,2026-06-21,0.0,0.03681054711341858,-0.03681054711341858,0.03681054711341858
2,DIMENHIDRINATO 50MG,2026-06-21,0.0,0.03681054711341858,-0.03681054711341858,0.03681054711341858
2,ENALAPRIL 10MG,2026-06-21,0.0,0.17745792865753174,-0.17745792865753174,0.17745792865753174
2,IBUPROFENO TABX800,2026-06-21,0.0,0.03681054711341858,-0.03681054711341858,0.03681054711341858
2,LOPERAMIDA 2MG,2026-06-21,0.0,0.03681054711341858,-0.03681054711341858,0.03681054711341858
2,METFORMINA 850MG,2026-06-21,0.0,0.18331408500671387,-0.18331408500671387,0.18331408500671387
2,PARACETAMOL 500MG,2026-06-21,0.0,0.03681054711341858,-0.03681054711341858,0.03681054711341858
2,VITAMINA C+ZINC+D3,2026-06-21,0.0,1.8249595165252686,-1.8249595165252686,1.8249595165252686
3,DIMENHIDRINATO 50MG,2026-06-21,0.0,0.08770599216222763,-0.08770599216222763,0.08770599216222763
3,ENALAPRIL 10MG,2026-06-21,0.0,0.42945152521133423,-0.42945152521133423,0.42945152521133423
3,IBUPROFENO TABX800,2026-06-21,0.0,0.028878463432192802,-0.028878463432192802,0.028878463432192802
3,LOPERAMIDA 2MG,2026-06-21,0.0,0.028878463432192802,-0.028878463432192802,0.028878463432192802
3,METFORMINA 850MG,2026-06-21,0.0,0.28027966618537903,-0.28027966618537903,0.28027966618537903
3,VITAMINA C+ZINC+D3,2026-06-21,0.0,0.9639188051223755,-0.9639188051223755,0.9639188051223755
4,AZITROMICINA 500MG,2026-06-21,0.0,0.028878463432192802,-0.028878463432192802,0.028878463432192802
4,DIMENHIDRINATO 50MG,2026-06-21,0.0,0.06191501021385193,-0.06191501021385193,0.06191501021385193
4,ENALAPRIL 10MG,2026-06-21,0.0,0.13610590994358063,-0.13610590994358063,0.13610590994358063
4,IBUPROFENO TABX800,2026-06-21,0.0,0.028878463432192802,-0.028878463432192802,0.028878463432192802
4,LOPERAMIDA 2MG,2026-06-21,0.0,0.028878463432192802,-0.028878463432192802,0.028878463432192802
4,METFORMINA 850MG,2026-06-21,0.0,0.06779716908931732,-0.06779716908931732,0.06779716908931732
4,VITAMINA C+ZINC+D3,2026-06-21,0.0,0.8379946947097778,-0.8379946947097778,0.8379946947097778
5,DIMENHIDRINATO 50MG,2026-06-21,0.0,0.03941896930336952,-0.03941896930336952,0.03941896930336952
5,ENALAPRIL 10MG,2026-06-21,0.0,0.5690870881080627,-0.5690870881080627,0.5690870881080627
5,IBUPROFENO TABX800,2026-06-21,0.0,0.03941896930336952,-0.03941896930336952,0.03941896930336952
5,LOPERAMIDA 2MG,2026-06-21,0.0,0.03941896930336952,-0.03941896930336952,0.03941896930336952
5,METFORMINA 850MG,2026-06-21,0.0,0.17037297785282135,-0.17037297785282135,0.17037297785282135
5,VITAMINA C+ZINC+D3,2026-06-21,0.0,1.5715477466583252,-1.5715477466583252,1.5715477466583252
6,AZITROMICINA 500MG,2026-06-21,0.0,0.028878463432192802,-0.028878463432192802,0.028878463432192802
6,DIMENHIDRINATO 50MG,2026-06-21,0.0,0.028878463432192802,-0.028878463432192802,0.028878463432192802
6,ENALAPRIL 10MG,2026-06-21,0.0,0.3903310298919678,-0.3903310298919678,0.3903310298919678
6,IBUPROFENO TABX800,2026-06-21,0.0,0.028878463432192802,-0.028878463432192802,0.028878463432192802
6,LOPERAMIDA 2MG,2026-06-21,0.0,0.028878463432192802,-0.028878463432192802,0.028878463432192802
6,METFORMINA 850MG,2026-06-21,0.0,0.06779716908931732,-0.06779716908931732,0.06779716908931732
6,VITAMINA C+ZINC+D3,2026-06-21,0.0,1.2052427530288696,-1.2052427530288696,1.2052427530288696
7,AZITROMICINA 500MG,2026-06-21,0.0,0.028878463432192802,-0.028878463432192802,0.028878463432192802
7,DIMENHIDRINATO 50MG,2026-06-21,0.0,0.028878463432192802,-0.028878463432192802,0.028878463432192802
7,ENALAPRIL 10MG,2026-06-21,0.0,0.0865369662642479,-0.0865369662642479,0.0865369662642479
7,IBUPROFENO TABX800,2026-06-21,0.0,0.028878463432192802,-0.028878463432192802,0.028878463432192802
7,METFORMINA 850MG,2026-06-21,0.0,0.06779716908931732,-0.06779716908931732,0.06779716908931732
7,PARACETAMOL 500MG,2026-06-21,0.0,0.028878463432192802,-0.028878463432192802,0.028878463432192802
7,VITAMINA C+ZINC+D3,2026-06-21,2.0,1.109829068183899,0.8901709318161011,0.8901709318161011
8,AMOXICILINA 500MG,2026-06-21,0.0,0.023723267018795013,-0.023723267018795013,0.023723267018795013
8,AZITROMICINA 500MG,2026-06-21,0.0,0.023723267018795013,-0.023723267018795013,0.023723267018795013
8,DIMENHIDRINATO 50MG,2026-06-21,0.0,0.023723267018795013,-0.023723267018795013,0.023723267018795013
8,ENALAPRIL 10MG,2026-06-21,0.0,0.07735040783882141,-0.07735040783882141,0.07735040783882141
8,IBUPROFENO TABX800,2026-06-21,0.0,0.023723267018795013,-0.023723267018795013,0.023723267018795013
8,LOPERAMIDA 2MG,2026-06-21,0.0,0.023723267018795013,-0.023723267018795013,0.023723267018795013
8,METFORMINA 850MG,2026-06-21,0.0,0.100925512611866,-0.100925512611866,0.100925512611866
8,PARACETAMOL 500MG,2026-06-21,0.0,0.023723267018795013,-0.023723267018795013,0.023723267018795013
8,VITAMINA C+ZINC+D3,2026-06-21,0.0,0.42356088757514954,-0.42356088757514954,0.42356088757514954
9,AZITROMICINA 500MG,2026-06-21,0.0,0.06191501021385193,-0.06191501021385193,0.06191501021385193
9,DIMENHIDRINATO 50MG,2026-06-21,0.0,0.028878463432192802,-0.028878463432192802,0.028878463432192802
9,ENALAPRIL 10MG,2026-06-21,0.0,0.16911518573760986,-0.16911518573760986,0.16911518573760986
9,LOPERAMIDA 2MG,2026-06-21,0.0,0.028878463432192802,-0.028878463432192802,0.028878463432192802
9,METFORMINA 850MG,2026-06-21,1.0,0.06779716908931732,0.9322028309106827,0.9322028309106827
9,PARACETAMOL 500MG,2026-06-21,0.0,0.028878463432192802,-0.028878463432192802,0.028878463432192802
9,VITAMINA C+ZINC+D3,2026-06-21,0.0,0.4300902485847473,-0.4300902485847473,0.4300902485847473
10,AMOXICILINA 500MG,2026-06-21,0.0,0.028878463432192802,-0.028878463432192802,0.028878463432192802
10,AZITROMICINA 500MG,2026-06-21,0.0,0.028878463432192802,-0.028878463432192802,0.028878463432192802
10,DIMENHIDRINATO 50MG,2026-06-21,0.0,0.028878463432192802,-0.028878463432192802,0.028878463432192802
10,ENALAPRIL 10MG,2026-06-21,1.0,0.41743704676628113,0.5825629532337189,0.5825629532337189
10,IBUPROFENO TABX800,2026-06-21,0.0,0.028878463432192802,-0.028878463432192802,0.028878463432192802
10,LOPERAMIDA 2MG,2026-06-21,0.0,0.028878463432192802,-0.028878463432192802,0.028878463432192802
10,PARACETAMOL 500MG,2026-06-21,0.0,0.028878463432192802,-0.028878463432192802,0.028878463432192802
10,VITAMINA C+ZINC+D3,2026-06-21,0.0,0.9145469069480896,-0.9145469069480896,0.9145469069480896
11,AMOXICILINA 500MG,2026-06-21,0.0,0.026255208998918533,-0.026255208998918533,0.026255208998918533
11,AZITROMICINA 500MG,2026-06-21,0.0,0.026255208998918533,-0.026255208998918533,0.026255208998918533
11,DIMENHIDRINATO 50MG,2026-06-21,0.0,0.026255208998918533,-0.026255208998918533,0.026255208998918533
11,ENALAPRIL 10MG,2026-06-21,0.0,0.14973387122154236,-0.14973387122154236,0.14973387122154236
11,IBUPROFENO TABX800,2026-06-21,0.0,0.026255208998918533,-0.026255208998918533,0.026255208998918533
11,LOPERAMIDA 2MG,2026-06-21,0.0,0.026255208998918533,-0.026255208998918533,0.026255208998918533
11,METFORMINA 850MG,2026-06-21,0.0,0.06316059082746506,-0.06316059082746506,0.06316059082746506
11,PARACETAMOL 500MG,2026-06-21,0.0,0.026255208998918533,-0.026255208998918533,0.026255208998918533
11,VITAMINA C+ZINC+D3,2026-06-21,0.0,0.9141794443130493,-0.9141794443130493,0.9141794443130493
12,AMOXICILINA 500MG,2026-06-21,0.0,0.028878463432192802,-0.028878463432192802,0.028878463432192802
12,DIMENHIDRINATO 50MG,2026-06-21,0.0,0.028878463432192802,-0.028878463432192802,0.028878463432192802
12,ENALAPRIL 10MG,2026-06-21,0.0,0.11466557532548904,-0.11466557532548904,0.11466557532548904
12,IBUPROFENO TABX800,2026-06-21,0.0,0.028878463432192802,-0.028878463432192802,0.028878463432192802
12,METFORMINA 850MG,2026-06-21,0.0,0.06779716908931732,-0.06779716908931732,0.06779716908931732
12,PARACETAMOL 500MG,2026-06-21,0.0,0.028878463432192802,-0.028878463432192802,0.028878463432192802
12,VITAMINA C+ZINC+D3,2026-06-21,1.0,0.8770612478256226,0.12293875217437744,0.12293875217437744
13,AMOXICILINA 500MG,2026-06-21,0.0,0.028878463432192802,-0.028878463432192802,0.028878463432192802
13,AZITROMICINA 500MG,2026-06-21,1.0,0.028878463432192802,0.9711215365678072,0.9711215365678072
13,DIMENHIDRINATO 50MG,2026-06-21,0.0,0.028878463432192802,-0.028878463432192802,0.028878463432192802
13,ENALAPRIL 10MG,2026-06-21,0.0,0.16105395555496216,-0.16105395555496216,0.16105395555496216
13,IBUPROFENO TABX800,2026-06-21,0.0,0.028878463432192802,-0.028878463432192802,0.028878463432192802
13,METFORMINA 850MG,2026-06-21,0.0,0.1686413735151291,-0.1686413735151291,0.1686413735151291
14,AZITROMICINA 500MG,2026-06-21,0.0,0.028878463432192802,-0.028878463432192802,0.028878463432192802
14,DIMENHIDRINATO 50MG,2026-06-21,0.0,0.028878463432192802,-0.028878463432192802,0.028878463432192802
14,ENALAPRIL 10MG,2026-06-21,0.0,0.1249980702996254,-0.1249980702996254,0.1249980702996254
14,IBUPROFENO TABX800,2026-06-21,0.0,0.028878463432192802,-0.028878463432192802,0.028878463432192802
14,METFORMINA 850MG,2026-06-21,0.0,0.06779716908931732,-0.06779716908931732,0.06779716908931732
14,PARACETAMOL 500MG,2026-06-21,0.0,0.1298276036977768,-0.1298276036977768,0.1298276036977768
14,VITAMINA C+ZINC+D3,2026-06-21,0.0,0.8512231707572937,-0.8512231707572937,0.8512231707572937
15,AMOXICILINA 500MG,2026-06-21,0.0,0.028878463432192802,-0.028878463432192802,0.028878463432192802
15,DIMENHIDRINATO 50MG,2026-06-21,0.0,0.028878463432192802,-0.028878463432192802,0.028878463432192802
15,ENALAPRIL 10MG,2026-06-21,0.0,0.13610590994358063,-0.13610590994358063,0.13610590994358063
15,IBUPROFENO TABX800,2026-06-21,0.0,0.028878463432192802,-0.028878463432192802,0.028878463432192802
15,METFORMINA 850MG,2026-06-21,0.0,0.06779716908931732,-0.06779716908931732,0.06779716908931732
15,PARACETAMOL 500MG,2026-06-21,0.0,0.028878463432192802,-0.028878463432192802,0.028878463432192802
15,VITAMINA C+ZINC+D3,2026-06-21,0.0,0.9173479676246643,-0.9173479676246643,0.9173479676246643
16,AMOXICILINA 500MG,2026-06-21,0.0,0.11573956161737442,-0.11573956161737442,0.11573956161737442
16,AZITROMICINA 500MG,2026-06-21,0.0,0.028878463432192802,-0.028878463432192802,0.028878463432192802
16,DIMENHIDRINATO 50MG,2026-06-21,0.0,0.028878463432192802,-0.028878463432192802,0.028878463432192802
16,ENALAPRIL 10MG,2026-06-21,0.0,0.16911518573760986,-0.16911518573760986,0.16911518573760986
16,IBUPROFENO TABX800,2026-06-21,0.0,0.028878463432192802,-0.028878463432192802,0.028878463432192802
16,LOPERAMIDA 2MG,2026-06-21,0.0,0.06191501021385193,-0.06191501021385193,0.06191501021385193
16,METFORMINA 850MG,2026-06-21,0.0,0.152533620595932,-0.152533620595932,0.152533620595932
16,PARACETAMOL 500MG,2026-06-21,0.0,0.028878463432192802,-0.028878463432192802,0.028878463432192802
16,VITAMINA C+ZINC+D3,2026-06-21,0.0,0.5423246026039124,-0.5423246026039124,0.5423246026039124
17,DIMENHIDRINATO 50MG,2026-06-21,0.0,0.08770599216222763,-0.08770599216222763,0.08770599216222763
17,ENALAPRIL 10MG,2026-06-21,0.0,0.0865369662642479,-0.0865369662642479,0.0865369662642479
17,IBUPROFENO TABX800,2026-06-21,0.0,0.028878463432192802,-0.028878463432192802,0.028878463432192802
17,LOPERAMIDA 2MG,2026-06-21,0.0,0.028878463432192802,-0.028878463432192802,0.028878463432192802
17,PARACETAMOL 500MG,2026-06-21,0.0,0.08770599216222763,-0.08770599216222763,0.08770599216222763
17,VITAMINA C+ZINC+D3,2026-06-21,0.0,0.9605642557144165,-0.9605642557144165,0.9605642557144165
18,AZITROMICINA 500MG,2026-06-21,0.0,0.028878463432192802,-0.028878463432192802,0.028878463432192802
18,DIMENHIDRINATO 50MG,2026-06-21,0.0,0.028878463432192802,-0.028878463432192802,0.028878463432192802
18,ENALAPRIL 10MG,2026-06-21,0.0,0.0865369662642479,-0.0865369662642479,0.0865369662642479
18,IBUPROFENO TABX800,2026-06-21,0.0,0.028878463432192802,-0.028878463432192802,0.028878463432192802
18,LOPERAMIDA 2MG,2026-06-21,0.0,0.028878463432192802,-0.028878463432192802,0.028878463432192802
18,METFORMINA 850MG,2026-06-21,0.0,0.06779716908931732,-0.06779716908931732,0.06779716908931732
19,AZITROMICINA 500MG,2026-06-21,0.0,0.028878463432192802,-0.028878463432192802,0.028878463432192802
19,DIMENHIDRINATO 50MG,2026-06-21,0.0,0.028878463432192802,-0.028878463432192802,0.028878463432192802
19,ENALAPRIL 10MG,2026-06-21,0.0,0.0865369662642479,-0.0865369662642479,0.0865369662642479
19,VITAMINA C+ZINC+D3,2026-06-21,0.0,0.8489964604377747,-0.8489964604377747,0.8489964604377747
1,DIMENHIDRINATO 50MG,2026-06-28,0.0,0.028878463432192802,-0.028878463432192802,0.028878463432192802
1,ENALAPRIL 10MG,2026-06-28,1.0,0.40334856510162354,0.5966514348983765,0.5966514348983765
1,IBUPROFENO TABX800,2026-06-28,0.0,0.028878463432192802,-0.028878463432192802,0.028878463432192802
1,LOPERAMIDA 2MG,2026-06-28,0.0,0.028878463432192802,-0.028878463432192802,0.028878463432192802
1,PARACETAMOL 500MG,2026-06-28,0.0,0.028878463432192802,-0.028878463432192802,0.028878463432192802
1,VITAMINA C+ZINC+D3,2026-06-28,0.0,1.1482783555984497,-1.1482783555984497,1.1482783555984497
2,AZITROMICINA 500MG,2026-06-28,0.0,0.03681054711341858,-0.03681054711341858,0.03681054711341858
2,DIMENHIDRINATO 50MG,2026-06-28,0.0,0.03681054711341858,-0.03681054711341858,0.03681054711341858
2,ENALAPRIL 10MG,2026-06-28,0.0,0.18378789722919464,-0.18378789722919464,0.18378789722919464
2,IBUPROFENO TABX800,2026-06-28,0.0,0.03681054711341858,-0.03681054711341858,0.03681054711341858
2,LOPERAMIDA 2MG,2026-06-28,0.0,0.03681054711341858,-0.03681054711341858,0.03681054711341858
2,METFORMINA 850MG,2026-06-28,0.0,0.1619112491607666,-0.1619112491607666,0.1619112491607666
2,PARACETAMOL 500MG,2026-06-28,0.0,0.03681054711341858,-0.03681054711341858,0.03681054711341858
2,VITAMINA C+ZINC+D3,2026-06-28,0.0,1.2600127458572388,-1.2600127458572388,1.2600127458572388
3,DIMENHIDRINATO 50MG,2026-06-28,0.0,0.08770599216222763,-0.08770599216222763,0.08770599216222763
3,ENALAPRIL 10MG,2026-06-28,1.0,0.452888548374176,0.547111451625824,0.547111451625824
3,IBUPROFENO TABX800,2026-06-28,0.0,0.028878463432192802,-0.028878463432192802,0.028878463432192802
3,LOPERAMIDA 2MG,2026-06-28,0.0,0.028878463432192802,-0.028878463432192802,0.028878463432192802
3,VITAMINA C+ZINC+D3,2026-06-28,0.0,0.8133940696716309,-0.8133940696716309,0.8133940696716309
4,AZITROMICINA 500MG,2026-06-28,0.0,0.028878463432192802,-0.028878463432192802,0.028878463432192802
4,DIMENHIDRINATO 50MG,2026-06-28,0.0,0.06191501021385193,-0.06191501021385193,0.06191501021385193
4,ENALAPRIL 10MG,2026-06-28,0.0,0.14416714012622833,-0.14416714012622833,0.14416714012622833
4,IBUPROFENO TABX800,2026-06-28,0.0,0.028878463432192802,-0.028878463432192802,0.028878463432192802
4,LOPERAMIDA 2MG,2026-06-28,0.0,0.028878463432192802,-0.028878463432192802,0.028878463432192802
4,METFORMINA 850MG,2026-06-28,0.0,0.06779716908931732,-0.06779716908931732,0.06779716908931732
4,VITAMINA C+ZINC+D3,2026-06-28,0.0,0.796934187412262,-0.796934187412262,0.796934187412262
5,DIMENHIDRINATO 50MG,2026-06-28,0.0,0.03941896930336952,-0.03941896930336952,0.03941896930336952
5,ENALAPRIL 10MG,2026-06-28,1.0,0.3548487424850464,0.6451512575149536,0.6451512575149536
5,IBUPROFENO TABX800,2026-06-28,0.0,0.03941896930336952,-0.03941896930336952,0.03941896930336952
5,LOPERAMIDA 2MG,2026-06-28,0.0,0.03941896930336952,-0.03941896930336952,0.03941896930336952
5,METFORMINA 850MG,2026-06-28,0.0,0.2609332203865051,-0.2609332203865051,0.2609332203865051
5,VITAMINA C+ZINC+D3,2026-06-28,6.0,1.6425681114196777,4.357431888580322,4.357431888580322
6,AZITROMICINA 500MG,2026-06-28,0.0,0.028878463432192802,-0.028878463432192802,0.028878463432192802
6,ENALAPRIL 10MG,2026-06-28,0.0,0.3903310298919678,-0.3903310298919678,0.3903310298919678
6,IBUPROFENO TABX800,2026-06-28,0.0,0.028878463432192802,-0.028878463432192802,0.028878463432192802
6,LOPERAMIDA 2MG,2026-06-28,0.0,0.028878463432192802,-0.028878463432192802,0.028878463432192802
6,METFORMINA 850MG,2026-06-28,0.0,0.06779716908931732,-0.06779716908931732,0.06779716908931732
6,VITAMINA C+ZINC+D3,2026-06-28,3.0,1.0115852355957031,1.9884147644042969,1.9884147644042969
7,AZITROMICINA 500MG,2026-06-28,0.0,0.028878463432192802,-0.028878463432192802,0.028878463432192802
7,DIMENHIDRINATO 50MG,2026-06-28,0.0,0.028878463432192802,-0.028878463432192802,0.028878463432192802
7,ENALAPRIL 10MG,2026-06-28,0.0,0.0865369662642479,-0.0865369662642479,0.0865369662642479
7,IBUPROFENO TABX800,2026-06-28,0.0,0.028878463432192802,-0.028878463432192802,0.028878463432192802
7,METFORMINA 850MG,2026-06-28,0.0,0.06779716908931732,-0.06779716908931732,0.06779716908931732
7,PARACETAMOL 500MG,2026-06-28,0.0,0.028878463432192802,-0.028878463432192802,0.028878463432192802
7,VITAMINA C+ZINC+D3,2026-06-28,0.0,1.2110577821731567,-1.2110577821731567,1.2110577821731567
8,AMOXICILINA 500MG,2026-06-28,0.0,0.023723267018795013,-0.023723267018795013,0.023723267018795013
8,AZITROMICINA 500MG,2026-06-28,0.0,0.023723267018795013,-0.023723267018795013,0.023723267018795013
8,DIMENHIDRINATO 50MG,2026-06-28,0.0,0.023723267018795013,-0.023723267018795013,0.023723267018795013
8,ENALAPRIL 10MG,2026-06-28,0.0,0.07735040783882141,-0.07735040783882141,0.07735040783882141
8,IBUPROFENO TABX800,2026-06-28,0.0,0.023723267018795013,-0.023723267018795013,0.023723267018795013
8,LOPERAMIDA 2MG,2026-06-28,0.0,0.023723267018795013,-0.023723267018795013,0.023723267018795013
8,METFORMINA 850MG,2026-06-28,0.0,0.12405954301357269,-0.12405954301357269,0.12405954301357269
8,PARACETAMOL 500MG,2026-06-28,0.0,0.023723267018795013,-0.023723267018795013,0.023723267018795013
8,VITAMINA C+ZINC+D3,2026-06-28,0.0,0.42356088757514954,-0.42356088757514954,0.42356088757514954
9,AZITROMICINA 500MG,2026-06-28,0.0,0.07224752753973007,-0.07224752753973007,0.07224752753973007
9,DIMENHIDRINATO 50MG,2026-06-28,0.0,0.028878463432192802,-0.028878463432192802,0.028878463432192802
9,ENALAPRIL 10MG,2026-06-28,0.0,0.1713864803314209,-0.1713864803314209,0.1713864803314209
9,LOPERAMIDA 2MG,2026-06-28,0.0,0.028878463432192802,-0.028878463432192802,0.028878463432192802
9,METFORMINA 850MG,2026-06-28,0.0,0.11027737706899643,-0.11027737706899643,0.11027737706899643
9,PARACETAMOL 500MG,2026-06-28,0.0,0.028878463432192802,-0.028878463432192802,0.028878463432192802
9,VITAMINA C+ZINC+D3,2026-06-28,0.0,0.44042274355888367,-0.44042274355888367,0.44042274355888367
10,AMOXICILINA 500MG,2026-06-28,0.0,0.028878463432192802,-0.028878463432192802,0.028878463432192802
10,AZITROMICINA 500MG,2026-06-28,0.0,0.028878463432192802,-0.028878463432192802,0.028878463432192802
10,DIMENHIDRINATO 50MG,2026-06-28,0.0,0.028878463432192802,-0.028878463432192802,0.028878463432192802
10,ENALAPRIL 10MG,2026-06-28,1.0,0.4375867545604706,0.5624132454395294,0.5624132454395294
10,IBUPROFENO TABX800,2026-06-28,0.0,0.028878463432192802,-0.028878463432192802,0.028878463432192802
10,LOPERAMIDA 2MG,2026-06-28,0.0,0.028878463432192802,-0.028878463432192802,0.028878463432192802
10,PARACETAMOL 500MG,2026-06-28,0.0,0.028878463432192802,-0.028878463432192802,0.028878463432192802
10,VITAMINA C+ZINC+D3,2026-06-28,2.0,0.8133115768432617,1.1866884231567383,1.1866884231567383
11,AMOXICILINA 500MG,2026-06-28,0.0,0.026255208998918533,-0.026255208998918533,0.026255208998918533
11,AZITROMICINA 500MG,2026-06-28,0.0,0.026255208998918533,-0.026255208998918533,0.026255208998918533
11,DIMENHIDRINATO 50MG,2026-06-28,0.0,0.026255208998918533,-0.026255208998918533,0.026255208998918533
11,ENALAPRIL 10MG,2026-06-28,0.0,0.1600663959980011,-0.1600663959980011,0.1600663959980011
11,IBUPROFENO TABX800,2026-06-28,0.0,0.026255208998918533,-0.026255208998918533,0.026255208998918533
11,LOPERAMIDA 2MG,2026-06-28,0.0,0.026255208998918533,-0.026255208998918533,0.026255208998918533
11,METFORMINA 850MG,2026-06-28,0.0,0.06316059082746506,-0.06316059082746506,0.06316059082746506
11,PARACETAMOL 500MG,2026-06-28,1.0,0.026255208998918533,0.9737447910010815,0.9737447910010815
11,VITAMINA C+ZINC+D3,2026-06-28,0.0,0.6296432018280029,-0.6296432018280029,0.6296432018280029
12,AMOXICILINA 500MG,2026-06-28,0.0,0.028878463432192802,-0.028878463432192802,0.028878463432192802
12,DIMENHIDRINATO 50MG,2026-06-28,0.0,0.028878463432192802,-0.028878463432192802,0.028878463432192802
12,ENALAPRIL 10MG,2026-06-28,0.0,0.11466557532548904,-0.11466557532548904,0.11466557532548904
12,IBUPROFENO TABX800,2026-06-28,0.0,0.028878463432192802,-0.028878463432192802,0.028878463432192802
12,METFORMINA 850MG,2026-06-28,0.0,0.06779716908931732,-0.06779716908931732,0.06779716908931732
12,PARACETAMOL 500MG,2026-06-28,0.0,0.028878463432192802,-0.028878463432192802,0.028878463432192802
12,VITAMINA C+ZINC+D3,2026-06-28,1.0,0.8615556359291077,0.13844436407089233,0.13844436407089233
13,AZITROMICINA 500MG,2026-06-28,0.0,0.08770599216222763,-0.08770599216222763,0.08770599216222763
13,DIMENHIDRINATO 50MG,2026-06-28,0.0,0.028878463432192802,-0.028878463432192802,0.028878463432192802
13,ENALAPRIL 10MG,2026-06-28,0.0,0.16105395555496216,-0.16105395555496216,0.16105395555496216
13,IBUPROFENO TABX800,2026-06-28,0.0,0.028878463432192802,-0.028878463432192802,0.028878463432192802
13,METFORMINA 850MG,2026-06-28,0.0,0.14550727605819702,-0.14550727605819702,0.14550727605819702
14,AZITROMICINA 500MG,2026-06-28,0.0,0.028878463432192802,-0.028878463432192802,0.028878463432192802
14,DIMENHIDRINATO 50MG,2026-06-28,0.0,0.028878463432192802,-0.028878463432192802,0.028878463432192802
14,ENALAPRIL 10MG,2026-06-28,0.0,0.0865369662642479,-0.0865369662642479,0.0865369662642479
14,IBUPROFENO TABX800,2026-06-28,0.0,0.028878463432192802,-0.028878463432192802,0.028878463432192802
14,METFORMINA 850MG,2026-06-28,0.0,0.06779716908931732,-0.06779716908931732,0.06779716908931732
14,PARACETAMOL 500MG,2026-06-28,0.0,0.08770599216222763,-0.08770599216222763,0.08770599216222763
14,VITAMINA C+ZINC+D3,2026-06-28,0.0,0.9157906770706177,-0.9157906770706177,0.9157906770706177
15,AMOXICILINA 500MG,2026-06-28,0.0,0.028878463432192802,-0.028878463432192802,0.028878463432192802
15,DIMENHIDRINATO 50MG,2026-06-28,0.0,0.028878463432192802,-0.028878463432192802,0.028878463432192802
15,ENALAPRIL 10MG,2026-06-28,1.0,0.13610590994358063,0.8638940900564194,0.8638940900564194
15,IBUPROFENO TABX800,2026-06-28,0.0,0.028878463432192802,-0.028878463432192802,0.028878463432192802
15,METFORMINA 850MG,2026-06-28,0.0,0.06779716908931732,-0.06779716908931732,0.06779716908931732
15,PARACETAMOL 500MG,2026-06-28,0.0,0.028878463432192802,-0.028878463432192802,0.028878463432192802
15,VITAMINA C+ZINC+D3,2026-06-28,0.0,0.9248793721199036,-0.9248793721199036,0.9248793721199036
16,AMOXICILINA 500MG,2026-06-28,0.0,0.08770599216222763,-0.08770599216222763,0.08770599216222763
16,AZITROMICINA 500MG,2026-06-28,0.0,0.028878463432192802,-0.028878463432192802,0.028878463432192802
16,DIMENHIDRINATO 50MG,2026-06-28,0.0,0.028878463432192802,-0.028878463432192802,0.028878463432192802
16,ENALAPRIL 10MG,2026-06-28,0.0,0.16105395555496216,-0.16105395555496216,0.16105395555496216
16,IBUPROFENO TABX800,2026-06-28,0.0,0.028878463432192802,-0.028878463432192802,0.028878463432192802
16,LOPERAMIDA 2MG,2026-06-28,0.0,0.06191501021385193,-0.06191501021385193,0.06191501021385193
16,METFORMINA 850MG,2026-06-28,1.0,0.06779716908931732,0.9322028309106827,0.9322028309106827
16,PARACETAMOL 500MG,2026-06-28,0.0,0.028878463432192802,-0.028878463432192802,0.028878463432192802
16,VITAMINA C+ZINC+D3,2026-06-28,2.0,0.5319921374320984,1.4680078625679016,1.4680078625679016
17,DIMENHIDRINATO 50MG,2026-06-28,0.0,0.11573956161737442,-0.11573956161737442,0.11573956161737442
17,ENALAPRIL 10MG,2026-06-28,0.0,0.0865369662642479,-0.0865369662642479,0.0865369662642479
17,IBUPROFENO TABX800,2026-06-28,0.0,0.028878463432192802,-0.028878463432192802,0.028878463432192802
17,LOPERAMIDA 2MG,2026-06-28,0.0,0.028878463432192802,-0.028878463432192802,0.028878463432192802
17,PARACETAMOL 500MG,2026-06-28,0.0,0.06191501021385193,-0.06191501021385193,0.06191501021385193
17,VITAMINA C+ZINC+D3,2026-06-28,0.0,0.880120038986206,-0.880120038986206,0.880120038986206
18,AZITROMICINA 500MG,2026-06-28,0.0,0.028878463432192802,-0.028878463432192802,0.028878463432192802
18,DIMENHIDRINATO 50MG,2026-06-28,0.0,0.028878463432192802,-0.028878463432192802,0.028878463432192802
18,ENALAPRIL 10MG,2026-06-28,0.0,0.0865369662642479,-0.0865369662642479,0.0865369662642479
18,IBUPROFENO TABX800,2026-06-28,0.0,0.028878463432192802,-0.028878463432192802,0.028878463432192802
18,LOPERAMIDA 2MG,2026-06-28,0.0,0.028878463432192802,-0.028878463432192802,0.028878463432192802
18,METFORMINA 850MG,2026-06-28,0.0,0.06779716908931732,-0.06779716908931732,0.06779716908931732
19,AZITROMICINA 500MG,2026-06-28,0.0,0.028878463432192802,-0.028878463432192802,0.028878463432192802
19,DIMENHIDRINATO 50MG,2026-06-28,0.0,0.028878463432192802,-0.028878463432192802,0.028878463432192802
19,ENALAPRIL 10MG,2026-06-28,0.0,0.0865369662642479,-0.0865369662642479,0.0865369662642479
19,VITAMINA C+ZINC+D3,2026-06-28,1.0,0.9343550801277161,0.06564491987228394,0.06564491987228394
1,DIMENHIDRINATO 50MG,2026-07-05,0.0,0.028878463432192802,-0.028878463432192802,0.028878463432192802
1,ENALAPRIL 10MG,2026-07-05,1.0,0.37581178545951843,0.6241882145404816,0.6241882145404816
1,IBUPROFENO TABX800,2026-07-05,0.0,0.028878463432192802,-0.028878463432192802,0.028878463432192802
1,LOPERAMIDA 2MG,2026-07-05,0.0,0.028878463432192802,-0.028878463432192802,0.028878463432192802
1,PARACETAMOL 500MG,2026-07-05,0.0,0.028878463432192802,-0.028878463432192802,0.028878463432192802
1,VITAMINA C+ZINC+D3,2026-07-05,3.0,0.9145469069480896,2.0854530930519104,2.0854530930519104
2,AZITROMICINA 500MG,2026-07-05,0.0,0.03681054711341858,-0.03681054711341858,0.03681054711341858
2,DIMENHIDRINATO 50MG,2026-07-05,0.0,0.03681054711341858,-0.03681054711341858,0.03681054711341858
2,ENALAPRIL 10MG,2026-07-05,0.0,0.17745792865753174,-0.17745792865753174,0.17745792865753174
2,IBUPROFENO TABX800,2026-07-05,0.0,0.03681054711341858,-0.03681054711341858,0.03681054711341858
2,LOPERAMIDA 2MG,2026-07-05,0.0,0.03681054711341858,-0.03681054711341858,0.03681054711341858
2,PARACETAMOL 500MG,2026-07-05,0.0,0.03681054711341858,-0.03681054711341858,0.03681054711341858
2,VITAMINA C+ZINC+D3,2026-07-05,0.0,1.105568289756775,-1.105568289756775,1.105568289756775
3,DIMENHIDRINATO 50MG,2026-07-05,0.0,0.06191501021385193,-0.06191501021385193,0.06191501021385193
3,ENALAPRIL 10MG,2026-07-05,0.0,0.3861442804336548,-0.3861442804336548,0.3861442804336548
3,IBUPROFENO TABX800,2026-07-05,0.0,0.028878463432192802,-0.028878463432192802,0.028878463432192802
3,LOPERAMIDA 2MG,2026-07-05,0.0,0.028878463432192802,-0.028878463432192802,0.028878463432192802
3,VITAMINA C+ZINC+D3,2026-07-05,2.0,0.6986562609672546,1.3013437390327454,1.3013437390327454
4,AZITROMICINA 500MG,2026-07-05,0.0,0.028878463432192802,-0.028878463432192802,0.028878463432192802
4,DIMENHIDRINATO 50MG,2026-07-05,0.0,0.06191501021385193,-0.06191501021385193,0.06191501021385193
4,ENALAPRIL 10MG,2026-07-05,0.0,0.13610590994358063,-0.13610590994358063,0.13610590994358063
4,IBUPROFENO TABX800,2026-07-05,0.0,0.028878463432192802,-0.028878463432192802,0.028878463432192802
4,LOPERAMIDA 2MG,2026-07-05,0.0,0.028878463432192802,-0.028878463432192802,0.028878463432192802
4,METFORMINA 850MG,2026-07-05,0.0,0.06779716908931732,-0.06779716908931732,0.06779716908931732
4,VITAMINA C+ZINC+D3,2026-07-05,0.0,0.8615017533302307,-0.8615017533302307,0.8615017533302307
5,DIMENHIDRINATO 50MG,2026-07-05,0.0,0.03941896930336952,-0.03941896930336952,0.03941896930336952
5,ENALAPRIL 10MG,2026-07-05,0.0,0.17554131150245667,-0.17554131150245667,0.17554131150245667
5,IBUPROFENO TABX800,2026-07-05,0.0,0.03941896930336952,-0.03941896930336952,0.03941896930336952
5,LOPERAMIDA 2MG,2026-07-05,0.0,0.03941896930336952,-0.03941896930336952,0.03941896930336952
5,METFORMINA 850MG,2026-07-05,0.0,0.1560477614402771,-0.1560477614402771,0.1560477614402771
5,VITAMINA C+ZINC+D3,2026-07-05,1.0,1.6303215026855469,-0.6303215026855469,0.6303215026855469
6,AZITROMICINA 500MG,2026-07-05,0.0,0.028878463432192802,-0.028878463432192802,0.028878463432192802
6,ENALAPRIL 10MG,2026-07-05,0.0,0.25300097465515137,-0.25300097465515137,0.25300097465515137
6,IBUPROFENO TABX800,2026-07-05,0.0,0.028878463432192802,-0.028878463432192802,0.028878463432192802
6,LOPERAMIDA 2MG,2026-07-05,0.0,0.028878463432192802,-0.028878463432192802,0.028878463432192802
6,METFORMINA 850MG,2026-07-05,0.0,0.06779716908931732,-0.06779716908931732,0.06779716908931732
6,VITAMINA C+ZINC+D3,2026-07-05,3.0,1.1900357007980347,1.8099642992019653,1.8099642992019653
7,AZITROMICINA 500MG,2026-07-05,0.0,0.028878463432192802,-0.028878463432192802,0.028878463432192802
7,DIMENHIDRINATO 50MG,2026-07-05,0.0,0.028878463432192802,-0.028878463432192802,0.028878463432192802
7,ENALAPRIL 10MG,2026-07-05,0.0,0.0865369662642479,-0.0865369662642479,0.0865369662642479
7,IBUPROFENO TABX800,2026-07-05,0.0,0.028878463432192802,-0.028878463432192802,0.028878463432192802
7,METFORMINA 850MG,2026-07-05,0.0,0.06779716908931732,-0.06779716908931732,0.06779716908931732
7,PARACETAMOL 500MG,2026-07-05,0.0,0.028878463432192802,-0.028878463432192802,0.028878463432192802
7,VITAMINA C+ZINC+D3,2026-07-05,0.0,0.9780126810073853,-0.9780126810073853,0.9780126810073853
8,AMOXICILINA 500MG,2026-07-05,0.0,0.023723267018795013,-0.023723267018795013,0.023723267018795013
8,AZITROMICINA 500MG,2026-07-05,0.0,0.023723267018795013,-0.023723267018795013,0.023723267018795013
8,DIMENHIDRINATO 50MG,2026-07-05,0.0,0.023723267018795013,-0.023723267018795013,0.023723267018795013
8,ENALAPRIL 10MG,2026-07-05,0.0,0.07735040783882141,-0.07735040783882141,0.07735040783882141
8,IBUPROFENO TABX800,2026-07-05,0.0,0.023723267018795013,-0.023723267018795013,0.023723267018795013
8,LOPERAMIDA 2MG,2026-07-05,0.0,0.023723267018795013,-0.023723267018795013,0.023723267018795013
8,METFORMINA 850MG,2026-07-05,0.0,0.100925512611866,-0.100925512611866,0.100925512611866
8,PARACETAMOL 500MG,2026-07-05,0.0,0.023723267018795013,-0.023723267018795013,0.023723267018795013
8,VITAMINA C+ZINC+D3,2026-07-05,0.0,0.42356088757514954,-0.42356088757514954,0.42356088757514954
9,AZITROMICINA 500MG,2026-07-05,0.0,0.028878463432192802,-0.028878463432192802,0.028878463432192802
9,DIMENHIDRINATO 50MG,2026-07-05,0.0,0.028878463432192802,-0.028878463432192802,0.028878463432192802
9,ENALAPRIL 10MG,2026-07-05,0.0,0.13610590994358063,-0.13610590994358063,0.13610590994358063
9,LOPERAMIDA 2MG,2026-07-05,0.0,0.028878463432192802,-0.028878463432192802,0.028878463432192802
9,METFORMINA 850MG,2026-07-05,1.0,0.13341142237186432,0.8665885776281357,0.8665885776281357
9,PARACETAMOL 500MG,2026-07-05,0.0,0.028878463432192802,-0.028878463432192802,0.028878463432192802
9,VITAMINA C+ZINC+D3,2026-07-05,1.0,0.4300902485847473,0.5699097514152527,0.5699097514152527
10,AZITROMICINA 500MG,2026-07-05,0.0,0.028878463432192802,-0.028878463432192802,0.028878463432192802
10,DIMENHIDRINATO 50MG,2026-07-05,0.0,0.028878463432192802,-0.028878463432192802,0.028878463432192802
10,ENALAPRIL 10MG,2026-07-05,1.0,0.40053263306617737,0.5994673669338226,0.5994673669338226
10,IBUPROFENO TABX800,2026-07-05,0.0,0.028878463432192802,-0.028878463432192802,0.028878463432192802
10,LOPERAMIDA 2MG,2026-07-05,0.0,0.028878463432192802,-0.028878463432192802,0.028878463432192802
10,PARACETAMOL 500MG,2026-07-05,0.0,0.028878463432192802,-0.028878463432192802,0.028878463432192802
11,AMOXICILINA 500MG,2026-07-05,0.0,0.026255208998918533,-0.026255208998918533,0.026255208998918533
11,AZITROMICINA 500MG,2026-07-05,0.0,0.026255208998918533,-0.026255208998918533,0.026255208998918533
11,DIMENHIDRINATO 50MG,2026-07-05,0.0,0.026255208998918533,-0.026255208998918533,0.026255208998918533
11,ENALAPRIL 10MG,2026-07-05,0.0,0.12434656172990799,-0.12434656172990799,0.12434656172990799
11,IBUPROFENO TABX800,2026-07-05,0.0,0.026255208998918533,-0.026255208998918533,0.026255208998918533
11,LOPERAMIDA 2MG,2026-07-05,0.0,0.026255208998918533,-0.026255208998918533,0.026255208998918533
11,METFORMINA 850MG,2026-07-05,0.0,0.06316059082746506,-0.06316059082746506,0.06316059082746506
11,PARACETAMOL 500MG,2026-07-05,0.0,0.0724390372633934,-0.0724390372633934,0.0724390372633934
11,VITAMINA C+ZINC+D3,2026-07-05,0.0,0.5744786262512207,-0.5744786262512207,0.5744786262512207
12,AMOXICILINA 500MG,2026-07-05,0.0,0.028878463432192802,-0.028878463432192802,0.028878463432192802
12,DIMENHIDRINATO 50MG,2026-07-05,0.0,0.028878463432192802,-0.028878463432192802,0.028878463432192802
12,ENALAPRIL 10MG,2026-07-05,0.0,0.11466557532548904,-0.11466557532548904,0.11466557532548904
12,IBUPROFENO TABX800,2026-07-05,0.0,0.028878463432192802,-0.028878463432192802,0.028878463432192802
12,METFORMINA 850MG,2026-07-05,0.0,0.06779716908931732,-0.06779716908931732,0.06779716908931732
12,PARACETAMOL 500MG,2026-07-05,0.0,0.028878463432192802,-0.028878463432192802,0.028878463432192802
12,VITAMINA C+ZINC+D3,2026-07-05,2.0,0.9813863635063171,1.0186136364936829,1.0186136364936829
13,AZITROMICINA 500MG,2026-07-05,0.0,0.11573956161737442,-0.11573956161737442,0.11573956161737442
13,DIMENHIDRINATO 50MG,2026-07-05,0.0,0.028878463432192802,-0.028878463432192802,0.028878463432192802
13,ENALAPRIL 10MG,2026-07-05,0.0,0.13961350917816162,-0.13961350917816162,0.13961350917816162
13,IBUPROFENO TABX800,2026-07-05,0.0,0.028878463432192802,-0.028878463432192802,0.028878463432192802
13,METFORMINA 850MG,2026-07-05,0.0,0.15583980083465576,-0.15583980083465576,0.15583980083465576
14,AZITROMICINA 500MG,2026-07-05,0.0,0.028878463432192802,-0.028878463432192802,0.028878463432192802
14,DIMENHIDRINATO 50MG,2026-07-05,0.0,0.028878463432192802,-0.028878463432192802,0.028878463432192802
14,ENALAPRIL 10MG,2026-07-05,0.0,0.0865369662642479,-0.0865369662642479,0.0865369662642479
14,IBUPROFENO TABX800,2026-07-05,0.0,0.028878463432192802,-0.028878463432192802,0.028878463432192802
14,METFORMINA 850MG,2026-07-05,0.0,0.06779716908931732,-0.06779716908931732,0.06779716908931732
14,PARACETAMOL 500MG,2026-07-05,0.0,0.08770599216222763,-0.08770599216222763,0.08770599216222763
14,VITAMINA C+ZINC+D3,2026-07-05,3.0,0.737647294998169,2.262352705001831,2.262352705001831
15,AMOXICILINA 500MG,2026-07-05,0.0,0.028878463432192802,-0.028878463432192802,0.028878463432192802
15,DIMENHIDRINATO 50MG,2026-07-05,0.0,0.028878463432192802,-0.028878463432192802,0.028878463432192802
15,ENALAPRIL 10MG,2026-07-05,0.0,0.16105395555496216,-0.16105395555496216,0.16105395555496216
15,IBUPROFENO TABX800,2026-07-05,0.0,0.028878463432192802,-0.028878463432192802,0.028878463432192802
15,METFORMINA 850MG,2026-07-05,0.0,0.06779716908931732,-0.06779716908931732,0.06779716908931732
15,PARACETAMOL 500MG,2026-07-05,0.0,0.028878463432192802,-0.028878463432192802,0.028878463432192802
15,VITAMINA C+ZINC+D3,2026-07-05,1.0,0.7977234721183777,0.20227652788162231,0.20227652788162231
16,AMOXICILINA 500MG,2026-07-05,0.0,0.08770599216222763,-0.08770599216222763,0.08770599216222763
16,DIMENHIDRINATO 50MG,2026-07-05,0.0,0.028878463432192802,-0.028878463432192802,0.028878463432192802
16,ENALAPRIL 10MG,2026-07-05,2.0,0.16105395555496216,1.8389460444450378,1.8389460444450378
16,IBUPROFENO TABX800,2026-07-05,0.0,0.028878463432192802,-0.028878463432192802,0.028878463432192802
16,LOPERAMIDA 2MG,2026-07-05,0.0,0.06191501021385193,-0.06191501021385193,0.06191501021385193
16,METFORMINA 850MG,2026-07-05,0.0,0.11027737706899643,-0.11027737706899643,0.11027737706899643
16,PARACETAMOL 500MG,2026-07-05,0.0,0.028878463432192802,-0.028878463432192802,0.028878463432192802
16,VITAMINA C+ZINC+D3,2026-07-05,0.0,0.7650691866874695,-0.7650691866874695,0.7650691866874695
17,DIMENHIDRINATO 50MG,2026-07-05,0.0,0.08770599216222763,-0.08770599216222763,0.08770599216222763
17,ENALAPRIL 10MG,2026-07-05,0.0,0.0865369662642479,-0.0865369662642479,0.0865369662642479
17,IBUPROFENO TABX800,2026-07-05,0.0,0.028878463432192802,-0.028878463432192802,0.028878463432192802
17,LOPERAMIDA 2MG,2026-07-05,0.0,0.028878463432192802,-0.028878463432192802,0.028878463432192802
17,PARACETAMOL 500MG,2026-07-05,0.0,0.06191501021385193,-0.06191501021385193,0.06191501021385193
17,VITAMINA C+ZINC+D3,2026-07-05,3.0,0.8284515738487244,2.1715484261512756,2.1715484261512756
18,AZITROMICINA 500MG,2026-07-05,0.0,0.028878463432192802,-0.028878463432192802,0.028878463432192802
18,DIMENHIDRINATO 50MG,2026-07-05,0.0,0.028878463432192802,-0.028878463432192802,0.028878463432192802
18,ENALAPRIL 10MG,2026-07-05,0.0,0.0865369662642479,-0.0865369662642479,0.0865369662642479
18,IBUPROFENO TABX800,2026-07-05,0.0,0.028878463432192802,-0.028878463432192802,0.028878463432192802
18,LOPERAMIDA 2MG,2026-07-05,0.0,0.028878463432192802,-0.028878463432192802,0.028878463432192802
18,METFORMINA 850MG,2026-07-05,0.0,0.06779716908931732,-0.06779716908931732,0.06779716908931732
19,AZITROMICINA 500MG,2026-07-05,0.0,0.028878463432192802,-0.028878463432192802,0.028878463432192802
19,DIMENHIDRINATO 50MG,2026-07-05,0.0,0.028878463432192802,-0.028878463432192802,0.028878463432192802
19,VITAMINA C+ZINC+D3,2026-07-05,0.0,0.8771438002586365,-0.8771438002586365,0.8771438002586365
1,DIMENHIDRINATO 50MG,2026-07-12,0.0,0.028878463432192802,-0.028878463432192802,0.028878463432192802
1,ENALAPRIL 10MG,2026-07-12,1.0,0.48428618907928467,0.5157138109207153,0.5157138109207153
1,IBUPROFENO TABX800,2026-07-12,0.0,0.028878463432192802,-0.028878463432192802,0.028878463432192802
1,LOPERAMIDA 2MG,2026-07-12,0.0,0.028878463432192802,-0.028878463432192802,0.028878463432192802
1,PARACETAMOL 500MG,2026-07-12,0.0,0.028878463432192802,-0.028878463432192802,0.028878463432192802
1,VITAMINA C+ZINC+D3,2026-07-12,0.0,0.9478145837783813,-0.9478145837783813,0.9478145837783813
2,AZITROMICINA 500MG,2026-07-12,0.0,0.03681054711341858,-0.03681054711341858,0.03681054711341858
2,DIMENHIDRINATO 50MG,2026-07-12,0.0,0.03681054711341858,-0.03681054711341858,0.03681054711341858
2,ENALAPRIL 10MG,2026-07-12,2.0,0.17745792865753174,1.8225420713424683,1.8225420713424683
2,IBUPROFENO TABX800,2026-07-12,0.0,0.03681054711341858,-0.03681054711341858,0.03681054711341858
2,LOPERAMIDA 2MG,2026-07-12,0.0,0.03681054711341858,-0.03681054711341858,0.03681054711341858
2,PARACETAMOL 500MG,2026-07-12,0.0,0.03681054711341858,-0.03681054711341858,0.03681054711341858
2,VITAMINA C+ZINC+D3,2026-07-12,0.0,1.1590911149978638,-1.1590911149978638,1.1590911149978638
3,DIMENHIDRINATO 50MG,2026-07-12,0.0,0.06191501021385193,-0.06191501021385193,0.06191501021385193
3,ENALAPRIL 10MG,2026-07-12,2.0,0.42719724774360657,1.5728027522563934,1.5728027522563934
3,IBUPROFENO TABX800,2026-07-12,0.0,0.028878463432192802,-0.028878463432192802,0.028878463432192802
3,LOPERAMIDA 2MG,2026-07-12,0.0,0.028878463432192802,-0.028878463432192802,0.028878463432192802
3,VITAMINA C+ZINC+D3,2026-07-12,0.0,0.8099012970924377,-0.8099012970924377,0.8099012970924377
4,AZITROMICINA 500MG,2026-07-12,0.0,0.028878463432192802,-0.028878463432192802,0.028878463432192802
4,DIMENHIDRINATO 50MG,2026-07-12,0.0,0.07224752753973007,-0.07224752753973007,0.07224752753973007
4,ENALAPRIL 10MG,2026-07-12,0.0,0.13610590994358063,-0.13610590994358063,0.13610590994358063
4,IBUPROFENO TABX800,2026-07-12,0.0,0.028878463432192802,-0.028878463432192802,0.028878463432192802
4,LOPERAMIDA 2MG,2026-07-12,0.0,0.028878463432192802,-0.028878463432192802,0.028878463432192802
4,METFORMINA 850MG,2026-07-12,0.0,0.06779716908931732,-0.06779716908931732,0.06779716908931732
4,VITAMINA C+ZINC+D3,2026-07-12,3.0,0.7316023707389832,2.268397629261017,2.268397629261017
5,DIMENHIDRINATO 50MG,2026-07-12,0.0,0.03941896930336952,-0.03941896930336952,0.03941896930336952
5,ENALAPRIL 10MG,2026-07-12,2.0,0.2510285973548889,1.748971402645111,1.748971402645111
5,IBUPROFENO TABX800,2026-07-12,0.0,0.03941896930336952,-0.03941896930336952,0.03941896930336952
5,LOPERAMIDA 2MG,2026-07-12,0.0,0.03941896930336952,-0.03941896930336952,0.03941896930336952
5,METFORMINA 850MG,2026-07-12,2.0,0.1560477614402771,1.843952238559723,1.843952238559723
5,VITAMINA C+ZINC+D3,2026-07-12,4.0,1.987637996673584,2.012362003326416,2.012362003326416
6,AZITROMICINA 500MG,2026-07-12,0.0,0.028878463432192802,-0.028878463432192802,0.028878463432192802
6,ENALAPRIL 10MG,2026-07-12,0.0,0.2633334696292877,-0.2633334696292877,0.2633334696292877
6,IBUPROFENO TABX800,2026-07-12,0.0,0.028878463432192802,-0.028878463432192802,0.028878463432192802
6,LOPERAMIDA 2MG,2026-07-12,0.0,0.028878463432192802,-0.028878463432192802,0.028878463432192802
6,METFORMINA 850MG,2026-07-12,0.0,0.06779716908931732,-0.06779716908931732,0.06779716908931732
7,AZITROMICINA 500MG,2026-07-12,0.0,0.028878463432192802,-0.028878463432192802,0.028878463432192802
7,DIMENHIDRINATO 50MG,2026-07-12,0.0,0.028878463432192802,-0.028878463432192802,0.028878463432192802
7,ENALAPRIL 10MG,2026-07-12,0.0,0.0865369662642479,-0.0865369662642479,0.0865369662642479
7,IBUPROFENO TABX800,2026-07-12,0.0,0.028878463432192802,-0.028878463432192802,0.028878463432192802
7,METFORMINA 850MG,2026-07-12,0.0,0.06779716908931732,-0.06779716908931732,0.06779716908931732
7,PARACETAMOL 500MG,2026-07-12,0.0,0.028878463432192802,-0.028878463432192802,0.028878463432192802
7,VITAMINA C+ZINC+D3,2026-07-12,1.0,0.9145469069480896,0.0854530930519104,0.0854530930519104
8,AMOXICILINA 500MG,2026-07-12,0.0,0.023723267018795013,-0.023723267018795013,0.023723267018795013
8,AZITROMICINA 500MG,2026-07-12,0.0,0.023723267018795013,-0.023723267018795013,0.023723267018795013
8,DIMENHIDRINATO 50MG,2026-07-12,0.0,0.023723267018795013,-0.023723267018795013,0.023723267018795013
8,ENALAPRIL 10MG,2026-07-12,1.0,0.07735040783882141,0.9226495921611786,0.9226495921611786
8,IBUPROFENO TABX800,2026-07-12,0.0,0.023723267018795013,-0.023723267018795013,0.023723267018795013
8,LOPERAMIDA 2MG,2026-07-12,0.0,0.023723267018795013,-0.023723267018795013,0.023723267018795013
8,METFORMINA 850MG,2026-07-12,0.0,0.100925512611866,-0.100925512611866,0.100925512611866
8,PARACETAMOL 500MG,2026-07-12,0.0,0.023723267018795013,-0.023723267018795013,0.023723267018795013
8,VITAMINA C+ZINC+D3,2026-07-12,0.0,0.42356088757514954,-0.42356088757514954,0.42356088757514954
9,AZITROMICINA 500MG,2026-07-12,0.0,0.028878463432192802,-0.028878463432192802,0.028878463432192802
9,DIMENHIDRINATO 50MG,2026-07-12,0.0,0.028878463432192802,-0.028878463432192802,0.028878463432192802
9,ENALAPRIL 10MG,2026-07-12,0.0,0.11466557532548904,-0.11466557532548904,0.11466557532548904
9,LOPERAMIDA 2MG,2026-07-12,0.0,0.028878463432192802,-0.028878463432192802,0.028878463432192802
9,METFORMINA 850MG,2026-07-12,0.0,0.14550727605819702,-0.14550727605819702,0.14550727605819702
9,PARACETAMOL 500MG,2026-07-12,0.0,0.028878463432192802,-0.028878463432192802,0.028878463432192802
9,VITAMINA C+ZINC+D3,2026-07-12,2.0,0.44625934958457947,1.5537406504154205,1.5537406504154205
10,AZITROMICINA 500MG,2026-07-12,0.0,0.028878463432192802,-0.028878463432192802,0.028878463432192802
10,DIMENHIDRINATO 50MG,2026-07-12,0.0,0.028878463432192802,-0.028878463432192802,0.028878463432192802
10,ENALAPRIL 10MG,2026-07-12,0.0,0.4417975842952728,-0.4417975842952728,0.4417975842952728
10,IBUPROFENO TABX800,2026-07-12,0.0,0.028878463432192802,-0.028878463432192802,0.028878463432192802
10,LOPERAMIDA 2MG,2026-07-12,0.0,0.028878463432192802,-0.028878463432192802,0.028878463432192802
10,PARACETAMOL 500MG,2026-07-12,1.0,0.028878463432192802,0.9711215365678072,0.9711215365678072
11,AMOXICILINA 500MG,2026-07-12,0.0,0.026255208998918533,-0.026255208998918533,0.026255208998918533
11,AZITROMICINA 500MG,2026-07-12,0.0,0.026255208998918533,-0.026255208998918533,0.026255208998918533
11,DIMENHIDRINATO 50MG,2026-07-12,0.0,0.026255208998918533,-0.026255208998918533,0.026255208998918533
11,ENALAPRIL 10MG,2026-07-12,1.0,0.12434656172990799,0.875653438270092,0.875653438270092
11,IBUPROFENO TABX800,2026-07-12,0.0,0.026255208998918533,-0.026255208998918533,0.026255208998918533
11,LOPERAMIDA 2MG,2026-07-12,0.0,0.026255208998918533,-0.026255208998918533,0.026255208998918533
11,METFORMINA 850MG,2026-07-12,1.0,0.06316059082746506,0.9368394091725349,0.9368394091725349
11,PARACETAMOL 500MG,2026-07-12,0.0,0.09492479264736176,-0.09492479264736176,0.09492479264736176
11,VITAMINA C+ZINC+D3,2026-07-12,1.0,0.5045729279518127,0.49542707204818726,0.49542707204818726
12,AMOXICILINA 500MG,2026-07-12,0.0,0.028878463432192802,-0.028878463432192802,0.028878463432192802
12,DIMENHIDRINATO 50MG,2026-07-12,0.0,0.028878463432192802,-0.028878463432192802,0.028878463432192802
12,ENALAPRIL 10MG,2026-07-12,0.0,0.1249980702996254,-0.1249980702996254,0.1249980702996254
12,IBUPROFENO TABX800,2026-07-12,0.0,0.028878463432192802,-0.028878463432192802,0.028878463432192802
12,METFORMINA 850MG,2026-07-12,0.0,0.06779716908931732,-0.06779716908931732,0.06779716908931732
12,PARACETAMOL 500MG,2026-07-12,0.0,0.028878463432192802,-0.028878463432192802,0.028878463432192802
12,VITAMINA C+ZINC+D3,2026-07-12,0.0,1.1058992147445679,-1.1058992147445679,1.1058992147445679
13,AZITROMICINA 500MG,2026-07-12,0.0,0.08770599216222763,-0.08770599216222763,0.08770599216222763
13,DIMENHIDRINATO 50MG,2026-07-12,0.0,0.028878463432192802,-0.028878463432192802,0.028878463432192802
13,ENALAPRIL 10MG,2026-07-12,0.0,0.13961350917816162,-0.13961350917816162,0.13961350917816162
13,IBUPROFENO TABX800,2026-07-12,0.0,0.028878463432192802,-0.028878463432192802,0.028878463432192802
13,METFORMINA 850MG,2026-07-12,0.0,0.10083368420600891,-0.10083368420600891,0.10083368420600891
14,DIMENHIDRINATO 50MG,2026-07-12,0.0,0.028878463432192802,-0.028878463432192802,0.028878463432192802
14,ENALAPRIL 10MG,2026-07-12,0.0,0.0865369662642479,-0.0865369662642479,0.0865369662642479
14,IBUPROFENO TABX800,2026-07-12,0.0,0.028878463432192802,-0.028878463432192802,0.028878463432192802
14,METFORMINA 850MG,2026-07-12,0.0,0.06779716908931732,-0.06779716908931732,0.06779716908931732
14,PARACETAMOL 500MG,2026-07-12,0.0,0.06191501021385193,-0.06191501021385193,0.06191501021385193
14,VITAMINA C+ZINC+D3,2026-07-12,0.0,0.8145793080329895,-0.8145793080329895,0.8145793080329895
15,AMOXICILINA 500MG,2026-07-12,0.0,0.028878463432192802,-0.028878463432192802,0.028878463432192802
15,DIMENHIDRINATO 50MG,2026-07-12,0.0,0.028878463432192802,-0.028878463432192802,0.028878463432192802
15,ENALAPRIL 10MG,2026-07-12,0.0,0.16911518573760986,-0.16911518573760986,0.16911518573760986
15,IBUPROFENO TABX800,2026-07-12,0.0,0.028878463432192802,-0.028878463432192802,0.028878463432192802
15,METFORMINA 850MG,2026-07-12,0.0,0.06779716908931732,-0.06779716908931732,0.06779716908931732
15,PARACETAMOL 500MG,2026-07-12,0.0,0.028878463432192802,-0.028878463432192802,0.028878463432192802
15,VITAMINA C+ZINC+D3,2026-07-12,1.0,0.7388989329338074,0.2611010670661926,0.2611010670661926
16,AMOXICILINA 500MG,2026-07-12,0.0,0.06191501021385193,-0.06191501021385193,0.06191501021385193
16,DIMENHIDRINATO 50MG,2026-07-12,0.0,0.028878463432192802,-0.028878463432192802,0.028878463432192802
16,ENALAPRIL 10MG,2026-07-12,1.0,0.19210679829120636,0.8078932017087936,0.8078932017087936
16,IBUPROFENO TABX800,2026-07-12,0.0,0.028878463432192802,-0.028878463432192802,0.028878463432192802
16,LOPERAMIDA 2MG,2026-07-12,0.0,0.07224752753973007,-0.07224752753973007,0.07224752753973007
16,METFORMINA 850MG,2026-07-12,1.0,0.13341142237186432,0.8665885776281357,0.8665885776281357
16,PARACETAMOL 500MG,2026-07-12,0.0,0.028878463432192802,-0.028878463432192802,0.028878463432192802
16,VITAMINA C+ZINC+D3,2026-07-12,1.0,0.8612428307533264,0.13875716924667358,0.13875716924667358
17,DIMENHIDRINATO 50MG,2026-07-12,0.0,0.08770599216222763,-0.08770599216222763,0.08770599216222763
17,ENALAPRIL 10MG,2026-07-12,0.0,0.0865369662642479,-0.0865369662642479,0.0865369662642479
17,IBUPROFENO TABX800,2026-07-12,0.0,0.028878463432192802,-0.028878463432192802,0.028878463432192802
17,LOPERAMIDA 2MG,2026-07-12,0.0,0.028878463432192802,-0.028878463432192802,0.028878463432192802
17,PARACETAMOL 500MG,2026-07-12,0.0,0.06191501021385193,-0.06191501021385193,0.06191501021385193
17,VITAMINA C+ZINC+D3,2026-07-12,2.0,1.1598705053329468,0.8401294946670532,0.8401294946670532
18,AZITROMICINA 500MG,2026-07-12,0.0,0.028878463432192802,-0.028878463432192802,0.028878463432192802
18,DIMENHIDRINATO 50MG,2026-07-12,0.0,0.028878463432192802,-0.028878463432192802,0.028878463432192802
18,IBUPROFENO TABX800,2026-07-12,0.0,0.028878463432192802,-0.028878463432192802,0.028878463432192802
18,LOPERAMIDA 2MG,2026-07-12,0.0,0.028878463432192802,-0.028878463432192802,0.028878463432192802
18,METFORMINA 850MG,2026-07-12,0.0,0.06779716908931732,-0.06779716908931732,0.06779716908931732
19,AZITROMICINA 500MG,2026-07-12,0.0,0.028878463432192802,-0.028878463432192802,0.028878463432192802
19,VITAMINA C+ZINC+D3,2026-07-12,1.0,0.8773682713508606,0.1226317286491394,0.1226317286491394
1,DIMENHIDRINATO 50MG,2026-07-19,0.0,0.028878463432192802,-0.028878463432192802,0.028878463432192802
1,ENALAPRIL 10MG,2026-07-19,1.0,0.4739536941051483,0.5260463058948517,0.5260463058948517
1,IBUPROFENO TABX800,2026-07-19,0.0,0.028878463432192802,-0.028878463432192802,0.028878463432192802
1,LOPERAMIDA 2MG,2026-07-19,0.0,0.028878463432192802,-0.028878463432192802,0.028878463432192802
1,PARACETAMOL 500MG,2026-07-19,0.0,0.028878463432192802,-0.028878463432192802,0.028878463432192802
1,VITAMINA C+ZINC+D3,2026-07-19,0.0,0.9862756133079529,-0.9862756133079529,0.9862756133079529
2,AZITROMICINA 500MG,2026-07-19,0.0,0.03681054711341858,-0.03681054711341858,0.03681054711341858
2,DIMENHIDRINATO 50MG,2026-07-19,0.0,0.03681054711341858,-0.03681054711341858,0.03681054711341858
2,ENALAPRIL 10MG,2026-07-19,0.0,0.20851078629493713,-0.20851078629493713,0.20851078629493713
2,IBUPROFENO TABX800,2026-07-19,0.0,0.03681054711341858,-0.03681054711341858,0.03681054711341858
2,LOPERAMIDA 2MG,2026-07-19,0.0,0.03681054711341858,-0.03681054711341858,0.03681054711341858
2,VITAMINA C+ZINC+D3,2026-07-19,2.0,0.9126740097999573,1.0873259902000427,1.0873259902000427
3,DIMENHIDRINATO 50MG,2026-07-19,0.0,0.06191501021385193,-0.06191501021385193,0.06191501021385193
3,ENALAPRIL 10MG,2026-07-19,0.0,0.4029178023338318,-0.4029178023338318,0.4029178023338318
3,IBUPROFENO TABX800,2026-07-19,0.0,0.028878463432192802,-0.028878463432192802,0.028878463432192802
3,LOPERAMIDA 2MG,2026-07-19,0.0,0.028878463432192802,-0.028878463432192802,0.028878463432192802
3,VITAMINA C+ZINC+D3,2026-07-19,2.0,0.8639851212501526,1.1360148787498474,1.1360148787498474
4,AZITROMICINA 500MG,2026-07-19,0.0,0.028878463432192802,-0.028878463432192802,0.028878463432192802
4,DIMENHIDRINATO 50MG,2026-07-19,0.0,0.028878463432192802,-0.028878463432192802,0.028878463432192802
4,ENALAPRIL 10MG,2026-07-19,0.0,0.11466557532548904,-0.11466557532548904,0.11466557532548904
4,IBUPROFENO TABX800,2026-07-19,0.0,0.028878463432192802,-0.028878463432192802,0.028878463432192802
4,LOPERAMIDA 2MG,2026-07-19,0.0,0.028878463432192802,-0.028878463432192802,0.028878463432192802
4,METFORMINA 850MG,2026-07-19,0.0,0.06779716908931732,-0.06779716908931732,0.06779716908931732
4,VITAMINA C+ZINC+D3,2026-07-19,0.0,0.8934975862503052,-0.8934975862503052,0.8934975862503052
5,DIMENHIDRINATO 50MG,2026-07-19,0.0,0.03941896930336952,-0.03941896930336952,0.03941896930336952
5,ENALAPRIL 10MG,2026-07-19,0.0,0.47442883253097534,-0.47442883253097534,0.47442883253097534
5,IBUPROFENO TABX800,2026-07-19,0.0,0.03941896930336952,-0.03941896930336952,0.03941896930336952
5,LOPERAMIDA 2MG,2026-07-19,0.0,0.03941896930336952,-0.03941896930336952,0.03941896930336952
5,VITAMINA C+ZINC+D3,2026-07-19,0.0,1.5902869701385498,-1.5902869701385498,1.5902869701385498
6,AZITROMICINA 500MG,2026-07-19,0.0,0.028878463432192802,-0.028878463432192802,0.028878463432192802
6,ENALAPRIL 10MG,2026-07-19,0.0,0.15389291942119598,-0.15389291942119598,0.15389291942119598
6,IBUPROFENO TABX800,2026-07-19,0.0,0.028878463432192802,-0.028878463432192802,0.028878463432192802
6,LOPERAMIDA 2MG,2026-07-19,0.0,0.028878463432192802,-0.028878463432192802,0.028878463432192802
6,METFORMINA 850MG,2026-07-19,0.0,0.06779716908931732,-0.06779716908931732,0.06779716908931732
7,AZITROMICINA 500MG,2026-07-19,0.0,0.028878463432192802,-0.028878463432192802,0.028878463432192802
7,DIMENHIDRINATO 50MG,2026-07-19,0.0,0.028878463432192802,-0.028878463432192802,0.028878463432192802
7,ENALAPRIL 10MG,2026-07-19,0.0,0.0865369662642479,-0.0865369662642479,0.0865369662642479
7,IBUPROFENO TABX800,2026-07-19,0.0,0.028878463432192802,-0.028878463432192802,0.028878463432192802
7,METFORMINA 850MG,2026-07-19,0.0,0.06779716908931732,-0.06779716908931732,0.06779716908931732
7,PARACETAMOL 500MG,2026-07-19,0.0,0.028878463432192802,-0.028878463432192802,0.028878463432192802
7,VITAMINA C+ZINC+D3,2026-07-19,1.0,0.942656934261322,0.05734306573867798,0.05734306573867798
8,AMOXICILINA 500MG,2026-07-19,0.0,0.023723267018795013,-0.023723267018795013,0.023723267018795013
8,AZITROMICINA 500MG,2026-07-19,0.0,0.023723267018795013,-0.023723267018795013,0.023723267018795013
8,DIMENHIDRINATO 50MG,2026-07-19,0.0,0.023723267018795013,-0.023723267018795013,0.023723267018795013
8,ENALAPRIL 10MG,2026-07-19,0.0,0.12691935896873474,-0.12691935896873474,0.12691935896873474
8,LOPERAMIDA 2MG,2026-07-19,0.0,0.023723267018795013,-0.023723267018795013,0.023723267018795013
8,METFORMINA 850MG,2026-07-19,0.0,0.09148181974887848,-0.09148181974887848,0.09148181974887848
8,PARACETAMOL 500MG,2026-07-19,0.0,0.023723267018795013,-0.023723267018795013,0.023723267018795013
8,VITAMINA C+ZINC+D3,2026-07-19,0.0,0.42356088757514954,-0.42356088757514954,0.42356088757514954
9,AZITROMICINA 500MG,2026-07-19,0.0,0.028878463432192802,-0.028878463432192802,0.028878463432192802
9,DIMENHIDRINATO 50MG,2026-07-19,0.0,0.028878463432192802,-0.028878463432192802,0.028878463432192802
9,ENALAPRIL 10MG,2026-07-19,0.0,0.11466557532548904,-0.11466557532548904,0.11466557532548904
9,LOPERAMIDA 2MG,2026-07-19,0.0,0.028878463432192802,-0.028878463432192802,0.028878463432192802
9,METFORMINA 850MG,2026-07-19,0.0,0.1686413735151291,-0.1686413735151291,0.1686413735151291
9,PARACETAMOL 500MG,2026-07-19,0.0,0.028878463432192802,-0.028878463432192802,0.028878463432192802
10,AZITROMICINA 500MG,2026-07-19,0.0,0.028878463432192802,-0.028878463432192802,0.028878463432192802
10,DIMENHIDRINATO 50MG,2026-07-19,0.0,0.028878463432192802,-0.028878463432192802,0.028878463432192802
10,ENALAPRIL 10MG,2026-07-19,1.0,0.40053263306617737,0.5994673669338226,0.5994673669338226
10,IBUPROFENO TABX800,2026-07-19,0.0,0.028878463432192802,-0.028878463432192802,0.028878463432192802
10,LOPERAMIDA 2MG,2026-07-19,0.0,0.028878463432192802,-0.028878463432192802,0.028878463432192802
11,AMOXICILINA 500MG,2026-07-19,0.0,0.026255208998918533,-0.026255208998918533,0.026255208998918533
11,AZITROMICINA 500MG,2026-07-19,0.0,0.026255208998918533,-0.026255208998918533,0.026255208998918533
11,DIMENHIDRINATO 50MG,2026-07-19,0.0,0.026255208998918533,-0.026255208998918533,0.026255208998918533
11,ENALAPRIL 10MG,2026-07-19,0.0,0.14973387122154236,-0.14973387122154236,0.14973387122154236
11,IBUPROFENO TABX800,2026-07-19,0.0,0.026255208998918533,-0.026255208998918533,0.026255208998918533
11,LOPERAMIDA 2MG,2026-07-19,0.0,0.026255208998918533,-0.026255208998918533,0.026255208998918533
12,AMOXICILINA 500MG,2026-07-19,0.0,0.028878463432192802,-0.028878463432192802,0.028878463432192802
12,DIMENHIDRINATO 50MG,2026-07-19,0.0,0.028878463432192802,-0.028878463432192802,0.028878463432192802
12,ENALAPRIL 10MG,2026-07-19,0.0,0.0865369662642479,-0.0865369662642479,0.0865369662642479
12,IBUPROFENO TABX800,2026-07-19,0.0,0.028878463432192802,-0.028878463432192802,0.028878463432192802
12,METFORMINA 850MG,2026-07-19,0.0,0.06779716908931732,-0.06779716908931732,0.06779716908931732
12,PARACETAMOL 500MG,2026-07-19,0.0,0.028878463432192802,-0.028878463432192802,0.028878463432192802
12,VITAMINA C+ZINC+D3,2026-07-19,1.0,0.8293537497520447,0.17064625024795532,0.17064625024795532
13,AZITROMICINA 500MG,2026-07-19,0.0,0.08770599216222763,-0.08770599216222763,0.08770599216222763
13,DIMENHIDRINATO 50MG,2026-07-19,0.0,0.028878463432192802,-0.028878463432192802,0.028878463432192802
13,ENALAPRIL 10MG,2026-07-19,0.0,0.14994603395462036,-0.14994603395462036,0.14994603395462036
13,IBUPROFENO TABX800,2026-07-19,0.0,0.028878463432192802,-0.028878463432192802,0.028878463432192802
13,METFORMINA 850MG,2026-07-19,0.0,0.10083368420600891,-0.10083368420600891,0.10083368420600891
14,DIMENHIDRINATO 50MG,2026-07-19,0.0,0.028878463432192802,-0.028878463432192802,0.028878463432192802
14,ENALAPRIL 10MG,2026-07-19,0.0,0.0865369662642479,-0.0865369662642479,0.0865369662642479
14,IBUPROFENO TABX800,2026-07-19,0.0,0.028878463432192802,-0.028878463432192802,0.028878463432192802
14,PARACETAMOL 500MG,2026-07-19,0.0,0.06191501021385193,-0.06191501021385193,0.06191501021385193
14,VITAMINA C+ZINC+D3,2026-07-19,0.0,0.8293537497520447,-0.8293537497520447,0.8293537497520447
15,AMOXICILINA 500MG,2026-07-19,0.0,0.028878463432192802,-0.028878463432192802,0.028878463432192802
15,DIMENHIDRINATO 50MG,2026-07-19,0.0,0.028878463432192802,-0.028878463432192802,0.028878463432192802
15,ENALAPRIL 10MG,2026-07-19,0.0,0.16105395555496216,-0.16105395555496216,0.16105395555496216
15,IBUPROFENO TABX800,2026-07-19,0.0,0.028878463432192802,-0.028878463432192802,0.028878463432192802
15,METFORMINA 850MG,2026-07-19,0.0,0.06779716908931732,-0.06779716908931732,0.06779716908931732
15,PARACETAMOL 500MG,2026-07-19,0.0,0.028878463432192802,-0.028878463432192802,0.028878463432192802
15,VITAMINA C+ZINC+D3,2026-07-19,1.0,0.7736230492591858,0.2263769507408142,0.2263769507408142
16,AMOXICILINA 500MG,2026-07-19,0.0,0.06191501021385193,-0.06191501021385193,0.06191501021385193
16,DIMENHIDRINATO 50MG,2026-07-19,0.0,0.028878463432192802,-0.028878463432192802,0.028878463432192802
16,ENALAPRIL 10MG,2026-07-19,0.0,0.4552624225616455,-0.4552624225616455,0.4552624225616455
16,IBUPROFENO TABX800,2026-07-19,1.0,0.028878463432192802,0.9711215365678072,0.9711215365678072
16,LOPERAMIDA 2MG,2026-07-19,0.0,0.028878463432192802,-0.028878463432192802,0.028878463432192802
16,METFORMINA 850MG,2026-07-19,1.0,0.14550727605819702,0.854492723941803,0.854492723941803
16,PARACETAMOL 500MG,2026-07-19,0.0,0.028878463432192802,-0.028878463432192802,0.028878463432192802
16,VITAMINA C+ZINC+D3,2026-07-19,1.0,0.6047582626342773,0.39524173736572266,0.39524173736572266
17,DIMENHIDRINATO 50MG,2026-07-19,0.0,0.06191501021385193,-0.06191501021385193,0.06191501021385193
17,ENALAPRIL 10MG,2026-07-19,0.0,0.0865369662642479,-0.0865369662642479,0.0865369662642479
17,IBUPROFENO TABX800,2026-07-19,0.0,0.028878463432192802,-0.028878463432192802,0.028878463432192802
17,LOPERAMIDA 2MG,2026-07-19,0.0,0.028878463432192802,-0.028878463432192802,0.028878463432192802
17,PARACETAMOL 500MG,2026-07-19,0.0,0.07224752753973007,-0.07224752753973007,0.07224752753973007
17,VITAMINA C+ZINC+D3,2026-07-19,1.0,1.108648419380188,-0.10864841938018799,0.10864841938018799
18,DIMENHIDRINATO 50MG,2026-07-19,0.0,0.028878463432192802,-0.028878463432192802,0.028878463432192802
18,IBUPROFENO TABX800,2026-07-19,0.0,0.028878463432192802,-0.028878463432192802,0.028878463432192802
18,LOPERAMIDA 2MG,2026-07-19,0.0,0.028878463432192802,-0.028878463432192802,0.028878463432192802
18,METFORMINA 850MG,2026-07-19,0.0,0.06779716908931732,-0.06779716908931732,0.06779716908931732
19,AZITROMICINA 500MG,2026-07-19,0.0,0.028878463432192802,-0.028878463432192802,0.028878463432192802
19,VITAMINA C+ZINC+D3,2026-07-19,3.0,0.5415067672729492,2.458493232727051,2.458493232727051
1,DIMENHIDRINATO 50MG,2026-07-26,0.0,0.028878463432192802,-0.028878463432192802,0.028878463432192802
1,ENALAPRIL 10MG,2026-07-26,0.0,0.4423411190509796,-0.4423411190509796,0.4423411190509796
1,PARACETAMOL 500MG,2026-07-26,0.0,0.028878463432192802,-0.028878463432192802,0.028878463432192802
1,VITAMINA C+ZINC+D3,2026-07-26,0.0,0.9248793721199036,-0.9248793721199036,0.9248793721199036
2,AZITROMICINA 500MG,2026-07-26,0.0,0.03681054711341858,-0.03681054711341858,0.03681054711341858
2,DIMENHIDRINATO 50MG,2026-07-26,0.0,0.03681054711341858,-0.03681054711341858,0.03681054711341858
2,ENALAPRIL 10MG,2026-07-26,0.0,0.25828006863594055,-0.25828006863594055,0.25828006863594055
2,IBUPROFENO TABX800,2026-07-26,0.0,0.03681054711341858,-0.03681054711341858,0.03681054711341858
2,LOPERAMIDA 2MG,2026-07-26,0.0,0.03681054711341858,-0.03681054711341858,0.03681054711341858
3,DIMENHIDRINATO 50MG,2026-07-26,0.0,0.07224752753973007,-0.07224752753973007,0.07224752753973007
3,ENALAPRIL 10MG,2026-07-26,0.0,0.44973212480545044,-0.44973212480545044,0.44973212480545044
3,IBUPROFENO TABX800,2026-07-26,0.0,0.028878463432192802,-0.028878463432192802,0.028878463432192802
3,VITAMINA C+ZINC+D3,2026-07-26,2.0,1.0140072107315063,0.9859927892684937,0.9859927892684937
4,AZITROMICINA 500MG,2026-07-26,0.0,0.028878463432192802,-0.028878463432192802,0.028878463432192802
4,DIMENHIDRINATO 50MG,2026-07-26,0.0,0.028878463432192802,-0.028878463432192802,0.028878463432192802
4,ENALAPRIL 10MG,2026-07-26,1.0,0.11466557532548904,0.885334424674511,0.885334424674511
4,LOPERAMIDA 2MG,2026-07-26,0.0,0.028878463432192802,-0.028878463432192802,0.028878463432192802
4,METFORMINA 850MG,2026-07-26,0.0,0.06779716908931732,-0.06779716908931732,0.06779716908931732
4,VITAMINA C+ZINC+D3,2026-07-26,3.0,0.6910510063171387,2.3089489936828613,2.3089489936828613
5,DIMENHIDRINATO 50MG,2026-07-26,0.0,0.03941896930336952,-0.03941896930336952,0.03941896930336952
5,ENALAPRIL 10MG,2026-07-26,0.0,0.8272021412849426,-0.8272021412849426,0.8272021412849426
5,IBUPROFENO TABX800,2026-07-26,0.0,0.03941896930336952,-0.03941896930336952,0.03941896930336952
5,LOPERAMIDA 2MG,2026-07-26,0.0,0.03941896930336952,-0.03941896930336952,0.03941896930336952
5,VITAMINA C+ZINC+D3,2026-07-26,3.0,1.809983730316162,1.190016269683838,1.190016269683838
6,AZITROMICINA 500MG,2026-07-26,0.0,0.028878463432192802,-0.028878463432192802,0.028878463432192802
6,ENALAPRIL 10MG,2026-07-26,0.0,0.12518295645713806,-0.12518295645713806,0.12518295645713806
6,IBUPROFENO TABX800,2026-07-26,0.0,0.028878463432192802,-0.028878463432192802,0.028878463432192802
6,LOPERAMIDA 2MG,2026-07-26,0.0,0.028878463432192802,-0.028878463432192802,0.028878463432192802
6,METFORMINA 850MG,2026-07-26,0.0,0.06779716908931732,-0.06779716908931732,0.06779716908931732
7,AZITROMICINA 500MG,2026-07-26,0.0,0.028878463432192802,-0.028878463432192802,0.028878463432192802
7,DIMENHIDRINATO 50MG,2026-07-26,0.0,0.028878463432192802,-0.028878463432192802,0.028878463432192802
7,ENALAPRIL 10MG,2026-07-26,0.0,0.0865369662642479,-0.0865369662642479,0.0865369662642479
7,IBUPROFENO TABX800,2026-07-26,0.0,0.028878463432192802,-0.028878463432192802,0.028878463432192802
7,METFORMINA 850MG,2026-07-26,0.0,0.06779716908931732,-0.06779716908931732,0.06779716908931732
7,PARACETAMOL 500MG,2026-07-26,0.0,0.028878463432192802,-0.028878463432192802,0.028878463432192802
7,VITAMINA C+ZINC+D3,2026-07-26,1.0,0.828787624835968,0.17121237516403198,0.17121237516403198
8,AMOXICILINA 500MG,2026-07-26,0.0,0.023723267018795013,-0.023723267018795013,0.023723267018795013
8,AZITROMICINA 500MG,2026-07-26,0.0,0.023723267018795013,-0.023723267018795013,0.023723267018795013
8,DIMENHIDRINATO 50MG,2026-07-26,0.0,0.023723267018795013,-0.023723267018795013,0.023723267018795013
8,LOPERAMIDA 2MG,2026-07-26,0.0,0.023723267018795013,-0.023723267018795013,0.023723267018795013
8,METFORMINA 850MG,2026-07-26,0.0,0.09148181974887848,-0.09148181974887848,0.09148181974887848
8,PARACETAMOL 500MG,2026-07-26,0.0,0.023723267018795013,-0.023723267018795013,0.023723267018795013
8,VITAMINA C+ZINC+D3,2026-07-26,1.0,0.42356088757514954,0.5764391124248505,0.5764391124248505
9,AZITROMICINA 500MG,2026-07-26,0.0,0.028878463432192802,-0.028878463432192802,0.028878463432192802
9,DIMENHIDRINATO 50MG,2026-07-26,0.0,0.028878463432192802,-0.028878463432192802,0.028878463432192802
9,ENALAPRIL 10MG,2026-07-26,0.0,0.11466557532548904,-0.11466557532548904,0.11466557532548904
9,METFORMINA 850MG,2026-07-26,0.0,0.14550727605819702,-0.14550727605819702,0.14550727605819702
10,DIMENHIDRINATO 50MG,2026-07-26,0.0,0.028878463432192802,-0.028878463432192802,0.028878463432192802
10,ENALAPRIL 10MG,2026-07-26,0.0,0.37581178545951843,-0.37581178545951843,0.37581178545951843
10,LOPERAMIDA 2MG,2026-07-26,0.0,0.028878463432192802,-0.028878463432192802,0.028878463432192802
11,AZITROMICINA 500MG,2026-07-26,0.0,0.026255208998918533,-0.026255208998918533,0.026255208998918533
11,DIMENHIDRINATO 50MG,2026-07-26,0.0,0.026255208998918533,-0.026255208998918533,0.026255208998918533
11,ENALAPRIL 10MG,2026-07-26,0.0,0.160956472158432,-0.160956472158432,0.160956472158432
11,IBUPROFENO TABX800,2026-07-26,0.0,0.026255208998918533,-0.026255208998918533,0.026255208998918533
11,LOPERAMIDA 2MG,2026-07-26,0.0,0.026255208998918533,-0.026255208998918533,0.026255208998918533
12,AMOXICILINA 500MG,2026-07-26,0.0,0.028878463432192802,-0.028878463432192802,0.028878463432192802
12,DIMENHIDRINATO 50MG,2026-07-26,0.0,0.028878463432192802,-0.028878463432192802,0.028878463432192802
12,IBUPROFENO TABX800,2026-07-26,0.0,0.028878463432192802,-0.028878463432192802,0.028878463432192802
12,METFORMINA 850MG,2026-07-26,0.0,0.06779716908931732,-0.06779716908931732,0.06779716908931732
13,AZITROMICINA 500MG,2026-07-26,0.0,0.06191501021385193,-0.06191501021385193,0.06191501021385193
13,DIMENHIDRINATO 50MG,2026-07-26,0.0,0.028878463432192802,-0.028878463432192802,0.028878463432192802
13,ENALAPRIL 10MG,2026-07-26,0.0,0.1249980702996254,-0.1249980702996254,0.1249980702996254
13,METFORMINA 850MG,2026-07-26,0.0,0.10083368420600891,-0.10083368420600891,0.10083368420600891
14,DIMENHIDRINATO 50MG,2026-07-26,0.0,0.028878463432192802,-0.028878463432192802,0.028878463432192802
14,ENALAPRIL 10MG,2026-07-26,0.0,0.0865369662642479,-0.0865369662642479,0.0865369662642479
14,IBUPROFENO TABX800,2026-07-26,0.0,0.028878463432192802,-0.028878463432192802,0.028878463432192802
14,VITAMINA C+ZINC+D3,2026-07-26,1.0,0.7582294940948486,0.24177050590515137,0.24177050590515137
15,AMOXICILINA 500MG,2026-07-26,0.0,0.028878463432192802,-0.028878463432192802,0.028878463432192802
15,DIMENHIDRINATO 50MG,2026-07-26,0.0,0.028878463432192802,-0.028878463432192802,0.028878463432192802
15,ENALAPRIL 10MG,2026-07-26,0.0,0.1713864803314209,-0.1713864803314209,0.1713864803314209
15,IBUPROFENO TABX800,2026-07-26,0.0,0.028878463432192802,-0.028878463432192802,0.028878463432192802
15,METFORMINA 850MG,2026-07-26,0.0,0.06779716908931732,-0.06779716908931732,0.06779716908931732
15,PARACETAMOL 500MG,2026-07-26,0.0,0.028878463432192802,-0.028878463432192802,0.028878463432192802
15,VITAMINA C+ZINC+D3,2026-07-26,1.0,0.8762282133102417,0.1237717866897583,0.1237717866897583
16,DIMENHIDRINATO 50MG,2026-07-26,0.0,0.028878463432192802,-0.028878463432192802,0.028878463432192802
16,ENALAPRIL 10MG,2026-07-26,0.0,0.2659556269645691,-0.2659556269645691,0.2659556269645691
16,LOPERAMIDA 2MG,2026-07-26,0.0,0.028878463432192802,-0.028878463432192802,0.028878463432192802
16,VITAMINA C+ZINC+D3,2026-07-26,3.0,0.8231331706047058,2.176866829395294,2.176866829395294
17,DIMENHIDRINATO 50MG,2026-07-26,0.0,0.06191501021385193,-0.06191501021385193,0.06191501021385193
17,ENALAPRIL 10MG,2026-07-26,0.0,0.0865369662642479,-0.0865369662642479,0.0865369662642479
17,IBUPROFENO TABX800,2026-07-26,0.0,0.028878463432192802,-0.028878463432192802,0.028878463432192802
17,LOPERAMIDA 2MG,2026-07-26,0.0,0.028878463432192802,-0.028878463432192802,0.028878463432192802
17,PARACETAMOL 500MG,2026-07-26,0.0,0.028878463432192802,-0.028878463432192802,0.028878463432192802
18,DIMENHIDRINATO 50MG,2026-07-26,0.0,0.028878463432192802,-0.028878463432192802,0.028878463432192802
18,IBUPROFENO TABX800,2026-07-26,0.0,0.028878463432192802,-0.028878463432192802,0.028878463432192802
18,LOPERAMIDA 2MG,2026-07-26,0.0,0.028878463432192802,-0.028878463432192802,0.028878463432192802
18,METFORMINA 850MG,2026-07-26,0.0,0.06779716908931732,-0.06779716908931732,0.06779716908931732
19,AZITROMICINA 500MG,2026-07-26,0.0,0.028878463432192802,-0.028878463432192802,0.028878463432192802
19,VITAMINA C+ZINC+D3,2026-07-26,0.0,0.9387643933296204,-0.9387643933296204,0.9387643933296204
1,PARACETAMOL 500MG,2026-08-02,0.0,0.028878463432192802,-0.028878463432192802,0.028878463432192802
1,VITAMINA C+ZINC+D3,2026-08-02,1.0,0.8503059148788452,0.14969408512115479,0.14969408512115479
2,AZITROMICINA 500MG,2026-08-02,0.0,0.03681054711341858,-0.03681054711341858,0.03681054711341858
2,DIMENHIDRINATO 50MG,2026-08-02,0.0,0.03681054711341858,-0.03681054711341858,0.03681054711341858
2,IBUPROFENO TABX800,2026-08-02,0.0,0.03681054711341858,-0.03681054711341858,0.03681054711341858
3,ENALAPRIL 10MG,2026-08-02,0.0,0.32365140318870544,-0.32365140318870544,0.32365140318870544
3,IBUPROFENO TABX800,2026-08-02,2.0,0.028878463432192802,1.9711215365678072,1.9711215365678072
4,AZITROMICINA 500MG,2026-08-02,0.0,0.028878463432192802,-0.028878463432192802,0.028878463432192802
4,DIMENHIDRINATO 50MG,2026-08-02,0.0,0.028878463432192802,-0.028878463432192802,0.028878463432192802
4,LOPERAMIDA 2MG,2026-08-02,0.0,0.028878463432192802,-0.028878463432192802,0.028878463432192802
4,METFORMINA 850MG,2026-08-02,0.0,0.06779716908931732,-0.06779716908931732,0.06779716908931732
5,DIMENHIDRINATO 50MG,2026-08-02,0.0,0.03941896930336952,-0.03941896930336952,0.03941896930336952
5,LOPERAMIDA 2MG,2026-08-02,0.0,0.03941896930336952,-0.03941896930336952,0.03941896930336952
6,AZITROMICINA 500MG,2026-08-02,0.0,0.028878463432192802,-0.028878463432192802,0.028878463432192802
6,ENALAPRIL 10MG,2026-08-02,0.0,0.0865369662642479,-0.0865369662642479,0.0865369662642479
6,LOPERAMIDA 2MG,2026-08-02,0.0,0.028878463432192802,-0.028878463432192802,0.028878463432192802
7,AZITROMICINA 500MG,2026-08-02,0.0,0.028878463432192802,-0.028878463432192802,0.028878463432192802
7,DIMENHIDRINATO 50MG,2026-08-02,0.0,0.028878463432192802,-0.028878463432192802,0.028878463432192802
7,IBUPROFENO TABX800,2026-08-02,0.0,0.028878463432192802,-0.028878463432192802,0.028878463432192802
7,METFORMINA 850MG,2026-08-02,1.0,0.06779716908931732,0.9322028309106827,0.9322028309106827
7,PARACETAMOL 500MG,2026-08-02,0.0,0.028878463432192802,-0.028878463432192802,0.028878463432192802
8,AMOXICILINA 500MG,2026-08-02,0.0,0.023723267018795013,-0.023723267018795013,0.023723267018795013
8,AZITROMICINA 500MG,2026-08-02,0.0,0.023723267018795013,-0.023723267018795013,0.023723267018795013
8,DIMENHIDRINATO 50MG,2026-08-02,0.0,0.023723267018795013,-0.023723267018795013,0.023723267018795013
8,METFORMINA 850MG,2026-08-02,1.0,0.09148181974887848,0.9085181802511215,0.9085181802511215
8,PARACETAMOL 500MG,2026-08-02,0.0,0.023723267018795013,-0.023723267018795013,0.023723267018795013
9,AZITROMICINA 500MG,2026-08-02,0.0,0.028878463432192802,-0.028878463432192802,0.028878463432192802
9,DIMENHIDRINATO 50MG,2026-08-02,0.0,0.028878463432192802,-0.028878463432192802,0.028878463432192802
9,METFORMINA 850MG,2026-08-02,0.0,0.14550727605819702,-0.14550727605819702,0.14550727605819702
10,DIMENHIDRINATO 50MG,2026-08-02,0.0,0.028878463432192802,-0.028878463432192802,0.028878463432192802
11,AZITROMICINA 500MG,2026-08-02,0.0,0.026255208998918533,-0.026255208998918533,0.026255208998918533
11,ENALAPRIL 10MG,2026-08-02,0.0,0.120838962495327,-0.120838962495327,0.120838962495327
13,AZITROMICINA 500MG,2026-08-02,0.0,0.06191501021385193,-0.06191501021385193,0.06191501021385193
13,DIMENHIDRINATO 50MG,2026-08-02,0.0,0.028878463432192802,-0.028878463432192802,0.028878463432192802
13,ENALAPRIL 10MG,2026-08-02,0.0,0.0865369662642479,-0.0865369662642479,0.0865369662642479
14,DIMENHIDRINATO 50MG,2026-08-02,0.0,0.028878463432192802,-0.028878463432192802,0.028878463432192802
14,ENALAPRIL 10MG,2026-08-02,0.0,0.0865369662642479,-0.0865369662642479,0.0865369662642479
14,IBUPROFENO TABX800,2026-08-02,0.0,0.028878463432192802,-0.028878463432192802,0.028878463432192802
15,ENALAPRIL 10MG,2026-08-02,0.0,0.11466557532548904,-0.11466557532548904,0.11466557532548904
15,IBUPROFENO TABX800,2026-08-02,0.0,0.028878463432192802,-0.028878463432192802,0.028878463432192802
15,PARACETAMOL 500MG,2026-08-02,0.0,0.028878463432192802,-0.028878463432192802,0.028878463432192802
15,VITAMINA C+ZINC+D3,2026-08-02,1.0,0.6498148441314697,0.3501851558685303,0.3501851558685303
16,DIMENHIDRINATO 50MG,2026-08-02,0.0,0.028878463432192802,-0.028878463432192802,0.028878463432192802
16,LOPERAMIDA 2MG,2026-08-02,0.0,0.028878463432192802,-0.028878463432192802,0.028878463432192802
17,DIMENHIDRINATO 50MG,2026-08-02,0.0,0.06191501021385193,-0.06191501021385193,0.06191501021385193
17,ENALAPRIL 10MG,2026-08-02,0.0,0.0865369662642479,-0.0865369662642479,0.0865369662642479
17,IBUPROFENO TABX800,2026-08-02,0.0,0.028878463432192802,-0.028878463432192802,0.028878463432192802
17,LOPERAMIDA 2MG,2026-08-02,0.0,0.028878463432192802,-0.028878463432192802,0.028878463432192802
17,PARACETAMOL 500MG,2026-08-02,0.0,0.028878463432192802,-0.028878463432192802,0.028878463432192802
18,DIMENHIDRINATO 50MG,2026-08-02,0.0,0.028878463432192802,-0.028878463432192802,0.028878463432192802
18,IBUPROFENO TABX800,2026-08-02,0.0,0.028878463432192802,-0.028878463432192802,0.028878463432192802
18,LOPERAMIDA 2MG,2026-08-02,0.0,0.028878463432192802,-0.028878463432192802,0.028878463432192802
18,METFORMINA 850MG,2026-08-02,0.0,0.06779716908931732,-0.06779716908931732,0.06779716908931732
19,VITAMINA C+ZINC+D3,2026-08-02,2.0,0.8741858601570129,1.125814139842987,1.125814139842987
