sucursal,producto,semana,y_real,y_pred,origen,horizonte_semanas,error,error_absoluto
1,AMOXICILINA 500MG,2026-01-11,0.0,0.012190138752006375,2025-12-28,2,-0.012190138752006375,0.012190138752006375
1,AMOXICILINA 500MG,2026-01-18,0.0,0.012190138752006375,2025-12-28,3,-0.012190138752006375,0.012190138752006375
1,AMOXICILINA 500MG,2026-01-25,0.0,0.012190138752006375,2025-12-28,4,-0.012190138752006375,0.012190138752006375
1,AMOXICILINA 500MG,2026-02-01,0.0,0.012190138752006375,2025-12-28,5,-0.012190138752006375,0.012190138752006375
1,AMOXICILINA 500MG,2026-02-08,3.0,0.012190138752006375,2025-12-28,6,2.9878098612479937,2.9878098612479937
1,AMOXICILINA 500MG,2026-02-15,0.0,0.012190138752006375,2025-12-28,7,-0.012190138752006375,0.012190138752006375
1,AMOXICILINA 500MG,2026-02-22,1.0,0.012190138752006375,2025-12-28,8,0.9878098612479936,0.9878098612479936
1,AMOXICILINA 500MG,2026-03-01,0.0,0.012190138752006375,2025-12-28,9,-0.012190138752006375,0.012190138752006375
1,AMOXICILINA 500MG,2026-03-08,0.0,0.012190138752006375,2025-12-28,10,-0.012190138752006375,0.012190138752006375
1,AMOXICILINA 500MG,2026-03-15,0.0,0.012190138752006375,2025-12-28,11,-0.012190138752006375,0.012190138752006375
1,AMOXICILINA 500MG,2026-03-22,0.0,0.012190138752006375,2025-12-28,12,-0.012190138752006375,0.012190138752006375
1,AMOXICILINA 500MG,2026-03-29,0.0,0.012190138752006375,2025-12-28,13,-0.012190138752006375,0.012190138752006375
1,AMOXICILINA 500MG,2026-04-05,0.0,0.012190138752006375,2025-12-28,14,-0.012190138752006375,0.012190138752006375
1,AMOXICILINA 500MG,2026-04-12,0.0,0.012190138752006375,2025-12-28,15,-0.012190138752006375,0.012190138752006375
1,AMOXICILINA 500MG,2026-04-19,0.0,0.012190138752006375,2025-12-28,16,-0.012190138752006375,0.012190138752006375
1,AMOXICILINA 500MG,2026-04-26,0.0,0.012190138752006375,2025-12-28,17,-0.012190138752006375,0.012190138752006375
1,AMOXICILINA 500MG,2026-05-03,0.0,0.012190138752006375,2025-12-28,18,-0.012190138752006375,0.012190138752006375
1,AMOXICILINA 500MG,2026-05-10,0.0,0.012190138752006375,2025-12-28,19,-0.012190138752006375,0.012190138752006375
1,AMOXICILINA 500MG,2026-05-17,0.0,0.012190138752006375,2025-12-28,20,-0.012190138752006375,0.012190138752006375
1,AMOXICILINA 500MG,2026-05-24,0.0,0.012190138752006375,2025-12-28,21,-0.012190138752006375,0.012190138752006375
1,AZITROMICINA 500MG,2026-01-11,0.0,0.12499494298706418,2025-12-28,2,-0.12499494298706418,0.12499494298706418
1,AZITROMICINA 500MG,2026-01-18,0.0,0.12499494298706418,2025-12-28,3,-0.12499494298706418,0.12499494298706418
1,AZITROMICINA 500MG,2026-01-25,0.0,0.12499494298706418,2025-12-28,4,-0.12499494298706418,0.12499494298706418
1,AZITROMICINA 500MG,2026-02-01,0.0,0.12499494298706418,2025-12-28,5,-0.12499494298706418,0.12499494298706418
1,AZITROMICINA 500MG,2026-02-08,0.0,0.12499494298706418,2025-12-28,6,-0.12499494298706418,0.12499494298706418
1,AZITROMICINA 500MG,2026-02-15,0.0,0.12499494298706418,2025-12-28,7,-0.12499494298706418,0.12499494298706418
1,AZITROMICINA 500MG,2026-02-22,0.0,0.12499494298706418,2025-12-28,8,-0.12499494298706418,0.12499494298706418
1,AZITROMICINA 500MG,2026-03-01,0.0,0.12499494298706418,2025-12-28,9,-0.12499494298706418,0.12499494298706418
1,AZITROMICINA 500MG,2026-03-08,0.0,0.12499494298706418,2025-12-28,10,-0.12499494298706418,0.12499494298706418
1,AZITROMICINA 500MG,2026-03-15,0.0,0.12499494298706418,2025-12-28,11,-0.12499494298706418,0.12499494298706418
1,AZITROMICINA 500MG,2026-03-22,0.0,0.12499494298706418,2025-12-28,12,-0.12499494298706418,0.12499494298706418
1,AZITROMICINA 500MG,2026-03-29,0.0,0.12499494298706418,2025-12-28,13,-0.12499494298706418,0.12499494298706418
1,AZITROMICINA 500MG,2026-04-05,0.0,0.12499494298706418,2025-12-28,14,-0.12499494298706418,0.12499494298706418
1,AZITROMICINA 500MG,2026-04-12,0.0,0.12499494298706418,2025-12-28,15,-0.12499494298706418,0.12499494298706418
1,AZITROMICINA 500MG,2026-04-19,0.0,0.12499494298706418,2025-12-28,16,-0.12499494298706418,0.12499494298706418
1,AZITROMICINA 500MG,2026-04-26,0.0,0.12499494298706418,2025-12-28,17,-0.12499494298706418,0.12499494298706418
1,DIMENHIDRINATO 50MG,2026-01-11,0.0,0.028841183379142085,2025-12-28,2,-0.028841183379142085,0.028841183379142085
1,DIMENHIDRINATO 50MG,2026-01-18,0.0,0.028841183379142085,2025-12-28,3,-0.028841183379142085,0.028841183379142085
1,DIMENHIDRINATO 50MG,2026-01-25,0.0,0.028841183379142085,2025-12-28,4,-0.028841183379142085,0.028841183379142085
1,DIMENHIDRINATO 50MG,2026-02-01,0.0,0.028841183379142085,2025-12-28,5,-0.028841183379142085,0.028841183379142085
1,DIMENHIDRINATO 50MG,2026-02-08,0.0,0.028841183379142085,2025-12-28,6,-0.028841183379142085,0.028841183379142085
1,DIMENHIDRINATO 50MG,2026-02-15,0.0,0.028841183379142085,2025-12-28,7,-0.028841183379142085,0.028841183379142085
1,DIMENHIDRINATO 50MG,2026-02-22,0.0,0.028841183379142085,2025-12-28,8,-0.028841183379142085,0.028841183379142085
1,DIMENHIDRINATO 50MG,2026-03-01,0.0,0.028841183379142085,2025-12-28,9,-0.028841183379142085,0.028841183379142085
1,DIMENHIDRINATO 50MG,2026-03-08,0.0,0.028841183379142085,2025-12-28,10,-0.028841183379142085,0.028841183379142085
1,DIMENHIDRINATO 50MG,2026-03-15,0.0,0.028841183379142085,2025-12-28,11,-0.028841183379142085,0.028841183379142085
1,DIMENHIDRINATO 50MG,2026-03-22,0.0,0.028841183379142085,2025-12-28,12,-0.028841183379142085,0.028841183379142085
1,DIMENHIDRINATO 50MG,2026-03-29,0.0,0.028841183379142085,2025-12-28,13,-0.028841183379142085,0.028841183379142085
1,DIMENHIDRINATO 50MG,2026-04-05,0.0,0.028841183379142085,2025-12-28,14,-0.028841183379142085,0.028841183379142085
1,DIMENHIDRINATO 50MG,2026-04-12,0.0,0.028841183379142085,2025-12-28,15,-0.028841183379142085,0.028841183379142085
1,DIMENHIDRINATO 50MG,2026-04-19,0.0,0.028841183379142085,2025-12-28,16,-0.028841183379142085,0.028841183379142085
1,DIMENHIDRINATO 50MG,2026-04-26,0.0,0.028841183379142085,2025-12-28,17,-0.028841183379142085,0.028841183379142085
1,DIMENHIDRINATO 50MG,2026-05-03,0.0,0.028841183379142085,2025-12-28,18,-0.028841183379142085,0.028841183379142085
1,DIMENHIDRINATO 50MG,2026-05-10,0.0,0.028841183379142085,2025-12-28,19,-0.028841183379142085,0.028841183379142085
1,DIMENHIDRINATO 50MG,2026-05-17,0.0,0.028841183379142085,2025-12-28,20,-0.028841183379142085,0.028841183379142085
1,DIMENHIDRINATO 50MG,2026-05-24,0.0,0.028841183379142085,2025-12-28,21,-0.028841183379142085,0.028841183379142085
1,DIMENHIDRINATO 50MG,2026-05-31,0.0,0.028841183379142085,2025-12-28,22,-0.028841183379142085,0.028841183379142085
1,DIMENHIDRINATO 50MG,2026-06-07,0.0,0.028841183379142085,2025-12-28,23,-0.028841183379142085,0.028841183379142085
1,DIMENHIDRINATO 50MG,2026-06-14,0.0,0.028841183379142085,2025-12-28,24,-0.028841183379142085,0.028841183379142085
1,DIMENHIDRINATO 50MG,2026-06-21,0.0,0.028841183379142085,2025-12-28,25,-0.028841183379142085,0.028841183379142085
1,DIMENHIDRINATO 50MG,2026-06-28,0.0,0.028841183379142085,2025-12-28,26,-0.028841183379142085,0.028841183379142085
1,DIMENHIDRINATO 50MG,2026-07-05,0.0,0.028841183379142085,2025-12-28,27,-0.028841183379142085,0.028841183379142085
1,DIMENHIDRINATO 50MG,2026-07-12,0.0,0.028841183379142085,2025-12-28,28,-0.028841183379142085,0.028841183379142085
1,DIMENHIDRINATO 50MG,2026-07-19,0.0,0.028841183379142085,2025-12-28,29,-0.028841183379142085,0.028841183379142085
1,DIMENHIDRINATO 50MG,2026-07-26,0.0,0.028841183379142085,2025-12-28,30,-0.028841183379142085,0.028841183379142085
1,ENALAPRIL 10MG,2026-01-11,1.0,0.3590744553123602,2025-12-28,2,0.6409255446876398,0.6409255446876398
1,ENALAPRIL 10MG,2026-01-18,0.0,0.31703655461158486,2025-12-28,3,-0.31703655461158486,0.31703655461158486
1,ENALAPRIL 10MG,2026-01-25,0.0,0.35446978588087913,2025-12-28,4,-0.35446978588087913,0.35446978588087913
1,ENALAPRIL 10MG,2026-02-01,0.0,0.32113684632153944,2025-12-28,5,-0.32113684632153944,0.32113684632153944
1,ENALAPRIL 10MG,2026-02-08,1.0,0.35081862430307303,2025-12-28,6,0.6491813756969269,0.6491813756969269
1,ENALAPRIL 10MG,2026-02-15,1.0,0.32438807374881806,2025-12-28,7,0.6756119262511819,0.6756119262511819
1,ENALAPRIL 10MG,2026-02-22,0.0,0.34792352378269553,2025-12-28,8,-0.34792352378269553,0.34792352378269553
1,ENALAPRIL 10MG,2026-03-01,0.0,0.32696605612949264,2025-12-28,9,-0.32696605612949264,0.32696605612949264
1,ENALAPRIL 10MG,2026-03-08,0.0,0.34562792364436185,2025-12-28,10,-0.34562792364436185,0.34562792364436185
1,ENALAPRIL 10MG,2026-03-15,0.0,0.3290102050866855,2025-12-28,11,-0.3290102050866855,0.3290102050866855
1,ENALAPRIL 10MG,2026-03-22,0.0,0.34380768287620006,2025-12-28,12,-0.34380768287620006,0.34380768287620006
1,ENALAPRIL 10MG,2026-03-29,1.0,0.33063106370485007,2025-12-28,13,0.6693689362951499,0.6693689362951499
1,ENALAPRIL 10MG,2026-04-05,0.0,0.3423643668566762,2025-12-28,14,-0.3423643668566762,0.3423643668566762
1,ENALAPRIL 10MG,2026-04-12,0.0,0.3319162844569063,2025-12-28,15,-0.3319162844569063,0.3319162844569063
1,ENALAPRIL 10MG,2026-04-19,1.0,0.3412199242265301,2025-12-28,16,0.6587800757734699,0.6587800757734699
1,ENALAPRIL 10MG,2026-04-26,0.0,0.33293536925739703,2025-12-28,17,-0.33293536925739703,0.33293536925739703
1,ENALAPRIL 10MG,2026-05-03,0.0,0.34031246604275145,2025-12-28,18,-0.34031246604275145,0.34031246604275145
1,ENALAPRIL 10MG,2026-05-10,0.0,0.3337434279733255,2025-12-28,19,-0.3337434279733255,0.3337434279733255
1,ENALAPRIL 10MG,2026-05-17,1.0,0.33959291896051663,2025-12-28,20,0.6604070810394833,0.6604070810394833
1,ENALAPRIL 10MG,2026-05-24,0.0,0.33438415864468246,2025-12-28,21,-0.33438415864468246,0.33438415864468246
1,ENALAPRIL 10MG,2026-05-31,3.0,0.33902237145451825,2025-12-28,22,2.660977628545482,2.660977628545482
1,ENALAPRIL 10MG,2026-06-07,1.0,0.33489221057844043,2025-12-28,23,0.6651077894215596,0.6651077894215596
1,ENALAPRIL 10MG,2026-06-14,1.0,0.33856996956916857,2025-12-28,24,0.6614300304308314,0.6614300304308314
1,ENALAPRIL 10MG,2026-06-21,0.0,0.33529505810694815,2025-12-28,25,-0.33529505810694815,0.33529505810694815
1,ENALAPRIL 10MG,2026-06-28,1.0,0.3382112484044693,2025-12-28,26,0.6617887515955307,0.6617887515955307
1,ENALAPRIL 10MG,2026-07-05,1.0,0.33561448633946045,2025-12-28,27,0.6643855136605396,0.6643855136605396
1,ENALAPRIL 10MG,2026-07-12,1.0,0.33792680910797146,2025-12-28,28,0.6620731908920285,0.6620731908920285
1,ENALAPRIL 10MG,2026-07-19,1.0,0.3358677692529834,2025-12-28,29,0.6641322307470165,0.6641322307470165
1,ENALAPRIL 10MG,2026-07-26,0.0,0.33770126982745524,2025-12-28,30,-0.33770126982745524,0.33770126982745524
1,IBUPROFENO TABX800,2026-01-11,0.0,-4.824558165895671e-06,2025-12-28,2,4.824558165895671e-06,4.824558165895671e-06
1,IBUPROFENO TABX800,2026-01-18,0.0,-4.824558165895671e-06,2025-12-28,3,4.824558165895671e-06,4.824558165895671e-06
1,IBUPROFENO TABX800,2026-01-25,0.0,-4.824558165895671e-06,2025-12-28,4,4.824558165895671e-06,4.824558165895671e-06
1,IBUPROFENO TABX800,2026-02-01,0.0,-4.824558165895671e-06,2025-12-28,5,4.824558165895671e-06,4.824558165895671e-06
1,IBUPROFENO TABX800,2026-02-08,0.0,-4.824558165895671e-06,2025-12-28,6,4.824558165895671e-06,4.824558165895671e-06
1,IBUPROFENO TABX800,2026-02-15,0.0,-4.824558165895671e-06,2025-12-28,7,4.824558165895671e-06,4.824558165895671e-06
1,IBUPROFENO TABX800,2026-02-22,0.0,-4.824558165895671e-06,2025-12-28,8,4.824558165895671e-06,4.824558165895671e-06
1,IBUPROFENO TABX800,2026-03-01,0.0,-4.824558165895671e-06,2025-12-28,9,4.824558165895671e-06,4.824558165895671e-06
1,IBUPROFENO TABX800,2026-03-08,0.0,-4.824558165895671e-06,2025-12-28,10,4.824558165895671e-06,4.824558165895671e-06
1,IBUPROFENO TABX800,2026-03-15,0.0,-4.824558165895671e-06,2025-12-28,11,4.824558165895671e-06,4.824558165895671e-06
1,IBUPROFENO TABX800,2026-03-22,0.0,-4.824558165895671e-06,2025-12-28,12,4.824558165895671e-06,4.824558165895671e-06
1,IBUPROFENO TABX800,2026-03-29,0.0,-4.824558165895671e-06,2025-12-28,13,4.824558165895671e-06,4.824558165895671e-06
1,IBUPROFENO TABX800,2026-04-05,0.0,-4.824558165895671e-06,2025-12-28,14,4.824558165895671e-06,4.824558165895671e-06
1,IBUPROFENO TABX800,2026-04-12,0.0,-4.824558165895671e-06,2025-12-28,15,4.824558165895671e-06,4.824558165895671e-06
1,IBUPROFENO TABX800,2026-04-19,0.0,-4.824558165895671e-06,2025-12-28,16,4.824558165895671e-06,4.824558165895671e-06
1,IBUPROFENO TABX800,2026-04-26,0.0,-4.824558165895671e-06,2025-12-28,17,4.824558165895671e-06,4.824558165895671e-06
1,IBUPROFENO TABX800,2026-05-03,0.0,-4.824558165895671e-06,2025-12-28,18,4.824558165895671e-06,4.824558165895671e-06
1,IBUPROFENO TABX800,2026-05-10,0.0,-4.824558165895671e-06,2025-12-28,19,4.824558165895671e-06,4.824558165895671e-06
1,IBUPROFENO TABX800,2026-05-17,0.0,-4.824558165895671e-06,2025-12-28,20,4.824558165895671e-06,4.824558165895671e-06
1,IBUPROFENO TABX800,2026-05-24,0.0,-4.824558165895671e-06,2025-12-28,21,4.824558165895671e-06,4.824558165895671e-06
1,IBUPROFENO TABX800,2026-05-31,0.0,-4.824558165895671e-06,2025-12-28,22,4.824558165895671e-06,4.824558165895671e-06
1,IBUPROFENO TABX800,2026-06-07,0.0,-4.824558165895671e-06,2025-12-28,23,4.824558165895671e-06,4.824558165895671e-06
1,IBUPROFENO TABX800,2026-06-14,0.0,-4.824558165895671e-06,2025-12-28,24,4.824558165895671e-06,4.824558165895671e-06
1,IBUPROFENO TABX800,2026-06-21,0.0,-4.824558165895671e-06,2025-12-28,25,4.824558165895671e-06,4.824558165895671e-06
1,IBUPROFENO TABX800,2026-06-28,0.0,-4.824558165895671e-06,2025-12-28,26,4.824558165895671e-06,4.824558165895671e-06
1,IBUPROFENO TABX800,2026-07-05,0.0,-4.824558165895671e-06,2025-12-28,27,4.824558165895671e-06,4.824558165895671e-06
1,IBUPROFENO TABX800,2026-07-12,0.0,-4.824558165895671e-06,2025-12-28,28,4.824558165895671e-06,4.824558165895671e-06
1,IBUPROFENO TABX800,2026-07-19,0.0,-4.824558165895671e-06,2025-12-28,29,4.824558165895671e-06,4.824558165895671e-06
1,LOPERAMIDA 2MG,2026-01-11,0.0,0.009896006141633438,2025-12-28,2,-0.009896006141633438,0.009896006141633438
1,LOPERAMIDA 2MG,2026-01-18,0.0,0.009896006141633438,2025-12-28,3,-0.009896006141633438,0.009896006141633438
1,LOPERAMIDA 2MG,2026-01-25,0.0,0.009896006141633438,2025-12-28,4,-0.009896006141633438,0.009896006141633438
1,LOPERAMIDA 2MG,2026-02-01,0.0,0.009896006141633438,2025-12-28,5,-0.009896006141633438,0.009896006141633438
1,LOPERAMIDA 2MG,2026-02-08,0.0,0.009896006141633438,2025-12-28,6,-0.009896006141633438,0.009896006141633438
1,LOPERAMIDA 2MG,2026-02-15,0.0,0.009896006141633438,2025-12-28,7,-0.009896006141633438,0.009896006141633438
1,LOPERAMIDA 2MG,2026-02-22,0.0,0.009896006141633438,2025-12-28,8,-0.009896006141633438,0.009896006141633438
1,LOPERAMIDA 2MG,2026-03-01,0.0,0.009896006141633438,2025-12-28,9,-0.009896006141633438,0.009896006141633438
1,LOPERAMIDA 2MG,2026-03-08,0.0,0.009896006141633438,2025-12-28,10,-0.009896006141633438,0.009896006141633438
1,LOPERAMIDA 2MG,2026-03-15,0.0,0.009896006141633438,2025-12-28,11,-0.009896006141633438,0.009896006141633438
1,LOPERAMIDA 2MG,2026-03-22,0.0,0.009896006141633438,2025-12-28,12,-0.009896006141633438,0.009896006141633438
1,LOPERAMIDA 2MG,2026-03-29,0.0,0.009896006141633438,2025-12-28,13,-0.009896006141633438,0.009896006141633438
1,LOPERAMIDA 2MG,2026-04-05,0.0,0.009896006141633438,2025-12-28,14,-0.009896006141633438,0.009896006141633438
1,LOPERAMIDA 2MG,2026-04-12,0.0,0.009896006141633438,2025-12-28,15,-0.009896006141633438,0.009896006141633438
1,LOPERAMIDA 2MG,2026-04-19,0.0,0.009896006141633438,2025-12-28,16,-0.009896006141633438,0.009896006141633438
1,LOPERAMIDA 2MG,2026-04-26,0.0,0.009896006141633438,2025-12-28,17,-0.009896006141633438,0.009896006141633438
1,LOPERAMIDA 2MG,2026-05-03,0.0,0.009896006141633438,2025-12-28,18,-0.009896006141633438,0.009896006141633438
1,LOPERAMIDA 2MG,2026-05-10,0.0,0.009896006141633438,2025-12-28,19,-0.009896006141633438,0.009896006141633438
1,LOPERAMIDA 2MG,2026-05-17,0.0,0.009896006141633438,2025-12-28,20,-0.009896006141633438,0.009896006141633438
1,LOPERAMIDA 2MG,2026-05-24,0.0,0.009896006141633438,2025-12-28,21,-0.009896006141633438,0.009896006141633438
1,LOPERAMIDA 2MG,2026-05-31,0.0,0.009896006141633438,2025-12-28,22,-0.009896006141633438,0.009896006141633438
1,LOPERAMIDA 2MG,2026-06-07,0.0,0.009896006141633438,2025-12-28,23,-0.009896006141633438,0.009896006141633438
1,LOPERAMIDA 2MG,2026-06-14,0.0,0.009896006141633438,2025-12-28,24,-0.009896006141633438,0.009896006141633438
1,LOPERAMIDA 2MG,2026-06-21,0.0,0.009896006141633438,2025-12-28,25,-0.009896006141633438,0.009896006141633438
1,LOPERAMIDA 2MG,2026-06-28,0.0,0.009896006141633438,2025-12-28,26,-0.009896006141633438,0.009896006141633438
1,LOPERAMIDA 2MG,2026-07-05,0.0,0.009896006141633438,2025-12-28,27,-0.009896006141633438,0.009896006141633438
1,LOPERAMIDA 2MG,2026-07-12,0.0,0.009896006141633438,2025-12-28,28,-0.009896006141633438,0.009896006141633438
1,LOPERAMIDA 2MG,2026-07-19,0.0,0.009896006141633438,2025-12-28,29,-0.009896006141633438,0.009896006141633438
1,METFORMINA 850MG,2026-01-11,0.0,-0.054064270306119766,2025-12-28,2,0.054064270306119766,0.054064270306119766
1,METFORMINA 850MG,2026-01-18,0.0,0.46710733140056493,2025-12-28,3,-0.46710733140056493,0.46710733140056493
1,METFORMINA 850MG,2026-01-25,0.0,0.23329220533257086,2025-12-28,4,-0.23329220533257086,0.23329220533257086
1,METFORMINA 850MG,2026-02-01,0.0,0.16262796513931155,2025-12-28,5,-0.16262796513931155,0.16262796513931155
1,METFORMINA 850MG,2026-02-08,0.0,0.41833291546512913,2025-12-28,6,-0.41833291546512913,0.41833291546512913
1,METFORMINA 850MG,2026-02-15,0.0,0.14210461524040305,2025-12-28,7,-0.14210461524040305,0.14210461524040305
1,METFORMINA 850MG,2026-02-22,0.0,0.3135087514104219,2025-12-28,8,-0.3135087514104219,0.3135087514104219
1,METFORMINA 850MG,2026-03-01,0.0,0.29038260005128635,2025-12-28,9,-0.29038260005128635,0.29038260005128635
1,METFORMINA 850MG,2026-03-08,0.0,0.1985342084295897,2025-12-28,10,-0.1985342084295897,0.1985342084295897
1,METFORMINA 850MG,2026-03-15,0.0,0.3320989453873638,2025-12-28,11,-0.3320989453873638,0.3320989453873638
1,METFORMINA 850MG,2026-03-22,0.0,0.22671038292429108,2025-12-28,12,-0.22671038292429108,0.22671038292429108
1,METFORMINA 850MG,2026-03-29,1.0,0.2666128792921421,2025-12-28,13,0.7333871207078579,0.7333871207078579
1,METFORMINA 850MG,2026-04-05,0.0,0.29031642864587615,2025-12-28,14,-0.29031642864587615,0.29031642864587615
1,METFORMINA 850MG,2026-04-12,1.0,0.2318212958789103,2025-12-28,15,0.7681787041210897,0.7681787041210897
1,METFORMINA 850MG,2026-04-19,0.0,0.28967412223165373,2025-12-28,16,-0.28967412223165373,0.28967412223165373
1,METFORMINA 850MG,2026-04-26,0.0,0.2572735510981261,2025-12-28,17,-0.2572735510981261,0.2572735510981261
1,METFORMINA 850MG,2026-05-03,0.0,0.25765382940189085,2025-12-28,18,-0.25765382940189085,0.25765382940189085
1,METFORMINA 850MG,2026-05-10,0.0,0.2801084918495559,2025-12-28,19,-0.2801084918495559,0.2801084918495559
1,METFORMINA 850MG,2026-05-17,2.0,0.2511888904298792,2025-12-28,20,1.7488111095701209,1.7488111095701209
1,METFORMINA 850MG,2026-05-24,1.0,0.272189915846339,2025-12-28,21,0.727810084153661,0.727810084153661
1,METFORMINA 850MG,2026-05-31,0.0,0.26586959213382594,2025-12-28,22,-0.26586959213382594,0.26586959213382594
1,METFORMINA 850MG,2026-06-07,1.0,0.2590649255135164,2025-12-28,23,0.7409350744864835,0.7409350744864835
1,METFORMINA 850MG,2026-06-14,1.0,0.272221978764459,2025-12-28,24,0.7277780212355409,0.7277780212355409
1,PARACETAMOL 500MG,2026-01-11,0.0,0.10383690184487626,2025-12-28,2,-0.10383690184487626,0.10383690184487626
1,PARACETAMOL 500MG,2026-01-18,0.0,0.2756667010523743,2025-12-28,3,-0.2756667010523743,0.2756667010523743
1,PARACETAMOL 500MG,2026-01-25,0.0,0.14609956291199805,2025-12-28,4,-0.14609956291199805,0.14609956291199805
1,PARACETAMOL 500MG,2026-02-01,0.0,0.24469124676115767,2025-12-28,5,-0.24469124676115767,0.24469124676115767
1,PARACETAMOL 500MG,2026-02-08,0.0,0.16942008210731058,2025-12-28,6,-0.16942008210731058,0.16942008210731058
1,PARACETAMOL 500MG,2026-02-15,0.0,0.22695609611573234,2025-12-28,7,-0.22695609611573234,0.22695609611573234
1,PARACETAMOL 500MG,2026-02-22,0.0,0.18295740756620954,2025-12-28,8,-0.18295740756620954,0.18295740756620954
1,PARACETAMOL 500MG,2026-03-01,0.0,0.21660917028513121,2025-12-28,9,-0.21660917028513121,0.21660917028513121
1,PARACETAMOL 500MG,2026-03-08,0.0,0.19086964853603217,2025-12-28,10,-0.19086964853603217,0.19086964853603217
1,PARACETAMOL 500MG,2026-03-15,0.0,0.2105576660904313,2025-12-28,11,-0.2105576660904313,0.2105576660904313
1,PARACETAMOL 500MG,2026-03-22,0.0,0.1954982997925528,2025-12-28,12,-0.1954982997925528,0.1954982997925528
1,PARACETAMOL 500MG,2026-03-29,0.0,0.2070172409012874,2025-12-28,13,-0.2070172409012874,0.2070172409012874
1,PARACETAMOL 500MG,2026-04-05,0.0,0.19820637007682812,2025-12-28,14,-0.19820637007682812,0.19820637007682812
1,PARACETAMOL 500MG,2026-04-12,1.0,0.20494583256032342,2025-12-28,15,0.7950541674396766,0.7950541674396766
1,PARACETAMOL 500MG,2026-04-19,0.0,0.19979079611523903,2025-12-28,16,-0.19979079611523903,0.19979079611523903
1,PARACETAMOL 500MG,2026-04-26,0.0,0.20373390018420717,2025-12-28,17,-0.20373390018420717,0.20373390018420717
1,PARACETAMOL 500MG,2026-05-03,0.0,0.20071780706524858,2025-12-28,18,-0.20071780706524858,0.20071780706524858
1,PARACETAMOL 500MG,2026-05-10,0.0,0.20302482650884657,2025-12-28,19,-0.20302482650884657,0.20302482650884657
1,PARACETAMOL 500MG,2026-05-17,0.0,0.20126017982374697,2025-12-28,20,-0.20126017982374697,0.20126017982374697
1,PARACETAMOL 500MG,2026-05-24,0.0,0.20260996382068444,2025-12-28,21,-0.20260996382068444,0.20260996382068444
1,PARACETAMOL 500MG,2026-05-31,0.0,0.20157750964485982,2025-12-28,22,-0.20157750964485982,0.20157750964485982
1,PARACETAMOL 500MG,2026-06-07,0.0,0.20236723720697436,2025-12-28,23,-0.20236723720697436,0.20236723720697436
1,PARACETAMOL 500MG,2026-06-14,0.0,0.2017631720223017,2025-12-28,24,-0.2017631720223017,0.2017631720223017
1,PARACETAMOL 500MG,2026-06-21,0.0,0.20222522344970947,2025-12-28,25,-0.20222522344970947,0.20222522344970947
1,PARACETAMOL 500MG,2026-06-28,0.0,0.2018717988078205,2025-12-28,26,-0.2018717988078205,0.2018717988078205
1,PARACETAMOL 500MG,2026-07-05,0.0,0.20214213446763077,2025-12-28,27,-0.20214213446763077,0.20214213446763077
1,PARACETAMOL 500MG,2026-07-12,0.0,0.20193535384086264,2025-12-28,28,-0.20193535384086264,0.20193535384086264
1,PARACETAMOL 500MG,2026-07-19,0.0,0.20209352101583555,2025-12-28,29,-0.20209352101583555,0.20209352101583555
1,PARACETAMOL 500MG,2026-07-26,0.0,0.20197253842849208,2025-12-28,30,-0.20197253842849208,0.20197253842849208
1,PARACETAMOL 500MG,2026-08-02,0.0,0.20206507840363438,2025-12-28,31,-0.20206507840363438,0.20206507840363438
1,VITAMINA C+ZINC+D3,2026-01-11,0.0,1.1634565467344389,2025-12-28,2,-1.1634565467344389,1.1634565467344389
1,VITAMINA C+ZINC+D3,2026-01-18,0.0,1.1634565467344389,2025-12-28,3,-1.1634565467344389,1.1634565467344389
1,VITAMINA C+ZINC+D3,2026-01-25,0.0,1.1634565467344389,2025-12-28,4,-1.1634565467344389,1.1634565467344389
1,VITAMINA C+ZINC+D3,2026-02-01,2.0,1.1634565467344389,2025-12-28,5,0.8365434532655611,0.8365434532655611
1,VITAMINA C+ZINC+D3,2026-02-08,1.0,1.1634565467344389,2025-12-28,6,-0.16345654673443888,0.16345654673443888
1,VITAMINA C+ZINC+D3,2026-02-15,1.0,1.1634565467344389,2025-12-28,7,-0.16345654673443888,0.16345654673443888
1,VITAMINA C+ZINC+D3,2026-02-22,6.0,1.1634565467344389,2025-12-28,8,4.836543453265561,4.836543453265561
1,VITAMINA C+ZINC+D3,2026-03-01,0.0,1.1634565467344389,2025-12-28,9,-1.1634565467344389,1.1634565467344389
1,VITAMINA C+ZINC+D3,2026-03-08,3.0,1.1634565467344389,2025-12-28,10,1.8365434532655611,1.8365434532655611
1,VITAMINA C+ZINC+D3,2026-03-15,3.0,1.1634565467344389,2025-12-28,11,1.8365434532655611,1.8365434532655611
1,VITAMINA C+ZINC+D3,2026-03-22,2.0,1.1634565467344389,2025-12-28,12,0.8365434532655611,0.8365434532655611
1,VITAMINA C+ZINC+D3,2026-03-29,1.0,1.1634565467344389,2025-12-28,13,-0.16345654673443888,0.16345654673443888
1,VITAMINA C+ZINC+D3,2026-04-05,1.0,1.1634565467344389,2025-12-28,14,-0.16345654673443888,0.16345654673443888
1,VITAMINA C+ZINC+D3,2026-04-12,1.0,1.1634565467344389,2025-12-28,15,-0.16345654673443888,0.16345654673443888
1,VITAMINA C+ZINC+D3,2026-04-19,0.0,1.1634565467344389,2025-12-28,16,-1.1634565467344389,1.1634565467344389
1,VITAMINA C+ZINC+D3,2026-04-26,1.0,1.1634565467344389,2025-12-28,17,-0.16345654673443888,0.16345654673443888
1,VITAMINA C+ZINC+D3,2026-05-03,1.0,1.1634565467344389,2025-12-28,18,-0.16345654673443888,0.16345654673443888
1,VITAMINA C+ZINC+D3,2026-05-10,0.0,1.1634565467344389,2025-12-28,19,-1.1634565467344389,1.1634565467344389
1,VITAMINA C+ZINC+D3,2026-05-17,1.0,1.1634565467344389,2025-12-28,20,-0.16345654673443888,0.16345654673443888
1,VITAMINA C+ZINC+D3,2026-05-24,3.0,1.1634565467344389,2025-12-28,21,1.8365434532655611,1.8365434532655611
1,VITAMINA C+ZINC+D3,2026-05-31,1.0,1.1634565467344389,2025-12-28,22,-0.16345654673443888,0.16345654673443888
1,VITAMINA C+ZINC+D3,2026-06-07,3.0,1.1634565467344389,2025-12-28,23,1.8365434532655611,1.8365434532655611
1,VITAMINA C+ZINC+D3,2026-06-14,1.0,1.1634565467344389,2025-12-28,24,-0.16345654673443888,0.16345654673443888
1,VITAMINA C+ZINC+D3,2026-06-21,0.0,1.1634565467344389,2025-12-28,25,-1.1634565467344389,1.1634565467344389
1,VITAMINA C+ZINC+D3,2026-06-28,0.0,1.1634565467344389,2025-12-28,26,-1.1634565467344389,1.1634565467344389
1,VITAMINA C+ZINC+D3,2026-07-05,3.0,1.1634565467344389,2025-12-28,27,1.8365434532655611,1.8365434532655611
1,VITAMINA C+ZINC+D3,2026-07-12,0.0,1.1634565467344389,2025-12-28,28,-1.1634565467344389,1.1634565467344389
1,VITAMINA C+ZINC+D3,2026-07-19,0.0,1.1634565467344389,2025-12-28,29,-1.1634565467344389,1.1634565467344389
1,VITAMINA C+ZINC+D3,2026-07-26,0.0,1.1634565467344389,2025-12-28,30,-1.1634565467344389,1.1634565467344389
1,VITAMINA C+ZINC+D3,2026-08-02,1.0,1.1634565467344389,2025-12-28,31,-0.16345654673443888,0.16345654673443888
2,AMOXICILINA 500MG,2026-01-11,0.0,0.33332807163789085,2025-12-28,2,-0.33332807163789085,0.33332807163789085
2,AMOXICILINA 500MG,2026-01-18,0.0,0.33332807163789085,2025-12-28,3,-0.33332807163789085,0.33332807163789085
2,AMOXICILINA 500MG,2026-01-25,0.0,0.33332807163789085,2025-12-28,4,-0.33332807163789085,0.33332807163789085
2,AMOXICILINA 500MG,2026-02-01,0.0,0.33332807163789085,2025-12-28,5,-0.33332807163789085,0.33332807163789085
2,AMOXICILINA 500MG,2026-02-08,0.0,0.33332807163789085,2025-12-28,6,-0.33332807163789085,0.33332807163789085
2,AMOXICILINA 500MG,2026-02-15,0.0,0.33332807163789085,2025-12-28,7,-0.33332807163789085,0.33332807163789085
2,AMOXICILINA 500MG,2026-02-22,0.0,0.33332807163789085,2025-12-28,8,-0.33332807163789085,0.33332807163789085
2,AMOXICILINA 500MG,2026-03-01,0.0,0.33332807163789085,2025-12-28,9,-0.33332807163789085,0.33332807163789085
2,AMOXICILINA 500MG,2026-03-08,0.0,0.33332807163789085,2025-12-28,10,-0.33332807163789085,0.33332807163789085
2,AMOXICILINA 500MG,2026-03-15,0.0,0.33332807163789085,2025-12-28,11,-0.33332807163789085,0.33332807163789085
2,AMOXICILINA 500MG,2026-03-22,0.0,0.33332807163789085,2025-12-28,12,-0.33332807163789085,0.33332807163789085
2,AMOXICILINA 500MG,2026-03-29,0.0,0.33332807163789085,2025-12-28,13,-0.33332807163789085,0.33332807163789085
2,AMOXICILINA 500MG,2026-04-05,0.0,0.33332807163789085,2025-12-28,14,-0.33332807163789085,0.33332807163789085
2,AMOXICILINA 500MG,2026-04-12,0.0,0.33332807163789085,2025-12-28,15,-0.33332807163789085,0.33332807163789085
2,AMOXICILINA 500MG,2026-04-19,0.0,0.33332807163789085,2025-12-28,16,-0.33332807163789085,0.33332807163789085
2,AMOXICILINA 500MG,2026-04-26,0.0,0.33332807163789085,2025-12-28,17,-0.33332807163789085,0.33332807163789085
2,AMOXICILINA 500MG,2026-05-03,0.0,0.33332807163789085,2025-12-28,18,-0.33332807163789085,0.33332807163789085
2,AMOXICILINA 500MG,2026-05-10,0.0,0.33332807163789085,2025-12-28,19,-0.33332807163789085,0.33332807163789085
2,AZITROMICINA 500MG,2026-01-11,0.0,0.00961041024021568,2025-12-28,2,-0.00961041024021568,0.00961041024021568
2,AZITROMICINA 500MG,2026-01-18,0.0,0.00961041024021568,2025-12-28,3,-0.00961041024021568,0.00961041024021568
2,AZITROMICINA 500MG,2026-01-25,0.0,0.00961041024021568,2025-12-28,4,-0.00961041024021568,0.00961041024021568
2,AZITROMICINA 500MG,2026-02-01,0.0,0.00961041024021568,2025-12-28,5,-0.00961041024021568,0.00961041024021568
2,AZITROMICINA 500MG,2026-02-08,0.0,0.00961041024021568,2025-12-28,6,-0.00961041024021568,0.00961041024021568
2,AZITROMICINA 500MG,2026-02-15,0.0,0.00961041024021568,2025-12-28,7,-0.00961041024021568,0.00961041024021568
2,AZITROMICINA 500MG,2026-02-22,0.0,0.00961041024021568,2025-12-28,8,-0.00961041024021568,0.00961041024021568
2,AZITROMICINA 500MG,2026-03-01,0.0,0.00961041024021568,2025-12-28,9,-0.00961041024021568,0.00961041024021568
2,AZITROMICINA 500MG,2026-03-08,0.0,0.00961041024021568,2025-12-28,10,-0.00961041024021568,0.00961041024021568
2,AZITROMICINA 500MG,2026-03-15,0.0,0.00961041024021568,2025-12-28,11,-0.00961041024021568,0.00961041024021568
2,AZITROMICINA 500MG,2026-03-22,0.0,0.00961041024021568,2025-12-28,12,-0.00961041024021568,0.00961041024021568
2,AZITROMICINA 500MG,2026-03-29,0.0,0.00961041024021568,2025-12-28,13,-0.00961041024021568,0.00961041024021568
2,AZITROMICINA 500MG,2026-04-05,0.0,0.00961041024021568,2025-12-28,14,-0.00961041024021568,0.00961041024021568
2,AZITROMICINA 500MG,2026-04-12,0.0,0.00961041024021568,2025-12-28,15,-0.00961041024021568,0.00961041024021568
2,AZITROMICINA 500MG,2026-04-19,0.0,0.00961041024021568,2025-12-28,16,-0.00961041024021568,0.00961041024021568
2,AZITROMICINA 500MG,2026-04-26,0.0,0.00961041024021568,2025-12-28,17,-0.00961041024021568,0.00961041024021568
2,AZITROMICINA 500MG,2026-05-03,0.0,0.00961041024021568,2025-12-28,18,-0.00961041024021568,0.00961041024021568
2,AZITROMICINA 500MG,2026-05-10,0.0,0.00961041024021568,2025-12-28,19,-0.00961041024021568,0.00961041024021568
2,AZITROMICINA 500MG,2026-05-17,0.0,0.00961041024021568,2025-12-28,20,-0.00961041024021568,0.00961041024021568
2,AZITROMICINA 500MG,2026-05-24,0.0,0.00961041024021568,2025-12-28,21,-0.00961041024021568,0.00961041024021568
2,AZITROMICINA 500MG,2026-05-31,0.0,0.00961041024021568,2025-12-28,22,-0.00961041024021568,0.00961041024021568
2,AZITROMICINA 500MG,2026-06-07,0.0,0.00961041024021568,2025-12-28,23,-0.00961041024021568,0.00961041024021568
2,AZITROMICINA 500MG,2026-06-14,0.0,0.00961041024021568,2025-12-28,24,-0.00961041024021568,0.00961041024021568
2,AZITROMICINA 500MG,2026-06-21,0.0,0.00961041024021568,2025-12-28,25,-0.00961041024021568,0.00961041024021568
2,AZITROMICINA 500MG,2026-06-28,0.0,0.00961041024021568,2025-12-28,26,-0.00961041024021568,0.00961041024021568
2,AZITROMICINA 500MG,2026-07-05,0.0,0.00961041024021568,2025-12-28,27,-0.00961041024021568,0.00961041024021568
2,AZITROMICINA 500MG,2026-07-12,0.0,0.00961041024021568,2025-12-28,28,-0.00961041024021568,0.00961041024021568
2,AZITROMICINA 500MG,2026-07-19,0.0,0.00961041024021568,2025-12-28,29,-0.00961041024021568,0.00961041024021568
2,AZITROMICINA 500MG,2026-07-26,0.0,0.00961041024021568,2025-12-28,30,-0.00961041024021568,0.00961041024021568
2,AZITROMICINA 500MG,2026-08-02,0.0,0.00961041024021568,2025-12-28,31,-0.00961041024021568,0.00961041024021568
2,DIMENHIDRINATO 50MG,2026-01-11,0.0,-4.824558165895707e-06,2025-12-28,2,4.824558165895707e-06,4.824558165895707e-06
2,DIMENHIDRINATO 50MG,2026-01-18,0.0,-4.824558165895707e-06,2025-12-28,3,4.824558165895707e-06,4.824558165895707e-06
2,DIMENHIDRINATO 50MG,2026-01-25,0.0,-4.824558165895707e-06,2025-12-28,4,4.824558165895707e-06,4.824558165895707e-06
2,DIMENHIDRINATO 50MG,2026-02-01,0.0,-4.824558165895707e-06,2025-12-28,5,4.824558165895707e-06,4.824558165895707e-06
2,DIMENHIDRINATO 50MG,2026-02-08,0.0,-4.824558165895707e-06,2025-12-28,6,4.824558165895707e-06,4.824558165895707e-06
2,DIMENHIDRINATO 50MG,2026-02-15,0.0,-4.824558165895707e-06,2025-12-28,7,4.824558165895707e-06,4.824558165895707e-06
2,DIMENHIDRINATO 50MG,2026-02-22,0.0,-4.824558165895707e-06,2025-12-28,8,4.824558165895707e-06,4.824558165895707e-06
2,DIMENHIDRINATO 50MG,2026-03-01,0.0,-4.824558165895707e-06,2025-12-28,9,4.824558165895707e-06,4.824558165895707e-06
2,DIMENHIDRINATO 50MG,2026-03-08,0.0,-4.824558165895707e-06,2025-12-28,10,4.824558165895707e-06,4.824558165895707e-06
2,DIMENHIDRINATO 50MG,2026-03-15,0.0,-4.824558165895707e-06,2025-12-28,11,4.824558165895707e-06,4.824558165895707e-06
2,DIMENHIDRINATO 50MG,2026-03-22,0.0,-4.824558165895707e-06,2025-12-28,12,4.824558165895707e-06,4.824558165895707e-06
2,DIMENHIDRINATO 50MG,2026-03-29,0.0,-4.824558165895707e-06,2025-12-28,13,4.824558165895707e-06,4.824558165895707e-06
2,DIMENHIDRINATO 50MG,2026-04-05,0.0,-4.824558165895707e-06,2025-12-28,14,4.824558165895707e-06,4.824558165895707e-06
2,DIMENHIDRINATO 50MG,2026-04-12,0.0,-4.824558165895707e-06,2025-12-28,15,4.824558165895707e-06,4.824558165895707e-06
2,DIMENHIDRINATO 50MG,2026-04-19,0.0,-4.824558165895707e-06,2025-12-28,16,4.824558165895707e-06,4.824558165895707e-06
2,DIMENHIDRINATO 50MG,2026-04-26,0.0,-4.824558165895707e-06,2025-12-28,17,4.824558165895707e-06,4.824558165895707e-06
2,DIMENHIDRINATO 50MG,2026-05-03,0.0,-4.824558165895707e-06,2025-12-28,18,4.824558165895707e-06,4.824558165895707e-06
2,DIMENHIDRINATO 50MG,2026-05-10,0.0,-4.824558165895707e-06,2025-12-28,19,4.824558165895707e-06,4.824558165895707e-06
2,DIMENHIDRINATO 50MG,2026-05-17,0.0,-4.824558165895707e-06,2025-12-28,20,4.824558165895707e-06,4.824558165895707e-06
2,DIMENHIDRINATO 50MG,2026-05-24,0.0,-4.824558165895707e-06,2025-12-28,21,4.824558165895707e-06,4.824558165895707e-06
2,DIMENHIDRINATO 50MG,2026-05-31,0.0,-4.824558165895707e-06,2025-12-28,22,4.824558165895707e-06,4.824558165895707e-06
2,DIMENHIDRINATO 50MG,2026-06-07,0.0,-4.824558165895707e-06,2025-12-28,23,4.824558165895707e-06,4.824558165895707e-06
2,DIMENHIDRINATO 50MG,2026-06-14,0.0,-4.824558165895707e-06,2025-12-28,24,4.824558165895707e-06,4.824558165895707e-06
2,DIMENHIDRINATO 50MG,2026-06-21,0.0,-4.824558165895707e-06,2025-12-28,25,4.824558165895707e-06,4.824558165895707e-06
2,DIMENHIDRINATO 50MG,2026-06-28,0.0,-4.824558165895707e-06,2025-12-28,26,4.824558165895707e-06,4.824558165895707e-06
2,DIMENHIDRINATO 50MG,2026-07-05,0.0,-4.824558165895707e-06,2025-12-28,27,4.824558165895707e-06,4.824558165895707e-06
2,DIMENHIDRINATO 50MG,2026-07-12,0.0,-4.824558165895707e-06,2025-12-28,28,4.824558165895707e-06,4.824558165895707e-06
2,DIMENHIDRINATO 50MG,2026-07-19,0.0,-4.824558165895707e-06,2025-12-28,29,4.824558165895707e-06,4.824558165895707e-06
2,DIMENHIDRINATO 50MG,2026-07-26,0.0,-4.824558165895707e-06,2025-12-28,30,4.824558165895707e-06,4.824558165895707e-06
2,DIMENHIDRINATO 50MG,2026-08-02,0.0,-4.824558165895707e-06,2025-12-28,31,4.824558165895707e-06,4.824558165895707e-06
2,ENALAPRIL 10MG,2026-01-11,0.0,0.09305868091886468,2025-12-28,2,-0.09305868091886468,0.09305868091886468
2,ENALAPRIL 10MG,2026-01-18,0.0,0.09694695932668904,2025-12-28,3,-0.09694695932668904,0.09694695932668904
2,ENALAPRIL 10MG,2026-01-25,0.0,0.0885670172774782,2025-12-28,4,-0.0885670172774782,0.0885670172774782
2,ENALAPRIL 10MG,2026-02-01,0.0,0.07973309775428779,2025-12-28,5,-0.07973309775428779,0.07973309775428779
2,ENALAPRIL 10MG,2026-02-08,1.0,0.07180591842441451,2025-12-28,6,0.9281940815755855,0.9281940815755855
2,ENALAPRIL 10MG,2026-02-15,0.0,0.06636441623175056,2025-12-28,7,-0.06636441623175056,0.06636441623175056
2,ENALAPRIL 10MG,2026-02-22,0.0,0.0631383814150246,2025-12-28,8,-0.0631383814150246,0.0631383814150246
2,ENALAPRIL 10MG,2026-03-01,1.0,0.06162664037490398,2025-12-28,9,0.938373359625096,0.938373359625096
2,ENALAPRIL 10MG,2026-03-08,0.0,0.061185406390568804,2025-12-28,10,-0.061185406390568804,0.061185406390568804
2,ENALAPRIL 10MG,2026-03-15,1.0,0.06130652700664031,2025-12-28,11,0.9386934729933597,0.9386934729933597
2,ENALAPRIL 10MG,2026-03-22,0.0,0.06164013741426418,2025-12-28,12,-0.06164013741426418,0.06164013741426418
2,ENALAPRIL 10MG,2026-03-29,0.0,0.061989006637579926,2025-12-28,13,-0.061989006637579926,0.061989006637579926
2,ENALAPRIL 10MG,2026-04-05,1.0,0.0622647418531461,2025-12-28,14,0.9377352581468539,0.9377352581468539
2,ENALAPRIL 10MG,2026-04-12,0.0,0.0624462599411054,2025-12-28,15,-0.0624462599411054,0.0624462599411054
2,ENALAPRIL 10MG,2026-04-19,1.0,0.06254597947611017,2025-12-28,16,0.9374540205238898,0.9374540205238898
2,ENALAPRIL 10MG,2026-04-26,0.0,0.06258789475494922,2025-12-28,17,-0.06258789475494922,0.06258789475494922
2,ENALAPRIL 10MG,2026-05-03,0.0,0.06259547228727654,2025-12-28,18,-0.06259547228727654,0.06259547228727654
2,ENALAPRIL 10MG,2026-05-10,0.0,0.06258660419054986,2025-12-28,19,-0.06258660419054986,0.06258660419054986
2,ENALAPRIL 10MG,2026-05-17,0.0,0.06257271029024337,2025-12-28,20,-0.06257271029024337,0.06257271029024337
2,ENALAPRIL 10MG,2026-05-24,0.0,0.06255983177978228,2025-12-28,21,-0.06255983177978228,0.06255983177978228
2,ENALAPRIL 10MG,2026-05-31,1.0,0.06255032628113866,2025-12-28,22,0.9374496737188613,0.9374496737188613
2,ENALAPRIL 10MG,2026-06-07,0.0,0.06254443485115324,2025-12-28,23,-0.06254443485115324,0.06254443485115324
2,ENALAPRIL 10MG,2026-06-14,1.0,0.06254143637045677,2025-12-28,24,0.9374585636295433,0.9374585636295433
2,ENALAPRIL 10MG,2026-06-21,0.0,0.06254036183095221,2025-12-28,25,-0.06254036183095221,0.06254036183095221
2,ENALAPRIL 10MG,2026-06-28,0.0,0.06254035702466977,2025-12-28,26,-0.06254035702466977,0.06254035702466977
2,ENALAPRIL 10MG,2026-07-05,0.0,0.06254081180824574,2025-12-28,27,-0.06254081180824574,0.06254081180824574
2,ENALAPRIL 10MG,2026-07-12,2.0,0.06254135983021424,2025-12-28,28,1.9374586401697858,1.9374586401697858
2,ENALAPRIL 10MG,2026-07-19,0.0,0.06254182280102223,2025-12-28,29,-0.06254182280102223,0.06254182280102223
2,ENALAPRIL 10MG,2026-07-26,0.0,0.06254214370649697,2025-12-28,30,-0.06254214370649697,0.06254214370649697
2,IBUPROFENO TABX800,2026-01-11,0.0,0.009610410240418598,2025-12-28,2,-0.009610410240418598,0.009610410240418598
2,IBUPROFENO TABX800,2026-01-18,0.0,0.009610410240418598,2025-12-28,3,-0.009610410240418598,0.009610410240418598
2,IBUPROFENO TABX800,2026-01-25,0.0,0.009610410240418598,2025-12-28,4,-0.009610410240418598,0.009610410240418598
2,IBUPROFENO TABX800,2026-02-01,0.0,0.009610410240418598,2025-12-28,5,-0.009610410240418598,0.009610410240418598
2,IBUPROFENO TABX800,2026-02-08,0.0,0.009610410240418598,2025-12-28,6,-0.009610410240418598,0.009610410240418598
2,IBUPROFENO TABX800,2026-02-15,0.0,0.009610410240418598,2025-12-28,7,-0.009610410240418598,0.009610410240418598
2,IBUPROFENO TABX800,2026-02-22,0.0,0.009610410240418598,2025-12-28,8,-0.009610410240418598,0.009610410240418598
2,IBUPROFENO TABX800,2026-03-01,0.0,0.009610410240418598,2025-12-28,9,-0.009610410240418598,0.009610410240418598
2,IBUPROFENO TABX800,2026-03-08,0.0,0.009610410240418598,2025-12-28,10,-0.009610410240418598,0.009610410240418598
2,IBUPROFENO TABX800,2026-03-15,0.0,0.009610410240418598,2025-12-28,11,-0.009610410240418598,0.009610410240418598
2,IBUPROFENO TABX800,2026-03-22,0.0,0.009610410240418598,2025-12-28,12,-0.009610410240418598,0.009610410240418598
2,IBUPROFENO TABX800,2026-03-29,0.0,0.009610410240418598,2025-12-28,13,-0.009610410240418598,0.009610410240418598
2,IBUPROFENO TABX800,2026-04-05,0.0,0.009610410240418598,2025-12-28,14,-0.009610410240418598,0.009610410240418598
2,IBUPROFENO TABX800,2026-04-12,0.0,0.009610410240418598,2025-12-28,15,-0.009610410240418598,0.009610410240418598
2,IBUPROFENO TABX800,2026-04-19,0.0,0.009610410240418598,2025-12-28,16,-0.009610410240418598,0.009610410240418598
2,IBUPROFENO TABX800,2026-04-26,0.0,0.009610410240418598,2025-12-28,17,-0.009610410240418598,0.009610410240418598
2,IBUPROFENO TABX800,2026-05-03,0.0,0.009610410240418598,2025-12-28,18,-0.009610410240418598,0.009610410240418598
2,IBUPROFENO TABX800,2026-05-10,0.0,0.009610410240418598,2025-12-28,19,-0.009610410240418598,0.009610410240418598
2,IBUPROFENO TABX800,2026-05-17,0.0,0.009610410240418598,2025-12-28,20,-0.009610410240418598,0.009610410240418598
2,IBUPROFENO TABX800,2026-05-24,0.0,0.009610410240418598,2025-12-28,21,-0.009610410240418598,0.009610410240418598
2,IBUPROFENO TABX800,2026-05-31,0.0,0.009610410240418598,2025-12-28,22,-0.009610410240418598,0.009610410240418598
2,IBUPROFENO TABX800,2026-06-07,0.0,0.009610410240418598,2025-12-28,23,-0.009610410240418598,0.009610410240418598
2,IBUPROFENO TABX800,2026-06-14,0.0,0.009610410240418598,2025-12-28,24,-0.009610410240418598,0.009610410240418598
2,IBUPROFENO TABX800,2026-06-21,0.0,0.009610410240418598,2025-12-28,25,-0.009610410240418598,0.009610410240418598
2,IBUPROFENO TABX800,2026-06-28,0.0,0.009610410240418598,2025-12-28,26,-0.009610410240418598,0.009610410240418598
2,IBUPROFENO TABX800,2026-07-05,0.0,0.009610410240418598,2025-12-28,27,-0.009610410240418598,0.009610410240418598
2,IBUPROFENO TABX800,2026-07-12,0.0,0.009610410240418598,2025-12-28,28,-0.009610410240418598,0.009610410240418598
2,IBUPROFENO TABX800,2026-07-19,0.0,0.009610410240418598,2025-12-28,29,-0.009610410240418598,0.009610410240418598
2,IBUPROFENO TABX800,2026-07-26,0.0,0.009610410240418598,2025-12-28,30,-0.009610410240418598,0.009610410240418598
2,IBUPROFENO TABX800,2026-08-02,0.0,0.009610410240418598,2025-12-28,31,-0.009610410240418598,0.009610410240418598
2,METFORMINA 850MG,2026-01-11,0.0,0.21996399629910424,2025-12-28,2,-0.21996399629910424,0.21996399629910424
2,METFORMINA 850MG,2026-01-18,0.0,0.21996399629910424,2025-12-28,3,-0.21996399629910424,0.21996399629910424
2,METFORMINA 850MG,2026-01-25,0.0,0.21996399629910424,2025-12-28,4,-0.21996399629910424,0.21996399629910424
2,METFORMINA 850MG,2026-02-01,0.0,0.21996399629910424,2025-12-28,5,-0.21996399629910424,0.21996399629910424
2,METFORMINA 850MG,2026-02-08,0.0,0.21996399629910424,2025-12-28,6,-0.21996399629910424,0.21996399629910424
2,METFORMINA 850MG,2026-02-15,0.0,0.21996399629910424,2025-12-28,7,-0.21996399629910424,0.21996399629910424
2,METFORMINA 850MG,2026-02-22,0.0,0.21996399629910424,2025-12-28,8,-0.21996399629910424,0.21996399629910424
2,METFORMINA 850MG,2026-03-01,0.0,0.21996399629910424,2025-12-28,9,-0.21996399629910424,0.21996399629910424
2,METFORMINA 850MG,2026-03-08,0.0,0.21996399629910424,2025-12-28,10,-0.21996399629910424,0.21996399629910424
2,METFORMINA 850MG,2026-03-15,0.0,0.21996399629910424,2025-12-28,11,-0.21996399629910424,0.21996399629910424
2,METFORMINA 850MG,2026-03-22,0.0,0.21996399629910424,2025-12-28,12,-0.21996399629910424,0.21996399629910424
2,METFORMINA 850MG,2026-03-29,0.0,0.21996399629910424,2025-12-28,13,-0.21996399629910424,0.21996399629910424
2,METFORMINA 850MG,2026-04-05,1.0,0.21996399629910424,2025-12-28,14,0.7800360037008958,0.7800360037008958
2,METFORMINA 850MG,2026-04-12,0.0,0.21996399629910424,2025-12-28,15,-0.21996399629910424,0.21996399629910424
2,METFORMINA 850MG,2026-04-19,0.0,0.21996399629910424,2025-12-28,16,-0.21996399629910424,0.21996399629910424
2,METFORMINA 850MG,2026-04-26,0.0,0.21996399629910424,2025-12-28,17,-0.21996399629910424,0.21996399629910424
2,METFORMINA 850MG,2026-05-03,0.0,0.21996399629910424,2025-12-28,18,-0.21996399629910424,0.21996399629910424
2,METFORMINA 850MG,2026-05-10,0.0,0.21996399629910424,2025-12-28,19,-0.21996399629910424,0.21996399629910424
2,METFORMINA 850MG,2026-05-17,0.0,0.21996399629910424,2025-12-28,20,-0.21996399629910424,0.21996399629910424
2,METFORMINA 850MG,2026-05-24,0.0,0.21996399629910424,2025-12-28,21,-0.21996399629910424,0.21996399629910424
2,METFORMINA 850MG,2026-05-31,1.0,0.21996399629910424,2025-12-28,22,0.7800360037008958,0.7800360037008958
2,METFORMINA 850MG,2026-06-07,1.0,0.21996399629910424,2025-12-28,23,0.7800360037008958,0.7800360037008958
2,METFORMINA 850MG,2026-06-14,0.0,0.21996399629910424,2025-12-28,24,-0.21996399629910424,0.21996399629910424
2,METFORMINA 850MG,2026-06-21,0.0,0.21996399629910424,2025-12-28,25,-0.21996399629910424,0.21996399629910424
2,METFORMINA 850MG,2026-06-28,0.0,0.21996399629910424,2025-12-28,26,-0.21996399629910424,0.21996399629910424
2,PARACETAMOL 500MG,2026-01-11,0.0,0.16520037331548165,2025-12-28,2,-0.16520037331548165,0.16520037331548165
2,PARACETAMOL 500MG,2026-01-18,0.0,0.7163028753555696,2025-12-28,3,-0.7163028753555696,0.7163028753555696
2,PARACETAMOL 500MG,2026-01-25,0.0,0.11915908845520096,2025-12-28,4,-0.11915908845520096,0.11915908845520096
2,PARACETAMOL 500MG,2026-02-01,0.0,0.6858337708016652,2025-12-28,5,-0.6858337708016652,0.6858337708016652
2,PARACETAMOL 500MG,2026-02-08,0.0,0.1987098437930881,2025-12-28,6,-0.1987098437930881,0.1987098437930881
2,PARACETAMOL 500MG,2026-02-15,0.0,0.5919844610469542,2025-12-28,7,-0.5919844610469542,0.5919844610469542
2,PARACETAMOL 500MG,2026-02-22,0.0,0.2852227486287032,2025-12-28,8,-0.2852227486287032,0.2852227486287032
2,PARACETAMOL 500MG,2026-03-01,0.0,0.5211786233101396,2025-12-28,9,-0.5211786233101396,0.5211786233101396
2,PARACETAMOL 500MG,2026-03-08,0.0,0.3398742428122713,2025-12-28,10,-0.3398742428122713,0.3398742428122713
2,PARACETAMOL 500MG,2026-03-15,0.0,0.4799152463846376,2025-12-28,11,-0.4799152463846376,0.4799152463846376
2,PARACETAMOL 500MG,2026-03-22,0.0,0.37103792298284477,2025-12-28,12,-0.37103792298284477,0.37103792298284477
2,PARACETAMOL 500MG,2026-03-29,0.0,0.4561195627341735,2025-12-28,13,-0.4561195627341735,0.4561195627341735
2,PARACETAMOL 500MG,2026-04-05,0.0,0.38944109130368765,2025-12-28,14,-0.38944109130368765,0.38944109130368765
2,PARACETAMOL 500MG,2026-04-12,0.0,0.4417497209574663,2025-12-28,15,-0.4417497209574663,0.4417497209574663
2,PARACETAMOL 500MG,2026-04-19,0.0,0.4007191849800421,2025-12-28,16,-0.4007191849800421,0.4007191849800421
2,PARACETAMOL 500MG,2026-04-26,0.0,0.4328845284034022,2025-12-28,17,-0.4328845284034022,0.4328845284034022
2,PARACETAMOL 500MG,2026-05-03,0.0,0.40768419980910936,2025-12-28,18,-0.40768419980910936,0.40768419980910936
2,PARACETAMOL 500MG,2026-05-10,0.0,0.4274191855284221,2025-12-28,19,-0.4274191855284221,0.4274191855284221
2,PARACETAMOL 500MG,2026-05-17,0.0,0.4119676982340971,2025-12-28,20,-0.4119676982340971,0.4119676982340971
2,PARACETAMOL 500MG,2026-05-24,0.0,0.4240646489836532,2025-12-28,21,-0.4240646489836532,0.4240646489836532
2,PARACETAMOL 500MG,2026-05-31,0.0,0.4145937179048114,2025-12-28,22,-0.4145937179048114,0.4145937179048114
2,PARACETAMOL 500MG,2026-06-07,0.0,0.4220091139855383,2025-12-28,23,-0.4220091139855383,0.4220091139855383
2,PARACETAMOL 500MG,2026-06-14,0.0,0.4162028147676248,2025-12-28,24,-0.4162028147676248,0.4162028147676248
2,PARACETAMOL 500MG,2026-06-21,0.0,0.4207493446797739,2025-12-28,25,-0.4207493446797739,0.4207493446797739
2,PARACETAMOL 500MG,2026-06-28,0.0,0.4171891963829975,2025-12-28,26,-0.4171891963829975,0.4171891963829975
2,PARACETAMOL 500MG,2026-07-05,0.0,0.4199769710284945,2025-12-28,27,-0.4199769710284945,0.4199769710284945
2,PARACETAMOL 500MG,2026-07-12,0.0,0.41779401126251403,2025-12-28,28,-0.41779401126251403,0.41779401126251403
2,VITAMINA C+ZINC+D3,2026-01-11,1.0,1.2220353343486732,2025-12-28,2,-0.22203533434867317,0.22203533434867317
2,VITAMINA C+ZINC+D3,2026-01-18,0.0,1.287463757057742,2025-12-28,3,-1.287463757057742,1.287463757057742
2,VITAMINA C+ZINC+D3,2026-01-25,1.0,1.5820278057827764,2025-12-28,4,-0.5820278057827764,0.5820278057827764
2,VITAMINA C+ZINC+D3,2026-02-01,0.0,1.5265976754612587,2025-12-28,5,-1.5265976754612587,1.5265976754612587
2,VITAMINA C+ZINC+D3,2026-02-08,2.0,1.559189406731567,2025-12-28,6,0.44081059326843297,0.44081059326843297
2,VITAMINA C+ZINC+D3,2026-02-15,1.0,1.6597717825277865,2025-12-28,7,-0.6597717825277865,0.6597717825277865
2,VITAMINA C+ZINC+D3,2026-02-22,1.0,1.5780850298161793,2025-12-28,8,-0.5780850298161793,0.5780850298161793
2,VITAMINA C+ZINC+D3,2026-03-01,1.0,1.629025951255426,2025-12-28,9,-0.6290259512554259,0.6290259512554259
2,VITAMINA C+ZINC+D3,2026-03-08,0.0,1.6458648192889225,2025-12-28,10,-1.6458648192889225,1.6458648192889225
2,VITAMINA C+ZINC+D3,2026-03-15,2.0,1.600242208090121,2025-12-28,11,0.3997577919098789,0.3997577919098789
2,VITAMINA C+ZINC+D3,2026-03-22,3.0,1.6446989377146415,2025-12-28,12,1.3553010622853585,1.3553010622853585
2,VITAMINA C+ZINC+D3,2026-03-29,3.0,1.629665991012696,2025-12-28,13,1.370334008987304,1.370334008987304
2,VITAMINA C+ZINC+D3,2026-04-05,0.0,1.6168039227288848,2025-12-28,14,-1.6168039227288848,1.6168039227288848
2,VITAMINA C+ZINC+D3,2026-04-12,0.0,1.642688605754082,2025-12-28,15,-1.642688605754082,1.642688605754082
2,VITAMINA C+ZINC+D3,2026-04-19,1.0,1.623135241319237,2025-12-28,16,-0.623135241319237,0.623135241319237
2,VITAMINA C+ZINC+D3,2026-04-26,1.0,1.6271410784925726,2025-12-28,17,-0.6271410784925726,0.6271410784925726
2,VITAMINA C+ZINC+D3,2026-05-03,1.0,1.6365490578448185,2025-12-28,18,-0.6365490578448185,0.6365490578448185
2,VITAMINA C+ZINC+D3,2026-05-10,2.0,1.6232398641300803,2025-12-28,19,0.37676013586991974,0.37676013586991974
2,VITAMINA C+ZINC+D3,2026-05-17,1.0,1.6316128299209705,2025-12-28,20,-0.6316128299209705,0.6316128299209705
2,VITAMINA C+ZINC+D3,2026-05-24,8.0,1.6315996479502486,2025-12-28,21,6.368400352049751,6.368400352049751
2,VITAMINA C+ZINC+D3,2026-05-31,4.0,1.6257339109939608,2025-12-28,22,2.3742660890060394,2.3742660890060394
2,VITAMINA C+ZINC+D3,2026-06-07,3.0,1.6323401764894,2025-12-28,23,1.3676598235106,1.3676598235106
2,VITAMINA C+ZINC+D3,2026-06-14,1.0,1.6290518536224639,2025-12-28,24,-0.6290518536224639,0.6290518536224639
2,VITAMINA C+ZINC+D3,2026-06-21,0.0,1.6280978831264439,2025-12-28,25,-1.6280978831264439,1.6280978831264439
2,VITAMINA C+ZINC+D3,2026-06-28,0.0,1.6314855686350507,2025-12-28,26,-1.6314855686350507,1.6314855686350507
2,VITAMINA C+ZINC+D3,2026-07-05,0.0,1.6283520606088995,2025-12-28,27,-1.6283520606088995,1.6283520606088995
2,VITAMINA C+ZINC+D3,2026-07-12,0.0,1.629487938217476,2025-12-28,28,-1.629487938217476,1.629487938217476
2,VITAMINA C+ZINC+D3,2026-07-19,2.0,1.6304178693404185,2025-12-28,29,0.36958213065958145,0.36958213065958145
3,AMOXICILINA 500MG,2026-01-11,0.0,0.5506679743749338,2025-12-28,2,-0.5506679743749338,0.5506679743749338
3,AMOXICILINA 500MG,2026-01-18,1.0,0.5619429611513895,2025-12-28,3,0.43805703884861047,0.43805703884861047
3,AMOXICILINA 500MG,2026-01-25,0.0,0.5732179479278453,2025-12-28,4,-0.5732179479278453,0.5732179479278453
3,AMOXICILINA 500MG,2026-02-01,0.0,0.5844929347043011,2025-12-28,5,-0.5844929347043011,0.5844929347043011
3,AMOXICILINA 500MG,2026-02-08,0.0,0.5957679214807569,2025-12-28,6,-0.5957679214807569,0.5957679214807569
3,AMOXICILINA 500MG,2026-02-15,0.0,0.6070429082572126,2025-12-28,7,-0.6070429082572126,0.6070429082572126
3,AZITROMICINA 500MG,2026-01-11,0.0,-4.824558165895671e-06,2025-12-28,2,4.824558165895671e-06,4.824558165895671e-06
3,AZITROMICINA 500MG,2026-01-18,0.0,-4.824558165895671e-06,2025-12-28,3,4.824558165895671e-06,4.824558165895671e-06
3,AZITROMICINA 500MG,2026-01-25,0.0,-4.824558165895671e-06,2025-12-28,4,4.824558165895671e-06,4.824558165895671e-06
3,AZITROMICINA 500MG,2026-02-01,0.0,-4.824558165895671e-06,2025-12-28,5,4.824558165895671e-06,4.824558165895671e-06
3,AZITROMICINA 500MG,2026-02-08,0.0,-4.824558165895671e-06,2025-12-28,6,4.824558165895671e-06,4.824558165895671e-06
3,AZITROMICINA 500MG,2026-02-15,0.0,-4.824558165895671e-06,2025-12-28,7,4.824558165895671e-06,4.824558165895671e-06
3,AZITROMICINA 500MG,2026-02-22,0.0,-4.824558165895671e-06,2025-12-28,8,4.824558165895671e-06,4.824558165895671e-06
3,AZITROMICINA 500MG,2026-03-01,0.0,-4.824558165895671e-06,2025-12-28,9,4.824558165895671e-06,4.824558165895671e-06
3,AZITROMICINA 500MG,2026-03-08,0.0,-4.824558165895671e-06,2025-12-28,10,4.824558165895671e-06,4.824558165895671e-06
3,AZITROMICINA 500MG,2026-03-15,0.0,-4.824558165895671e-06,2025-12-28,11,4.824558165895671e-06,4.824558165895671e-06
3,AZITROMICINA 500MG,2026-03-22,0.0,-4.824558165895671e-06,2025-12-28,12,4.824558165895671e-06,4.824558165895671e-06
3,AZITROMICINA 500MG,2026-03-29,0.0,-4.824558165895671e-06,2025-12-28,13,4.824558165895671e-06,4.824558165895671e-06
3,AZITROMICINA 500MG,2026-04-05,0.0,-4.824558165895671e-06,2025-12-28,14,4.824558165895671e-06,4.824558165895671e-06
3,AZITROMICINA 500MG,2026-04-12,0.0,-4.824558165895671e-06,2025-12-28,15,4.824558165895671e-06,4.824558165895671e-06
3,AZITROMICINA 500MG,2026-04-19,0.0,-4.824558165895671e-06,2025-12-28,16,4.824558165895671e-06,4.824558165895671e-06
3,AZITROMICINA 500MG,2026-04-26,0.0,-4.824558165895671e-06,2025-12-28,17,4.824558165895671e-06,4.824558165895671e-06
3,AZITROMICINA 500MG,2026-05-03,0.0,-4.824558165895671e-06,2025-12-28,18,4.824558165895671e-06,4.824558165895671e-06
3,AZITROMICINA 500MG,2026-05-10,0.0,-4.824558165895671e-06,2025-12-28,19,4.824558165895671e-06,4.824558165895671e-06
3,AZITROMICINA 500MG,2026-05-17,0.0,-4.824558165895671e-06,2025-12-28,20,4.824558165895671e-06,4.824558165895671e-06
3,AZITROMICINA 500MG,2026-05-24,0.0,-4.824558165895671e-06,2025-12-28,21,4.824558165895671e-06,4.824558165895671e-06
3,AZITROMICINA 500MG,2026-05-31,0.0,-4.824558165895671e-06,2025-12-28,22,4.824558165895671e-06,4.824558165895671e-06
3,AZITROMICINA 500MG,2026-06-07,0.0,-4.824558165895671e-06,2025-12-28,23,4.824558165895671e-06,4.824558165895671e-06
3,DIMENHIDRINATO 50MG,2026-01-11,0.0,0.010867044114969762,2025-12-28,2,-0.010867044114969762,0.010867044114969762
3,DIMENHIDRINATO 50MG,2026-01-18,0.0,0.018439028408628096,2025-12-28,3,-0.018439028408628096,0.018439028408628096
3,DIMENHIDRINATO 50MG,2026-01-25,0.0,0.018439028408628096,2025-12-28,4,-0.018439028408628096,0.018439028408628096
3,DIMENHIDRINATO 50MG,2026-02-01,0.0,0.018439028408628096,2025-12-28,5,-0.018439028408628096,0.018439028408628096
3,DIMENHIDRINATO 50MG,2026-02-08,0.0,0.018439028408628096,2025-12-28,6,-0.018439028408628096,0.018439028408628096
3,DIMENHIDRINATO 50MG,2026-02-15,0.0,0.018439028408628096,2025-12-28,7,-0.018439028408628096,0.018439028408628096
3,DIMENHIDRINATO 50MG,2026-02-22,0.0,0.018439028408628096,2025-12-28,8,-0.018439028408628096,0.018439028408628096
3,DIMENHIDRINATO 50MG,2026-03-01,0.0,0.018439028408628096,2025-12-28,9,-0.018439028408628096,0.018439028408628096
3,DIMENHIDRINATO 50MG,2026-03-08,0.0,0.018439028408628096,2025-12-28,10,-0.018439028408628096,0.018439028408628096
3,DIMENHIDRINATO 50MG,2026-03-15,0.0,0.018439028408628096,2025-12-28,11,-0.018439028408628096,0.018439028408628096
3,DIMENHIDRINATO 50MG,2026-03-22,0.0,0.018439028408628096,2025-12-28,12,-0.018439028408628096,0.018439028408628096
3,DIMENHIDRINATO 50MG,2026-03-29,0.0,0.018439028408628096,2025-12-28,13,-0.018439028408628096,0.018439028408628096
3,DIMENHIDRINATO 50MG,2026-04-05,0.0,0.018439028408628096,2025-12-28,14,-0.018439028408628096,0.018439028408628096
3,DIMENHIDRINATO 50MG,2026-04-12,0.0,0.018439028408628096,2025-12-28,15,-0.018439028408628096,0.018439028408628096
3,DIMENHIDRINATO 50MG,2026-04-19,0.0,0.018439028408628096,2025-12-28,16,-0.018439028408628096,0.018439028408628096
3,DIMENHIDRINATO 50MG,2026-04-26,0.0,0.018439028408628096,2025-12-28,17,-0.018439028408628096,0.018439028408628096
3,DIMENHIDRINATO 50MG,2026-05-03,0.0,0.018439028408628096,2025-12-28,18,-0.018439028408628096,0.018439028408628096
3,DIMENHIDRINATO 50MG,2026-05-10,0.0,0.018439028408628096,2025-12-28,19,-0.018439028408628096,0.018439028408628096
3,DIMENHIDRINATO 50MG,2026-05-17,0.0,0.018439028408628096,2025-12-28,20,-0.018439028408628096,0.018439028408628096
3,DIMENHIDRINATO 50MG,2026-05-24,0.0,0.018439028408628096,2025-12-28,21,-0.018439028408628096,0.018439028408628096
3,DIMENHIDRINATO 50MG,2026-05-31,1.0,0.018439028408628096,2025-12-28,22,0.9815609715913719,0.9815609715913719
3,DIMENHIDRINATO 50MG,2026-06-07,0.0,0.018439028408628096,2025-12-28,23,-0.018439028408628096,0.018439028408628096
3,DIMENHIDRINATO 50MG,2026-06-14,0.0,0.018439028408628096,2025-12-28,24,-0.018439028408628096,0.018439028408628096
3,DIMENHIDRINATO 50MG,2026-06-21,0.0,0.018439028408628096,2025-12-28,25,-0.018439028408628096,0.018439028408628096
3,DIMENHIDRINATO 50MG,2026-06-28,0.0,0.018439028408628096,2025-12-28,26,-0.018439028408628096,0.018439028408628096
3,DIMENHIDRINATO 50MG,2026-07-05,0.0,0.018439028408628096,2025-12-28,27,-0.018439028408628096,0.018439028408628096
3,DIMENHIDRINATO 50MG,2026-07-12,0.0,0.018439028408628096,2025-12-28,28,-0.018439028408628096,0.018439028408628096
3,DIMENHIDRINATO 50MG,2026-07-19,0.0,0.018439028408628096,2025-12-28,29,-0.018439028408628096,0.018439028408628096
3,DIMENHIDRINATO 50MG,2026-07-26,0.0,0.018439028408628096,2025-12-28,30,-0.018439028408628096,0.018439028408628096
3,ENALAPRIL 10MG,2026-01-11,0.0,0.09803421035915486,2025-12-28,2,-0.09803421035915486,0.09803421035915486
3,ENALAPRIL 10MG,2026-01-18,0.0,0.09803421035915486,2025-12-28,3,-0.09803421035915486,0.09803421035915486
3,ENALAPRIL 10MG,2026-01-25,1.0,0.09803421035915486,2025-12-28,4,0.9019657896408452,0.9019657896408452
3,ENALAPRIL 10MG,2026-02-01,0.0,0.09803421035915486,2025-12-28,5,-0.09803421035915486,0.09803421035915486
3,ENALAPRIL 10MG,2026-02-08,1.0,0.09803421035915486,2025-12-28,6,0.9019657896408452,0.9019657896408452
3,ENALAPRIL 10MG,2026-02-15,1.0,0.09803421035915486,2025-12-28,7,0.9019657896408452,0.9019657896408452
3,ENALAPRIL 10MG,2026-02-22,0.0,0.09803421035915486,2025-12-28,8,-0.09803421035915486,0.09803421035915486
3,ENALAPRIL 10MG,2026-03-01,0.0,0.09803421035915486,2025-12-28,9,-0.09803421035915486,0.09803421035915486
3,ENALAPRIL 10MG,2026-03-08,1.0,0.09803421035915486,2025-12-28,10,0.9019657896408452,0.9019657896408452
3,ENALAPRIL 10MG,2026-03-15,0.0,0.09803421035915486,2025-12-28,11,-0.09803421035915486,0.09803421035915486
3,ENALAPRIL 10MG,2026-03-22,2.0,0.09803421035915486,2025-12-28,12,1.901965789640845,1.901965789640845
3,ENALAPRIL 10MG,2026-03-29,2.0,0.09803421035915486,2025-12-28,13,1.901965789640845,1.901965789640845
3,ENALAPRIL 10MG,2026-04-05,0.0,0.09803421035915486,2025-12-28,14,-0.09803421035915486,0.09803421035915486
3,ENALAPRIL 10MG,2026-04-12,0.0,0.09803421035915486,2025-12-28,15,-0.09803421035915486,0.09803421035915486
3,ENALAPRIL 10MG,2026-04-19,1.0,0.09803421035915486,2025-12-28,16,0.9019657896408452,0.9019657896408452
3,ENALAPRIL 10MG,2026-04-26,0.0,0.09803421035915486,2025-12-28,17,-0.09803421035915486,0.09803421035915486
3,ENALAPRIL 10MG,2026-05-03,1.0,0.09803421035915486,2025-12-28,18,0.9019657896408452,0.9019657896408452
3,ENALAPRIL 10MG,2026-05-10,1.0,0.09803421035915486,2025-12-28,19,0.9019657896408452,0.9019657896408452
3,ENALAPRIL 10MG,2026-05-17,1.0,0.09803421035915486,2025-12-28,20,0.9019657896408452,0.9019657896408452
3,ENALAPRIL 10MG,2026-05-24,0.0,0.09803421035915486,2025-12-28,21,-0.09803421035915486,0.09803421035915486
3,ENALAPRIL 10MG,2026-05-31,0.0,0.09803421035915486,2025-12-28,22,-0.09803421035915486,0.09803421035915486
3,ENALAPRIL 10MG,2026-06-07,1.0,0.09803421035915486,2025-12-28,23,0.9019657896408452,0.9019657896408452
3,ENALAPRIL 10MG,2026-06-14,2.0,0.09803421035915486,2025-12-28,24,1.901965789640845,1.901965789640845
3,ENALAPRIL 10MG,2026-06-21,0.0,0.09803421035915486,2025-12-28,25,-0.09803421035915486,0.09803421035915486
3,ENALAPRIL 10MG,2026-06-28,1.0,0.09803421035915486,2025-12-28,26,0.9019657896408452,0.9019657896408452
3,ENALAPRIL 10MG,2026-07-05,0.0,0.09803421035915486,2025-12-28,27,-0.09803421035915486,0.09803421035915486
3,ENALAPRIL 10MG,2026-07-12,2.0,0.09803421035915486,2025-12-28,28,1.901965789640845,1.901965789640845
3,ENALAPRIL 10MG,2026-07-19,0.0,0.09803421035915486,2025-12-28,29,-0.09803421035915486,0.09803421035915486
3,ENALAPRIL 10MG,2026-07-26,0.0,0.09803421035915486,2025-12-28,30,-0.09803421035915486,0.09803421035915486
3,ENALAPRIL 10MG,2026-08-02,0.0,0.09803421035915486,2025-12-28,31,-0.09803421035915486,0.09803421035915486
3,IBUPROFENO TABX800,2026-01-11,0.0,-4.824558165895671e-06,2025-12-28,2,4.824558165895671e-06,4.824558165895671e-06
3,IBUPROFENO TABX800,2026-01-18,0.0,-4.824558165895671e-06,2025-12-28,3,4.824558165895671e-06,4.824558165895671e-06
3,IBUPROFENO TABX800,2026-01-25,0.0,-4.824558165895671e-06,2025-12-28,4,4.824558165895671e-06,4.824558165895671e-06
3,IBUPROFENO TABX800,2026-02-01,0.0,-4.824558165895671e-06,2025-12-28,5,4.824558165895671e-06,4.824558165895671e-06
3,IBUPROFENO TABX800,2026-02-08,0.0,-4.824558165895671e-06,2025-12-28,6,4.824558165895671e-06,4.824558165895671e-06
3,IBUPROFENO TABX800,2026-02-15,0.0,-4.824558165895671e-06,2025-12-28,7,4.824558165895671e-06,4.824558165895671e-06
3,IBUPROFENO TABX800,2026-02-22,0.0,-4.824558165895671e-06,2025-12-28,8,4.824558165895671e-06,4.824558165895671e-06
3,IBUPROFENO TABX800,2026-03-01,0.0,-4.824558165895671e-06,2025-12-28,9,4.824558165895671e-06,4.824558165895671e-06
3,IBUPROFENO TABX800,2026-03-08,0.0,-4.824558165895671e-06,2025-12-28,10,4.824558165895671e-06,4.824558165895671e-06
3,IBUPROFENO TABX800,2026-03-15,0.0,-4.824558165895671e-06,2025-12-28,11,4.824558165895671e-06,4.824558165895671e-06
3,IBUPROFENO TABX800,2026-03-22,0.0,-4.824558165895671e-06,2025-12-28,12,4.824558165895671e-06,4.824558165895671e-06
3,IBUPROFENO TABX800,2026-03-29,0.0,-4.824558165895671e-06,2025-12-28,13,4.824558165895671e-06,4.824558165895671e-06
3,IBUPROFENO TABX800,2026-04-05,0.0,-4.824558165895671e-06,2025-12-28,14,4.824558165895671e-06,4.824558165895671e-06
3,IBUPROFENO TABX800,2026-04-12,0.0,-4.824558165895671e-06,2025-12-28,15,4.824558165895671e-06,4.824558165895671e-06
3,IBUPROFENO TABX800,2026-04-19,0.0,-4.824558165895671e-06,2025-12-28,16,4.824558165895671e-06,4.824558165895671e-06
3,IBUPROFENO TABX800,2026-04-26,0.0,-4.824558165895671e-06,2025-12-28,17,4.824558165895671e-06,4.824558165895671e-06
3,IBUPROFENO TABX800,2026-05-03,0.0,-4.824558165895671e-06,2025-12-28,18,4.824558165895671e-06,4.824558165895671e-06
3,IBUPROFENO TABX800,2026-05-10,0.0,-4.824558165895671e-06,2025-12-28,19,4.824558165895671e-06,4.824558165895671e-06
3,IBUPROFENO TABX800,2026-05-17,0.0,-4.824558165895671e-06,2025-12-28,20,4.824558165895671e-06,4.824558165895671e-06
3,IBUPROFENO TABX800,2026-05-24,0.0,-4.824558165895671e-06,2025-12-28,21,4.824558165895671e-06,4.824558165895671e-06
3,IBUPROFENO TABX800,2026-05-31,0.0,-4.824558165895671e-06,2025-12-28,22,4.824558165895671e-06,4.824558165895671e-06
3,IBUPROFENO TABX800,2026-06-07,0.0,-4.824558165895671e-06,2025-12-28,23,4.824558165895671e-06,4.824558165895671e-06
3,IBUPROFENO TABX800,2026-06-14,0.0,-4.824558165895671e-06,2025-12-28,24,4.824558165895671e-06,4.824558165895671e-06
3,IBUPROFENO TABX800,2026-06-21,0.0,-4.824558165895671e-06,2025-12-28,25,4.824558165895671e-06,4.824558165895671e-06
3,IBUPROFENO TABX800,2026-06-28,0.0,-4.824558165895671e-06,2025-12-28,26,4.824558165895671e-06,4.824558165895671e-06
3,IBUPROFENO TABX800,2026-07-05,0.0,-4.824558165895671e-06,2025-12-28,27,4.824558165895671e-06,4.824558165895671e-06
3,IBUPROFENO TABX800,2026-07-12,0.0,-4.824558165895671e-06,2025-12-28,28,4.824558165895671e-06,4.824558165895671e-06
3,IBUPROFENO TABX800,2026-07-19,0.0,-4.824558165895671e-06,2025-12-28,29,4.824558165895671e-06,4.824558165895671e-06
3,IBUPROFENO TABX800,2026-07-26,0.0,-4.824558165895671e-06,2025-12-28,30,4.824558165895671e-06,4.824558165895671e-06
3,IBUPROFENO TABX800,2026-08-02,2.0,-4.824558165895671e-06,2025-12-28,31,2.000004824558166,2.000004824558166
3,LOPERAMIDA 2MG,2026-01-11,0.0,-4.82455816589565e-06,2025-12-28,2,4.82455816589565e-06,4.82455816589565e-06
3,LOPERAMIDA 2MG,2026-01-18,0.0,-4.82455816589565e-06,2025-12-28,3,4.82455816589565e-06,4.82455816589565e-06
3,LOPERAMIDA 2MG,2026-01-25,0.0,-4.82455816589565e-06,2025-12-28,4,4.82455816589565e-06,4.82455816589565e-06
3,LOPERAMIDA 2MG,2026-02-01,0.0,-4.82455816589565e-06,2025-12-28,5,4.82455816589565e-06,4.82455816589565e-06
3,LOPERAMIDA 2MG,2026-02-08,0.0,-4.82455816589565e-06,2025-12-28,6,4.82455816589565e-06,4.82455816589565e-06
3,LOPERAMIDA 2MG,2026-02-15,0.0,-4.82455816589565e-06,2025-12-28,7,4.82455816589565e-06,4.82455816589565e-06
3,LOPERAMIDA 2MG,2026-02-22,0.0,-4.82455816589565e-06,2025-12-28,8,4.82455816589565e-06,4.82455816589565e-06
3,LOPERAMIDA 2MG,2026-03-01,0.0,-4.82455816589565e-06,2025-12-28,9,4.82455816589565e-06,4.82455816589565e-06
3,LOPERAMIDA 2MG,2026-03-08,0.0,-4.82455816589565e-06,2025-12-28,10,4.82455816589565e-06,4.82455816589565e-06
3,LOPERAMIDA 2MG,2026-03-15,0.0,-4.82455816589565e-06,2025-12-28,11,4.82455816589565e-06,4.82455816589565e-06
3,LOPERAMIDA 2MG,2026-03-22,0.0,-4.82455816589565e-06,2025-12-28,12,4.82455816589565e-06,4.82455816589565e-06
3,LOPERAMIDA 2MG,2026-03-29,0.0,-4.82455816589565e-06,2025-12-28,13,4.82455816589565e-06,4.82455816589565e-06
3,LOPERAMIDA 2MG,2026-04-05,0.0,-4.82455816589565e-06,2025-12-28,14,4.82455816589565e-06,4.82455816589565e-06
3,LOPERAMIDA 2MG,2026-04-12,0.0,-4.82455816589565e-06,2025-12-28,15,4.82455816589565e-06,4.82455816589565e-06
3,LOPERAMIDA 2MG,2026-04-19,0.0,-4.82455816589565e-06,2025-12-28,16,4.82455816589565e-06,4.82455816589565e-06
3,LOPERAMIDA 2MG,2026-04-26,0.0,-4.82455816589565e-06,2025-12-28,17,4.82455816589565e-06,4.82455816589565e-06
3,LOPERAMIDA 2MG,2026-05-03,0.0,-4.82455816589565e-06,2025-12-28,18,4.82455816589565e-06,4.82455816589565e-06
3,LOPERAMIDA 2MG,2026-05-10,0.0,-4.82455816589565e-06,2025-12-28,19,4.82455816589565e-06,4.82455816589565e-06
3,LOPERAMIDA 2MG,2026-05-17,0.0,-4.82455816589565e-06,2025-12-28,20,4.82455816589565e-06,4.82455816589565e-06
3,LOPERAMIDA 2MG,2026-05-24,0.0,-4.82455816589565e-06,2025-12-28,21,4.82455816589565e-06,4.82455816589565e-06
3,LOPERAMIDA 2MG,2026-05-31,0.0,-4.82455816589565e-06,2025-12-28,22,4.82455816589565e-06,4.82455816589565e-06
3,LOPERAMIDA 2MG,2026-06-07,0.0,-4.82455816589565e-06,2025-12-28,23,4.82455816589565e-06,4.82455816589565e-06
3,LOPERAMIDA 2MG,2026-06-14,0.0,-4.82455816589565e-06,2025-12-28,24,4.82455816589565e-06,4.82455816589565e-06
3,LOPERAMIDA 2MG,2026-06-21,0.0,-4.82455816589565e-06,2025-12-28,25,4.82455816589565e-06,4.82455816589565e-06
3,LOPERAMIDA 2MG,2026-06-28,0.0,-4.82455816589565e-06,2025-12-28,26,4.82455816589565e-06,4.82455816589565e-06
3,LOPERAMIDA 2MG,2026-07-05,0.0,-4.82455816589565e-06,2025-12-28,27,4.82455816589565e-06,4.82455816589565e-06
3,LOPERAMIDA 2MG,2026-07-12,0.0,-4.82455816589565e-06,2025-12-28,28,4.82455816589565e-06,4.82455816589565e-06
3,LOPERAMIDA 2MG,2026-07-19,0.0,-4.82455816589565e-06,2025-12-28,29,4.82455816589565e-06,4.82455816589565e-06
3,LORATADINA 10MG,2026-01-11,0.0,-4.824558165895671e-06,2025-12-28,2,4.824558165895671e-06,4.824558165895671e-06
3,LORATADINA 10MG,2026-01-18,0.0,-4.824558165895671e-06,2025-12-28,3,4.824558165895671e-06,4.824558165895671e-06
3,LOSARTAN 50MG,2026-01-11,1.0,0.2941296689032592,2025-12-28,2,0.7058703310967408,0.7058703310967408
3,LOSARTAN 50MG,2026-01-18,0.0,0.21588044752605576,2025-12-28,3,-0.21588044752605576,0.21588044752605576
3,LOSARTAN 50MG,2026-01-25,0.0,0.14141724725354893,2025-12-28,4,-0.14141724725354893,0.14141724725354893
3,METFORMINA 850MG,2026-01-11,0.0,0.12527454045614406,2025-12-28,2,-0.12527454045614406,0.12527454045614406
3,METFORMINA 850MG,2026-01-18,3.0,0.13968482183676834,2025-12-28,3,2.8603151781632317,2.8603151781632317
3,METFORMINA 850MG,2026-01-25,0.0,0.1518563011180813,2025-12-28,4,-0.1518563011180813,0.1518563011180813
3,METFORMINA 850MG,2026-02-01,0.0,0.16213680182326684,2025-12-28,5,-0.16213680182326684,0.16213680182326684
3,METFORMINA 850MG,2026-02-08,0.0,0.17082010911127954,2025-12-28,6,-0.17082010911127954,0.17082010911127954
3,METFORMINA 850MG,2026-02-15,0.0,0.17815436525505113,2025-12-28,7,-0.17815436525505113,0.17815436525505113
3,METFORMINA 850MG,2026-02-22,0.0,0.1843491607860937,2025-12-28,8,-0.1843491607860937,0.1843491607860937
3,METFORMINA 850MG,2026-03-01,4.0,0.1895815239486504,2025-12-28,9,3.8104184760513498,3.8104184760513498
3,METFORMINA 850MG,2026-03-08,0.0,0.19400097962360993,2025-12-28,10,-0.19400097962360993,0.19400097962360993
3,METFORMINA 850MG,2026-03-15,0.0,0.19773382229070577,2025-12-28,11,-0.19773382229070577,0.19773382229070577
3,METFORMINA 850MG,2026-03-22,0.0,0.2008867251371448,2025-12-28,12,-0.2008867251371448,0.2008867251371448
3,METFORMINA 850MG,2026-03-29,5.0,0.20354978844991428,2025-12-28,13,4.796450211550086,4.796450211550086
3,METFORMINA 850MG,2026-04-05,0.0,0.20579911440546295,2025-12-28,14,-0.20579911440546295,0.20579911440546295
3,METFORMINA 850MG,2026-04-12,0.0,0.20769898183634403,2025-12-28,15,-0.20769898183634403,0.20769898183634403
3,METFORMINA 850MG,2026-04-19,0.0,0.2093036831229756,2025-12-28,16,-0.2093036831229756,0.2093036831229756
3,METFORMINA 850MG,2026-04-26,0.0,0.21065907570324774,2025-12-28,17,-0.21065907570324774,0.21065907570324774
3,METFORMINA 850MG,2026-05-03,0.0,0.21180389253735962,2025-12-28,18,-0.21180389253735962,0.21180389253735962
3,METFORMINA 850MG,2026-05-10,0.0,0.2127708489769491,2025-12-28,19,-0.2127708489769491,0.2127708489769491
3,METFORMINA 850MG,2026-05-17,0.0,0.2135875776694381,2025-12-28,20,-0.2135875776694381,0.2135875776694381
3,METFORMINA 850MG,2026-05-24,3.0,0.21427741821429028,2025-12-28,21,2.7857225817857096,2.7857225817857096
3,METFORMINA 850MG,2026-05-31,0.0,0.21486008413713395,2025-12-28,22,-0.21486008413713395,0.21486008413713395
3,METFORMINA 850MG,2026-06-07,1.0,0.21535222624182276,2025-12-28,23,0.7846477737581772,0.7846477737581772
3,METFORMINA 850MG,2026-06-14,0.0,0.21576790843930824,2025-12-28,24,-0.21576790843930824,0.21576790843930824
3,METFORMINA 850MG,2026-06-21,0.0,0.21611900965105194,2025-12-28,25,-0.21611900965105194,0.21611900965105194
3,PARACETAMOL 500MG,2026-01-11,0.0,0.44736567889776807,2025-12-28,2,-0.44736567889776807,0.44736567889776807
3,PARACETAMOL 500MG,2026-01-18,0.0,-0.26252648736181944,2025-12-28,3,0.26252648736181944,0.26252648736181944
3,PARACETAMOL 500MG,2026-01-25,0.0,0.25200519025556795,2025-12-28,4,-0.25200519025556795,0.25200519025556795
3,PARACETAMOL 500MG,2026-02-01,0.0,-0.023638905861199933,2025-12-28,5,0.023638905861199933,0.023638905861199933
3,PARACETAMOL 500MG,2026-02-08,0.0,0.06902643701961447,2025-12-28,6,-0.06902643701961447,0.06902643701961447
3,PARACETAMOL 500MG,2026-02-15,0.0,0.07914518917462925,2025-12-28,7,-0.07914518917462925,0.07914518917462925
3,PARACETAMOL 500MG,2026-02-22,0.0,0.031081456198140955,2025-12-28,8,-0.031081456198140955,0.031081456198140955
3,PARACETAMOL 500MG,2026-03-01,0.0,0.07900085844191528,2025-12-28,9,-0.07900085844191528,0.07900085844191528
3,PARACETAMOL 500MG,2026-03-08,0.0,0.04644783276699023,2025-12-28,10,-0.04644783276699023,0.04644783276699023
3,PARACETAMOL 500MG,2026-03-15,0.0,0.06243953524006597,2025-12-28,11,-0.06243953524006597,0.06243953524006597
3,PARACETAMOL 500MG,2026-03-22,0.0,0.05819808192951652,2025-12-28,12,-0.05819808192951652,0.05819808192951652
3,PARACETAMOL 500MG,2026-03-29,0.0,0.05637211692839372,2025-12-28,13,-0.05637211692839372,0.05637211692839372
3,PARACETAMOL 500MG,2026-04-05,0.0,0.06004828215835364,2025-12-28,14,-0.06004828215835364,0.06004828215835364
3,PARACETAMOL 500MG,2026-04-12,0.0,0.05680427834394729,2025-12-28,15,-0.05680427834394729,0.05680427834394729
3,PARACETAMOL 500MG,2026-04-19,0.0,0.058838781737999085,2025-12-28,16,-0.058838781737999085,0.058838781737999085
3,PARACETAMOL 500MG,2026-04-26,0.0,0.057939212844667215,2025-12-28,17,-0.057939212844667215,0.057939212844667215
3,PARACETAMOL 500MG,2026-05-03,0.0,0.05809626541807153,2025-12-28,18,-0.05809626541807153,0.05809626541807153
3,PARACETAMOL 500MG,2026-05-10,0.0,0.05828717481768463,2025-12-28,19,-0.05828717481768463,0.05828717481768463
3,PARACETAMOL 500MG,2026-05-17,0.0,0.058017688889137255,2025-12-28,20,-0.058017688889137255,0.058017688889137255
3,PARACETAMOL 500MG,2026-05-24,0.0,0.058232611903637765,2025-12-28,21,-0.058232611903637765,0.058232611903637765
3,PARACETAMOL 500MG,2026-05-31,0.0,0.058108221303740104,2025-12-28,22,-0.058108221303740104,0.058108221303740104
3,PARACETAMOL 500MG,2026-06-07,0.0,0.05815657057691539,2025-12-28,23,-0.05815657057691539,0.05815657057691539
3,VITAMINA C+ZINC+D3,2026-01-11,0.0,1.0576873500453594,2025-12-28,2,-1.0576873500453594,1.0576873500453594
3,VITAMINA C+ZINC+D3,2026-01-18,1.0,1.0576873500453594,2025-12-28,3,-0.05768735004535941,0.05768735004535941
3,VITAMINA C+ZINC+D3,2026-01-25,1.0,1.0576873500453594,2025-12-28,4,-0.05768735004535941,0.05768735004535941
3,VITAMINA C+ZINC+D3,2026-02-01,2.0,1.0576873500453594,2025-12-28,5,0.9423126499546406,0.9423126499546406
3,VITAMINA C+ZINC+D3,2026-02-08,5.0,1.0576873500453594,2025-12-28,6,3.9423126499546406,3.9423126499546406
3,VITAMINA C+ZINC+D3,2026-02-15,2.0,1.0576873500453594,2025-12-28,7,0.9423126499546406,0.9423126499546406
3,VITAMINA C+ZINC+D3,2026-02-22,1.0,1.0576873500453594,2025-12-28,8,-0.05768735004535941,0.05768735004535941
3,VITAMINA C+ZINC+D3,2026-03-01,4.0,1.0576873500453594,2025-12-28,9,2.9423126499546406,2.9423126499546406
3,VITAMINA C+ZINC+D3,2026-03-08,3.0,1.0576873500453594,2025-12-28,10,1.9423126499546406,1.9423126499546406
3,VITAMINA C+ZINC+D3,2026-03-15,1.0,1.0576873500453594,2025-12-28,11,-0.05768735004535941,0.05768735004535941
3,VITAMINA C+ZINC+D3,2026-03-22,2.0,1.0576873500453594,2025-12-28,12,0.9423126499546406,0.9423126499546406
3,VITAMINA C+ZINC+D3,2026-03-29,3.0,1.0576873500453594,2025-12-28,13,1.9423126499546406,1.9423126499546406
3,VITAMINA C+ZINC+D3,2026-04-05,3.0,1.0576873500453594,2025-12-28,14,1.9423126499546406,1.9423126499546406
3,VITAMINA C+ZINC+D3,2026-04-12,6.0,1.0576873500453594,2025-12-28,15,4.942312649954641,4.942312649954641
3,VITAMINA C+ZINC+D3,2026-04-19,2.0,1.0576873500453594,2025-12-28,16,0.9423126499546406,0.9423126499546406
3,VITAMINA C+ZINC+D3,2026-04-26,0.0,1.0576873500453594,2025-12-28,17,-1.0576873500453594,1.0576873500453594
3,VITAMINA C+ZINC+D3,2026-05-03,1.0,1.0576873500453594,2025-12-28,18,-0.05768735004535941,0.05768735004535941
3,VITAMINA C+ZINC+D3,2026-05-10,1.0,1.0576873500453594,2025-12-28,19,-0.05768735004535941,0.05768735004535941
3,VITAMINA C+ZINC+D3,2026-05-17,0.0,1.0576873500453594,2025-12-28,20,-1.0576873500453594,1.0576873500453594
3,VITAMINA C+ZINC+D3,2026-05-24,1.0,1.0576873500453594,2025-12-28,21,-0.05768735004535941,0.05768735004535941
3,VITAMINA C+ZINC+D3,2026-05-31,4.0,1.0576873500453594,2025-12-28,22,2.9423126499546406,2.9423126499546406
3,VITAMINA C+ZINC+D3,2026-06-07,0.0,1.0576873500453594,2025-12-28,23,-1.0576873500453594,1.0576873500453594
3,VITAMINA C+ZINC+D3,2026-06-14,0.0,1.0576873500453594,2025-12-28,24,-1.0576873500453594,1.0576873500453594
3,VITAMINA C+ZINC+D3,2026-06-21,0.0,1.0576873500453594,2025-12-28,25,-1.0576873500453594,1.0576873500453594
3,VITAMINA C+ZINC+D3,2026-06-28,0.0,1.0576873500453594,2025-12-28,26,-1.0576873500453594,1.0576873500453594
3,VITAMINA C+ZINC+D3,2026-07-05,2.0,1.0576873500453594,2025-12-28,27,0.9423126499546406,0.9423126499546406
3,VITAMINA C+ZINC+D3,2026-07-12,0.0,1.0576873500453594,2025-12-28,28,-1.0576873500453594,1.0576873500453594
3,VITAMINA C+ZINC+D3,2026-07-19,2.0,1.0576873500453594,2025-12-28,29,0.9423126499546406,0.9423126499546406
3,VITAMINA C+ZINC+D3,2026-07-26,2.0,1.0576873500453594,2025-12-28,30,0.9423126499546406,0.9423126499546406
4,AMOXICILINA 500MG,2026-01-11,0.0,0.012652162335170893,2025-12-28,2,-0.012652162335170893,0.012652162335170893
4,AMOXICILINA 500MG,2026-01-18,0.0,0.012652162335170893,2025-12-28,3,-0.012652162335170893,0.012652162335170893
4,AMOXICILINA 500MG,2026-01-25,0.0,0.012652162335170893,2025-12-28,4,-0.012652162335170893,0.012652162335170893
4,AMOXICILINA 500MG,2026-02-01,0.0,0.012652162335170893,2025-12-28,5,-0.012652162335170893,0.012652162335170893
4,AMOXICILINA 500MG,2026-02-08,0.0,0.012652162335170893,2025-12-28,6,-0.012652162335170893,0.012652162335170893
4,AMOXICILINA 500MG,2026-02-15,0.0,0.012652162335170893,2025-12-28,7,-0.012652162335170893,0.012652162335170893
4,AMOXICILINA 500MG,2026-02-22,0.0,0.012652162335170893,2025-12-28,8,-0.012652162335170893,0.012652162335170893
4,AMOXICILINA 500MG,2026-03-01,0.0,0.012652162335170893,2025-12-28,9,-0.012652162335170893,0.012652162335170893
4,AMOXICILINA 500MG,2026-03-08,0.0,0.012652162335170893,2025-12-28,10,-0.012652162335170893,0.012652162335170893
4,AMOXICILINA 500MG,2026-03-15,0.0,0.012652162335170893,2025-12-28,11,-0.012652162335170893,0.012652162335170893
4,AMOXICILINA 500MG,2026-03-22,0.0,0.012652162335170893,2025-12-28,12,-0.012652162335170893,0.012652162335170893
4,AMOXICILINA 500MG,2026-03-29,0.0,0.012652162335170893,2025-12-28,13,-0.012652162335170893,0.012652162335170893
4,AMOXICILINA 500MG,2026-04-05,0.0,0.012652162335170893,2025-12-28,14,-0.012652162335170893,0.012652162335170893
4,AMOXICILINA 500MG,2026-04-12,0.0,0.012652162335170893,2025-12-28,15,-0.012652162335170893,0.012652162335170893
4,AMOXICILINA 500MG,2026-04-19,0.0,0.012652162335170893,2025-12-28,16,-0.012652162335170893,0.012652162335170893
4,AMOXICILINA 500MG,2026-04-26,0.0,0.012652162335170893,2025-12-28,17,-0.012652162335170893,0.012652162335170893
4,AMOXICILINA 500MG,2026-05-03,0.0,0.012652162335170893,2025-12-28,18,-0.012652162335170893,0.012652162335170893
4,AMOXICILINA 500MG,2026-05-10,0.0,0.012652162335170893,2025-12-28,19,-0.012652162335170893,0.012652162335170893
4,AZITROMICINA 500MG,2026-01-11,0.0,-4.824558165895671e-06,2025-12-28,2,4.824558165895671e-06,4.824558165895671e-06
4,AZITROMICINA 500MG,2026-01-18,0.0,-4.824558165895671e-06,2025-12-28,3,4.824558165895671e-06,4.824558165895671e-06
4,AZITROMICINA 500MG,2026-01-25,0.0,-4.824558165895671e-06,2025-12-28,4,4.824558165895671e-06,4.824558165895671e-06
4,AZITROMICINA 500MG,2026-02-01,0.0,-4.824558165895671e-06,2025-12-28,5,4.824558165895671e-06,4.824558165895671e-06
4,AZITROMICINA 500MG,2026-02-08,0.0,-4.824558165895671e-06,2025-12-28,6,4.824558165895671e-06,4.824558165895671e-06
4,AZITROMICINA 500MG,2026-02-15,0.0,-4.824558165895671e-06,2025-12-28,7,4.824558165895671e-06,4.824558165895671e-06
4,AZITROMICINA 500MG,2026-02-22,0.0,-4.824558165895671e-06,2025-12-28,8,4.824558165895671e-06,4.824558165895671e-06
4,AZITROMICINA 500MG,2026-03-01,0.0,-4.824558165895671e-06,2025-12-28,9,4.824558165895671e-06,4.824558165895671e-06
4,AZITROMICINA 500MG,2026-03-08,0.0,-4.824558165895671e-06,2025-12-28,10,4.824558165895671e-06,4.824558165895671e-06
4,AZITROMICINA 500MG,2026-03-15,0.0,-4.824558165895671e-06,2025-12-28,11,4.824558165895671e-06,4.824558165895671e-06
4,AZITROMICINA 500MG,2026-03-22,0.0,-4.824558165895671e-06,2025-12-28,12,4.824558165895671e-06,4.824558165895671e-06
4,AZITROMICINA 500MG,2026-03-29,0.0,-4.824558165895671e-06,2025-12-28,13,4.824558165895671e-06,4.824558165895671e-06
4,AZITROMICINA 500MG,2026-04-05,0.0,-4.824558165895671e-06,2025-12-28,14,4.824558165895671e-06,4.824558165895671e-06
4,AZITROMICINA 500MG,2026-04-12,0.0,-4.824558165895671e-06,2025-12-28,15,4.824558165895671e-06,4.824558165895671e-06
4,AZITROMICINA 500MG,2026-04-19,0.0,-4.824558165895671e-06,2025-12-28,16,4.824558165895671e-06,4.824558165895671e-06
4,AZITROMICINA 500MG,2026-04-26,0.0,-4.824558165895671e-06,2025-12-28,17,4.824558165895671e-06,4.824558165895671e-06
4,AZITROMICINA 500MG,2026-05-03,0.0,-4.824558165895671e-06,2025-12-28,18,4.824558165895671e-06,4.824558165895671e-06
4,AZITROMICINA 500MG,2026-05-10,0.0,-4.824558165895671e-06,2025-12-28,19,4.824558165895671e-06,4.824558165895671e-06
4,AZITROMICINA 500MG,2026-05-17,0.0,-4.824558165895671e-06,2025-12-28,20,4.824558165895671e-06,4.824558165895671e-06
4,AZITROMICINA 500MG,2026-05-24,0.0,-4.824558165895671e-06,2025-12-28,21,4.824558165895671e-06,4.824558165895671e-06
4,AZITROMICINA 500MG,2026-05-31,0.0,-4.824558165895671e-06,2025-12-28,22,4.824558165895671e-06,4.824558165895671e-06
4,AZITROMICINA 500MG,2026-06-07,0.0,-4.824558165895671e-06,2025-12-28,23,4.824558165895671e-06,4.824558165895671e-06
4,AZITROMICINA 500MG,2026-06-14,0.0,-4.824558165895671e-06,2025-12-28,24,4.824558165895671e-06,4.824558165895671e-06
4,AZITROMICINA 500MG,2026-06-21,0.0,-4.824558165895671e-06,2025-12-28,25,4.824558165895671e-06,4.824558165895671e-06
4,AZITROMICINA 500MG,2026-06-28,0.0,-4.824558165895671e-06,2025-12-28,26,4.824558165895671e-06,4.824558165895671e-06
4,AZITROMICINA 500MG,2026-07-05,0.0,-4.824558165895671e-06,2025-12-28,27,4.824558165895671e-06,4.824558165895671e-06
4,AZITROMICINA 500MG,2026-07-12,0.0,-4.824558165895671e-06,2025-12-28,28,4.824558165895671e-06,4.824558165895671e-06
4,AZITROMICINA 500MG,2026-07-19,0.0,-4.824558165895671e-06,2025-12-28,29,4.824558165895671e-06,4.824558165895671e-06
4,AZITROMICINA 500MG,2026-07-26,0.0,-4.824558165895671e-06,2025-12-28,30,4.824558165895671e-06,4.824558165895671e-06
4,AZITROMICINA 500MG,2026-08-02,0.0,-4.824558165895671e-06,2025-12-28,31,4.824558165895671e-06,4.824558165895671e-06
4,DIMENHIDRINATO 50MG,2026-01-11,0.0,0.00979892865113674,2025-12-28,2,-0.00979892865113674,0.00979892865113674
4,DIMENHIDRINATO 50MG,2026-01-18,0.0,0.00979892865113674,2025-12-28,3,-0.00979892865113674,0.00979892865113674
4,DIMENHIDRINATO 50MG,2026-01-25,0.0,0.00979892865113674,2025-12-28,4,-0.00979892865113674,0.00979892865113674
4,DIMENHIDRINATO 50MG,2026-02-01,0.0,0.00979892865113674,2025-12-28,5,-0.00979892865113674,0.00979892865113674
4,DIMENHIDRINATO 50MG,2026-02-08,0.0,0.00979892865113674,2025-12-28,6,-0.00979892865113674,0.00979892865113674
4,DIMENHIDRINATO 50MG,2026-02-15,0.0,0.00979892865113674,2025-12-28,7,-0.00979892865113674,0.00979892865113674
4,DIMENHIDRINATO 50MG,2026-02-22,0.0,0.00979892865113674,2025-12-28,8,-0.00979892865113674,0.00979892865113674
4,DIMENHIDRINATO 50MG,2026-03-01,1.0,0.00979892865113674,2025-12-28,9,0.9902010713488633,0.9902010713488633
4,DIMENHIDRINATO 50MG,2026-03-08,0.0,0.00979892865113674,2025-12-28,10,-0.00979892865113674,0.00979892865113674
4,DIMENHIDRINATO 50MG,2026-03-15,0.0,0.00979892865113674,2025-12-28,11,-0.00979892865113674,0.00979892865113674
4,DIMENHIDRINATO 50MG,2026-03-22,0.0,0.00979892865113674,2025-12-28,12,-0.00979892865113674,0.00979892865113674
4,DIMENHIDRINATO 50MG,2026-03-29,0.0,0.00979892865113674,2025-12-28,13,-0.00979892865113674,0.00979892865113674
4,DIMENHIDRINATO 50MG,2026-04-05,0.0,0.00979892865113674,2025-12-28,14,-0.00979892865113674,0.00979892865113674
4,DIMENHIDRINATO 50MG,2026-04-12,0.0,0.00979892865113674,2025-12-28,15,-0.00979892865113674,0.00979892865113674
4,DIMENHIDRINATO 50MG,2026-04-19,0.0,0.00979892865113674,2025-12-28,16,-0.00979892865113674,0.00979892865113674
4,DIMENHIDRINATO 50MG,2026-04-26,0.0,0.00979892865113674,2025-12-28,17,-0.00979892865113674,0.00979892865113674
4,DIMENHIDRINATO 50MG,2026-05-03,0.0,0.00979892865113674,2025-12-28,18,-0.00979892865113674,0.00979892865113674
4,DIMENHIDRINATO 50MG,2026-05-10,0.0,0.00979892865113674,2025-12-28,19,-0.00979892865113674,0.00979892865113674
4,DIMENHIDRINATO 50MG,2026-05-17,1.0,0.00979892865113674,2025-12-28,20,0.9902010713488633,0.9902010713488633
4,DIMENHIDRINATO 50MG,2026-05-24,0.0,0.00979892865113674,2025-12-28,21,-0.00979892865113674,0.00979892865113674
4,DIMENHIDRINATO 50MG,2026-05-31,0.0,0.00979892865113674,2025-12-28,22,-0.00979892865113674,0.00979892865113674
4,DIMENHIDRINATO 50MG,2026-06-07,0.0,0.00979892865113674,2025-12-28,23,-0.00979892865113674,0.00979892865113674
4,DIMENHIDRINATO 50MG,2026-06-14,0.0,0.00979892865113674,2025-12-28,24,-0.00979892865113674,0.00979892865113674
4,DIMENHIDRINATO 50MG,2026-06-21,0.0,0.00979892865113674,2025-12-28,25,-0.00979892865113674,0.00979892865113674
4,DIMENHIDRINATO 50MG,2026-06-28,0.0,0.00979892865113674,2025-12-28,26,-0.00979892865113674,0.00979892865113674
4,DIMENHIDRINATO 50MG,2026-07-05,0.0,0.00979892865113674,2025-12-28,27,-0.00979892865113674,0.00979892865113674
4,DIMENHIDRINATO 50MG,2026-07-12,0.0,0.00979892865113674,2025-12-28,28,-0.00979892865113674,0.00979892865113674
4,DIMENHIDRINATO 50MG,2026-07-19,0.0,0.00979892865113674,2025-12-28,29,-0.00979892865113674,0.00979892865113674
4,DIMENHIDRINATO 50MG,2026-07-26,0.0,0.00979892865113674,2025-12-28,30,-0.00979892865113674,0.00979892865113674
4,DIMENHIDRINATO 50MG,2026-08-02,0.0,0.00979892865113674,2025-12-28,31,-0.00979892865113674,0.00979892865113674
4,ENALAPRIL 10MG,2026-01-11,0.0,0.1553347986179836,2025-12-28,2,-0.1553347986179836,0.1553347986179836
4,ENALAPRIL 10MG,2026-01-18,0.0,0.1553347986179836,2025-12-28,3,-0.1553347986179836,0.1553347986179836
4,ENALAPRIL 10MG,2026-01-25,1.0,0.1553347986179836,2025-12-28,4,0.8446652013820164,0.8446652013820164
4,ENALAPRIL 10MG,2026-02-01,0.0,0.1553347986179836,2025-12-28,5,-0.1553347986179836,0.1553347986179836
4,ENALAPRIL 10MG,2026-02-08,0.0,0.1553347986179836,2025-12-28,6,-0.1553347986179836,0.1553347986179836
4,ENALAPRIL 10MG,2026-02-15,0.0,0.1553347986179836,2025-12-28,7,-0.1553347986179836,0.1553347986179836
4,ENALAPRIL 10MG,2026-02-22,0.0,0.1553347986179836,2025-12-28,8,-0.1553347986179836,0.1553347986179836
4,ENALAPRIL 10MG,2026-03-01,1.0,0.1553347986179836,2025-12-28,9,0.8446652013820164,0.8446652013820164
4,ENALAPRIL 10MG,2026-03-08,0.0,0.1553347986179836,2025-12-28,10,-0.1553347986179836,0.1553347986179836
4,ENALAPRIL 10MG,2026-03-15,1.0,0.1553347986179836,2025-12-28,11,0.8446652013820164,0.8446652013820164
4,ENALAPRIL 10MG,2026-03-22,0.0,0.1553347986179836,2025-12-28,12,-0.1553347986179836,0.1553347986179836
4,ENALAPRIL 10MG,2026-03-29,1.0,0.1553347986179836,2025-12-28,13,0.8446652013820164,0.8446652013820164
4,ENALAPRIL 10MG,2026-04-05,1.0,0.1553347986179836,2025-12-28,14,0.8446652013820164,0.8446652013820164
4,ENALAPRIL 10MG,2026-04-12,0.0,0.1553347986179836,2025-12-28,15,-0.1553347986179836,0.1553347986179836
4,ENALAPRIL 10MG,2026-04-19,0.0,0.1553347986179836,2025-12-28,16,-0.1553347986179836,0.1553347986179836
4,ENALAPRIL 10MG,2026-04-26,0.0,0.1553347986179836,2025-12-28,17,-0.1553347986179836,0.1553347986179836
4,ENALAPRIL 10MG,2026-05-03,0.0,0.1553347986179836,2025-12-28,18,-0.1553347986179836,0.1553347986179836
4,ENALAPRIL 10MG,2026-05-10,0.0,0.1553347986179836,2025-12-28,19,-0.1553347986179836,0.1553347986179836
4,ENALAPRIL 10MG,2026-05-17,0.0,0.1553347986179836,2025-12-28,20,-0.1553347986179836,0.1553347986179836
4,ENALAPRIL 10MG,2026-05-24,0.0,0.1553347986179836,2025-12-28,21,-0.1553347986179836,0.1553347986179836
4,ENALAPRIL 10MG,2026-05-31,0.0,0.1553347986179836,2025-12-28,22,-0.1553347986179836,0.1553347986179836
4,ENALAPRIL 10MG,2026-06-07,0.0,0.1553347986179836,2025-12-28,23,-0.1553347986179836,0.1553347986179836
4,ENALAPRIL 10MG,2026-06-14,1.0,0.1553347986179836,2025-12-28,24,0.8446652013820164,0.8446652013820164
4,ENALAPRIL 10MG,2026-06-21,0.0,0.1553347986179836,2025-12-28,25,-0.1553347986179836,0.1553347986179836
4,ENALAPRIL 10MG,2026-06-28,0.0,0.1553347986179836,2025-12-28,26,-0.1553347986179836,0.1553347986179836
4,ENALAPRIL 10MG,2026-07-05,0.0,0.1553347986179836,2025-12-28,27,-0.1553347986179836,0.1553347986179836
4,ENALAPRIL 10MG,2026-07-12,0.0,0.1553347986179836,2025-12-28,28,-0.1553347986179836,0.1553347986179836
4,ENALAPRIL 10MG,2026-07-19,0.0,0.1553347986179836,2025-12-28,29,-0.1553347986179836,0.1553347986179836
4,ENALAPRIL 10MG,2026-07-26,1.0,0.1553347986179836,2025-12-28,30,0.8446652013820164,0.8446652013820164
4,IBUPROFENO TABX800,2026-01-11,0.0,-4.824558165895671e-06,2025-12-28,2,4.824558165895671e-06,4.824558165895671e-06
4,IBUPROFENO TABX800,2026-01-18,0.0,-4.824558165895671e-06,2025-12-28,3,4.824558165895671e-06,4.824558165895671e-06
4,IBUPROFENO TABX800,2026-01-25,0.0,-4.824558165895671e-06,2025-12-28,4,4.824558165895671e-06,4.824558165895671e-06
4,IBUPROFENO TABX800,2026-02-01,0.0,-4.824558165895671e-06,2025-12-28,5,4.824558165895671e-06,4.824558165895671e-06
4,IBUPROFENO TABX800,2026-02-08,0.0,-4.824558165895671e-06,2025-12-28,6,4.824558165895671e-06,4.824558165895671e-06
4,IBUPROFENO TABX800,2026-02-15,0.0,-4.824558165895671e-06,2025-12-28,7,4.824558165895671e-06,4.824558165895671e-06
4,IBUPROFENO TABX800,2026-02-22,0.0,-4.824558165895671e-06,2025-12-28,8,4.824558165895671e-06,4.824558165895671e-06
4,IBUPROFENO TABX800,2026-03-01,0.0,-4.824558165895671e-06,2025-12-28,9,4.824558165895671e-06,4.824558165895671e-06
4,IBUPROFENO TABX800,2026-03-08,0.0,-4.824558165895671e-06,2025-12-28,10,4.824558165895671e-06,4.824558165895671e-06
4,IBUPROFENO TABX800,2026-03-15,0.0,-4.824558165895671e-06,2025-12-28,11,4.824558165895671e-06,4.824558165895671e-06
4,IBUPROFENO TABX800,2026-03-22,0.0,-4.824558165895671e-06,2025-12-28,12,4.824558165895671e-06,4.824558165895671e-06
4,IBUPROFENO TABX800,2026-03-29,0.0,-4.824558165895671e-06,2025-12-28,13,4.824558165895671e-06,4.824558165895671e-06
4,IBUPROFENO TABX800,2026-04-05,0.0,-4.824558165895671e-06,2025-12-28,14,4.824558165895671e-06,4.824558165895671e-06
4,IBUPROFENO TABX800,2026-04-12,0.0,-4.824558165895671e-06,2025-12-28,15,4.824558165895671e-06,4.824558165895671e-06
4,IBUPROFENO TABX800,2026-04-19,0.0,-4.824558165895671e-06,2025-12-28,16,4.824558165895671e-06,4.824558165895671e-06
4,IBUPROFENO TABX800,2026-04-26,0.0,-4.824558165895671e-06,2025-12-28,17,4.824558165895671e-06,4.824558165895671e-06
4,IBUPROFENO TABX800,2026-05-03,0.0,-4.824558165895671e-06,2025-12-28,18,4.824558165895671e-06,4.824558165895671e-06
4,IBUPROFENO TABX800,2026-05-10,0.0,-4.824558165895671e-06,2025-12-28,19,4.824558165895671e-06,4.824558165895671e-06
4,IBUPROFENO TABX800,2026-05-17,0.0,-4.824558165895671e-06,2025-12-28,20,4.824558165895671e-06,4.824558165895671e-06
4,IBUPROFENO TABX800,2026-05-24,0.0,-4.824558165895671e-06,2025-12-28,21,4.824558165895671e-06,4.824558165895671e-06
4,IBUPROFENO TABX800,2026-05-31,0.0,-4.824558165895671e-06,2025-12-28,22,4.824558165895671e-06,4.824558165895671e-06
4,IBUPROFENO TABX800,2026-06-07,0.0,-4.824558165895671e-06,2025-12-28,23,4.824558165895671e-06,4.824558165895671e-06
4,IBUPROFENO TABX800,2026-06-14,0.0,-4.824558165895671e-06,2025-12-28,24,4.824558165895671e-06,4.824558165895671e-06
4,IBUPROFENO TABX800,2026-06-21,0.0,-4.824558165895671e-06,2025-12-28,25,4.824558165895671e-06,4.824558165895671e-06
4,IBUPROFENO TABX800,2026-06-28,0.0,-4.824558165895671e-06,2025-12-28,26,4.824558165895671e-06,4.824558165895671e-06
4,IBUPROFENO TABX800,2026-07-05,0.0,-4.824558165895671e-06,2025-12-28,27,4.824558165895671e-06,4.824558165895671e-06
4,IBUPROFENO TABX800,2026-07-12,0.0,-4.824558165895671e-06,2025-12-28,28,4.824558165895671e-06,4.824558165895671e-06
4,IBUPROFENO TABX800,2026-07-19,0.0,-4.824558165895671e-06,2025-12-28,29,4.824558165895671e-06,4.824558165895671e-06
4,LOPERAMIDA 2MG,2026-01-11,0.0,-4.824558165895704e-06,2025-12-28,2,4.824558165895704e-06,4.824558165895704e-06
4,LOPERAMIDA 2MG,2026-01-18,0.0,-4.824558165895704e-06,2025-12-28,3,4.824558165895704e-06,4.824558165895704e-06
4,LOPERAMIDA 2MG,2026-01-25,0.0,-4.824558165895704e-06,2025-12-28,4,4.824558165895704e-06,4.824558165895704e-06
4,LOPERAMIDA 2MG,2026-02-01,0.0,-4.824558165895704e-06,2025-12-28,5,4.824558165895704e-06,4.824558165895704e-06
4,LOPERAMIDA 2MG,2026-02-08,0.0,-4.824558165895704e-06,2025-12-28,6,4.824558165895704e-06,4.824558165895704e-06
4,LOPERAMIDA 2MG,2026-02-15,0.0,-4.824558165895704e-06,2025-12-28,7,4.824558165895704e-06,4.824558165895704e-06
4,LOPERAMIDA 2MG,2026-02-22,0.0,-4.824558165895704e-06,2025-12-28,8,4.824558165895704e-06,4.824558165895704e-06
4,LOPERAMIDA 2MG,2026-03-01,0.0,-4.824558165895704e-06,2025-12-28,9,4.824558165895704e-06,4.824558165895704e-06
4,LOPERAMIDA 2MG,2026-03-08,0.0,-4.824558165895704e-06,2025-12-28,10,4.824558165895704e-06,4.824558165895704e-06
4,LOPERAMIDA 2MG,2026-03-15,0.0,-4.824558165895704e-06,2025-12-28,11,4.824558165895704e-06,4.824558165895704e-06
4,LOPERAMIDA 2MG,2026-03-22,0.0,-4.824558165895704e-06,2025-12-28,12,4.824558165895704e-06,4.824558165895704e-06
4,LOPERAMIDA 2MG,2026-03-29,0.0,-4.824558165895704e-06,2025-12-28,13,4.824558165895704e-06,4.824558165895704e-06
4,LOPERAMIDA 2MG,2026-04-05,0.0,-4.824558165895704e-06,2025-12-28,14,4.824558165895704e-06,4.824558165895704e-06
4,LOPERAMIDA 2MG,2026-04-12,0.0,-4.824558165895704e-06,2025-12-28,15,4.824558165895704e-06,4.824558165895704e-06
4,LOPERAMIDA 2MG,2026-04-19,0.0,-4.824558165895704e-06,2025-12-28,16,4.824558165895704e-06,4.824558165895704e-06
4,LOPERAMIDA 2MG,2026-04-26,0.0,-4.824558165895704e-06,2025-12-28,17,4.824558165895704e-06,4.824558165895704e-06
4,LOPERAMIDA 2MG,2026-05-03,0.0,-4.824558165895704e-06,2025-12-28,18,4.824558165895704e-06,4.824558165895704e-06
4,LOPERAMIDA 2MG,2026-05-10,0.0,-4.824558165895704e-06,2025-12-28,19,4.824558165895704e-06,4.824558165895704e-06
4,LOPERAMIDA 2MG,2026-05-17,0.0,-4.824558165895704e-06,2025-12-28,20,4.824558165895704e-06,4.824558165895704e-06
4,LOPERAMIDA 2MG,2026-05-24,0.0,-4.824558165895704e-06,2025-12-28,21,4.824558165895704e-06,4.824558165895704e-06
4,LOPERAMIDA 2MG,2026-05-31,0.0,-4.824558165895704e-06,2025-12-28,22,4.824558165895704e-06,4.824558165895704e-06
4,LOPERAMIDA 2MG,2026-06-07,0.0,-4.824558165895704e-06,2025-12-28,23,4.824558165895704e-06,4.824558165895704e-06
4,LOPERAMIDA 2MG,2026-06-14,0.0,-4.824558165895704e-06,2025-12-28,24,4.824558165895704e-06,4.824558165895704e-06
4,LOPERAMIDA 2MG,2026-06-21,0.0,-4.824558165895704e-06,2025-12-28,25,4.824558165895704e-06,4.824558165895704e-06
4,LOPERAMIDA 2MG,2026-06-28,0.0,-4.824558165895704e-06,2025-12-28,26,4.824558165895704e-06,4.824558165895704e-06
4,LOPERAMIDA 2MG,2026-07-05,0.0,-4.824558165895704e-06,2025-12-28,27,4.824558165895704e-06,4.824558165895704e-06
4,LOPERAMIDA 2MG,2026-07-12,0.0,-4.824558165895704e-06,2025-12-28,28,4.824558165895704e-06,4.824558165895704e-06
4,LOPERAMIDA 2MG,2026-07-19,0.0,-4.824558165895704e-06,2025-12-28,29,4.824558165895704e-06,4.824558165895704e-06
4,LOPERAMIDA 2MG,2026-07-26,0.0,-4.824558165895704e-06,2025-12-28,30,4.824558165895704e-06,4.824558165895704e-06
4,LOPERAMIDA 2MG,2026-08-02,0.0,-4.824558165895704e-06,2025-12-28,31,4.824558165895704e-06,4.824558165895704e-06
4,METFORMINA 850MG,2026-01-11,0.0,0.13829271413833963,2025-12-28,2,-0.13829271413833963,0.13829271413833963
4,METFORMINA 850MG,2026-01-18,0.0,0.13829271413833963,2025-12-28,3,-0.13829271413833963,0.13829271413833963
4,METFORMINA 850MG,2026-01-25,0.0,0.13829271413833963,2025-12-28,4,-0.13829271413833963,0.13829271413833963
4,METFORMINA 850MG,2026-02-01,1.0,0.13829271413833963,2025-12-28,5,0.8617072858616603,0.8617072858616603
4,METFORMINA 850MG,2026-02-08,0.0,0.13829271413833963,2025-12-28,6,-0.13829271413833963,0.13829271413833963
4,METFORMINA 850MG,2026-02-15,0.0,0.13829271413833963,2025-12-28,7,-0.13829271413833963,0.13829271413833963
4,METFORMINA 850MG,2026-02-22,0.0,0.13829271413833963,2025-12-28,8,-0.13829271413833963,0.13829271413833963
4,METFORMINA 850MG,2026-03-01,0.0,0.13829271413833963,2025-12-28,9,-0.13829271413833963,0.13829271413833963
4,METFORMINA 850MG,2026-03-08,0.0,0.13829271413833963,2025-12-28,10,-0.13829271413833963,0.13829271413833963
4,METFORMINA 850MG,2026-03-15,0.0,0.13829271413833963,2025-12-28,11,-0.13829271413833963,0.13829271413833963
4,METFORMINA 850MG,2026-03-22,0.0,0.13829271413833963,2025-12-28,12,-0.13829271413833963,0.13829271413833963
4,METFORMINA 850MG,2026-03-29,0.0,0.13829271413833963,2025-12-28,13,-0.13829271413833963,0.13829271413833963
4,METFORMINA 850MG,2026-04-05,0.0,0.13829271413833963,2025-12-28,14,-0.13829271413833963,0.13829271413833963
4,METFORMINA 850MG,2026-04-12,0.0,0.13829271413833963,2025-12-28,15,-0.13829271413833963,0.13829271413833963
4,METFORMINA 850MG,2026-04-19,0.0,0.13829271413833963,2025-12-28,16,-0.13829271413833963,0.13829271413833963
4,METFORMINA 850MG,2026-04-26,0.0,0.13829271413833963,2025-12-28,17,-0.13829271413833963,0.13829271413833963
4,METFORMINA 850MG,2026-05-03,0.0,0.13829271413833963,2025-12-28,18,-0.13829271413833963,0.13829271413833963
4,METFORMINA 850MG,2026-05-10,0.0,0.13829271413833963,2025-12-28,19,-0.13829271413833963,0.13829271413833963
4,METFORMINA 850MG,2026-05-17,0.0,0.13829271413833963,2025-12-28,20,-0.13829271413833963,0.13829271413833963
4,METFORMINA 850MG,2026-05-24,0.0,0.13829271413833963,2025-12-28,21,-0.13829271413833963,0.13829271413833963
4,METFORMINA 850MG,2026-05-31,0.0,0.13829271413833963,2025-12-28,22,-0.13829271413833963,0.13829271413833963
4,METFORMINA 850MG,2026-06-07,0.0,0.13829271413833963,2025-12-28,23,-0.13829271413833963,0.13829271413833963
4,METFORMINA 850MG,2026-06-14,0.0,0.13829271413833963,2025-12-28,24,-0.13829271413833963,0.13829271413833963
4,METFORMINA 850MG,2026-06-21,0.0,0.13829271413833963,2025-12-28,25,-0.13829271413833963,0.13829271413833963
4,METFORMINA 850MG,2026-06-28,0.0,0.13829271413833963,2025-12-28,26,-0.13829271413833963,0.13829271413833963
4,METFORMINA 850MG,2026-07-05,0.0,0.13829271413833963,2025-12-28,27,-0.13829271413833963,0.13829271413833963
4,METFORMINA 850MG,2026-07-12,0.0,0.13829271413833963,2025-12-28,28,-0.13829271413833963,0.13829271413833963
4,METFORMINA 850MG,2026-07-19,0.0,0.13829271413833963,2025-12-28,29,-0.13829271413833963,0.13829271413833963
4,METFORMINA 850MG,2026-07-26,0.0,0.13829271413833963,2025-12-28,30,-0.13829271413833963,0.13829271413833963
4,METFORMINA 850MG,2026-08-02,0.0,0.13829271413833963,2025-12-28,31,-0.13829271413833963,0.13829271413833963
4,VITAMINA C+ZINC+D3,2026-01-11,0.0,1.3552308402771294,2025-12-28,2,-1.3552308402771294,1.3552308402771294
4,VITAMINA C+ZINC+D3,2026-01-18,2.0,1.3930867228499226,2025-12-28,3,0.6069132771500774,0.6069132771500774
4,VITAMINA C+ZINC+D3,2026-01-25,1.0,1.4248262644534706,2025-12-28,4,-0.4248262644534706,0.4248262644534706
4,VITAMINA C+ZINC+D3,2026-02-01,1.0,1.451437676808373,2025-12-28,5,-0.451437676808373,0.451437676808373
4,VITAMINA C+ZINC+D3,2026-02-08,3.0,1.4737495071545137,2025-12-28,6,1.5262504928454863,1.5262504928454863
4,VITAMINA C+ZINC+D3,2026-02-15,1.0,1.4924564350979028,2025-12-28,7,-0.4924564350979028,0.4924564350979028
4,VITAMINA C+ZINC+D3,2026-02-22,1.0,1.5081409014841256,2025-12-28,8,-0.5081409014841256,0.5081409014841256
4,VITAMINA C+ZINC+D3,2026-03-01,3.0,1.5212912427141236,2025-12-28,9,1.4787087572858764,1.4787087572858764
4,VITAMINA C+ZINC+D3,2026-03-08,2.0,1.5323168951148511,2025-12-28,10,0.46768310488514886,0.46768310488514886
4,VITAMINA C+ZINC+D3,2026-03-15,0.0,1.5415611427534113,2025-12-28,11,-1.5415611427534113,1.5415611427534113
4,VITAMINA C+ZINC+D3,2026-03-22,2.0,1.5493118055983042,2025-12-28,12,0.45068819440169583,0.45068819440169583
4,VITAMINA C+ZINC+D3,2026-03-29,3.0,1.5558102008040562,2025-12-28,13,1.4441897991959438,1.4441897991959438
4,VITAMINA C+ZINC+D3,2026-04-05,0.0,1.5612586561291342,2025-12-28,14,-1.5612586561291342,1.5612586561291342
4,VITAMINA C+ZINC+D3,2026-04-12,1.0,1.5658268094176715,2025-12-28,15,-0.5658268094176715,0.5658268094176715
4,VITAMINA C+ZINC+D3,2026-04-19,2.0,1.5696568902795853,2025-12-28,16,0.4303431097204147,0.4303431097204147
4,VITAMINA C+ZINC+D3,2026-04-26,1.0,1.5728681484143787,2025-12-28,17,-0.5728681484143787,0.5728681484143787
4,VITAMINA C+ZINC+D3,2026-05-03,0.0,1.5755605664546404,2025-12-28,18,-1.5755605664546404,1.5755605664546404
4,VITAMINA C+ZINC+D3,2026-05-10,2.0,1.5778179729287516,2025-12-28,19,0.4221820270712484,0.4221820270712484
4,VITAMINA C+ZINC+D3,2026-05-17,4.0,1.5797106522650055,2025-12-28,20,2.4202893477349945,2.4202893477349945
4,VITAMINA C+ZINC+D3,2026-05-24,2.0,1.5812975330996997,2025-12-28,21,0.41870246690030033,0.41870246690030033
4,VITAMINA C+ZINC+D3,2026-05-31,0.0,1.582628023022258,2025-12-28,22,-1.582628023022258,1.582628023022258
4,VITAMINA C+ZINC+D3,2026-06-07,0.0,1.5837435468822272,2025-12-28,23,-1.5837435468822272,1.5837435468822272
4,VITAMINA C+ZINC+D3,2026-06-14,0.0,1.5846788365533941,2025-12-28,24,-1.5846788365533941,1.5846788365533941
4,VITAMINA C+ZINC+D3,2026-06-21,0.0,1.585463012311872,2025-12-28,25,-1.585463012311872,1.585463012311872
4,VITAMINA C+ZINC+D3,2026-06-28,0.0,1.5861204894968999,2025-12-28,26,-1.5861204894968999,1.5861204894968999
4,VITAMINA C+ZINC+D3,2026-07-05,0.0,1.58667173868327,2025-12-28,27,-1.58667173868327,1.58667173868327
4,VITAMINA C+ZINC+D3,2026-07-12,3.0,1.5871339230333792,2025-12-28,28,1.4128660769666208,1.4128660769666208
4,VITAMINA C+ZINC+D3,2026-07-19,0.0,1.5875214326728808,2025-12-28,29,-1.5875214326728808,1.5875214326728808
4,VITAMINA C+ZINC+D3,2026-07-26,3.0,1.5878463327277423,2025-12-28,30,1.4121536672722577,1.4121536672722577
5,AMOXICILINA 500MG,2026-01-11,0.0,0.03701219029749073,2025-12-28,2,-0.03701219029749073,0.03701219029749073
5,AMOXICILINA 500MG,2026-01-18,0.0,0.045686228795260964,2025-12-28,3,-0.045686228795260964,0.045686228795260964
5,AMOXICILINA 500MG,2026-01-25,0.0,0.045686228795260964,2025-12-28,4,-0.045686228795260964,0.045686228795260964
5,AMOXICILINA 500MG,2026-02-01,0.0,0.045686228795260964,2025-12-28,5,-0.045686228795260964,0.045686228795260964
5,AMOXICILINA 500MG,2026-02-08,0.0,0.045686228795260964,2025-12-28,6,-0.045686228795260964,0.045686228795260964
5,AMOXICILINA 500MG,2026-02-15,0.0,0.045686228795260964,2025-12-28,7,-0.045686228795260964,0.045686228795260964
5,AMOXICILINA 500MG,2026-02-22,0.0,0.045686228795260964,2025-12-28,8,-0.045686228795260964,0.045686228795260964
5,AMOXICILINA 500MG,2026-03-01,0.0,0.045686228795260964,2025-12-28,9,-0.045686228795260964,0.045686228795260964
5,AMOXICILINA 500MG,2026-03-08,0.0,0.045686228795260964,2025-12-28,10,-0.045686228795260964,0.045686228795260964
5,AMOXICILINA 500MG,2026-03-15,0.0,0.045686228795260964,2025-12-28,11,-0.045686228795260964,0.045686228795260964
5,AMOXICILINA 500MG,2026-03-22,0.0,0.045686228795260964,2025-12-28,12,-0.045686228795260964,0.045686228795260964
5,AMOXICILINA 500MG,2026-03-29,0.0,0.045686228795260964,2025-12-28,13,-0.045686228795260964,0.045686228795260964
5,AZITROMICINA 500MG,2026-01-11,0.0,0.028841183372791592,2025-12-28,2,-0.028841183372791592,0.028841183372791592
5,AZITROMICINA 500MG,2026-01-18,0.0,0.028841183372791592,2025-12-28,3,-0.028841183372791592,0.028841183372791592
5,AZITROMICINA 500MG,2026-01-25,0.0,0.028841183372791592,2025-12-28,4,-0.028841183372791592,0.028841183372791592
5,AZITROMICINA 500MG,2026-02-01,0.0,0.028841183372791592,2025-12-28,5,-0.028841183372791592,0.028841183372791592
5,AZITROMICINA 500MG,2026-02-08,0.0,0.028841183372791592,2025-12-28,6,-0.028841183372791592,0.028841183372791592
5,AZITROMICINA 500MG,2026-02-15,0.0,0.028841183372791592,2025-12-28,7,-0.028841183372791592,0.028841183372791592
5,AZITROMICINA 500MG,2026-02-22,1.0,0.028841183372791592,2025-12-28,8,0.9711588166272084,0.9711588166272084
5,AZITROMICINA 500MG,2026-03-01,0.0,0.028841183372791592,2025-12-28,9,-0.028841183372791592,0.028841183372791592
5,AZITROMICINA 500MG,2026-03-08,0.0,0.028841183372791592,2025-12-28,10,-0.028841183372791592,0.028841183372791592
5,AZITROMICINA 500MG,2026-03-15,0.0,0.028841183372791592,2025-12-28,11,-0.028841183372791592,0.028841183372791592
5,AZITROMICINA 500MG,2026-03-22,0.0,0.028841183372791592,2025-12-28,12,-0.028841183372791592,0.028841183372791592
5,DIMENHIDRINATO 50MG,2026-01-11,0.0,0.03845655163019162,2025-12-28,2,-0.03845655163019162,0.03845655163019162
5,DIMENHIDRINATO 50MG,2026-01-18,0.0,0.03845655163019162,2025-12-28,3,-0.03845655163019162,0.03845655163019162
5,DIMENHIDRINATO 50MG,2026-01-25,0.0,0.03845655163019162,2025-12-28,4,-0.03845655163019162,0.03845655163019162
5,DIMENHIDRINATO 50MG,2026-02-01,0.0,0.03845655163019162,2025-12-28,5,-0.03845655163019162,0.03845655163019162
5,DIMENHIDRINATO 50MG,2026-02-08,0.0,0.03845655163019162,2025-12-28,6,-0.03845655163019162,0.03845655163019162
5,DIMENHIDRINATO 50MG,2026-02-15,0.0,0.03845655163019162,2025-12-28,7,-0.03845655163019162,0.03845655163019162
5,DIMENHIDRINATO 50MG,2026-02-22,0.0,0.03845655163019162,2025-12-28,8,-0.03845655163019162,0.03845655163019162
5,DIMENHIDRINATO 50MG,2026-03-01,0.0,0.03845655163019162,2025-12-28,9,-0.03845655163019162,0.03845655163019162
5,DIMENHIDRINATO 50MG,2026-03-08,0.0,0.03845655163019162,2025-12-28,10,-0.03845655163019162,0.03845655163019162
5,DIMENHIDRINATO 50MG,2026-03-15,0.0,0.03845655163019162,2025-12-28,11,-0.03845655163019162,0.03845655163019162
5,DIMENHIDRINATO 50MG,2026-03-22,0.0,0.03845655163019162,2025-12-28,12,-0.03845655163019162,0.03845655163019162
5,DIMENHIDRINATO 50MG,2026-03-29,0.0,0.03845655163019162,2025-12-28,13,-0.03845655163019162,0.03845655163019162
5,DIMENHIDRINATO 50MG,2026-04-05,0.0,0.03845655163019162,2025-12-28,14,-0.03845655163019162,0.03845655163019162
5,DIMENHIDRINATO 50MG,2026-04-12,0.0,0.03845655163019162,2025-12-28,15,-0.03845655163019162,0.03845655163019162
5,DIMENHIDRINATO 50MG,2026-04-19,0.0,0.03845655163019162,2025-12-28,16,-0.03845655163019162,0.03845655163019162
5,DIMENHIDRINATO 50MG,2026-04-26,0.0,0.03845655163019162,2025-12-28,17,-0.03845655163019162,0.03845655163019162
5,DIMENHIDRINATO 50MG,2026-05-03,0.0,0.03845655163019162,2025-12-28,18,-0.03845655163019162,0.03845655163019162
5,DIMENHIDRINATO 50MG,2026-05-10,0.0,0.03845655163019162,2025-12-28,19,-0.03845655163019162,0.03845655163019162
5,DIMENHIDRINATO 50MG,2026-05-17,0.0,0.03845655163019162,2025-12-28,20,-0.03845655163019162,0.03845655163019162
5,DIMENHIDRINATO 50MG,2026-05-24,0.0,0.03845655163019162,2025-12-28,21,-0.03845655163019162,0.03845655163019162
5,DIMENHIDRINATO 50MG,2026-05-31,0.0,0.03845655163019162,2025-12-28,22,-0.03845655163019162,0.03845655163019162
5,DIMENHIDRINATO 50MG,2026-06-07,0.0,0.03845655163019162,2025-12-28,23,-0.03845655163019162,0.03845655163019162
5,DIMENHIDRINATO 50MG,2026-06-14,0.0,0.03845655163019162,2025-12-28,24,-0.03845655163019162,0.03845655163019162
5,DIMENHIDRINATO 50MG,2026-06-21,0.0,0.03845655163019162,2025-12-28,25,-0.03845655163019162,0.03845655163019162
5,DIMENHIDRINATO 50MG,2026-06-28,0.0,0.03845655163019162,2025-12-28,26,-0.03845655163019162,0.03845655163019162
5,DIMENHIDRINATO 50MG,2026-07-05,0.0,0.03845655163019162,2025-12-28,27,-0.03845655163019162,0.03845655163019162
5,DIMENHIDRINATO 50MG,2026-07-12,0.0,0.03845655163019162,2025-12-28,28,-0.03845655163019162,0.03845655163019162
5,DIMENHIDRINATO 50MG,2026-07-19,0.0,0.03845655163019162,2025-12-28,29,-0.03845655163019162,0.03845655163019162
5,DIMENHIDRINATO 50MG,2026-07-26,0.0,0.03845655163019162,2025-12-28,30,-0.03845655163019162,0.03845655163019162
5,DIMENHIDRINATO 50MG,2026-08-02,0.0,0.03845655163019162,2025-12-28,31,-0.03845655163019162,0.03845655163019162
5,ENALAPRIL 10MG,2026-01-11,0.0,0.1881138047091964,2025-12-28,2,-0.1881138047091964,0.1881138047091964
5,ENALAPRIL 10MG,2026-01-18,0.0,0.1881138047091964,2025-12-28,3,-0.1881138047091964,0.1881138047091964
5,ENALAPRIL 10MG,2026-01-25,0.0,0.1881138047091964,2025-12-28,4,-0.1881138047091964,0.1881138047091964
5,ENALAPRIL 10MG,2026-02-01,1.0,0.1881138047091964,2025-12-28,5,0.8118861952908036,0.8118861952908036
5,ENALAPRIL 10MG,2026-02-08,1.0,0.1881138047091964,2025-12-28,6,0.8118861952908036,0.8118861952908036
5,ENALAPRIL 10MG,2026-02-15,1.0,0.1881138047091964,2025-12-28,7,0.8118861952908036,0.8118861952908036
5,ENALAPRIL 10MG,2026-02-22,0.0,0.1881138047091964,2025-12-28,8,-0.1881138047091964,0.1881138047091964
5,ENALAPRIL 10MG,2026-03-01,1.0,0.1881138047091964,2025-12-28,9,0.8118861952908036,0.8118861952908036
5,ENALAPRIL 10MG,2026-03-08,1.0,0.1881138047091964,2025-12-28,10,0.8118861952908036,0.8118861952908036
5,ENALAPRIL 10MG,2026-03-15,0.0,0.1881138047091964,2025-12-28,11,-0.1881138047091964,0.1881138047091964
5,ENALAPRIL 10MG,2026-03-22,0.0,0.1881138047091964,2025-12-28,12,-0.1881138047091964,0.1881138047091964
5,ENALAPRIL 10MG,2026-03-29,2.0,0.1881138047091964,2025-12-28,13,1.8118861952908036,1.8118861952908036
5,ENALAPRIL 10MG,2026-04-05,0.0,0.1881138047091964,2025-12-28,14,-0.1881138047091964,0.1881138047091964
5,ENALAPRIL 10MG,2026-04-12,1.0,0.1881138047091964,2025-12-28,15,0.8118861952908036,0.8118861952908036
5,ENALAPRIL 10MG,2026-04-19,1.0,0.1881138047091964,2025-12-28,16,0.8118861952908036,0.8118861952908036
5,ENALAPRIL 10MG,2026-04-26,0.0,0.1881138047091964,2025-12-28,17,-0.1881138047091964,0.1881138047091964
5,ENALAPRIL 10MG,2026-05-03,2.0,0.1881138047091964,2025-12-28,18,1.8118861952908036,1.8118861952908036
5,ENALAPRIL 10MG,2026-05-10,0.0,0.1881138047091964,2025-12-28,19,-0.1881138047091964,0.1881138047091964
5,ENALAPRIL 10MG,2026-05-17,0.0,0.1881138047091964,2025-12-28,20,-0.1881138047091964,0.1881138047091964
5,ENALAPRIL 10MG,2026-05-24,1.0,0.1881138047091964,2025-12-28,21,0.8118861952908036,0.8118861952908036
5,ENALAPRIL 10MG,2026-05-31,1.0,0.1881138047091964,2025-12-28,22,0.8118861952908036,0.8118861952908036
5,ENALAPRIL 10MG,2026-06-07,1.0,0.1881138047091964,2025-12-28,23,0.8118861952908036,0.8118861952908036
5,ENALAPRIL 10MG,2026-06-14,0.0,0.1881138047091964,2025-12-28,24,-0.1881138047091964,0.1881138047091964
5,ENALAPRIL 10MG,2026-06-21,0.0,0.1881138047091964,2025-12-28,25,-0.1881138047091964,0.1881138047091964
5,ENALAPRIL 10MG,2026-06-28,1.0,0.1881138047091964,2025-12-28,26,0.8118861952908036,0.8118861952908036
5,ENALAPRIL 10MG,2026-07-05,0.0,0.1881138047091964,2025-12-28,27,-0.1881138047091964,0.1881138047091964
5,ENALAPRIL 10MG,2026-07-12,2.0,0.1881138047091964,2025-12-28,28,1.8118861952908036,1.8118861952908036
5,ENALAPRIL 10MG,2026-07-19,0.0,0.1881138047091964,2025-12-28,29,-0.1881138047091964,0.1881138047091964
5,ENALAPRIL 10MG,2026-07-26,0.0,0.1881138047091964,2025-12-28,30,-0.1881138047091964,0.1881138047091964
5,IBUPROFENO TABX800,2026-01-11,0.0,-4.824558165895671e-06,2025-12-28,2,4.824558165895671e-06,4.824558165895671e-06
5,IBUPROFENO TABX800,2026-01-18,0.0,-4.824558165895671e-06,2025-12-28,3,4.824558165895671e-06,4.824558165895671e-06
5,IBUPROFENO TABX800,2026-01-25,0.0,-4.824558165895671e-06,2025-12-28,4,4.824558165895671e-06,4.824558165895671e-06
5,IBUPROFENO TABX800,2026-02-01,0.0,-4.824558165895671e-06,2025-12-28,5,4.824558165895671e-06,4.824558165895671e-06
5,IBUPROFENO TABX800,2026-02-08,0.0,-4.824558165895671e-06,2025-12-28,6,4.824558165895671e-06,4.824558165895671e-06
5,IBUPROFENO TABX800,2026-02-15,0.0,-4.824558165895671e-06,2025-12-28,7,4.824558165895671e-06,4.824558165895671e-06
5,IBUPROFENO TABX800,2026-02-22,0.0,-4.824558165895671e-06,2025-12-28,8,4.824558165895671e-06,4.824558165895671e-06
5,IBUPROFENO TABX800,2026-03-01,0.0,-4.824558165895671e-06,2025-12-28,9,4.824558165895671e-06,4.824558165895671e-06
5,IBUPROFENO TABX800,2026-03-08,0.0,-4.824558165895671e-06,2025-12-28,10,4.824558165895671e-06,4.824558165895671e-06
5,IBUPROFENO TABX800,2026-03-15,0.0,-4.824558165895671e-06,2025-12-28,11,4.824558165895671e-06,4.824558165895671e-06
5,IBUPROFENO TABX800,2026-03-22,0.0,-4.824558165895671e-06,2025-12-28,12,4.824558165895671e-06,4.824558165895671e-06
5,IBUPROFENO TABX800,2026-03-29,0.0,-4.824558165895671e-06,2025-12-28,13,4.824558165895671e-06,4.824558165895671e-06
5,IBUPROFENO TABX800,2026-04-05,0.0,-4.824558165895671e-06,2025-12-28,14,4.824558165895671e-06,4.824558165895671e-06
5,IBUPROFENO TABX800,2026-04-12,0.0,-4.824558165895671e-06,2025-12-28,15,4.824558165895671e-06,4.824558165895671e-06
5,IBUPROFENO TABX800,2026-04-19,0.0,-4.824558165895671e-06,2025-12-28,16,4.824558165895671e-06,4.824558165895671e-06
5,IBUPROFENO TABX800,2026-04-26,0.0,-4.824558165895671e-06,2025-12-28,17,4.824558165895671e-06,4.824558165895671e-06
5,IBUPROFENO TABX800,2026-05-03,0.0,-4.824558165895671e-06,2025-12-28,18,4.824558165895671e-06,4.824558165895671e-06
5,IBUPROFENO TABX800,2026-05-10,0.0,-4.824558165895671e-06,2025-12-28,19,4.824558165895671e-06,4.824558165895671e-06
5,IBUPROFENO TABX800,2026-05-17,0.0,-4.824558165895671e-06,2025-12-28,20,4.824558165895671e-06,4.824558165895671e-06
5,IBUPROFENO TABX800,2026-05-24,0.0,-4.824558165895671e-06,2025-12-28,21,4.824558165895671e-06,4.824558165895671e-06
5,IBUPROFENO TABX800,2026-05-31,0.0,-4.824558165895671e-06,2025-12-28,22,4.824558165895671e-06,4.824558165895671e-06
5,IBUPROFENO TABX800,2026-06-07,0.0,-4.824558165895671e-06,2025-12-28,23,4.824558165895671e-06,4.824558165895671e-06
5,IBUPROFENO TABX800,2026-06-14,0.0,-4.824558165895671e-06,2025-12-28,24,4.824558165895671e-06,4.824558165895671e-06
5,IBUPROFENO TABX800,2026-06-21,0.0,-4.824558165895671e-06,2025-12-28,25,4.824558165895671e-06,4.824558165895671e-06
5,IBUPROFENO TABX800,2026-06-28,0.0,-4.824558165895671e-06,2025-12-28,26,4.824558165895671e-06,4.824558165895671e-06
5,IBUPROFENO TABX800,2026-07-05,0.0,-4.824558165895671e-06,2025-12-28,27,4.824558165895671e-06,4.824558165895671e-06
5,IBUPROFENO TABX800,2026-07-12,0.0,-4.824558165895671e-06,2025-12-28,28,4.824558165895671e-06,4.824558165895671e-06
5,IBUPROFENO TABX800,2026-07-19,0.0,-4.824558165895671e-06,2025-12-28,29,4.824558165895671e-06,4.824558165895671e-06
5,IBUPROFENO TABX800,2026-07-26,0.0,-4.824558165895671e-06,2025-12-28,30,4.824558165895671e-06,4.824558165895671e-06
5,METFORMINA 850MG,2026-01-11,0.0,0.3286346171885699,2025-12-28,2,-0.3286346171885699,0.3286346171885699
5,METFORMINA 850MG,2026-01-18,0.0,0.22374711322165425,2025-12-28,3,-0.22374711322165425,0.22374711322165425
5,METFORMINA 850MG,2026-01-25,0.0,0.20279340119104194,2025-12-28,4,-0.20279340119104194,0.20279340119104194
5,METFORMINA 850MG,2026-02-01,0.0,0.2708806993009181,2025-12-28,5,-0.2708806993009181,0.2708806993009181
5,METFORMINA 850MG,2026-02-08,0.0,0.32945946396667525,2025-12-28,6,-0.32945946396667525,0.32945946396667525
5,METFORMINA 850MG,2026-02-15,0.0,0.31325057249096055,2025-12-28,7,-0.31325057249096055,0.31325057249096055
5,METFORMINA 850MG,2026-02-22,0.0,0.2578547492015298,2025-12-28,8,-0.2578547492015298,0.2578547492015298
5,METFORMINA 850MG,2026-03-01,0.0,0.23591815594713317,2025-12-28,9,-0.23591815594713317,0.23591815594713317
5,METFORMINA 850MG,2026-03-08,0.0,0.26511357132010593,2025-12-28,10,-0.26511357132010593,0.26511357132010593
5,METFORMINA 850MG,2026-03-15,0.0,0.3002495630496013,2025-12-28,11,-0.3002495630496013,0.3002495630496013
5,METFORMINA 850MG,2026-03-22,0.0,0.29953350233251314,2025-12-28,12,-0.29953350233251314,0.29953350233251314
5,METFORMINA 850MG,2026-03-29,0.0,0.2719113290427831,2025-12-28,13,-0.2719113290427831,0.2719113290427831
5,METFORMINA 850MG,2026-04-05,0.0,0.25527548766471103,2025-12-28,14,-0.25527548766471103,0.25527548766471103
5,METFORMINA 850MG,2026-04-12,0.0,0.26628761636688714,2025-12-28,15,-0.26628761636688714,0.26628761636688714
5,METFORMINA 850MG,2026-04-19,0.0,0.2860079161736604,2025-12-28,16,-0.2860079161736604,0.2860079161736604
5,METFORMINA 850MG,2026-04-26,1.0,0.28976262659292557,2025-12-28,17,0.7102373734070744,0.7102373734070744
5,METFORMINA 850MG,2026-05-03,1.0,0.2768462222219415,2025-12-28,18,0.7231537777780586,0.7231537777780586
5,METFORMINA 850MG,2026-05-10,0.0,0.26590400314836765,2025-12-28,19,-0.26590400314836765,0.26590400314836765
5,METFORMINA 850MG,2026-05-17,0.0,0.2690849194673553,2025-12-28,20,-0.2690849194673553,0.2690849194673553
5,METFORMINA 850MG,2026-05-24,0.0,0.27952790528009724,2025-12-28,21,-0.27952790528009724,0.27952790528009724
5,METFORMINA 850MG,2026-05-31,1.0,0.28356639510568915,2025-12-28,22,0.7164336048943108,0.7164336048943108
5,METFORMINA 850MG,2026-06-07,0.0,0.2780022944872641,2025-12-28,23,-0.2780022944872641,0.2780022944872641
5,METFORMINA 850MG,2026-06-14,1.0,0.27141602969562706,2025-12-28,24,0.7285839703043729,0.7285839703043729
5,METFORMINA 850MG,2026-06-21,0.0,0.2716209513063997,2025-12-28,25,-0.2716209513063997,0.2716209513063997
5,METFORMINA 850MG,2026-06-28,0.0,0.27684274078480225,2025-12-28,26,-0.27684274078480225,0.27684274078480225
5,METFORMINA 850MG,2026-07-05,0.0,0.2799338381562645,2025-12-28,27,-0.2799338381562645,0.2799338381562645
5,METFORMINA 850MG,2026-07-12,2.0,0.27781858826314515,2025-12-28,28,1.7221814117368548,1.7221814117368548
5,PARACETAMOL 500MG,2026-01-11,0.0,0.2115334685965797,2025-12-28,2,-0.2115334685965797,0.2115334685965797
5,PARACETAMOL 500MG,2026-01-18,0.0,0.2115334685965797,2025-12-28,3,-0.2115334685965797,0.2115334685965797
5,PARACETAMOL 500MG,2026-01-25,0.0,0.2115334685965797,2025-12-28,4,-0.2115334685965797,0.2115334685965797
5,PARACETAMOL 500MG,2026-02-01,0.0,0.2115334685965797,2025-12-28,5,-0.2115334685965797,0.2115334685965797
5,PARACETAMOL 500MG,2026-02-08,0.0,0.2115334685965797,2025-12-28,6,-0.2115334685965797,0.2115334685965797
5,PARACETAMOL 500MG,2026-02-15,0.0,0.2115334685965797,2025-12-28,7,-0.2115334685965797,0.2115334685965797
5,PARACETAMOL 500MG,2026-02-22,0.0,0.2115334685965797,2025-12-28,8,-0.2115334685965797,0.2115334685965797
5,PARACETAMOL 500MG,2026-03-01,0.0,0.2115334685965797,2025-12-28,9,-0.2115334685965797,0.2115334685965797
5,PARACETAMOL 500MG,2026-03-08,0.0,0.2115334685965797,2025-12-28,10,-0.2115334685965797,0.2115334685965797
5,PARACETAMOL 500MG,2026-03-15,0.0,0.2115334685965797,2025-12-28,11,-0.2115334685965797,0.2115334685965797
5,PARACETAMOL 500MG,2026-03-22,0.0,0.2115334685965797,2025-12-28,12,-0.2115334685965797,0.2115334685965797
5,PARACETAMOL 500MG,2026-03-29,0.0,0.2115334685965797,2025-12-28,13,-0.2115334685965797,0.2115334685965797
5,PARACETAMOL 500MG,2026-04-05,0.0,0.2115334685965797,2025-12-28,14,-0.2115334685965797,0.2115334685965797
5,PARACETAMOL 500MG,2026-04-12,0.0,0.2115334685965797,2025-12-28,15,-0.2115334685965797,0.2115334685965797
5,PARACETAMOL 500MG,2026-04-19,1.0,0.2115334685965797,2025-12-28,16,0.7884665314034203,0.7884665314034203
5,PARACETAMOL 500MG,2026-04-26,0.0,0.2115334685965797,2025-12-28,17,-0.2115334685965797,0.2115334685965797
5,PARACETAMOL 500MG,2026-05-03,0.0,0.2115334685965797,2025-12-28,18,-0.2115334685965797,0.2115334685965797
5,PARACETAMOL 500MG,2026-05-10,0.0,0.2115334685965797,2025-12-28,19,-0.2115334685965797,0.2115334685965797
5,PARACETAMOL 500MG,2026-05-17,0.0,0.2115334685965797,2025-12-28,20,-0.2115334685965797,0.2115334685965797
5,PARACETAMOL 500MG,2026-05-24,0.0,0.2115334685965797,2025-12-28,21,-0.2115334685965797,0.2115334685965797
5,PARACETAMOL 500MG,2026-05-31,0.0,0.2115334685965797,2025-12-28,22,-0.2115334685965797,0.2115334685965797
5,PARACETAMOL 500MG,2026-06-07,0.0,0.2115334685965797,2025-12-28,23,-0.2115334685965797,0.2115334685965797
5,PARACETAMOL 500MG,2026-06-14,0.0,0.2115334685965797,2025-12-28,24,-0.2115334685965797,0.2115334685965797
5,VITAMINA C+ZINC+D3,2026-01-11,1.0,1.7980718892747984,2025-12-28,2,-0.7980718892747984,0.7980718892747984
5,VITAMINA C+ZINC+D3,2026-01-18,1.0,1.7980718892747984,2025-12-28,3,-0.7980718892747984,0.7980718892747984
5,VITAMINA C+ZINC+D3,2026-01-25,2.0,1.7980718892747984,2025-12-28,4,0.20192811072520156,0.20192811072520156
5,VITAMINA C+ZINC+D3,2026-02-01,3.0,1.7980718892747984,2025-12-28,5,1.2019281107252016,1.2019281107252016
5,VITAMINA C+ZINC+D3,2026-02-08,1.0,1.7980718892747984,2025-12-28,6,-0.7980718892747984,0.7980718892747984
5,VITAMINA C+ZINC+D3,2026-02-15,1.0,1.7980718892747984,2025-12-28,7,-0.7980718892747984,0.7980718892747984
5,VITAMINA C+ZINC+D3,2026-02-22,2.0,1.7980718892747984,2025-12-28,8,0.20192811072520156,0.20192811072520156
5,VITAMINA C+ZINC+D3,2026-03-01,0.0,1.7980718892747984,2025-12-28,9,-1.7980718892747984,1.7980718892747984
5,VITAMINA C+ZINC+D3,2026-03-08,3.0,1.7980718892747984,2025-12-28,10,1.2019281107252016,1.2019281107252016
5,VITAMINA C+ZINC+D3,2026-03-15,1.0,1.7980718892747984,2025-12-28,11,-0.7980718892747984,0.7980718892747984
5,VITAMINA C+ZINC+D3,2026-03-22,2.0,1.7980718892747984,2025-12-28,12,0.20192811072520156,0.20192811072520156
5,VITAMINA C+ZINC+D3,2026-03-29,4.0,1.7980718892747984,2025-12-28,13,2.2019281107252016,2.2019281107252016
5,VITAMINA C+ZINC+D3,2026-04-05,1.0,1.7980718892747984,2025-12-28,14,-0.7980718892747984,0.7980718892747984
5,VITAMINA C+ZINC+D3,2026-04-12,0.0,1.7980718892747984,2025-12-28,15,-1.7980718892747984,1.7980718892747984
5,VITAMINA C+ZINC+D3,2026-04-19,2.0,1.7980718892747984,2025-12-28,16,0.20192811072520156,0.20192811072520156
5,VITAMINA C+ZINC+D3,2026-04-26,2.0,1.7980718892747984,2025-12-28,17,0.20192811072520156,0.20192811072520156
5,VITAMINA C+ZINC+D3,2026-05-03,0.0,1.7980718892747984,2025-12-28,18,-1.7980718892747984,1.7980718892747984
5,VITAMINA C+ZINC+D3,2026-05-10,3.0,1.7980718892747984,2025-12-28,19,1.2019281107252016,1.2019281107252016
5,VITAMINA C+ZINC+D3,2026-05-17,3.0,1.7980718892747984,2025-12-28,20,1.2019281107252016,1.2019281107252016
5,VITAMINA C+ZINC+D3,2026-05-24,1.0,1.7980718892747984,2025-12-28,21,-0.7980718892747984,0.7980718892747984
5,VITAMINA C+ZINC+D3,2026-05-31,1.0,1.7980718892747984,2025-12-28,22,-0.7980718892747984,0.7980718892747984
5,VITAMINA C+ZINC+D3,2026-06-07,2.0,1.7980718892747984,2025-12-28,23,0.20192811072520156,0.20192811072520156
5,VITAMINA C+ZINC+D3,2026-06-14,3.0,1.7980718892747984,2025-12-28,24,1.2019281107252016,1.2019281107252016
5,VITAMINA C+ZINC+D3,2026-06-21,0.0,1.7980718892747984,2025-12-28,25,-1.7980718892747984,1.7980718892747984
5,VITAMINA C+ZINC+D3,2026-06-28,6.0,1.7980718892747984,2025-12-28,26,4.201928110725202,4.201928110725202
5,VITAMINA C+ZINC+D3,2026-07-05,1.0,1.7980718892747984,2025-12-28,27,-0.7980718892747984,0.7980718892747984
5,VITAMINA C+ZINC+D3,2026-07-12,4.0,1.7980718892747984,2025-12-28,28,2.2019281107252016,2.2019281107252016
5,VITAMINA C+ZINC+D3,2026-07-19,0.0,1.7980718892747984,2025-12-28,29,-1.7980718892747984,1.7980718892747984
5,VITAMINA C+ZINC+D3,2026-07-26,3.0,1.7980718892747984,2025-12-28,30,1.2019281107252016,1.2019281107252016
6,AMOXICILINA 500MG,2026-01-11,0.0,0.013693672232418677,2025-12-28,2,-0.013693672232418677,0.013693672232418677
6,AMOXICILINA 500MG,2026-01-18,0.0,0.013693672232418677,2025-12-28,3,-0.013693672232418677,0.013693672232418677
6,AMOXICILINA 500MG,2026-01-25,0.0,0.013693672232418677,2025-12-28,4,-0.013693672232418677,0.013693672232418677
6,AMOXICILINA 500MG,2026-02-01,0.0,0.013693672232418677,2025-12-28,5,-0.013693672232418677,0.013693672232418677
6,AMOXICILINA 500MG,2026-02-08,0.0,0.013693672232418677,2025-12-28,6,-0.013693672232418677,0.013693672232418677
6,AMOXICILINA 500MG,2026-02-15,0.0,0.013693672232418677,2025-12-28,7,-0.013693672232418677,0.013693672232418677
6,AMOXICILINA 500MG,2026-02-22,0.0,0.013693672232418677,2025-12-28,8,-0.013693672232418677,0.013693672232418677
6,AMOXICILINA 500MG,2026-03-01,0.0,0.013693672232418677,2025-12-28,9,-0.013693672232418677,0.013693672232418677
6,AMOXICILINA 500MG,2026-03-08,0.0,0.013693672232418677,2025-12-28,10,-0.013693672232418677,0.013693672232418677
6,AMOXICILINA 500MG,2026-03-15,0.0,0.013693672232418677,2025-12-28,11,-0.013693672232418677,0.013693672232418677
6,AMOXICILINA 500MG,2026-03-22,0.0,0.013693672232418677,2025-12-28,12,-0.013693672232418677,0.013693672232418677
6,AMOXICILINA 500MG,2026-03-29,0.0,0.013693672232418677,2025-12-28,13,-0.013693672232418677,0.013693672232418677
6,AMOXICILINA 500MG,2026-04-05,0.0,0.013693672232418677,2025-12-28,14,-0.013693672232418677,0.013693672232418677
6,AMOXICILINA 500MG,2026-04-12,0.0,0.013693672232418677,2025-12-28,15,-0.013693672232418677,0.013693672232418677
6,AMOXICILINA 500MG,2026-04-19,0.0,0.013693672232418677,2025-12-28,16,-0.013693672232418677,0.013693672232418677
6,AMOXICILINA 500MG,2026-04-26,0.0,0.013693672232418677,2025-12-28,17,-0.013693672232418677,0.013693672232418677
6,AMOXICILINA 500MG,2026-05-03,0.0,0.013693672232418677,2025-12-28,18,-0.013693672232418677,0.013693672232418677
6,AMOXICILINA 500MG,2026-05-10,0.0,0.013693672232418677,2025-12-28,19,-0.013693672232418677,0.013693672232418677
6,AMOXICILINA 500MG,2026-05-17,0.0,0.013693672232418677,2025-12-28,20,-0.013693672232418677,0.013693672232418677
6,AMOXICILINA 500MG,2026-05-24,0.0,0.013693672232418677,2025-12-28,21,-0.013693672232418677,0.013693672232418677
6,AMOXICILINA 500MG,2026-05-31,0.0,0.013693672232418677,2025-12-28,22,-0.013693672232418677,0.013693672232418677
6,AZITROMICINA 500MG,2026-01-11,0.0,0.009610410240262294,2025-12-28,2,-0.009610410240262294,0.009610410240262294
6,AZITROMICINA 500MG,2026-01-18,0.0,0.009610410240262294,2025-12-28,3,-0.009610410240262294,0.009610410240262294
6,AZITROMICINA 500MG,2026-01-25,0.0,0.009610410240262294,2025-12-28,4,-0.009610410240262294,0.009610410240262294
6,AZITROMICINA 500MG,2026-02-01,0.0,0.009610410240262294,2025-12-28,5,-0.009610410240262294,0.009610410240262294
6,AZITROMICINA 500MG,2026-02-08,0.0,0.009610410240262294,2025-12-28,6,-0.009610410240262294,0.009610410240262294
6,AZITROMICINA 500MG,2026-02-15,0.0,0.009610410240262294,2025-12-28,7,-0.009610410240262294,0.009610410240262294
6,AZITROMICINA 500MG,2026-02-22,0.0,0.009610410240262294,2025-12-28,8,-0.009610410240262294,0.009610410240262294
6,AZITROMICINA 500MG,2026-03-01,0.0,0.009610410240262294,2025-12-28,9,-0.009610410240262294,0.009610410240262294
6,AZITROMICINA 500MG,2026-03-08,0.0,0.009610410240262294,2025-12-28,10,-0.009610410240262294,0.009610410240262294
6,AZITROMICINA 500MG,2026-03-15,0.0,0.009610410240262294,2025-12-28,11,-0.009610410240262294,0.009610410240262294
6,AZITROMICINA 500MG,2026-03-22,0.0,0.009610410240262294,2025-12-28,12,-0.009610410240262294,0.009610410240262294
6,AZITROMICINA 500MG,2026-03-29,0.0,0.009610410240262294,2025-12-28,13,-0.009610410240262294,0.009610410240262294
6,AZITROMICINA 500MG,2026-04-05,0.0,0.009610410240262294,2025-12-28,14,-0.009610410240262294,0.009610410240262294
6,AZITROMICINA 500MG,2026-04-12,0.0,0.009610410240262294,2025-12-28,15,-0.009610410240262294,0.009610410240262294
6,AZITROMICINA 500MG,2026-04-19,0.0,0.009610410240262294,2025-12-28,16,-0.009610410240262294,0.009610410240262294
6,AZITROMICINA 500MG,2026-04-26,0.0,0.009610410240262294,2025-12-28,17,-0.009610410240262294,0.009610410240262294
6,AZITROMICINA 500MG,2026-05-03,0.0,0.009610410240262294,2025-12-28,18,-0.009610410240262294,0.009610410240262294
6,AZITROMICINA 500MG,2026-05-10,0.0,0.009610410240262294,2025-12-28,19,-0.009610410240262294,0.009610410240262294
6,AZITROMICINA 500MG,2026-05-17,0.0,0.009610410240262294,2025-12-28,20,-0.009610410240262294,0.009610410240262294
6,AZITROMICINA 500MG,2026-05-24,0.0,0.009610410240262294,2025-12-28,21,-0.009610410240262294,0.009610410240262294
6,AZITROMICINA 500MG,2026-05-31,0.0,0.009610410240262294,2025-12-28,22,-0.009610410240262294,0.009610410240262294
6,AZITROMICINA 500MG,2026-06-07,0.0,0.009610410240262294,2025-12-28,23,-0.009610410240262294,0.009610410240262294
6,AZITROMICINA 500MG,2026-06-14,0.0,0.009610410240262294,2025-12-28,24,-0.009610410240262294,0.009610410240262294
6,AZITROMICINA 500MG,2026-06-21,0.0,0.009610410240262294,2025-12-28,25,-0.009610410240262294,0.009610410240262294
6,AZITROMICINA 500MG,2026-06-28,0.0,0.009610410240262294,2025-12-28,26,-0.009610410240262294,0.009610410240262294
6,AZITROMICINA 500MG,2026-07-05,0.0,0.009610410240262294,2025-12-28,27,-0.009610410240262294,0.009610410240262294
6,AZITROMICINA 500MG,2026-07-12,0.0,0.009610410240262294,2025-12-28,28,-0.009610410240262294,0.009610410240262294
6,AZITROMICINA 500MG,2026-07-19,0.0,0.009610410240262294,2025-12-28,29,-0.009610410240262294,0.009610410240262294
6,AZITROMICINA 500MG,2026-07-26,0.0,0.009610410240262294,2025-12-28,30,-0.009610410240262294,0.009610410240262294
6,AZITROMICINA 500MG,2026-08-02,0.0,0.009610410240262294,2025-12-28,31,-0.009610410240262294,0.009610410240262294
6,DIMENHIDRINATO 50MG,2026-01-11,0.0,-4.824558165895671e-06,2025-12-28,2,4.824558165895671e-06,4.824558165895671e-06
6,DIMENHIDRINATO 50MG,2026-01-18,0.0,-4.824558165895671e-06,2025-12-28,3,4.824558165895671e-06,4.824558165895671e-06
6,DIMENHIDRINATO 50MG,2026-01-25,0.0,-4.824558165895671e-06,2025-12-28,4,4.824558165895671e-06,4.824558165895671e-06
6,DIMENHIDRINATO 50MG,2026-02-01,0.0,-4.824558165895671e-06,2025-12-28,5,4.824558165895671e-06,4.824558165895671e-06
6,DIMENHIDRINATO 50MG,2026-02-08,0.0,-4.824558165895671e-06,2025-12-28,6,4.824558165895671e-06,4.824558165895671e-06
6,DIMENHIDRINATO 50MG,2026-02-15,0.0,-4.824558165895671e-06,2025-12-28,7,4.824558165895671e-06,4.824558165895671e-06
6,DIMENHIDRINATO 50MG,2026-02-22,0.0,-4.824558165895671e-06,2025-12-28,8,4.824558165895671e-06,4.824558165895671e-06
6,DIMENHIDRINATO 50MG,2026-03-01,0.0,-4.824558165895671e-06,2025-12-28,9,4.824558165895671e-06,4.824558165895671e-06
6,DIMENHIDRINATO 50MG,2026-03-08,0.0,-4.824558165895671e-06,2025-12-28,10,4.824558165895671e-06,4.824558165895671e-06
6,DIMENHIDRINATO 50MG,2026-03-15,0.0,-4.824558165895671e-06,2025-12-28,11,4.824558165895671e-06,4.824558165895671e-06
6,DIMENHIDRINATO 50MG,2026-03-22,0.0,-4.824558165895671e-06,2025-12-28,12,4.824558165895671e-06,4.824558165895671e-06
6,DIMENHIDRINATO 50MG,2026-03-29,0.0,-4.824558165895671e-06,2025-12-28,13,4.824558165895671e-06,4.824558165895671e-06
6,DIMENHIDRINATO 50MG,2026-04-05,0.0,-4.824558165895671e-06,2025-12-28,14,4.824558165895671e-06,4.824558165895671e-06
6,DIMENHIDRINATO 50MG,2026-04-12,0.0,-4.824558165895671e-06,2025-12-28,15,4.824558165895671e-06,4.824558165895671e-06
6,DIMENHIDRINATO 50MG,2026-04-19,0.0,-4.824558165895671e-06,2025-12-28,16,4.824558165895671e-06,4.824558165895671e-06
6,DIMENHIDRINATO 50MG,2026-04-26,0.0,-4.824558165895671e-06,2025-12-28,17,4.824558165895671e-06,4.824558165895671e-06
6,DIMENHIDRINATO 50MG,2026-05-03,0.0,-4.824558165895671e-06,2025-12-28,18,4.824558165895671e-06,4.824558165895671e-06
6,DIMENHIDRINATO 50MG,2026-05-10,0.0,-4.824558165895671e-06,2025-12-28,19,4.824558165895671e-06,4.824558165895671e-06
6,DIMENHIDRINATO 50MG,2026-05-17,0.0,-4.824558165895671e-06,2025-12-28,20,4.824558165895671e-06,4.824558165895671e-06
6,DIMENHIDRINATO 50MG,2026-05-24,0.0,-4.824558165895671e-06,2025-12-28,21,4.824558165895671e-06,4.824558165895671e-06
6,DIMENHIDRINATO 50MG,2026-05-31,0.0,-4.824558165895671e-06,2025-12-28,22,4.824558165895671e-06,4.824558165895671e-06
6,DIMENHIDRINATO 50MG,2026-06-07,0.0,-4.824558165895671e-06,2025-12-28,23,4.824558165895671e-06,4.824558165895671e-06
6,DIMENHIDRINATO 50MG,2026-06-14,0.0,-4.824558165895671e-06,2025-12-28,24,4.824558165895671e-06,4.824558165895671e-06
6,DIMENHIDRINATO 50MG,2026-06-21,0.0,-4.824558165895671e-06,2025-12-28,25,4.824558165895671e-06,4.824558165895671e-06
6,ENALAPRIL 10MG,2026-01-11,0.0,0.45111319078600165,2025-12-28,2,-0.45111319078600165,0.45111319078600165
6,ENALAPRIL 10MG,2026-01-18,1.0,0.3163612065367094,2025-12-28,3,0.6836387934632906,0.6836387934632906
6,ENALAPRIL 10MG,2026-01-25,0.0,0.257088324360132,2025-12-28,4,-0.257088324360132,0.257088324360132
6,ENALAPRIL 10MG,2026-02-01,0.0,0.18945138678389922,2025-12-28,5,-0.18945138678389922,0.18945138678389922
6,ENALAPRIL 10MG,2026-02-08,0.0,0.3370276603182117,2025-12-28,6,-0.3370276603182117,0.3370276603182117
6,ENALAPRIL 10MG,2026-02-15,0.0,0.24515687808932896,2025-12-28,7,-0.24515687808932896,0.24515687808932896
6,ENALAPRIL 10MG,2026-02-22,1.0,0.2578894985717365,2025-12-28,8,0.7421105014282635,0.7421105014282635
6,ENALAPRIL 10MG,2026-03-01,1.0,0.2681505764352676,2025-12-28,9,0.7318494235647324,0.7318494235647324
6,ENALAPRIL 10MG,2026-03-08,0.0,0.2733109847582124,2025-12-28,10,-0.2733109847582124,0.2733109847582124
6,ENALAPRIL 10MG,2026-03-15,0.0,0.25744956603364993,2025-12-28,11,-0.25744956603364993,0.25744956603364993
6,ENALAPRIL 10MG,2026-03-22,0.0,0.267730178549079,2025-12-28,12,-0.267730178549079,0.267730178549079
6,ENALAPRIL 10MG,2026-03-29,0.0,0.2665025293606515,2025-12-28,13,-0.2665025293606515,0.2665025293606515
6,ENALAPRIL 10MG,2026-04-05,0.0,0.26497312492421404,2025-12-28,14,-0.26497312492421404,0.26497312492421404
6,ENALAPRIL 10MG,2026-04-12,0.0,0.2646585496520153,2025-12-28,15,-0.2646585496520153,0.2646585496520153
6,ENALAPRIL 10MG,2026-04-19,0.0,0.26636781080175304,2025-12-28,16,-0.26636781080175304,0.26636781080175304
6,ENALAPRIL 10MG,2026-04-26,0.0,0.26520755447770006,2025-12-28,17,-0.26520755447770006,0.26520755447770006
6,ENALAPRIL 10MG,2026-05-03,0.0,0.2653298448407568,2025-12-28,18,-0.2653298448407568,0.2653298448407568
6,ENALAPRIL 10MG,2026-05-10,0.0,0.2655411266165963,2025-12-28,19,-0.2655411266165963,0.2655411266165963
6,ENALAPRIL 10MG,2026-05-17,1.0,0.26554737990700267,2025-12-28,20,0.7344526200929973,0.7344526200929973
6,ENALAPRIL 10MG,2026-05-24,1.0,0.26536282576410636,2025-12-28,21,0.7346371742358937,0.7346371742358937
6,ENALAPRIL 10MG,2026-05-31,3.0,0.2654947743812245,2025-12-28,22,2.7345052256187756,2.7345052256187756
6,ENALAPRIL 10MG,2026-06-07,0.0,0.2654820279155544,2025-12-28,23,-0.2654820279155544,0.2654820279155544
6,ENALAPRIL 10MG,2026-06-14,0.0,0.26545415079628826,2025-12-28,24,-0.26545415079628826,0.26545415079628826
6,ENALAPRIL 10MG,2026-06-21,0.0,0.26545666536532336,2025-12-28,25,-0.26545666536532336,0.26545666536532336
6,ENALAPRIL 10MG,2026-06-28,0.0,0.2654766163423439,2025-12-28,26,-0.2654766163423439,0.2654766163423439
6,ENALAPRIL 10MG,2026-07-05,0.0,0.2654615099535651,2025-12-28,27,-0.2654615099535651,0.2654615099535651
6,ENALAPRIL 10MG,2026-07-12,0.0,0.26546291264115485,2025-12-28,28,-0.26546291264115485,0.26546291264115485
6,ENALAPRIL 10MG,2026-07-19,0.0,0.26546647931125833,2025-12-28,29,-0.26546647931125833,0.26546647931125833
6,ENALAPRIL 10MG,2026-07-26,0.0,0.26546583825716,2025-12-28,30,-0.26546583825716,0.26546583825716
6,ENALAPRIL 10MG,2026-08-02,0.0,0.26546368064404674,2025-12-28,31,-0.26546368064404674,0.26546368064404674
6,IBUPROFENO TABX800,2026-01-11,0.0,-4.824558165895671e-06,2025-12-28,2,4.824558165895671e-06,4.824558165895671e-06
6,IBUPROFENO TABX800,2026-01-18,0.0,-4.824558165895671e-06,2025-12-28,3,4.824558165895671e-06,4.824558165895671e-06
6,IBUPROFENO TABX800,2026-01-25,0.0,-4.824558165895671e-06,2025-12-28,4,4.824558165895671e-06,4.824558165895671e-06
6,IBUPROFENO TABX800,2026-02-01,0.0,-4.824558165895671e-06,2025-12-28,5,4.824558165895671e-06,4.824558165895671e-06
6,IBUPROFENO TABX800,2026-02-08,0.0,-4.824558165895671e-06,2025-12-28,6,4.824558165895671e-06,4.824558165895671e-06
6,IBUPROFENO TABX800,2026-02-15,0.0,-4.824558165895671e-06,2025-12-28,7,4.824558165895671e-06,4.824558165895671e-06
6,IBUPROFENO TABX800,2026-02-22,0.0,-4.824558165895671e-06,2025-12-28,8,4.824558165895671e-06,4.824558165895671e-06
6,IBUPROFENO TABX800,2026-03-01,0.0,-4.824558165895671e-06,2025-12-28,9,4.824558165895671e-06,4.824558165895671e-06
6,IBUPROFENO TABX800,2026-03-08,0.0,-4.824558165895671e-06,2025-12-28,10,4.824558165895671e-06,4.824558165895671e-06
6,IBUPROFENO TABX800,2026-03-15,0.0,-4.824558165895671e-06,2025-12-28,11,4.824558165895671e-06,4.824558165895671e-06
6,IBUPROFENO TABX800,2026-03-22,0.0,-4.824558165895671e-06,2025-12-28,12,4.824558165895671e-06,4.824558165895671e-06
6,IBUPROFENO TABX800,2026-03-29,0.0,-4.824558165895671e-06,2025-12-28,13,4.824558165895671e-06,4.824558165895671e-06
6,IBUPROFENO TABX800,2026-04-05,0.0,-4.824558165895671e-06,2025-12-28,14,4.824558165895671e-06,4.824558165895671e-06
6,IBUPROFENO TABX800,2026-04-12,0.0,-4.824558165895671e-06,2025-12-28,15,4.824558165895671e-06,4.824558165895671e-06
6,IBUPROFENO TABX800,2026-04-19,0.0,-4.824558165895671e-06,2025-12-28,16,4.824558165895671e-06,4.824558165895671e-06
6,IBUPROFENO TABX800,2026-04-26,0.0,-4.824558165895671e-06,2025-12-28,17,4.824558165895671e-06,4.824558165895671e-06
6,IBUPROFENO TABX800,2026-05-03,0.0,-4.824558165895671e-06,2025-12-28,18,4.824558165895671e-06,4.824558165895671e-06
6,IBUPROFENO TABX800,2026-05-10,0.0,-4.824558165895671e-06,2025-12-28,19,4.824558165895671e-06,4.824558165895671e-06
6,IBUPROFENO TABX800,2026-05-17,0.0,-4.824558165895671e-06,2025-12-28,20,4.824558165895671e-06,4.824558165895671e-06
6,IBUPROFENO TABX800,2026-05-24,0.0,-4.824558165895671e-06,2025-12-28,21,4.824558165895671e-06,4.824558165895671e-06
6,IBUPROFENO TABX800,2026-05-31,0.0,-4.824558165895671e-06,2025-12-28,22,4.824558165895671e-06,4.824558165895671e-06
6,IBUPROFENO TABX800,2026-06-07,0.0,-4.824558165895671e-06,2025-12-28,23,4.824558165895671e-06,4.824558165895671e-06
6,IBUPROFENO TABX800,2026-06-14,0.0,-4.824558165895671e-06,2025-12-28,24,4.824558165895671e-06,4.824558165895671e-06
6,IBUPROFENO TABX800,2026-06-21,0.0,-4.824558165895671e-06,2025-12-28,25,4.824558165895671e-06,4.824558165895671e-06
6,IBUPROFENO TABX800,2026-06-28,0.0,-4.824558165895671e-06,2025-12-28,26,4.824558165895671e-06,4.824558165895671e-06
6,IBUPROFENO TABX800,2026-07-05,0.0,-4.824558165895671e-06,2025-12-28,27,4.824558165895671e-06,4.824558165895671e-06
6,IBUPROFENO TABX800,2026-07-12,0.0,-4.824558165895671e-06,2025-12-28,28,4.824558165895671e-06,4.824558165895671e-06
6,IBUPROFENO TABX800,2026-07-19,0.0,-4.824558165895671e-06,2025-12-28,29,4.824558165895671e-06,4.824558165895671e-06
6,IBUPROFENO TABX800,2026-07-26,0.0,-4.824558165895671e-06,2025-12-28,30,4.824558165895671e-06,4.824558165895671e-06
6,LOPERAMIDA 2MG,2026-01-11,0.0,-4.82455816589565e-06,2025-12-28,2,4.82455816589565e-06,4.82455816589565e-06
6,LOPERAMIDA 2MG,2026-01-18,0.0,-4.82455816589565e-06,2025-12-28,3,4.82455816589565e-06,4.82455816589565e-06
6,LOPERAMIDA 2MG,2026-01-25,0.0,-4.82455816589565e-06,2025-12-28,4,4.82455816589565e-06,4.82455816589565e-06
6,LOPERAMIDA 2MG,2026-02-01,0.0,-4.82455816589565e-06,2025-12-28,5,4.82455816589565e-06,4.82455816589565e-06
6,LOPERAMIDA 2MG,2026-02-08,0.0,-4.82455816589565e-06,2025-12-28,6,4.82455816589565e-06,4.82455816589565e-06
6,LOPERAMIDA 2MG,2026-02-15,0.0,-4.82455816589565e-06,2025-12-28,7,4.82455816589565e-06,4.82455816589565e-06
6,LOPERAMIDA 2MG,2026-02-22,0.0,-4.82455816589565e-06,2025-12-28,8,4.82455816589565e-06,4.82455816589565e-06
6,LOPERAMIDA 2MG,2026-03-01,0.0,-4.82455816589565e-06,2025-12-28,9,4.82455816589565e-06,4.82455816589565e-06
6,LOPERAMIDA 2MG,2026-03-08,0.0,-4.82455816589565e-06,2025-12-28,10,4.82455816589565e-06,4.82455816589565e-06
6,LOPERAMIDA 2MG,2026-03-15,0.0,-4.82455816589565e-06,2025-12-28,11,4.82455816589565e-06,4.82455816589565e-06
6,LOPERAMIDA 2MG,2026-03-22,0.0,-4.82455816589565e-06,2025-12-28,12,4.82455816589565e-06,4.82455816589565e-06
6,LOPERAMIDA 2MG,2026-03-29,0.0,-4.82455816589565e-06,2025-12-28,13,4.82455816589565e-06,4.82455816589565e-06
6,LOPERAMIDA 2MG,2026-04-05,0.0,-4.82455816589565e-06,2025-12-28,14,4.82455816589565e-06,4.82455816589565e-06
6,LOPERAMIDA 2MG,2026-04-12,0.0,-4.82455816589565e-06,2025-12-28,15,4.82455816589565e-06,4.82455816589565e-06
6,LOPERAMIDA 2MG,2026-04-19,0.0,-4.82455816589565e-06,2025-12-28,16,4.82455816589565e-06,4.82455816589565e-06
6,LOPERAMIDA 2MG,2026-04-26,0.0,-4.82455816589565e-06,2025-12-28,17,4.82455816589565e-06,4.82455816589565e-06
6,LOPERAMIDA 2MG,2026-05-03,0.0,-4.82455816589565e-06,2025-12-28,18,4.82455816589565e-06,4.82455816589565e-06
6,LOPERAMIDA 2MG,2026-05-10,0.0,-4.82455816589565e-06,2025-12-28,19,4.82455816589565e-06,4.82455816589565e-06
6,LOPERAMIDA 2MG,2026-05-17,0.0,-4.82455816589565e-06,2025-12-28,20,4.82455816589565e-06,4.82455816589565e-06
6,LOPERAMIDA 2MG,2026-05-24,0.0,-4.82455816589565e-06,2025-12-28,21,4.82455816589565e-06,4.82455816589565e-06
6,LOPERAMIDA 2MG,2026-05-31,0.0,-4.82455816589565e-06,2025-12-28,22,4.82455816589565e-06,4.82455816589565e-06
6,LOPERAMIDA 2MG,2026-06-07,0.0,-4.82455816589565e-06,2025-12-28,23,4.82455816589565e-06,4.82455816589565e-06
6,LOPERAMIDA 2MG,2026-06-14,0.0,-4.82455816589565e-06,2025-12-28,24,4.82455816589565e-06,4.82455816589565e-06
6,LOPERAMIDA 2MG,2026-06-21,0.0,-4.82455816589565e-06,2025-12-28,25,4.82455816589565e-06,4.82455816589565e-06
6,LOPERAMIDA 2MG,2026-06-28,0.0,-4.82455816589565e-06,2025-12-28,26,4.82455816589565e-06,4.82455816589565e-06
6,LOPERAMIDA 2MG,2026-07-05,0.0,-4.82455816589565e-06,2025-12-28,27,4.82455816589565e-06,4.82455816589565e-06
6,LOPERAMIDA 2MG,2026-07-12,0.0,-4.82455816589565e-06,2025-12-28,28,4.82455816589565e-06,4.82455816589565e-06
6,LOPERAMIDA 2MG,2026-07-19,0.0,-4.82455816589565e-06,2025-12-28,29,4.82455816589565e-06,4.82455816589565e-06
6,LOPERAMIDA 2MG,2026-07-26,0.0,-4.82455816589565e-06,2025-12-28,30,4.82455816589565e-06,4.82455816589565e-06
6,LOPERAMIDA 2MG,2026-08-02,0.0,-4.82455816589565e-06,2025-12-28,31,4.82455816589565e-06,4.82455816589565e-06
6,METFORMINA 850MG,2026-01-11,0.0,0.25961040046005185,2025-12-28,2,-0.25961040046005185,0.25961040046005185
6,METFORMINA 850MG,2026-01-18,0.0,0.25961040046005185,2025-12-28,3,-0.25961040046005185,0.25961040046005185
6,METFORMINA 850MG,2026-01-25,0.0,0.25961040046005185,2025-12-28,4,-0.25961040046005185,0.25961040046005185
6,METFORMINA 850MG,2026-02-01,0.0,0.25961040046005185,2025-12-28,5,-0.25961040046005185,0.25961040046005185
6,METFORMINA 850MG,2026-02-08,0.0,0.25961040046005185,2025-12-28,6,-0.25961040046005185,0.25961040046005185
6,METFORMINA 850MG,2026-02-15,0.0,0.25961040046005185,2025-12-28,7,-0.25961040046005185,0.25961040046005185
6,METFORMINA 850MG,2026-02-22,0.0,0.25961040046005185,2025-12-28,8,-0.25961040046005185,0.25961040046005185
6,METFORMINA 850MG,2026-03-01,0.0,0.25961040046005185,2025-12-28,9,-0.25961040046005185,0.25961040046005185
6,METFORMINA 850MG,2026-03-08,0.0,0.25961040046005185,2025-12-28,10,-0.25961040046005185,0.25961040046005185
6,METFORMINA 850MG,2026-03-15,0.0,0.25961040046005185,2025-12-28,11,-0.25961040046005185,0.25961040046005185
6,METFORMINA 850MG,2026-03-22,0.0,0.25961040046005185,2025-12-28,12,-0.25961040046005185,0.25961040046005185
6,METFORMINA 850MG,2026-03-29,0.0,0.25961040046005185,2025-12-28,13,-0.25961040046005185,0.25961040046005185
6,METFORMINA 850MG,2026-04-05,0.0,0.25961040046005185,2025-12-28,14,-0.25961040046005185,0.25961040046005185
6,METFORMINA 850MG,2026-04-12,0.0,0.25961040046005185,2025-12-28,15,-0.25961040046005185,0.25961040046005185
6,METFORMINA 850MG,2026-04-19,0.0,0.25961040046005185,2025-12-28,16,-0.25961040046005185,0.25961040046005185
6,METFORMINA 850MG,2026-04-26,0.0,0.25961040046005185,2025-12-28,17,-0.25961040046005185,0.25961040046005185
6,METFORMINA 850MG,2026-05-03,0.0,0.25961040046005185,2025-12-28,18,-0.25961040046005185,0.25961040046005185
6,METFORMINA 850MG,2026-05-10,0.0,0.25961040046005185,2025-12-28,19,-0.25961040046005185,0.25961040046005185
6,METFORMINA 850MG,2026-05-17,0.0,0.25961040046005185,2025-12-28,20,-0.25961040046005185,0.25961040046005185
6,METFORMINA 850MG,2026-05-24,0.0,0.25961040046005185,2025-12-28,21,-0.25961040046005185,0.25961040046005185
6,METFORMINA 850MG,2026-05-31,0.0,0.25961040046005185,2025-12-28,22,-0.25961040046005185,0.25961040046005185
6,METFORMINA 850MG,2026-06-07,0.0,0.25961040046005185,2025-12-28,23,-0.25961040046005185,0.25961040046005185
6,METFORMINA 850MG,2026-06-14,0.0,0.25961040046005185,2025-12-28,24,-0.25961040046005185,0.25961040046005185
6,METFORMINA 850MG,2026-06-21,0.0,0.25961040046005185,2025-12-28,25,-0.25961040046005185,0.25961040046005185
6,METFORMINA 850MG,2026-06-28,0.0,0.25961040046005185,2025-12-28,26,-0.25961040046005185,0.25961040046005185
6,METFORMINA 850MG,2026-07-05,0.0,0.25961040046005185,2025-12-28,27,-0.25961040046005185,0.25961040046005185
6,METFORMINA 850MG,2026-07-12,0.0,0.25961040046005185,2025-12-28,28,-0.25961040046005185,0.25961040046005185
6,METFORMINA 850MG,2026-07-19,0.0,0.25961040046005185,2025-12-28,29,-0.25961040046005185,0.25961040046005185
6,METFORMINA 850MG,2026-07-26,0.0,0.25961040046005185,2025-12-28,30,-0.25961040046005185,0.25961040046005185
6,VITAMINA C+ZINC+D3,2026-01-11,0.0,0.9903796007857755,2025-12-28,2,-0.9903796007857755,0.9903796007857755
6,VITAMINA C+ZINC+D3,2026-01-18,2.0,0.9903796007857755,2025-12-28,3,1.0096203992142245,1.0096203992142245
6,VITAMINA C+ZINC+D3,2026-01-25,1.0,0.9903796007857755,2025-12-28,4,0.009620399214224529,0.009620399214224529
6,VITAMINA C+ZINC+D3,2026-02-01,2.0,0.9903796007857755,2025-12-28,5,1.0096203992142245,1.0096203992142245
6,VITAMINA C+ZINC+D3,2026-02-08,1.0,0.9903796007857755,2025-12-28,6,0.009620399214224529,0.009620399214224529
6,VITAMINA C+ZINC+D3,2026-02-15,0.0,0.9903796007857755,2025-12-28,7,-0.9903796007857755,0.9903796007857755
6,VITAMINA C+ZINC+D3,2026-02-22,4.0,0.9903796007857755,2025-12-28,8,3.0096203992142243,3.0096203992142243
6,VITAMINA C+ZINC+D3,2026-03-01,0.0,0.9903796007857755,2025-12-28,9,-0.9903796007857755,0.9903796007857755
6,VITAMINA C+ZINC+D3,2026-03-08,1.0,0.9903796007857755,2025-12-28,10,0.009620399214224529,0.009620399214224529
6,VITAMINA C+ZINC+D3,2026-03-15,5.0,0.9903796007857755,2025-12-28,11,4.009620399214224,4.009620399214224
6,VITAMINA C+ZINC+D3,2026-03-22,1.0,0.9903796007857755,2025-12-28,12,0.009620399214224529,0.009620399214224529
6,VITAMINA C+ZINC+D3,2026-03-29,2.0,0.9903796007857755,2025-12-28,13,1.0096203992142245,1.0096203992142245
6,VITAMINA C+ZINC+D3,2026-04-05,1.0,0.9903796007857755,2025-12-28,14,0.009620399214224529,0.009620399214224529
6,VITAMINA C+ZINC+D3,2026-04-12,1.0,0.9903796007857755,2025-12-28,15,0.009620399214224529,0.009620399214224529
6,VITAMINA C+ZINC+D3,2026-04-19,2.0,0.9903796007857755,2025-12-28,16,1.0096203992142245,1.0096203992142245
6,VITAMINA C+ZINC+D3,2026-04-26,0.0,0.9903796007857755,2025-12-28,17,-0.9903796007857755,0.9903796007857755
6,VITAMINA C+ZINC+D3,2026-05-03,4.0,0.9903796007857755,2025-12-28,18,3.0096203992142243,3.0096203992142243
6,VITAMINA C+ZINC+D3,2026-05-10,1.0,0.9903796007857755,2025-12-28,19,0.009620399214224529,0.009620399214224529
6,VITAMINA C+ZINC+D3,2026-05-17,4.0,0.9903796007857755,2025-12-28,20,3.0096203992142243,3.0096203992142243
6,VITAMINA C+ZINC+D3,2026-05-24,3.0,0.9903796007857755,2025-12-28,21,2.0096203992142243,2.0096203992142243
6,VITAMINA C+ZINC+D3,2026-05-31,0.0,0.9903796007857755,2025-12-28,22,-0.9903796007857755,0.9903796007857755
6,VITAMINA C+ZINC+D3,2026-06-07,3.0,0.9903796007857755,2025-12-28,23,2.0096203992142243,2.0096203992142243
6,VITAMINA C+ZINC+D3,2026-06-14,1.0,0.9903796007857755,2025-12-28,24,0.009620399214224529,0.009620399214224529
6,VITAMINA C+ZINC+D3,2026-06-21,0.0,0.9903796007857755,2025-12-28,25,-0.9903796007857755,0.9903796007857755
6,VITAMINA C+ZINC+D3,2026-06-28,3.0,0.9903796007857755,2025-12-28,26,2.0096203992142243,2.0096203992142243
6,VITAMINA C+ZINC+D3,2026-07-05,3.0,0.9903796007857755,2025-12-28,27,2.0096203992142243,2.0096203992142243
7,AMOXICILINA 500MG,2026-01-11,0.0,0.013152856377607762,2025-12-28,2,-0.013152856377607762,0.013152856377607762
7,AMOXICILINA 500MG,2026-01-18,0.0,0.013152856377607762,2025-12-28,3,-0.013152856377607762,0.013152856377607762
7,AMOXICILINA 500MG,2026-01-25,0.0,0.013152856377607762,2025-12-28,4,-0.013152856377607762,0.013152856377607762
7,AMOXICILINA 500MG,2026-02-01,0.0,0.013152856377607762,2025-12-28,5,-0.013152856377607762,0.013152856377607762
7,AMOXICILINA 500MG,2026-02-08,0.0,0.013152856377607762,2025-12-28,6,-0.013152856377607762,0.013152856377607762
7,AMOXICILINA 500MG,2026-02-15,0.0,0.013152856377607762,2025-12-28,7,-0.013152856377607762,0.013152856377607762
7,AMOXICILINA 500MG,2026-02-22,0.0,0.013152856377607762,2025-12-28,8,-0.013152856377607762,0.013152856377607762
7,AMOXICILINA 500MG,2026-03-01,0.0,0.013152856377607762,2025-12-28,9,-0.013152856377607762,0.013152856377607762
7,AMOXICILINA 500MG,2026-03-08,0.0,0.013152856377607762,2025-12-28,10,-0.013152856377607762,0.013152856377607762
7,AMOXICILINA 500MG,2026-03-15,0.0,0.013152856377607762,2025-12-28,11,-0.013152856377607762,0.013152856377607762
7,AMOXICILINA 500MG,2026-03-22,0.0,0.013152856377607762,2025-12-28,12,-0.013152856377607762,0.013152856377607762
7,AMOXICILINA 500MG,2026-03-29,0.0,0.013152856377607762,2025-12-28,13,-0.013152856377607762,0.013152856377607762
7,AMOXICILINA 500MG,2026-04-05,0.0,0.013152856377607762,2025-12-28,14,-0.013152856377607762,0.013152856377607762
7,AMOXICILINA 500MG,2026-04-12,0.0,0.013152856377607762,2025-12-28,15,-0.013152856377607762,0.013152856377607762
7,AMOXICILINA 500MG,2026-04-19,0.0,0.013152856377607762,2025-12-28,16,-0.013152856377607762,0.013152856377607762
7,AMOXICILINA 500MG,2026-04-26,0.0,0.013152856377607762,2025-12-28,17,-0.013152856377607762,0.013152856377607762
7,AMOXICILINA 500MG,2026-05-03,0.0,0.013152856377607762,2025-12-28,18,-0.013152856377607762,0.013152856377607762
7,AMOXICILINA 500MG,2026-05-10,0.0,0.013152856377607762,2025-12-28,19,-0.013152856377607762,0.013152856377607762
7,AMOXICILINA 500MG,2026-05-17,0.0,0.013152856377607762,2025-12-28,20,-0.013152856377607762,0.013152856377607762
7,AMOXICILINA 500MG,2026-05-24,0.0,0.013152856377607762,2025-12-28,21,-0.013152856377607762,0.013152856377607762
7,AMOXICILINA 500MG,2026-05-31,0.0,0.013152856377607762,2025-12-28,22,-0.013152856377607762,0.013152856377607762
7,AMOXICILINA 500MG,2026-06-07,0.0,0.013152856377607762,2025-12-28,23,-0.013152856377607762,0.013152856377607762
7,AMOXICILINA 500MG,2026-06-14,0.0,0.013152856377607762,2025-12-28,24,-0.013152856377607762,0.013152856377607762
7,AZITROMICINA 500MG,2026-01-11,0.0,0.009610410240065662,2025-12-28,2,-0.009610410240065662,0.009610410240065662
7,AZITROMICINA 500MG,2026-01-18,0.0,0.009610410240065662,2025-12-28,3,-0.009610410240065662,0.009610410240065662
7,AZITROMICINA 500MG,2026-01-25,0.0,0.009610410240065662,2025-12-28,4,-0.009610410240065662,0.009610410240065662
7,AZITROMICINA 500MG,2026-02-01,0.0,0.009610410240065662,2025-12-28,5,-0.009610410240065662,0.009610410240065662
7,AZITROMICINA 500MG,2026-02-08,0.0,0.009610410240065662,2025-12-28,6,-0.009610410240065662,0.009610410240065662
7,AZITROMICINA 500MG,2026-02-15,0.0,0.009610410240065662,2025-12-28,7,-0.009610410240065662,0.009610410240065662
7,AZITROMICINA 500MG,2026-02-22,0.0,0.009610410240065662,2025-12-28,8,-0.009610410240065662,0.009610410240065662
7,AZITROMICINA 500MG,2026-03-01,0.0,0.009610410240065662,2025-12-28,9,-0.009610410240065662,0.009610410240065662
7,AZITROMICINA 500MG,2026-03-08,0.0,0.009610410240065662,2025-12-28,10,-0.009610410240065662,0.009610410240065662
7,AZITROMICINA 500MG,2026-03-15,0.0,0.009610410240065662,2025-12-28,11,-0.009610410240065662,0.009610410240065662
7,AZITROMICINA 500MG,2026-03-22,0.0,0.009610410240065662,2025-12-28,12,-0.009610410240065662,0.009610410240065662
7,AZITROMICINA 500MG,2026-03-29,0.0,0.009610410240065662,2025-12-28,13,-0.009610410240065662,0.009610410240065662
7,AZITROMICINA 500MG,2026-04-05,0.0,0.009610410240065662,2025-12-28,14,-0.009610410240065662,0.009610410240065662
7,AZITROMICINA 500MG,2026-04-12,0.0,0.009610410240065662,2025-12-28,15,-0.009610410240065662,0.009610410240065662
7,AZITROMICINA 500MG,2026-04-19,0.0,0.009610410240065662,2025-12-28,16,-0.009610410240065662,0.009610410240065662
7,AZITROMICINA 500MG,2026-04-26,0.0,0.009610410240065662,2025-12-28,17,-0.009610410240065662,0.009610410240065662
7,AZITROMICINA 500MG,2026-05-03,0.0,0.009610410240065662,2025-12-28,18,-0.009610410240065662,0.009610410240065662
7,AZITROMICINA 500MG,2026-05-10,0.0,0.009610410240065662,2025-12-28,19,-0.009610410240065662,0.009610410240065662
7,AZITROMICINA 500MG,2026-05-17,0.0,0.009610410240065662,2025-12-28,20,-0.009610410240065662,0.009610410240065662
7,AZITROMICINA 500MG,2026-05-24,0.0,0.009610410240065662,2025-12-28,21,-0.009610410240065662,0.009610410240065662
7,AZITROMICINA 500MG,2026-05-31,0.0,0.009610410240065662,2025-12-28,22,-0.009610410240065662,0.009610410240065662
7,AZITROMICINA 500MG,2026-06-07,0.0,0.009610410240065662,2025-12-28,23,-0.009610410240065662,0.009610410240065662
7,AZITROMICINA 500MG,2026-06-14,0.0,0.009610410240065662,2025-12-28,24,-0.009610410240065662,0.009610410240065662
7,AZITROMICINA 500MG,2026-06-21,0.0,0.009610410240065662,2025-12-28,25,-0.009610410240065662,0.009610410240065662
7,AZITROMICINA 500MG,2026-06-28,0.0,0.009610410240065662,2025-12-28,26,-0.009610410240065662,0.009610410240065662
7,AZITROMICINA 500MG,2026-07-05,0.0,0.009610410240065662,2025-12-28,27,-0.009610410240065662,0.009610410240065662
7,AZITROMICINA 500MG,2026-07-12,0.0,0.009610410240065662,2025-12-28,28,-0.009610410240065662,0.009610410240065662
7,AZITROMICINA 500MG,2026-07-19,0.0,0.009610410240065662,2025-12-28,29,-0.009610410240065662,0.009610410240065662
7,AZITROMICINA 500MG,2026-07-26,0.0,0.009610410240065662,2025-12-28,30,-0.009610410240065662,0.009610410240065662
7,AZITROMICINA 500MG,2026-08-02,0.0,0.009610410240065662,2025-12-28,31,-0.009610410240065662,0.009610410240065662
7,DIMENHIDRINATO 50MG,2026-01-11,0.0,-4.824558165895704e-06,2025-12-28,2,4.824558165895704e-06,4.824558165895704e-06
7,DIMENHIDRINATO 50MG,2026-01-18,0.0,-4.824558165895704e-06,2025-12-28,3,4.824558165895704e-06,4.824558165895704e-06
7,DIMENHIDRINATO 50MG,2026-01-25,0.0,-4.824558165895704e-06,2025-12-28,4,4.824558165895704e-06,4.824558165895704e-06
7,DIMENHIDRINATO 50MG,2026-02-01,0.0,-4.824558165895704e-06,2025-12-28,5,4.824558165895704e-06,4.824558165895704e-06
7,DIMENHIDRINATO 50MG,2026-02-08,0.0,-4.824558165895704e-06,2025-12-28,6,4.824558165895704e-06,4.824558165895704e-06
7,DIMENHIDRINATO 50MG,2026-02-15,0.0,-4.824558165895704e-06,2025-12-28,7,4.824558165895704e-06,4.824558165895704e-06
7,DIMENHIDRINATO 50MG,2026-02-22,0.0,-4.824558165895704e-06,2025-12-28,8,4.824558165895704e-06,4.824558165895704e-06
7,DIMENHIDRINATO 50MG,2026-03-01,0.0,-4.824558165895704e-06,2025-12-28,9,4.824558165895704e-06,4.824558165895704e-06
7,DIMENHIDRINATO 50MG,2026-03-08,0.0,-4.824558165895704e-06,2025-12-28,10,4.824558165895704e-06,4.824558165895704e-06
7,DIMENHIDRINATO 50MG,2026-03-15,0.0,-4.824558165895704e-06,2025-12-28,11,4.824558165895704e-06,4.824558165895704e-06
7,DIMENHIDRINATO 50MG,2026-03-22,0.0,-4.824558165895704e-06,2025-12-28,12,4.824558165895704e-06,4.824558165895704e-06
7,DIMENHIDRINATO 50MG,2026-03-29,0.0,-4.824558165895704e-06,2025-12-28,13,4.824558165895704e-06,4.824558165895704e-06
7,DIMENHIDRINATO 50MG,2026-04-05,0.0,-4.824558165895704e-06,2025-12-28,14,4.824558165895704e-06,4.824558165895704e-06
7,DIMENHIDRINATO 50MG,2026-04-12,0.0,-4.824558165895704e-06,2025-12-28,15,4.824558165895704e-06,4.824558165895704e-06
7,DIMENHIDRINATO 50MG,2026-04-19,0.0,-4.824558165895704e-06,2025-12-28,16,4.824558165895704e-06,4.824558165895704e-06
7,DIMENHIDRINATO 50MG,2026-04-26,0.0,-4.824558165895704e-06,2025-12-28,17,4.824558165895704e-06,4.824558165895704e-06
7,DIMENHIDRINATO 50MG,2026-05-03,0.0,-4.824558165895704e-06,2025-12-28,18,4.824558165895704e-06,4.824558165895704e-06
7,DIMENHIDRINATO 50MG,2026-05-10,0.0,-4.824558165895704e-06,2025-12-28,19,4.824558165895704e-06,4.824558165895704e-06
7,DIMENHIDRINATO 50MG,2026-05-17,0.0,-4.824558165895704e-06,2025-12-28,20,4.824558165895704e-06,4.824558165895704e-06
7,DIMENHIDRINATO 50MG,2026-05-24,0.0,-4.824558165895704e-06,2025-12-28,21,4.824558165895704e-06,4.824558165895704e-06
7,DIMENHIDRINATO 50MG,2026-05-31,0.0,-4.824558165895704e-06,2025-12-28,22,4.824558165895704e-06,4.824558165895704e-06
7,DIMENHIDRINATO 50MG,2026-06-07,0.0,-4.824558165895704e-06,2025-12-28,23,4.824558165895704e-06,4.824558165895704e-06
7,DIMENHIDRINATO 50MG,2026-06-14,0.0,-4.824558165895704e-06,2025-12-28,24,4.824558165895704e-06,4.824558165895704e-06
7,DIMENHIDRINATO 50MG,2026-06-21,0.0,-4.824558165895704e-06,2025-12-28,25,4.824558165895704e-06,4.824558165895704e-06
7,DIMENHIDRINATO 50MG,2026-06-28,0.0,-4.824558165895704e-06,2025-12-28,26,4.824558165895704e-06,4.824558165895704e-06
7,DIMENHIDRINATO 50MG,2026-07-05,0.0,-4.824558165895704e-06,2025-12-28,27,4.824558165895704e-06,4.824558165895704e-06
7,DIMENHIDRINATO 50MG,2026-07-12,0.0,-4.824558165895704e-06,2025-12-28,28,4.824558165895704e-06,4.824558165895704e-06
7,DIMENHIDRINATO 50MG,2026-07-19,0.0,-4.824558165895704e-06,2025-12-28,29,4.824558165895704e-06,4.824558165895704e-06
7,DIMENHIDRINATO 50MG,2026-07-26,0.0,-4.824558165895704e-06,2025-12-28,30,4.824558165895704e-06,4.824558165895704e-06
7,DIMENHIDRINATO 50MG,2026-08-02,0.0,-4.824558165895704e-06,2025-12-28,31,4.824558165895704e-06,4.824558165895704e-06
7,ENALAPRIL 10MG,2026-01-11,0.0,0.12499503062753087,2025-12-28,2,-0.12499503062753087,0.12499503062753087
7,ENALAPRIL 10MG,2026-01-18,0.0,0.12499503062753087,2025-12-28,3,-0.12499503062753087,0.12499503062753087
7,ENALAPRIL 10MG,2026-01-25,0.0,0.12499503062753087,2025-12-28,4,-0.12499503062753087,0.12499503062753087
7,ENALAPRIL 10MG,2026-02-01,0.0,0.12499503062753087,2025-12-28,5,-0.12499503062753087,0.12499503062753087
7,ENALAPRIL 10MG,2026-02-08,0.0,0.12499503062753087,2025-12-28,6,-0.12499503062753087,0.12499503062753087
7,ENALAPRIL 10MG,2026-02-15,1.0,0.12499503062753087,2025-12-28,7,0.8750049693724691,0.8750049693724691
7,ENALAPRIL 10MG,2026-02-22,0.0,0.12499503062753087,2025-12-28,8,-0.12499503062753087,0.12499503062753087
7,ENALAPRIL 10MG,2026-03-01,0.0,0.12499503062753087,2025-12-28,9,-0.12499503062753087,0.12499503062753087
7,ENALAPRIL 10MG,2026-03-08,0.0,0.12499503062753087,2025-12-28,10,-0.12499503062753087,0.12499503062753087
7,ENALAPRIL 10MG,2026-03-15,0.0,0.12499503062753087,2025-12-28,11,-0.12499503062753087,0.12499503062753087
7,ENALAPRIL 10MG,2026-03-22,0.0,0.12499503062753087,2025-12-28,12,-0.12499503062753087,0.12499503062753087
7,ENALAPRIL 10MG,2026-03-29,0.0,0.12499503062753087,2025-12-28,13,-0.12499503062753087,0.12499503062753087
7,ENALAPRIL 10MG,2026-04-05,0.0,0.12499503062753087,2025-12-28,14,-0.12499503062753087,0.12499503062753087
7,ENALAPRIL 10MG,2026-04-12,0.0,0.12499503062753087,2025-12-28,15,-0.12499503062753087,0.12499503062753087
7,ENALAPRIL 10MG,2026-04-19,0.0,0.12499503062753087,2025-12-28,16,-0.12499503062753087,0.12499503062753087
7,ENALAPRIL 10MG,2026-04-26,0.0,0.12499503062753087,2025-12-28,17,-0.12499503062753087,0.12499503062753087
7,ENALAPRIL 10MG,2026-05-03,0.0,0.12499503062753087,2025-12-28,18,-0.12499503062753087,0.12499503062753087
7,ENALAPRIL 10MG,2026-05-10,0.0,0.12499503062753087,2025-12-28,19,-0.12499503062753087,0.12499503062753087
7,ENALAPRIL 10MG,2026-05-17,0.0,0.12499503062753087,2025-12-28,20,-0.12499503062753087,0.12499503062753087
7,ENALAPRIL 10MG,2026-05-24,0.0,0.12499503062753087,2025-12-28,21,-0.12499503062753087,0.12499503062753087
7,ENALAPRIL 10MG,2026-05-31,0.0,0.12499503062753087,2025-12-28,22,-0.12499503062753087,0.12499503062753087
7,ENALAPRIL 10MG,2026-06-07,0.0,0.12499503062753087,2025-12-28,23,-0.12499503062753087,0.12499503062753087
7,ENALAPRIL 10MG,2026-06-14,0.0,0.12499503062753087,2025-12-28,24,-0.12499503062753087,0.12499503062753087
7,ENALAPRIL 10MG,2026-06-21,0.0,0.12499503062753087,2025-12-28,25,-0.12499503062753087,0.12499503062753087
7,ENALAPRIL 10MG,2026-06-28,0.0,0.12499503062753087,2025-12-28,26,-0.12499503062753087,0.12499503062753087
7,ENALAPRIL 10MG,2026-07-05,0.0,0.12499503062753087,2025-12-28,27,-0.12499503062753087,0.12499503062753087
7,ENALAPRIL 10MG,2026-07-12,0.0,0.12499503062753087,2025-12-28,28,-0.12499503062753087,0.12499503062753087
7,ENALAPRIL 10MG,2026-07-19,0.0,0.12499503062753087,2025-12-28,29,-0.12499503062753087,0.12499503062753087
7,ENALAPRIL 10MG,2026-07-26,0.0,0.12499503062753087,2025-12-28,30,-0.12499503062753087,0.12499503062753087
7,IBUPROFENO TABX800,2026-01-11,0.0,-4.824558165895671e-06,2025-12-28,2,4.824558165895671e-06,4.824558165895671e-06
7,IBUPROFENO TABX800,2026-01-18,0.0,-4.824558165895671e-06,2025-12-28,3,4.824558165895671e-06,4.824558165895671e-06
7,IBUPROFENO TABX800,2026-01-25,0.0,-4.824558165895671e-06,2025-12-28,4,4.824558165895671e-06,4.824558165895671e-06
7,IBUPROFENO TABX800,2026-02-01,0.0,-4.824558165895671e-06,2025-12-28,5,4.824558165895671e-06,4.824558165895671e-06
7,IBUPROFENO TABX800,2026-02-08,0.0,-4.824558165895671e-06,2025-12-28,6,4.824558165895671e-06,4.824558165895671e-06
7,IBUPROFENO TABX800,2026-02-15,0.0,-4.824558165895671e-06,2025-12-28,7,4.824558165895671e-06,4.824558165895671e-06
7,IBUPROFENO TABX800,2026-02-22,0.0,-4.824558165895671e-06,2025-12-28,8,4.824558165895671e-06,4.824558165895671e-06
7,IBUPROFENO TABX800,2026-03-01,0.0,-4.824558165895671e-06,2025-12-28,9,4.824558165895671e-06,4.824558165895671e-06
7,IBUPROFENO TABX800,2026-03-08,0.0,-4.824558165895671e-06,2025-12-28,10,4.824558165895671e-06,4.824558165895671e-06
7,IBUPROFENO TABX800,2026-03-15,0.0,-4.824558165895671e-06,2025-12-28,11,4.824558165895671e-06,4.824558165895671e-06
7,IBUPROFENO TABX800,2026-03-22,0.0,-4.824558165895671e-06,2025-12-28,12,4.824558165895671e-06,4.824558165895671e-06
7,IBUPROFENO TABX800,2026-03-29,0.0,-4.824558165895671e-06,2025-12-28,13,4.824558165895671e-06,4.824558165895671e-06
7,IBUPROFENO TABX800,2026-04-05,0.0,-4.824558165895671e-06,2025-12-28,14,4.824558165895671e-06,4.824558165895671e-06
7,IBUPROFENO TABX800,2026-04-12,0.0,-4.824558165895671e-06,2025-12-28,15,4.824558165895671e-06,4.824558165895671e-06
7,IBUPROFENO TABX800,2026-04-19,0.0,-4.824558165895671e-06,2025-12-28,16,4.824558165895671e-06,4.824558165895671e-06
7,IBUPROFENO TABX800,2026-04-26,0.0,-4.824558165895671e-06,2025-12-28,17,4.824558165895671e-06,4.824558165895671e-06
7,IBUPROFENO TABX800,2026-05-03,0.0,-4.824558165895671e-06,2025-12-28,18,4.824558165895671e-06,4.824558165895671e-06
7,IBUPROFENO TABX800,2026-05-10,0.0,-4.824558165895671e-06,2025-12-28,19,4.824558165895671e-06,4.824558165895671e-06
7,IBUPROFENO TABX800,2026-05-17,0.0,-4.824558165895671e-06,2025-12-28,20,4.824558165895671e-06,4.824558165895671e-06
7,IBUPROFENO TABX800,2026-05-24,0.0,-4.824558165895671e-06,2025-12-28,21,4.824558165895671e-06,4.824558165895671e-06
7,IBUPROFENO TABX800,2026-05-31,0.0,-4.824558165895671e-06,2025-12-28,22,4.824558165895671e-06,4.824558165895671e-06
7,IBUPROFENO TABX800,2026-06-07,0.0,-4.824558165895671e-06,2025-12-28,23,4.824558165895671e-06,4.824558165895671e-06
7,IBUPROFENO TABX800,2026-06-14,0.0,-4.824558165895671e-06,2025-12-28,24,4.824558165895671e-06,4.824558165895671e-06
7,IBUPROFENO TABX800,2026-06-21,0.0,-4.824558165895671e-06,2025-12-28,25,4.824558165895671e-06,4.824558165895671e-06
7,IBUPROFENO TABX800,2026-06-28,0.0,-4.824558165895671e-06,2025-12-28,26,4.824558165895671e-06,4.824558165895671e-06
7,IBUPROFENO TABX800,2026-07-05,0.0,-4.824558165895671e-06,2025-12-28,27,4.824558165895671e-06,4.824558165895671e-06
7,IBUPROFENO TABX800,2026-07-12,0.0,-4.824558165895671e-06,2025-12-28,28,4.824558165895671e-06,4.824558165895671e-06
7,IBUPROFENO TABX800,2026-07-19,0.0,-4.824558165895671e-06,2025-12-28,29,4.824558165895671e-06,4.824558165895671e-06
7,IBUPROFENO TABX800,2026-07-26,0.0,-4.824558165895671e-06,2025-12-28,30,4.824558165895671e-06,4.824558165895671e-06
7,IBUPROFENO TABX800,2026-08-02,0.0,-4.824558165895671e-06,2025-12-28,31,4.824558165895671e-06,4.824558165895671e-06
7,METFORMINA 850MG,2026-01-11,0.0,0.05768752783804362,2025-12-28,2,-0.05768752783804362,0.05768752783804362
7,METFORMINA 850MG,2026-01-18,0.0,0.05768752783804362,2025-12-28,3,-0.05768752783804362,0.05768752783804362
7,METFORMINA 850MG,2026-01-25,0.0,0.05768752783804362,2025-12-28,4,-0.05768752783804362,0.05768752783804362
7,METFORMINA 850MG,2026-02-01,0.0,0.05768752783804362,2025-12-28,5,-0.05768752783804362,0.05768752783804362
7,METFORMINA 850MG,2026-02-08,0.0,0.05768752783804362,2025-12-28,6,-0.05768752783804362,0.05768752783804362
7,METFORMINA 850MG,2026-02-15,0.0,0.05768752783804362,2025-12-28,7,-0.05768752783804362,0.05768752783804362
7,METFORMINA 850MG,2026-02-22,0.0,0.05768752783804362,2025-12-28,8,-0.05768752783804362,0.05768752783804362
7,METFORMINA 850MG,2026-03-01,0.0,0.05768752783804362,2025-12-28,9,-0.05768752783804362,0.05768752783804362
7,METFORMINA 850MG,2026-03-08,0.0,0.05768752783804362,2025-12-28,10,-0.05768752783804362,0.05768752783804362
7,METFORMINA 850MG,2026-03-15,0.0,0.05768752783804362,2025-12-28,11,-0.05768752783804362,0.05768752783804362
7,METFORMINA 850MG,2026-03-22,0.0,0.05768752783804362,2025-12-28,12,-0.05768752783804362,0.05768752783804362
7,METFORMINA 850MG,2026-03-29,0.0,0.05768752783804362,2025-12-28,13,-0.05768752783804362,0.05768752783804362
7,METFORMINA 850MG,2026-04-05,0.0,0.05768752783804362,2025-12-28,14,-0.05768752783804362,0.05768752783804362
7,METFORMINA 850MG,2026-04-12,0.0,0.05768752783804362,2025-12-28,15,-0.05768752783804362,0.05768752783804362
7,METFORMINA 850MG,2026-04-19,0.0,0.05768752783804362,2025-12-28,16,-0.05768752783804362,0.05768752783804362
7,METFORMINA 850MG,2026-04-26,0.0,0.05768752783804362,2025-12-28,17,-0.05768752783804362,0.05768752783804362
7,METFORMINA 850MG,2026-05-03,0.0,0.05768752783804362,2025-12-28,18,-0.05768752783804362,0.05768752783804362
7,METFORMINA 850MG,2026-05-10,0.0,0.05768752783804362,2025-12-28,19,-0.05768752783804362,0.05768752783804362
7,METFORMINA 850MG,2026-05-17,0.0,0.05768752783804362,2025-12-28,20,-0.05768752783804362,0.05768752783804362
7,METFORMINA 850MG,2026-05-24,0.0,0.05768752783804362,2025-12-28,21,-0.05768752783804362,0.05768752783804362
7,METFORMINA 850MG,2026-05-31,0.0,0.05768752783804362,2025-12-28,22,-0.05768752783804362,0.05768752783804362
7,METFORMINA 850MG,2026-06-07,0.0,0.05768752783804362,2025-12-28,23,-0.05768752783804362,0.05768752783804362
7,METFORMINA 850MG,2026-06-14,0.0,0.05768752783804362,2025-12-28,24,-0.05768752783804362,0.05768752783804362
7,METFORMINA 850MG,2026-06-21,0.0,0.05768752783804362,2025-12-28,25,-0.05768752783804362,0.05768752783804362
7,METFORMINA 850MG,2026-06-28,0.0,0.05768752783804362,2025-12-28,26,-0.05768752783804362,0.05768752783804362
7,METFORMINA 850MG,2026-07-05,0.0,0.05768752783804362,2025-12-28,27,-0.05768752783804362,0.05768752783804362
7,METFORMINA 850MG,2026-07-12,0.0,0.05768752783804362,2025-12-28,28,-0.05768752783804362,0.05768752783804362
7,METFORMINA 850MG,2026-07-19,0.0,0.05768752783804362,2025-12-28,29,-0.05768752783804362,0.05768752783804362
7,METFORMINA 850MG,2026-07-26,0.0,0.05768752783804362,2025-12-28,30,-0.05768752783804362,0.05768752783804362
7,METFORMINA 850MG,2026-08-02,1.0,0.05768752783804362,2025-12-28,31,0.9423124721619563,0.9423124721619563
7,PARACETAMOL 500MG,2026-01-11,0.0,0.0250672980520227,2025-12-28,2,-0.0250672980520227,0.0250672980520227
7,PARACETAMOL 500MG,2026-01-18,0.0,0.01922988897678564,2025-12-28,3,-0.01922988897678564,0.01922988897678564
7,PARACETAMOL 500MG,2026-01-25,0.0,0.01922988897678564,2025-12-28,4,-0.01922988897678564,0.01922988897678564
7,PARACETAMOL 500MG,2026-02-01,0.0,0.01922988897678564,2025-12-28,5,-0.01922988897678564,0.01922988897678564
7,PARACETAMOL 500MG,2026-02-08,0.0,0.01922988897678564,2025-12-28,6,-0.01922988897678564,0.01922988897678564
7,PARACETAMOL 500MG,2026-02-15,0.0,0.01922988897678564,2025-12-28,7,-0.01922988897678564,0.01922988897678564
7,PARACETAMOL 500MG,2026-02-22,0.0,0.01922988897678564,2025-12-28,8,-0.01922988897678564,0.01922988897678564
7,PARACETAMOL 500MG,2026-03-01,0.0,0.01922988897678564,2025-12-28,9,-0.01922988897678564,0.01922988897678564
7,PARACETAMOL 500MG,2026-03-08,0.0,0.01922988897678564,2025-12-28,10,-0.01922988897678564,0.01922988897678564
7,PARACETAMOL 500MG,2026-03-15,0.0,0.01922988897678564,2025-12-28,11,-0.01922988897678564,0.01922988897678564
7,PARACETAMOL 500MG,2026-03-22,0.0,0.01922988897678564,2025-12-28,12,-0.01922988897678564,0.01922988897678564
7,PARACETAMOL 500MG,2026-03-29,0.0,0.01922988897678564,2025-12-28,13,-0.01922988897678564,0.01922988897678564
7,PARACETAMOL 500MG,2026-04-05,0.0,0.01922988897678564,2025-12-28,14,-0.01922988897678564,0.01922988897678564
7,PARACETAMOL 500MG,2026-04-12,0.0,0.01922988897678564,2025-12-28,15,-0.01922988897678564,0.01922988897678564
7,PARACETAMOL 500MG,2026-04-19,0.0,0.01922988897678564,2025-12-28,16,-0.01922988897678564,0.01922988897678564
7,PARACETAMOL 500MG,2026-04-26,0.0,0.01922988897678564,2025-12-28,17,-0.01922988897678564,0.01922988897678564
7,PARACETAMOL 500MG,2026-05-03,0.0,0.01922988897678564,2025-12-28,18,-0.01922988897678564,0.01922988897678564
7,PARACETAMOL 500MG,2026-05-10,0.0,0.01922988897678564,2025-12-28,19,-0.01922988897678564,0.01922988897678564
7,PARACETAMOL 500MG,2026-05-17,0.0,0.01922988897678564,2025-12-28,20,-0.01922988897678564,0.01922988897678564
7,PARACETAMOL 500MG,2026-05-24,0.0,0.01922988897678564,2025-12-28,21,-0.01922988897678564,0.01922988897678564
7,PARACETAMOL 500MG,2026-05-31,0.0,0.01922988897678564,2025-12-28,22,-0.01922988897678564,0.01922988897678564
7,PARACETAMOL 500MG,2026-06-07,0.0,0.01922988897678564,2025-12-28,23,-0.01922988897678564,0.01922988897678564
7,PARACETAMOL 500MG,2026-06-14,0.0,0.01922988897678564,2025-12-28,24,-0.01922988897678564,0.01922988897678564
7,PARACETAMOL 500MG,2026-06-21,0.0,0.01922988897678564,2025-12-28,25,-0.01922988897678564,0.01922988897678564
7,PARACETAMOL 500MG,2026-06-28,0.0,0.01922988897678564,2025-12-28,26,-0.01922988897678564,0.01922988897678564
7,PARACETAMOL 500MG,2026-07-05,0.0,0.01922988897678564,2025-12-28,27,-0.01922988897678564,0.01922988897678564
7,PARACETAMOL 500MG,2026-07-12,0.0,0.01922988897678564,2025-12-28,28,-0.01922988897678564,0.01922988897678564
7,PARACETAMOL 500MG,2026-07-19,0.0,0.01922988897678564,2025-12-28,29,-0.01922988897678564,0.01922988897678564
7,PARACETAMOL 500MG,2026-07-26,0.0,0.01922988897678564,2025-12-28,30,-0.01922988897678564,0.01922988897678564
7,PARACETAMOL 500MG,2026-08-02,0.0,0.01922988897678564,2025-12-28,31,-0.01922988897678564,0.01922988897678564
7,VITAMINA C+ZINC+D3,2026-01-11,0.0,0.6312271688970932,2025-12-28,2,-0.6312271688970932,0.6312271688970932
7,VITAMINA C+ZINC+D3,2026-01-18,1.0,0.6433093825062723,2025-12-28,3,0.35669061749372766,0.35669061749372766
7,VITAMINA C+ZINC+D3,2026-01-25,0.0,0.6451005880373947,2025-12-28,4,-0.6451005880373947,0.6451005880373947
7,VITAMINA C+ZINC+D3,2026-02-01,0.0,0.6453661368315564,2025-12-28,5,-0.6453661368315564,0.6453661368315564
7,VITAMINA C+ZINC+D3,2026-02-08,1.0,0.6454055048219157,2025-12-28,6,0.3545944951780843,0.3545944951780843
7,VITAMINA C+ZINC+D3,2026-02-15,1.0,0.645411341183063,2025-12-28,7,0.354588658816937,0.354588658816937
7,VITAMINA C+ZINC+D3,2026-02-22,1.0,0.6454122064319906,2025-12-28,8,0.3545877935680094,0.3545877935680094
7,VITAMINA C+ZINC+D3,2026-03-01,2.0,0.6454123347063876,2025-12-28,9,1.3545876652936124,1.3545876652936124
7,VITAMINA C+ZINC+D3,2026-03-08,0.0,0.6454123537232512,2025-12-28,10,-0.6454123537232512,0.6454123537232512
7,VITAMINA C+ZINC+D3,2026-03-15,0.0,0.6454123565425286,2025-12-28,11,-0.6454123565425286,0.6454123565425286
7,VITAMINA C+ZINC+D3,2026-03-22,0.0,0.6454123569604905,2025-12-28,12,-0.6454123569604905,0.6454123569604905
7,VITAMINA C+ZINC+D3,2026-03-29,1.0,0.645412357022454,2025-12-28,13,0.35458764297754597,0.35458764297754597
7,VITAMINA C+ZINC+D3,2026-04-05,0.0,0.6454123570316401,2025-12-28,14,-0.6454123570316401,0.6454123570316401
7,VITAMINA C+ZINC+D3,2026-04-12,1.0,0.645412357033002,2025-12-28,15,0.35458764296699796,0.35458764296699796
7,VITAMINA C+ZINC+D3,2026-04-19,0.0,0.6454123570332039,2025-12-28,16,-0.6454123570332039,0.6454123570332039
7,VITAMINA C+ZINC+D3,2026-04-26,0.0,0.6454123570332339,2025-12-28,17,-0.6454123570332339,0.6454123570332339
7,VITAMINA C+ZINC+D3,2026-05-03,2.0,0.6454123570332383,2025-12-28,18,1.3545876429667616,1.3545876429667616
7,VITAMINA C+ZINC+D3,2026-05-10,1.0,0.645412357033239,2025-12-28,19,0.35458764296676104,0.35458764296676104
7,VITAMINA C+ZINC+D3,2026-05-17,0.0,0.6454123570332391,2025-12-28,20,-0.6454123570332391,0.6454123570332391
7,VITAMINA C+ZINC+D3,2026-05-24,3.0,0.6454123570332391,2025-12-28,21,2.354587642966761,2.354587642966761
7,VITAMINA C+ZINC+D3,2026-05-31,1.0,0.6454123570332391,2025-12-28,22,0.35458764296676093,0.35458764296676093
7,VITAMINA C+ZINC+D3,2026-06-07,1.0,0.6454123570332391,2025-12-28,23,0.35458764296676093,0.35458764296676093
7,VITAMINA C+ZINC+D3,2026-06-14,1.0,0.6454123570332391,2025-12-28,24,0.35458764296676093,0.35458764296676093
7,VITAMINA C+ZINC+D3,2026-06-21,2.0,0.6454123570332391,2025-12-28,25,1.354587642966761,1.354587642966761
7,VITAMINA C+ZINC+D3,2026-06-28,0.0,0.6454123570332391,2025-12-28,26,-0.6454123570332391,0.6454123570332391
7,VITAMINA C+ZINC+D3,2026-07-05,0.0,0.6454123570332391,2025-12-28,27,-0.6454123570332391,0.6454123570332391
7,VITAMINA C+ZINC+D3,2026-07-12,1.0,0.6454123570332391,2025-12-28,28,0.35458764296676093,0.35458764296676093
7,VITAMINA C+ZINC+D3,2026-07-19,1.0,0.6454123570332391,2025-12-28,29,0.35458764296676093,0.35458764296676093
7,VITAMINA C+ZINC+D3,2026-07-26,1.0,0.6454123570332391,2025-12-28,30,0.35458764296676093,0.35458764296676093
8,AMOXICILINA 500MG,2026-01-11,0.0,-4.824558165895694e-06,2025-12-28,2,4.824558165895694e-06,4.824558165895694e-06
8,AMOXICILINA 500MG,2026-01-18,0.0,-4.824558165895694e-06,2025-12-28,3,4.824558165895694e-06,4.824558165895694e-06
8,AMOXICILINA 500MG,2026-01-25,0.0,-4.824558165895694e-06,2025-12-28,4,4.824558165895694e-06,4.824558165895694e-06
8,AMOXICILINA 500MG,2026-02-01,0.0,-4.824558165895694e-06,2025-12-28,5,4.824558165895694e-06,4.824558165895694e-06
8,AMOXICILINA 500MG,2026-02-08,0.0,-4.824558165895694e-06,2025-12-28,6,4.824558165895694e-06,4.824558165895694e-06
8,AMOXICILINA 500MG,2026-02-15,0.0,-4.824558165895694e-06,2025-12-28,7,4.824558165895694e-06,4.824558165895694e-06
8,AMOXICILINA 500MG,2026-02-22,0.0,-4.824558165895694e-06,2025-12-28,8,4.824558165895694e-06,4.824558165895694e-06
8,AMOXICILINA 500MG,2026-03-01,0.0,-4.824558165895694e-06,2025-12-28,9,4.824558165895694e-06,4.824558165895694e-06
8,AMOXICILINA 500MG,2026-03-08,0.0,-4.824558165895694e-06,2025-12-28,10,4.824558165895694e-06,4.824558165895694e-06
8,AMOXICILINA 500MG,2026-03-15,0.0,-4.824558165895694e-06,2025-12-28,11,4.824558165895694e-06,4.824558165895694e-06
8,AMOXICILINA 500MG,2026-03-22,0.0,-4.824558165895694e-06,2025-12-28,12,4.824558165895694e-06,4.824558165895694e-06
8,AMOXICILINA 500MG,2026-03-29,0.0,-4.824558165895694e-06,2025-12-28,13,4.824558165895694e-06,4.824558165895694e-06
8,AMOXICILINA 500MG,2026-04-05,0.0,-4.824558165895694e-06,2025-12-28,14,4.824558165895694e-06,4.824558165895694e-06
8,AMOXICILINA 500MG,2026-04-12,0.0,-4.824558165895694e-06,2025-12-28,15,4.824558165895694e-06,4.824558165895694e-06
8,AMOXICILINA 500MG,2026-04-19,0.0,-4.824558165895694e-06,2025-12-28,16,4.824558165895694e-06,4.824558165895694e-06
8,AMOXICILINA 500MG,2026-04-26,0.0,-4.824558165895694e-06,2025-12-28,17,4.824558165895694e-06,4.824558165895694e-06
8,AMOXICILINA 500MG,2026-05-03,0.0,-4.824558165895694e-06,2025-12-28,18,4.824558165895694e-06,4.824558165895694e-06
8,AMOXICILINA 500MG,2026-05-10,0.0,-4.824558165895694e-06,2025-12-28,19,4.824558165895694e-06,4.824558165895694e-06
8,AMOXICILINA 500MG,2026-05-17,0.0,-4.824558165895694e-06,2025-12-28,20,4.824558165895694e-06,4.824558165895694e-06
8,AMOXICILINA 500MG,2026-05-24,0.0,-4.824558165895694e-06,2025-12-28,21,4.824558165895694e-06,4.824558165895694e-06
8,AMOXICILINA 500MG,2026-05-31,0.0,-4.824558165895694e-06,2025-12-28,22,4.824558165895694e-06,4.824558165895694e-06
8,AMOXICILINA 500MG,2026-06-07,0.0,-4.824558165895694e-06,2025-12-28,23,4.824558165895694e-06,4.824558165895694e-06
8,AMOXICILINA 500MG,2026-06-14,0.0,-4.824558165895694e-06,2025-12-28,24,4.824558165895694e-06,4.824558165895694e-06
8,AMOXICILINA 500MG,2026-06-21,0.0,-4.824558165895694e-06,2025-12-28,25,4.824558165895694e-06,4.824558165895694e-06
8,AMOXICILINA 500MG,2026-06-28,0.0,-4.824558165895694e-06,2025-12-28,26,4.824558165895694e-06,4.824558165895694e-06
8,AMOXICILINA 500MG,2026-07-05,0.0,-4.824558165895694e-06,2025-12-28,27,4.824558165895694e-06,4.824558165895694e-06
8,AMOXICILINA 500MG,2026-07-12,0.0,-4.824558165895694e-06,2025-12-28,28,4.824558165895694e-06,4.824558165895694e-06
8,AMOXICILINA 500MG,2026-07-19,0.0,-4.824558165895694e-06,2025-12-28,29,4.824558165895694e-06,4.824558165895694e-06
8,AMOXICILINA 500MG,2026-07-26,0.0,-4.824558165895694e-06,2025-12-28,30,4.824558165895694e-06,4.824558165895694e-06
8,AMOXICILINA 500MG,2026-08-02,0.0,-4.824558165895694e-06,2025-12-28,31,4.824558165895694e-06,4.824558165895694e-06
8,AZITROMICINA 500MG,2026-01-11,0.0,-4.824558165895671e-06,2025-12-28,2,4.824558165895671e-06,4.824558165895671e-06
8,AZITROMICINA 500MG,2026-01-18,0.0,-4.824558165895671e-06,2025-12-28,3,4.824558165895671e-06,4.824558165895671e-06
8,AZITROMICINA 500MG,2026-01-25,0.0,-4.824558165895671e-06,2025-12-28,4,4.824558165895671e-06,4.824558165895671e-06
8,AZITROMICINA 500MG,2026-02-01,0.0,-4.824558165895671e-06,2025-12-28,5,4.824558165895671e-06,4.824558165895671e-06
8,AZITROMICINA 500MG,2026-02-08,0.0,-4.824558165895671e-06,2025-12-28,6,4.824558165895671e-06,4.824558165895671e-06
8,AZITROMICINA 500MG,2026-02-15,0.0,-4.824558165895671e-06,2025-12-28,7,4.824558165895671e-06,4.824558165895671e-06
8,AZITROMICINA 500MG,2026-02-22,0.0,-4.824558165895671e-06,2025-12-28,8,4.824558165895671e-06,4.824558165895671e-06
8,AZITROMICINA 500MG,2026-03-01,0.0,-4.824558165895671e-06,2025-12-28,9,4.824558165895671e-06,4.824558165895671e-06
8,AZITROMICINA 500MG,2026-03-08,0.0,-4.824558165895671e-06,2025-12-28,10,4.824558165895671e-06,4.824558165895671e-06
8,AZITROMICINA 500MG,2026-03-15,0.0,-4.824558165895671e-06,2025-12-28,11,4.824558165895671e-06,4.824558165895671e-06
8,AZITROMICINA 500MG,2026-03-22,0.0,-4.824558165895671e-06,2025-12-28,12,4.824558165895671e-06,4.824558165895671e-06
8,AZITROMICINA 500MG,2026-03-29,0.0,-4.824558165895671e-06,2025-12-28,13,4.824558165895671e-06,4.824558165895671e-06
8,AZITROMICINA 500MG,2026-04-05,0.0,-4.824558165895671e-06,2025-12-28,14,4.824558165895671e-06,4.824558165895671e-06
8,AZITROMICINA 500MG,2026-04-12,0.0,-4.824558165895671e-06,2025-12-28,15,4.824558165895671e-06,4.824558165895671e-06
8,AZITROMICINA 500MG,2026-04-19,0.0,-4.824558165895671e-06,2025-12-28,16,4.824558165895671e-06,4.824558165895671e-06
8,AZITROMICINA 500MG,2026-04-26,0.0,-4.824558165895671e-06,2025-12-28,17,4.824558165895671e-06,4.824558165895671e-06
8,AZITROMICINA 500MG,2026-05-03,0.0,-4.824558165895671e-06,2025-12-28,18,4.824558165895671e-06,4.824558165895671e-06
8,AZITROMICINA 500MG,2026-05-10,0.0,-4.824558165895671e-06,2025-12-28,19,4.824558165895671e-06,4.824558165895671e-06
8,AZITROMICINA 500MG,2026-05-17,0.0,-4.824558165895671e-06,2025-12-28,20,4.824558165895671e-06,4.824558165895671e-06
8,AZITROMICINA 500MG,2026-05-24,0.0,-4.824558165895671e-06,2025-12-28,21,4.824558165895671e-06,4.824558165895671e-06
8,AZITROMICINA 500MG,2026-05-31,0.0,-4.824558165895671e-06,2025-12-28,22,4.824558165895671e-06,4.824558165895671e-06
8,AZITROMICINA 500MG,2026-06-07,0.0,-4.824558165895671e-06,2025-12-28,23,4.824558165895671e-06,4.824558165895671e-06
8,AZITROMICINA 500MG,2026-06-14,0.0,-4.824558165895671e-06,2025-12-28,24,4.824558165895671e-06,4.824558165895671e-06
8,AZITROMICINA 500MG,2026-06-21,0.0,-4.824558165895671e-06,2025-12-28,25,4.824558165895671e-06,4.824558165895671e-06
8,AZITROMICINA 500MG,2026-06-28,0.0,-4.824558165895671e-06,2025-12-28,26,4.824558165895671e-06,4.824558165895671e-06
8,AZITROMICINA 500MG,2026-07-05,0.0,-4.824558165895671e-06,2025-12-28,27,4.824558165895671e-06,4.824558165895671e-06
8,AZITROMICINA 500MG,2026-07-12,0.0,-4.824558165895671e-06,2025-12-28,28,4.824558165895671e-06,4.824558165895671e-06
8,AZITROMICINA 500MG,2026-07-19,0.0,-4.824558165895671e-06,2025-12-28,29,4.824558165895671e-06,4.824558165895671e-06
8,AZITROMICINA 500MG,2026-07-26,0.0,-4.824558165895671e-06,2025-12-28,30,4.824558165895671e-06,4.824558165895671e-06
8,AZITROMICINA 500MG,2026-08-02,0.0,-4.824558165895671e-06,2025-12-28,31,4.824558165895671e-06,4.824558165895671e-06
8,DIMENHIDRINATO 50MG,2026-01-11,0.0,-4.824558165895704e-06,2025-12-28,2,4.824558165895704e-06,4.824558165895704e-06
8,DIMENHIDRINATO 50MG,2026-01-18,0.0,-4.824558165895704e-06,2025-12-28,3,4.824558165895704e-06,4.824558165895704e-06
8,DIMENHIDRINATO 50MG,2026-01-25,0.0,-4.824558165895704e-06,2025-12-28,4,4.824558165895704e-06,4.824558165895704e-06
8,DIMENHIDRINATO 50MG,2026-02-01,0.0,-4.824558165895704e-06,2025-12-28,5,4.824558165895704e-06,4.824558165895704e-06
8,DIMENHIDRINATO 50MG,2026-02-08,0.0,-4.824558165895704e-06,2025-12-28,6,4.824558165895704e-06,4.824558165895704e-06
8,DIMENHIDRINATO 50MG,2026-02-15,0.0,-4.824558165895704e-06,2025-12-28,7,4.824558165895704e-06,4.824558165895704e-06
8,DIMENHIDRINATO 50MG,2026-02-22,0.0,-4.824558165895704e-06,2025-12-28,8,4.824558165895704e-06,4.824558165895704e-06
8,DIMENHIDRINATO 50MG,2026-03-01,0.0,-4.824558165895704e-06,2025-12-28,9,4.824558165895704e-06,4.824558165895704e-06
8,DIMENHIDRINATO 50MG,2026-03-08,0.0,-4.824558165895704e-06,2025-12-28,10,4.824558165895704e-06,4.824558165895704e-06
8,DIMENHIDRINATO 50MG,2026-03-15,0.0,-4.824558165895704e-06,2025-12-28,11,4.824558165895704e-06,4.824558165895704e-06
8,DIMENHIDRINATO 50MG,2026-03-22,0.0,-4.824558165895704e-06,2025-12-28,12,4.824558165895704e-06,4.824558165895704e-06
8,DIMENHIDRINATO 50MG,2026-03-29,0.0,-4.824558165895704e-06,2025-12-28,13,4.824558165895704e-06,4.824558165895704e-06
8,DIMENHIDRINATO 50MG,2026-04-05,0.0,-4.824558165895704e-06,2025-12-28,14,4.824558165895704e-06,4.824558165895704e-06
8,DIMENHIDRINATO 50MG,2026-04-12,0.0,-4.824558165895704e-06,2025-12-28,15,4.824558165895704e-06,4.824558165895704e-06
8,DIMENHIDRINATO 50MG,2026-04-19,0.0,-4.824558165895704e-06,2025-12-28,16,4.824558165895704e-06,4.824558165895704e-06
8,DIMENHIDRINATO 50MG,2026-04-26,0.0,-4.824558165895704e-06,2025-12-28,17,4.824558165895704e-06,4.824558165895704e-06
8,DIMENHIDRINATO 50MG,2026-05-03,0.0,-4.824558165895704e-06,2025-12-28,18,4.824558165895704e-06,4.824558165895704e-06
8,DIMENHIDRINATO 50MG,2026-05-10,0.0,-4.824558165895704e-06,2025-12-28,19,4.824558165895704e-06,4.824558165895704e-06
8,DIMENHIDRINATO 50MG,2026-05-17,0.0,-4.824558165895704e-06,2025-12-28,20,4.824558165895704e-06,4.824558165895704e-06
8,DIMENHIDRINATO 50MG,2026-05-24,0.0,-4.824558165895704e-06,2025-12-28,21,4.824558165895704e-06,4.824558165895704e-06
8,DIMENHIDRINATO 50MG,2026-05-31,0.0,-4.824558165895704e-06,2025-12-28,22,4.824558165895704e-06,4.824558165895704e-06
8,DIMENHIDRINATO 50MG,2026-06-07,0.0,-4.824558165895704e-06,2025-12-28,23,4.824558165895704e-06,4.824558165895704e-06
8,DIMENHIDRINATO 50MG,2026-06-14,0.0,-4.824558165895704e-06,2025-12-28,24,4.824558165895704e-06,4.824558165895704e-06
8,DIMENHIDRINATO 50MG,2026-06-21,0.0,-4.824558165895704e-06,2025-12-28,25,4.824558165895704e-06,4.824558165895704e-06
8,DIMENHIDRINATO 50MG,2026-06-28,0.0,-4.824558165895704e-06,2025-12-28,26,4.824558165895704e-06,4.824558165895704e-06
8,DIMENHIDRINATO 50MG,2026-07-05,0.0,-4.824558165895704e-06,2025-12-28,27,4.824558165895704e-06,4.824558165895704e-06
8,DIMENHIDRINATO 50MG,2026-07-12,0.0,-4.824558165895704e-06,2025-12-28,28,4.824558165895704e-06,4.824558165895704e-06
8,DIMENHIDRINATO 50MG,2026-07-19,0.0,-4.824558165895704e-06,2025-12-28,29,4.824558165895704e-06,4.824558165895704e-06
8,DIMENHIDRINATO 50MG,2026-07-26,0.0,-4.824558165895704e-06,2025-12-28,30,4.824558165895704e-06,4.824558165895704e-06
8,DIMENHIDRINATO 50MG,2026-08-02,0.0,-4.824558165895704e-06,2025-12-28,31,4.824558165895704e-06,4.824558165895704e-06
8,ENALAPRIL 10MG,2026-01-11,0.0,0.03065173233233106,2025-12-28,2,-0.03065173233233106,0.03065173233233106
8,ENALAPRIL 10MG,2026-01-18,0.0,0.0381771166432512,2025-12-28,3,-0.0381771166432512,0.0381771166432512
8,ENALAPRIL 10MG,2026-01-25,0.0,0.0381771166432512,2025-12-28,4,-0.0381771166432512,0.0381771166432512
8,ENALAPRIL 10MG,2026-02-01,0.0,0.0381771166432512,2025-12-28,5,-0.0381771166432512,0.0381771166432512
8,ENALAPRIL 10MG,2026-02-08,0.0,0.0381771166432512,2025-12-28,6,-0.0381771166432512,0.0381771166432512
8,ENALAPRIL 10MG,2026-02-15,0.0,0.0381771166432512,2025-12-28,7,-0.0381771166432512,0.0381771166432512
8,ENALAPRIL 10MG,2026-02-22,0.0,0.0381771166432512,2025-12-28,8,-0.0381771166432512,0.0381771166432512
8,ENALAPRIL 10MG,2026-03-01,0.0,0.0381771166432512,2025-12-28,9,-0.0381771166432512,0.0381771166432512
8,ENALAPRIL 10MG,2026-03-08,0.0,0.0381771166432512,2025-12-28,10,-0.0381771166432512,0.0381771166432512
8,ENALAPRIL 10MG,2026-03-15,0.0,0.0381771166432512,2025-12-28,11,-0.0381771166432512,0.0381771166432512
8,ENALAPRIL 10MG,2026-03-22,0.0,0.0381771166432512,2025-12-28,12,-0.0381771166432512,0.0381771166432512
8,ENALAPRIL 10MG,2026-03-29,0.0,0.0381771166432512,2025-12-28,13,-0.0381771166432512,0.0381771166432512
8,ENALAPRIL 10MG,2026-04-05,0.0,0.0381771166432512,2025-12-28,14,-0.0381771166432512,0.0381771166432512
8,ENALAPRIL 10MG,2026-04-12,0.0,0.0381771166432512,2025-12-28,15,-0.0381771166432512,0.0381771166432512
8,ENALAPRIL 10MG,2026-04-19,1.0,0.0381771166432512,2025-12-28,16,0.9618228833567488,0.9618228833567488
8,ENALAPRIL 10MG,2026-04-26,0.0,0.0381771166432512,2025-12-28,17,-0.0381771166432512,0.0381771166432512
8,ENALAPRIL 10MG,2026-05-03,0.0,0.0381771166432512,2025-12-28,18,-0.0381771166432512,0.0381771166432512
8,ENALAPRIL 10MG,2026-05-10,0.0,0.0381771166432512,2025-12-28,19,-0.0381771166432512,0.0381771166432512
8,ENALAPRIL 10MG,2026-05-17,0.0,0.0381771166432512,2025-12-28,20,-0.0381771166432512,0.0381771166432512
8,ENALAPRIL 10MG,2026-05-24,0.0,0.0381771166432512,2025-12-28,21,-0.0381771166432512,0.0381771166432512
8,ENALAPRIL 10MG,2026-05-31,0.0,0.0381771166432512,2025-12-28,22,-0.0381771166432512,0.0381771166432512
8,ENALAPRIL 10MG,2026-06-07,0.0,0.0381771166432512,2025-12-28,23,-0.0381771166432512,0.0381771166432512
8,ENALAPRIL 10MG,2026-06-14,0.0,0.0381771166432512,2025-12-28,24,-0.0381771166432512,0.0381771166432512
8,ENALAPRIL 10MG,2026-06-21,0.0,0.0381771166432512,2025-12-28,25,-0.0381771166432512,0.0381771166432512
8,ENALAPRIL 10MG,2026-06-28,0.0,0.0381771166432512,2025-12-28,26,-0.0381771166432512,0.0381771166432512
8,ENALAPRIL 10MG,2026-07-05,0.0,0.0381771166432512,2025-12-28,27,-0.0381771166432512,0.0381771166432512
8,ENALAPRIL 10MG,2026-07-12,1.0,0.0381771166432512,2025-12-28,28,0.9618228833567488,0.9618228833567488
8,ENALAPRIL 10MG,2026-07-19,0.0,0.0381771166432512,2025-12-28,29,-0.0381771166432512,0.0381771166432512
8,IBUPROFENO TABX800,2026-01-11,0.0,-4.82455816589565e-06,2025-12-28,2,4.82455816589565e-06,4.82455816589565e-06
8,IBUPROFENO TABX800,2026-01-18,0.0,-4.82455816589565e-06,2025-12-28,3,4.82455816589565e-06,4.82455816589565e-06
8,IBUPROFENO TABX800,2026-01-25,0.0,-4.82455816589565e-06,2025-12-28,4,4.82455816589565e-06,4.82455816589565e-06
8,IBUPROFENO TABX800,2026-02-01,0.0,-4.82455816589565e-06,2025-12-28,5,4.82455816589565e-06,4.82455816589565e-06
8,IBUPROFENO TABX800,2026-02-08,0.0,-4.82455816589565e-06,2025-12-28,6,4.82455816589565e-06,4.82455816589565e-06
8,IBUPROFENO TABX800,2026-02-15,0.0,-4.82455816589565e-06,2025-12-28,7,4.82455816589565e-06,4.82455816589565e-06
8,IBUPROFENO TABX800,2026-02-22,0.0,-4.82455816589565e-06,2025-12-28,8,4.82455816589565e-06,4.82455816589565e-06
8,IBUPROFENO TABX800,2026-03-01,0.0,-4.82455816589565e-06,2025-12-28,9,4.82455816589565e-06,4.82455816589565e-06
8,IBUPROFENO TABX800,2026-03-08,0.0,-4.82455816589565e-06,2025-12-28,10,4.82455816589565e-06,4.82455816589565e-06
8,IBUPROFENO TABX800,2026-03-15,0.0,-4.82455816589565e-06,2025-12-28,11,4.82455816589565e-06,4.82455816589565e-06
8,IBUPROFENO TABX800,2026-03-22,0.0,-4.82455816589565e-06,2025-12-28,12,4.82455816589565e-06,4.82455816589565e-06
8,IBUPROFENO TABX800,2026-03-29,0.0,-4.82455816589565e-06,2025-12-28,13,4.82455816589565e-06,4.82455816589565e-06
8,IBUPROFENO TABX800,2026-04-05,0.0,-4.82455816589565e-06,2025-12-28,14,4.82455816589565e-06,4.82455816589565e-06
8,IBUPROFENO TABX800,2026-04-12,0.0,-4.82455816589565e-06,2025-12-28,15,4.82455816589565e-06,4.82455816589565e-06
8,IBUPROFENO TABX800,2026-04-19,0.0,-4.82455816589565e-06,2025-12-28,16,4.82455816589565e-06,4.82455816589565e-06
8,IBUPROFENO TABX800,2026-04-26,0.0,-4.82455816589565e-06,2025-12-28,17,4.82455816589565e-06,4.82455816589565e-06
8,IBUPROFENO TABX800,2026-05-03,0.0,-4.82455816589565e-06,2025-12-28,18,4.82455816589565e-06,4.82455816589565e-06
8,IBUPROFENO TABX800,2026-05-10,0.0,-4.82455816589565e-06,2025-12-28,19,4.82455816589565e-06,4.82455816589565e-06
8,IBUPROFENO TABX800,2026-05-17,0.0,-4.82455816589565e-06,2025-12-28,20,4.82455816589565e-06,4.82455816589565e-06
8,IBUPROFENO TABX800,2026-05-24,0.0,-4.82455816589565e-06,2025-12-28,21,4.82455816589565e-06,4.82455816589565e-06
8,IBUPROFENO TABX800,2026-05-31,0.0,-4.82455816589565e-06,2025-12-28,22,4.82455816589565e-06,4.82455816589565e-06
8,IBUPROFENO TABX800,2026-06-07,0.0,-4.82455816589565e-06,2025-12-28,23,4.82455816589565e-06,4.82455816589565e-06
8,IBUPROFENO TABX800,2026-06-14,0.0,-4.82455816589565e-06,2025-12-28,24,4.82455816589565e-06,4.82455816589565e-06
8,IBUPROFENO TABX800,2026-06-21,0.0,-4.82455816589565e-06,2025-12-28,25,4.82455816589565e-06,4.82455816589565e-06
8,IBUPROFENO TABX800,2026-06-28,0.0,-4.82455816589565e-06,2025-12-28,26,4.82455816589565e-06,4.82455816589565e-06
8,IBUPROFENO TABX800,2026-07-05,0.0,-4.82455816589565e-06,2025-12-28,27,4.82455816589565e-06,4.82455816589565e-06
8,IBUPROFENO TABX800,2026-07-12,0.0,-4.82455816589565e-06,2025-12-28,28,4.82455816589565e-06,4.82455816589565e-06
8,LOPERAMIDA 2MG,2026-01-11,0.0,-4.824558165895671e-06,2025-12-28,2,4.824558165895671e-06,4.824558165895671e-06
8,LOPERAMIDA 2MG,2026-01-18,0.0,-4.824558165895671e-06,2025-12-28,3,4.824558165895671e-06,4.824558165895671e-06
8,LOPERAMIDA 2MG,2026-01-25,0.0,-4.824558165895671e-06,2025-12-28,4,4.824558165895671e-06,4.824558165895671e-06
8,LOPERAMIDA 2MG,2026-02-01,0.0,-4.824558165895671e-06,2025-12-28,5,4.824558165895671e-06,4.824558165895671e-06
8,LOPERAMIDA 2MG,2026-02-08,0.0,-4.824558165895671e-06,2025-12-28,6,4.824558165895671e-06,4.824558165895671e-06
8,LOPERAMIDA 2MG,2026-02-15,0.0,-4.824558165895671e-06,2025-12-28,7,4.824558165895671e-06,4.824558165895671e-06
8,LOPERAMIDA 2MG,2026-02-22,0.0,-4.824558165895671e-06,2025-12-28,8,4.824558165895671e-06,4.824558165895671e-06
8,LOPERAMIDA 2MG,2026-03-01,0.0,-4.824558165895671e-06,2025-12-28,9,4.824558165895671e-06,4.824558165895671e-06
8,LOPERAMIDA 2MG,2026-03-08,0.0,-4.824558165895671e-06,2025-12-28,10,4.824558165895671e-06,4.824558165895671e-06
8,LOPERAMIDA 2MG,2026-03-15,0.0,-4.824558165895671e-06,2025-12-28,11,4.824558165895671e-06,4.824558165895671e-06
8,LOPERAMIDA 2MG,2026-03-22,0.0,-4.824558165895671e-06,2025-12-28,12,4.824558165895671e-06,4.824558165895671e-06
8,LOPERAMIDA 2MG,2026-03-29,0.0,-4.824558165895671e-06,2025-12-28,13,4.824558165895671e-06,4.824558165895671e-06
8,LOPERAMIDA 2MG,2026-04-05,0.0,-4.824558165895671e-06,2025-12-28,14,4.824558165895671e-06,4.824558165895671e-06
8,LOPERAMIDA 2MG,2026-04-12,0.0,-4.824558165895671e-06,2025-12-28,15,4.824558165895671e-06,4.824558165895671e-06
8,LOPERAMIDA 2MG,2026-04-19,0.0,-4.824558165895671e-06,2025-12-28,16,4.824558165895671e-06,4.824558165895671e-06
8,LOPERAMIDA 2MG,2026-04-26,0.0,-4.824558165895671e-06,2025-12-28,17,4.824558165895671e-06,4.824558165895671e-06
8,LOPERAMIDA 2MG,2026-05-03,0.0,-4.824558165895671e-06,2025-12-28,18,4.824558165895671e-06,4.824558165895671e-06
8,LOPERAMIDA 2MG,2026-05-10,0.0,-4.824558165895671e-06,2025-12-28,19,4.824558165895671e-06,4.824558165895671e-06
8,LOPERAMIDA 2MG,2026-05-17,0.0,-4.824558165895671e-06,2025-12-28,20,4.824558165895671e-06,4.824558165895671e-06
8,LOPERAMIDA 2MG,2026-05-24,0.0,-4.824558165895671e-06,2025-12-28,21,4.824558165895671e-06,4.824558165895671e-06
8,LOPERAMIDA 2MG,2026-05-31,0.0,-4.824558165895671e-06,2025-12-28,22,4.824558165895671e-06,4.824558165895671e-06
8,LOPERAMIDA 2MG,2026-06-07,0.0,-4.824558165895671e-06,2025-12-28,23,4.824558165895671e-06,4.824558165895671e-06
8,LOPERAMIDA 2MG,2026-06-14,0.0,-4.824558165895671e-06,2025-12-28,24,4.824558165895671e-06,4.824558165895671e-06
8,LOPERAMIDA 2MG,2026-06-21,0.0,-4.824558165895671e-06,2025-12-28,25,4.824558165895671e-06,4.824558165895671e-06
8,LOPERAMIDA 2MG,2026-06-28,0.0,-4.824558165895671e-06,2025-12-28,26,4.824558165895671e-06,4.824558165895671e-06
8,LOPERAMIDA 2MG,2026-07-05,0.0,-4.824558165895671e-06,2025-12-28,27,4.824558165895671e-06,4.824558165895671e-06
8,LOPERAMIDA 2MG,2026-07-12,0.0,-4.824558165895671e-06,2025-12-28,28,4.824558165895671e-06,4.824558165895671e-06
8,LOPERAMIDA 2MG,2026-07-19,0.0,-4.824558165895671e-06,2025-12-28,29,4.824558165895671e-06,4.824558165895671e-06
8,LOPERAMIDA 2MG,2026-07-26,0.0,-4.824558165895671e-06,2025-12-28,30,4.824558165895671e-06,4.824558165895671e-06
8,METFORMINA 850MG,2026-01-11,0.0,0.5034346569907829,2025-12-28,2,-0.5034346569907829,0.5034346569907829
8,METFORMINA 850MG,2026-01-18,0.0,0.03338627837920589,2025-12-28,3,-0.03338627837920589,0.03338627837920589
8,METFORMINA 850MG,2026-01-25,1.0,0.04206300328547416,2025-12-28,4,0.9579369967145258,0.9579369967145258
8,METFORMINA 850MG,2026-02-01,0.0,0.04206300328547416,2025-12-28,5,-0.04206300328547416,0.04206300328547416
8,METFORMINA 850MG,2026-02-08,0.0,0.04206300328547416,2025-12-28,6,-0.04206300328547416,0.04206300328547416
8,METFORMINA 850MG,2026-02-15,0.0,0.04206300328547416,2025-12-28,7,-0.04206300328547416,0.04206300328547416
8,METFORMINA 850MG,2026-02-22,0.0,0.04206300328547416,2025-12-28,8,-0.04206300328547416,0.04206300328547416
8,METFORMINA 850MG,2026-03-01,0.0,0.04206300328547416,2025-12-28,9,-0.04206300328547416,0.04206300328547416
8,METFORMINA 850MG,2026-03-08,0.0,0.04206300328547416,2025-12-28,10,-0.04206300328547416,0.04206300328547416
8,METFORMINA 850MG,2026-03-15,0.0,0.04206300328547416,2025-12-28,11,-0.04206300328547416,0.04206300328547416
8,METFORMINA 850MG,2026-03-22,0.0,0.04206300328547416,2025-12-28,12,-0.04206300328547416,0.04206300328547416
8,METFORMINA 850MG,2026-03-29,0.0,0.04206300328547416,2025-12-28,13,-0.04206300328547416,0.04206300328547416
8,METFORMINA 850MG,2026-04-05,0.0,0.04206300328547416,2025-12-28,14,-0.04206300328547416,0.04206300328547416
8,METFORMINA 850MG,2026-04-12,0.0,0.04206300328547416,2025-12-28,15,-0.04206300328547416,0.04206300328547416
8,METFORMINA 850MG,2026-04-19,0.0,0.04206300328547416,2025-12-28,16,-0.04206300328547416,0.04206300328547416
8,METFORMINA 850MG,2026-04-26,0.0,0.04206300328547416,2025-12-28,17,-0.04206300328547416,0.04206300328547416
8,METFORMINA 850MG,2026-05-03,0.0,0.04206300328547416,2025-12-28,18,-0.04206300328547416,0.04206300328547416
8,METFORMINA 850MG,2026-05-10,0.0,0.04206300328547416,2025-12-28,19,-0.04206300328547416,0.04206300328547416
8,METFORMINA 850MG,2026-05-17,0.0,0.04206300328547416,2025-12-28,20,-0.04206300328547416,0.04206300328547416
8,METFORMINA 850MG,2026-05-24,0.0,0.04206300328547416,2025-12-28,21,-0.04206300328547416,0.04206300328547416
8,METFORMINA 850MG,2026-05-31,0.0,0.04206300328547416,2025-12-28,22,-0.04206300328547416,0.04206300328547416
8,METFORMINA 850MG,2026-06-07,0.0,0.04206300328547416,2025-12-28,23,-0.04206300328547416,0.04206300328547416
8,METFORMINA 850MG,2026-06-14,1.0,0.04206300328547416,2025-12-28,24,0.9579369967145258,0.9579369967145258
8,METFORMINA 850MG,2026-06-21,0.0,0.04206300328547416,2025-12-28,25,-0.04206300328547416,0.04206300328547416
8,METFORMINA 850MG,2026-06-28,0.0,0.04206300328547416,2025-12-28,26,-0.04206300328547416,0.04206300328547416
8,METFORMINA 850MG,2026-07-05,0.0,0.04206300328547416,2025-12-28,27,-0.04206300328547416,0.04206300328547416
8,METFORMINA 850MG,2026-07-12,0.0,0.04206300328547416,2025-12-28,28,-0.04206300328547416,0.04206300328547416
8,METFORMINA 850MG,2026-07-19,0.0,0.04206300328547416,2025-12-28,29,-0.04206300328547416,0.04206300328547416
8,METFORMINA 850MG,2026-07-26,0.0,0.04206300328547416,2025-12-28,30,-0.04206300328547416,0.04206300328547416
8,METFORMINA 850MG,2026-08-02,1.0,0.04206300328547416,2025-12-28,31,0.9579369967145258,0.9579369967145258
8,PARACETAMOL 500MG,2026-01-11,0.0,0.009610410240065662,2025-12-28,2,-0.009610410240065662,0.009610410240065662
8,PARACETAMOL 500MG,2026-01-18,0.0,0.009610410240065662,2025-12-28,3,-0.009610410240065662,0.009610410240065662
8,PARACETAMOL 500MG,2026-01-25,0.0,0.009610410240065662,2025-12-28,4,-0.009610410240065662,0.009610410240065662
8,PARACETAMOL 500MG,2026-02-01,0.0,0.009610410240065662,2025-12-28,5,-0.009610410240065662,0.009610410240065662
8,PARACETAMOL 500MG,2026-02-08,0.0,0.009610410240065662,2025-12-28,6,-0.009610410240065662,0.009610410240065662
8,PARACETAMOL 500MG,2026-02-15,0.0,0.009610410240065662,2025-12-28,7,-0.009610410240065662,0.009610410240065662
8,PARACETAMOL 500MG,2026-02-22,0.0,0.009610410240065662,2025-12-28,8,-0.009610410240065662,0.009610410240065662
8,PARACETAMOL 500MG,2026-03-01,0.0,0.009610410240065662,2025-12-28,9,-0.009610410240065662,0.009610410240065662
8,PARACETAMOL 500MG,2026-03-08,0.0,0.009610410240065662,2025-12-28,10,-0.009610410240065662,0.009610410240065662
8,PARACETAMOL 500MG,2026-03-15,0.0,0.009610410240065662,2025-12-28,11,-0.009610410240065662,0.009610410240065662
8,PARACETAMOL 500MG,2026-03-22,0.0,0.009610410240065662,2025-12-28,12,-0.009610410240065662,0.009610410240065662
8,PARACETAMOL 500MG,2026-03-29,0.0,0.009610410240065662,2025-12-28,13,-0.009610410240065662,0.009610410240065662
8,PARACETAMOL 500MG,2026-04-05,0.0,0.009610410240065662,2025-12-28,14,-0.009610410240065662,0.009610410240065662
8,PARACETAMOL 500MG,2026-04-12,0.0,0.009610410240065662,2025-12-28,15,-0.009610410240065662,0.009610410240065662
8,PARACETAMOL 500MG,2026-04-19,0.0,0.009610410240065662,2025-12-28,16,-0.009610410240065662,0.009610410240065662
8,PARACETAMOL 500MG,2026-04-26,0.0,0.009610410240065662,2025-12-28,17,-0.009610410240065662,0.009610410240065662
8,PARACETAMOL 500MG,2026-05-03,0.0,0.009610410240065662,2025-12-28,18,-0.009610410240065662,0.009610410240065662
8,PARACETAMOL 500MG,2026-05-10,0.0,0.009610410240065662,2025-12-28,19,-0.009610410240065662,0.009610410240065662
8,PARACETAMOL 500MG,2026-05-17,0.0,0.009610410240065662,2025-12-28,20,-0.009610410240065662,0.009610410240065662
8,PARACETAMOL 500MG,2026-05-24,0.0,0.009610410240065662,2025-12-28,21,-0.009610410240065662,0.009610410240065662
8,PARACETAMOL 500MG,2026-05-31,0.0,0.009610410240065662,2025-12-28,22,-0.009610410240065662,0.009610410240065662
8,PARACETAMOL 500MG,2026-06-07,0.0,0.009610410240065662,2025-12-28,23,-0.009610410240065662,0.009610410240065662
8,PARACETAMOL 500MG,2026-06-14,0.0,0.009610410240065662,2025-12-28,24,-0.009610410240065662,0.009610410240065662
8,PARACETAMOL 500MG,2026-06-21,0.0,0.009610410240065662,2025-12-28,25,-0.009610410240065662,0.009610410240065662
8,PARACETAMOL 500MG,2026-06-28,0.0,0.009610410240065662,2025-12-28,26,-0.009610410240065662,0.009610410240065662
8,PARACETAMOL 500MG,2026-07-05,0.0,0.009610410240065662,2025-12-28,27,-0.009610410240065662,0.009610410240065662
8,PARACETAMOL 500MG,2026-07-12,0.0,0.009610410240065662,2025-12-28,28,-0.009610410240065662,0.009610410240065662
8,PARACETAMOL 500MG,2026-07-19,0.0,0.009610410240065662,2025-12-28,29,-0.009610410240065662,0.009610410240065662
8,PARACETAMOL 500MG,2026-07-26,0.0,0.009610410240065662,2025-12-28,30,-0.009610410240065662,0.009610410240065662
8,PARACETAMOL 500MG,2026-08-02,0.0,0.009610410240065662,2025-12-28,31,-0.009610410240065662,0.009610410240065662
8,VITAMINA C+ZINC+D3,2026-01-11,0.0,0.18660466990722865,2025-12-28,2,-0.18660466990722865,0.18660466990722865
8,VITAMINA C+ZINC+D3,2026-01-18,0.0,0.2963004397452366,2025-12-28,3,-0.2963004397452366,0.2963004397452366
8,VITAMINA C+ZINC+D3,2026-01-25,0.0,0.5190483372760342,2025-12-28,4,-0.5190483372760342,0.5190483372760342
8,VITAMINA C+ZINC+D3,2026-02-01,1.0,0.42323628395431545,2025-12-28,5,0.5767637160456845,0.5767637160456845
8,VITAMINA C+ZINC+D3,2026-02-08,0.0,0.24535556329367214,2025-12-28,6,-0.24535556329367214,0.24535556329367214
8,VITAMINA C+ZINC+D3,2026-02-15,0.0,0.3285338184369498,2025-12-28,7,-0.3285338184369498,0.3285338184369498
8,VITAMINA C+ZINC+D3,2026-02-22,0.0,0.4703820012505013,2025-12-28,8,-0.4703820012505013,0.4703820012505013
8,VITAMINA C+ZINC+D3,2026-03-01,0.0,0.3985542694760571,2025-12-28,9,-0.3985542694760571,0.3985542694760571
8,VITAMINA C+ZINC+D3,2026-03-08,0.0,0.2856069431968081,2025-12-28,10,-0.2856069431968081,0.2856069431968081
8,VITAMINA C+ZINC+D3,2026-03-15,0.0,0.34734269332952145,2025-12-28,11,-0.34734269332952145,0.34734269332952145
8,VITAMINA C+ZINC+D3,2026-03-22,0.0,0.4371393745744969,2025-12-28,12,-0.4371393745744969,0.4371393745744969
8,VITAMINA C+ZINC+D3,2026-03-29,0.0,0.38429916612364645,2025-12-28,13,-0.38429916612364645,0.38429916612364645
8,VITAMINA C+ZINC+D3,2026-04-05,0.0,0.3130223126112509,2025-12-28,14,-0.3130223126112509,0.3130223126112509
8,VITAMINA C+ZINC+D3,2026-04-12,1.0,0.35807895975025145,2025-12-28,15,0.6419210402497486,0.6419210402497486
8,VITAMINA C+ZINC+D3,2026-04-19,0.0,0.4145608050298857,2025-12-28,16,-0.4145608050298857,0.4145608050298857
8,VITAMINA C+ZINC+D3,2026-04-26,0.0,0.3762718534462219,2025-12-28,17,-0.3762718534462219,0.3762718534462219
8,VITAMINA C+ZINC+D3,2026-05-03,0.0,0.3315926348664747,2025-12-28,18,-0.3315926348664747,0.3315926348664747
8,VITAMINA C+ZINC+D3,2026-05-10,0.0,0.3640294621419754,2025-12-28,19,-0.3640294621419754,0.3640294621419754
8,VITAMINA C+ZINC+D3,2026-05-17,0.0,0.3993069962813812,2025-12-28,20,-0.3993069962813812,0.3993069962813812
8,VITAMINA C+ZINC+D3,2026-05-24,0.0,0.3719061197830227,2025-12-28,21,-0.3719061197830227,0.3719061197830227
8,VITAMINA C+ZINC+D3,2026-05-31,0.0,0.34410635141460827,2025-12-28,22,-0.34410635141460827,0.34410635141460827
8,VITAMINA C+ZINC+D3,2026-06-07,0.0,0.3671922615826967,2025-12-28,23,-0.3671922615826967,0.3671922615826967
8,VITAMINA C+ZINC+D3,2026-06-14,0.0,0.38905389783021277,2025-12-28,24,-0.38905389783021277,0.38905389783021277
8,VITAMINA C+ZINC+D3,2026-06-21,0.0,0.3696509213700538,2025-12-28,25,-0.3696509213700538,0.3696509213700538
8,VITAMINA C+ZINC+D3,2026-06-28,0.0,0.3524969861959396,2025-12-28,26,-0.3524969861959396,0.3524969861959396
8,VITAMINA C+ZINC+D3,2026-07-05,0.0,0.3687674564274473,2025-12-28,27,-0.3687674564274473,0.3687674564274473
8,VITAMINA C+ZINC+D3,2026-07-12,0.0,0.3821956368491367,2025-12-28,28,-0.3821956368491367,0.3821956368491367
8,VITAMINA C+ZINC+D3,2026-07-19,0.0,0.3685810403519674,2025-12-28,29,-0.3685810403519674,0.3685810403519674
8,VITAMINA C+ZINC+D3,2026-07-26,1.0,0.3580961084315078,2025-12-28,30,0.6419038915684923,0.6419038915684923
9,AMOXICILINA 500MG,2026-01-11,0.0,0.03613767428355873,2025-12-28,2,-0.03613767428355873,0.03613767428355873
9,AMOXICILINA 500MG,2026-01-18,0.0,0.03613767428355873,2025-12-28,3,-0.03613767428355873,0.03613767428355873
9,AMOXICILINA 500MG,2026-01-25,0.0,0.03613767428355873,2025-12-28,4,-0.03613767428355873,0.03613767428355873
9,AMOXICILINA 500MG,2026-02-01,0.0,0.03613767428355873,2025-12-28,5,-0.03613767428355873,0.03613767428355873
9,AMOXICILINA 500MG,2026-02-08,0.0,0.03613767428355873,2025-12-28,6,-0.03613767428355873,0.03613767428355873
9,AMOXICILINA 500MG,2026-02-15,0.0,0.03613767428355873,2025-12-28,7,-0.03613767428355873,0.03613767428355873
9,AMOXICILINA 500MG,2026-02-22,0.0,0.03613767428355873,2025-12-28,8,-0.03613767428355873,0.03613767428355873
9,AMOXICILINA 500MG,2026-03-01,0.0,0.03613767428355873,2025-12-28,9,-0.03613767428355873,0.03613767428355873
9,AMOXICILINA 500MG,2026-03-08,0.0,0.03613767428355873,2025-12-28,10,-0.03613767428355873,0.03613767428355873
9,AMOXICILINA 500MG,2026-03-15,0.0,0.03613767428355873,2025-12-28,11,-0.03613767428355873,0.03613767428355873
9,AMOXICILINA 500MG,2026-03-22,0.0,0.03613767428355873,2025-12-28,12,-0.03613767428355873,0.03613767428355873
9,AMOXICILINA 500MG,2026-03-29,0.0,0.03613767428355873,2025-12-28,13,-0.03613767428355873,0.03613767428355873
9,AMOXICILINA 500MG,2026-04-05,0.0,0.03613767428355873,2025-12-28,14,-0.03613767428355873,0.03613767428355873
9,AMOXICILINA 500MG,2026-04-12,0.0,0.03613767428355873,2025-12-28,15,-0.03613767428355873,0.03613767428355873
9,AMOXICILINA 500MG,2026-04-19,0.0,0.03613767428355873,2025-12-28,16,-0.03613767428355873,0.03613767428355873
9,AMOXICILINA 500MG,2026-04-26,0.0,0.03613767428355873,2025-12-28,17,-0.03613767428355873,0.03613767428355873
9,AMOXICILINA 500MG,2026-05-03,0.0,0.03613767428355873,2025-12-28,18,-0.03613767428355873,0.03613767428355873
9,AMOXICILINA 500MG,2026-05-10,0.0,0.03613767428355873,2025-12-28,19,-0.03613767428355873,0.03613767428355873
9,AMOXICILINA 500MG,2026-05-17,0.0,0.03613767428355873,2025-12-28,20,-0.03613767428355873,0.03613767428355873
9,AMOXICILINA 500MG,2026-05-24,1.0,0.03613767428355873,2025-12-28,21,0.9638623257164413,0.9638623257164413
9,AZITROMICINA 500MG,2026-01-11,0.0,-4.824558165895671e-06,2025-12-28,2,4.824558165895671e-06,4.824558165895671e-06
9,AZITROMICINA 500MG,2026-01-18,0.0,-4.824558165895671e-06,2025-12-28,3,4.824558165895671e-06,4.824558165895671e-06
9,AZITROMICINA 500MG,2026-01-25,0.0,-4.824558165895671e-06,2025-12-28,4,4.824558165895671e-06,4.824558165895671e-06
9,AZITROMICINA 500MG,2026-02-01,0.0,-4.824558165895671e-06,2025-12-28,5,4.824558165895671e-06,4.824558165895671e-06
9,AZITROMICINA 500MG,2026-02-08,0.0,-4.824558165895671e-06,2025-12-28,6,4.824558165895671e-06,4.824558165895671e-06
9,AZITROMICINA 500MG,2026-02-15,0.0,-4.824558165895671e-06,2025-12-28,7,4.824558165895671e-06,4.824558165895671e-06
9,AZITROMICINA 500MG,2026-02-22,0.0,-4.824558165895671e-06,2025-12-28,8,4.824558165895671e-06,4.824558165895671e-06
9,AZITROMICINA 500MG,2026-03-01,0.0,-4.824558165895671e-06,2025-12-28,9,4.824558165895671e-06,4.824558165895671e-06
9,AZITROMICINA 500MG,2026-03-08,0.0,-4.824558165895671e-06,2025-12-28,10,4.824558165895671e-06,4.824558165895671e-06
9,AZITROMICINA 500MG,2026-03-15,0.0,-4.824558165895671e-06,2025-12-28,11,4.824558165895671e-06,4.824558165895671e-06
9,AZITROMICINA 500MG,2026-03-22,0.0,-4.824558165895671e-06,2025-12-28,12,4.824558165895671e-06,4.824558165895671e-06
9,AZITROMICINA 500MG,2026-03-29,0.0,-4.824558165895671e-06,2025-12-28,13,4.824558165895671e-06,4.824558165895671e-06
9,AZITROMICINA 500MG,2026-04-05,0.0,-4.824558165895671e-06,2025-12-28,14,4.824558165895671e-06,4.824558165895671e-06
9,AZITROMICINA 500MG,2026-04-12,0.0,-4.824558165895671e-06,2025-12-28,15,4.824558165895671e-06,4.824558165895671e-06
9,AZITROMICINA 500MG,2026-04-19,0.0,-4.824558165895671e-06,2025-12-28,16,4.824558165895671e-06,4.824558165895671e-06
9,AZITROMICINA 500MG,2026-04-26,0.0,-4.824558165895671e-06,2025-12-28,17,4.824558165895671e-06,4.824558165895671e-06
9,AZITROMICINA 500MG,2026-05-03,1.0,-4.824558165895671e-06,2025-12-28,18,1.0000048245581659,1.0000048245581659
9,AZITROMICINA 500MG,2026-05-10,0.0,-4.824558165895671e-06,2025-12-28,19,4.824558165895671e-06,4.824558165895671e-06
9,AZITROMICINA 500MG,2026-05-17,0.0,-4.824558165895671e-06,2025-12-28,20,4.824558165895671e-06,4.824558165895671e-06
9,AZITROMICINA 500MG,2026-05-24,0.0,-4.824558165895671e-06,2025-12-28,21,4.824558165895671e-06,4.824558165895671e-06
9,AZITROMICINA 500MG,2026-05-31,0.0,-4.824558165895671e-06,2025-12-28,22,4.824558165895671e-06,4.824558165895671e-06
9,AZITROMICINA 500MG,2026-06-07,0.0,-4.824558165895671e-06,2025-12-28,23,4.824558165895671e-06,4.824558165895671e-06
9,AZITROMICINA 500MG,2026-06-14,0.0,-4.824558165895671e-06,2025-12-28,24,4.824558165895671e-06,4.824558165895671e-06
9,AZITROMICINA 500MG,2026-06-21,0.0,-4.824558165895671e-06,2025-12-28,25,4.824558165895671e-06,4.824558165895671e-06
9,AZITROMICINA 500MG,2026-06-28,0.0,-4.824558165895671e-06,2025-12-28,26,4.824558165895671e-06,4.824558165895671e-06
9,AZITROMICINA 500MG,2026-07-05,0.0,-4.824558165895671e-06,2025-12-28,27,4.824558165895671e-06,4.824558165895671e-06
9,AZITROMICINA 500MG,2026-07-12,0.0,-4.824558165895671e-06,2025-12-28,28,4.824558165895671e-06,4.824558165895671e-06
9,AZITROMICINA 500MG,2026-07-19,0.0,-4.824558165895671e-06,2025-12-28,29,4.824558165895671e-06,4.824558165895671e-06
9,AZITROMICINA 500MG,2026-07-26,0.0,-4.824558165895671e-06,2025-12-28,30,4.824558165895671e-06,4.824558165895671e-06
9,AZITROMICINA 500MG,2026-08-02,0.0,-4.824558165895671e-06,2025-12-28,31,4.824558165895671e-06,4.824558165895671e-06
9,DIMENHIDRINATO 50MG,2026-01-11,0.0,-4.824558165895673e-06,2025-12-28,2,4.824558165895673e-06,4.824558165895673e-06
9,DIMENHIDRINATO 50MG,2026-01-18,0.0,-4.824558165895673e-06,2025-12-28,3,4.824558165895673e-06,4.824558165895673e-06
9,DIMENHIDRINATO 50MG,2026-01-25,0.0,-4.824558165895673e-06,2025-12-28,4,4.824558165895673e-06,4.824558165895673e-06
9,DIMENHIDRINATO 50MG,2026-02-01,0.0,-4.824558165895673e-06,2025-12-28,5,4.824558165895673e-06,4.824558165895673e-06
9,DIMENHIDRINATO 50MG,2026-02-08,0.0,-4.824558165895673e-06,2025-12-28,6,4.824558165895673e-06,4.824558165895673e-06
9,DIMENHIDRINATO 50MG,2026-02-15,0.0,-4.824558165895673e-06,2025-12-28,7,4.824558165895673e-06,4.824558165895673e-06
9,DIMENHIDRINATO 50MG,2026-02-22,0.0,-4.824558165895673e-06,2025-12-28,8,4.824558165895673e-06,4.824558165895673e-06
9,DIMENHIDRINATO 50MG,2026-03-01,0.0,-4.824558165895673e-06,2025-12-28,9,4.824558165895673e-06,4.824558165895673e-06
9,DIMENHIDRINATO 50MG,2026-03-08,0.0,-4.824558165895673e-06,2025-12-28,10,4.824558165895673e-06,4.824558165895673e-06
9,DIMENHIDRINATO 50MG,2026-03-15,0.0,-4.824558165895673e-06,2025-12-28,11,4.824558165895673e-06,4.824558165895673e-06
9,DIMENHIDRINATO 50MG,2026-03-22,0.0,-4.824558165895673e-06,2025-12-28,12,4.824558165895673e-06,4.824558165895673e-06
9,DIMENHIDRINATO 50MG,2026-03-29,0.0,-4.824558165895673e-06,2025-12-28,13,4.824558165895673e-06,4.824558165895673e-06
9,DIMENHIDRINATO 50MG,2026-04-05,0.0,-4.824558165895673e-06,2025-12-28,14,4.824558165895673e-06,4.824558165895673e-06
9,DIMENHIDRINATO 50MG,2026-04-12,0.0,-4.824558165895673e-06,2025-12-28,15,4.824558165895673e-06,4.824558165895673e-06
9,DIMENHIDRINATO 50MG,2026-04-19,0.0,-4.824558165895673e-06,2025-12-28,16,4.824558165895673e-06,4.824558165895673e-06
9,DIMENHIDRINATO 50MG,2026-04-26,0.0,-4.824558165895673e-06,2025-12-28,17,4.824558165895673e-06,4.824558165895673e-06
9,DIMENHIDRINATO 50MG,2026-05-03,0.0,-4.824558165895673e-06,2025-12-28,18,4.824558165895673e-06,4.824558165895673e-06
9,DIMENHIDRINATO 50MG,2026-05-10,0.0,-4.824558165895673e-06,2025-12-28,19,4.824558165895673e-06,4.824558165895673e-06
9,DIMENHIDRINATO 50MG,2026-05-17,0.0,-4.824558165895673e-06,2025-12-28,20,4.824558165895673e-06,4.824558165895673e-06
9,DIMENHIDRINATO 50MG,2026-05-24,0.0,-4.824558165895673e-06,2025-12-28,21,4.824558165895673e-06,4.824558165895673e-06
9,DIMENHIDRINATO 50MG,2026-05-31,0.0,-4.824558165895673e-06,2025-12-28,22,4.824558165895673e-06,4.824558165895673e-06
9,DIMENHIDRINATO 50MG,2026-06-07,0.0,-4.824558165895673e-06,2025-12-28,23,4.824558165895673e-06,4.824558165895673e-06
9,DIMENHIDRINATO 50MG,2026-06-14,0.0,-4.824558165895673e-06,2025-12-28,24,4.824558165895673e-06,4.824558165895673e-06
9,DIMENHIDRINATO 50MG,2026-06-21,0.0,-4.824558165895673e-06,2025-12-28,25,4.824558165895673e-06,4.824558165895673e-06
9,DIMENHIDRINATO 50MG,2026-06-28,0.0,-4.824558165895673e-06,2025-12-28,26,4.824558165895673e-06,4.824558165895673e-06
9,DIMENHIDRINATO 50MG,2026-07-05,0.0,-4.824558165895673e-06,2025-12-28,27,4.824558165895673e-06,4.824558165895673e-06
9,DIMENHIDRINATO 50MG,2026-07-12,0.0,-4.824558165895673e-06,2025-12-28,28,4.824558165895673e-06,4.824558165895673e-06
9,DIMENHIDRINATO 50MG,2026-07-19,0.0,-4.824558165895673e-06,2025-12-28,29,4.824558165895673e-06,4.824558165895673e-06
9,DIMENHIDRINATO 50MG,2026-07-26,0.0,-4.824558165895673e-06,2025-12-28,30,4.824558165895673e-06,4.824558165895673e-06
9,DIMENHIDRINATO 50MG,2026-08-02,0.0,-4.824558165895673e-06,2025-12-28,31,4.824558165895673e-06,4.824558165895673e-06
9,ENALAPRIL 10MG,2026-01-11,0.0,0.11240560327880121,2025-12-28,2,-0.11240560327880121,0.11240560327880121
9,ENALAPRIL 10MG,2026-01-18,0.0,0.11460118234306338,2025-12-28,3,-0.11460118234306338,0.11460118234306338
9,ENALAPRIL 10MG,2026-01-25,0.0,0.11493022585458934,2025-12-28,4,-0.11493022585458934,0.11493022585458934
9,ENALAPRIL 10MG,2026-02-01,0.0,0.11497953841829504,2025-12-28,5,-0.11497953841829504,0.11497953841829504
9,ENALAPRIL 10MG,2026-02-08,1.0,0.11498692871427126,2025-12-28,6,0.8850130712857287,0.8850130712857287
9,ENALAPRIL 10MG,2026-02-15,0.0,0.11498803627126103,2025-12-28,7,-0.11498803627126103,0.11498803627126103
9,ENALAPRIL 10MG,2026-02-22,0.0,0.11498820225683043,2025-12-28,8,-0.11498820225683043,0.11498820225683043
9,ENALAPRIL 10MG,2026-03-01,0.0,0.11498822713248874,2025-12-28,9,-0.11498822713248874,0.11498822713248874
9,ENALAPRIL 10MG,2026-03-08,0.0,0.1149882308605139,2025-12-28,10,-0.1149882308605139,0.1149882308605139
9,ENALAPRIL 10MG,2026-03-15,0.0,0.11498823141921957,2025-12-28,11,-0.11498823141921957,0.11498823141921957
9,ENALAPRIL 10MG,2026-03-22,0.0,0.11498823150295077,2025-12-28,12,-0.11498823150295077,0.11498823150295077
9,ENALAPRIL 10MG,2026-03-29,1.0,0.11498823151549926,2025-12-28,13,0.8850117684845007,0.8850117684845007
9,ENALAPRIL 10MG,2026-04-05,0.0,0.11498823151737986,2025-12-28,14,-0.11498823151737986,0.11498823151737986
9,ENALAPRIL 10MG,2026-04-12,0.0,0.1149882315176617,2025-12-28,15,-0.1149882315176617,0.1149882315176617
9,ENALAPRIL 10MG,2026-04-19,0.0,0.11498823151770393,2025-12-28,16,-0.11498823151770393,0.11498823151770393
9,ENALAPRIL 10MG,2026-04-26,0.0,0.11498823151771027,2025-12-28,17,-0.11498823151771027,0.11498823151771027
9,ENALAPRIL 10MG,2026-05-03,1.0,0.11498823151771122,2025-12-28,18,0.8850117684822888,0.8850117684822888
9,ENALAPRIL 10MG,2026-05-10,0.0,0.11498823151771136,2025-12-28,19,-0.11498823151771136,0.11498823151771136
9,ENALAPRIL 10MG,2026-05-17,0.0,0.11498823151771138,2025-12-28,20,-0.11498823151771138,0.11498823151771138
9,ENALAPRIL 10MG,2026-05-24,0.0,0.11498823151771138,2025-12-28,21,-0.11498823151771138,0.11498823151771138
9,ENALAPRIL 10MG,2026-05-31,0.0,0.11498823151771138,2025-12-28,22,-0.11498823151771138,0.11498823151771138
9,ENALAPRIL 10MG,2026-06-07,1.0,0.11498823151771138,2025-12-28,23,0.8850117684822886,0.8850117684822886
9,ENALAPRIL 10MG,2026-06-14,0.0,0.11498823151771138,2025-12-28,24,-0.11498823151771138,0.11498823151771138
9,ENALAPRIL 10MG,2026-06-21,0.0,0.11498823151771138,2025-12-28,25,-0.11498823151771138,0.11498823151771138
9,ENALAPRIL 10MG,2026-06-28,0.0,0.11498823151771138,2025-12-28,26,-0.11498823151771138,0.11498823151771138
9,ENALAPRIL 10MG,2026-07-05,0.0,0.11498823151771138,2025-12-28,27,-0.11498823151771138,0.11498823151771138
9,ENALAPRIL 10MG,2026-07-12,0.0,0.11498823151771138,2025-12-28,28,-0.11498823151771138,0.11498823151771138
9,ENALAPRIL 10MG,2026-07-19,0.0,0.11498823151771138,2025-12-28,29,-0.11498823151771138,0.11498823151771138
9,ENALAPRIL 10MG,2026-07-26,0.0,0.11498823151771138,2025-12-28,30,-0.11498823151771138,0.11498823151771138
9,METFORMINA 850MG,2026-01-11,0.0,0.22092544299935327,2025-12-28,2,-0.22092544299935327,0.22092544299935327
9,METFORMINA 850MG,2026-01-18,0.0,0.3215148602572284,2025-12-28,3,-0.3215148602572284,0.3215148602572284
9,METFORMINA 850MG,2026-01-25,0.0,0.02328509332794637,2025-12-28,4,-0.02328509332794637,0.02328509332794637
9,METFORMINA 850MG,2026-02-01,0.0,0.2900134497501192,2025-12-28,5,-0.2900134497501192,0.2900134497501192
9,METFORMINA 850MG,2026-02-08,0.0,0.08987069055651777,2025-12-28,6,-0.08987069055651777,0.08987069055651777
9,METFORMINA 850MG,2026-02-15,0.0,0.18621666536808262,2025-12-28,7,-0.18621666536808262,0.18621666536808262
9,METFORMINA 850MG,2026-02-22,0.0,0.16625588768029478,2025-12-28,8,-0.16625588768029478,0.16625588768029478
9,METFORMINA 850MG,2026-03-01,0.0,0.13725589479480696,2025-12-28,9,-0.13725589479480696,0.13725589479480696
9,METFORMINA 850MG,2026-03-08,0.0,0.18273327616122034,2025-12-28,10,-0.18273327616122034,0.18273327616122034
9,METFORMINA 850MG,2026-03-15,0.0,0.14066450553189316,2025-12-28,11,-0.14066450553189316,0.14066450553189316
9,METFORMINA 850MG,2026-03-22,0.0,0.16877154571234218,2025-12-28,12,-0.16877154571234218,0.16877154571234218
9,METFORMINA 850MG,2026-03-29,0.0,0.15583695683519944,2025-12-28,13,-0.15583695683519944,0.15583695683519944
9,METFORMINA 850MG,2026-04-05,0.0,0.1570059426556137,2025-12-28,14,-0.1570059426556137,0.1570059426556137
9,METFORMINA 850MG,2026-04-12,0.0,0.16237615543243386,2025-12-28,15,-0.16237615543243386,0.16237615543243386
9,METFORMINA 850MG,2026-04-19,0.0,0.15503023032417051,2025-12-28,16,-0.15503023032417051,0.15503023032417051
9,METFORMINA 850MG,2026-04-26,0.0,0.16134905389898804,2025-12-28,17,-0.16134905389898804,0.16134905389898804
9,METFORMINA 850MG,2026-05-03,0.0,0.15735017316550748,2025-12-28,18,-0.15735017316550748,0.15735017316550748
9,METFORMINA 850MG,2026-05-10,0.0,0.15899026882949674,2025-12-28,19,-0.15899026882949674,0.15899026882949674
9,METFORMINA 850MG,2026-05-17,0.0,0.15906288833138602,2025-12-28,20,-0.15906288833138602,0.15906288833138602
9,METFORMINA 850MG,2026-05-24,0.0,0.15810124696710168,2025-12-28,21,-0.15810124696710168,0.15810124696710168
9,METFORMINA 850MG,2026-05-31,0.0,0.15926385401099646,2025-12-28,22,-0.15926385401099646,0.15926385401099646
9,METFORMINA 850MG,2026-06-07,0.0,0.15832173758988963,2025-12-28,23,-0.15832173758988963,0.15832173758988963
9,METFORMINA 850MG,2026-06-14,0.0,0.1588815906082957,2025-12-28,24,-0.1588815906082957,0.1588815906082957
9,METFORMINA 850MG,2026-06-21,1.0,0.1586821927880997,2025-12-28,25,0.8413178072119003,0.8413178072119003
9,METFORMINA 850MG,2026-06-28,0.0,0.15863413832677817,2025-12-28,26,-0.15863413832677817,0.15863413832677817
9,METFORMINA 850MG,2026-07-05,1.0,0.15879999829827995,2025-12-28,27,0.84120000170172,0.84120000170172
9,METFORMINA 850MG,2026-07-12,0.0,0.15861829622768212,2025-12-28,28,-0.15861829622768212,0.15861829622768212
9,METFORMINA 850MG,2026-07-19,0.0,0.15875725951033412,2025-12-28,29,-0.15875725951033412,0.15875725951033412
9,METFORMINA 850MG,2026-07-26,0.0,0.1586800952766296,2025-12-28,30,-0.1586800952766296,0.1586800952766296
9,METFORMINA 850MG,2026-08-02,0.0,0.158702738544706,2025-12-28,31,-0.158702738544706,0.158702738544706
9,PARACETAMOL 500MG,2026-01-11,0.0,0.8185310677295415,2025-12-28,2,-0.8185310677295415,0.8185310677295415
9,PARACETAMOL 500MG,2026-01-18,0.0,1.0219230504484729,2025-12-28,3,-1.0219230504484729,1.0219230504484729
9,PARACETAMOL 500MG,2026-01-25,0.0,0.960509953113857,2025-12-28,4,-0.960509953113857,0.960509953113857
9,PARACETAMOL 500MG,2026-02-01,0.0,0.9727860786945403,2025-12-28,5,-0.9727860786945403,0.9727860786945403
9,PARACETAMOL 500MG,2026-02-08,0.0,1.0926921075387654,2025-12-28,6,-1.0926921075387654,1.0926921075387654
9,PARACETAMOL 500MG,2026-02-15,0.0,1.2386830453294293,2025-12-28,7,-1.2386830453294293,1.2386830453294293
9,PARACETAMOL 500MG,2026-02-22,0.0,1.3387078532018521,2025-12-28,8,-1.3387078532018521,1.3387078532018521
9,PARACETAMOL 500MG,2026-03-01,0.0,1.4127338302013408,2025-12-28,9,-1.4127338302013408,1.4127338302013408
9,PARACETAMOL 500MG,2026-03-08,0.0,1.495795313192199,2025-12-28,10,-1.495795313192199,1.495795313192199
9,PARACETAMOL 500MG,2026-03-15,0.0,1.5946834404313053,2025-12-28,11,-1.5946834404313053,1.5946834404313053
9,PARACETAMOL 500MG,2026-03-22,0.0,1.6953325481219248,2025-12-28,12,-1.6953325481219248,1.6953325481219248
9,PARACETAMOL 500MG,2026-03-29,0.0,1.7896993388627742,2025-12-28,13,-1.7896993388627742,1.7896993388627742
9,PARACETAMOL 500MG,2026-04-05,0.0,1.8807905372851967,2025-12-28,14,-1.8807905372851967,1.8807905372851967
9,PARACETAMOL 500MG,2026-04-12,0.0,1.973459533123623,2025-12-28,15,-1.973459533123623,1.973459533123623
9,PARACETAMOL 500MG,2026-04-19,0.0,2.0681950181162616,2025-12-28,16,-2.0681950181162616,2.0681950181162616
9,PARACETAMOL 500MG,2026-04-26,0.0,2.163026484960434,2025-12-28,17,-2.163026484960434,2.163026484960434
9,PARACETAMOL 500MG,2026-05-03,0.0,2.256966181017068,2025-12-28,18,-2.256966181017068,2.256966181017068
9,PARACETAMOL 500MG,2026-05-10,0.0,2.350519385000675,2025-12-28,19,-2.350519385000675,2.350519385000675
9,PARACETAMOL 500MG,2026-05-17,0.0,2.4443226863619905,2025-12-28,20,-2.4443226863619905,2.4443226863619905
9,PARACETAMOL 500MG,2026-05-24,0.0,2.538396087455776,2025-12-28,21,-2.538396087455776,2.538396087455776
9,PARACETAMOL 500MG,2026-05-31,0.0,2.632461598000183,2025-12-28,22,-2.632461598000183,2.632461598000183
9,PARACETAMOL 500MG,2026-06-07,0.0,2.7264029952836046,2025-12-28,23,-2.7264029952836046,2.7264029952836046
9,PARACETAMOL 500MG,2026-06-14,0.0,2.8202999703432723,2025-12-28,24,-2.8202999703432723,2.8202999703432723
9,PARACETAMOL 500MG,2026-06-21,0.0,2.9142354423703685,2025-12-28,25,-2.9142354423703685,2.9142354423703685
9,PARACETAMOL 500MG,2026-06-28,0.0,3.008205699223498,2025-12-28,26,-3.008205699223498,3.008205699223498
9,PARACETAMOL 500MG,2026-07-05,0.0,3.102172133436197,2025-12-28,27,-3.102172133436197,3.102172133436197
9,PARACETAMOL 500MG,2026-07-12,0.0,3.1961214938768454,2025-12-28,28,-3.1961214938768454,3.1961214938768454
9,PARACETAMOL 500MG,2026-07-19,0.0,3.2900659732960547,2025-12-28,29,-3.2900659732960547,3.2900659732960547
9,VITAMINA C+ZINC+D3,2026-01-11,1.0,0.6729289141159804,2025-12-28,2,0.32707108588401956,0.32707108588401956
9,VITAMINA C+ZINC+D3,2026-01-18,0.0,0.6582004033524348,2025-12-28,3,-0.6582004033524348,0.6582004033524348
9,VITAMINA C+ZINC+D3,2026-01-25,0.0,0.6310238675771378,2025-12-28,4,-0.6310238675771378,0.6310238675771378
9,VITAMINA C+ZINC+D3,2026-02-01,0.0,0.6056958482093908,2025-12-28,5,-0.6056958482093908,0.6056958482093908
9,VITAMINA C+ZINC+D3,2026-02-08,0.0,0.5842054701207747,2025-12-28,6,-0.5842054701207747,0.5842054701207747
9,VITAMINA C+ZINC+D3,2026-02-15,0.0,0.5663280742194683,2025-12-28,7,-0.5663280742194683,0.5663280742194683
9,VITAMINA C+ZINC+D3,2026-02-22,0.0,0.5515223667209379,2025-12-28,8,-0.5515223667209379,0.5515223667209379
9,VITAMINA C+ZINC+D3,2026-03-01,0.0,0.539273069786005,2025-12-28,9,-0.539273069786005,0.539273069786005
9,VITAMINA C+ZINC+D3,2026-03-08,0.0,0.5291411567362897,2025-12-28,10,-0.5291411567362897,0.5291411567362897
9,VITAMINA C+ZINC+D3,2026-03-15,0.0,0.5207610727162532,2025-12-28,11,-0.5207610727162532,0.5207610727162532
9,VITAMINA C+ZINC+D3,2026-03-22,0.0,0.5138300085473916,2025-12-28,12,-0.5138300085473916,0.5138300085473916
9,VITAMINA C+ZINC+D3,2026-03-29,1.0,0.508097427131013,2025-12-28,13,0.491902572868987,0.491902572868987
9,VITAMINA C+ZINC+D3,2026-04-05,1.0,0.5033560963025853,2025-12-28,14,0.49664390369741473,0.49664390369741473
9,VITAMINA C+ZINC+D3,2026-04-12,1.0,0.4994346143358053,2025-12-28,15,0.5005653856641947,0.5005653856641947
9,VITAMINA C+ZINC+D3,2026-04-19,3.0,0.49619121689292944,2025-12-28,16,2.5038087831070706,2.5038087831070706
9,VITAMINA C+ZINC+D3,2026-04-26,0.0,0.4935086527556798,2025-12-28,17,-0.4935086527556798,0.4935086527556798
9,VITAMINA C+ZINC+D3,2026-05-03,1.0,0.49128994522320185,2025-12-28,18,0.5087100547767982,0.5087100547767982
9,VITAMINA C+ZINC+D3,2026-05-10,0.0,0.48945488635387063,2025-12-28,19,-0.48945488635387063,0.48945488635387063
9,VITAMINA C+ZINC+D3,2026-05-17,0.0,0.4879371373922372,2025-12-28,20,-0.4879371373922372,0.4879371373922372
9,VITAMINA C+ZINC+D3,2026-05-24,0.0,0.4866818305740272,2025-12-28,21,-0.4866818305740272,0.4866818305740272
9,VITAMINA C+ZINC+D3,2026-05-31,0.0,0.4856435856154271,2025-12-28,22,-0.4856435856154271,0.4856435856154271
9,VITAMINA C+ZINC+D3,2026-06-07,0.0,0.484784869181787,2025-12-28,23,-0.484784869181787,0.484784869181787
9,VITAMINA C+ZINC+D3,2026-06-14,0.0,0.4840746380294031,2025-12-28,24,-0.4840746380294031,0.4840746380294031
9,VITAMINA C+ZINC+D3,2026-06-21,0.0,0.48348721676895484,2025-12-28,25,-0.48348721676895484,0.48348721676895484
9,VITAMINA C+ZINC+D3,2026-06-28,0.0,0.4830013696809069,2025-12-28,26,-0.4830013696809069,0.4830013696809069
9,VITAMINA C+ZINC+D3,2026-07-05,1.0,0.4825995330283068,2025-12-28,27,0.5174004669716932,0.5174004669716932
9,VITAMINA C+ZINC+D3,2026-07-12,2.0,0.4822671801145092,2025-12-28,28,1.5177328198854907,1.5177328198854907
10,AMOXICILINA 500MG,2026-01-11,0.0,0.02563604843843373,2025-12-28,2,-0.02563604843843373,0.02563604843843373
10,AMOXICILINA 500MG,2026-01-18,0.0,0.02563604843843373,2025-12-28,3,-0.02563604843843373,0.02563604843843373
10,AMOXICILINA 500MG,2026-01-25,0.0,0.02563604843843373,2025-12-28,4,-0.02563604843843373,0.02563604843843373
10,AMOXICILINA 500MG,2026-02-01,0.0,0.02563604843843373,2025-12-28,5,-0.02563604843843373,0.02563604843843373
10,AMOXICILINA 500MG,2026-02-08,0.0,0.02563604843843373,2025-12-28,6,-0.02563604843843373,0.02563604843843373
10,AMOXICILINA 500MG,2026-02-15,0.0,0.02563604843843373,2025-12-28,7,-0.02563604843843373,0.02563604843843373
10,AMOXICILINA 500MG,2026-02-22,0.0,0.02563604843843373,2025-12-28,8,-0.02563604843843373,0.02563604843843373
10,AMOXICILINA 500MG,2026-03-01,0.0,0.02563604843843373,2025-12-28,9,-0.02563604843843373,0.02563604843843373
10,AMOXICILINA 500MG,2026-03-08,0.0,0.02563604843843373,2025-12-28,10,-0.02563604843843373,0.02563604843843373
10,AMOXICILINA 500MG,2026-03-15,0.0,0.02563604843843373,2025-12-28,11,-0.02563604843843373,0.02563604843843373
10,AMOXICILINA 500MG,2026-03-22,0.0,0.02563604843843373,2025-12-28,12,-0.02563604843843373,0.02563604843843373
10,AMOXICILINA 500MG,2026-03-29,0.0,0.02563604843843373,2025-12-28,13,-0.02563604843843373,0.02563604843843373
10,AMOXICILINA 500MG,2026-04-05,0.0,0.02563604843843373,2025-12-28,14,-0.02563604843843373,0.02563604843843373
10,AMOXICILINA 500MG,2026-04-12,0.0,0.02563604843843373,2025-12-28,15,-0.02563604843843373,0.02563604843843373
10,AMOXICILINA 500MG,2026-04-19,0.0,0.02563604843843373,2025-12-28,16,-0.02563604843843373,0.02563604843843373
10,AMOXICILINA 500MG,2026-04-26,0.0,0.02563604843843373,2025-12-28,17,-0.02563604843843373,0.02563604843843373
10,AMOXICILINA 500MG,2026-05-03,0.0,0.02563604843843373,2025-12-28,18,-0.02563604843843373,0.02563604843843373
10,AMOXICILINA 500MG,2026-05-10,0.0,0.02563604843843373,2025-12-28,19,-0.02563604843843373,0.02563604843843373
10,AMOXICILINA 500MG,2026-05-17,0.0,0.02563604843843373,2025-12-28,20,-0.02563604843843373,0.02563604843843373
10,AMOXICILINA 500MG,2026-05-24,0.0,0.02563604843843373,2025-12-28,21,-0.02563604843843373,0.02563604843843373
10,AMOXICILINA 500MG,2026-05-31,0.0,0.02563604843843373,2025-12-28,22,-0.02563604843843373,0.02563604843843373
10,AMOXICILINA 500MG,2026-06-07,0.0,0.02563604843843373,2025-12-28,23,-0.02563604843843373,0.02563604843843373
10,AMOXICILINA 500MG,2026-06-14,0.0,0.02563604843843373,2025-12-28,24,-0.02563604843843373,0.02563604843843373
10,AMOXICILINA 500MG,2026-06-21,0.0,0.02563604843843373,2025-12-28,25,-0.02563604843843373,0.02563604843843373
10,AMOXICILINA 500MG,2026-06-28,0.0,0.02563604843843373,2025-12-28,26,-0.02563604843843373,0.02563604843843373
10,AZITROMICINA 500MG,2026-01-11,1.0,0.038456553591813485,2025-12-28,2,0.9615434464081866,0.9615434464081866
10,AZITROMICINA 500MG,2026-01-18,0.0,0.038456553591813485,2025-12-28,3,-0.038456553591813485,0.038456553591813485
10,AZITROMICINA 500MG,2026-01-25,0.0,0.038456553591813485,2025-12-28,4,-0.038456553591813485,0.038456553591813485
10,AZITROMICINA 500MG,2026-02-01,1.0,0.038456553591813485,2025-12-28,5,0.9615434464081866,0.9615434464081866
10,AZITROMICINA 500MG,2026-02-08,0.0,0.038456553591813485,2025-12-28,6,-0.038456553591813485,0.038456553591813485
10,AZITROMICINA 500MG,2026-02-15,0.0,0.038456553591813485,2025-12-28,7,-0.038456553591813485,0.038456553591813485
10,AZITROMICINA 500MG,2026-02-22,0.0,0.038456553591813485,2025-12-28,8,-0.038456553591813485,0.038456553591813485
10,AZITROMICINA 500MG,2026-03-01,0.0,0.038456553591813485,2025-12-28,9,-0.038456553591813485,0.038456553591813485
10,AZITROMICINA 500MG,2026-03-08,0.0,0.038456553591813485,2025-12-28,10,-0.038456553591813485,0.038456553591813485
10,AZITROMICINA 500MG,2026-03-15,0.0,0.038456553591813485,2025-12-28,11,-0.038456553591813485,0.038456553591813485
10,AZITROMICINA 500MG,2026-03-22,0.0,0.038456553591813485,2025-12-28,12,-0.038456553591813485,0.038456553591813485
10,AZITROMICINA 500MG,2026-03-29,0.0,0.038456553591813485,2025-12-28,13,-0.038456553591813485,0.038456553591813485
10,AZITROMICINA 500MG,2026-04-05,0.0,0.038456553591813485,2025-12-28,14,-0.038456553591813485,0.038456553591813485
10,AZITROMICINA 500MG,2026-04-12,0.0,0.038456553591813485,2025-12-28,15,-0.038456553591813485,0.038456553591813485
10,AZITROMICINA 500MG,2026-04-19,0.0,0.038456553591813485,2025-12-28,16,-0.038456553591813485,0.038456553591813485
10,AZITROMICINA 500MG,2026-04-26,0.0,0.038456553591813485,2025-12-28,17,-0.038456553591813485,0.038456553591813485
10,AZITROMICINA 500MG,2026-05-03,0.0,0.038456553591813485,2025-12-28,18,-0.038456553591813485,0.038456553591813485
10,AZITROMICINA 500MG,2026-05-10,0.0,0.038456553591813485,2025-12-28,19,-0.038456553591813485,0.038456553591813485
10,AZITROMICINA 500MG,2026-05-17,0.0,0.038456553591813485,2025-12-28,20,-0.038456553591813485,0.038456553591813485
10,AZITROMICINA 500MG,2026-05-24,0.0,0.038456553591813485,2025-12-28,21,-0.038456553591813485,0.038456553591813485
10,AZITROMICINA 500MG,2026-05-31,0.0,0.038456553591813485,2025-12-28,22,-0.038456553591813485,0.038456553591813485
10,AZITROMICINA 500MG,2026-06-07,0.0,0.038456553591813485,2025-12-28,23,-0.038456553591813485,0.038456553591813485
10,AZITROMICINA 500MG,2026-06-14,0.0,0.038456553591813485,2025-12-28,24,-0.038456553591813485,0.038456553591813485
10,AZITROMICINA 500MG,2026-06-21,0.0,0.038456553591813485,2025-12-28,25,-0.038456553591813485,0.038456553591813485
10,AZITROMICINA 500MG,2026-06-28,0.0,0.038456553591813485,2025-12-28,26,-0.038456553591813485,0.038456553591813485
10,AZITROMICINA 500MG,2026-07-05,0.0,0.038456553591813485,2025-12-28,27,-0.038456553591813485,0.038456553591813485
10,AZITROMICINA 500MG,2026-07-12,0.0,0.038456553591813485,2025-12-28,28,-0.038456553591813485,0.038456553591813485
10,AZITROMICINA 500MG,2026-07-19,0.0,0.038456553591813485,2025-12-28,29,-0.038456553591813485,0.038456553591813485
10,DIMENHIDRINATO 50MG,2026-01-11,0.0,0.009995016164089036,2025-12-28,2,-0.009995016164089036,0.009995016164089036
10,DIMENHIDRINATO 50MG,2026-01-18,0.0,0.009995016164089036,2025-12-28,3,-0.009995016164089036,0.009995016164089036
10,DIMENHIDRINATO 50MG,2026-01-25,0.0,0.009995016164089036,2025-12-28,4,-0.009995016164089036,0.009995016164089036
10,DIMENHIDRINATO 50MG,2026-02-01,0.0,0.009995016164089036,2025-12-28,5,-0.009995016164089036,0.009995016164089036
10,DIMENHIDRINATO 50MG,2026-02-08,0.0,0.009995016164089036,2025-12-28,6,-0.009995016164089036,0.009995016164089036
10,DIMENHIDRINATO 50MG,2026-02-15,0.0,0.009995016164089036,2025-12-28,7,-0.009995016164089036,0.009995016164089036
10,DIMENHIDRINATO 50MG,2026-02-22,0.0,0.009995016164089036,2025-12-28,8,-0.009995016164089036,0.009995016164089036
10,DIMENHIDRINATO 50MG,2026-03-01,0.0,0.009995016164089036,2025-12-28,9,-0.009995016164089036,0.009995016164089036
10,DIMENHIDRINATO 50MG,2026-03-08,0.0,0.009995016164089036,2025-12-28,10,-0.009995016164089036,0.009995016164089036
10,DIMENHIDRINATO 50MG,2026-03-15,0.0,0.009995016164089036,2025-12-28,11,-0.009995016164089036,0.009995016164089036
10,DIMENHIDRINATO 50MG,2026-03-22,0.0,0.009995016164089036,2025-12-28,12,-0.009995016164089036,0.009995016164089036
10,DIMENHIDRINATO 50MG,2026-03-29,0.0,0.009995016164089036,2025-12-28,13,-0.009995016164089036,0.009995016164089036
10,DIMENHIDRINATO 50MG,2026-04-05,0.0,0.009995016164089036,2025-12-28,14,-0.009995016164089036,0.009995016164089036
10,DIMENHIDRINATO 50MG,2026-04-12,0.0,0.009995016164089036,2025-12-28,15,-0.009995016164089036,0.009995016164089036
10,DIMENHIDRINATO 50MG,2026-04-19,0.0,0.009995016164089036,2025-12-28,16,-0.009995016164089036,0.009995016164089036
10,DIMENHIDRINATO 50MG,2026-04-26,0.0,0.009995016164089036,2025-12-28,17,-0.009995016164089036,0.009995016164089036
10,DIMENHIDRINATO 50MG,2026-05-03,0.0,0.009995016164089036,2025-12-28,18,-0.009995016164089036,0.009995016164089036
10,DIMENHIDRINATO 50MG,2026-05-10,0.0,0.009995016164089036,2025-12-28,19,-0.009995016164089036,0.009995016164089036
10,DIMENHIDRINATO 50MG,2026-05-17,0.0,0.009995016164089036,2025-12-28,20,-0.009995016164089036,0.009995016164089036
10,DIMENHIDRINATO 50MG,2026-05-24,0.0,0.009995016164089036,2025-12-28,21,-0.009995016164089036,0.009995016164089036
10,DIMENHIDRINATO 50MG,2026-05-31,0.0,0.009995016164089036,2025-12-28,22,-0.009995016164089036,0.009995016164089036
10,DIMENHIDRINATO 50MG,2026-06-07,0.0,0.009995016164089036,2025-12-28,23,-0.009995016164089036,0.009995016164089036
10,DIMENHIDRINATO 50MG,2026-06-14,0.0,0.009995016164089036,2025-12-28,24,-0.009995016164089036,0.009995016164089036
10,DIMENHIDRINATO 50MG,2026-06-21,0.0,0.009995016164089036,2025-12-28,25,-0.009995016164089036,0.009995016164089036
10,DIMENHIDRINATO 50MG,2026-06-28,0.0,0.009995016164089036,2025-12-28,26,-0.009995016164089036,0.009995016164089036
10,DIMENHIDRINATO 50MG,2026-07-05,0.0,0.009995016164089036,2025-12-28,27,-0.009995016164089036,0.009995016164089036
10,DIMENHIDRINATO 50MG,2026-07-12,0.0,0.009995016164089036,2025-12-28,28,-0.009995016164089036,0.009995016164089036
10,DIMENHIDRINATO 50MG,2026-07-19,0.0,0.009995016164089036,2025-12-28,29,-0.009995016164089036,0.009995016164089036
10,DIMENHIDRINATO 50MG,2026-07-26,0.0,0.009995016164089036,2025-12-28,30,-0.009995016164089036,0.009995016164089036
10,DIMENHIDRINATO 50MG,2026-08-02,0.0,0.009995016164089036,2025-12-28,31,-0.009995016164089036,0.009995016164089036
10,ENALAPRIL 10MG,2026-01-11,0.0,0.1651529414914827,2025-12-28,2,-0.1651529414914827,0.1651529414914827
10,ENALAPRIL 10MG,2026-01-18,0.0,0.41042853531261236,2025-12-28,3,-0.41042853531261236,0.41042853531261236
10,ENALAPRIL 10MG,2026-01-25,0.0,0.10534893838754195,2025-12-28,4,-0.10534893838754195,0.10534893838754195
10,ENALAPRIL 10MG,2026-02-01,3.0,0.37409796475333656,2025-12-28,5,2.6259020352466633,2.6259020352466633
10,ENALAPRIL 10MG,2026-02-08,1.0,0.20147663695899926,2025-12-28,6,0.7985233630410007,0.7985233630410007
10,ENALAPRIL 10MG,2026-02-15,0.0,0.25991538676222264,2025-12-28,7,-0.25991538676222264,0.25991538676222264
10,ENALAPRIL 10MG,2026-02-22,0.0,0.2989438526199709,2025-12-28,8,-0.2989438526199709,0.2989438526199709
10,ENALAPRIL 10MG,2026-03-01,0.0,0.19986050695854934,2025-12-28,9,-0.19986050695854934,0.19986050695854934
10,ENALAPRIL 10MG,2026-03-08,0.0,0.31641505475788956,2025-12-28,10,-0.31641505475788956,0.31641505475788956
10,ENALAPRIL 10MG,2026-03-15,1.0,0.21761376859128775,2025-12-28,11,0.7823862314087122,0.7823862314087122
10,ENALAPRIL 10MG,2026-03-22,0.0,0.277907770648806,2025-12-28,12,-0.277907770648806,0.277907770648806
10,ENALAPRIL 10MG,2026-03-29,0.0,0.2610484755796713,2025-12-28,13,-0.2610484755796713,0.2610484755796713
10,ENALAPRIL 10MG,2026-04-05,1.0,0.24222951721445843,2025-12-28,14,0.7577704827855416,0.7577704827855416
10,ENALAPRIL 10MG,2026-04-12,2.0,0.2818519998403567,2025-12-28,15,1.7181480001596432,1.7181480001596432
10,ENALAPRIL 10MG,2026-04-19,0.0,0.23755672130291783,2025-12-28,16,-0.23755672130291783,0.23755672130291783
10,ENALAPRIL 10MG,2026-04-26,0.0,0.27368810885304284,2025-12-28,17,-0.27368810885304284,0.27368810885304284
10,ENALAPRIL 10MG,2026-05-03,0.0,0.25284291405139553,2025-12-28,18,-0.25284291405139553,0.25284291405139553
10,ENALAPRIL 10MG,2026-05-10,1.0,0.2572501209612736,2025-12-28,19,0.7427498790387264,0.7427498790387264
10,ENALAPRIL 10MG,2026-05-17,1.0,0.26583181336471523,2025-12-28,20,0.7341681866352847,0.7341681866352847
10,ENALAPRIL 10MG,2026-05-24,1.0,0.25012692164208605,2025-12-28,21,0.749873078357914,0.749873078357914
10,ENALAPRIL 10MG,2026-05-31,0.0,0.26687526730542754,2025-12-28,22,-0.26687526730542754,0.26687526730542754
10,ENALAPRIL 10MG,2026-06-07,0.0,0.2537348441812094,2025-12-28,23,-0.2537348441812094,0.2537348441812094
10,ENALAPRIL 10MG,2026-06-14,2.0,0.26085570371744277,2025-12-28,24,1.7391442962825572,1.7391442962825572
10,ENALAPRIL 10MG,2026-06-21,1.0,0.25992482171207176,2025-12-28,25,0.7400751782879282,0.7400751782879282
10,ENALAPRIL 10MG,2026-06-28,1.0,0.2561542201181046,2025-12-28,26,0.7438457798818954,0.7438457798818954
10,ENALAPRIL 10MG,2026-07-05,1.0,0.2623302137032891,2025-12-28,27,0.737669786296711,0.737669786296711
10,ENALAPRIL 10MG,2026-07-12,0.0,0.2560290268053751,2025-12-28,28,-0.2560290268053751,0.2560290268053751
10,ENALAPRIL 10MG,2026-07-19,1.0,0.2607801955393575,2025-12-28,29,0.7392198044606425,0.7392198044606425
10,ENALAPRIL 10MG,2026-07-26,0.0,0.2583823727114751,2025-12-28,30,-0.2583823727114751,0.2583823727114751
10,IBUPROFENO TABX800,2026-01-11,0.0,-4.824558165895671e-06,2025-12-28,2,4.824558165895671e-06,4.824558165895671e-06
10,IBUPROFENO TABX800,2026-01-18,0.0,-4.824558165895671e-06,2025-12-28,3,4.824558165895671e-06,4.824558165895671e-06
10,IBUPROFENO TABX800,2026-01-25,0.0,-4.824558165895671e-06,2025-12-28,4,4.824558165895671e-06,4.824558165895671e-06
10,IBUPROFENO TABX800,2026-02-01,0.0,-4.824558165895671e-06,2025-12-28,5,4.824558165895671e-06,4.824558165895671e-06
10,IBUPROFENO TABX800,2026-02-08,0.0,-4.824558165895671e-06,2025-12-28,6,4.824558165895671e-06,4.824558165895671e-06
10,IBUPROFENO TABX800,2026-02-15,0.0,-4.824558165895671e-06,2025-12-28,7,4.824558165895671e-06,4.824558165895671e-06
10,IBUPROFENO TABX800,2026-02-22,0.0,-4.824558165895671e-06,2025-12-28,8,4.824558165895671e-06,4.824558165895671e-06
10,IBUPROFENO TABX800,2026-03-01,0.0,-4.824558165895671e-06,2025-12-28,9,4.824558165895671e-06,4.824558165895671e-06
10,IBUPROFENO TABX800,2026-03-08,0.0,-4.824558165895671e-06,2025-12-28,10,4.824558165895671e-06,4.824558165895671e-06
10,IBUPROFENO TABX800,2026-03-15,0.0,-4.824558165895671e-06,2025-12-28,11,4.824558165895671e-06,4.824558165895671e-06
10,IBUPROFENO TABX800,2026-03-22,0.0,-4.824558165895671e-06,2025-12-28,12,4.824558165895671e-06,4.824558165895671e-06
10,IBUPROFENO TABX800,2026-03-29,0.0,-4.824558165895671e-06,2025-12-28,13,4.824558165895671e-06,4.824558165895671e-06
10,IBUPROFENO TABX800,2026-04-05,0.0,-4.824558165895671e-06,2025-12-28,14,4.824558165895671e-06,4.824558165895671e-06
10,IBUPROFENO TABX800,2026-04-12,0.0,-4.824558165895671e-06,2025-12-28,15,4.824558165895671e-06,4.824558165895671e-06
10,IBUPROFENO TABX800,2026-04-19,0.0,-4.824558165895671e-06,2025-12-28,16,4.824558165895671e-06,4.824558165895671e-06
10,IBUPROFENO TABX800,2026-04-26,0.0,-4.824558165895671e-06,2025-12-28,17,4.824558165895671e-06,4.824558165895671e-06
10,IBUPROFENO TABX800,2026-05-03,0.0,-4.824558165895671e-06,2025-12-28,18,4.824558165895671e-06,4.824558165895671e-06
10,IBUPROFENO TABX800,2026-05-10,0.0,-4.824558165895671e-06,2025-12-28,19,4.824558165895671e-06,4.824558165895671e-06
10,IBUPROFENO TABX800,2026-05-17,0.0,-4.824558165895671e-06,2025-12-28,20,4.824558165895671e-06,4.824558165895671e-06
10,IBUPROFENO TABX800,2026-05-24,0.0,-4.824558165895671e-06,2025-12-28,21,4.824558165895671e-06,4.824558165895671e-06
10,IBUPROFENO TABX800,2026-05-31,0.0,-4.824558165895671e-06,2025-12-28,22,4.824558165895671e-06,4.824558165895671e-06
10,IBUPROFENO TABX800,2026-06-07,0.0,-4.824558165895671e-06,2025-12-28,23,4.824558165895671e-06,4.824558165895671e-06
10,IBUPROFENO TABX800,2026-06-14,0.0,-4.824558165895671e-06,2025-12-28,24,4.824558165895671e-06,4.824558165895671e-06
10,IBUPROFENO TABX800,2026-06-21,0.0,-4.824558165895671e-06,2025-12-28,25,4.824558165895671e-06,4.824558165895671e-06
10,IBUPROFENO TABX800,2026-06-28,0.0,-4.824558165895671e-06,2025-12-28,26,4.824558165895671e-06,4.824558165895671e-06
10,IBUPROFENO TABX800,2026-07-05,0.0,-4.824558165895671e-06,2025-12-28,27,4.824558165895671e-06,4.824558165895671e-06
10,IBUPROFENO TABX800,2026-07-12,0.0,-4.824558165895671e-06,2025-12-28,28,4.824558165895671e-06,4.824558165895671e-06
10,IBUPROFENO TABX800,2026-07-19,0.0,-4.824558165895671e-06,2025-12-28,29,4.824558165895671e-06,4.824558165895671e-06
10,METFORMINA 850MG,2026-01-11,0.0,0.28543446830936214,2025-12-28,2,-0.28543446830936214,0.28543446830936214
10,METFORMINA 850MG,2026-01-18,0.0,0.06121780285660247,2025-12-28,3,-0.06121780285660247,0.06121780285660247
10,METFORMINA 850MG,2026-01-25,2.0,-0.017193151549155156,2025-12-28,4,2.0171931515491552,2.0171931515491552
10,METFORMINA 850MG,2026-02-01,0.0,0.025330953415963434,2025-12-28,5,-0.025330953415963434,0.025330953415963434
10,METFORMINA 850MG,2026-02-08,0.0,0.1422326614506209,2025-12-28,6,-0.1422326614506209,0.1422326614506209
10,METFORMINA 850MG,2026-02-15,0.0,0.1868176324741351,2025-12-28,7,-0.1868176324741351,0.1868176324741351
10,PARACETAMOL 500MG,2026-01-11,0.0,0.013857586961498136,2025-12-28,2,-0.013857586961498136,0.013857586961498136
10,PARACETAMOL 500MG,2026-01-18,0.0,0.16920503460942896,2025-12-28,3,-0.16920503460942896,0.16920503460942896
10,PARACETAMOL 500MG,2026-01-25,0.0,0.0851231106523567,2025-12-28,4,-0.0851231106523567,0.0851231106523567
10,PARACETAMOL 500MG,2026-02-01,0.0,0.002279156863248505,2025-12-28,5,-0.002279156863248505,0.002279156863248505
10,PARACETAMOL 500MG,2026-02-08,0.0,0.02329330474476106,2025-12-28,6,-0.02329330474476106,0.02329330474476106
10,PARACETAMOL 500MG,2026-02-15,0.0,0.06304998896698472,2025-12-28,7,-0.06304998896698472,0.06304998896698472
10,PARACETAMOL 500MG,2026-02-22,0.0,0.061334492866136604,2025-12-28,8,-0.061334492866136604,0.061334492866136604
10,PARACETAMOL 500MG,2026-03-01,0.0,0.04380882231393404,2025-12-28,9,-0.04380882231393404,0.04380882231393404
10,PARACETAMOL 500MG,2026-03-08,0.0,0.04129816277462612,2025-12-28,10,-0.04129816277462612,0.04129816277462612
10,PARACETAMOL 500MG,2026-03-15,0.0,0.0484174791220154,2025-12-28,11,-0.0484174791220154,0.0484174791220154
10,PARACETAMOL 500MG,2026-03-22,0.0,0.050825628530726606,2025-12-28,12,-0.050825628530726606,0.050825628530726606
10,PARACETAMOL 500MG,2026-03-29,0.0,0.04819129649836275,2025-12-28,13,-0.04819129649836275,0.04819129649836275
10,PARACETAMOL 500MG,2026-04-05,0.0,0.04666002655786872,2025-12-28,14,-0.04666002655786872,0.04666002655786872
10,PARACETAMOL 500MG,2026-04-12,0.0,0.04751596413401402,2025-12-28,15,-0.04751596413401402,0.04751596413401402
10,PARACETAMOL 500MG,2026-04-19,0.0,0.048337599540605916,2025-12-28,16,-0.048337599540605916,0.048337599540605916
10,PARACETAMOL 500MG,2026-04-26,0.0,0.04811965164257396,2025-12-28,17,-0.04811965164257396,0.04811965164257396
10,PARACETAMOL 500MG,2026-05-03,0.0,0.04772358067843824,2025-12-28,18,-0.04772358067843824,0.04772358067843824
10,PARACETAMOL 500MG,2026-05-10,0.0,0.047744392032324515,2025-12-28,19,-0.047744392032324515,0.047744392032324515
10,PARACETAMOL 500MG,2026-05-17,0.0,0.04791968000824446,2025-12-28,20,-0.04791968000824446,0.04791968000824446
10,PARACETAMOL 500MG,2026-05-24,0.0,0.047943209871257365,2025-12-28,21,-0.047943209871257365,0.047943209871257365
10,PARACETAMOL 500MG,2026-05-31,0.0,0.047871710497336725,2025-12-28,22,-0.047871710497336725,0.047871710497336725
10,PARACETAMOL 500MG,2026-06-07,0.0,0.047848254595201645,2025-12-28,23,-0.047848254595201645,0.047848254595201645
10,PARACETAMOL 500MG,2026-06-14,0.0,0.04787484657121387,2025-12-28,24,-0.04787484657121387,0.04787484657121387
10,PARACETAMOL 500MG,2026-06-21,0.0,0.04788993466182643,2025-12-28,25,-0.04788993466182643,0.04788993466182643
10,PARACETAMOL 500MG,2026-06-28,0.0,0.047881225972152185,2025-12-28,26,-0.047881225972152185,0.047881225972152185
10,PARACETAMOL 500MG,2026-07-05,0.0,0.04787307911589948,2025-12-28,27,-0.04787307911589948,0.04787307911589948
10,PARACETAMOL 500MG,2026-07-12,1.0,0.04787533612030562,2025-12-28,28,0.9521246638796944,0.9521246638796944
10,VITAMINA C+ZINC+D3,2026-01-11,1.0,0.8571559200187008,2025-12-28,2,0.14284407998129922,0.14284407998129922
10,VITAMINA C+ZINC+D3,2026-01-18,1.0,0.8574814195718561,2025-12-28,3,0.14251858042814392,0.14251858042814392
10,VITAMINA C+ZINC+D3,2026-01-25,0.0,0.8577909896152075,2025-12-28,4,-0.8577909896152075,0.8577909896152075
10,VITAMINA C+ZINC+D3,2026-02-01,1.0,0.8580854097175136,2025-12-28,5,0.14191459028248643,0.14191459028248643
10,VITAMINA C+ZINC+D3,2026-02-08,1.0,0.8583654212964877,2025-12-28,6,0.14163457870351226,0.14163457870351226
10,VITAMINA C+ZINC+D3,2026-02-15,2.0,0.858631729485859,2025-12-28,7,1.141368270514141,1.141368270514141
10,VITAMINA C+ZINC+D3,2026-02-22,0.0,0.8588850049110609,2025-12-28,8,-0.8588850049110609,0.8588850049110609
10,VITAMINA C+ZINC+D3,2026-03-01,2.0,0.8591258853780219,2025-12-28,9,1.140874114621978,1.140874114621978
10,VITAMINA C+ZINC+D3,2026-03-08,5.0,0.8593549774793066,2025-12-28,10,4.140645022520694,4.140645022520694
10,VITAMINA C+ZINC+D3,2026-03-15,0.0,0.8595728581216567,2025-12-28,11,-0.8595728581216567,0.8595728581216567
10,VITAMINA C+ZINC+D3,2026-03-22,0.0,0.8597800759787749,2025-12-28,12,-0.8597800759787749,0.8597800759787749
10,VITAMINA C+ZINC+D3,2026-03-29,3.0,0.8599771528730116,2025-12-28,13,2.140022847126988,2.140022847126988
10,VITAMINA C+ZINC+D3,2026-04-05,2.0,0.8601645850894339,2025-12-28,14,1.139835414910566,1.139835414910566
10,VITAMINA C+ZINC+D3,2026-04-12,2.0,0.8603428446255864,2025-12-28,15,1.1396571553744135,1.1396571553744135
10,VITAMINA C+ZINC+D3,2026-04-19,1.0,0.8605123803800893,2025-12-28,16,0.13948761961991074,0.13948761961991074
10,VITAMINA C+ZINC+D3,2026-04-26,0.0,0.8606736192830686,2025-12-28,17,-0.8606736192830686,0.8606736192830686
10,VITAMINA C+ZINC+D3,2026-05-03,1.0,0.8608269673712654,2025-12-28,18,0.1391730326287346,0.1391730326287346
10,VITAMINA C+ZINC+D3,2026-05-10,3.0,0.860972810810529,2025-12-28,19,2.1390271891894708,2.1390271891894708
10,VITAMINA C+ZINC+D3,2026-05-17,3.0,0.8611115168682721,2025-12-28,20,2.138888483131728,2.138888483131728
10,VITAMINA C+ZINC+D3,2026-05-24,1.0,0.8612434348383351,2025-12-28,21,0.1387565651616649,0.1387565651616649
10,VITAMINA C+ZINC+D3,2026-05-31,2.0,0.8613688969205879,2025-12-28,22,1.138631103079412,1.138631103079412
10,VITAMINA C+ZINC+D3,2026-06-07,0.0,0.8614882190574863,2025-12-28,23,-0.8614882190574863,0.8614882190574863
10,VITAMINA C+ZINC+D3,2026-06-14,0.0,0.8616017017296876,2025-12-28,24,-0.8616017017296876,0.8616017017296876
10,VITAMINA C+ZINC+D3,2026-06-21,0.0,0.8617096307127305,2025-12-28,25,-0.8617096307127305,0.8617096307127305
10,VITAMINA C+ZINC+D3,2026-06-28,2.0,0.8618122777966838,2025-12-28,26,1.138187722203316,1.138187722203316
11,AMOXICILINA 500MG,2026-01-11,0.0,-4.8245581658956926e-06,2025-12-28,2,4.8245581658956926e-06,4.8245581658956926e-06
11,AMOXICILINA 500MG,2026-01-18,0.0,-4.8245581658956926e-06,2025-12-28,3,4.8245581658956926e-06,4.8245581658956926e-06
11,AMOXICILINA 500MG,2026-01-25,0.0,-4.8245581658956926e-06,2025-12-28,4,4.8245581658956926e-06,4.8245581658956926e-06
11,AMOXICILINA 500MG,2026-02-01,0.0,-4.8245581658956926e-06,2025-12-28,5,4.8245581658956926e-06,4.8245581658956926e-06
11,AMOXICILINA 500MG,2026-02-08,0.0,-4.8245581658956926e-06,2025-12-28,6,4.8245581658956926e-06,4.8245581658956926e-06
11,AMOXICILINA 500MG,2026-02-15,0.0,-4.8245581658956926e-06,2025-12-28,7,4.8245581658956926e-06,4.8245581658956926e-06
11,AMOXICILINA 500MG,2026-02-22,0.0,-4.8245581658956926e-06,2025-12-28,8,4.8245581658956926e-06,4.8245581658956926e-06
11,AMOXICILINA 500MG,2026-03-01,0.0,-4.8245581658956926e-06,2025-12-28,9,4.8245581658956926e-06,4.8245581658956926e-06
11,AMOXICILINA 500MG,2026-03-08,0.0,-4.8245581658956926e-06,2025-12-28,10,4.8245581658956926e-06,4.8245581658956926e-06
11,AMOXICILINA 500MG,2026-03-15,0.0,-4.8245581658956926e-06,2025-12-28,11,4.8245581658956926e-06,4.8245581658956926e-06
11,AMOXICILINA 500MG,2026-03-22,0.0,-4.8245581658956926e-06,2025-12-28,12,4.8245581658956926e-06,4.8245581658956926e-06
11,AMOXICILINA 500MG,2026-03-29,0.0,-4.8245581658956926e-06,2025-12-28,13,4.8245581658956926e-06,4.8245581658956926e-06
11,AMOXICILINA 500MG,2026-04-05,0.0,-4.8245581658956926e-06,2025-12-28,14,4.8245581658956926e-06,4.8245581658956926e-06
11,AMOXICILINA 500MG,2026-04-12,0.0,-4.8245581658956926e-06,2025-12-28,15,4.8245581658956926e-06,4.8245581658956926e-06
11,AMOXICILINA 500MG,2026-04-19,0.0,-4.8245581658956926e-06,2025-12-28,16,4.8245581658956926e-06,4.8245581658956926e-06
11,AMOXICILINA 500MG,2026-04-26,0.0,-4.8245581658956926e-06,2025-12-28,17,4.8245581658956926e-06,4.8245581658956926e-06
11,AMOXICILINA 500MG,2026-05-03,0.0,-4.8245581658956926e-06,2025-12-28,18,4.8245581658956926e-06,4.8245581658956926e-06
11,AMOXICILINA 500MG,2026-05-10,0.0,-4.8245581658956926e-06,2025-12-28,19,4.8245581658956926e-06,4.8245581658956926e-06
11,AMOXICILINA 500MG,2026-05-17,0.0,-4.8245581658956926e-06,2025-12-28,20,4.8245581658956926e-06,4.8245581658956926e-06
11,AMOXICILINA 500MG,2026-05-24,0.0,-4.8245581658956926e-06,2025-12-28,21,4.8245581658956926e-06,4.8245581658956926e-06
11,AMOXICILINA 500MG,2026-05-31,0.0,-4.8245581658956926e-06,2025-12-28,22,4.8245581658956926e-06,4.8245581658956926e-06
11,AMOXICILINA 500MG,2026-06-07,0.0,-4.8245581658956926e-06,2025-12-28,23,4.8245581658956926e-06,4.8245581658956926e-06
11,AMOXICILINA 500MG,2026-06-14,0.0,-4.8245581658956926e-06,2025-12-28,24,4.8245581658956926e-06,4.8245581658956926e-06
11,AMOXICILINA 500MG,2026-06-21,0.0,-4.8245581658956926e-06,2025-12-28,25,4.8245581658956926e-06,4.8245581658956926e-06
11,AMOXICILINA 500MG,2026-06-28,0.0,-4.8245581658956926e-06,2025-12-28,26,4.8245581658956926e-06,4.8245581658956926e-06
11,AMOXICILINA 500MG,2026-07-05,0.0,-4.8245581658956926e-06,2025-12-28,27,4.8245581658956926e-06,4.8245581658956926e-06
11,AMOXICILINA 500MG,2026-07-12,0.0,-4.8245581658956926e-06,2025-12-28,28,4.8245581658956926e-06,4.8245581658956926e-06
11,AMOXICILINA 500MG,2026-07-19,0.0,-4.8245581658956926e-06,2025-12-28,29,4.8245581658956926e-06,4.8245581658956926e-06
11,AZITROMICINA 500MG,2026-01-11,0.0,-4.824558165895715e-06,2025-12-28,2,4.824558165895715e-06,4.824558165895715e-06
11,AZITROMICINA 500MG,2026-01-18,0.0,-4.824558165895715e-06,2025-12-28,3,4.824558165895715e-06,4.824558165895715e-06
11,AZITROMICINA 500MG,2026-01-25,0.0,-4.824558165895715e-06,2025-12-28,4,4.824558165895715e-06,4.824558165895715e-06
11,AZITROMICINA 500MG,2026-02-01,0.0,-4.824558165895715e-06,2025-12-28,5,4.824558165895715e-06,4.824558165895715e-06
11,AZITROMICINA 500MG,2026-02-08,0.0,-4.824558165895715e-06,2025-12-28,6,4.824558165895715e-06,4.824558165895715e-06
11,AZITROMICINA 500MG,2026-02-15,0.0,-4.824558165895715e-06,2025-12-28,7,4.824558165895715e-06,4.824558165895715e-06
11,AZITROMICINA 500MG,2026-02-22,0.0,-4.824558165895715e-06,2025-12-28,8,4.824558165895715e-06,4.824558165895715e-06
11,AZITROMICINA 500MG,2026-03-01,0.0,-4.824558165895715e-06,2025-12-28,9,4.824558165895715e-06,4.824558165895715e-06
11,AZITROMICINA 500MG,2026-03-08,1.0,-4.824558165895715e-06,2025-12-28,10,1.0000048245581659,1.0000048245581659
11,AZITROMICINA 500MG,2026-03-15,0.0,-4.824558165895715e-06,2025-12-28,11,4.824558165895715e-06,4.824558165895715e-06
11,AZITROMICINA 500MG,2026-03-22,0.0,-4.824558165895715e-06,2025-12-28,12,4.824558165895715e-06,4.824558165895715e-06
11,AZITROMICINA 500MG,2026-03-29,0.0,-4.824558165895715e-06,2025-12-28,13,4.824558165895715e-06,4.824558165895715e-06
11,AZITROMICINA 500MG,2026-04-05,0.0,-4.824558165895715e-06,2025-12-28,14,4.824558165895715e-06,4.824558165895715e-06
11,AZITROMICINA 500MG,2026-04-12,0.0,-4.824558165895715e-06,2025-12-28,15,4.824558165895715e-06,4.824558165895715e-06
11,AZITROMICINA 500MG,2026-04-19,0.0,-4.824558165895715e-06,2025-12-28,16,4.824558165895715e-06,4.824558165895715e-06
11,AZITROMICINA 500MG,2026-04-26,0.0,-4.824558165895715e-06,2025-12-28,17,4.824558165895715e-06,4.824558165895715e-06
11,AZITROMICINA 500MG,2026-05-03,0.0,-4.824558165895715e-06,2025-12-28,18,4.824558165895715e-06,4.824558165895715e-06
11,AZITROMICINA 500MG,2026-05-10,0.0,-4.824558165895715e-06,2025-12-28,19,4.824558165895715e-06,4.824558165895715e-06
11,AZITROMICINA 500MG,2026-05-17,0.0,-4.824558165895715e-06,2025-12-28,20,4.824558165895715e-06,4.824558165895715e-06
11,AZITROMICINA 500MG,2026-05-24,0.0,-4.824558165895715e-06,2025-12-28,21,4.824558165895715e-06,4.824558165895715e-06
11,AZITROMICINA 500MG,2026-05-31,0.0,-4.824558165895715e-06,2025-12-28,22,4.824558165895715e-06,4.824558165895715e-06
11,AZITROMICINA 500MG,2026-06-07,0.0,-4.824558165895715e-06,2025-12-28,23,4.824558165895715e-06,4.824558165895715e-06
11,AZITROMICINA 500MG,2026-06-14,0.0,-4.824558165895715e-06,2025-12-28,24,4.824558165895715e-06,4.824558165895715e-06
11,AZITROMICINA 500MG,2026-06-21,0.0,-4.824558165895715e-06,2025-12-28,25,4.824558165895715e-06,4.824558165895715e-06
11,AZITROMICINA 500MG,2026-06-28,0.0,-4.824558165895715e-06,2025-12-28,26,4.824558165895715e-06,4.824558165895715e-06
11,AZITROMICINA 500MG,2026-07-05,0.0,-4.824558165895715e-06,2025-12-28,27,4.824558165895715e-06,4.824558165895715e-06
11,AZITROMICINA 500MG,2026-07-12,0.0,-4.824558165895715e-06,2025-12-28,28,4.824558165895715e-06,4.824558165895715e-06
11,AZITROMICINA 500MG,2026-07-19,0.0,-4.824558165895715e-06,2025-12-28,29,4.824558165895715e-06,4.824558165895715e-06
11,AZITROMICINA 500MG,2026-07-26,0.0,-4.824558165895715e-06,2025-12-28,30,4.824558165895715e-06,4.824558165895715e-06
11,AZITROMICINA 500MG,2026-08-02,0.0,-4.824558165895715e-06,2025-12-28,31,4.824558165895715e-06,4.824558165895715e-06
11,DIMENHIDRINATO 50MG,2026-01-11,0.0,0.011230986920921929,2025-12-28,2,-0.011230986920921929,0.011230986920921929
11,DIMENHIDRINATO 50MG,2026-01-18,0.0,0.011230986920921929,2025-12-28,3,-0.011230986920921929,0.011230986920921929
11,DIMENHIDRINATO 50MG,2026-01-25,0.0,0.011230986920921929,2025-12-28,4,-0.011230986920921929,0.011230986920921929
11,DIMENHIDRINATO 50MG,2026-02-01,0.0,0.011230986920921929,2025-12-28,5,-0.011230986920921929,0.011230986920921929
11,DIMENHIDRINATO 50MG,2026-02-08,0.0,0.011230986920921929,2025-12-28,6,-0.011230986920921929,0.011230986920921929
11,DIMENHIDRINATO 50MG,2026-02-15,0.0,0.011230986920921929,2025-12-28,7,-0.011230986920921929,0.011230986920921929
11,DIMENHIDRINATO 50MG,2026-02-22,0.0,0.011230986920921929,2025-12-28,8,-0.011230986920921929,0.011230986920921929
11,DIMENHIDRINATO 50MG,2026-03-01,0.0,0.011230986920921929,2025-12-28,9,-0.011230986920921929,0.011230986920921929
11,DIMENHIDRINATO 50MG,2026-03-08,3.0,0.011230986920921929,2025-12-28,10,2.9887690130790783,2.9887690130790783
11,DIMENHIDRINATO 50MG,2026-03-15,0.0,0.011230986920921929,2025-12-28,11,-0.011230986920921929,0.011230986920921929
11,DIMENHIDRINATO 50MG,2026-03-22,0.0,0.011230986920921929,2025-12-28,12,-0.011230986920921929,0.011230986920921929
11,DIMENHIDRINATO 50MG,2026-03-29,0.0,0.011230986920921929,2025-12-28,13,-0.011230986920921929,0.011230986920921929
11,DIMENHIDRINATO 50MG,2026-04-05,0.0,0.011230986920921929,2025-12-28,14,-0.011230986920921929,0.011230986920921929
11,DIMENHIDRINATO 50MG,2026-04-12,0.0,0.011230986920921929,2025-12-28,15,-0.011230986920921929,0.011230986920921929
11,DIMENHIDRINATO 50MG,2026-04-19,0.0,0.011230986920921929,2025-12-28,16,-0.011230986920921929,0.011230986920921929
11,DIMENHIDRINATO 50MG,2026-04-26,0.0,0.011230986920921929,2025-12-28,17,-0.011230986920921929,0.011230986920921929
11,DIMENHIDRINATO 50MG,2026-05-03,0.0,0.011230986920921929,2025-12-28,18,-0.011230986920921929,0.011230986920921929
11,DIMENHIDRINATO 50MG,2026-05-10,0.0,0.011230986920921929,2025-12-28,19,-0.011230986920921929,0.011230986920921929
11,DIMENHIDRINATO 50MG,2026-05-17,0.0,0.011230986920921929,2025-12-28,20,-0.011230986920921929,0.011230986920921929
11,DIMENHIDRINATO 50MG,2026-05-24,0.0,0.011230986920921929,2025-12-28,21,-0.011230986920921929,0.011230986920921929
11,DIMENHIDRINATO 50MG,2026-05-31,0.0,0.011230986920921929,2025-12-28,22,-0.011230986920921929,0.011230986920921929
11,DIMENHIDRINATO 50MG,2026-06-07,0.0,0.011230986920921929,2025-12-28,23,-0.011230986920921929,0.011230986920921929
11,DIMENHIDRINATO 50MG,2026-06-14,0.0,0.011230986920921929,2025-12-28,24,-0.011230986920921929,0.011230986920921929
11,DIMENHIDRINATO 50MG,2026-06-21,0.0,0.011230986920921929,2025-12-28,25,-0.011230986920921929,0.011230986920921929
11,DIMENHIDRINATO 50MG,2026-06-28,0.0,0.011230986920921929,2025-12-28,26,-0.011230986920921929,0.011230986920921929
11,DIMENHIDRINATO 50MG,2026-07-05,0.0,0.011230986920921929,2025-12-28,27,-0.011230986920921929,0.011230986920921929
11,DIMENHIDRINATO 50MG,2026-07-12,0.0,0.011230986920921929,2025-12-28,28,-0.011230986920921929,0.011230986920921929
11,DIMENHIDRINATO 50MG,2026-07-19,0.0,0.011230986920921929,2025-12-28,29,-0.011230986920921929,0.011230986920921929
11,DIMENHIDRINATO 50MG,2026-07-26,0.0,0.011230986920921929,2025-12-28,30,-0.011230986920921929,0.011230986920921929
11,ENALAPRIL 10MG,2026-01-11,0.0,0.07291190000883288,2025-12-28,2,-0.07291190000883288,0.07291190000883288
11,ENALAPRIL 10MG,2026-01-18,0.0,0.07291190000883288,2025-12-28,3,-0.07291190000883288,0.07291190000883288
11,ENALAPRIL 10MG,2026-01-25,0.0,0.07291190000883288,2025-12-28,4,-0.07291190000883288,0.07291190000883288
11,ENALAPRIL 10MG,2026-02-01,0.0,0.07291190000883288,2025-12-28,5,-0.07291190000883288,0.07291190000883288
11,ENALAPRIL 10MG,2026-02-08,0.0,0.07291190000883288,2025-12-28,6,-0.07291190000883288,0.07291190000883288
11,ENALAPRIL 10MG,2026-02-15,0.0,0.07291190000883288,2025-12-28,7,-0.07291190000883288,0.07291190000883288
11,ENALAPRIL 10MG,2026-02-22,0.0,0.07291190000883288,2025-12-28,8,-0.07291190000883288,0.07291190000883288
11,ENALAPRIL 10MG,2026-03-01,0.0,0.07291190000883288,2025-12-28,9,-0.07291190000883288,0.07291190000883288
11,ENALAPRIL 10MG,2026-03-08,0.0,0.07291190000883288,2025-12-28,10,-0.07291190000883288,0.07291190000883288
11,ENALAPRIL 10MG,2026-03-15,0.0,0.07291190000883288,2025-12-28,11,-0.07291190000883288,0.07291190000883288
11,ENALAPRIL 10MG,2026-03-22,0.0,0.07291190000883288,2025-12-28,12,-0.07291190000883288,0.07291190000883288
11,ENALAPRIL 10MG,2026-03-29,0.0,0.07291190000883288,2025-12-28,13,-0.07291190000883288,0.07291190000883288
11,ENALAPRIL 10MG,2026-04-05,0.0,0.07291190000883288,2025-12-28,14,-0.07291190000883288,0.07291190000883288
11,ENALAPRIL 10MG,2026-04-12,0.0,0.07291190000883288,2025-12-28,15,-0.07291190000883288,0.07291190000883288
11,ENALAPRIL 10MG,2026-04-19,1.0,0.07291190000883288,2025-12-28,16,0.9270880999911671,0.9270880999911671
11,ENALAPRIL 10MG,2026-04-26,0.0,0.07291190000883288,2025-12-28,17,-0.07291190000883288,0.07291190000883288
11,ENALAPRIL 10MG,2026-05-03,1.0,0.07291190000883288,2025-12-28,18,0.9270880999911671,0.9270880999911671
11,ENALAPRIL 10MG,2026-05-10,0.0,0.07291190000883288,2025-12-28,19,-0.07291190000883288,0.07291190000883288
11,ENALAPRIL 10MG,2026-05-17,0.0,0.07291190000883288,2025-12-28,20,-0.07291190000883288,0.07291190000883288
11,ENALAPRIL 10MG,2026-05-24,0.0,0.07291190000883288,2025-12-28,21,-0.07291190000883288,0.07291190000883288
11,ENALAPRIL 10MG,2026-05-31,2.0,0.07291190000883288,2025-12-28,22,1.927088099991167,1.927088099991167
11,ENALAPRIL 10MG,2026-06-07,0.0,0.07291190000883288,2025-12-28,23,-0.07291190000883288,0.07291190000883288
11,ENALAPRIL 10MG,2026-06-14,0.0,0.07291190000883288,2025-12-28,24,-0.07291190000883288,0.07291190000883288
11,ENALAPRIL 10MG,2026-06-21,0.0,0.07291190000883288,2025-12-28,25,-0.07291190000883288,0.07291190000883288
11,ENALAPRIL 10MG,2026-06-28,0.0,0.07291190000883288,2025-12-28,26,-0.07291190000883288,0.07291190000883288
11,ENALAPRIL 10MG,2026-07-05,0.0,0.07291190000883288,2025-12-28,27,-0.07291190000883288,0.07291190000883288
11,ENALAPRIL 10MG,2026-07-12,1.0,0.07291190000883288,2025-12-28,28,0.9270880999911671,0.9270880999911671
11,ENALAPRIL 10MG,2026-07-19,0.0,0.07291190000883288,2025-12-28,29,-0.07291190000883288,0.07291190000883288
11,ENALAPRIL 10MG,2026-07-26,0.0,0.07291190000883288,2025-12-28,30,-0.07291190000883288,0.07291190000883288
11,ENALAPRIL 10MG,2026-08-02,0.0,0.07291190000883288,2025-12-28,31,-0.07291190000883288,0.07291190000883288
11,IBUPROFENO TABX800,2026-01-11,0.0,0.011230986920921929,2025-12-28,2,-0.011230986920921929,0.011230986920921929
11,IBUPROFENO TABX800,2026-01-18,0.0,0.011230986920921929,2025-12-28,3,-0.011230986920921929,0.011230986920921929
11,IBUPROFENO TABX800,2026-01-25,0.0,0.011230986920921929,2025-12-28,4,-0.011230986920921929,0.011230986920921929
11,IBUPROFENO TABX800,2026-02-01,0.0,0.011230986920921929,2025-12-28,5,-0.011230986920921929,0.011230986920921929
11,IBUPROFENO TABX800,2026-02-08,0.0,0.011230986920921929,2025-12-28,6,-0.011230986920921929,0.011230986920921929
11,IBUPROFENO TABX800,2026-02-15,0.0,0.011230986920921929,2025-12-28,7,-0.011230986920921929,0.011230986920921929
11,IBUPROFENO TABX800,2026-02-22,0.0,0.011230986920921929,2025-12-28,8,-0.011230986920921929,0.011230986920921929
11,IBUPROFENO TABX800,2026-03-01,0.0,0.011230986920921929,2025-12-28,9,-0.011230986920921929,0.011230986920921929
11,IBUPROFENO TABX800,2026-03-08,0.0,0.011230986920921929,2025-12-28,10,-0.011230986920921929,0.011230986920921929
11,IBUPROFENO TABX800,2026-03-15,0.0,0.011230986920921929,2025-12-28,11,-0.011230986920921929,0.011230986920921929
11,IBUPROFENO TABX800,2026-03-22,0.0,0.011230986920921929,2025-12-28,12,-0.011230986920921929,0.011230986920921929
11,IBUPROFENO TABX800,2026-03-29,0.0,0.011230986920921929,2025-12-28,13,-0.011230986920921929,0.011230986920921929
11,IBUPROFENO TABX800,2026-04-05,0.0,0.011230986920921929,2025-12-28,14,-0.011230986920921929,0.011230986920921929
11,IBUPROFENO TABX800,2026-04-12,0.0,0.011230986920921929,2025-12-28,15,-0.011230986920921929,0.011230986920921929
11,IBUPROFENO TABX800,2026-04-19,0.0,0.011230986920921929,2025-12-28,16,-0.011230986920921929,0.011230986920921929
11,IBUPROFENO TABX800,2026-04-26,0.0,0.011230986920921929,2025-12-28,17,-0.011230986920921929,0.011230986920921929
11,IBUPROFENO TABX800,2026-05-03,0.0,0.011230986920921929,2025-12-28,18,-0.011230986920921929,0.011230986920921929
11,IBUPROFENO TABX800,2026-05-10,0.0,0.011230986920921929,2025-12-28,19,-0.011230986920921929,0.011230986920921929
11,IBUPROFENO TABX800,2026-05-17,0.0,0.011230986920921929,2025-12-28,20,-0.011230986920921929,0.011230986920921929
11,IBUPROFENO TABX800,2026-05-24,0.0,0.011230986920921929,2025-12-28,21,-0.011230986920921929,0.011230986920921929
11,IBUPROFENO TABX800,2026-05-31,0.0,0.011230986920921929,2025-12-28,22,-0.011230986920921929,0.011230986920921929
11,IBUPROFENO TABX800,2026-06-07,0.0,0.011230986920921929,2025-12-28,23,-0.011230986920921929,0.011230986920921929
11,IBUPROFENO TABX800,2026-06-14,0.0,0.011230986920921929,2025-12-28,24,-0.011230986920921929,0.011230986920921929
11,IBUPROFENO TABX800,2026-06-21,0.0,0.011230986920921929,2025-12-28,25,-0.011230986920921929,0.011230986920921929
11,IBUPROFENO TABX800,2026-06-28,0.0,0.011230986920921929,2025-12-28,26,-0.011230986920921929,0.011230986920921929
11,IBUPROFENO TABX800,2026-07-05,0.0,0.011230986920921929,2025-12-28,27,-0.011230986920921929,0.011230986920921929
11,IBUPROFENO TABX800,2026-07-12,0.0,0.011230986920921929,2025-12-28,28,-0.011230986920921929,0.011230986920921929
11,IBUPROFENO TABX800,2026-07-19,0.0,0.011230986920921929,2025-12-28,29,-0.011230986920921929,0.011230986920921929
11,IBUPROFENO TABX800,2026-07-26,0.0,0.011230986920921929,2025-12-28,30,-0.011230986920921929,0.011230986920921929
11,METFORMINA 850MG,2026-01-11,0.0,0.07777278110709235,2025-12-28,2,-0.07777278110709235,0.07777278110709235
11,METFORMINA 850MG,2026-01-18,0.0,0.07777278110709235,2025-12-28,3,-0.07777278110709235,0.07777278110709235
11,METFORMINA 850MG,2026-01-25,0.0,0.07777278110709235,2025-12-28,4,-0.07777278110709235,0.07777278110709235
11,METFORMINA 850MG,2026-02-01,0.0,0.07777278110709235,2025-12-28,5,-0.07777278110709235,0.07777278110709235
11,METFORMINA 850MG,2026-02-08,0.0,0.07777278110709235,2025-12-28,6,-0.07777278110709235,0.07777278110709235
11,METFORMINA 850MG,2026-02-15,0.0,0.07777278110709235,2025-12-28,7,-0.07777278110709235,0.07777278110709235
11,METFORMINA 850MG,2026-02-22,0.0,0.07777278110709235,2025-12-28,8,-0.07777278110709235,0.07777278110709235
11,METFORMINA 850MG,2026-03-01,0.0,0.07777278110709235,2025-12-28,9,-0.07777278110709235,0.07777278110709235
11,METFORMINA 850MG,2026-03-08,0.0,0.07777278110709235,2025-12-28,10,-0.07777278110709235,0.07777278110709235
11,METFORMINA 850MG,2026-03-15,0.0,0.07777278110709235,2025-12-28,11,-0.07777278110709235,0.07777278110709235
11,METFORMINA 850MG,2026-03-22,0.0,0.07777278110709235,2025-12-28,12,-0.07777278110709235,0.07777278110709235
11,METFORMINA 850MG,2026-03-29,0.0,0.07777278110709235,2025-12-28,13,-0.07777278110709235,0.07777278110709235
11,METFORMINA 850MG,2026-04-05,0.0,0.07777278110709235,2025-12-28,14,-0.07777278110709235,0.07777278110709235
11,METFORMINA 850MG,2026-04-12,0.0,0.07777278110709235,2025-12-28,15,-0.07777278110709235,0.07777278110709235
11,METFORMINA 850MG,2026-04-19,0.0,0.07777278110709235,2025-12-28,16,-0.07777278110709235,0.07777278110709235
11,METFORMINA 850MG,2026-04-26,0.0,0.07777278110709235,2025-12-28,17,-0.07777278110709235,0.07777278110709235
11,METFORMINA 850MG,2026-05-03,0.0,0.07777278110709235,2025-12-28,18,-0.07777278110709235,0.07777278110709235
11,METFORMINA 850MG,2026-05-10,0.0,0.07777278110709235,2025-12-28,19,-0.07777278110709235,0.07777278110709235
11,METFORMINA 850MG,2026-05-17,0.0,0.07777278110709235,2025-12-28,20,-0.07777278110709235,0.07777278110709235
11,METFORMINA 850MG,2026-05-24,0.0,0.07777278110709235,2025-12-28,21,-0.07777278110709235,0.07777278110709235
11,METFORMINA 850MG,2026-05-31,0.0,0.07777278110709235,2025-12-28,22,-0.07777278110709235,0.07777278110709235
11,METFORMINA 850MG,2026-06-07,0.0,0.07777278110709235,2025-12-28,23,-0.07777278110709235,0.07777278110709235
11,METFORMINA 850MG,2026-06-14,0.0,0.07777278110709235,2025-12-28,24,-0.07777278110709235,0.07777278110709235
11,METFORMINA 850MG,2026-06-21,0.0,0.07777278110709235,2025-12-28,25,-0.07777278110709235,0.07777278110709235
11,METFORMINA 850MG,2026-06-28,0.0,0.07777278110709235,2025-12-28,26,-0.07777278110709235,0.07777278110709235
11,METFORMINA 850MG,2026-07-05,0.0,0.07777278110709235,2025-12-28,27,-0.07777278110709235,0.07777278110709235
11,METFORMINA 850MG,2026-07-12,1.0,0.07777278110709235,2025-12-28,28,0.9222272188929077,0.9222272188929077
11,PARACETAMOL 500MG,2026-01-11,0.0,0.010096026373120816,2025-12-28,2,-0.010096026373120816,0.010096026373120816
11,PARACETAMOL 500MG,2026-01-18,0.0,0.010096026373120816,2025-12-28,3,-0.010096026373120816,0.010096026373120816
11,PARACETAMOL 500MG,2026-01-25,0.0,0.010096026373120816,2025-12-28,4,-0.010096026373120816,0.010096026373120816
11,PARACETAMOL 500MG,2026-02-01,0.0,0.010096026373120816,2025-12-28,5,-0.010096026373120816,0.010096026373120816
11,PARACETAMOL 500MG,2026-02-08,0.0,0.010096026373120816,2025-12-28,6,-0.010096026373120816,0.010096026373120816
11,PARACETAMOL 500MG,2026-02-15,0.0,0.010096026373120816,2025-12-28,7,-0.010096026373120816,0.010096026373120816
11,PARACETAMOL 500MG,2026-02-22,0.0,0.010096026373120816,2025-12-28,8,-0.010096026373120816,0.010096026373120816
11,PARACETAMOL 500MG,2026-03-01,0.0,0.010096026373120816,2025-12-28,9,-0.010096026373120816,0.010096026373120816
11,PARACETAMOL 500MG,2026-03-08,0.0,0.010096026373120816,2025-12-28,10,-0.010096026373120816,0.010096026373120816
11,PARACETAMOL 500MG,2026-03-15,0.0,0.010096026373120816,2025-12-28,11,-0.010096026373120816,0.010096026373120816
11,PARACETAMOL 500MG,2026-03-22,0.0,0.010096026373120816,2025-12-28,12,-0.010096026373120816,0.010096026373120816
11,PARACETAMOL 500MG,2026-03-29,0.0,0.010096026373120816,2025-12-28,13,-0.010096026373120816,0.010096026373120816
11,PARACETAMOL 500MG,2026-04-05,0.0,0.010096026373120816,2025-12-28,14,-0.010096026373120816,0.010096026373120816
11,PARACETAMOL 500MG,2026-04-12,0.0,0.010096026373120816,2025-12-28,15,-0.010096026373120816,0.010096026373120816
11,PARACETAMOL 500MG,2026-04-19,0.0,0.010096026373120816,2025-12-28,16,-0.010096026373120816,0.010096026373120816
11,PARACETAMOL 500MG,2026-04-26,0.0,0.010096026373120816,2025-12-28,17,-0.010096026373120816,0.010096026373120816
11,PARACETAMOL 500MG,2026-05-03,0.0,0.010096026373120816,2025-12-28,18,-0.010096026373120816,0.010096026373120816
11,PARACETAMOL 500MG,2026-05-10,0.0,0.010096026373120816,2025-12-28,19,-0.010096026373120816,0.010096026373120816
11,PARACETAMOL 500MG,2026-05-17,0.0,0.010096026373120816,2025-12-28,20,-0.010096026373120816,0.010096026373120816
11,PARACETAMOL 500MG,2026-05-24,0.0,0.010096026373120816,2025-12-28,21,-0.010096026373120816,0.010096026373120816
11,PARACETAMOL 500MG,2026-05-31,0.0,0.010096026373120816,2025-12-28,22,-0.010096026373120816,0.010096026373120816
11,PARACETAMOL 500MG,2026-06-07,0.0,0.010096026373120816,2025-12-28,23,-0.010096026373120816,0.010096026373120816
11,PARACETAMOL 500MG,2026-06-14,0.0,0.010096026373120816,2025-12-28,24,-0.010096026373120816,0.010096026373120816
11,PARACETAMOL 500MG,2026-06-21,0.0,0.010096026373120816,2025-12-28,25,-0.010096026373120816,0.010096026373120816
11,PARACETAMOL 500MG,2026-06-28,1.0,0.010096026373120816,2025-12-28,26,0.9899039736268792,0.9899039736268792
11,PARACETAMOL 500MG,2026-07-05,0.0,0.010096026373120816,2025-12-28,27,-0.010096026373120816,0.010096026373120816
11,PARACETAMOL 500MG,2026-07-12,0.0,0.010096026373120816,2025-12-28,28,-0.010096026373120816,0.010096026373120816
11,VITAMINA C+ZINC+D3,2026-01-11,1.0,0.381438328652657,2025-12-28,2,0.618561671347343,0.618561671347343
11,VITAMINA C+ZINC+D3,2026-01-18,2.0,0.381438328652657,2025-12-28,3,1.618561671347343,1.618561671347343
11,VITAMINA C+ZINC+D3,2026-01-25,1.0,0.381438328652657,2025-12-28,4,0.618561671347343,0.618561671347343
11,VITAMINA C+ZINC+D3,2026-02-01,1.0,0.381438328652657,2025-12-28,5,0.618561671347343,0.618561671347343
11,VITAMINA C+ZINC+D3,2026-02-08,0.0,0.381438328652657,2025-12-28,6,-0.381438328652657,0.381438328652657
11,VITAMINA C+ZINC+D3,2026-02-15,0.0,0.381438328652657,2025-12-28,7,-0.381438328652657,0.381438328652657
11,VITAMINA C+ZINC+D3,2026-02-22,0.0,0.381438328652657,2025-12-28,8,-0.381438328652657,0.381438328652657
11,VITAMINA C+ZINC+D3,2026-03-01,1.0,0.381438328652657,2025-12-28,9,0.618561671347343,0.618561671347343
11,VITAMINA C+ZINC+D3,2026-03-08,2.0,0.381438328652657,2025-12-28,10,1.618561671347343,1.618561671347343
11,VITAMINA C+ZINC+D3,2026-03-15,1.0,0.381438328652657,2025-12-28,11,0.618561671347343,0.618561671347343
11,VITAMINA C+ZINC+D3,2026-03-22,1.0,0.381438328652657,2025-12-28,12,0.618561671347343,0.618561671347343
11,VITAMINA C+ZINC+D3,2026-03-29,1.0,0.381438328652657,2025-12-28,13,0.618561671347343,0.618561671347343
11,VITAMINA C+ZINC+D3,2026-04-05,2.0,0.381438328652657,2025-12-28,14,1.618561671347343,1.618561671347343
11,VITAMINA C+ZINC+D3,2026-04-12,0.0,0.381438328652657,2025-12-28,15,-0.381438328652657,0.381438328652657
11,VITAMINA C+ZINC+D3,2026-04-19,1.0,0.381438328652657,2025-12-28,16,0.618561671347343,0.618561671347343
11,VITAMINA C+ZINC+D3,2026-04-26,1.0,0.381438328652657,2025-12-28,17,0.618561671347343,0.618561671347343
11,VITAMINA C+ZINC+D3,2026-05-03,1.0,0.381438328652657,2025-12-28,18,0.618561671347343,0.618561671347343
11,VITAMINA C+ZINC+D3,2026-05-10,0.0,0.381438328652657,2025-12-28,19,-0.381438328652657,0.381438328652657
11,VITAMINA C+ZINC+D3,2026-05-17,0.0,0.381438328652657,2025-12-28,20,-0.381438328652657,0.381438328652657
11,VITAMINA C+ZINC+D3,2026-05-24,2.0,0.381438328652657,2025-12-28,21,1.618561671347343,1.618561671347343
11,VITAMINA C+ZINC+D3,2026-05-31,1.0,0.381438328652657,2025-12-28,22,0.618561671347343,0.618561671347343
11,VITAMINA C+ZINC+D3,2026-06-07,3.0,0.381438328652657,2025-12-28,23,2.618561671347343,2.618561671347343
11,VITAMINA C+ZINC+D3,2026-06-14,0.0,0.381438328652657,2025-12-28,24,-0.381438328652657,0.381438328652657
11,VITAMINA C+ZINC+D3,2026-06-21,0.0,0.381438328652657,2025-12-28,25,-0.381438328652657,0.381438328652657
11,VITAMINA C+ZINC+D3,2026-06-28,0.0,0.381438328652657,2025-12-28,26,-0.381438328652657,0.381438328652657
11,VITAMINA C+ZINC+D3,2026-07-05,0.0,0.381438328652657,2025-12-28,27,-0.381438328652657,0.381438328652657
11,VITAMINA C+ZINC+D3,2026-07-12,1.0,0.381438328652657,2025-12-28,28,0.618561671347343,0.618561671347343
12,AMOXICILINA 500MG,2026-01-11,0.0,-4.824558165895695e-06,2025-12-28,2,4.824558165895695e-06,4.824558165895695e-06
12,AMOXICILINA 500MG,2026-01-18,0.0,-4.824558165895695e-06,2025-12-28,3,4.824558165895695e-06,4.824558165895695e-06
12,AMOXICILINA 500MG,2026-01-25,0.0,-4.824558165895695e-06,2025-12-28,4,4.824558165895695e-06,4.824558165895695e-06
12,AMOXICILINA 500MG,2026-02-01,1.0,-4.824558165895695e-06,2025-12-28,5,1.0000048245581659,1.0000048245581659
12,AMOXICILINA 500MG,2026-02-08,0.0,-4.824558165895695e-06,2025-12-28,6,4.824558165895695e-06,4.824558165895695e-06
12,AMOXICILINA 500MG,2026-02-15,0.0,-4.824558165895695e-06,2025-12-28,7,4.824558165895695e-06,4.824558165895695e-06
12,AMOXICILINA 500MG,2026-02-22,0.0,-4.824558165895695e-06,2025-12-28,8,4.824558165895695e-06,4.824558165895695e-06
12,AMOXICILINA 500MG,2026-03-01,0.0,-4.824558165895695e-06,2025-12-28,9,4.824558165895695e-06,4.824558165895695e-06
12,AMOXICILINA 500MG,2026-03-08,0.0,-4.824558165895695e-06,2025-12-28,10,4.824558165895695e-06,4.824558165895695e-06
12,AMOXICILINA 500MG,2026-03-15,0.0,-4.824558165895695e-06,2025-12-28,11,4.824558165895695e-06,4.824558165895695e-06
12,AMOXICILINA 500MG,2026-03-22,0.0,-4.824558165895695e-06,2025-12-28,12,4.824558165895695e-06,4.824558165895695e-06
12,AMOXICILINA 500MG,2026-03-29,0.0,-4.824558165895695e-06,2025-12-28,13,4.824558165895695e-06,4.824558165895695e-06
12,AMOXICILINA 500MG,2026-04-05,0.0,-4.824558165895695e-06,2025-12-28,14,4.824558165895695e-06,4.824558165895695e-06
12,AMOXICILINA 500MG,2026-04-12,0.0,-4.824558165895695e-06,2025-12-28,15,4.824558165895695e-06,4.824558165895695e-06
12,AMOXICILINA 500MG,2026-04-19,0.0,-4.824558165895695e-06,2025-12-28,16,4.824558165895695e-06,4.824558165895695e-06
12,AMOXICILINA 500MG,2026-04-26,0.0,-4.824558165895695e-06,2025-12-28,17,4.824558165895695e-06,4.824558165895695e-06
12,AMOXICILINA 500MG,2026-05-03,0.0,-4.824558165895695e-06,2025-12-28,18,4.824558165895695e-06,4.824558165895695e-06
12,AMOXICILINA 500MG,2026-05-10,0.0,-4.824558165895695e-06,2025-12-28,19,4.824558165895695e-06,4.824558165895695e-06
12,AMOXICILINA 500MG,2026-05-17,0.0,-4.824558165895695e-06,2025-12-28,20,4.824558165895695e-06,4.824558165895695e-06
12,AMOXICILINA 500MG,2026-05-24,0.0,-4.824558165895695e-06,2025-12-28,21,4.824558165895695e-06,4.824558165895695e-06
12,AMOXICILINA 500MG,2026-05-31,0.0,-4.824558165895695e-06,2025-12-28,22,4.824558165895695e-06,4.824558165895695e-06
12,AMOXICILINA 500MG,2026-06-07,0.0,-4.824558165895695e-06,2025-12-28,23,4.824558165895695e-06,4.824558165895695e-06
12,AMOXICILINA 500MG,2026-06-14,0.0,-4.824558165895695e-06,2025-12-28,24,4.824558165895695e-06,4.824558165895695e-06
12,AMOXICILINA 500MG,2026-06-21,0.0,-4.824558165895695e-06,2025-12-28,25,4.824558165895695e-06,4.824558165895695e-06
12,AMOXICILINA 500MG,2026-06-28,0.0,-4.824558165895695e-06,2025-12-28,26,4.824558165895695e-06,4.824558165895695e-06
12,AMOXICILINA 500MG,2026-07-05,0.0,-4.824558165895695e-06,2025-12-28,27,4.824558165895695e-06,4.824558165895695e-06
12,AMOXICILINA 500MG,2026-07-12,0.0,-4.824558165895695e-06,2025-12-28,28,4.824558165895695e-06,4.824558165895695e-06
12,AMOXICILINA 500MG,2026-07-19,0.0,-4.824558165895695e-06,2025-12-28,29,4.824558165895695e-06,4.824558165895695e-06
12,AMOXICILINA 500MG,2026-07-26,0.0,-4.824558165895695e-06,2025-12-28,30,4.824558165895695e-06,4.824558165895695e-06
12,AZITROMICINA 500MG,2026-01-11,0.0,0.05210406642250362,2025-12-28,2,-0.05210406642250362,0.05210406642250362
12,AZITROMICINA 500MG,2026-01-18,0.0,0.014441734302995432,2025-12-28,3,-0.014441734302995432,0.014441734302995432
12,AZITROMICINA 500MG,2026-01-25,0.0,0.0632246998549688,2025-12-28,4,-0.0632246998549688,0.0632246998549688
12,AZITROMICINA 500MG,2026-02-01,0.0,0.0632246998549688,2025-12-28,5,-0.0632246998549688,0.0632246998549688
12,AZITROMICINA 500MG,2026-02-08,0.0,0.0632246998549688,2025-12-28,6,-0.0632246998549688,0.0632246998549688
12,AZITROMICINA 500MG,2026-02-15,0.0,0.0632246998549688,2025-12-28,7,-0.0632246998549688,0.0632246998549688
12,AZITROMICINA 500MG,2026-02-22,0.0,0.0632246998549688,2025-12-28,8,-0.0632246998549688,0.0632246998549688
12,AZITROMICINA 500MG,2026-03-01,0.0,0.0632246998549688,2025-12-28,9,-0.0632246998549688,0.0632246998549688
12,AZITROMICINA 500MG,2026-03-08,0.0,0.0632246998549688,2025-12-28,10,-0.0632246998549688,0.0632246998549688
12,AZITROMICINA 500MG,2026-03-15,0.0,0.0632246998549688,2025-12-28,11,-0.0632246998549688,0.0632246998549688
12,AZITROMICINA 500MG,2026-03-22,0.0,0.0632246998549688,2025-12-28,12,-0.0632246998549688,0.0632246998549688
12,AZITROMICINA 500MG,2026-03-29,0.0,0.0632246998549688,2025-12-28,13,-0.0632246998549688,0.0632246998549688
12,AZITROMICINA 500MG,2026-04-05,0.0,0.0632246998549688,2025-12-28,14,-0.0632246998549688,0.0632246998549688
12,AZITROMICINA 500MG,2026-04-12,0.0,0.0632246998549688,2025-12-28,15,-0.0632246998549688,0.0632246998549688
12,AZITROMICINA 500MG,2026-04-19,0.0,0.0632246998549688,2025-12-28,16,-0.0632246998549688,0.0632246998549688
12,AZITROMICINA 500MG,2026-04-26,0.0,0.0632246998549688,2025-12-28,17,-0.0632246998549688,0.0632246998549688
12,AZITROMICINA 500MG,2026-05-03,0.0,0.0632246998549688,2025-12-28,18,-0.0632246998549688,0.0632246998549688
12,AZITROMICINA 500MG,2026-05-10,0.0,0.0632246998549688,2025-12-28,19,-0.0632246998549688,0.0632246998549688
12,AZITROMICINA 500MG,2026-05-17,0.0,0.0632246998549688,2025-12-28,20,-0.0632246998549688,0.0632246998549688
12,AZITROMICINA 500MG,2026-05-24,0.0,0.0632246998549688,2025-12-28,21,-0.0632246998549688,0.0632246998549688
12,AZITROMICINA 500MG,2026-05-31,0.0,0.0632246998549688,2025-12-28,22,-0.0632246998549688,0.0632246998549688
12,DIMENHIDRINATO 50MG,2026-01-11,0.0,0.02150042146208386,2025-12-28,2,-0.02150042146208386,0.02150042146208386
12,DIMENHIDRINATO 50MG,2026-01-18,0.0,0.02150042146208386,2025-12-28,3,-0.02150042146208386,0.02150042146208386
12,DIMENHIDRINATO 50MG,2026-01-25,0.0,0.02150042146208386,2025-12-28,4,-0.02150042146208386,0.02150042146208386
12,DIMENHIDRINATO 50MG,2026-02-01,0.0,0.02150042146208386,2025-12-28,5,-0.02150042146208386,0.02150042146208386
12,DIMENHIDRINATO 50MG,2026-02-08,0.0,0.02150042146208386,2025-12-28,6,-0.02150042146208386,0.02150042146208386
12,DIMENHIDRINATO 50MG,2026-02-15,0.0,0.02150042146208386,2025-12-28,7,-0.02150042146208386,0.02150042146208386
12,DIMENHIDRINATO 50MG,2026-02-22,0.0,0.02150042146208386,2025-12-28,8,-0.02150042146208386,0.02150042146208386
12,DIMENHIDRINATO 50MG,2026-03-01,0.0,0.02150042146208386,2025-12-28,9,-0.02150042146208386,0.02150042146208386
12,DIMENHIDRINATO 50MG,2026-03-08,0.0,0.02150042146208386,2025-12-28,10,-0.02150042146208386,0.02150042146208386
12,DIMENHIDRINATO 50MG,2026-03-15,0.0,0.02150042146208386,2025-12-28,11,-0.02150042146208386,0.02150042146208386
12,DIMENHIDRINATO 50MG,2026-03-22,0.0,0.02150042146208386,2025-12-28,12,-0.02150042146208386,0.02150042146208386
12,DIMENHIDRINATO 50MG,2026-03-29,0.0,0.02150042146208386,2025-12-28,13,-0.02150042146208386,0.02150042146208386
12,DIMENHIDRINATO 50MG,2026-04-05,0.0,0.02150042146208386,2025-12-28,14,-0.02150042146208386,0.02150042146208386
12,DIMENHIDRINATO 50MG,2026-04-12,0.0,0.02150042146208386,2025-12-28,15,-0.02150042146208386,0.02150042146208386
12,DIMENHIDRINATO 50MG,2026-04-19,0.0,0.02150042146208386,2025-12-28,16,-0.02150042146208386,0.02150042146208386
12,DIMENHIDRINATO 50MG,2026-04-26,0.0,0.02150042146208386,2025-12-28,17,-0.02150042146208386,0.02150042146208386
12,DIMENHIDRINATO 50MG,2026-05-03,0.0,0.02150042146208386,2025-12-28,18,-0.02150042146208386,0.02150042146208386
12,DIMENHIDRINATO 50MG,2026-05-10,0.0,0.02150042146208386,2025-12-28,19,-0.02150042146208386,0.02150042146208386
12,DIMENHIDRINATO 50MG,2026-05-17,0.0,0.02150042146208386,2025-12-28,20,-0.02150042146208386,0.02150042146208386
12,DIMENHIDRINATO 50MG,2026-05-24,0.0,0.02150042146208386,2025-12-28,21,-0.02150042146208386,0.02150042146208386
12,DIMENHIDRINATO 50MG,2026-05-31,0.0,0.02150042146208386,2025-12-28,22,-0.02150042146208386,0.02150042146208386
12,DIMENHIDRINATO 50MG,2026-06-07,0.0,0.02150042146208386,2025-12-28,23,-0.02150042146208386,0.02150042146208386
12,DIMENHIDRINATO 50MG,2026-06-14,0.0,0.02150042146208386,2025-12-28,24,-0.02150042146208386,0.02150042146208386
12,DIMENHIDRINATO 50MG,2026-06-21,0.0,0.02150042146208386,2025-12-28,25,-0.02150042146208386,0.02150042146208386
12,DIMENHIDRINATO 50MG,2026-06-28,0.0,0.02150042146208386,2025-12-28,26,-0.02150042146208386,0.02150042146208386
12,DIMENHIDRINATO 50MG,2026-07-05,0.0,0.02150042146208386,2025-12-28,27,-0.02150042146208386,0.02150042146208386
12,DIMENHIDRINATO 50MG,2026-07-12,0.0,0.02150042146208386,2025-12-28,28,-0.02150042146208386,0.02150042146208386
12,DIMENHIDRINATO 50MG,2026-07-19,0.0,0.02150042146208386,2025-12-28,29,-0.02150042146208386,0.02150042146208386
12,DIMENHIDRINATO 50MG,2026-07-26,0.0,0.02150042146208386,2025-12-28,30,-0.02150042146208386,0.02150042146208386
12,ENALAPRIL 10MG,2026-01-11,0.0,-0.05885993776286527,2025-12-28,2,0.05885993776286527,0.05885993776286527
12,ENALAPRIL 10MG,2026-01-18,0.0,0.16459298315203172,2025-12-28,3,-0.16459298315203172,0.16459298315203172
12,ENALAPRIL 10MG,2026-01-25,1.0,-0.029716604028621085,2025-12-28,4,1.029716604028621,1.029716604028621
12,ENALAPRIL 10MG,2026-02-01,0.0,0.18966871625428197,2025-12-28,5,-0.18966871625428197,0.18966871625428197
12,ENALAPRIL 10MG,2026-02-08,1.0,-0.008119503336127099,2025-12-28,6,1.0081195033361272,1.0081195033361272
12,ENALAPRIL 10MG,2026-02-15,0.0,0.20824850490266492,2025-12-28,7,-0.20824850490266492,0.20824850490266492
12,ENALAPRIL 10MG,2026-02-22,0.0,0.007885760530632113,2025-12-28,8,-0.007885760530632113,0.007885760530632113
12,ENALAPRIL 10MG,2026-03-01,2.0,0.22201473161938762,2025-12-28,9,1.7779852683806123,1.7779852683806123
12,ENALAPRIL 10MG,2026-03-08,1.0,0.01974741538133945,2025-12-28,10,0.9802525846186605,0.9802525846186605
12,ENALAPRIL 10MG,2026-03-15,0.0,0.23221405925367106,2025-12-28,11,-0.23221405925367106,0.23221405925367106
12,ENALAPRIL 10MG,2026-03-22,0.0,0.028538613001469565,2025-12-28,12,-0.028538613001469565,0.028538613001469565
12,ENALAPRIL 10MG,2026-03-29,0.0,0.23977027787056332,2025-12-28,13,-0.23977027787056332,0.23977027787056332
12,ENALAPRIL 10MG,2026-04-05,0.0,0.03505456996328363,2025-12-28,14,-0.03505456996328363,0.03505456996328363
12,ENALAPRIL 10MG,2026-04-12,0.0,0.2453679254626846,2025-12-28,15,-0.2453679254626846,0.2453679254626846
12,ENALAPRIL 10MG,2026-04-19,0.0,0.03988454997146884,2025-12-28,16,-0.03988454997146884,0.03988454997146884
12,ENALAPRIL 10MG,2026-04-26,0.0,0.2495142517624885,2025-12-28,17,-0.2495142517624885,0.2495142517624885
12,ENALAPRIL 10MG,2026-05-03,0.0,0.043465203525744345,2025-12-28,18,-0.043465203525744345,0.043465203525744345
12,ENALAPRIL 10MG,2026-05-10,0.0,0.2525851340680174,2025-12-28,19,-0.2525851340680174,0.2525851340680174
12,ENALAPRIL 10MG,2026-05-17,1.0,0.04612009316252501,2025-12-28,20,0.953879906837475,0.953879906837475
12,ENALAPRIL 10MG,2026-05-24,0.0,0.2548591013446774,2025-12-28,21,-0.2548591013446774,0.2548591013446774
12,ENALAPRIL 10MG,2026-05-31,0.0,0.04808898206778957,2025-12-28,22,-0.04808898206778957,0.04808898206778957
12,ENALAPRIL 10MG,2026-06-07,0.0,0.2565425464365527,2025-12-28,23,-0.2565425464365527,0.2565425464365527
12,ENALAPRIL 10MG,2026-06-14,0.0,0.0495495372421373,2025-12-28,24,-0.0495495372421373,0.0495495372421373
12,ENALAPRIL 10MG,2026-06-21,0.0,0.25778840857575064,2025-12-28,25,-0.25778840857575064,0.25778840857575064
12,ENALAPRIL 10MG,2026-06-28,0.0,0.050633411770563075,2025-12-28,26,-0.050633411770563075,0.050633411770563075
12,ENALAPRIL 10MG,2026-07-05,0.0,0.2587100173150518,2025-12-28,27,-0.2587100173150518,0.2587100173150518
12,ENALAPRIL 10MG,2026-07-12,0.0,0.05143816195069362,2025-12-28,28,-0.05143816195069362,0.05143816195069362
12,ENALAPRIL 10MG,2026-07-19,0.0,0.25939135102518757,2025-12-28,29,-0.25939135102518757,0.25939135102518757
12,IBUPROFENO TABX800,2026-01-11,0.0,-4.824558165895707e-06,2025-12-28,2,4.824558165895707e-06,4.824558165895707e-06
12,IBUPROFENO TABX800,2026-01-18,0.0,-4.824558165895707e-06,2025-12-28,3,4.824558165895707e-06,4.824558165895707e-06
12,IBUPROFENO TABX800,2026-01-25,0.0,-4.824558165895707e-06,2025-12-28,4,4.824558165895707e-06,4.824558165895707e-06
12,IBUPROFENO TABX800,2026-02-01,0.0,-4.824558165895707e-06,2025-12-28,5,4.824558165895707e-06,4.824558165895707e-06
12,IBUPROFENO TABX800,2026-02-08,0.0,-4.824558165895707e-06,2025-12-28,6,4.824558165895707e-06,4.824558165895707e-06
12,IBUPROFENO TABX800,2026-02-15,0.0,-4.824558165895707e-06,2025-12-28,7,4.824558165895707e-06,4.824558165895707e-06
12,IBUPROFENO TABX800,2026-02-22,0.0,-4.824558165895707e-06,2025-12-28,8,4.824558165895707e-06,4.824558165895707e-06
12,IBUPROFENO TABX800,2026-03-01,0.0,-4.824558165895707e-06,2025-12-28,9,4.824558165895707e-06,4.824558165895707e-06
12,IBUPROFENO TABX800,2026-03-08,0.0,-4.824558165895707e-06,2025-12-28,10,4.824558165895707e-06,4.824558165895707e-06
12,IBUPROFENO TABX800,2026-03-15,0.0,-4.824558165895707e-06,2025-12-28,11,4.824558165895707e-06,4.824558165895707e-06
12,IBUPROFENO TABX800,2026-03-22,0.0,-4.824558165895707e-06,2025-12-28,12,4.824558165895707e-06,4.824558165895707e-06
12,IBUPROFENO TABX800,2026-03-29,0.0,-4.824558165895707e-06,2025-12-28,13,4.824558165895707e-06,4.824558165895707e-06
12,IBUPROFENO TABX800,2026-04-05,0.0,-4.824558165895707e-06,2025-12-28,14,4.824558165895707e-06,4.824558165895707e-06
12,IBUPROFENO TABX800,2026-04-12,0.0,-4.824558165895707e-06,2025-12-28,15,4.824558165895707e-06,4.824558165895707e-06
12,IBUPROFENO TABX800,2026-04-19,0.0,-4.824558165895707e-06,2025-12-28,16,4.824558165895707e-06,4.824558165895707e-06
12,IBUPROFENO TABX800,2026-04-26,0.0,-4.824558165895707e-06,2025-12-28,17,4.824558165895707e-06,4.824558165895707e-06
12,IBUPROFENO TABX800,2026-05-03,0.0,-4.824558165895707e-06,2025-12-28,18,4.824558165895707e-06,4.824558165895707e-06
12,IBUPROFENO TABX800,2026-05-10,0.0,-4.824558165895707e-06,2025-12-28,19,4.824558165895707e-06,4.824558165895707e-06
12,IBUPROFENO TABX800,2026-05-17,0.0,-4.824558165895707e-06,2025-12-28,20,4.824558165895707e-06,4.824558165895707e-06
12,IBUPROFENO TABX800,2026-05-24,0.0,-4.824558165895707e-06,2025-12-28,21,4.824558165895707e-06,4.824558165895707e-06
12,IBUPROFENO TABX800,2026-05-31,0.0,-4.824558165895707e-06,2025-12-28,22,4.824558165895707e-06,4.824558165895707e-06
12,IBUPROFENO TABX800,2026-06-07,0.0,-4.824558165895707e-06,2025-12-28,23,4.824558165895707e-06,4.824558165895707e-06
12,IBUPROFENO TABX800,2026-06-14,0.0,-4.824558165895707e-06,2025-12-28,24,4.824558165895707e-06,4.824558165895707e-06
12,IBUPROFENO TABX800,2026-06-21,0.0,-4.824558165895707e-06,2025-12-28,25,4.824558165895707e-06,4.824558165895707e-06
12,IBUPROFENO TABX800,2026-06-28,0.0,-4.824558165895707e-06,2025-12-28,26,4.824558165895707e-06,4.824558165895707e-06
12,IBUPROFENO TABX800,2026-07-05,0.0,-4.824558165895707e-06,2025-12-28,27,4.824558165895707e-06,4.824558165895707e-06
12,IBUPROFENO TABX800,2026-07-12,0.0,-4.824558165895707e-06,2025-12-28,28,4.824558165895707e-06,4.824558165895707e-06
12,IBUPROFENO TABX800,2026-07-19,0.0,-4.824558165895707e-06,2025-12-28,29,4.824558165895707e-06,4.824558165895707e-06
12,IBUPROFENO TABX800,2026-07-26,0.0,-4.824558165895707e-06,2025-12-28,30,4.824558165895707e-06,4.824558165895707e-06
12,METFORMINA 850MG,2026-01-11,0.0,0.05409680842847829,2025-12-28,2,-0.05409680842847829,0.05409680842847829
12,METFORMINA 850MG,2026-01-18,0.0,0.05892295058619229,2025-12-28,3,-0.05892295058619229,0.05892295058619229
12,METFORMINA 850MG,2026-01-25,0.0,0.06299849134813706,2025-12-28,4,-0.06299849134813706,0.06299849134813706
12,METFORMINA 850MG,2026-02-01,0.0,0.06644017042833661,2025-12-28,5,-0.06644017042833661,0.06644017042833661
12,METFORMINA 850MG,2026-02-08,0.0,0.06934657121855492,2025-12-28,6,-0.06934657121855492,0.06934657121855492
12,METFORMINA 850MG,2026-02-15,0.0,0.0718009446091419,2025-12-28,7,-0.0718009446091419,0.0718009446091419
12,METFORMINA 850MG,2026-02-22,0.0,0.07387359362599304,2025-12-28,8,-0.07387359362599304,0.07387359362599304
12,METFORMINA 850MG,2026-03-01,0.0,0.07562388718911982,2025-12-28,9,-0.07562388718911982,0.07562388718911982
12,METFORMINA 850MG,2026-03-08,0.0,0.07710196067489374,2025-12-28,10,-0.07710196067489374,0.07710196067489374
12,METFORMINA 850MG,2026-03-15,0.0,0.07835015199283757,2025-12-28,11,-0.07835015199283757,0.07835015199283757
12,METFORMINA 850MG,2026-03-22,0.0,0.07940421431192086,2025-12-28,12,-0.07940421431192086,0.07940421431192086
12,METFORMINA 850MG,2026-03-29,0.0,0.08029434017366897,2025-12-28,13,-0.08029434017366897,0.08029434017366897
12,METFORMINA 850MG,2026-04-05,0.0,0.08104602632676272,2025-12-28,14,-0.08104602632676272,0.08104602632676272
12,METFORMINA 850MG,2026-04-12,0.0,0.08168080405543496,2025-12-28,15,-0.08168080405543496,0.08168080405543496
12,METFORMINA 850MG,2026-04-19,1.0,0.0822168559211769,2025-12-28,16,0.9177831440788231,0.9177831440788231
12,METFORMINA 850MG,2026-04-26,0.0,0.08266953658369239,2025-12-28,17,-0.08266953658369239,0.08266953658369239
12,METFORMINA 850MG,2026-05-03,0.0,0.08305181261948572,2025-12-28,18,-0.08305181261948572,0.08305181261948572
12,METFORMINA 850MG,2026-05-10,0.0,0.08337463393623872,2025-12-28,19,-0.08337463393623872,0.08337463393623872
12,METFORMINA 850MG,2026-05-17,0.0,0.08364724742176328,2025-12-28,20,-0.08364724742176328,0.08364724742176328
12,METFORMINA 850MG,2026-05-24,0.0,0.08387746181168453,2025-12-28,21,-0.08387746181168453,0.08387746181168453
12,METFORMINA 850MG,2026-05-31,0.0,0.0840718713627191,2025-12-28,22,-0.0840718713627191,0.0840718713627191
12,METFORMINA 850MG,2026-06-07,0.0,0.08423604473844247,2025-12-28,23,-0.08423604473844247,0.08423604473844247
12,METFORMINA 850MG,2026-06-14,0.0,0.08437468451798506,2025-12-28,24,-0.08437468451798506,0.08437468451798506
12,METFORMINA 850MG,2026-06-21,0.0,0.08449176189662169,2025-12-28,25,-0.08449176189662169,0.08449176189662169
12,METFORMINA 850MG,2026-06-28,0.0,0.0845906304366154,2025-12-28,26,-0.0845906304366154,0.0845906304366154
12,METFORMINA 850MG,2026-07-05,0.0,0.08467412212659271,2025-12-28,27,-0.08467412212659271,0.08467412212659271
12,METFORMINA 850MG,2026-07-12,0.0,0.08474462850097339,2025-12-28,28,-0.08474462850097339,0.08474462850097339
12,METFORMINA 850MG,2026-07-19,0.0,0.08480416914303801,2025-12-28,29,-0.08480416914303801,0.08480416914303801
12,METFORMINA 850MG,2026-07-26,0.0,0.08485444953383398,2025-12-28,30,-0.08485444953383398,0.08485444953383398
12,PARACETAMOL 500MG,2026-01-11,0.0,0.010747695498406522,2025-12-28,2,-0.010747695498406522,0.010747695498406522
12,PARACETAMOL 500MG,2026-01-18,0.0,0.010747695498406522,2025-12-28,3,-0.010747695498406522,0.010747695498406522
12,PARACETAMOL 500MG,2026-01-25,0.0,0.010747695498406522,2025-12-28,4,-0.010747695498406522,0.010747695498406522
12,PARACETAMOL 500MG,2026-02-01,0.0,0.010747695498406522,2025-12-28,5,-0.010747695498406522,0.010747695498406522
12,PARACETAMOL 500MG,2026-02-08,0.0,0.010747695498406522,2025-12-28,6,-0.010747695498406522,0.010747695498406522
12,PARACETAMOL 500MG,2026-02-15,0.0,0.010747695498406522,2025-12-28,7,-0.010747695498406522,0.010747695498406522
12,PARACETAMOL 500MG,2026-02-22,0.0,0.010747695498406522,2025-12-28,8,-0.010747695498406522,0.010747695498406522
12,PARACETAMOL 500MG,2026-03-01,0.0,0.010747695498406522,2025-12-28,9,-0.010747695498406522,0.010747695498406522
12,PARACETAMOL 500MG,2026-03-08,0.0,0.010747695498406522,2025-12-28,10,-0.010747695498406522,0.010747695498406522
12,PARACETAMOL 500MG,2026-03-15,0.0,0.010747695498406522,2025-12-28,11,-0.010747695498406522,0.010747695498406522
12,PARACETAMOL 500MG,2026-03-22,0.0,0.010747695498406522,2025-12-28,12,-0.010747695498406522,0.010747695498406522
12,PARACETAMOL 500MG,2026-03-29,0.0,0.010747695498406522,2025-12-28,13,-0.010747695498406522,0.010747695498406522
12,PARACETAMOL 500MG,2026-04-05,0.0,0.010747695498406522,2025-12-28,14,-0.010747695498406522,0.010747695498406522
12,PARACETAMOL 500MG,2026-04-12,0.0,0.010747695498406522,2025-12-28,15,-0.010747695498406522,0.010747695498406522
12,PARACETAMOL 500MG,2026-04-19,0.0,0.010747695498406522,2025-12-28,16,-0.010747695498406522,0.010747695498406522
12,PARACETAMOL 500MG,2026-04-26,0.0,0.010747695498406522,2025-12-28,17,-0.010747695498406522,0.010747695498406522
12,PARACETAMOL 500MG,2026-05-03,0.0,0.010747695498406522,2025-12-28,18,-0.010747695498406522,0.010747695498406522
12,PARACETAMOL 500MG,2026-05-10,0.0,0.010747695498406522,2025-12-28,19,-0.010747695498406522,0.010747695498406522
12,PARACETAMOL 500MG,2026-05-17,0.0,0.010747695498406522,2025-12-28,20,-0.010747695498406522,0.010747695498406522
12,PARACETAMOL 500MG,2026-05-24,0.0,0.010747695498406522,2025-12-28,21,-0.010747695498406522,0.010747695498406522
12,PARACETAMOL 500MG,2026-05-31,0.0,0.010747695498406522,2025-12-28,22,-0.010747695498406522,0.010747695498406522
12,PARACETAMOL 500MG,2026-06-07,0.0,0.010747695498406522,2025-12-28,23,-0.010747695498406522,0.010747695498406522
12,PARACETAMOL 500MG,2026-06-14,0.0,0.010747695498406522,2025-12-28,24,-0.010747695498406522,0.010747695498406522
12,PARACETAMOL 500MG,2026-06-21,0.0,0.010747695498406522,2025-12-28,25,-0.010747695498406522,0.010747695498406522
12,PARACETAMOL 500MG,2026-06-28,0.0,0.010747695498406522,2025-12-28,26,-0.010747695498406522,0.010747695498406522
12,PARACETAMOL 500MG,2026-07-05,0.0,0.010747695498406522,2025-12-28,27,-0.010747695498406522,0.010747695498406522
12,PARACETAMOL 500MG,2026-07-12,0.0,0.010747695498406522,2025-12-28,28,-0.010747695498406522,0.010747695498406522
12,PARACETAMOL 500MG,2026-07-19,0.0,0.010747695498406522,2025-12-28,29,-0.010747695498406522,0.010747695498406522
12,VITAMINA C+ZINC+D3,2026-01-11,1.0,1.2651640318178046,2025-12-28,2,-0.26516403181780457,0.26516403181780457
12,VITAMINA C+ZINC+D3,2026-01-18,0.0,0.9595260685079453,2025-12-28,3,-0.9595260685079453,0.9595260685079453
12,VITAMINA C+ZINC+D3,2026-01-25,0.0,1.2050800133635906,2025-12-28,4,-1.2050800133635906,1.2050800133635906
12,VITAMINA C+ZINC+D3,2026-02-01,0.0,1.2050800133635906,2025-12-28,5,-1.2050800133635906,1.2050800133635906
12,VITAMINA C+ZINC+D3,2026-02-08,0.0,1.2050800133635906,2025-12-28,6,-1.2050800133635906,1.2050800133635906
12,VITAMINA C+ZINC+D3,2026-02-15,3.0,1.2050800133635906,2025-12-28,7,1.7949199866364094,1.7949199866364094
12,VITAMINA C+ZINC+D3,2026-02-22,4.0,1.2050800133635906,2025-12-28,8,2.794919986636409,2.794919986636409
12,VITAMINA C+ZINC+D3,2026-03-01,1.0,1.2050800133635906,2025-12-28,9,-0.2050800133635906,0.2050800133635906
12,VITAMINA C+ZINC+D3,2026-03-08,2.0,1.2050800133635906,2025-12-28,10,0.7949199866364094,0.7949199866364094
12,VITAMINA C+ZINC+D3,2026-03-15,0.0,1.2050800133635906,2025-12-28,11,-1.2050800133635906,1.2050800133635906
12,VITAMINA C+ZINC+D3,2026-03-22,0.0,1.2050800133635906,2025-12-28,12,-1.2050800133635906,1.2050800133635906
12,VITAMINA C+ZINC+D3,2026-03-29,3.0,1.2050800133635906,2025-12-28,13,1.7949199866364094,1.7949199866364094
12,VITAMINA C+ZINC+D3,2026-04-05,1.0,1.2050800133635906,2025-12-28,14,-0.2050800133635906,0.2050800133635906
12,VITAMINA C+ZINC+D3,2026-04-12,1.0,1.2050800133635906,2025-12-28,15,-0.2050800133635906,0.2050800133635906
12,VITAMINA C+ZINC+D3,2026-04-19,0.0,1.2050800133635906,2025-12-28,16,-1.2050800133635906,1.2050800133635906
12,VITAMINA C+ZINC+D3,2026-04-26,2.0,1.2050800133635906,2025-12-28,17,0.7949199866364094,0.7949199866364094
12,VITAMINA C+ZINC+D3,2026-05-03,1.0,1.2050800133635906,2025-12-28,18,-0.2050800133635906,0.2050800133635906
12,VITAMINA C+ZINC+D3,2026-05-10,4.0,1.2050800133635906,2025-12-28,19,2.794919986636409,2.794919986636409
12,VITAMINA C+ZINC+D3,2026-05-17,2.0,1.2050800133635906,2025-12-28,20,0.7949199866364094,0.7949199866364094
12,VITAMINA C+ZINC+D3,2026-05-24,0.0,1.2050800133635906,2025-12-28,21,-1.2050800133635906,1.2050800133635906
12,VITAMINA C+ZINC+D3,2026-05-31,0.0,1.2050800133635906,2025-12-28,22,-1.2050800133635906,1.2050800133635906
12,VITAMINA C+ZINC+D3,2026-06-07,0.0,1.2050800133635906,2025-12-28,23,-1.2050800133635906,1.2050800133635906
12,VITAMINA C+ZINC+D3,2026-06-14,1.0,1.2050800133635906,2025-12-28,24,-0.2050800133635906,0.2050800133635906
12,VITAMINA C+ZINC+D3,2026-06-21,1.0,1.2050800133635906,2025-12-28,25,-0.2050800133635906,0.2050800133635906
12,VITAMINA C+ZINC+D3,2026-06-28,1.0,1.2050800133635906,2025-12-28,26,-0.2050800133635906,0.2050800133635906
12,VITAMINA C+ZINC+D3,2026-07-05,2.0,1.2050800133635906,2025-12-28,27,0.7949199866364094,0.7949199866364094
12,VITAMINA C+ZINC+D3,2026-07-12,0.0,1.2050800133635906,2025-12-28,28,-1.2050800133635906,1.2050800133635906
12,VITAMINA C+ZINC+D3,2026-07-19,1.0,1.2050800133635906,2025-12-28,29,-0.2050800133635906,0.2050800133635906
13,AMOXICILINA 500MG,2026-01-11,0.0,-4.824558165895707e-06,2025-12-28,2,4.824558165895707e-06,4.824558165895707e-06
13,AMOXICILINA 500MG,2026-01-18,0.0,-4.824558165895707e-06,2025-12-28,3,4.824558165895707e-06,4.824558165895707e-06
13,AMOXICILINA 500MG,2026-01-25,0.0,-4.824558165895707e-06,2025-12-28,4,4.824558165895707e-06,4.824558165895707e-06
13,AMOXICILINA 500MG,2026-02-01,0.0,-4.824558165895707e-06,2025-12-28,5,4.824558165895707e-06,4.824558165895707e-06
13,AMOXICILINA 500MG,2026-02-08,0.0,-4.824558165895707e-06,2025-12-28,6,4.824558165895707e-06,4.824558165895707e-06
13,AMOXICILINA 500MG,2026-02-15,0.0,-4.824558165895707e-06,2025-12-28,7,4.824558165895707e-06,4.824558165895707e-06
13,AMOXICILINA 500MG,2026-02-22,0.0,-4.824558165895707e-06,2025-12-28,8,4.824558165895707e-06,4.824558165895707e-06
13,AMOXICILINA 500MG,2026-03-01,0.0,-4.824558165895707e-06,2025-12-28,9,4.824558165895707e-06,4.824558165895707e-06
13,AMOXICILINA 500MG,2026-03-08,0.0,-4.824558165895707e-06,2025-12-28,10,4.824558165895707e-06,4.824558165895707e-06
13,AMOXICILINA 500MG,2026-03-15,0.0,-4.824558165895707e-06,2025-12-28,11,4.824558165895707e-06,4.824558165895707e-06
13,AMOXICILINA 500MG,2026-03-22,0.0,-4.824558165895707e-06,2025-12-28,12,4.824558165895707e-06,4.824558165895707e-06
13,AMOXICILINA 500MG,2026-03-29,0.0,-4.824558165895707e-06,2025-12-28,13,4.824558165895707e-06,4.824558165895707e-06
13,AMOXICILINA 500MG,2026-04-05,0.0,-4.824558165895707e-06,2025-12-28,14,4.824558165895707e-06,4.824558165895707e-06
13,AMOXICILINA 500MG,2026-04-12,0.0,-4.824558165895707e-06,2025-12-28,15,4.824558165895707e-06,4.824558165895707e-06
13,AMOXICILINA 500MG,2026-04-19,0.0,-4.824558165895707e-06,2025-12-28,16,4.824558165895707e-06,4.824558165895707e-06
13,AMOXICILINA 500MG,2026-04-26,0.0,-4.824558165895707e-06,2025-12-28,17,4.824558165895707e-06,4.824558165895707e-06
13,AMOXICILINA 500MG,2026-05-03,0.0,-4.824558165895707e-06,2025-12-28,18,4.824558165895707e-06,4.824558165895707e-06
13,AMOXICILINA 500MG,2026-05-10,0.0,-4.824558165895707e-06,2025-12-28,19,4.824558165895707e-06,4.824558165895707e-06
13,AMOXICILINA 500MG,2026-05-17,0.0,-4.824558165895707e-06,2025-12-28,20,4.824558165895707e-06,4.824558165895707e-06
13,AMOXICILINA 500MG,2026-05-24,0.0,-4.824558165895707e-06,2025-12-28,21,4.824558165895707e-06,4.824558165895707e-06
13,AMOXICILINA 500MG,2026-05-31,0.0,-4.824558165895707e-06,2025-12-28,22,4.824558165895707e-06,4.824558165895707e-06
13,AMOXICILINA 500MG,2026-06-07,0.0,-4.824558165895707e-06,2025-12-28,23,4.824558165895707e-06,4.824558165895707e-06
13,AMOXICILINA 500MG,2026-06-14,0.0,-4.824558165895707e-06,2025-12-28,24,4.824558165895707e-06,4.824558165895707e-06
13,AMOXICILINA 500MG,2026-06-21,0.0,-4.824558165895707e-06,2025-12-28,25,4.824558165895707e-06,4.824558165895707e-06
13,AZITROMICINA 500MG,2026-01-11,0.0,0.013508538288169874,2025-12-28,2,-0.013508538288169874,0.013508538288169874
13,AZITROMICINA 500MG,2026-01-18,0.0,0.013508538288169874,2025-12-28,3,-0.013508538288169874,0.013508538288169874
13,AZITROMICINA 500MG,2026-01-25,0.0,0.013508538288169874,2025-12-28,4,-0.013508538288169874,0.013508538288169874
13,AZITROMICINA 500MG,2026-02-01,0.0,0.013508538288169874,2025-12-28,5,-0.013508538288169874,0.013508538288169874
13,AZITROMICINA 500MG,2026-02-08,0.0,0.013508538288169874,2025-12-28,6,-0.013508538288169874,0.013508538288169874
13,AZITROMICINA 500MG,2026-02-15,0.0,0.013508538288169874,2025-12-28,7,-0.013508538288169874,0.013508538288169874
13,AZITROMICINA 500MG,2026-02-22,0.0,0.013508538288169874,2025-12-28,8,-0.013508538288169874,0.013508538288169874
13,AZITROMICINA 500MG,2026-03-01,0.0,0.013508538288169874,2025-12-28,9,-0.013508538288169874,0.013508538288169874
13,AZITROMICINA 500MG,2026-03-08,0.0,0.013508538288169874,2025-12-28,10,-0.013508538288169874,0.013508538288169874
13,AZITROMICINA 500MG,2026-03-15,0.0,0.013508538288169874,2025-12-28,11,-0.013508538288169874,0.013508538288169874
13,AZITROMICINA 500MG,2026-03-22,0.0,0.013508538288169874,2025-12-28,12,-0.013508538288169874,0.013508538288169874
13,AZITROMICINA 500MG,2026-03-29,0.0,0.013508538288169874,2025-12-28,13,-0.013508538288169874,0.013508538288169874
13,AZITROMICINA 500MG,2026-04-05,0.0,0.013508538288169874,2025-12-28,14,-0.013508538288169874,0.013508538288169874
13,AZITROMICINA 500MG,2026-04-12,0.0,0.013508538288169874,2025-12-28,15,-0.013508538288169874,0.013508538288169874
13,AZITROMICINA 500MG,2026-04-19,0.0,0.013508538288169874,2025-12-28,16,-0.013508538288169874,0.013508538288169874
13,AZITROMICINA 500MG,2026-04-26,0.0,0.013508538288169874,2025-12-28,17,-0.013508538288169874,0.013508538288169874
13,AZITROMICINA 500MG,2026-05-03,0.0,0.013508538288169874,2025-12-28,18,-0.013508538288169874,0.013508538288169874
13,AZITROMICINA 500MG,2026-05-10,0.0,0.013508538288169874,2025-12-28,19,-0.013508538288169874,0.013508538288169874
13,AZITROMICINA 500MG,2026-05-17,0.0,0.013508538288169874,2025-12-28,20,-0.013508538288169874,0.013508538288169874
13,AZITROMICINA 500MG,2026-05-24,0.0,0.013508538288169874,2025-12-28,21,-0.013508538288169874,0.013508538288169874
13,AZITROMICINA 500MG,2026-05-31,0.0,0.013508538288169874,2025-12-28,22,-0.013508538288169874,0.013508538288169874
13,AZITROMICINA 500MG,2026-06-07,0.0,0.013508538288169874,2025-12-28,23,-0.013508538288169874,0.013508538288169874
13,AZITROMICINA 500MG,2026-06-14,0.0,0.013508538288169874,2025-12-28,24,-0.013508538288169874,0.013508538288169874
13,AZITROMICINA 500MG,2026-06-21,1.0,0.013508538288169874,2025-12-28,25,0.9864914617118301,0.9864914617118301
13,AZITROMICINA 500MG,2026-06-28,0.0,0.013508538288169874,2025-12-28,26,-0.013508538288169874,0.013508538288169874
13,AZITROMICINA 500MG,2026-07-05,0.0,0.013508538288169874,2025-12-28,27,-0.013508538288169874,0.013508538288169874
13,AZITROMICINA 500MG,2026-07-12,0.0,0.013508538288169874,2025-12-28,28,-0.013508538288169874,0.013508538288169874
13,AZITROMICINA 500MG,2026-07-19,0.0,0.013508538288169874,2025-12-28,29,-0.013508538288169874,0.013508538288169874
13,AZITROMICINA 500MG,2026-07-26,0.0,0.013508538288169874,2025-12-28,30,-0.013508538288169874,0.013508538288169874
13,AZITROMICINA 500MG,2026-08-02,0.0,0.013508538288169874,2025-12-28,31,-0.013508538288169874,0.013508538288169874
13,DIMENHIDRINATO 50MG,2026-01-11,0.0,0.015620051350824695,2025-12-28,2,-0.015620051350824695,0.015620051350824695
13,DIMENHIDRINATO 50MG,2026-01-18,0.0,0.015620051350824695,2025-12-28,3,-0.015620051350824695,0.015620051350824695
13,DIMENHIDRINATO 50MG,2026-01-25,0.0,0.015620051350824695,2025-12-28,4,-0.015620051350824695,0.015620051350824695
13,DIMENHIDRINATO 50MG,2026-02-01,0.0,0.015620051350824695,2025-12-28,5,-0.015620051350824695,0.015620051350824695
13,DIMENHIDRINATO 50MG,2026-02-08,0.0,0.015620051350824695,2025-12-28,6,-0.015620051350824695,0.015620051350824695
13,DIMENHIDRINATO 50MG,2026-02-15,0.0,0.015620051350824695,2025-12-28,7,-0.015620051350824695,0.015620051350824695
13,DIMENHIDRINATO 50MG,2026-02-22,0.0,0.015620051350824695,2025-12-28,8,-0.015620051350824695,0.015620051350824695
13,DIMENHIDRINATO 50MG,2026-03-01,0.0,0.015620051350824695,2025-12-28,9,-0.015620051350824695,0.015620051350824695
13,DIMENHIDRINATO 50MG,2026-03-08,0.0,0.015620051350824695,2025-12-28,10,-0.015620051350824695,0.015620051350824695
13,DIMENHIDRINATO 50MG,2026-03-15,0.0,0.015620051350824695,2025-12-28,11,-0.015620051350824695,0.015620051350824695
13,DIMENHIDRINATO 50MG,2026-03-22,0.0,0.015620051350824695,2025-12-28,12,-0.015620051350824695,0.015620051350824695
13,DIMENHIDRINATO 50MG,2026-03-29,0.0,0.015620051350824695,2025-12-28,13,-0.015620051350824695,0.015620051350824695
13,DIMENHIDRINATO 50MG,2026-04-05,0.0,0.015620051350824695,2025-12-28,14,-0.015620051350824695,0.015620051350824695
13,DIMENHIDRINATO 50MG,2026-04-12,0.0,0.015620051350824695,2025-12-28,15,-0.015620051350824695,0.015620051350824695
13,DIMENHIDRINATO 50MG,2026-04-19,0.0,0.015620051350824695,2025-12-28,16,-0.015620051350824695,0.015620051350824695
13,DIMENHIDRINATO 50MG,2026-04-26,0.0,0.015620051350824695,2025-12-28,17,-0.015620051350824695,0.015620051350824695
13,DIMENHIDRINATO 50MG,2026-05-03,0.0,0.015620051350824695,2025-12-28,18,-0.015620051350824695,0.015620051350824695
13,DIMENHIDRINATO 50MG,2026-05-10,0.0,0.015620051350824695,2025-12-28,19,-0.015620051350824695,0.015620051350824695
13,DIMENHIDRINATO 50MG,2026-05-17,0.0,0.015620051350824695,2025-12-28,20,-0.015620051350824695,0.015620051350824695
13,DIMENHIDRINATO 50MG,2026-05-24,0.0,0.015620051350824695,2025-12-28,21,-0.015620051350824695,0.015620051350824695
13,DIMENHIDRINATO 50MG,2026-05-31,0.0,0.015620051350824695,2025-12-28,22,-0.015620051350824695,0.015620051350824695
13,DIMENHIDRINATO 50MG,2026-06-07,0.0,0.015620051350824695,2025-12-28,23,-0.015620051350824695,0.015620051350824695
13,DIMENHIDRINATO 50MG,2026-06-14,0.0,0.015620051350824695,2025-12-28,24,-0.015620051350824695,0.015620051350824695
13,DIMENHIDRINATO 50MG,2026-06-21,0.0,0.015620051350824695,2025-12-28,25,-0.015620051350824695,0.015620051350824695
13,DIMENHIDRINATO 50MG,2026-06-28,0.0,0.015620051350824695,2025-12-28,26,-0.015620051350824695,0.015620051350824695
13,DIMENHIDRINATO 50MG,2026-07-05,0.0,0.015620051350824695,2025-12-28,27,-0.015620051350824695,0.015620051350824695
13,DIMENHIDRINATO 50MG,2026-07-12,0.0,0.015620051350824695,2025-12-28,28,-0.015620051350824695,0.015620051350824695
13,DIMENHIDRINATO 50MG,2026-07-19,0.0,0.015620051350824695,2025-12-28,29,-0.015620051350824695,0.015620051350824695
13,DIMENHIDRINATO 50MG,2026-07-26,0.0,0.015620051350824695,2025-12-28,30,-0.015620051350824695,0.015620051350824695
13,DIMENHIDRINATO 50MG,2026-08-02,0.0,0.015620051350824695,2025-12-28,31,-0.015620051350824695,0.015620051350824695
13,ENALAPRIL 10MG,2026-01-11,0.0,0.08332833779321563,2025-12-28,2,-0.08332833779321563,0.08332833779321563
13,ENALAPRIL 10MG,2026-01-18,0.0,0.08332833779321563,2025-12-28,3,-0.08332833779321563,0.08332833779321563
13,ENALAPRIL 10MG,2026-01-25,0.0,0.08332833779321563,2025-12-28,4,-0.08332833779321563,0.08332833779321563
13,ENALAPRIL 10MG,2026-02-01,1.0,0.08332833779321563,2025-12-28,5,0.9166716622067843,0.9166716622067843
13,ENALAPRIL 10MG,2026-02-08,0.0,0.08332833779321563,2025-12-28,6,-0.08332833779321563,0.08332833779321563
13,ENALAPRIL 10MG,2026-02-15,0.0,0.08332833779321563,2025-12-28,7,-0.08332833779321563,0.08332833779321563
13,ENALAPRIL 10MG,2026-02-22,0.0,0.08332833779321563,2025-12-28,8,-0.08332833779321563,0.08332833779321563
13,ENALAPRIL 10MG,2026-03-01,0.0,0.08332833779321563,2025-12-28,9,-0.08332833779321563,0.08332833779321563
13,ENALAPRIL 10MG,2026-03-08,0.0,0.08332833779321563,2025-12-28,10,-0.08332833779321563,0.08332833779321563
13,ENALAPRIL 10MG,2026-03-15,0.0,0.08332833779321563,2025-12-28,11,-0.08332833779321563,0.08332833779321563
13,ENALAPRIL 10MG,2026-03-22,0.0,0.08332833779321563,2025-12-28,12,-0.08332833779321563,0.08332833779321563
13,ENALAPRIL 10MG,2026-03-29,0.0,0.08332833779321563,2025-12-28,13,-0.08332833779321563,0.08332833779321563
13,ENALAPRIL 10MG,2026-04-05,0.0,0.08332833779321563,2025-12-28,14,-0.08332833779321563,0.08332833779321563
13,ENALAPRIL 10MG,2026-04-12,0.0,0.08332833779321563,2025-12-28,15,-0.08332833779321563,0.08332833779321563
13,ENALAPRIL 10MG,2026-04-19,1.0,0.08332833779321563,2025-12-28,16,0.9166716622067843,0.9166716622067843
13,ENALAPRIL 10MG,2026-04-26,0.0,0.08332833779321563,2025-12-28,17,-0.08332833779321563,0.08332833779321563
13,ENALAPRIL 10MG,2026-05-03,0.0,0.08332833779321563,2025-12-28,18,-0.08332833779321563,0.08332833779321563
13,ENALAPRIL 10MG,2026-05-10,0.0,0.08332833779321563,2025-12-28,19,-0.08332833779321563,0.08332833779321563
13,ENALAPRIL 10MG,2026-05-17,0.0,0.08332833779321563,2025-12-28,20,-0.08332833779321563,0.08332833779321563
13,ENALAPRIL 10MG,2026-05-24,1.0,0.08332833779321563,2025-12-28,21,0.9166716622067843,0.9166716622067843
13,ENALAPRIL 10MG,2026-05-31,1.0,0.08332833779321563,2025-12-28,22,0.9166716622067843,0.9166716622067843
13,ENALAPRIL 10MG,2026-06-07,0.0,0.08332833779321563,2025-12-28,23,-0.08332833779321563,0.08332833779321563
13,ENALAPRIL 10MG,2026-06-14,0.0,0.08332833779321563,2025-12-28,24,-0.08332833779321563,0.08332833779321563
13,ENALAPRIL 10MG,2026-06-21,0.0,0.08332833779321563,2025-12-28,25,-0.08332833779321563,0.08332833779321563
13,ENALAPRIL 10MG,2026-06-28,0.0,0.08332833779321563,2025-12-28,26,-0.08332833779321563,0.08332833779321563
13,ENALAPRIL 10MG,2026-07-05,0.0,0.08332833779321563,2025-12-28,27,-0.08332833779321563,0.08332833779321563
13,ENALAPRIL 10MG,2026-07-12,0.0,0.08332833779321563,2025-12-28,28,-0.08332833779321563,0.08332833779321563
13,ENALAPRIL 10MG,2026-07-19,0.0,0.08332833779321563,2025-12-28,29,-0.08332833779321563,0.08332833779321563
13,ENALAPRIL 10MG,2026-07-26,0.0,0.08332833779321563,2025-12-28,30,-0.08332833779321563,0.08332833779321563
13,ENALAPRIL 10MG,2026-08-02,0.0,0.08332833779321563,2025-12-28,31,-0.08332833779321563,0.08332833779321563
13,IBUPROFENO TABX800,2026-01-11,0.0,-4.824558165895696e-06,2025-12-28,2,4.824558165895696e-06,4.824558165895696e-06
13,IBUPROFENO TABX800,2026-01-18,0.0,-4.824558165895696e-06,2025-12-28,3,4.824558165895696e-06,4.824558165895696e-06
13,IBUPROFENO TABX800,2026-01-25,0.0,-4.824558165895696e-06,2025-12-28,4,4.824558165895696e-06,4.824558165895696e-06
13,IBUPROFENO TABX800,2026-02-01,0.0,-4.824558165895696e-06,2025-12-28,5,4.824558165895696e-06,4.824558165895696e-06
13,IBUPROFENO TABX800,2026-02-08,0.0,-4.824558165895696e-06,2025-12-28,6,4.824558165895696e-06,4.824558165895696e-06
13,IBUPROFENO TABX800,2026-02-15,0.0,-4.824558165895696e-06,2025-12-28,7,4.824558165895696e-06,4.824558165895696e-06
13,IBUPROFENO TABX800,2026-02-22,0.0,-4.824558165895696e-06,2025-12-28,8,4.824558165895696e-06,4.824558165895696e-06
13,IBUPROFENO TABX800,2026-03-01,0.0,-4.824558165895696e-06,2025-12-28,9,4.824558165895696e-06,4.824558165895696e-06
13,IBUPROFENO TABX800,2026-03-08,0.0,-4.824558165895696e-06,2025-12-28,10,4.824558165895696e-06,4.824558165895696e-06
13,IBUPROFENO TABX800,2026-03-15,0.0,-4.824558165895696e-06,2025-12-28,11,4.824558165895696e-06,4.824558165895696e-06
13,IBUPROFENO TABX800,2026-03-22,0.0,-4.824558165895696e-06,2025-12-28,12,4.824558165895696e-06,4.824558165895696e-06
13,IBUPROFENO TABX800,2026-03-29,0.0,-4.824558165895696e-06,2025-12-28,13,4.824558165895696e-06,4.824558165895696e-06
13,IBUPROFENO TABX800,2026-04-05,0.0,-4.824558165895696e-06,2025-12-28,14,4.824558165895696e-06,4.824558165895696e-06
13,IBUPROFENO TABX800,2026-04-12,0.0,-4.824558165895696e-06,2025-12-28,15,4.824558165895696e-06,4.824558165895696e-06
13,IBUPROFENO TABX800,2026-04-19,0.0,-4.824558165895696e-06,2025-12-28,16,4.824558165895696e-06,4.824558165895696e-06
13,IBUPROFENO TABX800,2026-04-26,0.0,-4.824558165895696e-06,2025-12-28,17,4.824558165895696e-06,4.824558165895696e-06
13,IBUPROFENO TABX800,2026-05-03,0.0,-4.824558165895696e-06,2025-12-28,18,4.824558165895696e-06,4.824558165895696e-06
13,IBUPROFENO TABX800,2026-05-10,0.0,-4.824558165895696e-06,2025-12-28,19,4.824558165895696e-06,4.824558165895696e-06
13,IBUPROFENO TABX800,2026-05-17,0.0,-4.824558165895696e-06,2025-12-28,20,4.824558165895696e-06,4.824558165895696e-06
13,IBUPROFENO TABX800,2026-05-24,0.0,-4.824558165895696e-06,2025-12-28,21,4.824558165895696e-06,4.824558165895696e-06
13,IBUPROFENO TABX800,2026-05-31,0.0,-4.824558165895696e-06,2025-12-28,22,4.824558165895696e-06,4.824558165895696e-06
13,IBUPROFENO TABX800,2026-06-07,0.0,-4.824558165895696e-06,2025-12-28,23,4.824558165895696e-06,4.824558165895696e-06
13,IBUPROFENO TABX800,2026-06-14,0.0,-4.824558165895696e-06,2025-12-28,24,4.824558165895696e-06,4.824558165895696e-06
13,IBUPROFENO TABX800,2026-06-21,0.0,-4.824558165895696e-06,2025-12-28,25,4.824558165895696e-06,4.824558165895696e-06
13,IBUPROFENO TABX800,2026-06-28,0.0,-4.824558165895696e-06,2025-12-28,26,4.824558165895696e-06,4.824558165895696e-06
13,IBUPROFENO TABX800,2026-07-05,0.0,-4.824558165895696e-06,2025-12-28,27,4.824558165895696e-06,4.824558165895696e-06
13,IBUPROFENO TABX800,2026-07-12,0.0,-4.824558165895696e-06,2025-12-28,28,4.824558165895696e-06,4.824558165895696e-06
13,IBUPROFENO TABX800,2026-07-19,0.0,-4.824558165895696e-06,2025-12-28,29,4.824558165895696e-06,4.824558165895696e-06
13,METFORMINA 850MG,2026-01-11,0.0,0.05881880109762197,2025-12-28,2,-0.05881880109762197,0.05881880109762197
13,METFORMINA 850MG,2026-01-18,0.0,0.05881880109762197,2025-12-28,3,-0.05881880109762197,0.05881880109762197
13,METFORMINA 850MG,2026-01-25,0.0,0.05881880109762197,2025-12-28,4,-0.05881880109762197,0.05881880109762197
13,METFORMINA 850MG,2026-02-01,0.0,0.05881880109762197,2025-12-28,5,-0.05881880109762197,0.05881880109762197
13,METFORMINA 850MG,2026-02-08,0.0,0.05881880109762197,2025-12-28,6,-0.05881880109762197,0.05881880109762197
13,METFORMINA 850MG,2026-02-15,0.0,0.05881880109762197,2025-12-28,7,-0.05881880109762197,0.05881880109762197
13,METFORMINA 850MG,2026-02-22,0.0,0.05881880109762197,2025-12-28,8,-0.05881880109762197,0.05881880109762197
13,METFORMINA 850MG,2026-03-01,0.0,0.05881880109762197,2025-12-28,9,-0.05881880109762197,0.05881880109762197
13,METFORMINA 850MG,2026-03-08,0.0,0.05881880109762197,2025-12-28,10,-0.05881880109762197,0.05881880109762197
13,METFORMINA 850MG,2026-03-15,0.0,0.05881880109762197,2025-12-28,11,-0.05881880109762197,0.05881880109762197
13,METFORMINA 850MG,2026-03-22,0.0,0.05881880109762197,2025-12-28,12,-0.05881880109762197,0.05881880109762197
13,METFORMINA 850MG,2026-03-29,0.0,0.05881880109762197,2025-12-28,13,-0.05881880109762197,0.05881880109762197
13,METFORMINA 850MG,2026-04-05,0.0,0.05881880109762197,2025-12-28,14,-0.05881880109762197,0.05881880109762197
13,METFORMINA 850MG,2026-04-12,0.0,0.05881880109762197,2025-12-28,15,-0.05881880109762197,0.05881880109762197
13,METFORMINA 850MG,2026-04-19,0.0,0.05881880109762197,2025-12-28,16,-0.05881880109762197,0.05881880109762197
13,METFORMINA 850MG,2026-04-26,0.0,0.05881880109762197,2025-12-28,17,-0.05881880109762197,0.05881880109762197
13,METFORMINA 850MG,2026-05-03,0.0,0.05881880109762197,2025-12-28,18,-0.05881880109762197,0.05881880109762197
13,METFORMINA 850MG,2026-05-10,1.0,0.05881880109762197,2025-12-28,19,0.9411811989023781,0.9411811989023781
13,METFORMINA 850MG,2026-05-17,0.0,0.05881880109762197,2025-12-28,20,-0.05881880109762197,0.05881880109762197
13,METFORMINA 850MG,2026-05-24,0.0,0.05881880109762197,2025-12-28,21,-0.05881880109762197,0.05881880109762197
13,METFORMINA 850MG,2026-05-31,0.0,0.05881880109762197,2025-12-28,22,-0.05881880109762197,0.05881880109762197
13,METFORMINA 850MG,2026-06-07,1.0,0.05881880109762197,2025-12-28,23,0.9411811989023781,0.9411811989023781
13,METFORMINA 850MG,2026-06-14,0.0,0.05881880109762197,2025-12-28,24,-0.05881880109762197,0.05881880109762197
13,METFORMINA 850MG,2026-06-21,0.0,0.05881880109762197,2025-12-28,25,-0.05881880109762197,0.05881880109762197
13,METFORMINA 850MG,2026-06-28,0.0,0.05881880109762197,2025-12-28,26,-0.05881880109762197,0.05881880109762197
13,METFORMINA 850MG,2026-07-05,0.0,0.05881880109762197,2025-12-28,27,-0.05881880109762197,0.05881880109762197
13,METFORMINA 850MG,2026-07-12,0.0,0.05881880109762197,2025-12-28,28,-0.05881880109762197,0.05881880109762197
13,METFORMINA 850MG,2026-07-19,0.0,0.05881880109762197,2025-12-28,29,-0.05881880109762197,0.05881880109762197
13,METFORMINA 850MG,2026-07-26,0.0,0.05881880109762197,2025-12-28,30,-0.05881880109762197,0.05881880109762197
13,OMEPRAZOL 20MG,2026-01-11,0.0,0.014280841554423556,2025-12-28,2,-0.014280841554423556,0.014280841554423556
13,OMEPRAZOL 20MG,2026-01-18,0.0,0.014280841554423556,2025-12-28,3,-0.014280841554423556,0.014280841554423556
13,OMEPRAZOL 20MG,2026-01-25,0.0,0.014280841554423556,2025-12-28,4,-0.014280841554423556,0.014280841554423556
13,OMEPRAZOL 20MG,2026-02-01,0.0,0.014280841554423556,2025-12-28,5,-0.014280841554423556,0.014280841554423556
13,OMEPRAZOL 20MG,2026-02-08,0.0,0.014280841554423556,2025-12-28,6,-0.014280841554423556,0.014280841554423556
13,OMEPRAZOL 20MG,2026-02-15,0.0,0.014280841554423556,2025-12-28,7,-0.014280841554423556,0.014280841554423556
13,OMEPRAZOL 20MG,2026-02-22,0.0,0.014280841554423556,2025-12-28,8,-0.014280841554423556,0.014280841554423556
13,OMEPRAZOL 20MG,2026-03-01,0.0,0.014280841554423556,2025-12-28,9,-0.014280841554423556,0.014280841554423556
13,OMEPRAZOL 20MG,2026-03-08,0.0,0.014280841554423556,2025-12-28,10,-0.014280841554423556,0.014280841554423556
13,OMEPRAZOL 20MG,2026-03-15,0.0,0.014280841554423556,2025-12-28,11,-0.014280841554423556,0.014280841554423556
13,OMEPRAZOL 20MG,2026-03-22,0.0,0.014280841554423556,2025-12-28,12,-0.014280841554423556,0.014280841554423556
13,OMEPRAZOL 20MG,2026-03-29,0.0,0.014280841554423556,2025-12-28,13,-0.014280841554423556,0.014280841554423556
13,OMEPRAZOL 20MG,2026-04-05,0.0,0.014280841554423556,2025-12-28,14,-0.014280841554423556,0.014280841554423556
13,VITAMINA C+ZINC+D3,2026-01-11,0.0,0.43242746692942363,2025-12-28,2,-0.43242746692942363,0.43242746692942363
13,VITAMINA C+ZINC+D3,2026-01-18,0.0,0.43242746692942363,2025-12-28,3,-0.43242746692942363,0.43242746692942363
13,VITAMINA C+ZINC+D3,2026-01-25,0.0,0.43242746692942363,2025-12-28,4,-0.43242746692942363,0.43242746692942363
13,VITAMINA C+ZINC+D3,2026-02-01,0.0,0.43242746692942363,2025-12-28,5,-0.43242746692942363,0.43242746692942363
13,VITAMINA C+ZINC+D3,2026-02-08,2.0,0.43242746692942363,2025-12-28,6,1.5675725330705763,1.5675725330705763
13,VITAMINA C+ZINC+D3,2026-02-15,0.0,0.43242746692942363,2025-12-28,7,-0.43242746692942363,0.43242746692942363
13,VITAMINA C+ZINC+D3,2026-02-22,0.0,0.43242746692942363,2025-12-28,8,-0.43242746692942363,0.43242746692942363
13,VITAMINA C+ZINC+D3,2026-03-01,0.0,0.43242746692942363,2025-12-28,9,-0.43242746692942363,0.43242746692942363
13,VITAMINA C+ZINC+D3,2026-03-08,0.0,0.43242746692942363,2025-12-28,10,-0.43242746692942363,0.43242746692942363
13,VITAMINA C+ZINC+D3,2026-03-15,0.0,0.43242746692942363,2025-12-28,11,-0.43242746692942363,0.43242746692942363
13,VITAMINA C+ZINC+D3,2026-03-22,2.0,0.43242746692942363,2025-12-28,12,1.5675725330705763,1.5675725330705763
13,VITAMINA C+ZINC+D3,2026-03-29,0.0,0.43242746692942363,2025-12-28,13,-0.43242746692942363,0.43242746692942363
13,VITAMINA C+ZINC+D3,2026-04-05,0.0,0.43242746692942363,2025-12-28,14,-0.43242746692942363,0.43242746692942363
13,VITAMINA C+ZINC+D3,2026-04-12,0.0,0.43242746692942363,2025-12-28,15,-0.43242746692942363,0.43242746692942363
13,VITAMINA C+ZINC+D3,2026-04-19,1.0,0.43242746692942363,2025-12-28,16,0.5675725330705763,0.5675725330705763
13,VITAMINA C+ZINC+D3,2026-04-26,0.0,0.43242746692942363,2025-12-28,17,-0.43242746692942363,0.43242746692942363
13,VITAMINA C+ZINC+D3,2026-05-03,2.0,0.43242746692942363,2025-12-28,18,1.5675725330705763,1.5675725330705763
13,VITAMINA C+ZINC+D3,2026-05-10,0.0,0.43242746692942363,2025-12-28,19,-0.43242746692942363,0.43242746692942363
13,VITAMINA C+ZINC+D3,2026-05-17,2.0,0.43242746692942363,2025-12-28,20,1.5675725330705763,1.5675725330705763
13,VITAMINA C+ZINC+D3,2026-05-24,2.0,0.43242746692942363,2025-12-28,21,1.5675725330705763,1.5675725330705763
13,VITAMINA C+ZINC+D3,2026-05-31,2.0,0.43242746692942363,2025-12-28,22,1.5675725330705763,1.5675725330705763
13,VITAMINA C+ZINC+D3,2026-06-07,1.0,0.43242746692942363,2025-12-28,23,0.5675725330705763,0.5675725330705763
14,AZITROMICINA 500MG,2026-01-11,0.0,-4.824558165895736e-06,2025-12-28,2,4.824558165895736e-06,4.824558165895736e-06
14,AZITROMICINA 500MG,2026-01-18,0.0,-4.824558165895736e-06,2025-12-28,3,4.824558165895736e-06,4.824558165895736e-06
14,AZITROMICINA 500MG,2026-01-25,0.0,-4.824558165895736e-06,2025-12-28,4,4.824558165895736e-06,4.824558165895736e-06
14,AZITROMICINA 500MG,2026-02-01,0.0,-4.824558165895736e-06,2025-12-28,5,4.824558165895736e-06,4.824558165895736e-06
14,AZITROMICINA 500MG,2026-02-08,0.0,-4.824558165895736e-06,2025-12-28,6,4.824558165895736e-06,4.824558165895736e-06
14,AZITROMICINA 500MG,2026-02-15,0.0,-4.824558165895736e-06,2025-12-28,7,4.824558165895736e-06,4.824558165895736e-06
14,AZITROMICINA 500MG,2026-02-22,0.0,-4.824558165895736e-06,2025-12-28,8,4.824558165895736e-06,4.824558165895736e-06
14,AZITROMICINA 500MG,2026-03-01,0.0,-4.824558165895736e-06,2025-12-28,9,4.824558165895736e-06,4.824558165895736e-06
14,AZITROMICINA 500MG,2026-03-08,0.0,-4.824558165895736e-06,2025-12-28,10,4.824558165895736e-06,4.824558165895736e-06
14,AZITROMICINA 500MG,2026-03-15,0.0,-4.824558165895736e-06,2025-12-28,11,4.824558165895736e-06,4.824558165895736e-06
14,AZITROMICINA 500MG,2026-03-22,0.0,-4.824558165895736e-06,2025-12-28,12,4.824558165895736e-06,4.824558165895736e-06
14,AZITROMICINA 500MG,2026-03-29,0.0,-4.824558165895736e-06,2025-12-28,13,4.824558165895736e-06,4.824558165895736e-06
14,AZITROMICINA 500MG,2026-04-05,0.0,-4.824558165895736e-06,2025-12-28,14,4.824558165895736e-06,4.824558165895736e-06
14,AZITROMICINA 500MG,2026-04-12,0.0,-4.824558165895736e-06,2025-12-28,15,4.824558165895736e-06,4.824558165895736e-06
14,AZITROMICINA 500MG,2026-04-19,0.0,-4.824558165895736e-06,2025-12-28,16,4.824558165895736e-06,4.824558165895736e-06
14,AZITROMICINA 500MG,2026-04-26,0.0,-4.824558165895736e-06,2025-12-28,17,4.824558165895736e-06,4.824558165895736e-06
14,AZITROMICINA 500MG,2026-05-03,0.0,-4.824558165895736e-06,2025-12-28,18,4.824558165895736e-06,4.824558165895736e-06
14,AZITROMICINA 500MG,2026-05-10,0.0,-4.824558165895736e-06,2025-12-28,19,4.824558165895736e-06,4.824558165895736e-06
14,AZITROMICINA 500MG,2026-05-17,0.0,-4.824558165895736e-06,2025-12-28,20,4.824558165895736e-06,4.824558165895736e-06
14,AZITROMICINA 500MG,2026-05-24,0.0,-4.824558165895736e-06,2025-12-28,21,4.824558165895736e-06,4.824558165895736e-06
14,AZITROMICINA 500MG,2026-05-31,0.0,-4.824558165895736e-06,2025-12-28,22,4.824558165895736e-06,4.824558165895736e-06
14,AZITROMICINA 500MG,2026-06-07,0.0,-4.824558165895736e-06,2025-12-28,23,4.824558165895736e-06,4.824558165895736e-06
14,AZITROMICINA 500MG,2026-06-14,0.0,-4.824558165895736e-06,2025-12-28,24,4.824558165895736e-06,4.824558165895736e-06
14,AZITROMICINA 500MG,2026-06-21,0.0,-4.824558165895736e-06,2025-12-28,25,4.824558165895736e-06,4.824558165895736e-06
14,AZITROMICINA 500MG,2026-06-28,0.0,-4.824558165895736e-06,2025-12-28,26,4.824558165895736e-06,4.824558165895736e-06
14,AZITROMICINA 500MG,2026-07-05,0.0,-4.824558165895736e-06,2025-12-28,27,4.824558165895736e-06,4.824558165895736e-06
14,DIMENHIDRINATO 50MG,2026-01-11,0.0,-4.824558165895695e-06,2025-12-28,2,4.824558165895695e-06,4.824558165895695e-06
14,DIMENHIDRINATO 50MG,2026-01-18,0.0,-4.824558165895695e-06,2025-12-28,3,4.824558165895695e-06,4.824558165895695e-06
14,DIMENHIDRINATO 50MG,2026-01-25,0.0,-4.824558165895695e-06,2025-12-28,4,4.824558165895695e-06,4.824558165895695e-06
14,DIMENHIDRINATO 50MG,2026-02-01,0.0,-4.824558165895695e-06,2025-12-28,5,4.824558165895695e-06,4.824558165895695e-06
14,DIMENHIDRINATO 50MG,2026-02-08,0.0,-4.824558165895695e-06,2025-12-28,6,4.824558165895695e-06,4.824558165895695e-06
14,DIMENHIDRINATO 50MG,2026-02-15,0.0,-4.824558165895695e-06,2025-12-28,7,4.824558165895695e-06,4.824558165895695e-06
14,DIMENHIDRINATO 50MG,2026-02-22,0.0,-4.824558165895695e-06,2025-12-28,8,4.824558165895695e-06,4.824558165895695e-06
14,DIMENHIDRINATO 50MG,2026-03-01,0.0,-4.824558165895695e-06,2025-12-28,9,4.824558165895695e-06,4.824558165895695e-06
14,DIMENHIDRINATO 50MG,2026-03-08,0.0,-4.824558165895695e-06,2025-12-28,10,4.824558165895695e-06,4.824558165895695e-06
14,DIMENHIDRINATO 50MG,2026-03-15,0.0,-4.824558165895695e-06,2025-12-28,11,4.824558165895695e-06,4.824558165895695e-06
14,DIMENHIDRINATO 50MG,2026-03-22,0.0,-4.824558165895695e-06,2025-12-28,12,4.824558165895695e-06,4.824558165895695e-06
14,DIMENHIDRINATO 50MG,2026-03-29,0.0,-4.824558165895695e-06,2025-12-28,13,4.824558165895695e-06,4.824558165895695e-06
14,DIMENHIDRINATO 50MG,2026-04-05,0.0,-4.824558165895695e-06,2025-12-28,14,4.824558165895695e-06,4.824558165895695e-06
14,DIMENHIDRINATO 50MG,2026-04-12,0.0,-4.824558165895695e-06,2025-12-28,15,4.824558165895695e-06,4.824558165895695e-06
14,DIMENHIDRINATO 50MG,2026-04-19,0.0,-4.824558165895695e-06,2025-12-28,16,4.824558165895695e-06,4.824558165895695e-06
14,DIMENHIDRINATO 50MG,2026-04-26,0.0,-4.824558165895695e-06,2025-12-28,17,4.824558165895695e-06,4.824558165895695e-06
14,DIMENHIDRINATO 50MG,2026-05-03,0.0,-4.824558165895695e-06,2025-12-28,18,4.824558165895695e-06,4.824558165895695e-06
14,DIMENHIDRINATO 50MG,2026-05-10,0.0,-4.824558165895695e-06,2025-12-28,19,4.824558165895695e-06,4.824558165895695e-06
14,DIMENHIDRINATO 50MG,2026-05-17,0.0,-4.824558165895695e-06,2025-12-28,20,4.824558165895695e-06,4.824558165895695e-06
14,DIMENHIDRINATO 50MG,2026-05-24,0.0,-4.824558165895695e-06,2025-12-28,21,4.824558165895695e-06,4.824558165895695e-06
14,DIMENHIDRINATO 50MG,2026-05-31,0.0,-4.824558165895695e-06,2025-12-28,22,4.824558165895695e-06,4.824558165895695e-06
14,DIMENHIDRINATO 50MG,2026-06-07,0.0,-4.824558165895695e-06,2025-12-28,23,4.824558165895695e-06,4.824558165895695e-06
14,DIMENHIDRINATO 50MG,2026-06-14,0.0,-4.824558165895695e-06,2025-12-28,24,4.824558165895695e-06,4.824558165895695e-06
14,DIMENHIDRINATO 50MG,2026-06-21,0.0,-4.824558165895695e-06,2025-12-28,25,4.824558165895695e-06,4.824558165895695e-06
14,DIMENHIDRINATO 50MG,2026-06-28,0.0,-4.824558165895695e-06,2025-12-28,26,4.824558165895695e-06,4.824558165895695e-06
14,DIMENHIDRINATO 50MG,2026-07-05,0.0,-4.824558165895695e-06,2025-12-28,27,4.824558165895695e-06,4.824558165895695e-06
14,DIMENHIDRINATO 50MG,2026-07-12,0.0,-4.824558165895695e-06,2025-12-28,28,4.824558165895695e-06,4.824558165895695e-06
14,DIMENHIDRINATO 50MG,2026-07-19,0.0,-4.824558165895695e-06,2025-12-28,29,4.824558165895695e-06,4.824558165895695e-06
14,DIMENHIDRINATO 50MG,2026-07-26,0.0,-4.824558165895695e-06,2025-12-28,30,4.824558165895695e-06,4.824558165895695e-06
14,DIMENHIDRINATO 50MG,2026-08-02,0.0,-4.824558165895695e-06,2025-12-28,31,4.824558165895695e-06,4.824558165895695e-06
14,ENALAPRIL 10MG,2026-01-11,0.0,0.0819672086507992,2025-12-28,2,-0.0819672086507992,0.0819672086507992
14,ENALAPRIL 10MG,2026-01-18,0.0,0.0819672086507992,2025-12-28,3,-0.0819672086507992,0.0819672086507992
14,ENALAPRIL 10MG,2026-01-25,0.0,0.0819672086507992,2025-12-28,4,-0.0819672086507992,0.0819672086507992
14,ENALAPRIL 10MG,2026-02-01,0.0,0.0819672086507992,2025-12-28,5,-0.0819672086507992,0.0819672086507992
14,ENALAPRIL 10MG,2026-02-08,0.0,0.0819672086507992,2025-12-28,6,-0.0819672086507992,0.0819672086507992
14,ENALAPRIL 10MG,2026-02-15,0.0,0.0819672086507992,2025-12-28,7,-0.0819672086507992,0.0819672086507992
14,ENALAPRIL 10MG,2026-02-22,0.0,0.0819672086507992,2025-12-28,8,-0.0819672086507992,0.0819672086507992
14,ENALAPRIL 10MG,2026-03-01,0.0,0.0819672086507992,2025-12-28,9,-0.0819672086507992,0.0819672086507992
14,ENALAPRIL 10MG,2026-03-08,0.0,0.0819672086507992,2025-12-28,10,-0.0819672086507992,0.0819672086507992
14,ENALAPRIL 10MG,2026-03-15,0.0,0.0819672086507992,2025-12-28,11,-0.0819672086507992,0.0819672086507992
14,ENALAPRIL 10MG,2026-03-22,0.0,0.0819672086507992,2025-12-28,12,-0.0819672086507992,0.0819672086507992
14,ENALAPRIL 10MG,2026-03-29,0.0,0.0819672086507992,2025-12-28,13,-0.0819672086507992,0.0819672086507992
14,ENALAPRIL 10MG,2026-04-05,1.0,0.0819672086507992,2025-12-28,14,0.9180327913492008,0.9180327913492008
14,ENALAPRIL 10MG,2026-04-12,0.0,0.0819672086507992,2025-12-28,15,-0.0819672086507992,0.0819672086507992
14,ENALAPRIL 10MG,2026-04-19,0.0,0.0819672086507992,2025-12-28,16,-0.0819672086507992,0.0819672086507992
14,ENALAPRIL 10MG,2026-04-26,1.0,0.0819672086507992,2025-12-28,17,0.9180327913492008,0.9180327913492008
14,ENALAPRIL 10MG,2026-05-03,0.0,0.0819672086507992,2025-12-28,18,-0.0819672086507992,0.0819672086507992
14,ENALAPRIL 10MG,2026-05-10,0.0,0.0819672086507992,2025-12-28,19,-0.0819672086507992,0.0819672086507992
14,ENALAPRIL 10MG,2026-05-17,0.0,0.0819672086507992,2025-12-28,20,-0.0819672086507992,0.0819672086507992
14,ENALAPRIL 10MG,2026-05-24,0.0,0.0819672086507992,2025-12-28,21,-0.0819672086507992,0.0819672086507992
14,ENALAPRIL 10MG,2026-05-31,0.0,0.0819672086507992,2025-12-28,22,-0.0819672086507992,0.0819672086507992
14,ENALAPRIL 10MG,2026-06-07,0.0,0.0819672086507992,2025-12-28,23,-0.0819672086507992,0.0819672086507992
14,ENALAPRIL 10MG,2026-06-14,0.0,0.0819672086507992,2025-12-28,24,-0.0819672086507992,0.0819672086507992
14,ENALAPRIL 10MG,2026-06-21,0.0,0.0819672086507992,2025-12-28,25,-0.0819672086507992,0.0819672086507992
14,ENALAPRIL 10MG,2026-06-28,0.0,0.0819672086507992,2025-12-28,26,-0.0819672086507992,0.0819672086507992
14,ENALAPRIL 10MG,2026-07-05,0.0,0.0819672086507992,2025-12-28,27,-0.0819672086507992,0.0819672086507992
14,ENALAPRIL 10MG,2026-07-12,0.0,0.0819672086507992,2025-12-28,28,-0.0819672086507992,0.0819672086507992
14,ENALAPRIL 10MG,2026-07-19,0.0,0.0819672086507992,2025-12-28,29,-0.0819672086507992,0.0819672086507992
14,ENALAPRIL 10MG,2026-07-26,0.0,0.0819672086507992,2025-12-28,30,-0.0819672086507992,0.0819672086507992
14,ENALAPRIL 10MG,2026-08-02,0.0,0.0819672086507992,2025-12-28,31,-0.0819672086507992,0.0819672086507992
14,IBUPROFENO TABX800,2026-01-11,0.0,-4.824558165895675e-06,2025-12-28,2,4.824558165895675e-06,4.824558165895675e-06
14,IBUPROFENO TABX800,2026-01-18,0.0,-4.824558165895675e-06,2025-12-28,3,4.824558165895675e-06,4.824558165895675e-06
14,IBUPROFENO TABX800,2026-01-25,0.0,-4.824558165895675e-06,2025-12-28,4,4.824558165895675e-06,4.824558165895675e-06
14,IBUPROFENO TABX800,2026-02-01,0.0,-4.824558165895675e-06,2025-12-28,5,4.824558165895675e-06,4.824558165895675e-06
14,IBUPROFENO TABX800,2026-02-08,0.0,-4.824558165895675e-06,2025-12-28,6,4.824558165895675e-06,4.824558165895675e-06
14,IBUPROFENO TABX800,2026-02-15,0.0,-4.824558165895675e-06,2025-12-28,7,4.824558165895675e-06,4.824558165895675e-06
14,IBUPROFENO TABX800,2026-02-22,0.0,-4.824558165895675e-06,2025-12-28,8,4.824558165895675e-06,4.824558165895675e-06
14,IBUPROFENO TABX800,2026-03-01,0.0,-4.824558165895675e-06,2025-12-28,9,4.824558165895675e-06,4.824558165895675e-06
14,IBUPROFENO TABX800,2026-03-08,0.0,-4.824558165895675e-06,2025-12-28,10,4.824558165895675e-06,4.824558165895675e-06
14,IBUPROFENO TABX800,2026-03-15,0.0,-4.824558165895675e-06,2025-12-28,11,4.824558165895675e-06,4.824558165895675e-06
14,IBUPROFENO TABX800,2026-03-22,0.0,-4.824558165895675e-06,2025-12-28,12,4.824558165895675e-06,4.824558165895675e-06
14,IBUPROFENO TABX800,2026-03-29,0.0,-4.824558165895675e-06,2025-12-28,13,4.824558165895675e-06,4.824558165895675e-06
14,IBUPROFENO TABX800,2026-04-05,0.0,-4.824558165895675e-06,2025-12-28,14,4.824558165895675e-06,4.824558165895675e-06
14,IBUPROFENO TABX800,2026-04-12,0.0,-4.824558165895675e-06,2025-12-28,15,4.824558165895675e-06,4.824558165895675e-06
14,IBUPROFENO TABX800,2026-04-19,0.0,-4.824558165895675e-06,2025-12-28,16,4.824558165895675e-06,4.824558165895675e-06
14,IBUPROFENO TABX800,2026-04-26,0.0,-4.824558165895675e-06,2025-12-28,17,4.824558165895675e-06,4.824558165895675e-06
14,IBUPROFENO TABX800,2026-05-03,0.0,-4.824558165895675e-06,2025-12-28,18,4.824558165895675e-06,4.824558165895675e-06
14,IBUPROFENO TABX800,2026-05-10,0.0,-4.824558165895675e-06,2025-12-28,19,4.824558165895675e-06,4.824558165895675e-06
14,IBUPROFENO TABX800,2026-05-17,0.0,-4.824558165895675e-06,2025-12-28,20,4.824558165895675e-06,4.824558165895675e-06
14,IBUPROFENO TABX800,2026-05-24,0.0,-4.824558165895675e-06,2025-12-28,21,4.824558165895675e-06,4.824558165895675e-06
14,IBUPROFENO TABX800,2026-05-31,0.0,-4.824558165895675e-06,2025-12-28,22,4.824558165895675e-06,4.824558165895675e-06
14,IBUPROFENO TABX800,2026-06-07,0.0,-4.824558165895675e-06,2025-12-28,23,4.824558165895675e-06,4.824558165895675e-06
14,IBUPROFENO TABX800,2026-06-14,0.0,-4.824558165895675e-06,2025-12-28,24,4.824558165895675e-06,4.824558165895675e-06
14,IBUPROFENO TABX800,2026-06-21,0.0,-4.824558165895675e-06,2025-12-28,25,4.824558165895675e-06,4.824558165895675e-06
14,IBUPROFENO TABX800,2026-06-28,0.0,-4.824558165895675e-06,2025-12-28,26,4.824558165895675e-06,4.824558165895675e-06
14,IBUPROFENO TABX800,2026-07-05,0.0,-4.824558165895675e-06,2025-12-28,27,4.824558165895675e-06,4.824558165895675e-06
14,IBUPROFENO TABX800,2026-07-12,0.0,-4.824558165895675e-06,2025-12-28,28,4.824558165895675e-06,4.824558165895675e-06
14,IBUPROFENO TABX800,2026-07-19,0.0,-4.824558165895675e-06,2025-12-28,29,4.824558165895675e-06,4.824558165895675e-06
14,IBUPROFENO TABX800,2026-07-26,0.0,-4.824558165895675e-06,2025-12-28,30,4.824558165895675e-06,4.824558165895675e-06
14,IBUPROFENO TABX800,2026-08-02,0.0,-4.824558165895675e-06,2025-12-28,31,4.824558165895675e-06,4.824558165895675e-06
14,METFORMINA 850MG,2026-01-11,0.0,0.36065071798173054,2025-12-28,2,-0.36065071798173054,0.36065071798173054
14,METFORMINA 850MG,2026-01-18,0.0,0.36065071798173054,2025-12-28,3,-0.36065071798173054,0.36065071798173054
14,METFORMINA 850MG,2026-01-25,0.0,0.36065071798173054,2025-12-28,4,-0.36065071798173054,0.36065071798173054
14,METFORMINA 850MG,2026-02-01,0.0,0.36065071798173054,2025-12-28,5,-0.36065071798173054,0.36065071798173054
14,METFORMINA 850MG,2026-02-08,0.0,0.36065071798173054,2025-12-28,6,-0.36065071798173054,0.36065071798173054
14,METFORMINA 850MG,2026-02-15,0.0,0.36065071798173054,2025-12-28,7,-0.36065071798173054,0.36065071798173054
14,METFORMINA 850MG,2026-02-22,0.0,0.36065071798173054,2025-12-28,8,-0.36065071798173054,0.36065071798173054
14,METFORMINA 850MG,2026-03-01,0.0,0.36065071798173054,2025-12-28,9,-0.36065071798173054,0.36065071798173054
14,METFORMINA 850MG,2026-03-08,0.0,0.36065071798173054,2025-12-28,10,-0.36065071798173054,0.36065071798173054
14,METFORMINA 850MG,2026-03-15,0.0,0.36065071798173054,2025-12-28,11,-0.36065071798173054,0.36065071798173054
14,METFORMINA 850MG,2026-03-22,0.0,0.36065071798173054,2025-12-28,12,-0.36065071798173054,0.36065071798173054
14,METFORMINA 850MG,2026-03-29,0.0,0.36065071798173054,2025-12-28,13,-0.36065071798173054,0.36065071798173054
14,METFORMINA 850MG,2026-04-05,0.0,0.36065071798173054,2025-12-28,14,-0.36065071798173054,0.36065071798173054
14,METFORMINA 850MG,2026-04-12,0.0,0.36065071798173054,2025-12-28,15,-0.36065071798173054,0.36065071798173054
14,METFORMINA 850MG,2026-04-19,0.0,0.36065071798173054,2025-12-28,16,-0.36065071798173054,0.36065071798173054
14,METFORMINA 850MG,2026-04-26,0.0,0.36065071798173054,2025-12-28,17,-0.36065071798173054,0.36065071798173054
14,METFORMINA 850MG,2026-05-03,0.0,0.36065071798173054,2025-12-28,18,-0.36065071798173054,0.36065071798173054
14,METFORMINA 850MG,2026-05-10,0.0,0.36065071798173054,2025-12-28,19,-0.36065071798173054,0.36065071798173054
14,METFORMINA 850MG,2026-05-17,0.0,0.36065071798173054,2025-12-28,20,-0.36065071798173054,0.36065071798173054
14,METFORMINA 850MG,2026-05-24,0.0,0.36065071798173054,2025-12-28,21,-0.36065071798173054,0.36065071798173054
14,METFORMINA 850MG,2026-05-31,0.0,0.36065071798173054,2025-12-28,22,-0.36065071798173054,0.36065071798173054
14,METFORMINA 850MG,2026-06-07,0.0,0.36065071798173054,2025-12-28,23,-0.36065071798173054,0.36065071798173054
14,METFORMINA 850MG,2026-06-14,0.0,0.36065071798173054,2025-12-28,24,-0.36065071798173054,0.36065071798173054
14,METFORMINA 850MG,2026-06-21,0.0,0.36065071798173054,2025-12-28,25,-0.36065071798173054,0.36065071798173054
14,METFORMINA 850MG,2026-06-28,0.0,0.36065071798173054,2025-12-28,26,-0.36065071798173054,0.36065071798173054
14,METFORMINA 850MG,2026-07-05,0.0,0.36065071798173054,2025-12-28,27,-0.36065071798173054,0.36065071798173054
14,METFORMINA 850MG,2026-07-12,0.0,0.36065071798173054,2025-12-28,28,-0.36065071798173054,0.36065071798173054
14,VITAMINA C+ZINC+D3,2026-01-11,2.0,0.9876215712282133,2025-12-28,2,1.0123784287717867,1.0123784287717867
14,VITAMINA C+ZINC+D3,2026-01-18,0.0,0.9946359702718766,2025-12-28,3,-0.9946359702718766,0.9946359702718766
14,VITAMINA C+ZINC+D3,2026-01-25,1.0,0.9180868216961121,2025-12-28,4,0.08191317830388789,0.08191317830388789
14,VITAMINA C+ZINC+D3,2026-02-01,1.0,0.8721145933884176,2025-12-28,5,0.12788540661158243,0.12788540661158243
14,VITAMINA C+ZINC+D3,2026-02-08,1.0,0.8445055890441954,2025-12-28,6,0.15549441095580463,0.15549441095580463
14,VITAMINA C+ZINC+D3,2026-02-15,8.0,0.8279247716912176,2025-12-28,7,7.172075228308782,7.172075228308782
14,VITAMINA C+ZINC+D3,2026-02-22,5.0,0.8179670238251543,2025-12-28,8,4.182032976174845,4.182032976174845
14,VITAMINA C+ZINC+D3,2026-03-01,3.0,0.8119868154642993,2025-12-28,9,2.1880131845357007,2.1880131845357007
14,VITAMINA C+ZINC+D3,2026-03-08,0.0,0.8083953515589796,2025-12-28,10,-0.8083953515589796,0.8083953515589796
14,VITAMINA C+ZINC+D3,2026-03-15,0.0,0.8062384680183249,2025-12-28,11,-0.8062384680183249,0.8062384680183249
14,VITAMINA C+ZINC+D3,2026-03-22,0.0,0.8049431336559061,2025-12-28,12,-0.8049431336559061,0.8049431336559061
14,VITAMINA C+ZINC+D3,2026-03-29,0.0,0.8041652098232853,2025-12-28,13,-0.8041652098232853,0.8041652098232853
14,VITAMINA C+ZINC+D3,2026-04-05,1.0,0.8036980211908233,2025-12-28,14,0.19630197880917666,0.19630197880917666
14,VITAMINA C+ZINC+D3,2026-04-12,4.0,0.8034174471691143,2025-12-28,15,3.1965825528308858,3.1965825528308858
14,VITAMINA C+ZINC+D3,2026-04-19,1.0,0.8032489461051155,2025-12-28,16,0.19675105389488445,0.19675105389488445
14,VITAMINA C+ZINC+D3,2026-04-26,0.0,0.8031477513886705,2025-12-28,17,-0.8031477513886705,0.8031477513886705
14,VITAMINA C+ZINC+D3,2026-05-03,2.0,0.80308697805945,2025-12-28,18,1.1969130219405502,1.1969130219405502
14,VITAMINA C+ZINC+D3,2026-05-10,3.0,0.8030504801307606,2025-12-28,19,2.1969495198692393,2.1969495198692393
14,VITAMINA C+ZINC+D3,2026-05-17,1.0,0.8030285609959082,2025-12-28,20,0.19697143900409175,0.19697143900409175
14,VITAMINA C+ZINC+D3,2026-05-24,0.0,0.8030153972770363,2025-12-28,21,-0.8030153972770363,0.8030153972770363
14,VITAMINA C+ZINC+D3,2026-05-31,0.0,0.8030074916961041,2025-12-28,22,-0.8030074916961041,0.8030074916961041
14,VITAMINA C+ZINC+D3,2026-06-07,1.0,0.8030027439336759,2025-12-28,23,0.19699725606632412,0.19699725606632412
14,VITAMINA C+ZINC+D3,2026-06-14,1.0,0.8029998926254333,2025-12-28,24,0.19700010737456675,0.19700010737456675
14,VITAMINA C+ZINC+D3,2026-06-21,0.0,0.8029981802485362,2025-12-28,25,-0.8029981802485362,0.8029981802485362
14,VITAMINA C+ZINC+D3,2026-06-28,0.0,0.8029971518663384,2025-12-28,26,-0.8029971518663384,0.8029971518663384
14,VITAMINA C+ZINC+D3,2026-07-05,3.0,0.80299653426285,2025-12-28,27,2.1970034657371498,2.1970034657371498
14,VITAMINA C+ZINC+D3,2026-07-12,0.0,0.8029961633559347,2025-12-28,28,-0.8029961633559347,0.8029961633559347
14,VITAMINA C+ZINC+D3,2026-07-19,0.0,0.8029959406046996,2025-12-28,29,-0.8029959406046996,0.8029959406046996
14,VITAMINA C+ZINC+D3,2026-07-26,1.0,0.8029958068295914,2025-12-28,30,0.19700419317040863,0.19700419317040863
15,AMOXICILINA 500MG,2026-01-11,0.0,-4.824558165895704e-06,2025-12-28,2,4.824558165895704e-06,4.824558165895704e-06
15,AMOXICILINA 500MG,2026-01-18,0.0,-4.824558165895704e-06,2025-12-28,3,4.824558165895704e-06,4.824558165895704e-06
15,AMOXICILINA 500MG,2026-01-25,0.0,-4.824558165895704e-06,2025-12-28,4,4.824558165895704e-06,4.824558165895704e-06
15,AMOXICILINA 500MG,2026-02-01,0.0,-4.824558165895704e-06,2025-12-28,5,4.824558165895704e-06,4.824558165895704e-06
15,AMOXICILINA 500MG,2026-02-08,0.0,-4.824558165895704e-06,2025-12-28,6,4.824558165895704e-06,4.824558165895704e-06
15,AMOXICILINA 500MG,2026-02-15,0.0,-4.824558165895704e-06,2025-12-28,7,4.824558165895704e-06,4.824558165895704e-06
15,AMOXICILINA 500MG,2026-02-22,0.0,-4.824558165895704e-06,2025-12-28,8,4.824558165895704e-06,4.824558165895704e-06
15,AMOXICILINA 500MG,2026-03-01,0.0,-4.824558165895704e-06,2025-12-28,9,4.824558165895704e-06,4.824558165895704e-06
15,AMOXICILINA 500MG,2026-03-08,0.0,-4.824558165895704e-06,2025-12-28,10,4.824558165895704e-06,4.824558165895704e-06
15,AMOXICILINA 500MG,2026-03-15,0.0,-4.824558165895704e-06,2025-12-28,11,4.824558165895704e-06,4.824558165895704e-06
15,AMOXICILINA 500MG,2026-03-22,0.0,-4.824558165895704e-06,2025-12-28,12,4.824558165895704e-06,4.824558165895704e-06
15,AMOXICILINA 500MG,2026-03-29,0.0,-4.824558165895704e-06,2025-12-28,13,4.824558165895704e-06,4.824558165895704e-06
15,AMOXICILINA 500MG,2026-04-05,0.0,-4.824558165895704e-06,2025-12-28,14,4.824558165895704e-06,4.824558165895704e-06
15,AMOXICILINA 500MG,2026-04-12,0.0,-4.824558165895704e-06,2025-12-28,15,4.824558165895704e-06,4.824558165895704e-06
15,AMOXICILINA 500MG,2026-04-19,0.0,-4.824558165895704e-06,2025-12-28,16,4.824558165895704e-06,4.824558165895704e-06
15,AMOXICILINA 500MG,2026-04-26,0.0,-4.824558165895704e-06,2025-12-28,17,4.824558165895704e-06,4.824558165895704e-06
15,AMOXICILINA 500MG,2026-05-03,0.0,-4.824558165895704e-06,2025-12-28,18,4.824558165895704e-06,4.824558165895704e-06
15,AMOXICILINA 500MG,2026-05-10,0.0,-4.824558165895704e-06,2025-12-28,19,4.824558165895704e-06,4.824558165895704e-06
15,AMOXICILINA 500MG,2026-05-17,0.0,-4.824558165895704e-06,2025-12-28,20,4.824558165895704e-06,4.824558165895704e-06
15,AMOXICILINA 500MG,2026-05-24,0.0,-4.824558165895704e-06,2025-12-28,21,4.824558165895704e-06,4.824558165895704e-06
15,AMOXICILINA 500MG,2026-05-31,0.0,-4.824558165895704e-06,2025-12-28,22,4.824558165895704e-06,4.824558165895704e-06
15,AMOXICILINA 500MG,2026-06-07,0.0,-4.824558165895704e-06,2025-12-28,23,4.824558165895704e-06,4.824558165895704e-06
15,AMOXICILINA 500MG,2026-06-14,0.0,-4.824558165895704e-06,2025-12-28,24,4.824558165895704e-06,4.824558165895704e-06
15,AMOXICILINA 500MG,2026-06-21,0.0,-4.824558165895704e-06,2025-12-28,25,4.824558165895704e-06,4.824558165895704e-06
15,AMOXICILINA 500MG,2026-06-28,0.0,-4.824558165895704e-06,2025-12-28,26,4.824558165895704e-06,4.824558165895704e-06
15,AMOXICILINA 500MG,2026-07-05,0.0,-4.824558165895704e-06,2025-12-28,27,4.824558165895704e-06,4.824558165895704e-06
15,AMOXICILINA 500MG,2026-07-12,0.0,-4.824558165895704e-06,2025-12-28,28,4.824558165895704e-06,4.824558165895704e-06
15,AMOXICILINA 500MG,2026-07-19,0.0,-4.824558165895704e-06,2025-12-28,29,4.824558165895704e-06,4.824558165895704e-06
15,AMOXICILINA 500MG,2026-07-26,0.0,-4.824558165895704e-06,2025-12-28,30,4.824558165895704e-06,4.824558165895704e-06
15,AZITROMICINA 500MG,2026-01-11,0.0,0.0217341925690691,2025-12-28,2,-0.0217341925690691,0.0217341925690691
15,AZITROMICINA 500MG,2026-01-18,0.0,0.0217341925690691,2025-12-28,3,-0.0217341925690691,0.0217341925690691
15,AZITROMICINA 500MG,2026-01-25,0.0,0.0217341925690691,2025-12-28,4,-0.0217341925690691,0.0217341925690691
15,AZITROMICINA 500MG,2026-02-01,0.0,0.0217341925690691,2025-12-28,5,-0.0217341925690691,0.0217341925690691
15,AZITROMICINA 500MG,2026-02-08,0.0,0.0217341925690691,2025-12-28,6,-0.0217341925690691,0.0217341925690691
15,AZITROMICINA 500MG,2026-02-15,0.0,0.0217341925690691,2025-12-28,7,-0.0217341925690691,0.0217341925690691
15,AZITROMICINA 500MG,2026-02-22,0.0,0.0217341925690691,2025-12-28,8,-0.0217341925690691,0.0217341925690691
15,AZITROMICINA 500MG,2026-03-01,0.0,0.0217341925690691,2025-12-28,9,-0.0217341925690691,0.0217341925690691
15,AZITROMICINA 500MG,2026-03-08,0.0,0.0217341925690691,2025-12-28,10,-0.0217341925690691,0.0217341925690691
15,AZITROMICINA 500MG,2026-03-15,0.0,0.0217341925690691,2025-12-28,11,-0.0217341925690691,0.0217341925690691
15,AZITROMICINA 500MG,2026-03-22,0.0,0.0217341925690691,2025-12-28,12,-0.0217341925690691,0.0217341925690691
15,AZITROMICINA 500MG,2026-03-29,0.0,0.0217341925690691,2025-12-28,13,-0.0217341925690691,0.0217341925690691
15,AZITROMICINA 500MG,2026-04-05,0.0,0.0217341925690691,2025-12-28,14,-0.0217341925690691,0.0217341925690691
15,AZITROMICINA 500MG,2026-04-12,0.0,0.0217341925690691,2025-12-28,15,-0.0217341925690691,0.0217341925690691
15,AZITROMICINA 500MG,2026-04-19,0.0,0.0217341925690691,2025-12-28,16,-0.0217341925690691,0.0217341925690691
15,AZITROMICINA 500MG,2026-04-26,0.0,0.0217341925690691,2025-12-28,17,-0.0217341925690691,0.0217341925690691
15,AZITROMICINA 500MG,2026-05-03,0.0,0.0217341925690691,2025-12-28,18,-0.0217341925690691,0.0217341925690691
15,AZITROMICINA 500MG,2026-05-10,0.0,0.0217341925690691,2025-12-28,19,-0.0217341925690691,0.0217341925690691
15,AZITROMICINA 500MG,2026-05-17,0.0,0.0217341925690691,2025-12-28,20,-0.0217341925690691,0.0217341925690691
15,AZITROMICINA 500MG,2026-05-24,0.0,0.0217341925690691,2025-12-28,21,-0.0217341925690691,0.0217341925690691
15,AZITROMICINA 500MG,2026-05-31,0.0,0.0217341925690691,2025-12-28,22,-0.0217341925690691,0.0217341925690691
15,AZITROMICINA 500MG,2026-06-07,0.0,0.0217341925690691,2025-12-28,23,-0.0217341925690691,0.0217341925690691
15,DIMENHIDRINATO 50MG,2026-01-11,0.0,0.062495115472265744,2025-12-28,2,-0.062495115472265744,0.062495115472265744
15,DIMENHIDRINATO 50MG,2026-01-18,0.0,0.062495115472265744,2025-12-28,3,-0.062495115472265744,0.062495115472265744
15,DIMENHIDRINATO 50MG,2026-01-25,0.0,0.062495115472265744,2025-12-28,4,-0.062495115472265744,0.062495115472265744
15,DIMENHIDRINATO 50MG,2026-02-01,0.0,0.062495115472265744,2025-12-28,5,-0.062495115472265744,0.062495115472265744
15,DIMENHIDRINATO 50MG,2026-02-08,0.0,0.062495115472265744,2025-12-28,6,-0.062495115472265744,0.062495115472265744
15,DIMENHIDRINATO 50MG,2026-02-15,0.0,0.062495115472265744,2025-12-28,7,-0.062495115472265744,0.062495115472265744
15,DIMENHIDRINATO 50MG,2026-02-22,0.0,0.062495115472265744,2025-12-28,8,-0.062495115472265744,0.062495115472265744
15,DIMENHIDRINATO 50MG,2026-03-01,0.0,0.062495115472265744,2025-12-28,9,-0.062495115472265744,0.062495115472265744
15,DIMENHIDRINATO 50MG,2026-03-08,0.0,0.062495115472265744,2025-12-28,10,-0.062495115472265744,0.062495115472265744
15,DIMENHIDRINATO 50MG,2026-03-15,0.0,0.062495115472265744,2025-12-28,11,-0.062495115472265744,0.062495115472265744
15,DIMENHIDRINATO 50MG,2026-03-22,0.0,0.062495115472265744,2025-12-28,12,-0.062495115472265744,0.062495115472265744
15,DIMENHIDRINATO 50MG,2026-03-29,0.0,0.062495115472265744,2025-12-28,13,-0.062495115472265744,0.062495115472265744
15,DIMENHIDRINATO 50MG,2026-04-05,0.0,0.062495115472265744,2025-12-28,14,-0.062495115472265744,0.062495115472265744
15,DIMENHIDRINATO 50MG,2026-04-12,0.0,0.062495115472265744,2025-12-28,15,-0.062495115472265744,0.062495115472265744
15,DIMENHIDRINATO 50MG,2026-04-19,0.0,0.062495115472265744,2025-12-28,16,-0.062495115472265744,0.062495115472265744
15,DIMENHIDRINATO 50MG,2026-04-26,0.0,0.062495115472265744,2025-12-28,17,-0.062495115472265744,0.062495115472265744
15,DIMENHIDRINATO 50MG,2026-05-03,0.0,0.062495115472265744,2025-12-28,18,-0.062495115472265744,0.062495115472265744
15,DIMENHIDRINATO 50MG,2026-05-10,0.0,0.062495115472265744,2025-12-28,19,-0.062495115472265744,0.062495115472265744
15,DIMENHIDRINATO 50MG,2026-05-17,0.0,0.062495115472265744,2025-12-28,20,-0.062495115472265744,0.062495115472265744
15,DIMENHIDRINATO 50MG,2026-05-24,0.0,0.062495115472265744,2025-12-28,21,-0.062495115472265744,0.062495115472265744
15,DIMENHIDRINATO 50MG,2026-05-31,0.0,0.062495115472265744,2025-12-28,22,-0.062495115472265744,0.062495115472265744
15,DIMENHIDRINATO 50MG,2026-06-07,0.0,0.062495115472265744,2025-12-28,23,-0.062495115472265744,0.062495115472265744
15,DIMENHIDRINATO 50MG,2026-06-14,0.0,0.062495115472265744,2025-12-28,24,-0.062495115472265744,0.062495115472265744
15,DIMENHIDRINATO 50MG,2026-06-21,0.0,0.062495115472265744,2025-12-28,25,-0.062495115472265744,0.062495115472265744
15,DIMENHIDRINATO 50MG,2026-06-28,0.0,0.062495115472265744,2025-12-28,26,-0.062495115472265744,0.062495115472265744
15,DIMENHIDRINATO 50MG,2026-07-05,0.0,0.062495115472265744,2025-12-28,27,-0.062495115472265744,0.062495115472265744
15,DIMENHIDRINATO 50MG,2026-07-12,0.0,0.062495115472265744,2025-12-28,28,-0.062495115472265744,0.062495115472265744
15,DIMENHIDRINATO 50MG,2026-07-19,0.0,0.062495115472265744,2025-12-28,29,-0.062495115472265744,0.062495115472265744
15,DIMENHIDRINATO 50MG,2026-07-26,0.0,0.062495115472265744,2025-12-28,30,-0.062495115472265744,0.062495115472265744
15,ENALAPRIL 10MG,2026-01-11,0.0,0.15216896654114703,2025-12-28,2,-0.15216896654114703,0.15216896654114703
15,ENALAPRIL 10MG,2026-01-18,0.0,0.15216896654114703,2025-12-28,3,-0.15216896654114703,0.15216896654114703
15,ENALAPRIL 10MG,2026-01-25,0.0,0.15216896654114703,2025-12-28,4,-0.15216896654114703,0.15216896654114703
15,ENALAPRIL 10MG,2026-02-01,0.0,0.15216896654114703,2025-12-28,5,-0.15216896654114703,0.15216896654114703
15,ENALAPRIL 10MG,2026-02-08,0.0,0.15216896654114703,2025-12-28,6,-0.15216896654114703,0.15216896654114703
15,ENALAPRIL 10MG,2026-02-15,0.0,0.15216896654114703,2025-12-28,7,-0.15216896654114703,0.15216896654114703
15,ENALAPRIL 10MG,2026-02-22,0.0,0.15216896654114703,2025-12-28,8,-0.15216896654114703,0.15216896654114703
15,ENALAPRIL 10MG,2026-03-01,0.0,0.15216896654114703,2025-12-28,9,-0.15216896654114703,0.15216896654114703
15,ENALAPRIL 10MG,2026-03-08,0.0,0.15216896654114703,2025-12-28,10,-0.15216896654114703,0.15216896654114703
15,ENALAPRIL 10MG,2026-03-15,0.0,0.15216896654114703,2025-12-28,11,-0.15216896654114703,0.15216896654114703
15,ENALAPRIL 10MG,2026-03-22,0.0,0.15216896654114703,2025-12-28,12,-0.15216896654114703,0.15216896654114703
15,ENALAPRIL 10MG,2026-03-29,0.0,0.15216896654114703,2025-12-28,13,-0.15216896654114703,0.15216896654114703
15,ENALAPRIL 10MG,2026-04-05,0.0,0.15216896654114703,2025-12-28,14,-0.15216896654114703,0.15216896654114703
15,ENALAPRIL 10MG,2026-04-12,1.0,0.15216896654114703,2025-12-28,15,0.847831033458853,0.847831033458853
15,ENALAPRIL 10MG,2026-04-19,0.0,0.15216896654114703,2025-12-28,16,-0.15216896654114703,0.15216896654114703
15,ENALAPRIL 10MG,2026-04-26,0.0,0.15216896654114703,2025-12-28,17,-0.15216896654114703,0.15216896654114703
15,ENALAPRIL 10MG,2026-05-03,0.0,0.15216896654114703,2025-12-28,18,-0.15216896654114703,0.15216896654114703
15,ENALAPRIL 10MG,2026-05-10,0.0,0.15216896654114703,2025-12-28,19,-0.15216896654114703,0.15216896654114703
15,ENALAPRIL 10MG,2026-05-17,0.0,0.15216896654114703,2025-12-28,20,-0.15216896654114703,0.15216896654114703
15,ENALAPRIL 10MG,2026-05-24,0.0,0.15216896654114703,2025-12-28,21,-0.15216896654114703,0.15216896654114703
15,ENALAPRIL 10MG,2026-05-31,1.0,0.15216896654114703,2025-12-28,22,0.847831033458853,0.847831033458853
15,ENALAPRIL 10MG,2026-06-07,0.0,0.15216896654114703,2025-12-28,23,-0.15216896654114703,0.15216896654114703
15,ENALAPRIL 10MG,2026-06-14,0.0,0.15216896654114703,2025-12-28,24,-0.15216896654114703,0.15216896654114703
15,ENALAPRIL 10MG,2026-06-21,0.0,0.15216896654114703,2025-12-28,25,-0.15216896654114703,0.15216896654114703
15,ENALAPRIL 10MG,2026-06-28,1.0,0.15216896654114703,2025-12-28,26,0.847831033458853,0.847831033458853
15,ENALAPRIL 10MG,2026-07-05,0.0,0.15216896654114703,2025-12-28,27,-0.15216896654114703,0.15216896654114703
15,ENALAPRIL 10MG,2026-07-12,0.0,0.15216896654114703,2025-12-28,28,-0.15216896654114703,0.15216896654114703
15,ENALAPRIL 10MG,2026-07-19,0.0,0.15216896654114703,2025-12-28,29,-0.15216896654114703,0.15216896654114703
15,ENALAPRIL 10MG,2026-07-26,0.0,0.15216896654114703,2025-12-28,30,-0.15216896654114703,0.15216896654114703
15,ENALAPRIL 10MG,2026-08-02,0.0,0.15216896654114703,2025-12-28,31,-0.15216896654114703,0.15216896654114703
15,IBUPROFENO TABX800,2026-01-11,0.0,0.04085071174578537,2025-12-28,2,-0.04085071174578537,0.04085071174578537
15,IBUPROFENO TABX800,2026-01-18,0.0,0.04085071174578537,2025-12-28,3,-0.04085071174578537,0.04085071174578537
15,IBUPROFENO TABX800,2026-01-25,0.0,0.04085071174578537,2025-12-28,4,-0.04085071174578537,0.04085071174578537
15,IBUPROFENO TABX800,2026-02-01,0.0,0.04085071174578537,2025-12-28,5,-0.04085071174578537,0.04085071174578537
15,IBUPROFENO TABX800,2026-02-08,0.0,0.04085071174578537,2025-12-28,6,-0.04085071174578537,0.04085071174578537
15,IBUPROFENO TABX800,2026-02-15,0.0,0.04085071174578537,2025-12-28,7,-0.04085071174578537,0.04085071174578537
15,IBUPROFENO TABX800,2026-02-22,0.0,0.04085071174578537,2025-12-28,8,-0.04085071174578537,0.04085071174578537
15,IBUPROFENO TABX800,2026-03-01,0.0,0.04085071174578537,2025-12-28,9,-0.04085071174578537,0.04085071174578537
15,IBUPROFENO TABX800,2026-03-08,0.0,0.04085071174578537,2025-12-28,10,-0.04085071174578537,0.04085071174578537
15,IBUPROFENO TABX800,2026-03-15,0.0,0.04085071174578537,2025-12-28,11,-0.04085071174578537,0.04085071174578537
15,IBUPROFENO TABX800,2026-03-22,0.0,0.04085071174578537,2025-12-28,12,-0.04085071174578537,0.04085071174578537
15,IBUPROFENO TABX800,2026-03-29,0.0,0.04085071174578537,2025-12-28,13,-0.04085071174578537,0.04085071174578537
15,IBUPROFENO TABX800,2026-04-05,0.0,0.04085071174578537,2025-12-28,14,-0.04085071174578537,0.04085071174578537
15,IBUPROFENO TABX800,2026-04-12,0.0,0.04085071174578537,2025-12-28,15,-0.04085071174578537,0.04085071174578537
15,IBUPROFENO TABX800,2026-04-19,0.0,0.04085071174578537,2025-12-28,16,-0.04085071174578537,0.04085071174578537
15,IBUPROFENO TABX800,2026-04-26,0.0,0.04085071174578537,2025-12-28,17,-0.04085071174578537,0.04085071174578537
15,IBUPROFENO TABX800,2026-05-03,0.0,0.04085071174578537,2025-12-28,18,-0.04085071174578537,0.04085071174578537
15,IBUPROFENO TABX800,2026-05-10,0.0,0.04085071174578537,2025-12-28,19,-0.04085071174578537,0.04085071174578537
15,IBUPROFENO TABX800,2026-05-17,0.0,0.04085071174578537,2025-12-28,20,-0.04085071174578537,0.04085071174578537
15,IBUPROFENO TABX800,2026-05-24,0.0,0.04085071174578537,2025-12-28,21,-0.04085071174578537,0.04085071174578537
15,IBUPROFENO TABX800,2026-05-31,0.0,0.04085071174578537,2025-12-28,22,-0.04085071174578537,0.04085071174578537
15,IBUPROFENO TABX800,2026-06-07,0.0,0.04085071174578537,2025-12-28,23,-0.04085071174578537,0.04085071174578537
15,IBUPROFENO TABX800,2026-06-14,0.0,0.04085071174578537,2025-12-28,24,-0.04085071174578537,0.04085071174578537
15,IBUPROFENO TABX800,2026-06-21,0.0,0.04085071174578537,2025-12-28,25,-0.04085071174578537,0.04085071174578537
15,IBUPROFENO TABX800,2026-06-28,0.0,0.04085071174578537,2025-12-28,26,-0.04085071174578537,0.04085071174578537
15,IBUPROFENO TABX800,2026-07-05,0.0,0.04085071174578537,2025-12-28,27,-0.04085071174578537,0.04085071174578537
15,IBUPROFENO TABX800,2026-07-12,0.0,0.04085071174578537,2025-12-28,28,-0.04085071174578537,0.04085071174578537
15,IBUPROFENO TABX800,2026-07-19,0.0,0.04085071174578537,2025-12-28,29,-0.04085071174578537,0.04085071174578537
15,IBUPROFENO TABX800,2026-07-26,0.0,0.04085071174578537,2025-12-28,30,-0.04085071174578537,0.04085071174578537
15,IBUPROFENO TABX800,2026-08-02,0.0,0.04085071174578537,2025-12-28,31,-0.04085071174578537,0.04085071174578537
15,METFORMINA 850MG,2026-01-11,0.0,0.004869372501641512,2025-12-28,2,-0.004869372501641512,0.004869372501641512
15,METFORMINA 850MG,2026-01-18,0.0,0.004711717252577091,2025-12-28,3,-0.004711717252577091,0.004711717252577091
15,METFORMINA 850MG,2026-01-25,0.0,0.005053199844582909,2025-12-28,4,-0.005053199844582909,0.005053199844582909
15,METFORMINA 850MG,2026-02-01,0.0,-0.007623367347829473,2025-12-28,5,0.007623367347829473,0.007623367347829473
15,METFORMINA 850MG,2026-02-08,0.0,-0.0029158357953379885,2025-12-28,6,0.0029158357953379885,0.0029158357953379885
15,METFORMINA 850MG,2026-02-15,0.0,0.0015819421379669792,2025-12-28,7,-0.0015819421379669792,0.0015819421379669792
15,METFORMINA 850MG,2026-02-22,0.0,0.006917543907409099,2025-12-28,8,-0.006917543907409099,0.006917543907409099
15,METFORMINA 850MG,2026-03-01,0.0,-0.0009112466815780641,2025-12-28,9,0.0009112466815780641,0.0009112466815780641
15,METFORMINA 850MG,2026-03-08,0.0,-0.004065644836908193,2025-12-28,10,0.004065644836908193,0.004065644836908193
15,METFORMINA 850MG,2026-03-15,0.0,-0.0028287714595672886,2025-12-28,11,0.0028287714595672886,0.0028287714595672886
15,METFORMINA 850MG,2026-03-22,0.0,0.004164397643102413,2025-12-28,12,-0.004164397643102413,0.004164397643102413
15,METFORMINA 850MG,2026-03-29,0.0,0.00325011550421008,2025-12-28,13,-0.00325011550421008,0.00325011550421008
15,METFORMINA 850MG,2026-04-05,0.0,-0.0009260541970876721,2025-12-28,14,0.0009260541970876721,0.0009260541970876721
15,METFORMINA 850MG,2026-04-12,0.0,-0.004098035914586297,2025-12-28,15,0.004098035914586297,0.004098035914586297
15,METFORMINA 850MG,2026-04-19,0.0,-7.543782346669525e-05,2025-12-28,16,7.543782346669525e-05,7.543782346669525e-05
15,METFORMINA 850MG,2026-04-26,0.0,0.0031569927147513414,2025-12-28,17,-0.0031569927147513414,0.0031569927147513414
15,METFORMINA 850MG,2026-05-03,0.0,0.0022364007302593534,2025-12-28,18,-0.0022364007302593534,0.0022364007302593534
15,METFORMINA 850MG,2026-05-10,0.0,-0.002078854523903162,2025-12-28,19,0.002078854523903162,0.002078854523903162
15,METFORMINA 850MG,2026-05-17,0.0,-0.0023922139638656,2025-12-28,20,0.0023922139638656,0.0023922139638656
15,METFORMINA 850MG,2026-05-24,0.0,0.0006319567216109454,2025-12-28,21,-0.0006319567216109454,0.0006319567216109454
15,METFORMINA 850MG,2026-05-31,0.0,0.002872651791471828,2025-12-28,22,-0.002872651791471828,0.002872651791471828
15,METFORMINA 850MG,2026-06-07,0.0,0.0007079000352356838,2025-12-28,23,-0.0007079000352356838,0.0007079000352356838
15,METFORMINA 850MG,2026-06-14,0.0,-0.0018851867606240439,2025-12-28,24,0.0018851867606240439,0.0018851867606240439
15,METFORMINA 850MG,2026-06-21,0.0,-0.0014666750956875546,2025-12-28,25,0.0014666750956875546,0.0014666750956875546
15,METFORMINA 850MG,2026-06-28,0.0,0.0013236377778468084,2025-12-28,26,-0.0013236377778468084,0.0013236377778468084
15,METFORMINA 850MG,2026-07-05,0.0,0.001992076055791894,2025-12-28,27,-0.001992076055791894,0.001992076055791894
15,METFORMINA 850MG,2026-07-12,0.0,-6.7752372280983734e-06,2025-12-28,28,6.7752372280983734e-06,6.7752372280983734e-06
15,METFORMINA 850MG,2026-07-19,0.0,-0.0016789995184732977,2025-12-28,29,0.0016789995184732977,0.0016789995184732977
15,METFORMINA 850MG,2026-07-26,0.0,-0.0005201486333295808,2025-12-28,30,0.0005201486333295808,0.0005201486333295808
15,VITAMINA C+ZINC+D3,2026-01-11,2.0,1.3499391554276683,2025-12-28,2,0.6500608445723317,0.6500608445723317
15,VITAMINA C+ZINC+D3,2026-01-18,1.0,1.5304406398194481,2025-12-28,3,-0.5304406398194481,0.5304406398194481
15,VITAMINA C+ZINC+D3,2026-01-25,2.0,1.1916766470386446,2025-12-28,4,0.8083233529613554,0.8083233529613554
15,VITAMINA C+ZINC+D3,2026-02-01,1.0,0.5404429228667431,2025-12-28,5,0.4595570771332569,0.4595570771332569
15,VITAMINA C+ZINC+D3,2026-02-08,0.0,0.4052748535521808,2025-12-28,6,-0.4052748535521808,0.4052748535521808
15,VITAMINA C+ZINC+D3,2026-02-15,2.0,0.899698916078185,2025-12-28,7,1.100301083921815,1.100301083921815
15,VITAMINA C+ZINC+D3,2026-02-22,0.0,1.4525697025906192,2025-12-28,8,-1.4525697025906192,1.4525697025906192
15,VITAMINA C+ZINC+D3,2026-03-01,0.0,1.4246801852644313,2025-12-28,9,-1.4246801852644313,1.4246801852644313
15,VITAMINA C+ZINC+D3,2026-03-08,0.0,0.8639574280786788,2025-12-28,10,-0.8639574280786788,0.8639574280786788
15,VITAMINA C+ZINC+D3,2026-03-15,0.0,0.4254911351802384,2025-12-28,11,-0.4254911351802384,0.4254911351802384
15,VITAMINA C+ZINC+D3,2026-03-22,1.0,0.6089475157416313,2025-12-28,12,0.3910524842583687,0.3910524842583687
15,VITAMINA C+ZINC+D3,2026-03-29,0.0,1.1886413030935725,2025-12-28,13,-1.1886413030935725,1.1886413030935725
15,VITAMINA C+ZINC+D3,2026-04-05,2.0,1.4905326375394363,2025-12-28,14,0.5094673624605637,0.5094673624605637
15,VITAMINA C+ZINC+D3,2026-04-12,0.0,1.1755279262488574,2025-12-28,15,-1.1755279262488574,1.1755279262488574
15,VITAMINA C+ZINC+D3,2026-04-19,0.0,0.6198461828550672,2025-12-28,16,-0.6198461828550672,0.6198461828550672
15,VITAMINA C+ZINC+D3,2026-04-26,3.0,0.4662007537886434,2025-12-28,17,2.5337992462113568,2.5337992462113568
15,VITAMINA C+ZINC+D3,2026-05-03,1.0,0.8807244611059999,2025-12-28,18,0.11927553889400011,0.11927553889400011
15,VITAMINA C+ZINC+D3,2026-05-10,2.0,1.374366036371077,2025-12-28,19,0.625633963628923,0.625633963628923
15,VITAMINA C+ZINC+D3,2026-05-17,1.0,1.3794954302844111,2025-12-28,20,-0.37949543028441113,0.37949543028441113
15,VITAMINA C+ZINC+D3,2026-05-24,0.0,0.9023051925630184,2025-12-28,21,-0.9023051925630184,0.9023051925630184
15,VITAMINA C+ZINC+D3,2026-05-31,4.0,0.5015361113576764,2025-12-28,22,3.4984638886423234,3.4984638886423234
15,VITAMINA C+ZINC+D3,2026-06-07,0.0,0.6345504476989328,2025-12-28,23,-0.6345504476989328,0.6345504476989328
15,VITAMINA C+ZINC+D3,2026-06-14,0.0,1.1357349332605016,2025-12-28,24,-1.1357349332605016,1.1357349332605016
15,VITAMINA C+ZINC+D3,2026-06-21,0.0,1.4216737148394931,2025-12-28,25,-1.4216737148394931,1.4216737148394931
15,VITAMINA C+ZINC+D3,2026-06-28,0.0,1.170021382968562,2025-12-28,26,-1.170021382968562,1.170021382968562
15,VITAMINA C+ZINC+D3,2026-07-05,1.0,0.6824353062844862,2025-12-28,27,0.31756469371551377,0.31756469371551377
15,VITAMINA C+ZINC+D3,2026-07-12,1.0,0.5234812218398132,2025-12-28,28,0.47651877816018684,0.47651877816018684
15,VITAMINA C+ZINC+D3,2026-07-19,1.0,0.8671882229082426,2025-12-28,29,0.1328117770917574,0.1328117770917574
15,VITAMINA C+ZINC+D3,2026-07-26,1.0,1.3072744468020243,2025-12-28,30,-0.3072744468020243,0.3072744468020243
15,VITAMINA C+ZINC+D3,2026-08-02,1.0,1.337053539062837,2025-12-28,31,-0.3370535390628371,0.3370535390628371
16,AMOXICILINA 500MG,2026-01-11,0.0,-4.824558165895687e-06,2025-12-28,2,4.824558165895687e-06,4.824558165895687e-06
16,AMOXICILINA 500MG,2026-01-18,0.0,-4.824558165895687e-06,2025-12-28,3,4.824558165895687e-06,4.824558165895687e-06
16,AMOXICILINA 500MG,2026-01-25,0.0,-4.824558165895687e-06,2025-12-28,4,4.824558165895687e-06,4.824558165895687e-06
16,AMOXICILINA 500MG,2026-02-01,0.0,-4.824558165895687e-06,2025-12-28,5,4.824558165895687e-06,4.824558165895687e-06
16,AMOXICILINA 500MG,2026-02-08,0.0,-4.824558165895687e-06,2025-12-28,6,4.824558165895687e-06,4.824558165895687e-06
16,AMOXICILINA 500MG,2026-02-15,0.0,-4.824558165895687e-06,2025-12-28,7,4.824558165895687e-06,4.824558165895687e-06
16,AMOXICILINA 500MG,2026-02-22,0.0,-4.824558165895687e-06,2025-12-28,8,4.824558165895687e-06,4.824558165895687e-06
16,AMOXICILINA 500MG,2026-03-01,0.0,-4.824558165895687e-06,2025-12-28,9,4.824558165895687e-06,4.824558165895687e-06
16,AMOXICILINA 500MG,2026-03-08,0.0,-4.824558165895687e-06,2025-12-28,10,4.824558165895687e-06,4.824558165895687e-06
16,AMOXICILINA 500MG,2026-03-15,0.0,-4.824558165895687e-06,2025-12-28,11,4.824558165895687e-06,4.824558165895687e-06
16,AMOXICILINA 500MG,2026-03-22,0.0,-4.824558165895687e-06,2025-12-28,12,4.824558165895687e-06,4.824558165895687e-06
16,AMOXICILINA 500MG,2026-03-29,0.0,-4.824558165895687e-06,2025-12-28,13,4.824558165895687e-06,4.824558165895687e-06
16,AMOXICILINA 500MG,2026-04-05,0.0,-4.824558165895687e-06,2025-12-28,14,4.824558165895687e-06,4.824558165895687e-06
16,AMOXICILINA 500MG,2026-04-12,0.0,-4.824558165895687e-06,2025-12-28,15,4.824558165895687e-06,4.824558165895687e-06
16,AMOXICILINA 500MG,2026-04-19,0.0,-4.824558165895687e-06,2025-12-28,16,4.824558165895687e-06,4.824558165895687e-06
16,AMOXICILINA 500MG,2026-04-26,0.0,-4.824558165895687e-06,2025-12-28,17,4.824558165895687e-06,4.824558165895687e-06
16,AMOXICILINA 500MG,2026-05-03,0.0,-4.824558165895687e-06,2025-12-28,18,4.824558165895687e-06,4.824558165895687e-06
16,AMOXICILINA 500MG,2026-05-10,0.0,-4.824558165895687e-06,2025-12-28,19,4.824558165895687e-06,4.824558165895687e-06
16,AMOXICILINA 500MG,2026-05-17,0.0,-4.824558165895687e-06,2025-12-28,20,4.824558165895687e-06,4.824558165895687e-06
16,AMOXICILINA 500MG,2026-05-24,0.0,-4.824558165895687e-06,2025-12-28,21,4.824558165895687e-06,4.824558165895687e-06
16,AMOXICILINA 500MG,2026-05-31,0.0,-4.824558165895687e-06,2025-12-28,22,4.824558165895687e-06,4.824558165895687e-06
16,AMOXICILINA 500MG,2026-06-07,1.0,-4.824558165895687e-06,2025-12-28,23,1.0000048245581659,1.0000048245581659
16,AMOXICILINA 500MG,2026-06-14,0.0,-4.824558165895687e-06,2025-12-28,24,4.824558165895687e-06,4.824558165895687e-06
16,AMOXICILINA 500MG,2026-06-21,0.0,-4.824558165895687e-06,2025-12-28,25,4.824558165895687e-06,4.824558165895687e-06
16,AMOXICILINA 500MG,2026-06-28,0.0,-4.824558165895687e-06,2025-12-28,26,4.824558165895687e-06,4.824558165895687e-06
16,AMOXICILINA 500MG,2026-07-05,0.0,-4.824558165895687e-06,2025-12-28,27,4.824558165895687e-06,4.824558165895687e-06
16,AMOXICILINA 500MG,2026-07-12,0.0,-4.824558165895687e-06,2025-12-28,28,4.824558165895687e-06,4.824558165895687e-06
16,AMOXICILINA 500MG,2026-07-19,0.0,-4.824558165895687e-06,2025-12-28,29,4.824558165895687e-06,4.824558165895687e-06
16,AZITROMICINA 500MG,2026-01-11,0.0,-4.824558165895687e-06,2025-12-28,2,4.824558165895687e-06,4.824558165895687e-06
16,AZITROMICINA 500MG,2026-01-18,0.0,-4.824558165895687e-06,2025-12-28,3,4.824558165895687e-06,4.824558165895687e-06
16,AZITROMICINA 500MG,2026-01-25,0.0,-4.824558165895687e-06,2025-12-28,4,4.824558165895687e-06,4.824558165895687e-06
16,AZITROMICINA 500MG,2026-02-01,0.0,-4.824558165895687e-06,2025-12-28,5,4.824558165895687e-06,4.824558165895687e-06
16,AZITROMICINA 500MG,2026-02-08,0.0,-4.824558165895687e-06,2025-12-28,6,4.824558165895687e-06,4.824558165895687e-06
16,AZITROMICINA 500MG,2026-02-15,0.0,-4.824558165895687e-06,2025-12-28,7,4.824558165895687e-06,4.824558165895687e-06
16,AZITROMICINA 500MG,2026-02-22,0.0,-4.824558165895687e-06,2025-12-28,8,4.824558165895687e-06,4.824558165895687e-06
16,AZITROMICINA 500MG,2026-03-01,0.0,-4.824558165895687e-06,2025-12-28,9,4.824558165895687e-06,4.824558165895687e-06
16,AZITROMICINA 500MG,2026-03-08,0.0,-4.824558165895687e-06,2025-12-28,10,4.824558165895687e-06,4.824558165895687e-06
16,AZITROMICINA 500MG,2026-03-15,1.0,-4.824558165895687e-06,2025-12-28,11,1.0000048245581659,1.0000048245581659
16,AZITROMICINA 500MG,2026-03-22,0.0,-4.824558165895687e-06,2025-12-28,12,4.824558165895687e-06,4.824558165895687e-06
16,AZITROMICINA 500MG,2026-03-29,0.0,-4.824558165895687e-06,2025-12-28,13,4.824558165895687e-06,4.824558165895687e-06
16,AZITROMICINA 500MG,2026-04-05,0.0,-4.824558165895687e-06,2025-12-28,14,4.824558165895687e-06,4.824558165895687e-06
16,AZITROMICINA 500MG,2026-04-12,0.0,-4.824558165895687e-06,2025-12-28,15,4.824558165895687e-06,4.824558165895687e-06
16,AZITROMICINA 500MG,2026-04-19,0.0,-4.824558165895687e-06,2025-12-28,16,4.824558165895687e-06,4.824558165895687e-06
16,AZITROMICINA 500MG,2026-04-26,0.0,-4.824558165895687e-06,2025-12-28,17,4.824558165895687e-06,4.824558165895687e-06
16,AZITROMICINA 500MG,2026-05-03,0.0,-4.824558165895687e-06,2025-12-28,18,4.824558165895687e-06,4.824558165895687e-06
16,AZITROMICINA 500MG,2026-05-10,0.0,-4.824558165895687e-06,2025-12-28,19,4.824558165895687e-06,4.824558165895687e-06
16,AZITROMICINA 500MG,2026-05-17,0.0,-4.824558165895687e-06,2025-12-28,20,4.824558165895687e-06,4.824558165895687e-06
16,AZITROMICINA 500MG,2026-05-24,0.0,-4.824558165895687e-06,2025-12-28,21,4.824558165895687e-06,4.824558165895687e-06
16,AZITROMICINA 500MG,2026-05-31,0.0,-4.824558165895687e-06,2025-12-28,22,4.824558165895687e-06,4.824558165895687e-06
16,AZITROMICINA 500MG,2026-06-07,0.0,-4.824558165895687e-06,2025-12-28,23,4.824558165895687e-06,4.824558165895687e-06
16,AZITROMICINA 500MG,2026-06-14,0.0,-4.824558165895687e-06,2025-12-28,24,4.824558165895687e-06,4.824558165895687e-06
16,AZITROMICINA 500MG,2026-06-21,0.0,-4.824558165895687e-06,2025-12-28,25,4.824558165895687e-06,4.824558165895687e-06
16,AZITROMICINA 500MG,2026-06-28,0.0,-4.824558165895687e-06,2025-12-28,26,4.824558165895687e-06,4.824558165895687e-06
16,DIMENHIDRINATO 50MG,2026-01-11,0.0,0.06249500069905478,2025-12-28,2,-0.06249500069905478,0.06249500069905478
16,DIMENHIDRINATO 50MG,2026-01-18,0.0,0.06249500069905478,2025-12-28,3,-0.06249500069905478,0.06249500069905478
16,DIMENHIDRINATO 50MG,2026-01-25,0.0,0.06249500069905478,2025-12-28,4,-0.06249500069905478,0.06249500069905478
16,DIMENHIDRINATO 50MG,2026-02-01,0.0,0.06249500069905478,2025-12-28,5,-0.06249500069905478,0.06249500069905478
16,DIMENHIDRINATO 50MG,2026-02-08,0.0,0.06249500069905478,2025-12-28,6,-0.06249500069905478,0.06249500069905478
16,DIMENHIDRINATO 50MG,2026-02-15,0.0,0.06249500069905478,2025-12-28,7,-0.06249500069905478,0.06249500069905478
16,DIMENHIDRINATO 50MG,2026-02-22,0.0,0.06249500069905478,2025-12-28,8,-0.06249500069905478,0.06249500069905478
16,DIMENHIDRINATO 50MG,2026-03-01,0.0,0.06249500069905478,2025-12-28,9,-0.06249500069905478,0.06249500069905478
16,DIMENHIDRINATO 50MG,2026-03-08,0.0,0.06249500069905478,2025-12-28,10,-0.06249500069905478,0.06249500069905478
16,DIMENHIDRINATO 50MG,2026-03-15,0.0,0.06249500069905478,2025-12-28,11,-0.06249500069905478,0.06249500069905478
16,DIMENHIDRINATO 50MG,2026-03-22,0.0,0.06249500069905478,2025-12-28,12,-0.06249500069905478,0.06249500069905478
16,DIMENHIDRINATO 50MG,2026-03-29,0.0,0.06249500069905478,2025-12-28,13,-0.06249500069905478,0.06249500069905478
16,DIMENHIDRINATO 50MG,2026-04-05,0.0,0.06249500069905478,2025-12-28,14,-0.06249500069905478,0.06249500069905478
16,DIMENHIDRINATO 50MG,2026-04-12,0.0,0.06249500069905478,2025-12-28,15,-0.06249500069905478,0.06249500069905478
16,DIMENHIDRINATO 50MG,2026-04-19,0.0,0.06249500069905478,2025-12-28,16,-0.06249500069905478,0.06249500069905478
16,DIMENHIDRINATO 50MG,2026-04-26,0.0,0.06249500069905478,2025-12-28,17,-0.06249500069905478,0.06249500069905478
16,DIMENHIDRINATO 50MG,2026-05-03,0.0,0.06249500069905478,2025-12-28,18,-0.06249500069905478,0.06249500069905478
16,DIMENHIDRINATO 50MG,2026-05-10,0.0,0.06249500069905478,2025-12-28,19,-0.06249500069905478,0.06249500069905478
16,DIMENHIDRINATO 50MG,2026-05-17,0.0,0.06249500069905478,2025-12-28,20,-0.06249500069905478,0.06249500069905478
16,DIMENHIDRINATO 50MG,2026-05-24,0.0,0.06249500069905478,2025-12-28,21,-0.06249500069905478,0.06249500069905478
16,DIMENHIDRINATO 50MG,2026-05-31,0.0,0.06249500069905478,2025-12-28,22,-0.06249500069905478,0.06249500069905478
16,DIMENHIDRINATO 50MG,2026-06-07,0.0,0.06249500069905478,2025-12-28,23,-0.06249500069905478,0.06249500069905478
16,DIMENHIDRINATO 50MG,2026-06-14,0.0,0.06249500069905478,2025-12-28,24,-0.06249500069905478,0.06249500069905478
16,DIMENHIDRINATO 50MG,2026-06-21,0.0,0.06249500069905478,2025-12-28,25,-0.06249500069905478,0.06249500069905478
16,DIMENHIDRINATO 50MG,2026-06-28,0.0,0.06249500069905478,2025-12-28,26,-0.06249500069905478,0.06249500069905478
16,DIMENHIDRINATO 50MG,2026-07-05,0.0,0.06249500069905478,2025-12-28,27,-0.06249500069905478,0.06249500069905478
16,DIMENHIDRINATO 50MG,2026-07-12,0.0,0.06249500069905478,2025-12-28,28,-0.06249500069905478,0.06249500069905478
16,DIMENHIDRINATO 50MG,2026-07-19,0.0,0.06249500069905478,2025-12-28,29,-0.06249500069905478,0.06249500069905478
16,DIMENHIDRINATO 50MG,2026-07-26,0.0,0.06249500069905478,2025-12-28,30,-0.06249500069905478,0.06249500069905478
16,DIMENHIDRINATO 50MG,2026-08-02,0.0,0.06249500069905478,2025-12-28,31,-0.06249500069905478,0.06249500069905478
16,ENALAPRIL 10MG,2026-01-11,0.0,0.1538417019153669,2025-12-28,2,-0.1538417019153669,0.1538417019153669
16,ENALAPRIL 10MG,2026-01-18,0.0,0.1538417019153669,2025-12-28,3,-0.1538417019153669,0.1538417019153669
16,ENALAPRIL 10MG,2026-01-25,0.0,0.1538417019153669,2025-12-28,4,-0.1538417019153669,0.1538417019153669
16,ENALAPRIL 10MG,2026-02-01,0.0,0.1538417019153669,2025-12-28,5,-0.1538417019153669,0.1538417019153669
16,ENALAPRIL 10MG,2026-02-08,0.0,0.1538417019153669,2025-12-28,6,-0.1538417019153669,0.1538417019153669
16,ENALAPRIL 10MG,2026-02-15,1.0,0.1538417019153669,2025-12-28,7,0.8461582980846332,0.8461582980846332
16,ENALAPRIL 10MG,2026-02-22,0.0,0.1538417019153669,2025-12-28,8,-0.1538417019153669,0.1538417019153669
16,ENALAPRIL 10MG,2026-03-01,0.0,0.1538417019153669,2025-12-28,9,-0.1538417019153669,0.1538417019153669
16,ENALAPRIL 10MG,2026-03-08,0.0,0.1538417019153669,2025-12-28,10,-0.1538417019153669,0.1538417019153669
16,ENALAPRIL 10MG,2026-03-15,0.0,0.1538417019153669,2025-12-28,11,-0.1538417019153669,0.1538417019153669
16,ENALAPRIL 10MG,2026-03-22,0.0,0.1538417019153669,2025-12-28,12,-0.1538417019153669,0.1538417019153669
16,ENALAPRIL 10MG,2026-03-29,0.0,0.1538417019153669,2025-12-28,13,-0.1538417019153669,0.1538417019153669
16,ENALAPRIL 10MG,2026-04-05,0.0,0.1538417019153669,2025-12-28,14,-0.1538417019153669,0.1538417019153669
16,ENALAPRIL 10MG,2026-04-12,0.0,0.1538417019153669,2025-12-28,15,-0.1538417019153669,0.1538417019153669
16,ENALAPRIL 10MG,2026-04-19,1.0,0.1538417019153669,2025-12-28,16,0.8461582980846332,0.8461582980846332
16,ENALAPRIL 10MG,2026-04-26,0.0,0.1538417019153669,2025-12-28,17,-0.1538417019153669,0.1538417019153669
16,ENALAPRIL 10MG,2026-05-03,0.0,0.1538417019153669,2025-12-28,18,-0.1538417019153669,0.1538417019153669
16,ENALAPRIL 10MG,2026-05-10,0.0,0.1538417019153669,2025-12-28,19,-0.1538417019153669,0.1538417019153669
16,ENALAPRIL 10MG,2026-05-17,0.0,0.1538417019153669,2025-12-28,20,-0.1538417019153669,0.1538417019153669
16,ENALAPRIL 10MG,2026-05-24,1.0,0.1538417019153669,2025-12-28,21,0.8461582980846332,0.8461582980846332
16,ENALAPRIL 10MG,2026-05-31,0.0,0.1538417019153669,2025-12-28,22,-0.1538417019153669,0.1538417019153669
16,ENALAPRIL 10MG,2026-06-07,1.0,0.1538417019153669,2025-12-28,23,0.8461582980846332,0.8461582980846332
16,ENALAPRIL 10MG,2026-06-14,0.0,0.1538417019153669,2025-12-28,24,-0.1538417019153669,0.1538417019153669
16,ENALAPRIL 10MG,2026-06-21,0.0,0.1538417019153669,2025-12-28,25,-0.1538417019153669,0.1538417019153669
16,ENALAPRIL 10MG,2026-06-28,0.0,0.1538417019153669,2025-12-28,26,-0.1538417019153669,0.1538417019153669
16,ENALAPRIL 10MG,2026-07-05,2.0,0.1538417019153669,2025-12-28,27,1.8461582980846332,1.8461582980846332
16,ENALAPRIL 10MG,2026-07-12,1.0,0.1538417019153669,2025-12-28,28,0.8461582980846332,0.8461582980846332
16,ENALAPRIL 10MG,2026-07-19,0.0,0.1538417019153669,2025-12-28,29,-0.1538417019153669,0.1538417019153669
16,ENALAPRIL 10MG,2026-07-26,0.0,0.1538417019153669,2025-12-28,30,-0.1538417019153669,0.1538417019153669
16,IBUPROFENO TABX800,2026-01-11,0.0,-4.824558165895688e-06,2025-12-28,2,4.824558165895688e-06,4.824558165895688e-06
16,IBUPROFENO TABX800,2026-01-18,0.0,-4.824558165895688e-06,2025-12-28,3,4.824558165895688e-06,4.824558165895688e-06
16,IBUPROFENO TABX800,2026-01-25,0.0,-4.824558165895688e-06,2025-12-28,4,4.824558165895688e-06,4.824558165895688e-06
16,IBUPROFENO TABX800,2026-02-01,0.0,-4.824558165895688e-06,2025-12-28,5,4.824558165895688e-06,4.824558165895688e-06
16,IBUPROFENO TABX800,2026-02-08,0.0,-4.824558165895688e-06,2025-12-28,6,4.824558165895688e-06,4.824558165895688e-06
16,IBUPROFENO TABX800,2026-02-15,0.0,-4.824558165895688e-06,2025-12-28,7,4.824558165895688e-06,4.824558165895688e-06
16,IBUPROFENO TABX800,2026-02-22,0.0,-4.824558165895688e-06,2025-12-28,8,4.824558165895688e-06,4.824558165895688e-06
16,IBUPROFENO TABX800,2026-03-01,0.0,-4.824558165895688e-06,2025-12-28,9,4.824558165895688e-06,4.824558165895688e-06
16,IBUPROFENO TABX800,2026-03-08,0.0,-4.824558165895688e-06,2025-12-28,10,4.824558165895688e-06,4.824558165895688e-06
16,IBUPROFENO TABX800,2026-03-15,0.0,-4.824558165895688e-06,2025-12-28,11,4.824558165895688e-06,4.824558165895688e-06
16,IBUPROFENO TABX800,2026-03-22,0.0,-4.824558165895688e-06,2025-12-28,12,4.824558165895688e-06,4.824558165895688e-06
16,IBUPROFENO TABX800,2026-03-29,0.0,-4.824558165895688e-06,2025-12-28,13,4.824558165895688e-06,4.824558165895688e-06
16,IBUPROFENO TABX800,2026-04-05,0.0,-4.824558165895688e-06,2025-12-28,14,4.824558165895688e-06,4.824558165895688e-06
16,IBUPROFENO TABX800,2026-04-12,0.0,-4.824558165895688e-06,2025-12-28,15,4.824558165895688e-06,4.824558165895688e-06
16,IBUPROFENO TABX800,2026-04-19,0.0,-4.824558165895688e-06,2025-12-28,16,4.824558165895688e-06,4.824558165895688e-06
16,IBUPROFENO TABX800,2026-04-26,0.0,-4.824558165895688e-06,2025-12-28,17,4.824558165895688e-06,4.824558165895688e-06
16,IBUPROFENO TABX800,2026-05-03,0.0,-4.824558165895688e-06,2025-12-28,18,4.824558165895688e-06,4.824558165895688e-06
16,IBUPROFENO TABX800,2026-05-10,0.0,-4.824558165895688e-06,2025-12-28,19,4.824558165895688e-06,4.824558165895688e-06
16,IBUPROFENO TABX800,2026-05-17,0.0,-4.824558165895688e-06,2025-12-28,20,4.824558165895688e-06,4.824558165895688e-06
16,IBUPROFENO TABX800,2026-05-24,0.0,-4.824558165895688e-06,2025-12-28,21,4.824558165895688e-06,4.824558165895688e-06
16,IBUPROFENO TABX800,2026-05-31,0.0,-4.824558165895688e-06,2025-12-28,22,4.824558165895688e-06,4.824558165895688e-06
16,IBUPROFENO TABX800,2026-06-07,0.0,-4.824558165895688e-06,2025-12-28,23,4.824558165895688e-06,4.824558165895688e-06
16,IBUPROFENO TABX800,2026-06-14,0.0,-4.824558165895688e-06,2025-12-28,24,4.824558165895688e-06,4.824558165895688e-06
16,IBUPROFENO TABX800,2026-06-21,0.0,-4.824558165895688e-06,2025-12-28,25,4.824558165895688e-06,4.824558165895688e-06
16,IBUPROFENO TABX800,2026-06-28,0.0,-4.824558165895688e-06,2025-12-28,26,4.824558165895688e-06,4.824558165895688e-06
16,IBUPROFENO TABX800,2026-07-05,0.0,-4.824558165895688e-06,2025-12-28,27,4.824558165895688e-06,4.824558165895688e-06
16,IBUPROFENO TABX800,2026-07-12,0.0,-4.824558165895688e-06,2025-12-28,28,4.824558165895688e-06,4.824558165895688e-06
16,IBUPROFENO TABX800,2026-07-19,1.0,-4.824558165895688e-06,2025-12-28,29,1.0000048245581659,1.0000048245581659
16,METFORMINA 850MG,2026-01-11,0.0,0.03332840288630449,2025-12-28,2,-0.03332840288630449,0.03332840288630449
16,METFORMINA 850MG,2026-01-18,0.0,0.03332840288630449,2025-12-28,3,-0.03332840288630449,0.03332840288630449
16,METFORMINA 850MG,2026-01-25,0.0,0.03332840288630449,2025-12-28,4,-0.03332840288630449,0.03332840288630449
16,METFORMINA 850MG,2026-02-01,0.0,0.03332840288630449,2025-12-28,5,-0.03332840288630449,0.03332840288630449
16,METFORMINA 850MG,2026-02-08,0.0,0.03332840288630449,2025-12-28,6,-0.03332840288630449,0.03332840288630449
16,METFORMINA 850MG,2026-02-15,0.0,0.03332840288630449,2025-12-28,7,-0.03332840288630449,0.03332840288630449
16,METFORMINA 850MG,2026-02-22,0.0,0.03332840288630449,2025-12-28,8,-0.03332840288630449,0.03332840288630449
16,METFORMINA 850MG,2026-03-01,0.0,0.03332840288630449,2025-12-28,9,-0.03332840288630449,0.03332840288630449
16,METFORMINA 850MG,2026-03-08,0.0,0.03332840288630449,2025-12-28,10,-0.03332840288630449,0.03332840288630449
16,METFORMINA 850MG,2026-03-15,0.0,0.03332840288630449,2025-12-28,11,-0.03332840288630449,0.03332840288630449
16,METFORMINA 850MG,2026-03-22,0.0,0.03332840288630449,2025-12-28,12,-0.03332840288630449,0.03332840288630449
16,METFORMINA 850MG,2026-03-29,1.0,0.03332840288630449,2025-12-28,13,0.9666715971136955,0.9666715971136955
16,METFORMINA 850MG,2026-04-05,0.0,0.03332840288630449,2025-12-28,14,-0.03332840288630449,0.03332840288630449
16,METFORMINA 850MG,2026-04-12,0.0,0.03332840288630449,2025-12-28,15,-0.03332840288630449,0.03332840288630449
16,METFORMINA 850MG,2026-04-19,0.0,0.03332840288630449,2025-12-28,16,-0.03332840288630449,0.03332840288630449
16,METFORMINA 850MG,2026-04-26,2.0,0.03332840288630449,2025-12-28,17,1.9666715971136954,1.9666715971136954
16,METFORMINA 850MG,2026-05-03,0.0,0.03332840288630449,2025-12-28,18,-0.03332840288630449,0.03332840288630449
16,METFORMINA 850MG,2026-05-10,0.0,0.03332840288630449,2025-12-28,19,-0.03332840288630449,0.03332840288630449
16,METFORMINA 850MG,2026-05-17,0.0,0.03332840288630449,2025-12-28,20,-0.03332840288630449,0.03332840288630449
16,METFORMINA 850MG,2026-05-24,0.0,0.03332840288630449,2025-12-28,21,-0.03332840288630449,0.03332840288630449
16,METFORMINA 850MG,2026-05-31,0.0,0.03332840288630449,2025-12-28,22,-0.03332840288630449,0.03332840288630449
16,METFORMINA 850MG,2026-06-07,0.0,0.03332840288630449,2025-12-28,23,-0.03332840288630449,0.03332840288630449
16,METFORMINA 850MG,2026-06-14,0.0,0.03332840288630449,2025-12-28,24,-0.03332840288630449,0.03332840288630449
16,METFORMINA 850MG,2026-06-21,0.0,0.03332840288630449,2025-12-28,25,-0.03332840288630449,0.03332840288630449
16,METFORMINA 850MG,2026-06-28,1.0,0.03332840288630449,2025-12-28,26,0.9666715971136955,0.9666715971136955
16,METFORMINA 850MG,2026-07-05,0.0,0.03332840288630449,2025-12-28,27,-0.03332840288630449,0.03332840288630449
16,METFORMINA 850MG,2026-07-12,1.0,0.03332840288630449,2025-12-28,28,0.9666715971136955,0.9666715971136955
16,METFORMINA 850MG,2026-07-19,1.0,0.03332840288630449,2025-12-28,29,0.9666715971136955,0.9666715971136955
16,PARACETAMOL 500MG,2026-01-11,0.0,-4.824558165895675e-06,2025-12-28,2,4.824558165895675e-06,4.824558165895675e-06
16,PARACETAMOL 500MG,2026-01-18,0.0,-4.824558165895675e-06,2025-12-28,3,4.824558165895675e-06,4.824558165895675e-06
16,PARACETAMOL 500MG,2026-01-25,0.0,-4.824558165895675e-06,2025-12-28,4,4.824558165895675e-06,4.824558165895675e-06
16,PARACETAMOL 500MG,2026-02-01,0.0,-4.824558165895675e-06,2025-12-28,5,4.824558165895675e-06,4.824558165895675e-06
16,PARACETAMOL 500MG,2026-02-08,0.0,-4.824558165895675e-06,2025-12-28,6,4.824558165895675e-06,4.824558165895675e-06
16,PARACETAMOL 500MG,2026-02-15,0.0,-4.824558165895675e-06,2025-12-28,7,4.824558165895675e-06,4.824558165895675e-06
16,PARACETAMOL 500MG,2026-02-22,0.0,-4.824558165895675e-06,2025-12-28,8,4.824558165895675e-06,4.824558165895675e-06
16,PARACETAMOL 500MG,2026-03-01,0.0,-4.824558165895675e-06,2025-12-28,9,4.824558165895675e-06,4.824558165895675e-06
16,PARACETAMOL 500MG,2026-03-08,0.0,-4.824558165895675e-06,2025-12-28,10,4.824558165895675e-06,4.824558165895675e-06
16,PARACETAMOL 500MG,2026-03-15,0.0,-4.824558165895675e-06,2025-12-28,11,4.824558165895675e-06,4.824558165895675e-06
16,PARACETAMOL 500MG,2026-03-22,0.0,-4.824558165895675e-06,2025-12-28,12,4.824558165895675e-06,4.824558165895675e-06
16,PARACETAMOL 500MG,2026-03-29,0.0,-4.824558165895675e-06,2025-12-28,13,4.824558165895675e-06,4.824558165895675e-06
16,PARACETAMOL 500MG,2026-04-05,0.0,-4.824558165895675e-06,2025-12-28,14,4.824558165895675e-06,4.824558165895675e-06
16,PARACETAMOL 500MG,2026-04-12,0.0,-4.824558165895675e-06,2025-12-28,15,4.824558165895675e-06,4.824558165895675e-06
16,PARACETAMOL 500MG,2026-04-19,0.0,-4.824558165895675e-06,2025-12-28,16,4.824558165895675e-06,4.824558165895675e-06
16,PARACETAMOL 500MG,2026-04-26,0.0,-4.824558165895675e-06,2025-12-28,17,4.824558165895675e-06,4.824558165895675e-06
16,PARACETAMOL 500MG,2026-05-03,0.0,-4.824558165895675e-06,2025-12-28,18,4.824558165895675e-06,4.824558165895675e-06
16,PARACETAMOL 500MG,2026-05-10,0.0,-4.824558165895675e-06,2025-12-28,19,4.824558165895675e-06,4.824558165895675e-06
16,PARACETAMOL 500MG,2026-05-17,0.0,-4.824558165895675e-06,2025-12-28,20,4.824558165895675e-06,4.824558165895675e-06
16,PARACETAMOL 500MG,2026-05-24,0.0,-4.824558165895675e-06,2025-12-28,21,4.824558165895675e-06,4.824558165895675e-06
16,PARACETAMOL 500MG,2026-05-31,0.0,-4.824558165895675e-06,2025-12-28,22,4.824558165895675e-06,4.824558165895675e-06
16,PARACETAMOL 500MG,2026-06-07,0.0,-4.824558165895675e-06,2025-12-28,23,4.824558165895675e-06,4.824558165895675e-06
16,PARACETAMOL 500MG,2026-06-14,0.0,-4.824558165895675e-06,2025-12-28,24,4.824558165895675e-06,4.824558165895675e-06
16,PARACETAMOL 500MG,2026-06-21,0.0,-4.824558165895675e-06,2025-12-28,25,4.824558165895675e-06,4.824558165895675e-06
16,PARACETAMOL 500MG,2026-06-28,0.0,-4.824558165895675e-06,2025-12-28,26,4.824558165895675e-06,4.824558165895675e-06
16,PARACETAMOL 500MG,2026-07-05,0.0,-4.824558165895675e-06,2025-12-28,27,4.824558165895675e-06,4.824558165895675e-06
16,PARACETAMOL 500MG,2026-07-12,0.0,-4.824558165895675e-06,2025-12-28,28,4.824558165895675e-06,4.824558165895675e-06
16,PARACETAMOL 500MG,2026-07-19,0.0,-4.824558165895675e-06,2025-12-28,29,4.824558165895675e-06,4.824558165895675e-06
16,VITAMINA C+ZINC+D3,2026-01-11,0.0,0.48057790608484996,2025-12-28,2,-0.48057790608484996,0.48057790608484996
16,VITAMINA C+ZINC+D3,2026-01-18,5.0,0.540561793342982,2025-12-28,3,4.459438206657018,4.459438206657018
16,VITAMINA C+ZINC+D3,2026-01-25,1.0,0.594482382328687,2025-12-28,4,0.405517617671313,0.405517617671313
16,VITAMINA C+ZINC+D3,2026-02-01,1.0,0.6429525640635522,2025-12-28,5,0.35704743593644783,0.35704743593644783
16,VITAMINA C+ZINC+D3,2026-02-08,1.0,0.686523277247596,2025-12-28,6,0.313476722752404,0.313476722752404
16,VITAMINA C+ZINC+D3,2026-02-15,1.0,0.7256897705310461,2025-12-28,7,0.2743102294689539,0.2743102294689539
16,VITAMINA C+ZINC+D3,2026-02-22,1.0,0.7608972317824336,2025-12-28,8,0.23910276821756637,0.23910276821756637
16,VITAMINA C+ZINC+D3,2026-03-01,0.0,0.7925458483383545,2025-12-28,9,-0.7925458483383545,0.7925458483383545
16,VITAMINA C+ZINC+D3,2026-03-08,1.0,0.8209953557524747,2025-12-28,10,0.17900464424752527,0.17900464424752527
16,VITAMINA C+ZINC+D3,2026-03-15,0.0,0.846569126747361,2025-12-28,11,-0.846569126747361,0.846569126747361
16,VITAMINA C+ZINC+D3,2026-03-22,0.0,0.8695578468464049,2025-12-28,12,-0.8695578468464049,0.8695578468464049
16,VITAMINA C+ZINC+D3,2026-03-29,1.0,0.8902228184650942,2025-12-28,13,0.10977718153490579,0.10977718153490579
16,VITAMINA C+ZINC+D3,2026-04-05,1.0,0.9087989310177454,2025-12-28,14,0.09120106898225455,0.09120106898225455
16,VITAMINA C+ZINC+D3,2026-04-12,0.0,0.925497330799562,2025-12-28,15,-0.925497330799562,0.925497330799562
16,VITAMINA C+ZINC+D3,2026-04-19,1.0,0.9405078209913635,2025-12-28,16,0.05949217900863646,0.05949217900863646
16,VITAMINA C+ZINC+D3,2026-04-26,1.0,0.9540010190667576,2025-12-28,17,0.045998980933242395,0.045998980933242395
16,VITAMINA C+ZINC+D3,2026-05-03,0.0,0.9661302961240292,2025-12-28,18,-0.9661302961240292,0.9661302961240292
16,VITAMINA C+ZINC+D3,2026-05-10,0.0,0.977033520186258,2025-12-28,19,-0.977033520186258,0.977033520186258
16,VITAMINA C+ZINC+D3,2026-05-17,2.0,0.9868346232849703,2025-12-28,20,1.0131653767150297,1.0131653767150297
16,VITAMINA C+ZINC+D3,2026-05-24,0.0,0.9956450101396592,2025-12-28,21,-0.9956450101396592,0.9956450101396592
16,VITAMINA C+ZINC+D3,2026-05-31,1.0,1.003564824444997,2025-12-28,22,-0.003564824444997061,0.003564824444997061
16,VITAMINA C+ZINC+D3,2026-06-07,0.0,1.0106840871590579,2025-12-28,23,-1.0106840871590579,1.0106840871590579
16,VITAMINA C+ZINC+D3,2026-06-14,0.0,1.0170837197309543,2025-12-28,24,-1.0170837197309543,1.0170837197309543
16,VITAMINA C+ZINC+D3,2026-06-21,0.0,1.022836463898464,2025-12-28,25,-1.022836463898464,1.022836463898464
16,VITAMINA C+ZINC+D3,2026-06-28,2.0,1.0280077085105601,2025-12-28,26,0.9719922914894399,0.9719922914894399
16,VITAMINA C+ZINC+D3,2026-07-05,0.0,1.0326562327729747,2025-12-28,27,-1.0326562327729747,1.0326562327729747
16,VITAMINA C+ZINC+D3,2026-07-12,1.0,1.0368348743649258,2025-12-28,28,-0.03683487436492583,0.03683487436492583
16,VITAMINA C+ZINC+D3,2026-07-19,1.0,1.0405911300211916,2025-12-28,29,-0.040591130021191635,0.040591130021191635
16,VITAMINA C+ZINC+D3,2026-07-26,3.0,1.043967695406078,2025-12-28,30,1.956032304593922,1.956032304593922
